ts	unit	ready	probes_done	cg_current	cg_peak	cg_anon	cg_file	cg_unevict	cg_shmem	pid	vm_rss	rss_anon	rss_file	rss_shmem	memavail
2026-09-24T20:17:21+04:00	ck4m-mirror-1m	0	0	1219850240	1220136960	1209618432	12288	0	12288	1458113	711966720	431079424	280887296	0	30061428736
2026-09-24T20:17:31+04:00	ck4m-mirror-1m	0	0	13782249472	13782712320	12232224768	1510428672	0	1494622208	1458690	13055016960	11158011904	402522112	1494482944	17257889792
2026-09-24T20:17:41+04:00	ck4m-mirror-1m	0	0	13868564480	13874823168	12318281728	1510445056	0	1494622208	1458690	13144698880	11244154880	406061056	1494482944	17328893952
2026-09-24T20:17:53+04:00	ck4m-mirror-1m	0	0	13102804992	14511849472	12959690752	107646976	0	91627520	1458690	12491829248	11885490176	514850816	91488256	19021697024
2026-09-24T20:18:03+04:00	ck4m-mirror-1m	0	0	13266804736	14511849472	13123215360	107646976	0	91627520	1458690	12660604928	12049022976	520093696	91488256	18865139712
2026-09-24T20:18:13+04:00	ck4m-mirror-1m	1	0	13612646400	14511849472	13468184576	107646976	0	91627520	1458690	13011980288	12393975808	526516224	91488256	18246606848
2026-09-24T20:18:26+04:00	ck4m-mirror-1m	1	0	13855948800	14511849472	13709733888	107651072	0	91627520	1458690	13014994944	12393975808	529530880	91488256	17831137280
2026-09-24T20:18:36+04:00	ck4m-mirror-1m	1	0	13855948800	14511849472	13709733888	107651072	0	91627520	1458690	13014994944	12393975808	529530880	91488256	17734750208
2026-09-24T20:18:46+04:00	ck4m-mirror-1m	1	1	14378471424	14546620416	14229671936	107655168	0	91627520	1458690	13018927104	12397907968	529530880	91488256	17125982208
2026-09-24T20:18:56+04:00	ck4m-mirror-1m	1	1	14378463232	14546620416	14229671936	107655168	0	91627520	1458690	13018927104	12397907968	529530880	91488256	16124551168
2026-09-24T20:19:08+04:00	ck4m-mirror-1m	1	1	14378450944	14546620416	14229671936	107655168	0	91627520	1458690	13018927104	12397907968	529530880	91488256	14947155968
2026-09-24T20:19:18+04:00	ck4m-mirror-1m	1	1	14378442752	14546620416	14229671936	107655168	0	91627520	1458690	13018927104	12397907968	529530880	91488256	16725184512
2026-09-24T20:19:28+04:00	ck4m-mirror-1m	1	1	14378430464	14546620416	14229671936	107655168	0	91627520	1458690	13018927104	12397907968	529530880	91488256	17494540288
2026-09-24T20:19:40+04:00	ck4m-mirror-1m	1	1	14378426368	14546620416	14229671936	107655168	0	91627520	1458690	13018927104	12397907968	529530880	91488256	17561006080
2026-09-24T20:19:50+04:00	ck4m-mirror-1m	1	1	14378217472	14546620416	14229671936	107655168	0	91627520	1458690	13018927104	12397907968	529530880	91488256	16102256640
2026-09-24T20:20:00+04:00	ck4m-mirror-1m	1	1	14378467328	14546620416	14229671936	107655168	0	91627520	1458690	13018927104	12397907968	529530880	91488256	14794100736
2026-09-24T20:20:12+04:00	ck4m-mirror-1m	1	1	14378217472	14546620416	14229671936	107655168	0	91627520	1458690	13018927104	12397907968	529530880	91488256	17652465664
2026-09-24T20:20:22+04:00	ck4m-mirror-1m	1	1	14378475520	14546620416	14229671936	107655168	0	91627520	1458690	13018927104	12397907968	529530880	91488256	17622855680
2026-09-24T20:20:32+04:00	ck4m-mirror-1m	1	1	14378221568	14546620416	14229676032	107655168	0	91627520	1458690	13018927104	12397907968	529530880	91488256	17606049792
2026-09-24T20:20:44+04:00	ck4m-mirror-1m	1	1	14378221568	14546620416	14229676032	107655168	0	91627520	1458690	13018927104	12397907968	529530880	91488256	17618391040
2026-09-24T20:20:54+04:00	ck4m-mirror-1m	1	1	14378221568	14546620416	14229676032	107655168	0	91627520	1458690	13018927104	12397907968	529530880	91488256	17531670528
2026-09-24T20:21:04+04:00	ck4m-mirror-1m	1	1	14378221568	14546620416	14229676032	107655168	0	91627520	1458690	13018927104	12397907968	529530880	91488256	17559834624
2026-09-24T20:21:16+04:00	ck4m-mirror-1m	1	1	14378217472	14546620416	14229676032	107655168	0	91627520	1458690	13018927104	12397907968	529530880	91488256	17567256576
2026-09-24T20:21:26+04:00	ck4m-mirror-1m	1	1	14378213376	14546620416	14229676032	107655168	0	91627520	1458690	13018927104	12397907968	529530880	91488256	17358548992
2026-09-24T20:21:37+04:00	ck4m-mirror-1m	1	1	14378213376	14546620416	14229676032	107655168	0	91627520	1458690	13018927104	12397907968	529530880	91488256	17076715520
2026-09-24T20:21:47+04:00	ck4m-mirror-1m	1	1	14378475520	14546620416	14229676032	107655168	0	91627520	1458690	13018927104	12397907968	529530880	91488256	16975794176
2026-09-24T20:21:59+04:00	ck4m-mirror-1m	1	1	14378213376	14546620416	14229676032	107655168	0	91627520	1458690	13018927104	12397907968	529530880	91488256	17538420736
2026-09-24T20:22:09+04:00	ck4m-mirror-1m	1	1	14378213376	14546620416	14229676032	107655168	0	91627520	1458690	13018927104	12397907968	529530880	91488256	17484001280
2026-09-24T20:22:19+04:00	ck4m-mirror-1m	1	1	14378217472	14546620416	14229676032	107655168	0	91627520	1458690	13018927104	12397907968	529530880	91488256	17497636864
2026-09-24T20:22:31+04:00	ck4m-mirror-1m	1	1	14378221568	14546620416	14229676032	107655168	0	91627520	1458690	13018927104	12397907968	529530880	91488256	16410304512
2026-09-24T20:22:41+04:00	ck4m-mirror-1m	1	1	14378213376	14546620416	14229676032	107655168	0	91627520	1458690	13018927104	12397907968	529530880	91488256	15839408128
2026-09-24T20:22:51+04:00	ck4m-mirror-1m	1	1	14378213376	14546620416	14229676032	107655168	0	91627520	1458690	13018927104	12397907968	529530880	91488256	15816077312
2026-09-24T20:23:04+04:00	ck4m-mirror-1m	1	1	14378475520	14546620416	14229676032	107655168	0	91627520	1458690	13018927104	12397907968	529530880	91488256	16285716480
2026-09-24T20:23:14+04:00	ck4m-mirror-1m	1	1	14378213376	14546620416	14229676032	107655168	0	91627520	1458690	13018927104	12397907968	529530880	91488256	16733126656
2026-09-24T20:23:24+04:00	ck4m-mirror-1m	1	1	14378475520	14546620416	14229676032	107655168	0	91627520	1458690	13018927104	12397907968	529530880	91488256	16261345280
2026-09-24T20:23:36+04:00	ck4m-mirror-1m	1	1	14378475520	14546620416	14229676032	107655168	0	91627520	1458690	13018927104	12397907968	529530880	91488256	16572424192
2026-09-24T20:23:46+04:00	ck4m-mirror-1m	1	1	14378467328	14546620416	14229676032	107655168	0	91627520	1458690	13018927104	12397907968	529530880	91488256	16359669760
2026-09-24T20:23:56+04:00	ck4m-mirror-1m	1	1	14378467328	14546620416	14229676032	107655168	0	91627520	1458690	13018927104	12397907968	529530880	91488256	16659427328
2026-09-24T20:24:09+04:00	ck4m-mirror-1m	1	1	14378467328	14546620416	14229676032	107655168	0	91627520	1458690	13018927104	12397907968	529530880	91488256	16816074752
2026-09-24T20:24:19+04:00	ck4m-mirror-1m	1	1	14378463232	14546620416	14229676032	107655168	0	91627520	1458690	13018927104	12397907968	529530880	91488256	16846475264
2026-09-24T20:24:29+04:00	ck4m-mirror-1m	1	1	14378463232	14546620416	14229676032	107655168	0	91627520	1458690	13018927104	12397907968	529530880	91488256	17690021888
2026-09-24T20:24:39+04:00	ck4m-mirror-1m	1	1	14378463232	14546620416	14229676032	107655168	0	91627520	1458690	13018927104	12397907968	529530880	91488256	17445822464
2026-09-24T20:24:51+04:00	ck4m-mirror-1m	1	1	14378717184	14546620416	14229676032	107655168	0	91627520	1458690	13018927104	12397907968	529530880	91488256	17321541632
2026-09-24T20:25:01+04:00	ck4m-mirror-1m	1	1	14378455040	14546620416	14229676032	107655168	0	91627520	1458690	13018927104	12397907968	529530880	91488256	17205706752
2026-09-24T20:25:11+04:00	ck4m-mirror-1m	1	1	14378455040	14546620416	14229676032	107655168	0	91627520	1458690	13018927104	12397907968	529530880	91488256	17471021056
2026-09-24T20:25:24+04:00	ck4m-mirror-1m	1	1	14378450944	14546620416	14229676032	107655168	0	91627520	1458690	13018927104	12397907968	529530880	91488256	17485225984
2026-09-24T20:25:34+04:00	ck4m-mirror-1m	1	1	14378450944	14546620416	14229676032	107655168	0	91627520	1458690	13018927104	12397907968	529530880	91488256	17330352128
2026-09-24T20:25:44+04:00	ck4m-mirror-1m	1	1	14378446848	14546620416	14229676032	107655168	0	91627520	1458690	13018927104	12397907968	529530880	91488256	17065066496
2026-09-24T20:25:56+04:00	ck4m-mirror-1m	1	1	14378442752	14546620416	14229676032	107655168	0	91627520	1458690	13018927104	12397907968	529530880	91488256	16830767104
2026-09-24T20:26:06+04:00	ck4m-mirror-1m	1	1	14378442752	14546620416	14229676032	107655168	0	91627520	1458690	13018927104	12397907968	529530880	91488256	16592576512
2026-09-24T20:26:16+04:00	ck4m-mirror-1m	1	1	14378442752	14546620416	14229676032	107655168	0	91627520	1458690	13018927104	12397907968	529530880	91488256	16893435904
2026-09-24T20:26:28+04:00	ck4m-mirror-1m	1	1	14378442752	14546620416	14229676032	107655168	0	91627520	1458690	13018927104	12397907968	529530880	91488256	16908980224
2026-09-24T20:26:39+04:00	ck4m-mirror-1m	1	1	14378438656	14546620416	14229676032	107655168	0	91627520	1458690	13018927104	12397907968	529530880	91488256	16831516672
2026-09-24T20:26:49+04:00	ck4m-mirror-1m	1	1	14378438656	14546620416	14229676032	107655168	0	91627520	1458690	13018927104	12397907968	529530880	91488256	17346957312
2026-09-24T20:27:01+04:00	ck4m-mirror-1m	1	1	14378438656	14546620416	14229676032	107655168	0	91627520	1458690	13018927104	12397907968	529530880	91488256	17166540800
2026-09-24T20:27:11+04:00	ck4m-mirror-1m	1	1	14378422272	14546620416	14229676032	107655168	0	91627520	1458690	13018927104	12397907968	529530880	91488256	16931557376
2026-09-24T20:27:21+04:00	ck4m-mirror-1m	1	1	14378430464	14546620416	14229676032	107655168	0	91627520	1458690	13018927104	12397907968	529530880	91488256	17327083520
2026-09-24T20:27:31+04:00	ck4m-mirror-1m	1	1	14378426368	14546620416	14229676032	107655168	0	91627520	1458690	13018927104	12397907968	529530880	91488256	17156096000
2026-09-24T20:27:43+04:00	ck4m-mirror-1m	1	1	14378426368	14546620416	14229676032	107655168	0	91627520	1458690	13018927104	12397907968	529530880	91488256	17101549568
2026-09-24T20:27:54+04:00	ck4m-mirror-1m	1	1	14378426368	14546620416	14229676032	107655168	0	91627520	1458690	13018927104	12397907968	529530880	91488256	17217339392
2026-09-24T20:28:04+04:00	ck4m-mirror-1m	1	1	14378422272	14546620416	14229676032	107655168	0	91627520	1458690	13018927104	12397907968	529530880	91488256	16939339776
2026-09-24T20:28:16+04:00	ck4m-mirror-1m	1	1	14378422272	14546620416	14229676032	107655168	0	91627520	1458690	13018927104	12397907968	529530880	91488256	17306783744
2026-09-24T20:28:26+04:00	ck4m-mirror-1m	1	1	14378422272	14546620416	14229676032	107655168	0	91627520	1458690	13018927104	12397907968	529530880	91488256	17132937216
2026-09-24T20:28:36+04:00	ck4m-mirror-1m	1	1	14378414080	14546620416	14229676032	107655168	0	91627520	1458690	13018927104	12397907968	529530880	91488256	17322385408
2026-09-24T20:28:49+04:00	ck4m-mirror-1m	1	1	14378418176	14546620416	14229680128	107655168	0	91627520	1458690	13018927104	12397907968	529530880	91488256	17205547008
2026-09-24T20:28:59+04:00	ck4m-mirror-1m	1	1	14378418176	14546620416	14229680128	107655168	0	91627520	1458690	13018927104	12397907968	529530880	91488256	16864006144
2026-09-24T20:29:09+04:00	ck4m-mirror-1m	1	1	14378414080	14546620416	14229680128	107655168	0	91627520	1458690	13018927104	12397907968	529530880	91488256	16468680704
2026-09-24T20:29:21+04:00	ck4m-mirror-1m	1	1	14378414080	14546620416	14229680128	107655168	0	91627520	1458690	13018927104	12397907968	529530880	91488256	15397662720
2026-09-24T20:29:31+04:00	ck4m-mirror-1m	1	1	14378414080	14546620416	14229680128	107655168	0	91627520	1458690	13018927104	12397907968	529530880	91488256	17208471552
2026-09-24T20:29:41+04:00	ck4m-mirror-1m	1	1	14378409984	14546620416	14229680128	107655168	0	91627520	1458690	13018927104	12397907968	529530880	91488256	17147449344
2026-09-24T20:29:53+04:00	ck4m-mirror-1m	1	1	14378225664	14546620416	14229680128	107655168	0	91627520	1458690	13018927104	12397907968	529530880	91488256	15018246144
2026-09-24T20:30:03+04:00	ck4m-mirror-1m	1	1	14378479616	14546620416	14229680128	107655168	0	91627520	1458690	13018927104	12397907968	529530880	91488256	14884339712
2026-09-24T20:30:14+04:00	ck4m-mirror-1m	1	1	14378225664	14546620416	14229680128	107655168	0	91627520	1458690	13018927104	12397907968	529530880	91488256	16933720064
2026-09-24T20:30:24+04:00	ck4m-mirror-1m	1	1	14378225664	14546620416	14229680128	107655168	0	91627520	1458690	13018927104	12397907968	529530880	91488256	16919986176
2026-09-24T20:30:36+04:00	ck4m-mirror-1m	1	1	14378225664	14546620416	14229680128	107655168	0	91627520	1458690	13018927104	12397907968	529530880	91488256	16944660480
2026-09-24T20:30:46+04:00	ck4m-mirror-1m	1	1	14378479616	14546620416	14229680128	107655168	0	91627520	1458690	13018927104	12397907968	529530880	91488256	16862896128
2026-09-24T20:30:56+04:00	ck4m-mirror-1m	1	1	14378483712	14546620416	14229680128	107655168	0	91627520	1458690	13018927104	12397907968	529530880	91488256	17041936384
2026-09-24T20:31:08+04:00	ck4m-mirror-1m	1	1	14378483712	14546620416	14229680128	107655168	0	91627520	1458690	13018927104	12397907968	529530880	91488256	17330401280
2026-09-24T20:31:18+04:00	ck4m-mirror-1m	1	1	14378479616	14546620416	14229680128	107655168	0	91627520	1458690	13018927104	12397907968	529530880	91488256	17205616640
2026-09-24T20:31:28+04:00	ck4m-mirror-1m	1	1	14378479616	14546620416	14229680128	107655168	0	91627520	1458690	13018927104	12397907968	529530880	91488256	15986618368
2026-09-24T20:31:41+04:00	ck4m-mirror-1m	1	1	14378479616	14546620416	14229680128	107655168	0	91627520	1458690	13018927104	12397907968	529530880	91488256	14198546432
2026-09-24T20:31:51+04:00	ck4m-mirror-1m	1	1	14378225664	14546620416	14229680128	107655168	0	91627520	1458690	13018927104	12397907968	529530880	91488256	16056766464
2026-09-24T20:32:01+04:00	ck4m-mirror-1m	1	3	14607187968	14609547264	14450663424	119861248	0	91627520	1458690	13021523968	12399587328	530448384	91488256	15216250880
2026-09-24T20:32:13+04:00	ck4m-mirror-1m	1	3	14549094400	14673367040	14387089408	119861248	0	91627520	1458690	13021523968	12399587328	530448384	91488256	14115295232
2026-09-24T20:32:23+04:00	ck4m-mirror-1m	1	3	14548840448	14673367040	14387089408	119861248	0	91627520	1458690	13021523968	12399587328	530448384	91488256	16658116608
2026-09-24T20:32:33+04:00	ck4m-mirror-1m	1	3	14548836352	14673367040	14387089408	119861248	0	91627520	1458690	13021523968	12399587328	530448384	91488256	16162664448
2026-09-24T20:32:43+04:00	ck4m-mirror-1m	1	3	14549098496	14673367040	14387089408	119861248	0	91627520	1458690	13021523968	12399587328	530448384	91488256	16994140160
2026-09-24T20:32:55+04:00	ck4m-mirror-1m	1	3	14548840448	14673367040	14387089408	119861248	0	91627520	1458690	13021523968	12399587328	530448384	91488256	16706052096
2026-09-24T20:33:05+04:00	ck4m-mirror-1m	1	3	14548840448	14673367040	14387089408	119861248	0	91627520	1458690	13021523968	12399587328	530448384	91488256	17054736384
2026-09-24T20:33:15+04:00	ck4m-mirror-1m	1	3	14549098496	14673367040	14387089408	119861248	0	91627520	1458690	13021523968	12399587328	530448384	91488256	16922775552
2026-09-24T20:33:28+04:00	ck4m-mirror-1m	1	3	14548840448	14673367040	14387089408	119861248	0	91627520	1458690	13021523968	12399587328	530448384	91488256	16731070464
2026-09-24T20:33:38+04:00	ck4m-mirror-1m	1	3	14548840448	14673367040	14387089408	119861248	0	91627520	1458690	13021523968	12399587328	530448384	91488256	16708288512
2026-09-24T20:33:48+04:00	ck4m-mirror-1m	1	3	14548844544	14673367040	14387089408	119861248	0	91627520	1458690	13021523968	12399587328	530448384	91488256	16704724992
2026-09-24T20:34:00+04:00	ck4m-mirror-1m	1	3	14548844544	14673367040	14387089408	119861248	0	91627520	1458690	13021523968	12399587328	530448384	91488256	16274984960
2026-09-24T20:34:10+04:00	ck4m-mirror-1m	1	3	14548844544	14673367040	14387089408	119861248	0	91627520	1458690	13021523968	12399587328	530448384	91488256	16981184512
2026-09-24T20:34:20+04:00	ck4m-mirror-1m	1	3	14549098496	14673367040	14387089408	119861248	0	91627520	1458690	13021523968	12399587328	530448384	91488256	16894738432
2026-09-24T20:34:33+04:00	ck4m-mirror-1m	1	3	14548836352	14673367040	14387089408	119861248	0	91627520	1458690	13021523968	12399587328	530448384	91488256	16779636736
2026-09-24T20:34:43+04:00	ck4m-mirror-1m	1	3	14549098496	14673367040	14387089408	119861248	0	91627520	1458690	13021523968	12399587328	530448384	91488256	16605863936
2026-09-24T20:34:53+04:00	ck4m-mirror-1m	1	3	14549098496	14673367040	14387089408	119861248	0	91627520	1458690	13021523968	12399587328	530448384	91488256	17051308032
2026-09-24T20:35:05+04:00	ck4m-mirror-1m	1	3	14548844544	14673367040	14387089408	119861248	0	91627520	1458690	13021523968	12399587328	530448384	91488256	16920829952
2026-09-24T20:35:15+04:00	ck4m-mirror-1m	1	3	14549098496	14673367040	14387089408	119861248	0	91627520	1458690	13021523968	12399587328	530448384	91488256	16917594112
2026-09-24T20:35:25+04:00	ck4m-mirror-1m	1	3	14549098496	14673367040	14387089408	119861248	0	91627520	1458690	13021523968	12399587328	530448384	91488256	17250598912
2026-09-24T20:35:36+04:00	ck4m-mirror-1m	1	3	14549094400	14673367040	14387089408	119861248	0	91627520	1458690	13021523968	12399587328	530448384	91488256	17063219200
2026-09-24T20:35:48+04:00	ck4m-mirror-1m	1	3	14549090304	14673367040	14387089408	119861248	0	91627520	1458690	13021523968	12399587328	530448384	91488256	17352011776
2026-09-24T20:35:58+04:00	ck4m-mirror-1m	1	3	14549090304	14673367040	14387089408	119861248	0	91627520	1458690	13021523968	12399587328	530448384	91488256	17046708224
2026-09-24T20:36:08+04:00	ck4m-mirror-1m	1	3	14548840448	14673367040	14387089408	119861248	0	91627520	1458690	13021523968	12399587328	530448384	91488256	17241276416
2026-09-24T20:36:20+04:00	ck4m-mirror-1m	1	3	14548844544	14673367040	14387089408	119861248	0	91627520	1458690	13021523968	12399587328	530448384	91488256	17040146432
2026-09-24T20:36:31+04:00	ck4m-mirror-1m	1	3	14548840448	14673367040	14387089408	119861248	0	91627520	1458690	13021523968	12399587328	530448384	91488256	16899321856
2026-09-24T20:36:41+04:00	ck4m-mirror-1m	1	3	14548844544	14673367040	14387089408	119861248	0	91627520	1458690	13021523968	12399587328	530448384	91488256	16847355904
2026-09-24T20:36:53+04:00	ck4m-mirror-1m	1	3	14548840448	14673367040	14387089408	119861248	0	91627520	1458690	13021523968	12399587328	530448384	91488256	17001807872
2026-09-24T20:37:03+04:00	ck4m-mirror-1m	1	3	14548844544	14673367040	14387089408	119861248	0	91627520	1458690	13021523968	12399587328	530448384	91488256	16841191424
2026-09-24T20:37:13+04:00	ck4m-mirror-1m	1	3	14548844544	14673367040	14387089408	119861248	0	91627520	1458690	13021523968	12399587328	530448384	91488256	16659021824
2026-09-24T20:37:26+04:00	ck4m-mirror-1m	1	3	14548840448	14673367040	14387089408	119861248	0	91627520	1458690	13021523968	12399587328	530448384	91488256	17159385088
2026-09-24T20:37:36+04:00	ck4m-mirror-1m	1	3	14548844544	14673367040	14387089408	119861248	0	91627520	1458690	13021523968	12399587328	530448384	91488256	17058668544
2026-09-24T20:37:46+04:00	ck4m-mirror-1m	1	3	14548840448	14673367040	14387089408	119861248	0	91627520	1458690	13021523968	12399587328	530448384	91488256	17194237952
2026-09-24T20:37:58+04:00	ck4m-mirror-1m	1	3	14548844544	14673367040	14387089408	119861248	0	91627520	1458690	13021523968	12399587328	530448384	91488256	16977551360
2026-09-24T20:38:08+04:00	ck4m-mirror-1m	1	3	14548836352	14673367040	14387089408	119861248	0	91627520	1458690	13021523968	12399587328	530448384	91488256	16692043776
2026-09-24T20:38:18+04:00	ck4m-mirror-1m	1	3	14548844544	14673367040	14387089408	119861248	0	91627520	1458690	13021523968	12399587328	530448384	91488256	16531423232
2026-09-24T20:38:28+04:00	ck4m-mirror-1m	1	3	14548840448	14673367040	14387089408	119861248	0	91627520	1458690	13021523968	12399587328	530448384	91488256	17238663168
2026-09-24T20:38:41+04:00	ck4m-mirror-1m	1	3	14548844544	14673367040	14387089408	119861248	0	91627520	1458690	13021523968	12399587328	530448384	91488256	17189797888
2026-09-24T20:38:51+04:00	ck4m-mirror-1m	1	3	14548844544	14673367040	14387089408	119861248	0	91627520	1458690	13021523968	12399587328	530448384	91488256	17014255616
2026-09-24T20:39:01+04:00	ck4m-mirror-1m	1	3	14548844544	14673367040	14387089408	119861248	0	91627520	1458690	13021523968	12399587328	530448384	91488256	17417519104
2026-09-24T20:39:13+04:00	ck4m-mirror-1m	1	3	14548840448	14673367040	14387089408	119861248	0	91627520	1458690	13021523968	12399587328	530448384	91488256	17015545856
2026-09-24T20:39:23+04:00	ck4m-mirror-1m	1	3	14548840448	14673367040	14387089408	119861248	0	91627520	1458690	13021523968	12399587328	530448384	91488256	17176244224
2026-09-24T20:39:33+04:00	ck4m-mirror-1m	1	3	14548844544	14673367040	14387089408	119861248	0	91627520	1458690	13021523968	12399587328	530448384	91488256	16863539200
2026-09-24T20:39:46+04:00	ck4m-mirror-1m	1	3	14548840448	14673367040	14387089408	119861248	0	91627520	1458690	13021523968	12399587328	530448384	91488256	16636059648
2026-09-24T20:39:56+04:00	ck4m-mirror-1m	1	3	14548844544	14673367040	14387089408	119861248	0	91627520	1458690	13021523968	12399587328	530448384	91488256	16396529664
2026-09-24T20:40:06+04:00	ck4m-mirror-1m	1	3	14548840448	14673367040	14387089408	119861248	0	91627520	1458690	13021523968	12399587328	530448384	91488256	15186714624
2026-09-24T20:40:18+04:00	ck4m-mirror-1m	1	3	14548844544	14673367040	14387089408	119861248	0	91627520	1458690	13021523968	12399587328	530448384	91488256	16673738752
2026-09-24T20:40:28+04:00	ck4m-mirror-1m	1	3	14549098496	14673367040	14387089408	119861248	0	91627520	1458690	13021523968	12399587328	530448384	91488256	17155297280
2026-09-24T20:40:38+04:00	ck4m-mirror-1m	1	3	14548840448	14673367040	14387089408	119861248	0	91627520	1458690	13021523968	12399587328	530448384	91488256	16864796672
2026-09-24T20:40:51+04:00	ck4m-mirror-1m	1	3	14548844544	14673367040	14387089408	119861248	0	91627520	1458690	13021523968	12399587328	530448384	91488256	16953511936
2026-09-24T20:41:01+04:00	ck4m-mirror-1m	1	3	14548844544	14673367040	14387089408	119861248	0	91627520	1458690	13021523968	12399587328	530448384	91488256	15501029376
2026-09-24T20:41:11+04:00	ck4m-mirror-1m	1	3	14548844544	14673367040	14387089408	119861248	0	91627520	1458690	13021523968	12399587328	530448384	91488256	15327993856
2026-09-24T20:41:21+04:00	ck4m-mirror-1m	1	3	14548844544	14673367040	14387089408	119861248	0	91627520	1458690	13021523968	12399587328	530448384	91488256	16815120384
2026-09-24T20:41:34+04:00	ck4m-mirror-1m	1	3	14548844544	14673367040	14387089408	119861248	0	91627520	1458690	13021523968	12399587328	530448384	91488256	17088172032
2026-09-24T20:41:44+04:00	ck4m-mirror-1m	1	3	14548840448	14673367040	14387089408	119861248	0	91627520	1458690	13021523968	12399587328	530448384	91488256	16857595904
2026-09-24T20:41:54+04:00	ck4m-mirror-1m	1	3	14548836352	14673367040	14387089408	119861248	0	91627520	1458690	13021523968	12399587328	530448384	91488256	16738988032
2026-09-24T20:42:06+04:00	ck4m-mirror-1m	1	3	14548836352	14673367040	14387089408	119861248	0	91627520	1458690	13021523968	12399587328	530448384	91488256	16641777664
2026-09-24T20:42:16+04:00	ck4m-mirror-1m	1	3	14548840448	14673367040	14387089408	119861248	0	91627520	1458690	13021523968	12399587328	530448384	91488256	17103360000
2026-09-24T20:42:26+04:00	ck4m-mirror-1m	1	3	14548836352	14673367040	14387089408	119861248	0	91627520	1458690	13021523968	12399587328	530448384	91488256	16807116800
2026-09-24T20:42:39+04:00	ck4m-mirror-1m	1	3	14548840448	14673367040	14387089408	119861248	0	91627520	1458690	13021523968	12399587328	530448384	91488256	17205248000
2026-09-24T20:42:49+04:00	ck4m-mirror-1m	1	3	14548840448	14673367040	14387089408	119861248	0	91627520	1458690	13021523968	12399587328	530448384	91488256	17096929280
2026-09-24T20:42:59+04:00	ck4m-mirror-1m	1	3	14548836352	14673367040	14387089408	119861248	0	91627520	1458690	13021523968	12399587328	530448384	91488256	17163460608
2026-09-24T20:43:11+04:00	ck4m-mirror-1m	1	3	14548836352	14673367040	14387089408	119861248	0	91627520	1458690	13021523968	12399587328	530448384	91488256	16947699712
2026-09-24T20:43:21+04:00	ck4m-mirror-1m	1	3	14548836352	14673367040	14387089408	119861248	0	91627520	1458690	13021523968	12399587328	530448384	91488256	17004879872
2026-09-24T20:43:32+04:00	ck4m-mirror-1m	1	3	14548840448	14673367040	14387089408	119861248	0	91627520	1458690	13021523968	12399587328	530448384	91488256	16982478848
2026-09-24T20:43:44+04:00	ck4m-mirror-1m	1	3	14548840448	14673367040	14387089408	119861248	0	91627520	1458690	13021523968	12399587328	530448384	91488256	16841322496
2026-09-24T20:43:54+04:00	ck4m-mirror-1m	1	3	14548840448	14673367040	14387089408	119861248	0	91627520	1458690	13021523968	12399587328	530448384	91488256	16923525120
2026-09-24T20:44:04+04:00	ck4m-mirror-1m	1	3	14548840448	14673367040	14387089408	119861248	0	91627520	1458690	13021523968	12399587328	530448384	91488256	17142030336
2026-09-24T20:44:14+04:00	ck4m-mirror-1m	1	3	14548840448	14673367040	14387089408	119861248	0	91627520	1458690	13021523968	12399587328	530448384	91488256	17037008896
2026-09-24T20:44:27+04:00	ck4m-mirror-1m	1	3	14548836352	14673367040	14387089408	119861248	0	91627520	1458690	13021523968	12399587328	530448384	91488256	17096273920
2026-09-24T20:44:37+04:00	ck4m-mirror-1m	1	3	14548840448	14673367040	14387089408	119861248	0	91627520	1458690	13021523968	12399587328	530448384	91488256	17102159872
2026-09-24T20:44:47+04:00	ck4m-mirror-1m	1	3	14549090304	14673367040	14387089408	119861248	0	91627520	1458690	13021523968	12399587328	530448384	91488256	17104240640
2026-09-24T20:44:59+04:00	ck4m-mirror-1m	1	3	14549090304	14673367040	14387089408	119861248	0	91627520	1458690	13021523968	12399587328	530448384	91488256	17272459264
2026-09-24T20:45:09+04:00	ck4m-mirror-1m	1	3	14548840448	14673367040	14387089408	119861248	0	91627520	1458690	13021523968	12399587328	530448384	91488256	17362038784
2026-09-24T20:45:19+04:00	ck4m-mirror-1m	1	4	14325092352	14673367040	14155956224	127246336	0	91627520	1458690	13021646848	12399710208	530448384	91488256	17673785344
2026-09-24T20:45:32+04:00	ck4m-mirror-1m	1	4	14325346304	14673367040	14155956224	127246336	0	91627520	1458690	13021646848	12399710208	530448384	91488256	17667936256
2026-09-24T20:45:42+04:00	ck4m-mirror-1m	1	4	14325071872	14673367040	14155956224	127246336	0	91627520	1458690	13021646848	12399710208	530448384	91488256	17550929920
2026-09-24T20:45:52+04:00	ck4m-mirror-1m	1	4	14325608448	14673367040	14155956224	127246336	0	91627520	1458690	13021646848	12399710208	530448384	91488256	17381216256
2026-09-24T20:46:04+04:00	ck4m-mirror-1m	1	4	14325088256	14673367040	14155956224	127246336	0	91627520	1458690	13021646848	12399710208	530448384	91488256	17207902208
2026-09-24T20:46:14+04:00	ck4m-mirror-1m	1	4	14325817344	14673367040	14155956224	127246336	0	91627520	1458690	13021646848	12399710208	530448384	91488256	16860917760
2026-09-24T20:46:24+04:00	ck4m-mirror-1m	1	4	14325321728	14673367040	14155956224	127246336	0	91627520	1458690	13021646848	12399710208	530448384	91488256	16710840320
2026-09-24T20:46:37+04:00	ck4m-mirror-1m	1	4	14324989952	14673367040	14155956224	127246336	0	91627520	1458690	13021646848	12399710208	530448384	91488256	16662691840
2026-09-24T20:46:47+04:00	ck4m-mirror-1m	1	4	14325080064	14673367040	14155956224	127246336	0	91627520	1458690	13021646848	12399710208	530448384	91488256	17270882304
2026-09-24T20:46:57+04:00	ck4m-mirror-1m	1	4	14325088256	14673367040	14155956224	127246336	0	91627520	1458690	13021646848	12399710208	530448384	91488256	16987193344
2026-09-24T20:47:07+04:00	ck4m-mirror-1m	1	4	14325088256	14673367040	14155956224	127246336	0	91627520	1458690	13021646848	12399710208	530448384	91488256	16722673664
2026-09-24T20:47:20+04:00	ck4m-mirror-1m	1	4	14325088256	14673367040	14155956224	127246336	0	91627520	1458690	13021646848	12399710208	530448384	91488256	16565702656
2026-09-24T20:47:30+04:00	ck4m-mirror-1m	1	4	14325088256	14673367040	14155956224	127246336	0	91627520	1458690	13021646848	12399710208	530448384	91488256	17487884288
2026-09-24T20:47:40+04:00	ck4m-mirror-1m	1	4	14325313536	14673367040	14155956224	127246336	0	91627520	1458690	13021646848	12399710208	530448384	91488256	17655754752
2026-09-24T20:47:52+04:00	ck4m-mirror-1m	1	4	14325317632	14673367040	14155956224	127246336	0	91627520	1458690	13021646848	12399710208	530448384	91488256	17761812480
2026-09-24T20:48:02+04:00	ck4m-mirror-1m	1	4	14325346304	14673367040	14155956224	127246336	0	91627520	1458690	13021646848	12399710208	530448384	91488256	17756254208
2026-09-24T20:48:12+04:00	ck4m-mirror-1m	1	4	14325243904	14673367040	14155956224	127246336	0	91627520	1458690	13021646848	12399710208	530448384	91488256	17788768256
2026-09-24T20:48:25+04:00	ck4m-mirror-1m	1	4	14325313536	14673367040	14155956224	127246336	0	91627520	1458690	13021646848	12399710208	530448384	91488256	16040968192
2026-09-24T20:48:35+04:00	ck4m-mirror-1m	1	4	14325075968	14673367040	14155956224	127246336	0	91627520	1458690	13021646848	12399710208	530448384	91488256	15270481920
2026-09-24T20:48:45+04:00	ck4m-mirror-1m	1	4	14325063680	14673367040	14155956224	127246336	0	91627520	1458690	13021646848	12399710208	530448384	91488256	15294853120
2026-09-24T20:48:57+04:00	ck4m-mirror-1m	1	4	14324998144	14673367040	14155956224	127246336	0	91627520	1458690	13021646848	12399710208	530448384	91488256	14987247616
2026-09-24T20:49:07+04:00	ck4m-mirror-1m	1	4	14325194752	14673367040	14155956224	127246336	0	91627520	1458690	13021646848	12399710208	530448384	91488256	14964617216
2026-09-24T20:49:17+04:00	ck4m-mirror-1m	1	4	14325125120	14673367040	14155956224	127246336	0	91627520	1458690	13021646848	12399710208	530448384	91488256	16053846016
2026-09-24T20:49:30+04:00	ck4m-mirror-1m	1	4	14325063680	14673367040	14155956224	127246336	0	91627520	1458690	13021646848	12399710208	530448384	91488256	16814051328
2026-09-24T20:49:40+04:00	ck4m-mirror-1m	1	4	14325088256	14673367040	14155956224	127246336	0	91627520	1458690	13021646848	12399710208	530448384	91488256	17766858752
2026-09-24T20:49:50+04:00	ck4m-mirror-1m	1	4	14325080064	14673367040	14155956224	127246336	0	91627520	1458690	13021646848	12399710208	530448384	91488256	16374767616
2026-09-24T20:50:00+04:00	ck4m-mirror-1m	1	4	14325272576	14673367040	14155956224	127246336	0	91627520	1458690	13021646848	12399710208	530448384	91488256	15442173952
2026-09-24T20:50:10+04:00	ck4m-mirror-1m	1	4	14325211136	14673367040	14155956224	127246336	0	91627520	1458690	13021646848	12399710208	530448384	91488256	15728553984
2026-09-24T20:50:22+04:00	ck4m-mirror-1m	1	4	14325329920	14673367040	14155956224	127246336	0	91627520	1458690	13021646848	12399710208	530448384	91488256	15603781632
2026-09-24T20:50:33+04:00	ck4m-mirror-1m	1	4	14325268480	14673367040	14155956224	127246336	0	91627520	1458690	13021646848	12399710208	530448384	91488256	14374400000
2026-09-24T20:50:43+04:00	ck4m-mirror-1m	1	4	14325198848	14673367040	14155956224	127246336	0	91627520	1458690	13021646848	12399710208	530448384	91488256	14997536768
2026-09-24T20:50:54+04:00	ck4m-mirror-1m	1	4	14325366784	14673367040	14155956224	127246336	0	91627520	1458690	13021646848	12399710208	530448384	91488256	16783519744
2026-09-24T20:51:04+04:00	ck4m-mirror-1m	1	4	14328471552	14673367040	14155657216	130396160	0	91627520	1458690	13021458432	12399521792	530448384	91488256	16787247104
2026-09-24T20:51:14+04:00	ck4m-mirror-1m	1	4	14333325312	14673367040	14155673600	135249920	0	91627520	1458690	13021458432	12399521792	530448384	91488256	17781395456
2026-09-24T20:51:24+04:00	ck4m-mirror-1m	1	4	14332792832	14673367040	14155673600	135249920	0	91627520	1458690	13021458432	12399521792	530448384	91488256	17765343232
2026-09-24T20:51:36+04:00	ck4m-mirror-1m	1	4	14334648320	14673367040	14155882496	136818688	0	91627520	1458690	13021790208	12399853568	530448384	91488256	17179385856
2026-09-24T20:51:46+04:00	ck4m-mirror-1m	1	4	14334640128	14673367040	14155882496	136818688	0	91627520	1458690	13021790208	12399853568	530448384	91488256	17053220864
2026-09-24T20:51:56+04:00	ck4m-mirror-1m	1	4	14336520192	14673367040	14155960320	138391552	0	91627520	1458690	13021982720	12400046080	530448384	91488256	17159004160
2026-09-24T20:52:08+04:00	ck4m-mirror-1m	1	4	14338613248	14673367040	14155960320	139964416	0	91627520	1458690	13021982720	12400046080	530448384	91488256	17728184320
2026-09-24T20:52:18+04:00	ck4m-mirror-1m	1	4	14338072576	14673367040	14155960320	139964416	0	91627520	1458690	13021982720	12400046080	530448384	91488256	17761271808
2026-09-24T20:52:28+04:00	ck4m-mirror-1m	1	4	14338260992	14673367040	14155960320	139964416	0	91627520	1458690	13021982720	12400046080	530448384	91488256	17728901120
2026-09-24T20:52:40+04:00	ck4m-mirror-1m	1	4	14338662400	14673367040	14155960320	139964416	0	91627520	1458690	13021982720	12400046080	530448384	91488256	17760256000
2026-09-24T20:52:50+04:00	ck4m-mirror-1m	1	4	14338576384	14673367040	14155960320	139964416	0	91627520	1458690	13021982720	12400046080	530448384	91488256	17462345728
2026-09-24T20:53:00+04:00	ck4m-mirror-1m	1	4	14338039808	14673367040	14155960320	139964416	0	91627520	1458690	13021982720	12400046080	530448384	91488256	17423765504
2026-09-24T20:53:12+04:00	ck4m-mirror-1m	1	4	14337986560	14673367040	14155960320	139964416	0	91627520	1458690	13021982720	12400046080	530448384	91488256	17243267072
2026-09-24T20:53:22+04:00	ck4m-mirror-1m	1	4	14338445312	14673367040	14155960320	139964416	0	91627520	1458690	13021982720	12400046080	530448384	91488256	17381289984
2026-09-24T20:53:32+04:00	ck4m-mirror-1m	1	4	14338375680	14673367040	14155960320	139964416	0	91627520	1458690	13021982720	12400046080	530448384	91488256	17394831360
2026-09-24T20:53:42+04:00	ck4m-mirror-1m	1	4	14338318336	14673367040	14155960320	139964416	0	91627520	1458690	13021982720	12400046080	530448384	91488256	17364176896
2026-09-24T20:53:52+04:00	ck4m-mirror-1m	1	4	14338224128	14673367040	14155960320	139964416	0	91627520	1458690	13021982720	12400046080	530448384	91488256	17300094976
2026-09-24T20:54:02+04:00	ck4m-mirror-1m	1	4	14338191360	14673367040	14155960320	139964416	0	91627520	1458690	13021982720	12400046080	530448384	91488256	17462059008
2026-09-24T20:54:12+04:00	ck4m-mirror-1m	1	4	14338637824	14673367040	14155960320	139964416	0	91627520	1458690	13021982720	12400046080	530448384	91488256	17550422016
2026-09-24T20:54:24+04:00	ck4m-mirror-1m	1	4	14338609152	14673367040	14155960320	139964416	0	91627520	1458690	13021982720	12400046080	530448384	91488256	17334206464
2026-09-24T20:54:34+04:00	ck4m-mirror-1m	1	4	14338486272	14673367040	14155960320	139964416	0	91627520	1458690	13021982720	12400046080	530448384	91488256	17677709312
2026-09-24T20:54:44+04:00	ck4m-mirror-1m	1	4	14338199552	14673367040	14155960320	139964416	0	91627520	1458690	13021982720	12400046080	530448384	91488256	17613090816
2026-09-24T20:54:55+04:00	ck4m-mirror-1m	1	4	14337892352	14673367040	14155960320	139964416	0	91627520	1458690	13021982720	12400046080	530448384	91488256	17592655872
2026-09-24T20:55:05+04:00	ck4m-mirror-1m	1	4	14338084864	14673367040	14155960320	139964416	0	91627520	1458690	13021982720	12400046080	530448384	91488256	17739468800
2026-09-24T20:55:16+04:00	ck4m-mirror-1m	1	4	14338023424	14673367040	14155960320	139964416	0	91627520	1458690	13021982720	12400046080	530448384	91488256	17644851200
2026-09-24T20:55:26+04:00	ck4m-mirror-1m	1	4	14337961984	14673367040	14155960320	139964416	0	91627520	1458690	13021982720	12400046080	530448384	91488256	17564319744
2026-09-24T20:55:36+04:00	ck4m-mirror-1m	1	4	14338461696	14673367040	14156017664	139964416	0	91627520	1458690	13021982720	12400046080	530448384	91488256	17692921856
2026-09-24T20:55:46+04:00	ck4m-mirror-1m	1	4	14338383872	14673367040	14156152832	139964416	0	91627520	1458690	13022113792	12400177152	530448384	91488256	17718931456
2026-09-24T20:55:58+04:00	ck4m-mirror-1m	1	4	14338306048	14673367040	14156300288	139964416	0	91627520	1458690	13022244864	12400308224	530448384	91488256	17988706304
2026-09-24T20:56:08+04:00	ck4m-mirror-1m	1	4	14338764800	14673367040	14156460032	139964416	0	91627520	1458690	13022375936	12400439296	530448384	91488256	17971388416
2026-09-24T20:56:18+04:00	ck4m-mirror-1m	1	4	14338707456	14673367040	14156591104	139964416	0	91627520	1458690	13022507008	12400570368	530448384	91488256	17984643072
2026-09-24T20:56:29+04:00	ck4m-mirror-1m	1	4	14339170304	14673367040	14156742656	139964416	0	91627520	1458690	13022638080	12400701440	530448384	91488256	17988526080
2026-09-24T20:56:39+04:00	ck4m-mirror-1m	1	4	14339219456	14673367040	14156906496	139964416	0	91627520	1458690	13022900224	12400963584	530448384	91488256	18007724032
2026-09-24T20:56:50+04:00	ck4m-mirror-1m	1	4	14339702784	14673367040	14157058048	139964416	0	91627520	1458690	13023031296	12401094656	530448384	91488256	16614539264
2026-09-24T20:57:00+04:00	ck4m-mirror-1m	1	4	14339379200	14673367040	14157205504	139964416	0	91627520	1458690	13023162368	12401225728	530448384	91488256	16284278784
2026-09-24T20:57:11+04:00	ck4m-mirror-1m	1	4	14339477504	14673367040	14157369344	139964416	0	91627520	1458690	13023293440	12401356800	530448384	91488256	16038600704
2026-09-24T20:57:21+04:00	ck4m-mirror-1m	1	4	14339657728	14673367040	14157488128	139964416	0	91627520	1458690	13023424512	12401487872	530448384	91488256	17650221056
2026-09-24T20:57:31+04:00	ck4m-mirror-1m	1	4	14340083712	14673367040	14157651968	139964416	0	91627520	1458690	13023555584	12401618944	530448384	91488256	17558519808
2026-09-24T20:57:43+04:00	ck4m-mirror-1m	1	4	14339989504	14673367040	14157811712	139964416	0	91627520	1458690	13023686656	12401750016	530448384	91488256	17387233280
2026-09-24T20:57:53+04:00	ck4m-mirror-1m	1	4	14340132864	14673367040	14157959168	139964416	0	91627520	1458690	13023817728	12401881088	530448384	91488256	17601126400
2026-09-24T20:58:03+04:00	ck4m-mirror-1m	1	4	14340501504	14673367040	14158102528	139964416	0	91627520	1458690	13023948800	12402012160	530448384	91488256	17261494272
2026-09-24T20:58:15+04:00	ck4m-mirror-1m	1	4	14340669440	14673367040	14158233600	139964416	0	91627520	1458690	13024079872	12402143232	530448384	91488256	17243471872
2026-09-24T20:58:25+04:00	ck4m-mirror-1m	1	4	14341251072	14673367040	14159335424	139964416	0	91627520	1458690	13025222656	12403286016	530448384	91488256	17142751232
2026-09-24T20:58:35+04:00	ck4m-mirror-1m	1	4	14343118848	14673367040	14159327232	141541376	0	91627520	1458690	13025259520	12403322880	530448384	91488256	17128603648
2026-09-24T20:58:47+04:00	ck4m-mirror-1m	1	4	14342860800	14673367040	14159327232	141541376	0	91627520	1458690	13025259520	12403322880	530448384	91488256	16999395328
2026-09-24T20:58:57+04:00	ck4m-mirror-1m	1	4	14344871936	14673367040	14159343616	143241216	0	91627520	1458690	13025259520	12403322880	530448384	91488256	17324531712
2026-09-24T20:59:07+04:00	ck4m-mirror-1m	1	4	14344859648	14673367040	14159343616	143241216	0	91627520	1458690	13025259520	12403322880	530448384	91488256	16114237440
2026-09-24T20:59:18+04:00	ck4m-mirror-1m	1	4	14344871936	14673367040	14159343616	143241216	0	91627520	1458690	13025259520	12403322880	530448384	91488256	16839483392
2026-09-24T20:59:29+04:00	ck4m-mirror-1m	1	4	14344876032	14673367040	14159347712	143241216	0	91627520	1458690	13025259520	12403322880	530448384	91488256	16937017344
2026-09-24T20:59:39+04:00	ck4m-mirror-1m	1	4	14344876032	14673367040	14159347712	143241216	0	91627520	1458690	13025259520	12403322880	530448384	91488256	16728653824
2026-09-24T20:59:49+04:00	ck4m-mirror-1m	1	4	14344622080	14673367040	14159347712	143241216	0	91627520	1458690	13025259520	12403322880	530448384	91488256	17240866816
2026-09-24T21:00:00+04:00	ck4m-mirror-1m	1	4	14344675328	14673367040	14159351808	143241216	0	91627520	1458690	13025259520	12403322880	530448384	91488256	17134751744
2026-09-24T21:00:10+04:00	ck4m-mirror-1m	1	4	14344970240	14673367040	14159462400	143241216	0	91627520	1458690	13025259520	12403322880	530448384	91488256	17027919872
2026-09-24T21:00:20+04:00	ck4m-mirror-1m	1	4	14345240576	14673367040	14159609856	143241216	0	91627520	1458690	13025521664	12403585024	530448384	91488256	17672417280
2026-09-24T21:00:31+04:00	ck4m-mirror-1m	1	4	14345572352	14673367040	14159773696	143241216	0	91627520	1458690	13025652736	12403716096	530448384	91488256	18014457856
2026-09-24T21:00:43+04:00	ck4m-mirror-1m	1	4	14345527296	14673367040	14159998976	143241216	0	91627520	1458690	13025783808	12403978240	530448384	91488256	18004541440
2026-09-24T21:00:53+04:00	ck4m-mirror-1m	1	4	14345728000	14673367040	14160068608	143241216	0	91627520	1458690	13025914880	12403978240	530448384	91488256	17816915968
2026-09-24T21:01:03+04:00	ck4m-mirror-1m	1	4	14345822208	14673367040	14160232448	143241216	0	91627520	1458690	13026045952	12404109312	530448384	91488256	17786011648
2026-09-24T21:01:13+04:00	ck4m-mirror-1m	1	4	14345912320	14673367040	14160379904	143241216	0	91627520	1458690	13026177024	12404240384	530448384	91488256	17856090112
2026-09-24T21:01:25+04:00	ck4m-mirror-1m	1	4	14346051584	14673367040	14160543744	143241216	0	91627520	1458690	13026439168	12404502528	530448384	91488256	17831673856
2026-09-24T21:01:35+04:00	ck4m-mirror-1m	1	4	14346231808	14673367040	14160711680	143241216	0	91627520	1458690	13026570240	12404633600	530448384	91488256	17863897088
2026-09-24T21:01:45+04:00	ck4m-mirror-1m	1	4	14346137600	14673367040	14160859136	143241216	0	91627520	1458690	13026701312	12404764672	530448384	91488256	17839706112
2026-09-24T21:01:57+04:00	ck4m-mirror-1m	1	4	14347005952	14673367040	14161027072	143241216	0	91627520	1458690	13026832384	12404895744	530448384	91488256	17812807680
2026-09-24T21:02:07+04:00	ck4m-mirror-1m	1	4	14346960896	14673367040	14161170432	143241216	0	91627520	1458690	13026963456	12405026816	530448384	91488256	17774080000
2026-09-24T21:02:17+04:00	ck4m-mirror-1m	1	4	14346825728	14673367040	14161330176	143241216	0	91627520	1458690	13027225600	12405288960	530448384	91488256	17835114496
2026-09-24T21:02:28+04:00	ck4m-mirror-1m	1	4	14347259904	14673367040	14161461248	143241216	0	91627520	1458690	13027356672	12405420032	530448384	91488256	17831194624
2026-09-24T21:02:38+04:00	ck4m-mirror-1m	1	4	14347423744	14673367040	14161625088	143241216	0	91627520	1458690	13027487744	12405551104	530448384	91488256	17847173120
2026-09-24T21:02:49+04:00	ck4m-mirror-1m	1	4	14347341824	14673367040	14161776640	143241216	0	91627520	1458690	13027618816	12405682176	530448384	91488256	17843441664
2026-09-24T21:03:00+04:00	ck4m-mirror-1m	1	4	14347739136	14673367040	14161944576	143241216	0	91627520	1458690	13027749888	12405813248	530448384	91488256	17826562048
2026-09-24T21:03:10+04:00	ck4m-mirror-1m	1	4	14347366400	14673367040	14162087936	143241216	0	91627520	1458690	13027880960	12405944320	530448384	91488256	17836941312
2026-09-24T21:03:20+04:00	ck4m-mirror-1m	1	4	14347784192	14673367040	14162251776	143241216	0	91627520	1458690	13028143104	12406206464	530448384	91488256	17584697344
2026-09-24T21:03:32+04:00	ck4m-mirror-1m	1	4	14347935744	14673367040	14162403328	143241216	0	91627520	1458690	13028274176	12406337536	530448384	91488256	17373945856
2026-09-24T21:03:42+04:00	ck4m-mirror-1m	1	4	14348079104	14673367040	14162567168	143241216	0	91627520	1458690	13028405248	12406468608	530448384	91488256	17349877760
2026-09-24T21:03:52+04:00	ck4m-mirror-1m	1	4	14348718080	14673367040	14162690048	143241216	0	91627520	1458690	13028536320	12406599680	530448384	91488256	17189576704
2026-09-24T21:04:02+04:00	ck4m-mirror-1m	1	4	14348656640	14673367040	14162862080	143241216	0	91627520	1458690	13028667392	12406730752	530448384	91488256	17799041024
2026-09-24T21:04:14+04:00	ck4m-mirror-1m	1	4	14348283904	14673367040	14163009536	143241216	0	91627520	1458690	13028798464	12406861824	530448384	91488256	17639010304
2026-09-24T21:04:24+04:00	ck4m-mirror-1m	1	4	14348558336	14673367040	14163152896	143241216	0	91627520	1458690	13029060608	12407123968	530448384	91488256	17829666816
2026-09-24T21:04:34+04:00	ck4m-mirror-1m	1	4	14349287424	14673367040	14163320832	143241216	0	91627520	1458690	13029191680	12407255040	530448384	91488256	17844326400
2026-09-24T21:04:46+04:00	ck4m-mirror-1m	1	4	14348955648	14673367040	14163472384	143241216	0	91627520	1458690	13029322752	12407386112	530448384	91488256	17828794368
2026-09-24T21:04:56+04:00	ck4m-mirror-1m	1	4	14349361152	14673367040	14163619840	143241216	0	91627520	1458690	13029453824	12407517184	530448384	91488256	17804832768
2026-09-24T21:05:06+04:00	ck4m-mirror-1m	1	4	14350872576	14673367040	14164815872	143241216	0	91627520	1458690	13030727680	12408791040	530448384	91488256	17775071232
2026-09-24T21:05:18+04:00	ck4m-mirror-1m	1	4	14350344192	14673367040	14164815872	143241216	0	91627520	1458690	13030727680	12408791040	530448384	91488256	17816662016
2026-09-24T21:05:28+04:00	ck4m-mirror-1m	1	4	14351953920	14673367040	14164807680	144809984	0	91627520	1458690	13030719488	12408782848	530448384	91488256	17818894336
2026-09-24T21:05:38+04:00	ck4m-mirror-1m	1	4	14351945728	14673367040	14164807680	144809984	0	91627520	1458690	13030719488	12408782848	530448384	91488256	17856958464
2026-09-24T21:05:50+04:00	ck4m-mirror-1m	1	4	14353846272	14673367040	14164819968	146378752	0	91627520	1458690	13030719488	12408782848	530448384	91488256	17828708352
2026-09-24T21:06:00+04:00	ck4m-mirror-1m	1	4	14353620992	14673367040	14164819968	146378752	0	91627520	1458690	13030719488	12408782848	530448384	91488256	17481859072
2026-09-24T21:06:10+04:00	ck4m-mirror-1m	1	4	14353682432	14673367040	14165110784	146378752	0	91627520	1458690	13031038976	12409102336	530448384	91488256	17836236800
2026-09-24T21:06:22+04:00	ck4m-mirror-1m	1	4	14355251200	14673367040	14165127168	147959808	0	91627520	1458690	13031165952	12409229312	530448384	91488256	17804713984
2026-09-24T21:06:32+04:00	ck4m-mirror-1m	1	4	14357217280	14673367040	14165127168	149635072	0	91627520	1458690	13031165952	12409229312	530448384	91488256	17492787200
2026-09-24T21:06:42+04:00	ck4m-mirror-1m	1	4	14383325184	14673367040	14189834240	151207936	0	91627520	1458690	13031268352	12409331712	530448384	91488256	17402691584
2026-09-24T21:06:52+04:00	ck4m-mirror-1m	1	4	14383321088	14673367040	14189834240	151207936	0	91627520	1458690	13031268352	12409331712	530448384	91488256	17780785152
2026-09-24T21:07:04+04:00	ck4m-mirror-1m	1	4	14383329280	14673367040	14189834240	151207936	0	91627520	1458690	13031268352	12409331712	530448384	91488256	16953208832
2026-09-24T21:07:14+04:00	ck4m-mirror-1m	1	4	14383325184	14673367040	14189834240	151207936	0	91627520	1458690	13031268352	12409331712	530448384	91488256	17152950272
2026-09-24T21:07:24+04:00	ck4m-mirror-1m	1	4	14383579136	14673367040	14189834240	151207936	0	91627520	1458690	13031268352	12409331712	530448384	91488256	16746332160
2026-09-24T21:07:36+04:00	ck4m-mirror-1m	1	4	14406410240	14673367040	14211133440	152780800	0	91627520	1458690	13031342080	12409405440	530448384	91488256	17214066688
2026-09-24T21:07:56+04:00	ck4m-whole	0	0	6359736320	6362972160	1735442432	4594941952	0	4584787968	1691678	5640749056	661446656	395583488	4585947136	25366773760
2026-09-24T21:08:08+04:00	ck4m-whole	0	0	8793190400	8793452544	1735716864	7015301120	0	7007428608	1691678	8066531328	661839872	395714560	7015006208	22681788416
2026-09-24T21:08:18+04:00	ck4m-whole	0	0	11110596608	11113050112	1735811072	9322741760	0	9312337920	1691678	10369245184	661970944	395714560	9311690752	20031184896
2026-09-24T21:08:28+04:00	ck4m-whole	0	0	13600346112	13600489472	1735929856	11801866240	0	11794276352	1691678	12852817920	662102016	395714560	11798933504	17569812480
2026-09-24T21:08:40+04:00	ck4m-whole	0	0	16110108672	16110108672	1736024064	14298152960	0	14287749120	1691678	15344713728	662102016	395714560	14289256448	15003324416
2026-09-24T21:08:50+04:00	ck4m-whole	0	0	18512961536	18513223680	1736155136	16690204672	0	16679833600	1691678	17737052160	662626304	395714560	16681070592	12791005184
2026-09-24T21:09:00+04:00	ck4m-whole	0	0	22975250432	23527116800	1736687616	21133643776	0	21127266304	1691678	22182846464	663019520	392962048	21127127040	8430243840
2026-09-24T21:09:12+04:00	ck4m-whole	0	0	19958472704	23527116800	1817264128	18050535424	0	18039078912	1691678	19177148416	743538688	395583488	18038026240	10624368640
2026-09-24T21:09:22+04:00	ck4m-whole	1	0	20244938752	23527116800	3237924864	16916680704	0	16636084224	1691678	19077324800	1922740224	519446528	16635138048	9919606784
2026-09-24T21:09:32+04:00	ck4m-whole	1	0	20244803584	23527116800	3237924864	16916545536	0	16636084224	1691678	19077062656	1922740224	519184384	16635138048	11908366336
2026-09-24T21:09:42+04:00	ck4m-whole	1	0	20246806528	23527116800	3237941248	16918495232	0	16636084224	1691678	19077062656	1922740224	519184384	16635138048	12170956800
2026-09-24T21:09:54+04:00	ck4m-whole	1	2	20250906624	23527116800	3239264256	16920072192	0	16636084224	1691678	19077324800	1923002368	519184384	16635138048	12148174848
2026-09-24T21:10:04+04:00	ck4m-whole	1	4	20264128512	23527116800	3238490112	16933797888	0	16636084224	1691678	19077394432	1922285568	519970816	16635138048	11853914112
2026-09-24T21:10:14+04:00	ck4m-whole	1	5	20264206336	23527116800	3238490112	16933797888	0	16636084224	1691678	19077394432	1922285568	519970816	16635138048	12184096768
2026-09-24T21:10:26+04:00	ck4m-whole	1	6	20270567424	23527116800	3238612992	16940113920	0	16636084224	1691678	19077574656	1922465792	519970816	16635138048	10251972608
2026-09-24T21:10:36+04:00	ck4m-whole	1	6	20262150144	23527116800	3238617088	16931258368	0	16636084224	1691678	19070889984	1922465792	513286144	16635138048	9632907264
2026-09-24T21:10:46+04:00	ck4m-whole	1	6	20243083264	23527116800	3238617088	16912519168	0	16636084224	1691678	19053850624	1922465792	496246784	16635138048	12115841024
2026-09-24T21:10:58+04:00	ck4m-whole	1	6	20243156992	23527116800	3238617088	16912519168	0	16636084224	1691678	19053850624	1922465792	496246784	16635138048	11921702912
2026-09-24T21:11:08+04:00	ck4m-whole	1	6	20243701760	23527116800	3238617088	16912519168	0	16636084224	1691678	19053850624	1922465792	496246784	16635138048	12167266304
2026-09-24T21:11:18+04:00	ck4m-whole	1	6	20243181568	23527116800	3238617088	16912519168	0	16636084224	1691678	19053850624	1922465792	496246784	16635138048	12000649216
2026-09-24T21:11:29+04:00	ck4m-whole	1	6	20243668992	23527116800	3238617088	16912519168	0	16636084224	1691678	19053850624	1922465792	496246784	16635138048	12003057664
2026-09-24T21:11:40+04:00	ck4m-whole	1	6	20243349504	23527116800	3238617088	16912519168	0	16636084224	1691678	19053850624	1922465792	496246784	16635138048	12223053824
2026-09-24T21:11:50+04:00	ck4m-whole	1	6	20243025920	23527116800	3238617088	16912519168	0	16636084224	1691678	19053850624	1922465792	496246784	16635138048	12022878208
2026-09-24T21:12:01+04:00	ck4m-whole	1	6	20243128320	23527116800	3238617088	16912519168	0	16636084224	1691678	19053850624	1922465792	496246784	16635138048	11475824640
2026-09-24T21:12:11+04:00	ck4m-whole	1	6	20243062784	23527116800	3238617088	16912519168	0	16636084224	1691678	19053850624	1922465792	496246784	16635138048	10344493056
2026-09-24T21:12:21+04:00	ck4m-whole	1	6	20233175040	23527116800	3238617088	16902447104	0	16636084224	1691678	19052146688	1922465792	494542848	16635138048	11975413760
2026-09-24T21:12:31+04:00	ck4m-whole	1	6	20233568256	23527116800	3238617088	16902447104	0	16636084224	1691678	19052146688	1922465792	494542848	16635138048	11923296256
2026-09-24T21:12:44+04:00	ck4m-whole	1	6	20233310208	23527116800	3238617088	16902447104	0	16636084224	1691678	19052146688	1922465792	494542848	16635138048	10263027712
2026-09-24T21:12:54+04:00	ck4m-whole	1	6	20233596928	23527116800	3238617088	16902447104	0	16636084224	1691678	19052146688	1922465792	494542848	16635138048	10009669632
2026-09-24T21:13:04+04:00	ck4m-whole	1	6	20225028096	23527116800	3238617088	16894115840	0	16636084224	1691678	19047297024	1922465792	489693184	16635138048	11838578688
2026-09-24T21:13:16+04:00	ck4m-whole	1	6	20224516096	23527116800	3238617088	16894115840	0	16636084224	1691678	19047297024	1922465792	489693184	16635138048	11800031232
2026-09-24T21:13:26+04:00	ck4m-whole	1	6	20224782336	23527116800	3238617088	16894115840	0	16636084224	1691678	19047297024	1922465792	489693184	16635138048	11867701248
2026-09-24T21:13:36+04:00	ck4m-whole	1	6	20225036288	23527116800	3238617088	16894115840	0	16636084224	1691678	19047297024	1922465792	489693184	16635138048	11733172224
2026-09-24T21:13:47+04:00	ck4m-whole	1	6	20224913408	23527116800	3238756352	16894115840	0	16636084224	1691678	19047428096	1922596864	489693184	16635138048	12085641216
2026-09-24T21:14:00+04:00	ck4m-whole	1	6	20225081344	23527116800	3238940672	16894115840	0	16636084224	1691678	19047690240	1922859008	489693184	16635138048	12009046016
2026-09-24T21:14:10+04:00	ck4m-whole	1	6	20225499136	23527116800	3239075840	16894115840	0	16636084224	1691678	19047690240	1922859008	489693184	16635138048	12012089344
2026-09-24T21:14:20+04:00	ck4m-whole	1	6	20225179648	23527116800	3239276544	16894115840	0	16636084224	1691678	19047952384	1923121152	489693184	16635138048	11881287680
2026-09-24T21:14:30+04:00	ck4m-whole	1	6	20225675264	23527116800	3239428096	16894115840	0	16636084224	1691678	19048083456	1923252224	489693184	16635138048	11576442880
2026-09-24T21:14:41+04:00	ck4m-whole	1	6	20225830912	23527116800	3239587840	16894115840	0	16636084224	1691678	19048214528	1923383296	489693184	16635138048	12137058304
2026-09-24T21:14:52+04:00	ck4m-whole	1	6	20226170880	23527116800	3239747584	16894115840	0	16636084224	1691678	19048214528	1923383296	489693184	16635138048	11943923712
2026-09-24T21:15:02+04:00	ck4m-whole	1	6	20226080768	23527116800	3239919616	16894115840	0	16636084224	1691678	19048345600	1923514368	489693184	16635138048	11678609408
2026-09-24T21:15:13+04:00	ck4m-whole	1	6	20226220032	23527116800	3240083456	16894115840	0	16636084224	1691678	19048607744	1923776512	489693184	16635138048	11302653952
2026-09-24T21:15:24+04:00	ck4m-whole	1	6	20226412544	23527116800	3240251392	16894115840	0	16636084224	1691678	19048607744	1923776512	489693184	16635138048	12011618304
2026-09-24T21:15:34+04:00	ck4m-whole	1	6	20226572288	23527116800	3240407040	16894115840	0	16636084224	1691678	19048738816	1923907584	489693184	16635138048	12011474944
2026-09-24T21:15:45+04:00	ck4m-whole	1	6	20227174400	23527116800	3240566784	16894115840	0	16636084224	1691678	19048869888	1924038656	489693184	16635138048	12022652928
2026-09-24T21:15:56+04:00	ck4m-whole	1	6	20227112960	23527116800	3240722432	16894115840	0	16636084224	1691678	19049132032	1924300800	489693184	16635138048	11995729920
2026-09-24T21:16:06+04:00	ck4m-whole	1	6	20233568256	23527116800	3241783296	16899096576	0	16636084224	1691678	19050196992	1925365760	489693184	16635138048	11987173376
2026-09-24T21:16:18+04:00	ck4m-whole	1	6	20238487552	23527116800	3244032000	16902250496	0	16636084224	1691678	19050328064	1925496832	489693184	16635138048	11848622080
2026-09-24T21:16:28+04:00	ck4m-whole	1	6	20240064512	23527116800	3244032000	16903823360	0	16636084224	1691678	19050328064	1925496832	489693184	16635138048	11825991680
2026-09-24T21:16:38+04:00	ck4m-whole	1	6	20240261120	23527116800	3244470272	16903823360	0	16636084224	1691678	19050774528	1925943296	489693184	16635138048	11662090240
2026-09-24T21:16:48+04:00	ck4m-whole	1	6	20242743296	23527116800	3245211648	16905527296	0	16636084224	1691678	19051565056	1926733824	489693184	16635138048	11343667200
2026-09-24T21:16:58+04:00	ck4m-whole	1	6	20242743296	23527116800	3245211648	16905527296	0	16636084224	1691678	19051565056	1926733824	489693184	16635138048	12123344896
2026-09-24T21:17:09+04:00	ck4m-whole	1	6	20244713472	23527116800	3245211648	16907231232	0	16636084224	1691678	19051565056	1926733824	489693184	16635138048	11944755200
2026-09-24T21:17:19+04:00	ck4m-whole	1	6	20245221376	23527116800	3245211648	16907231232	0	16636084224	1691678	19051565056	1926733824	489693184	16635138048	11823304704
2026-09-24T21:17:30+04:00	ck4m-whole	1	6	20244635648	23527116800	3245211648	16907231232	0	16636084224	1691678	19051565056	1926733824	489693184	16635138048	12400017408
2026-09-24T21:17:41+04:00	ck4m-whole	1	6	20244787200	23527116800	3245211648	16907231232	0	16636084224	1691678	19051565056	1926733824	489693184	16635138048	12062007296
2026-09-24T21:17:51+04:00	ck4m-whole	1	6	20244979712	23527116800	3245211648	16907231232	0	16636084224	1691678	19051565056	1926733824	489693184	16635138048	11923410944
2026-09-24T21:18:01+04:00	ck4m-whole	1	6	20244967424	23527116800	3245211648	16907231232	0	16636084224	1691678	19051565056	1926733824	489693184	16635138048	11792203776
2026-09-24T21:18:13+04:00	ck4m-whole	1	6	20245082112	23527116800	3245363200	16907231232	0	16636084224	1691678	19051565056	1926733824	489693184	16635138048	12127404032
2026-09-24T21:18:23+04:00	ck4m-whole	1	6	20245303296	23527116800	3245527040	16907231232	0	16636084224	1691678	19051696128	1926864896	489693184	16635138048	11890188288
2026-09-24T21:18:33+04:00	ck4m-whole	1	6	20245463040	23527116800	3245699072	16907231232	0	16636084224	1691678	19051827200	1926995968	489693184	16635138048	12069289984
2026-09-24T21:18:43+04:00	ck4m-whole	1	6	20245340160	23527116800	3245834240	16907231232	0	16636084224	1691678	19051958272	1927127040	489693184	16635138048	11812982784
2026-09-24T21:18:55+04:00	ck4m-whole	1	6	20246163456	23527116800	3245985792	16907231232	0	16636084224	1691678	19052220416	1927389184	489693184	16635138048	12080181248
2026-09-24T21:19:05+04:00	ck4m-whole	1	6	20245417984	23527116800	3246157824	16907231232	0	16636084224	1691678	19052351488	1927520256	489693184	16635138048	12010799104
2026-09-24T21:19:15+04:00	ck4m-whole	1	6	20245819392	23527116800	3246297088	16907231232	0	16636084224	1691678	19052482560	1927651328	489693184	16635138048	11850543104
2026-09-24T21:19:27+04:00	ck4m-whole	1	6	20246417408	23527116800	3246460928	16907231232	0	16636084224	1691678	19052744704	1927913472	489693184	16635138048	12030066688
2026-09-24T21:19:37+04:00	ck4m-whole	1	6	20246376448	23527116800	3246616576	16907231232	0	16636084224	1691678	19052875776	1928044544	489693184	16635138048	11734511616
2026-09-24T21:19:47+04:00	ck4m-whole	1	6	20246286336	23527116800	3246764032	16907231232	0	16636084224	1691678	19053006848	1928175616	489693184	16635138048	11068985344
2026-09-24T21:19:59+04:00	ck4m-whole	1	6	20246622208	23527116800	3246915584	16907231232	0	16636084224	1691678	19053137920	1928306688	489693184	16635138048	10614992896
2026-09-24T21:20:09+04:00	ck4m-whole	1	6	20239216640	23527116800	3247079424	16899624960	0	16636084224	1691678	19050385408	1928437760	486809600	16635138048	10035728384
2026-09-24T21:20:19+04:00	ck4m-whole	1	6	20238905344	23527116800	3247247360	16899624960	0	16636084224	1691678	19050647552	1928699904	486809600	16635138048	12044804096
2026-09-24T21:20:31+04:00	ck4m-whole	1	6	20239470592	23527116800	3247415296	16899624960	0	16636084224	1691678	19050778624	1928830976	486809600	16635138048	11626692608
2026-09-24T21:20:41+04:00	ck4m-whole	1	6	20239470592	23527116800	3247546368	16899624960	0	16636084224	1691678	19050909696	1928962048	486809600	16635138048	11950272512
2026-09-24T21:20:51+04:00	ck4m-whole	1	6	20239597568	23527116800	3247706112	16899624960	0	16636084224	1691678	19051040768	1929093120	486809600	16635138048	11750752256
2026-09-24T21:21:02+04:00	ck4m-whole	1	6	20239503360	23527116800	3247849472	16899624960	0	16636084224	1691678	19051171840	1929224192	486809600	16635138048	11504939008
2026-09-24T21:21:13+04:00	ck4m-whole	1	6	20240044032	23527116800	3248017408	16899624960	0	16636084224	1691678	19051302912	1929355264	486809600	16635138048	12018221056
2026-09-24T21:21:23+04:00	ck4m-whole	1	6	20239978496	23527116800	3248148480	16899624960	0	16636084224	1691678	19051433984	1929486336	486809600	16635138048	11930886144
2026-09-24T21:21:33+04:00	ck4m-whole	1	6	20240732160	23527116800	3248287744	16899624960	0	16636084224	1691678	19051565056	1929617408	486809600	16635138048	12009648128
2026-09-24T21:21:44+04:00	ck4m-whole	1	6	20240580608	23527116800	3248447488	16899624960	0	16636084224	1691678	19051696128	1929748480	486809600	16635138048	11728564224
2026-09-24T21:21:54+04:00	ck4m-whole	1	6	20240785408	23527116800	3248611328	16899624960	0	16636084224	1691678	19051827200	1929879552	486809600	16635138048	12035207168
2026-09-24T21:22:04+04:00	ck4m-whole	1	6	20240965632	23527116800	3248762880	16899624960	0	16636084224	1691678	19051958272	1930010624	486809600	16635138048	12056014848
2026-09-24T21:22:14+04:00	ck4m-whole	1	6	20241285120	23527116800	3248930816	16899624960	0	16636084224	1691678	19052089344	1930141696	486809600	16635138048	11985186816
2026-09-24T21:22:27+04:00	ck4m-whole	1	6	20241170432	23527116800	3249090560	16899624960	0	16636084224	1691678	19052351488	1930403840	486809600	16635138048	11667243008
2026-09-24T21:22:37+04:00	ck4m-whole	1	6	20241666048	23527116800	3249238016	16899624960	0	16636084224	1691678	19052482560	1930534912	486809600	16635138048	12058714112
2026-09-24T21:22:47+04:00	ck4m-whole	1	6	20241227776	23527116800	3249410048	16899624960	0	16636084224	1691678	19052613632	1930665984	486809600	16635138048	11932680192
2026-09-24T21:22:57+04:00	ck4m-whole	1	6	20241948672	23527116800	3249545216	16899624960	0	16636084224	1691678	19052744704	1930797056	486809600	16635138048	11695046656
2026-09-24T21:23:08+04:00	ck4m-whole	1	6	20242341888	23527116800	3250679808	16899629056	0	16636084224	1691678	19053920256	1931972608	486809600	16635138048	12146716672
2026-09-24T21:23:18+04:00	ck4m-whole	1	6	20242604032	23527116800	3250679808	16899629056	0	16636084224	1691678	19053920256	1931972608	486809600	16635138048	12013649920
2026-09-24T21:23:28+04:00	ck4m-whole	1	6	20246331392	23527116800	3252813824	16901201920	0	16636084224	1691678	19056046080	1934098432	486809600	16635138048	11800801280
2026-09-24T21:23:40+04:00	ck4m-whole	1	6	20246073344	23527116800	3252813824	16901201920	0	16636084224	1691678	19056046080	1934098432	486809600	16635138048	12035006464
2026-09-24T21:23:50+04:00	ck4m-whole	1	6	20248125440	23527116800	3252813824	16902901760	0	16636084224	1691678	19056046080	1934098432	486809600	16635138048	11860881408
2026-09-24T21:24:00+04:00	ck4m-whole	1	6	20248141824	23527116800	3252813824	16902901760	0	16636084224	1691678	19056046080	1934098432	486809600	16635138048	12005818368
2026-09-24T21:24:12+04:00	ck4m-whole	1	6	20248006656	23527116800	3252813824	16902901760	0	16636084224	1691678	19056046080	1934098432	486809600	16635138048	11706761216
2026-09-24T21:24:22+04:00	ck4m-whole	1	6	20248416256	23527116800	3252813824	16902901760	0	16636084224	1691678	19056046080	1934098432	486809600	16635138048	12005580800
2026-09-24T21:24:32+04:00	ck4m-whole	1	6	20248141824	23527116800	3252813824	16902901760	0	16636084224	1691678	19056046080	1934098432	486809600	16635138048	11867648000
2026-09-24T21:24:44+04:00	ck4m-whole	1	6	20247883776	23527116800	3252813824	16902901760	0	16636084224	1691678	19056046080	1934098432	486809600	16635138048	11765104640
2026-09-24T21:24:54+04:00	ck4m-whole	1	6	20248256512	23527116800	3252936704	16902901760	0	16636084224	1691678	19056177152	1934229504	486809600	16635138048	11772264448
2026-09-24T21:25:04+04:00	ck4m-whole	1	6	20248469504	23527116800	3253084160	16902901760	0	16636084224	1691678	19056308224	1934360576	486809600	16635138048	12017491968
2026-09-24T21:25:15+04:00	ck4m-whole	1	6	20248412160	23527116800	3253260288	16902901760	0	16636084224	1691678	19056570368	1934622720	486809600	16635138048	11863023616
2026-09-24T21:25:25+04:00	ck4m-whole	1	6	20249112576	23527116800	3253424128	16902901760	0	16636084224	1691678	19056701440	1934753792	486809600	16635138048	12227829760
2026-09-24T21:25:35+04:00	ck4m-whole	1	6	20248760320	23527116800	3253579776	16902901760	0	16636084224	1691678	19056701440	1934753792	486809600	16635138048	12214231040
2026-09-24T21:25:45+04:00	ck4m-whole	1	6	20249485312	23527116800	3253719040	16902901760	0	16636084224	1691678	19056832512	1934884864	486809600	16635138048	12039421952
2026-09-24T21:25:57+04:00	ck4m-whole	1	6	20249333760	23527116800	3253886976	16902901760	0	16636084224	1691678	19057094656	1935147008	486809600	16635138048	11663298560
2026-09-24T21:26:07+04:00	ck4m-whole	1	6	20249522176	23527116800	3254038528	16902901760	0	16636084224	1691678	19057225728	1935278080	486809600	16635138048	11316875264
2026-09-24T21:26:17+04:00	ck4m-whole	1	6	20248911872	23527116800	3254177792	16902311936	0	16636084224	1691678	19057094656	1935409152	486547456	16635138048	10197491712
2026-09-24T21:26:29+04:00	ck4m-whole	1	6	20209135616	23527116800	3254349824	16862466048	0	16636084224	1691678	19027472384	1935540224	456794112	16635138048	12076048384
2026-09-24T21:26:39+04:00	ck4m-whole	1	6	20209295360	23527116800	3254489088	16862466048	0	16636084224	1691678	19027603456	1935671296	456794112	16635138048	11943366656
2026-09-24T21:26:49+04:00	ck4m-whole	1	6	20209639424	23527116800	3254657024	16862466048	0	16636084224	1691678	19027865600	1935933440	456794112	16635138048	11944103936
2026-09-24T21:27:01+04:00	ck4m-whole	1	6	20209606656	23527116800	3254824960	16862466048	0	16636084224	1691678	19027996672	1936064512	456794112	16635138048	12142559232
2026-09-24T21:27:11+04:00	ck4m-whole	1	6	20209897472	23527116800	3254964224	16862466048	0	16636084224	1691678	19028127744	1936195584	456794112	16635138048	12156510208
2026-09-24T21:27:21+04:00	ck4m-whole	1	6	20210393088	23527116800	3255132160	16862466048	0	16636084224	1691678	19028258816	1936326656	456794112	16635138048	12062576640
2026-09-24T21:27:32+04:00	ck4m-whole	1	6	20210311168	23527116800	3255271424	16862466048	0	16636084224	1691678	19028389888	1936457728	456794112	16635138048	12547096576
2026-09-24T21:27:42+04:00	ck4m-whole	1	6	20210483200	23527116800	3255427072	16862466048	0	16636084224	1691678	19028652032	1936719872	456794112	16635138048	12521119744
2026-09-24T21:27:52+04:00	ck4m-whole	1	6	20210368512	23527116800	3255578624	16862466048	0	16636084224	1691678	19028783104	1936850944	456794112	16635138048	12539879424
2026-09-24T21:28:04+04:00	ck4m-whole	1	6	20211163136	23527116800	3255730176	16862466048	0	16636084224	1691678	19028914176	1936982016	456794112	16635138048	12564406272
2026-09-24T21:28:14+04:00	ck4m-whole	1	6	20210929664	23527116800	3255902208	16862466048	0	16636084224	1691678	19029045248	1937113088	456794112	16635138048	12496687104
2026-09-24T21:28:24+04:00	ck4m-whole	1	6	20211109888	23527116800	3256041472	16862466048	0	16636084224	1691678	19029176320	1937244160	456794112	16635138048	12453457920
2026-09-24T21:28:34+04:00	ck4m-whole	1	6	20211486720	23527116800	3256197120	16862466048	0	16636084224	1691678	19029307392	1937375232	456794112	16635138048	12234080256
2026-09-24T21:28:46+04:00	ck4m-whole	1	6	20211458048	23527116800	3256352768	16862466048	0	16636084224	1691678	19029569536	1937637376	456794112	16635138048	12074106880
2026-09-24T21:28:56+04:00	ck4m-whole	1	6	20211601408	23527116800	3256545280	16862466048	0	16636084224	1691678	19029700608	1937768448	456794112	16635138048	12323037184
2026-09-24T21:29:06+04:00	ck4m-whole	1	6	20211970048	23527116800	3256684544	16862466048	0	16636084224	1691678	19029831680	1937899520	456794112	16635138048	12038455296
2026-09-24T21:29:18+04:00	ck4m-whole	1	6	20211671040	23527116800	3256852480	16862466048	0	16636084224	1691678	19029962752	1938030592	456794112	16635138048	12557615104
2026-09-24T21:29:28+04:00	ck4m-whole	1	6	20212056064	23527116800	3256983552	16862466048	0	16636084224	1691678	19030093824	1938161664	456794112	16635138048	12145799168
2026-09-24T21:29:38+04:00	ck4m-whole	1	6	20212289536	23527116800	3257147392	16862466048	0	16636084224	1691678	19030355968	1938423808	456794112	16635138048	12070834176
2026-09-24T21:29:50+04:00	ck4m-whole	1	6	20213657600	23527116800	3258843136	16862466048	0	16636084224	1691678	19031457792	1939525632	456794112	16635138048	12007579648
2026-09-24T21:30:00+04:00	ck4m-whole	1	6	20213661696	23527116800	3258843136	16862466048	0	16636084224	1691678	19031457792	1939525632	456794112	16635138048	12219248640
2026-09-24T21:30:10+04:00	ck4m-whole	1	6	20215562240	23527116800	3259404288	16864043008	0	16636084224	1691678	19032018944	1940086784	456794112	16635138048	12344082432
2026-09-24T21:30:22+04:00	ck4m-whole	1	6	20217147392	23527116800	3259404288	16865611776	0	16636084224	1691678	19032018944	1940086784	456794112	16635138048	12049829888
2026-09-24T21:30:32+04:00	ck4m-whole	1	6	20217151488	23527116800	3259404288	16865611776	0	16636084224	1691678	19032018944	1940086784	456794112	16635138048	11808260096
2026-09-24T21:30:42+04:00	ck4m-whole	1	6	20217495552	23527116800	3259662336	16865611776	0	16636084224	1691678	19032399872	1940467712	456794112	16635138048	11534589952
2026-09-24T21:30:54+04:00	ck4m-whole	1	6	20217475072	23527116800	3259662336	16865611776	0	16636084224	1691678	19032399872	1940467712	456794112	16635138048	11667091456
2026-09-24T21:31:04+04:00	ck4m-whole	1	6	20221239296	23527116800	3259703296	16869097472	0	16636084224	1691678	19032481792	1940549632	456794112	16635138048	11591626752
2026-09-24T21:31:14+04:00	ck4m-whole	1	6	20221227008	23527116800	3259703296	16869097472	0	16636084224	1691678	19032481792	1940549632	456794112	16635138048	11409252352
2026-09-24T21:31:24+04:00	ck4m-whole	1	6	20252028928	23527116800	3289067520	16870674432	0	16636084224	1691678	19033325568	1941393408	456794112	16635138048	11605168128
2026-09-24T21:31:36+04:00	ck4m-whole	1	6	20252024832	23527116800	3289067520	16870674432	0	16636084224	1691678	19033325568	1941393408	456794112	16635138048	12030050304
2026-09-24T21:31:46+04:00	ck4m-whole	1	6	20252028928	23527116800	3289067520	16870674432	0	16636084224	1691678	19033325568	1941393408	456794112	16635138048	11906117632
2026-09-24T21:31:56+04:00	ck4m-whole	1	6	20252028928	23527116800	3289067520	16870674432	0	16636084224	1691678	19033325568	1941393408	456794112	16635138048	11682435072
2026-09-24T21:32:08+04:00	ck4m-whole	1	6	20252291072	23527116800	3289067520	16870674432	0	16636084224	1691678	19033325568	1941393408	456794112	16635138048	12040056832
2026-09-24T21:32:18+04:00	ck4m-whole	1	6	20286820352	23527116800	3313004544	16881270784	0	16636084224	1691678	19033444352	1941512192	456794112	16635138048	11821137920
2026-09-24T21:32:28+04:00	ck4m-mirror	0	0	297914368	297918464	220340224	74227712	0	0	1824701	429867008	215040000	214958080	0	31959117824
2026-09-24T21:32:40+04:00	ck4m-mirror	0	0	3413721088	3875061760	1644191744	1741553664	0	1488994304	1825084	2481569792	570454016	425283584	1488977920	28895838208
2026-09-24T21:32:50+04:00	ck4m-mirror	0	0	13817118720	13818953728	12059406336	1708085248	0	1488994304	1825084	12881326080	10995212288	398708736	1488977920	18142203904
2026-09-24T21:33:00+04:00	ck4m-mirror	0	0	14162636800	14164905984	12318089216	1790586880	0	1494622208	1825084	13143826432	11244343296	405000192	1494482944	18301177856
2026-09-24T21:33:12+04:00	ck4m-mirror	0	0	13495803904	14905139200	12959444992	486670336	0	91627520	1825084	12490698752	11885678592	513527808	91492352	18910081024
2026-09-24T21:33:22+04:00	ck4m-mirror	0	0	13667606528	14905139200	13122940928	494333952	0	91627520	1825084	12659408896	12049145856	518770688	91492352	18568605696
2026-09-24T21:33:32+04:00	ck4m-mirror	0	0	13779247104	14905139200	13229776896	499036160	0	91627520	1825084	12769206272	12155928576	521785344	91492352	18702860288
2026-09-24T21:33:42+04:00	ck4m-mirror	1	0	14262468608	14905139200	13709451264	499900416	0	91627520	1825084	13013000192	12394086400	527421440	91492352	17961467904
2026-09-24T21:33:54+04:00	ck4m-mirror	1	0	14262218752	14905139200	13709484032	499900416	0	91627520	1825084	13013786624	12394086400	528207872	91492352	17910509568
2026-09-24T21:34:04+04:00	ck4m-mirror	1	0	14262218752	14905139200	13709484032	499900416	0	91627520	1825084	13013786624	12394086400	528207872	91492352	18038726656
2026-09-24T21:34:14+04:00	ck4m-mirror	1	1	14265020416	14905139200	13710798848	499965952	0	91627520	1825084	13014048768	12394348544	528207872	91492352	17821794304
2026-09-24T21:34:26+04:00	ck4m-mirror	1	2	14597226496	14905139200	14040924160	500994048	0	91627520	1825084	13017587712	12396969984	529125376	91492352	17603403776
2026-09-24T21:34:36+04:00	ck4m-mirror	1	2	14597226496	14905139200	14040924160	500994048	0	91627520	1825084	13017587712	12396969984	529125376	91492352	17508081664
2026-09-24T21:34:46+04:00	ck4m-mirror	1	2	14597226496	14905139200	14040924160	500994048	0	91627520	1825084	13017587712	12396969984	529125376	91492352	17430470656
2026-09-24T21:34:58+04:00	ck4m-mirror	1	2	14597230592	14905139200	14040924160	500994048	0	91627520	1825084	13017587712	12396969984	529125376	91492352	17324879872
2026-09-24T21:35:08+04:00	ck4m-mirror	1	2	14597230592	14905139200	14040924160	500994048	0	91627520	1825084	13017587712	12396969984	529125376	91492352	17436999680
2026-09-24T21:35:18+04:00	ck4m-mirror	1	2	14597484544	14905139200	14040924160	500994048	0	91627520	1825084	13017587712	12396969984	529125376	91492352	17415561216
2026-09-24T21:35:29+04:00	ck4m-mirror	1	2	14597484544	14905139200	14040924160	500994048	0	91627520	1825084	13017587712	12396969984	529125376	91492352	17405571072
2026-09-24T21:35:39+04:00	ck4m-mirror	1	2	14597226496	14905139200	14040924160	500994048	0	91627520	1825084	13017587712	12396969984	529125376	91492352	17461649408
2026-09-24T21:35:50+04:00	ck4m-mirror	1	2	14597234688	14905139200	14040928256	500994048	0	91627520	1825084	13017587712	12396969984	529125376	91492352	17449086976
2026-09-24T21:36:01+04:00	ck4m-mirror	1	2	14597230592	14905139200	14040928256	500994048	0	91627520	1825084	13017587712	12396969984	529125376	91492352	17737461760
2026-09-24T21:36:11+04:00	ck4m-mirror	1	2	14597234688	14905139200	14040928256	500994048	0	91627520	1825084	13017587712	12396969984	529125376	91492352	16119173120
2026-09-24T21:36:21+04:00	ck4m-mirror	1	2	14597238784	14905139200	14040928256	500994048	0	91627520	1825084	13017587712	12396969984	529125376	91492352	15931146240
2026-09-24T21:36:31+04:00	ck4m-mirror	1	2	14597234688	14905139200	14040928256	500994048	0	91627520	1825084	13017587712	12396969984	529125376	91492352	17436246016
2026-09-24T21:36:43+04:00	ck4m-mirror	1	2	14597230592	14905139200	14040928256	500994048	0	91627520	1825084	13017587712	12396969984	529125376	91492352	17289494528
2026-09-24T21:36:53+04:00	ck4m-mirror	1	2	14597230592	14905139200	14040928256	500994048	0	91627520	1825084	13017587712	12396969984	529125376	91492352	17098694656
2026-09-24T21:37:03+04:00	ck4m-mirror	1	2	14597230592	14905139200	14040928256	500994048	0	91627520	1825084	13017587712	12396969984	529125376	91492352	17513771008
2026-09-24T21:37:15+04:00	ck4m-mirror	1	2	14597234688	14905139200	14040928256	500994048	0	91627520	1825084	13017587712	12396969984	529125376	91492352	17422811136
2026-09-24T21:37:25+04:00	ck4m-mirror	1	2	14597492736	14905139200	14040928256	500994048	0	91627520	1825084	13017587712	12396969984	529125376	91492352	17119928320
2026-09-24T21:37:35+04:00	ck4m-mirror	1	2	14597484544	14905139200	14040928256	500994048	0	91627520	1825084	13017587712	12396969984	529125376	91492352	17543770112
2026-09-24T21:37:47+04:00	ck4m-mirror	1	2	14597230592	14905139200	14040928256	500994048	0	91627520	1825084	13017587712	12396969984	529125376	91492352	17400164352
2026-09-24T21:37:57+04:00	ck4m-mirror	1	2	14597230592	14905139200	14040928256	500994048	0	91627520	1825084	13017587712	12396969984	529125376	91492352	17386741760
2026-09-24T21:38:07+04:00	ck4m-mirror	1	2	14597488640	14905139200	14040928256	500994048	0	91627520	1825084	13017587712	12396969984	529125376	91492352	17637785600
2026-09-24T21:38:19+04:00	ck4m-mirror	1	2	14597234688	14905139200	14040928256	500994048	0	91627520	1825084	13017587712	12396969984	529125376	91492352	17340878848
2026-09-24T21:38:30+04:00	ck4m-mirror	1	2	14597226496	14905139200	14040928256	500994048	0	91627520	1825084	13017587712	12396969984	529125376	91492352	17256435712
2026-09-24T21:38:40+04:00	ck4m-mirror	1	2	14597226496	14905139200	14040928256	500994048	0	91627520	1825084	13017587712	12396969984	529125376	91492352	17208197120
2026-09-24T21:38:52+04:00	ck4m-mirror	1	2	14597226496	14905139200	14040928256	500994048	0	91627520	1825084	13017587712	12396969984	529125376	91492352	17141596160
2026-09-24T21:39:02+04:00	ck4m-mirror	1	2	14597226496	14905139200	14040928256	500994048	0	91627520	1825084	13017587712	12396969984	529125376	91492352	16879996928
2026-09-24T21:39:12+04:00	ck4m-mirror	1	2	14597496832	14905139200	14040928256	500994048	0	91627520	1825084	13017587712	12396969984	529125376	91492352	17699164160
2026-09-24T21:39:22+04:00	ck4m-mirror	1	2	14597484544	14905139200	14040928256	500994048	0	91627520	1825084	13017587712	12396969984	529125376	91492352	17362145280
2026-09-24T21:39:34+04:00	ck4m-mirror	1	2	14597488640	14905139200	14040928256	500994048	0	91627520	1825084	13017587712	12396969984	529125376	91492352	17356414976
2026-09-24T21:39:45+04:00	ck4m-mirror	1	2	14597484544	14905139200	14040928256	500994048	0	91627520	1825084	13017587712	12396969984	529125376	91492352	17200001024
2026-09-24T21:39:55+04:00	ck4m-mirror	1	2	14597484544	14905139200	14040928256	500994048	0	91627520	1825084	13017587712	12396969984	529125376	91492352	17734336512
2026-09-24T21:40:07+04:00	ck4m-mirror	1	2	14597480448	14905139200	14040928256	500994048	0	91627520	1825084	13017587712	12396969984	529125376	91492352	17526943744
2026-09-24T21:40:17+04:00	ck4m-mirror	1	2	14597496832	14905139200	14040928256	500994048	0	91627520	1825084	13017587712	12396969984	529125376	91492352	17431642112
2026-09-24T21:40:27+04:00	ck4m-mirror	1	2	14597484544	14905139200	14040928256	500994048	0	91627520	1825084	13017587712	12396969984	529125376	91492352	17761218560
2026-09-24T21:40:39+04:00	ck4m-mirror	1	2	14597484544	14905139200	14040928256	500994048	0	91627520	1825084	13017587712	12396969984	529125376	91492352	17572999168
2026-09-24T21:40:49+04:00	ck4m-mirror	1	2	14597480448	14905139200	14040928256	500994048	0	91627520	1825084	13017587712	12396969984	529125376	91492352	17668755456
2026-09-24T21:40:59+04:00	ck4m-mirror	1	2	14597480448	14905139200	14040928256	500994048	0	91627520	1825084	13017587712	12396969984	529125376	91492352	17530494976
2026-09-24T21:41:12+04:00	ck4m-mirror	1	2	14597480448	14905139200	14040928256	500994048	0	91627520	1825084	13017587712	12396969984	529125376	91492352	17657745408
2026-09-24T21:41:22+04:00	ck4m-mirror	1	2	14597476352	14905139200	14040928256	500994048	0	91627520	1825084	13017587712	12396969984	529125376	91492352	17486995456
2026-09-24T21:41:32+04:00	ck4m-mirror	1	4	14654050304	14905139200	14070657024	527556608	0	91627520	1825084	13048315904	12426649600	530173952	91492352	17493110784
2026-09-24T21:41:44+04:00	ck4m-mirror	1	5	14646333440	14905139200	14062014464	528777216	0	91627520	1825084	13048315904	12426649600	530173952	91492352	17663909888
2026-09-24T21:41:54+04:00	ck4m-mirror	1	5	14646333440	14905139200	14062014464	528777216	0	91627520	1825084	13048315904	12426649600	530173952	91492352	17518501888
2026-09-24T21:42:04+04:00	ck4m-mirror	1	5	14646341632	14905139200	14062014464	528777216	0	91627520	1825084	13048315904	12426649600	530173952	91492352	17290846208
2026-09-24T21:42:15+04:00	ck4m-mirror	1	5	14646599680	14905139200	14062014464	528777216	0	91627520	1825084	13048315904	12426649600	530173952	91492352	17814904832
2026-09-24T21:42:27+04:00	ck4m-mirror	1	5	14646333440	14905139200	14062014464	528777216	0	91627520	1825084	13048315904	12426649600	530173952	91492352	17650409472
2026-09-24T21:42:37+04:00	ck4m-mirror	1	5	14646337536	14905139200	14062014464	528777216	0	91627520	1825084	13048315904	12426649600	530173952	91492352	17758588928
2026-09-24T21:42:47+04:00	ck4m-mirror	1	5	14646337536	14905139200	14062014464	528777216	0	91627520	1825084	13048315904	12426649600	530173952	91492352	17552908288
2026-09-24T21:42:57+04:00	ck4m-mirror	1	5	14646595584	14905139200	14062014464	528777216	0	91627520	1825084	13048315904	12426649600	530173952	91492352	17381281792
2026-09-24T21:43:10+04:00	ck4m-mirror	1	5	14646341632	14905139200	14062014464	528777216	0	91627520	1825084	13048315904	12426649600	530173952	91492352	17162104832
2026-09-24T21:43:20+04:00	ck4m-mirror	1	5	14646341632	14905139200	14062014464	528777216	0	91627520	1825084	13048315904	12426649600	530173952	91492352	17085976576
2026-09-24T21:43:31+04:00	ck4m-mirror	1	5	14646595584	14905139200	14062014464	528777216	0	91627520	1825084	13048315904	12426649600	530173952	91492352	17907064832
2026-09-24T21:43:41+04:00	ck4m-mirror	1	5	14646595584	14905139200	14062014464	528777216	0	91627520	1825084	13048315904	12426649600	530173952	91492352	17688186880
2026-09-24T21:43:51+04:00	ck4m-mirror	1	5	14646341632	14905139200	14062014464	528777216	0	91627520	1825084	13048315904	12426649600	530173952	91492352	17373638656
2026-09-24T21:44:01+04:00	ck4m-mirror	1	5	14646341632	14905139200	14062014464	528777216	0	91627520	1825084	13048315904	12426649600	530173952	91492352	17763119104
2026-09-24T21:44:11+04:00	ck4m-mirror	1	5	14646337536	14905139200	14062014464	528777216	0	91627520	1825084	13048315904	12426649600	530173952	91492352	17657769984
2026-09-24T21:44:23+04:00	ck4m-mirror	1	5	14646337536	14905139200	14062014464	528777216	0	91627520	1825084	13048315904	12426649600	530173952	91492352	17650495488
2026-09-24T21:44:33+04:00	ck4m-mirror	1	5	14646341632	14905139200	14062014464	528777216	0	91627520	1825084	13048315904	12426649600	530173952	91492352	17448202240
2026-09-24T21:44:44+04:00	ck4m-mirror	1	5	14646341632	14905139200	14062014464	528777216	0	91627520	1825084	13048315904	12426649600	530173952	91492352	17796853760
2026-09-24T21:44:55+04:00	ck4m-mirror	1	5	14646341632	14905139200	14062014464	528777216	0	91627520	1825084	13048315904	12426649600	530173952	91492352	17596223488
2026-09-24T21:45:05+04:00	ck4m-mirror	1	5	14646341632	14905139200	14062014464	528777216	0	91627520	1825084	13048315904	12426649600	530173952	91492352	17387159552
2026-09-24T21:45:15+04:00	ck4m-mirror	1	5	14646341632	14905139200	14062014464	528777216	0	91627520	1825084	13048315904	12426649600	530173952	91492352	17794269184
2026-09-24T21:45:27+04:00	ck4m-mirror	1	5	14646341632	14905139200	14062014464	528777216	0	91627520	1825084	13048315904	12426649600	530173952	91492352	17596510208
2026-09-24T21:45:37+04:00	ck4m-mirror	1	5	14646337536	14905139200	14062014464	528777216	0	91627520	1825084	13048315904	12426649600	530173952	91492352	17486659584
2026-09-24T21:45:47+04:00	ck4m-mirror	1	5	14646341632	14905139200	14062014464	528777216	0	91627520	1825084	13048315904	12426649600	530173952	91492352	17748045824
2026-09-24T21:45:58+04:00	ck4m-mirror	1	5	14646337536	14905139200	14062014464	528777216	0	91627520	1825084	13048315904	12426649600	530173952	91492352	17509642240
2026-09-24T21:46:08+04:00	ck4m-mirror	1	5	14646341632	14905139200	14062014464	528777216	0	91627520	1825084	13048315904	12426649600	530173952	91492352	17683734528
2026-09-24T21:46:19+04:00	ck4m-mirror	1	5	14646337536	14905139200	14062014464	528777216	0	91627520	1825084	13048315904	12426649600	530173952	91492352	17289940992
2026-09-24T21:46:29+04:00	ck4m-mirror	1	5	14646337536	14905139200	14062014464	528777216	0	91627520	1825084	13048315904	12426649600	530173952	91492352	17690472448
2026-09-24T21:46:40+04:00	ck4m-mirror	1	5	14646595584	14905139200	14062014464	528777216	0	91627520	1825084	13048315904	12426649600	530173952	91492352	17542033408
2026-09-24T21:46:50+04:00	ck4m-mirror	1	5	14646595584	14905139200	14062014464	528777216	0	91627520	1825084	13048315904	12426649600	530173952	91492352	17351364608
2026-09-24T21:47:00+04:00	ck4m-mirror	1	5	14646591488	14905139200	14062014464	528777216	0	91627520	1825084	13048315904	12426649600	530173952	91492352	17348685824
2026-09-24T21:47:12+04:00	ck4m-mirror	1	5	14646591488	14905139200	14062014464	528777216	0	91627520	1825084	13048315904	12426649600	530173952	91492352	17694699520
2026-09-24T21:47:22+04:00	ck4m-mirror	1	5	14646591488	14905139200	14062014464	528777216	0	91627520	1825084	13048315904	12426649600	530173952	91492352	17467273216
2026-09-24T21:47:32+04:00	ck4m-mirror	1	5	14646587392	14905139200	14062014464	528777216	0	91627520	1825084	13048315904	12426649600	530173952	91492352	17823715328
2026-09-24T21:47:44+04:00	ck4m-mirror	1	5	14646341632	14905139200	14062014464	528777216	0	91627520	1825084	13048315904	12426649600	530173952	91492352	17782382592
2026-09-24T21:47:54+04:00	ck4m-mirror	1	5	14646337536	14905139200	14062014464	528777216	0	91627520	1825084	13048315904	12426649600	530173952	91492352	17731104768
2026-09-24T21:48:04+04:00	ck4m-mirror	1	5	14646341632	14905139200	14062014464	528777216	0	91627520	1825084	13048315904	12426649600	530173952	91492352	17696632832
2026-09-24T21:48:15+04:00	ck4m-mirror	1	5	14646599680	14905139200	14062014464	528777216	0	91627520	1825084	13048315904	12426649600	530173952	91492352	17646641152
2026-09-24T21:48:25+04:00	ck4m-mirror	1	5	14646599680	14905139200	14062014464	528777216	0	91627520	1825084	13048315904	12426649600	530173952	91492352	17669812224
2026-09-24T21:48:35+04:00	ck4m-mirror	1	5	14646595584	14905139200	14062014464	528777216	0	91627520	1825084	13048315904	12426649600	530173952	91492352	17750630400
2026-09-24T21:48:47+04:00	ck4m-mirror	1	6	14669049856	14905139200	14082826240	530460672	0	91627520	1825084	13048434688	12426768384	530173952	91492352	17719959552
2026-09-24T21:48:57+04:00	ck4m-whole-1m	0	0	335839232	335847424	311959552	20471808	0	0	1900539	528674816	305721344	222953472	0	31444647936
2026-09-24T21:49:07+04:00	ck4m-whole-1m	0	0	6831718400	6831738880	1735688192	5060055040	0	5026164736	1900909	6086254592	661745664	399208448	5027397632	25214590976
2026-09-24T21:49:17+04:00	ck4m-whole-1m	0	0	9418092544	9418092544	1735987200	7634673664	0	7600816128	1900909	8661053440	662007808	399339520	7601934336	22544932864
2026-09-24T21:49:29+04:00	ck4m-whole-1m	0	0	11905015808	11907928064	1736097792	10130493440	0	10096574464	1900909	11157352448	662269952	399339520	10098626560	20121575424
2026-09-24T21:49:39+04:00	ck4m-whole-1m	0	0	14383689728	14383796224	1736249344	12578926592	0	12547563520	1900909	13608456192	662401024	399339520	12549730304	17577795584
2026-09-24T21:49:49+04:00	ck4m-whole-1m	0	0	20012822528	23549878272	1819516928	18102013952	0	18039078912	1900909	19199111168	745746432	416247808	18038296576	12456353792
2026-09-24T21:50:01+04:00	ck4m-whole-1m	1	0	20027613184	23549878272	3221880832	16716390400	0	16636084224	1900909	19068346368	1906548736	526479360	16635318272	12428795904
2026-09-24T21:50:11+04:00	ck4m-whole-1m	1	0	20029472768	23549878272	3221905408	16718213120	0	16636084224	1900909	19069132800	1906548736	527265792	16635318272	12410511360
2026-09-24T21:50:21+04:00	ck4m-whole-1m	1	0	20029472768	23549878272	3221905408	16718213120	0	16636084224	1900909	19069132800	1906548736	527265792	16635318272	12377350144
2026-09-24T21:50:33+04:00	ck4m-whole-1m	1	1	20551376896	23549878272	3741134848	16718299136	0	16636084224	1900909	19073064960	1910480896	527265792	16635318272	11896623104
2026-09-24T21:50:43+04:00	ck4m-whole-1m	1	1	20551368704	23549878272	3741138944	16718299136	0	16636084224	1900909	19073064960	1910480896	527265792	16635318272	11851845632
2026-09-24T21:50:53+04:00	ck4m-whole-1m	1	1	20551122944	23549878272	3741138944	16718299136	0	16636084224	1900909	19073064960	1910480896	527265792	16635318272	11903606784
2026-09-24T21:51:05+04:00	ck4m-whole-1m	1	1	20551122944	23549878272	3741138944	16718299136	0	16636084224	1900909	19073064960	1910480896	527265792	16635318272	11860205568
2026-09-24T21:51:15+04:00	ck4m-whole-1m	1	1	20551122944	23549878272	3741138944	16718299136	0	16636084224	1900909	19073064960	1910480896	527265792	16635318272	11599925248
2026-09-24T21:51:25+04:00	ck4m-whole-1m	1	1	20551122944	23549878272	3741138944	16718299136	0	16636084224	1900909	19073064960	1910480896	527265792	16635318272	11483459584
2026-09-24T21:51:37+04:00	ck4m-whole-1m	1	1	20551127040	23549878272	3741138944	16718299136	0	16636084224	1900909	19073064960	1910480896	527265792	16635318272	11403325440
2026-09-24T21:51:47+04:00	ck4m-whole-1m	1	1	20551127040	23549878272	3741138944	16718299136	0	16636084224	1900909	19073064960	1910480896	527265792	16635318272	11217293312
2026-09-24T21:51:57+04:00	ck4m-whole-1m	1	1	20551127040	23549878272	3741138944	16718299136	0	16636084224	1900909	19073064960	1910480896	527265792	16635318272	11333283840
2026-09-24T21:52:07+04:00	ck4m-whole-1m	1	1	20551127040	23549878272	3741138944	16718299136	0	16636084224	1900909	19073064960	1910480896	527265792	16635318272	11072475136
2026-09-24T21:52:19+04:00	ck4m-whole-1m	1	1	20551122944	23549878272	3741138944	16718299136	0	16636084224	1900909	19073064960	1910480896	527265792	16635318272	10826178560
2026-09-24T21:52:29+04:00	ck4m-whole-1m	1	1	20551131136	23549878272	3741143040	16718299136	0	16636084224	1900909	19073064960	1910480896	527265792	16635318272	10994921472
2026-09-24T21:52:39+04:00	ck4m-whole-1m	1	1	20551127040	23549878272	3741143040	16718299136	0	16636084224	1900909	19073064960	1910480896	527265792	16635318272	10905391104
2026-09-24T21:52:51+04:00	ck4m-whole-1m	1	1	20551127040	23549878272	3741143040	16718299136	0	16636084224	1900909	19073064960	1910480896	527265792	16635318272	11035955200
2026-09-24T21:53:01+04:00	ck4m-whole-1m	1	1	20551122944	23549878272	3741143040	16718299136	0	16636084224	1900909	19073064960	1910480896	527265792	16635318272	11000119296
2026-09-24T21:53:11+04:00	ck4m-whole-1m	1	1	20551131136	23549878272	3741143040	16718299136	0	16636084224	1900909	19073064960	1910480896	527265792	16635318272	11020226560
2026-09-24T21:53:23+04:00	ck4m-whole-1m	1	1	20551122944	23549878272	3741143040	16718299136	0	16636084224	1900909	19073064960	1910480896	527265792	16635318272	10649690112
2026-09-24T21:53:33+04:00	ck4m-whole-1m	1	1	20551122944	23549878272	3741143040	16718299136	0	16636084224	1900909	19073064960	1910480896	527265792	16635318272	11098398720
2026-09-24T21:53:43+04:00	ck4m-whole-1m	1	1	20551127040	23549878272	3741143040	16718299136	0	16636084224	1900909	19073064960	1910480896	527265792	16635318272	11347963904
2026-09-24T21:53:55+04:00	ck4m-whole-1m	1	1	20551127040	23549878272	3741143040	16718299136	0	16636084224	1900909	19073064960	1910480896	527265792	16635318272	11132796928
2026-09-24T21:54:05+04:00	ck4m-whole-1m	1	1	20551385088	23549878272	3741143040	16718299136	0	16636084224	1900909	19073064960	1910480896	527265792	16635318272	11429531648
2026-09-24T21:54:15+04:00	ck4m-whole-1m	1	1	20551385088	23549878272	3741143040	16718299136	0	16636084224	1900909	19073064960	1910480896	527265792	16635318272	11322126336
2026-09-24T21:54:27+04:00	ck4m-whole-1m	1	1	20551376896	23549878272	3741143040	16718299136	0	16636084224	1900909	19073064960	1910480896	527265792	16635318272	11191808000
2026-09-24T21:54:37+04:00	ck4m-whole-1m	1	1	20551376896	23549878272	3741143040	16718299136	0	16636084224	1900909	19073064960	1910480896	527265792	16635318272	10895552512
2026-09-24T21:54:47+04:00	ck4m-whole-1m	1	1	20551376896	23549878272	3741143040	16718299136	0	16636084224	1900909	19073064960	1910480896	527265792	16635318272	10546819072
2026-09-24T21:54:57+04:00	ck4m-whole-1m	1	1	20551372800	23549878272	3741143040	16718299136	0	16636084224	1900909	19073064960	1910480896	527265792	16635318272	11077173248
2026-09-24T21:55:09+04:00	ck4m-whole-1m	1	1	20551372800	23549878272	3741143040	16718299136	0	16636084224	1900909	19073064960	1910480896	527265792	16635318272	11373948928
2026-09-24T21:55:19+04:00	ck4m-whole-1m	1	1	20551131136	23549878272	3741143040	16718299136	0	16636084224	1900909	19073064960	1910480896	527265792	16635318272	11124531200
2026-09-24T21:55:29+04:00	ck4m-whole-1m	1	1	20551385088	23549878272	3741143040	16718299136	0	16636084224	1900909	19073064960	1910480896	527265792	16635318272	11431874560
2026-09-24T21:55:41+04:00	ck4m-whole-1m	1	1	20551385088	23549878272	3741143040	16718299136	0	16636084224	1900909	19073064960	1910480896	527265792	16635318272	11236462592
2026-09-24T21:55:51+04:00	ck4m-whole-1m	1	1	20551380992	23549878272	3741143040	16718299136	0	16636084224	1900909	19073064960	1910480896	527265792	16635318272	11518627840
2026-09-24T21:56:01+04:00	ck4m-whole-1m	1	1	20551380992	23549878272	3741143040	16718299136	0	16636084224	1900909	19073064960	1910480896	527265792	16635318272	11322990592
2026-09-24T21:56:13+04:00	ck4m-whole-1m	1	1	20551376896	23549878272	3741143040	16718299136	0	16636084224	1900909	19073064960	1910480896	527265792	16635318272	11608743936
2026-09-24T21:56:23+04:00	ck4m-whole-1m	1	1	20551376896	23549878272	3741143040	16718299136	0	16636084224	1900909	19073064960	1910480896	527265792	16635318272	11401879552
2026-09-24T21:56:33+04:00	ck4m-whole-1m	1	1	20551368704	23549878272	3741143040	16718299136	0	16636084224	1900909	19073064960	1910480896	527265792	16635318272	11181174784
2026-09-24T21:56:45+04:00	ck4m-whole-1m	1	1	20551368704	23549878272	3741143040	16718299136	0	16636084224	1900909	19073064960	1910480896	527265792	16635318272	11153756160
2026-09-24T21:56:55+04:00	ck4m-whole-1m	1	1	20551368704	23549878272	3741143040	16718299136	0	16636084224	1900909	19073064960	1910480896	527265792	16635318272	11125235712
2026-09-24T21:57:05+04:00	ck4m-whole-1m	1	1	20551364608	23549878272	3741143040	16718299136	0	16636084224	1900909	19073064960	1910480896	527265792	16635318272	11102375936
2026-09-24T21:57:17+04:00	ck4m-whole-1m	1	1	20551360512	23549878272	3741143040	16718299136	0	16636084224	1900909	19073064960	1910480896	527265792	16635318272	11129466880
2026-09-24T21:57:27+04:00	ck4m-whole-1m	1	1	20551360512	23549878272	3741143040	16718299136	0	16636084224	1900909	19073064960	1910480896	527265792	16635318272	11133800448
2026-09-24T21:57:37+04:00	ck4m-whole-1m	1	1	20551127040	23549878272	3741143040	16718299136	0	16636084224	1900909	19073064960	1910480896	527265792	16635318272	10846629888
2026-09-24T21:57:47+04:00	ck4m-whole-1m	1	1	20551127040	23549878272	3741143040	16718299136	0	16636084224	1900909	19073064960	1910480896	527265792	16635318272	10991181824
2026-09-24T21:57:59+04:00	ck4m-whole-1m	1	1	20551127040	23549878272	3741143040	16718299136	0	16636084224	1900909	19073064960	1910480896	527265792	16635318272	11417493504
2026-09-24T21:58:09+04:00	ck4m-whole-1m	1	1	20551139328	23549878272	3741143040	16718299136	0	16636084224	1900909	19073064960	1910480896	527265792	16635318272	11327856640
2026-09-24T21:58:19+04:00	ck4m-whole-1m	1	1	20551135232	23549878272	3741143040	16718299136	0	16636084224	1900909	19073064960	1910480896	527265792	16635318272	11252592640
2026-09-24T21:58:31+04:00	ck4m-whole-1m	1	1	20551135232	23549878272	3741143040	16718299136	0	16636084224	1900909	19073064960	1910480896	527265792	16635318272	11134025728
2026-09-24T21:58:41+04:00	ck4m-whole-1m	1	1	20551131136	23549878272	3741143040	16718299136	0	16636084224	1900909	19073064960	1910480896	527265792	16635318272	10969071616
2026-09-24T21:58:51+04:00	ck4m-whole-1m	1	1	20551385088	23549878272	3741143040	16718299136	0	16636084224	1900909	19073064960	1910480896	527265792	16635318272	11350654976
2026-09-24T21:59:03+04:00	ck4m-whole-1m	1	1	20551385088	23549878272	3741143040	16718299136	0	16636084224	1900909	19073064960	1910480896	527265792	16635318272	11259461632
2026-09-24T21:59:13+04:00	ck4m-whole-1m	1	1	20551389184	23549878272	3741143040	16718299136	0	16636084224	1900909	19073064960	1910480896	527265792	16635318272	10967261184
2026-09-24T21:59:23+04:00	ck4m-whole-1m	1	1	20551380992	23549878272	3741143040	16718299136	0	16636084224	1900909	19073064960	1910480896	527265792	16635318272	11490377728
2026-09-24T21:59:35+04:00	ck4m-whole-1m	1	1	20551380992	23549878272	3741143040	16718299136	0	16636084224	1900909	19073064960	1910480896	527265792	16635318272	11351506944
2026-09-24T21:59:45+04:00	ck4m-whole-1m	1	1	20551385088	23549878272	3741143040	16718299136	0	16636084224	1900909	19073064960	1910480896	527265792	16635318272	11296333824
2026-09-24T21:59:55+04:00	ck4m-whole-1m	1	1	20551380992	23549878272	3741143040	16718299136	0	16636084224	1900909	19073064960	1910480896	527265792	16635318272	11484303360
2026-09-24T22:00:07+04:00	ck4m-whole-1m	1	1	20551380992	23549878272	3741143040	16718299136	0	16636084224	1900909	19073064960	1910480896	527265792	16635318272	11301781504
2026-09-24T22:00:17+04:00	ck4m-whole-1m	1	1	20551368704	23549878272	3741143040	16718299136	0	16636084224	1900909	19073064960	1910480896	527265792	16635318272	11141599232
2026-09-24T22:00:27+04:00	ck4m-whole-1m	1	1	20551372800	23549878272	3741143040	16718299136	0	16636084224	1900909	19073064960	1910480896	527265792	16635318272	11152277504
2026-09-24T22:00:37+04:00	ck4m-whole-1m	1	1	20551372800	23549878272	3741143040	16718299136	0	16636084224	1900909	19073064960	1910480896	527265792	16635318272	11022622720
2026-09-24T22:00:49+04:00	ck4m-whole-1m	1	1	20551376896	23549878272	3741147136	16718299136	0	16636084224	1900909	19073064960	1910480896	527265792	16635318272	10520145920
2026-09-24T22:00:59+04:00	ck4m-whole-1m	1	1	20551376896	23549878272	3741147136	16718299136	0	16636084224	1900909	19073064960	1910480896	527265792	16635318272	11505283072
2026-09-24T22:01:09+04:00	ck4m-whole-1m	1	1	20551372800	23549878272	3741147136	16718299136	0	16636084224	1900909	19073064960	1910480896	527265792	16635318272	11287171072
2026-09-24T22:01:21+04:00	ck4m-whole-1m	1	1	20551372800	23549878272	3741147136	16718299136	0	16636084224	1900909	19073064960	1910480896	527265792	16635318272	11084726272
2026-09-24T22:01:31+04:00	ck4m-whole-1m	1	1	20551372800	23549878272	3741147136	16718299136	0	16636084224	1900909	19073064960	1910480896	527265792	16635318272	11515817984
2026-09-24T22:01:41+04:00	ck4m-whole-1m	1	1	20551364608	23549878272	3741147136	16718299136	0	16636084224	1900909	19073064960	1910480896	527265792	16635318272	11417272320
2026-09-24T22:01:53+04:00	ck4m-whole-1m	1	1	20551364608	23549878272	3741147136	16718299136	0	16636084224	1900909	19073064960	1910480896	527265792	16635318272	11238064128
2026-09-24T22:02:03+04:00	ck4m-whole-1m	1	1	20551364608	23549878272	3741147136	16718299136	0	16636084224	1900909	19073064960	1910480896	527265792	16635318272	11460509696
2026-09-24T22:02:13+04:00	ck4m-whole-1m	1	1	20551360512	23549878272	3741147136	16718299136	0	16636084224	1900909	19073064960	1910480896	527265792	16635318272	11371298816
2026-09-24T22:02:25+04:00	ck4m-whole-1m	1	1	20551360512	23549878272	3741147136	16718299136	0	16636084224	1900909	19073064960	1910480896	527265792	16635318272	11550687232
2026-09-24T22:02:35+04:00	ck4m-whole-1m	1	1	20551360512	23549878272	3741147136	16718299136	0	16636084224	1900909	19073064960	1910480896	527265792	16635318272	11369742336
2026-09-24T22:02:45+04:00	ck4m-whole-1m	1	1	20551356416	23549878272	3741147136	16718299136	0	16636084224	1900909	19073064960	1910480896	527265792	16635318272	11629088768
2026-09-24T22:02:55+04:00	ck4m-whole-1m	1	1	20551356416	23549878272	3741147136	16718299136	0	16636084224	1900909	19073064960	1910480896	527265792	16635318272	11361136640
2026-09-24T22:03:07+04:00	ck4m-whole-1m	1	1	20551356416	23549878272	3741147136	16718299136	0	16636084224	1900909	19073064960	1910480896	527265792	16635318272	11189018624
2026-09-24T22:03:18+04:00	ck4m-whole-1m	1	1	20551344128	23549878272	3741147136	16718299136	0	16636084224	1900909	19073064960	1910480896	527265792	16635318272	11176001536
2026-09-24T22:03:28+04:00	ck4m-whole-1m	1	1	20551348224	23549878272	3741147136	16718299136	0	16636084224	1900909	19073064960	1910480896	527265792	16635318272	11293368320
2026-09-24T22:03:40+04:00	ck4m-whole-1m	1	3	20481036288	23549878272	3669979136	16721240064	0	16636084224	1900909	19073499136	1910128640	528052224	16635318272	11294687232
2026-09-24T22:03:50+04:00	ck4m-whole-1m	1	3	20709875712	23549878272	3896500224	16721240064	0	16636084224	1900909	19073499136	1910128640	528052224	16635318272	10605129728
2026-09-24T22:04:00+04:00	ck4m-whole-1m	1	3	20709875712	23549878272	3896500224	16721240064	0	16636084224	1900909	19073499136	1910128640	528052224	16635318272	10947608576
2026-09-24T22:04:13+04:00	ck4m-whole-1m	1	3	20710146048	23549878272	3896500224	16721240064	0	16636084224	1900909	19073499136	1910128640	528052224	16635318272	10794598400
2026-09-24T22:04:23+04:00	ck4m-whole-1m	1	3	20709879808	23549878272	3896500224	16721240064	0	16636084224	1900909	19073499136	1910128640	528052224	16635318272	11085623296
2026-09-24T22:04:33+04:00	ck4m-whole-1m	1	3	20709879808	23549878272	3896500224	16721240064	0	16636084224	1900909	19073499136	1910128640	528052224	16635318272	10827833344
2026-09-24T22:04:45+04:00	ck4m-whole-1m	1	3	20709875712	23549878272	3896500224	16721240064	0	16636084224	1900909	19073499136	1910128640	528052224	16635318272	10547363840
2026-09-24T22:04:55+04:00	ck4m-whole-1m	1	3	20702892032	23549878272	3896500224	16714252288	0	16636084224	1900909	19067338752	1910128640	521891840	16635318272	10189127680
2026-09-24T22:05:05+04:00	ck4m-whole-1m	1	3	20702588928	23549878272	3896500224	16713953280	0	16636084224	1900909	19066945536	1910128640	521498624	16635318272	10104467456
2026-09-24T22:05:18+04:00	ck4m-whole-1m	1	3	20699131904	23549878272	3896500224	16710234112	0	16636084224	1900909	19065372672	1910128640	519925760	16635318272	10848256000
2026-09-24T22:05:28+04:00	ck4m-whole-1m	1	3	20699123712	23549878272	3896500224	16710250496	0	16636084224	1900909	19065503744	1910128640	520056832	16635318272	10808532992
2026-09-24T22:05:38+04:00	ck4m-whole-1m	1	3	20698411008	23549878272	3896500224	16709771264	0	16636084224	1900909	19065372672	1910128640	519925760	16635318272	10579664896
2026-09-24T22:05:48+04:00	ck4m-whole-1m	1	3	20696727552	23549878272	3896500224	16708087808	0	16636084224	1900909	19064324096	1910128640	518877184	16635318272	10221080576
2026-09-24T22:06:00+04:00	ck4m-whole-1m	1	3	20696731648	23549878272	3896500224	16708087808	0	16636084224	1900909	19064324096	1910128640	518877184	16635318272	10705088512
2026-09-24T22:06:10+04:00	ck4m-whole-1m	1	3	20696727552	23549878272	3896500224	16708087808	0	16636084224	1900909	19064324096	1910128640	518877184	16635318272	10971381760
2026-09-24T22:06:20+04:00	ck4m-whole-1m	1	3	20696727552	23549878272	3896500224	16708087808	0	16636084224	1900909	19064324096	1910128640	518877184	16635318272	10481160192
2026-09-24T22:06:33+04:00	ck4m-whole-1m	1	3	20696723456	23549878272	3896500224	16708087808	0	16636084224	1900909	19064324096	1910128640	518877184	16635318272	10133217280
2026-09-24T22:06:43+04:00	ck4m-whole-1m	1	3	20696731648	23549878272	3896500224	16707833856	0	16636084224	1900909	19063406592	1910128640	517959680	16635318272	10118057984
2026-09-24T22:06:53+04:00	ck4m-whole-1m	1	3	20696723456	23549878272	3896500224	16707833856	0	16636084224	1900909	19063406592	1910128640	517959680	16635318272	9881661440
2026-09-24T22:07:05+04:00	ck4m-whole-1m	1	3	20695330816	23549878272	3896500224	16706441216	0	16636084224	1900909	19061702656	1910128640	516255744	16635318272	9757048832
2026-09-24T22:07:15+04:00	ck4m-whole-1m	1	3	20694704128	23549878272	3896500224	16705818624	0	16636084224	1900909	19061178368	1910128640	515731456	16635318272	10157834240
2026-09-24T22:07:25+04:00	ck4m-whole-1m	1	3	20694704128	23549878272	3896500224	16705818624	0	16636084224	1900909	19061178368	1910128640	515731456	16635318272	9997643776
2026-09-24T22:07:37+04:00	ck4m-whole-1m	1	3	20694700032	23549878272	3896500224	16705818624	0	16636084224	1900909	19061178368	1910128640	515731456	16635318272	9875636224
2026-09-24T22:07:47+04:00	ck4m-whole-1m	1	3	20694458368	23549878272	3896500224	16705818624	0	16636084224	1900909	19061178368	1910128640	515731456	16635318272	10065698816
2026-09-24T22:07:57+04:00	ck4m-whole-1m	1	3	20694458368	23549878272	3896500224	16705818624	0	16636084224	1900909	19061178368	1910128640	515731456	16635318272	9865261056
2026-09-24T22:08:09+04:00	ck4m-whole-1m	1	3	20694458368	23549878272	3896500224	16705818624	0	16636084224	1900909	19061178368	1910128640	515731456	16635318272	10041335808
2026-09-24T22:08:19+04:00	ck4m-whole-1m	1	3	20694716416	23549878272	3896500224	16705818624	0	16636084224	1900909	19061178368	1910128640	515731456	16635318272	9785466880
2026-09-24T22:08:29+04:00	ck4m-whole-1m	1	3	20694716416	23549878272	3896500224	16705818624	0	16636084224	1900909	19061178368	1910128640	515731456	16635318272	10107777024
2026-09-24T22:08:39+04:00	ck4m-whole-1m	1	3	20694704128	23549878272	3896500224	16705818624	0	16636084224	1900909	19061178368	1910128640	515731456	16635318272	9879785472
2026-09-24T22:08:51+04:00	ck4m-whole-1m	1	3	20694708224	23549878272	3896500224	16705818624	0	16636084224	1900909	19061178368	1910128640	515731456	16635318272	9783054336
2026-09-24T22:09:01+04:00	ck4m-whole-1m	1	3	20694462464	23549878272	3896500224	16705818624	0	16636084224	1900909	19061178368	1910128640	515731456	16635318272	9687605248
2026-09-24T22:09:11+04:00	ck4m-whole-1m	1	3	20694458368	23549878272	3896500224	16705818624	0	16636084224	1900909	19061178368	1910128640	515731456	16635318272	10142384128
2026-09-24T22:09:23+04:00	ck4m-whole-1m	1	3	20694720512	23549878272	3896500224	16705818624	0	16636084224	1900909	19061178368	1910128640	515731456	16635318272	9875390464
2026-09-24T22:09:33+04:00	ck4m-whole-1m	1	3	20694712320	23549878272	3896500224	16705818624	0	16636084224	1900909	19061178368	1910128640	515731456	16635318272	10208968704
2026-09-24T22:09:43+04:00	ck4m-whole-1m	1	3	20694704128	23549878272	3896500224	16705818624	0	16636084224	1900909	19061178368	1910128640	515731456	16635318272	10253553664
2026-09-24T22:09:55+04:00	ck4m-whole-1m	1	3	20694708224	23549878272	3896500224	16705818624	0	16636084224	1900909	19061178368	1910128640	515731456	16635318272	10160193536
2026-09-24T22:10:05+04:00	ck4m-whole-1m	1	3	20694708224	23549878272	3896500224	16705818624	0	16636084224	1900909	19061178368	1910128640	515731456	16635318272	10126454784
2026-09-24T22:10:15+04:00	ck4m-whole-1m	1	3	20694708224	23549878272	3896500224	16705818624	0	16636084224	1900909	19061178368	1910128640	515731456	16635318272	10246336512
2026-09-24T22:10:27+04:00	ck4m-whole-1m	1	3	20694708224	23549878272	3896500224	16705818624	0	16636084224	1900909	19061178368	1910128640	515731456	16635318272	10133770240
2026-09-24T22:10:37+04:00	ck4m-whole-1m	1	3	20694700032	23549878272	3896500224	16705818624	0	16636084224	1900909	19061178368	1910128640	515731456	16635318272	10195554304
2026-09-24T22:10:47+04:00	ck4m-whole-1m	1	3	20694691840	23549878272	3896500224	16705818624	0	16636084224	1900909	19061178368	1910128640	515731456	16635318272	10172125184
2026-09-24T22:10:59+04:00	ck4m-whole-1m	1	3	20694695936	23549878272	3896500224	16705818624	0	16636084224	1900909	19061178368	1910128640	515731456	16635318272	10108854272
2026-09-24T22:11:09+04:00	ck4m-whole-1m	1	3	20694691840	23549878272	3896500224	16705818624	0	16636084224	1900909	19061178368	1910128640	515731456	16635318272	10230202368
2026-09-24T22:11:19+04:00	ck4m-whole-1m	1	3	20694695936	23549878272	3896500224	16705818624	0	16636084224	1900909	19061178368	1910128640	515731456	16635318272	10095902720
2026-09-24T22:11:30+04:00	ck4m-whole-1m	1	3	20694691840	23549878272	3896500224	16705818624	0	16636084224	1900909	19061178368	1910128640	515731456	16635318272	9999486976
2026-09-24T22:11:42+04:00	ck4m-whole-1m	1	3	20694687744	23549878272	3896500224	16705818624	0	16636084224	1900909	19061178368	1910128640	515731456	16635318272	10580451328
2026-09-24T22:11:52+04:00	ck4m-whole-1m	1	3	20694687744	23549878272	3896500224	16705818624	0	16636084224	1900909	19061178368	1910128640	515731456	16635318272	10566205440
2026-09-24T22:12:02+04:00	ck4m-whole-1m	1	3	20694679552	23549878272	3896500224	16705818624	0	16636084224	1900909	19061178368	1910128640	515731456	16635318272	10557566976
2026-09-24T22:12:14+04:00	ck4m-whole-1m	1	3	20694683648	23549878272	3896500224	16705818624	0	16636084224	1900909	19061178368	1910128640	515731456	16635318272	10525106176
2026-09-24T22:12:24+04:00	ck4m-whole-1m	1	3	20694679552	23549878272	3896500224	16705818624	0	16636084224	1900909	19061178368	1910128640	515731456	16635318272	10385235968
2026-09-24T22:12:34+04:00	ck4m-whole-1m	1	3	20694675456	23549878272	3896500224	16705818624	0	16636084224	1900909	19061178368	1910128640	515731456	16635318272	10339573760
2026-09-24T22:12:46+04:00	ck4m-whole-1m	1	3	20694671360	23549878272	3896500224	16705818624	0	16636084224	1900909	19061178368	1910128640	515731456	16635318272	10592526336
2026-09-24T22:12:56+04:00	ck4m-whole-1m	1	3	20694671360	23549878272	3896500224	16705818624	0	16636084224	1900909	19061178368	1910128640	515731456	16635318272	10567827456
2026-09-24T22:13:06+04:00	ck4m-whole-1m	1	3	20694671360	23549878272	3896500224	16705818624	0	16636084224	1900909	19061178368	1910128640	515731456	16635318272	10524131328
2026-09-24T22:13:18+04:00	ck4m-whole-1m	1	3	20694671360	23549878272	3896500224	16705818624	0	16636084224	1900909	19061178368	1910128640	515731456	16635318272	10510409728
2026-09-24T22:13:28+04:00	ck4m-whole-1m	1	3	20694659072	23549878272	3896500224	16705818624	0	16636084224	1900909	19061178368	1910128640	515731456	16635318272	10564317184
2026-09-24T22:13:38+04:00	ck4m-whole-1m	1	3	20694659072	23549878272	3896500224	16705818624	0	16636084224	1900909	19061178368	1910128640	515731456	16635318272	10548301824
2026-09-24T22:13:50+04:00	ck4m-whole-1m	1	3	20694659072	23549878272	3896500224	16705818624	0	16636084224	1900909	19061178368	1910128640	515731456	16635318272	10524348416
2026-09-24T22:14:00+04:00	ck4m-whole-1m	1	3	20694659072	23549878272	3896500224	16705818624	0	16636084224	1900909	19061178368	1910128640	515731456	16635318272	10586300416
2026-09-24T22:14:10+04:00	ck4m-whole-1m	1	3	20694659072	23549878272	3896500224	16705818624	0	16636084224	1900909	19061178368	1910128640	515731456	16635318272	10539429888
2026-09-24T22:14:20+04:00	ck4m-whole-1m	1	3	20694654976	23549878272	3896500224	16705818624	0	16636084224	1900909	19061178368	1910128640	515731456	16635318272	10518024192
2026-09-24T22:14:33+04:00	ck4m-whole-1m	1	3	20694659072	23549878272	3896500224	16705818624	0	16636084224	1900909	19061178368	1910128640	515731456	16635318272	10444677120
2026-09-24T22:14:43+04:00	ck4m-whole-1m	1	3	20694659072	23549878272	3896500224	16705818624	0	16636084224	1900909	19061178368	1910128640	515731456	16635318272	10544300032
2026-09-24T22:14:53+04:00	ck4m-whole-1m	1	3	20694646784	23549878272	3896500224	16705818624	0	16636084224	1900909	19061178368	1910128640	515731456	16635318272	10280435712
2026-09-24T22:15:05+04:00	ck4m-whole-1m	1	3	20694646784	23549878272	3896500224	16705818624	0	16636084224	1900909	19061178368	1910128640	515731456	16635318272	10078990336
2026-09-24T22:15:15+04:00	ck4m-whole-1m	1	3	20694646784	23549878272	3896500224	16705818624	0	16636084224	1900909	19061178368	1910128640	515731456	16635318272	10547290112
2026-09-24T22:15:25+04:00	ck4m-whole-1m	1	3	20694642688	23549878272	3896500224	16705818624	0	16636084224	1900909	19061178368	1910128640	515731456	16635318272	10561146880
2026-09-24T22:15:37+04:00	ck4m-whole-1m	1	3	20694642688	23549878272	3896500224	16705818624	0	16636084224	1900909	19061178368	1910128640	515731456	16635318272	10545889280
2026-09-24T22:15:47+04:00	ck4m-whole-1m	1	3	20694642688	23549878272	3896500224	16705818624	0	16636084224	1900909	19061178368	1910128640	515731456	16635318272	10522353664
2026-09-24T22:15:58+04:00	ck4m-whole-1m	1	3	20694638592	23549878272	3896500224	16705818624	0	16636084224	1900909	19061178368	1910128640	515731456	16635318272	10500460544
2026-09-24T22:16:10+04:00	ck4m-whole-1m	1	3	20694454272	23549878272	3896500224	16705818624	0	16636084224	1900909	19061178368	1910128640	515731456	16635318272	10573156352
2026-09-24T22:16:20+04:00	ck4m-whole-1m	1	3	20694716416	23549878272	3896500224	16705818624	0	16636084224	1900909	19061178368	1910128640	515731456	16635318272	10547023872
2026-09-24T22:16:30+04:00	ck4m-whole-1m	1	3	20694708224	23549878272	3896500224	16705818624	0	16636084224	1900909	19061178368	1910128640	515731456	16635318272	10519719936
2026-09-24T22:16:42+04:00	ck4m-whole-1m	1	3	20694712320	23549878272	3896500224	16705818624	0	16636084224	1900909	19061178368	1910128640	515731456	16635318272	10263764992
2026-09-24T22:16:52+04:00	ck4m-whole-1m	1	4	20723560448	23549878272	3917746176	16713437184	0	16636084224	1900909	19061211136	1910161408	515731456	16635318272	9764167680
2026-09-24T22:17:02+04:00	ck4m-whole-close	0	0	7544832	28762112	5226496	1204224	0	0	3215889	15597568	5111808	10485760	0	30080667648
2026-09-24T22:17:12+04:00	ck4m-whole-close	0	0	2510790656	2511319040	1644179456	846036992	0	737120256	3216149	1706049536	570478592	397897728	739901440	28560470016
2026-09-24T22:17:24+04:00	ck4m-whole-close	0	0	7868088320	7868526592	1735962624	6084886528	0	5961543680	3216149	7024447488	662196224	401620992	5960892416	22977196032
2026-09-24T22:17:34+04:00	ck4m-whole-close	0	0	10352394240	10352869376	1736085504	8560422912	0	8435314688	3216149	9498071040	662196224	401620992	8434647040	20500877312
2026-09-24T22:17:45+04:00	ck4m-whole-close	0	0	12673380352	12673380352	1736179712	10870919168	0	10745851904	3216149	11808657408	662196224	401620992	10747854848	17710784512
2026-09-24T22:17:57+04:00	ck4m-whole-close	0	0	14950158336	14950940672	1736269824	13139587072	0	13016719360	3216149	14079889408	662327296	401620992	13021708288	15653720064
2026-09-24T22:18:07+04:00	ck4m-whole-close	0	0	17231671296	17231900672	1736388608	15410413568	0	15284887552	3216149	16348139520	662327296	401620992	15284715520	13060366336
2026-09-24T22:18:17+04:00	ck4m-whole-close	0	0	19619971072	19622232064	1736478720	17791262720	0	17665888256	3216149	18729050112	662589440	401620992	17665495040	11361157120
2026-09-24T22:18:30+04:00	ck4m-whole-close	0	0	23309443072	23621271552	1736982528	21463379968	0	21369446400	3216149	22432116736	663113728	400441344	21370658816	7753670656
2026-09-24T22:18:40+04:00	ck4m-whole-close	1	0	20109967360	23621271552	2982899712	17032429568	0	16636084224	3216149	19068932096	1909149696	524566528	16635215872	11036979200
2026-09-24T22:18:50+04:00	ck4m-whole-close	1	0	20356583424	23621271552	3224502272	17035722752	0	16636084224	3216149	19071946752	1909149696	527581184	16635215872	10558103552
2026-09-24T22:19:02+04:00	ck4m-whole-close	1	0	20356583424	23621271552	3224502272	17035722752	0	16636084224	3216149	19071946752	1909149696	527581184	16635215872	10449825792
2026-09-24T22:19:12+04:00	ck4m-whole-close	1	1	20359393280	23621271552	3224895488	17037914112	0	16636084224	3216149	19072077824	1909280768	527581184	16635215872	11284762624
2026-09-24T22:19:22+04:00	ck4m-whole-close	1	2	20362870784	23621271552	3225821184	17039466496	0	16636084224	3216149	19072208896	1909411840	527581184	16635215872	11260121088
2026-09-24T22:19:35+04:00	ck4m-whole-close	1	5	20365041664	23621271552	3226157056	17041235968	0	16636084224	3216149	19073388544	1909805056	528367616	16635215872	11034693632
2026-09-24T22:19:45+04:00	ck4m-whole-close	1	6	20395421696	23621271552	3254546432	17043001344	0	16636084224	3216149	19072401408	1908817920	528367616	16635215872	10857811968
2026-09-24T22:20:38+04:00	ref2e-mirror-1m	0	0	1408094208	1408888832	1058246656	326766592	0	12288	3228044	709124096	433610752	275513344	0	29799161856
2026-09-24T22:20:48+04:00	ref2e-mirror-1m	0	0	13709213696	13709475840	11951431680	1697378304	0	1488994304	3228246	12255019008	10502180864	263860224	1488977920	17265668096
2026-09-24T22:21:00+04:00	ref2e-mirror-1m	0	0	14832599040	14832599040	13069889536	1700106240	0	1488994304	3228246	12255019008	10502180864	263860224	1488977920	16022286336
2026-09-24T22:21:11+04:00	ref2e-mirror-1m	0	0	13804216320	14956597248	11930931200	1812336640	0	1494622208	3228246	12282019840	10511618048	275918848	1494482944	17416482816
2026-09-24T22:21:21+04:00	ref2e-mirror-1m	0	0	13987721216	14956597248	11661578240	2264760320	0	1494622208	3228246	12349345792	10571341824	283521024	1494482944	17748512768
2026-09-24T22:21:31+04:00	ref2e-mirror-1m	0	0	13504069632	14956597248	12295364608	1150418944	0	91627520	3228246	11609972736	11205074944	313405440	91492352	18367582208
2026-09-24T22:21:42+04:00	ref2e-mirror-1m	0	0	13503815680	14956597248	12295372800	1150418944	0	91627520	3228246	11609972736	11205074944	313405440	91492352	18174181376
2026-09-24T22:21:52+04:00	ref2e-mirror-1m	0	0	13846425600	14956597248	12497928192	1288908800	0	91627520	3228246	11818934272	11407745024	319696896	91492352	17696804864
2026-09-24T22:22:02+04:00	ref2e-mirror-1m	1	0	14469328896	14956597248	13003669504	1401479168	0	91627520	3228246	12093804544	11674619904	327692288	91492352	17055363072
2026-09-24T22:22:15+04:00	ref2e-mirror-1m	1	0	14469398528	14956597248	13003698176	1401516032	0	91627520	3228246	12093935616	11674619904	327823360	91492352	17226182656
2026-09-24T22:22:25+04:00	ref2e-mirror-1m	1	0	14469398528	14956597248	13003698176	1401516032	0	91627520	3228246	12093935616	11674619904	327823360	91492352	17207386112
2026-09-24T22:22:35+04:00	ref2e-mirror-1m	1	1	14707884032	14956597248	13237334016	1405591552	0	91627520	3228246	12093935616	11674619904	327823360	91492352	16902406144
2026-09-24T22:22:47+04:00	ref2e-mirror-1m	1	1	14988218368	15153053696	13512810496	1408622592	0	91627520	3228246	12097867776	11678552064	327823360	91492352	17199726592
2026-09-24T22:22:57+04:00	ref2e-mirror-1m	1	1	14988218368	15153053696	13512810496	1408622592	0	91627520	3228246	12097867776	11678552064	327823360	91492352	16980799488
2026-09-24T22:23:07+04:00	ref2e-mirror-1m	1	1	14988185600	15153053696	13512810496	1408622592	0	91627520	3228246	12097867776	11678552064	327823360	91492352	16722087936
2026-09-24T22:23:19+04:00	ref2e-mirror-1m	1	1	14988185600	15153053696	13512810496	1408622592	0	91627520	3228246	12097867776	11678552064	327823360	91492352	17108054016
2026-09-24T22:23:29+04:00	ref2e-mirror-1m	1	1	14988185600	15153053696	13512810496	1408622592	0	91627520	3228246	12097867776	11678552064	327823360	91492352	17014489088
2026-09-24T22:23:39+04:00	ref2e-mirror-1m	1	1	14988185600	15153053696	13512810496	1408622592	0	91627520	3228246	12097867776	11678552064	327823360	91492352	17006751744
2026-09-24T22:23:51+04:00	ref2e-mirror-1m	1	1	14988181504	15153053696	13512810496	1408622592	0	91627520	3228246	12097867776	11678552064	327823360	91492352	17089384448
2026-09-24T22:24:01+04:00	ref2e-mirror-1m	1	1	14988447744	15153053696	13512810496	1408622592	0	91627520	3228246	12097867776	11678552064	327823360	91492352	16864624640
2026-09-24T22:24:11+04:00	ref2e-mirror-1m	1	1	14988189696	15153053696	13512810496	1408622592	0	91627520	3228246	12097867776	11678552064	327823360	91492352	17297227776
2026-09-24T22:24:21+04:00	ref2e-mirror-1m	1	1	14988185600	15153053696	13512810496	1408622592	0	91627520	3228246	12097867776	11678552064	327823360	91492352	17136689152
2026-09-24T22:24:34+04:00	ref2e-mirror-1m	1	1	14988185600	15153053696	13512810496	1408622592	0	91627520	3228246	12097867776	11678552064	327823360	91492352	16940789760
2026-09-24T22:24:44+04:00	ref2e-mirror-1m	1	1	14988443648	15153053696	13512810496	1408622592	0	91627520	3228246	12097867776	11678552064	327823360	91492352	17104687104
2026-09-24T22:24:54+04:00	ref2e-mirror-1m	1	1	14988443648	15153053696	13512810496	1408622592	0	91627520	3228246	12097867776	11678552064	327823360	91492352	16983773184
2026-09-24T22:25:06+04:00	ref2e-mirror-1m	1	1	14988443648	15153053696	13512810496	1408622592	0	91627520	3228246	12097867776	11678552064	327823360	91492352	17403076608
2026-09-24T22:25:16+04:00	ref2e-mirror-1m	1	1	14988443648	15153053696	13512810496	1408622592	0	91627520	3228246	12097867776	11678552064	327823360	91492352	17074909184
2026-09-24T22:25:26+04:00	ref2e-mirror-1m	1	1	14988443648	15153053696	13512810496	1408622592	0	91627520	3228246	12097867776	11678552064	327823360	91492352	16931209216
2026-09-24T22:25:38+04:00	ref2e-mirror-1m	1	1	14988447744	15153053696	13512814592	1408622592	0	91627520	3228246	12097867776	11678552064	327823360	91492352	17118269440
2026-09-24T22:25:48+04:00	ref2e-mirror-1m	1	1	14988447744	15153053696	13512814592	1408622592	0	91627520	3228246	12097867776	11678552064	327823360	91492352	17037955072
2026-09-24T22:25:58+04:00	ref2e-mirror-1m	1	1	15008620544	15153053696	13512814592	1428930560	0	91627520	3228246	12099440640	11678552064	329396224	91492352	16955449344
2026-09-24T22:26:10+04:00	ref2e-mirror-1m	1	1	15008604160	15153053696	13512814592	1428930560	0	91627520	3228246	12099440640	11678552064	329396224	91492352	16992710656
2026-09-24T22:26:20+04:00	ref2e-mirror-1m	1	1	15008608256	15153053696	13512814592	1428930560	0	91627520	3228246	12099440640	11678552064	329396224	91492352	16946778112
2026-09-24T22:26:30+04:00	ref2e-mirror-1m	1	1	15008587776	15153053696	13512814592	1428930560	0	91627520	3228246	12099440640	11678552064	329396224	91492352	16903004160
2026-09-24T22:26:42+04:00	ref2e-mirror-1m	1	1	15008591872	15153053696	13512814592	1428930560	0	91627520	3228246	12099440640	11678552064	329396224	91492352	16885858304
2026-09-24T22:26:52+04:00	ref2e-mirror-1m	1	1	15008587776	15153053696	13512814592	1428930560	0	91627520	3228246	12099440640	11678552064	329396224	91492352	16965197824
2026-09-24T22:27:02+04:00	ref2e-mirror-1m	1	1	15008817152	15153053696	13512814592	1428930560	0	91627520	3228246	12099440640	11678552064	329396224	91492352	16966324224
2026-09-24T22:27:13+04:00	ref2e-mirror-1m	1	1	15008817152	15153053696	13512818688	1428930560	0	91627520	3228246	12099440640	11678552064	329396224	91492352	17201467392
2026-09-24T22:27:25+04:00	ref2e-mirror-1m	1	1	15008813056	15153053696	13512818688	1428930560	0	91627520	3228246	12099440640	11678552064	329396224	91492352	17098326016
2026-09-24T22:27:35+04:00	ref2e-mirror-1m	1	1	15008808960	15153053696	13512818688	1428930560	0	91627520	3228246	12099440640	11678552064	329396224	91492352	17131339776
2026-09-24T22:27:45+04:00	ref2e-mirror-1m	1	1	15008804864	15153053696	13512818688	1428930560	0	91627520	3228246	12099440640	11678552064	329396224	91492352	16906407936
2026-09-24T22:27:57+04:00	ref2e-mirror-1m	1	1	15008800768	15153053696	13512818688	1428930560	0	91627520	3228246	12099440640	11678552064	329396224	91492352	16644366336
2026-09-24T22:28:07+04:00	ref2e-mirror-1m	1	1	15008788480	15153053696	13512818688	1428930560	0	91627520	3228246	12099440640	11678552064	329396224	91492352	17191997440
2026-09-24T22:28:17+04:00	ref2e-mirror-1m	1	1	15008792576	15153053696	13512818688	1428930560	0	91627520	3228246	12099440640	11678552064	329396224	91492352	16962764800
2026-09-24T22:28:29+04:00	ref2e-mirror-1m	1	1	15008784384	15153053696	13512818688	1428930560	0	91627520	3228246	12099440640	11678552064	329396224	91492352	16684687360
2026-09-24T22:28:39+04:00	ref2e-mirror-1m	1	1	15008788480	15153053696	13512818688	1428930560	0	91627520	3228246	12099440640	11678552064	329396224	91492352	17270890496
2026-09-24T22:28:49+04:00	ref2e-mirror-1m	1	1	15008784384	15153053696	13512818688	1428930560	0	91627520	3228246	12099440640	11678552064	329396224	91492352	17051164672
2026-09-24T22:29:01+04:00	ref2e-mirror-1m	1	1	15008776192	15153053696	13512818688	1428930560	0	91627520	3228246	12099440640	11678552064	329396224	91492352	16968175616
2026-09-24T22:29:11+04:00	ref2e-mirror-1m	1	1	15008776192	15153053696	13512818688	1428930560	0	91627520	3228246	12099440640	11678552064	329396224	91492352	17216196608
2026-09-24T22:29:21+04:00	ref2e-mirror-1m	1	1	15008772096	15153053696	13512818688	1428930560	0	91627520	3228246	12099440640	11678552064	329396224	91492352	16959447040
2026-09-24T22:29:34+04:00	ref2e-mirror-1m	1	1	15008772096	15153053696	13512818688	1428930560	0	91627520	3228246	12099440640	11678552064	329396224	91492352	16905338880
2026-09-24T22:29:44+04:00	ref2e-mirror-1m	1	1	15008768000	15153053696	13512818688	1428930560	0	91627520	3228246	12099440640	11678552064	329396224	91492352	16854724608
2026-09-24T22:29:54+04:00	ref2e-mirror-1m	1	1	15008759808	15153053696	13512818688	1428930560	0	91627520	3228246	12099440640	11678552064	329396224	91492352	16752775168
2026-09-24T22:30:04+04:00	ref2e-mirror-1m	1	1	15008759808	15153053696	13512818688	1428930560	0	91627520	3228246	12099440640	11678552064	329396224	91492352	17341337600
2026-09-24T22:30:15+04:00	ref2e-mirror-1m	1	1	15008759808	15153053696	13512818688	1428930560	0	91627520	3228246	12099440640	11678552064	329396224	91492352	17236488192
2026-09-24T22:30:25+04:00	ref2e-mirror-1m	1	1	15008759808	15153053696	13512818688	1428930560	0	91627520	3228246	12099440640	11678552064	329396224	91492352	17015349248
2026-09-24T22:30:35+04:00	ref2e-mirror-1m	1	1	15008755712	15153053696	13512818688	1428930560	0	91627520	3228246	12099440640	11678552064	329396224	91492352	16760909824
2026-09-24T22:30:47+04:00	ref2e-mirror-1m	1	1	15008755712	15153053696	13512818688	1428930560	0	91627520	3228246	12099440640	11678552064	329396224	91492352	17300598784
2026-09-24T22:30:57+04:00	ref2e-mirror-1m	1	1	15008751616	15153053696	13512818688	1428930560	0	91627520	3228246	12099440640	11678552064	329396224	91492352	17043935232
2026-09-24T22:31:07+04:00	ref2e-mirror-1m	1	1	15008747520	15153053696	13512818688	1428930560	0	91627520	3228246	12099440640	11678552064	329396224	91492352	16962215936
2026-09-24T22:31:19+04:00	ref2e-mirror-1m	1	1	15008747520	15153053696	13512818688	1428930560	0	91627520	3228246	12099440640	11678552064	329396224	91492352	17353867264
2026-09-24T22:31:29+04:00	ref2e-mirror-1m	1	1	15008743424	15153053696	13512818688	1428930560	0	91627520	3228246	12099440640	11678552064	329396224	91492352	17114701824
2026-09-24T22:31:39+04:00	ref2e-mirror-1m	1	1	15008743424	15153053696	13512818688	1428930560	0	91627520	3228246	12099440640	11678552064	329396224	91492352	17435561984
2026-09-24T22:31:51+04:00	ref2e-mirror-1m	1	1	15008743424	15153053696	13512818688	1428930560	0	91627520	3228246	12099440640	11678552064	329396224	91492352	17094176768
2026-09-24T22:32:01+04:00	ref2e-mirror-1m	1	1	15008739328	15153053696	13512818688	1428930560	0	91627520	3228246	12099440640	11678552064	329396224	91492352	16925454336
2026-09-24T22:32:11+04:00	ref2e-mirror-1m	1	1	15008563200	15153053696	13512818688	1428930560	0	91627520	3228246	12099440640	11678552064	329396224	91492352	17140539392
2026-09-24T22:32:23+04:00	ref2e-mirror-1m	1	1	15008559104	15153053696	13512818688	1428930560	0	91627520	3228246	12099440640	11678552064	329396224	91492352	16989925376
2026-09-24T22:32:33+04:00	ref2e-mirror-1m	1	1	15008559104	15153053696	13512818688	1428930560	0	91627520	3228246	12099440640	11678552064	329396224	91492352	17016541184
2026-09-24T22:32:43+04:00	ref2e-mirror-1m	1	1	15008563200	15153053696	13512818688	1428930560	0	91627520	3228246	12099440640	11678552064	329396224	91492352	17175740416
2026-09-24T22:32:53+04:00	ref2e-mirror-1m	1	1	15008563200	15153053696	13512818688	1428930560	0	91627520	3228246	12099440640	11678552064	329396224	91492352	17047597056
2026-09-24T22:33:05+04:00	ref2e-mirror-1m	1	1	15008555008	15153053696	13512818688	1428930560	0	91627520	3228246	12099440640	11678552064	329396224	91492352	16760455168
2026-09-24T22:33:15+04:00	ref2e-mirror-1m	1	1	15008821248	15153053696	13512818688	1428930560	0	91627520	3228246	12099440640	11678552064	329396224	91492352	17202241536
2026-09-24T22:33:25+04:00	ref2e-mirror-1m	1	1	15008821248	15153053696	13512818688	1428930560	0	91627520	3228246	12099440640	11678552064	329396224	91492352	15477534720
2026-09-24T22:33:37+04:00	ref2e-mirror-1m	1	1	15008563200	15153053696	13512818688	1428930560	0	91627520	3228246	12099440640	11678552064	329396224	91492352	14812164096
2026-09-24T22:33:47+04:00	ref2e-mirror-1m	1	1	15008555008	15153053696	13512818688	1428930560	0	91627520	3228246	12099440640	11678552064	329396224	91492352	17296261120
2026-09-24T22:33:57+04:00	ref2e-mirror-1m	1	1	15008555008	15153053696	13512818688	1428930560	0	91627520	3228246	12099440640	11678552064	329396224	91492352	17087549440
2026-09-24T22:34:09+04:00	ref2e-mirror-1m	1	1	15008559104	15153053696	13512818688	1428930560	0	91627520	3228246	12099440640	11678552064	329396224	91492352	16925560832
2026-09-24T22:34:19+04:00	ref2e-mirror-1m	1	1	15008559104	15153053696	13512818688	1428930560	0	91627520	3228246	12099440640	11678552064	329396224	91492352	16676896768
2026-09-24T22:34:29+04:00	ref2e-mirror-1m	1	1	15008559104	15153053696	13512818688	1428930560	0	91627520	3228246	12099440640	11678552064	329396224	91492352	16635781120
2026-09-24T22:34:41+04:00	ref2e-mirror-1m	1	1	15008555008	15153053696	13512818688	1428930560	0	91627520	3228246	12099440640	11678552064	329396224	91492352	17263833088
2026-09-24T22:34:51+04:00	ref2e-mirror-1m	1	1	15008559104	15153053696	13512818688	1428930560	0	91627520	3228246	12099440640	11678552064	329396224	91492352	17019596800
2026-09-24T22:35:01+04:00	ref2e-mirror-1m	1	1	15008563200	15153053696	13512818688	1428930560	0	91627520	3228246	12099440640	11678552064	329396224	91492352	14803636224
2026-09-24T22:35:11+04:00	ref2e-mirror-1m	1	1	15008563200	15153053696	13512818688	1428930560	0	91627520	3228246	12099440640	11678552064	329396224	91492352	15048994816
2026-09-24T22:35:23+04:00	ref2e-mirror-1m	1	1	15008559104	15153053696	13512818688	1428930560	0	91627520	3228246	12099440640	11678552064	329396224	91492352	17083449344
2026-09-24T22:35:33+04:00	ref2e-mirror-1m	1	1	15008559104	15153053696	13512818688	1428930560	0	91627520	3228246	12099440640	11678552064	329396224	91492352	17258541056
2026-09-24T22:35:43+04:00	ref2e-mirror-1m	1	1	15008563200	15153053696	13512818688	1428930560	0	91627520	3228246	12099440640	11678552064	329396224	91492352	16286257152
2026-09-24T22:35:55+04:00	ref2e-mirror-1m	1	1	15008563200	15153053696	13512818688	1428930560	0	91627520	3228246	12099440640	11678552064	329396224	91492352	16664743936
2026-09-24T22:36:05+04:00	ref2e-mirror-1m	1	1	15008563200	15153053696	13512818688	1428930560	0	91627520	3228246	12099440640	11678552064	329396224	91492352	17160216576
2026-09-24T22:36:15+04:00	ref2e-mirror-1m	1	1	15008563200	15153053696	13512822784	1428930560	0	91627520	3228246	12099440640	11678552064	329396224	91492352	17051676672
2026-09-24T22:36:27+04:00	ref2e-mirror-1m	1	1	15008567296	15153053696	13512822784	1428930560	0	91627520	3228246	12099440640	11678552064	329396224	91492352	16809398272
2026-09-24T22:36:37+04:00	ref2e-mirror-1m	1	1	15008563200	15153053696	13512822784	1428930560	0	91627520	3228246	12099440640	11678552064	329396224	91492352	17223495680
2026-09-24T22:36:47+04:00	ref2e-mirror-1m	1	1	15008563200	15153053696	13512822784	1428930560	0	91627520	3228246	12099440640	11678552064	329396224	91492352	17141514240
2026-09-24T22:36:59+04:00	ref2e-mirror-1m	1	1	15008563200	15153053696	13512822784	1428930560	0	91627520	3228246	12099440640	11678552064	329396224	91492352	16920825856
2026-09-24T22:37:09+04:00	ref2e-mirror-1m	1	1	15008563200	15153053696	13512822784	1428930560	0	91627520	3228246	12099440640	11678552064	329396224	91492352	17176162304
2026-09-24T22:37:19+04:00	ref2e-mirror-1m	1	1	15008563200	15153053696	13512822784	1428930560	0	91627520	3228246	12099440640	11678552064	329396224	91492352	17079173120
2026-09-24T22:37:31+04:00	ref2e-mirror-1m	1	1	15008563200	15153053696	13512822784	1428930560	0	91627520	3228246	12099440640	11678552064	329396224	91492352	17116102656
2026-09-24T22:37:41+04:00	ref2e-mirror-1m	1	1	15008563200	15153053696	13512822784	1428930560	0	91627520	3228246	12099440640	11678552064	329396224	91492352	16936050688
2026-09-24T22:37:51+04:00	ref2e-mirror-1m	1	1	15008563200	15153053696	13512822784	1428930560	0	91627520	3228246	12099440640	11678552064	329396224	91492352	17177194496
2026-09-24T22:38:01+04:00	ref2e-mirror-1m	1	1	15008563200	15153053696	13512822784	1428930560	0	91627520	3228246	12099440640	11678552064	329396224	91492352	14840438784
2026-09-24T22:38:13+04:00	ref2e-mirror-1m	1	1	15008567296	15153053696	13512822784	1428930560	0	91627520	3228246	12099440640	11678552064	329396224	91492352	14544302080
2026-09-24T22:38:23+04:00	ref2e-mirror-1m	1	1	15008567296	15153053696	13512822784	1428930560	0	91627520	3228246	12099440640	11678552064	329396224	91492352	16816873472
2026-09-24T22:38:33+04:00	ref2e-mirror-1m	1	1	15008567296	15153053696	13512822784	1428930560	0	91627520	3228246	12099440640	11678552064	329396224	91492352	17247965184
2026-09-24T22:38:45+04:00	ref2e-mirror-1m	1	1	15008567296	15153053696	13512822784	1428930560	0	91627520	3228246	12099440640	11678552064	329396224	91492352	16024133632
2026-09-24T22:38:55+04:00	ref2e-mirror-1m	1	1	15008563200	15153053696	13512822784	1428930560	0	91627520	3228246	12099440640	11678552064	329396224	91492352	17282445312
2026-09-24T22:39:05+04:00	ref2e-mirror-1m	1	1	15008563200	15153053696	13512822784	1428930560	0	91627520	3228246	12099440640	11678552064	329396224	91492352	17272053760
2026-09-24T22:39:17+04:00	ref2e-mirror-1m	1	1	15008563200	15153053696	13512822784	1428930560	0	91627520	3228246	12099440640	11678552064	329396224	91492352	17288187904
2026-09-24T22:39:27+04:00	ref2e-mirror-1m	1	1	15008563200	15153053696	13512822784	1428930560	0	91627520	3228246	12099440640	11678552064	329396224	91492352	17105084416
2026-09-24T22:39:37+04:00	ref2e-mirror-1m	1	1	15008563200	15153053696	13512822784	1428930560	0	91627520	3228246	12099440640	11678552064	329396224	91492352	17164357632
2026-09-24T22:39:49+04:00	ref2e-mirror-1m	1	1	15008563200	15153053696	13512822784	1428930560	0	91627520	3228246	12099440640	11678552064	329396224	91492352	17166020608
2026-09-24T22:39:59+04:00	ref2e-mirror-1m	1	1	15008563200	15153053696	13512822784	1428930560	0	91627520	3228246	12099440640	11678552064	329396224	91492352	17039413248
2026-09-24T22:40:09+04:00	ref2e-mirror-1m	1	1	15008563200	15153053696	13512822784	1428930560	0	91627520	3228246	12099440640	11678552064	329396224	91492352	17041084416
2026-09-24T22:40:21+04:00	ref2e-mirror-1m	1	1	15008567296	15153053696	13512822784	1428930560	0	91627520	3228246	12099440640	11678552064	329396224	91492352	17151451136
2026-09-24T22:40:31+04:00	ref2e-mirror-1m	1	1	15008567296	15153053696	13512822784	1428930560	0	91627520	3228246	12099440640	11678552064	329396224	91492352	17043992576
2026-09-24T22:40:42+04:00	ref2e-mirror-1m	1	1	15008563200	15153053696	13512822784	1428930560	0	91627520	3228246	12099440640	11678552064	329396224	91492352	17227542528
2026-09-24T22:40:52+04:00	ref2e-mirror-1m	1	1	15008563200	15153053696	13512822784	1428930560	0	91627520	3228246	12099440640	11678552064	329396224	91492352	17085042688
2026-09-24T22:41:04+04:00	ref2e-mirror-1m	1	1	15008567296	15153053696	13512822784	1428930560	0	91627520	3228246	12099440640	11678552064	329396224	91492352	17096790016
2026-09-24T22:41:14+04:00	ref2e-mirror-1m	1	1	15008567296	15153053696	13512822784	1428930560	0	91627520	3228246	12099440640	11678552064	329396224	91492352	17179541504
2026-09-24T22:41:24+04:00	ref2e-mirror-1m	1	1	15008567296	15153053696	13512822784	1428930560	0	91627520	3228246	12099440640	11678552064	329396224	91492352	17155198976
2026-09-24T22:41:36+04:00	ref2e-mirror-1m	1	1	15008567296	15153053696	13512822784	1428930560	0	91627520	3228246	12099440640	11678552064	329396224	91492352	17095868416
2026-09-24T22:41:46+04:00	ref2e-mirror-1m	1	1	15008563200	15153053696	13512822784	1428930560	0	91627520	3228246	12099440640	11678552064	329396224	91492352	17094279168
2026-09-24T22:41:56+04:00	ref2e-mirror-1m	1	1	15008563200	15153053696	13512822784	1428930560	0	91627520	3228246	12099440640	11678552064	329396224	91492352	17351290880
2026-09-24T22:42:08+04:00	ref2e-mirror-1m	1	1	15008563200	15153053696	13512822784	1428930560	0	91627520	3228246	12099440640	11678552064	329396224	91492352	15726575616
2026-09-24T22:42:18+04:00	ref2e-mirror-1m	1	1	15008563200	15153053696	13512822784	1428930560	0	91627520	3228246	12099440640	11678552064	329396224	91492352	15551983616
2026-09-24T22:42:28+04:00	ref2e-mirror-1m	1	1	15008563200	15153053696	13512822784	1428930560	0	91627520	3228246	12099440640	11678552064	329396224	91492352	17440223232
2026-09-24T22:42:40+04:00	ref2e-mirror-1m	1	3	14830440448	15153053696	13312053248	1450762240	0	91627520	3228246	12111011840	11688419328	331100160	91492352	17655562240
2026-09-24T22:42:50+04:00	ref2e-mirror-1m	1	3	15190417408	15314702336	13671464960	1450762240	0	91627520	3228246	12111011840	11688419328	331100160	91492352	17268154368
2026-09-24T22:43:00+04:00	ref2e-mirror-1m	1	3	15190425600	15314702336	13671464960	1450762240	0	91627520	3228246	12111011840	11688419328	331100160	91492352	17259569152
2026-09-24T22:43:12+04:00	ref2e-mirror-1m	1	3	15190167552	15314702336	13671464960	1450762240	0	91627520	3228246	12111011840	11688419328	331100160	91492352	16413507584
2026-09-24T22:43:23+04:00	ref2e-mirror-1m	1	3	15190425600	15314702336	13671464960	1450762240	0	91627520	3228246	12111011840	11688419328	331100160	91492352	16051597312
2026-09-24T22:43:33+04:00	ref2e-mirror-1m	1	3	15190163456	15314702336	13671464960	1450762240	0	91627520	3228246	12111011840	11688419328	331100160	91492352	15808585728
2026-09-24T22:43:43+04:00	ref2e-mirror-1m	1	3	15190159360	15314702336	13671464960	1450762240	0	91627520	3228246	12111011840	11688419328	331100160	91492352	15847194624
2026-09-24T22:43:55+04:00	ref2e-mirror-1m	1	3	15190421504	15314702336	13671464960	1450762240	0	91627520	3228246	12111011840	11688419328	331100160	91492352	16782888960
2026-09-24T22:44:05+04:00	ref2e-mirror-1m	1	3	15190421504	15314702336	13671464960	1450762240	0	91627520	3228246	12111011840	11688419328	331100160	91492352	16953085952
2026-09-24T22:44:15+04:00	ref2e-mirror-1m	1	3	15190163456	15314702336	13671464960	1450762240	0	91627520	3228246	12111011840	11688419328	331100160	91492352	16725393408
2026-09-24T22:44:27+04:00	ref2e-mirror-1m	1	3	15190163456	15314702336	13671464960	1450762240	0	91627520	3228246	12111011840	11688419328	331100160	91492352	16546512896
2026-09-24T22:44:37+04:00	ref2e-mirror-1m	1	3	15190163456	15314702336	13671464960	1450762240	0	91627520	3228246	12111011840	11688419328	331100160	91492352	16362270720
2026-09-24T22:44:48+04:00	ref2e-mirror-1m	1	3	15190159360	15314702336	13671464960	1450762240	0	91627520	3228246	12111011840	11688419328	331100160	91492352	16208850944
2026-09-24T22:45:00+04:00	ref2e-mirror-1m	1	3	15190167552	15314702336	13671464960	1450762240	0	91627520	3228246	12111011840	11688419328	331100160	91492352	16481632256
2026-09-24T22:45:10+04:00	ref2e-mirror-1m	1	3	15190425600	15314702336	13671464960	1450762240	0	91627520	3228246	12111011840	11688419328	331100160	91492352	16624738304
2026-09-24T22:45:20+04:00	ref2e-mirror-1m	1	3	15190425600	15314702336	13671464960	1450762240	0	91627520	3228246	12111011840	11688419328	331100160	91492352	16599085056
2026-09-24T22:45:33+04:00	ref2e-mirror-1m	1	3	15190421504	15314702336	13671464960	1450762240	0	91627520	3228246	12111011840	11688419328	331100160	91492352	17132625920
2026-09-24T22:45:43+04:00	ref2e-mirror-1m	1	3	15190417408	15314702336	13671464960	1450762240	0	91627520	3228246	12111011840	11688419328	331100160	91492352	16915988480
2026-09-24T22:45:53+04:00	ref2e-mirror-1m	1	3	15190413312	15314702336	13671464960	1450762240	0	91627520	3228246	12111011840	11688419328	331100160	91492352	16714059776
2026-09-24T22:46:05+04:00	ref2e-mirror-1m	1	3	15190413312	15314702336	13671464960	1450762240	0	91627520	3228246	12111011840	11688419328	331100160	91492352	17081602048
2026-09-24T22:46:15+04:00	ref2e-mirror-1m	1	3	15190425600	15314702336	13671464960	1450762240	0	91627520	3228246	12111011840	11688419328	331100160	91492352	16897613824
2026-09-24T22:46:25+04:00	ref2e-mirror-1m	1	3	15190425600	15314702336	13671464960	1450762240	0	91627520	3228246	12111011840	11688419328	331100160	91492352	16862351360
2026-09-24T22:46:35+04:00	ref2e-mirror-1m	1	3	15190425600	15314702336	13671464960	1450762240	0	91627520	3228246	12111011840	11688419328	331100160	91492352	17006968832
2026-09-24T22:46:48+04:00	ref2e-mirror-1m	1	3	15190417408	15314702336	13671464960	1450762240	0	91627520	3228246	12111011840	11688419328	331100160	91492352	16775921664
2026-09-24T22:46:58+04:00	ref2e-mirror-1m	1	3	15190417408	15314702336	13671464960	1450762240	0	91627520	3228246	12111011840	11688419328	331100160	91492352	17138429952
2026-09-24T22:47:08+04:00	ref2e-mirror-1m	1	3	15190409216	15314702336	13671464960	1450762240	0	91627520	3228246	12111011840	11688419328	331100160	91492352	17009680384
2026-09-24T22:47:21+04:00	ref2e-mirror-1m	1	3	15190421504	15314702336	13671464960	1450762240	0	91627520	3228246	12111011840	11688419328	331100160	91492352	17171714048
2026-09-24T22:47:31+04:00	ref2e-mirror-1m	1	3	15190421504	15314702336	13671464960	1450762240	0	91627520	3228246	12111011840	11688419328	331100160	91492352	16967364608
2026-09-24T22:47:41+04:00	ref2e-mirror-1m	1	3	15190421504	15314702336	13671464960	1450762240	0	91627520	3228246	12111011840	11688419328	331100160	91492352	16708263936
2026-09-24T22:47:54+04:00	ref2e-mirror-1m	1	3	15190421504	15314702336	13671464960	1450762240	0	91627520	3228246	12111011840	11688419328	331100160	91492352	17040080896
2026-09-24T22:48:04+04:00	ref2e-mirror-1m	1	3	15190413312	15314702336	13671464960	1450762240	0	91627520	3228246	12111011840	11688419328	331100160	91492352	16868401152
2026-09-24T22:48:14+04:00	ref2e-mirror-1m	1	3	15190417408	15314702336	13671464960	1450762240	0	91627520	3228246	12111011840	11688419328	331100160	91492352	17071341568
2026-09-24T22:48:26+04:00	ref2e-mirror-1m	1	3	15190413312	15314702336	13671464960	1450762240	0	91627520	3228246	12111011840	11688419328	331100160	91492352	17005891584
2026-09-24T22:48:36+04:00	ref2e-mirror-1m	1	3	15190413312	15314702336	13671464960	1450762240	0	91627520	3228246	12111011840	11688419328	331100160	91492352	16686215168
2026-09-24T22:48:46+04:00	ref2e-mirror-1m	1	3	15190413312	15314702336	13671464960	1450762240	0	91627520	3228246	12111011840	11688419328	331100160	91492352	16860270592
2026-09-24T22:48:59+04:00	ref2e-mirror-1m	1	3	15190425600	15314702336	13671464960	1450762240	0	91627520	3228246	12111011840	11688419328	331100160	91492352	16859074560
2026-09-24T22:49:09+04:00	ref2e-mirror-1m	1	3	15190425600	15314702336	13671464960	1450762240	0	91627520	3228246	12111011840	11688419328	331100160	91492352	16820588544
2026-09-24T22:49:19+04:00	ref2e-mirror-1m	1	3	15190425600	15314702336	13671464960	1450762240	0	91627520	3228246	12111011840	11688419328	331100160	91492352	16819310592
2026-09-24T22:49:29+04:00	ref2e-mirror-1m	1	3	15190425600	15314702336	13671464960	1450762240	0	91627520	3228246	12111011840	11688419328	331100160	91492352	16831971328
2026-09-24T22:49:41+04:00	ref2e-mirror-1m	1	3	15190413312	15314702336	13671464960	1450762240	0	91627520	3228246	12111011840	11688419328	331100160	91492352	16851566592
2026-09-24T22:49:51+04:00	ref2e-mirror-1m	1	3	15190417408	15314702336	13671464960	1450762240	0	91627520	3228246	12111011840	11688419328	331100160	91492352	17121222656
2026-09-24T22:50:02+04:00	ref2e-mirror-1m	1	3	15190413312	15314702336	13671464960	1450762240	0	91627520	3228246	12111011840	11688419328	331100160	91492352	17062576128
2026-09-24T22:50:14+04:00	ref2e-mirror-1m	1	3	15190417408	15314702336	13671464960	1450762240	0	91627520	3228246	12111011840	11688419328	331100160	91492352	17115774976
2026-09-24T22:50:24+04:00	ref2e-mirror-1m	1	3	15190413312	15314702336	13671464960	1450762240	0	91627520	3228246	12111011840	11688419328	331100160	91492352	16933523456
2026-09-24T22:50:34+04:00	ref2e-mirror-1m	1	3	15190413312	15314702336	13671464960	1450762240	0	91627520	3228246	12111011840	11688419328	331100160	91492352	16670961664
2026-09-24T22:50:46+04:00	ref2e-mirror-1m	1	3	15190413312	15314702336	13671464960	1450762240	0	91627520	3228246	12111011840	11688419328	331100160	91492352	17177751552
2026-09-24T22:50:56+04:00	ref2e-mirror-1m	1	3	15190413312	15314702336	13671464960	1450762240	0	91627520	3228246	12111011840	11688419328	331100160	91492352	17007370240
2026-09-24T22:51:06+04:00	ref2e-mirror-1m	1	3	15190409216	15314702336	13671464960	1450762240	0	91627520	3228246	12111011840	11688419328	331100160	91492352	16670642176
2026-09-24T22:51:19+04:00	ref2e-mirror-1m	1	3	15190405120	15314702336	13671464960	1450762240	0	91627520	3228246	12111011840	11688419328	331100160	91492352	17278496768
2026-09-24T22:51:29+04:00	ref2e-mirror-1m	1	3	15190405120	15314702336	13671464960	1450762240	0	91627520	3228246	12111011840	11688419328	331100160	91492352	17127636992
2026-09-24T22:51:39+04:00	ref2e-mirror-1m	1	3	15190401024	15314702336	13671464960	1450762240	0	91627520	3228246	12111011840	11688419328	331100160	91492352	16825024512
2026-09-24T22:51:51+04:00	ref2e-mirror-1m	1	3	15190401024	15314702336	13671464960	1450762240	0	91627520	3228246	12111011840	11688419328	331100160	91492352	17135845376
2026-09-24T22:52:01+04:00	ref2e-mirror-1m	1	3	15190401024	15314702336	13671464960	1450762240	0	91627520	3228246	12111011840	11688419328	331100160	91492352	16914870272
2026-09-24T22:52:11+04:00	ref2e-mirror-1m	1	3	15190401024	15314702336	13671464960	1450762240	0	91627520	3228246	12111011840	11688419328	331100160	91492352	16811311104
2026-09-24T22:52:21+04:00	ref2e-mirror-1m	1	3	15190401024	15314702336	13671464960	1450762240	0	91627520	3228246	12111011840	11688419328	331100160	91492352	16733675520
2026-09-24T22:52:34+04:00	ref2e-mirror-1m	1	3	15190396928	15314702336	13671464960	1450762240	0	91627520	3228246	12111011840	11688419328	331100160	91492352	16731734016
2026-09-24T22:52:44+04:00	ref2e-mirror-1m	1	3	15190396928	15314702336	13671464960	1450762240	0	91627520	3228246	12111011840	11688419328	331100160	91492352	16284737536
2026-09-24T22:52:54+04:00	ref2e-mirror-1m	1	3	15190654976	15314702336	13671464960	1450762240	0	91627520	3228246	12111011840	11688419328	331100160	91492352	17134616576
2026-09-24T22:53:04+04:00	ref2e-mirror-1m	1	3	15190396928	15314702336	13671464960	1450762240	0	91627520	3228246	12111011840	11688419328	331100160	91492352	17629429760
2026-09-24T22:53:17+04:00	ref2e-mirror-1m	1	3	15190392832	15314702336	13671464960	1450762240	0	91627520	3228246	12111011840	11688419328	331100160	91492352	17480818688
2026-09-24T22:53:27+04:00	ref2e-mirror-1m	1	3	15190388736	15314702336	13671464960	1450762240	0	91627520	3228246	12111011840	11688419328	331100160	91492352	17064812544
2026-09-24T22:53:37+04:00	ref2e-mirror-1m	1	3	15190388736	15314702336	13671464960	1450762240	0	91627520	3228246	12111011840	11688419328	331100160	91492352	17802481664
2026-09-24T22:53:47+04:00	ref2e-mirror-1m	1	3	15190388736	15314702336	13671464960	1450762240	0	91627520	3228246	12111011840	11688419328	331100160	91492352	17588260864
2026-09-24T22:54:00+04:00	ref2e-mirror-1m	1	3	15190388736	15314702336	13671464960	1450762240	0	91627520	3228246	12111011840	11688419328	331100160	91492352	17548873728
2026-09-24T22:54:10+04:00	ref2e-mirror-1m	1	3	15190388736	15314702336	13671464960	1450762240	0	91627520	3228246	12111011840	11688419328	331100160	91492352	17852547072
2026-09-24T22:54:20+04:00	ref2e-mirror-1m	1	3	15190388736	15314702336	13671464960	1450762240	0	91627520	3228246	12111011840	11688419328	331100160	91492352	17617412096
2026-09-24T22:54:32+04:00	ref2e-mirror-1m	1	3	15190384640	15314702336	13671464960	1450762240	0	91627520	3228246	12111011840	11688419328	331100160	91492352	17741864960
2026-09-24T22:54:42+04:00	ref2e-mirror-1m	1	3	15190384640	15314702336	13671464960	1450762240	0	91627520	3228246	12111011840	11688419328	331100160	91492352	17644183552
2026-09-24T22:54:52+04:00	ref2e-mirror-1m	1	3	15190384640	15314702336	13671464960	1450762240	0	91627520	3228246	12111011840	11688419328	331100160	91492352	17532653568
2026-09-24T22:55:05+04:00	ref2e-mirror-1m	1	3	15190171648	15314702336	13671464960	1450762240	0	91627520	3228246	12111011840	11688419328	331100160	91492352	17766731776
2026-09-24T22:55:15+04:00	ref2e-mirror-1m	1	3	15190171648	15314702336	13671464960	1450762240	0	91627520	3228246	12111011840	11688419328	331100160	91492352	17545080832
2026-09-24T22:55:25+04:00	ref2e-mirror-1m	1	3	15190417408	15314702336	13671464960	1450762240	0	91627520	3228246	12111011840	11688419328	331100160	91492352	17914155008
2026-09-24T22:55:37+04:00	ref2e-mirror-1m	1	3	15190421504	15314702336	13671464960	1450762240	0	91627520	3228246	12111011840	11688419328	331100160	91492352	17579483136
2026-09-24T22:55:47+04:00	ref2e-mirror-1m	1	3	15190421504	15314702336	13671464960	1450762240	0	91627520	3228246	12111011840	11688419328	331100160	91492352	17393135616
2026-09-24T22:55:57+04:00	ref2e-mirror-1m	1	3	15190421504	15314702336	13671464960	1450762240	0	91627520	3228246	12111011840	11688419328	331100160	91492352	17259245568
2026-09-24T22:56:09+04:00	ref2e-mirror-1m	1	3	15190421504	15314702336	13671464960	1450762240	0	91627520	3228246	12111011840	11688419328	331100160	91492352	17729265664
2026-09-24T22:56:19+04:00	ref2e-mirror-1m	1	3	15190421504	15314702336	13671464960	1450762240	0	91627520	3228246	12111011840	11688419328	331100160	91492352	17542426624
2026-09-24T22:56:29+04:00	ref2e-mirror-1m	1	3	15190417408	15314702336	13671464960	1450762240	0	91627520	3228246	12111011840	11688419328	331100160	91492352	17815973888
2026-09-24T22:56:40+04:00	ref2e-mirror-1m	1	3	15190417408	15314702336	13671464960	1450762240	0	91627520	3228246	12111011840	11688419328	331100160	91492352	17598087168
2026-09-24T22:56:52+04:00	ref2e-mirror-1m	1	3	15190417408	15314702336	13671464960	1450762240	0	91627520	3228246	12111011840	11688419328	331100160	91492352	17393520640
2026-09-24T22:57:02+04:00	ref2e-mirror-1m	1	3	15190171648	15314702336	13671464960	1450762240	0	91627520	3228246	12111011840	11688419328	331100160	91492352	17183772672
2026-09-24T22:57:12+04:00	ref2e-mirror-1m	1	3	15190171648	15314702336	13671464960	1450762240	0	91627520	3228246	12111011840	11688419328	331100160	91492352	17093709824
2026-09-24T22:57:24+04:00	ref2e-mirror-1m	1	3	15190429696	15314702336	13671464960	1450762240	0	91627520	3228246	12111011840	11688419328	331100160	91492352	17756794880
2026-09-24T22:57:34+04:00	ref2e-mirror-1m	1	3	15190429696	15314702336	13671464960	1450762240	0	91627520	3228246	12111011840	11688419328	331100160	91492352	17656516608
2026-09-24T22:57:44+04:00	ref2e-mirror-1m	1	3	15190413312	15314702336	13671464960	1450762240	0	91627520	3228246	12111011840	11688419328	331100160	91492352	17465872384
2026-09-24T22:57:56+04:00	ref2e-mirror-1m	1	3	15190421504	15314702336	13671464960	1450762240	0	91627520	3228246	12111011840	11688419328	331100160	91492352	17699209216
2026-09-24T22:58:06+04:00	ref2e-mirror-1m	1	3	15190421504	15314702336	13671464960	1450762240	0	91627520	3228246	12111011840	11688419328	331100160	91492352	17100263424
2026-09-24T22:58:16+04:00	ref2e-mirror-1m	1	3	15190417408	15314702336	13671464960	1450762240	0	91627520	3228246	12111011840	11688419328	331100160	91492352	17575497728
2026-09-24T22:58:30+04:00	ref2e-mirror-1m	1	3	15190417408	15314702336	13671464960	1450762240	0	91627520	3228246	12111011840	11688419328	331100160	91492352	16060555264
2026-09-24T22:58:40+04:00	ref2e-mirror-1m	1	3	15190417408	15314702336	13671464960	1450762240	0	91627520	3228246	12111011840	11688419328	331100160	91492352	15727968256
2026-09-24T22:58:50+04:00	ref2e-mirror-1m	1	3	15190417408	15314702336	13671464960	1450762240	0	91627520	3228246	12111011840	11688419328	331100160	91492352	17537568768
2026-09-24T22:59:02+04:00	ref2e-mirror-1m	1	3	15190417408	15314702336	13671464960	1450762240	0	91627520	3228246	12111011840	11688419328	331100160	91492352	17544179712
2026-09-24T22:59:12+04:00	ref2e-mirror-1m	1	3	15190417408	15314702336	13671464960	1450762240	0	91627520	3228246	12111011840	11688419328	331100160	91492352	17144565760
2026-09-24T22:59:22+04:00	ref2e-mirror-1m	1	3	15190417408	15314702336	13671464960	1450762240	0	91627520	3228246	12111011840	11688419328	331100160	91492352	17737764864
2026-09-24T22:59:32+04:00	ref2e-mirror-1m	1	3	15190413312	15314702336	13671464960	1450762240	0	91627520	3228246	12111011840	11688419328	331100160	91492352	17622876160
2026-09-24T22:59:44+04:00	ref2e-mirror-1m	1	3	15190413312	15314702336	13671464960	1450762240	0	91627520	3228246	12111011840	11688419328	331100160	91492352	17360740352
2026-09-24T22:59:54+04:00	ref2e-mirror-1m	1	3	15190413312	15314702336	13671464960	1450762240	0	91627520	3228246	12111011840	11688419328	331100160	91492352	17559715840
2026-09-24T23:00:05+04:00	ref2e-mirror-1m	1	3	15190413312	15314702336	13671464960	1450762240	0	91627520	3228246	12111011840	11688419328	331100160	91492352	17457434624
2026-09-24T23:00:17+04:00	ref2e-mirror-1m	1	3	15190401024	15314702336	13671464960	1450762240	0	91627520	3228246	12111011840	11688419328	331100160	91492352	17589563392
2026-09-24T23:00:27+04:00	ref2e-mirror-1m	1	3	15190405120	15314702336	13671464960	1450762240	0	91627520	3228246	12111011840	11688419328	331100160	91492352	17259003904
2026-09-24T23:00:37+04:00	ref2e-mirror-1m	1	3	15190405120	15314702336	13671464960	1450762240	0	91627520	3228246	12111011840	11688419328	331100160	91492352	17655566336
2026-09-24T23:00:49+04:00	ref2e-mirror-1m	1	3	15190405120	15314702336	13671464960	1450762240	0	91627520	3228246	12111011840	11688419328	331100160	91492352	17471213568
2026-09-24T23:01:00+04:00	ref2e-mirror-1m	1	3	15190405120	15314702336	13671464960	1450762240	0	91627520	3228246	12111011840	11688419328	331100160	91492352	16756436992
2026-09-24T23:01:10+04:00	ref2e-mirror-1m	1	3	15190405120	15314702336	13671464960	1450762240	0	91627520	3228246	12111011840	11688419328	331100160	91492352	15932620800
2026-09-24T23:01:22+04:00	ref2e-mirror-1m	1	3	15190171648	15314702336	13671464960	1450762240	0	91627520	3228246	12111011840	11688419328	331100160	91492352	16035676160
2026-09-24T23:01:32+04:00	ref2e-mirror-1m	1	3	15190171648	15314702336	13671464960	1450762240	0	91627520	3228246	12111011840	11688419328	331100160	91492352	15325810688
2026-09-24T23:01:42+04:00	ref2e-mirror-1m	1	3	15190171648	15314702336	13671464960	1450762240	0	91627520	3228246	12111011840	11688419328	331100160	91492352	17724497920
2026-09-24T23:01:55+04:00	ref2e-mirror-1m	1	3	15190171648	15314702336	13671464960	1450762240	0	91627520	3228246	12111011840	11688419328	331100160	91492352	17789026304
2026-09-24T23:02:05+04:00	ref2e-mirror-1m	1	3	15190171648	15314702336	13671464960	1450762240	0	91627520	3228246	12111011840	11688419328	331100160	91492352	17640570880
2026-09-24T23:02:15+04:00	ref2e-mirror-1m	1	3	15190163456	15314702336	13671464960	1450762240	0	91627520	3228246	12111011840	11688419328	331100160	91492352	15200448512
2026-09-24T23:02:25+04:00	ref2e-mirror-1m	1	3	15190163456	15314702336	13671464960	1450762240	0	91627520	3228246	12111011840	11688419328	331100160	91492352	14586994688
2026-09-24T23:02:37+04:00	ref2e-mirror-1m	1	3	15190429696	15314702336	13671464960	1450762240	0	91627520	3228246	12111011840	11688419328	331100160	91492352	13413920768
2026-09-24T23:02:47+04:00	ref2e-mirror-1m	1	3	15190171648	15314702336	13671464960	1450762240	0	91627520	3228246	12111011840	11688419328	331100160	91492352	17469517824
2026-09-24T23:02:57+04:00	ref2e-mirror-1m	1	3	15190163456	15314702336	13671464960	1450762240	0	91627520	3228246	12111011840	11688419328	331100160	91492352	17605292032
2026-09-24T23:03:10+04:00	ref2e-mirror-1m	1	3	15190163456	15314702336	13671464960	1450762240	0	91627520	3228246	12111011840	11688419328	331100160	91492352	17542516736
2026-09-24T23:03:20+04:00	ref2e-mirror-1m	1	3	15190163456	15314702336	13671464960	1450762240	0	91627520	3228246	12111011840	11688419328	331100160	91492352	17369808896
2026-09-24T23:03:30+04:00	ref2e-mirror-1m	1	3	15190163456	15314702336	13671464960	1450762240	0	91627520	3228246	12111011840	11688419328	331100160	91492352	17632800768
2026-09-24T23:03:43+04:00	ref2e-mirror-1m	1	3	15190167552	15314702336	13671464960	1450762240	0	91627520	3228246	12111011840	11688419328	331100160	91492352	17517756416
2026-09-24T23:03:53+04:00	ref2e-mirror-1m	1	3	15190167552	15314702336	13671464960	1450762240	0	91627520	3228246	12111011840	11688419328	331100160	91492352	17351036928
2026-09-24T23:04:03+04:00	ref2e-mirror-1m	1	3	15190171648	15314702336	13671464960	1450762240	0	91627520	3228246	12111011840	11688419328	331100160	91492352	17421807616
2026-09-24T23:04:15+04:00	ref2e-mirror-1m	1	3	15190171648	15314702336	13671464960	1450762240	0	91627520	3228246	12111011840	11688419328	331100160	91492352	17922490368
2026-09-24T23:04:25+04:00	ref2e-mirror-1m	1	3	15190429696	15314702336	13671464960	1450762240	0	91627520	3228246	12111011840	11688419328	331100160	91492352	17681649664
2026-09-24T23:04:35+04:00	ref2e-mirror-1m	1	3	15190171648	15314702336	13671464960	1450762240	0	91627520	3228246	12111011840	11688419328	331100160	91492352	17550897152
2026-09-24T23:04:45+04:00	ref2e-mirror-1m	1	3	15190163456	15314702336	13671464960	1450762240	0	91627520	3228246	12111011840	11688419328	331100160	91492352	17559334912
2026-09-24T23:04:56+04:00	ref2e-mirror-1m	1	3	15190163456	15314702336	13671464960	1450762240	0	91627520	3228246	12111011840	11688419328	331100160	91492352	17527853056
2026-09-24T23:05:08+04:00	ref2e-mirror-1m	1	3	15190163456	15314702336	13671464960	1450762240	0	91627520	3228246	12111011840	11688419328	331100160	91492352	17553420288
2026-09-24T23:05:18+04:00	ref2e-mirror-1m	1	3	15190163456	15314702336	13671464960	1450762240	0	91627520	3228246	12111011840	11688419328	331100160	91492352	17539256320
2026-09-24T23:05:28+04:00	ref2e-mirror-1m	1	3	15190429696	15314702336	13671464960	1450762240	0	91627520	3228246	12111011840	11688419328	331100160	91492352	17658449920
2026-09-24T23:05:40+04:00	ref2e-mirror-1m	1	3	15190429696	15314702336	13671464960	1450762240	0	91627520	3228246	12111011840	11688419328	331100160	91492352	17748713472
2026-09-24T23:05:50+04:00	ref2e-mirror-1m	1	3	15190413312	15314702336	13671464960	1450762240	0	91627520	3228246	12111011840	11688419328	331100160	91492352	17826676736
2026-09-24T23:06:00+04:00	ref2e-mirror-1m	1	3	15190413312	15314702336	13671464960	1450762240	0	91627520	3228246	12111011840	11688419328	331100160	91492352	17799847936
2026-09-24T23:06:12+04:00	ref2e-mirror-1m	1	3	15190421504	15314702336	13671464960	1450762240	0	91627520	3228246	12111011840	11688419328	331100160	91492352	17656270848
2026-09-24T23:06:22+04:00	ref2e-mirror-1m	1	3	15190421504	15314702336	13671464960	1450762240	0	91627520	3228246	12111011840	11688419328	331100160	91492352	17674010624
2026-09-24T23:06:32+04:00	ref2e-mirror-1m	1	4	15248289792	15314702336	13718003712	1462038528	0	91627520	3228246	12136394752	11713802240	331100160	91492352	17871581184
