ts	unit	probes_done	pid	ppid	threads	rss	anon	thread_names
2026-09-27T17:34:09+04:00	ck9k-warm-whole	0	1982299	363	3	26853376	6045696	uv*1 tokio-rt-worker*1 main2*1 
2026-09-27T17:34:09+04:00	ck9k-warm-whole	0	1982317	1982299	22	698609664	422563840	ft*18 ZMQbg/Reaper*2 ZMQbg/IO/0*2 
2026-09-27T17:34:09+04:00	ck9k-warm-whole	0	1982405	1982317	1	12742656	5939200	python3*1 
2026-09-27T17:34:09+04:00	ck9k-warm-whole	0	1982406	1982317	16	640364544	370585600	python3*16 
2026-09-27T17:34:09+04:00	ck9k-warm-whole	0	1982407	1982317	16	640790528	370872320	python3*16 
2026-09-27T17:34:19+04:00	ck9k-warm-whole	0	1982299	363	2	26984448	6045696	uv*1 main2*1 
2026-09-27T17:34:19+04:00	ck9k-warm-whole	0	1982317	1982299	22	698920960	422744064	ft*18 ZMQbg/Reaper*2 ZMQbg/IO/0*2 
2026-09-27T17:34:19+04:00	ck9k-warm-whole	0	1982405	1982317	1	12742656	5939200	python3*1 
2026-09-27T17:34:19+04:00	ck9k-warm-whole	0	1982406	1982317	41	6658670592	984125440	python3*36 pt_gloo_runloop*2 pt_tcpstore_uv*1 cuda0000240000a*1 cuda-EvtHandlr*1 
2026-09-27T17:34:20+04:00	ck9k-warm-whole	0	1982407	1982317	23	882356224	607346688	python3*17 ZMQbg/Reaper*3 ZMQbg/IO/0*3 
2026-09-27T17:34:30+04:00	ck9k-warm-whole	0	1982299	363	2	26923008	6045696	uv*1 main2*1 
2026-09-27T17:34:30+04:00	ck9k-warm-whole	0	1982317	1982299	22	687255552	422748160	ft*18 ZMQbg/Reaper*2 ZMQbg/IO/0*2 
2026-09-27T17:34:30+04:00	ck9k-warm-whole	0	1982405	1982317	1	12742656	5939200	python3*1 
2026-09-27T17:34:30+04:00	ck9k-warm-whole	0	1982406	1982317	41	13938159616	984477696	python3*36 pt_gloo_runloop*2 pt_tcpstore_uv*1 cuda0000240000a*1 cuda-EvtHandlr*1 
2026-09-27T17:34:30+04:00	ck9k-warm-whole	0	1982407	1982317	23	870293504	607346688	python3*17 ZMQbg/Reaper*3 ZMQbg/IO/0*3 
2026-09-27T17:34:42+04:00	ck9k-warm-whole	0	1982299	363	2	23257088	6045696	uv*1 main2*1 
2026-09-27T17:34:42+04:00	ck9k-warm-whole	0	1982317	1982299	22	678256640	422756352	ft*18 ZMQbg/Reaper*2 ZMQbg/IO/0*2 
2026-09-27T17:34:42+04:00	ck9k-warm-whole	0	1982405	1982317	1	12738560	5939200	python3*1 
2026-09-27T17:34:42+04:00	ck9k-warm-whole	0	1982406	1982317	41	19532570624	984756224	python3*36 pt_gloo_runloop*2 pt_tcpstore_uv*1 cuda0000240000a*1 cuda-EvtHandlr*1 
2026-09-27T17:34:42+04:00	ck9k-warm-whole	0	1982407	1982317	23	861970432	607346688	python3*17 ZMQbg/Reaper*3 ZMQbg/IO/0*3 
2026-09-27T17:34:52+04:00	ck9k-warm-whole	0	1982299	363	2	19853312	6045696	uv*1 main2*1 
2026-09-27T17:34:52+04:00	ck9k-warm-whole	0	1982317	1982299	22	677601280	422756352	ft*18 ZMQbg/Reaper*2 ZMQbg/IO/0*2 
2026-09-27T17:34:52+04:00	ck9k-warm-whole	0	1982405	1982317	1	12738560	5939200	python3*1 
2026-09-27T17:34:52+04:00	ck9k-warm-whole	0	1982406	1982317	41	21026664448	984829952	python3*36 pt_gloo_runloop*2 pt_tcpstore_uv*1 cuda0000240000a*1 cuda-EvtHandlr*1 
2026-09-27T17:34:52+04:00	ck9k-warm-whole	0	1982407	1982317	23	861786112	607346688	python3*17 ZMQbg/Reaper*3 ZMQbg/IO/0*3 
2026-09-27T17:35:03+04:00	ck9k-warm-whole	0	1982299	363	2	19550208	6045696	uv*1 main2*1 
2026-09-27T17:35:03+04:00	ck9k-warm-whole	0	1982317	1982299	22	655540224	422756352	ft*18 ZMQbg/Reaper*2 ZMQbg/IO/0*2 
2026-09-27T17:35:03+04:00	ck9k-warm-whole	0	1982405	1982317	1	12705792	5939200	python3*1 
2026-09-27T17:35:03+04:00	ck9k-warm-whole	0	1982406	1982317	41	21953138688	984879104	python3*36 pt_gloo_runloop*2 pt_tcpstore_uv*1 cuda0000240000a*1 cuda-EvtHandlr*1 
2026-09-27T17:35:03+04:00	ck9k-warm-whole	0	1982407	1982317	23	839802880	607346688	python3*17 ZMQbg/Reaper*3 ZMQbg/IO/0*3 
2026-09-27T17:35:15+04:00	ck9k-warm-whole	0	1982299	363	2	13152256	20480	uv*1 main2*1 
2026-09-27T17:35:15+04:00	ck9k-warm-whole	0	1982317	1982299	22	476028928	263479296	ft*18 ZMQbg/Reaper*2 ZMQbg/IO/0*2 
2026-09-27T17:35:15+04:00	ck9k-warm-whole	0	1982405	1982317	1	12705792	5939200	python3*1 
2026-09-27T17:35:15+04:00	ck9k-warm-whole	0	1982406	1982317	41	22878797824	984928256	python3*36 pt_gloo_runloop*2 pt_tcpstore_uv*1 cuda0000240000a*1 cuda-EvtHandlr*1 
2026-09-27T17:35:15+04:00	ck9k-warm-whole	0	1982407	1982317	23	819380224	607346688	python3*17 ZMQbg/Reaper*3 ZMQbg/IO/0*3 
2026-09-27T17:35:25+04:00	ck9k-warm-whole	0	1982299	363	2	7282688	12288	uv*1 main2*1 
2026-09-27T17:35:25+04:00	ck9k-warm-whole	0	1982317	1982299	22	192102400	24526848	ft*18 ZMQbg/Reaper*2 ZMQbg/IO/0*2 
2026-09-27T17:35:25+04:00	ck9k-warm-whole	0	1982405	1982317	1	7462912	700416	python3*1 
2026-09-27T17:35:25+04:00	ck9k-warm-whole	0	1982406	1982317	41	22468943872	1718169600	python3*36 pt_gloo_runloop*2 pt_tcpstore_uv*1 cuda0000240000a*1 cuda-EvtHandlr*1 
2026-09-27T17:35:25+04:00	ck9k-warm-whole	0	1982407	1982317	23	723775488	555671552	python3*17 ZMQbg/Reaper*3 ZMQbg/IO/0*3 
2026-09-27T17:35:35+04:00	ck9k-warm-whole	0	1982299	363	2	7282688	12288	uv*1 main2*1 
2026-09-27T17:35:35+04:00	ck9k-warm-whole	0	1982317	1982299	39	418877440	244146176	ft*35 ZMQbg/Reaper*2 ZMQbg/IO/0*2 
2026-09-27T17:35:35+04:00	ck9k-warm-whole	0	1982405	1982317	1	7462912	700416	python3*1 
2026-09-27T17:35:35+04:00	ck9k-warm-whole	0	1982406	1982317	45	22701637632	1941946368	python3*36 pt_gloo_runloop*2 ZMQbg/Reaper*2 ZMQbg/IO/0*2 pt_tcpstore_uv*1 cuda0000240000a*1 
2026-09-27T17:35:36+04:00	ck9k-warm-whole	0	1982407	1982317	39	732528640	559730688	python3*33 ZMQbg/Reaper*3 ZMQbg/IO/0*3 
2026-09-27T17:35:48+04:00	ck9k-warm-whole	0	1982299	363	2	7282688	12288	uv*1 main2*1 
2026-09-27T17:35:48+04:00	ck9k-warm-whole	0	1982317	1982299	39	418877440	244146176	ft*35 ZMQbg/Reaper*2 ZMQbg/IO/0*2 
2026-09-27T17:35:48+04:00	ck9k-warm-whole	0	1982405	1982317	1	7462912	700416	python3*1 
2026-09-27T17:35:48+04:00	ck9k-warm-whole	0	1982406	1982317	45	22701637632	1941946368	python3*36 pt_gloo_runloop*2 ZMQbg/Reaper*2 ZMQbg/IO/0*2 pt_tcpstore_uv*1 cuda0000240000a*1 
2026-09-27T17:35:48+04:00	ck9k-warm-whole	0	1982407	1982317	39	732528640	559730688	python3*33 ZMQbg/Reaper*3 ZMQbg/IO/0*3 
2026-09-27T17:35:58+04:00	ck9k-warm-whole	2	1982299	363	2	7282688	12288	uv*1 main2*1 
2026-09-27T17:35:58+04:00	ck9k-warm-whole	2	1982317	1982299	39	559157248	384856064	ft*35 ZMQbg/Reaper*2 ZMQbg/IO/0*2 
2026-09-27T17:35:58+04:00	ck9k-warm-whole	2	1982405	1982317	1	7462912	700416	python3*1 
2026-09-27T17:35:58+04:00	ck9k-warm-whole	2	1982406	1982317	45	22701817856	1942126592	python3*36 pt_gloo_runloop*2 ZMQbg/Reaper*2 ZMQbg/IO/0*2 pt_tcpstore_uv*1 cuda0000240000a*1 
2026-09-27T17:35:58+04:00	ck9k-warm-whole	2	1982407	1982317	39	732561408	559763456	python3*33 ZMQbg/Reaper*3 ZMQbg/IO/0*3 
2026-09-27T17:36:52+04:00	ck9k-warm-mirror	0	2175019	363	3	27176960	6062080	uv*1 tokio-rt-worker*1 main2*1 
2026-09-27T17:36:52+04:00	ck9k-warm-mirror	0	2175292	2175019	22	699895808	422727680	ft*18 ZMQbg/Reaper*2 ZMQbg/IO/0*2 
2026-09-27T17:36:52+04:00	ck9k-warm-mirror	0	2180938	2175292	1	12775424	5939200	python3*1 
2026-09-27T17:36:52+04:00	ck9k-warm-mirror	0	2180940	2175292	24	974155776	548388864	python3*19 pt_gloo_runloop*2 pt_tcpstore_uv*1 cuda0000240000a*1 cuda-EvtHandlr*1 
2026-09-27T17:36:52+04:00	ck9k-warm-mirror	0	2180941	2175292	23	883716096	606576640	python3*17 ZMQbg/Reaper*3 ZMQbg/IO/0*3 
2026-09-27T17:37:02+04:00	ck9k-warm-mirror	0	2175019	363	2	27308032	6062080	uv*1 main2*1 
2026-09-27T17:37:02+04:00	ck9k-warm-mirror	0	2175292	2175019	22	699904000	422735872	ft*18 ZMQbg/Reaper*2 ZMQbg/IO/0*2 
2026-09-27T17:37:02+04:00	ck9k-warm-mirror	0	2180938	2175292	1	12775424	5939200	python3*1 
2026-09-27T17:37:02+04:00	ck9k-warm-mirror	0	2180940	2175292	40	17478615040	15348391936	python3*35 pt_gloo_runloop*2 pt_tcpstore_uv*1 cuda0000240000a*1 cuda-EvtHandlr*1 
2026-09-27T17:37:03+04:00	ck9k-warm-mirror	0	2180941	2175292	23	883716096	606576640	python3*17 ZMQbg/Reaper*3 ZMQbg/IO/0*3 
2026-09-27T17:37:13+04:00	ck9k-warm-mirror	0	2175019	363	2	27308032	6062080	uv*1 main2*1 
2026-09-27T17:37:13+04:00	ck9k-warm-mirror	0	2175292	2175019	22	699908096	422739968	ft*18 ZMQbg/Reaper*2 ZMQbg/IO/0*2 
2026-09-27T17:37:13+04:00	ck9k-warm-mirror	0	2180938	2175292	1	12775424	5939200	python3*1 
2026-09-27T17:37:13+04:00	ck9k-warm-mirror	0	2180940	2175292	41	17568997376	15434924032	python3*36 pt_gloo_runloop*2 pt_tcpstore_uv*1 cuda0000240000a*1 cuda-EvtHandlr*1 
2026-09-27T17:37:13+04:00	ck9k-warm-mirror	0	2180941	2175292	23	883716096	606576640	python3*17 ZMQbg/Reaper*3 ZMQbg/IO/0*3 
2026-09-27T17:37:25+04:00	ck9k-warm-mirror	0	2175019	363	2	27308032	6062080	uv*1 main2*1 
2026-09-27T17:37:25+04:00	ck9k-warm-mirror	0	2175292	2175019	22	699916288	422748160	ft*18 ZMQbg/Reaper*2 ZMQbg/IO/0*2 
2026-09-27T17:37:25+04:00	ck9k-warm-mirror	0	2180938	2175292	1	12775424	5939200	python3*1 
2026-09-27T17:37:25+04:00	ck9k-warm-mirror	0	2180940	2175292	41	16347103232	15750914048	python3*36 pt_gloo_runloop*2 pt_tcpstore_uv*1 cuda0000240000a*1 cuda-EvtHandlr*1 
2026-09-27T17:37:25+04:00	ck9k-warm-mirror	0	2180941	2175292	23	883716096	606576640	python3*17 ZMQbg/Reaper*3 ZMQbg/IO/0*3 
2026-09-27T17:37:35+04:00	ck9k-warm-mirror	0	2175019	363	2	27308032	6062080	uv*1 main2*1 
2026-09-27T17:37:35+04:00	ck9k-warm-mirror	0	2175292	2175019	22	699916288	422748160	ft*18 ZMQbg/Reaper*2 ZMQbg/IO/0*2 
2026-09-27T17:37:35+04:00	ck9k-warm-mirror	0	2180938	2175292	1	12775424	5939200	python3*1 
2026-09-27T17:37:35+04:00	ck9k-warm-mirror	0	2180940	2175292	41	16605044736	15997829120	python3*36 pt_gloo_runloop*2 pt_tcpstore_uv*1 cuda0000240000a*1 cuda-EvtHandlr*1 
2026-09-27T17:37:35+04:00	ck9k-warm-mirror	0	2180941	2175292	23	883716096	606576640	python3*17 ZMQbg/Reaper*3 ZMQbg/IO/0*3 
2026-09-27T17:37:45+04:00	ck9k-warm-mirror	0	2175019	363	2	27308032	6062080	uv*1 main2*1 
2026-09-27T17:37:45+04:00	ck9k-warm-mirror	0	2175292	2175019	22	699920384	422752256	ft*18 ZMQbg/Reaper*2 ZMQbg/IO/0*2 
2026-09-27T17:37:45+04:00	ck9k-warm-mirror	0	2180938	2175292	1	12775424	5939200	python3*1 
2026-09-27T17:37:45+04:00	ck9k-warm-mirror	0	2180940	2175292	41	16863490048	16250290176	python3*36 pt_gloo_runloop*2 pt_tcpstore_uv*1 cuda0000240000a*1 cuda-EvtHandlr*1 
2026-09-27T17:37:45+04:00	ck9k-warm-mirror	0	2180941	2175292	23	883716096	606576640	python3*17 ZMQbg/Reaper*3 ZMQbg/IO/0*3 
2026-09-27T17:37:55+04:00	ck9k-warm-mirror	0	2175019	363	2	27308032	6062080	uv*1 main2*1 
2026-09-27T17:37:55+04:00	ck9k-warm-mirror	0	2175292	2175019	39	904384512	621174784	ft*35 ZMQbg/Reaper*2 ZMQbg/IO/0*2 
2026-09-27T17:37:56+04:00	ck9k-warm-mirror	0	2180938	2175292	1	12775424	5939200	python3*1 
2026-09-27T17:37:56+04:00	ck9k-warm-mirror	0	2180940	2175292	45	17071067136	16450572288	python3*36 pt_gloo_runloop*2 ZMQbg/Reaper*2 ZMQbg/IO/0*2 pt_tcpstore_uv*1 cuda0000240000a*1 
2026-09-27T17:37:56+04:00	ck9k-warm-mirror	0	2180941	2175292	39	887799808	607367168	python3*33 ZMQbg/Reaper*3 ZMQbg/IO/0*3 
2026-09-27T17:38:07+04:00	ck9k-warm-mirror	0	2175019	363	2	27308032	6062080	uv*1 main2*1 
2026-09-27T17:38:07+04:00	ck9k-warm-mirror	0	2175292	2175019	39	904388608	621178880	ft*35 ZMQbg/Reaper*2 ZMQbg/IO/0*2 
2026-09-27T17:38:07+04:00	ck9k-warm-mirror	0	2180938	2175292	1	12775424	5939200	python3*1 
2026-09-27T17:38:07+04:00	ck9k-warm-mirror	0	2180940	2175292	45	17071083520	16450576384	python3*36 pt_gloo_runloop*2 ZMQbg/Reaper*2 ZMQbg/IO/0*2 pt_tcpstore_uv*1 cuda0000240000a*1 
2026-09-27T17:38:07+04:00	ck9k-warm-mirror	0	2180941	2175292	39	887799808	607367168	python3*33 ZMQbg/Reaper*3 ZMQbg/IO/0*3 
2026-09-27T17:38:18+04:00	ck9k-warm-mirror	0	2175019	363	2	27308032	6062080	uv*1 main2*1 
2026-09-27T17:38:18+04:00	ck9k-warm-mirror	0	2175292	2175019	39	904458240	621248512	ft*35 ZMQbg/Reaper*2 ZMQbg/IO/0*2 
2026-09-27T17:38:18+04:00	ck9k-warm-mirror	0	2180938	2175292	1	12775424	5939200	python3*1 
2026-09-27T17:38:18+04:00	ck9k-warm-mirror	0	2180940	2175292	45	17071104000	16450600960	python3*36 pt_gloo_runloop*2 ZMQbg/Reaper*2 ZMQbg/IO/0*2 pt_tcpstore_uv*1 cuda0000240000a*1 
2026-09-27T17:38:18+04:00	ck9k-warm-mirror	0	2180941	2175292	39	887799808	607367168	python3*33 ZMQbg/Reaper*3 ZMQbg/IO/0*3 
2026-09-27T17:39:11+04:00	ck9k-whole-1	0	2397084	363	3	28352512	6053888	uv*1 tokio-rt-worker*1 main2*1 
2026-09-27T17:39:11+04:00	ck9k-whole-1	0	2397369	2397084	22	701849600	422621184	ft*18 ZMQbg/Reaper*2 ZMQbg/IO/0*2 
2026-09-27T17:39:11+04:00	ck9k-whole-1	0	2401319	2397369	1	12787712	5939200	python3*1 
2026-09-27T17:39:11+04:00	ck9k-whole-1	0	2401321	2397369	24	971624448	548364288	python3*19 pt_gloo_runloop*2 pt_tcpstore_uv*1 cuda0000240000a*1 cuda-EvtHandlr*1 
2026-09-27T17:39:11+04:00	ck9k-whole-1	0	2401322	2397369	23	882077696	607371264	python3*17 ZMQbg/Reaper*3 ZMQbg/IO/0*3 
2026-09-27T17:39:22+04:00	ck9k-whole-1	0	2397084	363	2	28483584	6053888	uv*1 main2*1 
2026-09-27T17:39:22+04:00	ck9k-whole-1	0	2397369	2397084	22	702042112	422752256	ft*18 ZMQbg/Reaper*2 ZMQbg/IO/0*2 
2026-09-27T17:39:22+04:00	ck9k-whole-1	0	2401319	2397369	1	12787712	5939200	python3*1 
2026-09-27T17:39:22+04:00	ck9k-whole-1	0	2401321	2397369	41	6721523712	980721664	python3*36 pt_gloo_runloop*2 pt_tcpstore_uv*1 cuda0000240000a*1 cuda-EvtHandlr*1 
2026-09-27T17:39:22+04:00	ck9k-whole-1	0	2401322	2397369	23	882077696	607371264	python3*17 ZMQbg/Reaper*3 ZMQbg/IO/0*3 
2026-09-27T17:39:32+04:00	ck9k-whole-1	0	2397084	363	2	28479488	6053888	uv*1 main2*1 
2026-09-27T17:39:32+04:00	ck9k-whole-1	0	2397369	2397084	22	701771776	422760448	ft*18 ZMQbg/Reaper*2 ZMQbg/IO/0*2 
2026-09-27T17:39:32+04:00	ck9k-whole-1	0	2401319	2397369	1	12787712	5939200	python3*1 
2026-09-27T17:39:32+04:00	ck9k-whole-1	0	2401321	2397369	41	12586586112	981000192	python3*36 pt_gloo_runloop*2 pt_tcpstore_uv*1 cuda0000240000a*1 cuda-EvtHandlr*1 
2026-09-27T17:39:32+04:00	ck9k-whole-1	0	2401322	2397369	23	881799168	607371264	python3*17 ZMQbg/Reaper*3 ZMQbg/IO/0*3 
2026-09-27T17:39:44+04:00	ck9k-whole-1	0	2397084	363	2	28266496	6053888	uv*1 main2*1 
2026-09-27T17:39:44+04:00	ck9k-whole-1	0	2397369	2397084	22	671010816	422768640	ft*18 ZMQbg/Reaper*2 ZMQbg/IO/0*2 
2026-09-27T17:39:44+04:00	ck9k-whole-1	0	2401319	2397369	1	12787712	5939200	python3*1 
2026-09-27T17:39:44+04:00	ck9k-whole-1	0	2401321	2397369	41	17944584192	981274624	python3*36 pt_gloo_runloop*2 pt_tcpstore_uv*1 cuda0000240000a*1 cuda-EvtHandlr*1 
2026-09-27T17:39:44+04:00	ck9k-whole-1	0	2401322	2397369	23	850935808	607371264	python3*17 ZMQbg/Reaper*3 ZMQbg/IO/0*3 
2026-09-27T17:39:54+04:00	ck9k-whole-1	0	2397084	363	2	22040576	16384	uv*1 main2*1 
2026-09-27T17:39:54+04:00	ck9k-whole-1	0	2397369	2397084	22	627470336	405090304	ft*18 ZMQbg/Reaper*2 ZMQbg/IO/0*2 
2026-09-27T17:39:55+04:00	ck9k-whole-1	0	2401319	2397369	1	12709888	5939200	python3*1 
2026-09-27T17:39:55+04:00	ck9k-whole-1	0	2401321	2397369	41	22827479040	981524480	python3*36 pt_gloo_runloop*2 pt_tcpstore_uv*1 cuda0000240000a*1 cuda-EvtHandlr*1 
2026-09-27T17:39:55+04:00	ck9k-whole-1	0	2401322	2397369	23	823463936	607371264	python3*17 ZMQbg/Reaper*3 ZMQbg/IO/0*3 
2026-09-27T17:40:05+04:00	ck9k-whole-1	0	2397084	363	2	21897216	16384	uv*1 main2*1 
2026-09-27T17:40:05+04:00	ck9k-whole-1	0	2397369	2397084	39	692449280	471478272	ft*35 ZMQbg/Reaper*2 ZMQbg/IO/0*2 
2026-09-27T17:40:05+04:00	ck9k-whole-1	0	2401319	2397369	1	12693504	5939200	python3*1 
2026-09-27T17:40:05+04:00	ck9k-whole-1	0	2401321	2397369	45	22827630592	1985708032	python3*36 pt_gloo_runloop*2 ZMQbg/Reaper*2 ZMQbg/IO/0*2 pt_tcpstore_uv*1 cuda0000240000a*1 
2026-09-27T17:40:05+04:00	ck9k-whole-1	0	2401322	2397369	39	821981184	608169984	python3*33 ZMQbg/Reaper*3 ZMQbg/IO/0*3 
2026-09-27T17:40:17+04:00	ck9k-whole-1	0	2397084	363	2	21897216	16384	uv*1 main2*1 
2026-09-27T17:40:17+04:00	ck9k-whole-1	0	2397369	2397084	39	692477952	471506944	ft*35 ZMQbg/Reaper*2 ZMQbg/IO/0*2 
2026-09-27T17:40:17+04:00	ck9k-whole-1	0	2401319	2397369	1	12693504	5939200	python3*1 
2026-09-27T17:40:17+04:00	ck9k-whole-1	0	2401321	2397369	45	22828654592	1985949696	python3*36 pt_gloo_runloop*2 ZMQbg/Reaper*2 ZMQbg/IO/0*2 pt_tcpstore_uv*1 cuda0000240000a*1 
2026-09-27T17:40:17+04:00	ck9k-whole-1	0	2401322	2397369	39	821989376	608178176	python3*33 ZMQbg/Reaper*3 ZMQbg/IO/0*3 
2026-09-27T17:40:27+04:00	ck9k-whole-1	0	2397084	363	2	21897216	16384	uv*1 main2*1 
2026-09-27T17:40:27+04:00	ck9k-whole-1	0	2397369	2397084	39	692477952	471506944	ft*35 ZMQbg/Reaper*2 ZMQbg/IO/0*2 
2026-09-27T17:40:27+04:00	ck9k-whole-1	0	2401319	2397369	1	12693504	5939200	python3*1 
2026-09-27T17:40:27+04:00	ck9k-whole-1	0	2401321	2397369	45	22828654592	1985949696	python3*36 pt_gloo_runloop*2 ZMQbg/Reaper*2 ZMQbg/IO/0*2 pt_tcpstore_uv*1 cuda0000240000a*1 
2026-09-27T17:40:28+04:00	ck9k-whole-1	0	2401322	2397369	39	821989376	608178176	python3*33 ZMQbg/Reaper*3 ZMQbg/IO/0*3 
2026-09-27T17:40:38+04:00	ck9k-whole-1	1	2397084	363	2	21897216	16384	uv*1 main2*1 
2026-09-27T17:40:38+04:00	ck9k-whole-1	1	2397369	2397084	57	695316480	474112000	ft*51 ZMQbg/Reaper*3 ZMQbg/IO/0*3 
2026-09-27T17:40:38+04:00	ck9k-whole-1	1	2401319	2397369	1	12693504	5939200	python3*1 
2026-09-27T17:40:38+04:00	ck9k-whole-1	1	2401321	2397369	45	22829379584	1986674688	python3*36 pt_gloo_runloop*2 ZMQbg/Reaper*2 ZMQbg/IO/0*2 pt_tcpstore_uv*1 cuda0000240000a*1 
2026-09-27T17:40:38+04:00	ck9k-whole-1	1	2401322	2397369	57	822865920	608870400	python3*49 ZMQbg/Reaper*4 ZMQbg/IO/0*4 
2026-09-27T17:40:50+04:00	ck9k-whole-1	1	2397084	363	2	21897216	16384	uv*1 main2*1 
2026-09-27T17:40:50+04:00	ck9k-whole-1	1	2397369	2397084	57	695328768	474136576	ft*51 ZMQbg/Reaper*3 ZMQbg/IO/0*3 
2026-09-27T17:40:50+04:00	ck9k-whole-1	1	2401319	2397369	1	12693504	5939200	python3*1 
2026-09-27T17:40:50+04:00	ck9k-whole-1	1	2401321	2397369	45	22837727232	2028302336	python3*36 pt_gloo_runloop*2 ZMQbg/Reaper*2 ZMQbg/IO/0*2 pt_tcpstore_uv*1 cuda0000240000a*1 
2026-09-27T17:40:50+04:00	ck9k-whole-1	1	2401322	2397369	57	822865920	608870400	python3*49 ZMQbg/Reaper*4 ZMQbg/IO/0*4 
2026-09-27T17:41:00+04:00	ck9k-whole-1	3	2397084	363	2	21848064	16384	uv*1 main2*1 
2026-09-27T17:41:00+04:00	ck9k-whole-1	3	2397369	2397084	57	692109312	474185728	ft*51 ZMQbg/Reaper*3 ZMQbg/IO/0*3 
2026-09-27T17:41:00+04:00	ck9k-whole-1	3	2401319	2397369	1	12693504	5939200	python3*1 
2026-09-27T17:41:00+04:00	ck9k-whole-1	3	2401321	2397369	45	22868787200	2028302336	python3*36 pt_gloo_runloop*2 ZMQbg/Reaper*2 ZMQbg/IO/0*2 pt_tcpstore_uv*1 cuda0000240000a*1 
2026-09-27T17:41:01+04:00	ck9k-whole-1	3	2401322	2397369	57	819605504	608870400	python3*49 ZMQbg/Reaper*4 ZMQbg/IO/0*4 
2026-09-27T17:41:11+04:00	ck9k-whole-1	4	2397084	363	2	21848064	16384	uv*1 main2*1 
2026-09-27T17:41:11+04:00	ck9k-whole-1	4	2397369	2397084	57	708448256	492937216	ft*51 ZMQbg/Reaper*3 ZMQbg/IO/0*3 
2026-09-27T17:41:11+04:00	ck9k-whole-1	4	2401319	2397369	1	12693504	5939200	python3*1 
2026-09-27T17:41:11+04:00	ck9k-whole-1	4	2401321	2397369	45	22865313792	2028806144	python3*36 pt_gloo_runloop*2 ZMQbg/Reaper*2 ZMQbg/IO/0*2 pt_tcpstore_uv*1 cuda0000240000a*1 
2026-09-27T17:41:11+04:00	ck9k-whole-1	4	2401322	2397369	57	816427008	608870400	python3*49 ZMQbg/Reaper*4 ZMQbg/IO/0*4 
2026-09-27T17:42:05+04:00	ck9k-mirror-1	0	2645651	363	3	25157632	6057984	uv*1 tokio-rt-worker*1 main2*1 
2026-09-27T17:42:05+04:00	ck9k-mirror-1	0	2645895	2645651	22	700313600	422735872	ft*18 ZMQbg/Reaper*2 ZMQbg/IO/0*2 
2026-09-27T17:42:05+04:00	ck9k-mirror-1	0	2651635	2645895	1	12787712	5939200	python3*1 
2026-09-27T17:42:05+04:00	ck9k-mirror-1	0	2651638	2645895	25	3861061632	836128768	python3*20 pt_gloo_runloop*2 pt_tcpstore_uv*1 cuda0000240000a*1 cuda-EvtHandlr*1 
2026-09-27T17:42:05+04:00	ck9k-mirror-1	0	2651640	2645895	23	881754112	607391744	python3*17 ZMQbg/Reaper*3 ZMQbg/IO/0*3 
2026-09-27T17:42:15+04:00	ck9k-mirror-1	0	2645651	363	2	25288704	6057984	uv*1 main2*1 
2026-09-27T17:42:15+04:00	ck9k-mirror-1	0	2645895	2645651	22	700321792	422744064	ft*18 ZMQbg/Reaper*2 ZMQbg/IO/0*2 
2026-09-27T17:42:15+04:00	ck9k-mirror-1	0	2651635	2645895	1	12787712	5939200	python3*1 
2026-09-27T17:42:15+04:00	ck9k-mirror-1	0	2651638	2645895	40	17476194304	15348416512	python3*35 pt_gloo_runloop*2 pt_tcpstore_uv*1 cuda0000240000a*1 cuda-EvtHandlr*1 
2026-09-27T17:42:15+04:00	ck9k-mirror-1	0	2651640	2645895	23	881754112	607391744	python3*17 ZMQbg/Reaper*3 ZMQbg/IO/0*3 
2026-09-27T17:42:26+04:00	ck9k-mirror-1	0	2645651	363	2	25288704	6057984	uv*1 main2*1 
2026-09-27T17:42:26+04:00	ck9k-mirror-1	0	2645895	2645651	22	700325888	422748160	ft*18 ZMQbg/Reaper*2 ZMQbg/IO/0*2 
2026-09-27T17:42:26+04:00	ck9k-mirror-1	0	2651635	2645895	1	12787712	5939200	python3*1 
2026-09-27T17:42:26+04:00	ck9k-mirror-1	0	2651638	2645895	41	17566584832	15434952704	python3*36 pt_gloo_runloop*2 pt_tcpstore_uv*1 cuda0000240000a*1 cuda-EvtHandlr*1 
2026-09-27T17:42:26+04:00	ck9k-mirror-1	0	2651640	2645895	23	881754112	607391744	python3*17 ZMQbg/Reaper*3 ZMQbg/IO/0*3 
2026-09-27T17:42:38+04:00	ck9k-mirror-1	0	2645651	363	2	25288704	6057984	uv*1 main2*1 
2026-09-27T17:42:38+04:00	ck9k-mirror-1	0	2645895	2645651	22	700338176	422760448	ft*18 ZMQbg/Reaper*2 ZMQbg/IO/0*2 
2026-09-27T17:42:38+04:00	ck9k-mirror-1	0	2651635	2645895	1	12787712	5939200	python3*1 
2026-09-27T17:42:38+04:00	ck9k-mirror-1	0	2651638	2645895	41	16345812992	15752667136	python3*36 pt_gloo_runloop*2 pt_tcpstore_uv*1 cuda0000240000a*1 cuda-EvtHandlr*1 
2026-09-27T17:42:38+04:00	ck9k-mirror-1	0	2651640	2645895	23	881754112	607391744	python3*17 ZMQbg/Reaper*3 ZMQbg/IO/0*3 
2026-09-27T17:42:48+04:00	ck9k-mirror-1	0	2645651	363	2	25288704	6057984	uv*1 main2*1 
2026-09-27T17:42:48+04:00	ck9k-mirror-1	0	2645895	2645651	22	700338176	422760448	ft*18 ZMQbg/Reaper*2 ZMQbg/IO/0*2 
2026-09-27T17:42:48+04:00	ck9k-mirror-1	0	2651635	2645895	1	12787712	5939200	python3*1 
2026-09-27T17:42:48+04:00	ck9k-mirror-1	0	2651638	2645895	41	16345841664	15752695808	python3*36 pt_gloo_runloop*2 pt_tcpstore_uv*1 cuda0000240000a*1 cuda-EvtHandlr*1 
2026-09-27T17:42:48+04:00	ck9k-mirror-1	0	2651640	2645895	23	881754112	607391744	python3*17 ZMQbg/Reaper*3 ZMQbg/IO/0*3 
2026-09-27T17:42:58+04:00	ck9k-mirror-1	0	2645651	363	2	25288704	6057984	uv*1 main2*1 
2026-09-27T17:42:58+04:00	ck9k-mirror-1	0	2645895	2645651	22	700338176	422760448	ft*18 ZMQbg/Reaper*2 ZMQbg/IO/0*2 
2026-09-27T17:42:58+04:00	ck9k-mirror-1	0	2651635	2645895	1	12787712	5939200	python3*1 
2026-09-27T17:42:58+04:00	ck9k-mirror-1	0	2651638	2645895	41	16603787264	15999713280	python3*36 pt_gloo_runloop*2 pt_tcpstore_uv*1 cuda0000240000a*1 cuda-EvtHandlr*1 
2026-09-27T17:42:58+04:00	ck9k-mirror-1	0	2651640	2645895	23	881754112	607391744	python3*17 ZMQbg/Reaper*3 ZMQbg/IO/0*3 
2026-09-27T17:43:10+04:00	ck9k-mirror-1	0	2645651	363	2	25288704	6057984	uv*1 main2*1 
2026-09-27T17:43:10+04:00	ck9k-mirror-1	0	2645895	2645651	22	700342272	422764544	ft*18 ZMQbg/Reaper*2 ZMQbg/IO/0*2 
2026-09-27T17:43:10+04:00	ck9k-mirror-1	0	2651635	2645895	1	12787712	5939200	python3*1 
2026-09-27T17:43:10+04:00	ck9k-mirror-1	0	2651638	2645895	41	16862269440	16252215296	python3*36 pt_gloo_runloop*2 pt_tcpstore_uv*1 cuda0000240000a*1 cuda-EvtHandlr*1 
2026-09-27T17:43:10+04:00	ck9k-mirror-1	0	2651640	2645895	23	881754112	607391744	python3*17 ZMQbg/Reaper*3 ZMQbg/IO/0*3 
2026-09-27T17:43:20+04:00	ck9k-mirror-1	0	2645651	363	2	25288704	6057984	uv*1 main2*1 
2026-09-27T17:43:20+04:00	ck9k-mirror-1	0	2645895	2645651	39	904638464	621137920	ft*35 ZMQbg/Reaper*2 ZMQbg/IO/0*2 
2026-09-27T17:43:20+04:00	ck9k-mirror-1	0	2651635	2645895	1	12787712	5939200	python3*1 
2026-09-27T17:43:20+04:00	ck9k-mirror-1	0	2651638	2645895	45	17071136768	16453865472	python3*36 pt_gloo_runloop*2 ZMQbg/Reaper*2 ZMQbg/IO/0*2 pt_tcpstore_uv*1 cuda0000240000a*1 
2026-09-27T17:43:21+04:00	ck9k-mirror-1	0	2651640	2645895	39	885682176	608169984	python3*33 ZMQbg/Reaper*3 ZMQbg/IO/0*3 
2026-09-27T17:43:31+04:00	ck9k-mirror-1	0	2645651	363	2	25288704	6057984	uv*1 main2*1 
2026-09-27T17:43:31+04:00	ck9k-mirror-1	0	2645895	2645651	39	904638464	621137920	ft*35 ZMQbg/Reaper*2 ZMQbg/IO/0*2 
2026-09-27T17:43:31+04:00	ck9k-mirror-1	0	2651635	2645895	1	12787712	5939200	python3*1 
2026-09-27T17:43:31+04:00	ck9k-mirror-1	0	2651638	2645895	45	17071136768	16453865472	python3*36 pt_gloo_runloop*2 ZMQbg/Reaper*2 ZMQbg/IO/0*2 pt_tcpstore_uv*1 cuda0000240000a*1 
2026-09-27T17:43:31+04:00	ck9k-mirror-1	0	2651640	2645895	39	885682176	608169984	python3*33 ZMQbg/Reaper*3 ZMQbg/IO/0*3 
2026-09-27T17:43:43+04:00	ck9k-mirror-1	0	2645651	363	2	25288704	6057984	uv*1 main2*1 
2026-09-27T17:43:43+04:00	ck9k-mirror-1	0	2645895	2645651	39	904720384	621219840	ft*35 ZMQbg/Reaper*2 ZMQbg/IO/0*2 
2026-09-27T17:43:43+04:00	ck9k-mirror-1	0	2651635	2645895	1	12787712	5939200	python3*1 
2026-09-27T17:43:43+04:00	ck9k-mirror-1	0	2651638	2645895	45	17071161344	16453890048	python3*36 pt_gloo_runloop*2 ZMQbg/Reaper*2 ZMQbg/IO/0*2 pt_tcpstore_uv*1 cuda0000240000a*1 
2026-09-27T17:43:43+04:00	ck9k-mirror-1	0	2651640	2645895	39	885714944	608202752	python3*33 ZMQbg/Reaper*3 ZMQbg/IO/0*3 
2026-09-27T17:43:53+04:00	ck9k-mirror-1	1	2645651	363	2	25288704	6057984	uv*1 main2*1 
2026-09-27T17:43:53+04:00	ck9k-mirror-1	1	2645895	2645651	57	907616256	624115712	ft*51 ZMQbg/Reaper*3 ZMQbg/IO/0*3 
2026-09-27T17:43:53+04:00	ck9k-mirror-1	1	2651635	2645895	1	12787712	5939200	python3*1 
2026-09-27T17:43:53+04:00	ck9k-mirror-1	1	2651638	2645895	45	17071460352	16454189056	python3*36 pt_gloo_runloop*2 ZMQbg/Reaper*2 ZMQbg/IO/0*2 pt_tcpstore_uv*1 cuda0000240000a*1 
2026-09-27T17:43:53+04:00	ck9k-mirror-1	1	2651640	2645895	57	886763520	609251328	python3*49 ZMQbg/Reaper*4 ZMQbg/IO/0*4 
2026-09-27T17:44:03+04:00	ck9k-mirror-1	2	2645651	363	2	25288704	6057984	uv*1 main2*1 
2026-09-27T17:44:03+04:00	ck9k-mirror-1	2	2645895	2645651	57	907079680	623579136	ft*51 ZMQbg/Reaper*3 ZMQbg/IO/0*3 
2026-09-27T17:44:03+04:00	ck9k-mirror-1	2	2651635	2645895	1	12787712	5939200	python3*1 
2026-09-27T17:44:03+04:00	ck9k-mirror-1	2	2651638	2645895	45	17114488832	16496123904	python3*36 pt_gloo_runloop*2 ZMQbg/Reaper*2 ZMQbg/IO/0*2 pt_tcpstore_uv*1 cuda0000240000a*1 
2026-09-27T17:44:04+04:00	ck9k-mirror-1	2	2651640	2645895	57	886763520	609251328	python3*49 ZMQbg/Reaper*4 ZMQbg/IO/0*4 
2026-09-27T17:44:15+04:00	ck9k-mirror-1	3	2645651	363	2	25288704	6057984	uv*1 main2*1 
2026-09-27T17:44:15+04:00	ck9k-mirror-1	3	2645895	2645651	57	907165696	623665152	ft*51 ZMQbg/Reaper*3 ZMQbg/IO/0*3 
2026-09-27T17:44:15+04:00	ck9k-mirror-1	3	2651635	2645895	1	12787712	5939200	python3*1 
2026-09-27T17:44:16+04:00	ck9k-mirror-1	3	2651638	2645895	45	17114488832	16496123904	python3*36 pt_gloo_runloop*2 ZMQbg/Reaper*2 ZMQbg/IO/0*2 pt_tcpstore_uv*1 cuda0000240000a*1 
2026-09-27T17:44:16+04:00	ck9k-mirror-1	3	2651640	2645895	57	886763520	609251328	python3*49 ZMQbg/Reaper*4 ZMQbg/IO/0*4 
2026-09-27T17:44:26+04:00	ck9k-mirror-1	4	2645651	363	2	25288704	6057984	uv*1 main2*1 
2026-09-27T17:44:26+04:00	ck9k-mirror-1	4	2645895	2645651	57	990928896	707428352	ft*51 ZMQbg/Reaper*3 ZMQbg/IO/0*3 
2026-09-27T17:44:26+04:00	ck9k-mirror-1	4	2651635	2645895	1	12787712	5939200	python3*1 
2026-09-27T17:44:26+04:00	ck9k-mirror-1	4	2651638	2645895	45	17114488832	16496123904	python3*36 pt_gloo_runloop*2 ZMQbg/Reaper*2 ZMQbg/IO/0*2 pt_tcpstore_uv*1 cuda0000240000a*1 
2026-09-27T17:44:26+04:00	ck9k-mirror-1	4	2651640	2645895	57	886763520	609251328	python3*49 ZMQbg/Reaper*4 ZMQbg/IO/0*4 
2026-09-27T17:45:08+04:00	ck9k-whole-2	0	2688334	363	3	26935296	6062080	uv*1 tokio-rt-worker*1 main2*1 
2026-09-27T17:45:08+04:00	ck9k-whole-2	0	2688351	2688334	16	641929216	369487872	ft*16 
2026-09-27T17:45:20+04:00	ck9k-whole-2	0	2688334	363	2	27066368	6062080	uv*1 main2*1 
2026-09-27T17:45:20+04:00	ck9k-whole-2	0	2688351	2688334	22	701419520	422731776	ft*18 ZMQbg/Reaper*2 ZMQbg/IO/0*2 
2026-09-27T17:45:20+04:00	ck9k-whole-2	0	2688464	2688351	1	12767232	5939200	python3*1 
2026-09-27T17:45:20+04:00	ck9k-whole-2	0	2688465	2688351	41	4125597696	984125440	python3*36 pt_gloo_runloop*2 pt_tcpstore_uv*1 cuda0000240000a*1 cuda-EvtHandlr*1 
2026-09-27T17:45:20+04:00	ck9k-whole-2	0	2688466	2688351	23	881909760	606531584	python3*17 ZMQbg/Reaper*3 ZMQbg/IO/0*3 
2026-09-27T17:45:30+04:00	ck9k-whole-2	0	2688334	363	2	27066368	6062080	uv*1 main2*1 
2026-09-27T17:45:30+04:00	ck9k-whole-2	0	2688351	2688334	22	701427712	422739968	ft*18 ZMQbg/Reaper*2 ZMQbg/IO/0*2 
2026-09-27T17:45:30+04:00	ck9k-whole-2	0	2688464	2688351	1	12767232	5939200	python3*1 
2026-09-27T17:45:30+04:00	ck9k-whole-2	0	2688465	2688351	41	9483665408	984379392	python3*36 pt_gloo_runloop*2 pt_tcpstore_uv*1 cuda0000240000a*1 cuda-EvtHandlr*1 
2026-09-27T17:45:30+04:00	ck9k-whole-2	0	2688466	2688351	23	881909760	606531584	python3*17 ZMQbg/Reaper*3 ZMQbg/IO/0*3 
2026-09-27T17:45:41+04:00	ck9k-whole-2	0	2688334	363	2	27058176	6062080	uv*1 main2*1 
2026-09-27T17:45:41+04:00	ck9k-whole-2	0	2688351	2688334	22	700600320	422744064	ft*18 ZMQbg/Reaper*2 ZMQbg/IO/0*2 
2026-09-27T17:45:41+04:00	ck9k-whole-2	0	2688464	2688351	1	12767232	5939200	python3*1 
2026-09-27T17:45:41+04:00	ck9k-whole-2	0	2688465	2688351	41	13540982784	984580096	python3*36 pt_gloo_runloop*2 pt_tcpstore_uv*1 cuda0000240000a*1 cuda-EvtHandlr*1 
2026-09-27T17:45:41+04:00	ck9k-whole-2	0	2688466	2688351	23	881074176	606531584	python3*17 ZMQbg/Reaper*3 ZMQbg/IO/0*3 
2026-09-27T17:45:51+04:00	ck9k-whole-2	0	2688334	363	2	24031232	6062080	uv*1 main2*1 
2026-09-27T17:45:51+04:00	ck9k-whole-2	0	2688351	2688334	22	647684096	422748160	ft*18 ZMQbg/Reaper*2 ZMQbg/IO/0*2 
2026-09-27T17:45:51+04:00	ck9k-whole-2	0	2688464	2688351	1	12767232	5939200	python3*1 
2026-09-27T17:45:51+04:00	ck9k-whole-2	0	2688465	2688351	41	16884514816	984756224	python3*36 pt_gloo_runloop*2 pt_tcpstore_uv*1 cuda0000240000a*1 cuda-EvtHandlr*1 
2026-09-27T17:45:51+04:00	ck9k-whole-2	0	2688466	2688351	23	828637184	606531584	python3*17 ZMQbg/Reaper*3 ZMQbg/IO/0*3 
2026-09-27T17:46:03+04:00	ck9k-whole-2	0	2688334	363	2	16113664	12288	uv*1 main2*1 
2026-09-27T17:46:03+04:00	ck9k-whole-2	0	2688351	2688334	22	174960640	7258112	ft*18 ZMQbg/Reaper*2 ZMQbg/IO/0*2 
2026-09-27T17:46:03+04:00	ck9k-whole-2	0	2688464	2688351	1	6787072	4096	python3*1 
2026-09-27T17:46:03+04:00	ck9k-whole-2	0	2688465	2688351	41	21139853312	805543936	python3*36 pt_gloo_runloop*2 pt_tcpstore_uv*1 cuda0000240000a*1 cuda-EvtHandlr*1 
2026-09-27T17:46:03+04:00	ck9k-whole-2	0	2688466	2688351	23	584593408	419192832	python3*17 ZMQbg/Reaper*3 ZMQbg/IO/0*3 
2026-09-27T17:46:13+04:00	ck9k-whole-2	0	2688334	363	2	15958016	12288	uv*1 main2*1 
2026-09-27T17:46:14+04:00	ck9k-whole-2	0	2688351	2688334	22	156831744	7397376	ft*18 ZMQbg/Reaper*2 ZMQbg/IO/0*2 
2026-09-27T17:46:14+04:00	ck9k-whole-2	0	2688464	2688351	1	6643712	4096	python3*1 
2026-09-27T17:46:14+04:00	ck9k-whole-2	0	2688465	2688351	41	21761679360	1038831616	python3*36 pt_gloo_runloop*2 pt_tcpstore_uv*1 cuda0000240000a*1 cuda-EvtHandlr*1 
2026-09-27T17:46:14+04:00	ck9k-whole-2	0	2688466	2688351	23	147935232	139264	python3*17 ZMQbg/Reaper*3 ZMQbg/IO/0*3 
2026-09-27T17:46:24+04:00	ck9k-whole-2	0	2688334	363	2	15958016	12288	uv*1 main2*1 
2026-09-27T17:46:24+04:00	ck9k-whole-2	0	2688351	2688334	39	387964928	230387712	ft*35 ZMQbg/Reaper*2 ZMQbg/IO/0*2 
2026-09-27T17:46:24+04:00	ck9k-whole-2	0	2688464	2688351	1	6643712	4096	python3*1 
2026-09-27T17:46:24+04:00	ck9k-whole-2	0	2688465	2688351	45	22269423616	1530806272	python3*36 pt_gloo_runloop*2 ZMQbg/Reaper*2 ZMQbg/IO/0*2 pt_tcpstore_uv*1 cuda0000240000a*1 
2026-09-27T17:46:24+04:00	ck9k-whole-2	0	2688466	2688351	39	178302976	24920064	python3*33 ZMQbg/Reaper*3 ZMQbg/IO/0*3 
2026-09-27T17:46:36+04:00	ck9k-whole-2	0	2688334	363	2	15958016	12288	uv*1 main2*1 
2026-09-27T17:46:36+04:00	ck9k-whole-2	0	2688351	2688334	39	387964928	230387712	ft*35 ZMQbg/Reaper*2 ZMQbg/IO/0*2 
2026-09-27T17:46:36+04:00	ck9k-whole-2	0	2688464	2688351	1	6643712	4096	python3*1 
2026-09-27T17:46:36+04:00	ck9k-whole-2	0	2688465	2688351	45	22269423616	1530806272	python3*36 pt_gloo_runloop*2 ZMQbg/Reaper*2 ZMQbg/IO/0*2 pt_tcpstore_uv*1 cuda0000240000a*1 
2026-09-27T17:46:36+04:00	ck9k-whole-2	0	2688466	2688351	39	178302976	24920064	python3*33 ZMQbg/Reaper*3 ZMQbg/IO/0*3 
2026-09-27T17:46:46+04:00	ck9k-whole-2	0	2688334	363	2	15958016	12288	uv*1 main2*1 
2026-09-27T17:46:46+04:00	ck9k-whole-2	0	2688351	2688334	39	388050944	230473728	ft*35 ZMQbg/Reaper*2 ZMQbg/IO/0*2 
2026-09-27T17:46:47+04:00	ck9k-whole-2	0	2688464	2688351	1	6643712	4096	python3*1 
2026-09-27T17:46:47+04:00	ck9k-whole-2	0	2688465	2688351	45	22269558784	1530941440	python3*36 pt_gloo_runloop*2 ZMQbg/Reaper*2 ZMQbg/IO/0*2 pt_tcpstore_uv*1 cuda0000240000a*1 
2026-09-27T17:46:47+04:00	ck9k-whole-2	0	2688466	2688351	39	180695040	27312128	python3*33 ZMQbg/Reaper*3 ZMQbg/IO/0*3 
2026-09-27T17:46:57+04:00	ck9k-whole-2	1	2688334	363	2	15958016	12288	uv*1 main2*1 
2026-09-27T17:46:57+04:00	ck9k-whole-2	1	2688351	2688334	57	393482240	235728896	ft*51 ZMQbg/Reaper*3 ZMQbg/IO/0*3 
2026-09-27T17:46:57+04:00	ck9k-whole-2	1	2688464	2688351	1	6643712	4096	python3*1 
2026-09-27T17:46:57+04:00	ck9k-whole-2	1	2688465	2688351	45	22270296064	1531674624	python3*36 pt_gloo_runloop*2 ZMQbg/Reaper*2 ZMQbg/IO/0*2 pt_tcpstore_uv*1 cuda0000240000a*1 
2026-09-27T17:46:57+04:00	ck9k-whole-2	1	2688466	2688351	57	241741824	88199168	python3*49 ZMQbg/Reaper*4 ZMQbg/IO/0*4 
2026-09-27T17:47:09+04:00	ck9k-whole-2	2	2688334	363	2	15958016	12288	uv*1 main2*1 
2026-09-27T17:47:09+04:00	ck9k-whole-2	2	2688351	2688334	57	393535488	235782144	ft*51 ZMQbg/Reaper*3 ZMQbg/IO/0*3 
2026-09-27T17:47:09+04:00	ck9k-whole-2	2	2688464	2688351	1	6643712	4096	python3*1 
2026-09-27T17:47:09+04:00	ck9k-whole-2	2	2688465	2688351	45	22312861696	1573117952	python3*36 pt_gloo_runloop*2 ZMQbg/Reaper*2 ZMQbg/IO/0*2 pt_tcpstore_uv*1 cuda0000240000a*1 
2026-09-27T17:47:10+04:00	ck9k-whole-2	2	2688466	2688351	57	243073024	89530368	python3*49 ZMQbg/Reaper*4 ZMQbg/IO/0*4 
2026-09-27T17:47:20+04:00	ck9k-whole-2	3	2688334	363	2	15958016	12288	uv*1 main2*1 
2026-09-27T17:47:20+04:00	ck9k-whole-2	3	2688351	2688334	57	393621504	235868160	ft*51 ZMQbg/Reaper*3 ZMQbg/IO/0*3 
2026-09-27T17:47:20+04:00	ck9k-whole-2	3	2688464	2688351	1	6643712	4096	python3*1 
2026-09-27T17:47:20+04:00	ck9k-whole-2	3	2688465	2688351	45	22312873984	1573130240	python3*36 pt_gloo_runloop*2 ZMQbg/Reaper*2 ZMQbg/IO/0*2 pt_tcpstore_uv*1 cuda0000240000a*1 
2026-09-27T17:47:20+04:00	ck9k-whole-2	3	2688466	2688351	57	248885248	95342592	python3*49 ZMQbg/Reaper*4 ZMQbg/IO/0*4 
2026-09-27T17:47:30+04:00	ck9k-whole-2	4	2688334	363	2	15958016	12288	uv*1 main2*1 
2026-09-27T17:47:30+04:00	ck9k-whole-2	4	2688351	2688334	57	480395264	322629632	ft*51 ZMQbg/Reaper*3 ZMQbg/IO/0*3 
2026-09-27T17:47:30+04:00	ck9k-whole-2	4	2688464	2688351	1	6643712	4096	python3*1 
2026-09-27T17:47:30+04:00	ck9k-whole-2	4	2688465	2688351	45	22312910848	1573167104	python3*36 pt_gloo_runloop*2 ZMQbg/Reaper*2 ZMQbg/IO/0*2 pt_tcpstore_uv*1 cuda0000240000a*1 
2026-09-27T17:47:31+04:00	ck9k-whole-2	4	2688466	2688351	57	249593856	96051200	python3*49 ZMQbg/Reaper*4 ZMQbg/IO/0*4 
2026-09-27T17:48:25+04:00	ck9k-mirror-2	0	2693159	363	3	27672576	6053888	uv*1 tokio-rt-worker*1 main2*1 
2026-09-27T17:48:25+04:00	ck9k-mirror-2	0	2693183	2693159	22	701472768	422793216	ft*18 ZMQbg/Reaper*2 ZMQbg/IO/0*2 
2026-09-27T17:48:25+04:00	ck9k-mirror-2	0	2693517	2693183	1	12775424	5939200	python3*1 
2026-09-27T17:48:25+04:00	ck9k-mirror-2	0	2693518	2693183	25	2426134528	832851968	python3*20 pt_gloo_runloop*2 pt_tcpstore_uv*1 cuda0000240000a*1 cuda-EvtHandlr*1 
2026-09-27T17:48:25+04:00	ck9k-mirror-2	0	2693519	2693183	23	886132736	606523392	python3*17 ZMQbg/Reaper*3 ZMQbg/IO/0*3 
2026-09-27T17:48:35+04:00	ck9k-mirror-2	0	2693159	363	2	27803648	6053888	uv*1 main2*1 
2026-09-27T17:48:35+04:00	ck9k-mirror-2	0	2693183	2693159	22	701480960	422801408	ft*18 ZMQbg/Reaper*2 ZMQbg/IO/0*2 
2026-09-27T17:48:35+04:00	ck9k-mirror-2	0	2693517	2693183	1	12775424	5939200	python3*1 
2026-09-27T17:48:35+04:00	ck9k-mirror-2	0	2693518	2693183	40	17570009088	15435198464	python3*35 pt_gloo_runloop*2 pt_tcpstore_uv*1 cuda0000240000a*1 cuda-EvtHandlr*1 
2026-09-27T17:48:35+04:00	ck9k-mirror-2	0	2693519	2693183	23	886132736	606523392	python3*17 ZMQbg/Reaper*3 ZMQbg/IO/0*3 
2026-09-27T17:48:47+04:00	ck9k-mirror-2	0	2693159	363	2	27803648	6053888	uv*1 main2*1 
2026-09-27T17:48:47+04:00	ck9k-mirror-2	0	2693183	2693159	22	701485056	422805504	ft*18 ZMQbg/Reaper*2 ZMQbg/IO/0*2 
2026-09-27T17:48:47+04:00	ck9k-mirror-2	0	2693517	2693183	1	12775424	5939200	python3*1 
2026-09-27T17:48:47+04:00	ck9k-mirror-2	0	2693518	2693183	41	17572507648	15435272192	python3*36 pt_gloo_runloop*2 pt_tcpstore_uv*1 cuda0000240000a*1 cuda-EvtHandlr*1 
2026-09-27T17:48:47+04:00	ck9k-mirror-2	0	2693519	2693183	23	886132736	606523392	python3*17 ZMQbg/Reaper*3 ZMQbg/IO/0*3 
2026-09-27T17:48:57+04:00	ck9k-mirror-2	0	2693159	363	2	27803648	6053888	uv*1 main2*1 
2026-09-27T17:48:57+04:00	ck9k-mirror-2	0	2693183	2693159	22	701493248	422813696	ft*18 ZMQbg/Reaper*2 ZMQbg/IO/0*2 
2026-09-27T17:48:57+04:00	ck9k-mirror-2	0	2693517	2693183	1	12775424	5939200	python3*1 
2026-09-27T17:48:57+04:00	ck9k-mirror-2	0	2693518	2693183	41	16351117312	15752572928	python3*36 pt_gloo_runloop*2 pt_tcpstore_uv*1 cuda0000240000a*1 cuda-EvtHandlr*1 
2026-09-27T17:48:57+04:00	ck9k-mirror-2	0	2693519	2693183	23	886132736	606523392	python3*17 ZMQbg/Reaper*3 ZMQbg/IO/0*3 
2026-09-27T17:49:07+04:00	ck9k-mirror-2	0	2693159	363	2	27803648	6053888	uv*1 main2*1 
2026-09-27T17:49:07+04:00	ck9k-mirror-2	0	2693183	2693159	22	701493248	422813696	ft*18 ZMQbg/Reaper*2 ZMQbg/IO/0*2 
2026-09-27T17:49:07+04:00	ck9k-mirror-2	0	2693517	2693183	1	12775424	5939200	python3*1 
2026-09-27T17:49:07+04:00	ck9k-mirror-2	0	2693518	2693183	41	16608587776	15999381504	python3*36 pt_gloo_runloop*2 pt_tcpstore_uv*1 cuda0000240000a*1 cuda-EvtHandlr*1 
2026-09-27T17:49:08+04:00	ck9k-mirror-2	0	2693519	2693183	23	886132736	606523392	python3*17 ZMQbg/Reaper*3 ZMQbg/IO/0*3 
2026-09-27T17:49:19+04:00	ck9k-mirror-2	0	2693159	363	2	27803648	6053888	uv*1 main2*1 
2026-09-27T17:49:19+04:00	ck9k-mirror-2	0	2693183	2693159	22	701493248	422813696	ft*18 ZMQbg/Reaper*2 ZMQbg/IO/0*2 
2026-09-27T17:49:19+04:00	ck9k-mirror-2	0	2693517	2693183	1	12775424	5939200	python3*1 
2026-09-27T17:49:19+04:00	ck9k-mirror-2	0	2693518	2693183	41	16867033088	16251887616	python3*36 pt_gloo_runloop*2 pt_tcpstore_uv*1 cuda0000240000a*1 cuda-EvtHandlr*1 
2026-09-27T17:49:20+04:00	ck9k-mirror-2	0	2693519	2693183	23	886132736	606523392	python3*17 ZMQbg/Reaper*3 ZMQbg/IO/0*3 
2026-09-27T17:49:30+04:00	ck9k-mirror-2	0	2693159	363	2	27803648	6053888	uv*1 main2*1 
2026-09-27T17:49:30+04:00	ck9k-mirror-2	0	2693183	2693159	23	802136064	524156928	ft*19 ZMQbg/Reaper*2 ZMQbg/IO/0*2 
2026-09-27T17:49:30+04:00	ck9k-mirror-2	0	2693517	2693183	1	12775424	5939200	python3*1 
2026-09-27T17:49:30+04:00	ck9k-mirror-2	0	2693518	2693183	45	17070727168	16452050944	python3*36 pt_gloo_runloop*2 ZMQbg/Reaper*2 ZMQbg/IO/0*2 pt_tcpstore_uv*1 cuda0000240000a*1 
2026-09-27T17:49:30+04:00	ck9k-mirror-2	0	2693519	2693183	23	886345728	606990336	python3*17 ZMQbg/Reaper*3 ZMQbg/IO/0*3 
2026-09-27T17:49:40+04:00	ck9k-mirror-2	0	2693159	363	2	27803648	6053888	uv*1 main2*1 
2026-09-27T17:49:40+04:00	ck9k-mirror-2	0	2693183	2693159	39	906465280	621723648	ft*35 ZMQbg/Reaper*2 ZMQbg/IO/0*2 
2026-09-27T17:49:40+04:00	ck9k-mirror-2	0	2693517	2693183	1	12775424	5939200	python3*1 
2026-09-27T17:49:40+04:00	ck9k-mirror-2	0	2693518	2693183	45	17074544640	16452173824	python3*36 pt_gloo_runloop*2 ZMQbg/Reaper*2 ZMQbg/IO/0*2 pt_tcpstore_uv*1 cuda0000240000a*1 
2026-09-27T17:49:40+04:00	ck9k-mirror-2	0	2693519	2693183	39	889970688	607051776	python3*33 ZMQbg/Reaper*3 ZMQbg/IO/0*3 
2026-09-27T17:49:50+04:00	ck9k-mirror-2	0	2693159	363	2	27803648	6053888	uv*1 main2*1 
2026-09-27T17:49:50+04:00	ck9k-mirror-2	0	2693183	2693159	39	906465280	621723648	ft*35 ZMQbg/Reaper*2 ZMQbg/IO/0*2 
2026-09-27T17:49:50+04:00	ck9k-mirror-2	0	2693517	2693183	1	12775424	5939200	python3*1 
2026-09-27T17:49:50+04:00	ck9k-mirror-2	0	2693518	2693183	45	17074544640	16452173824	python3*36 pt_gloo_runloop*2 ZMQbg/Reaper*2 ZMQbg/IO/0*2 pt_tcpstore_uv*1 cuda0000240000a*1 
2026-09-27T17:49:50+04:00	ck9k-mirror-2	0	2693519	2693183	39	889970688	607051776	python3*33 ZMQbg/Reaper*3 ZMQbg/IO/0*3 
2026-09-27T17:50:02+04:00	ck9k-mirror-2	1	2693159	363	2	27803648	6053888	uv*1 main2*1 
2026-09-27T17:50:02+04:00	ck9k-mirror-2	1	2693183	2693159	57	909590528	624848896	ft*51 ZMQbg/Reaper*3 ZMQbg/IO/0*3 
2026-09-27T17:50:02+04:00	ck9k-mirror-2	1	2693517	2693183	1	12775424	5939200	python3*1 
2026-09-27T17:50:02+04:00	ck9k-mirror-2	1	2693518	2693183	45	17074864128	16452493312	python3*36 pt_gloo_runloop*2 ZMQbg/Reaper*2 ZMQbg/IO/0*2 pt_tcpstore_uv*1 cuda0000240000a*1 
2026-09-27T17:50:03+04:00	ck9k-mirror-2	1	2693519	2693183	57	891662336	608743424	python3*49 ZMQbg/Reaper*4 ZMQbg/IO/0*4 
2026-09-27T17:50:13+04:00	ck9k-mirror-2	1	2693159	363	2	27803648	6053888	uv*1 main2*1 
2026-09-27T17:50:13+04:00	ck9k-mirror-2	1	2693183	2693159	57	909590528	624848896	ft*51 ZMQbg/Reaper*3 ZMQbg/IO/0*3 
2026-09-27T17:50:13+04:00	ck9k-mirror-2	1	2693517	2693183	1	12775424	5939200	python3*1 
2026-09-27T17:50:13+04:00	ck9k-mirror-2	1	2693518	2693183	45	17074864128	16452493312	python3*36 pt_gloo_runloop*2 ZMQbg/Reaper*2 ZMQbg/IO/0*2 pt_tcpstore_uv*1 cuda0000240000a*1 
2026-09-27T17:50:13+04:00	ck9k-mirror-2	1	2693519	2693183	57	891662336	608743424	python3*49 ZMQbg/Reaper*4 ZMQbg/IO/0*4 
2026-09-27T17:50:23+04:00	ck9k-mirror-2	3	2693159	363	2	27803648	6053888	uv*1 main2*1 
2026-09-27T17:50:23+04:00	ck9k-mirror-2	3	2693183	2693159	57	909692928	624951296	ft*51 ZMQbg/Reaper*3 ZMQbg/IO/0*3 
2026-09-27T17:50:23+04:00	ck9k-mirror-2	3	2693517	2693183	1	12775424	5939200	python3*1 
2026-09-27T17:50:23+04:00	ck9k-mirror-2	3	2693518	2693183	45	17116893184	16493428736	python3*36 pt_gloo_runloop*2 ZMQbg/Reaper*2 ZMQbg/IO/0*2 pt_tcpstore_uv*1 cuda0000240000a*1 
2026-09-27T17:50:23+04:00	ck9k-mirror-2	3	2693519	2693183	57	891662336	608743424	python3*49 ZMQbg/Reaper*4 ZMQbg/IO/0*4 
2026-09-27T17:50:35+04:00	ck9k-mirror-2	3	2693159	363	2	27803648	6053888	uv*1 main2*1 
2026-09-27T17:50:35+04:00	ck9k-mirror-2	3	2693183	2693159	57	909692928	624951296	ft*51 ZMQbg/Reaper*3 ZMQbg/IO/0*3 
2026-09-27T17:50:35+04:00	ck9k-mirror-2	3	2693517	2693183	1	12775424	5939200	python3*1 
2026-09-27T17:50:35+04:00	ck9k-mirror-2	3	2693518	2693183	45	17116893184	16493428736	python3*36 pt_gloo_runloop*2 ZMQbg/Reaper*2 ZMQbg/IO/0*2 pt_tcpstore_uv*1 cuda0000240000a*1 
2026-09-27T17:50:35+04:00	ck9k-mirror-2	3	2693519	2693183	57	891662336	608743424	python3*49 ZMQbg/Reaper*4 ZMQbg/IO/0*4 
2026-09-27T17:51:27+04:00	ck9k-whole-3	0	2708553	363	3	28020736	6074368	uv*1 tokio-rt-worker*1 main2*1 
2026-09-27T17:51:27+04:00	ck9k-whole-3	0	2708583	2708553	22	703533056	422739968	ft*18 ZMQbg/Reaper*2 ZMQbg/IO/0*2 
2026-09-27T17:51:27+04:00	ck9k-whole-3	0	2709313	2708583	1	12746752	5943296	python3*1 
2026-09-27T17:51:27+04:00	ck9k-whole-3	0	2709314	2708583	25	2748211200	864059392	python3*20 pt_gloo_runloop*2 pt_tcpstore_uv*1 cuda0000240000a*1 cuda-EvtHandlr*1 
2026-09-27T17:51:27+04:00	ck9k-whole-3	0	2709315	2708583	23	883769344	606527488	python3*17 ZMQbg/Reaper*3 ZMQbg/IO/0*3 
2026-09-27T17:51:39+04:00	ck9k-whole-3	0	2708553	363	2	28151808	6074368	uv*1 main2*1 
2026-09-27T17:51:39+04:00	ck9k-whole-3	0	2708583	2708553	22	703541248	422748160	ft*18 ZMQbg/Reaper*2 ZMQbg/IO/0*2 
2026-09-27T17:51:39+04:00	ck9k-whole-3	0	2709313	2708583	1	12746752	5943296	python3*1 
2026-09-27T17:51:39+04:00	ck9k-whole-3	0	2709314	2708583	41	10405408768	983523328	python3*36 pt_gloo_runloop*2 pt_tcpstore_uv*1 cuda0000240000a*1 cuda-EvtHandlr*1 
2026-09-27T17:51:39+04:00	ck9k-whole-3	0	2709315	2708583	23	883769344	606527488	python3*17 ZMQbg/Reaper*3 ZMQbg/IO/0*3 
2026-09-27T17:51:49+04:00	ck9k-whole-3	0	2708553	363	2	27815936	6074368	uv*1 main2*1 
2026-09-27T17:51:49+04:00	ck9k-whole-3	0	2708583	2708553	22	657571840	422752256	ft*18 ZMQbg/Reaper*2 ZMQbg/IO/0*2 
2026-09-27T17:51:49+04:00	ck9k-whole-3	0	2709313	2708583	1	12722176	5943296	python3*1 
2026-09-27T17:51:49+04:00	ck9k-whole-3	0	2709314	2708583	41	16763678720	983846912	python3*36 pt_gloo_runloop*2 pt_tcpstore_uv*1 cuda0000240000a*1 cuda-EvtHandlr*1 
2026-09-27T17:51:50+04:00	ck9k-whole-3	0	2709315	2708583	23	837910528	606527488	python3*17 ZMQbg/Reaper*3 ZMQbg/IO/0*3 
2026-09-27T17:52:00+04:00	ck9k-whole-3	0	2708553	363	2	19574784	53248	uv*1 main2*1 
2026-09-27T17:52:00+04:00	ck9k-whole-3	0	2708583	2708553	22	590737408	383954944	ft*18 ZMQbg/Reaper*2 ZMQbg/IO/0*2 
2026-09-27T17:52:00+04:00	ck9k-whole-3	0	2709313	2708583	1	12652544	5943296	python3*1 
2026-09-27T17:52:00+04:00	ck9k-whole-3	0	2709314	2708583	41	23300509696	965165056	python3*36 pt_gloo_runloop*2 pt_tcpstore_uv*1 cuda0000240000a*1 cuda-EvtHandlr*1 
2026-09-27T17:52:00+04:00	ck9k-whole-3	0	2709315	2708583	23	810496000	606527488	python3*17 ZMQbg/Reaper*3 ZMQbg/IO/0*3 
2026-09-27T17:52:12+04:00	ck9k-whole-3	0	2708553	363	2	19574784	53248	uv*1 main2*1 
2026-09-27T17:52:12+04:00	ck9k-whole-3	0	2708583	2708553	39	721317888	507412480	ft*35 ZMQbg/Reaper*2 ZMQbg/IO/0*2 
2026-09-27T17:52:12+04:00	ck9k-whole-3	0	2709313	2708583	1	12652544	5943296	python3*1 
2026-09-27T17:52:12+04:00	ck9k-whole-3	0	2709314	2708583	45	22816153600	1985740800	python3*36 pt_gloo_runloop*2 ZMQbg/Reaper*2 ZMQbg/IO/0*2 pt_tcpstore_uv*1 cuda0000240000a*1 
2026-09-27T17:52:12+04:00	ck9k-whole-3	0	2709315	2708583	39	815538176	607215616	python3*33 ZMQbg/Reaper*3 ZMQbg/IO/0*3 
2026-09-27T17:52:22+04:00	ck9k-whole-3	0	2708553	363	2	19574784	53248	uv*1 main2*1 
2026-09-27T17:52:22+04:00	ck9k-whole-3	0	2708583	2708553	39	721317888	507412480	ft*35 ZMQbg/Reaper*2 ZMQbg/IO/0*2 
2026-09-27T17:52:22+04:00	ck9k-whole-3	0	2709313	2708583	1	12652544	5943296	python3*1 
2026-09-27T17:52:22+04:00	ck9k-whole-3	0	2709314	2708583	45	22816153600	1985740800	python3*36 pt_gloo_runloop*2 ZMQbg/Reaper*2 ZMQbg/IO/0*2 pt_tcpstore_uv*1 cuda0000240000a*1 
2026-09-27T17:52:22+04:00	ck9k-whole-3	0	2709315	2708583	39	815538176	607215616	python3*33 ZMQbg/Reaper*3 ZMQbg/IO/0*3 
2026-09-27T17:52:32+04:00	ck9k-whole-3	0	2708553	363	2	19574784	53248	uv*1 main2*1 
2026-09-27T17:52:32+04:00	ck9k-whole-3	0	2708583	2708553	39	721395712	507490304	ft*35 ZMQbg/Reaper*2 ZMQbg/IO/0*2 
2026-09-27T17:52:33+04:00	ck9k-whole-3	0	2709313	2708583	1	12652544	5943296	python3*1 
2026-09-27T17:52:33+04:00	ck9k-whole-3	0	2709314	2708583	45	22816153600	1985744896	python3*36 pt_gloo_runloop*2 ZMQbg/Reaper*2 ZMQbg/IO/0*2 pt_tcpstore_uv*1 cuda0000240000a*1 
2026-09-27T17:52:33+04:00	ck9k-whole-3	0	2709315	2708583	39	815558656	607236096	python3*33 ZMQbg/Reaper*3 ZMQbg/IO/0*3 
2026-09-27T17:52:44+04:00	ck9k-whole-3	1	2708553	363	2	19574784	53248	uv*1 main2*1 
2026-09-27T17:52:44+04:00	ck9k-whole-3	1	2708583	2708553	57	724123648	510177280	ft*51 ZMQbg/Reaper*3 ZMQbg/IO/0*3 
2026-09-27T17:52:44+04:00	ck9k-whole-3	1	2709313	2708583	1	12652544	5943296	python3*1 
2026-09-27T17:52:44+04:00	ck9k-whole-3	1	2709314	2708583	45	22816956416	1986543616	python3*36 pt_gloo_runloop*2 ZMQbg/Reaper*2 ZMQbg/IO/0*2 pt_tcpstore_uv*1 cuda0000240000a*1 
2026-09-27T17:52:45+04:00	ck9k-whole-3	1	2709315	2708583	57	816693248	608346112	python3*49 ZMQbg/Reaper*4 ZMQbg/IO/0*4 
2026-09-27T17:52:55+04:00	ck9k-whole-3	2	2708553	363	2	19574784	53248	uv*1 main2*1 
2026-09-27T17:52:55+04:00	ck9k-whole-3	2	2708583	2708553	57	724144128	510197760	ft*51 ZMQbg/Reaper*3 ZMQbg/IO/0*3 
2026-09-27T17:52:55+04:00	ck9k-whole-3	2	2709313	2708583	1	12652544	5943296	python3*1 
2026-09-27T17:52:55+04:00	ck9k-whole-3	2	2709314	2708583	45	22859415552	2027909120	python3*36 pt_gloo_runloop*2 ZMQbg/Reaper*2 ZMQbg/IO/0*2 pt_tcpstore_uv*1 cuda0000240000a*1 
2026-09-27T17:52:55+04:00	ck9k-whole-3	2	2709315	2708583	57	816693248	608346112	python3*49 ZMQbg/Reaper*4 ZMQbg/IO/0*4 
2026-09-27T17:53:06+04:00	ck9k-whole-3	3	2708553	363	2	19574784	53248	uv*1 main2*1 
2026-09-27T17:53:06+04:00	ck9k-whole-3	3	2708583	2708553	57	724189184	510242816	ft*51 ZMQbg/Reaper*3 ZMQbg/IO/0*3 
2026-09-27T17:53:06+04:00	ck9k-whole-3	3	2709313	2708583	1	12652544	5943296	python3*1 
2026-09-27T17:53:06+04:00	ck9k-whole-3	3	2709314	2708583	45	22859415552	2027909120	python3*36 pt_gloo_runloop*2 ZMQbg/Reaper*2 ZMQbg/IO/0*2 pt_tcpstore_uv*1 cuda0000240000a*1 
2026-09-27T17:53:06+04:00	ck9k-whole-3	3	2709315	2708583	57	816693248	608346112	python3*49 ZMQbg/Reaper*4 ZMQbg/IO/0*4 
2026-09-27T17:53:18+04:00	ck9k-whole-3	4	2708553	363	2	19574784	53248	uv*1 main2*1 
2026-09-27T17:53:18+04:00	ck9k-whole-3	4	2708583	2708553	57	807116800	593166336	ft*51 ZMQbg/Reaper*3 ZMQbg/IO/0*3 
2026-09-27T17:53:18+04:00	ck9k-whole-3	4	2709313	2708583	1	12652544	5943296	python3*1 
2026-09-27T17:53:18+04:00	ck9k-whole-3	4	2709314	2708583	45	22859415552	2027909120	python3*36 pt_gloo_runloop*2 ZMQbg/Reaper*2 ZMQbg/IO/0*2 pt_tcpstore_uv*1 cuda0000240000a*1 
2026-09-27T17:53:18+04:00	ck9k-whole-3	4	2709315	2708583	57	816693248	608346112	python3*49 ZMQbg/Reaper*4 ZMQbg/IO/0*4 
2026-09-27T17:54:10+04:00	ck9k-mirror-3	0	2715514	363	3	25686016	6074368	uv*1 tokio-rt-worker*1 main2*1 
2026-09-27T17:54:10+04:00	ck9k-mirror-3	0	2715535	2715514	22	703037440	422727680	ft*18 ZMQbg/Reaper*2 ZMQbg/IO/0*2 
2026-09-27T17:54:10+04:00	ck9k-mirror-3	0	2715631	2715535	1	12832768	5943296	python3*1 
2026-09-27T17:54:10+04:00	ck9k-mirror-3	0	2715632	2715535	40	12106719232	10212499456	python3*35 pt_gloo_runloop*2 pt_tcpstore_uv*1 cuda0000240000a*1 cuda-EvtHandlr*1 
2026-09-27T17:54:10+04:00	ck9k-mirror-3	0	2715633	2715535	23	884961280	607363072	python3*17 ZMQbg/Reaper*3 ZMQbg/IO/0*3 
2026-09-27T17:54:20+04:00	ck9k-mirror-3	0	2715514	363	2	25817088	6074368	uv*1 main2*1 
2026-09-27T17:54:20+04:00	ck9k-mirror-3	0	2715535	2715514	22	703045632	422735872	ft*18 ZMQbg/Reaper*2 ZMQbg/IO/0*2 
2026-09-27T17:54:20+04:00	ck9k-mirror-3	0	2715631	2715535	1	12832768	5943296	python3*1 
2026-09-27T17:54:20+04:00	ck9k-mirror-3	0	2715632	2715535	40	17560981504	15427887104	python3*35 pt_gloo_runloop*2 pt_tcpstore_uv*1 cuda0000240000a*1 cuda-EvtHandlr*1 
2026-09-27T17:54:20+04:00	ck9k-mirror-3	0	2715633	2715535	23	884961280	607363072	python3*17 ZMQbg/Reaper*3 ZMQbg/IO/0*3 
2026-09-27T17:54:33+04:00	ck9k-mirror-3	0	2715514	363	2	25817088	6074368	uv*1 main2*1 
2026-09-27T17:54:33+04:00	ck9k-mirror-3	0	2715535	2715514	22	703049728	422739968	ft*18 ZMQbg/Reaper*2 ZMQbg/IO/0*2 
2026-09-27T17:54:33+04:00	ck9k-mirror-3	0	2715631	2715535	1	12832768	5943296	python3*1 
2026-09-27T17:54:33+04:00	ck9k-mirror-3	0	2715632	2715535	41	16345698304	15749517312	python3*36 pt_gloo_runloop*2 pt_tcpstore_uv*1 cuda0000240000a*1 cuda-EvtHandlr*1 
2026-09-27T17:54:33+04:00	ck9k-mirror-3	0	2715633	2715535	23	884961280	607363072	python3*17 ZMQbg/Reaper*3 ZMQbg/IO/0*3 
2026-09-27T17:54:43+04:00	ck9k-mirror-3	0	2715514	363	2	25817088	6074368	uv*1 main2*1 
2026-09-27T17:54:43+04:00	ck9k-mirror-3	0	2715535	2715514	22	703057920	422748160	ft*18 ZMQbg/Reaper*2 ZMQbg/IO/0*2 
2026-09-27T17:54:43+04:00	ck9k-mirror-3	0	2715631	2715535	1	12832768	5943296	python3*1 
2026-09-27T17:54:43+04:00	ck9k-mirror-3	0	2715632	2715535	41	16345939968	15749758976	python3*36 pt_gloo_runloop*2 pt_tcpstore_uv*1 cuda0000240000a*1 cuda-EvtHandlr*1 
2026-09-27T17:54:43+04:00	ck9k-mirror-3	0	2715633	2715535	23	884961280	607363072	python3*17 ZMQbg/Reaper*3 ZMQbg/IO/0*3 
2026-09-27T17:54:53+04:00	ck9k-mirror-3	0	2715514	363	2	25817088	6074368	uv*1 main2*1 
2026-09-27T17:54:53+04:00	ck9k-mirror-3	0	2715535	2715514	22	703057920	422748160	ft*18 ZMQbg/Reaper*2 ZMQbg/IO/0*2 
2026-09-27T17:54:53+04:00	ck9k-mirror-3	0	2715631	2715535	1	12832768	5943296	python3*1 
2026-09-27T17:54:53+04:00	ck9k-mirror-3	0	2715632	2715535	41	16603660288	15996878848	python3*36 pt_gloo_runloop*2 pt_tcpstore_uv*1 cuda0000240000a*1 cuda-EvtHandlr*1 
2026-09-27T17:54:53+04:00	ck9k-mirror-3	0	2715633	2715535	23	884961280	607363072	python3*17 ZMQbg/Reaper*3 ZMQbg/IO/0*3 
2026-09-27T17:55:05+04:00	ck9k-mirror-3	0	2715514	363	2	25817088	6074368	uv*1 main2*1 
2026-09-27T17:55:05+04:00	ck9k-mirror-3	0	2715535	2715514	22	703057920	422748160	ft*18 ZMQbg/Reaper*2 ZMQbg/IO/0*2 
2026-09-27T17:55:05+04:00	ck9k-mirror-3	0	2715631	2715535	1	12832768	5943296	python3*1 
2026-09-27T17:55:05+04:00	ck9k-mirror-3	0	2715632	2715535	41	16862072832	16249335808	python3*36 pt_gloo_runloop*2 pt_tcpstore_uv*1 cuda0000240000a*1 cuda-EvtHandlr*1 
2026-09-27T17:55:05+04:00	ck9k-mirror-3	0	2715633	2715535	23	884961280	607363072	python3*17 ZMQbg/Reaper*3 ZMQbg/IO/0*3 
2026-09-27T17:55:15+04:00	ck9k-mirror-3	0	2715514	363	2	25817088	6074368	uv*1 main2*1 
2026-09-27T17:55:15+04:00	ck9k-mirror-3	0	2715535	2715514	39	909459456	623136768	ft*35 ZMQbg/Reaper*2 ZMQbg/IO/0*2 
2026-09-27T17:55:15+04:00	ck9k-mirror-3	0	2715631	2715535	1	12832768	5943296	python3*1 
2026-09-27T17:55:15+04:00	ck9k-mirror-3	0	2715632	2715535	45	17070342144	16450506752	python3*36 pt_gloo_runloop*2 ZMQbg/Reaper*2 ZMQbg/IO/0*2 pt_tcpstore_uv*1 cuda0000240000a*1 
2026-09-27T17:55:16+04:00	ck9k-mirror-3	0	2715633	2715535	39	889049088	608169984	python3*33 ZMQbg/Reaper*3 ZMQbg/IO/0*3 
2026-09-27T17:55:26+04:00	ck9k-mirror-3	0	2715514	363	2	25817088	6074368	uv*1 main2*1 
2026-09-27T17:55:26+04:00	ck9k-mirror-3	0	2715535	2715514	39	909459456	623136768	ft*35 ZMQbg/Reaper*2 ZMQbg/IO/0*2 
2026-09-27T17:55:26+04:00	ck9k-mirror-3	0	2715631	2715535	1	12832768	5943296	python3*1 
2026-09-27T17:55:26+04:00	ck9k-mirror-3	0	2715632	2715535	45	17070342144	16450506752	python3*36 pt_gloo_runloop*2 ZMQbg/Reaper*2 ZMQbg/IO/0*2 pt_tcpstore_uv*1 cuda0000240000a*1 
2026-09-27T17:55:26+04:00	ck9k-mirror-3	0	2715633	2715535	39	889049088	608169984	python3*33 ZMQbg/Reaper*3 ZMQbg/IO/0*3 
2026-09-27T17:55:38+04:00	ck9k-mirror-3	1	2715514	363	2	25817088	6074368	uv*1 main2*1 
2026-09-27T17:55:38+04:00	ck9k-mirror-3	1	2715535	2715514	57	911929344	625606656	ft*51 ZMQbg/Reaper*3 ZMQbg/IO/0*3 
2026-09-27T17:55:38+04:00	ck9k-mirror-3	1	2715631	2715535	1	12832768	5943296	python3*1 
2026-09-27T17:55:38+04:00	ck9k-mirror-3	1	2715632	2715535	45	17070661632	16450826240	python3*36 pt_gloo_runloop*2 ZMQbg/Reaper*2 ZMQbg/IO/0*2 pt_tcpstore_uv*1 cuda0000240000a*1 
2026-09-27T17:55:38+04:00	ck9k-mirror-3	1	2715633	2715535	57	889741312	608862208	python3*49 ZMQbg/Reaper*4 ZMQbg/IO/0*4 
2026-09-27T17:55:48+04:00	ck9k-mirror-3	1	2715514	363	2	25817088	6074368	uv*1 main2*1 
2026-09-27T17:55:48+04:00	ck9k-mirror-3	1	2715535	2715514	57	911929344	625606656	ft*51 ZMQbg/Reaper*3 ZMQbg/IO/0*3 
2026-09-27T17:55:48+04:00	ck9k-mirror-3	1	2715631	2715535	1	12832768	5943296	python3*1 
2026-09-27T17:55:48+04:00	ck9k-mirror-3	1	2715632	2715535	45	17070661632	16450826240	python3*36 pt_gloo_runloop*2 ZMQbg/Reaper*2 ZMQbg/IO/0*2 pt_tcpstore_uv*1 cuda0000240000a*1 
2026-09-27T17:55:48+04:00	ck9k-mirror-3	1	2715633	2715535	57	889741312	608862208	python3*49 ZMQbg/Reaper*4 ZMQbg/IO/0*4 
2026-09-27T17:55:58+04:00	ck9k-mirror-3	3	2715514	363	2	25817088	6074368	uv*1 main2*1 
2026-09-27T17:55:58+04:00	ck9k-mirror-3	3	2715535	2715514	57	912031744	625709056	ft*51 ZMQbg/Reaper*3 ZMQbg/IO/0*3 
2026-09-27T17:55:58+04:00	ck9k-mirror-3	3	2715631	2715535	1	12832768	5943296	python3*1 
2026-09-27T17:55:58+04:00	ck9k-mirror-3	3	2715632	2715535	45	17114726400	16493797376	python3*36 pt_gloo_runloop*2 ZMQbg/Reaper*2 ZMQbg/IO/0*2 pt_tcpstore_uv*1 cuda0000240000a*1 
2026-09-27T17:55:58+04:00	ck9k-mirror-3	3	2715633	2715535	57	889741312	608862208	python3*49 ZMQbg/Reaper*4 ZMQbg/IO/0*4 
2026-09-27T17:56:10+04:00	ck9k-mirror-3	3	2715514	363	2	25817088	6074368	uv*1 main2*1 
2026-09-27T17:56:10+04:00	ck9k-mirror-3	3	2715535	2715514	57	912031744	625709056	ft*51 ZMQbg/Reaper*3 ZMQbg/IO/0*3 
2026-09-27T17:56:10+04:00	ck9k-mirror-3	3	2715631	2715535	1	12832768	5943296	python3*1 
2026-09-27T17:56:10+04:00	ck9k-mirror-3	3	2715632	2715535	45	17114726400	16493797376	python3*36 pt_gloo_runloop*2 ZMQbg/Reaper*2 ZMQbg/IO/0*2 pt_tcpstore_uv*1 cuda0000240000a*1 
2026-09-27T17:56:10+04:00	ck9k-mirror-3	3	2715633	2715535	57	889741312	608862208	python3*49 ZMQbg/Reaper*4 ZMQbg/IO/0*4 
2026-09-27T17:56:20+04:00	ck9k-mirror-3	4	2715514	363	2	25817088	6074368	uv*1 main2*1 
2026-09-27T17:56:20+04:00	ck9k-mirror-3	4	2715535	2715514	57	993804288	707481600	ft*51 ZMQbg/Reaper*3 ZMQbg/IO/0*3 
2026-09-27T17:56:20+04:00	ck9k-mirror-3	4	2715631	2715535	1	12832768	5943296	python3*1 
2026-09-27T17:56:21+04:00	ck9k-mirror-3	4	2715632	2715535	45	17114693632	16493764608	python3*36 pt_gloo_runloop*2 ZMQbg/Reaper*2 ZMQbg/IO/0*2 pt_tcpstore_uv*1 cuda0000240000a*1 
2026-09-27T17:56:21+04:00	ck9k-mirror-3	4	2715633	2715535	57	889741312	608862208	python3*49 ZMQbg/Reaper*4 ZMQbg/IO/0*4 
2026-09-27T17:57:44+04:00	ck9k-whole-256k	0	2722813	363	3	27009024	6070272	uv*1 tokio-rt-worker*1 main2*1 
2026-09-27T17:57:44+04:00	ck9k-whole-256k	0	2722841	2722813	16	645558272	370294784	ft*16 
2026-09-27T17:57:56+04:00	ck9k-whole-256k	0	2722813	363	2	27140096	6070272	uv*1 main2*1 
2026-09-27T17:57:56+04:00	ck9k-whole-256k	0	2722841	2722813	22	703594496	422744064	ft*18 ZMQbg/Reaper*2 ZMQbg/IO/0*2 
2026-09-27T17:57:56+04:00	ck9k-whole-256k	0	2722937	2722841	1	12832768	5943296	python3*1 
2026-09-27T17:57:56+04:00	ck9k-whole-256k	0	2722938	2722841	41	6983049216	985829376	python3*36 pt_gloo_runloop*2 pt_tcpstore_uv*1 cuda0000240000a*1 cuda-EvtHandlr*1 
2026-09-27T17:57:56+04:00	ck9k-whole-256k	0	2722939	2722841	23	884858880	607371264	python3*17 ZMQbg/Reaper*3 ZMQbg/IO/0*3 
2026-09-27T17:58:06+04:00	ck9k-whole-256k	0	2722813	363	2	24162304	6070272	uv*1 main2*1 
2026-09-27T17:58:06+04:00	ck9k-whole-256k	0	2722841	2722813	22	697212928	422752256	ft*18 ZMQbg/Reaper*2 ZMQbg/IO/0*2 
2026-09-27T17:58:06+04:00	ck9k-whole-256k	0	2722937	2722841	1	12832768	5943296	python3*1 
2026-09-27T17:58:06+04:00	ck9k-whole-256k	0	2722938	2722841	41	16242089984	986284032	python3*36 pt_gloo_runloop*2 pt_tcpstore_uv*1 cuda0000240000a*1 cuda-EvtHandlr*1 
2026-09-27T17:58:07+04:00	ck9k-whole-256k	0	2722939	2722841	23	877047808	607371264	python3*17 ZMQbg/Reaper*3 ZMQbg/IO/0*3 
2026-09-27T17:58:17+04:00	ck9k-whole-256k	0	2722813	363	2	17887232	12288	uv*1 main2*1 
2026-09-27T17:58:17+04:00	ck9k-whole-256k	0	2722841	2722813	22	336187392	138543104	ft*18 ZMQbg/Reaper*2 ZMQbg/IO/0*2 
2026-09-27T17:58:17+04:00	ck9k-whole-256k	0	2722937	2722841	1	12820480	5943296	python3*1 
2026-09-27T17:58:17+04:00	ck9k-whole-256k	0	2722938	2722841	41	23383375872	1016254464	python3*36 pt_gloo_runloop*2 pt_tcpstore_uv*1 cuda0000240000a*1 cuda-EvtHandlr*1 
2026-09-27T17:58:17+04:00	ck9k-whole-256k	0	2722939	2722841	23	802320384	607371264	python3*17 ZMQbg/Reaper*3 ZMQbg/IO/0*3 
2026-09-27T17:58:29+04:00	ck9k-whole-256k	0	2722813	363	2	17887232	12288	uv*1 main2*1 
2026-09-27T17:58:29+04:00	ck9k-whole-256k	0	2722841	2722813	39	546721792	343429120	ft*35 ZMQbg/Reaper*2 ZMQbg/IO/0*2 
2026-09-27T17:58:29+04:00	ck9k-whole-256k	0	2722937	2722841	1	12820480	5943296	python3*1 
2026-09-27T17:58:29+04:00	ck9k-whole-256k	0	2722938	2722841	45	22785155072	1985265664	python3*36 pt_gloo_runloop*2 ZMQbg/Reaper*2 ZMQbg/IO/0*2 pt_tcpstore_uv*1 cuda0000240000a*1 
2026-09-27T17:58:29+04:00	ck9k-whole-256k	0	2722939	2722841	39	806203392	608182272	python3*33 ZMQbg/Reaper*3 ZMQbg/IO/0*3 
2026-09-27T17:58:39+04:00	ck9k-whole-256k	0	2722813	363	2	17887232	12288	uv*1 main2*1 
2026-09-27T17:58:39+04:00	ck9k-whole-256k	0	2722841	2722813	39	546738176	343445504	ft*35 ZMQbg/Reaper*2 ZMQbg/IO/0*2 
2026-09-27T17:58:39+04:00	ck9k-whole-256k	0	2722937	2722841	1	12820480	5943296	python3*1 
2026-09-27T17:58:39+04:00	ck9k-whole-256k	0	2722938	2722841	45	22785204224	1985282048	python3*36 pt_gloo_runloop*2 ZMQbg/Reaper*2 ZMQbg/IO/0*2 pt_tcpstore_uv*1 cuda0000240000a*1 
2026-09-27T17:58:39+04:00	ck9k-whole-256k	0	2722939	2722841	39	806203392	608182272	python3*33 ZMQbg/Reaper*3 ZMQbg/IO/0*3 
2026-09-27T17:58:49+04:00	ck9k-whole-256k	0	2722813	363	2	17846272	12288	uv*1 main2*1 
2026-09-27T17:58:49+04:00	ck9k-whole-256k	0	2722841	2722813	39	432955392	230019072	ft*35 ZMQbg/Reaper*2 ZMQbg/IO/0*2 
2026-09-27T17:58:49+04:00	ck9k-whole-256k	0	2722937	2722841	1	6893568	16384	python3*1 
2026-09-27T17:58:49+04:00	ck9k-whole-256k	0	2722938	2722841	45	22784106496	1969885184	python3*36 pt_gloo_runloop*2 ZMQbg/Reaper*2 ZMQbg/IO/0*2 pt_tcpstore_uv*1 cuda0000240000a*1 
2026-09-27T17:58:50+04:00	ck9k-whole-256k	0	2722939	2722841	39	786407424	588742656	python3*33 ZMQbg/Reaper*3 ZMQbg/IO/0*3 
2026-09-27T17:59:01+04:00	ck9k-whole-256k	1	2722813	363	2	17846272	12288	uv*1 main2*1 
2026-09-27T17:59:01+04:00	ck9k-whole-256k	1	2722841	2722813	57	509059072	306618368	ft*51 ZMQbg/Reaper*3 ZMQbg/IO/0*3 
2026-09-27T17:59:01+04:00	ck9k-whole-256k	1	2722937	2722841	1	6893568	16384	python3*1 
2026-09-27T17:59:01+04:00	ck9k-whole-256k	1	2722938	2722841	45	22737707008	1939525632	python3*36 pt_gloo_runloop*2 ZMQbg/Reaper*2 ZMQbg/IO/0*2 pt_tcpstore_uv*1 cuda0000240000a*1 
2026-09-27T17:59:02+04:00	ck9k-whole-256k	1	2722939	2722841	57	817520640	620343296	python3*49 ZMQbg/Reaper*4 ZMQbg/IO/0*4 
2026-09-27T17:59:12+04:00	ck9k-whole-256k	1	2722813	363	2	17846272	12288	uv*1 main2*1 
2026-09-27T17:59:12+04:00	ck9k-whole-256k	1	2722841	2722813	57	509059072	306618368	ft*51 ZMQbg/Reaper*3 ZMQbg/IO/0*3 
2026-09-27T17:59:12+04:00	ck9k-whole-256k	1	2722937	2722841	1	6893568	16384	python3*1 
2026-09-27T17:59:12+04:00	ck9k-whole-256k	1	2722938	2722841	45	22737707008	1939525632	python3*36 pt_gloo_runloop*2 ZMQbg/Reaper*2 ZMQbg/IO/0*2 pt_tcpstore_uv*1 cuda0000240000a*1 
2026-09-27T17:59:12+04:00	ck9k-whole-256k	1	2722939	2722841	57	817520640	620343296	python3*49 ZMQbg/Reaper*4 ZMQbg/IO/0*4 
2026-09-27T17:59:22+04:00	ck9k-whole-256k	1	2722813	363	2	17846272	12288	uv*1 main2*1 
2026-09-27T17:59:22+04:00	ck9k-whole-256k	1	2722841	2722813	57	509059072	306618368	ft*51 ZMQbg/Reaper*3 ZMQbg/IO/0*3 
2026-09-27T17:59:22+04:00	ck9k-whole-256k	1	2722937	2722841	1	6893568	16384	python3*1 
2026-09-27T17:59:22+04:00	ck9k-whole-256k	1	2722938	2722841	45	22737707008	1939525632	python3*36 pt_gloo_runloop*2 ZMQbg/Reaper*2 ZMQbg/IO/0*2 pt_tcpstore_uv*1 cuda0000240000a*1 
2026-09-27T17:59:22+04:00	ck9k-whole-256k	1	2722939	2722841	57	817520640	620343296	python3*49 ZMQbg/Reaper*4 ZMQbg/IO/0*4 
2026-09-27T17:59:34+04:00	ck9k-whole-256k	1	2722813	363	2	17846272	12288	uv*1 main2*1 
2026-09-27T17:59:34+04:00	ck9k-whole-256k	1	2722841	2722813	57	509059072	306618368	ft*51 ZMQbg/Reaper*3 ZMQbg/IO/0*3 
2026-09-27T17:59:34+04:00	ck9k-whole-256k	1	2722937	2722841	1	6893568	16384	python3*1 
2026-09-27T17:59:34+04:00	ck9k-whole-256k	1	2722938	2722841	45	22737707008	1939525632	python3*36 pt_gloo_runloop*2 ZMQbg/Reaper*2 ZMQbg/IO/0*2 pt_tcpstore_uv*1 cuda0000240000a*1 
2026-09-27T17:59:34+04:00	ck9k-whole-256k	1	2722939	2722841	57	817520640	620343296	python3*49 ZMQbg/Reaper*4 ZMQbg/IO/0*4 
2026-09-27T17:59:44+04:00	ck9k-whole-256k	1	2722813	363	2	17846272	12288	uv*1 main2*1 
2026-09-27T17:59:44+04:00	ck9k-whole-256k	1	2722841	2722813	57	509059072	306618368	ft*51 ZMQbg/Reaper*3 ZMQbg/IO/0*3 
2026-09-27T17:59:44+04:00	ck9k-whole-256k	1	2722937	2722841	1	6893568	16384	python3*1 
2026-09-27T17:59:44+04:00	ck9k-whole-256k	1	2722938	2722841	45	22737707008	1939525632	python3*36 pt_gloo_runloop*2 ZMQbg/Reaper*2 ZMQbg/IO/0*2 pt_tcpstore_uv*1 cuda0000240000a*1 
2026-09-27T17:59:45+04:00	ck9k-whole-256k	1	2722939	2722841	57	817520640	620343296	python3*49 ZMQbg/Reaper*4 ZMQbg/IO/0*4 
2026-09-27T17:59:55+04:00	ck9k-whole-256k	1	2722813	363	2	17846272	12288	uv*1 main2*1 
2026-09-27T17:59:55+04:00	ck9k-whole-256k	1	2722841	2722813	57	509059072	306618368	ft*51 ZMQbg/Reaper*3 ZMQbg/IO/0*3 
2026-09-27T17:59:55+04:00	ck9k-whole-256k	1	2722937	2722841	1	6893568	16384	python3*1 
2026-09-27T17:59:55+04:00	ck9k-whole-256k	1	2722938	2722841	45	22737707008	1939525632	python3*36 pt_gloo_runloop*2 ZMQbg/Reaper*2 ZMQbg/IO/0*2 pt_tcpstore_uv*1 cuda0000240000a*1 
2026-09-27T17:59:55+04:00	ck9k-whole-256k	1	2722939	2722841	57	817520640	620343296	python3*49 ZMQbg/Reaper*4 ZMQbg/IO/0*4 
2026-09-27T18:00:07+04:00	ck9k-whole-256k	1	2722813	363	2	17846272	12288	uv*1 main2*1 
2026-09-27T18:00:07+04:00	ck9k-whole-256k	1	2722841	2722813	57	509059072	306618368	ft*51 ZMQbg/Reaper*3 ZMQbg/IO/0*3 
2026-09-27T18:00:07+04:00	ck9k-whole-256k	1	2722937	2722841	1	6893568	16384	python3*1 
2026-09-27T18:00:07+04:00	ck9k-whole-256k	1	2722938	2722841	45	22737707008	1939525632	python3*36 pt_gloo_runloop*2 ZMQbg/Reaper*2 ZMQbg/IO/0*2 pt_tcpstore_uv*1 cuda0000240000a*1 
2026-09-27T18:00:07+04:00	ck9k-whole-256k	1	2722939	2722841	57	817520640	620343296	python3*49 ZMQbg/Reaper*4 ZMQbg/IO/0*4 
2026-09-27T18:00:17+04:00	ck9k-whole-256k	3	2722813	363	2	17846272	12288	uv*1 main2*1 
2026-09-27T18:00:17+04:00	ck9k-whole-256k	3	2722841	2722813	57	509382656	306941952	ft*51 ZMQbg/Reaper*3 ZMQbg/IO/0*3 
2026-09-27T18:00:17+04:00	ck9k-whole-256k	3	2722937	2722841	1	6893568	16384	python3*1 
2026-09-27T18:00:17+04:00	ck9k-whole-256k	3	2722938	2722841	45	22797606912	1997553664	python3*36 pt_gloo_runloop*2 ZMQbg/Reaper*2 ZMQbg/IO/0*2 pt_tcpstore_uv*1 cuda0000240000a*1 
2026-09-27T18:00:17+04:00	ck9k-whole-256k	3	2722939	2722841	57	770428928	573251584	python3*49 ZMQbg/Reaper*4 ZMQbg/IO/0*4 
2026-09-27T18:00:28+04:00	ck9k-whole-256k	3	2722813	363	2	17846272	12288	uv*1 main2*1 
2026-09-27T18:00:28+04:00	ck9k-whole-256k	3	2722841	2722813	57	509382656	306941952	ft*51 ZMQbg/Reaper*3 ZMQbg/IO/0*3 
2026-09-27T18:00:28+04:00	ck9k-whole-256k	3	2722937	2722841	1	6893568	16384	python3*1 
2026-09-27T18:00:28+04:00	ck9k-whole-256k	3	2722938	2722841	45	22797606912	1997553664	python3*36 pt_gloo_runloop*2 ZMQbg/Reaper*2 ZMQbg/IO/0*2 pt_tcpstore_uv*1 cuda0000240000a*1 
2026-09-27T18:00:28+04:00	ck9k-whole-256k	3	2722939	2722841	57	770428928	573251584	python3*49 ZMQbg/Reaper*4 ZMQbg/IO/0*4 
2026-09-27T18:00:40+04:00	ck9k-whole-256k	3	2722813	363	2	17653760	12288	uv*1 main2*1 
2026-09-27T18:00:40+04:00	ck9k-whole-256k	3	2722841	2722813	57	508071936	306941952	ft*51 ZMQbg/Reaper*3 ZMQbg/IO/0*3 
2026-09-27T18:00:40+04:00	ck9k-whole-256k	3	2722937	2722841	1	6889472	16384	python3*1 
2026-09-27T18:00:40+04:00	ck9k-whole-256k	3	2722938	2722841	45	22762762240	1965035520	python3*36 pt_gloo_runloop*2 ZMQbg/Reaper*2 ZMQbg/IO/0*2 pt_tcpstore_uv*1 cuda0000240000a*1 
2026-09-27T18:00:40+04:00	ck9k-whole-256k	3	2722939	2722841	57	735526912	539578368	python3*49 ZMQbg/Reaper*4 ZMQbg/IO/0*4 
2026-09-27T18:00:50+04:00	ck9k-whole-256k	3	2722813	363	2	17653760	12288	uv*1 main2*1 
2026-09-27T18:00:50+04:00	ck9k-whole-256k	3	2722841	2722813	57	508071936	306941952	ft*51 ZMQbg/Reaper*3 ZMQbg/IO/0*3 
2026-09-27T18:00:50+04:00	ck9k-whole-256k	3	2722937	2722841	1	6889472	16384	python3*1 
2026-09-27T18:00:50+04:00	ck9k-whole-256k	3	2722938	2722841	45	22762762240	1965035520	python3*36 pt_gloo_runloop*2 ZMQbg/Reaper*2 ZMQbg/IO/0*2 pt_tcpstore_uv*1 cuda0000240000a*1 
2026-09-27T18:00:50+04:00	ck9k-whole-256k	3	2722939	2722841	57	735526912	539578368	python3*49 ZMQbg/Reaper*4 ZMQbg/IO/0*4 
2026-09-27T18:01:00+04:00	ck9k-whole-256k	3	2722813	363	2	17653760	12288	uv*1 main2*1 
2026-09-27T18:01:00+04:00	ck9k-whole-256k	3	2722841	2722813	57	508071936	306941952	ft*51 ZMQbg/Reaper*3 ZMQbg/IO/0*3 
2026-09-27T18:01:00+04:00	ck9k-whole-256k	3	2722937	2722841	1	6889472	16384	python3*1 
2026-09-27T18:01:00+04:00	ck9k-whole-256k	3	2722938	2722841	45	22762762240	1965035520	python3*36 pt_gloo_runloop*2 ZMQbg/Reaper*2 ZMQbg/IO/0*2 pt_tcpstore_uv*1 cuda0000240000a*1 
2026-09-27T18:01:00+04:00	ck9k-whole-256k	3	2722939	2722841	57	735526912	539578368	python3*49 ZMQbg/Reaper*4 ZMQbg/IO/0*4 
2026-09-27T18:01:12+04:00	ck9k-whole-256k	3	2722813	363	2	17653760	12288	uv*1 main2*1 
2026-09-27T18:01:12+04:00	ck9k-whole-256k	3	2722841	2722813	57	508071936	306941952	ft*51 ZMQbg/Reaper*3 ZMQbg/IO/0*3 
2026-09-27T18:01:12+04:00	ck9k-whole-256k	3	2722937	2722841	1	6889472	16384	python3*1 
2026-09-27T18:01:12+04:00	ck9k-whole-256k	3	2722938	2722841	45	22762762240	1965035520	python3*36 pt_gloo_runloop*2 ZMQbg/Reaper*2 ZMQbg/IO/0*2 pt_tcpstore_uv*1 cuda0000240000a*1 
2026-09-27T18:01:12+04:00	ck9k-whole-256k	3	2722939	2722841	57	735526912	539578368	python3*49 ZMQbg/Reaper*4 ZMQbg/IO/0*4 
2026-09-27T18:01:22+04:00	ck9k-whole-256k	3	2722813	363	2	17653760	12288	uv*1 main2*1 
2026-09-27T18:01:22+04:00	ck9k-whole-256k	3	2722841	2722813	57	508071936	306941952	ft*51 ZMQbg/Reaper*3 ZMQbg/IO/0*3 
2026-09-27T18:01:22+04:00	ck9k-whole-256k	3	2722937	2722841	1	6889472	16384	python3*1 
2026-09-27T18:01:22+04:00	ck9k-whole-256k	3	2722938	2722841	45	22762762240	1965035520	python3*36 pt_gloo_runloop*2 ZMQbg/Reaper*2 ZMQbg/IO/0*2 pt_tcpstore_uv*1 cuda0000240000a*1 
2026-09-27T18:01:23+04:00	ck9k-whole-256k	3	2722939	2722841	57	735526912	539578368	python3*49 ZMQbg/Reaper*4 ZMQbg/IO/0*4 
2026-09-27T18:01:33+04:00	ck9k-whole-256k	4	2722813	363	2	17653760	12288	uv*1 main2*1 
2026-09-27T18:01:33+04:00	ck9k-whole-256k	4	2722841	2722813	57	508325888	307195904	ft*51 ZMQbg/Reaper*3 ZMQbg/IO/0*3 
2026-09-27T18:01:33+04:00	ck9k-whole-256k	4	2722937	2722841	1	6889472	16384	python3*1 
2026-09-27T18:01:33+04:00	ck9k-whole-256k	4	2722938	2722841	45	22771150848	1973424128	python3*36 pt_gloo_runloop*2 ZMQbg/Reaper*2 ZMQbg/IO/0*2 pt_tcpstore_uv*1 cuda0000240000a*1 
2026-09-27T18:01:33+04:00	ck9k-whole-256k	4	2722939	2722841	57	735526912	539578368	python3*49 ZMQbg/Reaper*4 ZMQbg/IO/0*4 
2026-09-27T18:01:43+04:00	ck9k-whole-256k	4	2722813	363	2	17653760	12288	uv*1 main2*1 
2026-09-27T18:01:43+04:00	ck9k-whole-256k	4	2722841	2722813	57	508420096	307290112	ft*51 ZMQbg/Reaper*3 ZMQbg/IO/0*3 
2026-09-27T18:01:43+04:00	ck9k-whole-256k	4	2722937	2722841	1	6889472	16384	python3*1 
2026-09-27T18:01:43+04:00	ck9k-whole-256k	4	2722938	2722841	45	22776741888	1973493760	python3*36 pt_gloo_runloop*2 ZMQbg/Reaper*2 ZMQbg/IO/0*2 pt_tcpstore_uv*1 cuda0000240000a*1 
2026-09-27T18:01:45+04:00	ck9k-whole-256k	4	2722939	2722841	57	735526912	539578368	python3*49 ZMQbg/Reaper*4 ZMQbg/IO/0*4 
2026-09-27T18:01:55+04:00	ck9k-whole-256k	4	2722813	363	2	17653760	12288	uv*1 main2*1 
2026-09-27T18:01:55+04:00	ck9k-whole-256k	4	2722841	2722813	57	508420096	307290112	ft*51 ZMQbg/Reaper*3 ZMQbg/IO/0*3 
2026-09-27T18:01:55+04:00	ck9k-whole-256k	4	2722937	2722841	1	6889472	16384	python3*1 
2026-09-27T18:01:55+04:00	ck9k-whole-256k	4	2722938	2722841	45	22776741888	1973493760	python3*36 pt_gloo_runloop*2 ZMQbg/Reaper*2 ZMQbg/IO/0*2 pt_tcpstore_uv*1 cuda0000240000a*1 
2026-09-27T18:01:55+04:00	ck9k-whole-256k	4	2722939	2722841	57	735526912	539578368	python3*49 ZMQbg/Reaper*4 ZMQbg/IO/0*4 
2026-09-27T18:02:06+04:00	ck9k-whole-256k	4	2722813	363	2	17653760	12288	uv*1 main2*1 
2026-09-27T18:02:06+04:00	ck9k-whole-256k	4	2722841	2722813	57	508420096	307290112	ft*51 ZMQbg/Reaper*3 ZMQbg/IO/0*3 
2026-09-27T18:02:06+04:00	ck9k-whole-256k	4	2722937	2722841	1	6889472	16384	python3*1 
2026-09-27T18:02:06+04:00	ck9k-whole-256k	4	2722938	2722841	45	22776741888	1973493760	python3*36 pt_gloo_runloop*2 ZMQbg/Reaper*2 ZMQbg/IO/0*2 pt_tcpstore_uv*1 cuda0000240000a*1 
2026-09-27T18:02:06+04:00	ck9k-whole-256k	4	2722939	2722841	57	735526912	539578368	python3*49 ZMQbg/Reaper*4 ZMQbg/IO/0*4 
2026-09-27T18:02:16+04:00	ck9k-whole-256k	4	2722813	363	2	17653760	12288	uv*1 main2*1 
2026-09-27T18:02:16+04:00	ck9k-whole-256k	4	2722841	2722813	57	508420096	307290112	ft*51 ZMQbg/Reaper*3 ZMQbg/IO/0*3 
2026-09-27T18:02:16+04:00	ck9k-whole-256k	4	2722937	2722841	1	6889472	16384	python3*1 
2026-09-27T18:02:16+04:00	ck9k-whole-256k	4	2722938	2722841	45	22776741888	1973493760	python3*36 pt_gloo_runloop*2 ZMQbg/Reaper*2 ZMQbg/IO/0*2 pt_tcpstore_uv*1 cuda0000240000a*1 
2026-09-27T18:02:16+04:00	ck9k-whole-256k	4	2722939	2722841	57	735526912	539578368	python3*49 ZMQbg/Reaper*4 ZMQbg/IO/0*4 
2026-09-27T18:02:28+04:00	ck9k-whole-256k	4	2722813	363	2	17653760	12288	uv*1 main2*1 
2026-09-27T18:02:28+04:00	ck9k-whole-256k	4	2722841	2722813	57	508420096	307290112	ft*51 ZMQbg/Reaper*3 ZMQbg/IO/0*3 
2026-09-27T18:02:28+04:00	ck9k-whole-256k	4	2722937	2722841	1	6889472	16384	python3*1 
2026-09-27T18:02:28+04:00	ck9k-whole-256k	4	2722938	2722841	45	22776741888	1973493760	python3*36 pt_gloo_runloop*2 ZMQbg/Reaper*2 ZMQbg/IO/0*2 pt_tcpstore_uv*1 cuda0000240000a*1 
2026-09-27T18:02:28+04:00	ck9k-whole-256k	4	2722939	2722841	57	735526912	539578368	python3*49 ZMQbg/Reaper*4 ZMQbg/IO/0*4 
2026-09-27T18:02:38+04:00	ck9k-whole-256k	4	2722813	363	2	17653760	12288	uv*1 main2*1 
2026-09-27T18:02:38+04:00	ck9k-whole-256k	4	2722841	2722813	57	508420096	307290112	ft*51 ZMQbg/Reaper*3 ZMQbg/IO/0*3 
2026-09-27T18:02:38+04:00	ck9k-whole-256k	4	2722937	2722841	1	6889472	16384	python3*1 
2026-09-27T18:02:38+04:00	ck9k-whole-256k	4	2722938	2722841	45	22776741888	1973493760	python3*36 pt_gloo_runloop*2 ZMQbg/Reaper*2 ZMQbg/IO/0*2 pt_tcpstore_uv*1 cuda0000240000a*1 
2026-09-27T18:02:39+04:00	ck9k-whole-256k	4	2722939	2722841	57	735526912	539578368	python3*49 ZMQbg/Reaper*4 ZMQbg/IO/0*4 
2026-09-27T18:02:49+04:00	ck9k-whole-256k	4	2722813	363	2	17653760	12288	uv*1 main2*1 
2026-09-27T18:02:49+04:00	ck9k-whole-256k	4	2722841	2722813	57	508420096	307290112	ft*51 ZMQbg/Reaper*3 ZMQbg/IO/0*3 
2026-09-27T18:02:49+04:00	ck9k-whole-256k	4	2722937	2722841	1	6889472	16384	python3*1 
2026-09-27T18:02:49+04:00	ck9k-whole-256k	4	2722938	2722841	45	22776741888	1973493760	python3*36 pt_gloo_runloop*2 ZMQbg/Reaper*2 ZMQbg/IO/0*2 pt_tcpstore_uv*1 cuda0000240000a*1 
2026-09-27T18:02:49+04:00	ck9k-whole-256k	4	2722939	2722841	57	735526912	539578368	python3*49 ZMQbg/Reaper*4 ZMQbg/IO/0*4 
2026-09-27T18:03:01+04:00	ck9k-whole-256k	4	2722813	363	2	17653760	12288	uv*1 main2*1 
2026-09-27T18:03:01+04:00	ck9k-whole-256k	4	2722841	2722813	57	508420096	307290112	ft*51 ZMQbg/Reaper*3 ZMQbg/IO/0*3 
2026-09-27T18:03:01+04:00	ck9k-whole-256k	4	2722937	2722841	1	6889472	16384	python3*1 
2026-09-27T18:03:01+04:00	ck9k-whole-256k	4	2722938	2722841	45	22776741888	1973493760	python3*36 pt_gloo_runloop*2 ZMQbg/Reaper*2 ZMQbg/IO/0*2 pt_tcpstore_uv*1 cuda0000240000a*1 
2026-09-27T18:03:01+04:00	ck9k-whole-256k	4	2722939	2722841	57	735526912	539578368	python3*49 ZMQbg/Reaper*4 ZMQbg/IO/0*4 
2026-09-27T18:03:11+04:00	ck9k-whole-256k	4	2722813	363	2	17653760	12288	uv*1 main2*1 
2026-09-27T18:03:11+04:00	ck9k-whole-256k	4	2722841	2722813	57	508420096	307290112	ft*51 ZMQbg/Reaper*3 ZMQbg/IO/0*3 
2026-09-27T18:03:11+04:00	ck9k-whole-256k	4	2722937	2722841	1	6889472	16384	python3*1 
2026-09-27T18:03:11+04:00	ck9k-whole-256k	4	2722938	2722841	45	22776741888	1973493760	python3*36 pt_gloo_runloop*2 ZMQbg/Reaper*2 ZMQbg/IO/0*2 pt_tcpstore_uv*1 cuda0000240000a*1 
2026-09-27T18:03:11+04:00	ck9k-whole-256k	4	2722939	2722841	57	735526912	539578368	python3*49 ZMQbg/Reaper*4 ZMQbg/IO/0*4 
2026-09-27T18:03:21+04:00	ck9k-whole-256k	4	2722813	363	2	16924672	12288	uv*1 main2*1 
2026-09-27T18:03:21+04:00	ck9k-whole-256k	4	2722841	2722813	57	505147392	307290112	ft*51 ZMQbg/Reaper*3 ZMQbg/IO/0*3 
2026-09-27T18:03:21+04:00	ck9k-whole-256k	4	2722937	2722841	1	6889472	16384	python3*1 
2026-09-27T18:03:21+04:00	ck9k-whole-256k	4	2722938	2722841	45	22773035008	1973493760	python3*36 pt_gloo_runloop*2 ZMQbg/Reaper*2 ZMQbg/IO/0*2 pt_tcpstore_uv*1 cuda0000240000a*1 
2026-09-27T18:03:21+04:00	ck9k-whole-256k	4	2722939	2722841	57	732311552	539578368	python3*49 ZMQbg/Reaper*4 ZMQbg/IO/0*4 
2026-09-27T18:03:33+04:00	ck9k-whole-256k	4	2722813	363	2	15544320	12288	uv*1 main2*1 
2026-09-27T18:03:33+04:00	ck9k-whole-256k	4	2722841	2722813	57	496119808	307281920	ft*51 ZMQbg/Reaper*3 ZMQbg/IO/0*3 
2026-09-27T18:03:33+04:00	ck9k-whole-256k	4	2722937	2722841	1	6889472	16384	python3*1 
2026-09-27T18:03:33+04:00	ck9k-whole-256k	4	2722938	2722841	45	22734217216	1947639808	python3*36 pt_gloo_runloop*2 ZMQbg/Reaper*2 ZMQbg/IO/0*2 pt_tcpstore_uv*1 cuda0000240000a*1 
2026-09-27T18:03:33+04:00	ck9k-whole-256k	4	2722939	2722841	57	694124544	510128128	python3*49 ZMQbg/Reaper*4 ZMQbg/IO/0*4 
2026-09-27T18:03:43+04:00	ck9k-whole-256k	4	2722813	363	2	15544320	12288	uv*1 main2*1 
2026-09-27T18:03:43+04:00	ck9k-whole-256k	4	2722841	2722813	57	495677440	307281920	ft*51 ZMQbg/Reaper*3 ZMQbg/IO/0*3 
2026-09-27T18:03:44+04:00	ck9k-whole-256k	4	2722937	2722841	1	6889472	16384	python3*1 
2026-09-27T18:03:44+04:00	ck9k-whole-256k	4	2722938	2722841	45	22733783040	1947639808	python3*36 pt_gloo_runloop*2 ZMQbg/Reaper*2 ZMQbg/IO/0*2 pt_tcpstore_uv*1 cuda0000240000a*1 
2026-09-27T18:03:44+04:00	ck9k-whole-256k	4	2722939	2722841	57	693698560	510128128	python3*49 ZMQbg/Reaper*4 ZMQbg/IO/0*4 
2026-09-27T18:03:54+04:00	ck9k-whole-256k	4	2722813	363	2	15544320	12288	uv*1 main2*1 
2026-09-27T18:03:54+04:00	ck9k-whole-256k	4	2722841	2722813	57	495677440	307281920	ft*51 ZMQbg/Reaper*3 ZMQbg/IO/0*3 
2026-09-27T18:03:54+04:00	ck9k-whole-256k	4	2722937	2722841	1	6889472	16384	python3*1 
2026-09-27T18:03:54+04:00	ck9k-whole-256k	4	2722938	2722841	45	22733783040	1947639808	python3*36 pt_gloo_runloop*2 ZMQbg/Reaper*2 ZMQbg/IO/0*2 pt_tcpstore_uv*1 cuda0000240000a*1 
2026-09-27T18:03:54+04:00	ck9k-whole-256k	4	2722939	2722841	57	693698560	510128128	python3*49 ZMQbg/Reaper*4 ZMQbg/IO/0*4 
2026-09-27T18:04:06+04:00	ck9k-whole-256k	4	2722813	363	2	15544320	12288	uv*1 main2*1 
2026-09-27T18:04:06+04:00	ck9k-whole-256k	4	2722841	2722813	57	495677440	307281920	ft*51 ZMQbg/Reaper*3 ZMQbg/IO/0*3 
2026-09-27T18:04:06+04:00	ck9k-whole-256k	4	2722937	2722841	1	6889472	16384	python3*1 
2026-09-27T18:04:06+04:00	ck9k-whole-256k	4	2722938	2722841	45	22733783040	1947639808	python3*36 pt_gloo_runloop*2 ZMQbg/Reaper*2 ZMQbg/IO/0*2 pt_tcpstore_uv*1 cuda0000240000a*1 
2026-09-27T18:04:06+04:00	ck9k-whole-256k	4	2722939	2722841	57	693698560	510128128	python3*49 ZMQbg/Reaper*4 ZMQbg/IO/0*4 
2026-09-27T18:04:16+04:00	ck9k-whole-256k	4	2722813	363	2	15544320	12288	uv*1 main2*1 
2026-09-27T18:04:16+04:00	ck9k-whole-256k	4	2722841	2722813	57	495677440	307281920	ft*51 ZMQbg/Reaper*3 ZMQbg/IO/0*3 
2026-09-27T18:04:16+04:00	ck9k-whole-256k	4	2722937	2722841	1	6889472	16384	python3*1 
2026-09-27T18:04:16+04:00	ck9k-whole-256k	4	2722938	2722841	45	22733783040	1947639808	python3*36 pt_gloo_runloop*2 ZMQbg/Reaper*2 ZMQbg/IO/0*2 pt_tcpstore_uv*1 cuda0000240000a*1 
2026-09-27T18:04:16+04:00	ck9k-whole-256k	4	2722939	2722841	57	693698560	510128128	python3*49 ZMQbg/Reaper*4 ZMQbg/IO/0*4 
2026-09-27T18:04:26+04:00	ck9k-whole-256k	4	2722813	363	2	15544320	12288	uv*1 main2*1 
2026-09-27T18:04:26+04:00	ck9k-whole-256k	4	2722841	2722813	57	495677440	307281920	ft*51 ZMQbg/Reaper*3 ZMQbg/IO/0*3 
2026-09-27T18:04:26+04:00	ck9k-whole-256k	4	2722937	2722841	1	6889472	16384	python3*1 
2026-09-27T18:04:26+04:00	ck9k-whole-256k	4	2722938	2722841	45	22733783040	1947639808	python3*36 pt_gloo_runloop*2 ZMQbg/Reaper*2 ZMQbg/IO/0*2 pt_tcpstore_uv*1 cuda0000240000a*1 
2026-09-27T18:04:27+04:00	ck9k-whole-256k	4	2722939	2722841	57	693698560	510128128	python3*49 ZMQbg/Reaper*4 ZMQbg/IO/0*4 
2026-09-27T18:04:38+04:00	ck9k-whole-256k	4	2722813	363	2	15544320	12288	uv*1 main2*1 
2026-09-27T18:04:38+04:00	ck9k-whole-256k	4	2722841	2722813	57	495677440	307281920	ft*51 ZMQbg/Reaper*3 ZMQbg/IO/0*3 
2026-09-27T18:04:38+04:00	ck9k-whole-256k	4	2722937	2722841	1	6889472	16384	python3*1 
2026-09-27T18:04:38+04:00	ck9k-whole-256k	4	2722938	2722841	45	22733783040	1947639808	python3*36 pt_gloo_runloop*2 ZMQbg/Reaper*2 ZMQbg/IO/0*2 pt_tcpstore_uv*1 cuda0000240000a*1 
2026-09-27T18:04:39+04:00	ck9k-whole-256k	4	2722939	2722841	57	693698560	510128128	python3*49 ZMQbg/Reaper*4 ZMQbg/IO/0*4 
2026-09-27T18:04:49+04:00	ck9k-whole-256k	4	2722813	363	2	15544320	12288	uv*1 main2*1 
2026-09-27T18:04:49+04:00	ck9k-whole-256k	4	2722841	2722813	57	495677440	307281920	ft*51 ZMQbg/Reaper*3 ZMQbg/IO/0*3 
2026-09-27T18:04:49+04:00	ck9k-whole-256k	4	2722937	2722841	1	6889472	16384	python3*1 
2026-09-27T18:04:49+04:00	ck9k-whole-256k	4	2722938	2722841	45	22733783040	1947639808	python3*36 pt_gloo_runloop*2 ZMQbg/Reaper*2 ZMQbg/IO/0*2 pt_tcpstore_uv*1 cuda0000240000a*1 
2026-09-27T18:04:49+04:00	ck9k-whole-256k	4	2722939	2722841	57	693698560	510128128	python3*49 ZMQbg/Reaper*4 ZMQbg/IO/0*4 
2026-09-27T18:04:59+04:00	ck9k-whole-256k	4	2722813	363	2	15544320	12288	uv*1 main2*1 
2026-09-27T18:04:59+04:00	ck9k-whole-256k	4	2722841	2722813	57	495677440	307281920	ft*51 ZMQbg/Reaper*3 ZMQbg/IO/0*3 
2026-09-27T18:04:59+04:00	ck9k-whole-256k	4	2722937	2722841	1	6889472	16384	python3*1 
2026-09-27T18:04:59+04:00	ck9k-whole-256k	4	2722938	2722841	45	22733783040	1947639808	python3*36 pt_gloo_runloop*2 ZMQbg/Reaper*2 ZMQbg/IO/0*2 pt_tcpstore_uv*1 cuda0000240000a*1 
2026-09-27T18:04:59+04:00	ck9k-whole-256k	4	2722939	2722841	57	693698560	510128128	python3*49 ZMQbg/Reaper*4 ZMQbg/IO/0*4 
2026-09-27T18:05:11+04:00	ck9k-whole-256k	4	2722813	363	2	15544320	12288	uv*1 main2*1 
2026-09-27T18:05:11+04:00	ck9k-whole-256k	4	2722841	2722813	57	495677440	307281920	ft*51 ZMQbg/Reaper*3 ZMQbg/IO/0*3 
2026-09-27T18:05:11+04:00	ck9k-whole-256k	4	2722937	2722841	1	6889472	16384	python3*1 
2026-09-27T18:05:11+04:00	ck9k-whole-256k	4	2722938	2722841	45	22733783040	1947639808	python3*36 pt_gloo_runloop*2 ZMQbg/Reaper*2 ZMQbg/IO/0*2 pt_tcpstore_uv*1 cuda0000240000a*1 
2026-09-27T18:05:11+04:00	ck9k-whole-256k	4	2722939	2722841	57	693698560	510128128	python3*49 ZMQbg/Reaper*4 ZMQbg/IO/0*4 
2026-09-27T18:05:21+04:00	ck9k-whole-256k	4	2722813	363	2	15544320	12288	uv*1 main2*1 
2026-09-27T18:05:21+04:00	ck9k-whole-256k	4	2722841	2722813	57	495685632	307290112	ft*51 ZMQbg/Reaper*3 ZMQbg/IO/0*3 
2026-09-27T18:05:21+04:00	ck9k-whole-256k	4	2722937	2722841	1	6889472	16384	python3*1 
2026-09-27T18:05:22+04:00	ck9k-whole-256k	4	2722938	2722841	45	22733910016	1947766784	python3*36 pt_gloo_runloop*2 ZMQbg/Reaper*2 ZMQbg/IO/0*2 pt_tcpstore_uv*1 cuda0000240000a*1 
2026-09-27T18:05:22+04:00	ck9k-whole-256k	4	2722939	2722841	57	693698560	510128128	python3*49 ZMQbg/Reaper*4 ZMQbg/IO/0*4 
2026-09-27T18:05:32+04:00	ck9k-whole-256k	4	2722813	363	2	15544320	12288	uv*1 main2*1 
2026-09-27T18:05:32+04:00	ck9k-whole-256k	4	2722841	2722813	57	495685632	307290112	ft*51 ZMQbg/Reaper*3 ZMQbg/IO/0*3 
2026-09-27T18:05:32+04:00	ck9k-whole-256k	4	2722937	2722841	1	6889472	16384	python3*1 
2026-09-27T18:05:32+04:00	ck9k-whole-256k	4	2722938	2722841	45	22734045184	1947901952	python3*36 pt_gloo_runloop*2 ZMQbg/Reaper*2 ZMQbg/IO/0*2 pt_tcpstore_uv*1 cuda0000240000a*1 
2026-09-27T18:05:32+04:00	ck9k-whole-256k	4	2722939	2722841	57	693698560	510128128	python3*49 ZMQbg/Reaper*4 ZMQbg/IO/0*4 
2026-09-27T18:05:44+04:00	ck9k-whole-256k	4	2722813	363	2	15544320	12288	uv*1 main2*1 
2026-09-27T18:05:44+04:00	ck9k-whole-256k	4	2722841	2722813	57	495685632	307290112	ft*51 ZMQbg/Reaper*3 ZMQbg/IO/0*3 
2026-09-27T18:05:44+04:00	ck9k-whole-256k	4	2722937	2722841	1	6889472	16384	python3*1 
2026-09-27T18:05:44+04:00	ck9k-whole-256k	4	2722938	2722841	45	22734192640	1948049408	python3*36 pt_gloo_runloop*2 ZMQbg/Reaper*2 ZMQbg/IO/0*2 pt_tcpstore_uv*1 cuda0000240000a*1 
2026-09-27T18:05:44+04:00	ck9k-whole-256k	4	2722939	2722841	57	693698560	510128128	python3*49 ZMQbg/Reaper*4 ZMQbg/IO/0*4 
2026-09-27T18:05:54+04:00	ck9k-whole-256k	4	2722813	363	2	15544320	12288	uv*1 main2*1 
2026-09-27T18:05:54+04:00	ck9k-whole-256k	4	2722841	2722813	57	495685632	307290112	ft*51 ZMQbg/Reaper*3 ZMQbg/IO/0*3 
2026-09-27T18:05:54+04:00	ck9k-whole-256k	4	2722937	2722841	1	6889472	16384	python3*1 
2026-09-27T18:05:54+04:00	ck9k-whole-256k	4	2722938	2722841	45	22734336000	1948192768	python3*36 pt_gloo_runloop*2 ZMQbg/Reaper*2 ZMQbg/IO/0*2 pt_tcpstore_uv*1 cuda0000240000a*1 
2026-09-27T18:05:54+04:00	ck9k-whole-256k	4	2722939	2722841	57	693698560	510128128	python3*49 ZMQbg/Reaper*4 ZMQbg/IO/0*4 
2026-09-27T18:06:04+04:00	ck9k-whole-256k	4	2722813	363	2	15544320	12288	uv*1 main2*1 
2026-09-27T18:06:04+04:00	ck9k-whole-256k	4	2722841	2722813	57	495685632	307290112	ft*51 ZMQbg/Reaper*3 ZMQbg/IO/0*3 
2026-09-27T18:06:05+04:00	ck9k-whole-256k	4	2722937	2722841	1	6889472	16384	python3*1 
2026-09-27T18:06:05+04:00	ck9k-whole-256k	4	2722938	2722841	45	22734475264	1948340224	python3*36 pt_gloo_runloop*2 ZMQbg/Reaper*2 ZMQbg/IO/0*2 pt_tcpstore_uv*1 cuda0000240000a*1 
2026-09-27T18:06:05+04:00	ck9k-whole-256k	4	2722939	2722841	57	693698560	510128128	python3*49 ZMQbg/Reaper*4 ZMQbg/IO/0*4 
2026-09-27T18:06:15+04:00	ck9k-whole-256k	4	2722813	363	2	15544320	12288	uv*1 main2*1 
2026-09-27T18:06:15+04:00	ck9k-whole-256k	4	2722841	2722813	57	495685632	307290112	ft*51 ZMQbg/Reaper*3 ZMQbg/IO/0*3 
2026-09-27T18:06:15+04:00	ck9k-whole-256k	4	2722937	2722841	1	6889472	16384	python3*1 
2026-09-27T18:06:15+04:00	ck9k-whole-256k	4	2722938	2722841	45	22735126528	1948983296	python3*36 pt_gloo_runloop*2 ZMQbg/Reaper*2 ZMQbg/IO/0*2 pt_tcpstore_uv*1 cuda0000240000a*1 
2026-09-27T18:06:15+04:00	ck9k-whole-256k	4	2722939	2722841	57	693698560	510128128	python3*49 ZMQbg/Reaper*4 ZMQbg/IO/0*4 
2026-09-27T18:06:27+04:00	ck9k-whole-256k	4	2722813	363	2	15544320	12288	uv*1 main2*1 
2026-09-27T18:06:27+04:00	ck9k-whole-256k	4	2722841	2722813	57	495685632	307290112	ft*51 ZMQbg/Reaper*3 ZMQbg/IO/0*3 
2026-09-27T18:06:27+04:00	ck9k-whole-256k	4	2722937	2722841	1	6889472	16384	python3*1 
2026-09-27T18:06:27+04:00	ck9k-whole-256k	4	2722938	2722841	45	22735126528	1948983296	python3*36 pt_gloo_runloop*2 ZMQbg/Reaper*2 ZMQbg/IO/0*2 pt_tcpstore_uv*1 cuda0000240000a*1 
2026-09-27T18:06:27+04:00	ck9k-whole-256k	4	2722939	2722841	57	693698560	510128128	python3*49 ZMQbg/Reaper*4 ZMQbg/IO/0*4 
2026-09-27T18:06:37+04:00	ck9k-whole-256k	4	2722813	363	2	15544320	12288	uv*1 main2*1 
2026-09-27T18:06:37+04:00	ck9k-whole-256k	4	2722841	2722813	57	495685632	307290112	ft*51 ZMQbg/Reaper*3 ZMQbg/IO/0*3 
2026-09-27T18:06:37+04:00	ck9k-whole-256k	4	2722937	2722841	1	6889472	16384	python3*1 
2026-09-27T18:06:37+04:00	ck9k-whole-256k	4	2722938	2722841	45	22735126528	1948983296	python3*36 pt_gloo_runloop*2 ZMQbg/Reaper*2 ZMQbg/IO/0*2 pt_tcpstore_uv*1 cuda0000240000a*1 
2026-09-27T18:06:38+04:00	ck9k-whole-256k	4	2722939	2722841	57	693698560	510128128	python3*49 ZMQbg/Reaper*4 ZMQbg/IO/0*4 
2026-09-27T18:06:48+04:00	ck9k-whole-256k	4	2722813	363	2	15544320	12288	uv*1 main2*1 
2026-09-27T18:06:48+04:00	ck9k-whole-256k	4	2722841	2722813	57	495685632	307290112	ft*51 ZMQbg/Reaper*3 ZMQbg/IO/0*3 
2026-09-27T18:06:48+04:00	ck9k-whole-256k	4	2722937	2722841	1	6889472	16384	python3*1 
2026-09-27T18:06:48+04:00	ck9k-whole-256k	4	2722938	2722841	45	22735142912	1948999680	python3*36 pt_gloo_runloop*2 ZMQbg/Reaper*2 ZMQbg/IO/0*2 pt_tcpstore_uv*1 cuda0000240000a*1 
2026-09-27T18:06:48+04:00	ck9k-whole-256k	4	2722939	2722841	57	693698560	510128128	python3*49 ZMQbg/Reaper*4 ZMQbg/IO/0*4 
2026-09-27T18:07:00+04:00	ck9k-whole-256k	4	2722813	363	2	15544320	12288	uv*1 main2*1 
2026-09-27T18:07:00+04:00	ck9k-whole-256k	4	2722841	2722813	57	495685632	307290112	ft*51 ZMQbg/Reaper*3 ZMQbg/IO/0*3 
2026-09-27T18:07:00+04:00	ck9k-whole-256k	4	2722937	2722841	1	6889472	16384	python3*1 
2026-09-27T18:07:00+04:00	ck9k-whole-256k	4	2722938	2722841	45	22735233024	1949089792	python3*36 pt_gloo_runloop*2 ZMQbg/Reaper*2 ZMQbg/IO/0*2 pt_tcpstore_uv*1 cuda0000240000a*1 
2026-09-27T18:07:00+04:00	ck9k-whole-256k	4	2722939	2722841	57	693698560	510128128	python3*49 ZMQbg/Reaper*4 ZMQbg/IO/0*4 
2026-09-27T18:07:10+04:00	ck9k-whole-256k	4	2722813	363	2	15544320	12288	uv*1 main2*1 
2026-09-27T18:07:10+04:00	ck9k-whole-256k	4	2722841	2722813	57	495685632	307290112	ft*51 ZMQbg/Reaper*3 ZMQbg/IO/0*3 
2026-09-27T18:07:10+04:00	ck9k-whole-256k	4	2722937	2722841	1	6889472	16384	python3*1 
2026-09-27T18:07:10+04:00	ck9k-whole-256k	4	2722938	2722841	45	22735388672	1949245440	python3*36 pt_gloo_runloop*2 ZMQbg/Reaper*2 ZMQbg/IO/0*2 pt_tcpstore_uv*1 cuda0000240000a*1 
2026-09-27T18:07:10+04:00	ck9k-whole-256k	4	2722939	2722841	57	693698560	510128128	python3*49 ZMQbg/Reaper*4 ZMQbg/IO/0*4 
2026-09-27T18:07:20+04:00	ck9k-whole-256k	4	2722813	363	2	15544320	12288	uv*1 main2*1 
2026-09-27T18:07:20+04:00	ck9k-whole-256k	4	2722841	2722813	57	495685632	307290112	ft*51 ZMQbg/Reaper*3 ZMQbg/IO/0*3 
2026-09-27T18:07:20+04:00	ck9k-whole-256k	4	2722937	2722841	1	6889472	16384	python3*1 
2026-09-27T18:07:20+04:00	ck9k-whole-256k	4	2722938	2722841	45	22735523840	1949380608	python3*36 pt_gloo_runloop*2 ZMQbg/Reaper*2 ZMQbg/IO/0*2 pt_tcpstore_uv*1 cuda0000240000a*1 
2026-09-27T18:07:21+04:00	ck9k-whole-256k	4	2722939	2722841	57	693698560	510128128	python3*49 ZMQbg/Reaper*4 ZMQbg/IO/0*4 
2026-09-27T18:07:33+04:00	ck9k-whole-256k	4	2722813	363	2	15544320	12288	uv*1 main2*1 
2026-09-27T18:07:33+04:00	ck9k-whole-256k	4	2722841	2722813	57	495685632	307290112	ft*51 ZMQbg/Reaper*3 ZMQbg/IO/0*3 
2026-09-27T18:07:33+04:00	ck9k-whole-256k	4	2722937	2722841	1	6889472	16384	python3*1 
2026-09-27T18:07:33+04:00	ck9k-whole-256k	4	2722938	2722841	45	22735659008	1949515776	python3*36 pt_gloo_runloop*2 ZMQbg/Reaper*2 ZMQbg/IO/0*2 pt_tcpstore_uv*1 cuda0000240000a*1 
2026-09-27T18:07:33+04:00	ck9k-whole-256k	4	2722939	2722841	57	693698560	510128128	python3*49 ZMQbg/Reaper*4 ZMQbg/IO/0*4 
2026-09-27T18:07:43+04:00	ck9k-whole-256k	4	2722813	363	2	15544320	12288	uv*1 main2*1 
2026-09-27T18:07:43+04:00	ck9k-whole-256k	4	2722841	2722813	57	495685632	307290112	ft*51 ZMQbg/Reaper*3 ZMQbg/IO/0*3 
2026-09-27T18:07:43+04:00	ck9k-whole-256k	4	2722937	2722841	1	6889472	16384	python3*1 
2026-09-27T18:07:43+04:00	ck9k-whole-256k	4	2722938	2722841	45	22735781888	1949638656	python3*36 pt_gloo_runloop*2 ZMQbg/Reaper*2 ZMQbg/IO/0*2 pt_tcpstore_uv*1 cuda0000240000a*1 
2026-09-27T18:07:43+04:00	ck9k-whole-256k	4	2722939	2722841	57	693698560	510128128	python3*49 ZMQbg/Reaper*4 ZMQbg/IO/0*4 
2026-09-27T18:07:53+04:00	ck9k-whole-256k	4	2722813	363	2	15544320	12288	uv*1 main2*1 
2026-09-27T18:07:53+04:00	ck9k-whole-256k	4	2722841	2722813	57	495685632	307290112	ft*51 ZMQbg/Reaper*3 ZMQbg/IO/0*3 
2026-09-27T18:07:53+04:00	ck9k-whole-256k	4	2722937	2722841	1	6889472	16384	python3*1 
2026-09-27T18:07:53+04:00	ck9k-whole-256k	4	2722938	2722841	45	22735917056	1949773824	python3*36 pt_gloo_runloop*2 ZMQbg/Reaper*2 ZMQbg/IO/0*2 pt_tcpstore_uv*1 cuda0000240000a*1 
2026-09-27T18:07:53+04:00	ck9k-whole-256k	4	2722939	2722841	57	693698560	510128128	python3*49 ZMQbg/Reaper*4 ZMQbg/IO/0*4 
2026-09-27T18:08:05+04:00	ck9k-whole-256k	4	2722813	363	2	15544320	12288	uv*1 main2*1 
2026-09-27T18:08:05+04:00	ck9k-whole-256k	4	2722841	2722813	57	496349184	307953664	ft*51 ZMQbg/Reaper*3 ZMQbg/IO/0*3 
2026-09-27T18:08:05+04:00	ck9k-whole-256k	4	2722937	2722841	1	6889472	16384	python3*1 
2026-09-27T18:08:05+04:00	ck9k-whole-256k	4	2722938	2722841	45	22737985536	1951842304	python3*36 pt_gloo_runloop*2 ZMQbg/Reaper*2 ZMQbg/IO/0*2 pt_tcpstore_uv*1 cuda0000240000a*1 
2026-09-27T18:08:05+04:00	ck9k-whole-256k	4	2722939	2722841	57	713392128	529821696	python3*49 ZMQbg/Reaper*4 ZMQbg/IO/0*4 
2026-09-27T18:08:16+04:00	ck9k-whole-256k	4	2722813	363	2	15544320	12288	uv*1 main2*1 
2026-09-27T18:08:16+04:00	ck9k-whole-256k	4	2722841	2722813	57	496349184	307953664	ft*51 ZMQbg/Reaper*3 ZMQbg/IO/0*3 
2026-09-27T18:08:16+04:00	ck9k-whole-256k	4	2722937	2722841	1	6889472	16384	python3*1 
2026-09-27T18:08:16+04:00	ck9k-whole-256k	4	2722938	2722841	45	22737985536	1951842304	python3*36 pt_gloo_runloop*2 ZMQbg/Reaper*2 ZMQbg/IO/0*2 pt_tcpstore_uv*1 cuda0000240000a*1 
2026-09-27T18:08:16+04:00	ck9k-whole-256k	4	2722939	2722841	57	713392128	529821696	python3*49 ZMQbg/Reaper*4 ZMQbg/IO/0*4 
2026-09-27T18:08:26+04:00	ck9k-whole-256k	4	2722813	363	2	15544320	12288	uv*1 main2*1 
2026-09-27T18:08:26+04:00	ck9k-whole-256k	4	2722841	2722813	57	496971776	308576256	ft*51 ZMQbg/Reaper*3 ZMQbg/IO/0*3 
2026-09-27T18:08:26+04:00	ck9k-whole-256k	4	2722937	2722841	1	6889472	16384	python3*1 
2026-09-27T18:08:26+04:00	ck9k-whole-256k	4	2722938	2722841	45	22738051072	1951842304	python3*36 pt_gloo_runloop*2 ZMQbg/Reaper*2 ZMQbg/IO/0*2 pt_tcpstore_uv*1 cuda0000240000a*1 
2026-09-27T18:08:26+04:00	ck9k-whole-256k	4	2722939	2722841	57	715898880	532328448	python3*49 ZMQbg/Reaper*4 ZMQbg/IO/0*4 
2026-09-27T18:08:38+04:00	ck9k-whole-256k	4	2722813	363	2	15544320	12288	uv*1 main2*1 
2026-09-27T18:08:38+04:00	ck9k-whole-256k	4	2722841	2722813	57	497451008	309055488	ft*51 ZMQbg/Reaper*3 ZMQbg/IO/0*3 
2026-09-27T18:08:38+04:00	ck9k-whole-256k	4	2722937	2722841	1	6889472	16384	python3*1 
2026-09-27T18:08:38+04:00	ck9k-whole-256k	4	2722938	2722841	45	22738096128	1951846400	python3*36 pt_gloo_runloop*2 ZMQbg/Reaper*2 ZMQbg/IO/0*2 pt_tcpstore_uv*1 cuda0000240000a*1 
2026-09-27T18:08:38+04:00	ck9k-whole-256k	4	2722939	2722841	57	716296192	532725760	python3*49 ZMQbg/Reaper*4 ZMQbg/IO/0*4 
2026-09-27T18:08:48+04:00	ck9k-whole-256k	4	2722813	363	2	15544320	12288	uv*1 main2*1 
2026-09-27T18:08:48+04:00	ck9k-whole-256k	4	2722841	2722813	57	497455104	309059584	ft*51 ZMQbg/Reaper*3 ZMQbg/IO/0*3 
2026-09-27T18:08:48+04:00	ck9k-whole-256k	4	2722937	2722841	1	6889472	16384	python3*1 
2026-09-27T18:08:48+04:00	ck9k-whole-256k	4	2722938	2722841	45	22738096128	1951846400	python3*36 pt_gloo_runloop*2 ZMQbg/Reaper*2 ZMQbg/IO/0*2 pt_tcpstore_uv*1 cuda0000240000a*1 
2026-09-27T18:08:49+04:00	ck9k-whole-256k	4	2722939	2722841	57	716296192	532725760	python3*49 ZMQbg/Reaper*4 ZMQbg/IO/0*4 
2026-09-27T18:08:59+04:00	ck9k-whole-256k	4	2722813	363	2	15544320	12288	uv*1 main2*1 
2026-09-27T18:08:59+04:00	ck9k-whole-256k	4	2722841	2722813	57	497455104	309059584	ft*51 ZMQbg/Reaper*3 ZMQbg/IO/0*3 
2026-09-27T18:08:59+04:00	ck9k-whole-256k	4	2722937	2722841	1	6889472	16384	python3*1 
2026-09-27T18:08:59+04:00	ck9k-whole-256k	4	2722938	2722841	45	22738096128	1951846400	python3*36 pt_gloo_runloop*2 ZMQbg/Reaper*2 ZMQbg/IO/0*2 pt_tcpstore_uv*1 cuda0000240000a*1 
2026-09-27T18:08:59+04:00	ck9k-whole-256k	4	2722939	2722841	57	716296192	532725760	python3*49 ZMQbg/Reaper*4 ZMQbg/IO/0*4 
2026-09-27T18:09:11+04:00	ck9k-whole-256k	4	2722813	363	2	15544320	12288	uv*1 main2*1 
2026-09-27T18:09:11+04:00	ck9k-whole-256k	4	2722841	2722813	57	497455104	309059584	ft*51 ZMQbg/Reaper*3 ZMQbg/IO/0*3 
2026-09-27T18:09:11+04:00	ck9k-whole-256k	4	2722937	2722841	1	6889472	16384	python3*1 
2026-09-27T18:09:11+04:00	ck9k-whole-256k	4	2722938	2722841	45	22738096128	1951846400	python3*36 pt_gloo_runloop*2 ZMQbg/Reaper*2 ZMQbg/IO/0*2 pt_tcpstore_uv*1 cuda0000240000a*1 
2026-09-27T18:09:11+04:00	ck9k-whole-256k	4	2722939	2722841	57	716296192	532725760	python3*49 ZMQbg/Reaper*4 ZMQbg/IO/0*4 
2026-09-27T18:09:21+04:00	ck9k-whole-256k	4	2722813	363	2	15544320	12288	uv*1 main2*1 
2026-09-27T18:09:21+04:00	ck9k-whole-256k	4	2722841	2722813	57	497455104	309059584	ft*51 ZMQbg/Reaper*3 ZMQbg/IO/0*3 
2026-09-27T18:09:21+04:00	ck9k-whole-256k	4	2722937	2722841	1	6889472	16384	python3*1 
2026-09-27T18:09:21+04:00	ck9k-whole-256k	4	2722938	2722841	45	22738096128	1951846400	python3*36 pt_gloo_runloop*2 ZMQbg/Reaper*2 ZMQbg/IO/0*2 pt_tcpstore_uv*1 cuda0000240000a*1 
2026-09-27T18:09:21+04:00	ck9k-whole-256k	4	2722939	2722841	57	716296192	532725760	python3*49 ZMQbg/Reaper*4 ZMQbg/IO/0*4 
2026-09-27T18:09:31+04:00	ck9k-whole-256k	4	2722813	363	2	15544320	12288	uv*1 main2*1 
2026-09-27T18:09:31+04:00	ck9k-whole-256k	4	2722841	2722813	57	497455104	309059584	ft*51 ZMQbg/Reaper*3 ZMQbg/IO/0*3 
2026-09-27T18:09:31+04:00	ck9k-whole-256k	4	2722937	2722841	1	6889472	16384	python3*1 
2026-09-27T18:09:31+04:00	ck9k-whole-256k	4	2722938	2722841	45	22738096128	1951846400	python3*36 pt_gloo_runloop*2 ZMQbg/Reaper*2 ZMQbg/IO/0*2 pt_tcpstore_uv*1 cuda0000240000a*1 
2026-09-27T18:09:31+04:00	ck9k-whole-256k	4	2722939	2722841	57	716296192	532725760	python3*49 ZMQbg/Reaper*4 ZMQbg/IO/0*4 
2026-09-27T18:09:43+04:00	ck9k-whole-256k	4	2722813	363	2	15544320	12288	uv*1 main2*1 
2026-09-27T18:09:43+04:00	ck9k-whole-256k	4	2722841	2722813	57	497455104	309059584	ft*51 ZMQbg/Reaper*3 ZMQbg/IO/0*3 
2026-09-27T18:09:43+04:00	ck9k-whole-256k	4	2722937	2722841	1	6889472	16384	python3*1 
2026-09-27T18:09:43+04:00	ck9k-whole-256k	4	2722938	2722841	45	22738096128	1951846400	python3*36 pt_gloo_runloop*2 ZMQbg/Reaper*2 ZMQbg/IO/0*2 pt_tcpstore_uv*1 cuda0000240000a*1 
2026-09-27T18:09:44+04:00	ck9k-whole-256k	4	2722939	2722841	57	716296192	532725760	python3*49 ZMQbg/Reaper*4 ZMQbg/IO/0*4 
2026-09-27T18:09:54+04:00	ck9k-whole-256k	4	2722813	363	2	15544320	12288	uv*1 main2*1 
2026-09-27T18:09:54+04:00	ck9k-whole-256k	4	2722841	2722813	57	497455104	309059584	ft*51 ZMQbg/Reaper*3 ZMQbg/IO/0*3 
2026-09-27T18:09:54+04:00	ck9k-whole-256k	4	2722937	2722841	1	6889472	16384	python3*1 
2026-09-27T18:09:54+04:00	ck9k-whole-256k	4	2722938	2722841	45	22738096128	1951846400	python3*36 pt_gloo_runloop*2 ZMQbg/Reaper*2 ZMQbg/IO/0*2 pt_tcpstore_uv*1 cuda0000240000a*1 
2026-09-27T18:09:54+04:00	ck9k-whole-256k	4	2722939	2722841	57	716296192	532725760	python3*49 ZMQbg/Reaper*4 ZMQbg/IO/0*4 
2026-09-27T18:10:04+04:00	ck9k-whole-256k	4	2722813	363	2	15544320	12288	uv*1 main2*1 
2026-09-27T18:10:04+04:00	ck9k-whole-256k	4	2722841	2722813	57	497455104	309059584	ft*51 ZMQbg/Reaper*3 ZMQbg/IO/0*3 
2026-09-27T18:10:04+04:00	ck9k-whole-256k	4	2722937	2722841	1	6889472	16384	python3*1 
2026-09-27T18:10:04+04:00	ck9k-whole-256k	4	2722938	2722841	45	22738096128	1951846400	python3*36 pt_gloo_runloop*2 ZMQbg/Reaper*2 ZMQbg/IO/0*2 pt_tcpstore_uv*1 cuda0000240000a*1 
2026-09-27T18:10:04+04:00	ck9k-whole-256k	4	2722939	2722841	57	716296192	532725760	python3*49 ZMQbg/Reaper*4 ZMQbg/IO/0*4 
2026-09-27T18:10:16+04:00	ck9k-whole-256k	4	2722813	363	2	15544320	12288	uv*1 main2*1 
2026-09-27T18:10:16+04:00	ck9k-whole-256k	4	2722841	2722813	57	497455104	309059584	ft*51 ZMQbg/Reaper*3 ZMQbg/IO/0*3 
2026-09-27T18:10:16+04:00	ck9k-whole-256k	4	2722937	2722841	1	6889472	16384	python3*1 
2026-09-27T18:10:16+04:00	ck9k-whole-256k	4	2722938	2722841	45	22738096128	1951846400	python3*36 pt_gloo_runloop*2 ZMQbg/Reaper*2 ZMQbg/IO/0*2 pt_tcpstore_uv*1 cuda0000240000a*1 
2026-09-27T18:10:16+04:00	ck9k-whole-256k	4	2722939	2722841	57	716296192	532725760	python3*49 ZMQbg/Reaper*4 ZMQbg/IO/0*4 
2026-09-27T18:10:27+04:00	ck9k-whole-256k	4	2722813	363	2	15544320	12288	uv*1 main2*1 
2026-09-27T18:10:27+04:00	ck9k-whole-256k	4	2722841	2722813	57	497455104	309059584	ft*51 ZMQbg/Reaper*3 ZMQbg/IO/0*3 
2026-09-27T18:10:27+04:00	ck9k-whole-256k	4	2722937	2722841	1	6889472	16384	python3*1 
2026-09-27T18:10:27+04:00	ck9k-whole-256k	4	2722938	2722841	45	22738096128	1951846400	python3*36 pt_gloo_runloop*2 ZMQbg/Reaper*2 ZMQbg/IO/0*2 pt_tcpstore_uv*1 cuda0000240000a*1 
2026-09-27T18:10:27+04:00	ck9k-whole-256k	4	2722939	2722841	57	716296192	532725760	python3*49 ZMQbg/Reaper*4 ZMQbg/IO/0*4 
2026-09-27T18:10:37+04:00	ck9k-whole-256k	4	2722813	363	2	15544320	12288	uv*1 main2*1 
2026-09-27T18:10:37+04:00	ck9k-whole-256k	4	2722841	2722813	57	497455104	309059584	ft*51 ZMQbg/Reaper*3 ZMQbg/IO/0*3 
2026-09-27T18:10:37+04:00	ck9k-whole-256k	4	2722937	2722841	1	6889472	16384	python3*1 
2026-09-27T18:10:37+04:00	ck9k-whole-256k	4	2722938	2722841	45	22738096128	1951846400	python3*36 pt_gloo_runloop*2 ZMQbg/Reaper*2 ZMQbg/IO/0*2 pt_tcpstore_uv*1 cuda0000240000a*1 
2026-09-27T18:10:37+04:00	ck9k-whole-256k	4	2722939	2722841	57	716296192	532725760	python3*49 ZMQbg/Reaper*4 ZMQbg/IO/0*4 
2026-09-27T18:10:47+04:00	ck9k-whole-256k	4	2722813	363	2	15544320	12288	uv*1 main2*1 
2026-09-27T18:10:47+04:00	ck9k-whole-256k	4	2722841	2722813	57	497455104	309059584	ft*51 ZMQbg/Reaper*3 ZMQbg/IO/0*3 
2026-09-27T18:10:47+04:00	ck9k-whole-256k	4	2722937	2722841	1	6889472	16384	python3*1 
2026-09-27T18:10:47+04:00	ck9k-whole-256k	4	2722938	2722841	45	22738096128	1951846400	python3*36 pt_gloo_runloop*2 ZMQbg/Reaper*2 ZMQbg/IO/0*2 pt_tcpstore_uv*1 cuda0000240000a*1 
2026-09-27T18:10:47+04:00	ck9k-whole-256k	4	2722939	2722841	57	716296192	532725760	python3*49 ZMQbg/Reaper*4 ZMQbg/IO/0*4 
2026-09-27T18:10:59+04:00	ck9k-whole-256k	4	2722813	363	2	15544320	12288	uv*1 main2*1 
2026-09-27T18:10:59+04:00	ck9k-whole-256k	4	2722841	2722813	57	497455104	309059584	ft*51 ZMQbg/Reaper*3 ZMQbg/IO/0*3 
2026-09-27T18:10:59+04:00	ck9k-whole-256k	4	2722937	2722841	1	6889472	16384	python3*1 
2026-09-27T18:10:59+04:00	ck9k-whole-256k	4	2722938	2722841	45	22738096128	1951846400	python3*36 pt_gloo_runloop*2 ZMQbg/Reaper*2 ZMQbg/IO/0*2 pt_tcpstore_uv*1 cuda0000240000a*1 
2026-09-27T18:10:59+04:00	ck9k-whole-256k	4	2722939	2722841	57	716296192	532725760	python3*49 ZMQbg/Reaper*4 ZMQbg/IO/0*4 
2026-09-27T18:11:09+04:00	ck9k-whole-256k	4	2722813	363	2	15544320	12288	uv*1 main2*1 
2026-09-27T18:11:09+04:00	ck9k-whole-256k	4	2722841	2722813	57	497455104	309059584	ft*51 ZMQbg/Reaper*3 ZMQbg/IO/0*3 
2026-09-27T18:11:09+04:00	ck9k-whole-256k	4	2722937	2722841	1	6889472	16384	python3*1 
2026-09-27T18:11:09+04:00	ck9k-whole-256k	4	2722938	2722841	45	22738096128	1951846400	python3*36 pt_gloo_runloop*2 ZMQbg/Reaper*2 ZMQbg/IO/0*2 pt_tcpstore_uv*1 cuda0000240000a*1 
2026-09-27T18:11:10+04:00	ck9k-whole-256k	4	2722939	2722841	57	716296192	532725760	python3*49 ZMQbg/Reaper*4 ZMQbg/IO/0*4 
2026-09-27T18:11:20+04:00	ck9k-whole-256k	4	2722813	363	2	15544320	12288	uv*1 main2*1 
2026-09-27T18:11:20+04:00	ck9k-whole-256k	4	2722841	2722813	57	497455104	309059584	ft*51 ZMQbg/Reaper*3 ZMQbg/IO/0*3 
2026-09-27T18:11:20+04:00	ck9k-whole-256k	4	2722937	2722841	1	6889472	16384	python3*1 
2026-09-27T18:11:20+04:00	ck9k-whole-256k	4	2722938	2722841	45	22738096128	1951846400	python3*36 pt_gloo_runloop*2 ZMQbg/Reaper*2 ZMQbg/IO/0*2 pt_tcpstore_uv*1 cuda0000240000a*1 
2026-09-27T18:11:20+04:00	ck9k-whole-256k	4	2722939	2722841	57	716296192	532725760	python3*49 ZMQbg/Reaper*4 ZMQbg/IO/0*4 
2026-09-27T18:11:32+04:00	ck9k-whole-256k	4	2722813	363	2	15544320	12288	uv*1 main2*1 
2026-09-27T18:11:32+04:00	ck9k-whole-256k	4	2722841	2722813	57	497455104	309059584	ft*51 ZMQbg/Reaper*3 ZMQbg/IO/0*3 
2026-09-27T18:11:32+04:00	ck9k-whole-256k	4	2722937	2722841	1	6889472	16384	python3*1 
2026-09-27T18:11:32+04:00	ck9k-whole-256k	4	2722938	2722841	45	22738137088	1951887360	python3*36 pt_gloo_runloop*2 ZMQbg/Reaper*2 ZMQbg/IO/0*2 pt_tcpstore_uv*1 cuda0000240000a*1 
2026-09-27T18:11:32+04:00	ck9k-whole-256k	4	2722939	2722841	57	716296192	532725760	python3*49 ZMQbg/Reaper*4 ZMQbg/IO/0*4 
2026-09-27T18:11:42+04:00	ck9k-whole-256k	4	2722813	363	2	15544320	12288	uv*1 main2*1 
2026-09-27T18:11:42+04:00	ck9k-whole-256k	4	2722841	2722813	57	497455104	309059584	ft*51 ZMQbg/Reaper*3 ZMQbg/IO/0*3 
2026-09-27T18:11:42+04:00	ck9k-whole-256k	4	2722937	2722841	1	6889472	16384	python3*1 
2026-09-27T18:11:42+04:00	ck9k-whole-256k	4	2722938	2722841	45	22738272256	1952022528	python3*36 pt_gloo_runloop*2 ZMQbg/Reaper*2 ZMQbg/IO/0*2 pt_tcpstore_uv*1 cuda0000240000a*1 
2026-09-27T18:11:42+04:00	ck9k-whole-256k	4	2722939	2722841	57	716296192	532725760	python3*49 ZMQbg/Reaper*4 ZMQbg/IO/0*4 
2026-09-27T18:11:52+04:00	ck9k-whole-256k	4	2722813	363	2	15544320	12288	uv*1 main2*1 
2026-09-27T18:11:52+04:00	ck9k-whole-256k	4	2722841	2722813	57	497455104	309059584	ft*51 ZMQbg/Reaper*3 ZMQbg/IO/0*3 
2026-09-27T18:11:52+04:00	ck9k-whole-256k	4	2722937	2722841	1	6889472	16384	python3*1 
2026-09-27T18:11:52+04:00	ck9k-whole-256k	4	2722938	2722841	45	22738386944	1952137216	python3*36 pt_gloo_runloop*2 ZMQbg/Reaper*2 ZMQbg/IO/0*2 pt_tcpstore_uv*1 cuda0000240000a*1 
2026-09-27T18:11:53+04:00	ck9k-whole-256k	4	2722939	2722841	57	716296192	532725760	python3*49 ZMQbg/Reaper*4 ZMQbg/IO/0*4 
2026-09-27T18:12:05+04:00	ck9k-whole-256k	4	2722813	363	2	15544320	12288	uv*1 main2*1 
2026-09-27T18:12:05+04:00	ck9k-whole-256k	4	2722841	2722813	57	497455104	309059584	ft*51 ZMQbg/Reaper*3 ZMQbg/IO/0*3 
2026-09-27T18:12:05+04:00	ck9k-whole-256k	4	2722937	2722841	1	6889472	16384	python3*1 
2026-09-27T18:12:05+04:00	ck9k-whole-256k	4	2722938	2722841	45	22738522112	1952272384	python3*36 pt_gloo_runloop*2 ZMQbg/Reaper*2 ZMQbg/IO/0*2 pt_tcpstore_uv*1 cuda0000240000a*1 
2026-09-27T18:12:05+04:00	ck9k-whole-256k	4	2722939	2722841	57	716296192	532725760	python3*49 ZMQbg/Reaper*4 ZMQbg/IO/0*4 
2026-09-27T18:12:15+04:00	ck9k-whole-256k	4	2722813	363	2	15544320	12288	uv*1 main2*1 
2026-09-27T18:12:15+04:00	ck9k-whole-256k	4	2722841	2722813	57	497455104	309059584	ft*51 ZMQbg/Reaper*3 ZMQbg/IO/0*3 
2026-09-27T18:12:15+04:00	ck9k-whole-256k	4	2722937	2722841	1	6889472	16384	python3*1 
2026-09-27T18:12:15+04:00	ck9k-whole-256k	4	2722938	2722841	45	22738657280	1952407552	python3*36 pt_gloo_runloop*2 ZMQbg/Reaper*2 ZMQbg/IO/0*2 pt_tcpstore_uv*1 cuda0000240000a*1 
2026-09-27T18:12:15+04:00	ck9k-whole-256k	4	2722939	2722841	57	716296192	532725760	python3*49 ZMQbg/Reaper*4 ZMQbg/IO/0*4 
2026-09-27T18:12:25+04:00	ck9k-whole-256k	4	2722813	363	2	15544320	12288	uv*1 main2*1 
2026-09-27T18:12:25+04:00	ck9k-whole-256k	4	2722841	2722813	57	497455104	309059584	ft*51 ZMQbg/Reaper*3 ZMQbg/IO/0*3 
2026-09-27T18:12:25+04:00	ck9k-whole-256k	4	2722937	2722841	1	6889472	16384	python3*1 
2026-09-27T18:12:25+04:00	ck9k-whole-256k	4	2722938	2722841	45	22739197952	1952948224	python3*36 pt_gloo_runloop*2 ZMQbg/Reaper*2 ZMQbg/IO/0*2 pt_tcpstore_uv*1 cuda0000240000a*1 
2026-09-27T18:12:25+04:00	ck9k-whole-256k	4	2722939	2722841	57	716296192	532725760	python3*49 ZMQbg/Reaper*4 ZMQbg/IO/0*4 
2026-09-27T18:12:37+04:00	ck9k-whole-256k	4	2722813	363	2	15544320	12288	uv*1 main2*1 
2026-09-27T18:12:37+04:00	ck9k-whole-256k	4	2722841	2722813	57	497455104	309059584	ft*51 ZMQbg/Reaper*3 ZMQbg/IO/0*3 
2026-09-27T18:12:37+04:00	ck9k-whole-256k	4	2722937	2722841	1	6889472	16384	python3*1 
2026-09-27T18:12:37+04:00	ck9k-whole-256k	4	2722938	2722841	45	22739197952	1952948224	python3*36 pt_gloo_runloop*2 ZMQbg/Reaper*2 ZMQbg/IO/0*2 pt_tcpstore_uv*1 cuda0000240000a*1 
2026-09-27T18:12:37+04:00	ck9k-whole-256k	4	2722939	2722841	57	716296192	532725760	python3*49 ZMQbg/Reaper*4 ZMQbg/IO/0*4 
2026-09-27T18:12:47+04:00	ck9k-whole-256k	4	2722813	363	2	15544320	12288	uv*1 main2*1 
2026-09-27T18:12:47+04:00	ck9k-whole-256k	4	2722841	2722813	57	497455104	309059584	ft*51 ZMQbg/Reaper*3 ZMQbg/IO/0*3 
2026-09-27T18:12:48+04:00	ck9k-whole-256k	4	2722937	2722841	1	6889472	16384	python3*1 
2026-09-27T18:12:48+04:00	ck9k-whole-256k	4	2722938	2722841	45	22739197952	1952948224	python3*36 pt_gloo_runloop*2 ZMQbg/Reaper*2 ZMQbg/IO/0*2 pt_tcpstore_uv*1 cuda0000240000a*1 
2026-09-27T18:12:48+04:00	ck9k-whole-256k	4	2722939	2722841	57	716296192	532725760	python3*49 ZMQbg/Reaper*4 ZMQbg/IO/0*4 
2026-09-27T18:12:58+04:00	ck9k-whole-256k	4	2722813	363	2	15544320	12288	uv*1 main2*1 
2026-09-27T18:12:58+04:00	ck9k-whole-256k	4	2722841	2722813	57	497455104	309059584	ft*51 ZMQbg/Reaper*3 ZMQbg/IO/0*3 
2026-09-27T18:12:58+04:00	ck9k-whole-256k	4	2722937	2722841	1	6889472	16384	python3*1 
2026-09-27T18:12:58+04:00	ck9k-whole-256k	4	2722938	2722841	45	22739202048	1952952320	python3*36 pt_gloo_runloop*2 ZMQbg/Reaper*2 ZMQbg/IO/0*2 pt_tcpstore_uv*1 cuda0000240000a*1 
2026-09-27T18:12:58+04:00	ck9k-whole-256k	4	2722939	2722841	57	716296192	532725760	python3*49 ZMQbg/Reaper*4 ZMQbg/IO/0*4 
2026-09-27T18:13:10+04:00	ck9k-whole-256k	4	2722813	363	2	15544320	12288	uv*1 main2*1 
2026-09-27T18:13:10+04:00	ck9k-whole-256k	4	2722841	2722813	57	497455104	309059584	ft*51 ZMQbg/Reaper*3 ZMQbg/IO/0*3 
2026-09-27T18:13:10+04:00	ck9k-whole-256k	4	2722937	2722841	1	6889472	16384	python3*1 
2026-09-27T18:13:10+04:00	ck9k-whole-256k	4	2722938	2722841	45	22739316736	1953067008	python3*36 pt_gloo_runloop*2 ZMQbg/Reaper*2 ZMQbg/IO/0*2 pt_tcpstore_uv*1 cuda0000240000a*1 
2026-09-27T18:13:10+04:00	ck9k-whole-256k	4	2722939	2722841	57	716296192	532725760	python3*49 ZMQbg/Reaper*4 ZMQbg/IO/0*4 
2026-09-27T18:13:20+04:00	ck9k-whole-256k	4	2722813	363	2	15544320	12288	uv*1 main2*1 
2026-09-27T18:13:20+04:00	ck9k-whole-256k	4	2722841	2722813	57	497455104	309059584	ft*51 ZMQbg/Reaper*3 ZMQbg/IO/0*3 
2026-09-27T18:13:20+04:00	ck9k-whole-256k	4	2722937	2722841	1	6889472	16384	python3*1 
2026-09-27T18:13:20+04:00	ck9k-whole-256k	4	2722938	2722841	45	22739435520	1953185792	python3*36 pt_gloo_runloop*2 ZMQbg/Reaper*2 ZMQbg/IO/0*2 pt_tcpstore_uv*1 cuda0000240000a*1 
2026-09-27T18:13:20+04:00	ck9k-whole-256k	4	2722939	2722841	57	716296192	532725760	python3*49 ZMQbg/Reaper*4 ZMQbg/IO/0*4 
2026-09-27T18:13:31+04:00	ck9k-whole-256k	4	2722813	363	2	15544320	12288	uv*1 main2*1 
2026-09-27T18:13:31+04:00	ck9k-whole-256k	4	2722841	2722813	57	497455104	309059584	ft*51 ZMQbg/Reaper*3 ZMQbg/IO/0*3 
2026-09-27T18:13:31+04:00	ck9k-whole-256k	4	2722937	2722841	1	6889472	16384	python3*1 
2026-09-27T18:13:31+04:00	ck9k-whole-256k	4	2722938	2722841	45	22739550208	1953300480	python3*36 pt_gloo_runloop*2 ZMQbg/Reaper*2 ZMQbg/IO/0*2 pt_tcpstore_uv*1 cuda0000240000a*1 
2026-09-27T18:13:31+04:00	ck9k-whole-256k	4	2722939	2722841	57	716296192	532725760	python3*49 ZMQbg/Reaper*4 ZMQbg/IO/0*4 
2026-09-27T18:13:43+04:00	ck9k-whole-256k	4	2722813	363	2	15544320	12288	uv*1 main2*1 
2026-09-27T18:13:43+04:00	ck9k-whole-256k	4	2722841	2722813	57	497455104	309059584	ft*51 ZMQbg/Reaper*3 ZMQbg/IO/0*3 
2026-09-27T18:13:43+04:00	ck9k-whole-256k	4	2722937	2722841	1	6889472	16384	python3*1 
2026-09-27T18:13:43+04:00	ck9k-whole-256k	4	2722938	2722841	45	22739685376	1953435648	python3*36 pt_gloo_runloop*2 ZMQbg/Reaper*2 ZMQbg/IO/0*2 pt_tcpstore_uv*1 cuda0000240000a*1 
2026-09-27T18:13:43+04:00	ck9k-whole-256k	4	2722939	2722841	57	716296192	532725760	python3*49 ZMQbg/Reaper*4 ZMQbg/IO/0*4 
2026-09-27T18:13:53+04:00	ck9k-whole-256k	4	2722813	363	2	15544320	12288	uv*1 main2*1 
2026-09-27T18:13:53+04:00	ck9k-whole-256k	4	2722841	2722813	57	497455104	309059584	ft*51 ZMQbg/Reaper*3 ZMQbg/IO/0*3 
2026-09-27T18:13:53+04:00	ck9k-whole-256k	4	2722937	2722841	1	6889472	16384	python3*1 
2026-09-27T18:13:53+04:00	ck9k-whole-256k	4	2722938	2722841	45	22739804160	1953554432	python3*36 pt_gloo_runloop*2 ZMQbg/Reaper*2 ZMQbg/IO/0*2 pt_tcpstore_uv*1 cuda0000240000a*1 
2026-09-27T18:13:53+04:00	ck9k-whole-256k	4	2722939	2722841	57	716296192	532725760	python3*49 ZMQbg/Reaper*4 ZMQbg/IO/0*4 
2026-09-27T18:14:03+04:00	ck9k-whole-256k	4	2722813	363	2	15544320	12288	uv*1 main2*1 
2026-09-27T18:14:03+04:00	ck9k-whole-256k	4	2722841	2722813	57	497455104	309059584	ft*51 ZMQbg/Reaper*3 ZMQbg/IO/0*3 
2026-09-27T18:14:03+04:00	ck9k-whole-256k	4	2722937	2722841	1	6889472	16384	python3*1 
2026-09-27T18:14:03+04:00	ck9k-whole-256k	4	2722938	2722841	45	22739914752	1953665024	python3*36 pt_gloo_runloop*2 ZMQbg/Reaper*2 ZMQbg/IO/0*2 pt_tcpstore_uv*1 cuda0000240000a*1 
2026-09-27T18:14:03+04:00	ck9k-whole-256k	4	2722939	2722841	57	716296192	532725760	python3*49 ZMQbg/Reaper*4 ZMQbg/IO/0*4 
2026-09-27T18:14:15+04:00	ck9k-whole-256k	4	2722813	363	2	15544320	12288	uv*1 main2*1 
2026-09-27T18:14:15+04:00	ck9k-whole-256k	4	2722841	2722813	57	497455104	309059584	ft*51 ZMQbg/Reaper*3 ZMQbg/IO/0*3 
2026-09-27T18:14:15+04:00	ck9k-whole-256k	4	2722937	2722841	1	6889472	16384	python3*1 
2026-09-27T18:14:15+04:00	ck9k-whole-256k	4	2722938	2722841	45	22740049920	1953800192	python3*36 pt_gloo_runloop*2 ZMQbg/Reaper*2 ZMQbg/IO/0*2 pt_tcpstore_uv*1 cuda0000240000a*1 
2026-09-27T18:14:15+04:00	ck9k-whole-256k	4	2722939	2722841	57	716296192	532725760	python3*49 ZMQbg/Reaper*4 ZMQbg/IO/0*4 
2026-09-27T18:14:26+04:00	ck9k-whole-256k	4	2722813	363	2	15544320	12288	uv*1 main2*1 
2026-09-27T18:14:26+04:00	ck9k-whole-256k	4	2722841	2722813	57	497455104	309059584	ft*51 ZMQbg/Reaper*3 ZMQbg/IO/0*3 
2026-09-27T18:14:26+04:00	ck9k-whole-256k	4	2722937	2722841	1	6889472	16384	python3*1 
2026-09-27T18:14:26+04:00	ck9k-whole-256k	4	2722938	2722841	45	22740168704	1953918976	python3*36 pt_gloo_runloop*2 ZMQbg/Reaper*2 ZMQbg/IO/0*2 pt_tcpstore_uv*1 cuda0000240000a*1 
2026-09-27T18:14:26+04:00	ck9k-whole-256k	4	2722939	2722841	57	716296192	532725760	python3*49 ZMQbg/Reaper*4 ZMQbg/IO/0*4 
2026-09-27T18:14:36+04:00	ck9k-whole-256k	4	2722813	363	2	15544320	12288	uv*1 main2*1 
2026-09-27T18:14:36+04:00	ck9k-whole-256k	4	2722841	2722813	57	497455104	309059584	ft*51 ZMQbg/Reaper*3 ZMQbg/IO/0*3 
2026-09-27T18:14:36+04:00	ck9k-whole-256k	4	2722937	2722841	1	6889472	16384	python3*1 
2026-09-27T18:14:36+04:00	ck9k-whole-256k	4	2722938	2722841	45	22740291584	1954041856	python3*36 pt_gloo_runloop*2 ZMQbg/Reaper*2 ZMQbg/IO/0*2 pt_tcpstore_uv*1 cuda0000240000a*1 
2026-09-27T18:14:36+04:00	ck9k-whole-256k	4	2722939	2722841	57	716296192	532725760	python3*49 ZMQbg/Reaper*4 ZMQbg/IO/0*4 
2026-09-27T18:14:46+04:00	ck9k-whole-256k	4	2722813	363	2	15544320	12288	uv*1 main2*1 
2026-09-27T18:14:46+04:00	ck9k-whole-256k	4	2722841	2722813	57	497455104	309059584	ft*51 ZMQbg/Reaper*3 ZMQbg/IO/0*3 
2026-09-27T18:14:46+04:00	ck9k-whole-256k	4	2722937	2722841	1	6889472	16384	python3*1 
2026-09-27T18:14:46+04:00	ck9k-whole-256k	4	2722938	2722841	45	22740430848	1954181120	python3*36 pt_gloo_runloop*2 ZMQbg/Reaper*2 ZMQbg/IO/0*2 pt_tcpstore_uv*1 cuda0000240000a*1 
2026-09-27T18:14:46+04:00	ck9k-whole-256k	4	2722939	2722841	57	716296192	532725760	python3*49 ZMQbg/Reaper*4 ZMQbg/IO/0*4 
2026-09-27T18:14:58+04:00	ck9k-whole-256k	4	2722813	363	2	15544320	12288	uv*1 main2*1 
2026-09-27T18:14:58+04:00	ck9k-whole-256k	4	2722841	2722813	57	497455104	309059584	ft*51 ZMQbg/Reaper*3 ZMQbg/IO/0*3 
2026-09-27T18:14:58+04:00	ck9k-whole-256k	4	2722937	2722841	1	6889472	16384	python3*1 
2026-09-27T18:14:58+04:00	ck9k-whole-256k	4	2722938	2722841	45	22740570112	1954320384	python3*36 pt_gloo_runloop*2 ZMQbg/Reaper*2 ZMQbg/IO/0*2 pt_tcpstore_uv*1 cuda0000240000a*1 
2026-09-27T18:14:58+04:00	ck9k-whole-256k	4	2722939	2722841	57	716296192	532725760	python3*49 ZMQbg/Reaper*4 ZMQbg/IO/0*4 
2026-09-27T18:15:09+04:00	ck9k-whole-256k	4	2722813	363	2	15544320	12288	uv*1 main2*1 
2026-09-27T18:15:09+04:00	ck9k-whole-256k	4	2722841	2722813	57	490508288	309051392	ft*51 ZMQbg/Reaper*3 ZMQbg/IO/0*3 
2026-09-27T18:15:09+04:00	ck9k-whole-256k	4	2722937	2722841	1	6885376	16384	python3*1 
2026-09-27T18:15:09+04:00	ck9k-whole-256k	4	2722938	2722841	45	22685970432	1907085312	python3*36 pt_gloo_runloop*2 ZMQbg/Reaper*2 ZMQbg/IO/0*2 pt_tcpstore_uv*1 cuda0000240000a*1 
2026-09-27T18:15:09+04:00	ck9k-whole-256k	4	2722939	2722841	57	649515008	472743936	python3*49 ZMQbg/Reaper*4 ZMQbg/IO/0*4 
2026-09-27T18:15:19+04:00	ck9k-whole-256k	4	2722813	363	2	15544320	12288	uv*1 main2*1 
2026-09-27T18:15:19+04:00	ck9k-whole-256k	4	2722841	2722813	57	489902080	309051392	ft*51 ZMQbg/Reaper*3 ZMQbg/IO/0*3 
2026-09-27T18:15:19+04:00	ck9k-whole-256k	4	2722937	2722841	1	6885376	16384	python3*1 
2026-09-27T18:15:19+04:00	ck9k-whole-256k	4	2722938	2722841	45	22676017152	1897934848	python3*36 pt_gloo_runloop*2 ZMQbg/Reaper*2 ZMQbg/IO/0*2 pt_tcpstore_uv*1 cuda0000240000a*1 
2026-09-27T18:15:19+04:00	ck9k-whole-256k	4	2722939	2722841	57	635518976	459292672	python3*49 ZMQbg/Reaper*4 ZMQbg/IO/0*4 
2026-09-27T18:15:31+04:00	ck9k-whole-256k	4	2722813	363	2	15536128	12288	uv*1 main2*1 
2026-09-27T18:15:31+04:00	ck9k-whole-256k	4	2722841	2722813	57	489533440	309051392	ft*51 ZMQbg/Reaper*3 ZMQbg/IO/0*3 
2026-09-27T18:15:31+04:00	ck9k-whole-256k	4	2722937	2722841	1	6885376	16384	python3*1 
2026-09-27T18:15:31+04:00	ck9k-whole-256k	4	2722938	2722841	45	22668865536	1891201024	python3*36 pt_gloo_runloop*2 ZMQbg/Reaper*2 ZMQbg/IO/0*2 pt_tcpstore_uv*1 cuda0000240000a*1 
2026-09-27T18:15:31+04:00	ck9k-whole-256k	4	2722939	2722841	57	607449088	431554560	python3*49 ZMQbg/Reaper*4 ZMQbg/IO/0*4 
2026-09-27T18:15:41+04:00	ck9k-whole-256k	4	2722813	363	2	15536128	12288	uv*1 main2*1 
2026-09-27T18:15:41+04:00	ck9k-whole-256k	4	2722841	2722813	57	489533440	309051392	ft*51 ZMQbg/Reaper*3 ZMQbg/IO/0*3 
2026-09-27T18:15:41+04:00	ck9k-whole-256k	4	2722937	2722841	1	6885376	16384	python3*1 
2026-09-27T18:15:41+04:00	ck9k-whole-256k	4	2722938	2722841	45	22668976128	1891323904	python3*36 pt_gloo_runloop*2 ZMQbg/Reaper*2 ZMQbg/IO/0*2 pt_tcpstore_uv*1 cuda0000240000a*1 
2026-09-27T18:15:41+04:00	ck9k-whole-256k	4	2722939	2722841	57	607449088	431554560	python3*49 ZMQbg/Reaper*4 ZMQbg/IO/0*4 
2026-09-27T18:15:52+04:00	ck9k-whole-256k	4	2722813	363	2	15536128	12288	uv*1 main2*1 
2026-09-27T18:15:52+04:00	ck9k-whole-256k	4	2722841	2722813	57	489533440	309051392	ft*51 ZMQbg/Reaper*3 ZMQbg/IO/0*3 
2026-09-27T18:15:52+04:00	ck9k-whole-256k	4	2722937	2722841	1	6885376	16384	python3*1 
2026-09-27T18:15:52+04:00	ck9k-whole-256k	4	2722938	2722841	45	22669086720	1891422208	python3*36 pt_gloo_runloop*2 ZMQbg/Reaper*2 ZMQbg/IO/0*2 pt_tcpstore_uv*1 cuda0000240000a*1 
2026-09-27T18:15:52+04:00	ck9k-whole-256k	4	2722939	2722841	57	607449088	431554560	python3*49 ZMQbg/Reaper*4 ZMQbg/IO/0*4 
2026-09-27T18:16:04+04:00	ck9k-whole-256k	4	2722813	363	2	15536128	12288	uv*1 main2*1 
2026-09-27T18:16:04+04:00	ck9k-whole-256k	4	2722841	2722813	57	489533440	309051392	ft*51 ZMQbg/Reaper*3 ZMQbg/IO/0*3 
2026-09-27T18:16:04+04:00	ck9k-whole-256k	4	2722937	2722841	1	6885376	16384	python3*1 
2026-09-27T18:16:04+04:00	ck9k-whole-256k	4	2722938	2722841	45	22669213696	1891549184	python3*36 pt_gloo_runloop*2 ZMQbg/Reaper*2 ZMQbg/IO/0*2 pt_tcpstore_uv*1 cuda0000240000a*1 
2026-09-27T18:16:04+04:00	ck9k-whole-256k	4	2722939	2722841	57	607449088	431554560	python3*49 ZMQbg/Reaper*4 ZMQbg/IO/0*4 
2026-09-27T18:16:14+04:00	ck9k-whole-256k	4	2722813	363	2	15536128	12288	uv*1 main2*1 
2026-09-27T18:16:14+04:00	ck9k-whole-256k	4	2722841	2722813	57	490610688	310128640	ft*51 ZMQbg/Reaper*3 ZMQbg/IO/0*3 
2026-09-27T18:16:14+04:00	ck9k-whole-256k	4	2722937	2722841	1	6885376	16384	python3*1 
2026-09-27T18:16:14+04:00	ck9k-whole-256k	4	2722938	2722841	45	22671212544	1893548032	python3*36 pt_gloo_runloop*2 ZMQbg/Reaper*2 ZMQbg/IO/0*2 pt_tcpstore_uv*1 cuda0000240000a*1 
2026-09-27T18:16:14+04:00	ck9k-whole-256k	4	2722939	2722841	57	607571968	431677440	python3*49 ZMQbg/Reaper*4 ZMQbg/IO/0*4 
2026-09-27T18:16:24+04:00	ck9k-whole-256k	4	2722813	363	2	15536128	12288	uv*1 main2*1 
2026-09-27T18:16:24+04:00	ck9k-whole-256k	4	2722841	2722813	57	490610688	310128640	ft*51 ZMQbg/Reaper*3 ZMQbg/IO/0*3 
2026-09-27T18:16:24+04:00	ck9k-whole-256k	4	2722937	2722841	1	6885376	16384	python3*1 
2026-09-27T18:16:24+04:00	ck9k-whole-256k	4	2722938	2722841	45	22671212544	1893548032	python3*36 pt_gloo_runloop*2 ZMQbg/Reaper*2 ZMQbg/IO/0*2 pt_tcpstore_uv*1 cuda0000240000a*1 
2026-09-27T18:16:24+04:00	ck9k-whole-256k	4	2722939	2722841	57	607629312	431734784	python3*49 ZMQbg/Reaper*4 ZMQbg/IO/0*4 
2026-09-27T18:16:36+04:00	ck9k-whole-256k	4	2722813	363	2	15536128	12288	uv*1 main2*1 
2026-09-27T18:16:36+04:00	ck9k-whole-256k	4	2722841	2722813	57	490610688	310128640	ft*51 ZMQbg/Reaper*3 ZMQbg/IO/0*3 
2026-09-27T18:16:36+04:00	ck9k-whole-256k	4	2722937	2722841	1	6885376	16384	python3*1 
2026-09-27T18:16:36+04:00	ck9k-whole-256k	4	2722938	2722841	45	22671212544	1893548032	python3*36 pt_gloo_runloop*2 ZMQbg/Reaper*2 ZMQbg/IO/0*2 pt_tcpstore_uv*1 cuda0000240000a*1 
2026-09-27T18:16:37+04:00	ck9k-whole-256k	4	2722939	2722841	57	607866880	431972352	python3*49 ZMQbg/Reaper*4 ZMQbg/IO/0*4 
2026-09-27T18:16:47+04:00	ck9k-whole-256k	4	2722813	363	2	15536128	12288	uv*1 main2*1 
2026-09-27T18:16:47+04:00	ck9k-whole-256k	4	2722841	2722813	57	490610688	310128640	ft*51 ZMQbg/Reaper*3 ZMQbg/IO/0*3 
2026-09-27T18:16:47+04:00	ck9k-whole-256k	4	2722937	2722841	1	6885376	16384	python3*1 
2026-09-27T18:16:47+04:00	ck9k-whole-256k	4	2722938	2722841	45	22671212544	1893548032	python3*36 pt_gloo_runloop*2 ZMQbg/Reaper*2 ZMQbg/IO/0*2 pt_tcpstore_uv*1 cuda0000240000a*1 
2026-09-27T18:16:47+04:00	ck9k-whole-256k	4	2722939	2722841	57	607866880	431972352	python3*49 ZMQbg/Reaper*4 ZMQbg/IO/0*4 
2026-09-27T18:16:57+04:00	ck9k-whole-256k	4	2722813	363	2	15536128	12288	uv*1 main2*1 
2026-09-27T18:16:57+04:00	ck9k-whole-256k	4	2722841	2722813	57	490610688	310128640	ft*51 ZMQbg/Reaper*3 ZMQbg/IO/0*3 
2026-09-27T18:16:57+04:00	ck9k-whole-256k	4	2722937	2722841	1	6885376	16384	python3*1 
2026-09-27T18:16:57+04:00	ck9k-whole-256k	4	2722938	2722841	45	22671216640	1893552128	python3*36 pt_gloo_runloop*2 ZMQbg/Reaper*2 ZMQbg/IO/0*2 pt_tcpstore_uv*1 cuda0000240000a*1 
2026-09-27T18:16:57+04:00	ck9k-whole-256k	4	2722939	2722841	57	607866880	431972352	python3*49 ZMQbg/Reaper*4 ZMQbg/IO/0*4 
2026-09-27T18:17:09+04:00	ck9k-whole-256k	4	2722813	363	2	15536128	12288	uv*1 main2*1 
2026-09-27T18:17:09+04:00	ck9k-whole-256k	4	2722841	2722813	57	490610688	310128640	ft*51 ZMQbg/Reaper*3 ZMQbg/IO/0*3 
2026-09-27T18:17:09+04:00	ck9k-whole-256k	4	2722937	2722841	1	6885376	16384	python3*1 
2026-09-27T18:17:09+04:00	ck9k-whole-256k	4	2722938	2722841	45	22671216640	1893552128	python3*36 pt_gloo_runloop*2 ZMQbg/Reaper*2 ZMQbg/IO/0*2 pt_tcpstore_uv*1 cuda0000240000a*1 
2026-09-27T18:17:09+04:00	ck9k-whole-256k	4	2722939	2722841	57	607866880	431972352	python3*49 ZMQbg/Reaper*4 ZMQbg/IO/0*4 
2026-09-27T18:17:19+04:00	ck9k-whole-256k	4	2722813	363	2	15536128	12288	uv*1 main2*1 
2026-09-27T18:17:19+04:00	ck9k-whole-256k	4	2722841	2722813	57	490610688	310128640	ft*51 ZMQbg/Reaper*3 ZMQbg/IO/0*3 
2026-09-27T18:17:19+04:00	ck9k-whole-256k	4	2722937	2722841	1	6885376	16384	python3*1 
2026-09-27T18:17:19+04:00	ck9k-whole-256k	4	2722938	2722841	45	22671216640	1893552128	python3*36 pt_gloo_runloop*2 ZMQbg/Reaper*2 ZMQbg/IO/0*2 pt_tcpstore_uv*1 cuda0000240000a*1 
2026-09-27T18:17:20+04:00	ck9k-whole-256k	4	2722939	2722841	57	607866880	431972352	python3*49 ZMQbg/Reaper*4 ZMQbg/IO/0*4 
2026-09-27T18:17:30+04:00	ck9k-whole-256k	4	2722813	363	2	15536128	12288	uv*1 main2*1 
2026-09-27T18:17:30+04:00	ck9k-whole-256k	4	2722841	2722813	57	490610688	310128640	ft*51 ZMQbg/Reaper*3 ZMQbg/IO/0*3 
2026-09-27T18:17:30+04:00	ck9k-whole-256k	4	2722937	2722841	1	6885376	16384	python3*1 
2026-09-27T18:17:30+04:00	ck9k-whole-256k	4	2722938	2722841	45	22671216640	1893552128	python3*36 pt_gloo_runloop*2 ZMQbg/Reaper*2 ZMQbg/IO/0*2 pt_tcpstore_uv*1 cuda0000240000a*1 
2026-09-27T18:17:30+04:00	ck9k-whole-256k	4	2722939	2722841	57	607866880	431972352	python3*49 ZMQbg/Reaper*4 ZMQbg/IO/0*4 
2026-09-27T18:17:42+04:00	ck9k-whole-256k	4	2722813	363	2	15536128	12288	uv*1 main2*1 
2026-09-27T18:17:42+04:00	ck9k-whole-256k	4	2722841	2722813	57	490610688	310128640	ft*51 ZMQbg/Reaper*3 ZMQbg/IO/0*3 
2026-09-27T18:17:42+04:00	ck9k-whole-256k	4	2722937	2722841	1	6885376	16384	python3*1 
2026-09-27T18:17:42+04:00	ck9k-whole-256k	4	2722938	2722841	45	22671216640	1893552128	python3*36 pt_gloo_runloop*2 ZMQbg/Reaper*2 ZMQbg/IO/0*2 pt_tcpstore_uv*1 cuda0000240000a*1 
2026-09-27T18:17:42+04:00	ck9k-whole-256k	4	2722939	2722841	57	607866880	431972352	python3*49 ZMQbg/Reaper*4 ZMQbg/IO/0*4 
2026-09-27T18:17:52+04:00	ck9k-whole-256k	4	2722813	363	2	15536128	12288	uv*1 main2*1 
2026-09-27T18:17:52+04:00	ck9k-whole-256k	4	2722841	2722813	57	490610688	310128640	ft*51 ZMQbg/Reaper*3 ZMQbg/IO/0*3 
2026-09-27T18:17:52+04:00	ck9k-whole-256k	4	2722937	2722841	1	6885376	16384	python3*1 
2026-09-27T18:17:52+04:00	ck9k-whole-256k	4	2722938	2722841	45	22671220736	1893556224	python3*36 pt_gloo_runloop*2 ZMQbg/Reaper*2 ZMQbg/IO/0*2 pt_tcpstore_uv*1 cuda0000240000a*1 
2026-09-27T18:17:52+04:00	ck9k-whole-256k	4	2722939	2722841	57	607866880	431972352	python3*49 ZMQbg/Reaper*4 ZMQbg/IO/0*4 
2026-09-27T18:18:02+04:00	ck9k-whole-256k	4	2722813	363	2	15536128	12288	uv*1 main2*1 
2026-09-27T18:18:02+04:00	ck9k-whole-256k	4	2722841	2722813	57	490610688	310128640	ft*51 ZMQbg/Reaper*3 ZMQbg/IO/0*3 
2026-09-27T18:18:02+04:00	ck9k-whole-256k	4	2722937	2722841	1	6885376	16384	python3*1 
2026-09-27T18:18:02+04:00	ck9k-whole-256k	4	2722938	2722841	45	22671220736	1893556224	python3*36 pt_gloo_runloop*2 ZMQbg/Reaper*2 ZMQbg/IO/0*2 pt_tcpstore_uv*1 cuda0000240000a*1 
2026-09-27T18:18:03+04:00	ck9k-whole-256k	4	2722939	2722841	57	607866880	431972352	python3*49 ZMQbg/Reaper*4 ZMQbg/IO/0*4 
2026-09-27T18:18:15+04:00	ck9k-whole-256k	4	2722813	363	2	15536128	12288	uv*1 main2*1 
2026-09-27T18:18:15+04:00	ck9k-whole-256k	4	2722841	2722813	57	490610688	310128640	ft*51 ZMQbg/Reaper*3 ZMQbg/IO/0*3 
2026-09-27T18:18:15+04:00	ck9k-whole-256k	4	2722937	2722841	1	6885376	16384	python3*1 
2026-09-27T18:18:15+04:00	ck9k-whole-256k	4	2722938	2722841	45	22671220736	1893556224	python3*36 pt_gloo_runloop*2 ZMQbg/Reaper*2 ZMQbg/IO/0*2 pt_tcpstore_uv*1 cuda0000240000a*1 
2026-09-27T18:18:15+04:00	ck9k-whole-256k	4	2722939	2722841	57	607866880	431972352	python3*49 ZMQbg/Reaper*4 ZMQbg/IO/0*4 
2026-09-27T18:18:25+04:00	ck9k-whole-256k	4	2722813	363	2	15536128	12288	uv*1 main2*1 
2026-09-27T18:18:25+04:00	ck9k-whole-256k	4	2722841	2722813	57	490610688	310128640	ft*51 ZMQbg/Reaper*3 ZMQbg/IO/0*3 
2026-09-27T18:18:25+04:00	ck9k-whole-256k	4	2722937	2722841	1	6885376	16384	python3*1 
2026-09-27T18:18:25+04:00	ck9k-whole-256k	4	2722938	2722841	45	22671220736	1893556224	python3*36 pt_gloo_runloop*2 ZMQbg/Reaper*2 ZMQbg/IO/0*2 pt_tcpstore_uv*1 cuda0000240000a*1 
2026-09-27T18:18:25+04:00	ck9k-whole-256k	4	2722939	2722841	57	607866880	431972352	python3*49 ZMQbg/Reaper*4 ZMQbg/IO/0*4 
2026-09-27T18:18:35+04:00	ck9k-whole-256k	4	2722813	363	2	15536128	12288	uv*1 main2*1 
2026-09-27T18:18:35+04:00	ck9k-whole-256k	4	2722841	2722813	57	490610688	310128640	ft*51 ZMQbg/Reaper*3 ZMQbg/IO/0*3 
2026-09-27T18:18:35+04:00	ck9k-whole-256k	4	2722937	2722841	1	6885376	16384	python3*1 
2026-09-27T18:18:35+04:00	ck9k-whole-256k	4	2722938	2722841	45	22671220736	1893556224	python3*36 pt_gloo_runloop*2 ZMQbg/Reaper*2 ZMQbg/IO/0*2 pt_tcpstore_uv*1 cuda0000240000a*1 
2026-09-27T18:18:35+04:00	ck9k-whole-256k	4	2722939	2722841	57	607866880	431972352	python3*49 ZMQbg/Reaper*4 ZMQbg/IO/0*4 
2026-09-27T18:18:47+04:00	ck9k-whole-256k	4	2722813	363	2	15536128	12288	uv*1 main2*1 
2026-09-27T18:18:47+04:00	ck9k-whole-256k	4	2722841	2722813	57	490610688	310128640	ft*51 ZMQbg/Reaper*3 ZMQbg/IO/0*3 
2026-09-27T18:18:47+04:00	ck9k-whole-256k	4	2722937	2722841	1	6885376	16384	python3*1 
2026-09-27T18:18:47+04:00	ck9k-whole-256k	4	2722938	2722841	45	22671220736	1893556224	python3*36 pt_gloo_runloop*2 ZMQbg/Reaper*2 ZMQbg/IO/0*2 pt_tcpstore_uv*1 cuda0000240000a*1 
2026-09-27T18:18:47+04:00	ck9k-whole-256k	4	2722939	2722841	57	607866880	431972352	python3*49 ZMQbg/Reaper*4 ZMQbg/IO/0*4 
2026-09-27T18:18:57+04:00	ck9k-whole-256k	4	2722813	363	2	15536128	12288	uv*1 main2*1 
2026-09-27T18:18:57+04:00	ck9k-whole-256k	4	2722841	2722813	57	490610688	310128640	ft*51 ZMQbg/Reaper*3 ZMQbg/IO/0*3 
2026-09-27T18:18:57+04:00	ck9k-whole-256k	4	2722937	2722841	1	6885376	16384	python3*1 
2026-09-27T18:18:58+04:00	ck9k-whole-256k	4	2722938	2722841	45	22671220736	1893556224	python3*36 pt_gloo_runloop*2 ZMQbg/Reaper*2 ZMQbg/IO/0*2 pt_tcpstore_uv*1 cuda0000240000a*1 
2026-09-27T18:18:58+04:00	ck9k-whole-256k	4	2722939	2722841	57	607866880	431972352	python3*49 ZMQbg/Reaper*4 ZMQbg/IO/0*4 
2026-09-27T18:19:08+04:00	ck9k-whole-256k	4	2722813	363	2	15536128	12288	uv*1 main2*1 
2026-09-27T18:19:08+04:00	ck9k-whole-256k	4	2722841	2722813	57	490409984	310128640	ft*51 ZMQbg/Reaper*3 ZMQbg/IO/0*3 
2026-09-27T18:19:08+04:00	ck9k-whole-256k	4	2722937	2722841	1	6885376	16384	python3*1 
2026-09-27T18:19:08+04:00	ck9k-whole-256k	4	2722938	2722841	45	22670958592	1893556224	python3*36 pt_gloo_runloop*2 ZMQbg/Reaper*2 ZMQbg/IO/0*2 pt_tcpstore_uv*1 cuda0000240000a*1 
2026-09-27T18:19:08+04:00	ck9k-whole-256k	4	2722939	2722841	57	607694848	431972352	python3*49 ZMQbg/Reaper*4 ZMQbg/IO/0*4 
2026-09-27T18:19:18+04:00	ck9k-whole-256k	4	2722813	363	2	15536128	12288	uv*1 main2*1 
2026-09-27T18:19:18+04:00	ck9k-whole-256k	4	2722841	2722813	57	490409984	310128640	ft*51 ZMQbg/Reaper*3 ZMQbg/IO/0*3 
2026-09-27T18:19:18+04:00	ck9k-whole-256k	4	2722937	2722841	1	6885376	16384	python3*1 
2026-09-27T18:19:18+04:00	ck9k-whole-256k	4	2722938	2722841	45	22670958592	1893556224	python3*36 pt_gloo_runloop*2 ZMQbg/Reaper*2 ZMQbg/IO/0*2 pt_tcpstore_uv*1 cuda0000240000a*1 
2026-09-27T18:19:18+04:00	ck9k-whole-256k	4	2722939	2722841	57	607694848	431972352	python3*49 ZMQbg/Reaper*4 ZMQbg/IO/0*4 
2026-09-27T18:19:30+04:00	ck9k-whole-256k	4	2722813	363	2	15536128	12288	uv*1 main2*1 
2026-09-27T18:19:30+04:00	ck9k-whole-256k	4	2722841	2722813	57	490409984	310128640	ft*51 ZMQbg/Reaper*3 ZMQbg/IO/0*3 
2026-09-27T18:19:30+04:00	ck9k-whole-256k	4	2722937	2722841	1	6885376	16384	python3*1 
2026-09-27T18:19:30+04:00	ck9k-whole-256k	4	2722938	2722841	45	22670958592	1893556224	python3*36 pt_gloo_runloop*2 ZMQbg/Reaper*2 ZMQbg/IO/0*2 pt_tcpstore_uv*1 cuda0000240000a*1 
2026-09-27T18:19:30+04:00	ck9k-whole-256k	4	2722939	2722841	57	607694848	431972352	python3*49 ZMQbg/Reaper*4 ZMQbg/IO/0*4 
2026-09-27T18:19:40+04:00	ck9k-whole-256k	4	2722813	363	2	15536128	12288	uv*1 main2*1 
2026-09-27T18:19:40+04:00	ck9k-whole-256k	4	2722841	2722813	57	490409984	310128640	ft*51 ZMQbg/Reaper*3 ZMQbg/IO/0*3 
2026-09-27T18:19:41+04:00	ck9k-whole-256k	4	2722937	2722841	1	6885376	16384	python3*1 
2026-09-27T18:19:41+04:00	ck9k-whole-256k	4	2722938	2722841	45	22670983168	1893580800	python3*36 pt_gloo_runloop*2 ZMQbg/Reaper*2 ZMQbg/IO/0*2 pt_tcpstore_uv*1 cuda0000240000a*1 
2026-09-27T18:19:41+04:00	ck9k-whole-256k	4	2722939	2722841	57	607694848	431972352	python3*49 ZMQbg/Reaper*4 ZMQbg/IO/0*4 
2026-09-27T18:19:51+04:00	ck9k-whole-256k	4	2722813	363	2	15536128	12288	uv*1 main2*1 
2026-09-27T18:19:51+04:00	ck9k-whole-256k	4	2722841	2722813	57	490409984	310128640	ft*51 ZMQbg/Reaper*3 ZMQbg/IO/0*3 
2026-09-27T18:19:51+04:00	ck9k-whole-256k	4	2722937	2722841	1	6885376	16384	python3*1 
2026-09-27T18:19:51+04:00	ck9k-whole-256k	4	2722938	2722841	45	22671069184	1893666816	python3*36 pt_gloo_runloop*2 ZMQbg/Reaper*2 ZMQbg/IO/0*2 pt_tcpstore_uv*1 cuda0000240000a*1 
2026-09-27T18:19:51+04:00	ck9k-whole-256k	4	2722939	2722841	57	607694848	431972352	python3*49 ZMQbg/Reaper*4 ZMQbg/IO/0*4 
2026-09-27T18:20:03+04:00	ck9k-whole-256k	4	2722813	363	2	15536128	12288	uv*1 main2*1 
2026-09-27T18:20:03+04:00	ck9k-whole-256k	4	2722841	2722813	57	490409984	310128640	ft*51 ZMQbg/Reaper*3 ZMQbg/IO/0*3 
2026-09-27T18:20:03+04:00	ck9k-whole-256k	4	2722937	2722841	1	6885376	16384	python3*1 
2026-09-27T18:20:03+04:00	ck9k-whole-256k	4	2722938	2722841	45	22671175680	1893773312	python3*36 pt_gloo_runloop*2 ZMQbg/Reaper*2 ZMQbg/IO/0*2 pt_tcpstore_uv*1 cuda0000240000a*1 
2026-09-27T18:20:03+04:00	ck9k-whole-256k	4	2722939	2722841	57	607694848	431972352	python3*49 ZMQbg/Reaper*4 ZMQbg/IO/0*4 
2026-09-27T18:20:13+04:00	ck9k-whole-256k	4	2722813	363	2	15536128	12288	uv*1 main2*1 
2026-09-27T18:20:13+04:00	ck9k-whole-256k	4	2722841	2722813	57	490409984	310128640	ft*51 ZMQbg/Reaper*3 ZMQbg/IO/0*3 
2026-09-27T18:20:13+04:00	ck9k-whole-256k	4	2722937	2722841	1	6885376	16384	python3*1 
2026-09-27T18:20:13+04:00	ck9k-whole-256k	4	2722938	2722841	45	22671265792	1893863424	python3*36 pt_gloo_runloop*2 ZMQbg/Reaper*2 ZMQbg/IO/0*2 pt_tcpstore_uv*1 cuda0000240000a*1 
2026-09-27T18:20:13+04:00	ck9k-whole-256k	4	2722939	2722841	57	607694848	431972352	python3*49 ZMQbg/Reaper*4 ZMQbg/IO/0*4 
2026-09-27T18:20:24+04:00	ck9k-whole-256k	4	2722813	363	2	15536128	12288	uv*1 main2*1 
2026-09-27T18:20:24+04:00	ck9k-whole-256k	4	2722841	2722813	57	490409984	310128640	ft*51 ZMQbg/Reaper*3 ZMQbg/IO/0*3 
2026-09-27T18:20:24+04:00	ck9k-whole-256k	4	2722937	2722841	1	6885376	16384	python3*1 
2026-09-27T18:20:24+04:00	ck9k-whole-256k	4	2722938	2722841	45	22671388672	1893986304	python3*36 pt_gloo_runloop*2 ZMQbg/Reaper*2 ZMQbg/IO/0*2 pt_tcpstore_uv*1 cuda0000240000a*1 
2026-09-27T18:20:24+04:00	ck9k-whole-256k	4	2722939	2722841	57	607694848	431972352	python3*49 ZMQbg/Reaper*4 ZMQbg/IO/0*4 
2026-09-27T18:20:36+04:00	ck9k-whole-256k	4	2722813	363	2	15536128	12288	uv*1 main2*1 
2026-09-27T18:20:36+04:00	ck9k-whole-256k	4	2722841	2722813	57	490409984	310128640	ft*51 ZMQbg/Reaper*3 ZMQbg/IO/0*3 
2026-09-27T18:20:36+04:00	ck9k-whole-256k	4	2722937	2722841	1	6885376	16384	python3*1 
2026-09-27T18:20:36+04:00	ck9k-whole-256k	4	2722938	2722841	45	22671486976	1894084608	python3*36 pt_gloo_runloop*2 ZMQbg/Reaper*2 ZMQbg/IO/0*2 pt_tcpstore_uv*1 cuda0000240000a*1 
2026-09-27T18:20:36+04:00	ck9k-whole-256k	4	2722939	2722841	57	607694848	431972352	python3*49 ZMQbg/Reaper*4 ZMQbg/IO/0*4 
2026-09-27T18:20:46+04:00	ck9k-whole-256k	4	2722813	363	2	15536128	12288	uv*1 main2*1 
2026-09-27T18:20:46+04:00	ck9k-whole-256k	4	2722841	2722813	57	490409984	310128640	ft*51 ZMQbg/Reaper*3 ZMQbg/IO/0*3 
2026-09-27T18:20:46+04:00	ck9k-whole-256k	4	2722937	2722841	1	6885376	16384	python3*1 
2026-09-27T18:20:46+04:00	ck9k-whole-256k	4	2722938	2722841	45	22671986688	1894584320	python3*36 pt_gloo_runloop*2 ZMQbg/Reaper*2 ZMQbg/IO/0*2 pt_tcpstore_uv*1 cuda0000240000a*1 
2026-09-27T18:20:46+04:00	ck9k-whole-256k	4	2722939	2722841	57	607694848	431972352	python3*49 ZMQbg/Reaper*4 ZMQbg/IO/0*4 
2026-09-27T18:20:56+04:00	ck9k-whole-256k	4	2722813	363	2	15536128	12288	uv*1 main2*1 
2026-09-27T18:20:56+04:00	ck9k-whole-256k	4	2722841	2722813	57	490409984	310128640	ft*51 ZMQbg/Reaper*3 ZMQbg/IO/0*3 
2026-09-27T18:20:56+04:00	ck9k-whole-256k	4	2722937	2722841	1	6885376	16384	python3*1 
2026-09-27T18:20:56+04:00	ck9k-whole-256k	4	2722938	2722841	45	22671986688	1894584320	python3*36 pt_gloo_runloop*2 ZMQbg/Reaper*2 ZMQbg/IO/0*2 pt_tcpstore_uv*1 cuda0000240000a*1 
2026-09-27T18:20:57+04:00	ck9k-whole-256k	4	2722939	2722841	57	607694848	431972352	python3*49 ZMQbg/Reaper*4 ZMQbg/IO/0*4 
2026-09-27T18:21:08+04:00	ck9k-whole-256k	4	2722813	363	2	15536128	12288	uv*1 main2*1 
2026-09-27T18:21:08+04:00	ck9k-whole-256k	4	2722841	2722813	57	490409984	310128640	ft*51 ZMQbg/Reaper*3 ZMQbg/IO/0*3 
2026-09-27T18:21:08+04:00	ck9k-whole-256k	4	2722937	2722841	1	6885376	16384	python3*1 
2026-09-27T18:21:08+04:00	ck9k-whole-256k	4	2722938	2722841	45	22671994880	1894592512	python3*36 pt_gloo_runloop*2 ZMQbg/Reaper*2 ZMQbg/IO/0*2 pt_tcpstore_uv*1 cuda0000240000a*1 
2026-09-27T18:21:09+04:00	ck9k-whole-256k	4	2722939	2722841	57	607694848	431972352	python3*49 ZMQbg/Reaper*4 ZMQbg/IO/0*4 
2026-09-27T18:21:19+04:00	ck9k-whole-256k	4	2722813	363	2	15536128	12288	uv*1 main2*1 
2026-09-27T18:21:19+04:00	ck9k-whole-256k	4	2722841	2722813	57	490409984	310128640	ft*51 ZMQbg/Reaper*3 ZMQbg/IO/0*3 
2026-09-27T18:21:19+04:00	ck9k-whole-256k	4	2722937	2722841	1	6885376	16384	python3*1 
2026-09-27T18:21:19+04:00	ck9k-whole-256k	4	2722938	2722841	45	22671994880	1894592512	python3*36 pt_gloo_runloop*2 ZMQbg/Reaper*2 ZMQbg/IO/0*2 pt_tcpstore_uv*1 cuda0000240000a*1 
2026-09-27T18:21:19+04:00	ck9k-whole-256k	4	2722939	2722841	57	607694848	431972352	python3*49 ZMQbg/Reaper*4 ZMQbg/IO/0*4 
2026-09-27T18:21:29+04:00	ck9k-whole-256k	4	2722813	363	2	15536128	12288	uv*1 main2*1 
2026-09-27T18:21:29+04:00	ck9k-whole-256k	4	2722841	2722813	57	490409984	310128640	ft*51 ZMQbg/Reaper*3 ZMQbg/IO/0*3 
2026-09-27T18:21:29+04:00	ck9k-whole-256k	4	2722937	2722841	1	6885376	16384	python3*1 
2026-09-27T18:21:29+04:00	ck9k-whole-256k	4	2722938	2722841	45	22671994880	1894592512	python3*36 pt_gloo_runloop*2 ZMQbg/Reaper*2 ZMQbg/IO/0*2 pt_tcpstore_uv*1 cuda0000240000a*1 
2026-09-27T18:21:29+04:00	ck9k-whole-256k	4	2722939	2722841	57	607694848	431972352	python3*49 ZMQbg/Reaper*4 ZMQbg/IO/0*4 
2026-09-27T18:21:41+04:00	ck9k-whole-256k	4	2722813	363	2	15536128	12288	uv*1 main2*1 
2026-09-27T18:21:41+04:00	ck9k-whole-256k	4	2722841	2722813	57	490409984	310128640	ft*51 ZMQbg/Reaper*3 ZMQbg/IO/0*3 
2026-09-27T18:21:41+04:00	ck9k-whole-256k	4	2722937	2722841	1	6885376	16384	python3*1 
2026-09-27T18:21:41+04:00	ck9k-whole-256k	4	2722938	2722841	45	22672080896	1894678528	python3*36 pt_gloo_runloop*2 ZMQbg/Reaper*2 ZMQbg/IO/0*2 pt_tcpstore_uv*1 cuda0000240000a*1 
2026-09-27T18:21:41+04:00	ck9k-whole-256k	4	2722939	2722841	57	607694848	431972352	python3*49 ZMQbg/Reaper*4 ZMQbg/IO/0*4 
2026-09-27T18:21:51+04:00	ck9k-whole-256k	4	2722813	363	2	15536128	12288	uv*1 main2*1 
2026-09-27T18:21:51+04:00	ck9k-whole-256k	4	2722841	2722813	57	490409984	310128640	ft*51 ZMQbg/Reaper*3 ZMQbg/IO/0*3 
2026-09-27T18:21:52+04:00	ck9k-whole-256k	4	2722937	2722841	1	6885376	16384	python3*1 
2026-09-27T18:21:52+04:00	ck9k-whole-256k	4	2722938	2722841	45	22672175104	1894772736	python3*36 pt_gloo_runloop*2 ZMQbg/Reaper*2 ZMQbg/IO/0*2 pt_tcpstore_uv*1 cuda0000240000a*1 
2026-09-27T18:21:52+04:00	ck9k-whole-256k	4	2722939	2722841	57	607694848	431972352	python3*49 ZMQbg/Reaper*4 ZMQbg/IO/0*4 
2026-09-27T18:22:02+04:00	ck9k-whole-256k	4	2722813	363	2	15536128	12288	uv*1 main2*1 
2026-09-27T18:22:02+04:00	ck9k-whole-256k	4	2722841	2722813	57	490409984	310128640	ft*51 ZMQbg/Reaper*3 ZMQbg/IO/0*3 
2026-09-27T18:22:02+04:00	ck9k-whole-256k	4	2722937	2722841	1	6885376	16384	python3*1 
2026-09-27T18:22:02+04:00	ck9k-whole-256k	4	2722938	2722841	45	22672277504	1894875136	python3*36 pt_gloo_runloop*2 ZMQbg/Reaper*2 ZMQbg/IO/0*2 pt_tcpstore_uv*1 cuda0000240000a*1 
2026-09-27T18:22:02+04:00	ck9k-whole-256k	4	2722939	2722841	57	607694848	431972352	python3*49 ZMQbg/Reaper*4 ZMQbg/IO/0*4 
2026-09-27T18:22:14+04:00	ck9k-whole-256k	4	2722813	363	2	15536128	12288	uv*1 main2*1 
2026-09-27T18:22:14+04:00	ck9k-whole-256k	4	2722841	2722813	57	490409984	310128640	ft*51 ZMQbg/Reaper*3 ZMQbg/IO/0*3 
2026-09-27T18:22:14+04:00	ck9k-whole-256k	4	2722937	2722841	1	6885376	16384	python3*1 
2026-09-27T18:22:14+04:00	ck9k-whole-256k	4	2722938	2722841	45	22672371712	1894969344	python3*36 pt_gloo_runloop*2 ZMQbg/Reaper*2 ZMQbg/IO/0*2 pt_tcpstore_uv*1 cuda0000240000a*1 
2026-09-27T18:22:14+04:00	ck9k-whole-256k	4	2722939	2722841	57	607694848	431972352	python3*49 ZMQbg/Reaper*4 ZMQbg/IO/0*4 
2026-09-27T18:22:24+04:00	ck9k-whole-256k	4	2722813	363	2	15536128	12288	uv*1 main2*1 
2026-09-27T18:22:24+04:00	ck9k-whole-256k	4	2722841	2722813	57	490409984	310128640	ft*51 ZMQbg/Reaper*3 ZMQbg/IO/0*3 
2026-09-27T18:22:24+04:00	ck9k-whole-256k	4	2722937	2722841	1	6885376	16384	python3*1 
2026-09-27T18:22:24+04:00	ck9k-whole-256k	4	2722938	2722841	45	22672465920	1895079936	python3*36 pt_gloo_runloop*2 ZMQbg/Reaper*2 ZMQbg/IO/0*2 pt_tcpstore_uv*1 cuda0000240000a*1 
2026-09-27T18:22:25+04:00	ck9k-whole-256k	4	2722939	2722841	57	607694848	431972352	python3*49 ZMQbg/Reaper*4 ZMQbg/IO/0*4 
2026-09-27T18:22:35+04:00	ck9k-whole-256k	4	2722813	363	2	15536128	12288	uv*1 main2*1 
2026-09-27T18:22:35+04:00	ck9k-whole-256k	4	2722841	2722813	57	490409984	310128640	ft*51 ZMQbg/Reaper*3 ZMQbg/IO/0*3 
2026-09-27T18:22:35+04:00	ck9k-whole-256k	4	2722937	2722841	1	6885376	16384	python3*1 
2026-09-27T18:22:35+04:00	ck9k-whole-256k	4	2722938	2722841	45	22672576512	1895174144	python3*36 pt_gloo_runloop*2 ZMQbg/Reaper*2 ZMQbg/IO/0*2 pt_tcpstore_uv*1 cuda0000240000a*1 
2026-09-27T18:22:35+04:00	ck9k-whole-256k	4	2722939	2722841	57	607694848	431972352	python3*49 ZMQbg/Reaper*4 ZMQbg/IO/0*4 
2026-09-27T18:22:47+04:00	ck9k-whole-256k	4	2722813	363	2	15536128	12288	uv*1 main2*1 
2026-09-27T18:22:47+04:00	ck9k-whole-256k	4	2722841	2722813	57	490409984	310128640	ft*51 ZMQbg/Reaper*3 ZMQbg/IO/0*3 
2026-09-27T18:22:47+04:00	ck9k-whole-256k	4	2722937	2722841	1	6885376	16384	python3*1 
2026-09-27T18:22:47+04:00	ck9k-whole-256k	4	2722938	2722841	45	22672654336	1895251968	python3*36 pt_gloo_runloop*2 ZMQbg/Reaper*2 ZMQbg/IO/0*2 pt_tcpstore_uv*1 cuda0000240000a*1 
2026-09-27T18:22:47+04:00	ck9k-whole-256k	4	2722939	2722841	57	607694848	431972352	python3*49 ZMQbg/Reaper*4 ZMQbg/IO/0*4 
2026-09-27T18:22:57+04:00	ck9k-whole-256k	4	2722813	363	2	15536128	12288	uv*1 main2*1 
2026-09-27T18:22:57+04:00	ck9k-whole-256k	4	2722841	2722813	57	490409984	310128640	ft*51 ZMQbg/Reaper*3 ZMQbg/IO/0*3 
2026-09-27T18:22:57+04:00	ck9k-whole-256k	4	2722937	2722841	1	6885376	16384	python3*1 
2026-09-27T18:22:57+04:00	ck9k-whole-256k	4	2722938	2722841	45	22672752640	1895358464	python3*36 pt_gloo_runloop*2 ZMQbg/Reaper*2 ZMQbg/IO/0*2 pt_tcpstore_uv*1 cuda0000240000a*1 
2026-09-27T18:22:57+04:00	ck9k-whole-256k	4	2722939	2722841	57	607694848	431972352	python3*49 ZMQbg/Reaper*4 ZMQbg/IO/0*4 
2026-09-27T18:23:07+04:00	ck9k-whole-256k	4	2722813	363	2	15536128	12288	uv*1 main2*1 
2026-09-27T18:23:07+04:00	ck9k-whole-256k	4	2722841	2722813	57	490409984	310128640	ft*51 ZMQbg/Reaper*3 ZMQbg/IO/0*3 
2026-09-27T18:23:07+04:00	ck9k-whole-256k	4	2722937	2722841	1	6885376	16384	python3*1 
2026-09-27T18:23:07+04:00	ck9k-whole-256k	4	2722938	2722841	45	22672855040	1895452672	python3*36 pt_gloo_runloop*2 ZMQbg/Reaper*2 ZMQbg/IO/0*2 pt_tcpstore_uv*1 cuda0000240000a*1 
2026-09-27T18:23:08+04:00	ck9k-whole-256k	4	2722939	2722841	57	607694848	431972352	python3*49 ZMQbg/Reaper*4 ZMQbg/IO/0*4 
2026-09-27T18:23:19+04:00	ck9k-whole-256k	4	2722813	363	2	15536128	12288	uv*1 main2*1 
2026-09-27T18:23:19+04:00	ck9k-whole-256k	4	2722841	2722813	57	490409984	310128640	ft*51 ZMQbg/Reaper*3 ZMQbg/IO/0*3 
2026-09-27T18:23:19+04:00	ck9k-whole-256k	4	2722937	2722841	1	6885376	16384	python3*1 
2026-09-27T18:23:19+04:00	ck9k-whole-256k	4	2722938	2722841	45	22672949248	1895546880	python3*36 pt_gloo_runloop*2 ZMQbg/Reaper*2 ZMQbg/IO/0*2 pt_tcpstore_uv*1 cuda0000240000a*1 
2026-09-27T18:23:20+04:00	ck9k-whole-256k	4	2722939	2722841	57	607694848	431972352	python3*49 ZMQbg/Reaper*4 ZMQbg/IO/0*4 
2026-09-27T18:23:30+04:00	ck9k-whole-256k	4	2722813	363	2	15536128	12288	uv*1 main2*1 
2026-09-27T18:23:30+04:00	ck9k-whole-256k	4	2722841	2722813	57	490409984	310128640	ft*51 ZMQbg/Reaper*3 ZMQbg/IO/0*3 
2026-09-27T18:23:30+04:00	ck9k-whole-256k	4	2722937	2722841	1	6885376	16384	python3*1 
2026-09-27T18:23:30+04:00	ck9k-whole-256k	4	2722938	2722841	45	22673055744	1895653376	python3*36 pt_gloo_runloop*2 ZMQbg/Reaper*2 ZMQbg/IO/0*2 pt_tcpstore_uv*1 cuda0000240000a*1 
2026-09-27T18:23:30+04:00	ck9k-whole-256k	4	2722939	2722841	57	607694848	431972352	python3*49 ZMQbg/Reaper*4 ZMQbg/IO/0*4 
2026-09-27T18:23:40+04:00	ck9k-whole-256k	4	2722813	363	2	15536128	12288	uv*1 main2*1 
2026-09-27T18:23:40+04:00	ck9k-whole-256k	4	2722841	2722813	57	490409984	310128640	ft*51 ZMQbg/Reaper*3 ZMQbg/IO/0*3 
2026-09-27T18:23:40+04:00	ck9k-whole-256k	4	2722937	2722841	1	6885376	16384	python3*1 
2026-09-27T18:23:40+04:00	ck9k-whole-256k	4	2722938	2722841	45	22673154048	1895751680	python3*36 pt_gloo_runloop*2 ZMQbg/Reaper*2 ZMQbg/IO/0*2 pt_tcpstore_uv*1 cuda0000240000a*1 
2026-09-27T18:23:40+04:00	ck9k-whole-256k	4	2722939	2722841	57	607694848	431972352	python3*49 ZMQbg/Reaper*4 ZMQbg/IO/0*4 
2026-09-27T18:23:50+04:00	ck9k-whole-256k	4	2722813	363	2	15536128	12288	uv*1 main2*1 
2026-09-27T18:23:50+04:00	ck9k-whole-256k	4	2722841	2722813	57	490409984	310128640	ft*51 ZMQbg/Reaper*3 ZMQbg/IO/0*3 
2026-09-27T18:23:50+04:00	ck9k-whole-256k	4	2722937	2722841	1	6885376	16384	python3*1 
2026-09-27T18:23:50+04:00	ck9k-whole-256k	4	2722938	2722841	45	22673252352	1895849984	python3*36 pt_gloo_runloop*2 ZMQbg/Reaper*2 ZMQbg/IO/0*2 pt_tcpstore_uv*1 cuda0000240000a*1 
2026-09-27T18:23:51+04:00	ck9k-whole-256k	4	2722939	2722841	57	607694848	431972352	python3*49 ZMQbg/Reaper*4 ZMQbg/IO/0*4 
2026-09-27T18:24:03+04:00	ck9k-whole-256k	4	2722813	363	2	15536128	12288	uv*1 main2*1 
2026-09-27T18:24:03+04:00	ck9k-whole-256k	4	2722841	2722813	57	490409984	310128640	ft*51 ZMQbg/Reaper*3 ZMQbg/IO/0*3 
2026-09-27T18:24:03+04:00	ck9k-whole-256k	4	2722937	2722841	1	6885376	16384	python3*1 
2026-09-27T18:24:03+04:00	ck9k-whole-256k	4	2722938	2722841	45	22673350656	1895948288	python3*36 pt_gloo_runloop*2 ZMQbg/Reaper*2 ZMQbg/IO/0*2 pt_tcpstore_uv*1 cuda0000240000a*1 
2026-09-27T18:24:03+04:00	ck9k-whole-256k	4	2722939	2722841	57	607694848	431972352	python3*49 ZMQbg/Reaper*4 ZMQbg/IO/0*4 
2026-09-27T18:24:13+04:00	ck9k-whole-256k	4	2722813	363	2	15536128	12288	uv*1 main2*1 
2026-09-27T18:24:13+04:00	ck9k-whole-256k	4	2722841	2722813	57	490409984	310128640	ft*51 ZMQbg/Reaper*3 ZMQbg/IO/0*3 
2026-09-27T18:24:13+04:00	ck9k-whole-256k	4	2722937	2722841	1	6885376	16384	python3*1 
2026-09-27T18:24:13+04:00	ck9k-whole-256k	4	2722938	2722841	45	22673444864	1896042496	python3*36 pt_gloo_runloop*2 ZMQbg/Reaper*2 ZMQbg/IO/0*2 pt_tcpstore_uv*1 cuda0000240000a*1 
2026-09-27T18:24:13+04:00	ck9k-whole-256k	4	2722939	2722841	57	607694848	431972352	python3*49 ZMQbg/Reaper*4 ZMQbg/IO/0*4 
2026-09-27T18:24:23+04:00	ck9k-whole-256k	4	2722813	363	2	15536128	12288	uv*1 main2*1 
2026-09-27T18:24:23+04:00	ck9k-whole-256k	4	2722841	2722813	57	490409984	310128640	ft*51 ZMQbg/Reaper*3 ZMQbg/IO/0*3 
2026-09-27T18:24:23+04:00	ck9k-whole-256k	4	2722937	2722841	1	6885376	16384	python3*1 
2026-09-27T18:24:23+04:00	ck9k-whole-256k	4	2722938	2722841	45	22673526784	1896124416	python3*36 pt_gloo_runloop*2 ZMQbg/Reaper*2 ZMQbg/IO/0*2 pt_tcpstore_uv*1 cuda0000240000a*1 
2026-09-27T18:24:23+04:00	ck9k-whole-256k	4	2722939	2722841	57	607694848	431972352	python3*49 ZMQbg/Reaper*4 ZMQbg/IO/0*4 
2026-09-27T18:24:35+04:00	ck9k-whole-256k	4	2722813	363	2	15536128	12288	uv*1 main2*1 
2026-09-27T18:24:35+04:00	ck9k-whole-256k	4	2722841	2722813	57	490409984	310128640	ft*51 ZMQbg/Reaper*3 ZMQbg/IO/0*3 
2026-09-27T18:24:35+04:00	ck9k-whole-256k	4	2722937	2722841	1	6885376	16384	python3*1 
2026-09-27T18:24:35+04:00	ck9k-whole-256k	4	2722938	2722841	45	22673620992	1896218624	python3*36 pt_gloo_runloop*2 ZMQbg/Reaper*2 ZMQbg/IO/0*2 pt_tcpstore_uv*1 cuda0000240000a*1 
2026-09-27T18:24:35+04:00	ck9k-whole-256k	4	2722939	2722841	57	607694848	431972352	python3*49 ZMQbg/Reaper*4 ZMQbg/IO/0*4 
2026-09-27T18:24:46+04:00	ck9k-whole-256k	4	2722813	363	2	15536128	12288	uv*1 main2*1 
2026-09-27T18:24:46+04:00	ck9k-whole-256k	4	2722841	2722813	57	490409984	310128640	ft*51 ZMQbg/Reaper*3 ZMQbg/IO/0*3 
2026-09-27T18:24:46+04:00	ck9k-whole-256k	4	2722937	2722841	1	6885376	16384	python3*1 
2026-09-27T18:24:46+04:00	ck9k-whole-256k	4	2722938	2722841	45	22673715200	1896312832	python3*36 pt_gloo_runloop*2 ZMQbg/Reaper*2 ZMQbg/IO/0*2 pt_tcpstore_uv*1 cuda0000240000a*1 
2026-09-27T18:24:46+04:00	ck9k-whole-256k	4	2722939	2722841	57	607694848	431972352	python3*49 ZMQbg/Reaper*4 ZMQbg/IO/0*4 
2026-09-27T18:24:56+04:00	ck9k-whole-256k	4	2722813	363	2	15536128	12288	uv*1 main2*1 
2026-09-27T18:24:56+04:00	ck9k-whole-256k	4	2722841	2722813	57	490409984	310128640	ft*51 ZMQbg/Reaper*3 ZMQbg/IO/0*3 
2026-09-27T18:24:56+04:00	ck9k-whole-256k	4	2722937	2722841	1	6885376	16384	python3*1 
2026-09-27T18:24:56+04:00	ck9k-whole-256k	4	2722938	2722841	45	22673813504	1896411136	python3*36 pt_gloo_runloop*2 ZMQbg/Reaper*2 ZMQbg/IO/0*2 pt_tcpstore_uv*1 cuda0000240000a*1 
2026-09-27T18:24:56+04:00	ck9k-whole-256k	4	2722939	2722841	57	607694848	431972352	python3*49 ZMQbg/Reaper*4 ZMQbg/IO/0*4 
2026-09-27T18:25:08+04:00	ck9k-whole-256k	4	2722813	363	2	15536128	12288	uv*1 main2*1 
2026-09-27T18:25:08+04:00	ck9k-whole-256k	4	2722841	2722813	57	490409984	310128640	ft*51 ZMQbg/Reaper*3 ZMQbg/IO/0*3 
2026-09-27T18:25:08+04:00	ck9k-whole-256k	4	2722937	2722841	1	6885376	16384	python3*1 
2026-09-27T18:25:08+04:00	ck9k-whole-256k	4	2722938	2722841	45	22673915904	1896513536	python3*36 pt_gloo_runloop*2 ZMQbg/Reaper*2 ZMQbg/IO/0*2 pt_tcpstore_uv*1 cuda0000240000a*1 
2026-09-27T18:25:08+04:00	ck9k-whole-256k	4	2722939	2722841	57	607694848	431972352	python3*49 ZMQbg/Reaper*4 ZMQbg/IO/0*4 
2026-09-27T18:25:18+04:00	ck9k-whole-256k	4	2722813	363	2	15536128	12288	uv*1 main2*1 
2026-09-27T18:25:18+04:00	ck9k-whole-256k	4	2722841	2722813	57	490409984	310128640	ft*51 ZMQbg/Reaper*3 ZMQbg/IO/0*3 
2026-09-27T18:25:19+04:00	ck9k-whole-256k	4	2722937	2722841	1	6885376	16384	python3*1 
2026-09-27T18:25:19+04:00	ck9k-whole-256k	4	2722938	2722841	45	22674026496	1896624128	python3*36 pt_gloo_runloop*2 ZMQbg/Reaper*2 ZMQbg/IO/0*2 pt_tcpstore_uv*1 cuda0000240000a*1 
2026-09-27T18:25:19+04:00	ck9k-whole-256k	4	2722939	2722841	57	607694848	431972352	python3*49 ZMQbg/Reaper*4 ZMQbg/IO/0*4 
2026-09-27T18:25:29+04:00	ck9k-whole-256k	4	2722813	363	2	15536128	12288	uv*1 main2*1 
2026-09-27T18:25:29+04:00	ck9k-whole-256k	4	2722841	2722813	57	490409984	310128640	ft*51 ZMQbg/Reaper*3 ZMQbg/IO/0*3 
2026-09-27T18:25:29+04:00	ck9k-whole-256k	4	2722937	2722841	1	6885376	16384	python3*1 
2026-09-27T18:25:29+04:00	ck9k-whole-256k	4	2722938	2722841	45	22674120704	1896718336	python3*36 pt_gloo_runloop*2 ZMQbg/Reaper*2 ZMQbg/IO/0*2 pt_tcpstore_uv*1 cuda0000240000a*1 
2026-09-27T18:25:29+04:00	ck9k-whole-256k	4	2722939	2722841	57	607694848	431972352	python3*49 ZMQbg/Reaper*4 ZMQbg/IO/0*4 
2026-09-27T18:25:41+04:00	ck9k-whole-256k	4	2722813	363	2	15536128	12288	uv*1 main2*1 
2026-09-27T18:25:41+04:00	ck9k-whole-256k	4	2722841	2722813	57	491884544	311603200	ft*51 ZMQbg/Reaper*3 ZMQbg/IO/0*3 
2026-09-27T18:25:41+04:00	ck9k-whole-256k	4	2722937	2722841	1	6885376	16384	python3*1 
2026-09-27T18:25:41+04:00	ck9k-whole-256k	4	2722938	2722841	45	22676127744	1898725376	python3*36 pt_gloo_runloop*2 ZMQbg/Reaper*2 ZMQbg/IO/0*2 pt_tcpstore_uv*1 cuda0000240000a*1 
2026-09-27T18:25:41+04:00	ck9k-whole-256k	4	2722939	2722841	57	608497664	432775168	python3*49 ZMQbg/Reaper*4 ZMQbg/IO/0*4 
2026-09-27T18:25:51+04:00	ck9k-whole-256k	4	2722813	363	2	15536128	12288	uv*1 main2*1 
2026-09-27T18:25:51+04:00	ck9k-whole-256k	4	2722841	2722813	57	492617728	312336384	ft*51 ZMQbg/Reaper*3 ZMQbg/IO/0*3 
2026-09-27T18:25:51+04:00	ck9k-whole-256k	4	2722937	2722841	1	6885376	16384	python3*1 
2026-09-27T18:25:51+04:00	ck9k-whole-256k	4	2722938	2722841	45	22676140032	1898737664	python3*36 pt_gloo_runloop*2 ZMQbg/Reaper*2 ZMQbg/IO/0*2 pt_tcpstore_uv*1 cuda0000240000a*1 
2026-09-27T18:25:52+04:00	ck9k-whole-256k	4	2722939	2722841	57	608505856	432783360	python3*49 ZMQbg/Reaper*4 ZMQbg/IO/0*4 
2026-09-27T18:26:02+04:00	ck9k-whole-256k	4	2722813	363	2	15536128	12288	uv*1 main2*1 
2026-09-27T18:26:02+04:00	ck9k-whole-256k	4	2722841	2722813	57	492617728	312336384	ft*51 ZMQbg/Reaper*3 ZMQbg/IO/0*3 
2026-09-27T18:26:02+04:00	ck9k-whole-256k	4	2722937	2722841	1	6885376	16384	python3*1 
2026-09-27T18:26:02+04:00	ck9k-whole-256k	4	2722938	2722841	45	22676148224	1898745856	python3*36 pt_gloo_runloop*2 ZMQbg/Reaper*2 ZMQbg/IO/0*2 pt_tcpstore_uv*1 cuda0000240000a*1 
2026-09-27T18:26:02+04:00	ck9k-whole-256k	4	2722939	2722841	57	608509952	432787456	python3*49 ZMQbg/Reaper*4 ZMQbg/IO/0*4 
2026-09-27T18:26:14+04:00	ck9k-whole-256k	4	2722813	363	2	15536128	12288	uv*1 main2*1 
2026-09-27T18:26:14+04:00	ck9k-whole-256k	4	2722841	2722813	57	492617728	312336384	ft*51 ZMQbg/Reaper*3 ZMQbg/IO/0*3 
2026-09-27T18:26:14+04:00	ck9k-whole-256k	4	2722937	2722841	1	6885376	16384	python3*1 
2026-09-27T18:26:14+04:00	ck9k-whole-256k	4	2722938	2722841	45	22675316736	1897914368	python3*36 pt_gloo_runloop*2 ZMQbg/Reaper*2 ZMQbg/IO/0*2 pt_tcpstore_uv*1 cuda0000240000a*1 
2026-09-27T18:26:14+04:00	ck9k-whole-256k	4	2722939	2722841	57	608530432	432807936	python3*49 ZMQbg/Reaper*4 ZMQbg/IO/0*4 
2026-09-27T18:26:24+04:00	ck9k-whole-256k	4	2722813	363	2	15536128	12288	uv*1 main2*1 
2026-09-27T18:26:24+04:00	ck9k-whole-256k	4	2722841	2722813	57	492617728	312336384	ft*51 ZMQbg/Reaper*3 ZMQbg/IO/0*3 
2026-09-27T18:26:24+04:00	ck9k-whole-256k	4	2722937	2722841	1	6885376	16384	python3*1 
2026-09-27T18:26:24+04:00	ck9k-whole-256k	4	2722938	2722841	45	22675316736	1897914368	python3*36 pt_gloo_runloop*2 ZMQbg/Reaper*2 ZMQbg/IO/0*2 pt_tcpstore_uv*1 cuda0000240000a*1 
2026-09-27T18:26:24+04:00	ck9k-whole-256k	4	2722939	2722841	57	608534528	432812032	python3*49 ZMQbg/Reaper*4 ZMQbg/IO/0*4 
2026-09-27T18:26:35+04:00	ck9k-whole-256k	4	2722813	363	2	15536128	12288	uv*1 main2*1 
2026-09-27T18:26:35+04:00	ck9k-whole-256k	4	2722841	2722813	57	520159232	339877888	ft*51 ZMQbg/Reaper*3 ZMQbg/IO/0*3 
2026-09-27T18:26:35+04:00	ck9k-whole-256k	4	2722937	2722841	1	6885376	16384	python3*1 
2026-09-27T18:26:35+04:00	ck9k-whole-256k	4	2722938	2722841	45	22675312640	1897877504	python3*36 pt_gloo_runloop*2 ZMQbg/Reaper*2 ZMQbg/IO/0*2 pt_tcpstore_uv*1 cuda0000240000a*1 
2026-09-27T18:26:35+04:00	ck9k-whole-256k	4	2722939	2722841	57	590077952	414355456	python3*49 ZMQbg/Reaper*4 ZMQbg/IO/0*4 
2026-09-27T18:26:47+04:00	ck9k-whole-256k	4	2722813	363	2	15536128	12288	uv*1 main2*1 
2026-09-27T18:26:47+04:00	ck9k-whole-256k	4	2722841	2722813	57	520159232	339877888	ft*51 ZMQbg/Reaper*3 ZMQbg/IO/0*3 
2026-09-27T18:26:47+04:00	ck9k-whole-256k	4	2722937	2722841	1	6885376	16384	python3*1 
2026-09-27T18:26:47+04:00	ck9k-whole-256k	4	2722938	2722841	45	22675312640	1897877504	python3*36 pt_gloo_runloop*2 ZMQbg/Reaper*2 ZMQbg/IO/0*2 pt_tcpstore_uv*1 cuda0000240000a*1 
2026-09-27T18:26:47+04:00	ck9k-whole-256k	4	2722939	2722841	57	590077952	414355456	python3*49 ZMQbg/Reaper*4 ZMQbg/IO/0*4 
2026-09-27T18:26:57+04:00	ck9k-whole-256k	4	2722813	363	2	15536128	12288	uv*1 main2*1 
2026-09-27T18:26:57+04:00	ck9k-whole-256k	4	2722841	2722813	57	520159232	339877888	ft*51 ZMQbg/Reaper*3 ZMQbg/IO/0*3 
2026-09-27T18:26:57+04:00	ck9k-whole-256k	4	2722937	2722841	1	6885376	16384	python3*1 
2026-09-27T18:26:57+04:00	ck9k-whole-256k	4	2722938	2722841	45	22675312640	1897877504	python3*36 pt_gloo_runloop*2 ZMQbg/Reaper*2 ZMQbg/IO/0*2 pt_tcpstore_uv*1 cuda0000240000a*1 
2026-09-27T18:26:57+04:00	ck9k-whole-256k	4	2722939	2722841	57	590077952	414355456	python3*49 ZMQbg/Reaper*4 ZMQbg/IO/0*4 
2026-09-27T18:27:07+04:00	ck9k-whole-256k	4	2722813	363	2	15536128	12288	uv*1 main2*1 
2026-09-27T18:27:07+04:00	ck9k-whole-256k	4	2722841	2722813	57	520159232	339877888	ft*51 ZMQbg/Reaper*3 ZMQbg/IO/0*3 
2026-09-27T18:27:07+04:00	ck9k-whole-256k	4	2722937	2722841	1	6885376	16384	python3*1 
2026-09-27T18:27:07+04:00	ck9k-whole-256k	4	2722938	2722841	45	22675312640	1897877504	python3*36 pt_gloo_runloop*2 ZMQbg/Reaper*2 ZMQbg/IO/0*2 pt_tcpstore_uv*1 cuda0000240000a*1 
2026-09-27T18:27:08+04:00	ck9k-whole-256k	4	2722939	2722841	57	590077952	414355456	python3*49 ZMQbg/Reaper*4 ZMQbg/IO/0*4 
2026-09-27T18:27:20+04:00	ck9k-whole-256k	4	2722813	363	2	15536128	12288	uv*1 main2*1 
2026-09-27T18:27:20+04:00	ck9k-whole-256k	4	2722841	2722813	57	520159232	339877888	ft*51 ZMQbg/Reaper*3 ZMQbg/IO/0*3 
2026-09-27T18:27:20+04:00	ck9k-whole-256k	4	2722937	2722841	1	6885376	16384	python3*1 
2026-09-27T18:27:20+04:00	ck9k-whole-256k	4	2722938	2722841	45	22675312640	1897877504	python3*36 pt_gloo_runloop*2 ZMQbg/Reaper*2 ZMQbg/IO/0*2 pt_tcpstore_uv*1 cuda0000240000a*1 
2026-09-27T18:27:20+04:00	ck9k-whole-256k	4	2722939	2722841	57	590077952	414355456	python3*49 ZMQbg/Reaper*4 ZMQbg/IO/0*4 
2026-09-27T18:27:30+04:00	ck9k-whole-256k	4	2722813	363	2	15536128	12288	uv*1 main2*1 
2026-09-27T18:27:30+04:00	ck9k-whole-256k	4	2722841	2722813	57	602320896	422039552	ft*51 ZMQbg/Reaper*3 ZMQbg/IO/0*3 
2026-09-27T18:27:30+04:00	ck9k-whole-256k	4	2722937	2722841	1	6885376	16384	python3*1 
2026-09-27T18:27:30+04:00	ck9k-whole-256k	4	2722938	2722841	45	22686748672	1909313536	python3*36 pt_gloo_runloop*2 ZMQbg/Reaper*2 ZMQbg/IO/0*2 pt_tcpstore_uv*1 cuda0000240000a*1 
2026-09-27T18:27:30+04:00	ck9k-whole-256k	4	2722939	2722841	57	590082048	414359552	python3*49 ZMQbg/Reaper*4 ZMQbg/IO/0*4 
2026-09-27T18:34:45+04:00	ck9k-mirror-256k	0	2801944	363	3	25182208	6074368	uv*1 tokio-rt-worker*1 main2*1 
2026-09-27T18:34:45+04:00	ck9k-mirror-256k	0	2801961	2801944	22	699867136	422735872	ft*18 ZMQbg/Reaper*2 ZMQbg/IO/0*2 
2026-09-27T18:34:45+04:00	ck9k-mirror-256k	0	2802160	2801961	1	12763136	5943296	python3*1 
2026-09-27T18:34:45+04:00	ck9k-mirror-256k	0	2802161	2801961	25	2431062016	839913472	python3*20 pt_gloo_runloop*2 pt_tcpstore_uv*1 cuda0000240000a*1 cuda-EvtHandlr*1 
2026-09-27T18:34:45+04:00	ck9k-mirror-256k	0	2802163	2801961	23	883007488	606564352	python3*17 ZMQbg/Reaper*3 ZMQbg/IO/0*3 
2026-09-27T18:34:55+04:00	ck9k-mirror-256k	0	2801944	363	2	25313280	6074368	uv*1 main2*1 
2026-09-27T18:34:55+04:00	ck9k-mirror-256k	0	2801961	2801944	22	699879424	422748160	ft*18 ZMQbg/Reaper*2 ZMQbg/IO/0*2 
2026-09-27T18:34:55+04:00	ck9k-mirror-256k	0	2802160	2801961	1	12763136	5943296	python3*1 
2026-09-27T18:34:55+04:00	ck9k-mirror-256k	0	2802161	2801961	40	17474715648	15347499008	python3*35 pt_gloo_runloop*2 pt_tcpstore_uv*1 cuda0000240000a*1 cuda-EvtHandlr*1 
2026-09-27T18:34:56+04:00	ck9k-mirror-256k	0	2802163	2801961	23	883007488	606564352	python3*17 ZMQbg/Reaper*3 ZMQbg/IO/0*3 
2026-09-27T18:35:06+04:00	ck9k-mirror-256k	0	2801944	363	2	25313280	6074368	uv*1 main2*1 
2026-09-27T18:35:06+04:00	ck9k-mirror-256k	0	2801961	2801944	22	699879424	422748160	ft*18 ZMQbg/Reaper*2 ZMQbg/IO/0*2 
2026-09-27T18:35:06+04:00	ck9k-mirror-256k	0	2802160	2801961	1	12763136	5943296	python3*1 
2026-09-27T18:35:06+04:00	ck9k-mirror-256k	0	2802161	2801961	41	17565077504	15434039296	python3*36 pt_gloo_runloop*2 pt_tcpstore_uv*1 cuda0000240000a*1 cuda-EvtHandlr*1 
2026-09-27T18:35:06+04:00	ck9k-mirror-256k	0	2802163	2801961	23	883007488	606564352	python3*17 ZMQbg/Reaper*3 ZMQbg/IO/0*3 
2026-09-27T18:35:18+04:00	ck9k-mirror-256k	0	2801944	363	2	25313280	6074368	uv*1 main2*1 
2026-09-27T18:35:18+04:00	ck9k-mirror-256k	0	2801961	2801944	22	699887616	422756352	ft*18 ZMQbg/Reaper*2 ZMQbg/IO/0*2 
2026-09-27T18:35:18+04:00	ck9k-mirror-256k	0	2802160	2801961	1	12763136	5943296	python3*1 
2026-09-27T18:35:18+04:00	ck9k-mirror-256k	0	2802161	2801961	41	16343126016	15750729728	python3*36 pt_gloo_runloop*2 pt_tcpstore_uv*1 cuda0000240000a*1 cuda-EvtHandlr*1 
2026-09-27T18:35:18+04:00	ck9k-mirror-256k	0	2802163	2801961	23	883007488	606564352	python3*17 ZMQbg/Reaper*3 ZMQbg/IO/0*3 
2026-09-27T18:35:28+04:00	ck9k-mirror-256k	0	2801944	363	2	25313280	6074368	uv*1 main2*1 
2026-09-27T18:35:28+04:00	ck9k-mirror-256k	0	2801961	2801944	22	699887616	422756352	ft*18 ZMQbg/Reaper*2 ZMQbg/IO/0*2 
2026-09-27T18:35:28+04:00	ck9k-mirror-256k	0	2802160	2801961	1	12763136	5943296	python3*1 
2026-09-27T18:35:28+04:00	ck9k-mirror-256k	0	2802161	2801961	41	16343134208	15750737920	python3*36 pt_gloo_runloop*2 pt_tcpstore_uv*1 cuda0000240000a*1 cuda-EvtHandlr*1 
2026-09-27T18:35:28+04:00	ck9k-mirror-256k	0	2802163	2801961	23	883007488	606564352	python3*17 ZMQbg/Reaper*3 ZMQbg/IO/0*3 
2026-09-27T18:35:38+04:00	ck9k-mirror-256k	0	2801944	363	2	25313280	6074368	uv*1 main2*1 
2026-09-27T18:35:38+04:00	ck9k-mirror-256k	0	2801961	2801944	22	699887616	422756352	ft*18 ZMQbg/Reaper*2 ZMQbg/IO/0*2 
2026-09-27T18:35:38+04:00	ck9k-mirror-256k	0	2802160	2801961	1	12763136	5943296	python3*1 
2026-09-27T18:35:38+04:00	ck9k-mirror-256k	0	2802161	2801961	41	16601038848	15997927424	python3*36 pt_gloo_runloop*2 pt_tcpstore_uv*1 cuda0000240000a*1 cuda-EvtHandlr*1 
2026-09-27T18:35:38+04:00	ck9k-mirror-256k	0	2802163	2801961	23	883007488	606564352	python3*17 ZMQbg/Reaper*3 ZMQbg/IO/0*3 
2026-09-27T18:35:50+04:00	ck9k-mirror-256k	0	2801944	363	2	25313280	6074368	uv*1 main2*1 
2026-09-27T18:35:50+04:00	ck9k-mirror-256k	0	2801961	2801944	22	699887616	422756352	ft*18 ZMQbg/Reaper*2 ZMQbg/IO/0*2 
2026-09-27T18:35:50+04:00	ck9k-mirror-256k	0	2802160	2801961	1	12763136	5943296	python3*1 
2026-09-27T18:35:50+04:00	ck9k-mirror-256k	0	2802161	2801961	41	16859500544	16250433536	python3*36 pt_gloo_runloop*2 pt_tcpstore_uv*1 cuda0000240000a*1 cuda-EvtHandlr*1 
2026-09-27T18:35:50+04:00	ck9k-mirror-256k	0	2802163	2801961	23	883007488	606564352	python3*17 ZMQbg/Reaper*3 ZMQbg/IO/0*3 
2026-09-27T18:36:00+04:00	ck9k-mirror-256k	0	2801944	363	2	25296896	6074368	uv*1 main2*1 
2026-09-27T18:36:00+04:00	ck9k-mirror-256k	0	2801961	2801944	39	903221248	622100480	ft*35 ZMQbg/Reaper*2 ZMQbg/IO/0*2 
2026-09-27T18:36:00+04:00	ck9k-mirror-256k	0	2802160	2801961	1	12754944	5943296	python3*1 
2026-09-27T18:36:00+04:00	ck9k-mirror-256k	0	2802161	2801961	45	17062195200	16450826240	python3*36 pt_gloo_runloop*2 ZMQbg/Reaper*2 ZMQbg/IO/0*2 pt_tcpstore_uv*1 cuda0000240000a*1 
2026-09-27T18:36:01+04:00	ck9k-mirror-256k	0	2802163	2801961	39	885075968	607391744	python3*33 ZMQbg/Reaper*3 ZMQbg/IO/0*3 
2026-09-27T18:36:11+04:00	ck9k-mirror-256k	0	2801944	363	2	25296896	6074368	uv*1 main2*1 
2026-09-27T18:36:11+04:00	ck9k-mirror-256k	0	2801961	2801944	39	903217152	622100480	ft*35 ZMQbg/Reaper*2 ZMQbg/IO/0*2 
2026-09-27T18:36:11+04:00	ck9k-mirror-256k	0	2802160	2801961	1	12754944	5943296	python3*1 
2026-09-27T18:36:11+04:00	ck9k-mirror-256k	0	2802161	2801961	45	17062170624	16450826240	python3*36 pt_gloo_runloop*2 ZMQbg/Reaper*2 ZMQbg/IO/0*2 pt_tcpstore_uv*1 cuda0000240000a*1 
2026-09-27T18:36:11+04:00	ck9k-mirror-256k	0	2802163	2801961	39	885071872	607391744	python3*33 ZMQbg/Reaper*3 ZMQbg/IO/0*3 
2026-09-27T18:36:21+04:00	ck9k-mirror-256k	1	2801944	363	2	25296896	6074368	uv*1 main2*1 
2026-09-27T18:36:21+04:00	ck9k-mirror-256k	1	2801961	2801944	57	976850944	695709696	ft*51 ZMQbg/Reaper*3 ZMQbg/IO/0*3 
2026-09-27T18:36:21+04:00	ck9k-mirror-256k	1	2802160	2801961	1	12754944	5943296	python3*1 
2026-09-27T18:36:21+04:00	ck9k-mirror-256k	1	2802161	2801961	45	17063358464	16451850240	python3*36 pt_gloo_runloop*2 ZMQbg/Reaper*2 ZMQbg/IO/0*2 pt_tcpstore_uv*1 cuda0000240000a*1 
2026-09-27T18:36:21+04:00	ck9k-mirror-256k	1	2802163	2801961	57	946491392	668811264	python3*49 ZMQbg/Reaper*4 ZMQbg/IO/0*4 
2026-09-27T18:36:33+04:00	ck9k-mirror-256k	1	2801944	363	2	25296896	6074368	uv*1 main2*1 
2026-09-27T18:36:33+04:00	ck9k-mirror-256k	1	2801961	2801944	57	976850944	695709696	ft*51 ZMQbg/Reaper*3 ZMQbg/IO/0*3 
2026-09-27T18:36:33+04:00	ck9k-mirror-256k	1	2802160	2801961	1	12754944	5943296	python3*1 
2026-09-27T18:36:33+04:00	ck9k-mirror-256k	1	2802161	2801961	45	17063358464	16451850240	python3*36 pt_gloo_runloop*2 ZMQbg/Reaper*2 ZMQbg/IO/0*2 pt_tcpstore_uv*1 cuda0000240000a*1 
2026-09-27T18:36:33+04:00	ck9k-mirror-256k	1	2802163	2801961	57	946491392	668811264	python3*49 ZMQbg/Reaper*4 ZMQbg/IO/0*4 
2026-09-27T18:36:44+04:00	ck9k-mirror-256k	1	2801944	363	2	25296896	6074368	uv*1 main2*1 
2026-09-27T18:36:44+04:00	ck9k-mirror-256k	1	2801961	2801944	57	976850944	695709696	ft*51 ZMQbg/Reaper*3 ZMQbg/IO/0*3 
2026-09-27T18:36:44+04:00	ck9k-mirror-256k	1	2802160	2801961	1	12754944	5943296	python3*1 
2026-09-27T18:36:44+04:00	ck9k-mirror-256k	1	2802161	2801961	45	17063358464	16451850240	python3*36 pt_gloo_runloop*2 ZMQbg/Reaper*2 ZMQbg/IO/0*2 pt_tcpstore_uv*1 cuda0000240000a*1 
2026-09-27T18:36:44+04:00	ck9k-mirror-256k	1	2802163	2801961	57	946491392	668811264	python3*49 ZMQbg/Reaper*4 ZMQbg/IO/0*4 
2026-09-27T18:36:54+04:00	ck9k-mirror-256k	1	2801944	363	2	25296896	6074368	uv*1 main2*1 
2026-09-27T18:36:54+04:00	ck9k-mirror-256k	1	2801961	2801944	57	976850944	695709696	ft*51 ZMQbg/Reaper*3 ZMQbg/IO/0*3 
2026-09-27T18:36:54+04:00	ck9k-mirror-256k	1	2802160	2801961	1	12754944	5943296	python3*1 
2026-09-27T18:36:54+04:00	ck9k-mirror-256k	1	2802161	2801961	45	17063358464	16451850240	python3*36 pt_gloo_runloop*2 ZMQbg/Reaper*2 ZMQbg/IO/0*2 pt_tcpstore_uv*1 cuda0000240000a*1 
2026-09-27T18:36:54+04:00	ck9k-mirror-256k	1	2802163	2801961	57	946491392	668811264	python3*49 ZMQbg/Reaper*4 ZMQbg/IO/0*4 
2026-09-27T18:37:06+04:00	ck9k-mirror-256k	1	2801944	363	2	25296896	6074368	uv*1 main2*1 
2026-09-27T18:37:06+04:00	ck9k-mirror-256k	1	2801961	2801944	57	976850944	695709696	ft*51 ZMQbg/Reaper*3 ZMQbg/IO/0*3 
2026-09-27T18:37:06+04:00	ck9k-mirror-256k	1	2802160	2801961	1	12754944	5943296	python3*1 
2026-09-27T18:37:06+04:00	ck9k-mirror-256k	1	2802161	2801961	45	17063358464	16451850240	python3*36 pt_gloo_runloop*2 ZMQbg/Reaper*2 ZMQbg/IO/0*2 pt_tcpstore_uv*1 cuda0000240000a*1 
2026-09-27T18:37:06+04:00	ck9k-mirror-256k	1	2802163	2801961	57	946491392	668811264	python3*49 ZMQbg/Reaper*4 ZMQbg/IO/0*4 
2026-09-27T18:37:16+04:00	ck9k-mirror-256k	1	2801944	363	2	25296896	6074368	uv*1 main2*1 
2026-09-27T18:37:16+04:00	ck9k-mirror-256k	1	2801961	2801944	57	976850944	695709696	ft*51 ZMQbg/Reaper*3 ZMQbg/IO/0*3 
2026-09-27T18:37:16+04:00	ck9k-mirror-256k	1	2802160	2801961	1	12754944	5943296	python3*1 
2026-09-27T18:37:16+04:00	ck9k-mirror-256k	1	2802161	2801961	45	17063358464	16451850240	python3*36 pt_gloo_runloop*2 ZMQbg/Reaper*2 ZMQbg/IO/0*2 pt_tcpstore_uv*1 cuda0000240000a*1 
2026-09-27T18:37:16+04:00	ck9k-mirror-256k	1	2802163	2801961	57	946491392	668811264	python3*49 ZMQbg/Reaper*4 ZMQbg/IO/0*4 
2026-09-27T18:37:26+04:00	ck9k-mirror-256k	1	2801944	363	2	25296896	6074368	uv*1 main2*1 
2026-09-27T18:37:26+04:00	ck9k-mirror-256k	1	2801961	2801944	57	976850944	695709696	ft*51 ZMQbg/Reaper*3 ZMQbg/IO/0*3 
2026-09-27T18:37:26+04:00	ck9k-mirror-256k	1	2802160	2801961	1	12754944	5943296	python3*1 
2026-09-27T18:37:26+04:00	ck9k-mirror-256k	1	2802161	2801961	45	17063358464	16451850240	python3*36 pt_gloo_runloop*2 ZMQbg/Reaper*2 ZMQbg/IO/0*2 pt_tcpstore_uv*1 cuda0000240000a*1 
2026-09-27T18:37:26+04:00	ck9k-mirror-256k	1	2802163	2801961	57	946491392	668811264	python3*49 ZMQbg/Reaper*4 ZMQbg/IO/0*4 
2026-09-27T18:37:38+04:00	ck9k-mirror-256k	1	2801944	363	2	25296896	6074368	uv*1 main2*1 
2026-09-27T18:37:38+04:00	ck9k-mirror-256k	1	2801961	2801944	57	976850944	695709696	ft*51 ZMQbg/Reaper*3 ZMQbg/IO/0*3 
2026-09-27T18:37:38+04:00	ck9k-mirror-256k	1	2802160	2801961	1	12754944	5943296	python3*1 
2026-09-27T18:37:38+04:00	ck9k-mirror-256k	1	2802161	2801961	45	17063358464	16451850240	python3*36 pt_gloo_runloop*2 ZMQbg/Reaper*2 ZMQbg/IO/0*2 pt_tcpstore_uv*1 cuda0000240000a*1 
2026-09-27T18:37:39+04:00	ck9k-mirror-256k	1	2802163	2801961	57	946491392	668811264	python3*49 ZMQbg/Reaper*4 ZMQbg/IO/0*4 
2026-09-27T18:37:49+04:00	ck9k-mirror-256k	3	2801944	363	2	25296896	6074368	uv*1 main2*1 
2026-09-27T18:37:49+04:00	ck9k-mirror-256k	3	2801961	2801944	57	976982016	695840768	ft*51 ZMQbg/Reaper*3 ZMQbg/IO/0*3 
2026-09-27T18:37:49+04:00	ck9k-mirror-256k	3	2802160	2801961	1	12754944	5943296	python3*1 
2026-09-27T18:37:49+04:00	ck9k-mirror-256k	3	2802161	2801961	45	17123778560	16510664704	python3*36 pt_gloo_runloop*2 ZMQbg/Reaper*2 ZMQbg/IO/0*2 pt_tcpstore_uv*1 cuda0000240000a*1 
2026-09-27T18:37:49+04:00	ck9k-mirror-256k	3	2802163	2801961	57	899399680	621719552	python3*49 ZMQbg/Reaper*4 ZMQbg/IO/0*4 
2026-09-27T18:37:59+04:00	ck9k-mirror-256k	3	2801944	363	2	25296896	6074368	uv*1 main2*1 
2026-09-27T18:37:59+04:00	ck9k-mirror-256k	3	2801961	2801944	57	976982016	695840768	ft*51 ZMQbg/Reaper*3 ZMQbg/IO/0*3 
2026-09-27T18:37:59+04:00	ck9k-mirror-256k	3	2802160	2801961	1	12754944	5943296	python3*1 
2026-09-27T18:37:59+04:00	ck9k-mirror-256k	3	2802161	2801961	45	17123778560	16510664704	python3*36 pt_gloo_runloop*2 ZMQbg/Reaper*2 ZMQbg/IO/0*2 pt_tcpstore_uv*1 cuda0000240000a*1 
2026-09-27T18:37:59+04:00	ck9k-mirror-256k	3	2802163	2801961	57	899399680	621719552	python3*49 ZMQbg/Reaper*4 ZMQbg/IO/0*4 
2026-09-27T18:38:11+04:00	ck9k-mirror-256k	3	2801944	363	2	25296896	6074368	uv*1 main2*1 
2026-09-27T18:38:11+04:00	ck9k-mirror-256k	3	2801961	2801944	57	976982016	695840768	ft*51 ZMQbg/Reaper*3 ZMQbg/IO/0*3 
2026-09-27T18:38:11+04:00	ck9k-mirror-256k	3	2802160	2801961	1	12754944	5943296	python3*1 
2026-09-27T18:38:11+04:00	ck9k-mirror-256k	3	2802161	2801961	45	17123778560	16510664704	python3*36 pt_gloo_runloop*2 ZMQbg/Reaper*2 ZMQbg/IO/0*2 pt_tcpstore_uv*1 cuda0000240000a*1 
2026-09-27T18:38:11+04:00	ck9k-mirror-256k	3	2802163	2801961	57	899399680	621719552	python3*49 ZMQbg/Reaper*4 ZMQbg/IO/0*4 
2026-09-27T18:38:21+04:00	ck9k-mirror-256k	3	2801944	363	2	25296896	6074368	uv*1 main2*1 
2026-09-27T18:38:21+04:00	ck9k-mirror-256k	3	2801961	2801944	57	976982016	695840768	ft*51 ZMQbg/Reaper*3 ZMQbg/IO/0*3 
2026-09-27T18:38:21+04:00	ck9k-mirror-256k	3	2802160	2801961	1	12754944	5943296	python3*1 
2026-09-27T18:38:21+04:00	ck9k-mirror-256k	3	2802161	2801961	45	17123778560	16510664704	python3*36 pt_gloo_runloop*2 ZMQbg/Reaper*2 ZMQbg/IO/0*2 pt_tcpstore_uv*1 cuda0000240000a*1 
2026-09-27T18:38:21+04:00	ck9k-mirror-256k	3	2802163	2801961	57	899399680	621719552	python3*49 ZMQbg/Reaper*4 ZMQbg/IO/0*4 
2026-09-27T18:38:31+04:00	ck9k-mirror-256k	3	2801944	363	2	25296896	6074368	uv*1 main2*1 
2026-09-27T18:38:31+04:00	ck9k-mirror-256k	3	2801961	2801944	57	976982016	695840768	ft*51 ZMQbg/Reaper*3 ZMQbg/IO/0*3 
2026-09-27T18:38:31+04:00	ck9k-mirror-256k	3	2802160	2801961	1	12754944	5943296	python3*1 
2026-09-27T18:38:31+04:00	ck9k-mirror-256k	3	2802161	2801961	45	17123778560	16510664704	python3*36 pt_gloo_runloop*2 ZMQbg/Reaper*2 ZMQbg/IO/0*2 pt_tcpstore_uv*1 cuda0000240000a*1 
2026-09-27T18:38:32+04:00	ck9k-mirror-256k	3	2802163	2801961	57	899399680	621719552	python3*49 ZMQbg/Reaper*4 ZMQbg/IO/0*4 
2026-09-27T18:38:44+04:00	ck9k-mirror-256k	3	2801944	363	2	25296896	6074368	uv*1 main2*1 
2026-09-27T18:38:44+04:00	ck9k-mirror-256k	3	2801961	2801944	57	976982016	695840768	ft*51 ZMQbg/Reaper*3 ZMQbg/IO/0*3 
2026-09-27T18:38:44+04:00	ck9k-mirror-256k	3	2802160	2801961	1	12754944	5943296	python3*1 
2026-09-27T18:38:44+04:00	ck9k-mirror-256k	3	2802161	2801961	45	17123778560	16510664704	python3*36 pt_gloo_runloop*2 ZMQbg/Reaper*2 ZMQbg/IO/0*2 pt_tcpstore_uv*1 cuda0000240000a*1 
2026-09-27T18:38:44+04:00	ck9k-mirror-256k	3	2802163	2801961	57	899399680	621719552	python3*49 ZMQbg/Reaper*4 ZMQbg/IO/0*4 
2026-09-27T18:38:54+04:00	ck9k-mirror-256k	3	2801944	363	2	25296896	6074368	uv*1 main2*1 
2026-09-27T18:38:54+04:00	ck9k-mirror-256k	3	2801961	2801944	57	976982016	695840768	ft*51 ZMQbg/Reaper*3 ZMQbg/IO/0*3 
2026-09-27T18:38:54+04:00	ck9k-mirror-256k	3	2802160	2801961	1	12754944	5943296	python3*1 
2026-09-27T18:38:54+04:00	ck9k-mirror-256k	3	2802161	2801961	45	17123778560	16510664704	python3*36 pt_gloo_runloop*2 ZMQbg/Reaper*2 ZMQbg/IO/0*2 pt_tcpstore_uv*1 cuda0000240000a*1 
2026-09-27T18:38:54+04:00	ck9k-mirror-256k	3	2802163	2801961	57	899399680	621719552	python3*49 ZMQbg/Reaper*4 ZMQbg/IO/0*4 
2026-09-27T18:39:04+04:00	ck9k-mirror-256k	4	2801944	363	2	25296896	6074368	uv*1 main2*1 
2026-09-27T18:39:04+04:00	ck9k-mirror-256k	4	2801961	2801944	57	977281024	696139776	ft*51 ZMQbg/Reaper*3 ZMQbg/IO/0*3 
2026-09-27T18:39:04+04:00	ck9k-mirror-256k	4	2802160	2801961	1	12754944	5943296	python3*1 
2026-09-27T18:39:04+04:00	ck9k-mirror-256k	4	2802161	2801961	45	17132167168	16519053312	python3*36 pt_gloo_runloop*2 ZMQbg/Reaper*2 ZMQbg/IO/0*2 pt_tcpstore_uv*1 cuda0000240000a*1 
2026-09-27T18:39:04+04:00	ck9k-mirror-256k	4	2802163	2801961	57	899399680	621719552	python3*49 ZMQbg/Reaper*4 ZMQbg/IO/0*4 
2026-09-27T18:39:16+04:00	ck9k-mirror-256k	4	2801944	363	2	25296896	6074368	uv*1 main2*1 
2026-09-27T18:39:16+04:00	ck9k-mirror-256k	4	2801961	2801944	57	977371136	696229888	ft*51 ZMQbg/Reaper*3 ZMQbg/IO/0*3 
2026-09-27T18:39:16+04:00	ck9k-mirror-256k	4	2802160	2801961	1	12754944	5943296	python3*1 
2026-09-27T18:39:16+04:00	ck9k-mirror-256k	4	2802161	2801961	45	17132781568	16519053312	python3*36 pt_gloo_runloop*2 ZMQbg/Reaper*2 ZMQbg/IO/0*2 pt_tcpstore_uv*1 cuda0000240000a*1 
2026-09-27T18:39:16+04:00	ck9k-mirror-256k	4	2802163	2801961	57	899399680	621719552	python3*49 ZMQbg/Reaper*4 ZMQbg/IO/0*4 
2026-09-27T18:39:27+04:00	ck9k-mirror-256k	4	2801944	363	2	25296896	6074368	uv*1 main2*1 
2026-09-27T18:39:27+04:00	ck9k-mirror-256k	4	2801961	2801944	57	977371136	696229888	ft*51 ZMQbg/Reaper*3 ZMQbg/IO/0*3 
2026-09-27T18:39:27+04:00	ck9k-mirror-256k	4	2802160	2801961	1	12754944	5943296	python3*1 
2026-09-27T18:39:27+04:00	ck9k-mirror-256k	4	2802161	2801961	45	17132781568	16519053312	python3*36 pt_gloo_runloop*2 ZMQbg/Reaper*2 ZMQbg/IO/0*2 pt_tcpstore_uv*1 cuda0000240000a*1 
2026-09-27T18:39:27+04:00	ck9k-mirror-256k	4	2802163	2801961	57	899399680	621719552	python3*49 ZMQbg/Reaper*4 ZMQbg/IO/0*4 
2026-09-27T18:39:37+04:00	ck9k-mirror-256k	4	2801944	363	2	25296896	6074368	uv*1 main2*1 
2026-09-27T18:39:37+04:00	ck9k-mirror-256k	4	2801961	2801944	57	977371136	696229888	ft*51 ZMQbg/Reaper*3 ZMQbg/IO/0*3 
2026-09-27T18:39:37+04:00	ck9k-mirror-256k	4	2802160	2801961	1	12754944	5943296	python3*1 
2026-09-27T18:39:37+04:00	ck9k-mirror-256k	4	2802161	2801961	45	17132781568	16519053312	python3*36 pt_gloo_runloop*2 ZMQbg/Reaper*2 ZMQbg/IO/0*2 pt_tcpstore_uv*1 cuda0000240000a*1 
2026-09-27T18:39:37+04:00	ck9k-mirror-256k	4	2802163	2801961	57	899399680	621719552	python3*49 ZMQbg/Reaper*4 ZMQbg/IO/0*4 
2026-09-27T18:39:49+04:00	ck9k-mirror-256k	4	2801944	363	2	25296896	6074368	uv*1 main2*1 
2026-09-27T18:39:49+04:00	ck9k-mirror-256k	4	2801961	2801944	57	977371136	696229888	ft*51 ZMQbg/Reaper*3 ZMQbg/IO/0*3 
2026-09-27T18:39:49+04:00	ck9k-mirror-256k	4	2802160	2801961	1	12754944	5943296	python3*1 
2026-09-27T18:39:49+04:00	ck9k-mirror-256k	4	2802161	2801961	45	17132781568	16519053312	python3*36 pt_gloo_runloop*2 ZMQbg/Reaper*2 ZMQbg/IO/0*2 pt_tcpstore_uv*1 cuda0000240000a*1 
2026-09-27T18:39:49+04:00	ck9k-mirror-256k	4	2802163	2801961	57	899399680	621719552	python3*49 ZMQbg/Reaper*4 ZMQbg/IO/0*4 
2026-09-27T18:39:59+04:00	ck9k-mirror-256k	4	2801944	363	2	25296896	6074368	uv*1 main2*1 
2026-09-27T18:39:59+04:00	ck9k-mirror-256k	4	2801961	2801944	57	977371136	696229888	ft*51 ZMQbg/Reaper*3 ZMQbg/IO/0*3 
2026-09-27T18:39:59+04:00	ck9k-mirror-256k	4	2802160	2801961	1	12754944	5943296	python3*1 
2026-09-27T18:39:59+04:00	ck9k-mirror-256k	4	2802161	2801961	45	17132781568	16519053312	python3*36 pt_gloo_runloop*2 ZMQbg/Reaper*2 ZMQbg/IO/0*2 pt_tcpstore_uv*1 cuda0000240000a*1 
2026-09-27T18:39:59+04:00	ck9k-mirror-256k	4	2802163	2801961	57	899399680	621719552	python3*49 ZMQbg/Reaper*4 ZMQbg/IO/0*4 
2026-09-27T18:40:09+04:00	ck9k-mirror-256k	4	2801944	363	2	25296896	6074368	uv*1 main2*1 
2026-09-27T18:40:09+04:00	ck9k-mirror-256k	4	2801961	2801944	57	977371136	696229888	ft*51 ZMQbg/Reaper*3 ZMQbg/IO/0*3 
2026-09-27T18:40:09+04:00	ck9k-mirror-256k	4	2802160	2801961	1	12754944	5943296	python3*1 
2026-09-27T18:40:09+04:00	ck9k-mirror-256k	4	2802161	2801961	45	17132781568	16519053312	python3*36 pt_gloo_runloop*2 ZMQbg/Reaper*2 ZMQbg/IO/0*2 pt_tcpstore_uv*1 cuda0000240000a*1 
2026-09-27T18:40:09+04:00	ck9k-mirror-256k	4	2802163	2801961	57	899399680	621719552	python3*49 ZMQbg/Reaper*4 ZMQbg/IO/0*4 
2026-09-27T18:40:19+04:00	ck9k-mirror-256k	4	2801944	363	2	25296896	6074368	uv*1 main2*1 
2026-09-27T18:40:19+04:00	ck9k-mirror-256k	4	2801961	2801944	57	977371136	696229888	ft*51 ZMQbg/Reaper*3 ZMQbg/IO/0*3 
2026-09-27T18:40:19+04:00	ck9k-mirror-256k	4	2802160	2801961	1	12754944	5943296	python3*1 
2026-09-27T18:40:19+04:00	ck9k-mirror-256k	4	2802161	2801961	45	17132781568	16519053312	python3*36 pt_gloo_runloop*2 ZMQbg/Reaper*2 ZMQbg/IO/0*2 pt_tcpstore_uv*1 cuda0000240000a*1 
2026-09-27T18:40:20+04:00	ck9k-mirror-256k	4	2802163	2801961	57	899399680	621719552	python3*49 ZMQbg/Reaper*4 ZMQbg/IO/0*4 
2026-09-27T18:40:32+04:00	ck9k-mirror-256k	4	2801944	363	2	25296896	6074368	uv*1 main2*1 
2026-09-27T18:40:32+04:00	ck9k-mirror-256k	4	2801961	2801944	57	977371136	696229888	ft*51 ZMQbg/Reaper*3 ZMQbg/IO/0*3 
2026-09-27T18:40:32+04:00	ck9k-mirror-256k	4	2802160	2801961	1	12754944	5943296	python3*1 
2026-09-27T18:40:32+04:00	ck9k-mirror-256k	4	2802161	2801961	45	17132781568	16519053312	python3*36 pt_gloo_runloop*2 ZMQbg/Reaper*2 ZMQbg/IO/0*2 pt_tcpstore_uv*1 cuda0000240000a*1 
2026-09-27T18:40:32+04:00	ck9k-mirror-256k	4	2802163	2801961	57	899399680	621719552	python3*49 ZMQbg/Reaper*4 ZMQbg/IO/0*4 
2026-09-27T18:40:42+04:00	ck9k-mirror-256k	4	2801944	363	2	25296896	6074368	uv*1 main2*1 
2026-09-27T18:40:42+04:00	ck9k-mirror-256k	4	2801961	2801944	57	977371136	696229888	ft*51 ZMQbg/Reaper*3 ZMQbg/IO/0*3 
2026-09-27T18:40:42+04:00	ck9k-mirror-256k	4	2802160	2801961	1	12754944	5943296	python3*1 
2026-09-27T18:40:42+04:00	ck9k-mirror-256k	4	2802161	2801961	45	17132781568	16519053312	python3*36 pt_gloo_runloop*2 ZMQbg/Reaper*2 ZMQbg/IO/0*2 pt_tcpstore_uv*1 cuda0000240000a*1 
2026-09-27T18:40:42+04:00	ck9k-mirror-256k	4	2802163	2801961	57	899399680	621719552	python3*49 ZMQbg/Reaper*4 ZMQbg/IO/0*4 
2026-09-27T18:40:52+04:00	ck9k-mirror-256k	4	2801944	363	2	25296896	6074368	uv*1 main2*1 
2026-09-27T18:40:52+04:00	ck9k-mirror-256k	4	2801961	2801944	57	977371136	696229888	ft*51 ZMQbg/Reaper*3 ZMQbg/IO/0*3 
2026-09-27T18:40:52+04:00	ck9k-mirror-256k	4	2802160	2801961	1	12754944	5943296	python3*1 
2026-09-27T18:40:52+04:00	ck9k-mirror-256k	4	2802161	2801961	45	17132781568	16519053312	python3*36 pt_gloo_runloop*2 ZMQbg/Reaper*2 ZMQbg/IO/0*2 pt_tcpstore_uv*1 cuda0000240000a*1 
2026-09-27T18:40:52+04:00	ck9k-mirror-256k	4	2802163	2801961	57	899399680	621719552	python3*49 ZMQbg/Reaper*4 ZMQbg/IO/0*4 
2026-09-27T18:41:04+04:00	ck9k-mirror-256k	4	2801944	363	2	25296896	6074368	uv*1 main2*1 
2026-09-27T18:41:04+04:00	ck9k-mirror-256k	4	2801961	2801944	57	977371136	696229888	ft*51 ZMQbg/Reaper*3 ZMQbg/IO/0*3 
2026-09-27T18:41:04+04:00	ck9k-mirror-256k	4	2802160	2801961	1	12754944	5943296	python3*1 
2026-09-27T18:41:04+04:00	ck9k-mirror-256k	4	2802161	2801961	45	17132781568	16519053312	python3*36 pt_gloo_runloop*2 ZMQbg/Reaper*2 ZMQbg/IO/0*2 pt_tcpstore_uv*1 cuda0000240000a*1 
2026-09-27T18:41:04+04:00	ck9k-mirror-256k	4	2802163	2801961	57	899399680	621719552	python3*49 ZMQbg/Reaper*4 ZMQbg/IO/0*4 
2026-09-27T18:41:14+04:00	ck9k-mirror-256k	4	2801944	363	2	25296896	6074368	uv*1 main2*1 
2026-09-27T18:41:14+04:00	ck9k-mirror-256k	4	2801961	2801944	57	977371136	696229888	ft*51 ZMQbg/Reaper*3 ZMQbg/IO/0*3 
2026-09-27T18:41:14+04:00	ck9k-mirror-256k	4	2802160	2801961	1	12754944	5943296	python3*1 
2026-09-27T18:41:14+04:00	ck9k-mirror-256k	4	2802161	2801961	45	17132781568	16519053312	python3*36 pt_gloo_runloop*2 ZMQbg/Reaper*2 ZMQbg/IO/0*2 pt_tcpstore_uv*1 cuda0000240000a*1 
2026-09-27T18:41:14+04:00	ck9k-mirror-256k	4	2802163	2801961	57	899399680	621719552	python3*49 ZMQbg/Reaper*4 ZMQbg/IO/0*4 
2026-09-27T18:41:24+04:00	ck9k-mirror-256k	4	2801944	363	2	25296896	6074368	uv*1 main2*1 
2026-09-27T18:41:24+04:00	ck9k-mirror-256k	4	2801961	2801944	57	977371136	696229888	ft*51 ZMQbg/Reaper*3 ZMQbg/IO/0*3 
2026-09-27T18:41:24+04:00	ck9k-mirror-256k	4	2802160	2801961	1	12754944	5943296	python3*1 
2026-09-27T18:41:25+04:00	ck9k-mirror-256k	4	2802161	2801961	45	17132781568	16519053312	python3*36 pt_gloo_runloop*2 ZMQbg/Reaper*2 ZMQbg/IO/0*2 pt_tcpstore_uv*1 cuda0000240000a*1 
2026-09-27T18:41:25+04:00	ck9k-mirror-256k	4	2802163	2801961	57	899399680	621719552	python3*49 ZMQbg/Reaper*4 ZMQbg/IO/0*4 
2026-09-27T18:41:37+04:00	ck9k-mirror-256k	4	2801944	363	2	25296896	6074368	uv*1 main2*1 
2026-09-27T18:41:37+04:00	ck9k-mirror-256k	4	2801961	2801944	57	977371136	696229888	ft*51 ZMQbg/Reaper*3 ZMQbg/IO/0*3 
2026-09-27T18:41:37+04:00	ck9k-mirror-256k	4	2802160	2801961	1	12754944	5943296	python3*1 
2026-09-27T18:41:37+04:00	ck9k-mirror-256k	4	2802161	2801961	45	17132781568	16519053312	python3*36 pt_gloo_runloop*2 ZMQbg/Reaper*2 ZMQbg/IO/0*2 pt_tcpstore_uv*1 cuda0000240000a*1 
2026-09-27T18:41:37+04:00	ck9k-mirror-256k	4	2802163	2801961	57	899399680	621719552	python3*49 ZMQbg/Reaper*4 ZMQbg/IO/0*4 
2026-09-27T18:41:47+04:00	ck9k-mirror-256k	4	2801944	363	2	25296896	6074368	uv*1 main2*1 
2026-09-27T18:41:47+04:00	ck9k-mirror-256k	4	2801961	2801944	57	977371136	696229888	ft*51 ZMQbg/Reaper*3 ZMQbg/IO/0*3 
2026-09-27T18:41:47+04:00	ck9k-mirror-256k	4	2802160	2801961	1	12754944	5943296	python3*1 
2026-09-27T18:41:47+04:00	ck9k-mirror-256k	4	2802161	2801961	45	17132781568	16519053312	python3*36 pt_gloo_runloop*2 ZMQbg/Reaper*2 ZMQbg/IO/0*2 pt_tcpstore_uv*1 cuda0000240000a*1 
2026-09-27T18:41:47+04:00	ck9k-mirror-256k	4	2802163	2801961	57	899399680	621719552	python3*49 ZMQbg/Reaper*4 ZMQbg/IO/0*4 
2026-09-27T18:41:57+04:00	ck9k-mirror-256k	4	2801944	363	2	25296896	6074368	uv*1 main2*1 
2026-09-27T18:41:57+04:00	ck9k-mirror-256k	4	2801961	2801944	57	977371136	696229888	ft*51 ZMQbg/Reaper*3 ZMQbg/IO/0*3 
2026-09-27T18:41:57+04:00	ck9k-mirror-256k	4	2802160	2801961	1	12754944	5943296	python3*1 
2026-09-27T18:41:57+04:00	ck9k-mirror-256k	4	2802161	2801961	45	17132781568	16519053312	python3*36 pt_gloo_runloop*2 ZMQbg/Reaper*2 ZMQbg/IO/0*2 pt_tcpstore_uv*1 cuda0000240000a*1 
2026-09-27T18:41:57+04:00	ck9k-mirror-256k	4	2802163	2801961	57	899399680	621719552	python3*49 ZMQbg/Reaper*4 ZMQbg/IO/0*4 
2026-09-27T18:42:09+04:00	ck9k-mirror-256k	4	2801944	363	2	25296896	6074368	uv*1 main2*1 
2026-09-27T18:42:09+04:00	ck9k-mirror-256k	4	2801961	2801944	57	977371136	696229888	ft*51 ZMQbg/Reaper*3 ZMQbg/IO/0*3 
2026-09-27T18:42:09+04:00	ck9k-mirror-256k	4	2802160	2801961	1	12754944	5943296	python3*1 
2026-09-27T18:42:09+04:00	ck9k-mirror-256k	4	2802161	2801961	45	17132781568	16519053312	python3*36 pt_gloo_runloop*2 ZMQbg/Reaper*2 ZMQbg/IO/0*2 pt_tcpstore_uv*1 cuda0000240000a*1 
2026-09-27T18:42:09+04:00	ck9k-mirror-256k	4	2802163	2801961	57	899399680	621719552	python3*49 ZMQbg/Reaper*4 ZMQbg/IO/0*4 
2026-09-27T18:42:19+04:00	ck9k-mirror-256k	4	2801944	363	2	25296896	6074368	uv*1 main2*1 
2026-09-27T18:42:19+04:00	ck9k-mirror-256k	4	2801961	2801944	57	977371136	696229888	ft*51 ZMQbg/Reaper*3 ZMQbg/IO/0*3 
2026-09-27T18:42:19+04:00	ck9k-mirror-256k	4	2802160	2801961	1	12754944	5943296	python3*1 
2026-09-27T18:42:19+04:00	ck9k-mirror-256k	4	2802161	2801961	45	17132781568	16519053312	python3*36 pt_gloo_runloop*2 ZMQbg/Reaper*2 ZMQbg/IO/0*2 pt_tcpstore_uv*1 cuda0000240000a*1 
2026-09-27T18:42:20+04:00	ck9k-mirror-256k	4	2802163	2801961	57	899399680	621719552	python3*49 ZMQbg/Reaper*4 ZMQbg/IO/0*4 
2026-09-27T18:42:30+04:00	ck9k-mirror-256k	4	2801944	363	2	25296896	6074368	uv*1 main2*1 
2026-09-27T18:42:30+04:00	ck9k-mirror-256k	4	2801961	2801944	57	977371136	696229888	ft*51 ZMQbg/Reaper*3 ZMQbg/IO/0*3 
2026-09-27T18:42:30+04:00	ck9k-mirror-256k	4	2802160	2801961	1	12754944	5943296	python3*1 
2026-09-27T18:42:30+04:00	ck9k-mirror-256k	4	2802161	2801961	45	17132781568	16519053312	python3*36 pt_gloo_runloop*2 ZMQbg/Reaper*2 ZMQbg/IO/0*2 pt_tcpstore_uv*1 cuda0000240000a*1 
2026-09-27T18:42:30+04:00	ck9k-mirror-256k	4	2802163	2801961	57	899399680	621719552	python3*49 ZMQbg/Reaper*4 ZMQbg/IO/0*4 
2026-09-27T18:42:42+04:00	ck9k-mirror-256k	4	2801944	363	2	25296896	6074368	uv*1 main2*1 
2026-09-27T18:42:42+04:00	ck9k-mirror-256k	4	2801961	2801944	57	977371136	696229888	ft*51 ZMQbg/Reaper*3 ZMQbg/IO/0*3 
2026-09-27T18:42:42+04:00	ck9k-mirror-256k	4	2802160	2801961	1	12754944	5943296	python3*1 
2026-09-27T18:42:42+04:00	ck9k-mirror-256k	4	2802161	2801961	45	17132781568	16519053312	python3*36 pt_gloo_runloop*2 ZMQbg/Reaper*2 ZMQbg/IO/0*2 pt_tcpstore_uv*1 cuda0000240000a*1 
2026-09-27T18:42:42+04:00	ck9k-mirror-256k	4	2802163	2801961	57	899399680	621719552	python3*49 ZMQbg/Reaper*4 ZMQbg/IO/0*4 
2026-09-27T18:42:52+04:00	ck9k-mirror-256k	4	2801944	363	2	25296896	6074368	uv*1 main2*1 
2026-09-27T18:42:52+04:00	ck9k-mirror-256k	4	2801961	2801944	57	977371136	696229888	ft*51 ZMQbg/Reaper*3 ZMQbg/IO/0*3 
2026-09-27T18:42:52+04:00	ck9k-mirror-256k	4	2802160	2801961	1	12754944	5943296	python3*1 
2026-09-27T18:42:52+04:00	ck9k-mirror-256k	4	2802161	2801961	45	17132781568	16519053312	python3*36 pt_gloo_runloop*2 ZMQbg/Reaper*2 ZMQbg/IO/0*2 pt_tcpstore_uv*1 cuda0000240000a*1 
2026-09-27T18:42:52+04:00	ck9k-mirror-256k	4	2802163	2801961	57	899399680	621719552	python3*49 ZMQbg/Reaper*4 ZMQbg/IO/0*4 
2026-09-27T18:43:02+04:00	ck9k-mirror-256k	4	2801944	363	2	25296896	6074368	uv*1 main2*1 
2026-09-27T18:43:02+04:00	ck9k-mirror-256k	4	2801961	2801944	57	977371136	696229888	ft*51 ZMQbg/Reaper*3 ZMQbg/IO/0*3 
2026-09-27T18:43:02+04:00	ck9k-mirror-256k	4	2802160	2801961	1	12754944	5943296	python3*1 
2026-09-27T18:43:02+04:00	ck9k-mirror-256k	4	2802161	2801961	45	17132781568	16519053312	python3*36 pt_gloo_runloop*2 ZMQbg/Reaper*2 ZMQbg/IO/0*2 pt_tcpstore_uv*1 cuda0000240000a*1 
2026-09-27T18:43:02+04:00	ck9k-mirror-256k	4	2802163	2801961	57	899399680	621719552	python3*49 ZMQbg/Reaper*4 ZMQbg/IO/0*4 
2026-09-27T18:43:14+04:00	ck9k-mirror-256k	4	2801944	363	2	25296896	6074368	uv*1 main2*1 
2026-09-27T18:43:14+04:00	ck9k-mirror-256k	4	2801961	2801944	57	977371136	696229888	ft*51 ZMQbg/Reaper*3 ZMQbg/IO/0*3 
2026-09-27T18:43:14+04:00	ck9k-mirror-256k	4	2802160	2801961	1	12754944	5943296	python3*1 
2026-09-27T18:43:14+04:00	ck9k-mirror-256k	4	2802161	2801961	45	17132859392	16519131136	python3*36 pt_gloo_runloop*2 ZMQbg/Reaper*2 ZMQbg/IO/0*2 pt_tcpstore_uv*1 cuda0000240000a*1 
2026-09-27T18:43:14+04:00	ck9k-mirror-256k	4	2802163	2801961	57	899399680	621719552	python3*49 ZMQbg/Reaper*4 ZMQbg/IO/0*4 
2026-09-27T18:43:24+04:00	ck9k-mirror-256k	4	2801944	363	2	25296896	6074368	uv*1 main2*1 
2026-09-27T18:43:24+04:00	ck9k-mirror-256k	4	2801961	2801944	57	977371136	696229888	ft*51 ZMQbg/Reaper*3 ZMQbg/IO/0*3 
2026-09-27T18:43:25+04:00	ck9k-mirror-256k	4	2802160	2801961	1	12754944	5943296	python3*1 
2026-09-27T18:43:25+04:00	ck9k-mirror-256k	4	2802161	2801961	45	17132982272	16519254016	python3*36 pt_gloo_runloop*2 ZMQbg/Reaper*2 ZMQbg/IO/0*2 pt_tcpstore_uv*1 cuda0000240000a*1 
2026-09-27T18:43:25+04:00	ck9k-mirror-256k	4	2802163	2801961	57	899399680	621719552	python3*49 ZMQbg/Reaper*4 ZMQbg/IO/0*4 
2026-09-27T18:43:35+04:00	ck9k-mirror-256k	4	2801944	363	2	25296896	6074368	uv*1 main2*1 
2026-09-27T18:43:35+04:00	ck9k-mirror-256k	4	2801961	2801944	57	977379328	696238080	ft*51 ZMQbg/Reaper*3 ZMQbg/IO/0*3 
2026-09-27T18:43:35+04:00	ck9k-mirror-256k	4	2802160	2801961	1	12754944	5943296	python3*1 
2026-09-27T18:43:35+04:00	ck9k-mirror-256k	4	2802161	2801961	45	17133109248	16519380992	python3*36 pt_gloo_runloop*2 ZMQbg/Reaper*2 ZMQbg/IO/0*2 pt_tcpstore_uv*1 cuda0000240000a*1 
2026-09-27T18:43:35+04:00	ck9k-mirror-256k	4	2802163	2801961	57	899399680	621719552	python3*49 ZMQbg/Reaper*4 ZMQbg/IO/0*4 
2026-09-27T18:43:45+04:00	ck9k-mirror-256k	4	2801944	363	2	25296896	6074368	uv*1 main2*1 
2026-09-27T18:43:45+04:00	ck9k-mirror-256k	4	2801961	2801944	57	977379328	696238080	ft*51 ZMQbg/Reaper*3 ZMQbg/IO/0*3 
2026-09-27T18:43:45+04:00	ck9k-mirror-256k	4	2802160	2801961	1	12754944	5943296	python3*1 
2026-09-27T18:43:45+04:00	ck9k-mirror-256k	4	2802161	2801961	45	17133215744	16519487488	python3*36 pt_gloo_runloop*2 ZMQbg/Reaper*2 ZMQbg/IO/0*2 pt_tcpstore_uv*1 cuda0000240000a*1 
2026-09-27T18:43:47+04:00	ck9k-mirror-256k	4	2802163	2801961	57	899399680	621719552	python3*49 ZMQbg/Reaper*4 ZMQbg/IO/0*4 
2026-09-27T18:43:57+04:00	ck9k-mirror-256k	4	2801944	363	2	25296896	6074368	uv*1 main2*1 
2026-09-27T18:43:57+04:00	ck9k-mirror-256k	4	2801961	2801944	57	977379328	696238080	ft*51 ZMQbg/Reaper*3 ZMQbg/IO/0*3 
2026-09-27T18:43:57+04:00	ck9k-mirror-256k	4	2802160	2801961	1	12754944	5943296	python3*1 
2026-09-27T18:43:57+04:00	ck9k-mirror-256k	4	2802161	2801961	45	17134018560	16520290304	python3*36 pt_gloo_runloop*2 ZMQbg/Reaper*2 ZMQbg/IO/0*2 pt_tcpstore_uv*1 cuda0000240000a*1 
2026-09-27T18:43:57+04:00	ck9k-mirror-256k	4	2802163	2801961	57	899399680	621719552	python3*49 ZMQbg/Reaper*4 ZMQbg/IO/0*4 
2026-09-27T18:44:07+04:00	ck9k-mirror-256k	4	2801944	363	2	25296896	6074368	uv*1 main2*1 
2026-09-27T18:44:07+04:00	ck9k-mirror-256k	4	2801961	2801944	57	977379328	696238080	ft*51 ZMQbg/Reaper*3 ZMQbg/IO/0*3 
2026-09-27T18:44:07+04:00	ck9k-mirror-256k	4	2802160	2801961	1	12754944	5943296	python3*1 
2026-09-27T18:44:07+04:00	ck9k-mirror-256k	4	2802161	2801961	45	17134026752	16520298496	python3*36 pt_gloo_runloop*2 ZMQbg/Reaper*2 ZMQbg/IO/0*2 pt_tcpstore_uv*1 cuda0000240000a*1 
2026-09-27T18:44:07+04:00	ck9k-mirror-256k	4	2802163	2801961	57	899399680	621719552	python3*49 ZMQbg/Reaper*4 ZMQbg/IO/0*4 
2026-09-27T18:44:17+04:00	ck9k-mirror-256k	4	2801944	363	2	25296896	6074368	uv*1 main2*1 
2026-09-27T18:44:17+04:00	ck9k-mirror-256k	4	2801961	2801944	57	977379328	696238080	ft*51 ZMQbg/Reaper*3 ZMQbg/IO/0*3 
2026-09-27T18:44:17+04:00	ck9k-mirror-256k	4	2802160	2801961	1	12754944	5943296	python3*1 
2026-09-27T18:44:17+04:00	ck9k-mirror-256k	4	2802161	2801961	45	17134026752	16520298496	python3*36 pt_gloo_runloop*2 ZMQbg/Reaper*2 ZMQbg/IO/0*2 pt_tcpstore_uv*1 cuda0000240000a*1 
2026-09-27T18:44:18+04:00	ck9k-mirror-256k	4	2802163	2801961	57	899399680	621719552	python3*49 ZMQbg/Reaper*4 ZMQbg/IO/0*4 
2026-09-27T18:44:30+04:00	ck9k-mirror-256k	4	2801944	363	2	25296896	6074368	uv*1 main2*1 
2026-09-27T18:44:30+04:00	ck9k-mirror-256k	4	2801961	2801944	57	977379328	696238080	ft*51 ZMQbg/Reaper*3 ZMQbg/IO/0*3 
2026-09-27T18:44:30+04:00	ck9k-mirror-256k	4	2802160	2801961	1	12754944	5943296	python3*1 
2026-09-27T18:44:30+04:00	ck9k-mirror-256k	4	2802161	2801961	45	17134026752	16520298496	python3*36 pt_gloo_runloop*2 ZMQbg/Reaper*2 ZMQbg/IO/0*2 pt_tcpstore_uv*1 cuda0000240000a*1 
2026-09-27T18:44:30+04:00	ck9k-mirror-256k	4	2802163	2801961	57	899399680	621719552	python3*49 ZMQbg/Reaper*4 ZMQbg/IO/0*4 
2026-09-27T18:44:40+04:00	ck9k-mirror-256k	4	2801944	363	2	25296896	6074368	uv*1 main2*1 
2026-09-27T18:44:40+04:00	ck9k-mirror-256k	4	2801961	2801944	57	977379328	696238080	ft*51 ZMQbg/Reaper*3 ZMQbg/IO/0*3 
2026-09-27T18:44:40+04:00	ck9k-mirror-256k	4	2802160	2801961	1	12754944	5943296	python3*1 
2026-09-27T18:44:40+04:00	ck9k-mirror-256k	4	2802161	2801961	45	17134026752	16520298496	python3*36 pt_gloo_runloop*2 ZMQbg/Reaper*2 ZMQbg/IO/0*2 pt_tcpstore_uv*1 cuda0000240000a*1 
2026-09-27T18:44:40+04:00	ck9k-mirror-256k	4	2802163	2801961	57	899399680	621719552	python3*49 ZMQbg/Reaper*4 ZMQbg/IO/0*4 
2026-09-27T18:44:50+04:00	ck9k-mirror-256k	4	2801944	363	2	25296896	6074368	uv*1 main2*1 
2026-09-27T18:44:50+04:00	ck9k-mirror-256k	4	2801961	2801944	57	977379328	696238080	ft*51 ZMQbg/Reaper*3 ZMQbg/IO/0*3 
2026-09-27T18:44:50+04:00	ck9k-mirror-256k	4	2802160	2801961	1	12754944	5943296	python3*1 
2026-09-27T18:44:50+04:00	ck9k-mirror-256k	4	2802161	2801961	45	17134026752	16520298496	python3*36 pt_gloo_runloop*2 ZMQbg/Reaper*2 ZMQbg/IO/0*2 pt_tcpstore_uv*1 cuda0000240000a*1 
2026-09-27T18:44:50+04:00	ck9k-mirror-256k	4	2802163	2801961	57	899399680	621719552	python3*49 ZMQbg/Reaper*4 ZMQbg/IO/0*4 
2026-09-27T18:45:02+04:00	ck9k-mirror-256k	4	2801944	363	2	25296896	6074368	uv*1 main2*1 
2026-09-27T18:45:02+04:00	ck9k-mirror-256k	4	2801961	2801944	57	977379328	696238080	ft*51 ZMQbg/Reaper*3 ZMQbg/IO/0*3 
2026-09-27T18:45:02+04:00	ck9k-mirror-256k	4	2802160	2801961	1	12754944	5943296	python3*1 
2026-09-27T18:45:02+04:00	ck9k-mirror-256k	4	2802161	2801961	45	17134133248	16520404992	python3*36 pt_gloo_runloop*2 ZMQbg/Reaper*2 ZMQbg/IO/0*2 pt_tcpstore_uv*1 cuda0000240000a*1 
2026-09-27T18:45:02+04:00	ck9k-mirror-256k	4	2802163	2801961	57	899399680	621719552	python3*49 ZMQbg/Reaper*4 ZMQbg/IO/0*4 
2026-09-27T18:45:12+04:00	ck9k-mirror-256k	4	2801944	363	2	25296896	6074368	uv*1 main2*1 
2026-09-27T18:45:12+04:00	ck9k-mirror-256k	4	2801961	2801944	57	977379328	696238080	ft*51 ZMQbg/Reaper*3 ZMQbg/IO/0*3 
2026-09-27T18:45:12+04:00	ck9k-mirror-256k	4	2802160	2801961	1	12754944	5943296	python3*1 
2026-09-27T18:45:12+04:00	ck9k-mirror-256k	4	2802161	2801961	45	17134243840	16520515584	python3*36 pt_gloo_runloop*2 ZMQbg/Reaper*2 ZMQbg/IO/0*2 pt_tcpstore_uv*1 cuda0000240000a*1 
2026-09-27T18:45:12+04:00	ck9k-mirror-256k	4	2802163	2801961	57	899399680	621719552	python3*49 ZMQbg/Reaper*4 ZMQbg/IO/0*4 
2026-09-27T18:45:23+04:00	ck9k-mirror-256k	4	2801944	363	2	25296896	6074368	uv*1 main2*1 
2026-09-27T18:45:23+04:00	ck9k-mirror-256k	4	2801961	2801944	57	977379328	696238080	ft*51 ZMQbg/Reaper*3 ZMQbg/IO/0*3 
2026-09-27T18:45:23+04:00	ck9k-mirror-256k	4	2802160	2801961	1	12754944	5943296	python3*1 
2026-09-27T18:45:23+04:00	ck9k-mirror-256k	4	2802161	2801961	45	17134362624	16520642560	python3*36 pt_gloo_runloop*2 ZMQbg/Reaper*2 ZMQbg/IO/0*2 pt_tcpstore_uv*1 cuda0000240000a*1 
2026-09-27T18:45:23+04:00	ck9k-mirror-256k	4	2802163	2801961	57	899399680	621719552	python3*49 ZMQbg/Reaper*4 ZMQbg/IO/0*4 
2026-09-27T18:45:35+04:00	ck9k-mirror-256k	4	2801944	363	2	25296896	6074368	uv*1 main2*1 
2026-09-27T18:45:35+04:00	ck9k-mirror-256k	4	2801961	2801944	57	977379328	696238080	ft*51 ZMQbg/Reaper*3 ZMQbg/IO/0*3 
2026-09-27T18:45:35+04:00	ck9k-mirror-256k	4	2802160	2801961	1	12754944	5943296	python3*1 
2026-09-27T18:45:35+04:00	ck9k-mirror-256k	4	2802161	2801961	45	17134477312	16520749056	python3*36 pt_gloo_runloop*2 ZMQbg/Reaper*2 ZMQbg/IO/0*2 pt_tcpstore_uv*1 cuda0000240000a*1 
2026-09-27T18:45:35+04:00	ck9k-mirror-256k	4	2802163	2801961	57	899399680	621719552	python3*49 ZMQbg/Reaper*4 ZMQbg/IO/0*4 
2026-09-27T18:45:45+04:00	ck9k-mirror-256k	4	2801944	363	2	25296896	6074368	uv*1 main2*1 
2026-09-27T18:45:45+04:00	ck9k-mirror-256k	4	2801961	2801944	57	977379328	696238080	ft*51 ZMQbg/Reaper*3 ZMQbg/IO/0*3 
2026-09-27T18:45:45+04:00	ck9k-mirror-256k	4	2802160	2801961	1	12754944	5943296	python3*1 
2026-09-27T18:45:45+04:00	ck9k-mirror-256k	4	2802161	2801961	45	17134583808	16520855552	python3*36 pt_gloo_runloop*2 ZMQbg/Reaper*2 ZMQbg/IO/0*2 pt_tcpstore_uv*1 cuda0000240000a*1 
2026-09-27T18:45:45+04:00	ck9k-mirror-256k	4	2802163	2801961	57	899399680	621719552	python3*49 ZMQbg/Reaper*4 ZMQbg/IO/0*4 
2026-09-27T18:45:55+04:00	ck9k-mirror-256k	4	2801944	363	2	25296896	6074368	uv*1 main2*1 
2026-09-27T18:45:55+04:00	ck9k-mirror-256k	4	2801961	2801944	57	977403904	696262656	ft*51 ZMQbg/Reaper*3 ZMQbg/IO/0*3 
2026-09-27T18:45:55+04:00	ck9k-mirror-256k	4	2802160	2801961	1	12754944	5943296	python3*1 
2026-09-27T18:45:55+04:00	ck9k-mirror-256k	4	2802161	2801961	45	17135882240	16522153984	python3*36 pt_gloo_runloop*2 ZMQbg/Reaper*2 ZMQbg/IO/0*2 pt_tcpstore_uv*1 cuda0000240000a*1 
2026-09-27T18:45:55+04:00	ck9k-mirror-256k	4	2802163	2801961	57	919592960	641912832	python3*49 ZMQbg/Reaper*4 ZMQbg/IO/0*4 
2026-09-27T18:46:07+04:00	ck9k-mirror-256k	4	2801944	363	2	25296896	6074368	uv*1 main2*1 
2026-09-27T18:46:07+04:00	ck9k-mirror-256k	4	2801961	2801944	57	977403904	696262656	ft*51 ZMQbg/Reaper*3 ZMQbg/IO/0*3 
2026-09-27T18:46:07+04:00	ck9k-mirror-256k	4	2802160	2801961	1	12754944	5943296	python3*1 
2026-09-27T18:46:07+04:00	ck9k-mirror-256k	4	2802161	2801961	45	17135882240	16522153984	python3*36 pt_gloo_runloop*2 ZMQbg/Reaper*2 ZMQbg/IO/0*2 pt_tcpstore_uv*1 cuda0000240000a*1 
2026-09-27T18:46:07+04:00	ck9k-mirror-256k	4	2802163	2801961	57	919592960	641912832	python3*49 ZMQbg/Reaper*4 ZMQbg/IO/0*4 
2026-09-27T18:46:17+04:00	ck9k-mirror-256k	4	2801944	363	2	25296896	6074368	uv*1 main2*1 
2026-09-27T18:46:17+04:00	ck9k-mirror-256k	4	2801961	2801944	57	977772544	696631296	ft*51 ZMQbg/Reaper*3 ZMQbg/IO/0*3 
2026-09-27T18:46:17+04:00	ck9k-mirror-256k	4	2802160	2801961	1	12754944	5943296	python3*1 
2026-09-27T18:46:17+04:00	ck9k-mirror-256k	4	2802161	2801961	45	17136791552	16522997760	python3*36 pt_gloo_runloop*2 ZMQbg/Reaper*2 ZMQbg/IO/0*2 pt_tcpstore_uv*1 cuda0000240000a*1 
2026-09-27T18:46:18+04:00	ck9k-mirror-256k	4	2802163	2801961	57	919597056	641916928	python3*49 ZMQbg/Reaper*4 ZMQbg/IO/0*4 
2026-09-27T18:46:28+04:00	ck9k-mirror-256k	4	2801944	363	2	25296896	6074368	uv*1 main2*1 
2026-09-27T18:46:28+04:00	ck9k-mirror-256k	4	2801961	2801944	57	978374656	697233408	ft*51 ZMQbg/Reaper*3 ZMQbg/IO/0*3 
2026-09-27T18:46:28+04:00	ck9k-mirror-256k	4	2802160	2801961	1	12754944	5943296	python3*1 
2026-09-27T18:46:28+04:00	ck9k-mirror-256k	4	2802161	2801961	45	17136795648	16523001856	python3*36 pt_gloo_runloop*2 ZMQbg/Reaper*2 ZMQbg/IO/0*2 pt_tcpstore_uv*1 cuda0000240000a*1 
2026-09-27T18:46:28+04:00	ck9k-mirror-256k	4	2802163	2801961	57	919597056	641916928	python3*49 ZMQbg/Reaper*4 ZMQbg/IO/0*4 
2026-09-27T18:46:40+04:00	ck9k-mirror-256k	4	2801944	363	2	25296896	6074368	uv*1 main2*1 
2026-09-27T18:46:40+04:00	ck9k-mirror-256k	4	2801961	2801944	57	978382848	697241600	ft*51 ZMQbg/Reaper*3 ZMQbg/IO/0*3 
2026-09-27T18:46:40+04:00	ck9k-mirror-256k	4	2802160	2801961	1	12754944	5943296	python3*1 
2026-09-27T18:46:40+04:00	ck9k-mirror-256k	4	2802161	2801961	45	17136861184	16523067392	python3*36 pt_gloo_runloop*2 ZMQbg/Reaper*2 ZMQbg/IO/0*2 pt_tcpstore_uv*1 cuda0000240000a*1 
2026-09-27T18:46:40+04:00	ck9k-mirror-256k	4	2802163	2801961	57	921714688	644034560	python3*49 ZMQbg/Reaper*4 ZMQbg/IO/0*4 
2026-09-27T18:46:50+04:00	ck9k-mirror-256k	4	2801944	363	2	25296896	6074368	uv*1 main2*1 
2026-09-27T18:46:50+04:00	ck9k-mirror-256k	4	2801961	2801944	57	978382848	697241600	ft*51 ZMQbg/Reaper*3 ZMQbg/IO/0*3 
2026-09-27T18:46:50+04:00	ck9k-mirror-256k	4	2802160	2801961	1	12754944	5943296	python3*1 
2026-09-27T18:46:50+04:00	ck9k-mirror-256k	4	2802161	2801961	45	17136861184	16523067392	python3*36 pt_gloo_runloop*2 ZMQbg/Reaper*2 ZMQbg/IO/0*2 pt_tcpstore_uv*1 cuda0000240000a*1 
2026-09-27T18:46:50+04:00	ck9k-mirror-256k	4	2802163	2801961	57	921714688	644034560	python3*49 ZMQbg/Reaper*4 ZMQbg/IO/0*4 
2026-09-27T18:47:00+04:00	ck9k-mirror-256k	4	2801944	363	2	25296896	6074368	uv*1 main2*1 
2026-09-27T18:47:00+04:00	ck9k-mirror-256k	4	2801961	2801944	57	978382848	697241600	ft*51 ZMQbg/Reaper*3 ZMQbg/IO/0*3 
2026-09-27T18:47:00+04:00	ck9k-mirror-256k	4	2802160	2801961	1	12754944	5943296	python3*1 
2026-09-27T18:47:00+04:00	ck9k-mirror-256k	4	2802161	2801961	45	17136861184	16523067392	python3*36 pt_gloo_runloop*2 ZMQbg/Reaper*2 ZMQbg/IO/0*2 pt_tcpstore_uv*1 cuda0000240000a*1 
2026-09-27T18:47:01+04:00	ck9k-mirror-256k	4	2802163	2801961	57	921714688	644034560	python3*49 ZMQbg/Reaper*4 ZMQbg/IO/0*4 
2026-09-27T18:47:13+04:00	ck9k-mirror-256k	4	2801944	363	2	25296896	6074368	uv*1 main2*1 
2026-09-27T18:47:13+04:00	ck9k-mirror-256k	4	2801961	2801944	57	978382848	697241600	ft*51 ZMQbg/Reaper*3 ZMQbg/IO/0*3 
2026-09-27T18:47:13+04:00	ck9k-mirror-256k	4	2802160	2801961	1	12754944	5943296	python3*1 
2026-09-27T18:47:13+04:00	ck9k-mirror-256k	4	2802161	2801961	45	17136861184	16523067392	python3*36 pt_gloo_runloop*2 ZMQbg/Reaper*2 ZMQbg/IO/0*2 pt_tcpstore_uv*1 cuda0000240000a*1 
2026-09-27T18:47:13+04:00	ck9k-mirror-256k	4	2802163	2801961	57	921714688	644034560	python3*49 ZMQbg/Reaper*4 ZMQbg/IO/0*4 
2026-09-27T18:47:23+04:00	ck9k-mirror-256k	4	2801944	363	2	25296896	6074368	uv*1 main2*1 
2026-09-27T18:47:23+04:00	ck9k-mirror-256k	4	2801961	2801944	57	978382848	697241600	ft*51 ZMQbg/Reaper*3 ZMQbg/IO/0*3 
2026-09-27T18:47:23+04:00	ck9k-mirror-256k	4	2802160	2801961	1	12754944	5943296	python3*1 
2026-09-27T18:47:23+04:00	ck9k-mirror-256k	4	2802161	2801961	45	17136861184	16523067392	python3*36 pt_gloo_runloop*2 ZMQbg/Reaper*2 ZMQbg/IO/0*2 pt_tcpstore_uv*1 cuda0000240000a*1 
2026-09-27T18:47:23+04:00	ck9k-mirror-256k	4	2802163	2801961	57	921714688	644034560	python3*49 ZMQbg/Reaper*4 ZMQbg/IO/0*4 
2026-09-27T18:47:33+04:00	ck9k-mirror-256k	4	2801944	363	2	25296896	6074368	uv*1 main2*1 
2026-09-27T18:47:33+04:00	ck9k-mirror-256k	4	2801961	2801944	57	978382848	697241600	ft*51 ZMQbg/Reaper*3 ZMQbg/IO/0*3 
2026-09-27T18:47:33+04:00	ck9k-mirror-256k	4	2802160	2801961	1	12754944	5943296	python3*1 
2026-09-27T18:47:33+04:00	ck9k-mirror-256k	4	2802161	2801961	45	17136861184	16523067392	python3*36 pt_gloo_runloop*2 ZMQbg/Reaper*2 ZMQbg/IO/0*2 pt_tcpstore_uv*1 cuda0000240000a*1 
2026-09-27T18:47:33+04:00	ck9k-mirror-256k	4	2802163	2801961	57	921714688	644034560	python3*49 ZMQbg/Reaper*4 ZMQbg/IO/0*4 
2026-09-27T18:47:43+04:00	ck9k-mirror-256k	4	2801944	363	2	25296896	6074368	uv*1 main2*1 
2026-09-27T18:47:43+04:00	ck9k-mirror-256k	4	2801961	2801944	57	978382848	697241600	ft*51 ZMQbg/Reaper*3 ZMQbg/IO/0*3 
2026-09-27T18:47:43+04:00	ck9k-mirror-256k	4	2802160	2801961	1	12754944	5943296	python3*1 
2026-09-27T18:47:43+04:00	ck9k-mirror-256k	4	2802161	2801961	45	17136861184	16523067392	python3*36 pt_gloo_runloop*2 ZMQbg/Reaper*2 ZMQbg/IO/0*2 pt_tcpstore_uv*1 cuda0000240000a*1 
2026-09-27T18:47:43+04:00	ck9k-mirror-256k	4	2802163	2801961	57	921714688	644034560	python3*49 ZMQbg/Reaper*4 ZMQbg/IO/0*4 
2026-09-27T18:47:55+04:00	ck9k-mirror-256k	4	2801944	363	2	25296896	6074368	uv*1 main2*1 
2026-09-27T18:47:55+04:00	ck9k-mirror-256k	4	2801961	2801944	57	978382848	697241600	ft*51 ZMQbg/Reaper*3 ZMQbg/IO/0*3 
2026-09-27T18:47:56+04:00	ck9k-mirror-256k	4	2802160	2801961	1	12754944	5943296	python3*1 
2026-09-27T18:47:56+04:00	ck9k-mirror-256k	4	2802161	2801961	45	17136865280	16523071488	python3*36 pt_gloo_runloop*2 ZMQbg/Reaper*2 ZMQbg/IO/0*2 pt_tcpstore_uv*1 cuda0000240000a*1 
2026-09-27T18:47:56+04:00	ck9k-mirror-256k	4	2802163	2801961	57	921714688	644034560	python3*49 ZMQbg/Reaper*4 ZMQbg/IO/0*4 
2026-09-27T18:48:06+04:00	ck9k-mirror-256k	4	2801944	363	2	25296896	6074368	uv*1 main2*1 
2026-09-27T18:48:06+04:00	ck9k-mirror-256k	4	2801961	2801944	57	978382848	697241600	ft*51 ZMQbg/Reaper*3 ZMQbg/IO/0*3 
2026-09-27T18:48:06+04:00	ck9k-mirror-256k	4	2802160	2801961	1	12754944	5943296	python3*1 
2026-09-27T18:48:06+04:00	ck9k-mirror-256k	4	2802161	2801961	45	17136865280	16523071488	python3*36 pt_gloo_runloop*2 ZMQbg/Reaper*2 ZMQbg/IO/0*2 pt_tcpstore_uv*1 cuda0000240000a*1 
2026-09-27T18:48:06+04:00	ck9k-mirror-256k	4	2802163	2801961	57	921714688	644034560	python3*49 ZMQbg/Reaper*4 ZMQbg/IO/0*4 
2026-09-27T18:48:16+04:00	ck9k-mirror-256k	4	2801944	363	2	25296896	6074368	uv*1 main2*1 
2026-09-27T18:48:16+04:00	ck9k-mirror-256k	4	2801961	2801944	57	978382848	697241600	ft*51 ZMQbg/Reaper*3 ZMQbg/IO/0*3 
2026-09-27T18:48:16+04:00	ck9k-mirror-256k	4	2802160	2801961	1	12754944	5943296	python3*1 
2026-09-27T18:48:16+04:00	ck9k-mirror-256k	4	2802161	2801961	45	17136865280	16523071488	python3*36 pt_gloo_runloop*2 ZMQbg/Reaper*2 ZMQbg/IO/0*2 pt_tcpstore_uv*1 cuda0000240000a*1 
2026-09-27T18:48:16+04:00	ck9k-mirror-256k	4	2802163	2801961	57	921714688	644034560	python3*49 ZMQbg/Reaper*4 ZMQbg/IO/0*4 
2026-09-27T18:48:28+04:00	ck9k-mirror-256k	4	2801944	363	2	25296896	6074368	uv*1 main2*1 
2026-09-27T18:48:28+04:00	ck9k-mirror-256k	4	2801961	2801944	57	978382848	697241600	ft*51 ZMQbg/Reaper*3 ZMQbg/IO/0*3 
2026-09-27T18:48:28+04:00	ck9k-mirror-256k	4	2802160	2801961	1	12754944	5943296	python3*1 
2026-09-27T18:48:28+04:00	ck9k-mirror-256k	4	2802161	2801961	45	17136865280	16523071488	python3*36 pt_gloo_runloop*2 ZMQbg/Reaper*2 ZMQbg/IO/0*2 pt_tcpstore_uv*1 cuda0000240000a*1 
2026-09-27T18:48:28+04:00	ck9k-mirror-256k	4	2802163	2801961	57	921714688	644034560	python3*49 ZMQbg/Reaper*4 ZMQbg/IO/0*4 
2026-09-27T18:48:38+04:00	ck9k-mirror-256k	4	2801944	363	2	25296896	6074368	uv*1 main2*1 
2026-09-27T18:48:38+04:00	ck9k-mirror-256k	4	2801961	2801944	57	978382848	697241600	ft*51 ZMQbg/Reaper*3 ZMQbg/IO/0*3 
2026-09-27T18:48:38+04:00	ck9k-mirror-256k	4	2802160	2801961	1	12754944	5943296	python3*1 
2026-09-27T18:48:38+04:00	ck9k-mirror-256k	4	2802161	2801961	45	17136865280	16523071488	python3*36 pt_gloo_runloop*2 ZMQbg/Reaper*2 ZMQbg/IO/0*2 pt_tcpstore_uv*1 cuda0000240000a*1 
2026-09-27T18:48:38+04:00	ck9k-mirror-256k	4	2802163	2801961	57	921714688	644034560	python3*49 ZMQbg/Reaper*4 ZMQbg/IO/0*4 
2026-09-27T18:48:49+04:00	ck9k-mirror-256k	4	2801944	363	2	25296896	6074368	uv*1 main2*1 
2026-09-27T18:48:49+04:00	ck9k-mirror-256k	4	2801961	2801944	57	978382848	697241600	ft*51 ZMQbg/Reaper*3 ZMQbg/IO/0*3 
2026-09-27T18:48:49+04:00	ck9k-mirror-256k	4	2802160	2801961	1	12754944	5943296	python3*1 
2026-09-27T18:48:49+04:00	ck9k-mirror-256k	4	2802161	2801961	45	17136865280	16523071488	python3*36 pt_gloo_runloop*2 ZMQbg/Reaper*2 ZMQbg/IO/0*2 pt_tcpstore_uv*1 cuda0000240000a*1 
2026-09-27T18:48:49+04:00	ck9k-mirror-256k	4	2802163	2801961	57	921714688	644034560	python3*49 ZMQbg/Reaper*4 ZMQbg/IO/0*4 
2026-09-27T18:49:01+04:00	ck9k-mirror-256k	4	2801944	363	2	25296896	6074368	uv*1 main2*1 
2026-09-27T18:49:01+04:00	ck9k-mirror-256k	4	2801961	2801944	57	978382848	697241600	ft*51 ZMQbg/Reaper*3 ZMQbg/IO/0*3 
2026-09-27T18:49:01+04:00	ck9k-mirror-256k	4	2802160	2801961	1	12754944	5943296	python3*1 
2026-09-27T18:49:01+04:00	ck9k-mirror-256k	4	2802161	2801961	45	17136865280	16523071488	python3*36 pt_gloo_runloop*2 ZMQbg/Reaper*2 ZMQbg/IO/0*2 pt_tcpstore_uv*1 cuda0000240000a*1 
2026-09-27T18:49:01+04:00	ck9k-mirror-256k	4	2802163	2801961	57	921714688	644034560	python3*49 ZMQbg/Reaper*4 ZMQbg/IO/0*4 
2026-09-27T18:49:11+04:00	ck9k-mirror-256k	4	2801944	363	2	25296896	6074368	uv*1 main2*1 
2026-09-27T18:49:11+04:00	ck9k-mirror-256k	4	2801961	2801944	57	978382848	697241600	ft*51 ZMQbg/Reaper*3 ZMQbg/IO/0*3 
2026-09-27T18:49:11+04:00	ck9k-mirror-256k	4	2802160	2801961	1	12754944	5943296	python3*1 
2026-09-27T18:49:11+04:00	ck9k-mirror-256k	4	2802161	2801961	45	17136865280	16523071488	python3*36 pt_gloo_runloop*2 ZMQbg/Reaper*2 ZMQbg/IO/0*2 pt_tcpstore_uv*1 cuda0000240000a*1 
2026-09-27T18:49:11+04:00	ck9k-mirror-256k	4	2802163	2801961	57	921714688	644034560	python3*49 ZMQbg/Reaper*4 ZMQbg/IO/0*4 
2026-09-27T18:49:21+04:00	ck9k-mirror-256k	4	2801944	363	2	25296896	6074368	uv*1 main2*1 
2026-09-27T18:49:21+04:00	ck9k-mirror-256k	4	2801961	2801944	57	978382848	697241600	ft*51 ZMQbg/Reaper*3 ZMQbg/IO/0*3 
2026-09-27T18:49:21+04:00	ck9k-mirror-256k	4	2802160	2801961	1	12754944	5943296	python3*1 
2026-09-27T18:49:21+04:00	ck9k-mirror-256k	4	2802161	2801961	45	17136865280	16523071488	python3*36 pt_gloo_runloop*2 ZMQbg/Reaper*2 ZMQbg/IO/0*2 pt_tcpstore_uv*1 cuda0000240000a*1 
2026-09-27T18:49:21+04:00	ck9k-mirror-256k	4	2802163	2801961	57	921714688	644034560	python3*49 ZMQbg/Reaper*4 ZMQbg/IO/0*4 
2026-09-27T18:49:33+04:00	ck9k-mirror-256k	4	2801944	363	2	25296896	6074368	uv*1 main2*1 
2026-09-27T18:49:33+04:00	ck9k-mirror-256k	4	2801961	2801944	57	978382848	697241600	ft*51 ZMQbg/Reaper*3 ZMQbg/IO/0*3 
2026-09-27T18:49:33+04:00	ck9k-mirror-256k	4	2802160	2801961	1	12754944	5943296	python3*1 
2026-09-27T18:49:33+04:00	ck9k-mirror-256k	4	2802161	2801961	45	17136865280	16523071488	python3*36 pt_gloo_runloop*2 ZMQbg/Reaper*2 ZMQbg/IO/0*2 pt_tcpstore_uv*1 cuda0000240000a*1 
2026-09-27T18:49:33+04:00	ck9k-mirror-256k	4	2802163	2801961	57	921714688	644034560	python3*49 ZMQbg/Reaper*4 ZMQbg/IO/0*4 
2026-09-27T18:49:44+04:00	ck9k-mirror-256k	4	2801944	363	2	25296896	6074368	uv*1 main2*1 
2026-09-27T18:49:44+04:00	ck9k-mirror-256k	4	2801961	2801944	57	978382848	697241600	ft*51 ZMQbg/Reaper*3 ZMQbg/IO/0*3 
2026-09-27T18:49:44+04:00	ck9k-mirror-256k	4	2802160	2801961	1	12754944	5943296	python3*1 
2026-09-27T18:49:44+04:00	ck9k-mirror-256k	4	2802161	2801961	45	17136906240	16523112448	python3*36 pt_gloo_runloop*2 ZMQbg/Reaper*2 ZMQbg/IO/0*2 pt_tcpstore_uv*1 cuda0000240000a*1 
2026-09-27T18:49:44+04:00	ck9k-mirror-256k	4	2802163	2801961	57	921714688	644034560	python3*49 ZMQbg/Reaper*4 ZMQbg/IO/0*4 
2026-09-27T18:49:54+04:00	ck9k-mirror-256k	4	2801944	363	2	25296896	6074368	uv*1 main2*1 
2026-09-27T18:49:54+04:00	ck9k-mirror-256k	4	2801961	2801944	57	978382848	697241600	ft*51 ZMQbg/Reaper*3 ZMQbg/IO/0*3 
2026-09-27T18:49:54+04:00	ck9k-mirror-256k	4	2802160	2801961	1	12754944	5943296	python3*1 
2026-09-27T18:49:54+04:00	ck9k-mirror-256k	4	2802161	2801961	45	17136996352	16523202560	python3*36 pt_gloo_runloop*2 ZMQbg/Reaper*2 ZMQbg/IO/0*2 pt_tcpstore_uv*1 cuda0000240000a*1 
2026-09-27T18:49:54+04:00	ck9k-mirror-256k	4	2802163	2801961	57	921714688	644034560	python3*49 ZMQbg/Reaper*4 ZMQbg/IO/0*4 
2026-09-27T18:50:06+04:00	ck9k-mirror-256k	4	2801944	363	2	25296896	6074368	uv*1 main2*1 
2026-09-27T18:50:06+04:00	ck9k-mirror-256k	4	2801961	2801944	57	978382848	697241600	ft*51 ZMQbg/Reaper*3 ZMQbg/IO/0*3 
2026-09-27T18:50:06+04:00	ck9k-mirror-256k	4	2802160	2801961	1	12754944	5943296	python3*1 
2026-09-27T18:50:06+04:00	ck9k-mirror-256k	4	2802161	2801961	45	17137078272	16523284480	python3*36 pt_gloo_runloop*2 ZMQbg/Reaper*2 ZMQbg/IO/0*2 pt_tcpstore_uv*1 cuda0000240000a*1 
2026-09-27T18:50:06+04:00	ck9k-mirror-256k	4	2802163	2801961	57	921714688	644034560	python3*49 ZMQbg/Reaper*4 ZMQbg/IO/0*4 
2026-09-27T18:50:16+04:00	ck9k-mirror-256k	4	2801944	363	2	25296896	6074368	uv*1 main2*1 
2026-09-27T18:50:16+04:00	ck9k-mirror-256k	4	2801961	2801944	57	978382848	697241600	ft*51 ZMQbg/Reaper*3 ZMQbg/IO/0*3 
2026-09-27T18:50:16+04:00	ck9k-mirror-256k	4	2802160	2801961	1	12754944	5943296	python3*1 
2026-09-27T18:50:16+04:00	ck9k-mirror-256k	4	2802161	2801961	45	17137156096	16523362304	python3*36 pt_gloo_runloop*2 ZMQbg/Reaper*2 ZMQbg/IO/0*2 pt_tcpstore_uv*1 cuda0000240000a*1 
2026-09-27T18:50:16+04:00	ck9k-mirror-256k	4	2802163	2801961	57	921714688	644034560	python3*49 ZMQbg/Reaper*4 ZMQbg/IO/0*4 
2026-09-27T18:50:26+04:00	ck9k-mirror-256k	4	2801944	363	2	25296896	6074368	uv*1 main2*1 
2026-09-27T18:50:26+04:00	ck9k-mirror-256k	4	2801961	2801944	57	978382848	697241600	ft*51 ZMQbg/Reaper*3 ZMQbg/IO/0*3 
2026-09-27T18:50:26+04:00	ck9k-mirror-256k	4	2802160	2801961	1	12754944	5943296	python3*1 
2026-09-27T18:50:26+04:00	ck9k-mirror-256k	4	2802161	2801961	45	17137651712	16523857920	python3*36 pt_gloo_runloop*2 ZMQbg/Reaper*2 ZMQbg/IO/0*2 pt_tcpstore_uv*1 cuda0000240000a*1 
2026-09-27T18:50:27+04:00	ck9k-mirror-256k	4	2802163	2801961	57	921714688	644034560	python3*49 ZMQbg/Reaper*4 ZMQbg/IO/0*4 
2026-09-27T18:50:39+04:00	ck9k-mirror-256k	4	2801944	363	2	25296896	6074368	uv*1 main2*1 
2026-09-27T18:50:39+04:00	ck9k-mirror-256k	4	2801961	2801944	57	978382848	697241600	ft*51 ZMQbg/Reaper*3 ZMQbg/IO/0*3 
2026-09-27T18:50:39+04:00	ck9k-mirror-256k	4	2802160	2801961	1	12754944	5943296	python3*1 
2026-09-27T18:50:39+04:00	ck9k-mirror-256k	4	2802161	2801961	45	17137651712	16523857920	python3*36 pt_gloo_runloop*2 ZMQbg/Reaper*2 ZMQbg/IO/0*2 pt_tcpstore_uv*1 cuda0000240000a*1 
2026-09-27T18:50:39+04:00	ck9k-mirror-256k	4	2802163	2801961	57	921714688	644034560	python3*49 ZMQbg/Reaper*4 ZMQbg/IO/0*4 
2026-09-27T18:50:49+04:00	ck9k-mirror-256k	4	2801944	363	2	25296896	6074368	uv*1 main2*1 
2026-09-27T18:50:49+04:00	ck9k-mirror-256k	4	2801961	2801944	57	978382848	697241600	ft*51 ZMQbg/Reaper*3 ZMQbg/IO/0*3 
2026-09-27T18:50:49+04:00	ck9k-mirror-256k	4	2802160	2801961	1	12754944	5943296	python3*1 
2026-09-27T18:50:49+04:00	ck9k-mirror-256k	4	2802161	2801961	45	17137651712	16523857920	python3*36 pt_gloo_runloop*2 ZMQbg/Reaper*2 ZMQbg/IO/0*2 pt_tcpstore_uv*1 cuda0000240000a*1 
2026-09-27T18:50:49+04:00	ck9k-mirror-256k	4	2802163	2801961	57	921714688	644034560	python3*49 ZMQbg/Reaper*4 ZMQbg/IO/0*4 
2026-09-27T18:50:59+04:00	ck9k-mirror-256k	4	2801944	363	2	25296896	6074368	uv*1 main2*1 
2026-09-27T18:50:59+04:00	ck9k-mirror-256k	4	2801961	2801944	57	978382848	697241600	ft*51 ZMQbg/Reaper*3 ZMQbg/IO/0*3 
2026-09-27T18:50:59+04:00	ck9k-mirror-256k	4	2802160	2801961	1	12754944	5943296	python3*1 
2026-09-27T18:50:59+04:00	ck9k-mirror-256k	4	2802161	2801961	45	17137651712	16523857920	python3*36 pt_gloo_runloop*2 ZMQbg/Reaper*2 ZMQbg/IO/0*2 pt_tcpstore_uv*1 cuda0000240000a*1 
2026-09-27T18:50:59+04:00	ck9k-mirror-256k	4	2802163	2801961	57	921714688	644034560	python3*49 ZMQbg/Reaper*4 ZMQbg/IO/0*4 
2026-09-27T18:51:09+04:00	ck9k-mirror-256k	4	2801944	363	2	25296896	6074368	uv*1 main2*1 
2026-09-27T18:51:09+04:00	ck9k-mirror-256k	4	2801961	2801944	57	978382848	697241600	ft*51 ZMQbg/Reaper*3 ZMQbg/IO/0*3 
2026-09-27T18:51:09+04:00	ck9k-mirror-256k	4	2802160	2801961	1	12754944	5943296	python3*1 
2026-09-27T18:51:09+04:00	ck9k-mirror-256k	4	2802161	2801961	45	17137672192	16523878400	python3*36 pt_gloo_runloop*2 ZMQbg/Reaper*2 ZMQbg/IO/0*2 pt_tcpstore_uv*1 cuda0000240000a*1 
2026-09-27T18:51:09+04:00	ck9k-mirror-256k	4	2802163	2801961	57	921714688	644034560	python3*49 ZMQbg/Reaper*4 ZMQbg/IO/0*4 
2026-09-27T18:51:21+04:00	ck9k-mirror-256k	4	2801944	363	2	25296896	6074368	uv*1 main2*1 
2026-09-27T18:51:21+04:00	ck9k-mirror-256k	4	2801961	2801944	57	978382848	697241600	ft*51 ZMQbg/Reaper*3 ZMQbg/IO/0*3 
2026-09-27T18:51:21+04:00	ck9k-mirror-256k	4	2802160	2801961	1	12754944	5943296	python3*1 
2026-09-27T18:51:21+04:00	ck9k-mirror-256k	4	2802161	2801961	45	17137778688	16523984896	python3*36 pt_gloo_runloop*2 ZMQbg/Reaper*2 ZMQbg/IO/0*2 pt_tcpstore_uv*1 cuda0000240000a*1 
2026-09-27T18:51:22+04:00	ck9k-mirror-256k	4	2802163	2801961	57	921714688	644034560	python3*49 ZMQbg/Reaper*4 ZMQbg/IO/0*4 
2026-09-27T18:51:32+04:00	ck9k-mirror-256k	4	2801944	363	2	25296896	6074368	uv*1 main2*1 
2026-09-27T18:51:32+04:00	ck9k-mirror-256k	4	2801961	2801944	57	978382848	697241600	ft*51 ZMQbg/Reaper*3 ZMQbg/IO/0*3 
2026-09-27T18:51:32+04:00	ck9k-mirror-256k	4	2802160	2801961	1	12754944	5943296	python3*1 
2026-09-27T18:51:32+04:00	ck9k-mirror-256k	4	2802161	2801961	45	17137885184	16524111872	python3*36 pt_gloo_runloop*2 ZMQbg/Reaper*2 ZMQbg/IO/0*2 pt_tcpstore_uv*1 cuda0000240000a*1 
2026-09-27T18:51:32+04:00	ck9k-mirror-256k	4	2802163	2801961	57	921714688	644034560	python3*49 ZMQbg/Reaper*4 ZMQbg/IO/0*4 
2026-09-27T18:51:42+04:00	ck9k-mirror-256k	4	2801944	363	2	25296896	6074368	uv*1 main2*1 
2026-09-27T18:51:42+04:00	ck9k-mirror-256k	4	2801961	2801944	57	978382848	697241600	ft*51 ZMQbg/Reaper*3 ZMQbg/IO/0*3 
2026-09-27T18:51:42+04:00	ck9k-mirror-256k	4	2802160	2801961	1	12754944	5943296	python3*1 
2026-09-27T18:51:42+04:00	ck9k-mirror-256k	4	2802161	2801961	45	17137987584	16524193792	python3*36 pt_gloo_runloop*2 ZMQbg/Reaper*2 ZMQbg/IO/0*2 pt_tcpstore_uv*1 cuda0000240000a*1 
2026-09-27T18:51:42+04:00	ck9k-mirror-256k	4	2802163	2801961	57	921714688	644034560	python3*49 ZMQbg/Reaper*4 ZMQbg/IO/0*4 
2026-09-27T18:51:54+04:00	ck9k-mirror-256k	4	2801944	363	2	25296896	6074368	uv*1 main2*1 
2026-09-27T18:51:54+04:00	ck9k-mirror-256k	4	2801961	2801944	57	978382848	697241600	ft*51 ZMQbg/Reaper*3 ZMQbg/IO/0*3 
2026-09-27T18:51:54+04:00	ck9k-mirror-256k	4	2802160	2801961	1	12754944	5943296	python3*1 
2026-09-27T18:51:54+04:00	ck9k-mirror-256k	4	2802161	2801961	45	17138094080	16524300288	python3*36 pt_gloo_runloop*2 ZMQbg/Reaper*2 ZMQbg/IO/0*2 pt_tcpstore_uv*1 cuda0000240000a*1 
2026-09-27T18:51:54+04:00	ck9k-mirror-256k	4	2802163	2801961	57	921714688	644034560	python3*49 ZMQbg/Reaper*4 ZMQbg/IO/0*4 
2026-09-27T18:52:04+04:00	ck9k-mirror-256k	4	2801944	363	2	25296896	6074368	uv*1 main2*1 
2026-09-27T18:52:04+04:00	ck9k-mirror-256k	4	2801961	2801944	57	978382848	697241600	ft*51 ZMQbg/Reaper*3 ZMQbg/IO/0*3 
2026-09-27T18:52:04+04:00	ck9k-mirror-256k	4	2802160	2801961	1	12754944	5943296	python3*1 
2026-09-27T18:52:04+04:00	ck9k-mirror-256k	4	2802161	2801961	45	17138196480	16524402688	python3*36 pt_gloo_runloop*2 ZMQbg/Reaper*2 ZMQbg/IO/0*2 pt_tcpstore_uv*1 cuda0000240000a*1 
2026-09-27T18:52:04+04:00	ck9k-mirror-256k	4	2802163	2801961	57	921714688	644034560	python3*49 ZMQbg/Reaper*4 ZMQbg/IO/0*4 
2026-09-27T18:52:15+04:00	ck9k-mirror-256k	4	2801944	363	2	25296896	6074368	uv*1 main2*1 
2026-09-27T18:52:15+04:00	ck9k-mirror-256k	4	2801961	2801944	57	978382848	697241600	ft*51 ZMQbg/Reaper*3 ZMQbg/IO/0*3 
2026-09-27T18:52:15+04:00	ck9k-mirror-256k	4	2802160	2801961	1	12754944	5943296	python3*1 
2026-09-27T18:52:15+04:00	ck9k-mirror-256k	4	2802161	2801961	45	17138302976	16524525568	python3*36 pt_gloo_runloop*2 ZMQbg/Reaper*2 ZMQbg/IO/0*2 pt_tcpstore_uv*1 cuda0000240000a*1 
2026-09-27T18:52:15+04:00	ck9k-mirror-256k	4	2802163	2801961	57	921714688	644034560	python3*49 ZMQbg/Reaper*4 ZMQbg/IO/0*4 
2026-09-27T18:52:27+04:00	ck9k-mirror-256k	4	2801944	363	2	25296896	6074368	uv*1 main2*1 
2026-09-27T18:52:27+04:00	ck9k-mirror-256k	4	2801961	2801944	57	978382848	697241600	ft*51 ZMQbg/Reaper*3 ZMQbg/IO/0*3 
2026-09-27T18:52:27+04:00	ck9k-mirror-256k	4	2802160	2801961	1	12754944	5943296	python3*1 
2026-09-27T18:52:27+04:00	ck9k-mirror-256k	4	2802161	2801961	45	17138401280	16524607488	python3*36 pt_gloo_runloop*2 ZMQbg/Reaper*2 ZMQbg/IO/0*2 pt_tcpstore_uv*1 cuda0000240000a*1 
2026-09-27T18:52:27+04:00	ck9k-mirror-256k	4	2802163	2801961	57	921714688	644034560	python3*49 ZMQbg/Reaper*4 ZMQbg/IO/0*4 
2026-09-27T18:52:37+04:00	ck9k-mirror-256k	4	2801944	363	2	25296896	6074368	uv*1 main2*1 
2026-09-27T18:52:37+04:00	ck9k-mirror-256k	4	2801961	2801944	57	978382848	697241600	ft*51 ZMQbg/Reaper*3 ZMQbg/IO/0*3 
2026-09-27T18:52:37+04:00	ck9k-mirror-256k	4	2802160	2801961	1	12754944	5943296	python3*1 
2026-09-27T18:52:37+04:00	ck9k-mirror-256k	4	2802161	2801961	45	17138515968	16524722176	python3*36 pt_gloo_runloop*2 ZMQbg/Reaper*2 ZMQbg/IO/0*2 pt_tcpstore_uv*1 cuda0000240000a*1 
2026-09-27T18:52:37+04:00	ck9k-mirror-256k	4	2802163	2801961	57	921714688	644034560	python3*49 ZMQbg/Reaper*4 ZMQbg/IO/0*4 
2026-09-27T18:52:47+04:00	ck9k-mirror-256k	4	2801944	363	2	25296896	6074368	uv*1 main2*1 
2026-09-27T18:52:47+04:00	ck9k-mirror-256k	4	2801961	2801944	57	978382848	697241600	ft*51 ZMQbg/Reaper*3 ZMQbg/IO/0*3 
2026-09-27T18:52:47+04:00	ck9k-mirror-256k	4	2802160	2801961	1	12754944	5943296	python3*1 
2026-09-27T18:52:47+04:00	ck9k-mirror-256k	4	2802161	2801961	45	17138618368	16524824576	python3*36 pt_gloo_runloop*2 ZMQbg/Reaper*2 ZMQbg/IO/0*2 pt_tcpstore_uv*1 cuda0000240000a*1 
2026-09-27T18:52:47+04:00	ck9k-mirror-256k	4	2802163	2801961	57	921714688	644034560	python3*49 ZMQbg/Reaper*4 ZMQbg/IO/0*4 
2026-09-27T18:52:59+04:00	ck9k-mirror-256k	4	2801944	363	2	25296896	6074368	uv*1 main2*1 
2026-09-27T18:52:59+04:00	ck9k-mirror-256k	4	2801961	2801944	57	978382848	697241600	ft*51 ZMQbg/Reaper*3 ZMQbg/IO/0*3 
2026-09-27T18:52:59+04:00	ck9k-mirror-256k	4	2802160	2801961	1	12754944	5943296	python3*1 
2026-09-27T18:52:59+04:00	ck9k-mirror-256k	4	2802161	2801961	45	17138708480	16524914688	python3*36 pt_gloo_runloop*2 ZMQbg/Reaper*2 ZMQbg/IO/0*2 pt_tcpstore_uv*1 cuda0000240000a*1 
2026-09-27T18:52:59+04:00	ck9k-mirror-256k	4	2802163	2801961	57	921714688	644034560	python3*49 ZMQbg/Reaper*4 ZMQbg/IO/0*4 
2026-09-27T18:53:09+04:00	ck9k-mirror-256k	4	2801944	363	2	25296896	6074368	uv*1 main2*1 
2026-09-27T18:53:09+04:00	ck9k-mirror-256k	4	2801961	2801944	57	978382848	697241600	ft*51 ZMQbg/Reaper*3 ZMQbg/IO/0*3 
2026-09-27T18:53:09+04:00	ck9k-mirror-256k	4	2802160	2801961	1	12754944	5943296	python3*1 
2026-09-27T18:53:09+04:00	ck9k-mirror-256k	4	2802161	2801961	45	17138823168	16525029376	python3*36 pt_gloo_runloop*2 ZMQbg/Reaper*2 ZMQbg/IO/0*2 pt_tcpstore_uv*1 cuda0000240000a*1 
2026-09-27T18:53:09+04:00	ck9k-mirror-256k	4	2802163	2801961	57	921714688	644034560	python3*49 ZMQbg/Reaper*4 ZMQbg/IO/0*4 
2026-09-27T18:53:20+04:00	ck9k-mirror-256k	4	2801944	363	2	25296896	6074368	uv*1 main2*1 
2026-09-27T18:53:20+04:00	ck9k-mirror-256k	4	2801961	2801944	57	978382848	697241600	ft*51 ZMQbg/Reaper*3 ZMQbg/IO/0*3 
2026-09-27T18:53:20+04:00	ck9k-mirror-256k	4	2802160	2801961	1	12754944	5943296	python3*1 
2026-09-27T18:53:20+04:00	ck9k-mirror-256k	4	2802161	2801961	45	17138921472	16525127680	python3*36 pt_gloo_runloop*2 ZMQbg/Reaper*2 ZMQbg/IO/0*2 pt_tcpstore_uv*1 cuda0000240000a*1 
2026-09-27T18:53:20+04:00	ck9k-mirror-256k	4	2802163	2801961	57	921714688	644034560	python3*49 ZMQbg/Reaper*4 ZMQbg/IO/0*4 
2026-09-27T18:53:32+04:00	ck9k-mirror-256k	4	2801944	363	2	25296896	6074368	uv*1 main2*1 
2026-09-27T18:53:32+04:00	ck9k-mirror-256k	4	2801961	2801944	57	978382848	697241600	ft*51 ZMQbg/Reaper*3 ZMQbg/IO/0*3 
2026-09-27T18:53:32+04:00	ck9k-mirror-256k	4	2802160	2801961	1	12754944	5943296	python3*1 
2026-09-27T18:53:32+04:00	ck9k-mirror-256k	4	2802161	2801961	45	17139036160	16525242368	python3*36 pt_gloo_runloop*2 ZMQbg/Reaper*2 ZMQbg/IO/0*2 pt_tcpstore_uv*1 cuda0000240000a*1 
2026-09-27T18:53:32+04:00	ck9k-mirror-256k	4	2802163	2801961	57	921714688	644034560	python3*49 ZMQbg/Reaper*4 ZMQbg/IO/0*4 
2026-09-27T18:53:42+04:00	ck9k-mirror-256k	4	2801944	363	2	25296896	6074368	uv*1 main2*1 
2026-09-27T18:53:42+04:00	ck9k-mirror-256k	4	2801961	2801944	57	978382848	697241600	ft*51 ZMQbg/Reaper*3 ZMQbg/IO/0*3 
2026-09-27T18:53:42+04:00	ck9k-mirror-256k	4	2802160	2801961	1	12754944	5943296	python3*1 
2026-09-27T18:53:42+04:00	ck9k-mirror-256k	4	2802161	2801961	45	17139126272	16525332480	python3*36 pt_gloo_runloop*2 ZMQbg/Reaper*2 ZMQbg/IO/0*2 pt_tcpstore_uv*1 cuda0000240000a*1 
2026-09-27T18:53:42+04:00	ck9k-mirror-256k	4	2802163	2801961	57	921714688	644034560	python3*49 ZMQbg/Reaper*4 ZMQbg/IO/0*4 
2026-09-27T18:53:52+04:00	ck9k-mirror-256k	4	2801944	363	2	25296896	6074368	uv*1 main2*1 
2026-09-27T18:53:52+04:00	ck9k-mirror-256k	4	2801961	2801944	57	978382848	697241600	ft*51 ZMQbg/Reaper*3 ZMQbg/IO/0*3 
2026-09-27T18:53:52+04:00	ck9k-mirror-256k	4	2802160	2801961	1	12754944	5943296	python3*1 
2026-09-27T18:53:52+04:00	ck9k-mirror-256k	4	2802161	2801961	45	17139245056	16525451264	python3*36 pt_gloo_runloop*2 ZMQbg/Reaper*2 ZMQbg/IO/0*2 pt_tcpstore_uv*1 cuda0000240000a*1 
2026-09-27T18:53:52+04:00	ck9k-mirror-256k	4	2802163	2801961	57	921714688	644034560	python3*49 ZMQbg/Reaper*4 ZMQbg/IO/0*4 
2026-09-27T18:54:04+04:00	ck9k-mirror-256k	4	2801944	363	2	25296896	6074368	uv*1 main2*1 
2026-09-27T18:54:04+04:00	ck9k-mirror-256k	4	2801961	2801944	57	978382848	697241600	ft*51 ZMQbg/Reaper*3 ZMQbg/IO/0*3 
2026-09-27T18:54:04+04:00	ck9k-mirror-256k	4	2802160	2801961	1	12754944	5943296	python3*1 
2026-09-27T18:54:04+04:00	ck9k-mirror-256k	4	2802161	2801961	45	17139343360	16525549568	python3*36 pt_gloo_runloop*2 ZMQbg/Reaper*2 ZMQbg/IO/0*2 pt_tcpstore_uv*1 cuda0000240000a*1 
2026-09-27T18:54:04+04:00	ck9k-mirror-256k	4	2802163	2801961	57	921714688	644034560	python3*49 ZMQbg/Reaper*4 ZMQbg/IO/0*4 
2026-09-27T18:54:14+04:00	ck9k-mirror-256k	4	2801944	363	2	25296896	6074368	uv*1 main2*1 
2026-09-27T18:54:14+04:00	ck9k-mirror-256k	4	2801961	2801944	57	978382848	697241600	ft*51 ZMQbg/Reaper*3 ZMQbg/IO/0*3 
2026-09-27T18:54:14+04:00	ck9k-mirror-256k	4	2802160	2801961	1	12754944	5943296	python3*1 
2026-09-27T18:54:14+04:00	ck9k-mirror-256k	4	2802161	2801961	45	17139453952	16525660160	python3*36 pt_gloo_runloop*2 ZMQbg/Reaper*2 ZMQbg/IO/0*2 pt_tcpstore_uv*1 cuda0000240000a*1 
2026-09-27T18:54:14+04:00	ck9k-mirror-256k	4	2802163	2801961	57	921714688	644034560	python3*49 ZMQbg/Reaper*4 ZMQbg/IO/0*4 
2026-09-27T18:54:24+04:00	ck9k-mirror-256k	4	2801944	363	2	25296896	6074368	uv*1 main2*1 
2026-09-27T18:54:24+04:00	ck9k-mirror-256k	4	2801961	2801944	57	979660800	698519552	ft*51 ZMQbg/Reaper*3 ZMQbg/IO/0*3 
2026-09-27T18:54:24+04:00	ck9k-mirror-256k	4	2802160	2801961	1	12754944	5943296	python3*1 
2026-09-27T18:54:24+04:00	ck9k-mirror-256k	4	2802161	2801961	45	17141309440	16527515648	python3*36 pt_gloo_runloop*2 ZMQbg/Reaper*2 ZMQbg/IO/0*2 pt_tcpstore_uv*1 cuda0000240000a*1 
2026-09-27T18:54:25+04:00	ck9k-mirror-256k	4	2802163	2801961	57	923164672	645484544	python3*49 ZMQbg/Reaper*4 ZMQbg/IO/0*4 
2026-09-27T18:54:36+04:00	ck9k-mirror-256k	4	2801944	363	2	25296896	6074368	uv*1 main2*1 
2026-09-27T18:54:37+04:00	ck9k-mirror-256k	4	2801961	2801944	57	979660800	698519552	ft*51 ZMQbg/Reaper*3 ZMQbg/IO/0*3 
2026-09-27T18:54:37+04:00	ck9k-mirror-256k	4	2802160	2801961	1	12754944	5943296	python3*1 
2026-09-27T18:54:37+04:00	ck9k-mirror-256k	4	2802161	2801961	45	17141309440	16527515648	python3*36 pt_gloo_runloop*2 ZMQbg/Reaper*2 ZMQbg/IO/0*2 pt_tcpstore_uv*1 cuda0000240000a*1 
2026-09-27T18:54:37+04:00	ck9k-mirror-256k	4	2802163	2801961	57	923168768	645488640	python3*49 ZMQbg/Reaper*4 ZMQbg/IO/0*4 
2026-09-27T18:54:47+04:00	ck9k-mirror-256k	4	2801944	363	2	25296896	6074368	uv*1 main2*1 
2026-09-27T18:54:47+04:00	ck9k-mirror-256k	4	2801961	2801944	57	979660800	698519552	ft*51 ZMQbg/Reaper*3 ZMQbg/IO/0*3 
2026-09-27T18:54:47+04:00	ck9k-mirror-256k	4	2802160	2801961	1	12754944	5943296	python3*1 
2026-09-27T18:54:47+04:00	ck9k-mirror-256k	4	2802161	2801961	45	17141313536	16527519744	python3*36 pt_gloo_runloop*2 ZMQbg/Reaper*2 ZMQbg/IO/0*2 pt_tcpstore_uv*1 cuda0000240000a*1 
2026-09-27T18:54:47+04:00	ck9k-mirror-256k	4	2802163	2801961	57	923168768	645488640	python3*49 ZMQbg/Reaper*4 ZMQbg/IO/0*4 
2026-09-27T18:54:57+04:00	ck9k-mirror-256k	4	2801944	363	2	25296896	6074368	uv*1 main2*1 
2026-09-27T18:54:57+04:00	ck9k-mirror-256k	4	2801961	2801944	57	979660800	698519552	ft*51 ZMQbg/Reaper*3 ZMQbg/IO/0*3 
2026-09-27T18:54:57+04:00	ck9k-mirror-256k	4	2802160	2801961	1	12754944	5943296	python3*1 
2026-09-27T18:54:57+04:00	ck9k-mirror-256k	4	2802161	2801961	45	17141313536	16527519744	python3*36 pt_gloo_runloop*2 ZMQbg/Reaper*2 ZMQbg/IO/0*2 pt_tcpstore_uv*1 cuda0000240000a*1 
2026-09-27T18:54:57+04:00	ck9k-mirror-256k	4	2802163	2801961	57	923168768	645488640	python3*49 ZMQbg/Reaper*4 ZMQbg/IO/0*4 
2026-09-27T18:55:07+04:00	ck9k-mirror-256k	4	2801944	363	2	25296896	6074368	uv*1 main2*1 
2026-09-27T18:55:07+04:00	ck9k-mirror-256k	4	2801961	2801944	57	979660800	698519552	ft*51 ZMQbg/Reaper*3 ZMQbg/IO/0*3 
2026-09-27T18:55:07+04:00	ck9k-mirror-256k	4	2802160	2801961	1	12754944	5943296	python3*1 
2026-09-27T18:55:07+04:00	ck9k-mirror-256k	4	2802161	2801961	45	17141313536	16527519744	python3*36 pt_gloo_runloop*2 ZMQbg/Reaper*2 ZMQbg/IO/0*2 pt_tcpstore_uv*1 cuda0000240000a*1 
2026-09-27T18:55:07+04:00	ck9k-mirror-256k	4	2802163	2801961	57	923168768	645488640	python3*49 ZMQbg/Reaper*4 ZMQbg/IO/0*4 
2026-09-27T18:55:19+04:00	ck9k-mirror-256k	4	2801944	363	2	25296896	6074368	uv*1 main2*1 
2026-09-27T18:55:19+04:00	ck9k-mirror-256k	4	2801961	2801944	57	979660800	698519552	ft*51 ZMQbg/Reaper*3 ZMQbg/IO/0*3 
2026-09-27T18:55:19+04:00	ck9k-mirror-256k	4	2802160	2801961	1	12754944	5943296	python3*1 
2026-09-27T18:55:19+04:00	ck9k-mirror-256k	4	2802161	2801961	45	17141313536	16527519744	python3*36 pt_gloo_runloop*2 ZMQbg/Reaper*2 ZMQbg/IO/0*2 pt_tcpstore_uv*1 cuda0000240000a*1 
2026-09-27T18:55:19+04:00	ck9k-mirror-256k	4	2802163	2801961	57	923168768	645488640	python3*49 ZMQbg/Reaper*4 ZMQbg/IO/0*4 
2026-09-27T18:55:30+04:00	ck9k-mirror-256k	4	2801944	363	2	25296896	6074368	uv*1 main2*1 
2026-09-27T18:55:30+04:00	ck9k-mirror-256k	4	2801961	2801944	57	979660800	698519552	ft*51 ZMQbg/Reaper*3 ZMQbg/IO/0*3 
2026-09-27T18:55:30+04:00	ck9k-mirror-256k	4	2802160	2801961	1	12754944	5943296	python3*1 
2026-09-27T18:55:30+04:00	ck9k-mirror-256k	4	2802161	2801961	45	17141313536	16527519744	python3*36 pt_gloo_runloop*2 ZMQbg/Reaper*2 ZMQbg/IO/0*2 pt_tcpstore_uv*1 cuda0000240000a*1 
2026-09-27T18:55:30+04:00	ck9k-mirror-256k	4	2802163	2801961	57	923168768	645488640	python3*49 ZMQbg/Reaper*4 ZMQbg/IO/0*4 
2026-09-27T18:55:40+04:00	ck9k-mirror-256k	4	2801944	363	2	25296896	6074368	uv*1 main2*1 
2026-09-27T18:55:40+04:00	ck9k-mirror-256k	4	2801961	2801944	57	979660800	698519552	ft*51 ZMQbg/Reaper*3 ZMQbg/IO/0*3 
2026-09-27T18:55:40+04:00	ck9k-mirror-256k	4	2802160	2801961	1	12754944	5943296	python3*1 
2026-09-27T18:55:40+04:00	ck9k-mirror-256k	4	2802161	2801961	45	17141313536	16527519744	python3*36 pt_gloo_runloop*2 ZMQbg/Reaper*2 ZMQbg/IO/0*2 pt_tcpstore_uv*1 cuda0000240000a*1 
2026-09-27T18:55:40+04:00	ck9k-mirror-256k	4	2802163	2801961	57	923168768	645488640	python3*49 ZMQbg/Reaper*4 ZMQbg/IO/0*4 
2026-09-27T18:55:52+04:00	ck9k-mirror-256k	4	2801944	363	2	25296896	6074368	uv*1 main2*1 
2026-09-27T18:55:52+04:00	ck9k-mirror-256k	4	2801961	2801944	57	979660800	698519552	ft*51 ZMQbg/Reaper*3 ZMQbg/IO/0*3 
2026-09-27T18:55:52+04:00	ck9k-mirror-256k	4	2802160	2801961	1	12754944	5943296	python3*1 
2026-09-27T18:55:52+04:00	ck9k-mirror-256k	4	2802161	2801961	45	17141313536	16527519744	python3*36 pt_gloo_runloop*2 ZMQbg/Reaper*2 ZMQbg/IO/0*2 pt_tcpstore_uv*1 cuda0000240000a*1 
2026-09-27T18:55:52+04:00	ck9k-mirror-256k	4	2802163	2801961	57	923168768	645488640	python3*49 ZMQbg/Reaper*4 ZMQbg/IO/0*4 
2026-09-27T18:56:02+04:00	ck9k-mirror-256k	4	2801944	363	2	25296896	6074368	uv*1 main2*1 
2026-09-27T18:56:02+04:00	ck9k-mirror-256k	4	2801961	2801944	57	979660800	698519552	ft*51 ZMQbg/Reaper*3 ZMQbg/IO/0*3 
2026-09-27T18:56:02+04:00	ck9k-mirror-256k	4	2802160	2801961	1	12754944	5943296	python3*1 
2026-09-27T18:56:02+04:00	ck9k-mirror-256k	4	2802161	2801961	45	17141293056	16527519744	python3*36 pt_gloo_runloop*2 ZMQbg/Reaper*2 ZMQbg/IO/0*2 pt_tcpstore_uv*1 cuda0000240000a*1 
2026-09-27T18:56:02+04:00	ck9k-mirror-256k	4	2802163	2801961	57	923168768	645488640	python3*49 ZMQbg/Reaper*4 ZMQbg/IO/0*4 
2026-09-27T18:56:12+04:00	ck9k-mirror-256k	4	2801944	363	2	25296896	6074368	uv*1 main2*1 
2026-09-27T18:56:12+04:00	ck9k-mirror-256k	4	2801961	2801944	57	979660800	698519552	ft*51 ZMQbg/Reaper*3 ZMQbg/IO/0*3 
2026-09-27T18:56:12+04:00	ck9k-mirror-256k	4	2802160	2801961	1	12754944	5943296	python3*1 
2026-09-27T18:56:12+04:00	ck9k-mirror-256k	4	2802161	2801961	45	17141293056	16527519744	python3*36 pt_gloo_runloop*2 ZMQbg/Reaper*2 ZMQbg/IO/0*2 pt_tcpstore_uv*1 cuda0000240000a*1 
2026-09-27T18:56:12+04:00	ck9k-mirror-256k	4	2802163	2801961	57	923168768	645488640	python3*49 ZMQbg/Reaper*4 ZMQbg/IO/0*4 
2026-09-27T18:56:24+04:00	ck9k-mirror-256k	4	2801944	363	2	25296896	6074368	uv*1 main2*1 
2026-09-27T18:56:24+04:00	ck9k-mirror-256k	4	2801961	2801944	57	979660800	698519552	ft*51 ZMQbg/Reaper*3 ZMQbg/IO/0*3 
2026-09-27T18:56:24+04:00	ck9k-mirror-256k	4	2802160	2801961	1	12754944	5943296	python3*1 
2026-09-27T18:56:24+04:00	ck9k-mirror-256k	4	2802161	2801961	45	17141293056	16527519744	python3*36 pt_gloo_runloop*2 ZMQbg/Reaper*2 ZMQbg/IO/0*2 pt_tcpstore_uv*1 cuda0000240000a*1 
2026-09-27T18:56:24+04:00	ck9k-mirror-256k	4	2802163	2801961	57	923168768	645488640	python3*49 ZMQbg/Reaper*4 ZMQbg/IO/0*4 
2026-09-27T18:56:35+04:00	ck9k-mirror-256k	4	2801944	363	2	25296896	6074368	uv*1 main2*1 
2026-09-27T18:56:35+04:00	ck9k-mirror-256k	4	2801961	2801944	57	979660800	698519552	ft*51 ZMQbg/Reaper*3 ZMQbg/IO/0*3 
2026-09-27T18:56:35+04:00	ck9k-mirror-256k	4	2802160	2801961	1	12754944	5943296	python3*1 
2026-09-27T18:56:35+04:00	ck9k-mirror-256k	4	2802161	2801961	45	17141293056	16527519744	python3*36 pt_gloo_runloop*2 ZMQbg/Reaper*2 ZMQbg/IO/0*2 pt_tcpstore_uv*1 cuda0000240000a*1 
2026-09-27T18:56:35+04:00	ck9k-mirror-256k	4	2802163	2801961	57	923168768	645488640	python3*49 ZMQbg/Reaper*4 ZMQbg/IO/0*4 
2026-09-27T18:56:45+04:00	ck9k-mirror-256k	4	2801944	363	2	25296896	6074368	uv*1 main2*1 
2026-09-27T18:56:45+04:00	ck9k-mirror-256k	4	2801961	2801944	57	979660800	698519552	ft*51 ZMQbg/Reaper*3 ZMQbg/IO/0*3 
2026-09-27T18:56:45+04:00	ck9k-mirror-256k	4	2802160	2801961	1	12754944	5943296	python3*1 
2026-09-27T18:56:45+04:00	ck9k-mirror-256k	4	2802161	2801961	45	17141293056	16527519744	python3*36 pt_gloo_runloop*2 ZMQbg/Reaper*2 ZMQbg/IO/0*2 pt_tcpstore_uv*1 cuda0000240000a*1 
2026-09-27T18:56:45+04:00	ck9k-mirror-256k	4	2802163	2801961	57	923168768	645488640	python3*49 ZMQbg/Reaper*4 ZMQbg/IO/0*4 
2026-09-27T18:56:57+04:00	ck9k-mirror-256k	4	2801944	363	2	25296896	6074368	uv*1 main2*1 
2026-09-27T18:56:57+04:00	ck9k-mirror-256k	4	2801961	2801944	57	979660800	698519552	ft*51 ZMQbg/Reaper*3 ZMQbg/IO/0*3 
2026-09-27T18:56:57+04:00	ck9k-mirror-256k	4	2802160	2801961	1	12754944	5943296	python3*1 
2026-09-27T18:56:57+04:00	ck9k-mirror-256k	4	2802161	2801961	45	17141293056	16527519744	python3*36 pt_gloo_runloop*2 ZMQbg/Reaper*2 ZMQbg/IO/0*2 pt_tcpstore_uv*1 cuda0000240000a*1 
2026-09-27T18:56:57+04:00	ck9k-mirror-256k	4	2802163	2801961	57	923168768	645488640	python3*49 ZMQbg/Reaper*4 ZMQbg/IO/0*4 
2026-09-27T18:57:07+04:00	ck9k-mirror-256k	4	2801944	363	2	25296896	6074368	uv*1 main2*1 
2026-09-27T18:57:07+04:00	ck9k-mirror-256k	4	2801961	2801944	57	979660800	698519552	ft*51 ZMQbg/Reaper*3 ZMQbg/IO/0*3 
2026-09-27T18:57:07+04:00	ck9k-mirror-256k	4	2802160	2801961	1	12754944	5943296	python3*1 
2026-09-27T18:57:07+04:00	ck9k-mirror-256k	4	2802161	2801961	45	17141293056	16527519744	python3*36 pt_gloo_runloop*2 ZMQbg/Reaper*2 ZMQbg/IO/0*2 pt_tcpstore_uv*1 cuda0000240000a*1 
2026-09-27T18:57:07+04:00	ck9k-mirror-256k	4	2802163	2801961	57	923168768	645488640	python3*49 ZMQbg/Reaper*4 ZMQbg/IO/0*4 
2026-09-27T18:57:17+04:00	ck9k-mirror-256k	4	2801944	363	2	25296896	6074368	uv*1 main2*1 
2026-09-27T18:57:17+04:00	ck9k-mirror-256k	4	2801961	2801944	57	979660800	698519552	ft*51 ZMQbg/Reaper*3 ZMQbg/IO/0*3 
2026-09-27T18:57:17+04:00	ck9k-mirror-256k	4	2802160	2801961	1	12754944	5943296	python3*1 
2026-09-27T18:57:17+04:00	ck9k-mirror-256k	4	2802161	2801961	45	17141293056	16527519744	python3*36 pt_gloo_runloop*2 ZMQbg/Reaper*2 ZMQbg/IO/0*2 pt_tcpstore_uv*1 cuda0000240000a*1 
2026-09-27T18:57:17+04:00	ck9k-mirror-256k	4	2802163	2801961	57	923168768	645488640	python3*49 ZMQbg/Reaper*4 ZMQbg/IO/0*4 
2026-09-27T18:57:29+04:00	ck9k-mirror-256k	4	2801944	363	2	25296896	6074368	uv*1 main2*1 
2026-09-27T18:57:29+04:00	ck9k-mirror-256k	4	2801961	2801944	57	979660800	698519552	ft*51 ZMQbg/Reaper*3 ZMQbg/IO/0*3 
2026-09-27T18:57:29+04:00	ck9k-mirror-256k	4	2802160	2801961	1	12754944	5943296	python3*1 
2026-09-27T18:57:29+04:00	ck9k-mirror-256k	4	2802161	2801961	45	17141297152	16527523840	python3*36 pt_gloo_runloop*2 ZMQbg/Reaper*2 ZMQbg/IO/0*2 pt_tcpstore_uv*1 cuda0000240000a*1 
2026-09-27T18:57:30+04:00	ck9k-mirror-256k	4	2802163	2801961	57	923168768	645488640	python3*49 ZMQbg/Reaper*4 ZMQbg/IO/0*4 
2026-09-27T18:57:40+04:00	ck9k-mirror-256k	4	2801944	363	2	25296896	6074368	uv*1 main2*1 
2026-09-27T18:57:40+04:00	ck9k-mirror-256k	4	2801961	2801944	57	979660800	698519552	ft*51 ZMQbg/Reaper*3 ZMQbg/IO/0*3 
2026-09-27T18:57:40+04:00	ck9k-mirror-256k	4	2802160	2801961	1	12754944	5943296	python3*1 
2026-09-27T18:57:40+04:00	ck9k-mirror-256k	4	2802161	2801961	45	17141399552	16527626240	python3*36 pt_gloo_runloop*2 ZMQbg/Reaper*2 ZMQbg/IO/0*2 pt_tcpstore_uv*1 cuda0000240000a*1 
2026-09-27T18:57:40+04:00	ck9k-mirror-256k	4	2802163	2801961	57	923168768	645488640	python3*49 ZMQbg/Reaper*4 ZMQbg/IO/0*4 
2026-09-27T18:57:50+04:00	ck9k-mirror-256k	4	2801944	363	2	25296896	6074368	uv*1 main2*1 
2026-09-27T18:57:50+04:00	ck9k-mirror-256k	4	2801961	2801944	57	979660800	698519552	ft*51 ZMQbg/Reaper*3 ZMQbg/IO/0*3 
2026-09-27T18:57:50+04:00	ck9k-mirror-256k	4	2802160	2801961	1	12754944	5943296	python3*1 
2026-09-27T18:57:50+04:00	ck9k-mirror-256k	4	2802161	2801961	45	17141465088	16527691776	python3*36 pt_gloo_runloop*2 ZMQbg/Reaper*2 ZMQbg/IO/0*2 pt_tcpstore_uv*1 cuda0000240000a*1 
2026-09-27T18:57:50+04:00	ck9k-mirror-256k	4	2802163	2801961	57	923168768	645488640	python3*49 ZMQbg/Reaper*4 ZMQbg/IO/0*4 
2026-09-27T18:58:02+04:00	ck9k-mirror-256k	4	2801944	363	2	25296896	6074368	uv*1 main2*1 
2026-09-27T18:58:02+04:00	ck9k-mirror-256k	4	2801961	2801944	57	979660800	698519552	ft*51 ZMQbg/Reaper*3 ZMQbg/IO/0*3 
2026-09-27T18:58:02+04:00	ck9k-mirror-256k	4	2802160	2801961	1	12754944	5943296	python3*1 
2026-09-27T18:58:02+04:00	ck9k-mirror-256k	4	2802161	2801961	45	17141547008	16527773696	python3*36 pt_gloo_runloop*2 ZMQbg/Reaper*2 ZMQbg/IO/0*2 pt_tcpstore_uv*1 cuda0000240000a*1 
2026-09-27T18:58:02+04:00	ck9k-mirror-256k	4	2802163	2801961	57	923168768	645488640	python3*49 ZMQbg/Reaper*4 ZMQbg/IO/0*4 
2026-09-27T18:58:12+04:00	ck9k-mirror-256k	4	2801944	363	2	25296896	6074368	uv*1 main2*1 
2026-09-27T18:58:12+04:00	ck9k-mirror-256k	4	2801961	2801944	57	979660800	698519552	ft*51 ZMQbg/Reaper*3 ZMQbg/IO/0*3 
2026-09-27T18:58:12+04:00	ck9k-mirror-256k	4	2802160	2801961	1	12754944	5943296	python3*1 
2026-09-27T18:58:12+04:00	ck9k-mirror-256k	4	2802161	2801961	45	17141628928	16527855616	python3*36 pt_gloo_runloop*2 ZMQbg/Reaper*2 ZMQbg/IO/0*2 pt_tcpstore_uv*1 cuda0000240000a*1 
2026-09-27T18:58:12+04:00	ck9k-mirror-256k	4	2802163	2801961	57	923168768	645488640	python3*49 ZMQbg/Reaper*4 ZMQbg/IO/0*4 
2026-09-27T18:58:22+04:00	ck9k-mirror-256k	4	2801944	363	2	25296896	6074368	uv*1 main2*1 
2026-09-27T18:58:22+04:00	ck9k-mirror-256k	4	2801961	2801944	57	979660800	698519552	ft*51 ZMQbg/Reaper*3 ZMQbg/IO/0*3 
2026-09-27T18:58:22+04:00	ck9k-mirror-256k	4	2802160	2801961	1	12754944	5943296	python3*1 
2026-09-27T18:58:22+04:00	ck9k-mirror-256k	4	2802161	2801961	45	17141710848	16527937536	python3*36 pt_gloo_runloop*2 ZMQbg/Reaper*2 ZMQbg/IO/0*2 pt_tcpstore_uv*1 cuda0000240000a*1 
2026-09-27T18:58:22+04:00	ck9k-mirror-256k	4	2802163	2801961	57	923168768	645488640	python3*49 ZMQbg/Reaper*4 ZMQbg/IO/0*4 
2026-09-27T18:58:32+04:00	ck9k-mirror-256k	4	2801944	363	2	25296896	6074368	uv*1 main2*1 
2026-09-27T18:58:33+04:00	ck9k-mirror-256k	4	2801961	2801944	57	979660800	698519552	ft*51 ZMQbg/Reaper*3 ZMQbg/IO/0*3 
2026-09-27T18:58:33+04:00	ck9k-mirror-256k	4	2802160	2801961	1	12754944	5943296	python3*1 
2026-09-27T18:58:33+04:00	ck9k-mirror-256k	4	2802161	2801961	45	17141784576	16528011264	python3*36 pt_gloo_runloop*2 ZMQbg/Reaper*2 ZMQbg/IO/0*2 pt_tcpstore_uv*1 cuda0000240000a*1 
2026-09-27T18:58:33+04:00	ck9k-mirror-256k	4	2802163	2801961	57	923168768	645488640	python3*49 ZMQbg/Reaper*4 ZMQbg/IO/0*4 
2026-09-27T18:58:45+04:00	ck9k-mirror-256k	4	2801944	363	2	25296896	6074368	uv*1 main2*1 
2026-09-27T18:58:45+04:00	ck9k-mirror-256k	4	2801961	2801944	57	979660800	698519552	ft*51 ZMQbg/Reaper*3 ZMQbg/IO/0*3 
2026-09-27T18:58:45+04:00	ck9k-mirror-256k	4	2802160	2801961	1	12754944	5943296	python3*1 
2026-09-27T18:58:45+04:00	ck9k-mirror-256k	4	2802161	2801961	45	17141886976	16528113664	python3*36 pt_gloo_runloop*2 ZMQbg/Reaper*2 ZMQbg/IO/0*2 pt_tcpstore_uv*1 cuda0000240000a*1 
2026-09-27T18:58:45+04:00	ck9k-mirror-256k	4	2802163	2801961	57	923168768	645488640	python3*49 ZMQbg/Reaper*4 ZMQbg/IO/0*4 
2026-09-27T18:58:55+04:00	ck9k-mirror-256k	4	2801944	363	2	25296896	6074368	uv*1 main2*1 
2026-09-27T18:58:55+04:00	ck9k-mirror-256k	4	2801961	2801944	57	979660800	698519552	ft*51 ZMQbg/Reaper*3 ZMQbg/IO/0*3 
2026-09-27T18:58:55+04:00	ck9k-mirror-256k	4	2802160	2801961	1	12754944	5943296	python3*1 
2026-09-27T18:58:55+04:00	ck9k-mirror-256k	4	2802161	2801961	45	17141968896	16528195584	python3*36 pt_gloo_runloop*2 ZMQbg/Reaper*2 ZMQbg/IO/0*2 pt_tcpstore_uv*1 cuda0000240000a*1 
2026-09-27T18:58:55+04:00	ck9k-mirror-256k	4	2802163	2801961	57	923168768	645488640	python3*49 ZMQbg/Reaper*4 ZMQbg/IO/0*4 
2026-09-27T18:59:05+04:00	ck9k-mirror-256k	4	2801944	363	2	25296896	6074368	uv*1 main2*1 
2026-09-27T18:59:05+04:00	ck9k-mirror-256k	4	2801961	2801944	57	979660800	698519552	ft*51 ZMQbg/Reaper*3 ZMQbg/IO/0*3 
2026-09-27T18:59:05+04:00	ck9k-mirror-256k	4	2802160	2801961	1	12754944	5943296	python3*1 
2026-09-27T18:59:05+04:00	ck9k-mirror-256k	4	2802161	2801961	45	17142046720	16528273408	python3*36 pt_gloo_runloop*2 ZMQbg/Reaper*2 ZMQbg/IO/0*2 pt_tcpstore_uv*1 cuda0000240000a*1 
2026-09-27T18:59:05+04:00	ck9k-mirror-256k	4	2802163	2801961	57	923168768	645488640	python3*49 ZMQbg/Reaper*4 ZMQbg/IO/0*4 
2026-09-27T18:59:17+04:00	ck9k-mirror-256k	4	2801944	363	2	25296896	6074368	uv*1 main2*1 
2026-09-27T18:59:17+04:00	ck9k-mirror-256k	4	2801961	2801944	57	979660800	698519552	ft*51 ZMQbg/Reaper*3 ZMQbg/IO/0*3 
2026-09-27T18:59:17+04:00	ck9k-mirror-256k	4	2802160	2801961	1	12754944	5943296	python3*1 
2026-09-27T18:59:17+04:00	ck9k-mirror-256k	4	2802161	2801961	45	17142120448	16528347136	python3*36 pt_gloo_runloop*2 ZMQbg/Reaper*2 ZMQbg/IO/0*2 pt_tcpstore_uv*1 cuda0000240000a*1 
2026-09-27T18:59:17+04:00	ck9k-mirror-256k	4	2802163	2801961	57	923168768	645488640	python3*49 ZMQbg/Reaper*4 ZMQbg/IO/0*4 
2026-09-27T18:59:27+04:00	ck9k-mirror-256k	4	2801944	363	2	25296896	6074368	uv*1 main2*1 
2026-09-27T18:59:27+04:00	ck9k-mirror-256k	4	2801961	2801944	57	979660800	698519552	ft*51 ZMQbg/Reaper*3 ZMQbg/IO/0*3 
2026-09-27T18:59:27+04:00	ck9k-mirror-256k	4	2802160	2801961	1	12754944	5943296	python3*1 
2026-09-27T18:59:27+04:00	ck9k-mirror-256k	4	2802161	2801961	45	17142890496	16529084416	python3*36 pt_gloo_runloop*2 ZMQbg/Reaper*2 ZMQbg/IO/0*2 pt_tcpstore_uv*1 cuda0000240000a*1 
2026-09-27T18:59:27+04:00	ck9k-mirror-256k	4	2802163	2801961	57	923168768	645488640	python3*49 ZMQbg/Reaper*4 ZMQbg/IO/0*4 
2026-09-27T18:59:38+04:00	ck9k-mirror-256k	4	2801944	363	2	25296896	6074368	uv*1 main2*1 
2026-09-27T18:59:38+04:00	ck9k-mirror-256k	4	2801961	2801944	57	979660800	698519552	ft*51 ZMQbg/Reaper*3 ZMQbg/IO/0*3 
2026-09-27T18:59:38+04:00	ck9k-mirror-256k	4	2802160	2801961	1	12754944	5943296	python3*1 
2026-09-27T18:59:38+04:00	ck9k-mirror-256k	4	2802161	2801961	45	17142890496	16529084416	python3*36 pt_gloo_runloop*2 ZMQbg/Reaper*2 ZMQbg/IO/0*2 pt_tcpstore_uv*1 cuda0000240000a*1 
2026-09-27T18:59:38+04:00	ck9k-mirror-256k	4	2802163	2801961	57	923168768	645488640	python3*49 ZMQbg/Reaper*4 ZMQbg/IO/0*4 
2026-09-27T18:59:50+04:00	ck9k-mirror-256k	4	2801944	363	2	25296896	6074368	uv*1 main2*1 
2026-09-27T18:59:50+04:00	ck9k-mirror-256k	4	2801961	2801944	57	979660800	698519552	ft*51 ZMQbg/Reaper*3 ZMQbg/IO/0*3 
2026-09-27T18:59:50+04:00	ck9k-mirror-256k	4	2802160	2801961	1	12754944	5943296	python3*1 
2026-09-27T18:59:50+04:00	ck9k-mirror-256k	4	2802161	2801961	45	17142890496	16529084416	python3*36 pt_gloo_runloop*2 ZMQbg/Reaper*2 ZMQbg/IO/0*2 pt_tcpstore_uv*1 cuda0000240000a*1 
2026-09-27T18:59:50+04:00	ck9k-mirror-256k	4	2802163	2801961	57	923168768	645488640	python3*49 ZMQbg/Reaper*4 ZMQbg/IO/0*4 
2026-09-27T19:00:00+04:00	ck9k-mirror-256k	4	2801944	363	2	25296896	6074368	uv*1 main2*1 
2026-09-27T19:00:00+04:00	ck9k-mirror-256k	4	2801961	2801944	57	979660800	698519552	ft*51 ZMQbg/Reaper*3 ZMQbg/IO/0*3 
2026-09-27T19:00:00+04:00	ck9k-mirror-256k	4	2802160	2801961	1	12754944	5943296	python3*1 
2026-09-27T19:00:00+04:00	ck9k-mirror-256k	4	2802161	2801961	45	17142890496	16529084416	python3*36 pt_gloo_runloop*2 ZMQbg/Reaper*2 ZMQbg/IO/0*2 pt_tcpstore_uv*1 cuda0000240000a*1 
2026-09-27T19:00:00+04:00	ck9k-mirror-256k	4	2802163	2801961	57	923168768	645488640	python3*49 ZMQbg/Reaper*4 ZMQbg/IO/0*4 
2026-09-27T19:00:10+04:00	ck9k-mirror-256k	4	2801944	363	2	25296896	6074368	uv*1 main2*1 
2026-09-27T19:00:10+04:00	ck9k-mirror-256k	4	2801961	2801944	57	979660800	698519552	ft*51 ZMQbg/Reaper*3 ZMQbg/IO/0*3 
2026-09-27T19:00:10+04:00	ck9k-mirror-256k	4	2802160	2801961	1	12754944	5943296	python3*1 
2026-09-27T19:00:10+04:00	ck9k-mirror-256k	4	2802161	2801961	45	17142890496	16529084416	python3*36 pt_gloo_runloop*2 ZMQbg/Reaper*2 ZMQbg/IO/0*2 pt_tcpstore_uv*1 cuda0000240000a*1 
2026-09-27T19:00:10+04:00	ck9k-mirror-256k	4	2802163	2801961	57	923168768	645488640	python3*49 ZMQbg/Reaper*4 ZMQbg/IO/0*4 
2026-09-27T19:00:22+04:00	ck9k-mirror-256k	4	2801944	363	2	25296896	6074368	uv*1 main2*1 
2026-09-27T19:00:22+04:00	ck9k-mirror-256k	4	2801961	2801944	57	979660800	698519552	ft*51 ZMQbg/Reaper*3 ZMQbg/IO/0*3 
2026-09-27T19:00:22+04:00	ck9k-mirror-256k	4	2802160	2801961	1	12754944	5943296	python3*1 
2026-09-27T19:00:22+04:00	ck9k-mirror-256k	4	2802161	2801961	45	17142894592	16529088512	python3*36 pt_gloo_runloop*2 ZMQbg/Reaper*2 ZMQbg/IO/0*2 pt_tcpstore_uv*1 cuda0000240000a*1 
2026-09-27T19:00:23+04:00	ck9k-mirror-256k	4	2802163	2801961	57	923168768	645488640	python3*49 ZMQbg/Reaper*4 ZMQbg/IO/0*4 
2026-09-27T19:00:33+04:00	ck9k-mirror-256k	4	2801944	363	2	25296896	6074368	uv*1 main2*1 
2026-09-27T19:00:33+04:00	ck9k-mirror-256k	4	2801961	2801944	57	979660800	698519552	ft*51 ZMQbg/Reaper*3 ZMQbg/IO/0*3 
2026-09-27T19:00:33+04:00	ck9k-mirror-256k	4	2802160	2801961	1	12754944	5943296	python3*1 
2026-09-27T19:00:33+04:00	ck9k-mirror-256k	4	2802161	2801961	45	17142923264	16529117184	python3*36 pt_gloo_runloop*2 ZMQbg/Reaper*2 ZMQbg/IO/0*2 pt_tcpstore_uv*1 cuda0000240000a*1 
2026-09-27T19:00:33+04:00	ck9k-mirror-256k	4	2802163	2801961	57	923168768	645488640	python3*49 ZMQbg/Reaper*4 ZMQbg/IO/0*4 
2026-09-27T19:00:43+04:00	ck9k-mirror-256k	4	2801944	363	2	25296896	6074368	uv*1 main2*1 
2026-09-27T19:00:43+04:00	ck9k-mirror-256k	4	2801961	2801944	57	979660800	698519552	ft*51 ZMQbg/Reaper*3 ZMQbg/IO/0*3 
2026-09-27T19:00:43+04:00	ck9k-mirror-256k	4	2802160	2801961	1	12754944	5943296	python3*1 
2026-09-27T19:00:43+04:00	ck9k-mirror-256k	4	2802161	2801961	45	17143005184	16529199104	python3*36 pt_gloo_runloop*2 ZMQbg/Reaper*2 ZMQbg/IO/0*2 pt_tcpstore_uv*1 cuda0000240000a*1 
2026-09-27T19:00:43+04:00	ck9k-mirror-256k	4	2802163	2801961	57	923168768	645488640	python3*49 ZMQbg/Reaper*4 ZMQbg/IO/0*4 
2026-09-27T19:00:55+04:00	ck9k-mirror-256k	4	2801944	363	2	25296896	6074368	uv*1 main2*1 
2026-09-27T19:00:55+04:00	ck9k-mirror-256k	4	2801961	2801944	57	979660800	698519552	ft*51 ZMQbg/Reaper*3 ZMQbg/IO/0*3 
2026-09-27T19:00:55+04:00	ck9k-mirror-256k	4	2802160	2801961	1	12754944	5943296	python3*1 
2026-09-27T19:00:55+04:00	ck9k-mirror-256k	4	2802161	2801961	45	17143070720	16529264640	python3*36 pt_gloo_runloop*2 ZMQbg/Reaper*2 ZMQbg/IO/0*2 pt_tcpstore_uv*1 cuda0000240000a*1 
2026-09-27T19:00:55+04:00	ck9k-mirror-256k	4	2802163	2801961	57	923168768	645488640	python3*49 ZMQbg/Reaper*4 ZMQbg/IO/0*4 
2026-09-27T19:01:05+04:00	ck9k-mirror-256k	4	2801944	363	2	25296896	6074368	uv*1 main2*1 
2026-09-27T19:01:05+04:00	ck9k-mirror-256k	4	2801961	2801944	57	979660800	698519552	ft*51 ZMQbg/Reaper*3 ZMQbg/IO/0*3 
2026-09-27T19:01:05+04:00	ck9k-mirror-256k	4	2802160	2801961	1	12754944	5943296	python3*1 
2026-09-27T19:01:05+04:00	ck9k-mirror-256k	4	2802161	2801961	45	17143156736	16529367040	python3*36 pt_gloo_runloop*2 ZMQbg/Reaper*2 ZMQbg/IO/0*2 pt_tcpstore_uv*1 cuda0000240000a*1 
2026-09-27T19:01:05+04:00	ck9k-mirror-256k	4	2802163	2801961	57	923168768	645488640	python3*49 ZMQbg/Reaper*4 ZMQbg/IO/0*4 
2026-09-27T19:01:15+04:00	ck9k-mirror-256k	4	2801944	363	2	25296896	6074368	uv*1 main2*1 
2026-09-27T19:01:15+04:00	ck9k-mirror-256k	4	2801961	2801944	57	979660800	698519552	ft*51 ZMQbg/Reaper*3 ZMQbg/IO/0*3 
2026-09-27T19:01:15+04:00	ck9k-mirror-256k	4	2802160	2801961	1	12754944	5943296	python3*1 
2026-09-27T19:01:15+04:00	ck9k-mirror-256k	4	2802161	2801961	45	17143242752	16529436672	python3*36 pt_gloo_runloop*2 ZMQbg/Reaper*2 ZMQbg/IO/0*2 pt_tcpstore_uv*1 cuda0000240000a*1 
2026-09-27T19:01:15+04:00	ck9k-mirror-256k	4	2802163	2801961	57	923168768	645488640	python3*49 ZMQbg/Reaper*4 ZMQbg/IO/0*4 
2026-09-27T19:01:27+04:00	ck9k-mirror-256k	4	2801944	363	2	25296896	6074368	uv*1 main2*1 
2026-09-27T19:01:27+04:00	ck9k-mirror-256k	4	2801961	2801944	57	979402752	698519552	ft*51 ZMQbg/Reaper*3 ZMQbg/IO/0*3 
2026-09-27T19:01:28+04:00	ck9k-mirror-256k	4	2802160	2801961	1	12754944	5943296	python3*1 
2026-09-27T19:01:28+04:00	ck9k-mirror-256k	4	2802161	2801961	45	17142562816	16529506304	python3*36 pt_gloo_runloop*2 ZMQbg/Reaper*2 ZMQbg/IO/0*2 pt_tcpstore_uv*1 cuda0000240000a*1 
2026-09-27T19:01:28+04:00	ck9k-mirror-256k	4	2802163	2801961	57	922386432	645488640	python3*49 ZMQbg/Reaper*4 ZMQbg/IO/0*4 
2026-09-27T19:01:38+04:00	ck9k-mirror-256k	4	2801944	363	2	25296896	6074368	uv*1 main2*1 
2026-09-27T19:01:38+04:00	ck9k-mirror-256k	4	2801961	2801944	57	978300928	698519552	ft*51 ZMQbg/Reaper*3 ZMQbg/IO/0*3 
2026-09-27T19:01:38+04:00	ck9k-mirror-256k	4	2802160	2801961	1	12754944	5943296	python3*1 
2026-09-27T19:01:38+04:00	ck9k-mirror-256k	4	2802161	2801961	45	17142161408	16529592320	python3*36 pt_gloo_runloop*2 ZMQbg/Reaper*2 ZMQbg/IO/0*2 pt_tcpstore_uv*1 cuda0000240000a*1 
2026-09-27T19:01:38+04:00	ck9k-mirror-256k	4	2802163	2801961	57	921886720	645488640	python3*49 ZMQbg/Reaper*4 ZMQbg/IO/0*4 
2026-09-27T19:01:48+04:00	ck9k-mirror-256k	4	2801944	363	2	25296896	6074368	uv*1 main2*1 
2026-09-27T19:01:48+04:00	ck9k-mirror-256k	4	2801961	2801944	57	978300928	698519552	ft*51 ZMQbg/Reaper*3 ZMQbg/IO/0*3 
2026-09-27T19:01:48+04:00	ck9k-mirror-256k	4	2802160	2801961	1	12754944	5943296	python3*1 
2026-09-27T19:01:48+04:00	ck9k-mirror-256k	4	2802161	2801961	45	17142231040	16529661952	python3*36 pt_gloo_runloop*2 ZMQbg/Reaper*2 ZMQbg/IO/0*2 pt_tcpstore_uv*1 cuda0000240000a*1 
2026-09-27T19:01:48+04:00	ck9k-mirror-256k	4	2802163	2801961	57	921886720	645488640	python3*49 ZMQbg/Reaper*4 ZMQbg/IO/0*4 
2026-09-27T19:02:00+04:00	ck9k-mirror-256k	4	2801944	363	2	25296896	6074368	uv*1 main2*1 
2026-09-27T19:02:00+04:00	ck9k-mirror-256k	4	2801961	2801944	57	978300928	698519552	ft*51 ZMQbg/Reaper*3 ZMQbg/IO/0*3 
2026-09-27T19:02:00+04:00	ck9k-mirror-256k	4	2802160	2801961	1	12754944	5943296	python3*1 
2026-09-27T19:02:00+04:00	ck9k-mirror-256k	4	2802161	2801961	45	17142312960	16529743872	python3*36 pt_gloo_runloop*2 ZMQbg/Reaper*2 ZMQbg/IO/0*2 pt_tcpstore_uv*1 cuda0000240000a*1 
2026-09-27T19:02:00+04:00	ck9k-mirror-256k	4	2802163	2801961	57	921886720	645488640	python3*49 ZMQbg/Reaper*4 ZMQbg/IO/0*4 
2026-09-27T19:02:10+04:00	ck9k-mirror-256k	4	2801944	363	2	25296896	6074368	uv*1 main2*1 
2026-09-27T19:02:10+04:00	ck9k-mirror-256k	4	2801961	2801944	57	978300928	698519552	ft*51 ZMQbg/Reaper*3 ZMQbg/IO/0*3 
2026-09-27T19:02:10+04:00	ck9k-mirror-256k	4	2802160	2801961	1	12754944	5943296	python3*1 
2026-09-27T19:02:10+04:00	ck9k-mirror-256k	4	2802161	2801961	45	17142386688	16529817600	python3*36 pt_gloo_runloop*2 ZMQbg/Reaper*2 ZMQbg/IO/0*2 pt_tcpstore_uv*1 cuda0000240000a*1 
2026-09-27T19:02:11+04:00	ck9k-mirror-256k	4	2802163	2801961	57	921886720	645488640	python3*49 ZMQbg/Reaper*4 ZMQbg/IO/0*4 
2026-09-27T19:02:21+04:00	ck9k-mirror-256k	4	2801944	363	2	25296896	6074368	uv*1 main2*1 
2026-09-27T19:02:21+04:00	ck9k-mirror-256k	4	2801961	2801944	57	978300928	698519552	ft*51 ZMQbg/Reaper*3 ZMQbg/IO/0*3 
2026-09-27T19:02:21+04:00	ck9k-mirror-256k	4	2802160	2801961	1	12754944	5943296	python3*1 
2026-09-27T19:02:21+04:00	ck9k-mirror-256k	4	2802161	2801961	45	17142464512	16529895424	python3*36 pt_gloo_runloop*2 ZMQbg/Reaper*2 ZMQbg/IO/0*2 pt_tcpstore_uv*1 cuda0000240000a*1 
2026-09-27T19:02:21+04:00	ck9k-mirror-256k	4	2802163	2801961	57	921886720	645488640	python3*49 ZMQbg/Reaper*4 ZMQbg/IO/0*4 
2026-09-27T19:02:31+04:00	ck9k-mirror-256k	4	2801944	363	2	25296896	6074368	uv*1 main2*1 
2026-09-27T19:02:31+04:00	ck9k-mirror-256k	4	2801961	2801944	57	978300928	698519552	ft*51 ZMQbg/Reaper*3 ZMQbg/IO/0*3 
2026-09-27T19:02:31+04:00	ck9k-mirror-256k	4	2802160	2801961	1	12754944	5943296	python3*1 
2026-09-27T19:02:31+04:00	ck9k-mirror-256k	4	2802161	2801961	45	17142534144	16529965056	python3*36 pt_gloo_runloop*2 ZMQbg/Reaper*2 ZMQbg/IO/0*2 pt_tcpstore_uv*1 cuda0000240000a*1 
2026-09-27T19:02:31+04:00	ck9k-mirror-256k	4	2802163	2801961	57	921886720	645488640	python3*49 ZMQbg/Reaper*4 ZMQbg/IO/0*4 
2026-09-27T19:02:43+04:00	ck9k-mirror-256k	4	2801944	363	2	25296896	6074368	uv*1 main2*1 
2026-09-27T19:02:43+04:00	ck9k-mirror-256k	4	2801961	2801944	57	978300928	698519552	ft*51 ZMQbg/Reaper*3 ZMQbg/IO/0*3 
2026-09-27T19:02:43+04:00	ck9k-mirror-256k	4	2802160	2801961	1	12754944	5943296	python3*1 
2026-09-27T19:02:43+04:00	ck9k-mirror-256k	4	2802161	2801961	45	17142632448	16530063360	python3*36 pt_gloo_runloop*2 ZMQbg/Reaper*2 ZMQbg/IO/0*2 pt_tcpstore_uv*1 cuda0000240000a*1 
2026-09-27T19:02:43+04:00	ck9k-mirror-256k	4	2802163	2801961	57	921886720	645488640	python3*49 ZMQbg/Reaper*4 ZMQbg/IO/0*4 
2026-09-27T19:02:53+04:00	ck9k-mirror-256k	4	2801944	363	2	25292800	6074368	uv*1 main2*1 
2026-09-27T19:02:53+04:00	ck9k-mirror-256k	4	2801961	2801944	57	975892480	698519552	ft*51 ZMQbg/Reaper*3 ZMQbg/IO/0*3 
2026-09-27T19:02:53+04:00	ck9k-mirror-256k	4	2802160	2801961	1	12754944	5943296	python3*1 
2026-09-27T19:02:53+04:00	ck9k-mirror-256k	4	2802161	2801961	45	17139716096	16530141184	python3*36 pt_gloo_runloop*2 ZMQbg/Reaper*2 ZMQbg/IO/0*2 pt_tcpstore_uv*1 cuda0000240000a*1 
2026-09-27T19:02:53+04:00	ck9k-mirror-256k	4	2802163	2801961	57	919601152	645488640	python3*49 ZMQbg/Reaper*4 ZMQbg/IO/0*4 
2026-09-27T19:03:03+04:00	ck9k-mirror-256k	4	2801944	363	2	25247744	6074368	uv*1 main2*1 
2026-09-27T19:03:03+04:00	ck9k-mirror-256k	4	2801961	2801944	57	973766656	698519552	ft*51 ZMQbg/Reaper*3 ZMQbg/IO/0*3 
2026-09-27T19:03:04+04:00	ck9k-mirror-256k	4	2802160	2801961	1	12754944	5943296	python3*1 
2026-09-27T19:03:04+04:00	ck9k-mirror-256k	4	2802161	2801961	45	17136816128	16530206720	python3*36 pt_gloo_runloop*2 ZMQbg/Reaper*2 ZMQbg/IO/0*2 pt_tcpstore_uv*1 cuda0000240000a*1 
2026-09-27T19:03:04+04:00	ck9k-mirror-256k	4	2802163	2801961	57	917565440	645488640	python3*49 ZMQbg/Reaper*4 ZMQbg/IO/0*4 
2026-09-27T19:03:16+04:00	ck9k-mirror-256k	4	2801944	363	2	22470656	6074368	uv*1 main2*1 
2026-09-27T19:03:16+04:00	ck9k-mirror-256k	4	2801961	2801944	57	957136896	698519552	ft*51 ZMQbg/Reaper*3 ZMQbg/IO/0*3 
2026-09-27T19:03:16+04:00	ck9k-mirror-256k	4	2802160	2801961	1	12734464	5943296	python3*1 
2026-09-27T19:03:16+04:00	ck9k-mirror-256k	4	2802161	2801961	45	17084870656	16530288640	python3*36 pt_gloo_runloop*2 ZMQbg/Reaper*2 ZMQbg/IO/0*2 pt_tcpstore_uv*1 cuda0000240000a*1 
2026-09-27T19:03:16+04:00	ck9k-mirror-256k	4	2802163	2801961	57	902479872	645488640	python3*49 ZMQbg/Reaper*4 ZMQbg/IO/0*4 
2026-09-27T19:03:26+04:00	ck9k-mirror-256k	4	2801944	363	2	22470656	6074368	uv*1 main2*1 
2026-09-27T19:03:26+04:00	ck9k-mirror-256k	4	2801961	2801944	57	956878848	698519552	ft*51 ZMQbg/Reaper*3 ZMQbg/IO/0*3 
2026-09-27T19:03:26+04:00	ck9k-mirror-256k	4	2802160	2801961	1	12734464	5943296	python3*1 
2026-09-27T19:03:26+04:00	ck9k-mirror-256k	4	2802161	2801961	45	17084108800	16530362368	python3*36 pt_gloo_runloop*2 ZMQbg/Reaper*2 ZMQbg/IO/0*2 pt_tcpstore_uv*1 cuda0000240000a*1 
2026-09-27T19:03:26+04:00	ck9k-mirror-256k	4	2802163	2801961	57	902221824	645488640	python3*49 ZMQbg/Reaper*4 ZMQbg/IO/0*4 
2026-09-27T19:03:36+04:00	ck9k-mirror-256k	4	2801944	363	2	22470656	6074368	uv*1 main2*1 
2026-09-27T19:03:36+04:00	ck9k-mirror-256k	4	2801961	2801944	57	956878848	698519552	ft*51 ZMQbg/Reaper*3 ZMQbg/IO/0*3 
2026-09-27T19:03:36+04:00	ck9k-mirror-256k	4	2802160	2801961	1	12734464	5943296	python3*1 
2026-09-27T19:03:36+04:00	ck9k-mirror-256k	4	2802161	2801961	45	17084194816	16530448384	python3*36 pt_gloo_runloop*2 ZMQbg/Reaper*2 ZMQbg/IO/0*2 pt_tcpstore_uv*1 cuda0000240000a*1 
2026-09-27T19:03:36+04:00	ck9k-mirror-256k	4	2802163	2801961	57	902221824	645488640	python3*49 ZMQbg/Reaper*4 ZMQbg/IO/0*4 
2026-09-27T19:03:48+04:00	ck9k-mirror-256k	4	2801944	363	2	22470656	6074368	uv*1 main2*1 
2026-09-27T19:03:48+04:00	ck9k-mirror-256k	4	2801961	2801944	57	956878848	698519552	ft*51 ZMQbg/Reaper*3 ZMQbg/IO/0*3 
2026-09-27T19:03:48+04:00	ck9k-mirror-256k	4	2802160	2801961	1	12734464	5943296	python3*1 
2026-09-27T19:03:48+04:00	ck9k-mirror-256k	4	2802161	2801961	45	17084264448	16530518016	python3*36 pt_gloo_runloop*2 ZMQbg/Reaper*2 ZMQbg/IO/0*2 pt_tcpstore_uv*1 cuda0000240000a*1 
2026-09-27T19:03:48+04:00	ck9k-mirror-256k	4	2802163	2801961	57	902221824	645488640	python3*49 ZMQbg/Reaper*4 ZMQbg/IO/0*4 
2026-09-27T19:03:58+04:00	ck9k-mirror-256k	4	2801944	363	2	22470656	6074368	uv*1 main2*1 
2026-09-27T19:03:58+04:00	ck9k-mirror-256k	4	2801961	2801944	57	956878848	698519552	ft*51 ZMQbg/Reaper*3 ZMQbg/IO/0*3 
2026-09-27T19:03:58+04:00	ck9k-mirror-256k	4	2802160	2801961	1	12734464	5943296	python3*1 
2026-09-27T19:03:58+04:00	ck9k-mirror-256k	4	2802161	2801961	45	17084334080	16530587648	python3*36 pt_gloo_runloop*2 ZMQbg/Reaper*2 ZMQbg/IO/0*2 pt_tcpstore_uv*1 cuda0000240000a*1 
2026-09-27T19:03:59+04:00	ck9k-mirror-256k	4	2802163	2801961	57	902221824	645488640	python3*49 ZMQbg/Reaper*4 ZMQbg/IO/0*4 
2026-09-27T19:04:09+04:00	ck9k-mirror-256k	4	2801944	363	2	22470656	6074368	uv*1 main2*1 
2026-09-27T19:04:09+04:00	ck9k-mirror-256k	4	2801961	2801944	57	956878848	698519552	ft*51 ZMQbg/Reaper*3 ZMQbg/IO/0*3 
2026-09-27T19:04:09+04:00	ck9k-mirror-256k	4	2802160	2801961	1	12734464	5943296	python3*1 
2026-09-27T19:04:09+04:00	ck9k-mirror-256k	4	2802161	2801961	45	17084416000	16530669568	python3*36 pt_gloo_runloop*2 ZMQbg/Reaper*2 ZMQbg/IO/0*2 pt_tcpstore_uv*1 cuda0000240000a*1 
2026-09-27T19:04:09+04:00	ck9k-mirror-256k	4	2802163	2801961	57	902221824	645488640	python3*49 ZMQbg/Reaper*4 ZMQbg/IO/0*4 
2026-09-27T19:04:21+04:00	ck9k-mirror-256k	4	2801944	363	2	22470656	6074368	uv*1 main2*1 
2026-09-27T19:04:21+04:00	ck9k-mirror-256k	4	2801961	2801944	57	956878848	698519552	ft*51 ZMQbg/Reaper*3 ZMQbg/IO/0*3 
2026-09-27T19:04:21+04:00	ck9k-mirror-256k	4	2802160	2801961	1	12734464	5943296	python3*1 
2026-09-27T19:04:21+04:00	ck9k-mirror-256k	4	2802161	2801961	45	17084485632	16530739200	python3*36 pt_gloo_runloop*2 ZMQbg/Reaper*2 ZMQbg/IO/0*2 pt_tcpstore_uv*1 cuda0000240000a*1 
2026-09-27T19:04:21+04:00	ck9k-mirror-256k	4	2802163	2801961	57	902221824	645488640	python3*49 ZMQbg/Reaper*4 ZMQbg/IO/0*4 
2026-09-27T19:04:31+04:00	ck9k-mirror-256k	4	2801944	363	2	22470656	6074368	uv*1 main2*1 
2026-09-27T19:04:31+04:00	ck9k-mirror-256k	4	2801961	2801944	57	956878848	698519552	ft*51 ZMQbg/Reaper*3 ZMQbg/IO/0*3 
2026-09-27T19:04:31+04:00	ck9k-mirror-256k	4	2802160	2801961	1	12734464	5943296	python3*1 
2026-09-27T19:04:31+04:00	ck9k-mirror-256k	4	2802161	2801961	45	17084555264	16530776064	python3*36 pt_gloo_runloop*2 ZMQbg/Reaper*2 ZMQbg/IO/0*2 pt_tcpstore_uv*1 cuda0000240000a*1 
2026-09-27T19:04:31+04:00	ck9k-mirror-256k	4	2802163	2801961	57	902221824	645488640	python3*49 ZMQbg/Reaper*4 ZMQbg/IO/0*4 
2026-09-27T19:04:41+04:00	ck9k-mirror-256k	4	2801944	363	2	22470656	6074368	uv*1 main2*1 
2026-09-27T19:04:41+04:00	ck9k-mirror-256k	4	2801961	2801944	57	956878848	698519552	ft*51 ZMQbg/Reaper*3 ZMQbg/IO/0*3 
2026-09-27T19:04:41+04:00	ck9k-mirror-256k	4	2802160	2801961	1	12734464	5943296	python3*1 
2026-09-27T19:04:41+04:00	ck9k-mirror-256k	4	2802161	2801961	45	17084555264	16530776064	python3*36 pt_gloo_runloop*2 ZMQbg/Reaper*2 ZMQbg/IO/0*2 pt_tcpstore_uv*1 cuda0000240000a*1 
2026-09-27T19:04:42+04:00	ck9k-mirror-256k	4	2802163	2801961	57	902221824	645488640	python3*49 ZMQbg/Reaper*4 ZMQbg/IO/0*4 
2026-09-27T19:04:54+04:00	ck9k-mirror-256k	4	2801944	363	2	22470656	6074368	uv*1 main2*1 
2026-09-27T19:04:54+04:00	ck9k-mirror-256k	4	2801961	2801944	57	958218240	699699200	ft*51 ZMQbg/Reaper*3 ZMQbg/IO/0*3 
2026-09-27T19:04:54+04:00	ck9k-mirror-256k	4	2802160	2801961	1	12734464	5943296	python3*1 
2026-09-27T19:04:54+04:00	ck9k-mirror-256k	4	2802161	2801961	45	17084772352	16530792448	python3*36 pt_gloo_runloop*2 ZMQbg/Reaper*2 ZMQbg/IO/0*2 pt_tcpstore_uv*1 cuda0000240000a*1 
2026-09-27T19:04:54+04:00	ck9k-mirror-256k	4	2802163	2801961	57	902348800	645492736	python3*49 ZMQbg/Reaper*4 ZMQbg/IO/0*4 
2026-09-27T19:05:04+04:00	ck9k-mirror-256k	4	2801944	363	2	22052864	6074368	uv*1 main2*1 
2026-09-27T19:05:04+04:00	ck9k-mirror-256k	4	2801961	2801944	57	953118720	700440576	ft*51 ZMQbg/Reaper*3 ZMQbg/IO/0*3 
2026-09-27T19:05:04+04:00	ck9k-mirror-256k	4	2802160	2801961	1	12734464	5943296	python3*1 
2026-09-27T19:05:04+04:00	ck9k-mirror-256k	4	2802161	2801961	45	17073438720	16530792448	python3*36 pt_gloo_runloop*2 ZMQbg/Reaper*2 ZMQbg/IO/0*2 pt_tcpstore_uv*1 cuda0000240000a*1 
2026-09-27T19:05:04+04:00	ck9k-mirror-256k	4	2802163	2801961	57	896520192	645500928	python3*49 ZMQbg/Reaper*4 ZMQbg/IO/0*4 
2026-09-27T19:05:14+04:00	ck9k-mirror-256k	4	2801944	363	2	22052864	6074368	uv*1 main2*1 
2026-09-27T19:05:14+04:00	ck9k-mirror-256k	4	2801961	2801944	57	969465856	716787712	ft*51 ZMQbg/Reaper*3 ZMQbg/IO/0*3 
2026-09-27T19:05:14+04:00	ck9k-mirror-256k	4	2802160	2801961	1	12734464	5943296	python3*1 
2026-09-27T19:05:14+04:00	ck9k-mirror-256k	4	2802161	2801961	45	17073438720	16530792448	python3*36 pt_gloo_runloop*2 ZMQbg/Reaper*2 ZMQbg/IO/0*2 pt_tcpstore_uv*1 cuda0000240000a*1 
2026-09-27T19:05:14+04:00	ck9k-mirror-256k	4	2802163	2801961	57	896524288	645505024	python3*49 ZMQbg/Reaper*4 ZMQbg/IO/0*4 
2026-09-27T19:05:26+04:00	ck9k-mirror-256k	4	2801944	363	2	22052864	6074368	uv*1 main2*1 
2026-09-27T19:05:26+04:00	ck9k-mirror-256k	4	2801961	2801944	57	970948608	718266368	ft*51 ZMQbg/Reaper*3 ZMQbg/IO/0*3 
2026-09-27T19:05:26+04:00	ck9k-mirror-256k	4	2802160	2801961	1	12734464	5943296	python3*1 
2026-09-27T19:05:26+04:00	ck9k-mirror-256k	4	2802161	2801961	45	17073438720	16530792448	python3*36 pt_gloo_runloop*2 ZMQbg/Reaper*2 ZMQbg/IO/0*2 pt_tcpstore_uv*1 cuda0000240000a*1 
2026-09-27T19:05:27+04:00	ck9k-mirror-256k	4	2802163	2801961	57	896528384	645505024	python3*49 ZMQbg/Reaper*4 ZMQbg/IO/0*4 
2026-09-27T19:05:37+04:00	ck9k-mirror-256k	4	2801944	363	2	22052864	6074368	uv*1 main2*1 
2026-09-27T19:05:37+04:00	ck9k-mirror-256k	4	2801961	2801944	57	970948608	718266368	ft*51 ZMQbg/Reaper*3 ZMQbg/IO/0*3 
2026-09-27T19:05:37+04:00	ck9k-mirror-256k	4	2802160	2801961	1	12734464	5943296	python3*1 
2026-09-27T19:05:37+04:00	ck9k-mirror-256k	4	2802161	2801961	45	17073438720	16530792448	python3*36 pt_gloo_runloop*2 ZMQbg/Reaper*2 ZMQbg/IO/0*2 pt_tcpstore_uv*1 cuda0000240000a*1 
2026-09-27T19:05:37+04:00	ck9k-mirror-256k	4	2802163	2801961	57	896528384	645505024	python3*49 ZMQbg/Reaper*4 ZMQbg/IO/0*4 
2026-09-27T19:05:47+04:00	ck9k-mirror-256k	4	2801944	363	2	22052864	6074368	uv*1 main2*1 
2026-09-27T19:05:47+04:00	ck9k-mirror-256k	4	2801961	2801944	57	990543872	737861632	ft*51 ZMQbg/Reaper*3 ZMQbg/IO/0*3 
2026-09-27T19:05:47+04:00	ck9k-mirror-256k	4	2802160	2801961	1	12734464	5943296	python3*1 
2026-09-27T19:05:47+04:00	ck9k-mirror-256k	4	2802161	2801961	45	17073459200	16530792448	python3*36 pt_gloo_runloop*2 ZMQbg/Reaper*2 ZMQbg/IO/0*2 pt_tcpstore_uv*1 cuda0000240000a*1 
2026-09-27T19:05:47+04:00	ck9k-mirror-256k	4	2802163	2801961	57	946847744	695824384	python3*49 ZMQbg/Reaper*4 ZMQbg/IO/0*4 
2026-09-27T19:05:59+04:00	ck9k-mirror-256k	4	2801944	363	2	22052864	6074368	uv*1 main2*1 
2026-09-27T19:05:59+04:00	ck9k-mirror-256k	4	2801961	2801944	57	990543872	737861632	ft*51 ZMQbg/Reaper*3 ZMQbg/IO/0*3 
2026-09-27T19:05:59+04:00	ck9k-mirror-256k	4	2802160	2801961	1	12734464	5943296	python3*1 
2026-09-27T19:05:59+04:00	ck9k-mirror-256k	4	2802161	2801961	45	17073459200	16530792448	python3*36 pt_gloo_runloop*2 ZMQbg/Reaper*2 ZMQbg/IO/0*2 pt_tcpstore_uv*1 cuda0000240000a*1 
2026-09-27T19:05:59+04:00	ck9k-mirror-256k	4	2802163	2801961	57	946847744	695824384	python3*49 ZMQbg/Reaper*4 ZMQbg/IO/0*4 
2026-09-27T19:06:09+04:00	ck9k-mirror-256k	4	2801944	363	2	22052864	6074368	uv*1 main2*1 
2026-09-27T19:06:09+04:00	ck9k-mirror-256k	4	2801961	2801944	57	990543872	737861632	ft*51 ZMQbg/Reaper*3 ZMQbg/IO/0*3 
2026-09-27T19:06:09+04:00	ck9k-mirror-256k	4	2802160	2801961	1	12734464	5943296	python3*1 
2026-09-27T19:06:09+04:00	ck9k-mirror-256k	4	2802161	2801961	45	17073459200	16530792448	python3*36 pt_gloo_runloop*2 ZMQbg/Reaper*2 ZMQbg/IO/0*2 pt_tcpstore_uv*1 cuda0000240000a*1 
2026-09-27T19:06:10+04:00	ck9k-mirror-256k	4	2802163	2801961	57	946847744	695824384	python3*49 ZMQbg/Reaper*4 ZMQbg/IO/0*4 
2026-09-27T19:06:20+04:00	ck9k-mirror-256k	4	2801944	363	2	22052864	6074368	uv*1 main2*1 
2026-09-27T19:06:20+04:00	ck9k-mirror-256k	4	2801961	2801944	57	990543872	737861632	ft*51 ZMQbg/Reaper*3 ZMQbg/IO/0*3 
2026-09-27T19:06:20+04:00	ck9k-mirror-256k	4	2802160	2801961	1	12734464	5943296	python3*1 
2026-09-27T19:06:20+04:00	ck9k-mirror-256k	4	2802161	2801961	45	17073459200	16530792448	python3*36 pt_gloo_runloop*2 ZMQbg/Reaper*2 ZMQbg/IO/0*2 pt_tcpstore_uv*1 cuda0000240000a*1 
2026-09-27T19:06:20+04:00	ck9k-mirror-256k	4	2802163	2801961	57	946847744	695824384	python3*49 ZMQbg/Reaper*4 ZMQbg/IO/0*4 
2026-09-27T19:06:30+04:00	ck9k-mirror-256k	4	2801944	363	2	22052864	6074368	uv*1 main2*1 
2026-09-27T19:06:30+04:00	ck9k-mirror-256k	4	2801961	2801944	57	990543872	737861632	ft*51 ZMQbg/Reaper*3 ZMQbg/IO/0*3 
2026-09-27T19:06:30+04:00	ck9k-mirror-256k	4	2802160	2801961	1	12734464	5943296	python3*1 
2026-09-27T19:06:30+04:00	ck9k-mirror-256k	4	2802161	2801961	45	17073459200	16530792448	python3*36 pt_gloo_runloop*2 ZMQbg/Reaper*2 ZMQbg/IO/0*2 pt_tcpstore_uv*1 cuda0000240000a*1 
2026-09-27T19:06:30+04:00	ck9k-mirror-256k	4	2802163	2801961	57	946847744	695824384	python3*49 ZMQbg/Reaper*4 ZMQbg/IO/0*4 
2026-09-27T19:07:24+04:00	ck9k-nat-whole-1	0	2866939	363	3	25174016	6074368	uv*1 tokio-rt-worker*1 main2*1 
2026-09-27T19:07:24+04:00	ck9k-nat-whole-1	0	2866956	2866939	22	699478016	422567936	ft*18 ZMQbg/Reaper*2 ZMQbg/IO/0*2 
2026-09-27T19:07:24+04:00	ck9k-nat-whole-1	0	2867006	2866956	1	12718080	5943296	python3*1 
2026-09-27T19:07:24+04:00	ck9k-nat-whole-1	0	2867007	2866956	16	641585152	370507776	python3*16 
2026-09-27T19:07:24+04:00	ck9k-nat-whole-1	0	2867008	2866956	16	642416640	371167232	python3*16 
2026-09-27T19:07:35+04:00	ck9k-nat-whole-1	0	2866939	363	2	25305088	6074368	uv*1 main2*1 
2026-09-27T19:07:35+04:00	ck9k-nat-whole-1	0	2866956	2866939	22	699760640	422739968	ft*18 ZMQbg/Reaper*2 ZMQbg/IO/0*2 
2026-09-27T19:07:35+04:00	ck9k-nat-whole-1	0	2867006	2866956	1	12718080	5943296	python3*1 
2026-09-27T19:07:35+04:00	ck9k-nat-whole-1	0	2867007	2866956	41	7448608768	983699456	python3*36 pt_gloo_runloop*2 pt_tcpstore_uv*1 cuda0000240000a*1 cuda-EvtHandlr*1 
2026-09-27T19:07:35+04:00	ck9k-nat-whole-1	0	2867008	2866956	23	883863552	607477760	python3*17 ZMQbg/Reaper*3 ZMQbg/IO/0*3 
2026-09-27T19:07:47+04:00	ck9k-nat-whole-1	0	2866939	363	2	25296896	6074368	uv*1 main2*1 
2026-09-27T19:07:47+04:00	ck9k-nat-whole-1	0	2866956	2866939	22	699629568	422744064	ft*18 ZMQbg/Reaper*2 ZMQbg/IO/0*2 
2026-09-27T19:07:47+04:00	ck9k-nat-whole-1	0	2867006	2866956	1	12718080	5943296	python3*1 
2026-09-27T19:07:47+04:00	ck9k-nat-whole-1	0	2867007	2866956	41	16040423424	984125440	python3*36 pt_gloo_runloop*2 pt_tcpstore_uv*1 cuda0000240000a*1 cuda-EvtHandlr*1 
2026-09-27T19:07:47+04:00	ck9k-nat-whole-1	0	2867008	2866956	23	883728384	607477760	python3*17 ZMQbg/Reaper*3 ZMQbg/IO/0*3 
2026-09-27T19:07:57+04:00	ck9k-nat-whole-1	0	2866939	363	2	22917120	6074368	uv*1 main2*1 
2026-09-27T19:07:57+04:00	ck9k-nat-whole-1	0	2866956	2866939	22	680976384	422756352	ft*18 ZMQbg/Reaper*2 ZMQbg/IO/0*2 
2026-09-27T19:07:57+04:00	ck9k-nat-whole-1	0	2867006	2866956	1	12713984	5943296	python3*1 
2026-09-27T19:07:57+04:00	ck9k-nat-whole-1	0	2867007	2866956	41	20077875200	984326144	python3*36 pt_gloo_runloop*2 pt_tcpstore_uv*1 cuda0000240000a*1 cuda-EvtHandlr*1 
2026-09-27T19:07:57+04:00	ck9k-nat-whole-1	0	2867008	2866956	23	864849920	607477760	python3*17 ZMQbg/Reaper*3 ZMQbg/IO/0*3 
2026-09-27T19:08:07+04:00	ck9k-nat-whole-1	0	2866939	363	2	22753280	6074368	uv*1 main2*1 
2026-09-27T19:08:07+04:00	ck9k-nat-whole-1	0	2866956	2866939	22	638050304	422756352	ft*18 ZMQbg/Reaper*2 ZMQbg/IO/0*2 
2026-09-27T19:08:07+04:00	ck9k-nat-whole-1	0	2867006	2866956	1	12693504	5943296	python3*1 
2026-09-27T19:08:07+04:00	ck9k-nat-whole-1	0	2867007	2866956	41	22714908672	1937682432	python3*36 pt_gloo_runloop*2 pt_tcpstore_uv*1 cuda0000240000a*1 cuda-EvtHandlr*1 
2026-09-27T19:08:08+04:00	ck9k-nat-whole-1	0	2867008	2866956	23	822140928	607477760	python3*17 ZMQbg/Reaper*3 ZMQbg/IO/0*3 
2026-09-27T19:08:20+04:00	ck9k-nat-whole-1	0	2866939	363	2	22585344	6074368	uv*1 main2*1 
2026-09-27T19:08:20+04:00	ck9k-nat-whole-1	0	2866956	2866939	39	839344128	620900352	ft*35 ZMQbg/Reaper*2 ZMQbg/IO/0*2 
2026-09-27T19:08:20+04:00	ck9k-nat-whole-1	0	2867006	2866956	1	12693504	5943296	python3*1 
2026-09-27T19:08:20+04:00	ck9k-nat-whole-1	0	2867007	2866956	45	22801600512	1986088960	python3*36 pt_gloo_runloop*2 ZMQbg/Reaper*2 ZMQbg/IO/0*2 pt_tcpstore_uv*1 cuda0000240000a*1 
2026-09-27T19:08:20+04:00	ck9k-nat-whole-1	0	2867008	2866956	39	822759424	608284672	python3*33 ZMQbg/Reaper*3 ZMQbg/IO/0*3 
2026-09-27T19:08:30+04:00	ck9k-nat-whole-1	0	2866939	363	2	22581248	6074368	uv*1 main2*1 
2026-09-27T19:08:30+04:00	ck9k-nat-whole-1	0	2866956	2866939	39	838381568	620900352	ft*35 ZMQbg/Reaper*2 ZMQbg/IO/0*2 
2026-09-27T19:08:30+04:00	ck9k-nat-whole-1	0	2867006	2866956	1	12693504	5943296	python3*1 
2026-09-27T19:08:30+04:00	ck9k-nat-whole-1	0	2867007	2866956	45	22800523264	1986088960	python3*36 pt_gloo_runloop*2 ZMQbg/Reaper*2 ZMQbg/IO/0*2 pt_tcpstore_uv*1 cuda0000240000a*1 
2026-09-27T19:08:30+04:00	ck9k-nat-whole-1	0	2867008	2866956	39	822759424	608284672	python3*33 ZMQbg/Reaper*3 ZMQbg/IO/0*3 
2026-09-27T19:08:40+04:00	ck9k-nat-whole-1	1	2866939	363	2	22581248	6074368	uv*1 main2*1 
2026-09-27T19:08:40+04:00	ck9k-nat-whole-1	1	2866956	2866939	39	839217152	620990464	ft*35 ZMQbg/Reaper*2 ZMQbg/IO/0*2 
2026-09-27T19:08:40+04:00	ck9k-nat-whole-1	1	2867006	2866956	1	12693504	5943296	python3*1 
2026-09-27T19:08:40+04:00	ck9k-nat-whole-1	1	2867007	2866956	45	22800588800	1986109440	python3*36 pt_gloo_runloop*2 ZMQbg/Reaper*2 ZMQbg/IO/0*2 pt_tcpstore_uv*1 cuda0000240000a*1 
2026-09-27T19:08:41+04:00	ck9k-nat-whole-1	1	2867008	2866956	39	823586816	608317440	python3*33 ZMQbg/Reaper*3 ZMQbg/IO/0*3 
2026-09-27T19:08:53+04:00	ck9k-nat-whole-1	2	2866939	363	2	22167552	6074368	uv*1 main2*1 
2026-09-27T19:08:53+04:00	ck9k-nat-whole-1	2	2866956	2866939	39	921939968	707055616	ft*35 ZMQbg/Reaper*2 ZMQbg/IO/0*2 
2026-09-27T19:08:53+04:00	ck9k-nat-whole-1	2	2867006	2866956	1	12652544	5943296	python3*1 
2026-09-27T19:08:53+04:00	ck9k-nat-whole-1	2	2867007	2866956	45	22799446016	1989836800	python3*36 pt_gloo_runloop*2 ZMQbg/Reaper*2 ZMQbg/IO/0*2 pt_tcpstore_uv*1 cuda0000240000a*1 
2026-09-27T19:08:53+04:00	ck9k-nat-whole-1	2	2867008	2866956	39	820183040	608317440	python3*33 ZMQbg/Reaper*3 ZMQbg/IO/0*3 
2026-09-27T19:09:03+04:00	ck9k-nat-whole-1	2	2866939	363	2	22167552	6074368	uv*1 main2*1 
2026-09-27T19:09:03+04:00	ck9k-nat-whole-1	2	2866956	2866939	39	923033600	707395584	ft*35 ZMQbg/Reaper*2 ZMQbg/IO/0*2 
2026-09-27T19:09:03+04:00	ck9k-nat-whole-1	2	2867006	2866956	1	12652544	5943296	python3*1 
2026-09-27T19:09:03+04:00	ck9k-nat-whole-1	2	2867007	2866956	45	22802079744	1990086656	python3*36 pt_gloo_runloop*2 ZMQbg/Reaper*2 ZMQbg/IO/0*2 pt_tcpstore_uv*1 cuda0000240000a*1 
2026-09-27T19:09:04+04:00	ck9k-nat-whole-1	2	2867008	2866956	39	820813824	608317440	python3*33 ZMQbg/Reaper*3 ZMQbg/IO/0*3 
2026-09-27T19:09:14+04:00	ck9k-nat-whole-1	2	2866939	363	2	22167552	6074368	uv*1 main2*1 
2026-09-27T19:09:14+04:00	ck9k-nat-whole-1	2	2866956	2866939	39	923049984	707411968	ft*35 ZMQbg/Reaper*2 ZMQbg/IO/0*2 
2026-09-27T19:09:14+04:00	ck9k-nat-whole-1	2	2867006	2866956	1	12652544	5943296	python3*1 
2026-09-27T19:09:14+04:00	ck9k-nat-whole-1	2	2867007	2866956	45	22802137088	1990131712	python3*36 pt_gloo_runloop*2 ZMQbg/Reaper*2 ZMQbg/IO/0*2 pt_tcpstore_uv*1 cuda0000240000a*1 
2026-09-27T19:09:14+04:00	ck9k-nat-whole-1	2	2867008	2866956	39	820813824	608317440	python3*33 ZMQbg/Reaper*3 ZMQbg/IO/0*3 
2026-09-27T19:09:26+04:00	ck9k-nat-whole-1	2	2866939	363	2	22167552	6074368	uv*1 main2*1 
2026-09-27T19:09:26+04:00	ck9k-nat-whole-1	2	2866956	2866939	39	923160576	707522560	ft*35 ZMQbg/Reaper*2 ZMQbg/IO/0*2 
2026-09-27T19:09:26+04:00	ck9k-nat-whole-1	2	2867006	2866956	1	12652544	5943296	python3*1 
2026-09-27T19:09:26+04:00	ck9k-nat-whole-1	2	2867007	2866956	45	22802309120	1990303744	python3*36 pt_gloo_runloop*2 ZMQbg/Reaper*2 ZMQbg/IO/0*2 pt_tcpstore_uv*1 cuda0000240000a*1 
2026-09-27T19:09:26+04:00	ck9k-nat-whole-1	2	2867008	2866956	39	820813824	608317440	python3*33 ZMQbg/Reaper*3 ZMQbg/IO/0*3 
2026-09-27T19:09:36+04:00	ck9k-nat-whole-1	2	2866939	363	2	21950464	6074368	uv*1 main2*1 
2026-09-27T19:09:36+04:00	ck9k-nat-whole-1	2	2866956	2866939	39	920350720	707526656	ft*35 ZMQbg/Reaper*2 ZMQbg/IO/0*2 
2026-09-27T19:09:36+04:00	ck9k-nat-whole-1	2	2867006	2866956	1	12652544	5943296	python3*1 
2026-09-27T19:09:36+04:00	ck9k-nat-whole-1	2	2867007	2866956	45	22798684160	1990311936	python3*36 pt_gloo_runloop*2 ZMQbg/Reaper*2 ZMQbg/IO/0*2 pt_tcpstore_uv*1 cuda0000240000a*1 
2026-09-27T19:09:36+04:00	ck9k-nat-whole-1	2	2867008	2866956	39	818126848	608317440	python3*33 ZMQbg/Reaper*3 ZMQbg/IO/0*3 
2026-09-27T19:09:46+04:00	ck9k-nat-whole-1	2	2866939	363	2	20090880	6074368	uv*1 main2*1 
2026-09-27T19:09:46+04:00	ck9k-nat-whole-1	2	2866956	2866939	39	914243584	707596288	ft*35 ZMQbg/Reaper*2 ZMQbg/IO/0*2 
2026-09-27T19:09:46+04:00	ck9k-nat-whole-1	2	2867006	2866956	1	12652544	5943296	python3*1 
2026-09-27T19:09:46+04:00	ck9k-nat-whole-1	2	2867007	2866956	45	22789120000	1990463488	python3*36 pt_gloo_runloop*2 ZMQbg/Reaper*2 ZMQbg/IO/0*2 pt_tcpstore_uv*1 cuda0000240000a*1 
2026-09-27T19:09:47+04:00	ck9k-nat-whole-1	2	2867008	2866956	39	812003328	608317440	python3*33 ZMQbg/Reaper*3 ZMQbg/IO/0*3 
2026-09-27T19:09:57+04:00	ck9k-nat-whole-1	2	2866939	363	2	20090880	6074368	uv*1 main2*1 
2026-09-27T19:09:57+04:00	ck9k-nat-whole-1	2	2866956	2866939	39	914243584	707596288	ft*35 ZMQbg/Reaper*2 ZMQbg/IO/0*2 
2026-09-27T19:09:57+04:00	ck9k-nat-whole-1	2	2867006	2866956	1	12652544	5943296	python3*1 
2026-09-27T19:09:57+04:00	ck9k-nat-whole-1	2	2867007	2866956	45	22789128192	1990471680	python3*36 pt_gloo_runloop*2 ZMQbg/Reaper*2 ZMQbg/IO/0*2 pt_tcpstore_uv*1 cuda0000240000a*1 
2026-09-27T19:09:57+04:00	ck9k-nat-whole-1	2	2867008	2866956	39	812003328	608317440	python3*33 ZMQbg/Reaper*3 ZMQbg/IO/0*3 
2026-09-27T19:10:09+04:00	ck9k-nat-whole-1	2	2866939	363	2	20090880	6074368	uv*1 main2*1 
2026-09-27T19:10:09+04:00	ck9k-nat-whole-1	2	2866956	2866939	39	914894848	708169728	ft*35 ZMQbg/Reaper*2 ZMQbg/IO/0*2 
2026-09-27T19:10:09+04:00	ck9k-nat-whole-1	2	2867006	2866956	1	12652544	5943296	python3*1 
2026-09-27T19:10:09+04:00	ck9k-nat-whole-1	2	2867007	2866956	45	22789521408	1990754304	python3*36 pt_gloo_runloop*2 ZMQbg/Reaper*2 ZMQbg/IO/0*2 pt_tcpstore_uv*1 cuda0000240000a*1 
2026-09-27T19:10:09+04:00	ck9k-nat-whole-1	2	2867008	2866956	42	812294144	608432128	python3*34 ZMQbg/Reaper*4 ZMQbg/IO/0*4 
2026-09-27T19:10:19+04:00	ck9k-nat-whole-1	2	2866939	363	2	20090880	6074368	uv*1 main2*1 
2026-09-27T19:10:19+04:00	ck9k-nat-whole-1	2	2866956	2866939	39	914894848	708169728	ft*35 ZMQbg/Reaper*2 ZMQbg/IO/0*2 
2026-09-27T19:10:19+04:00	ck9k-nat-whole-1	2	2867006	2866956	1	12652544	5943296	python3*1 
2026-09-27T19:10:19+04:00	ck9k-nat-whole-1	2	2867007	2866956	45	22789529600	1990762496	python3*36 pt_gloo_runloop*2 ZMQbg/Reaper*2 ZMQbg/IO/0*2 pt_tcpstore_uv*1 cuda0000240000a*1 
2026-09-27T19:10:19+04:00	ck9k-nat-whole-1	2	2867008	2866956	42	812294144	608432128	python3*34 ZMQbg/Reaper*4 ZMQbg/IO/0*4 
2026-09-27T19:10:29+04:00	ck9k-nat-whole-1	2	2866939	363	2	20090880	6074368	uv*1 main2*1 
2026-09-27T19:10:29+04:00	ck9k-nat-whole-1	2	2866956	2866939	39	914907136	708182016	ft*35 ZMQbg/Reaper*2 ZMQbg/IO/0*2 
2026-09-27T19:10:29+04:00	ck9k-nat-whole-1	2	2867006	2866956	1	12652544	5943296	python3*1 
2026-09-27T19:10:29+04:00	ck9k-nat-whole-1	2	2867007	2866956	45	22789537792	1990770688	python3*36 pt_gloo_runloop*2 ZMQbg/Reaper*2 ZMQbg/IO/0*2 pt_tcpstore_uv*1 cuda0000240000a*1 
2026-09-27T19:10:30+04:00	ck9k-nat-whole-1	2	2867008	2866956	42	812294144	608432128	python3*34 ZMQbg/Reaper*4 ZMQbg/IO/0*4 
2026-09-27T19:11:14+04:00	ck9k-nat-mirror-1	0	2874797	363	3	25083904	6057984	uv*1 tokio-rt-worker*1 main2*1 
2026-09-27T19:11:14+04:00	ck9k-nat-mirror-1	0	2874815	2874797	16	512159744	291254272	ft*16 
2026-09-27T19:11:24+04:00	ck9k-nat-mirror-1	0	2874797	363	2	25214976	6057984	uv*1 main2*1 
2026-09-27T19:11:24+04:00	ck9k-nat-mirror-1	0	2874815	2874797	22	700424192	422854656	ft*18 ZMQbg/Reaper*2 ZMQbg/IO/0*2 
2026-09-27T19:11:24+04:00	ck9k-nat-mirror-1	0	2874946	2874815	1	12705792	5943296	python3*1 
2026-09-27T19:11:24+04:00	ck9k-nat-mirror-1	0	2874947	2874815	40	16583917568	14652801024	python3*35 pt_gloo_runloop*2 pt_tcpstore_uv*1 cuda0000240000a*1 cuda-EvtHandlr*1 
2026-09-27T19:11:24+04:00	ck9k-nat-mirror-1	0	2874948	2874815	23	883601408	606527488	python3*17 ZMQbg/Reaper*3 ZMQbg/IO/0*3 
2026-09-27T19:11:34+04:00	ck9k-nat-mirror-1	0	2874797	363	2	25214976	6057984	uv*1 main2*1 
2026-09-27T19:11:34+04:00	ck9k-nat-mirror-1	0	2874815	2874797	22	700428288	422858752	ft*18 ZMQbg/Reaper*2 ZMQbg/IO/0*2 
2026-09-27T19:11:34+04:00	ck9k-nat-mirror-1	0	2874946	2874815	1	12705792	5943296	python3*1 
2026-09-27T19:11:34+04:00	ck9k-nat-mirror-1	0	2874947	2874815	40	17555681280	15428767744	python3*35 pt_gloo_runloop*2 pt_tcpstore_uv*1 cuda0000240000a*1 cuda-EvtHandlr*1 
2026-09-27T19:11:34+04:00	ck9k-nat-mirror-1	0	2874948	2874815	23	883601408	606527488	python3*17 ZMQbg/Reaper*3 ZMQbg/IO/0*3 
2026-09-27T19:11:46+04:00	ck9k-nat-mirror-1	0	2874797	363	2	25214976	6057984	uv*1 main2*1 
2026-09-27T19:11:46+04:00	ck9k-nat-mirror-1	0	2874815	2874797	22	700432384	422862848	ft*18 ZMQbg/Reaper*2 ZMQbg/IO/0*2 
2026-09-27T19:11:46+04:00	ck9k-nat-mirror-1	0	2874946	2874815	1	12705792	5943296	python3*1 
2026-09-27T19:11:46+04:00	ck9k-nat-mirror-1	0	2874947	2874815	41	17558220800	15428841472	python3*36 pt_gloo_runloop*2 pt_tcpstore_uv*1 cuda0000240000a*1 cuda-EvtHandlr*1 
2026-09-27T19:11:46+04:00	ck9k-nat-mirror-1	0	2874948	2874815	23	883601408	606527488	python3*17 ZMQbg/Reaper*3 ZMQbg/IO/0*3 
2026-09-27T19:11:57+04:00	ck9k-nat-mirror-1	0	2874797	363	2	25214976	6057984	uv*1 main2*1 
2026-09-27T19:11:57+04:00	ck9k-nat-mirror-1	0	2874815	2874797	22	700436480	422866944	ft*18 ZMQbg/Reaper*2 ZMQbg/IO/0*2 
2026-09-27T19:11:57+04:00	ck9k-nat-mirror-1	0	2874946	2874815	1	12705792	5943296	python3*1 
2026-09-27T19:11:57+04:00	ck9k-nat-mirror-1	0	2874947	2874815	41	16343703552	15750750208	python3*36 pt_gloo_runloop*2 pt_tcpstore_uv*1 cuda0000240000a*1 cuda-EvtHandlr*1 
2026-09-27T19:11:57+04:00	ck9k-nat-mirror-1	0	2874948	2874815	23	883601408	606527488	python3*17 ZMQbg/Reaper*3 ZMQbg/IO/0*3 
2026-09-27T19:12:07+04:00	ck9k-nat-mirror-1	0	2874797	363	2	25214976	6057984	uv*1 main2*1 
2026-09-27T19:12:07+04:00	ck9k-nat-mirror-1	0	2874815	2874797	22	700436480	422866944	ft*18 ZMQbg/Reaper*2 ZMQbg/IO/0*2 
2026-09-27T19:12:07+04:00	ck9k-nat-mirror-1	0	2874946	2874815	1	12705792	5943296	python3*1 
2026-09-27T19:12:07+04:00	ck9k-nat-mirror-1	0	2874947	2874815	41	16601767936	15997771776	python3*36 pt_gloo_runloop*2 pt_tcpstore_uv*1 cuda0000240000a*1 cuda-EvtHandlr*1 
2026-09-27T19:12:07+04:00	ck9k-nat-mirror-1	0	2874948	2874815	23	883601408	606527488	python3*17 ZMQbg/Reaper*3 ZMQbg/IO/0*3 
2026-09-27T19:12:19+04:00	ck9k-nat-mirror-1	0	2874797	363	2	25214976	6057984	uv*1 main2*1 
2026-09-27T19:12:19+04:00	ck9k-nat-mirror-1	0	2874815	2874797	22	700436480	422866944	ft*18 ZMQbg/Reaper*2 ZMQbg/IO/0*2 
2026-09-27T19:12:19+04:00	ck9k-nat-mirror-1	0	2874946	2874815	1	12705792	5943296	python3*1 
2026-09-27T19:12:19+04:00	ck9k-nat-mirror-1	0	2874947	2874815	41	16860258304	16250281984	python3*36 pt_gloo_runloop*2 pt_tcpstore_uv*1 cuda0000240000a*1 cuda-EvtHandlr*1 
2026-09-27T19:12:19+04:00	ck9k-nat-mirror-1	0	2874948	2874815	23	883601408	606527488	python3*17 ZMQbg/Reaper*3 ZMQbg/IO/0*3 
2026-09-27T19:12:29+04:00	ck9k-nat-mirror-1	0	2874797	363	2	25214976	6057984	uv*1 main2*1 
2026-09-27T19:12:29+04:00	ck9k-nat-mirror-1	0	2874815	2874797	39	904810496	621293568	ft*35 ZMQbg/Reaper*2 ZMQbg/IO/0*2 
2026-09-27T19:12:29+04:00	ck9k-nat-mirror-1	0	2874946	2874815	1	12705792	5943296	python3*1 
2026-09-27T19:12:29+04:00	ck9k-nat-mirror-1	0	2874947	2874815	45	17068806144	16451543040	python3*36 pt_gloo_runloop*2 ZMQbg/Reaper*2 ZMQbg/IO/0*2 pt_tcpstore_uv*1 cuda0000240000a*1 
2026-09-27T19:12:29+04:00	ck9k-nat-mirror-1	0	2874948	2874815	39	887435264	607195136	python3*33 ZMQbg/Reaper*3 ZMQbg/IO/0*3 
2026-09-27T19:12:39+04:00	ck9k-nat-mirror-1	0	2874797	363	2	25214976	6057984	uv*1 main2*1 
2026-09-27T19:12:39+04:00	ck9k-nat-mirror-1	0	2874815	2874797	39	904810496	621293568	ft*35 ZMQbg/Reaper*2 ZMQbg/IO/0*2 
2026-09-27T19:12:39+04:00	ck9k-nat-mirror-1	0	2874946	2874815	1	12705792	5943296	python3*1 
2026-09-27T19:12:39+04:00	ck9k-nat-mirror-1	0	2874947	2874815	45	17068806144	16451543040	python3*36 pt_gloo_runloop*2 ZMQbg/Reaper*2 ZMQbg/IO/0*2 pt_tcpstore_uv*1 cuda0000240000a*1 
2026-09-27T19:12:40+04:00	ck9k-nat-mirror-1	0	2874948	2874815	39	887435264	607195136	python3*33 ZMQbg/Reaper*3 ZMQbg/IO/0*3 
2026-09-27T19:12:51+04:00	ck9k-nat-mirror-1	0	2874797	363	2	25214976	6057984	uv*1 main2*1 
2026-09-27T19:12:51+04:00	ck9k-nat-mirror-1	0	2874815	2874797	39	904892416	621375488	ft*35 ZMQbg/Reaper*2 ZMQbg/IO/0*2 
2026-09-27T19:12:51+04:00	ck9k-nat-mirror-1	0	2874946	2874815	1	12705792	5943296	python3*1 
2026-09-27T19:12:51+04:00	ck9k-nat-mirror-1	0	2874947	2874815	45	17068830720	16451567616	python3*36 pt_gloo_runloop*2 ZMQbg/Reaper*2 ZMQbg/IO/0*2 pt_tcpstore_uv*1 cuda0000240000a*1 
2026-09-27T19:12:52+04:00	ck9k-nat-mirror-1	0	2874948	2874815	39	887463936	607223808	python3*33 ZMQbg/Reaper*3 ZMQbg/IO/0*3 
2026-09-27T19:13:02+04:00	ck9k-nat-mirror-1	2	2874797	363	2	25214976	6057984	uv*1 main2*1 
2026-09-27T19:13:02+04:00	ck9k-nat-mirror-1	2	2874815	2874797	39	990556160	707039232	ft*35 ZMQbg/Reaper*2 ZMQbg/IO/0*2 
2026-09-27T19:13:02+04:00	ck9k-nat-mirror-1	2	2874946	2874815	1	12705792	5943296	python3*1 
2026-09-27T19:13:02+04:00	ck9k-nat-mirror-1	2	2874947	2874815	45	17074683904	16456867840	python3*36 pt_gloo_runloop*2 ZMQbg/Reaper*2 ZMQbg/IO/0*2 pt_tcpstore_uv*1 cuda0000240000a*1 
2026-09-27T19:13:02+04:00	ck9k-nat-mirror-1	2	2874948	2874815	39	887496704	607256576	python3*33 ZMQbg/Reaper*3 ZMQbg/IO/0*3 
2026-09-27T19:13:12+04:00	ck9k-nat-mirror-1	2	2874797	363	2	25214976	6057984	uv*1 main2*1 
2026-09-27T19:13:12+04:00	ck9k-nat-mirror-1	2	2874815	2874797	39	990883840	707366912	ft*35 ZMQbg/Reaper*2 ZMQbg/IO/0*2 
2026-09-27T19:13:12+04:00	ck9k-nat-mirror-1	2	2874946	2874815	1	12705792	5943296	python3*1 
2026-09-27T19:13:12+04:00	ck9k-nat-mirror-1	2	2874947	2874815	45	17074683904	16456867840	python3*36 pt_gloo_runloop*2 ZMQbg/Reaper*2 ZMQbg/IO/0*2 pt_tcpstore_uv*1 cuda0000240000a*1 
2026-09-27T19:13:12+04:00	ck9k-nat-mirror-1	2	2874948	2874815	39	887496704	607256576	python3*33 ZMQbg/Reaper*3 ZMQbg/IO/0*3 
2026-09-27T19:13:22+04:00	ck9k-nat-mirror-1	2	2874797	363	2	25214976	6057984	uv*1 main2*1 
2026-09-27T19:13:22+04:00	ck9k-nat-mirror-1	2	2874815	2874797	39	991014912	707497984	ft*35 ZMQbg/Reaper*2 ZMQbg/IO/0*2 
2026-09-27T19:13:22+04:00	ck9k-nat-mirror-1	2	2874946	2874815	1	12705792	5943296	python3*1 
2026-09-27T19:13:22+04:00	ck9k-nat-mirror-1	2	2874947	2874815	45	17074683904	16456867840	python3*36 pt_gloo_runloop*2 ZMQbg/Reaper*2 ZMQbg/IO/0*2 pt_tcpstore_uv*1 cuda0000240000a*1 
2026-09-27T19:13:23+04:00	ck9k-nat-mirror-1	2	2874948	2874815	39	887496704	607256576	python3*33 ZMQbg/Reaper*3 ZMQbg/IO/0*3 
2026-09-27T19:13:34+04:00	ck9k-nat-mirror-1	2	2874797	363	2	25214976	6057984	uv*1 main2*1 
2026-09-27T19:13:34+04:00	ck9k-nat-mirror-1	2	2874815	2874797	39	991027200	707510272	ft*35 ZMQbg/Reaper*2 ZMQbg/IO/0*2 
2026-09-27T19:13:34+04:00	ck9k-nat-mirror-1	2	2874946	2874815	1	12705792	5943296	python3*1 
2026-09-27T19:13:34+04:00	ck9k-nat-mirror-1	2	2874947	2874815	45	17074683904	16456867840	python3*36 pt_gloo_runloop*2 ZMQbg/Reaper*2 ZMQbg/IO/0*2 pt_tcpstore_uv*1 cuda0000240000a*1 
2026-09-27T19:13:34+04:00	ck9k-nat-mirror-1	2	2874948	2874815	39	887496704	607256576	python3*33 ZMQbg/Reaper*3 ZMQbg/IO/0*3 
2026-09-27T19:13:45+04:00	ck9k-nat-mirror-1	2	2874797	363	2	25214976	6057984	uv*1 main2*1 
2026-09-27T19:13:45+04:00	ck9k-nat-mirror-1	2	2874815	2874797	39	991150080	707633152	ft*35 ZMQbg/Reaper*2 ZMQbg/IO/0*2 
2026-09-27T19:13:45+04:00	ck9k-nat-mirror-1	2	2874946	2874815	1	12705792	5943296	python3*1 
2026-09-27T19:13:45+04:00	ck9k-nat-mirror-1	2	2874947	2874815	45	17074683904	16456867840	python3*36 pt_gloo_runloop*2 ZMQbg/Reaper*2 ZMQbg/IO/0*2 pt_tcpstore_uv*1 cuda0000240000a*1 
2026-09-27T19:13:45+04:00	ck9k-nat-mirror-1	2	2874948	2874815	39	887496704	607256576	python3*33 ZMQbg/Reaper*3 ZMQbg/IO/0*3 
2026-09-27T19:13:55+04:00	ck9k-nat-mirror-1	2	2874797	363	2	25214976	6057984	uv*1 main2*1 
2026-09-27T19:13:55+04:00	ck9k-nat-mirror-1	2	2874815	2874797	39	991150080	707633152	ft*35 ZMQbg/Reaper*2 ZMQbg/IO/0*2 
2026-09-27T19:13:55+04:00	ck9k-nat-mirror-1	2	2874946	2874815	1	12705792	5943296	python3*1 
2026-09-27T19:13:55+04:00	ck9k-nat-mirror-1	2	2874947	2874815	45	17074683904	16456867840	python3*36 pt_gloo_runloop*2 ZMQbg/Reaper*2 ZMQbg/IO/0*2 pt_tcpstore_uv*1 cuda0000240000a*1 
2026-09-27T19:13:55+04:00	ck9k-nat-mirror-1	2	2874948	2874815	39	887496704	607256576	python3*33 ZMQbg/Reaper*3 ZMQbg/IO/0*3 
2026-09-27T19:14:07+04:00	ck9k-nat-mirror-1	2	2874797	363	2	25214976	6057984	uv*1 main2*1 
2026-09-27T19:14:07+04:00	ck9k-nat-mirror-1	2	2874815	2874797	39	991223808	707706880	ft*35 ZMQbg/Reaper*2 ZMQbg/IO/0*2 
2026-09-27T19:14:07+04:00	ck9k-nat-mirror-1	2	2874946	2874815	1	12705792	5943296	python3*1 
2026-09-27T19:14:07+04:00	ck9k-nat-mirror-1	2	2874947	2874815	45	17074683904	16456867840	python3*36 pt_gloo_runloop*2 ZMQbg/Reaper*2 ZMQbg/IO/0*2 pt_tcpstore_uv*1 cuda0000240000a*1 
2026-09-27T19:14:07+04:00	ck9k-nat-mirror-1	2	2874948	2874815	39	887496704	607256576	python3*33 ZMQbg/Reaper*3 ZMQbg/IO/0*3 
2026-09-27T19:14:17+04:00	ck9k-nat-mirror-1	2	2874797	363	2	25214976	6057984	uv*1 main2*1 
2026-09-27T19:14:17+04:00	ck9k-nat-mirror-1	2	2874815	2874797	39	991227904	707710976	ft*35 ZMQbg/Reaper*2 ZMQbg/IO/0*2 
2026-09-27T19:14:17+04:00	ck9k-nat-mirror-1	2	2874946	2874815	1	12705792	5943296	python3*1 
2026-09-27T19:14:17+04:00	ck9k-nat-mirror-1	2	2874947	2874815	45	17074683904	16456867840	python3*36 pt_gloo_runloop*2 ZMQbg/Reaper*2 ZMQbg/IO/0*2 pt_tcpstore_uv*1 cuda0000240000a*1 
2026-09-27T19:14:17+04:00	ck9k-nat-mirror-1	2	2874948	2874815	39	887496704	607256576	python3*33 ZMQbg/Reaper*3 ZMQbg/IO/0*3 
2026-09-27T19:14:27+04:00	ck9k-nat-mirror-1	2	2874797	363	2	25214976	6057984	uv*1 main2*1 
2026-09-27T19:14:27+04:00	ck9k-nat-mirror-1	2	2874815	2874797	39	991805440	708288512	ft*35 ZMQbg/Reaper*2 ZMQbg/IO/0*2 
2026-09-27T19:14:27+04:00	ck9k-nat-mirror-1	2	2874946	2874815	1	12705792	5943296	python3*1 
2026-09-27T19:14:27+04:00	ck9k-nat-mirror-1	2	2874947	2874815	45	17075318784	16457441280	python3*36 pt_gloo_runloop*2 ZMQbg/Reaper*2 ZMQbg/IO/0*2 pt_tcpstore_uv*1 cuda0000240000a*1 
2026-09-27T19:14:28+04:00	ck9k-nat-mirror-1	2	2874948	2874815	42	887758848	607518720	python3*34 ZMQbg/Reaper*4 ZMQbg/IO/0*4 
2026-09-27T19:14:39+04:00	ck9k-nat-mirror-1	2	2874797	363	2	25214976	6057984	uv*1 main2*1 
2026-09-27T19:14:39+04:00	ck9k-nat-mirror-1	2	2874815	2874797	39	991805440	708288512	ft*35 ZMQbg/Reaper*2 ZMQbg/IO/0*2 
2026-09-27T19:14:40+04:00	ck9k-nat-mirror-1	2	2874946	2874815	1	12705792	5943296	python3*1 
2026-09-27T19:14:40+04:00	ck9k-nat-mirror-1	2	2874947	2874815	45	17075318784	16457441280	python3*36 pt_gloo_runloop*2 ZMQbg/Reaper*2 ZMQbg/IO/0*2 pt_tcpstore_uv*1 cuda0000240000a*1 
2026-09-27T19:14:40+04:00	ck9k-nat-mirror-1	2	2874948	2874815	42	887758848	607518720	python3*34 ZMQbg/Reaper*4 ZMQbg/IO/0*4 
2026-09-27T19:14:50+04:00	ck9k-nat-mirror-1	2	2874797	363	2	25214976	6057984	uv*1 main2*1 
2026-09-27T19:14:50+04:00	ck9k-nat-mirror-1	2	2874815	2874797	39	991805440	708288512	ft*35 ZMQbg/Reaper*2 ZMQbg/IO/0*2 
2026-09-27T19:14:50+04:00	ck9k-nat-mirror-1	2	2874946	2874815	1	12705792	5943296	python3*1 
2026-09-27T19:14:50+04:00	ck9k-nat-mirror-1	2	2874947	2874815	45	17075318784	16457441280	python3*36 pt_gloo_runloop*2 ZMQbg/Reaper*2 ZMQbg/IO/0*2 pt_tcpstore_uv*1 cuda0000240000a*1 
2026-09-27T19:14:50+04:00	ck9k-nat-mirror-1	2	2874948	2874815	42	887758848	607518720	python3*34 ZMQbg/Reaper*4 ZMQbg/IO/0*4 
2026-09-27T19:15:43+04:00	ck9k-nat-whole-2	0	2893851	363	3	27041792	6066176	uv*1 tokio-rt-worker*1 main2*1 
2026-09-27T19:15:43+04:00	ck9k-nat-whole-2	0	2893867	2893851	22	702906368	422731776	ft*18 ZMQbg/Reaper*2 ZMQbg/IO/0*2 
2026-09-27T19:15:43+04:00	ck9k-nat-whole-2	0	2894458	2893867	1	12775424	5939200	python3*1 
2026-09-27T19:15:43+04:00	ck9k-nat-whole-2	0	2894459	2893867	41	5249703936	985829376	python3*36 pt_gloo_runloop*2 pt_tcpstore_uv*1 cuda0000240000a*1 cuda-EvtHandlr*1 
2026-09-27T19:15:43+04:00	ck9k-nat-whole-2	0	2894460	2893867	23	886210560	606531584	python3*17 ZMQbg/Reaper*3 ZMQbg/IO/0*3 
2026-09-27T19:15:54+04:00	ck9k-nat-whole-2	0	2893851	363	2	27172864	6066176	uv*1 main2*1 
2026-09-27T19:15:54+04:00	ck9k-nat-whole-2	0	2893867	2893851	22	702910464	422735872	ft*18 ZMQbg/Reaper*2 ZMQbg/IO/0*2 
2026-09-27T19:15:54+04:00	ck9k-nat-whole-2	0	2894458	2893867	1	12775424	5939200	python3*1 
2026-09-27T19:15:54+04:00	ck9k-nat-whole-2	0	2894459	2893867	41	10946043904	986107904	python3*36 pt_gloo_runloop*2 pt_tcpstore_uv*1 cuda0000240000a*1 cuda-EvtHandlr*1 
2026-09-27T19:15:54+04:00	ck9k-nat-whole-2	0	2894460	2893867	23	886210560	606531584	python3*17 ZMQbg/Reaper*3 ZMQbg/IO/0*3 
2026-09-27T19:16:04+04:00	ck9k-nat-whole-2	0	2893851	363	2	27172864	6066176	uv*1 main2*1 
2026-09-27T19:16:04+04:00	ck9k-nat-whole-2	0	2893867	2893851	22	702504960	422748160	ft*18 ZMQbg/Reaper*2 ZMQbg/IO/0*2 
2026-09-27T19:16:04+04:00	ck9k-nat-whole-2	0	2894458	2893867	1	12771328	5939200	python3*1 
2026-09-27T19:16:04+04:00	ck9k-nat-whole-2	0	2894459	2893867	41	13893976064	986255360	python3*36 pt_gloo_runloop*2 pt_tcpstore_uv*1 cuda0000240000a*1 cuda-EvtHandlr*1 
2026-09-27T19:16:04+04:00	ck9k-nat-whole-2	0	2894460	2893867	23	885764096	606531584	python3*17 ZMQbg/Reaper*3 ZMQbg/IO/0*3 
2026-09-27T19:16:16+04:00	ck9k-nat-whole-2	0	2893851	363	2	26886144	6066176	uv*1 main2*1 
2026-09-27T19:16:16+04:00	ck9k-nat-whole-2	0	2893867	2893851	22	690688000	422748160	ft*18 ZMQbg/Reaper*2 ZMQbg/IO/0*2 
2026-09-27T19:16:16+04:00	ck9k-nat-whole-2	0	2894458	2893867	1	12771328	5939200	python3*1 
2026-09-27T19:16:16+04:00	ck9k-nat-whole-2	0	2894459	2893867	41	17051832320	986406912	python3*36 pt_gloo_runloop*2 pt_tcpstore_uv*1 cuda0000240000a*1 cuda-EvtHandlr*1 
2026-09-27T19:16:16+04:00	ck9k-nat-whole-2	0	2894460	2893867	23	873893888	606531584	python3*17 ZMQbg/Reaper*3 ZMQbg/IO/0*3 
2026-09-27T19:16:26+04:00	ck9k-nat-whole-2	0	2893851	363	2	26820608	6066176	uv*1 main2*1 
2026-09-27T19:16:26+04:00	ck9k-nat-whole-2	0	2893867	2893851	22	657743872	422748160	ft*18 ZMQbg/Reaper*2 ZMQbg/IO/0*2 
2026-09-27T19:16:26+04:00	ck9k-nat-whole-2	0	2894458	2893867	1	12771328	5939200	python3*1 
2026-09-27T19:16:26+04:00	ck9k-nat-whole-2	0	2894459	2893867	41	18127302656	986456064	python3*36 pt_gloo_runloop*2 pt_tcpstore_uv*1 cuda0000240000a*1 cuda-EvtHandlr*1 
2026-09-27T19:16:26+04:00	ck9k-nat-whole-2	0	2894460	2893867	23	840970240	606531584	python3*17 ZMQbg/Reaper*3 ZMQbg/IO/0*3 
2026-09-27T19:16:37+04:00	ck9k-nat-whole-2	0	2893851	363	2	26730496	6066176	uv*1 main2*1 
2026-09-27T19:16:37+04:00	ck9k-nat-whole-2	0	2893867	2893851	22	654778368	422748160	ft*18 ZMQbg/Reaper*2 ZMQbg/IO/0*2 
2026-09-27T19:16:37+04:00	ck9k-nat-whole-2	0	2894458	2893867	1	12771328	5939200	python3*1 
2026-09-27T19:16:37+04:00	ck9k-nat-whole-2	0	2894459	2893867	41	19232772096	986505216	python3*36 pt_gloo_runloop*2 pt_tcpstore_uv*1 cuda0000240000a*1 cuda-EvtHandlr*1 
2026-09-27T19:16:37+04:00	ck9k-nat-whole-2	0	2894460	2893867	23	837820416	606531584	python3*17 ZMQbg/Reaper*3 ZMQbg/IO/0*3 
2026-09-27T19:16:49+04:00	ck9k-nat-whole-2	0	2893851	363	2	26066944	6066176	uv*1 main2*1 
2026-09-27T19:16:49+04:00	ck9k-nat-whole-2	0	2893867	2893851	22	643592192	422748160	ft*18 ZMQbg/Reaper*2 ZMQbg/IO/0*2 
2026-09-27T19:16:49+04:00	ck9k-nat-whole-2	0	2894458	2893867	1	12734464	5939200	python3*1 
2026-09-27T19:16:49+04:00	ck9k-nat-whole-2	0	2894459	2893867	41	20801548288	986607616	python3*36 pt_gloo_runloop*2 pt_tcpstore_uv*1 cuda0000240000a*1 cuda-EvtHandlr*1 
2026-09-27T19:16:49+04:00	ck9k-nat-whole-2	0	2894460	2893867	23	826896384	606531584	python3*17 ZMQbg/Reaper*3 ZMQbg/IO/0*3 
2026-09-27T19:16:59+04:00	ck9k-nat-whole-2	0	2893851	363	2	25853952	6066176	uv*1 main2*1 
2026-09-27T19:16:59+04:00	ck9k-nat-whole-2	0	2893867	2893851	22	642736128	422748160	ft*18 ZMQbg/Reaper*2 ZMQbg/IO/0*2 
2026-09-27T19:16:59+04:00	ck9k-nat-whole-2	0	2894458	2893867	1	12730368	5939200	python3*1 
2026-09-27T19:16:59+04:00	ck9k-nat-whole-2	0	2894459	2893867	41	21370253312	986632192	python3*36 pt_gloo_runloop*2 pt_tcpstore_uv*1 cuda0000240000a*1 cuda-EvtHandlr*1 
2026-09-27T19:16:59+04:00	ck9k-nat-whole-2	0	2894460	2893867	23	826019840	606531584	python3*17 ZMQbg/Reaper*3 ZMQbg/IO/0*3 
2026-09-27T19:17:09+04:00	ck9k-nat-whole-2	0	2893851	363	2	25845760	6066176	uv*1 main2*1 
2026-09-27T19:17:09+04:00	ck9k-nat-whole-2	0	2893867	2893851	22	629338112	422748160	ft*18 ZMQbg/Reaper*2 ZMQbg/IO/0*2 
2026-09-27T19:17:09+04:00	ck9k-nat-whole-2	0	2894458	2893867	1	12722176	5939200	python3*1 
2026-09-27T19:17:10+04:00	ck9k-nat-whole-2	0	2894459	2893867	41	21673762816	986632192	python3*36 pt_gloo_runloop*2 pt_tcpstore_uv*1 cuda0000240000a*1 cuda-EvtHandlr*1 
2026-09-27T19:17:10+04:00	ck9k-nat-whole-2	0	2894460	2893867	23	812584960	606531584	python3*17 ZMQbg/Reaper*3 ZMQbg/IO/0*3 
2026-09-27T19:17:20+04:00	ck9k-nat-whole-2	0	2893851	363	2	25362432	6066176	uv*1 main2*1 
2026-09-27T19:17:20+04:00	ck9k-nat-whole-2	0	2893867	2893851	22	627744768	422756352	ft*18 ZMQbg/Reaper*2 ZMQbg/IO/0*2 
2026-09-27T19:17:20+04:00	ck9k-nat-whole-2	0	2894458	2893867	1	12722176	5939200	python3*1 
2026-09-27T19:17:20+04:00	ck9k-nat-whole-2	0	2894459	2893867	41	22017396736	986656768	python3*36 pt_gloo_runloop*2 pt_tcpstore_uv*1 cuda0000240000a*1 cuda-EvtHandlr*1 
2026-09-27T19:17:20+04:00	ck9k-nat-whole-2	0	2894460	2893867	23	810983424	606531584	python3*17 ZMQbg/Reaper*3 ZMQbg/IO/0*3 
2026-09-27T19:17:32+04:00	ck9k-nat-whole-2	0	2893851	363	2	24317952	6066176	uv*1 main2*1 
2026-09-27T19:17:32+04:00	ck9k-nat-whole-2	0	2893867	2893851	22	619479040	422760448	ft*18 ZMQbg/Reaper*2 ZMQbg/IO/0*2 
2026-09-27T19:17:32+04:00	ck9k-nat-whole-2	0	2894458	2893867	1	12713984	5939200	python3*1 
2026-09-27T19:17:32+04:00	ck9k-nat-whole-2	0	2894459	2893867	41	22353076224	986681344	python3*36 pt_gloo_runloop*2 pt_tcpstore_uv*1 cuda0000240000a*1 cuda-EvtHandlr*1 
2026-09-27T19:17:32+04:00	ck9k-nat-whole-2	0	2894460	2893867	23	802422784	606531584	python3*17 ZMQbg/Reaper*3 ZMQbg/IO/0*3 
2026-09-27T19:17:43+04:00	ck9k-nat-whole-2	0	2893851	363	2	21053440	6066176	uv*1 main2*1 
2026-09-27T19:17:43+04:00	ck9k-nat-whole-2	0	2893867	2893851	22	588337152	422764544	ft*18 ZMQbg/Reaper*2 ZMQbg/IO/0*2 
2026-09-27T19:17:43+04:00	ck9k-nat-whole-2	0	2894458	2893867	1	12709888	5939200	python3*1 
2026-09-27T19:17:43+04:00	ck9k-nat-whole-2	0	2894459	2893867	41	23257112576	965603328	python3*36 pt_gloo_runloop*2 pt_tcpstore_uv*1 cuda0000240000a*1 cuda-EvtHandlr*1 
2026-09-27T19:17:43+04:00	ck9k-nat-whole-2	0	2894460	2893867	23	769847296	606531584	python3*17 ZMQbg/Reaper*3 ZMQbg/IO/0*3 
2026-09-27T19:17:53+04:00	ck9k-nat-whole-2	0	2893851	363	2	19939328	6066176	uv*1 main2*1 
2026-09-27T19:17:53+04:00	ck9k-nat-whole-2	0	2893867	2893851	39	771735552	621232128	ft*35 ZMQbg/Reaper*2 ZMQbg/IO/0*2 
2026-09-27T19:17:53+04:00	ck9k-nat-whole-2	0	2894458	2893867	1	12709888	5939200	python3*1 
2026-09-27T19:17:53+04:00	ck9k-nat-whole-2	0	2894459	2893867	45	22734667776	1985130496	python3*36 pt_gloo_runloop*2 ZMQbg/Reaper*2 ZMQbg/IO/0*2 pt_tcpstore_uv*1 cuda0000240000a*1 
2026-09-27T19:17:53+04:00	ck9k-nat-whole-2	0	2894460	2893867	39	755511296	607227904	python3*33 ZMQbg/Reaper*3 ZMQbg/IO/0*3 
2026-09-27T19:18:05+04:00	ck9k-nat-whole-2	0	2893851	363	2	19939328	6066176	uv*1 main2*1 
2026-09-27T19:18:05+04:00	ck9k-nat-whole-2	0	2893867	2893851	39	771735552	621232128	ft*35 ZMQbg/Reaper*2 ZMQbg/IO/0*2 
2026-09-27T19:18:05+04:00	ck9k-nat-whole-2	0	2894458	2893867	1	12709888	5939200	python3*1 
2026-09-27T19:18:05+04:00	ck9k-nat-whole-2	0	2894459	2893867	45	22734667776	1985130496	python3*36 pt_gloo_runloop*2 ZMQbg/Reaper*2 ZMQbg/IO/0*2 pt_tcpstore_uv*1 cuda0000240000a*1 
2026-09-27T19:18:05+04:00	ck9k-nat-whole-2	0	2894460	2893867	39	755511296	607227904	python3*33 ZMQbg/Reaper*3 ZMQbg/IO/0*3 
2026-09-27T19:18:15+04:00	ck9k-nat-whole-2	0	2893851	363	2	19939328	6066176	uv*1 main2*1 
2026-09-27T19:18:15+04:00	ck9k-nat-whole-2	0	2893867	2893851	39	771825664	621326336	ft*35 ZMQbg/Reaper*2 ZMQbg/IO/0*2 
2026-09-27T19:18:15+04:00	ck9k-nat-whole-2	0	2894458	2893867	1	12709888	5939200	python3*1 
2026-09-27T19:18:15+04:00	ck9k-nat-whole-2	0	2894459	2893867	45	22734684160	1985146880	python3*36 pt_gloo_runloop*2 ZMQbg/Reaper*2 ZMQbg/IO/0*2 pt_tcpstore_uv*1 cuda0000240000a*1 
2026-09-27T19:18:16+04:00	ck9k-nat-whole-2	0	2894460	2893867	39	755539968	607256576	python3*33 ZMQbg/Reaper*3 ZMQbg/IO/0*3 
2026-09-27T19:18:26+04:00	ck9k-nat-whole-2	2	2893851	363	2	19939328	6066176	uv*1 main2*1 
2026-09-27T19:18:26+04:00	ck9k-nat-whole-2	2	2893867	2893851	39	857522176	706953216	ft*35 ZMQbg/Reaper*2 ZMQbg/IO/0*2 
2026-09-27T19:18:26+04:00	ck9k-nat-whole-2	2	2894458	2893867	1	12709888	5939200	python3*1 
2026-09-27T19:18:26+04:00	ck9k-nat-whole-2	2	2894459	2893867	45	22740688896	1990598656	python3*36 pt_gloo_runloop*2 ZMQbg/Reaper*2 ZMQbg/IO/0*2 pt_tcpstore_uv*1 cuda0000240000a*1 
2026-09-27T19:18:26+04:00	ck9k-nat-whole-2	2	2894460	2893867	39	755572736	607289344	python3*33 ZMQbg/Reaper*3 ZMQbg/IO/0*3 
2026-09-27T19:18:38+04:00	ck9k-nat-whole-2	2	2893851	363	2	19939328	6066176	uv*1 main2*1 
2026-09-27T19:18:38+04:00	ck9k-nat-whole-2	2	2893867	2893851	39	857841664	707272704	ft*35 ZMQbg/Reaper*2 ZMQbg/IO/0*2 
2026-09-27T19:18:38+04:00	ck9k-nat-whole-2	2	2894458	2893867	1	12709888	5939200	python3*1 
2026-09-27T19:18:38+04:00	ck9k-nat-whole-2	2	2894459	2893867	45	22740688896	1990598656	python3*36 pt_gloo_runloop*2 ZMQbg/Reaper*2 ZMQbg/IO/0*2 pt_tcpstore_uv*1 cuda0000240000a*1 
2026-09-27T19:18:38+04:00	ck9k-nat-whole-2	2	2894460	2893867	39	755572736	607289344	python3*33 ZMQbg/Reaper*3 ZMQbg/IO/0*3 
2026-09-27T19:18:48+04:00	ck9k-nat-whole-2	2	2893851	363	2	19939328	6066176	uv*1 main2*1 
2026-09-27T19:18:48+04:00	ck9k-nat-whole-2	2	2893867	2893851	39	857948160	707379200	ft*35 ZMQbg/Reaper*2 ZMQbg/IO/0*2 
2026-09-27T19:18:48+04:00	ck9k-nat-whole-2	2	2894458	2893867	1	12709888	5939200	python3*1 
2026-09-27T19:18:48+04:00	ck9k-nat-whole-2	2	2894459	2893867	45	22740701184	1990610944	python3*36 pt_gloo_runloop*2 ZMQbg/Reaper*2 ZMQbg/IO/0*2 pt_tcpstore_uv*1 cuda0000240000a*1 
2026-09-27T19:18:49+04:00	ck9k-nat-whole-2	2	2894460	2893867	39	755572736	607289344	python3*33 ZMQbg/Reaper*3 ZMQbg/IO/0*3 
2026-09-27T19:18:59+04:00	ck9k-nat-whole-2	2	2893851	363	2	19939328	6066176	uv*1 main2*1 
2026-09-27T19:18:59+04:00	ck9k-nat-whole-2	2	2893867	2893851	39	858071040	707502080	ft*35 ZMQbg/Reaper*2 ZMQbg/IO/0*2 
2026-09-27T19:18:59+04:00	ck9k-nat-whole-2	2	2894458	2893867	1	12709888	5939200	python3*1 
2026-09-27T19:18:59+04:00	ck9k-nat-whole-2	2	2894459	2893867	45	22740709376	1990619136	python3*36 pt_gloo_runloop*2 ZMQbg/Reaper*2 ZMQbg/IO/0*2 pt_tcpstore_uv*1 cuda0000240000a*1 
2026-09-27T19:18:59+04:00	ck9k-nat-whole-2	2	2894460	2893867	39	755572736	607289344	python3*33 ZMQbg/Reaper*3 ZMQbg/IO/0*3 
2026-09-27T19:19:11+04:00	ck9k-nat-whole-2	2	2893851	363	2	19894272	6066176	uv*1 main2*1 
2026-09-27T19:19:11+04:00	ck9k-nat-whole-2	2	2893867	2893851	39	856309760	707514368	ft*35 ZMQbg/Reaper*2 ZMQbg/IO/0*2 
2026-09-27T19:19:11+04:00	ck9k-nat-whole-2	2	2894458	2893867	1	12709888	5939200	python3*1 
2026-09-27T19:19:11+04:00	ck9k-nat-whole-2	2	2894459	2893867	45	22738219008	1990619136	python3*36 pt_gloo_runloop*2 ZMQbg/Reaper*2 ZMQbg/IO/0*2 pt_tcpstore_uv*1 cuda0000240000a*1 
2026-09-27T19:19:11+04:00	ck9k-nat-whole-2	2	2894460	2893867	39	753795072	607289344	python3*33 ZMQbg/Reaper*3 ZMQbg/IO/0*3 
2026-09-27T19:19:21+04:00	ck9k-nat-whole-2	2	2893851	363	2	19894272	6066176	uv*1 main2*1 
2026-09-27T19:19:21+04:00	ck9k-nat-whole-2	2	2893867	2893851	39	856387584	707592192	ft*35 ZMQbg/Reaper*2 ZMQbg/IO/0*2 
2026-09-27T19:19:21+04:00	ck9k-nat-whole-2	2	2894458	2893867	1	12709888	5939200	python3*1 
2026-09-27T19:19:21+04:00	ck9k-nat-whole-2	2	2894459	2893867	45	22738366464	1990623232	python3*36 pt_gloo_runloop*2 ZMQbg/Reaper*2 ZMQbg/IO/0*2 pt_tcpstore_uv*1 cuda0000240000a*1 
2026-09-27T19:19:21+04:00	ck9k-nat-whole-2	2	2894460	2893867	39	753803264	607289344	python3*33 ZMQbg/Reaper*3 ZMQbg/IO/0*3 
2026-09-27T19:19:31+04:00	ck9k-nat-whole-2	2	2893851	363	2	19894272	6066176	uv*1 main2*1 
2026-09-27T19:19:31+04:00	ck9k-nat-whole-2	2	2893867	2893851	39	856387584	707592192	ft*35 ZMQbg/Reaper*2 ZMQbg/IO/0*2 
2026-09-27T19:19:31+04:00	ck9k-nat-whole-2	2	2894458	2893867	1	12709888	5939200	python3*1 
2026-09-27T19:19:31+04:00	ck9k-nat-whole-2	2	2894459	2893867	45	22738366464	1990623232	python3*36 pt_gloo_runloop*2 ZMQbg/Reaper*2 ZMQbg/IO/0*2 pt_tcpstore_uv*1 cuda0000240000a*1 
2026-09-27T19:19:32+04:00	ck9k-nat-whole-2	2	2894460	2893867	39	753803264	607289344	python3*33 ZMQbg/Reaper*3 ZMQbg/IO/0*3 
2026-09-27T19:19:43+04:00	ck9k-nat-whole-2	2	2893851	363	2	19894272	6066176	uv*1 main2*1 
2026-09-27T19:19:43+04:00	ck9k-nat-whole-2	2	2893867	2893851	39	856965120	708169728	ft*35 ZMQbg/Reaper*2 ZMQbg/IO/0*2 
2026-09-27T19:19:43+04:00	ck9k-nat-whole-2	2	2894458	2893867	1	12709888	5939200	python3*1 
2026-09-27T19:19:43+04:00	ck9k-nat-whole-2	2	2894459	2893867	45	22738485248	1990676480	python3*36 pt_gloo_runloop*2 ZMQbg/Reaper*2 ZMQbg/IO/0*2 pt_tcpstore_uv*1 cuda0000240000a*1 
2026-09-27T19:19:44+04:00	ck9k-nat-whole-2	2	2894460	2893867	42	754065408	607551488	python3*34 ZMQbg/Reaper*4 ZMQbg/IO/0*4 
2026-09-27T19:19:54+04:00	ck9k-nat-whole-2	2	2893851	363	2	19894272	6066176	uv*1 main2*1 
2026-09-27T19:19:54+04:00	ck9k-nat-whole-2	2	2893867	2893851	39	856965120	708169728	ft*35 ZMQbg/Reaper*2 ZMQbg/IO/0*2 
2026-09-27T19:19:54+04:00	ck9k-nat-whole-2	2	2894458	2893867	1	12709888	5939200	python3*1 
2026-09-27T19:19:54+04:00	ck9k-nat-whole-2	2	2894459	2893867	45	22738485248	1990676480	python3*36 pt_gloo_runloop*2 ZMQbg/Reaper*2 ZMQbg/IO/0*2 pt_tcpstore_uv*1 cuda0000240000a*1 
2026-09-27T19:19:54+04:00	ck9k-nat-whole-2	2	2894460	2893867	42	754065408	607551488	python3*34 ZMQbg/Reaper*4 ZMQbg/IO/0*4 
2026-09-27T19:20:04+04:00	ck9k-nat-whole-2	2	2893851	363	2	19894272	6066176	uv*1 main2*1 
2026-09-27T19:20:04+04:00	ck9k-nat-whole-2	2	2893867	2893851	39	856965120	708169728	ft*35 ZMQbg/Reaper*2 ZMQbg/IO/0*2 
2026-09-27T19:20:04+04:00	ck9k-nat-whole-2	2	2894458	2893867	1	12709888	5939200	python3*1 
2026-09-27T19:20:04+04:00	ck9k-nat-whole-2	2	2894459	2893867	45	22738485248	1990676480	python3*36 pt_gloo_runloop*2 ZMQbg/Reaper*2 ZMQbg/IO/0*2 pt_tcpstore_uv*1 cuda0000240000a*1 
2026-09-27T19:20:04+04:00	ck9k-nat-whole-2	2	2894460	2893867	42	754065408	607551488	python3*34 ZMQbg/Reaper*4 ZMQbg/IO/0*4 
2026-09-27T19:20:58+04:00	ck9k-nat-mirror-2	0	2916488	363	3	27291648	6074368	uv*1 tokio-rt-worker*1 main2*1 
2026-09-27T19:20:58+04:00	ck9k-nat-mirror-2	0	2916509	2916488	22	699396096	422862848	ft*18 ZMQbg/Reaper*2 ZMQbg/IO/0*2 
2026-09-27T19:20:58+04:00	ck9k-nat-mirror-2	0	2916676	2916509	1	12767232	5939200	python3*1 
2026-09-27T19:20:58+04:00	ck9k-nat-mirror-2	0	2916677	2916509	25	3697311744	835858432	python3*20 pt_gloo_runloop*2 pt_tcpstore_uv*1 cuda0000240000a*1 cuda-EvtHandlr*1 
2026-09-27T19:20:58+04:00	ck9k-nat-mirror-2	0	2916678	2916509	23	883830784	606613504	python3*17 ZMQbg/Reaper*3 ZMQbg/IO/0*3 
2026-09-27T19:21:08+04:00	ck9k-nat-mirror-2	0	2916488	363	2	27422720	6074368	uv*1 main2*1 
2026-09-27T19:21:08+04:00	ck9k-nat-mirror-2	0	2916509	2916488	22	699408384	422875136	ft*18 ZMQbg/Reaper*2 ZMQbg/IO/0*2 
2026-09-27T19:21:08+04:00	ck9k-nat-mirror-2	0	2916676	2916509	1	12767232	5939200	python3*1 
2026-09-27T19:21:08+04:00	ck9k-nat-mirror-2	0	2916677	2916509	40	17562361856	15433867264	python3*35 pt_gloo_runloop*2 pt_tcpstore_uv*1 cuda0000240000a*1 cuda-EvtHandlr*1 
2026-09-27T19:21:08+04:00	ck9k-nat-mirror-2	0	2916678	2916509	23	883830784	606613504	python3*17 ZMQbg/Reaper*3 ZMQbg/IO/0*3 
2026-09-27T19:21:18+04:00	ck9k-nat-mirror-2	0	2916488	363	2	27422720	6074368	uv*1 main2*1 
2026-09-27T19:21:18+04:00	ck9k-nat-mirror-2	0	2916509	2916488	22	699408384	422875136	ft*18 ZMQbg/Reaper*2 ZMQbg/IO/0*2 
2026-09-27T19:21:18+04:00	ck9k-nat-mirror-2	0	2916676	2916509	1	12767232	5939200	python3*1 
2026-09-27T19:21:19+04:00	ck9k-nat-mirror-2	0	2916677	2916509	41	17564860416	15433940992	python3*36 pt_gloo_runloop*2 pt_tcpstore_uv*1 cuda0000240000a*1 cuda-EvtHandlr*1 
2026-09-27T19:21:19+04:00	ck9k-nat-mirror-2	0	2916678	2916509	23	883830784	606613504	python3*17 ZMQbg/Reaper*3 ZMQbg/IO/0*3 
2026-09-27T19:21:30+04:00	ck9k-nat-mirror-2	0	2916488	363	2	27422720	6074368	uv*1 main2*1 
2026-09-27T19:21:30+04:00	ck9k-nat-mirror-2	0	2916509	2916488	22	699416576	422883328	ft*18 ZMQbg/Reaper*2 ZMQbg/IO/0*2 
2026-09-27T19:21:30+04:00	ck9k-nat-mirror-2	0	2916676	2916509	1	12767232	5939200	python3*1 
2026-09-27T19:21:30+04:00	ck9k-nat-mirror-2	0	2916677	2916509	41	16344092672	15749783552	python3*36 pt_gloo_runloop*2 pt_tcpstore_uv*1 cuda0000240000a*1 cuda-EvtHandlr*1 
2026-09-27T19:21:31+04:00	ck9k-nat-mirror-2	0	2916678	2916509	23	883830784	606613504	python3*17 ZMQbg/Reaper*3 ZMQbg/IO/0*3 
2026-09-27T19:21:41+04:00	ck9k-nat-mirror-2	0	2916488	363	2	27422720	6074368	uv*1 main2*1 
2026-09-27T19:21:41+04:00	ck9k-nat-mirror-2	0	2916509	2916488	22	699416576	422883328	ft*18 ZMQbg/Reaper*2 ZMQbg/IO/0*2 
2026-09-27T19:21:41+04:00	ck9k-nat-mirror-2	0	2916676	2916509	1	12767232	5939200	python3*1 
2026-09-27T19:21:41+04:00	ck9k-nat-mirror-2	0	2916677	2916509	41	16601976832	15996624896	python3*36 pt_gloo_runloop*2 pt_tcpstore_uv*1 cuda0000240000a*1 cuda-EvtHandlr*1 
2026-09-27T19:21:41+04:00	ck9k-nat-mirror-2	0	2916678	2916509	23	883830784	606613504	python3*17 ZMQbg/Reaper*3 ZMQbg/IO/0*3 
2026-09-27T19:21:51+04:00	ck9k-nat-mirror-2	0	2916488	363	2	27422720	6074368	uv*1 main2*1 
2026-09-27T19:21:51+04:00	ck9k-nat-mirror-2	0	2916509	2916488	22	699416576	422883328	ft*18 ZMQbg/Reaper*2 ZMQbg/IO/0*2 
2026-09-27T19:21:51+04:00	ck9k-nat-mirror-2	0	2916676	2916509	1	12767232	5939200	python3*1 
2026-09-27T19:21:51+04:00	ck9k-nat-mirror-2	0	2916677	2916509	41	16860438528	16249102336	python3*36 pt_gloo_runloop*2 pt_tcpstore_uv*1 cuda0000240000a*1 cuda-EvtHandlr*1 
2026-09-27T19:21:51+04:00	ck9k-nat-mirror-2	0	2916678	2916509	23	883830784	606613504	python3*17 ZMQbg/Reaper*3 ZMQbg/IO/0*3 
2026-09-27T19:22:03+04:00	ck9k-nat-mirror-2	0	2916488	363	2	27422720	6074368	uv*1 main2*1 
2026-09-27T19:22:03+04:00	ck9k-nat-mirror-2	0	2916509	2916488	39	904351744	621846528	ft*35 ZMQbg/Reaper*2 ZMQbg/IO/0*2 
2026-09-27T19:22:03+04:00	ck9k-nat-mirror-2	0	2916676	2916509	1	12767232	5939200	python3*1 
2026-09-27T19:22:03+04:00	ck9k-nat-mirror-2	0	2916677	2916509	45	17065869312	16450686976	python3*36 pt_gloo_runloop*2 ZMQbg/Reaper*2 ZMQbg/IO/0*2 pt_tcpstore_uv*1 cuda0000240000a*1 
2026-09-27T19:22:03+04:00	ck9k-nat-mirror-2	0	2916678	2916509	39	887672832	607232000	python3*33 ZMQbg/Reaper*3 ZMQbg/IO/0*3 
2026-09-27T19:22:13+04:00	ck9k-nat-mirror-2	0	2916488	363	2	27422720	6074368	uv*1 main2*1 
2026-09-27T19:22:13+04:00	ck9k-nat-mirror-2	0	2916509	2916488	39	904589312	622084096	ft*35 ZMQbg/Reaper*2 ZMQbg/IO/0*2 
2026-09-27T19:22:13+04:00	ck9k-nat-mirror-2	0	2916676	2916509	1	12767232	5939200	python3*1 
2026-09-27T19:22:13+04:00	ck9k-nat-mirror-2	0	2916677	2916509	45	17069694976	16451092480	python3*36 pt_gloo_runloop*2 ZMQbg/Reaper*2 ZMQbg/IO/0*2 pt_tcpstore_uv*1 cuda0000240000a*1 
2026-09-27T19:22:14+04:00	ck9k-nat-mirror-2	0	2916678	2916509	39	887803904	607363072	python3*33 ZMQbg/Reaper*3 ZMQbg/IO/0*3 
2026-09-27T19:22:24+04:00	ck9k-nat-mirror-2	0	2916488	363	2	27422720	6074368	uv*1 main2*1 
2026-09-27T19:22:24+04:00	ck9k-nat-mirror-2	0	2916509	2916488	39	904589312	622084096	ft*35 ZMQbg/Reaper*2 ZMQbg/IO/0*2 
2026-09-27T19:22:24+04:00	ck9k-nat-mirror-2	0	2916676	2916509	1	12767232	5939200	python3*1 
2026-09-27T19:22:24+04:00	ck9k-nat-mirror-2	0	2916677	2916509	45	17069694976	16451092480	python3*36 pt_gloo_runloop*2 ZMQbg/Reaper*2 ZMQbg/IO/0*2 pt_tcpstore_uv*1 cuda0000240000a*1 
2026-09-27T19:22:24+04:00	ck9k-nat-mirror-2	0	2916678	2916509	39	887803904	607363072	python3*33 ZMQbg/Reaper*3 ZMQbg/IO/0*3 
2026-09-27T19:22:36+04:00	ck9k-nat-mirror-2	2	2916488	363	2	27422720	6074368	uv*1 main2*1 
2026-09-27T19:22:36+04:00	ck9k-nat-mirror-2	2	2916509	2916488	39	989376512	706871296	ft*35 ZMQbg/Reaper*2 ZMQbg/IO/0*2 
2026-09-27T19:22:36+04:00	ck9k-nat-mirror-2	2	2916676	2916509	1	12767232	5939200	python3*1 
2026-09-27T19:22:36+04:00	ck9k-nat-mirror-2	2	2916677	2916509	45	17075568640	16456413184	python3*36 pt_gloo_runloop*2 ZMQbg/Reaper*2 ZMQbg/IO/0*2 pt_tcpstore_uv*1 cuda0000240000a*1 
2026-09-27T19:22:36+04:00	ck9k-nat-mirror-2	2	2916678	2916509	39	887865344	607424512	python3*33 ZMQbg/Reaper*3 ZMQbg/IO/0*3 
2026-09-27T19:22:46+04:00	ck9k-nat-mirror-2	2	2916488	363	2	27422720	6074368	uv*1 main2*1 
2026-09-27T19:22:46+04:00	ck9k-nat-mirror-2	2	2916509	2916488	39	989810688	707309568	ft*35 ZMQbg/Reaper*2 ZMQbg/IO/0*2 
2026-09-27T19:22:46+04:00	ck9k-nat-mirror-2	2	2916676	2916509	1	12767232	5939200	python3*1 
2026-09-27T19:22:46+04:00	ck9k-nat-mirror-2	2	2916677	2916509	45	17075568640	16456413184	python3*36 pt_gloo_runloop*2 ZMQbg/Reaper*2 ZMQbg/IO/0*2 pt_tcpstore_uv*1 cuda0000240000a*1 
2026-09-27T19:22:46+04:00	ck9k-nat-mirror-2	2	2916678	2916509	39	887865344	607424512	python3*33 ZMQbg/Reaper*3 ZMQbg/IO/0*3 
2026-09-27T19:22:57+04:00	ck9k-nat-mirror-2	2	2916488	363	2	27422720	6074368	uv*1 main2*1 
2026-09-27T19:22:57+04:00	ck9k-nat-mirror-2	2	2916509	2916488	39	989982720	707477504	ft*35 ZMQbg/Reaper*2 ZMQbg/IO/0*2 
2026-09-27T19:22:57+04:00	ck9k-nat-mirror-2	2	2916676	2916509	1	12767232	5939200	python3*1 
2026-09-27T19:22:57+04:00	ck9k-nat-mirror-2	2	2916677	2916509	45	17075568640	16456413184	python3*36 pt_gloo_runloop*2 ZMQbg/Reaper*2 ZMQbg/IO/0*2 pt_tcpstore_uv*1 cuda0000240000a*1 
2026-09-27T19:22:57+04:00	ck9k-nat-mirror-2	2	2916678	2916509	39	887865344	607424512	python3*33 ZMQbg/Reaper*3 ZMQbg/IO/0*3 
2026-09-27T19:23:09+04:00	ck9k-nat-mirror-2	2	2916488	363	2	27422720	6074368	uv*1 main2*1 
2026-09-27T19:23:09+04:00	ck9k-nat-mirror-2	2	2916509	2916488	39	989995008	707489792	ft*35 ZMQbg/Reaper*2 ZMQbg/IO/0*2 
2026-09-27T19:23:09+04:00	ck9k-nat-mirror-2	2	2916676	2916509	1	12767232	5939200	python3*1 
2026-09-27T19:23:09+04:00	ck9k-nat-mirror-2	2	2916677	2916509	45	17075568640	16456413184	python3*36 pt_gloo_runloop*2 ZMQbg/Reaper*2 ZMQbg/IO/0*2 pt_tcpstore_uv*1 cuda0000240000a*1 
2026-09-27T19:23:09+04:00	ck9k-nat-mirror-2	2	2916678	2916509	39	887865344	607424512	python3*33 ZMQbg/Reaper*3 ZMQbg/IO/0*3 
2026-09-27T19:23:19+04:00	ck9k-nat-mirror-2	2	2916488	363	2	27422720	6074368	uv*1 main2*1 
2026-09-27T19:23:19+04:00	ck9k-nat-mirror-2	2	2916509	2916488	39	990142464	707637248	ft*35 ZMQbg/Reaper*2 ZMQbg/IO/0*2 
2026-09-27T19:23:19+04:00	ck9k-nat-mirror-2	2	2916676	2916509	1	12767232	5939200	python3*1 
2026-09-27T19:23:19+04:00	ck9k-nat-mirror-2	2	2916677	2916509	45	17075568640	16456413184	python3*36 pt_gloo_runloop*2 ZMQbg/Reaper*2 ZMQbg/IO/0*2 pt_tcpstore_uv*1 cuda0000240000a*1 
2026-09-27T19:23:19+04:00	ck9k-nat-mirror-2	2	2916678	2916509	39	887865344	607424512	python3*33 ZMQbg/Reaper*3 ZMQbg/IO/0*3 
2026-09-27T19:23:29+04:00	ck9k-nat-mirror-2	2	2916488	363	2	27422720	6074368	uv*1 main2*1 
2026-09-27T19:23:29+04:00	ck9k-nat-mirror-2	2	2916509	2916488	39	990146560	707641344	ft*35 ZMQbg/Reaper*2 ZMQbg/IO/0*2 
2026-09-27T19:23:29+04:00	ck9k-nat-mirror-2	2	2916676	2916509	1	12767232	5939200	python3*1 
2026-09-27T19:23:29+04:00	ck9k-nat-mirror-2	2	2916677	2916509	45	17075568640	16456413184	python3*36 pt_gloo_runloop*2 ZMQbg/Reaper*2 ZMQbg/IO/0*2 pt_tcpstore_uv*1 cuda0000240000a*1 
2026-09-27T19:23:29+04:00	ck9k-nat-mirror-2	2	2916678	2916509	39	887865344	607424512	python3*33 ZMQbg/Reaper*3 ZMQbg/IO/0*3 
2026-09-27T19:23:42+04:00	ck9k-nat-mirror-2	2	2916488	363	2	27422720	6074368	uv*1 main2*1 
2026-09-27T19:23:42+04:00	ck9k-nat-mirror-2	2	2916509	2916488	39	990216192	707710976	ft*35 ZMQbg/Reaper*2 ZMQbg/IO/0*2 
2026-09-27T19:23:42+04:00	ck9k-nat-mirror-2	2	2916676	2916509	1	12767232	5939200	python3*1 
2026-09-27T19:23:42+04:00	ck9k-nat-mirror-2	2	2916677	2916509	45	17075568640	16456413184	python3*36 pt_gloo_runloop*2 ZMQbg/Reaper*2 ZMQbg/IO/0*2 pt_tcpstore_uv*1 cuda0000240000a*1 
2026-09-27T19:23:42+04:00	ck9k-nat-mirror-2	2	2916678	2916509	39	887865344	607424512	python3*33 ZMQbg/Reaper*3 ZMQbg/IO/0*3 
2026-09-27T19:23:52+04:00	ck9k-nat-mirror-2	2	2916488	363	2	27422720	6074368	uv*1 main2*1 
2026-09-27T19:23:52+04:00	ck9k-nat-mirror-2	2	2916509	2916488	39	990216192	707710976	ft*35 ZMQbg/Reaper*2 ZMQbg/IO/0*2 
2026-09-27T19:23:52+04:00	ck9k-nat-mirror-2	2	2916676	2916509	1	12767232	5939200	python3*1 
2026-09-27T19:23:52+04:00	ck9k-nat-mirror-2	2	2916677	2916509	45	17075568640	16456413184	python3*36 pt_gloo_runloop*2 ZMQbg/Reaper*2 ZMQbg/IO/0*2 pt_tcpstore_uv*1 cuda0000240000a*1 
2026-09-27T19:23:52+04:00	ck9k-nat-mirror-2	2	2916678	2916509	39	887865344	607424512	python3*33 ZMQbg/Reaper*3 ZMQbg/IO/0*3 
2026-09-27T19:24:02+04:00	ck9k-nat-mirror-2	2	2916488	363	2	27422720	6074368	uv*1 main2*1 
2026-09-27T19:24:02+04:00	ck9k-nat-mirror-2	2	2916509	2916488	39	990793728	708288512	ft*35 ZMQbg/Reaper*2 ZMQbg/IO/0*2 
2026-09-27T19:24:02+04:00	ck9k-nat-mirror-2	2	2916676	2916509	1	12767232	5939200	python3*1 
2026-09-27T19:24:02+04:00	ck9k-nat-mirror-2	2	2916677	2916509	45	17075679232	16456462336	python3*36 pt_gloo_runloop*2 ZMQbg/Reaper*2 ZMQbg/IO/0*2 pt_tcpstore_uv*1 cuda0000240000a*1 
2026-09-27T19:24:02+04:00	ck9k-nat-mirror-2	2	2916678	2916509	42	888111104	607670272	python3*34 ZMQbg/Reaper*4 ZMQbg/IO/0*4 
2026-09-27T19:24:15+04:00	ck9k-nat-mirror-2	2	2916488	363	2	27422720	6074368	uv*1 main2*1 
2026-09-27T19:24:15+04:00	ck9k-nat-mirror-2	2	2916509	2916488	39	990793728	708288512	ft*35 ZMQbg/Reaper*2 ZMQbg/IO/0*2 
2026-09-27T19:24:15+04:00	ck9k-nat-mirror-2	2	2916676	2916509	1	12767232	5939200	python3*1 
2026-09-27T19:24:15+04:00	ck9k-nat-mirror-2	2	2916677	2916509	45	17075679232	16456462336	python3*36 pt_gloo_runloop*2 ZMQbg/Reaper*2 ZMQbg/IO/0*2 pt_tcpstore_uv*1 cuda0000240000a*1 
2026-09-27T19:24:15+04:00	ck9k-nat-mirror-2	2	2916678	2916509	42	888111104	607670272	python3*34 ZMQbg/Reaper*4 ZMQbg/IO/0*4 
2026-09-27T19:24:25+04:00	ck9k-nat-mirror-2	2	2916488	363	2	27422720	6074368	uv*1 main2*1 
2026-09-27T19:24:25+04:00	ck9k-nat-mirror-2	2	2916509	2916488	39	990797824	708292608	ft*35 ZMQbg/Reaper*2 ZMQbg/IO/0*2 
2026-09-27T19:24:25+04:00	ck9k-nat-mirror-2	2	2916676	2916509	1	12767232	5939200	python3*1 
2026-09-27T19:24:25+04:00	ck9k-nat-mirror-2	2	2916677	2916509	45	17075679232	16456462336	python3*36 pt_gloo_runloop*2 ZMQbg/Reaper*2 ZMQbg/IO/0*2 pt_tcpstore_uv*1 cuda0000240000a*1 
2026-09-27T19:24:25+04:00	ck9k-nat-mirror-2	2	2916678	2916509	42	888111104	607670272	python3*34 ZMQbg/Reaper*4 ZMQbg/IO/0*4 
2026-09-27T19:25:17+04:00	ck9k-replay	0	2929687	363	3	26746880	6045696	uv*1 tokio-rt-worker*1 main2*1 
2026-09-27T19:25:17+04:00	ck9k-replay	0	2929704	2929687	22	702472192	422842368	ft*18 ZMQbg/Reaper*2 ZMQbg/IO/0*2 
2026-09-27T19:25:17+04:00	ck9k-replay	0	2929746	2929704	1	12697600	5939200	python3*1 
2026-09-27T19:25:17+04:00	ck9k-replay	0	2929747	2929704	41	3147546624	966647808	python3*36 pt_gloo_runloop*2 pt_tcpstore_uv*1 cuda0000240000a*1 cuda-EvtHandlr*1 
2026-09-27T19:25:17+04:00	ck9k-replay	0	2929748	2929704	23	885403648	607346688	python3*17 ZMQbg/Reaper*3 ZMQbg/IO/0*3 
2026-09-27T19:25:30+04:00	ck9k-replay	0	2929687	363	2	26877952	6045696	uv*1 main2*1 
2026-09-27T19:25:30+04:00	ck9k-replay	0	2929704	2929687	22	702480384	422850560	ft*18 ZMQbg/Reaper*2 ZMQbg/IO/0*2 
2026-09-27T19:25:30+04:00	ck9k-replay	0	2929746	2929704	1	12697600	5939200	python3*1 
2026-09-27T19:25:30+04:00	ck9k-replay	0	2929747	2929704	41	14276071424	987537408	python3*36 pt_gloo_runloop*2 pt_tcpstore_uv*1 cuda0000240000a*1 cuda-EvtHandlr*1 
2026-09-27T19:25:30+04:00	ck9k-replay	0	2929748	2929704	23	885403648	607346688	python3*17 ZMQbg/Reaper*3 ZMQbg/IO/0*3 
2026-09-27T19:25:40+04:00	ck9k-replay	0	2929687	363	2	24014848	6045696	uv*1 main2*1 
2026-09-27T19:25:40+04:00	ck9k-replay	0	2929704	2929687	22	621314048	422858752	ft*18 ZMQbg/Reaper*2 ZMQbg/IO/0*2 
2026-09-27T19:25:40+04:00	ck9k-replay	0	2929746	2929704	1	12677120	5939200	python3*1 
2026-09-27T19:25:40+04:00	ck9k-replay	0	2929747	2929704	41	23594680320	1179222016	python3*36 pt_gloo_runloop*2 pt_tcpstore_uv*1 cuda0000240000a*1 cuda-EvtHandlr*1 
2026-09-27T19:25:40+04:00	ck9k-replay	0	2929748	2929704	23	804614144	607346688	python3*17 ZMQbg/Reaper*3 ZMQbg/IO/0*3 
2026-09-27T19:25:50+04:00	ck9k-replay	0	2929687	363	2	24014848	6045696	uv*1 main2*1 
2026-09-27T19:25:50+04:00	ck9k-replay	0	2929704	2929687	39	826056704	621248512	ft*35 ZMQbg/Reaper*2 ZMQbg/IO/0*2 
2026-09-27T19:25:50+04:00	ck9k-replay	0	2929746	2929704	1	12677120	5939200	python3*1 
2026-09-27T19:25:50+04:00	ck9k-replay	0	2929747	2929704	45	22794924032	1985765376	python3*36 pt_gloo_runloop*2 ZMQbg/Reaper*2 ZMQbg/IO/0*2 pt_tcpstore_uv*1 cuda0000240000a*1 
2026-09-27T19:25:51+04:00	ck9k-replay	0	2929748	2929704	39	809308160	608161792	python3*33 ZMQbg/Reaper*3 ZMQbg/IO/0*3 
2026-09-27T19:26:03+04:00	ck9k-replay	0	2929687	363	2	24014848	6045696	uv*1 main2*1 
2026-09-27T19:26:03+04:00	ck9k-replay	0	2929704	2929687	39	826056704	621248512	ft*35 ZMQbg/Reaper*2 ZMQbg/IO/0*2 
2026-09-27T19:26:03+04:00	ck9k-replay	0	2929746	2929704	1	12677120	5939200	python3*1 
2026-09-27T19:26:03+04:00	ck9k-replay	0	2929747	2929704	45	22794924032	1985765376	python3*36 pt_gloo_runloop*2 ZMQbg/Reaper*2 ZMQbg/IO/0*2 pt_tcpstore_uv*1 cuda0000240000a*1 
2026-09-27T19:26:03+04:00	ck9k-replay	0	2929748	2929704	39	809308160	608161792	python3*33 ZMQbg/Reaper*3 ZMQbg/IO/0*3 
2026-09-27T19:26:13+04:00	ck9k-replay	1	2929687	363	2	24014848	6045696	uv*1 main2*1 
2026-09-27T19:26:13+04:00	ck9k-replay	1	2929704	2929687	39	826134528	621326336	ft*35 ZMQbg/Reaper*2 ZMQbg/IO/0*2 
2026-09-27T19:26:13+04:00	ck9k-replay	1	2929746	2929704	1	12677120	5939200	python3*1 
2026-09-27T19:26:13+04:00	ck9k-replay	1	2929747	2929704	45	22795022336	1985863680	python3*36 pt_gloo_runloop*2 ZMQbg/Reaper*2 ZMQbg/IO/0*2 pt_tcpstore_uv*1 cuda0000240000a*1 
2026-09-27T19:26:14+04:00	ck9k-replay	1	2929748	2929704	39	809340928	608194560	python3*33 ZMQbg/Reaper*3 ZMQbg/IO/0*3 
2026-09-27T19:26:24+04:00	ck9k-replay	2	2929687	363	2	24014848	6045696	uv*1 main2*1 
2026-09-27T19:26:24+04:00	ck9k-replay	2	2929704	2929687	42	827650048	622723072	ft*36 ZMQbg/Reaper*3 ZMQbg/IO/0*3 
2026-09-27T19:26:24+04:00	ck9k-replay	2	2929746	2929704	1	12677120	5939200	python3*1 
2026-09-27T19:26:24+04:00	ck9k-replay	2	2929747	2929704	45	22811893760	1997144064	python3*36 pt_gloo_runloop*2 ZMQbg/Reaper*2 ZMQbg/IO/0*2 pt_tcpstore_uv*1 cuda0000240000a*1 
2026-09-27T19:26:24+04:00	ck9k-replay	2	2929748	2929704	57	809824256	608657408	python3*49 ZMQbg/Reaper*4 ZMQbg/IO/0*4 
2026-09-27T19:26:36+04:00	ck9k-replay	2	2929687	363	2	24010752	6045696	uv*1 main2*1 
2026-09-27T19:26:36+04:00	ck9k-replay	2	2929704	2929687	57	827166720	623890432	ft*51 ZMQbg/Reaper*3 ZMQbg/IO/0*3 
2026-09-27T19:26:36+04:00	ck9k-replay	2	2929746	2929704	1	12677120	5939200	python3*1 
2026-09-27T19:26:36+04:00	ck9k-replay	2	2929747	2929704	45	23663579136	2804432896	python3*36 pt_gloo_runloop*2 ZMQbg/Reaper*2 ZMQbg/IO/0*2 pt_tcpstore_uv*1 cuda0000240000a*1 
2026-09-27T19:26:37+04:00	ck9k-replay	2	2929748	2929704	57	808062976	608661504	python3*49 ZMQbg/Reaper*4 ZMQbg/IO/0*4 
2026-09-27T19:26:47+04:00	ck9k-replay	2	2929687	363	2	23973888	6045696	uv*1 main2*1 
2026-09-27T19:26:47+04:00	ck9k-replay	2	2929704	2929687	57	832466944	629907456	ft*51 ZMQbg/Reaper*3 ZMQbg/IO/0*3 
2026-09-27T19:26:47+04:00	ck9k-replay	2	2929746	2929704	1	12677120	5939200	python3*1 
2026-09-27T19:26:47+04:00	ck9k-replay	2	2929747	2929704	45	23794814976	2932531200	python3*36 pt_gloo_runloop*2 ZMQbg/Reaper*2 ZMQbg/IO/0*2 pt_tcpstore_uv*1 cuda0000240000a*1 
2026-09-27T19:26:47+04:00	ck9k-replay	2	2929748	2929704	57	807223296	608665600	python3*49 ZMQbg/Reaper*4 ZMQbg/IO/0*4 
