ts	unit	probes_done	pid	ppid	threads	rss	anon	thread_names
2026-09-25T15:11:37+04:00	ck4g-mirror-1m	0	556434	488	3	28143616	6021120	uv*1 tokio-rt-worker*1 main2*1 
2026-09-25T15:11:37+04:00	ck4g-mirror-1m	0	556450	556434	22	705261568	431861760	ft*18 ZMQbg/Reaper*2 ZMQbg/IO/0*2 
2026-09-25T15:11:37+04:00	ck4g-mirror-1m	0	556607	556450	1	12734464	5943296	python3*1 
2026-09-25T15:11:37+04:00	ck4g-mirror-1m	0	556608	556450	16	528039936	305917952	python3*16 
2026-09-25T15:11:37+04:00	ck4g-mirror-1m	0	556609	556450	16	527974400	305876992	python3*16 
2026-09-25T15:11:48+04:00	ck4g-mirror-1m	0	556434	488	2	18489344	6021120	uv*1 main2*1 
2026-09-25T15:11:48+04:00	ck4g-mirror-1m	0	556450	556434	22	677904384	431902720	ft*18 ZMQbg/Reaper*2 ZMQbg/IO/0*2 
2026-09-25T15:11:48+04:00	ck4g-mirror-1m	0	556607	556450	1	12722176	5943296	python3*1 
2026-09-25T15:11:48+04:00	ck4g-mirror-1m	0	556608	556450	25	12888735744	11062280192	python3*20 pt_gloo_runloop*2 pt_tcpstore_uv*1 cuda0000240000a*1 cuda-EvtHandlr*1 
2026-09-25T15:11:49+04:00	ck4g-mirror-1m	0	556609	556450	23	879362048	629698560	python3*17 ZMQbg/Reaper*3 ZMQbg/IO/0*3 
2026-09-25T15:11:49+04:00	ck4g-mirror-1m	0	557233	556608	1	4141056	241664	ninja*1 
2026-09-25T15:11:49+04:00	ck4g-mirror-1m	0	557234	557233	1	1937408	106496	sh*1 
2026-09-25T15:11:49+04:00	ck4g-mirror-1m	0	557235	557234	1	2863104	172032	c++*1 
2026-09-25T15:11:49+04:00	ck4g-mirror-1m	0	557236	557235	1	623058944	605949952	cc1plus*1 
2026-09-25T15:11:59+04:00	ck4g-mirror-1m	0	556434	488	2	18489344	6021120	uv*1 main2*1 
2026-09-25T15:11:59+04:00	ck4g-mirror-1m	0	556450	556434	22	678039552	431906816	ft*18 ZMQbg/Reaper*2 ZMQbg/IO/0*2 
2026-09-25T15:11:59+04:00	ck4g-mirror-1m	0	556607	556450	1	12722176	5943296	python3*1 
2026-09-25T15:11:59+04:00	ck4g-mirror-1m	0	556608	556450	25	12906487808	11069923328	python3*20 pt_gloo_runloop*2 pt_tcpstore_uv*1 cuda0000240000a*1 cuda-EvtHandlr*1 
2026-09-25T15:11:59+04:00	ck4g-mirror-1m	0	556609	556450	23	879362048	629698560	python3*17 ZMQbg/Reaper*3 ZMQbg/IO/0*3 
2026-09-25T15:12:09+04:00	ck4g-mirror-1m	0	556434	488	2	18489344	6021120	uv*1 main2*1 
2026-09-25T15:12:09+04:00	ck4g-mirror-1m	0	556450	556434	22	678039552	431906816	ft*18 ZMQbg/Reaper*2 ZMQbg/IO/0*2 
2026-09-25T15:12:09+04:00	ck4g-mirror-1m	0	556607	556450	1	12722176	5943296	python3*1 
2026-09-25T15:12:09+04:00	ck4g-mirror-1m	0	556608	556450	26	12996886528	11156217856	python3*21 pt_gloo_runloop*2 pt_tcpstore_uv*1 cuda0000240000a*1 cuda-EvtHandlr*1 
2026-09-25T15:12:09+04:00	ck4g-mirror-1m	0	556609	556450	23	879362048	629698560	python3*17 ZMQbg/Reaper*3 ZMQbg/IO/0*3 
2026-09-25T15:12:21+04:00	ck4g-mirror-1m	0	556434	488	2	18489344	6021120	uv*1 main2*1 
2026-09-25T15:12:21+04:00	ck4g-mirror-1m	0	556450	556434	22	678039552	431906816	ft*18 ZMQbg/Reaper*2 ZMQbg/IO/0*2 
2026-09-25T15:12:21+04:00	ck4g-mirror-1m	0	556607	556450	1	12722176	5943296	python3*1 
2026-09-25T15:12:21+04:00	ck4g-mirror-1m	0	556608	556450	26	12346929152	11797553152	python3*21 pt_gloo_runloop*2 pt_tcpstore_uv*1 cuda0000240000a*1 cuda-EvtHandlr*1 
2026-09-25T15:12:21+04:00	ck4g-mirror-1m	0	556609	556450	23	879362048	629698560	python3*17 ZMQbg/Reaper*3 ZMQbg/IO/0*3 
2026-09-25T15:12:31+04:00	ck4g-mirror-1m	0	556434	488	2	18489344	6021120	uv*1 main2*1 
2026-09-25T15:12:31+04:00	ck4g-mirror-1m	0	556450	556434	22	678039552	431906816	ft*18 ZMQbg/Reaper*2 ZMQbg/IO/0*2 
2026-09-25T15:12:31+04:00	ck4g-mirror-1m	0	556607	556450	1	12722176	5943296	python3*1 
2026-09-25T15:12:31+04:00	ck4g-mirror-1m	0	556608	556450	26	12346929152	11797553152	python3*21 pt_gloo_runloop*2 pt_tcpstore_uv*1 cuda0000240000a*1 cuda-EvtHandlr*1 
2026-09-25T15:12:31+04:00	ck4g-mirror-1m	0	556609	556450	23	879362048	629698560	python3*17 ZMQbg/Reaper*3 ZMQbg/IO/0*3 
2026-09-25T15:12:41+04:00	ck4g-mirror-1m	0	556434	488	2	18489344	6021120	uv*1 main2*1 
2026-09-25T15:12:41+04:00	ck4g-mirror-1m	0	556450	556434	22	678039552	431906816	ft*18 ZMQbg/Reaper*2 ZMQbg/IO/0*2 
2026-09-25T15:12:41+04:00	ck4g-mirror-1m	0	556607	556450	1	12722176	5943296	python3*1 
2026-09-25T15:12:41+04:00	ck4g-mirror-1m	0	556608	556450	26	12632018944	12073222144	python3*21 pt_gloo_runloop*2 pt_tcpstore_uv*1 cuda0000240000a*1 cuda-EvtHandlr*1 
2026-09-25T15:12:41+04:00	ck4g-mirror-1m	0	556609	556450	23	879362048	629698560	python3*17 ZMQbg/Reaper*3 ZMQbg/IO/0*3 
2026-09-25T15:12:51+04:00	ck4g-mirror-1m	0	556434	488	2	18489344	6021120	uv*1 main2*1 
2026-09-25T15:12:51+04:00	ck4g-mirror-1m	0	556450	556434	39	924774400	672911360	ft*35 ZMQbg/Reaper*2 ZMQbg/IO/0*2 
2026-09-25T15:12:52+04:00	ck4g-mirror-1m	0	556607	556450	1	12722176	5943296	python3*1 
2026-09-25T15:12:52+04:00	ck4g-mirror-1m	0	556608	556450	30	12876242944	12311678976	python3*21 pt_gloo_runloop*2 ZMQbg/Reaper*2 ZMQbg/IO/0*2 pt_tcpstore_uv*1 cuda0000240000a*1 
2026-09-25T15:12:52+04:00	ck4g-mirror-1m	0	556609	556450	39	883216384	630181888	python3*33 ZMQbg/Reaper*3 ZMQbg/IO/0*3 
2026-09-25T15:12:52+04:00	ck4g-mirror-1m	0	561128	556608	1	4534272	503808	ninja*1 
2026-09-25T15:12:52+04:00	ck4g-mirror-1m	0	561129	561128	1	1937408	106496	sh*1 
2026-09-25T15:12:52+04:00	ck4g-mirror-1m	0	561130	561129	1	2768896	172032	c++*1 
2026-09-25T15:12:52+04:00	ck4g-mirror-1m	0	561131	561130	1	168763392	148996096	cc1plus*1 
2026-09-25T15:13:03+04:00	ck4g-mirror-1m	0	556434	488	2	18489344	6021120	uv*1 main2*1 
2026-09-25T15:13:03+04:00	ck4g-mirror-1m	0	556450	556434	39	924782592	672919552	ft*35 ZMQbg/Reaper*2 ZMQbg/IO/0*2 
2026-09-25T15:13:03+04:00	ck4g-mirror-1m	0	556607	556450	1	12722176	5943296	python3*1 
2026-09-25T15:13:03+04:00	ck4g-mirror-1m	0	556608	556450	30	12877152256	12311707648	python3*21 pt_gloo_runloop*2 ZMQbg/Reaper*2 ZMQbg/IO/0*2 pt_tcpstore_uv*1 cuda0000240000a*1 
2026-09-25T15:13:03+04:00	ck4g-mirror-1m	0	556609	556450	39	883224576	630190080	python3*33 ZMQbg/Reaper*3 ZMQbg/IO/0*3 
2026-09-25T15:13:14+04:00	ck4g-mirror-1m	0	556434	488	2	18489344	6021120	uv*1 main2*1 
2026-09-25T15:13:14+04:00	ck4g-mirror-1m	0	556450	556434	39	924782592	672919552	ft*35 ZMQbg/Reaper*2 ZMQbg/IO/0*2 
2026-09-25T15:13:14+04:00	ck4g-mirror-1m	0	556607	556450	1	12722176	5943296	python3*1 
2026-09-25T15:13:14+04:00	ck4g-mirror-1m	0	556608	556450	30	12877152256	12311707648	python3*21 pt_gloo_runloop*2 ZMQbg/Reaper*2 ZMQbg/IO/0*2 pt_tcpstore_uv*1 cuda0000240000a*1 
2026-09-25T15:13:14+04:00	ck4g-mirror-1m	0	556609	556450	39	883224576	630190080	python3*33 ZMQbg/Reaper*3 ZMQbg/IO/0*3 
2026-09-25T15:13:24+04:00	ck4g-mirror-1m	1	556434	488	2	18489344	6021120	uv*1 main2*1 
2026-09-25T15:13:24+04:00	ck4g-mirror-1m	1	556450	556434	57	1107755008	855777280	ft*51 ZMQbg/Reaper*3 ZMQbg/IO/0*3 
2026-09-25T15:13:24+04:00	ck4g-mirror-1m	1	556607	556450	1	12722176	5943296	python3*1 
2026-09-25T15:13:24+04:00	ck4g-mirror-1m	1	556608	556450	30	12881125376	12315680768	python3*21 pt_gloo_runloop*2 ZMQbg/Reaper*2 ZMQbg/IO/0*2 pt_tcpstore_uv*1 cuda0000240000a*1 
2026-09-25T15:13:24+04:00	ck4g-mirror-1m	1	556609	556450	57	1216217088	963129344	python3*49 ZMQbg/Reaper*4 ZMQbg/IO/0*4 
2026-09-25T15:13:36+04:00	ck4g-mirror-1m	1	556434	488	2	18489344	6021120	uv*1 main2*1 
2026-09-25T15:13:36+04:00	ck4g-mirror-1m	1	556450	556434	57	1107755008	855777280	ft*51 ZMQbg/Reaper*3 ZMQbg/IO/0*3 
2026-09-25T15:13:36+04:00	ck4g-mirror-1m	1	556607	556450	1	12722176	5943296	python3*1 
2026-09-25T15:13:36+04:00	ck4g-mirror-1m	1	556608	556450	30	12881125376	12315680768	python3*21 pt_gloo_runloop*2 ZMQbg/Reaper*2 ZMQbg/IO/0*2 pt_tcpstore_uv*1 cuda0000240000a*1 
2026-09-25T15:13:36+04:00	ck4g-mirror-1m	1	556609	556450	57	1216217088	963129344	python3*49 ZMQbg/Reaper*4 ZMQbg/IO/0*4 
2026-09-25T15:13:46+04:00	ck4g-mirror-1m	1	556434	488	2	18489344	6021120	uv*1 main2*1 
2026-09-25T15:13:46+04:00	ck4g-mirror-1m	1	556450	556434	57	1107755008	855777280	ft*51 ZMQbg/Reaper*3 ZMQbg/IO/0*3 
2026-09-25T15:13:46+04:00	ck4g-mirror-1m	1	556607	556450	1	12722176	5943296	python3*1 
2026-09-25T15:13:46+04:00	ck4g-mirror-1m	1	556608	556450	30	12881125376	12315680768	python3*21 pt_gloo_runloop*2 ZMQbg/Reaper*2 ZMQbg/IO/0*2 pt_tcpstore_uv*1 cuda0000240000a*1 
2026-09-25T15:13:46+04:00	ck4g-mirror-1m	1	556609	556450	57	1216217088	963129344	python3*49 ZMQbg/Reaper*4 ZMQbg/IO/0*4 
2026-09-25T15:13:56+04:00	ck4g-mirror-1m	1	556434	488	2	18489344	6021120	uv*1 main2*1 
2026-09-25T15:13:56+04:00	ck4g-mirror-1m	1	556450	556434	57	1107755008	855777280	ft*51 ZMQbg/Reaper*3 ZMQbg/IO/0*3 
2026-09-25T15:13:56+04:00	ck4g-mirror-1m	1	556607	556450	1	12722176	5943296	python3*1 
2026-09-25T15:13:56+04:00	ck4g-mirror-1m	1	556608	556450	30	12881125376	12315680768	python3*21 pt_gloo_runloop*2 ZMQbg/Reaper*2 ZMQbg/IO/0*2 pt_tcpstore_uv*1 cuda0000240000a*1 
2026-09-25T15:13:56+04:00	ck4g-mirror-1m	1	556609	556450	57	1216217088	963129344	python3*49 ZMQbg/Reaper*4 ZMQbg/IO/0*4 
2026-09-25T15:14:08+04:00	ck4g-mirror-1m	1	556434	488	2	18489344	6021120	uv*1 main2*1 
2026-09-25T15:14:08+04:00	ck4g-mirror-1m	1	556450	556434	57	1107755008	855777280	ft*51 ZMQbg/Reaper*3 ZMQbg/IO/0*3 
2026-09-25T15:14:08+04:00	ck4g-mirror-1m	1	556607	556450	1	12722176	5943296	python3*1 
2026-09-25T15:14:08+04:00	ck4g-mirror-1m	1	556608	556450	30	12881125376	12315680768	python3*21 pt_gloo_runloop*2 ZMQbg/Reaper*2 ZMQbg/IO/0*2 pt_tcpstore_uv*1 cuda0000240000a*1 
2026-09-25T15:14:08+04:00	ck4g-mirror-1m	1	556609	556450	57	1216217088	963129344	python3*49 ZMQbg/Reaper*4 ZMQbg/IO/0*4 
2026-09-25T15:14:18+04:00	ck4g-mirror-1m	1	556434	488	2	18489344	6021120	uv*1 main2*1 
2026-09-25T15:14:18+04:00	ck4g-mirror-1m	1	556450	556434	57	1107755008	855777280	ft*51 ZMQbg/Reaper*3 ZMQbg/IO/0*3 
2026-09-25T15:14:18+04:00	ck4g-mirror-1m	1	556607	556450	1	12722176	5943296	python3*1 
2026-09-25T15:14:18+04:00	ck4g-mirror-1m	1	556608	556450	30	12881129472	12315680768	python3*21 pt_gloo_runloop*2 ZMQbg/Reaper*2 ZMQbg/IO/0*2 pt_tcpstore_uv*1 cuda0000240000a*1 
2026-09-25T15:14:18+04:00	ck4g-mirror-1m	1	556609	556450	57	1216217088	963129344	python3*49 ZMQbg/Reaper*4 ZMQbg/IO/0*4 
2026-09-25T15:14:28+04:00	ck4g-mirror-1m	1	556434	488	2	18489344	6021120	uv*1 main2*1 
2026-09-25T15:14:28+04:00	ck4g-mirror-1m	1	556450	556434	57	1107755008	855777280	ft*51 ZMQbg/Reaper*3 ZMQbg/IO/0*3 
2026-09-25T15:14:28+04:00	ck4g-mirror-1m	1	556607	556450	1	12722176	5943296	python3*1 
2026-09-25T15:14:28+04:00	ck4g-mirror-1m	1	556608	556450	30	12881129472	12315680768	python3*21 pt_gloo_runloop*2 ZMQbg/Reaper*2 ZMQbg/IO/0*2 pt_tcpstore_uv*1 cuda0000240000a*1 
2026-09-25T15:14:28+04:00	ck4g-mirror-1m	1	556609	556450	57	1216217088	963129344	python3*49 ZMQbg/Reaper*4 ZMQbg/IO/0*4 
2026-09-25T15:14:40+04:00	ck4g-mirror-1m	1	556434	488	2	18489344	6021120	uv*1 main2*1 
2026-09-25T15:14:40+04:00	ck4g-mirror-1m	1	556450	556434	57	1107755008	855777280	ft*51 ZMQbg/Reaper*3 ZMQbg/IO/0*3 
2026-09-25T15:14:40+04:00	ck4g-mirror-1m	1	556607	556450	1	12722176	5943296	python3*1 
2026-09-25T15:14:40+04:00	ck4g-mirror-1m	1	556608	556450	30	12881129472	12315680768	python3*21 pt_gloo_runloop*2 ZMQbg/Reaper*2 ZMQbg/IO/0*2 pt_tcpstore_uv*1 cuda0000240000a*1 
2026-09-25T15:14:40+04:00	ck4g-mirror-1m	1	556609	556450	57	1216217088	963129344	python3*49 ZMQbg/Reaper*4 ZMQbg/IO/0*4 
2026-09-25T15:14:50+04:00	ck4g-mirror-1m	1	556434	488	2	18489344	6021120	uv*1 main2*1 
2026-09-25T15:14:50+04:00	ck4g-mirror-1m	1	556450	556434	57	1107755008	855777280	ft*51 ZMQbg/Reaper*3 ZMQbg/IO/0*3 
2026-09-25T15:14:50+04:00	ck4g-mirror-1m	1	556607	556450	1	12722176	5943296	python3*1 
2026-09-25T15:14:50+04:00	ck4g-mirror-1m	1	556608	556450	30	12881129472	12315680768	python3*21 pt_gloo_runloop*2 ZMQbg/Reaper*2 ZMQbg/IO/0*2 pt_tcpstore_uv*1 cuda0000240000a*1 
2026-09-25T15:14:50+04:00	ck4g-mirror-1m	1	556609	556450	57	1216217088	963129344	python3*49 ZMQbg/Reaper*4 ZMQbg/IO/0*4 
2026-09-25T15:15:00+04:00	ck4g-mirror-1m	1	556434	488	2	18489344	6021120	uv*1 main2*1 
2026-09-25T15:15:00+04:00	ck4g-mirror-1m	1	556450	556434	57	1107759104	855781376	ft*51 ZMQbg/Reaper*3 ZMQbg/IO/0*3 
2026-09-25T15:15:00+04:00	ck4g-mirror-1m	1	556607	556450	1	12722176	5943296	python3*1 
2026-09-25T15:15:00+04:00	ck4g-mirror-1m	1	556608	556450	30	12881129472	12315680768	python3*21 pt_gloo_runloop*2 ZMQbg/Reaper*2 ZMQbg/IO/0*2 pt_tcpstore_uv*1 cuda0000240000a*1 
2026-09-25T15:15:00+04:00	ck4g-mirror-1m	1	556609	556450	57	1216217088	963129344	python3*49 ZMQbg/Reaper*4 ZMQbg/IO/0*4 
2026-09-25T15:15:12+04:00	ck4g-mirror-1m	1	556434	488	2	18489344	6021120	uv*1 main2*1 
2026-09-25T15:15:12+04:00	ck4g-mirror-1m	1	556450	556434	57	1107759104	855781376	ft*51 ZMQbg/Reaper*3 ZMQbg/IO/0*3 
2026-09-25T15:15:12+04:00	ck4g-mirror-1m	1	556607	556450	1	12722176	5943296	python3*1 
2026-09-25T15:15:12+04:00	ck4g-mirror-1m	1	556608	556450	30	12881129472	12315680768	python3*21 pt_gloo_runloop*2 ZMQbg/Reaper*2 ZMQbg/IO/0*2 pt_tcpstore_uv*1 cuda0000240000a*1 
2026-09-25T15:15:12+04:00	ck4g-mirror-1m	1	556609	556450	57	1216217088	963129344	python3*49 ZMQbg/Reaper*4 ZMQbg/IO/0*4 
2026-09-25T15:15:22+04:00	ck4g-mirror-1m	1	556434	488	2	18489344	6021120	uv*1 main2*1 
2026-09-25T15:15:22+04:00	ck4g-mirror-1m	1	556450	556434	57	1107759104	855781376	ft*51 ZMQbg/Reaper*3 ZMQbg/IO/0*3 
2026-09-25T15:15:22+04:00	ck4g-mirror-1m	1	556607	556450	1	12722176	5943296	python3*1 
2026-09-25T15:15:22+04:00	ck4g-mirror-1m	1	556608	556450	30	12881129472	12315680768	python3*21 pt_gloo_runloop*2 ZMQbg/Reaper*2 ZMQbg/IO/0*2 pt_tcpstore_uv*1 cuda0000240000a*1 
2026-09-25T15:15:22+04:00	ck4g-mirror-1m	1	556609	556450	57	1216217088	963129344	python3*49 ZMQbg/Reaper*4 ZMQbg/IO/0*4 
2026-09-25T15:15:32+04:00	ck4g-mirror-1m	1	556434	488	2	18489344	6021120	uv*1 main2*1 
2026-09-25T15:15:32+04:00	ck4g-mirror-1m	1	556450	556434	57	1107759104	855781376	ft*51 ZMQbg/Reaper*3 ZMQbg/IO/0*3 
2026-09-25T15:15:32+04:00	ck4g-mirror-1m	1	556607	556450	1	12722176	5943296	python3*1 
2026-09-25T15:15:32+04:00	ck4g-mirror-1m	1	556608	556450	30	12881129472	12315680768	python3*21 pt_gloo_runloop*2 ZMQbg/Reaper*2 ZMQbg/IO/0*2 pt_tcpstore_uv*1 cuda0000240000a*1 
2026-09-25T15:15:33+04:00	ck4g-mirror-1m	1	556609	556450	57	1216217088	963129344	python3*49 ZMQbg/Reaper*4 ZMQbg/IO/0*4 
2026-09-25T15:15:44+04:00	ck4g-mirror-1m	1	556434	488	2	18489344	6021120	uv*1 main2*1 
2026-09-25T15:15:44+04:00	ck4g-mirror-1m	1	556450	556434	57	1107759104	855781376	ft*51 ZMQbg/Reaper*3 ZMQbg/IO/0*3 
2026-09-25T15:15:44+04:00	ck4g-mirror-1m	1	556607	556450	1	12722176	5943296	python3*1 
2026-09-25T15:15:44+04:00	ck4g-mirror-1m	1	556608	556450	30	12881129472	12315680768	python3*21 pt_gloo_runloop*2 ZMQbg/Reaper*2 ZMQbg/IO/0*2 pt_tcpstore_uv*1 cuda0000240000a*1 
2026-09-25T15:15:44+04:00	ck4g-mirror-1m	1	556609	556450	57	1216217088	963129344	python3*49 ZMQbg/Reaper*4 ZMQbg/IO/0*4 
2026-09-25T15:15:54+04:00	ck4g-mirror-1m	1	556434	488	2	18489344	6021120	uv*1 main2*1 
2026-09-25T15:15:54+04:00	ck4g-mirror-1m	1	556450	556434	57	1107759104	855781376	ft*51 ZMQbg/Reaper*3 ZMQbg/IO/0*3 
2026-09-25T15:15:54+04:00	ck4g-mirror-1m	1	556607	556450	1	12722176	5943296	python3*1 
2026-09-25T15:15:54+04:00	ck4g-mirror-1m	1	556608	556450	30	12881129472	12315680768	python3*21 pt_gloo_runloop*2 ZMQbg/Reaper*2 ZMQbg/IO/0*2 pt_tcpstore_uv*1 cuda0000240000a*1 
2026-09-25T15:15:54+04:00	ck4g-mirror-1m	1	556609	556450	57	1216217088	963129344	python3*49 ZMQbg/Reaper*4 ZMQbg/IO/0*4 
2026-09-25T15:16:04+04:00	ck4g-mirror-1m	1	556434	488	2	18489344	6021120	uv*1 main2*1 
2026-09-25T15:16:04+04:00	ck4g-mirror-1m	1	556450	556434	57	1107759104	855781376	ft*51 ZMQbg/Reaper*3 ZMQbg/IO/0*3 
2026-09-25T15:16:04+04:00	ck4g-mirror-1m	1	556607	556450	1	12722176	5943296	python3*1 
2026-09-25T15:16:04+04:00	ck4g-mirror-1m	1	556608	556450	30	12881129472	12315680768	python3*21 pt_gloo_runloop*2 ZMQbg/Reaper*2 ZMQbg/IO/0*2 pt_tcpstore_uv*1 cuda0000240000a*1 
2026-09-25T15:16:05+04:00	ck4g-mirror-1m	1	556609	556450	57	1216217088	963129344	python3*49 ZMQbg/Reaper*4 ZMQbg/IO/0*4 
2026-09-25T15:16:16+04:00	ck4g-mirror-1m	1	556434	488	2	18489344	6021120	uv*1 main2*1 
2026-09-25T15:16:16+04:00	ck4g-mirror-1m	1	556450	556434	57	1107759104	855781376	ft*51 ZMQbg/Reaper*3 ZMQbg/IO/0*3 
2026-09-25T15:16:16+04:00	ck4g-mirror-1m	1	556607	556450	1	12722176	5943296	python3*1 
2026-09-25T15:16:16+04:00	ck4g-mirror-1m	1	556608	556450	30	12881129472	12315680768	python3*21 pt_gloo_runloop*2 ZMQbg/Reaper*2 ZMQbg/IO/0*2 pt_tcpstore_uv*1 cuda0000240000a*1 
2026-09-25T15:16:16+04:00	ck4g-mirror-1m	1	556609	556450	57	1216217088	963129344	python3*49 ZMQbg/Reaper*4 ZMQbg/IO/0*4 
2026-09-25T15:16:26+04:00	ck4g-mirror-1m	1	556434	488	2	18489344	6021120	uv*1 main2*1 
2026-09-25T15:16:26+04:00	ck4g-mirror-1m	1	556450	556434	57	1107759104	855781376	ft*51 ZMQbg/Reaper*3 ZMQbg/IO/0*3 
2026-09-25T15:16:26+04:00	ck4g-mirror-1m	1	556607	556450	1	12722176	5943296	python3*1 
2026-09-25T15:16:26+04:00	ck4g-mirror-1m	1	556608	556450	30	12881129472	12315680768	python3*21 pt_gloo_runloop*2 ZMQbg/Reaper*2 ZMQbg/IO/0*2 pt_tcpstore_uv*1 cuda0000240000a*1 
2026-09-25T15:16:26+04:00	ck4g-mirror-1m	1	556609	556450	57	1216217088	963129344	python3*49 ZMQbg/Reaper*4 ZMQbg/IO/0*4 
2026-09-25T15:16:37+04:00	ck4g-mirror-1m	1	556434	488	2	18489344	6021120	uv*1 main2*1 
2026-09-25T15:16:37+04:00	ck4g-mirror-1m	1	556450	556434	57	1107759104	855781376	ft*51 ZMQbg/Reaper*3 ZMQbg/IO/0*3 
2026-09-25T15:16:37+04:00	ck4g-mirror-1m	1	556607	556450	1	12722176	5943296	python3*1 
2026-09-25T15:16:37+04:00	ck4g-mirror-1m	1	556608	556450	30	12881129472	12315680768	python3*21 pt_gloo_runloop*2 ZMQbg/Reaper*2 ZMQbg/IO/0*2 pt_tcpstore_uv*1 cuda0000240000a*1 
2026-09-25T15:16:37+04:00	ck4g-mirror-1m	1	556609	556450	57	1216217088	963129344	python3*49 ZMQbg/Reaper*4 ZMQbg/IO/0*4 
2026-09-25T15:16:47+04:00	ck4g-mirror-1m	1	556434	488	2	18489344	6021120	uv*1 main2*1 
2026-09-25T15:16:47+04:00	ck4g-mirror-1m	1	556450	556434	57	1107759104	855781376	ft*51 ZMQbg/Reaper*3 ZMQbg/IO/0*3 
2026-09-25T15:16:47+04:00	ck4g-mirror-1m	1	556607	556450	1	12722176	5943296	python3*1 
2026-09-25T15:16:48+04:00	ck4g-mirror-1m	1	556608	556450	30	12881129472	12315680768	python3*21 pt_gloo_runloop*2 ZMQbg/Reaper*2 ZMQbg/IO/0*2 pt_tcpstore_uv*1 cuda0000240000a*1 
2026-09-25T15:16:48+04:00	ck4g-mirror-1m	1	556609	556450	57	1216217088	963129344	python3*49 ZMQbg/Reaper*4 ZMQbg/IO/0*4 
2026-09-25T15:16:58+04:00	ck4g-mirror-1m	1	556434	488	2	18489344	6021120	uv*1 main2*1 
2026-09-25T15:16:58+04:00	ck4g-mirror-1m	1	556450	556434	57	1107759104	855781376	ft*51 ZMQbg/Reaper*3 ZMQbg/IO/0*3 
2026-09-25T15:16:58+04:00	ck4g-mirror-1m	1	556607	556450	1	12722176	5943296	python3*1 
2026-09-25T15:16:58+04:00	ck4g-mirror-1m	1	556608	556450	30	12881129472	12315680768	python3*21 pt_gloo_runloop*2 ZMQbg/Reaper*2 ZMQbg/IO/0*2 pt_tcpstore_uv*1 cuda0000240000a*1 
2026-09-25T15:16:59+04:00	ck4g-mirror-1m	1	556609	556450	57	1216217088	963129344	python3*49 ZMQbg/Reaper*4 ZMQbg/IO/0*4 
2026-09-25T15:17:09+04:00	ck4g-mirror-1m	1	556434	488	2	18489344	6021120	uv*1 main2*1 
2026-09-25T15:17:09+04:00	ck4g-mirror-1m	1	556450	556434	57	1107759104	855781376	ft*51 ZMQbg/Reaper*3 ZMQbg/IO/0*3 
2026-09-25T15:17:09+04:00	ck4g-mirror-1m	1	556607	556450	1	12722176	5943296	python3*1 
2026-09-25T15:17:09+04:00	ck4g-mirror-1m	1	556608	556450	30	12881129472	12315680768	python3*21 pt_gloo_runloop*2 ZMQbg/Reaper*2 ZMQbg/IO/0*2 pt_tcpstore_uv*1 cuda0000240000a*1 
2026-09-25T15:17:09+04:00	ck4g-mirror-1m	1	556609	556450	57	1216217088	963129344	python3*49 ZMQbg/Reaper*4 ZMQbg/IO/0*4 
2026-09-25T15:17:19+04:00	ck4g-mirror-1m	1	556434	488	2	18489344	6021120	uv*1 main2*1 
2026-09-25T15:17:19+04:00	ck4g-mirror-1m	1	556450	556434	57	1107759104	855781376	ft*51 ZMQbg/Reaper*3 ZMQbg/IO/0*3 
2026-09-25T15:17:19+04:00	ck4g-mirror-1m	1	556607	556450	1	12722176	5943296	python3*1 
2026-09-25T15:17:19+04:00	ck4g-mirror-1m	1	556608	556450	30	12881129472	12315680768	python3*21 pt_gloo_runloop*2 ZMQbg/Reaper*2 ZMQbg/IO/0*2 pt_tcpstore_uv*1 cuda0000240000a*1 
2026-09-25T15:17:19+04:00	ck4g-mirror-1m	1	556609	556450	57	1216217088	963129344	python3*49 ZMQbg/Reaper*4 ZMQbg/IO/0*4 
2026-09-25T15:17:30+04:00	ck4g-mirror-1m	1	556434	488	2	18489344	6021120	uv*1 main2*1 
2026-09-25T15:17:30+04:00	ck4g-mirror-1m	1	556450	556434	57	1107759104	855781376	ft*51 ZMQbg/Reaper*3 ZMQbg/IO/0*3 
2026-09-25T15:17:30+04:00	ck4g-mirror-1m	1	556607	556450	1	12722176	5943296	python3*1 
2026-09-25T15:17:30+04:00	ck4g-mirror-1m	1	556608	556450	30	12881129472	12315680768	python3*21 pt_gloo_runloop*2 ZMQbg/Reaper*2 ZMQbg/IO/0*2 pt_tcpstore_uv*1 cuda0000240000a*1 
2026-09-25T15:17:31+04:00	ck4g-mirror-1m	1	556609	556450	57	1216217088	963129344	python3*49 ZMQbg/Reaper*4 ZMQbg/IO/0*4 
2026-09-25T15:17:41+04:00	ck4g-mirror-1m	1	556434	488	2	18489344	6021120	uv*1 main2*1 
2026-09-25T15:17:41+04:00	ck4g-mirror-1m	1	556450	556434	57	1107759104	855781376	ft*51 ZMQbg/Reaper*3 ZMQbg/IO/0*3 
2026-09-25T15:17:41+04:00	ck4g-mirror-1m	1	556607	556450	1	12722176	5943296	python3*1 
2026-09-25T15:17:41+04:00	ck4g-mirror-1m	1	556608	556450	30	12881129472	12315680768	python3*21 pt_gloo_runloop*2 ZMQbg/Reaper*2 ZMQbg/IO/0*2 pt_tcpstore_uv*1 cuda0000240000a*1 
2026-09-25T15:17:41+04:00	ck4g-mirror-1m	1	556609	556450	57	1216217088	963129344	python3*49 ZMQbg/Reaper*4 ZMQbg/IO/0*4 
2026-09-25T15:17:51+04:00	ck4g-mirror-1m	1	556434	488	2	18489344	6021120	uv*1 main2*1 
2026-09-25T15:17:51+04:00	ck4g-mirror-1m	1	556450	556434	57	1107759104	855781376	ft*51 ZMQbg/Reaper*3 ZMQbg/IO/0*3 
2026-09-25T15:17:51+04:00	ck4g-mirror-1m	1	556607	556450	1	12722176	5943296	python3*1 
2026-09-25T15:17:51+04:00	ck4g-mirror-1m	1	556608	556450	30	12881129472	12315680768	python3*21 pt_gloo_runloop*2 ZMQbg/Reaper*2 ZMQbg/IO/0*2 pt_tcpstore_uv*1 cuda0000240000a*1 
2026-09-25T15:17:51+04:00	ck4g-mirror-1m	1	556609	556450	57	1216217088	963129344	python3*49 ZMQbg/Reaper*4 ZMQbg/IO/0*4 
2026-09-25T15:18:02+04:00	ck4g-mirror-1m	1	556434	488	2	18489344	6021120	uv*1 main2*1 
2026-09-25T15:18:03+04:00	ck4g-mirror-1m	1	556450	556434	57	1107759104	855781376	ft*51 ZMQbg/Reaper*3 ZMQbg/IO/0*3 
2026-09-25T15:18:03+04:00	ck4g-mirror-1m	1	556607	556450	1	12722176	5943296	python3*1 
2026-09-25T15:18:03+04:00	ck4g-mirror-1m	1	556608	556450	30	12881129472	12315680768	python3*21 pt_gloo_runloop*2 ZMQbg/Reaper*2 ZMQbg/IO/0*2 pt_tcpstore_uv*1 cuda0000240000a*1 
2026-09-25T15:18:03+04:00	ck4g-mirror-1m	1	556609	556450	57	1216217088	963129344	python3*49 ZMQbg/Reaper*4 ZMQbg/IO/0*4 
2026-09-25T15:18:13+04:00	ck4g-mirror-1m	1	556434	488	2	18489344	6021120	uv*1 main2*1 
2026-09-25T15:18:13+04:00	ck4g-mirror-1m	1	556450	556434	57	1107759104	855781376	ft*51 ZMQbg/Reaper*3 ZMQbg/IO/0*3 
2026-09-25T15:18:13+04:00	ck4g-mirror-1m	1	556607	556450	1	12722176	5943296	python3*1 
2026-09-25T15:18:13+04:00	ck4g-mirror-1m	1	556608	556450	30	12881129472	12315680768	python3*21 pt_gloo_runloop*2 ZMQbg/Reaper*2 ZMQbg/IO/0*2 pt_tcpstore_uv*1 cuda0000240000a*1 
2026-09-25T15:18:13+04:00	ck4g-mirror-1m	1	556609	556450	57	1216217088	963129344	python3*49 ZMQbg/Reaper*4 ZMQbg/IO/0*4 
2026-09-25T15:18:23+04:00	ck4g-mirror-1m	1	556434	488	2	7737344	3059712	uv*1 main2*1 
2026-09-25T15:18:23+04:00	ck4g-mirror-1m	1	556450	556434	57	1076121600	854085632	ft*51 ZMQbg/Reaper*3 ZMQbg/IO/0*3 
2026-09-25T15:18:23+04:00	ck4g-mirror-1m	1	556607	556450	1	12701696	5943296	python3*1 
2026-09-25T15:18:23+04:00	ck4g-mirror-1m	1	556608	556450	30	12849307648	12315680768	python3*21 pt_gloo_runloop*2 ZMQbg/Reaper*2 ZMQbg/IO/0*2 pt_tcpstore_uv*1 cuda0000240000a*1 
2026-09-25T15:18:23+04:00	ck4g-mirror-1m	1	556609	556450	57	1186283520	963129344	python3*49 ZMQbg/Reaper*4 ZMQbg/IO/0*4 
2026-09-25T15:18:35+04:00	ck4g-mirror-1m	1	556434	488	2	7733248	3059712	uv*1 main2*1 
2026-09-25T15:18:35+04:00	ck4g-mirror-1m	1	556450	556434	57	1076105216	854085632	ft*51 ZMQbg/Reaper*3 ZMQbg/IO/0*3 
2026-09-25T15:18:35+04:00	ck4g-mirror-1m	1	556607	556450	1	12701696	5943296	python3*1 
2026-09-25T15:18:35+04:00	ck4g-mirror-1m	1	556608	556450	30	12849291264	12315680768	python3*21 pt_gloo_runloop*2 ZMQbg/Reaper*2 ZMQbg/IO/0*2 pt_tcpstore_uv*1 cuda0000240000a*1 
2026-09-25T15:18:35+04:00	ck4g-mirror-1m	1	556609	556450	57	1186267136	963129344	python3*49 ZMQbg/Reaper*4 ZMQbg/IO/0*4 
2026-09-25T15:18:45+04:00	ck4g-mirror-1m	1	556434	488	2	7733248	3059712	uv*1 main2*1 
2026-09-25T15:18:45+04:00	ck4g-mirror-1m	1	556450	556434	57	1076105216	854085632	ft*51 ZMQbg/Reaper*3 ZMQbg/IO/0*3 
2026-09-25T15:18:45+04:00	ck4g-mirror-1m	1	556607	556450	1	12701696	5943296	python3*1 
2026-09-25T15:18:45+04:00	ck4g-mirror-1m	1	556608	556450	30	12849291264	12315680768	python3*21 pt_gloo_runloop*2 ZMQbg/Reaper*2 ZMQbg/IO/0*2 pt_tcpstore_uv*1 cuda0000240000a*1 
2026-09-25T15:18:45+04:00	ck4g-mirror-1m	1	556609	556450	57	1186267136	963129344	python3*49 ZMQbg/Reaper*4 ZMQbg/IO/0*4 
2026-09-25T15:18:55+04:00	ck4g-mirror-1m	1	556434	488	2	7733248	3059712	uv*1 main2*1 
2026-09-25T15:18:55+04:00	ck4g-mirror-1m	1	556450	556434	57	1076105216	854085632	ft*51 ZMQbg/Reaper*3 ZMQbg/IO/0*3 
2026-09-25T15:18:55+04:00	ck4g-mirror-1m	1	556607	556450	1	12701696	5943296	python3*1 
2026-09-25T15:18:55+04:00	ck4g-mirror-1m	1	556608	556450	30	12849291264	12315680768	python3*21 pt_gloo_runloop*2 ZMQbg/Reaper*2 ZMQbg/IO/0*2 pt_tcpstore_uv*1 cuda0000240000a*1 
2026-09-25T15:18:55+04:00	ck4g-mirror-1m	1	556609	556450	57	1186267136	963129344	python3*49 ZMQbg/Reaper*4 ZMQbg/IO/0*4 
2026-09-25T15:19:07+04:00	ck4g-mirror-1m	1	556434	488	2	7733248	3059712	uv*1 main2*1 
2026-09-25T15:19:07+04:00	ck4g-mirror-1m	1	556450	556434	57	1076105216	854085632	ft*51 ZMQbg/Reaper*3 ZMQbg/IO/0*3 
2026-09-25T15:19:07+04:00	ck4g-mirror-1m	1	556607	556450	1	12701696	5943296	python3*1 
2026-09-25T15:19:07+04:00	ck4g-mirror-1m	1	556608	556450	30	12849324032	12315680768	python3*21 pt_gloo_runloop*2 ZMQbg/Reaper*2 ZMQbg/IO/0*2 pt_tcpstore_uv*1 cuda0000240000a*1 
2026-09-25T15:19:07+04:00	ck4g-mirror-1m	1	556609	556450	57	1186267136	963129344	python3*49 ZMQbg/Reaper*4 ZMQbg/IO/0*4 
2026-09-25T15:19:17+04:00	ck4g-mirror-1m	1	556434	488	2	7733248	3059712	uv*1 main2*1 
2026-09-25T15:19:17+04:00	ck4g-mirror-1m	1	556450	556434	57	1076105216	854085632	ft*51 ZMQbg/Reaper*3 ZMQbg/IO/0*3 
2026-09-25T15:19:17+04:00	ck4g-mirror-1m	1	556607	556450	1	12701696	5943296	python3*1 
2026-09-25T15:19:17+04:00	ck4g-mirror-1m	1	556608	556450	30	12849324032	12315680768	python3*21 pt_gloo_runloop*2 ZMQbg/Reaper*2 ZMQbg/IO/0*2 pt_tcpstore_uv*1 cuda0000240000a*1 
2026-09-25T15:19:17+04:00	ck4g-mirror-1m	1	556609	556450	57	1186267136	963129344	python3*49 ZMQbg/Reaper*4 ZMQbg/IO/0*4 
2026-09-25T15:19:27+04:00	ck4g-mirror-1m	1	556434	488	2	7733248	3059712	uv*1 main2*1 
2026-09-25T15:19:27+04:00	ck4g-mirror-1m	1	556450	556434	57	1076105216	854085632	ft*51 ZMQbg/Reaper*3 ZMQbg/IO/0*3 
2026-09-25T15:19:27+04:00	ck4g-mirror-1m	1	556607	556450	1	12701696	5943296	python3*1 
2026-09-25T15:19:27+04:00	ck4g-mirror-1m	1	556608	556450	30	12849324032	12315680768	python3*21 pt_gloo_runloop*2 ZMQbg/Reaper*2 ZMQbg/IO/0*2 pt_tcpstore_uv*1 cuda0000240000a*1 
2026-09-25T15:19:27+04:00	ck4g-mirror-1m	1	556609	556450	57	1186267136	963129344	python3*49 ZMQbg/Reaper*4 ZMQbg/IO/0*4 
2026-09-25T15:19:39+04:00	ck4g-mirror-1m	1	556434	488	2	7733248	3059712	uv*1 main2*1 
2026-09-25T15:19:39+04:00	ck4g-mirror-1m	1	556450	556434	57	1076105216	854085632	ft*51 ZMQbg/Reaper*3 ZMQbg/IO/0*3 
2026-09-25T15:19:39+04:00	ck4g-mirror-1m	1	556607	556450	1	12701696	5943296	python3*1 
2026-09-25T15:19:39+04:00	ck4g-mirror-1m	1	556608	556450	30	12849324032	12315680768	python3*21 pt_gloo_runloop*2 ZMQbg/Reaper*2 ZMQbg/IO/0*2 pt_tcpstore_uv*1 cuda0000240000a*1 
2026-09-25T15:19:39+04:00	ck4g-mirror-1m	1	556609	556450	57	1186267136	963129344	python3*49 ZMQbg/Reaper*4 ZMQbg/IO/0*4 
2026-09-25T15:19:49+04:00	ck4g-mirror-1m	1	556434	488	2	7733248	3059712	uv*1 main2*1 
2026-09-25T15:19:49+04:00	ck4g-mirror-1m	1	556450	556434	57	1076105216	854085632	ft*51 ZMQbg/Reaper*3 ZMQbg/IO/0*3 
2026-09-25T15:19:49+04:00	ck4g-mirror-1m	1	556607	556450	1	12701696	5943296	python3*1 
2026-09-25T15:19:49+04:00	ck4g-mirror-1m	1	556608	556450	30	12849324032	12315680768	python3*21 pt_gloo_runloop*2 ZMQbg/Reaper*2 ZMQbg/IO/0*2 pt_tcpstore_uv*1 cuda0000240000a*1 
2026-09-25T15:19:49+04:00	ck4g-mirror-1m	1	556609	556450	57	1186267136	963129344	python3*49 ZMQbg/Reaper*4 ZMQbg/IO/0*4 
2026-09-25T15:19:59+04:00	ck4g-mirror-1m	1	556434	488	2	7733248	3059712	uv*1 main2*1 
2026-09-25T15:19:59+04:00	ck4g-mirror-1m	1	556450	556434	57	1076105216	854085632	ft*51 ZMQbg/Reaper*3 ZMQbg/IO/0*3 
2026-09-25T15:19:59+04:00	ck4g-mirror-1m	1	556607	556450	1	12701696	5943296	python3*1 
2026-09-25T15:19:59+04:00	ck4g-mirror-1m	1	556608	556450	30	12849324032	12315680768	python3*21 pt_gloo_runloop*2 ZMQbg/Reaper*2 ZMQbg/IO/0*2 pt_tcpstore_uv*1 cuda0000240000a*1 
2026-09-25T15:20:00+04:00	ck4g-mirror-1m	1	556609	556450	57	1186267136	963129344	python3*49 ZMQbg/Reaper*4 ZMQbg/IO/0*4 
2026-09-25T15:20:11+04:00	ck4g-mirror-1m	1	556434	488	2	7733248	3059712	uv*1 main2*1 
2026-09-25T15:20:11+04:00	ck4g-mirror-1m	1	556450	556434	57	1076105216	854085632	ft*51 ZMQbg/Reaper*3 ZMQbg/IO/0*3 
2026-09-25T15:20:11+04:00	ck4g-mirror-1m	1	556607	556450	1	12701696	5943296	python3*1 
2026-09-25T15:20:11+04:00	ck4g-mirror-1m	1	556608	556450	30	12849324032	12315680768	python3*21 pt_gloo_runloop*2 ZMQbg/Reaper*2 ZMQbg/IO/0*2 pt_tcpstore_uv*1 cuda0000240000a*1 
2026-09-25T15:20:11+04:00	ck4g-mirror-1m	1	556609	556450	57	1186267136	963129344	python3*49 ZMQbg/Reaper*4 ZMQbg/IO/0*4 
2026-09-25T15:20:21+04:00	ck4g-mirror-1m	1	556434	488	2	7733248	3059712	uv*1 main2*1 
2026-09-25T15:20:21+04:00	ck4g-mirror-1m	1	556450	556434	57	1076105216	854085632	ft*51 ZMQbg/Reaper*3 ZMQbg/IO/0*3 
2026-09-25T15:20:21+04:00	ck4g-mirror-1m	1	556607	556450	1	12701696	5943296	python3*1 
2026-09-25T15:20:21+04:00	ck4g-mirror-1m	1	556608	556450	30	12849324032	12315680768	python3*21 pt_gloo_runloop*2 ZMQbg/Reaper*2 ZMQbg/IO/0*2 pt_tcpstore_uv*1 cuda0000240000a*1 
2026-09-25T15:20:21+04:00	ck4g-mirror-1m	1	556609	556450	57	1186267136	963129344	python3*49 ZMQbg/Reaper*4 ZMQbg/IO/0*4 
2026-09-25T15:20:31+04:00	ck4g-mirror-1m	1	556434	488	2	7733248	3059712	uv*1 main2*1 
2026-09-25T15:20:31+04:00	ck4g-mirror-1m	1	556450	556434	57	1076109312	854089728	ft*51 ZMQbg/Reaper*3 ZMQbg/IO/0*3 
2026-09-25T15:20:32+04:00	ck4g-mirror-1m	1	556607	556450	1	12701696	5943296	python3*1 
2026-09-25T15:20:32+04:00	ck4g-mirror-1m	1	556608	556450	30	12849324032	12315680768	python3*21 pt_gloo_runloop*2 ZMQbg/Reaper*2 ZMQbg/IO/0*2 pt_tcpstore_uv*1 cuda0000240000a*1 
2026-09-25T15:20:32+04:00	ck4g-mirror-1m	1	556609	556450	57	1186267136	963129344	python3*49 ZMQbg/Reaper*4 ZMQbg/IO/0*4 
2026-09-25T15:20:43+04:00	ck4g-mirror-1m	1	556434	488	2	7733248	3059712	uv*1 main2*1 
2026-09-25T15:20:43+04:00	ck4g-mirror-1m	1	556450	556434	57	1076109312	854089728	ft*51 ZMQbg/Reaper*3 ZMQbg/IO/0*3 
2026-09-25T15:20:43+04:00	ck4g-mirror-1m	1	556607	556450	1	12701696	5943296	python3*1 
2026-09-25T15:20:43+04:00	ck4g-mirror-1m	1	556608	556450	30	12849324032	12315680768	python3*21 pt_gloo_runloop*2 ZMQbg/Reaper*2 ZMQbg/IO/0*2 pt_tcpstore_uv*1 cuda0000240000a*1 
2026-09-25T15:20:43+04:00	ck4g-mirror-1m	1	556609	556450	57	1186267136	963129344	python3*49 ZMQbg/Reaper*4 ZMQbg/IO/0*4 
2026-09-25T15:20:53+04:00	ck4g-mirror-1m	1	556434	488	2	7733248	3059712	uv*1 main2*1 
2026-09-25T15:20:53+04:00	ck4g-mirror-1m	1	556450	556434	57	1076109312	854089728	ft*51 ZMQbg/Reaper*3 ZMQbg/IO/0*3 
2026-09-25T15:20:53+04:00	ck4g-mirror-1m	1	556607	556450	1	12701696	5943296	python3*1 
2026-09-25T15:20:53+04:00	ck4g-mirror-1m	1	556608	556450	30	12849324032	12315680768	python3*21 pt_gloo_runloop*2 ZMQbg/Reaper*2 ZMQbg/IO/0*2 pt_tcpstore_uv*1 cuda0000240000a*1 
2026-09-25T15:20:54+04:00	ck4g-mirror-1m	1	556609	556450	57	1186267136	963129344	python3*49 ZMQbg/Reaper*4 ZMQbg/IO/0*4 
2026-09-25T15:21:04+04:00	ck4g-mirror-1m	1	556434	488	2	7733248	3059712	uv*1 main2*1 
2026-09-25T15:21:04+04:00	ck4g-mirror-1m	1	556450	556434	57	1076109312	854089728	ft*51 ZMQbg/Reaper*3 ZMQbg/IO/0*3 
2026-09-25T15:21:04+04:00	ck4g-mirror-1m	1	556607	556450	1	12701696	5943296	python3*1 
2026-09-25T15:21:04+04:00	ck4g-mirror-1m	1	556608	556450	30	12849324032	12315680768	python3*21 pt_gloo_runloop*2 ZMQbg/Reaper*2 ZMQbg/IO/0*2 pt_tcpstore_uv*1 cuda0000240000a*1 
2026-09-25T15:21:04+04:00	ck4g-mirror-1m	1	556609	556450	57	1186267136	963129344	python3*49 ZMQbg/Reaper*4 ZMQbg/IO/0*4 
2026-09-25T15:21:14+04:00	ck4g-mirror-1m	1	556434	488	2	7733248	3059712	uv*1 main2*1 
2026-09-25T15:21:14+04:00	ck4g-mirror-1m	1	556450	556434	57	1076109312	854089728	ft*51 ZMQbg/Reaper*3 ZMQbg/IO/0*3 
2026-09-25T15:21:14+04:00	ck4g-mirror-1m	1	556607	556450	1	12701696	5943296	python3*1 
2026-09-25T15:21:14+04:00	ck4g-mirror-1m	1	556608	556450	30	12849324032	12315680768	python3*21 pt_gloo_runloop*2 ZMQbg/Reaper*2 ZMQbg/IO/0*2 pt_tcpstore_uv*1 cuda0000240000a*1 
2026-09-25T15:21:14+04:00	ck4g-mirror-1m	1	556609	556450	57	1186267136	963129344	python3*49 ZMQbg/Reaper*4 ZMQbg/IO/0*4 
2026-09-25T15:21:25+04:00	ck4g-mirror-1m	1	556434	488	2	7733248	3059712	uv*1 main2*1 
2026-09-25T15:21:25+04:00	ck4g-mirror-1m	1	556450	556434	57	1076109312	854089728	ft*51 ZMQbg/Reaper*3 ZMQbg/IO/0*3 
2026-09-25T15:21:25+04:00	ck4g-mirror-1m	1	556607	556450	1	12701696	5943296	python3*1 
2026-09-25T15:21:25+04:00	ck4g-mirror-1m	1	556608	556450	30	12849324032	12315680768	python3*21 pt_gloo_runloop*2 ZMQbg/Reaper*2 ZMQbg/IO/0*2 pt_tcpstore_uv*1 cuda0000240000a*1 
2026-09-25T15:21:26+04:00	ck4g-mirror-1m	1	556609	556450	57	1186267136	963129344	python3*49 ZMQbg/Reaper*4 ZMQbg/IO/0*4 
2026-09-25T15:21:36+04:00	ck4g-mirror-1m	1	556434	488	2	7733248	3059712	uv*1 main2*1 
2026-09-25T15:21:36+04:00	ck4g-mirror-1m	1	556450	556434	57	1076109312	854089728	ft*51 ZMQbg/Reaper*3 ZMQbg/IO/0*3 
2026-09-25T15:21:36+04:00	ck4g-mirror-1m	1	556607	556450	1	12701696	5943296	python3*1 
2026-09-25T15:21:36+04:00	ck4g-mirror-1m	1	556608	556450	30	12849324032	12315680768	python3*21 pt_gloo_runloop*2 ZMQbg/Reaper*2 ZMQbg/IO/0*2 pt_tcpstore_uv*1 cuda0000240000a*1 
2026-09-25T15:21:36+04:00	ck4g-mirror-1m	1	556609	556450	57	1186267136	963129344	python3*49 ZMQbg/Reaper*4 ZMQbg/IO/0*4 
2026-09-25T15:21:46+04:00	ck4g-mirror-1m	1	556434	488	2	7733248	3059712	uv*1 main2*1 
2026-09-25T15:21:46+04:00	ck4g-mirror-1m	1	556450	556434	57	1076109312	854089728	ft*51 ZMQbg/Reaper*3 ZMQbg/IO/0*3 
2026-09-25T15:21:46+04:00	ck4g-mirror-1m	1	556607	556450	1	12701696	5943296	python3*1 
2026-09-25T15:21:46+04:00	ck4g-mirror-1m	1	556608	556450	30	12849324032	12315680768	python3*21 pt_gloo_runloop*2 ZMQbg/Reaper*2 ZMQbg/IO/0*2 pt_tcpstore_uv*1 cuda0000240000a*1 
2026-09-25T15:21:46+04:00	ck4g-mirror-1m	1	556609	556450	57	1186267136	963129344	python3*49 ZMQbg/Reaper*4 ZMQbg/IO/0*4 
2026-09-25T15:21:58+04:00	ck4g-mirror-1m	1	556434	488	2	7733248	3059712	uv*1 main2*1 
2026-09-25T15:21:58+04:00	ck4g-mirror-1m	1	556450	556434	57	1076109312	854089728	ft*51 ZMQbg/Reaper*3 ZMQbg/IO/0*3 
2026-09-25T15:21:58+04:00	ck4g-mirror-1m	1	556607	556450	1	12701696	5943296	python3*1 
2026-09-25T15:21:58+04:00	ck4g-mirror-1m	1	556608	556450	30	12849324032	12315680768	python3*21 pt_gloo_runloop*2 ZMQbg/Reaper*2 ZMQbg/IO/0*2 pt_tcpstore_uv*1 cuda0000240000a*1 
2026-09-25T15:21:58+04:00	ck4g-mirror-1m	1	556609	556450	57	1186267136	963129344	python3*49 ZMQbg/Reaper*4 ZMQbg/IO/0*4 
2026-09-25T15:22:08+04:00	ck4g-mirror-1m	2	556434	488	2	7733248	3059712	uv*1 main2*1 
2026-09-25T15:22:08+04:00	ck4g-mirror-1m	2	556450	556434	57	945491968	723357696	ft*51 ZMQbg/Reaper*3 ZMQbg/IO/0*3 
2026-09-25T15:22:08+04:00	ck4g-mirror-1m	2	556607	556450	1	12701696	5943296	python3*1 
2026-09-25T15:22:08+04:00	ck4g-mirror-1m	2	556608	556450	45	12852342784	12317409280	python3*36 pt_gloo_runloop*2 ZMQbg/Reaper*2 ZMQbg/IO/0*2 pt_tcpstore_uv*1 cuda0000240000a*1 
2026-09-25T15:22:09+04:00	ck4g-mirror-1m	2	556609	556450	57	1186422784	963129344	python3*49 ZMQbg/Reaper*4 ZMQbg/IO/0*4 
2026-09-25T15:22:19+04:00	ck4g-mirror-1m	3	556434	488	2	7733248	3059712	uv*1 main2*1 
2026-09-25T15:22:19+04:00	ck4g-mirror-1m	3	556450	556434	57	1175179264	953024512	ft*51 ZMQbg/Reaper*3 ZMQbg/IO/0*3 
2026-09-25T15:22:19+04:00	ck4g-mirror-1m	3	556607	556450	1	12701696	5943296	python3*1 
2026-09-25T15:22:19+04:00	ck4g-mirror-1m	3	556608	556450	45	12852342784	12317409280	python3*36 pt_gloo_runloop*2 ZMQbg/Reaper*2 ZMQbg/IO/0*2 pt_tcpstore_uv*1 cuda0000240000a*1 
2026-09-25T15:22:19+04:00	ck4g-mirror-1m	3	556609	556450	57	1155719168	932405248	python3*49 ZMQbg/Reaper*4 ZMQbg/IO/0*4 
2026-09-25T15:22:31+04:00	ck4g-mirror-1m	3	556434	488	2	7733248	3059712	uv*1 main2*1 
2026-09-25T15:22:31+04:00	ck4g-mirror-1m	3	556450	556434	57	1175179264	953024512	ft*51 ZMQbg/Reaper*3 ZMQbg/IO/0*3 
2026-09-25T15:22:31+04:00	ck4g-mirror-1m	3	556607	556450	1	12701696	5943296	python3*1 
2026-09-25T15:22:31+04:00	ck4g-mirror-1m	3	556608	556450	45	12852342784	12317409280	python3*36 pt_gloo_runloop*2 ZMQbg/Reaper*2 ZMQbg/IO/0*2 pt_tcpstore_uv*1 cuda0000240000a*1 
2026-09-25T15:22:31+04:00	ck4g-mirror-1m	3	556609	556450	57	1155719168	932405248	python3*49 ZMQbg/Reaper*4 ZMQbg/IO/0*4 
2026-09-25T15:22:41+04:00	ck4g-mirror-1m	3	556434	488	2	7733248	3059712	uv*1 main2*1 
2026-09-25T15:22:41+04:00	ck4g-mirror-1m	3	556450	556434	57	1175179264	953024512	ft*51 ZMQbg/Reaper*3 ZMQbg/IO/0*3 
2026-09-25T15:22:41+04:00	ck4g-mirror-1m	3	556607	556450	1	12701696	5943296	python3*1 
2026-09-25T15:22:41+04:00	ck4g-mirror-1m	3	556608	556450	45	12852342784	12317409280	python3*36 pt_gloo_runloop*2 ZMQbg/Reaper*2 ZMQbg/IO/0*2 pt_tcpstore_uv*1 cuda0000240000a*1 
2026-09-25T15:22:41+04:00	ck4g-mirror-1m	3	556609	556450	57	1155719168	932405248	python3*49 ZMQbg/Reaper*4 ZMQbg/IO/0*4 
2026-09-25T15:22:51+04:00	ck4g-mirror-1m	3	556434	488	2	7733248	3059712	uv*1 main2*1 
2026-09-25T15:22:51+04:00	ck4g-mirror-1m	3	556450	556434	57	1175179264	953024512	ft*51 ZMQbg/Reaper*3 ZMQbg/IO/0*3 
2026-09-25T15:22:51+04:00	ck4g-mirror-1m	3	556607	556450	1	12701696	5943296	python3*1 
2026-09-25T15:22:51+04:00	ck4g-mirror-1m	3	556608	556450	45	12852342784	12317409280	python3*36 pt_gloo_runloop*2 ZMQbg/Reaper*2 ZMQbg/IO/0*2 pt_tcpstore_uv*1 cuda0000240000a*1 
2026-09-25T15:22:51+04:00	ck4g-mirror-1m	3	556609	556450	57	1155719168	932405248	python3*49 ZMQbg/Reaper*4 ZMQbg/IO/0*4 
2026-09-25T15:23:03+04:00	ck4g-mirror-1m	3	556434	488	2	7733248	3059712	uv*1 main2*1 
2026-09-25T15:23:03+04:00	ck4g-mirror-1m	3	556450	556434	57	1175179264	953024512	ft*51 ZMQbg/Reaper*3 ZMQbg/IO/0*3 
2026-09-25T15:23:03+04:00	ck4g-mirror-1m	3	556607	556450	1	12701696	5943296	python3*1 
2026-09-25T15:23:03+04:00	ck4g-mirror-1m	3	556608	556450	45	12852342784	12317409280	python3*36 pt_gloo_runloop*2 ZMQbg/Reaper*2 ZMQbg/IO/0*2 pt_tcpstore_uv*1 cuda0000240000a*1 
2026-09-25T15:23:03+04:00	ck4g-mirror-1m	3	556609	556450	57	1155719168	932405248	python3*49 ZMQbg/Reaper*4 ZMQbg/IO/0*4 
2026-09-25T15:23:13+04:00	ck4g-mirror-1m	3	556434	488	2	7733248	3059712	uv*1 main2*1 
2026-09-25T15:23:13+04:00	ck4g-mirror-1m	3	556450	556434	57	1175179264	953024512	ft*51 ZMQbg/Reaper*3 ZMQbg/IO/0*3 
2026-09-25T15:23:13+04:00	ck4g-mirror-1m	3	556607	556450	1	12701696	5943296	python3*1 
2026-09-25T15:23:13+04:00	ck4g-mirror-1m	3	556608	556450	45	12852342784	12317409280	python3*36 pt_gloo_runloop*2 ZMQbg/Reaper*2 ZMQbg/IO/0*2 pt_tcpstore_uv*1 cuda0000240000a*1 
2026-09-25T15:23:13+04:00	ck4g-mirror-1m	3	556609	556450	57	1155719168	932405248	python3*49 ZMQbg/Reaper*4 ZMQbg/IO/0*4 
2026-09-25T15:23:23+04:00	ck4g-mirror-1m	3	556434	488	2	7733248	3059712	uv*1 main2*1 
2026-09-25T15:23:23+04:00	ck4g-mirror-1m	3	556450	556434	57	1175179264	953024512	ft*51 ZMQbg/Reaper*3 ZMQbg/IO/0*3 
2026-09-25T15:23:23+04:00	ck4g-mirror-1m	3	556607	556450	1	12701696	5943296	python3*1 
2026-09-25T15:23:23+04:00	ck4g-mirror-1m	3	556608	556450	45	12852342784	12317409280	python3*36 pt_gloo_runloop*2 ZMQbg/Reaper*2 ZMQbg/IO/0*2 pt_tcpstore_uv*1 cuda0000240000a*1 
2026-09-25T15:23:23+04:00	ck4g-mirror-1m	3	556609	556450	57	1155719168	932405248	python3*49 ZMQbg/Reaper*4 ZMQbg/IO/0*4 
2026-09-25T15:23:35+04:00	ck4g-mirror-1m	3	556434	488	2	7733248	3059712	uv*1 main2*1 
2026-09-25T15:23:35+04:00	ck4g-mirror-1m	3	556450	556434	57	1175179264	953024512	ft*51 ZMQbg/Reaper*3 ZMQbg/IO/0*3 
2026-09-25T15:23:35+04:00	ck4g-mirror-1m	3	556607	556450	1	12701696	5943296	python3*1 
2026-09-25T15:23:35+04:00	ck4g-mirror-1m	3	556608	556450	45	12852342784	12317409280	python3*36 pt_gloo_runloop*2 ZMQbg/Reaper*2 ZMQbg/IO/0*2 pt_tcpstore_uv*1 cuda0000240000a*1 
2026-09-25T15:23:35+04:00	ck4g-mirror-1m	3	556609	556450	57	1155719168	932405248	python3*49 ZMQbg/Reaper*4 ZMQbg/IO/0*4 
2026-09-25T15:23:45+04:00	ck4g-mirror-1m	3	556434	488	2	7733248	3059712	uv*1 main2*1 
2026-09-25T15:23:45+04:00	ck4g-mirror-1m	3	556450	556434	57	1175179264	953024512	ft*51 ZMQbg/Reaper*3 ZMQbg/IO/0*3 
2026-09-25T15:23:45+04:00	ck4g-mirror-1m	3	556607	556450	1	12701696	5943296	python3*1 
2026-09-25T15:23:45+04:00	ck4g-mirror-1m	3	556608	556450	45	12852342784	12317409280	python3*36 pt_gloo_runloop*2 ZMQbg/Reaper*2 ZMQbg/IO/0*2 pt_tcpstore_uv*1 cuda0000240000a*1 
2026-09-25T15:23:45+04:00	ck4g-mirror-1m	3	556609	556450	57	1155719168	932405248	python3*49 ZMQbg/Reaper*4 ZMQbg/IO/0*4 
2026-09-25T15:23:55+04:00	ck4g-mirror-1m	3	556434	488	2	7733248	3059712	uv*1 main2*1 
2026-09-25T15:23:55+04:00	ck4g-mirror-1m	3	556450	556434	57	1175179264	953024512	ft*51 ZMQbg/Reaper*3 ZMQbg/IO/0*3 
2026-09-25T15:23:56+04:00	ck4g-mirror-1m	3	556607	556450	1	12701696	5943296	python3*1 
2026-09-25T15:23:56+04:00	ck4g-mirror-1m	3	556608	556450	45	12852342784	12317409280	python3*36 pt_gloo_runloop*2 ZMQbg/Reaper*2 ZMQbg/IO/0*2 pt_tcpstore_uv*1 cuda0000240000a*1 
2026-09-25T15:23:56+04:00	ck4g-mirror-1m	3	556609	556450	57	1155719168	932405248	python3*49 ZMQbg/Reaper*4 ZMQbg/IO/0*4 
2026-09-25T15:24:07+04:00	ck4g-mirror-1m	3	556434	488	2	7733248	3059712	uv*1 main2*1 
2026-09-25T15:24:07+04:00	ck4g-mirror-1m	3	556450	556434	57	1175179264	953024512	ft*51 ZMQbg/Reaper*3 ZMQbg/IO/0*3 
2026-09-25T15:24:07+04:00	ck4g-mirror-1m	3	556607	556450	1	12701696	5943296	python3*1 
2026-09-25T15:24:07+04:00	ck4g-mirror-1m	3	556608	556450	45	12852342784	12317409280	python3*36 pt_gloo_runloop*2 ZMQbg/Reaper*2 ZMQbg/IO/0*2 pt_tcpstore_uv*1 cuda0000240000a*1 
2026-09-25T15:24:07+04:00	ck4g-mirror-1m	3	556609	556450	57	1155719168	932405248	python3*49 ZMQbg/Reaper*4 ZMQbg/IO/0*4 
2026-09-25T15:24:17+04:00	ck4g-mirror-1m	3	556434	488	2	7733248	3059712	uv*1 main2*1 
2026-09-25T15:24:17+04:00	ck4g-mirror-1m	3	556450	556434	57	1175179264	953024512	ft*51 ZMQbg/Reaper*3 ZMQbg/IO/0*3 
2026-09-25T15:24:17+04:00	ck4g-mirror-1m	3	556607	556450	1	12701696	5943296	python3*1 
2026-09-25T15:24:17+04:00	ck4g-mirror-1m	3	556608	556450	45	12852342784	12317409280	python3*36 pt_gloo_runloop*2 ZMQbg/Reaper*2 ZMQbg/IO/0*2 pt_tcpstore_uv*1 cuda0000240000a*1 
2026-09-25T15:24:18+04:00	ck4g-mirror-1m	3	556609	556450	57	1155719168	932405248	python3*49 ZMQbg/Reaper*4 ZMQbg/IO/0*4 
2026-09-25T15:24:28+04:00	ck4g-mirror-1m	3	556434	488	2	7733248	3059712	uv*1 main2*1 
2026-09-25T15:24:28+04:00	ck4g-mirror-1m	3	556450	556434	57	1175179264	953024512	ft*51 ZMQbg/Reaper*3 ZMQbg/IO/0*3 
2026-09-25T15:24:28+04:00	ck4g-mirror-1m	3	556607	556450	1	12701696	5943296	python3*1 
2026-09-25T15:24:28+04:00	ck4g-mirror-1m	3	556608	556450	45	12852342784	12317409280	python3*36 pt_gloo_runloop*2 ZMQbg/Reaper*2 ZMQbg/IO/0*2 pt_tcpstore_uv*1 cuda0000240000a*1 
2026-09-25T15:24:28+04:00	ck4g-mirror-1m	3	556609	556450	57	1155719168	932405248	python3*49 ZMQbg/Reaper*4 ZMQbg/IO/0*4 
2026-09-25T15:24:39+04:00	ck4g-mirror-1m	3	556434	488	2	7733248	3059712	uv*1 main2*1 
2026-09-25T15:24:39+04:00	ck4g-mirror-1m	3	556450	556434	57	1175179264	953024512	ft*51 ZMQbg/Reaper*3 ZMQbg/IO/0*3 
2026-09-25T15:24:39+04:00	ck4g-mirror-1m	3	556607	556450	1	12701696	5943296	python3*1 
2026-09-25T15:24:39+04:00	ck4g-mirror-1m	3	556608	556450	45	12852342784	12317409280	python3*36 pt_gloo_runloop*2 ZMQbg/Reaper*2 ZMQbg/IO/0*2 pt_tcpstore_uv*1 cuda0000240000a*1 
2026-09-25T15:24:39+04:00	ck4g-mirror-1m	3	556609	556450	57	1155719168	932405248	python3*49 ZMQbg/Reaper*4 ZMQbg/IO/0*4 
2026-09-25T15:24:50+04:00	ck4g-mirror-1m	3	556434	488	2	7733248	3059712	uv*1 main2*1 
2026-09-25T15:24:50+04:00	ck4g-mirror-1m	3	556450	556434	57	1175179264	953024512	ft*51 ZMQbg/Reaper*3 ZMQbg/IO/0*3 
2026-09-25T15:24:50+04:00	ck4g-mirror-1m	3	556607	556450	1	12701696	5943296	python3*1 
2026-09-25T15:24:50+04:00	ck4g-mirror-1m	3	556608	556450	45	12852342784	12317409280	python3*36 pt_gloo_runloop*2 ZMQbg/Reaper*2 ZMQbg/IO/0*2 pt_tcpstore_uv*1 cuda0000240000a*1 
2026-09-25T15:24:50+04:00	ck4g-mirror-1m	3	556609	556450	57	1155719168	932405248	python3*49 ZMQbg/Reaper*4 ZMQbg/IO/0*4 
2026-09-25T15:25:00+04:00	ck4g-mirror-1m	3	556434	488	2	7733248	3059712	uv*1 main2*1 
2026-09-25T15:25:00+04:00	ck4g-mirror-1m	3	556450	556434	57	1175179264	953024512	ft*51 ZMQbg/Reaper*3 ZMQbg/IO/0*3 
2026-09-25T15:25:00+04:00	ck4g-mirror-1m	3	556607	556450	1	12701696	5943296	python3*1 
2026-09-25T15:25:00+04:00	ck4g-mirror-1m	3	556608	556450	45	12852342784	12317409280	python3*36 pt_gloo_runloop*2 ZMQbg/Reaper*2 ZMQbg/IO/0*2 pt_tcpstore_uv*1 cuda0000240000a*1 
2026-09-25T15:25:00+04:00	ck4g-mirror-1m	3	556609	556450	57	1155719168	932405248	python3*49 ZMQbg/Reaper*4 ZMQbg/IO/0*4 
2026-09-25T15:25:12+04:00	ck4g-mirror-1m	3	556434	488	2	7733248	3059712	uv*1 main2*1 
2026-09-25T15:25:12+04:00	ck4g-mirror-1m	3	556450	556434	57	1175179264	953024512	ft*51 ZMQbg/Reaper*3 ZMQbg/IO/0*3 
2026-09-25T15:25:12+04:00	ck4g-mirror-1m	3	556607	556450	1	12701696	5943296	python3*1 
2026-09-25T15:25:12+04:00	ck4g-mirror-1m	3	556608	556450	45	12852342784	12317409280	python3*36 pt_gloo_runloop*2 ZMQbg/Reaper*2 ZMQbg/IO/0*2 pt_tcpstore_uv*1 cuda0000240000a*1 
2026-09-25T15:25:12+04:00	ck4g-mirror-1m	3	556609	556450	57	1155719168	932405248	python3*49 ZMQbg/Reaper*4 ZMQbg/IO/0*4 
2026-09-25T15:25:22+04:00	ck4g-mirror-1m	3	556434	488	2	7733248	3059712	uv*1 main2*1 
2026-09-25T15:25:22+04:00	ck4g-mirror-1m	3	556450	556434	57	1175179264	953024512	ft*51 ZMQbg/Reaper*3 ZMQbg/IO/0*3 
2026-09-25T15:25:22+04:00	ck4g-mirror-1m	3	556607	556450	1	12701696	5943296	python3*1 
2026-09-25T15:25:22+04:00	ck4g-mirror-1m	3	556608	556450	45	12852342784	12317409280	python3*36 pt_gloo_runloop*2 ZMQbg/Reaper*2 ZMQbg/IO/0*2 pt_tcpstore_uv*1 cuda0000240000a*1 
2026-09-25T15:25:22+04:00	ck4g-mirror-1m	3	556609	556450	57	1155719168	932405248	python3*49 ZMQbg/Reaper*4 ZMQbg/IO/0*4 
2026-09-25T15:25:33+04:00	ck4g-mirror-1m	3	556434	488	2	7733248	3059712	uv*1 main2*1 
2026-09-25T15:25:33+04:00	ck4g-mirror-1m	3	556450	556434	57	1175179264	953024512	ft*51 ZMQbg/Reaper*3 ZMQbg/IO/0*3 
2026-09-25T15:25:33+04:00	ck4g-mirror-1m	3	556607	556450	1	12701696	5943296	python3*1 
2026-09-25T15:25:33+04:00	ck4g-mirror-1m	3	556608	556450	45	12852342784	12317409280	python3*36 pt_gloo_runloop*2 ZMQbg/Reaper*2 ZMQbg/IO/0*2 pt_tcpstore_uv*1 cuda0000240000a*1 
2026-09-25T15:25:33+04:00	ck4g-mirror-1m	3	556609	556450	57	1155719168	932405248	python3*49 ZMQbg/Reaper*4 ZMQbg/IO/0*4 
2026-09-25T15:25:43+04:00	ck4g-mirror-1m	3	556434	488	2	7733248	3059712	uv*1 main2*1 
2026-09-25T15:25:43+04:00	ck4g-mirror-1m	3	556450	556434	57	1175179264	953024512	ft*51 ZMQbg/Reaper*3 ZMQbg/IO/0*3 
2026-09-25T15:25:43+04:00	ck4g-mirror-1m	3	556607	556450	1	12701696	5943296	python3*1 
2026-09-25T15:25:43+04:00	ck4g-mirror-1m	3	556608	556450	45	12852342784	12317409280	python3*36 pt_gloo_runloop*2 ZMQbg/Reaper*2 ZMQbg/IO/0*2 pt_tcpstore_uv*1 cuda0000240000a*1 
2026-09-25T15:25:45+04:00	ck4g-mirror-1m	3	556609	556450	57	1155719168	932405248	python3*49 ZMQbg/Reaper*4 ZMQbg/IO/0*4 
2026-09-25T15:25:55+04:00	ck4g-mirror-1m	3	556434	488	2	7733248	3059712	uv*1 main2*1 
2026-09-25T15:25:55+04:00	ck4g-mirror-1m	3	556450	556434	57	1175179264	953024512	ft*51 ZMQbg/Reaper*3 ZMQbg/IO/0*3 
2026-09-25T15:25:55+04:00	ck4g-mirror-1m	3	556607	556450	1	12701696	5943296	python3*1 
2026-09-25T15:25:55+04:00	ck4g-mirror-1m	3	556608	556450	45	12852342784	12317409280	python3*36 pt_gloo_runloop*2 ZMQbg/Reaper*2 ZMQbg/IO/0*2 pt_tcpstore_uv*1 cuda0000240000a*1 
2026-09-25T15:25:55+04:00	ck4g-mirror-1m	3	556609	556450	57	1155719168	932405248	python3*49 ZMQbg/Reaper*4 ZMQbg/IO/0*4 
2026-09-25T15:26:05+04:00	ck4g-mirror-1m	3	556434	488	2	7733248	3059712	uv*1 main2*1 
2026-09-25T15:26:05+04:00	ck4g-mirror-1m	3	556450	556434	57	1175179264	953024512	ft*51 ZMQbg/Reaper*3 ZMQbg/IO/0*3 
2026-09-25T15:26:05+04:00	ck4g-mirror-1m	3	556607	556450	1	12701696	5943296	python3*1 
2026-09-25T15:26:05+04:00	ck4g-mirror-1m	3	556608	556450	45	12852342784	12317409280	python3*36 pt_gloo_runloop*2 ZMQbg/Reaper*2 ZMQbg/IO/0*2 pt_tcpstore_uv*1 cuda0000240000a*1 
2026-09-25T15:26:05+04:00	ck4g-mirror-1m	3	556609	556450	57	1155719168	932405248	python3*49 ZMQbg/Reaper*4 ZMQbg/IO/0*4 
2026-09-25T15:26:15+04:00	ck4g-mirror-1m	3	556434	488	2	7733248	3059712	uv*1 main2*1 
2026-09-25T15:26:15+04:00	ck4g-mirror-1m	3	556450	556434	57	1175179264	953024512	ft*51 ZMQbg/Reaper*3 ZMQbg/IO/0*3 
2026-09-25T15:26:15+04:00	ck4g-mirror-1m	3	556607	556450	1	12701696	5943296	python3*1 
2026-09-25T15:26:15+04:00	ck4g-mirror-1m	3	556608	556450	45	12852342784	12317409280	python3*36 pt_gloo_runloop*2 ZMQbg/Reaper*2 ZMQbg/IO/0*2 pt_tcpstore_uv*1 cuda0000240000a*1 
2026-09-25T15:26:16+04:00	ck4g-mirror-1m	3	556609	556450	57	1155719168	932405248	python3*49 ZMQbg/Reaper*4 ZMQbg/IO/0*4 
2026-09-25T15:26:27+04:00	ck4g-mirror-1m	3	556434	488	2	7733248	3059712	uv*1 main2*1 
2026-09-25T15:26:27+04:00	ck4g-mirror-1m	3	556450	556434	57	1175179264	953024512	ft*51 ZMQbg/Reaper*3 ZMQbg/IO/0*3 
2026-09-25T15:26:27+04:00	ck4g-mirror-1m	3	556607	556450	1	12701696	5943296	python3*1 
2026-09-25T15:26:27+04:00	ck4g-mirror-1m	3	556608	556450	45	12852342784	12317409280	python3*36 pt_gloo_runloop*2 ZMQbg/Reaper*2 ZMQbg/IO/0*2 pt_tcpstore_uv*1 cuda0000240000a*1 
2026-09-25T15:26:27+04:00	ck4g-mirror-1m	3	556609	556450	57	1155719168	932405248	python3*49 ZMQbg/Reaper*4 ZMQbg/IO/0*4 
2026-09-25T15:26:37+04:00	ck4g-mirror-1m	3	556434	488	2	7733248	3059712	uv*1 main2*1 
2026-09-25T15:26:37+04:00	ck4g-mirror-1m	3	556450	556434	57	1175179264	953024512	ft*51 ZMQbg/Reaper*3 ZMQbg/IO/0*3 
2026-09-25T15:26:37+04:00	ck4g-mirror-1m	3	556607	556450	1	12701696	5943296	python3*1 
2026-09-25T15:26:37+04:00	ck4g-mirror-1m	3	556608	556450	45	12852342784	12317409280	python3*36 pt_gloo_runloop*2 ZMQbg/Reaper*2 ZMQbg/IO/0*2 pt_tcpstore_uv*1 cuda0000240000a*1 
2026-09-25T15:26:37+04:00	ck4g-mirror-1m	3	556609	556450	57	1155719168	932405248	python3*49 ZMQbg/Reaper*4 ZMQbg/IO/0*4 
2026-09-25T15:26:48+04:00	ck4g-mirror-1m	3	556434	488	2	7733248	3059712	uv*1 main2*1 
2026-09-25T15:26:48+04:00	ck4g-mirror-1m	3	556450	556434	57	1175179264	953024512	ft*51 ZMQbg/Reaper*3 ZMQbg/IO/0*3 
2026-09-25T15:26:48+04:00	ck4g-mirror-1m	3	556607	556450	1	12701696	5943296	python3*1 
2026-09-25T15:26:48+04:00	ck4g-mirror-1m	3	556608	556450	45	12852342784	12317409280	python3*36 pt_gloo_runloop*2 ZMQbg/Reaper*2 ZMQbg/IO/0*2 pt_tcpstore_uv*1 cuda0000240000a*1 
2026-09-25T15:26:48+04:00	ck4g-mirror-1m	3	556609	556450	57	1155719168	932405248	python3*49 ZMQbg/Reaper*4 ZMQbg/IO/0*4 
2026-09-25T15:26:59+04:00	ck4g-mirror-1m	3	556434	488	2	7733248	3059712	uv*1 main2*1 
2026-09-25T15:26:59+04:00	ck4g-mirror-1m	3	556450	556434	57	1175179264	953024512	ft*51 ZMQbg/Reaper*3 ZMQbg/IO/0*3 
2026-09-25T15:26:59+04:00	ck4g-mirror-1m	3	556607	556450	1	12701696	5943296	python3*1 
2026-09-25T15:26:59+04:00	ck4g-mirror-1m	3	556608	556450	45	12852342784	12317409280	python3*36 pt_gloo_runloop*2 ZMQbg/Reaper*2 ZMQbg/IO/0*2 pt_tcpstore_uv*1 cuda0000240000a*1 
2026-09-25T15:27:00+04:00	ck4g-mirror-1m	3	556609	556450	57	1155719168	932405248	python3*49 ZMQbg/Reaper*4 ZMQbg/IO/0*4 
2026-09-25T15:27:10+04:00	ck4g-mirror-1m	3	556434	488	2	7733248	3059712	uv*1 main2*1 
2026-09-25T15:27:10+04:00	ck4g-mirror-1m	3	556450	556434	57	1175179264	953024512	ft*51 ZMQbg/Reaper*3 ZMQbg/IO/0*3 
2026-09-25T15:27:10+04:00	ck4g-mirror-1m	3	556607	556450	1	12701696	5943296	python3*1 
2026-09-25T15:27:10+04:00	ck4g-mirror-1m	3	556608	556450	45	12852342784	12317409280	python3*36 pt_gloo_runloop*2 ZMQbg/Reaper*2 ZMQbg/IO/0*2 pt_tcpstore_uv*1 cuda0000240000a*1 
2026-09-25T15:27:10+04:00	ck4g-mirror-1m	3	556609	556450	57	1155719168	932405248	python3*49 ZMQbg/Reaper*4 ZMQbg/IO/0*4 
2026-09-25T15:27:20+04:00	ck4g-mirror-1m	3	556434	488	2	7733248	3059712	uv*1 main2*1 
2026-09-25T15:27:20+04:00	ck4g-mirror-1m	3	556450	556434	57	1175179264	953024512	ft*51 ZMQbg/Reaper*3 ZMQbg/IO/0*3 
2026-09-25T15:27:20+04:00	ck4g-mirror-1m	3	556607	556450	1	12701696	5943296	python3*1 
2026-09-25T15:27:20+04:00	ck4g-mirror-1m	3	556608	556450	45	12852342784	12317409280	python3*36 pt_gloo_runloop*2 ZMQbg/Reaper*2 ZMQbg/IO/0*2 pt_tcpstore_uv*1 cuda0000240000a*1 
2026-09-25T15:27:20+04:00	ck4g-mirror-1m	3	556609	556450	57	1155719168	932405248	python3*49 ZMQbg/Reaper*4 ZMQbg/IO/0*4 
2026-09-25T15:27:32+04:00	ck4g-mirror-1m	3	556434	488	2	7733248	3059712	uv*1 main2*1 
2026-09-25T15:27:32+04:00	ck4g-mirror-1m	3	556450	556434	57	1175179264	953024512	ft*51 ZMQbg/Reaper*3 ZMQbg/IO/0*3 
2026-09-25T15:27:32+04:00	ck4g-mirror-1m	3	556607	556450	1	12701696	5943296	python3*1 
2026-09-25T15:27:32+04:00	ck4g-mirror-1m	3	556608	556450	45	12852342784	12317409280	python3*36 pt_gloo_runloop*2 ZMQbg/Reaper*2 ZMQbg/IO/0*2 pt_tcpstore_uv*1 cuda0000240000a*1 
2026-09-25T15:27:32+04:00	ck4g-mirror-1m	3	556609	556450	57	1155719168	932405248	python3*49 ZMQbg/Reaper*4 ZMQbg/IO/0*4 
2026-09-25T15:27:42+04:00	ck4g-mirror-1m	3	556434	488	2	7733248	3059712	uv*1 main2*1 
2026-09-25T15:27:42+04:00	ck4g-mirror-1m	3	556450	556434	57	1175179264	953024512	ft*51 ZMQbg/Reaper*3 ZMQbg/IO/0*3 
2026-09-25T15:27:42+04:00	ck4g-mirror-1m	3	556607	556450	1	12701696	5943296	python3*1 
2026-09-25T15:27:42+04:00	ck4g-mirror-1m	3	556608	556450	45	12852342784	12317409280	python3*36 pt_gloo_runloop*2 ZMQbg/Reaper*2 ZMQbg/IO/0*2 pt_tcpstore_uv*1 cuda0000240000a*1 
2026-09-25T15:27:42+04:00	ck4g-mirror-1m	3	556609	556450	57	1155719168	932405248	python3*49 ZMQbg/Reaper*4 ZMQbg/IO/0*4 
2026-09-25T15:27:52+04:00	ck4g-mirror-1m	3	556434	488	2	7733248	3059712	uv*1 main2*1 
2026-09-25T15:27:52+04:00	ck4g-mirror-1m	3	556450	556434	57	1175179264	953024512	ft*51 ZMQbg/Reaper*3 ZMQbg/IO/0*3 
2026-09-25T15:27:52+04:00	ck4g-mirror-1m	3	556607	556450	1	12701696	5943296	python3*1 
2026-09-25T15:27:52+04:00	ck4g-mirror-1m	3	556608	556450	45	12852342784	12317409280	python3*36 pt_gloo_runloop*2 ZMQbg/Reaper*2 ZMQbg/IO/0*2 pt_tcpstore_uv*1 cuda0000240000a*1 
2026-09-25T15:27:53+04:00	ck4g-mirror-1m	3	556609	556450	57	1155719168	932405248	python3*49 ZMQbg/Reaper*4 ZMQbg/IO/0*4 
2026-09-25T15:28:04+04:00	ck4g-mirror-1m	3	556434	488	2	7733248	3059712	uv*1 main2*1 
2026-09-25T15:28:04+04:00	ck4g-mirror-1m	3	556450	556434	57	1175179264	953024512	ft*51 ZMQbg/Reaper*3 ZMQbg/IO/0*3 
2026-09-25T15:28:04+04:00	ck4g-mirror-1m	3	556607	556450	1	12701696	5943296	python3*1 
2026-09-25T15:28:04+04:00	ck4g-mirror-1m	3	556608	556450	45	12852342784	12317409280	python3*36 pt_gloo_runloop*2 ZMQbg/Reaper*2 ZMQbg/IO/0*2 pt_tcpstore_uv*1 cuda0000240000a*1 
2026-09-25T15:28:04+04:00	ck4g-mirror-1m	3	556609	556450	57	1155719168	932405248	python3*49 ZMQbg/Reaper*4 ZMQbg/IO/0*4 
2026-09-25T15:28:14+04:00	ck4g-mirror-1m	3	556434	488	2	7733248	3059712	uv*1 main2*1 
2026-09-25T15:28:14+04:00	ck4g-mirror-1m	3	556450	556434	57	1175179264	953024512	ft*51 ZMQbg/Reaper*3 ZMQbg/IO/0*3 
2026-09-25T15:28:14+04:00	ck4g-mirror-1m	3	556607	556450	1	12701696	5943296	python3*1 
2026-09-25T15:28:14+04:00	ck4g-mirror-1m	3	556608	556450	45	12852342784	12317409280	python3*36 pt_gloo_runloop*2 ZMQbg/Reaper*2 ZMQbg/IO/0*2 pt_tcpstore_uv*1 cuda0000240000a*1 
2026-09-25T15:28:15+04:00	ck4g-mirror-1m	3	556609	556450	57	1155719168	932405248	python3*49 ZMQbg/Reaper*4 ZMQbg/IO/0*4 
2026-09-25T15:28:25+04:00	ck4g-mirror-1m	3	556434	488	2	7733248	3059712	uv*1 main2*1 
2026-09-25T15:28:25+04:00	ck4g-mirror-1m	3	556450	556434	57	1175179264	953024512	ft*51 ZMQbg/Reaper*3 ZMQbg/IO/0*3 
2026-09-25T15:28:25+04:00	ck4g-mirror-1m	3	556607	556450	1	12701696	5943296	python3*1 
2026-09-25T15:28:25+04:00	ck4g-mirror-1m	3	556608	556450	45	12852342784	12317409280	python3*36 pt_gloo_runloop*2 ZMQbg/Reaper*2 ZMQbg/IO/0*2 pt_tcpstore_uv*1 cuda0000240000a*1 
2026-09-25T15:28:25+04:00	ck4g-mirror-1m	3	556609	556450	57	1155719168	932405248	python3*49 ZMQbg/Reaper*4 ZMQbg/IO/0*4 
2026-09-25T15:28:36+04:00	ck4g-mirror-1m	3	556434	488	2	7733248	3059712	uv*1 main2*1 
2026-09-25T15:28:36+04:00	ck4g-mirror-1m	3	556450	556434	57	1175179264	953024512	ft*51 ZMQbg/Reaper*3 ZMQbg/IO/0*3 
2026-09-25T15:28:36+04:00	ck4g-mirror-1m	3	556607	556450	1	12701696	5943296	python3*1 
2026-09-25T15:28:36+04:00	ck4g-mirror-1m	3	556608	556450	45	12852342784	12317409280	python3*36 pt_gloo_runloop*2 ZMQbg/Reaper*2 ZMQbg/IO/0*2 pt_tcpstore_uv*1 cuda0000240000a*1 
2026-09-25T15:28:37+04:00	ck4g-mirror-1m	3	556609	556450	57	1155719168	932405248	python3*49 ZMQbg/Reaper*4 ZMQbg/IO/0*4 
2026-09-25T15:28:47+04:00	ck4g-mirror-1m	3	556434	488	2	7733248	3059712	uv*1 main2*1 
2026-09-25T15:28:47+04:00	ck4g-mirror-1m	3	556450	556434	57	1175179264	953024512	ft*51 ZMQbg/Reaper*3 ZMQbg/IO/0*3 
2026-09-25T15:28:47+04:00	ck4g-mirror-1m	3	556607	556450	1	12701696	5943296	python3*1 
2026-09-25T15:28:47+04:00	ck4g-mirror-1m	3	556608	556450	45	12852342784	12317409280	python3*36 pt_gloo_runloop*2 ZMQbg/Reaper*2 ZMQbg/IO/0*2 pt_tcpstore_uv*1 cuda0000240000a*1 
2026-09-25T15:28:47+04:00	ck4g-mirror-1m	3	556609	556450	57	1155710976	932405248	python3*49 ZMQbg/Reaper*4 ZMQbg/IO/0*4 
2026-09-25T15:28:57+04:00	ck4g-mirror-1m	3	556434	488	2	7733248	3059712	uv*1 main2*1 
2026-09-25T15:28:57+04:00	ck4g-mirror-1m	3	556450	556434	57	1174970368	953024512	ft*51 ZMQbg/Reaper*3 ZMQbg/IO/0*3 
2026-09-25T15:28:57+04:00	ck4g-mirror-1m	3	556607	556450	1	12689408	5943296	python3*1 
2026-09-25T15:28:57+04:00	ck4g-mirror-1m	3	556608	556450	45	12852076544	12317409280	python3*36 pt_gloo_runloop*2 ZMQbg/Reaper*2 ZMQbg/IO/0*2 pt_tcpstore_uv*1 cuda0000240000a*1 
2026-09-25T15:28:57+04:00	ck4g-mirror-1m	3	556609	556450	57	1155514368	932405248	python3*49 ZMQbg/Reaper*4 ZMQbg/IO/0*4 
2026-09-25T15:29:09+04:00	ck4g-mirror-1m	3	556434	488	2	7733248	3059712	uv*1 main2*1 
2026-09-25T15:29:09+04:00	ck4g-mirror-1m	3	556450	556434	57	1174970368	953024512	ft*51 ZMQbg/Reaper*3 ZMQbg/IO/0*3 
2026-09-25T15:29:09+04:00	ck4g-mirror-1m	3	556607	556450	1	12689408	5943296	python3*1 
2026-09-25T15:29:09+04:00	ck4g-mirror-1m	3	556608	556450	45	12852076544	12317409280	python3*36 pt_gloo_runloop*2 ZMQbg/Reaper*2 ZMQbg/IO/0*2 pt_tcpstore_uv*1 cuda0000240000a*1 
2026-09-25T15:29:09+04:00	ck4g-mirror-1m	3	556609	556450	57	1155514368	932405248	python3*49 ZMQbg/Reaper*4 ZMQbg/IO/0*4 
2026-09-25T15:29:19+04:00	ck4g-mirror-1m	3	556434	488	2	7733248	3059712	uv*1 main2*1 
2026-09-25T15:29:19+04:00	ck4g-mirror-1m	3	556450	556434	57	1174970368	953024512	ft*51 ZMQbg/Reaper*3 ZMQbg/IO/0*3 
2026-09-25T15:29:19+04:00	ck4g-mirror-1m	3	556607	556450	1	12689408	5943296	python3*1 
2026-09-25T15:29:19+04:00	ck4g-mirror-1m	3	556608	556450	45	12852076544	12317409280	python3*36 pt_gloo_runloop*2 ZMQbg/Reaper*2 ZMQbg/IO/0*2 pt_tcpstore_uv*1 cuda0000240000a*1 
2026-09-25T15:29:19+04:00	ck4g-mirror-1m	3	556609	556450	57	1155514368	932405248	python3*49 ZMQbg/Reaper*4 ZMQbg/IO/0*4 
2026-09-25T15:29:29+04:00	ck4g-mirror-1m	3	556434	488	2	7733248	3059712	uv*1 main2*1 
2026-09-25T15:29:29+04:00	ck4g-mirror-1m	3	556450	556434	57	1174970368	953024512	ft*51 ZMQbg/Reaper*3 ZMQbg/IO/0*3 
2026-09-25T15:29:29+04:00	ck4g-mirror-1m	3	556607	556450	1	12689408	5943296	python3*1 
2026-09-25T15:29:29+04:00	ck4g-mirror-1m	3	556608	556450	45	12852076544	12317409280	python3*36 pt_gloo_runloop*2 ZMQbg/Reaper*2 ZMQbg/IO/0*2 pt_tcpstore_uv*1 cuda0000240000a*1 
2026-09-25T15:29:29+04:00	ck4g-mirror-1m	3	556609	556450	57	1155514368	932405248	python3*49 ZMQbg/Reaper*4 ZMQbg/IO/0*4 
2026-09-25T15:29:41+04:00	ck4g-mirror-1m	3	556434	488	2	7733248	3059712	uv*1 main2*1 
2026-09-25T15:29:41+04:00	ck4g-mirror-1m	3	556450	556434	57	1174970368	953024512	ft*51 ZMQbg/Reaper*3 ZMQbg/IO/0*3 
2026-09-25T15:29:41+04:00	ck4g-mirror-1m	3	556607	556450	1	12689408	5943296	python3*1 
2026-09-25T15:29:41+04:00	ck4g-mirror-1m	3	556608	556450	45	12852076544	12317409280	python3*36 pt_gloo_runloop*2 ZMQbg/Reaper*2 ZMQbg/IO/0*2 pt_tcpstore_uv*1 cuda0000240000a*1 
2026-09-25T15:29:41+04:00	ck4g-mirror-1m	3	556609	556450	57	1155514368	932405248	python3*49 ZMQbg/Reaper*4 ZMQbg/IO/0*4 
2026-09-25T15:29:51+04:00	ck4g-mirror-1m	3	556434	488	2	7733248	3059712	uv*1 main2*1 
2026-09-25T15:29:51+04:00	ck4g-mirror-1m	3	556450	556434	57	1174970368	953024512	ft*51 ZMQbg/Reaper*3 ZMQbg/IO/0*3 
2026-09-25T15:29:51+04:00	ck4g-mirror-1m	3	556607	556450	1	12689408	5943296	python3*1 
2026-09-25T15:29:51+04:00	ck4g-mirror-1m	3	556608	556450	45	12852076544	12317409280	python3*36 pt_gloo_runloop*2 ZMQbg/Reaper*2 ZMQbg/IO/0*2 pt_tcpstore_uv*1 cuda0000240000a*1 
2026-09-25T15:29:51+04:00	ck4g-mirror-1m	3	556609	556450	57	1155514368	932405248	python3*49 ZMQbg/Reaper*4 ZMQbg/IO/0*4 
2026-09-25T15:30:01+04:00	ck4g-mirror-1m	3	556434	488	2	7733248	3059712	uv*1 main2*1 
2026-09-25T15:30:01+04:00	ck4g-mirror-1m	3	556450	556434	57	1174970368	953024512	ft*51 ZMQbg/Reaper*3 ZMQbg/IO/0*3 
2026-09-25T15:30:01+04:00	ck4g-mirror-1m	3	556607	556450	1	12689408	5943296	python3*1 
2026-09-25T15:30:01+04:00	ck4g-mirror-1m	3	556608	556450	45	12852076544	12317409280	python3*36 pt_gloo_runloop*2 ZMQbg/Reaper*2 ZMQbg/IO/0*2 pt_tcpstore_uv*1 cuda0000240000a*1 
2026-09-25T15:30:02+04:00	ck4g-mirror-1m	3	556609	556450	57	1155514368	932405248	python3*49 ZMQbg/Reaper*4 ZMQbg/IO/0*4 
2026-09-25T15:30:12+04:00	ck4g-mirror-1m	3	556434	488	2	7733248	3059712	uv*1 main2*1 
2026-09-25T15:30:12+04:00	ck4g-mirror-1m	3	556450	556434	57	1174970368	953024512	ft*51 ZMQbg/Reaper*3 ZMQbg/IO/0*3 
2026-09-25T15:30:12+04:00	ck4g-mirror-1m	3	556607	556450	1	12689408	5943296	python3*1 
2026-09-25T15:30:12+04:00	ck4g-mirror-1m	3	556608	556450	45	12852076544	12317409280	python3*36 pt_gloo_runloop*2 ZMQbg/Reaper*2 ZMQbg/IO/0*2 pt_tcpstore_uv*1 cuda0000240000a*1 
2026-09-25T15:30:12+04:00	ck4g-mirror-1m	3	556609	556450	57	1155514368	932405248	python3*49 ZMQbg/Reaper*4 ZMQbg/IO/0*4 
2026-09-25T15:30:23+04:00	ck4g-mirror-1m	3	556434	488	2	7733248	3059712	uv*1 main2*1 
2026-09-25T15:30:23+04:00	ck4g-mirror-1m	3	556450	556434	57	1174970368	953024512	ft*51 ZMQbg/Reaper*3 ZMQbg/IO/0*3 
2026-09-25T15:30:23+04:00	ck4g-mirror-1m	3	556607	556450	1	12689408	5943296	python3*1 
2026-09-25T15:30:23+04:00	ck4g-mirror-1m	3	556608	556450	45	12852076544	12317409280	python3*36 pt_gloo_runloop*2 ZMQbg/Reaper*2 ZMQbg/IO/0*2 pt_tcpstore_uv*1 cuda0000240000a*1 
2026-09-25T15:30:24+04:00	ck4g-mirror-1m	3	556609	556450	57	1155514368	932405248	python3*49 ZMQbg/Reaper*4 ZMQbg/IO/0*4 
2026-09-25T15:30:34+04:00	ck4g-mirror-1m	3	556434	488	2	7733248	3059712	uv*1 main2*1 
2026-09-25T15:30:34+04:00	ck4g-mirror-1m	3	556450	556434	57	1174970368	953024512	ft*51 ZMQbg/Reaper*3 ZMQbg/IO/0*3 
2026-09-25T15:30:34+04:00	ck4g-mirror-1m	3	556607	556450	1	12689408	5943296	python3*1 
2026-09-25T15:30:34+04:00	ck4g-mirror-1m	3	556608	556450	45	12852076544	12317409280	python3*36 pt_gloo_runloop*2 ZMQbg/Reaper*2 ZMQbg/IO/0*2 pt_tcpstore_uv*1 cuda0000240000a*1 
2026-09-25T15:30:34+04:00	ck4g-mirror-1m	3	556609	556450	57	1155514368	932405248	python3*49 ZMQbg/Reaper*4 ZMQbg/IO/0*4 
2026-09-25T15:30:44+04:00	ck4g-mirror-1m	3	556434	488	2	7733248	3059712	uv*1 main2*1 
2026-09-25T15:30:44+04:00	ck4g-mirror-1m	3	556450	556434	57	1174970368	953024512	ft*51 ZMQbg/Reaper*3 ZMQbg/IO/0*3 
2026-09-25T15:30:44+04:00	ck4g-mirror-1m	3	556607	556450	1	12689408	5943296	python3*1 
2026-09-25T15:30:44+04:00	ck4g-mirror-1m	3	556608	556450	45	12852076544	12317409280	python3*36 pt_gloo_runloop*2 ZMQbg/Reaper*2 ZMQbg/IO/0*2 pt_tcpstore_uv*1 cuda0000240000a*1 
2026-09-25T15:30:44+04:00	ck4g-mirror-1m	3	556609	556450	57	1155514368	932405248	python3*49 ZMQbg/Reaper*4 ZMQbg/IO/0*4 
2026-09-25T15:30:56+04:00	ck4g-mirror-1m	3	556434	488	2	7733248	3059712	uv*1 main2*1 
2026-09-25T15:30:56+04:00	ck4g-mirror-1m	3	556450	556434	57	1174970368	953024512	ft*51 ZMQbg/Reaper*3 ZMQbg/IO/0*3 
2026-09-25T15:30:56+04:00	ck4g-mirror-1m	3	556607	556450	1	12689408	5943296	python3*1 
2026-09-25T15:30:56+04:00	ck4g-mirror-1m	3	556608	556450	45	12852076544	12317409280	python3*36 pt_gloo_runloop*2 ZMQbg/Reaper*2 ZMQbg/IO/0*2 pt_tcpstore_uv*1 cuda0000240000a*1 
2026-09-25T15:30:56+04:00	ck4g-mirror-1m	3	556609	556450	57	1155514368	932405248	python3*49 ZMQbg/Reaper*4 ZMQbg/IO/0*4 
2026-09-25T15:31:06+04:00	ck4g-mirror-1m	4	556434	488	2	7733248	3059712	uv*1 main2*1 
2026-09-25T15:31:06+04:00	ck4g-mirror-1m	4	556450	556434	57	1174982656	953028608	ft*51 ZMQbg/Reaper*3 ZMQbg/IO/0*3 
2026-09-25T15:31:06+04:00	ck4g-mirror-1m	4	556607	556450	1	12689408	5943296	python3*1 
2026-09-25T15:31:06+04:00	ck4g-mirror-1m	4	556608	556450	45	12852080640	12317413376	python3*36 pt_gloo_runloop*2 ZMQbg/Reaper*2 ZMQbg/IO/0*2 pt_tcpstore_uv*1 cuda0000240000a*1 
2026-09-25T15:31:06+04:00	ck4g-mirror-1m	4	556609	556450	57	1155522560	932405248	python3*49 ZMQbg/Reaper*4 ZMQbg/IO/0*4 
2026-09-25T15:31:16+04:00	ck4g-mirror-1m	4	556434	488	2	7733248	3059712	uv*1 main2*1 
2026-09-25T15:31:16+04:00	ck4g-mirror-1m	4	556450	556434	57	1174982656	953028608	ft*51 ZMQbg/Reaper*3 ZMQbg/IO/0*3 
2026-09-25T15:31:16+04:00	ck4g-mirror-1m	4	556607	556450	1	12689408	5943296	python3*1 
2026-09-25T15:31:16+04:00	ck4g-mirror-1m	4	556608	556450	45	12852080640	12317413376	python3*36 pt_gloo_runloop*2 ZMQbg/Reaper*2 ZMQbg/IO/0*2 pt_tcpstore_uv*1 cuda0000240000a*1 
2026-09-25T15:31:16+04:00	ck4g-mirror-1m	4	556609	556450	57	1155522560	932405248	python3*49 ZMQbg/Reaper*4 ZMQbg/IO/0*4 
2026-09-25T15:31:28+04:00	ck4g-mirror-1m	4	556434	488	2	7733248	3059712	uv*1 main2*1 
2026-09-25T15:31:28+04:00	ck4g-mirror-1m	4	556450	556434	57	1174982656	953028608	ft*51 ZMQbg/Reaper*3 ZMQbg/IO/0*3 
2026-09-25T15:31:28+04:00	ck4g-mirror-1m	4	556607	556450	1	12689408	5943296	python3*1 
2026-09-25T15:31:28+04:00	ck4g-mirror-1m	4	556608	556450	45	12852080640	12317413376	python3*36 pt_gloo_runloop*2 ZMQbg/Reaper*2 ZMQbg/IO/0*2 pt_tcpstore_uv*1 cuda0000240000a*1 
2026-09-25T15:31:28+04:00	ck4g-mirror-1m	4	556609	556450	57	1155522560	932405248	python3*49 ZMQbg/Reaper*4 ZMQbg/IO/0*4 
2026-09-25T15:31:38+04:00	ck4g-mirror-1m	4	556434	488	2	7733248	3059712	uv*1 main2*1 
2026-09-25T15:31:38+04:00	ck4g-mirror-1m	4	556450	556434	57	1174982656	953028608	ft*51 ZMQbg/Reaper*3 ZMQbg/IO/0*3 
2026-09-25T15:31:38+04:00	ck4g-mirror-1m	4	556607	556450	1	12689408	5943296	python3*1 
2026-09-25T15:31:38+04:00	ck4g-mirror-1m	4	556608	556450	45	12852080640	12317413376	python3*36 pt_gloo_runloop*2 ZMQbg/Reaper*2 ZMQbg/IO/0*2 pt_tcpstore_uv*1 cuda0000240000a*1 
2026-09-25T15:31:38+04:00	ck4g-mirror-1m	4	556609	556450	57	1155522560	932405248	python3*49 ZMQbg/Reaper*4 ZMQbg/IO/0*4 
2026-09-25T15:31:48+04:00	ck4g-mirror-1m	4	556434	488	2	7733248	3059712	uv*1 main2*1 
2026-09-25T15:31:48+04:00	ck4g-mirror-1m	4	556450	556434	57	1174990848	953036800	ft*51 ZMQbg/Reaper*3 ZMQbg/IO/0*3 
2026-09-25T15:31:49+04:00	ck4g-mirror-1m	4	556607	556450	1	12689408	5943296	python3*1 
2026-09-25T15:31:49+04:00	ck4g-mirror-1m	4	556608	556450	45	12852080640	12317413376	python3*36 pt_gloo_runloop*2 ZMQbg/Reaper*2 ZMQbg/IO/0*2 pt_tcpstore_uv*1 cuda0000240000a*1 
2026-09-25T15:31:49+04:00	ck4g-mirror-1m	4	556609	556450	57	1155522560	932405248	python3*49 ZMQbg/Reaper*4 ZMQbg/IO/0*4 
2026-09-25T15:32:00+04:00	ck4g-mirror-1m	4	556434	488	2	7233536	3059712	uv*1 main2*1 
2026-09-25T15:32:00+04:00	ck4g-mirror-1m	4	556450	556434	57	1107243008	953036800	ft*51 ZMQbg/Reaper*3 ZMQbg/IO/0*3 
2026-09-25T15:32:00+04:00	ck4g-mirror-1m	4	556607	556450	1	12689408	5943296	python3*1 
2026-09-25T15:32:00+04:00	ck4g-mirror-1m	4	556608	556450	45	12757635072	12317413376	python3*36 pt_gloo_runloop*2 ZMQbg/Reaper*2 ZMQbg/IO/0*2 pt_tcpstore_uv*1 cuda0000240000a*1 
2026-09-25T15:32:00+04:00	ck4g-mirror-1m	4	556609	556450	57	1086181376	932405248	python3*49 ZMQbg/Reaper*4 ZMQbg/IO/0*4 
2026-09-25T15:32:11+04:00	ck4g-mirror-1m	4	556434	488	2	6942720	3059712	uv*1 main2*1 
2026-09-25T15:32:11+04:00	ck4g-mirror-1m	4	556450	556434	57	1082425344	953036800	ft*51 ZMQbg/Reaper*3 ZMQbg/IO/0*3 
2026-09-25T15:32:11+04:00	ck4g-mirror-1m	4	556607	556450	1	12681216	5943296	python3*1 
2026-09-25T15:32:11+04:00	ck4g-mirror-1m	4	556608	556450	45	12730978304	12317413376	python3*36 pt_gloo_runloop*2 ZMQbg/Reaper*2 ZMQbg/IO/0*2 pt_tcpstore_uv*1 cuda0000240000a*1 
2026-09-25T15:32:11+04:00	ck4g-mirror-1m	4	556609	556450	57	1061154816	932405248	python3*49 ZMQbg/Reaper*4 ZMQbg/IO/0*4 
2026-09-25T15:32:21+04:00	ck4g-mirror-1m	4	556434	488	2	6897664	3059712	uv*1 main2*1 
2026-09-25T15:32:21+04:00	ck4g-mirror-1m	4	556450	556434	57	1081176064	953036800	ft*51 ZMQbg/Reaper*3 ZMQbg/IO/0*3 
2026-09-25T15:32:21+04:00	ck4g-mirror-1m	4	556607	556450	1	12681216	5943296	python3*1 
2026-09-25T15:32:21+04:00	ck4g-mirror-1m	4	556608	556450	45	12729622528	12317413376	python3*36 pt_gloo_runloop*2 ZMQbg/Reaper*2 ZMQbg/IO/0*2 pt_tcpstore_uv*1 cuda0000240000a*1 
2026-09-25T15:32:21+04:00	ck4g-mirror-1m	4	556609	556450	57	1059905536	932405248	python3*49 ZMQbg/Reaper*4 ZMQbg/IO/0*4 
2026-09-25T15:32:32+04:00	ck4g-mirror-1m	4	556434	488	2	6844416	3059712	uv*1 main2*1 
2026-09-25T15:32:32+04:00	ck4g-mirror-1m	4	556450	556434	57	1079050240	953036800	ft*51 ZMQbg/Reaper*3 ZMQbg/IO/0*3 
2026-09-25T15:32:32+04:00	ck4g-mirror-1m	4	556607	556450	1	12681216	5943296	python3*1 
2026-09-25T15:32:32+04:00	ck4g-mirror-1m	4	556608	556450	45	12726968320	12317413376	python3*36 pt_gloo_runloop*2 ZMQbg/Reaper*2 ZMQbg/IO/0*2 pt_tcpstore_uv*1 cuda0000240000a*1 
2026-09-25T15:32:33+04:00	ck4g-mirror-1m	4	556609	556450	57	1057779712	932405248	python3*49 ZMQbg/Reaper*4 ZMQbg/IO/0*4 
2026-09-25T15:32:43+04:00	ck4g-mirror-1m	4	556434	488	2	6844416	3059712	uv*1 main2*1 
2026-09-25T15:32:43+04:00	ck4g-mirror-1m	4	556450	556434	57	1079050240	953036800	ft*51 ZMQbg/Reaper*3 ZMQbg/IO/0*3 
2026-09-25T15:32:43+04:00	ck4g-mirror-1m	4	556607	556450	1	12681216	5943296	python3*1 
2026-09-25T15:32:43+04:00	ck4g-mirror-1m	4	556608	556450	45	12726968320	12317413376	python3*36 pt_gloo_runloop*2 ZMQbg/Reaper*2 ZMQbg/IO/0*2 pt_tcpstore_uv*1 cuda0000240000a*1 
2026-09-25T15:32:43+04:00	ck4g-mirror-1m	4	556609	556450	57	1057779712	932405248	python3*49 ZMQbg/Reaper*4 ZMQbg/IO/0*4 
2026-09-25T15:32:53+04:00	ck4g-mirror-1m	4	556434	488	2	6844416	3059712	uv*1 main2*1 
2026-09-25T15:32:53+04:00	ck4g-mirror-1m	4	556450	556434	57	1079050240	953036800	ft*51 ZMQbg/Reaper*3 ZMQbg/IO/0*3 
2026-09-25T15:32:53+04:00	ck4g-mirror-1m	4	556607	556450	1	12681216	5943296	python3*1 
2026-09-25T15:32:53+04:00	ck4g-mirror-1m	4	556608	556450	45	12726968320	12317413376	python3*36 pt_gloo_runloop*2 ZMQbg/Reaper*2 ZMQbg/IO/0*2 pt_tcpstore_uv*1 cuda0000240000a*1 
2026-09-25T15:32:53+04:00	ck4g-mirror-1m	4	556609	556450	57	1057779712	932405248	python3*49 ZMQbg/Reaper*4 ZMQbg/IO/0*4 
2026-09-25T15:33:05+04:00	ck4g-mirror-1m	4	556434	488	2	6844416	3059712	uv*1 main2*1 
2026-09-25T15:33:05+04:00	ck4g-mirror-1m	4	556450	556434	57	1079050240	953036800	ft*51 ZMQbg/Reaper*3 ZMQbg/IO/0*3 
2026-09-25T15:33:05+04:00	ck4g-mirror-1m	4	556607	556450	1	12681216	5943296	python3*1 
2026-09-25T15:33:05+04:00	ck4g-mirror-1m	4	556608	556450	45	12726968320	12317413376	python3*36 pt_gloo_runloop*2 ZMQbg/Reaper*2 ZMQbg/IO/0*2 pt_tcpstore_uv*1 cuda0000240000a*1 
2026-09-25T15:33:05+04:00	ck4g-mirror-1m	4	556609	556450	57	1057779712	932405248	python3*49 ZMQbg/Reaper*4 ZMQbg/IO/0*4 
2026-09-25T15:33:15+04:00	ck4g-mirror-1m	4	556434	488	2	6844416	3059712	uv*1 main2*1 
2026-09-25T15:33:15+04:00	ck4g-mirror-1m	4	556450	556434	57	1079050240	953036800	ft*51 ZMQbg/Reaper*3 ZMQbg/IO/0*3 
2026-09-25T15:33:15+04:00	ck4g-mirror-1m	4	556607	556450	1	12681216	5943296	python3*1 
2026-09-25T15:33:15+04:00	ck4g-mirror-1m	4	556608	556450	45	12726968320	12317413376	python3*36 pt_gloo_runloop*2 ZMQbg/Reaper*2 ZMQbg/IO/0*2 pt_tcpstore_uv*1 cuda0000240000a*1 
2026-09-25T15:33:15+04:00	ck4g-mirror-1m	4	556609	556450	57	1057779712	932405248	python3*49 ZMQbg/Reaper*4 ZMQbg/IO/0*4 
2026-09-25T15:33:25+04:00	ck4g-mirror-1m	4	556434	488	2	6844416	3059712	uv*1 main2*1 
2026-09-25T15:33:25+04:00	ck4g-mirror-1m	4	556450	556434	57	1079050240	953036800	ft*51 ZMQbg/Reaper*3 ZMQbg/IO/0*3 
2026-09-25T15:33:25+04:00	ck4g-mirror-1m	4	556607	556450	1	12681216	5943296	python3*1 
2026-09-25T15:33:25+04:00	ck4g-mirror-1m	4	556608	556450	45	12726968320	12317413376	python3*36 pt_gloo_runloop*2 ZMQbg/Reaper*2 ZMQbg/IO/0*2 pt_tcpstore_uv*1 cuda0000240000a*1 
2026-09-25T15:33:25+04:00	ck4g-mirror-1m	4	556609	556450	57	1057779712	932405248	python3*49 ZMQbg/Reaper*4 ZMQbg/IO/0*4 
2026-09-25T15:33:37+04:00	ck4g-mirror-1m	4	556434	488	2	6844416	3059712	uv*1 main2*1 
2026-09-25T15:33:37+04:00	ck4g-mirror-1m	4	556450	556434	57	1079050240	953036800	ft*51 ZMQbg/Reaper*3 ZMQbg/IO/0*3 
2026-09-25T15:33:37+04:00	ck4g-mirror-1m	4	556607	556450	1	12681216	5943296	python3*1 
2026-09-25T15:33:37+04:00	ck4g-mirror-1m	4	556608	556450	45	12726968320	12317413376	python3*36 pt_gloo_runloop*2 ZMQbg/Reaper*2 ZMQbg/IO/0*2 pt_tcpstore_uv*1 cuda0000240000a*1 
2026-09-25T15:33:37+04:00	ck4g-mirror-1m	4	556609	556450	57	1057779712	932405248	python3*49 ZMQbg/Reaper*4 ZMQbg/IO/0*4 
2026-09-25T15:33:47+04:00	ck4g-mirror-1m	4	556434	488	2	6844416	3059712	uv*1 main2*1 
2026-09-25T15:33:47+04:00	ck4g-mirror-1m	4	556450	556434	57	1079050240	953036800	ft*51 ZMQbg/Reaper*3 ZMQbg/IO/0*3 
2026-09-25T15:33:47+04:00	ck4g-mirror-1m	4	556607	556450	1	12681216	5943296	python3*1 
2026-09-25T15:33:47+04:00	ck4g-mirror-1m	4	556608	556450	45	12726968320	12317413376	python3*36 pt_gloo_runloop*2 ZMQbg/Reaper*2 ZMQbg/IO/0*2 pt_tcpstore_uv*1 cuda0000240000a*1 
2026-09-25T15:33:47+04:00	ck4g-mirror-1m	4	556609	556450	57	1057779712	932405248	python3*49 ZMQbg/Reaper*4 ZMQbg/IO/0*4 
2026-09-25T15:33:57+04:00	ck4g-mirror-1m	4	556434	488	2	6844416	3059712	uv*1 main2*1 
2026-09-25T15:33:57+04:00	ck4g-mirror-1m	4	556450	556434	57	1079050240	953036800	ft*51 ZMQbg/Reaper*3 ZMQbg/IO/0*3 
2026-09-25T15:33:57+04:00	ck4g-mirror-1m	4	556607	556450	1	12681216	5943296	python3*1 
2026-09-25T15:33:57+04:00	ck4g-mirror-1m	4	556608	556450	45	12726968320	12317413376	python3*36 pt_gloo_runloop*2 ZMQbg/Reaper*2 ZMQbg/IO/0*2 pt_tcpstore_uv*1 cuda0000240000a*1 
2026-09-25T15:33:58+04:00	ck4g-mirror-1m	4	556609	556450	57	1057779712	932405248	python3*49 ZMQbg/Reaper*4 ZMQbg/IO/0*4 
2026-09-25T15:34:09+04:00	ck4g-mirror-1m	4	556434	488	2	6844416	3059712	uv*1 main2*1 
2026-09-25T15:34:09+04:00	ck4g-mirror-1m	4	556450	556434	57	1079050240	953036800	ft*51 ZMQbg/Reaper*3 ZMQbg/IO/0*3 
2026-09-25T15:34:09+04:00	ck4g-mirror-1m	4	556607	556450	1	12681216	5943296	python3*1 
2026-09-25T15:34:09+04:00	ck4g-mirror-1m	4	556608	556450	45	12726968320	12317413376	python3*36 pt_gloo_runloop*2 ZMQbg/Reaper*2 ZMQbg/IO/0*2 pt_tcpstore_uv*1 cuda0000240000a*1 
2026-09-25T15:34:09+04:00	ck4g-mirror-1m	4	556609	556450	57	1057779712	932405248	python3*49 ZMQbg/Reaper*4 ZMQbg/IO/0*4 
2026-09-25T15:34:19+04:00	ck4g-mirror-1m	4	556434	488	2	6844416	3059712	uv*1 main2*1 
2026-09-25T15:34:19+04:00	ck4g-mirror-1m	4	556450	556434	57	1079050240	953036800	ft*51 ZMQbg/Reaper*3 ZMQbg/IO/0*3 
2026-09-25T15:34:19+04:00	ck4g-mirror-1m	4	556607	556450	1	12681216	5943296	python3*1 
2026-09-25T15:34:19+04:00	ck4g-mirror-1m	4	556608	556450	45	12726968320	12317413376	python3*36 pt_gloo_runloop*2 ZMQbg/Reaper*2 ZMQbg/IO/0*2 pt_tcpstore_uv*1 cuda0000240000a*1 
2026-09-25T15:34:19+04:00	ck4g-mirror-1m	4	556609	556450	57	1057779712	932405248	python3*49 ZMQbg/Reaper*4 ZMQbg/IO/0*4 
2026-09-25T15:34:29+04:00	ck4g-mirror-1m	4	556434	488	2	6844416	3059712	uv*1 main2*1 
2026-09-25T15:34:29+04:00	ck4g-mirror-1m	4	556450	556434	57	1079050240	953036800	ft*51 ZMQbg/Reaper*3 ZMQbg/IO/0*3 
2026-09-25T15:34:29+04:00	ck4g-mirror-1m	4	556607	556450	1	12681216	5943296	python3*1 
2026-09-25T15:34:29+04:00	ck4g-mirror-1m	4	556608	556450	45	12726968320	12317413376	python3*36 pt_gloo_runloop*2 ZMQbg/Reaper*2 ZMQbg/IO/0*2 pt_tcpstore_uv*1 cuda0000240000a*1 
2026-09-25T15:34:30+04:00	ck4g-mirror-1m	4	556609	556450	57	1057779712	932405248	python3*49 ZMQbg/Reaper*4 ZMQbg/IO/0*4 
2026-09-25T15:34:40+04:00	ck4g-mirror-1m	4	556434	488	2	6844416	3059712	uv*1 main2*1 
2026-09-25T15:34:40+04:00	ck4g-mirror-1m	4	556450	556434	57	1079050240	953036800	ft*51 ZMQbg/Reaper*3 ZMQbg/IO/0*3 
2026-09-25T15:34:40+04:00	ck4g-mirror-1m	4	556607	556450	1	12681216	5943296	python3*1 
2026-09-25T15:34:40+04:00	ck4g-mirror-1m	4	556608	556450	45	12726968320	12317413376	python3*36 pt_gloo_runloop*2 ZMQbg/Reaper*2 ZMQbg/IO/0*2 pt_tcpstore_uv*1 cuda0000240000a*1 
2026-09-25T15:34:40+04:00	ck4g-mirror-1m	4	556609	556450	57	1057779712	932405248	python3*49 ZMQbg/Reaper*4 ZMQbg/IO/0*4 
2026-09-25T15:34:50+04:00	ck4g-mirror-1m	4	556434	488	2	6844416	3059712	uv*1 main2*1 
2026-09-25T15:34:50+04:00	ck4g-mirror-1m	4	556450	556434	57	1079050240	953036800	ft*51 ZMQbg/Reaper*3 ZMQbg/IO/0*3 
2026-09-25T15:34:50+04:00	ck4g-mirror-1m	4	556607	556450	1	12681216	5943296	python3*1 
2026-09-25T15:34:50+04:00	ck4g-mirror-1m	4	556608	556450	45	12726968320	12317413376	python3*36 pt_gloo_runloop*2 ZMQbg/Reaper*2 ZMQbg/IO/0*2 pt_tcpstore_uv*1 cuda0000240000a*1 
2026-09-25T15:34:50+04:00	ck4g-mirror-1m	4	556609	556450	57	1057779712	932405248	python3*49 ZMQbg/Reaper*4 ZMQbg/IO/0*4 
2026-09-25T15:35:00+04:00	ck4g-mirror-1m	4	556434	488	2	6844416	3059712	uv*1 main2*1 
2026-09-25T15:35:00+04:00	ck4g-mirror-1m	4	556450	556434	57	1079050240	953036800	ft*51 ZMQbg/Reaper*3 ZMQbg/IO/0*3 
2026-09-25T15:35:00+04:00	ck4g-mirror-1m	4	556607	556450	1	12681216	5943296	python3*1 
2026-09-25T15:35:00+04:00	ck4g-mirror-1m	4	556608	556450	45	12726968320	12317413376	python3*36 pt_gloo_runloop*2 ZMQbg/Reaper*2 ZMQbg/IO/0*2 pt_tcpstore_uv*1 cuda0000240000a*1 
2026-09-25T15:35:00+04:00	ck4g-mirror-1m	4	556609	556450	57	1057779712	932405248	python3*49 ZMQbg/Reaper*4 ZMQbg/IO/0*4 
2026-09-25T15:35:11+04:00	ck4g-mirror-1m	4	556434	488	2	6844416	3059712	uv*1 main2*1 
2026-09-25T15:35:11+04:00	ck4g-mirror-1m	4	556450	556434	57	1079050240	953036800	ft*51 ZMQbg/Reaper*3 ZMQbg/IO/0*3 
2026-09-25T15:35:11+04:00	ck4g-mirror-1m	4	556607	556450	1	12681216	5943296	python3*1 
2026-09-25T15:35:11+04:00	ck4g-mirror-1m	4	556608	556450	45	12726968320	12317413376	python3*36 pt_gloo_runloop*2 ZMQbg/Reaper*2 ZMQbg/IO/0*2 pt_tcpstore_uv*1 cuda0000240000a*1 
2026-09-25T15:35:11+04:00	ck4g-mirror-1m	4	556609	556450	57	1057779712	932405248	python3*49 ZMQbg/Reaper*4 ZMQbg/IO/0*4 
2026-09-25T15:35:21+04:00	ck4g-mirror-1m	4	556434	488	2	6844416	3059712	uv*1 main2*1 
2026-09-25T15:35:21+04:00	ck4g-mirror-1m	4	556450	556434	57	1079050240	953036800	ft*51 ZMQbg/Reaper*3 ZMQbg/IO/0*3 
2026-09-25T15:35:21+04:00	ck4g-mirror-1m	4	556607	556450	1	12681216	5943296	python3*1 
2026-09-25T15:35:21+04:00	ck4g-mirror-1m	4	556608	556450	45	12726968320	12317413376	python3*36 pt_gloo_runloop*2 ZMQbg/Reaper*2 ZMQbg/IO/0*2 pt_tcpstore_uv*1 cuda0000240000a*1 
2026-09-25T15:35:21+04:00	ck4g-mirror-1m	4	556609	556450	57	1057779712	932405248	python3*49 ZMQbg/Reaper*4 ZMQbg/IO/0*4 
2026-09-25T15:35:31+04:00	ck4g-mirror-1m	4	556434	488	2	6844416	3059712	uv*1 main2*1 
2026-09-25T15:35:31+04:00	ck4g-mirror-1m	4	556450	556434	57	1079050240	953036800	ft*51 ZMQbg/Reaper*3 ZMQbg/IO/0*3 
2026-09-25T15:35:31+04:00	ck4g-mirror-1m	4	556607	556450	1	12681216	5943296	python3*1 
2026-09-25T15:35:31+04:00	ck4g-mirror-1m	4	556608	556450	45	12726968320	12317413376	python3*36 pt_gloo_runloop*2 ZMQbg/Reaper*2 ZMQbg/IO/0*2 pt_tcpstore_uv*1 cuda0000240000a*1 
2026-09-25T15:35:32+04:00	ck4g-mirror-1m	4	556609	556450	57	1057779712	932405248	python3*49 ZMQbg/Reaper*4 ZMQbg/IO/0*4 
2026-09-25T15:35:42+04:00	ck4g-mirror-1m	4	556434	488	2	6844416	3059712	uv*1 main2*1 
2026-09-25T15:35:42+04:00	ck4g-mirror-1m	4	556450	556434	57	1079050240	953036800	ft*51 ZMQbg/Reaper*3 ZMQbg/IO/0*3 
2026-09-25T15:35:42+04:00	ck4g-mirror-1m	4	556607	556450	1	12681216	5943296	python3*1 
2026-09-25T15:35:42+04:00	ck4g-mirror-1m	4	556608	556450	45	12726968320	12317413376	python3*36 pt_gloo_runloop*2 ZMQbg/Reaper*2 ZMQbg/IO/0*2 pt_tcpstore_uv*1 cuda0000240000a*1 
2026-09-25T15:35:42+04:00	ck4g-mirror-1m	4	556609	556450	57	1057779712	932405248	python3*49 ZMQbg/Reaper*4 ZMQbg/IO/0*4 
2026-09-25T15:35:53+04:00	ck4g-mirror-1m	4	556434	488	2	6844416	3059712	uv*1 main2*1 
2026-09-25T15:35:53+04:00	ck4g-mirror-1m	4	556450	556434	57	1079050240	953036800	ft*51 ZMQbg/Reaper*3 ZMQbg/IO/0*3 
2026-09-25T15:35:53+04:00	ck4g-mirror-1m	4	556607	556450	1	12681216	5943296	python3*1 
2026-09-25T15:35:53+04:00	ck4g-mirror-1m	4	556608	556450	45	12726968320	12317413376	python3*36 pt_gloo_runloop*2 ZMQbg/Reaper*2 ZMQbg/IO/0*2 pt_tcpstore_uv*1 cuda0000240000a*1 
2026-09-25T15:35:53+04:00	ck4g-mirror-1m	4	556609	556450	57	1057779712	932405248	python3*49 ZMQbg/Reaper*4 ZMQbg/IO/0*4 
2026-09-25T15:36:03+04:00	ck4g-mirror-1m	4	556434	488	2	6844416	3059712	uv*1 main2*1 
2026-09-25T15:36:03+04:00	ck4g-mirror-1m	4	556450	556434	57	1079050240	953036800	ft*51 ZMQbg/Reaper*3 ZMQbg/IO/0*3 
2026-09-25T15:36:03+04:00	ck4g-mirror-1m	4	556607	556450	1	12681216	5943296	python3*1 
2026-09-25T15:36:03+04:00	ck4g-mirror-1m	4	556608	556450	45	12726968320	12317413376	python3*36 pt_gloo_runloop*2 ZMQbg/Reaper*2 ZMQbg/IO/0*2 pt_tcpstore_uv*1 cuda0000240000a*1 
2026-09-25T15:36:03+04:00	ck4g-mirror-1m	4	556609	556450	57	1057779712	932405248	python3*49 ZMQbg/Reaper*4 ZMQbg/IO/0*4 
2026-09-25T15:36:13+04:00	ck4g-mirror-1m	4	556434	488	2	6844416	3059712	uv*1 main2*1 
2026-09-25T15:36:13+04:00	ck4g-mirror-1m	4	556450	556434	57	1079050240	953036800	ft*51 ZMQbg/Reaper*3 ZMQbg/IO/0*3 
2026-09-25T15:36:13+04:00	ck4g-mirror-1m	4	556607	556450	1	12681216	5943296	python3*1 
2026-09-25T15:36:13+04:00	ck4g-mirror-1m	4	556608	556450	45	12726968320	12317413376	python3*36 pt_gloo_runloop*2 ZMQbg/Reaper*2 ZMQbg/IO/0*2 pt_tcpstore_uv*1 cuda0000240000a*1 
2026-09-25T15:36:13+04:00	ck4g-mirror-1m	4	556609	556450	57	1057779712	932405248	python3*49 ZMQbg/Reaper*4 ZMQbg/IO/0*4 
2026-09-25T15:36:24+04:00	ck4g-mirror-1m	4	556434	488	2	6844416	3059712	uv*1 main2*1 
2026-09-25T15:36:24+04:00	ck4g-mirror-1m	4	556450	556434	57	1079050240	953036800	ft*51 ZMQbg/Reaper*3 ZMQbg/IO/0*3 
2026-09-25T15:36:24+04:00	ck4g-mirror-1m	4	556607	556450	1	12681216	5943296	python3*1 
2026-09-25T15:36:24+04:00	ck4g-mirror-1m	4	556608	556450	45	12726968320	12317413376	python3*36 pt_gloo_runloop*2 ZMQbg/Reaper*2 ZMQbg/IO/0*2 pt_tcpstore_uv*1 cuda0000240000a*1 
2026-09-25T15:36:25+04:00	ck4g-mirror-1m	4	556609	556450	57	1057779712	932405248	python3*49 ZMQbg/Reaper*4 ZMQbg/IO/0*4 
2026-09-25T15:36:35+04:00	ck4g-mirror-1m	4	556434	488	2	6844416	3059712	uv*1 main2*1 
2026-09-25T15:36:35+04:00	ck4g-mirror-1m	4	556450	556434	57	1079050240	953036800	ft*51 ZMQbg/Reaper*3 ZMQbg/IO/0*3 
2026-09-25T15:36:35+04:00	ck4g-mirror-1m	4	556607	556450	1	12681216	5943296	python3*1 
2026-09-25T15:36:35+04:00	ck4g-mirror-1m	4	556608	556450	45	12726968320	12317413376	python3*36 pt_gloo_runloop*2 ZMQbg/Reaper*2 ZMQbg/IO/0*2 pt_tcpstore_uv*1 cuda0000240000a*1 
2026-09-25T15:36:35+04:00	ck4g-mirror-1m	4	556609	556450	57	1057779712	932405248	python3*49 ZMQbg/Reaper*4 ZMQbg/IO/0*4 
2026-09-25T15:36:45+04:00	ck4g-mirror-1m	4	556434	488	2	6844416	3059712	uv*1 main2*1 
2026-09-25T15:36:45+04:00	ck4g-mirror-1m	4	556450	556434	57	1079062528	953044992	ft*51 ZMQbg/Reaper*3 ZMQbg/IO/0*3 
2026-09-25T15:36:45+04:00	ck4g-mirror-1m	4	556607	556450	1	12681216	5943296	python3*1 
2026-09-25T15:36:45+04:00	ck4g-mirror-1m	4	556608	556450	45	12726259712	12316667904	python3*36 pt_gloo_runloop*2 ZMQbg/Reaper*2 ZMQbg/IO/0*2 pt_tcpstore_uv*1 cuda0000240000a*1 
2026-09-25T15:36:45+04:00	ck4g-mirror-1m	4	556609	556450	57	1057783808	932405248	python3*49 ZMQbg/Reaper*4 ZMQbg/IO/0*4 
2026-09-25T15:36:56+04:00	ck4g-mirror-1m	4	556434	488	2	6844416	3059712	uv*1 main2*1 
2026-09-25T15:36:56+04:00	ck4g-mirror-1m	4	556450	556434	57	1079062528	953044992	ft*51 ZMQbg/Reaper*3 ZMQbg/IO/0*3 
2026-09-25T15:36:56+04:00	ck4g-mirror-1m	4	556607	556450	1	12681216	5943296	python3*1 
2026-09-25T15:36:56+04:00	ck4g-mirror-1m	4	556608	556450	45	12726272000	12316680192	python3*36 pt_gloo_runloop*2 ZMQbg/Reaper*2 ZMQbg/IO/0*2 pt_tcpstore_uv*1 cuda0000240000a*1 
2026-09-25T15:36:56+04:00	ck4g-mirror-1m	4	556609	556450	57	1057787904	932409344	python3*49 ZMQbg/Reaper*4 ZMQbg/IO/0*4 
2026-09-25T15:37:07+04:00	ck4g-mirror-1m	4	556434	488	2	6844416	3059712	uv*1 main2*1 
2026-09-25T15:37:07+04:00	ck4g-mirror-1m	4	556450	556434	57	1079062528	953044992	ft*51 ZMQbg/Reaper*3 ZMQbg/IO/0*3 
2026-09-25T15:37:07+04:00	ck4g-mirror-1m	4	556607	556450	1	12681216	5943296	python3*1 
2026-09-25T15:37:07+04:00	ck4g-mirror-1m	4	556608	556450	45	12726272000	12316680192	python3*36 pt_gloo_runloop*2 ZMQbg/Reaper*2 ZMQbg/IO/0*2 pt_tcpstore_uv*1 cuda0000240000a*1 
2026-09-25T15:37:07+04:00	ck4g-mirror-1m	4	556609	556450	57	1057787904	932409344	python3*49 ZMQbg/Reaper*4 ZMQbg/IO/0*4 
2026-09-25T15:37:17+04:00	ck4g-mirror-1m	4	556434	488	2	6844416	3059712	uv*1 main2*1 
2026-09-25T15:37:17+04:00	ck4g-mirror-1m	4	556450	556434	57	1079062528	953044992	ft*51 ZMQbg/Reaper*3 ZMQbg/IO/0*3 
2026-09-25T15:37:17+04:00	ck4g-mirror-1m	4	556607	556450	1	12681216	5943296	python3*1 
2026-09-25T15:37:17+04:00	ck4g-mirror-1m	4	556608	556450	45	12727017472	12317425664	python3*36 pt_gloo_runloop*2 ZMQbg/Reaper*2 ZMQbg/IO/0*2 pt_tcpstore_uv*1 cuda0000240000a*1 
2026-09-25T15:37:17+04:00	ck4g-mirror-1m	4	556609	556450	57	1057787904	932409344	python3*49 ZMQbg/Reaper*4 ZMQbg/IO/0*4 
2026-09-25T15:37:28+04:00	ck4g-mirror-1m	4	556434	488	2	6844416	3059712	uv*1 main2*1 
2026-09-25T15:37:28+04:00	ck4g-mirror-1m	4	556450	556434	57	1079062528	953044992	ft*51 ZMQbg/Reaper*3 ZMQbg/IO/0*3 
2026-09-25T15:37:28+04:00	ck4g-mirror-1m	4	556607	556450	1	12681216	5943296	python3*1 
2026-09-25T15:37:28+04:00	ck4g-mirror-1m	4	556608	556450	45	12727017472	12317425664	python3*36 pt_gloo_runloop*2 ZMQbg/Reaper*2 ZMQbg/IO/0*2 pt_tcpstore_uv*1 cuda0000240000a*1 
2026-09-25T15:37:28+04:00	ck4g-mirror-1m	4	556609	556450	57	1057787904	932409344	python3*49 ZMQbg/Reaper*4 ZMQbg/IO/0*4 
2026-09-25T15:37:38+04:00	ck4g-mirror-1m	4	556434	488	2	6844416	3059712	uv*1 main2*1 
2026-09-25T15:37:38+04:00	ck4g-mirror-1m	4	556450	556434	57	1079062528	953044992	ft*51 ZMQbg/Reaper*3 ZMQbg/IO/0*3 
2026-09-25T15:37:38+04:00	ck4g-mirror-1m	4	556607	556450	1	12681216	5943296	python3*1 
2026-09-25T15:37:38+04:00	ck4g-mirror-1m	4	556608	556450	45	12727017472	12317425664	python3*36 pt_gloo_runloop*2 ZMQbg/Reaper*2 ZMQbg/IO/0*2 pt_tcpstore_uv*1 cuda0000240000a*1 
2026-09-25T15:37:38+04:00	ck4g-mirror-1m	4	556609	556450	57	1057787904	932409344	python3*49 ZMQbg/Reaper*4 ZMQbg/IO/0*4 
2026-09-25T15:37:48+04:00	ck4g-mirror-1m	4	556434	488	2	6844416	3059712	uv*1 main2*1 
2026-09-25T15:37:48+04:00	ck4g-mirror-1m	4	556450	556434	57	1079062528	953044992	ft*51 ZMQbg/Reaper*3 ZMQbg/IO/0*3 
2026-09-25T15:37:48+04:00	ck4g-mirror-1m	4	556607	556450	1	12681216	5943296	python3*1 
2026-09-25T15:37:48+04:00	ck4g-mirror-1m	4	556608	556450	45	12727017472	12317425664	python3*36 pt_gloo_runloop*2 ZMQbg/Reaper*2 ZMQbg/IO/0*2 pt_tcpstore_uv*1 cuda0000240000a*1 
2026-09-25T15:37:49+04:00	ck4g-mirror-1m	4	556609	556450	57	1057787904	932409344	python3*49 ZMQbg/Reaper*4 ZMQbg/IO/0*4 
2026-09-25T15:38:00+04:00	ck4g-mirror-1m	4	556434	488	2	6844416	3059712	uv*1 main2*1 
2026-09-25T15:38:00+04:00	ck4g-mirror-1m	4	556450	556434	57	1079062528	953044992	ft*51 ZMQbg/Reaper*3 ZMQbg/IO/0*3 
2026-09-25T15:38:00+04:00	ck4g-mirror-1m	4	556607	556450	1	12681216	5943296	python3*1 
2026-09-25T15:38:00+04:00	ck4g-mirror-1m	4	556608	556450	45	12727017472	12317425664	python3*36 pt_gloo_runloop*2 ZMQbg/Reaper*2 ZMQbg/IO/0*2 pt_tcpstore_uv*1 cuda0000240000a*1 
2026-09-25T15:38:00+04:00	ck4g-mirror-1m	4	556609	556450	57	1057787904	932409344	python3*49 ZMQbg/Reaper*4 ZMQbg/IO/0*4 
2026-09-25T15:38:10+04:00	ck4g-mirror-1m	4	556434	488	2	6844416	3059712	uv*1 main2*1 
2026-09-25T15:38:10+04:00	ck4g-mirror-1m	4	556450	556434	57	1079062528	953044992	ft*51 ZMQbg/Reaper*3 ZMQbg/IO/0*3 
2026-09-25T15:38:10+04:00	ck4g-mirror-1m	4	556607	556450	1	12681216	5943296	python3*1 
2026-09-25T15:38:10+04:00	ck4g-mirror-1m	4	556608	556450	45	12727017472	12317425664	python3*36 pt_gloo_runloop*2 ZMQbg/Reaper*2 ZMQbg/IO/0*2 pt_tcpstore_uv*1 cuda0000240000a*1 
2026-09-25T15:38:10+04:00	ck4g-mirror-1m	4	556609	556450	57	1057787904	932409344	python3*49 ZMQbg/Reaper*4 ZMQbg/IO/0*4 
2026-09-25T15:38:20+04:00	ck4g-mirror-1m	4	556434	488	2	6844416	3059712	uv*1 main2*1 
2026-09-25T15:38:20+04:00	ck4g-mirror-1m	4	556450	556434	57	1079062528	953044992	ft*51 ZMQbg/Reaper*3 ZMQbg/IO/0*3 
2026-09-25T15:38:20+04:00	ck4g-mirror-1m	4	556607	556450	1	12681216	5943296	python3*1 
2026-09-25T15:38:20+04:00	ck4g-mirror-1m	4	556608	556450	45	12727017472	12317425664	python3*36 pt_gloo_runloop*2 ZMQbg/Reaper*2 ZMQbg/IO/0*2 pt_tcpstore_uv*1 cuda0000240000a*1 
2026-09-25T15:38:20+04:00	ck4g-mirror-1m	4	556609	556450	57	1057787904	932409344	python3*49 ZMQbg/Reaper*4 ZMQbg/IO/0*4 
2026-09-25T15:38:31+04:00	ck4g-mirror-1m	4	556434	488	2	6844416	3059712	uv*1 main2*1 
2026-09-25T15:38:31+04:00	ck4g-mirror-1m	4	556450	556434	57	1079062528	953044992	ft*51 ZMQbg/Reaper*3 ZMQbg/IO/0*3 
2026-09-25T15:38:31+04:00	ck4g-mirror-1m	4	556607	556450	1	12681216	5943296	python3*1 
2026-09-25T15:38:31+04:00	ck4g-mirror-1m	4	556608	556450	45	12727017472	12317425664	python3*36 pt_gloo_runloop*2 ZMQbg/Reaper*2 ZMQbg/IO/0*2 pt_tcpstore_uv*1 cuda0000240000a*1 
2026-09-25T15:38:32+04:00	ck4g-mirror-1m	4	556609	556450	57	1057787904	932409344	python3*49 ZMQbg/Reaper*4 ZMQbg/IO/0*4 
2026-09-25T15:38:42+04:00	ck4g-mirror-1m	4	556434	488	2	6844416	3059712	uv*1 main2*1 
2026-09-25T15:38:42+04:00	ck4g-mirror-1m	4	556450	556434	57	1079062528	953044992	ft*51 ZMQbg/Reaper*3 ZMQbg/IO/0*3 
2026-09-25T15:38:42+04:00	ck4g-mirror-1m	4	556607	556450	1	12681216	5943296	python3*1 
2026-09-25T15:38:42+04:00	ck4g-mirror-1m	4	556608	556450	45	12727017472	12317425664	python3*36 pt_gloo_runloop*2 ZMQbg/Reaper*2 ZMQbg/IO/0*2 pt_tcpstore_uv*1 cuda0000240000a*1 
2026-09-25T15:38:42+04:00	ck4g-mirror-1m	4	556609	556450	57	1057787904	932409344	python3*49 ZMQbg/Reaper*4 ZMQbg/IO/0*4 
2026-09-25T15:38:52+04:00	ck4g-mirror-1m	4	556434	488	2	6844416	3059712	uv*1 main2*1 
2026-09-25T15:38:52+04:00	ck4g-mirror-1m	4	556450	556434	57	1079062528	953044992	ft*51 ZMQbg/Reaper*3 ZMQbg/IO/0*3 
2026-09-25T15:38:52+04:00	ck4g-mirror-1m	4	556607	556450	1	12681216	5943296	python3*1 
2026-09-25T15:38:52+04:00	ck4g-mirror-1m	4	556608	556450	45	12727017472	12317425664	python3*36 pt_gloo_runloop*2 ZMQbg/Reaper*2 ZMQbg/IO/0*2 pt_tcpstore_uv*1 cuda0000240000a*1 
2026-09-25T15:38:52+04:00	ck4g-mirror-1m	4	556609	556450	57	1057787904	932409344	python3*49 ZMQbg/Reaper*4 ZMQbg/IO/0*4 
2026-09-25T15:39:02+04:00	ck4g-mirror-1m	4	556434	488	2	6844416	3059712	uv*1 main2*1 
2026-09-25T15:39:02+04:00	ck4g-mirror-1m	4	556450	556434	57	1079062528	953044992	ft*51 ZMQbg/Reaper*3 ZMQbg/IO/0*3 
2026-09-25T15:39:02+04:00	ck4g-mirror-1m	4	556607	556450	1	12681216	5943296	python3*1 
2026-09-25T15:39:02+04:00	ck4g-mirror-1m	4	556608	556450	45	12727017472	12317425664	python3*36 pt_gloo_runloop*2 ZMQbg/Reaper*2 ZMQbg/IO/0*2 pt_tcpstore_uv*1 cuda0000240000a*1 
2026-09-25T15:39:02+04:00	ck4g-mirror-1m	4	556609	556450	57	1057787904	932409344	python3*49 ZMQbg/Reaper*4 ZMQbg/IO/0*4 
2026-09-25T15:39:13+04:00	ck4g-mirror-1m	4	556434	488	2	6844416	3059712	uv*1 main2*1 
2026-09-25T15:39:13+04:00	ck4g-mirror-1m	4	556450	556434	57	1079062528	953044992	ft*51 ZMQbg/Reaper*3 ZMQbg/IO/0*3 
2026-09-25T15:39:13+04:00	ck4g-mirror-1m	4	556607	556450	1	12681216	5943296	python3*1 
2026-09-25T15:39:13+04:00	ck4g-mirror-1m	4	556608	556450	45	12727017472	12317425664	python3*36 pt_gloo_runloop*2 ZMQbg/Reaper*2 ZMQbg/IO/0*2 pt_tcpstore_uv*1 cuda0000240000a*1 
2026-09-25T15:39:13+04:00	ck4g-mirror-1m	4	556609	556450	57	1057787904	932409344	python3*49 ZMQbg/Reaper*4 ZMQbg/IO/0*4 
2026-09-25T15:39:24+04:00	ck4g-mirror-1m	4	556434	488	2	6844416	3059712	uv*1 main2*1 
2026-09-25T15:39:24+04:00	ck4g-mirror-1m	4	556450	556434	57	1079062528	953044992	ft*51 ZMQbg/Reaper*3 ZMQbg/IO/0*3 
2026-09-25T15:39:24+04:00	ck4g-mirror-1m	4	556607	556450	1	12681216	5943296	python3*1 
2026-09-25T15:39:24+04:00	ck4g-mirror-1m	4	556608	556450	45	12727017472	12317425664	python3*36 pt_gloo_runloop*2 ZMQbg/Reaper*2 ZMQbg/IO/0*2 pt_tcpstore_uv*1 cuda0000240000a*1 
2026-09-25T15:39:24+04:00	ck4g-mirror-1m	4	556609	556450	57	1057787904	932409344	python3*49 ZMQbg/Reaper*4 ZMQbg/IO/0*4 
2026-09-25T15:39:34+04:00	ck4g-mirror-1m	4	556434	488	2	6844416	3059712	uv*1 main2*1 
2026-09-25T15:39:34+04:00	ck4g-mirror-1m	4	556450	556434	57	1079062528	953044992	ft*51 ZMQbg/Reaper*3 ZMQbg/IO/0*3 
2026-09-25T15:39:34+04:00	ck4g-mirror-1m	4	556607	556450	1	12681216	5943296	python3*1 
2026-09-25T15:39:34+04:00	ck4g-mirror-1m	4	556608	556450	45	12727017472	12317425664	python3*36 pt_gloo_runloop*2 ZMQbg/Reaper*2 ZMQbg/IO/0*2 pt_tcpstore_uv*1 cuda0000240000a*1 
2026-09-25T15:39:34+04:00	ck4g-mirror-1m	4	556609	556450	57	1057787904	932409344	python3*49 ZMQbg/Reaper*4 ZMQbg/IO/0*4 
2026-09-25T15:39:45+04:00	ck4g-mirror-1m	4	556434	488	2	6844416	3059712	uv*1 main2*1 
2026-09-25T15:39:45+04:00	ck4g-mirror-1m	4	556450	556434	57	1079062528	953044992	ft*51 ZMQbg/Reaper*3 ZMQbg/IO/0*3 
2026-09-25T15:39:45+04:00	ck4g-mirror-1m	4	556607	556450	1	12681216	5943296	python3*1 
2026-09-25T15:39:45+04:00	ck4g-mirror-1m	4	556608	556450	45	12727017472	12317425664	python3*36 pt_gloo_runloop*2 ZMQbg/Reaper*2 ZMQbg/IO/0*2 pt_tcpstore_uv*1 cuda0000240000a*1 
2026-09-25T15:39:45+04:00	ck4g-mirror-1m	4	556609	556450	57	1057787904	932409344	python3*49 ZMQbg/Reaper*4 ZMQbg/IO/0*4 
2026-09-25T15:39:55+04:00	ck4g-mirror-1m	4	556434	488	2	6844416	3059712	uv*1 main2*1 
2026-09-25T15:39:55+04:00	ck4g-mirror-1m	4	556450	556434	57	1079062528	953044992	ft*51 ZMQbg/Reaper*3 ZMQbg/IO/0*3 
2026-09-25T15:39:55+04:00	ck4g-mirror-1m	4	556607	556450	1	12681216	5943296	python3*1 
2026-09-25T15:39:55+04:00	ck4g-mirror-1m	4	556608	556450	45	12727017472	12317425664	python3*36 pt_gloo_runloop*2 ZMQbg/Reaper*2 ZMQbg/IO/0*2 pt_tcpstore_uv*1 cuda0000240000a*1 
2026-09-25T15:39:56+04:00	ck4g-mirror-1m	4	556609	556450	57	1057787904	932409344	python3*49 ZMQbg/Reaper*4 ZMQbg/IO/0*4 
2026-09-25T15:40:06+04:00	ck4g-mirror-1m	4	556434	488	2	6844416	3059712	uv*1 main2*1 
2026-09-25T15:40:06+04:00	ck4g-mirror-1m	4	556450	556434	57	1079062528	953044992	ft*51 ZMQbg/Reaper*3 ZMQbg/IO/0*3 
2026-09-25T15:40:06+04:00	ck4g-mirror-1m	4	556607	556450	1	12681216	5943296	python3*1 
2026-09-25T15:40:06+04:00	ck4g-mirror-1m	4	556608	556450	45	12727017472	12317425664	python3*36 pt_gloo_runloop*2 ZMQbg/Reaper*2 ZMQbg/IO/0*2 pt_tcpstore_uv*1 cuda0000240000a*1 
2026-09-25T15:40:06+04:00	ck4g-mirror-1m	4	556609	556450	57	1057787904	932409344	python3*49 ZMQbg/Reaper*4 ZMQbg/IO/0*4 
2026-09-25T15:40:17+04:00	ck4g-mirror-1m	4	556434	488	2	6844416	3059712	uv*1 main2*1 
2026-09-25T15:40:17+04:00	ck4g-mirror-1m	4	556450	556434	57	1079062528	953044992	ft*51 ZMQbg/Reaper*3 ZMQbg/IO/0*3 
2026-09-25T15:40:17+04:00	ck4g-mirror-1m	4	556607	556450	1	12681216	5943296	python3*1 
2026-09-25T15:40:17+04:00	ck4g-mirror-1m	4	556608	556450	45	12727017472	12317425664	python3*36 pt_gloo_runloop*2 ZMQbg/Reaper*2 ZMQbg/IO/0*2 pt_tcpstore_uv*1 cuda0000240000a*1 
2026-09-25T15:40:17+04:00	ck4g-mirror-1m	4	556609	556450	57	1057787904	932409344	python3*49 ZMQbg/Reaper*4 ZMQbg/IO/0*4 
2026-09-25T15:40:27+04:00	ck4g-mirror-1m	4	556434	488	2	6844416	3059712	uv*1 main2*1 
2026-09-25T15:40:27+04:00	ck4g-mirror-1m	4	556450	556434	57	1079062528	953044992	ft*51 ZMQbg/Reaper*3 ZMQbg/IO/0*3 
2026-09-25T15:40:27+04:00	ck4g-mirror-1m	4	556607	556450	1	12681216	5943296	python3*1 
2026-09-25T15:40:27+04:00	ck4g-mirror-1m	4	556608	556450	45	12727017472	12317425664	python3*36 pt_gloo_runloop*2 ZMQbg/Reaper*2 ZMQbg/IO/0*2 pt_tcpstore_uv*1 cuda0000240000a*1 
2026-09-25T15:40:28+04:00	ck4g-mirror-1m	4	556609	556450	57	1057787904	932409344	python3*49 ZMQbg/Reaper*4 ZMQbg/IO/0*4 
2026-09-25T15:40:38+04:00	ck4g-mirror-1m	4	556434	488	2	6844416	3059712	uv*1 main2*1 
2026-09-25T15:40:38+04:00	ck4g-mirror-1m	4	556450	556434	57	1079062528	953044992	ft*51 ZMQbg/Reaper*3 ZMQbg/IO/0*3 
2026-09-25T15:40:38+04:00	ck4g-mirror-1m	4	556607	556450	1	12681216	5943296	python3*1 
2026-09-25T15:40:38+04:00	ck4g-mirror-1m	4	556608	556450	45	12727017472	12317425664	python3*36 pt_gloo_runloop*2 ZMQbg/Reaper*2 ZMQbg/IO/0*2 pt_tcpstore_uv*1 cuda0000240000a*1 
2026-09-25T15:40:38+04:00	ck4g-mirror-1m	4	556609	556450	57	1057787904	932409344	python3*49 ZMQbg/Reaper*4 ZMQbg/IO/0*4 
2026-09-25T15:40:49+04:00	ck4g-mirror-1m	4	556434	488	2	6844416	3059712	uv*1 main2*1 
2026-09-25T15:40:49+04:00	ck4g-mirror-1m	4	556450	556434	57	1079062528	953044992	ft*51 ZMQbg/Reaper*3 ZMQbg/IO/0*3 
2026-09-25T15:40:49+04:00	ck4g-mirror-1m	4	556607	556450	1	12681216	5943296	python3*1 
2026-09-25T15:40:49+04:00	ck4g-mirror-1m	4	556608	556450	45	12727017472	12317425664	python3*36 pt_gloo_runloop*2 ZMQbg/Reaper*2 ZMQbg/IO/0*2 pt_tcpstore_uv*1 cuda0000240000a*1 
2026-09-25T15:40:49+04:00	ck4g-mirror-1m	4	556609	556450	57	1057787904	932409344	python3*49 ZMQbg/Reaper*4 ZMQbg/IO/0*4 
2026-09-25T15:40:59+04:00	ck4g-mirror-1m	4	556434	488	2	6844416	3059712	uv*1 main2*1 
2026-09-25T15:40:59+04:00	ck4g-mirror-1m	4	556450	556434	57	1079062528	953044992	ft*51 ZMQbg/Reaper*3 ZMQbg/IO/0*3 
2026-09-25T15:40:59+04:00	ck4g-mirror-1m	4	556607	556450	1	12681216	5943296	python3*1 
2026-09-25T15:40:59+04:00	ck4g-mirror-1m	4	556608	556450	45	12727017472	12317425664	python3*36 pt_gloo_runloop*2 ZMQbg/Reaper*2 ZMQbg/IO/0*2 pt_tcpstore_uv*1 cuda0000240000a*1 
2026-09-25T15:40:59+04:00	ck4g-mirror-1m	4	556609	556450	57	1057787904	932409344	python3*49 ZMQbg/Reaper*4 ZMQbg/IO/0*4 
2026-09-25T15:41:10+04:00	ck4g-mirror-1m	4	556434	488	2	6844416	3059712	uv*1 main2*1 
2026-09-25T15:41:10+04:00	ck4g-mirror-1m	4	556450	556434	57	1079062528	953044992	ft*51 ZMQbg/Reaper*3 ZMQbg/IO/0*3 
2026-09-25T15:41:10+04:00	ck4g-mirror-1m	4	556607	556450	1	12681216	5943296	python3*1 
2026-09-25T15:41:10+04:00	ck4g-mirror-1m	4	556608	556450	45	12727017472	12317425664	python3*36 pt_gloo_runloop*2 ZMQbg/Reaper*2 ZMQbg/IO/0*2 pt_tcpstore_uv*1 cuda0000240000a*1 
2026-09-25T15:41:10+04:00	ck4g-mirror-1m	4	556609	556450	57	1057787904	932409344	python3*49 ZMQbg/Reaper*4 ZMQbg/IO/0*4 
2026-09-25T15:41:21+04:00	ck4g-mirror-1m	4	556434	488	2	6844416	3059712	uv*1 main2*1 
2026-09-25T15:41:21+04:00	ck4g-mirror-1m	4	556450	556434	57	1079062528	953044992	ft*51 ZMQbg/Reaper*3 ZMQbg/IO/0*3 
2026-09-25T15:41:21+04:00	ck4g-mirror-1m	4	556607	556450	1	12681216	5943296	python3*1 
2026-09-25T15:41:21+04:00	ck4g-mirror-1m	4	556608	556450	45	12727017472	12317425664	python3*36 pt_gloo_runloop*2 ZMQbg/Reaper*2 ZMQbg/IO/0*2 pt_tcpstore_uv*1 cuda0000240000a*1 
2026-09-25T15:41:21+04:00	ck4g-mirror-1m	4	556609	556450	57	1057787904	932409344	python3*49 ZMQbg/Reaper*4 ZMQbg/IO/0*4 
2026-09-25T15:41:31+04:00	ck4g-mirror-1m	4	556434	488	2	6844416	3059712	uv*1 main2*1 
2026-09-25T15:41:31+04:00	ck4g-mirror-1m	4	556450	556434	57	1079062528	953044992	ft*51 ZMQbg/Reaper*3 ZMQbg/IO/0*3 
2026-09-25T15:41:31+04:00	ck4g-mirror-1m	4	556607	556450	1	12681216	5943296	python3*1 
2026-09-25T15:41:31+04:00	ck4g-mirror-1m	4	556608	556450	45	12727066624	12317483008	python3*36 pt_gloo_runloop*2 ZMQbg/Reaper*2 ZMQbg/IO/0*2 pt_tcpstore_uv*1 cuda0000240000a*1 
2026-09-25T15:41:31+04:00	ck4g-mirror-1m	4	556609	556450	57	1057787904	932409344	python3*49 ZMQbg/Reaper*4 ZMQbg/IO/0*4 
2026-09-25T15:41:41+04:00	ck4g-mirror-1m	4	556434	488	2	6844416	3059712	uv*1 main2*1 
2026-09-25T15:41:41+04:00	ck4g-mirror-1m	4	556450	556434	57	1079062528	953044992	ft*51 ZMQbg/Reaper*3 ZMQbg/IO/0*3 
2026-09-25T15:41:41+04:00	ck4g-mirror-1m	4	556607	556450	1	12681216	5943296	python3*1 
2026-09-25T15:41:41+04:00	ck4g-mirror-1m	4	556608	556450	45	12727222272	12317630464	python3*36 pt_gloo_runloop*2 ZMQbg/Reaper*2 ZMQbg/IO/0*2 pt_tcpstore_uv*1 cuda0000240000a*1 
2026-09-25T15:41:42+04:00	ck4g-mirror-1m	4	556609	556450	57	1057787904	932409344	python3*49 ZMQbg/Reaper*4 ZMQbg/IO/0*4 
2026-09-25T15:41:52+04:00	ck4g-mirror-1m	4	556434	488	2	6844416	3059712	uv*1 main2*1 
2026-09-25T15:41:52+04:00	ck4g-mirror-1m	4	556450	556434	57	1079062528	953044992	ft*51 ZMQbg/Reaper*3 ZMQbg/IO/0*3 
2026-09-25T15:41:53+04:00	ck4g-mirror-1m	4	556607	556450	1	12681216	5943296	python3*1 
2026-09-25T15:41:53+04:00	ck4g-mirror-1m	4	556608	556450	45	12727361536	12317786112	python3*36 pt_gloo_runloop*2 ZMQbg/Reaper*2 ZMQbg/IO/0*2 pt_tcpstore_uv*1 cuda0000240000a*1 
2026-09-25T15:41:53+04:00	ck4g-mirror-1m	4	556609	556450	57	1057787904	932409344	python3*49 ZMQbg/Reaper*4 ZMQbg/IO/0*4 
2026-09-25T15:42:03+04:00	ck4g-mirror-1m	4	556434	488	2	6844416	3059712	uv*1 main2*1 
2026-09-25T15:42:03+04:00	ck4g-mirror-1m	4	556450	556434	57	1079017472	953044992	ft*51 ZMQbg/Reaper*3 ZMQbg/IO/0*3 
2026-09-25T15:42:03+04:00	ck4g-mirror-1m	4	556607	556450	1	12681216	5943296	python3*1 
2026-09-25T15:42:03+04:00	ck4g-mirror-1m	4	556608	556450	45	12727234560	12317925376	python3*36 pt_gloo_runloop*2 ZMQbg/Reaper*2 ZMQbg/IO/0*2 pt_tcpstore_uv*1 cuda0000240000a*1 
2026-09-25T15:42:03+04:00	ck4g-mirror-1m	4	556609	556450	57	1057742848	932409344	python3*49 ZMQbg/Reaper*4 ZMQbg/IO/0*4 
2026-09-25T15:42:13+04:00	ck4g-mirror-1m	4	556434	488	2	6844416	3059712	uv*1 main2*1 
2026-09-25T15:42:13+04:00	ck4g-mirror-1m	4	556450	556434	57	1078939648	953044992	ft*51 ZMQbg/Reaper*3 ZMQbg/IO/0*3 
2026-09-25T15:42:13+04:00	ck4g-mirror-1m	4	556607	556450	1	12681216	5943296	python3*1 
2026-09-25T15:42:13+04:00	ck4g-mirror-1m	4	556608	556450	45	12727242752	12318089216	python3*36 pt_gloo_runloop*2 ZMQbg/Reaper*2 ZMQbg/IO/0*2 pt_tcpstore_uv*1 cuda0000240000a*1 
2026-09-25T15:42:13+04:00	ck4g-mirror-1m	4	556609	556450	57	1057665024	932409344	python3*49 ZMQbg/Reaper*4 ZMQbg/IO/0*4 
2026-09-25T15:42:24+04:00	ck4g-mirror-1m	4	556434	488	2	6844416	3059712	uv*1 main2*1 
2026-09-25T15:42:24+04:00	ck4g-mirror-1m	4	556450	556434	57	1078939648	953044992	ft*51 ZMQbg/Reaper*3 ZMQbg/IO/0*3 
2026-09-25T15:42:24+04:00	ck4g-mirror-1m	4	556607	556450	1	12681216	5943296	python3*1 
2026-09-25T15:42:24+04:00	ck4g-mirror-1m	4	556608	556450	45	12727382016	12318228480	python3*36 pt_gloo_runloop*2 ZMQbg/Reaper*2 ZMQbg/IO/0*2 pt_tcpstore_uv*1 cuda0000240000a*1 
2026-09-25T15:42:24+04:00	ck4g-mirror-1m	4	556609	556450	57	1057665024	932409344	python3*49 ZMQbg/Reaper*4 ZMQbg/IO/0*4 
2026-09-25T15:42:35+04:00	ck4g-mirror-1m	4	556434	488	2	6844416	3059712	uv*1 main2*1 
2026-09-25T15:42:35+04:00	ck4g-mirror-1m	4	556450	556434	57	1078939648	953044992	ft*51 ZMQbg/Reaper*3 ZMQbg/IO/0*3 
2026-09-25T15:42:35+04:00	ck4g-mirror-1m	4	556607	556450	1	12681216	5943296	python3*1 
2026-09-25T15:42:35+04:00	ck4g-mirror-1m	4	556608	556450	45	12727537664	12318384128	python3*36 pt_gloo_runloop*2 ZMQbg/Reaper*2 ZMQbg/IO/0*2 pt_tcpstore_uv*1 cuda0000240000a*1 
2026-09-25T15:42:35+04:00	ck4g-mirror-1m	4	556609	556450	57	1057665024	932409344	python3*49 ZMQbg/Reaper*4 ZMQbg/IO/0*4 
2026-09-25T15:42:45+04:00	ck4g-mirror-1m	4	556434	488	2	6844416	3059712	uv*1 main2*1 
2026-09-25T15:42:45+04:00	ck4g-mirror-1m	4	556450	556434	57	1078939648	953044992	ft*51 ZMQbg/Reaper*3 ZMQbg/IO/0*3 
2026-09-25T15:42:45+04:00	ck4g-mirror-1m	4	556607	556450	1	12681216	5943296	python3*1 
2026-09-25T15:42:45+04:00	ck4g-mirror-1m	4	556608	556450	45	12727656448	12318502912	python3*36 pt_gloo_runloop*2 ZMQbg/Reaper*2 ZMQbg/IO/0*2 pt_tcpstore_uv*1 cuda0000240000a*1 
2026-09-25T15:42:45+04:00	ck4g-mirror-1m	4	556609	556450	57	1057665024	932409344	python3*49 ZMQbg/Reaper*4 ZMQbg/IO/0*4 
2026-09-25T15:42:55+04:00	ck4g-mirror-1m	4	556434	488	2	6844416	3059712	uv*1 main2*1 
2026-09-25T15:42:55+04:00	ck4g-mirror-1m	4	556450	556434	57	1078890496	953044992	ft*51 ZMQbg/Reaper*3 ZMQbg/IO/0*3 
2026-09-25T15:42:55+04:00	ck4g-mirror-1m	4	556607	556450	1	12681216	5943296	python3*1 
2026-09-25T15:42:55+04:00	ck4g-mirror-1m	4	556608	556450	45	12727668736	12318662656	python3*36 pt_gloo_runloop*2 ZMQbg/Reaper*2 ZMQbg/IO/0*2 pt_tcpstore_uv*1 cuda0000240000a*1 
2026-09-25T15:42:56+04:00	ck4g-mirror-1m	4	556609	556450	57	1057636352	932409344	python3*49 ZMQbg/Reaper*4 ZMQbg/IO/0*4 
2026-09-25T15:43:06+04:00	ck4g-mirror-1m	4	556434	488	2	6844416	3059712	uv*1 main2*1 
2026-09-25T15:43:06+04:00	ck4g-mirror-1m	4	556450	556434	57	1078890496	953044992	ft*51 ZMQbg/Reaper*3 ZMQbg/IO/0*3 
2026-09-25T15:43:06+04:00	ck4g-mirror-1m	4	556607	556450	1	12681216	5943296	python3*1 
2026-09-25T15:43:06+04:00	ck4g-mirror-1m	4	556608	556450	45	12727816192	12318810112	python3*36 pt_gloo_runloop*2 ZMQbg/Reaper*2 ZMQbg/IO/0*2 pt_tcpstore_uv*1 cuda0000240000a*1 
2026-09-25T15:43:07+04:00	ck4g-mirror-1m	4	556609	556450	57	1057636352	932409344	python3*49 ZMQbg/Reaper*4 ZMQbg/IO/0*4 
2026-09-25T15:43:17+04:00	ck4g-mirror-1m	4	556434	488	2	6844416	3059712	uv*1 main2*1 
2026-09-25T15:43:17+04:00	ck4g-mirror-1m	4	556450	556434	57	1078890496	953044992	ft*51 ZMQbg/Reaper*3 ZMQbg/IO/0*3 
2026-09-25T15:43:17+04:00	ck4g-mirror-1m	4	556607	556450	1	12681216	5943296	python3*1 
2026-09-25T15:43:17+04:00	ck4g-mirror-1m	4	556608	556450	45	12727988224	12318982144	python3*36 pt_gloo_runloop*2 ZMQbg/Reaper*2 ZMQbg/IO/0*2 pt_tcpstore_uv*1 cuda0000240000a*1 
2026-09-25T15:43:17+04:00	ck4g-mirror-1m	4	556609	556450	57	1057636352	932409344	python3*49 ZMQbg/Reaper*4 ZMQbg/IO/0*4 
2026-09-25T15:43:27+04:00	ck4g-mirror-1m	4	556434	488	2	6844416	3059712	uv*1 main2*1 
2026-09-25T15:43:27+04:00	ck4g-mirror-1m	4	556450	556434	57	1078890496	953044992	ft*51 ZMQbg/Reaper*3 ZMQbg/IO/0*3 
2026-09-25T15:43:27+04:00	ck4g-mirror-1m	4	556607	556450	1	12681216	5943296	python3*1 
2026-09-25T15:43:27+04:00	ck4g-mirror-1m	4	556608	556450	45	12729544704	12320538624	python3*36 pt_gloo_runloop*2 ZMQbg/Reaper*2 ZMQbg/IO/0*2 pt_tcpstore_uv*1 cuda0000240000a*1 
2026-09-25T15:43:27+04:00	ck4g-mirror-1m	4	556609	556450	57	1057636352	932409344	python3*49 ZMQbg/Reaper*4 ZMQbg/IO/0*4 
2026-09-25T15:43:38+04:00	ck4g-mirror-1m	4	556434	488	2	6844416	3059712	uv*1 main2*1 
2026-09-25T15:43:38+04:00	ck4g-mirror-1m	4	556450	556434	57	1078890496	953044992	ft*51 ZMQbg/Reaper*3 ZMQbg/IO/0*3 
2026-09-25T15:43:38+04:00	ck4g-mirror-1m	4	556607	556450	1	12681216	5943296	python3*1 
2026-09-25T15:43:38+04:00	ck4g-mirror-1m	4	556608	556450	45	12729556992	12320550912	python3*36 pt_gloo_runloop*2 ZMQbg/Reaper*2 ZMQbg/IO/0*2 pt_tcpstore_uv*1 cuda0000240000a*1 
2026-09-25T15:43:38+04:00	ck4g-mirror-1m	4	556609	556450	57	1057636352	932409344	python3*49 ZMQbg/Reaper*4 ZMQbg/IO/0*4 
2026-09-25T15:43:48+04:00	ck4g-mirror-1m	4	556434	488	2	6844416	3059712	uv*1 main2*1 
2026-09-25T15:43:48+04:00	ck4g-mirror-1m	4	556450	556434	57	1078890496	953044992	ft*51 ZMQbg/Reaper*3 ZMQbg/IO/0*3 
2026-09-25T15:43:48+04:00	ck4g-mirror-1m	4	556607	556450	1	12681216	5943296	python3*1 
2026-09-25T15:43:48+04:00	ck4g-mirror-1m	4	556608	556450	45	12729569280	12320563200	python3*36 pt_gloo_runloop*2 ZMQbg/Reaper*2 ZMQbg/IO/0*2 pt_tcpstore_uv*1 cuda0000240000a*1 
2026-09-25T15:43:49+04:00	ck4g-mirror-1m	4	556609	556450	57	1057636352	932409344	python3*49 ZMQbg/Reaper*4 ZMQbg/IO/0*4 
2026-09-25T15:43:59+04:00	ck4g-mirror-1m	4	556434	488	2	6844416	3059712	uv*1 main2*1 
2026-09-25T15:43:59+04:00	ck4g-mirror-1m	4	556450	556434	57	1078890496	953044992	ft*51 ZMQbg/Reaper*3 ZMQbg/IO/0*3 
2026-09-25T15:43:59+04:00	ck4g-mirror-1m	4	556607	556450	1	12681216	5943296	python3*1 
2026-09-25T15:43:59+04:00	ck4g-mirror-1m	4	556608	556450	45	12729573376	12320567296	python3*36 pt_gloo_runloop*2 ZMQbg/Reaper*2 ZMQbg/IO/0*2 pt_tcpstore_uv*1 cuda0000240000a*1 
2026-09-25T15:43:59+04:00	ck4g-mirror-1m	4	556609	556450	57	1057636352	932409344	python3*49 ZMQbg/Reaper*4 ZMQbg/IO/0*4 
2026-09-25T15:44:10+04:00	ck4g-mirror-1m	4	556434	488	2	6844416	3059712	uv*1 main2*1 
2026-09-25T15:44:10+04:00	ck4g-mirror-1m	4	556450	556434	57	1078890496	953044992	ft*51 ZMQbg/Reaper*3 ZMQbg/IO/0*3 
2026-09-25T15:44:10+04:00	ck4g-mirror-1m	4	556607	556450	1	12681216	5943296	python3*1 
2026-09-25T15:44:10+04:00	ck4g-mirror-1m	4	556608	556450	45	12729573376	12320567296	python3*36 pt_gloo_runloop*2 ZMQbg/Reaper*2 ZMQbg/IO/0*2 pt_tcpstore_uv*1 cuda0000240000a*1 
2026-09-25T15:44:10+04:00	ck4g-mirror-1m	4	556609	556450	57	1057636352	932409344	python3*49 ZMQbg/Reaper*4 ZMQbg/IO/0*4 
2026-09-25T15:44:20+04:00	ck4g-mirror-1m	4	556434	488	2	6844416	3059712	uv*1 main2*1 
2026-09-25T15:44:20+04:00	ck4g-mirror-1m	4	556450	556434	57	1078890496	953044992	ft*51 ZMQbg/Reaper*3 ZMQbg/IO/0*3 
2026-09-25T15:44:20+04:00	ck4g-mirror-1m	4	556607	556450	1	12681216	5943296	python3*1 
2026-09-25T15:44:20+04:00	ck4g-mirror-1m	4	556608	556450	45	12729573376	12320567296	python3*36 pt_gloo_runloop*2 ZMQbg/Reaper*2 ZMQbg/IO/0*2 pt_tcpstore_uv*1 cuda0000240000a*1 
2026-09-25T15:44:20+04:00	ck4g-mirror-1m	4	556609	556450	57	1057636352	932409344	python3*49 ZMQbg/Reaper*4 ZMQbg/IO/0*4 
2026-09-25T15:44:31+04:00	ck4g-mirror-1m	4	556434	488	2	6844416	3059712	uv*1 main2*1 
2026-09-25T15:44:31+04:00	ck4g-mirror-1m	4	556450	556434	57	1078890496	953044992	ft*51 ZMQbg/Reaper*3 ZMQbg/IO/0*3 
2026-09-25T15:44:31+04:00	ck4g-mirror-1m	4	556607	556450	1	12681216	5943296	python3*1 
2026-09-25T15:44:31+04:00	ck4g-mirror-1m	4	556608	556450	45	12729577472	12320571392	python3*36 pt_gloo_runloop*2 ZMQbg/Reaper*2 ZMQbg/IO/0*2 pt_tcpstore_uv*1 cuda0000240000a*1 
2026-09-25T15:44:31+04:00	ck4g-mirror-1m	4	556609	556450	57	1057636352	932409344	python3*49 ZMQbg/Reaper*4 ZMQbg/IO/0*4 
2026-09-25T15:44:42+04:00	ck4g-mirror-1m	4	556434	488	2	6844416	3059712	uv*1 main2*1 
2026-09-25T15:44:42+04:00	ck4g-mirror-1m	4	556450	556434	57	1078890496	953044992	ft*51 ZMQbg/Reaper*3 ZMQbg/IO/0*3 
2026-09-25T15:44:42+04:00	ck4g-mirror-1m	4	556607	556450	1	12681216	5943296	python3*1 
2026-09-25T15:44:42+04:00	ck4g-mirror-1m	4	556608	556450	45	12729577472	12320571392	python3*36 pt_gloo_runloop*2 ZMQbg/Reaper*2 ZMQbg/IO/0*2 pt_tcpstore_uv*1 cuda0000240000a*1 
2026-09-25T15:44:42+04:00	ck4g-mirror-1m	4	556609	556450	57	1057636352	932409344	python3*49 ZMQbg/Reaper*4 ZMQbg/IO/0*4 
2026-09-25T15:44:52+04:00	ck4g-mirror-1m	4	556434	488	2	6844416	3059712	uv*1 main2*1 
2026-09-25T15:44:52+04:00	ck4g-mirror-1m	4	556450	556434	57	1078890496	953044992	ft*51 ZMQbg/Reaper*3 ZMQbg/IO/0*3 
2026-09-25T15:44:52+04:00	ck4g-mirror-1m	4	556607	556450	1	12681216	5943296	python3*1 
2026-09-25T15:44:52+04:00	ck4g-mirror-1m	4	556608	556450	45	12729577472	12320571392	python3*36 pt_gloo_runloop*2 ZMQbg/Reaper*2 ZMQbg/IO/0*2 pt_tcpstore_uv*1 cuda0000240000a*1 
2026-09-25T15:44:52+04:00	ck4g-mirror-1m	4	556609	556450	57	1057636352	932409344	python3*49 ZMQbg/Reaper*4 ZMQbg/IO/0*4 
2026-09-25T15:45:03+04:00	ck4g-mirror-1m	4	556434	488	2	6844416	3059712	uv*1 main2*1 
2026-09-25T15:45:03+04:00	ck4g-mirror-1m	4	556450	556434	57	1078890496	953044992	ft*51 ZMQbg/Reaper*3 ZMQbg/IO/0*3 
2026-09-25T15:45:03+04:00	ck4g-mirror-1m	4	556607	556450	1	12681216	5943296	python3*1 
2026-09-25T15:45:03+04:00	ck4g-mirror-1m	4	556608	556450	45	12729577472	12320571392	python3*36 pt_gloo_runloop*2 ZMQbg/Reaper*2 ZMQbg/IO/0*2 pt_tcpstore_uv*1 cuda0000240000a*1 
2026-09-25T15:45:03+04:00	ck4g-mirror-1m	4	556609	556450	57	1057636352	932409344	python3*49 ZMQbg/Reaper*4 ZMQbg/IO/0*4 
2026-09-25T15:45:14+04:00	ck4g-mirror-1m	4	556434	488	2	6844416	3059712	uv*1 main2*1 
2026-09-25T15:45:14+04:00	ck4g-mirror-1m	4	556450	556434	57	1078890496	953044992	ft*51 ZMQbg/Reaper*3 ZMQbg/IO/0*3 
2026-09-25T15:45:14+04:00	ck4g-mirror-1m	4	556607	556450	1	12681216	5943296	python3*1 
2026-09-25T15:45:14+04:00	ck4g-mirror-1m	4	556608	556450	45	12729577472	12320571392	python3*36 pt_gloo_runloop*2 ZMQbg/Reaper*2 ZMQbg/IO/0*2 pt_tcpstore_uv*1 cuda0000240000a*1 
2026-09-25T15:45:14+04:00	ck4g-mirror-1m	4	556609	556450	57	1057636352	932409344	python3*49 ZMQbg/Reaper*4 ZMQbg/IO/0*4 
2026-09-25T15:45:24+04:00	ck4g-mirror-1m	4	556434	488	2	6844416	3059712	uv*1 main2*1 
2026-09-25T15:45:24+04:00	ck4g-mirror-1m	4	556450	556434	57	1078890496	953044992	ft*51 ZMQbg/Reaper*3 ZMQbg/IO/0*3 
2026-09-25T15:45:24+04:00	ck4g-mirror-1m	4	556607	556450	1	12681216	5943296	python3*1 
2026-09-25T15:45:24+04:00	ck4g-mirror-1m	4	556608	556450	45	12729679872	12320673792	python3*36 pt_gloo_runloop*2 ZMQbg/Reaper*2 ZMQbg/IO/0*2 pt_tcpstore_uv*1 cuda0000240000a*1 
2026-09-25T15:45:25+04:00	ck4g-mirror-1m	4	556609	556450	57	1057636352	932409344	python3*49 ZMQbg/Reaper*4 ZMQbg/IO/0*4 
2026-09-25T15:45:35+04:00	ck4g-mirror-1m	4	556434	488	2	6844416	3059712	uv*1 main2*1 
2026-09-25T15:45:35+04:00	ck4g-mirror-1m	4	556450	556434	57	1078890496	953044992	ft*51 ZMQbg/Reaper*3 ZMQbg/IO/0*3 
2026-09-25T15:45:35+04:00	ck4g-mirror-1m	4	556607	556450	1	12681216	5943296	python3*1 
2026-09-25T15:45:35+04:00	ck4g-mirror-1m	4	556608	556450	45	12729831424	12320825344	python3*36 pt_gloo_runloop*2 ZMQbg/Reaper*2 ZMQbg/IO/0*2 pt_tcpstore_uv*1 cuda0000240000a*1 
2026-09-25T15:45:35+04:00	ck4g-mirror-1m	4	556609	556450	57	1057636352	932409344	python3*49 ZMQbg/Reaper*4 ZMQbg/IO/0*4 
2026-09-25T15:45:46+04:00	ck4g-mirror-1m	4	556434	488	2	6844416	3059712	uv*1 main2*1 
2026-09-25T15:45:46+04:00	ck4g-mirror-1m	4	556450	556434	57	1078890496	953044992	ft*51 ZMQbg/Reaper*3 ZMQbg/IO/0*3 
2026-09-25T15:45:46+04:00	ck4g-mirror-1m	4	556607	556450	1	12681216	5943296	python3*1 
2026-09-25T15:45:46+04:00	ck4g-mirror-1m	4	556608	556450	45	12729921536	12320915456	python3*36 pt_gloo_runloop*2 ZMQbg/Reaper*2 ZMQbg/IO/0*2 pt_tcpstore_uv*1 cuda0000240000a*1 
2026-09-25T15:45:46+04:00	ck4g-mirror-1m	4	556609	556450	57	1057636352	932409344	python3*49 ZMQbg/Reaper*4 ZMQbg/IO/0*4 
2026-09-25T15:45:56+04:00	ck4g-mirror-1m	4	556434	488	2	6844416	3059712	uv*1 main2*1 
2026-09-25T15:45:56+04:00	ck4g-mirror-1m	4	556450	556434	57	1078890496	953044992	ft*51 ZMQbg/Reaper*3 ZMQbg/IO/0*3 
2026-09-25T15:45:56+04:00	ck4g-mirror-1m	4	556607	556450	1	12681216	5943296	python3*1 
2026-09-25T15:45:56+04:00	ck4g-mirror-1m	4	556608	556450	45	12730044416	12321038336	python3*36 pt_gloo_runloop*2 ZMQbg/Reaper*2 ZMQbg/IO/0*2 pt_tcpstore_uv*1 cuda0000240000a*1 
2026-09-25T15:45:57+04:00	ck4g-mirror-1m	4	556609	556450	57	1057636352	932409344	python3*49 ZMQbg/Reaper*4 ZMQbg/IO/0*4 
2026-09-25T15:46:07+04:00	ck4g-mirror-1m	4	556434	488	2	6844416	3059712	uv*1 main2*1 
2026-09-25T15:46:07+04:00	ck4g-mirror-1m	4	556450	556434	57	1078890496	953044992	ft*51 ZMQbg/Reaper*3 ZMQbg/IO/0*3 
2026-09-25T15:46:07+04:00	ck4g-mirror-1m	4	556607	556450	1	12681216	5943296	python3*1 
2026-09-25T15:46:07+04:00	ck4g-mirror-1m	4	556608	556450	45	12730142720	12321136640	python3*36 pt_gloo_runloop*2 ZMQbg/Reaper*2 ZMQbg/IO/0*2 pt_tcpstore_uv*1 cuda0000240000a*1 
2026-09-25T15:46:07+04:00	ck4g-mirror-1m	4	556609	556450	57	1057636352	932409344	python3*49 ZMQbg/Reaper*4 ZMQbg/IO/0*4 
2026-09-25T15:46:18+04:00	ck4g-mirror-1m	4	556434	488	2	6844416	3059712	uv*1 main2*1 
2026-09-25T15:46:18+04:00	ck4g-mirror-1m	4	556450	556434	57	1078890496	953044992	ft*51 ZMQbg/Reaper*3 ZMQbg/IO/0*3 
2026-09-25T15:46:18+04:00	ck4g-mirror-1m	4	556607	556450	1	12681216	5943296	python3*1 
2026-09-25T15:46:18+04:00	ck4g-mirror-1m	4	556608	556450	45	12730265600	12321259520	python3*36 pt_gloo_runloop*2 ZMQbg/Reaper*2 ZMQbg/IO/0*2 pt_tcpstore_uv*1 cuda0000240000a*1 
2026-09-25T15:46:18+04:00	ck4g-mirror-1m	4	556609	556450	57	1057636352	932409344	python3*49 ZMQbg/Reaper*4 ZMQbg/IO/0*4 
2026-09-25T15:46:29+04:00	ck4g-mirror-1m	4	556434	488	2	6844416	3059712	uv*1 main2*1 
2026-09-25T15:46:29+04:00	ck4g-mirror-1m	4	556450	556434	57	1078890496	953044992	ft*51 ZMQbg/Reaper*3 ZMQbg/IO/0*3 
2026-09-25T15:46:29+04:00	ck4g-mirror-1m	4	556607	556450	1	12681216	5943296	python3*1 
2026-09-25T15:46:29+04:00	ck4g-mirror-1m	4	556608	556450	45	12730380288	12321374208	python3*36 pt_gloo_runloop*2 ZMQbg/Reaper*2 ZMQbg/IO/0*2 pt_tcpstore_uv*1 cuda0000240000a*1 
2026-09-25T15:46:29+04:00	ck4g-mirror-1m	4	556609	556450	57	1057636352	932409344	python3*49 ZMQbg/Reaper*4 ZMQbg/IO/0*4 
2026-09-25T15:46:39+04:00	ck4g-mirror-1m	4	556434	488	2	6844416	3059712	uv*1 main2*1 
2026-09-25T15:46:39+04:00	ck4g-mirror-1m	4	556450	556434	57	1078890496	953044992	ft*51 ZMQbg/Reaper*3 ZMQbg/IO/0*3 
2026-09-25T15:46:39+04:00	ck4g-mirror-1m	4	556607	556450	1	12681216	5943296	python3*1 
2026-09-25T15:46:39+04:00	ck4g-mirror-1m	4	556608	556450	45	12730503168	12321497088	python3*36 pt_gloo_runloop*2 ZMQbg/Reaper*2 ZMQbg/IO/0*2 pt_tcpstore_uv*1 cuda0000240000a*1 
2026-09-25T15:46:39+04:00	ck4g-mirror-1m	4	556609	556450	57	1057636352	932409344	python3*49 ZMQbg/Reaper*4 ZMQbg/IO/0*4 
2026-09-25T15:46:50+04:00	ck4g-mirror-1m	4	556434	488	2	6844416	3059712	uv*1 main2*1 
2026-09-25T15:46:50+04:00	ck4g-mirror-1m	4	556450	556434	57	1078890496	953044992	ft*51 ZMQbg/Reaper*3 ZMQbg/IO/0*3 
2026-09-25T15:46:50+04:00	ck4g-mirror-1m	4	556607	556450	1	12681216	5943296	python3*1 
2026-09-25T15:46:50+04:00	ck4g-mirror-1m	4	556608	556450	45	12730601472	12321595392	python3*36 pt_gloo_runloop*2 ZMQbg/Reaper*2 ZMQbg/IO/0*2 pt_tcpstore_uv*1 cuda0000240000a*1 
2026-09-25T15:46:50+04:00	ck4g-mirror-1m	4	556609	556450	57	1057636352	932409344	python3*49 ZMQbg/Reaper*4 ZMQbg/IO/0*4 
2026-09-25T15:47:01+04:00	ck4g-mirror-1m	4	556434	488	2	6844416	3059712	uv*1 main2*1 
2026-09-25T15:47:01+04:00	ck4g-mirror-1m	4	556450	556434	57	1078890496	953044992	ft*51 ZMQbg/Reaper*3 ZMQbg/IO/0*3 
2026-09-25T15:47:01+04:00	ck4g-mirror-1m	4	556607	556450	1	12681216	5943296	python3*1 
2026-09-25T15:47:01+04:00	ck4g-mirror-1m	4	556608	556450	45	12730716160	12321710080	python3*36 pt_gloo_runloop*2 ZMQbg/Reaper*2 ZMQbg/IO/0*2 pt_tcpstore_uv*1 cuda0000240000a*1 
2026-09-25T15:47:01+04:00	ck4g-mirror-1m	4	556609	556450	57	1057636352	932409344	python3*49 ZMQbg/Reaper*4 ZMQbg/IO/0*4 
2026-09-25T15:47:11+04:00	ck4g-mirror-1m	4	556434	488	2	6844416	3059712	uv*1 main2*1 
2026-09-25T15:47:11+04:00	ck4g-mirror-1m	4	556450	556434	57	1078890496	953044992	ft*51 ZMQbg/Reaper*3 ZMQbg/IO/0*3 
2026-09-25T15:47:11+04:00	ck4g-mirror-1m	4	556607	556450	1	12681216	5943296	python3*1 
2026-09-25T15:47:11+04:00	ck4g-mirror-1m	4	556608	556450	45	12730834944	12321828864	python3*36 pt_gloo_runloop*2 ZMQbg/Reaper*2 ZMQbg/IO/0*2 pt_tcpstore_uv*1 cuda0000240000a*1 
2026-09-25T15:47:11+04:00	ck4g-mirror-1m	4	556609	556450	57	1057636352	932409344	python3*49 ZMQbg/Reaper*4 ZMQbg/IO/0*4 
2026-09-25T15:47:21+04:00	ck4g-mirror-1m	4	556434	488	2	6844416	3059712	uv*1 main2*1 
2026-09-25T15:47:21+04:00	ck4g-mirror-1m	4	556450	556434	57	1078890496	953044992	ft*51 ZMQbg/Reaper*3 ZMQbg/IO/0*3 
2026-09-25T15:47:21+04:00	ck4g-mirror-1m	4	556607	556450	1	12681216	5943296	python3*1 
2026-09-25T15:47:21+04:00	ck4g-mirror-1m	4	556608	556450	45	12730945536	12321951744	python3*36 pt_gloo_runloop*2 ZMQbg/Reaper*2 ZMQbg/IO/0*2 pt_tcpstore_uv*1 cuda0000240000a*1 
2026-09-25T15:47:21+04:00	ck4g-mirror-1m	4	556609	556450	57	1057636352	932409344	python3*49 ZMQbg/Reaper*4 ZMQbg/IO/0*4 
2026-09-25T15:47:33+04:00	ck4g-mirror-1m	4	556434	488	2	6844416	3059712	uv*1 main2*1 
2026-09-25T15:47:33+04:00	ck4g-mirror-1m	4	556450	556434	57	1078890496	953044992	ft*51 ZMQbg/Reaper*3 ZMQbg/IO/0*3 
2026-09-25T15:47:33+04:00	ck4g-mirror-1m	4	556607	556450	1	12681216	5943296	python3*1 
2026-09-25T15:47:33+04:00	ck4g-mirror-1m	4	556608	556450	45	12731060224	12322054144	python3*36 pt_gloo_runloop*2 ZMQbg/Reaper*2 ZMQbg/IO/0*2 pt_tcpstore_uv*1 cuda0000240000a*1 
2026-09-25T15:47:33+04:00	ck4g-mirror-1m	4	556609	556450	57	1057636352	932409344	python3*49 ZMQbg/Reaper*4 ZMQbg/IO/0*4 
2026-09-25T15:47:43+04:00	ck4g-mirror-1m	4	556434	488	2	6844416	3059712	uv*1 main2*1 
2026-09-25T15:47:43+04:00	ck4g-mirror-1m	4	556450	556434	57	1078890496	953044992	ft*51 ZMQbg/Reaper*3 ZMQbg/IO/0*3 
2026-09-25T15:47:43+04:00	ck4g-mirror-1m	4	556607	556450	1	12681216	5943296	python3*1 
2026-09-25T15:47:43+04:00	ck4g-mirror-1m	4	556608	556450	45	12731179008	12322172928	python3*36 pt_gloo_runloop*2 ZMQbg/Reaper*2 ZMQbg/IO/0*2 pt_tcpstore_uv*1 cuda0000240000a*1 
2026-09-25T15:47:43+04:00	ck4g-mirror-1m	4	556609	556450	57	1057636352	932409344	python3*49 ZMQbg/Reaper*4 ZMQbg/IO/0*4 
2026-09-25T15:47:53+04:00	ck4g-mirror-1m	4	556434	488	2	6844416	3059712	uv*1 main2*1 
2026-09-25T15:47:53+04:00	ck4g-mirror-1m	4	556450	556434	57	1078890496	953044992	ft*51 ZMQbg/Reaper*3 ZMQbg/IO/0*3 
2026-09-25T15:47:53+04:00	ck4g-mirror-1m	4	556607	556450	1	12681216	5943296	python3*1 
2026-09-25T15:47:53+04:00	ck4g-mirror-1m	4	556608	556450	45	12731285504	12322295808	python3*36 pt_gloo_runloop*2 ZMQbg/Reaper*2 ZMQbg/IO/0*2 pt_tcpstore_uv*1 cuda0000240000a*1 
2026-09-25T15:47:53+04:00	ck4g-mirror-1m	4	556609	556450	57	1057636352	932409344	python3*49 ZMQbg/Reaper*4 ZMQbg/IO/0*4 
2026-09-25T15:48:04+04:00	ck4g-mirror-1m	4	556434	488	2	6844416	3059712	uv*1 main2*1 
2026-09-25T15:48:04+04:00	ck4g-mirror-1m	4	556450	556434	57	1078890496	953044992	ft*51 ZMQbg/Reaper*3 ZMQbg/IO/0*3 
2026-09-25T15:48:04+04:00	ck4g-mirror-1m	4	556607	556450	1	12681216	5943296	python3*1 
2026-09-25T15:48:04+04:00	ck4g-mirror-1m	4	556608	556450	45	12731404288	12322398208	python3*36 pt_gloo_runloop*2 ZMQbg/Reaper*2 ZMQbg/IO/0*2 pt_tcpstore_uv*1 cuda0000240000a*1 
2026-09-25T15:48:04+04:00	ck4g-mirror-1m	4	556609	556450	57	1057636352	932409344	python3*49 ZMQbg/Reaper*4 ZMQbg/IO/0*4 
2026-09-25T15:48:15+04:00	ck4g-mirror-1m	4	556434	488	2	6844416	3059712	uv*1 main2*1 
2026-09-25T15:48:15+04:00	ck4g-mirror-1m	4	556450	556434	57	1078890496	953044992	ft*51 ZMQbg/Reaper*3 ZMQbg/IO/0*3 
2026-09-25T15:48:15+04:00	ck4g-mirror-1m	4	556607	556450	1	12681216	5943296	python3*1 
2026-09-25T15:48:15+04:00	ck4g-mirror-1m	4	556608	556450	45	12731506688	12322500608	python3*36 pt_gloo_runloop*2 ZMQbg/Reaper*2 ZMQbg/IO/0*2 pt_tcpstore_uv*1 cuda0000240000a*1 
2026-09-25T15:48:15+04:00	ck4g-mirror-1m	4	556609	556450	57	1057636352	932409344	python3*49 ZMQbg/Reaper*4 ZMQbg/IO/0*4 
2026-09-25T15:48:25+04:00	ck4g-mirror-1m	4	556434	488	2	6844416	3059712	uv*1 main2*1 
2026-09-25T15:48:25+04:00	ck4g-mirror-1m	4	556450	556434	57	1078890496	953044992	ft*51 ZMQbg/Reaper*3 ZMQbg/IO/0*3 
2026-09-25T15:48:25+04:00	ck4g-mirror-1m	4	556607	556450	1	12681216	5943296	python3*1 
2026-09-25T15:48:25+04:00	ck4g-mirror-1m	4	556608	556450	45	12731621376	12322615296	python3*36 pt_gloo_runloop*2 ZMQbg/Reaper*2 ZMQbg/IO/0*2 pt_tcpstore_uv*1 cuda0000240000a*1 
2026-09-25T15:48:26+04:00	ck4g-mirror-1m	4	556609	556450	57	1057636352	932409344	python3*49 ZMQbg/Reaper*4 ZMQbg/IO/0*4 
2026-09-25T15:48:36+04:00	ck4g-mirror-1m	4	556434	488	2	6844416	3059712	uv*1 main2*1 
2026-09-25T15:48:36+04:00	ck4g-mirror-1m	4	556450	556434	57	1078890496	953044992	ft*51 ZMQbg/Reaper*3 ZMQbg/IO/0*3 
2026-09-25T15:48:36+04:00	ck4g-mirror-1m	4	556607	556450	1	12681216	5943296	python3*1 
2026-09-25T15:48:36+04:00	ck4g-mirror-1m	4	556608	556450	45	12731727872	12322721792	python3*36 pt_gloo_runloop*2 ZMQbg/Reaper*2 ZMQbg/IO/0*2 pt_tcpstore_uv*1 cuda0000240000a*1 
2026-09-25T15:48:36+04:00	ck4g-mirror-1m	4	556609	556450	57	1057636352	932409344	python3*49 ZMQbg/Reaper*4 ZMQbg/IO/0*4 
2026-09-25T15:48:47+04:00	ck4g-mirror-1m	4	556434	488	2	6840320	3059712	uv*1 main2*1 
2026-09-25T15:48:47+04:00	ck4g-mirror-1m	4	556450	556434	57	1078632448	953044992	ft*51 ZMQbg/Reaper*3 ZMQbg/IO/0*3 
2026-09-25T15:48:47+04:00	ck4g-mirror-1m	4	556607	556450	1	12681216	5943296	python3*1 
2026-09-25T15:48:47+04:00	ck4g-mirror-1m	4	556608	556450	45	12731215872	12322836480	python3*36 pt_gloo_runloop*2 ZMQbg/Reaper*2 ZMQbg/IO/0*2 pt_tcpstore_uv*1 cuda0000240000a*1 
2026-09-25T15:48:47+04:00	ck4g-mirror-1m	4	556609	556450	57	1057378304	932409344	python3*49 ZMQbg/Reaper*4 ZMQbg/IO/0*4 
2026-09-25T15:48:57+04:00	ck4g-mirror-1m	4	556434	488	2	6840320	3059712	uv*1 main2*1 
2026-09-25T15:48:57+04:00	ck4g-mirror-1m	4	556450	556434	57	1078632448	953044992	ft*51 ZMQbg/Reaper*3 ZMQbg/IO/0*3 
2026-09-25T15:48:57+04:00	ck4g-mirror-1m	4	556607	556450	1	12681216	5943296	python3*1 
2026-09-25T15:48:57+04:00	ck4g-mirror-1m	4	556608	556450	45	12731330560	12322951168	python3*36 pt_gloo_runloop*2 ZMQbg/Reaper*2 ZMQbg/IO/0*2 pt_tcpstore_uv*1 cuda0000240000a*1 
2026-09-25T15:48:57+04:00	ck4g-mirror-1m	4	556609	556450	57	1057378304	932409344	python3*49 ZMQbg/Reaper*4 ZMQbg/IO/0*4 
2026-09-25T15:49:08+04:00	ck4g-mirror-1m	4	556434	488	2	6840320	3059712	uv*1 main2*1 
2026-09-25T15:49:08+04:00	ck4g-mirror-1m	4	556450	556434	57	1078632448	953044992	ft*51 ZMQbg/Reaper*3 ZMQbg/IO/0*3 
2026-09-25T15:49:08+04:00	ck4g-mirror-1m	4	556607	556450	1	12681216	5943296	python3*1 
2026-09-25T15:49:08+04:00	ck4g-mirror-1m	4	556608	556450	45	12731445248	12323065856	python3*36 pt_gloo_runloop*2 ZMQbg/Reaper*2 ZMQbg/IO/0*2 pt_tcpstore_uv*1 cuda0000240000a*1 
2026-09-25T15:49:08+04:00	ck4g-mirror-1m	4	556609	556450	57	1057378304	932409344	python3*49 ZMQbg/Reaper*4 ZMQbg/IO/0*4 
2026-09-25T15:49:19+04:00	ck4g-mirror-1m	4	556434	488	2	6840320	3059712	uv*1 main2*1 
2026-09-25T15:49:19+04:00	ck4g-mirror-1m	4	556450	556434	57	1078632448	953044992	ft*51 ZMQbg/Reaper*3 ZMQbg/IO/0*3 
2026-09-25T15:49:19+04:00	ck4g-mirror-1m	4	556607	556450	1	12681216	5943296	python3*1 
2026-09-25T15:49:19+04:00	ck4g-mirror-1m	4	556608	556450	45	12731551744	12323172352	python3*36 pt_gloo_runloop*2 ZMQbg/Reaper*2 ZMQbg/IO/0*2 pt_tcpstore_uv*1 cuda0000240000a*1 
2026-09-25T15:49:19+04:00	ck4g-mirror-1m	4	556609	556450	57	1057378304	932409344	python3*49 ZMQbg/Reaper*4 ZMQbg/IO/0*4 
2026-09-25T15:49:29+04:00	ck4g-mirror-1m	4	556434	488	2	6840320	3059712	uv*1 main2*1 
2026-09-25T15:49:29+04:00	ck4g-mirror-1m	4	556450	556434	57	1078632448	953044992	ft*51 ZMQbg/Reaper*3 ZMQbg/IO/0*3 
2026-09-25T15:49:29+04:00	ck4g-mirror-1m	4	556607	556450	1	12681216	5943296	python3*1 
2026-09-25T15:49:29+04:00	ck4g-mirror-1m	4	556608	556450	45	12731666432	12323287040	python3*36 pt_gloo_runloop*2 ZMQbg/Reaper*2 ZMQbg/IO/0*2 pt_tcpstore_uv*1 cuda0000240000a*1 
2026-09-25T15:49:29+04:00	ck4g-mirror-1m	4	556609	556450	57	1057378304	932409344	python3*49 ZMQbg/Reaper*4 ZMQbg/IO/0*4 
2026-09-25T15:49:40+04:00	ck4g-mirror-1m	4	556434	488	2	6840320	3059712	uv*1 main2*1 
2026-09-25T15:49:40+04:00	ck4g-mirror-1m	4	556450	556434	57	1078632448	953044992	ft*51 ZMQbg/Reaper*3 ZMQbg/IO/0*3 
2026-09-25T15:49:40+04:00	ck4g-mirror-1m	4	556607	556450	1	12681216	5943296	python3*1 
2026-09-25T15:49:40+04:00	ck4g-mirror-1m	4	556608	556450	45	12731772928	12323393536	python3*36 pt_gloo_runloop*2 ZMQbg/Reaper*2 ZMQbg/IO/0*2 pt_tcpstore_uv*1 cuda0000240000a*1 
2026-09-25T15:49:40+04:00	ck4g-mirror-1m	4	556609	556450	57	1057378304	932409344	python3*49 ZMQbg/Reaper*4 ZMQbg/IO/0*4 
2026-09-25T15:49:50+04:00	ck4g-mirror-1m	4	556434	488	2	6840320	3059712	uv*1 main2*1 
2026-09-25T15:49:50+04:00	ck4g-mirror-1m	4	556450	556434	57	1078632448	953044992	ft*51 ZMQbg/Reaper*3 ZMQbg/IO/0*3 
2026-09-25T15:49:50+04:00	ck4g-mirror-1m	4	556607	556450	1	12681216	5943296	python3*1 
2026-09-25T15:49:50+04:00	ck4g-mirror-1m	4	556608	556450	45	12733132800	12324753408	python3*36 pt_gloo_runloop*2 ZMQbg/Reaper*2 ZMQbg/IO/0*2 pt_tcpstore_uv*1 cuda0000240000a*1 
2026-09-25T15:49:50+04:00	ck4g-mirror-1m	4	556609	556450	57	1057378304	932409344	python3*49 ZMQbg/Reaper*4 ZMQbg/IO/0*4 
2026-09-25T15:50:01+04:00	ck4g-mirror-1m	4	556434	488	2	6840320	3059712	uv*1 main2*1 
2026-09-25T15:50:01+04:00	ck4g-mirror-1m	4	556450	556434	57	1078632448	953044992	ft*51 ZMQbg/Reaper*3 ZMQbg/IO/0*3 
2026-09-25T15:50:01+04:00	ck4g-mirror-1m	4	556607	556450	1	12681216	5943296	python3*1 
2026-09-25T15:50:01+04:00	ck4g-mirror-1m	4	556608	556450	45	12733140992	12324761600	python3*36 pt_gloo_runloop*2 ZMQbg/Reaper*2 ZMQbg/IO/0*2 pt_tcpstore_uv*1 cuda0000240000a*1 
2026-09-25T15:50:01+04:00	ck4g-mirror-1m	4	556609	556450	57	1057378304	932409344	python3*49 ZMQbg/Reaper*4 ZMQbg/IO/0*4 
2026-09-25T15:50:12+04:00	ck4g-mirror-1m	4	556434	488	2	6840320	3059712	uv*1 main2*1 
2026-09-25T15:50:12+04:00	ck4g-mirror-1m	4	556450	556434	57	1078632448	953044992	ft*51 ZMQbg/Reaper*3 ZMQbg/IO/0*3 
2026-09-25T15:50:12+04:00	ck4g-mirror-1m	4	556607	556450	1	12681216	5943296	python3*1 
2026-09-25T15:50:12+04:00	ck4g-mirror-1m	4	556608	556450	45	12733145088	12324765696	python3*36 pt_gloo_runloop*2 ZMQbg/Reaper*2 ZMQbg/IO/0*2 pt_tcpstore_uv*1 cuda0000240000a*1 
2026-09-25T15:50:12+04:00	ck4g-mirror-1m	4	556609	556450	57	1057378304	932409344	python3*49 ZMQbg/Reaper*4 ZMQbg/IO/0*4 
2026-09-25T15:50:22+04:00	ck4g-mirror-1m	4	556434	488	2	6840320	3059712	uv*1 main2*1 
2026-09-25T15:50:22+04:00	ck4g-mirror-1m	4	556450	556434	57	1078632448	953044992	ft*51 ZMQbg/Reaper*3 ZMQbg/IO/0*3 
2026-09-25T15:50:22+04:00	ck4g-mirror-1m	4	556607	556450	1	12681216	5943296	python3*1 
2026-09-25T15:50:22+04:00	ck4g-mirror-1m	4	556608	556450	45	12733145088	12324765696	python3*36 pt_gloo_runloop*2 ZMQbg/Reaper*2 ZMQbg/IO/0*2 pt_tcpstore_uv*1 cuda0000240000a*1 
2026-09-25T15:50:22+04:00	ck4g-mirror-1m	4	556609	556450	57	1057378304	932409344	python3*49 ZMQbg/Reaper*4 ZMQbg/IO/0*4 
2026-09-25T15:50:33+04:00	ck4g-mirror-1m	4	556434	488	2	6840320	3059712	uv*1 main2*1 
2026-09-25T15:50:33+04:00	ck4g-mirror-1m	4	556450	556434	57	1078632448	953044992	ft*51 ZMQbg/Reaper*3 ZMQbg/IO/0*3 
2026-09-25T15:50:33+04:00	ck4g-mirror-1m	4	556607	556450	1	12681216	5943296	python3*1 
2026-09-25T15:50:33+04:00	ck4g-mirror-1m	4	556608	556450	45	12733145088	12324765696	python3*36 pt_gloo_runloop*2 ZMQbg/Reaper*2 ZMQbg/IO/0*2 pt_tcpstore_uv*1 cuda0000240000a*1 
2026-09-25T15:50:33+04:00	ck4g-mirror-1m	4	556609	556450	57	1057378304	932409344	python3*49 ZMQbg/Reaper*4 ZMQbg/IO/0*4 
2026-09-25T15:50:43+04:00	ck4g-mirror-1m	4	556434	488	2	6840320	3059712	uv*1 main2*1 
2026-09-25T15:50:43+04:00	ck4g-mirror-1m	4	556450	556434	57	1078632448	953044992	ft*51 ZMQbg/Reaper*3 ZMQbg/IO/0*3 
2026-09-25T15:50:43+04:00	ck4g-mirror-1m	4	556607	556450	1	12681216	5943296	python3*1 
2026-09-25T15:50:43+04:00	ck4g-mirror-1m	4	556608	556450	45	12733145088	12324765696	python3*36 pt_gloo_runloop*2 ZMQbg/Reaper*2 ZMQbg/IO/0*2 pt_tcpstore_uv*1 cuda0000240000a*1 
2026-09-25T15:50:44+04:00	ck4g-mirror-1m	4	556609	556450	57	1057378304	932409344	python3*49 ZMQbg/Reaper*4 ZMQbg/IO/0*4 
2026-09-25T15:50:54+04:00	ck4g-mirror-1m	4	556434	488	2	6840320	3059712	uv*1 main2*1 
2026-09-25T15:50:54+04:00	ck4g-mirror-1m	4	556450	556434	57	1078632448	953044992	ft*51 ZMQbg/Reaper*3 ZMQbg/IO/0*3 
2026-09-25T15:50:54+04:00	ck4g-mirror-1m	4	556607	556450	1	12681216	5943296	python3*1 
2026-09-25T15:50:54+04:00	ck4g-mirror-1m	4	556608	556450	45	12733145088	12324765696	python3*36 pt_gloo_runloop*2 ZMQbg/Reaper*2 ZMQbg/IO/0*2 pt_tcpstore_uv*1 cuda0000240000a*1 
2026-09-25T15:50:54+04:00	ck4g-mirror-1m	4	556609	556450	57	1057378304	932409344	python3*49 ZMQbg/Reaper*4 ZMQbg/IO/0*4 
2026-09-25T15:51:05+04:00	ck4g-mirror-1m	4	556434	488	2	6840320	3059712	uv*1 main2*1 
2026-09-25T15:51:05+04:00	ck4g-mirror-1m	4	556450	556434	57	1078632448	953044992	ft*51 ZMQbg/Reaper*3 ZMQbg/IO/0*3 
2026-09-25T15:51:05+04:00	ck4g-mirror-1m	4	556607	556450	1	12681216	5943296	python3*1 
2026-09-25T15:51:05+04:00	ck4g-mirror-1m	4	556608	556450	45	12733145088	12324765696	python3*36 pt_gloo_runloop*2 ZMQbg/Reaper*2 ZMQbg/IO/0*2 pt_tcpstore_uv*1 cuda0000240000a*1 
2026-09-25T15:51:05+04:00	ck4g-mirror-1m	4	556609	556450	57	1057378304	932409344	python3*49 ZMQbg/Reaper*4 ZMQbg/IO/0*4 
2026-09-25T15:51:15+04:00	ck4g-mirror-1m	4	556434	488	2	6840320	3059712	uv*1 main2*1 
2026-09-25T15:51:15+04:00	ck4g-mirror-1m	4	556450	556434	57	1078632448	953044992	ft*51 ZMQbg/Reaper*3 ZMQbg/IO/0*3 
2026-09-25T15:51:15+04:00	ck4g-mirror-1m	4	556607	556450	1	12681216	5943296	python3*1 
2026-09-25T15:51:15+04:00	ck4g-mirror-1m	4	556608	556450	45	12733145088	12324765696	python3*36 pt_gloo_runloop*2 ZMQbg/Reaper*2 ZMQbg/IO/0*2 pt_tcpstore_uv*1 cuda0000240000a*1 
2026-09-25T15:51:16+04:00	ck4g-mirror-1m	4	556609	556450	57	1057378304	932409344	python3*49 ZMQbg/Reaper*4 ZMQbg/IO/0*4 
2026-09-25T15:51:26+04:00	ck4g-mirror-1m	4	556434	488	2	6840320	3059712	uv*1 main2*1 
2026-09-25T15:51:26+04:00	ck4g-mirror-1m	4	556450	556434	57	1078632448	953044992	ft*51 ZMQbg/Reaper*3 ZMQbg/IO/0*3 
2026-09-25T15:51:26+04:00	ck4g-mirror-1m	4	556607	556450	1	12681216	5943296	python3*1 
2026-09-25T15:51:26+04:00	ck4g-mirror-1m	4	556608	556450	45	12733145088	12324765696	python3*36 pt_gloo_runloop*2 ZMQbg/Reaper*2 ZMQbg/IO/0*2 pt_tcpstore_uv*1 cuda0000240000a*1 
2026-09-25T15:51:26+04:00	ck4g-mirror-1m	4	556609	556450	57	1057378304	932409344	python3*49 ZMQbg/Reaper*4 ZMQbg/IO/0*4 
2026-09-25T15:51:37+04:00	ck4g-mirror-1m	4	556434	488	2	6840320	3059712	uv*1 main2*1 
2026-09-25T15:51:37+04:00	ck4g-mirror-1m	4	556450	556434	57	1078632448	953044992	ft*51 ZMQbg/Reaper*3 ZMQbg/IO/0*3 
2026-09-25T15:51:37+04:00	ck4g-mirror-1m	4	556607	556450	1	12681216	5943296	python3*1 
2026-09-25T15:51:37+04:00	ck4g-mirror-1m	4	556608	556450	45	12733145088	12324765696	python3*36 pt_gloo_runloop*2 ZMQbg/Reaper*2 ZMQbg/IO/0*2 pt_tcpstore_uv*1 cuda0000240000a*1 
2026-09-25T15:51:37+04:00	ck4g-mirror-1m	4	556609	556450	57	1057378304	932409344	python3*49 ZMQbg/Reaper*4 ZMQbg/IO/0*4 
2026-09-25T15:51:47+04:00	ck4g-mirror-1m	4	556434	488	2	6840320	3059712	uv*1 main2*1 
2026-09-25T15:51:47+04:00	ck4g-mirror-1m	4	556450	556434	57	1078632448	953044992	ft*51 ZMQbg/Reaper*3 ZMQbg/IO/0*3 
2026-09-25T15:51:47+04:00	ck4g-mirror-1m	4	556607	556450	1	12681216	5943296	python3*1 
2026-09-25T15:51:47+04:00	ck4g-mirror-1m	4	556608	556450	45	12733190144	12324810752	python3*36 pt_gloo_runloop*2 ZMQbg/Reaper*2 ZMQbg/IO/0*2 pt_tcpstore_uv*1 cuda0000240000a*1 
2026-09-25T15:51:47+04:00	ck4g-mirror-1m	4	556609	556450	57	1057378304	932409344	python3*49 ZMQbg/Reaper*4 ZMQbg/IO/0*4 
2026-09-25T15:51:58+04:00	ck4g-mirror-1m	4	556434	488	2	6840320	3059712	uv*1 main2*1 
2026-09-25T15:51:58+04:00	ck4g-mirror-1m	4	556450	556434	57	1078632448	953044992	ft*51 ZMQbg/Reaper*3 ZMQbg/IO/0*3 
2026-09-25T15:51:58+04:00	ck4g-mirror-1m	4	556607	556450	1	12681216	5943296	python3*1 
2026-09-25T15:51:58+04:00	ck4g-mirror-1m	4	556608	556450	45	12733235200	12324855808	python3*36 pt_gloo_runloop*2 ZMQbg/Reaper*2 ZMQbg/IO/0*2 pt_tcpstore_uv*1 cuda0000240000a*1 
2026-09-25T15:51:58+04:00	ck4g-mirror-1m	4	556609	556450	57	1057378304	932409344	python3*49 ZMQbg/Reaper*4 ZMQbg/IO/0*4 
2026-09-25T15:52:09+04:00	ck4g-mirror-1m	4	556434	488	2	6840320	3059712	uv*1 main2*1 
2026-09-25T15:52:09+04:00	ck4g-mirror-1m	4	556450	556434	57	1078632448	953044992	ft*51 ZMQbg/Reaper*3 ZMQbg/IO/0*3 
2026-09-25T15:52:09+04:00	ck4g-mirror-1m	4	556607	556450	1	12681216	5943296	python3*1 
2026-09-25T15:52:09+04:00	ck4g-mirror-1m	4	556608	556450	45	12733378560	12324999168	python3*36 pt_gloo_runloop*2 ZMQbg/Reaper*2 ZMQbg/IO/0*2 pt_tcpstore_uv*1 cuda0000240000a*1 
2026-09-25T15:52:09+04:00	ck4g-mirror-1m	4	556609	556450	57	1057378304	932409344	python3*49 ZMQbg/Reaper*4 ZMQbg/IO/0*4 
2026-09-25T15:52:19+04:00	ck4g-mirror-1m	4	556434	488	2	6840320	3059712	uv*1 main2*1 
2026-09-25T15:52:19+04:00	ck4g-mirror-1m	4	556450	556434	57	1078632448	953044992	ft*51 ZMQbg/Reaper*3 ZMQbg/IO/0*3 
2026-09-25T15:52:19+04:00	ck4g-mirror-1m	4	556607	556450	1	12681216	5943296	python3*1 
2026-09-25T15:52:19+04:00	ck4g-mirror-1m	4	556608	556450	45	12733513728	12325134336	python3*36 pt_gloo_runloop*2 ZMQbg/Reaper*2 ZMQbg/IO/0*2 pt_tcpstore_uv*1 cuda0000240000a*1 
2026-09-25T15:52:19+04:00	ck4g-mirror-1m	4	556609	556450	57	1057378304	932409344	python3*49 ZMQbg/Reaper*4 ZMQbg/IO/0*4 
2026-09-25T15:52:29+04:00	ck4g-mirror-1m	4	556434	488	2	6840320	3059712	uv*1 main2*1 
2026-09-25T15:52:29+04:00	ck4g-mirror-1m	4	556450	556434	57	1078632448	953044992	ft*51 ZMQbg/Reaper*3 ZMQbg/IO/0*3 
2026-09-25T15:52:29+04:00	ck4g-mirror-1m	4	556607	556450	1	12681216	5943296	python3*1 
2026-09-25T15:52:29+04:00	ck4g-mirror-1m	4	556608	556450	45	12733657088	12325277696	python3*36 pt_gloo_runloop*2 ZMQbg/Reaper*2 ZMQbg/IO/0*2 pt_tcpstore_uv*1 cuda0000240000a*1 
2026-09-25T15:52:30+04:00	ck4g-mirror-1m	4	556609	556450	57	1057378304	932409344	python3*49 ZMQbg/Reaper*4 ZMQbg/IO/0*4 
2026-09-25T15:52:41+04:00	ck4g-mirror-1m	4	556434	488	2	6840320	3059712	uv*1 main2*1 
2026-09-25T15:52:41+04:00	ck4g-mirror-1m	4	556450	556434	57	1074372608	953044992	ft*51 ZMQbg/Reaper*3 ZMQbg/IO/0*3 
2026-09-25T15:52:41+04:00	ck4g-mirror-1m	4	556607	556450	1	12681216	5943296	python3*1 
2026-09-25T15:52:41+04:00	ck4g-mirror-1m	4	556608	556450	45	12724523008	12325433344	python3*36 pt_gloo_runloop*2 ZMQbg/Reaper*2 ZMQbg/IO/0*2 pt_tcpstore_uv*1 cuda0000240000a*1 
2026-09-25T15:52:41+04:00	ck4g-mirror-1m	4	556609	556450	57	1044946944	932409344	python3*49 ZMQbg/Reaper*4 ZMQbg/IO/0*4 
2026-09-25T15:52:51+04:00	ck4g-mirror-1m	4	556434	488	2	6483968	3059712	uv*1 main2*1 
2026-09-25T15:52:51+04:00	ck4g-mirror-1m	4	556450	556434	57	1064161280	953044992	ft*51 ZMQbg/Reaper*3 ZMQbg/IO/0*3 
2026-09-25T15:52:51+04:00	ck4g-mirror-1m	4	556607	556450	1	12681216	5943296	python3*1 
2026-09-25T15:52:51+04:00	ck4g-mirror-1m	4	556608	556450	45	12691922944	12325572608	python3*36 pt_gloo_runloop*2 ZMQbg/Reaper*2 ZMQbg/IO/0*2 pt_tcpstore_uv*1 cuda0000240000a*1 
2026-09-25T15:52:51+04:00	ck4g-mirror-1m	4	556609	556450	57	1042771968	932409344	python3*49 ZMQbg/Reaper*4 ZMQbg/IO/0*4 
2026-09-25T15:53:01+04:00	ck4g-mirror-1m	4	556434	488	2	6483968	3059712	uv*1 main2*1 
2026-09-25T15:53:01+04:00	ck4g-mirror-1m	4	556450	556434	57	1064161280	953044992	ft*51 ZMQbg/Reaper*3 ZMQbg/IO/0*3 
2026-09-25T15:53:01+04:00	ck4g-mirror-1m	4	556607	556450	1	12681216	5943296	python3*1 
2026-09-25T15:53:01+04:00	ck4g-mirror-1m	4	556608	556450	45	12692086784	12325736448	python3*36 pt_gloo_runloop*2 ZMQbg/Reaper*2 ZMQbg/IO/0*2 pt_tcpstore_uv*1 cuda0000240000a*1 
2026-09-25T15:53:01+04:00	ck4g-mirror-1m	4	556609	556450	57	1042771968	932409344	python3*49 ZMQbg/Reaper*4 ZMQbg/IO/0*4 
2026-09-25T15:53:12+04:00	ck4g-mirror-1m	4	556434	488	2	6483968	3059712	uv*1 main2*1 
2026-09-25T15:53:12+04:00	ck4g-mirror-1m	4	556450	556434	57	1064161280	953044992	ft*51 ZMQbg/Reaper*3 ZMQbg/IO/0*3 
2026-09-25T15:53:13+04:00	ck4g-mirror-1m	4	556607	556450	1	12681216	5943296	python3*1 
2026-09-25T15:53:13+04:00	ck4g-mirror-1m	4	556608	556450	45	12692242432	12325892096	python3*36 pt_gloo_runloop*2 ZMQbg/Reaper*2 ZMQbg/IO/0*2 pt_tcpstore_uv*1 cuda0000240000a*1 
2026-09-25T15:53:13+04:00	ck4g-mirror-1m	4	556609	556450	57	1042771968	932409344	python3*49 ZMQbg/Reaper*4 ZMQbg/IO/0*4 
2026-09-25T15:53:23+04:00	ck4g-mirror-1m	4	556434	488	2	6483968	3059712	uv*1 main2*1 
2026-09-25T15:53:23+04:00	ck4g-mirror-1m	4	556450	556434	57	1064161280	953044992	ft*51 ZMQbg/Reaper*3 ZMQbg/IO/0*3 
2026-09-25T15:53:23+04:00	ck4g-mirror-1m	4	556607	556450	1	12681216	5943296	python3*1 
2026-09-25T15:53:23+04:00	ck4g-mirror-1m	4	556608	556450	45	12692389888	12326039552	python3*36 pt_gloo_runloop*2 ZMQbg/Reaper*2 ZMQbg/IO/0*2 pt_tcpstore_uv*1 cuda0000240000a*1 
2026-09-25T15:53:23+04:00	ck4g-mirror-1m	4	556609	556450	57	1042771968	932409344	python3*49 ZMQbg/Reaper*4 ZMQbg/IO/0*4 
2026-09-25T15:53:33+04:00	ck4g-mirror-1m	4	556434	488	2	6483968	3059712	uv*1 main2*1 
2026-09-25T15:53:33+04:00	ck4g-mirror-1m	4	556450	556434	57	1064161280	953044992	ft*51 ZMQbg/Reaper*3 ZMQbg/IO/0*3 
2026-09-25T15:53:33+04:00	ck4g-mirror-1m	4	556607	556450	1	12681216	5943296	python3*1 
2026-09-25T15:53:33+04:00	ck4g-mirror-1m	4	556608	556450	45	12692545536	12326195200	python3*36 pt_gloo_runloop*2 ZMQbg/Reaper*2 ZMQbg/IO/0*2 pt_tcpstore_uv*1 cuda0000240000a*1 
2026-09-25T15:53:33+04:00	ck4g-mirror-1m	4	556609	556450	57	1042771968	932409344	python3*49 ZMQbg/Reaper*4 ZMQbg/IO/0*4 
2026-09-25T15:53:43+04:00	ck4g-mirror-1m	4	556434	488	2	6483968	3059712	uv*1 main2*1 
2026-09-25T15:53:43+04:00	ck4g-mirror-1m	4	556450	556434	57	1064161280	953044992	ft*51 ZMQbg/Reaper*3 ZMQbg/IO/0*3 
2026-09-25T15:53:43+04:00	ck4g-mirror-1m	4	556607	556450	1	12681216	5943296	python3*1 
2026-09-25T15:53:43+04:00	ck4g-mirror-1m	4	556608	556450	45	12692701184	12326350848	python3*36 pt_gloo_runloop*2 ZMQbg/Reaper*2 ZMQbg/IO/0*2 pt_tcpstore_uv*1 cuda0000240000a*1 
2026-09-25T15:53:45+04:00	ck4g-mirror-1m	4	556609	556450	57	1042771968	932409344	python3*49 ZMQbg/Reaper*4 ZMQbg/IO/0*4 
2026-09-25T15:53:55+04:00	ck4g-mirror-1m	4	556434	488	2	6483968	3059712	uv*1 main2*1 
2026-09-25T15:53:55+04:00	ck4g-mirror-1m	4	556450	556434	57	1064161280	953044992	ft*51 ZMQbg/Reaper*3 ZMQbg/IO/0*3 
2026-09-25T15:53:55+04:00	ck4g-mirror-1m	4	556607	556450	1	12681216	5943296	python3*1 
2026-09-25T15:53:55+04:00	ck4g-mirror-1m	4	556608	556450	45	12692848640	12326498304	python3*36 pt_gloo_runloop*2 ZMQbg/Reaper*2 ZMQbg/IO/0*2 pt_tcpstore_uv*1 cuda0000240000a*1 
2026-09-25T15:53:55+04:00	ck4g-mirror-1m	4	556609	556450	57	1042771968	932409344	python3*49 ZMQbg/Reaper*4 ZMQbg/IO/0*4 
2026-09-25T15:54:05+04:00	ck4g-mirror-1m	4	556434	488	2	6483968	3059712	uv*1 main2*1 
2026-09-25T15:54:05+04:00	ck4g-mirror-1m	4	556450	556434	57	1064161280	953044992	ft*51 ZMQbg/Reaper*3 ZMQbg/IO/0*3 
2026-09-25T15:54:05+04:00	ck4g-mirror-1m	4	556607	556450	1	12681216	5943296	python3*1 
2026-09-25T15:54:05+04:00	ck4g-mirror-1m	4	556608	556450	45	12693004288	12326653952	python3*36 pt_gloo_runloop*2 ZMQbg/Reaper*2 ZMQbg/IO/0*2 pt_tcpstore_uv*1 cuda0000240000a*1 
2026-09-25T15:54:05+04:00	ck4g-mirror-1m	4	556609	556450	57	1042771968	932409344	python3*49 ZMQbg/Reaper*4 ZMQbg/IO/0*4 
2026-09-25T15:54:15+04:00	ck4g-mirror-1m	4	556434	488	2	6483968	3059712	uv*1 main2*1 
2026-09-25T15:54:15+04:00	ck4g-mirror-1m	4	556450	556434	57	1064161280	953044992	ft*51 ZMQbg/Reaper*3 ZMQbg/IO/0*3 
2026-09-25T15:54:15+04:00	ck4g-mirror-1m	4	556607	556450	1	12681216	5943296	python3*1 
2026-09-25T15:54:15+04:00	ck4g-mirror-1m	4	556608	556450	45	12693159936	12326809600	python3*36 pt_gloo_runloop*2 ZMQbg/Reaper*2 ZMQbg/IO/0*2 pt_tcpstore_uv*1 cuda0000240000a*1 
2026-09-25T15:54:15+04:00	ck4g-mirror-1m	4	556609	556450	57	1042771968	932409344	python3*49 ZMQbg/Reaper*4 ZMQbg/IO/0*4 
2026-09-25T15:54:26+04:00	ck4g-mirror-1m	4	556434	488	2	6483968	3059712	uv*1 main2*1 
2026-09-25T15:54:26+04:00	ck4g-mirror-1m	4	556450	556434	57	1064161280	953044992	ft*51 ZMQbg/Reaper*3 ZMQbg/IO/0*3 
2026-09-25T15:54:26+04:00	ck4g-mirror-1m	4	556607	556450	1	12681216	5943296	python3*1 
2026-09-25T15:54:26+04:00	ck4g-mirror-1m	4	556608	556450	45	12693286912	12326936576	python3*36 pt_gloo_runloop*2 ZMQbg/Reaper*2 ZMQbg/IO/0*2 pt_tcpstore_uv*1 cuda0000240000a*1 
2026-09-25T15:54:27+04:00	ck4g-mirror-1m	4	556609	556450	57	1042771968	932409344	python3*49 ZMQbg/Reaper*4 ZMQbg/IO/0*4 
2026-09-25T15:54:37+04:00	ck4g-mirror-1m	4	556434	488	2	6483968	3059712	uv*1 main2*1 
2026-09-25T15:54:37+04:00	ck4g-mirror-1m	4	556450	556434	57	1064161280	953044992	ft*51 ZMQbg/Reaper*3 ZMQbg/IO/0*3 
2026-09-25T15:54:37+04:00	ck4g-mirror-1m	4	556607	556450	1	12681216	5943296	python3*1 
2026-09-25T15:54:37+04:00	ck4g-mirror-1m	4	556608	556450	45	12693442560	12327092224	python3*36 pt_gloo_runloop*2 ZMQbg/Reaper*2 ZMQbg/IO/0*2 pt_tcpstore_uv*1 cuda0000240000a*1 
2026-09-25T15:54:37+04:00	ck4g-mirror-1m	4	556609	556450	57	1042771968	932409344	python3*49 ZMQbg/Reaper*4 ZMQbg/IO/0*4 
2026-09-25T15:54:47+04:00	ck4g-mirror-1m	4	556434	488	2	6307840	3059712	uv*1 main2*1 
2026-09-25T15:54:47+04:00	ck4g-mirror-1m	4	556450	556434	57	1021452288	953044992	ft*51 ZMQbg/Reaper*3 ZMQbg/IO/0*3 
2026-09-25T15:54:47+04:00	ck4g-mirror-1m	4	556607	556450	1	12677120	5943296	python3*1 
2026-09-25T15:54:47+04:00	ck4g-mirror-1m	4	556608	556450	45	12643119104	12327235584	python3*36 pt_gloo_runloop*2 ZMQbg/Reaper*2 ZMQbg/IO/0*2 pt_tcpstore_uv*1 cuda0000240000a*1 
2026-09-25T15:54:47+04:00	ck4g-mirror-1m	4	556609	556450	57	1000157184	932409344	python3*49 ZMQbg/Reaper*4 ZMQbg/IO/0*4 
2026-09-25T15:54:58+04:00	ck4g-mirror-1m	4	556434	488	2	6307840	3059712	uv*1 main2*1 
2026-09-25T15:54:58+04:00	ck4g-mirror-1m	4	556450	556434	57	1021452288	953044992	ft*51 ZMQbg/Reaper*3 ZMQbg/IO/0*3 
2026-09-25T15:54:58+04:00	ck4g-mirror-1m	4	556607	556450	1	12677120	5943296	python3*1 
2026-09-25T15:54:58+04:00	ck4g-mirror-1m	4	556608	556450	45	12643287040	12327403520	python3*36 pt_gloo_runloop*2 ZMQbg/Reaper*2 ZMQbg/IO/0*2 pt_tcpstore_uv*1 cuda0000240000a*1 
2026-09-25T15:54:58+04:00	ck4g-mirror-1m	4	556609	556450	57	1000157184	932409344	python3*49 ZMQbg/Reaper*4 ZMQbg/IO/0*4 
2026-09-25T15:55:09+04:00	ck4g-mirror-1m	4	556434	488	2	6307840	3059712	uv*1 main2*1 
2026-09-25T15:55:09+04:00	ck4g-mirror-1m	4	556450	556434	57	1021452288	953044992	ft*51 ZMQbg/Reaper*3 ZMQbg/IO/0*3 
2026-09-25T15:55:09+04:00	ck4g-mirror-1m	4	556607	556450	1	12677120	5943296	python3*1 
2026-09-25T15:55:09+04:00	ck4g-mirror-1m	4	556608	556450	45	12643426304	12327542784	python3*36 pt_gloo_runloop*2 ZMQbg/Reaper*2 ZMQbg/IO/0*2 pt_tcpstore_uv*1 cuda0000240000a*1 
2026-09-25T15:55:09+04:00	ck4g-mirror-1m	4	556609	556450	57	1000157184	932409344	python3*49 ZMQbg/Reaper*4 ZMQbg/IO/0*4 
2026-09-25T15:55:19+04:00	ck4g-mirror-1m	4	556434	488	2	6307840	3059712	uv*1 main2*1 
2026-09-25T15:55:19+04:00	ck4g-mirror-1m	4	556450	556434	57	1021452288	953044992	ft*51 ZMQbg/Reaper*3 ZMQbg/IO/0*3 
2026-09-25T15:55:19+04:00	ck4g-mirror-1m	4	556607	556450	1	12677120	5943296	python3*1 
2026-09-25T15:55:19+04:00	ck4g-mirror-1m	4	556608	556450	45	12643581952	12327698432	python3*36 pt_gloo_runloop*2 ZMQbg/Reaper*2 ZMQbg/IO/0*2 pt_tcpstore_uv*1 cuda0000240000a*1 
2026-09-25T15:55:19+04:00	ck4g-mirror-1m	4	556609	556450	57	1000157184	932409344	python3*49 ZMQbg/Reaper*4 ZMQbg/IO/0*4 
2026-09-25T15:55:30+04:00	ck4g-mirror-1m	4	556434	488	2	6258688	3059712	uv*1 main2*1 
2026-09-25T15:55:30+04:00	ck4g-mirror-1m	4	556450	556434	57	1011003392	953044992	ft*51 ZMQbg/Reaper*3 ZMQbg/IO/0*3 
2026-09-25T15:55:30+04:00	ck4g-mirror-1m	4	556607	556450	1	12677120	5943296	python3*1 
2026-09-25T15:55:30+04:00	ck4g-mirror-1m	4	556608	556450	45	12631384064	12327841792	python3*36 pt_gloo_runloop*2 ZMQbg/Reaper*2 ZMQbg/IO/0*2 pt_tcpstore_uv*1 cuda0000240000a*1 
2026-09-25T15:55:30+04:00	ck4g-mirror-1m	4	556609	556450	57	989765632	932409344	python3*49 ZMQbg/Reaper*4 ZMQbg/IO/0*4 
2026-09-25T15:55:40+04:00	ck4g-mirror-1m	4	556434	488	2	5652480	3059712	uv*1 main2*1 
2026-09-25T15:55:40+04:00	ck4g-mirror-1m	4	556450	556434	57	988585984	953044992	ft*51 ZMQbg/Reaper*3 ZMQbg/IO/0*3 
2026-09-25T15:55:40+04:00	ck4g-mirror-1m	4	556607	556450	1	12677120	5943296	python3*1 
2026-09-25T15:55:40+04:00	ck4g-mirror-1m	4	556608	556450	45	12607184896	12327985152	python3*36 pt_gloo_runloop*2 ZMQbg/Reaper*2 ZMQbg/IO/0*2 pt_tcpstore_uv*1 cuda0000240000a*1 
2026-09-25T15:55:41+04:00	ck4g-mirror-1m	4	556609	556450	57	967544832	932409344	python3*49 ZMQbg/Reaper*4 ZMQbg/IO/0*4 
2026-09-25T15:55:51+04:00	ck4g-mirror-1m	4	556434	488	2	5652480	3059712	uv*1 main2*1 
2026-09-25T15:55:51+04:00	ck4g-mirror-1m	4	556450	556434	57	988585984	953044992	ft*51 ZMQbg/Reaper*3 ZMQbg/IO/0*3 
2026-09-25T15:55:51+04:00	ck4g-mirror-1m	4	556607	556450	1	12677120	5943296	python3*1 
2026-09-25T15:55:51+04:00	ck4g-mirror-1m	4	556608	556450	45	12607336448	12328120320	python3*36 pt_gloo_runloop*2 ZMQbg/Reaper*2 ZMQbg/IO/0*2 pt_tcpstore_uv*1 cuda0000240000a*1 
2026-09-25T15:55:51+04:00	ck4g-mirror-1m	4	556609	556450	57	967544832	932409344	python3*49 ZMQbg/Reaper*4 ZMQbg/IO/0*4 
2026-09-25T15:56:01+04:00	ck4g-mirror-1m	4	556434	488	2	5652480	3059712	uv*1 main2*1 
2026-09-25T15:56:01+04:00	ck4g-mirror-1m	4	556450	556434	57	988585984	953044992	ft*51 ZMQbg/Reaper*3 ZMQbg/IO/0*3 
2026-09-25T15:56:01+04:00	ck4g-mirror-1m	4	556607	556450	1	12677120	5943296	python3*1 
2026-09-25T15:56:01+04:00	ck4g-mirror-1m	4	556608	556450	45	12607483904	12328267776	python3*36 pt_gloo_runloop*2 ZMQbg/Reaper*2 ZMQbg/IO/0*2 pt_tcpstore_uv*1 cuda0000240000a*1 
2026-09-25T15:56:01+04:00	ck4g-mirror-1m	4	556609	556450	57	967544832	932409344	python3*49 ZMQbg/Reaper*4 ZMQbg/IO/0*4 
2026-09-25T15:56:11+04:00	ck4g-mirror-1m	4	556434	488	2	5652480	3059712	uv*1 main2*1 
2026-09-25T15:56:11+04:00	ck4g-mirror-1m	4	556450	556434	57	988663808	953044992	ft*51 ZMQbg/Reaper*3 ZMQbg/IO/0*3 
2026-09-25T15:56:11+04:00	ck4g-mirror-1m	4	556607	556450	1	12677120	5943296	python3*1 
2026-09-25T15:56:11+04:00	ck4g-mirror-1m	4	556608	556450	45	12609200128	12329984000	python3*36 pt_gloo_runloop*2 ZMQbg/Reaper*2 ZMQbg/IO/0*2 pt_tcpstore_uv*1 cuda0000240000a*1 
2026-09-25T15:56:12+04:00	ck4g-mirror-1m	4	556609	556450	57	967561216	932409344	python3*49 ZMQbg/Reaper*4 ZMQbg/IO/0*4 
2026-09-25T15:56:23+04:00	ck4g-mirror-1m	4	556434	488	2	5652480	3059712	uv*1 main2*1 
2026-09-25T15:56:23+04:00	ck4g-mirror-1m	4	556450	556434	57	988663808	953044992	ft*51 ZMQbg/Reaper*3 ZMQbg/IO/0*3 
2026-09-25T15:56:23+04:00	ck4g-mirror-1m	4	556607	556450	1	12677120	5943296	python3*1 
2026-09-25T15:56:23+04:00	ck4g-mirror-1m	4	556608	556450	45	12609216512	12330000384	python3*36 pt_gloo_runloop*2 ZMQbg/Reaper*2 ZMQbg/IO/0*2 pt_tcpstore_uv*1 cuda0000240000a*1 
2026-09-25T15:56:23+04:00	ck4g-mirror-1m	4	556609	556450	57	967561216	932409344	python3*49 ZMQbg/Reaper*4 ZMQbg/IO/0*4 
2026-09-25T15:56:33+04:00	ck4g-mirror-1m	4	556434	488	2	5652480	3059712	uv*1 main2*1 
2026-09-25T15:56:33+04:00	ck4g-mirror-1m	4	556450	556434	57	998862848	963244032	ft*51 ZMQbg/Reaper*3 ZMQbg/IO/0*3 
2026-09-25T15:56:33+04:00	ck4g-mirror-1m	4	556607	556450	1	12677120	5943296	python3*1 
2026-09-25T15:56:33+04:00	ck4g-mirror-1m	4	556608	556450	45	12609216512	12330000384	python3*36 pt_gloo_runloop*2 ZMQbg/Reaper*2 ZMQbg/IO/0*2 pt_tcpstore_uv*1 cuda0000240000a*1 
2026-09-25T15:56:33+04:00	ck4g-mirror-1m	4	556609	556450	57	981192704	946040832	python3*49 ZMQbg/Reaper*4 ZMQbg/IO/0*4 
2026-09-25T15:56:43+04:00	ck4g-mirror-1m	4	556434	488	2	5652480	3059712	uv*1 main2*1 
2026-09-25T15:56:43+04:00	ck4g-mirror-1m	4	556450	556434	57	998862848	963244032	ft*51 ZMQbg/Reaper*3 ZMQbg/IO/0*3 
2026-09-25T15:56:43+04:00	ck4g-mirror-1m	4	556607	556450	1	12677120	5943296	python3*1 
2026-09-25T15:56:43+04:00	ck4g-mirror-1m	4	556608	556450	45	12609236992	12330000384	python3*36 pt_gloo_runloop*2 ZMQbg/Reaper*2 ZMQbg/IO/0*2 pt_tcpstore_uv*1 cuda0000240000a*1 
2026-09-25T15:56:43+04:00	ck4g-mirror-1m	4	556609	556450	57	981192704	946040832	python3*49 ZMQbg/Reaper*4 ZMQbg/IO/0*4 
2026-09-25T15:56:54+04:00	ck4g-mirror-1m	4	556434	488	2	5652480	3059712	uv*1 main2*1 
2026-09-25T15:56:54+04:00	ck4g-mirror-1m	4	556450	556434	57	998862848	963244032	ft*51 ZMQbg/Reaper*3 ZMQbg/IO/0*3 
2026-09-25T15:56:54+04:00	ck4g-mirror-1m	4	556607	556450	1	12677120	5943296	python3*1 
2026-09-25T15:56:54+04:00	ck4g-mirror-1m	4	556608	556450	45	12609236992	12330000384	python3*36 pt_gloo_runloop*2 ZMQbg/Reaper*2 ZMQbg/IO/0*2 pt_tcpstore_uv*1 cuda0000240000a*1 
2026-09-25T15:56:55+04:00	ck4g-mirror-1m	4	556609	556450	57	981192704	946040832	python3*49 ZMQbg/Reaper*4 ZMQbg/IO/0*4 
2026-09-25T15:57:05+04:00	ck4g-mirror-1m	4	556434	488	2	5652480	3059712	uv*1 main2*1 
2026-09-25T15:57:05+04:00	ck4g-mirror-1m	4	556450	556434	57	998862848	963244032	ft*51 ZMQbg/Reaper*3 ZMQbg/IO/0*3 
2026-09-25T15:57:05+04:00	ck4g-mirror-1m	4	556607	556450	1	12677120	5943296	python3*1 
2026-09-25T15:57:05+04:00	ck4g-mirror-1m	4	556608	556450	45	12609236992	12330000384	python3*36 pt_gloo_runloop*2 ZMQbg/Reaper*2 ZMQbg/IO/0*2 pt_tcpstore_uv*1 cuda0000240000a*1 
2026-09-25T15:57:05+04:00	ck4g-mirror-1m	4	556609	556450	57	981192704	946040832	python3*49 ZMQbg/Reaper*4 ZMQbg/IO/0*4 
2026-09-25T15:57:15+04:00	ck4g-mirror-1m	4	556434	488	2	5652480	3059712	uv*1 main2*1 
2026-09-25T15:57:15+04:00	ck4g-mirror-1m	4	556450	556434	59	1028796416	984674304	ft*52 ZMQbg/Reaper*3 ZMQbg/IO/0*3 cuda0000a40002a*1 
2026-09-25T15:57:15+04:00	ck4g-mirror-1m	4	556607	556450	1	12677120	5943296	python3*1 
2026-09-25T15:57:15+04:00	ck4g-mirror-1m	4	556608	556450	45	12609236992	12330000384	python3*36 pt_gloo_runloop*2 ZMQbg/Reaper*2 ZMQbg/IO/0*2 pt_tcpstore_uv*1 cuda0000240000a*1 
2026-09-25T15:57:15+04:00	ck4g-mirror-1m	4	556609	556450	57	981192704	946040832	python3*49 ZMQbg/Reaper*4 ZMQbg/IO/0*4 
