ts	unit	ready	probes_done	cg_current	cg_peak	cg_anon	cg_file	cg_unevict	cg_shmem	pid	vm_rss	rss_anon	rss_file	rss_shmem	memavail
2026-09-28T05:03:39+04:00	b-wn2	1	0	453365760	453365760	331390976	118226944	0	0	278817	548237312	325545984	222691328	0	32504500224
2026-09-28T05:03:49+04:00	b-wn2	1	0	8236273664	8236273664	2026602496	6176886784	0	2387542016	279030	3774058496	983113728	403861504	2387083264	28395659264
2026-09-28T05:03:59+04:00	b-wn2	1	0	24929394688	24956649472	2027118592	22819553280	0	12849545216	279030	14235439104	984031232	402944000	12848463872	17921069056
2026-09-28T05:04:13+04:00	b-wn2	1	0	28867948544	28893868032	1938989056	26801364992	0	21472772096	279030	22811086848	984555520	354840576	21471690752	9407533056
2026-09-28T05:04:23+04:00	b-wn2	1	0	28560973824	29355868160	2855677952	25577558016	0	20375945216	279030	22826475520	1982771200	468873216	20374831104	9563578368
2026-09-28T05:04:33+04:00	b-wn2	1	0	28620185600	29355868160	3144482816	25345867776	0	20375945216	279030	22825426944	1983033344	467562496	20374831104	9063583744
2026-09-28T05:04:47+04:00	b-wn2	1	0	28585295872	29355868160	3144482816	25310978048	0	20375945216	279030	22824902656	1983033344	467038208	20374831104	9020952576
2026-09-28T05:04:57+04:00	b-wn2	1	0	28582338560	29355868160	3154042880	25297825792	0	20375945216	279030	22830669824	1988538368	467300352	20374831104	8986230784
2026-09-28T05:05:07+04:00	b-wn2	1	0	28556509184	29355868160	3154370560	25271906304	0	20375945216	279030	22829490176	1988538368	466120704	20374831104	8984608768
2026-09-28T05:05:21+04:00	b-wn2	1	0	28551294976	29355868160	3154546688	25266257920	0	20375945216	279030	22829228032	1988538368	465858560	20374831104	8985575424
2026-09-28T05:05:31+04:00	b-wn2	1	0	28551614464	29355868160	3154579456	25266257920	0	20375945216	279030	22829228032	1988538368	465858560	20374831104	9000988672
2026-09-28T05:05:41+04:00	b-wn2	1	0	28551839744	29355868160	3154673664	25266356224	0	20375945216	279030	22829228032	1988538368	465858560	20374831104	9001373696
2026-09-28T05:05:52+04:00	b-wn2	1	0	28551307264	29355868160	3154677760	25266356224	0	20375945216	279030	22829228032	1988538368	465858560	20374831104	8990560256
2026-09-28T05:06:05+04:00	b-wn2	1	0	27807109120	29355868160	3154767872	24521838592	0	20375945216	279030	22787809280	1988538368	424439808	20374831104	8086016000
2026-09-28T05:06:15+04:00	b-wn2	1	0	27118456832	29355868160	3140915200	23847268352	0	20375945216	279030	22776537088	1988538368	413167616	20374831104	7102484480
2026-09-28T05:06:26+04:00	b-wn2	1	0	26449051648	29355868160	3131232256	23187394560	0	20375945216	279030	22758449152	1988538368	395079680	20374831104	6144798720
2026-09-28T05:06:39+04:00	b-wn2	1	0	26448793600	29355868160	3131236352	23187394560	0	20375945216	279030	22758449152	1988538368	395079680	20374831104	6097551360
2026-09-28T05:07:33+04:00	ck9e-warm-whole	0	0	4434096128	4435406848	1846591488	2570285056	0	1157644288	288814	3299323904	803319808	1343225856	1157627904	29398736896
2026-09-28T05:07:46+04:00	ck9e-warm-whole	0	0	19520344064	19520344064	2030325760	17429114880	0	7967277056	288814	9352310784	986664960	399220736	7966425088	22245756928
2026-09-28T05:07:57+04:00	ck9e-warm-whole	0	0	27722440704	27761594368	2030751744	25580646400	0	16431988736	288814	17816940544	986927104	399220736	16430792704	13751783424
2026-09-28T05:08:07+04:00	ck9e-warm-whole	0	0	29181067264	29183586304	2507730944	26506596352	0	22011723776	288814	23253016576	882851840	359505920	22010658816	7717478400
2026-09-28T05:08:21+04:00	ck9e-warm-whole	0	0	28359630848	29359783936	2024132608	26186436608	0	22011723776	288814	23343194112	975519744	357015552	22010658816	8206770176
2026-09-28T05:08:31+04:00	ck9e-warm-whole	1	0	27956350976	29359783936	2791485440	25016311808	0	20375945216	288814	22598983680	1747681280	476422144	20374880256	9061425152
2026-09-28T05:08:41+04:00	ck9e-warm-whole	1	0	28180672512	29359783936	2991374336	25038925824	0	20375945216	288814	22602784768	1747681280	480223232	20374880256	8845312000
2026-09-28T05:08:55+04:00	ck9e-warm-whole	1	0	28180672512	29359783936	2991374336	25038925824	0	20375945216	288814	22602784768	1747681280	480223232	20374880256	8826548224
2026-09-28T05:09:06+04:00	ck9e-warm-whole	1	2	28304490496	29359783936	3077832704	25075892224	0	20375945216	288814	22654623744	1750040576	529702912	20374880256	8733712384
2026-09-28T05:09:16+04:00	ck9s-warm-whole	0	0	310161408	310161408	273944576	33058816	0	0	295626	487911424	268234752	219676672	0	32014835712
2026-09-28T05:09:26+04:00	ck9s-warm-whole	0	0	7006867456	7006867456	2024067072	4954767360	0	1816887296	295874	3200946176	980586496	403963904	1816395776	28440641536
2026-09-28T05:09:39+04:00	ck9s-warm-whole	0	0	24709390336	24709865472	2024550400	22613336064	0	11042471936	295874	12426055680	981110784	403439616	11041505280	19185057792
2026-09-28T05:09:50+04:00	ck9s-warm-whole	0	0	28019593216	28029014016	2024927232	25878016000	0	18936528896	295874	20280807424	981897216	363331584	18935578624	11267391488
2026-09-28T05:10:00+04:00	ck9s-warm-whole	0	0	28525727744	29416660992	2803765248	25594613760	0	20375945216	295874	22583595008	1760694272	447873024	20375027712	9148559360
2026-09-28T05:10:14+04:00	ck9s-warm-whole	1	0	28230574080	29416660992	3230998528	24869572608	0	20375945216	295874	22808023040	1988792320	444203008	20375027712	7733272576
2026-09-28T05:10:24+04:00	ck9s-warm-whole	1	0	27400491008	29416660992	3230998528	24039534592	0	20375945216	295874	22794915840	1988792320	431095808	20375027712	6684569600
2026-09-28T05:10:35+04:00	ck9s-warm-whole	1	0	26839220224	29416660992	3316842496	23392202752	0	20375945216	295874	22749827072	1989316608	385482752	20375027712	5868294144
2026-09-28T05:10:57+04:00	ck9e-warm-mirror	0	0	5378605056	5379915776	1906139136	3455627264	0	1184907264	301284	2720284672	863440896	675622912	1184890880	29353410560
2026-09-28T05:11:07+04:00	ck9e-warm-mirror	0	0	21409296384	21409746944	16390369280	4965228544	0	1723764736	301284	17472307200	15347683328	400896000	1723727872	14281437184
2026-09-28T05:11:21+04:00	ck9e-warm-mirror	0	0	21516800000	21519540224	16476913664	4986138624	0	1723764736	301284	17562484736	15434059776	404697088	1723727872	13145407488
2026-09-28T05:11:31+04:00	ck9e-warm-mirror	0	0	20349726720	22213287936	16792109056	3508994048	0	87986176	301284	16338927616	15749287936	501690368	87949312	14761947136
2026-09-28T05:11:42+04:00	ck9e-warm-mirror	0	0	20349968384	22213287936	16792350720	3508994048	0	87986176	301284	16339189760	15749550080	501690368	87949312	15487197184
2026-09-28T05:11:54+04:00	ck9e-warm-mirror	0	0	20608745472	22213287936	17039699968	3519782912	0	87986176	301284	16597532672	15996882944	512700416	87949312	15183073280
2026-09-28T05:12:04+04:00	ck9e-warm-mirror	1	0	20921528320	22213287936	17348423680	3525140480	0	87986176	301284	16817733632	16212889600	516894720	87949312	14815772672
2026-09-28T05:12:14+04:00	ck9e-warm-mirror	1	0	21036187648	22213287936	17454694400	3529846784	0	87986176	301284	16821534720	16213020672	520564736	87949312	14720909312
2026-09-28T05:12:28+04:00	ck9e-warm-mirror	1	0	21036187648	22213287936	17454694400	3529846784	0	87986176	301284	16821534720	16213020672	520564736	87949312	14734065664
2026-09-28T05:12:38+04:00	ck9e-warm-mirror	1	2	21122801664	22213287936	17540616192	3530338304	0	87986176	301284	16821534720	16213020672	520564736	87949312	14648856576
2026-09-28T05:12:49+04:00	ck9s-warm-mirror	0	0	855392256	856342528	843792384	2936832	0	12288	314706	700338176	422203392	278134784	0	31523225600
2026-09-28T05:13:01+04:00	ck9s-warm-mirror	0	0	18173145088	18174013440	16385925120	1737850880	0	1723764736	315018	17473212416	15343583232	405901312	1723727872	14274920448
2026-09-28T05:13:11+04:00	ck9s-warm-mirror	0	0	18259963904	18276155392	16472469504	1737867264	0	1723764736	315018	17563652096	15430090752	409833472	1723727872	14178820096
2026-09-28T05:13:21+04:00	ck9s-warm-mirror	0	0	16940335104	18572967936	16794038272	102674432	0	87986176	315018	16346521600	15751741440	506826752	87953408	15492493312
2026-09-28T05:13:35+04:00	ck9s-warm-mirror	0	0	16940560384	18572967936	16794263552	102674432	0	87986176	315018	16346783744	15752003584	506826752	87953408	15497883648
2026-09-28T05:13:45+04:00	ck9s-warm-mirror	0	0	17188089856	18572967936	17041203200	102674432	0	87986176	315018	16604471296	15998943232	517574656	87953408	15252754432
2026-09-28T05:13:56+04:00	ck9s-warm-mirror	0	0	17441120256	18572967936	17293721600	102674432	0	87986176	315018	16863207424	16251518976	523735040	87953408	15000350720
2026-09-28T05:14:06+04:00	ck9s-warm-mirror	1	0	17845329920	18572967936	17695703040	102682624	0	87986176	315018	17073803264	16454905856	530944000	87953408	14601142272
2026-09-28T05:14:19+04:00	ck9s-warm-mirror	1	0	17845325824	18572967936	17695703040	102682624	0	87986176	315018	17073803264	16454905856	530944000	87953408	14599315456
2026-09-28T05:14:30+04:00	ck9s-warm-mirror	1	0	17845559296	18572967936	17695895552	102682624	0	87986176	315018	17073803264	16454905856	530944000	87953408	14596448256
2026-09-28T05:15:26+04:00	ck9s-whole-1	0	0	3659554816	3659554816	1906376704	1731805184	0	1721778176	324316	3401117696	863895552	822013952	1721761792	28828422144
2026-09-28T05:15:36+04:00	ck9s-whole-1	0	0	19962155008	19962155008	2029170688	17859932160	0	9774350336	324316	11161649152	986206208	402059264	9773383680	20638171136
2026-09-28T05:15:47+04:00	ck9s-whole-1	0	0	24504770560	24522063872	2029547520	22356844544	0	16939237376	324316	18322505728	986861568	397209600	16938434560	13482627072
2026-09-28T05:16:01+04:00	ck9s-whole-1	0	0	27490869248	27521245184	2029748224	25317941248	0	21409366016	324316	22723248128	986992640	328134656	21408120832	9160929280
2026-09-28T05:16:11+04:00	ck9s-whole-1	1	0	27330834432	28197494784	3000774656	24187363328	0	20375945216	324316	22809591808	1989320704	445313024	20374958080	9273167872
2026-09-28T05:16:22+04:00	ck9s-whole-1	1	0	27537965056	28197494784	3203575808	24189984768	0	20375945216	324316	22814703616	1989976064	449769472	20374958080	9068683264
2026-09-28T05:16:35+04:00	ck9s-whole-1	1	0	27537965056	28197494784	3203575808	24189984768	0	20375945216	324316	22814703616	1989976064	449769472	20374958080	9054879744
2026-09-28T05:16:45+04:00	ck9s-whole-1	1	0	27543879680	28197494784	3208208384	24190001152	0	20375945216	324316	22815227904	1990500352	449769472	20374958080	9042292736
2026-09-28T05:16:55+04:00	ck9s-whole-1	1	0	27544121344	28197494784	3208208384	24190001152	0	20375945216	324316	22815227904	1990500352	449769472	20374958080	9026338816
2026-09-28T05:17:09+04:00	ck9s-whole-1	1	0	27611168768	28197494784	3250470912	24214917120	0	20375945216	324316	22858248192	2032472064	450818048	20374958080	8971612160
2026-09-28T05:17:19+04:00	ck9s-whole-1	1	0	27611168768	28197494784	3250470912	24214917120	0	20375945216	324316	22858248192	2032472064	450818048	20374958080	8974274560
2026-09-28T05:17:39+04:00	ck9e-whole-1	0	0	1908740096	1908740096	1596088320	298041344	0	77606912	332594	978862080	554713088	346685440	77594624	31030734848
2026-09-28T05:17:52+04:00	ck9e-whole-1	0	0	12867317760	12868087808	2019966976	10801233920	0	5462736896	332594	6842683392	977559552	403222528	5461901312	25217683456
2026-09-28T05:18:02+04:00	ck9e-whole-1	0	0	25207148544	25230274560	2020352000	23105097728	0	13166575616	332594	14546833408	978083840	403222528	13165527040	17496518656
2026-09-28T05:18:13+04:00	ck9e-whole-1	0	0	27836837888	27866177536	2020679680	25698009088	0	19538886656	332594	20905529344	978214912	389591040	19537723392	11182440448
2026-09-28T05:18:26+04:00	ck9e-whole-1	0	0	27824852992	29158629376	2564210688	25134415872	0	20375945216	332594	22349717504	1522016256	452767744	20374933504	9919885312
2026-09-28T05:18:37+04:00	ck9e-whole-1	1	0	28266663936	29158629376	2992820224	25145352192	0	20375945216	332594	22585847808	1750413312	460500992	20374933504	9462407168
2026-09-28T05:18:47+04:00	ck9e-whole-1	1	0	28266663936	29158629376	2992820224	25145352192	0	20375945216	332594	22585847808	1750413312	460500992	20374933504	9468317696
2026-09-28T05:19:00+04:00	ck9e-whole-1	1	1	28271919104	29158629376	2996285440	25145667584	0	20375945216	332594	22586241024	1750806528	460500992	20374933504	9457512448
2026-09-28T05:19:11+04:00	ck9e-whole-1	1	1	28272164864	29158629376	2996301824	25145786368	0	20375945216	332594	22586241024	1750806528	460500992	20374933504	9452576768
2026-09-28T05:19:21+04:00	ck9e-whole-1	1	3	28339838976	29158629376	3039064064	25170632704	0	20375945216	332594	22630113280	1793630208	461549568	20374933504	9423691776
2026-09-28T05:19:35+04:00	ck9e-whole-1	1	4	28426592256	29158629376	3122757632	25173766144	0	20375945216	332594	22631116800	1794633728	461549568	20374933504	9364553728
2026-09-28T05:20:18+04:00	ck9s-mirror-1	0	0	307175424	307175424	257056768	47308800	0	0	341407	468811776	251363328	217710592	0	32693116928
2026-09-28T05:20:28+04:00	ck9s-mirror-1	0	0	15129784320	15136600064	11227189248	3876110336	0	1721778176	341619	12347207680	10230001664	402259968	1721761792	19923718144
2026-09-28T05:20:41+04:00	ck9s-mirror-1	0	0	20318027776	20318826496	16388059136	3878912000	0	1723764736	341619	17471205376	15344431104	403046400	1723727872	14767374336
2026-09-28T05:20:52+04:00	ck9s-mirror-1	0	0	20428922880	20431036416	16474599424	3903004672	0	1723764736	341619	17561645056	15431069696	406847488	1723727872	14682918912
2026-09-28T05:21:02+04:00	ck9s-mirror-1	0	0	19117412352	20749574144	16790970368	2281082880	0	87986176	341619	16339398656	15747477504	503971840	87949312	16026116096
2026-09-28T05:21:15+04:00	ck9s-mirror-1	0	0	19117182976	20749574144	16790999040	2281082880	0	87986176	341619	16339398656	15747477504	503971840	87949312	16027607040
2026-09-28T05:21:25+04:00	ck9s-mirror-1	0	0	19760660480	20749574144	17287331840	2426679296	0	87986176	341619	16852676608	16243978240	520749056	87949312	14520991744
2026-09-28T05:21:36+04:00	ck9s-mirror-1	1	0	19971194880	20749574144	17497075712	2426970112	0	87986176	341619	17066483712	16453722112	524812288	87949312	13271842816
2026-09-28T05:21:49+04:00	ck9s-mirror-1	1	0	20175925248	20749574144	17697292288	2429812736	0	87986176	341619	17070153728	16453853184	528351232	87949312	15120863232
2026-09-28T05:21:59+04:00	ck9s-mirror-1	1	0	20175917056	20749574144	17697292288	2429812736	0	87986176	341619	17070153728	16453853184	528351232	87949312	14012731392
2026-09-28T05:22:09+04:00	ck9s-mirror-1	1	0	20179673088	20749574144	17700237312	2430025728	0	87986176	341619	17070415872	16454115328	528351232	87949312	12742148096
2026-09-28T05:22:19+04:00	ck9s-mirror-1	1	0	20069580800	20749574144	17701130240	2318172160	0	87986176	341619	17071071232	16454770688	528351232	87949312	15086780416
2026-09-28T05:22:33+04:00	ck9s-mirror-1	1	0	20111872000	20749574144	17743577088	2318172160	0	87986176	341619	17114456064	16497106944	529399808	87949312	14637264896
2026-09-28T05:22:43+04:00	ck9s-mirror-1	1	0	20112117760	20749574144	17743577088	2318172160	0	87986176	341619	17114456064	16497106944	529399808	87949312	14907117568
2026-09-28T05:22:53+04:00	ck9s-mirror-1	1	0	20195160064	20749574144	17826365440	2318528512	0	87986176	341619	17114583040	16497233920	529399808	87949312	14689136640
2026-09-28T05:23:06+04:00	ck9e-mirror-1	0	0	447696896	447709184	411865088	31989760	0	0	352491	682512384	405688320	276824064	0	32472846336
2026-09-28T05:23:16+04:00	ck9e-mirror-1	0	0	3789426688	3789688832	1906192384	1861898240	0	1721778176	352946	3047391232	864575488	462364672	1721761792	29203804160
2026-09-28T05:23:27+04:00	ck9e-mirror-1	0	0	18303692800	18304446464	16389124096	1864482816	0	1723764736	352946	17474584576	15346688000	404168704	1723727872	14681985024
2026-09-28T05:23:40+04:00	ck9e-mirror-1	0	0	18303602688	18304446464	16389128192	1864482816	0	1723764736	352946	17474584576	15346688000	404168704	1723727872	14671417344
2026-09-28T05:23:50+04:00	ck9e-mirror-1	0	0	18390249472	18390605824	16475594752	1864482816	0	1723764736	352946	17562533888	15433195520	405610496	1723727872	14580154368
2026-09-28T05:24:00+04:00	ck9e-mirror-1	0	0	18390429696	18406277120	16475672576	1864507392	0	1723764736	352946	17565155328	15433457664	407969792	1723727872	14575292416
2026-09-28T05:24:13+04:00	ck9e-mirror-1	0	0	17067335680	18699821056	16792522752	230596608	0	87986176	352946	16343171072	15750258688	504963072	87949312	15928217600
2026-09-28T05:24:24+04:00	ck9e-mirror-1	0	0	17313980416	18699821056	17038540800	230633472	0	87986176	352946	16600072192	15996149760	515973120	87949312	15754334208
2026-09-28T05:24:34+04:00	ck9e-mirror-1	0	0	17327558656	18699821056	17051901952	230662144	0	87986176	352946	16614490112	16009650176	516890624	87949312	15752065024
2026-09-28T05:24:48+04:00	ck9e-mirror-1	1	0	17582690304	18699821056	17306951680	230666240	0	87986176	352946	16823304192	16215056384	520298496	87949312	15493640192
2026-09-28T05:24:58+04:00	ck9e-mirror-1	1	0	17736708096	18699821056	17458839552	230785024	0	87986176	352946	16827498496	16215711744	523837440	87949312	15261786112
2026-09-28T05:25:08+04:00	ck9e-mirror-1	1	0	17736708096	18699821056	17458839552	230785024	0	87986176	352946	16827498496	16215711744	523837440	87949312	15223623680
2026-09-28T05:25:22+04:00	ck9e-mirror-1	1	1	17742331904	18699821056	17463263232	230785024	0	87986176	352946	16827891712	16216104960	523837440	87949312	15306735616
2026-09-28T05:25:32+04:00	ck9e-mirror-1	1	1	17743097856	18699821056	17463267328	230785024	0	87986176	352946	16827891712	16216104960	523837440	87949312	15296618496
2026-09-28T05:25:42+04:00	ck9e-mirror-1	1	3	17786339328	18699821056	17506938880	230785024	0	87986176	352946	16872714240	16259747840	525017088	87949312	15256895488
2026-09-28T05:25:56+04:00	ck9e-mirror-1	1	4	17867857920	18699821056	17588535296	230789120	0	87986176	352946	16872558592	16259592192	525017088	87949312	15192596480
2026-09-28T05:26:50+04:00	ck9e-whole-2	0	0	3118592000	3118866432	1905340416	1194934272	0	1184907264	371965	2498977792	863510528	451362816	1184890880	29835526144
2026-09-28T05:27:00+04:00	ck9e-whole-2	0	0	14755520512	14756306944	2027106304	12675465216	0	7206404096	371965	8596275200	984711168	406274048	7205289984	23674101760
2026-09-28T05:27:14+04:00	ck9e-whole-2	0	0	21699866624	21736206336	2027360256	19590029312	0	12025266176	371965	13415530496	984842240	406274048	12024414208	18878078976
2026-09-28T05:27:24+04:00	ck9e-whole-2	0	0	24147845120	24154755072	2027560960	22013911040	0	15956443136	371965	17346379776	985104384	405880832	15955394560	14944890880
2026-09-28T05:27:34+04:00	ck9e-whole-2	0	0	26618466304	26627723264	2027737088	24463933440	0	19538886656	371965	20908916736	985497600	385564672	19537854464	11399884800
2026-09-28T05:27:48+04:00	ck9e-whole-2	0	0	28291989504	28409438208	1818771456	26333941760	0	22011723776	371965	23184297984	886640640	287129600	22010527744	9173852160
2026-09-28T05:27:58+04:00	ck9e-whole-2	1	0	27770392576	28590960640	2718420992	24896552960	0	20375945216	371965	22541824000	1751027712	415973376	20374822912	9894047744
2026-09-28T05:28:08+04:00	ck9e-whole-2	1	0	27778686976	28590960640	2718507008	24904884224	0	20375945216	371965	22542610432	1751027712	416759808	20374822912	9902985216
2026-09-28T05:28:22+04:00	ck9e-whole-2	1	0	27778691072	28590960640	2718507008	24904884224	0	20375945216	371965	22542610432	1751027712	416759808	20374822912	9908166656
2026-09-28T05:28:32+04:00	ck9e-whole-2	1	1	27785134080	28590960640	2723389440	24904990720	0	20375945216	371965	22543396864	1751814144	416759808	20374822912	9881829376
2026-09-28T05:28:43+04:00	ck9e-whole-2	1	2	27829641216	28590960640	2767634432	24905146368	0	20375945216	371965	22588616704	1795985408	417808384	20374822912	9841053696
2026-09-28T05:28:56+04:00	ck9e-whole-2	1	3	27829735424	28590960640	2767732736	24905146368	0	20375945216	371965	22588616704	1795985408	417808384	20374822912	9841942528
2026-09-28T05:29:07+04:00	ck9e-whole-2	1	4	27580780544	28590960640	2850910208	24573128704	0	20375945216	371965	22583332864	1795026944	413483008	20374822912	9094455296
2026-09-28T05:29:17+04:00	ck9s-whole-2	0	0	440655872	440655872	293666816	143417344	0	0	380966	504983552	287797248	217317376	0	31788343296
2026-09-28T05:29:30+04:00	ck9s-whole-2	0	0	4340719616	4340719616	1905373184	2413875200	0	1184907264	381238	2659532800	863760384	611799040	1184890880	29468991488
2026-09-28T05:29:41+04:00	ck9s-whole-2	0	0	8724406272	8724570112	2024869888	6667096064	0	3211821056	381238	4592398336	982458368	399462400	3210477568	27596898304
2026-09-28T05:29:51+04:00	ck9s-whole-2	0	0	12634742784	12634988544	2024976384	10569183232	0	5177409536	381238	6558347264	982458368	399462400	5176426496	24953307136
2026-09-28T05:30:04+04:00	ck9s-whole-2	0	0	14864244736	14864244736	2025054208	12794388480	0	6287015936	381238	7668002816	982589440	399462400	6285950976	22964330496
2026-09-28T05:30:15+04:00	ck9s-whole-2	0	0	17502552064	17502814208	2025103360	15425511424	0	7618543616	381238	8999694336	982720512	399462400	7617511424	20645785600
2026-09-28T05:30:25+04:00	ck9s-whole-2	0	0	20300644352	20300644352	2025181184	18218217472	0	9013477376	381238	10394562560	982720512	399462400	9012379648	19141378048
2026-09-28T05:30:35+04:00	ck9s-whole-2	0	0	21926928384	21942878208	2025254912	19837231104	0	10408411136	381238	11789561856	982720512	399462400	10407378944	17805819904
2026-09-28T05:30:49+04:00	ck9s-whole-2	0	0	25804267520	25873436672	2025459712	23690854400	0	14402994176	381238	15781228544	982982656	396054528	14402191360	16522608640
2026-09-28T05:30:59+04:00	ck9s-whole-2	0	0	26953641984	26960670720	2025558016	24824532992	0	16812425216	381238	18184957952	982982656	390549504	16811425792	14166011904
2026-09-28T05:31:09+04:00	ck9s-whole-2	0	0	27522297856	27522297856	2025635840	25382182912	0	18365874176	381238	19713388544	982982656	365514752	18364891136	12595277824
2026-09-28T05:31:23+04:00	ck9s-whole-2	0	0	28047962112	28085170176	2025709568	25899728896	0	19729104896	381238	21075488768	983244800	364466176	19727777792	11238178816
2026-09-28T05:31:33+04:00	ck9s-whole-2	0	0	28375293952	28375478272	2025758720	26221731840	0	20838711296	381238	22184751104	983244800	363810816	20837695488	10137329664
2026-09-28T05:31:44+04:00	ck9s-whole-2	0	0	28699623424	28725514240	2025807872	26541699072	0	21758099456	381238	23095177216	983375872	355028992	21756772352	9165418496
2026-09-28T05:31:57+04:00	ck9s-whole-2	0	0	28445065216	29073870848	3031646208	25281323008	0	20375945216	381238	22843117568	1989480448	479023104	20374614016	9639116800
2026-09-28T05:32:08+04:00	ck9s-whole-2	1	0	28665708544	29073870848	3231899648	25301155840	0	20375945216	381238	22847705088	1989611520	483479552	20374614016	9488564224
2026-09-28T05:32:18+04:00	ck9s-whole-2	1	0	28665708544	29073870848	3231899648	25301155840	0	20375945216	381238	22847705088	1989611520	483479552	20374614016	9505722368
2026-09-28T05:32:32+04:00	ck9s-whole-2	1	0	28671340544	29073870848	3235860480	25301381120	0	20375945216	381238	22848098304	1990004736	483479552	20374614016	9473871872
2026-09-28T05:32:42+04:00	ck9s-whole-2	1	0	27703885824	29073870848	3235864576	24333914112	0	20375945216	381238	22843641856	1990004736	479023104	20374614016	8198946816
2026-09-28T05:32:52+04:00	ck9s-whole-2	1	0	27707531264	29073870848	3277307904	24296034304	0	20375945216	381238	22885564416	2031403008	479547392	20374614016	8886317056
2026-09-28T05:33:06+04:00	ck9s-whole-2	1	0	27707514880	29073870848	3277307904	24296034304	0	20375945216	381238	22885564416	2031403008	479547392	20374614016	9266798592
2026-09-28T05:33:26+04:00	ck9e-mirror-2	0	0	1050132480	1050656768	923381760	117604352	0	12288	402334	699379712	422031360	277348352	0	30014443520
2026-09-28T05:33:42+04:00	ck9e-mirror-2	0	0	14981730304	14989709312	10655662080	4303319040	0	1721778176	402471	11782365184	9663737856	399224832	1721761792	17875329024
2026-09-28T05:33:53+04:00	ck9e-mirror-2	0	0	20742832128	20743184384	16384581632	4305866752	0	1723764736	402471	17465909248	15342301184	399880192	1723727872	12192473088
2026-09-28T05:34:03+04:00	ck9e-mirror-2	0	0	20829679616	20830281728	16471052288	4306059264	0	1723764736	402471	17553858560	15428808704	401321984	1723727872	11875979264
2026-09-28T05:34:16+04:00	ck9e-mirror-2	0	0	20856700928	20858986496	16471126016	4332892160	0	1723764736	402471	17556348928	15428939776	403681280	1723727872	14829359104
2026-09-28T05:34:27+04:00	ck9e-mirror-2	0	0	19550208000	21182742528	16792145920	2711310336	0	87986176	402471	16338714624	15750066176	500674560	87973888	16165216256
2026-09-28T05:34:37+04:00	ck9e-mirror-2	0	0	19550236672	21182742528	16792174592	2711310336	0	87986176	402471	16338714624	15750066176	500674560	87973888	16178188288
2026-09-28T05:34:51+04:00	ck9e-mirror-2	0	0	19802492928	21182742528	17039380480	2715316224	0	87986176	402471	16599285760	15999365120	511946752	87973888	15908192256
2026-09-28T05:35:01+04:00	ck9e-mirror-2	0	0	19981152256	21182742528	17212649472	2720481280	0	87986176	402471	16773226496	16170291200	514961408	87973888	15669612544
2026-09-28T05:35:11+04:00	ck9e-mirror-2	1	0	20231385088	21182742528	17456480256	2725142528	0	87986176	402471	16821723136	16214200320	519548928	87973888	15532576768
2026-09-28T05:35:25+04:00	ck9e-mirror-2	1	0	20231385088	21182742528	17456480256	2725142528	0	87986176	402471	16821723136	16214200320	519548928	87973888	15462522880
2026-09-28T05:35:35+04:00	ck9e-mirror-2	1	1	20236787712	21182742528	17460367360	2725457920	0	87986176	402471	16821985280	16214462464	519548928	87973888	15412027392
2026-09-28T05:35:46+04:00	ck9e-mirror-2	1	1	20237037568	21182742528	17460367360	2725552128	0	87986176	402471	16821985280	16214462464	519548928	87973888	15477149696
2026-09-28T05:35:59+04:00	ck9e-mirror-2	1	3	20280913920	21182742528	17503952896	2725646336	0	87986176	402471	16866635776	16258064384	520597504	87973888	15433175040
2026-09-28T05:36:09+04:00	ck9e-mirror-2	1	3	20281192448	21182742528	17503952896	2725920768	0	87986176	402471	16866635776	16258064384	520597504	87973888	15374594048
2026-09-28T05:37:03+04:00	ck9e-whole-3	0	0	1052532736	1052798976	1042616320	16384	0	12288	424227	700784640	422387712	278396928	0	31991877632
2026-09-28T05:37:16+04:00	ck9e-whole-3	0	0	3690704896	3690967040	1938837504	1731805184	0	1721778176	424445	3025616896	898678784	405569536	1721761792	29238566912
2026-09-28T05:37:26+04:00	ck9e-whole-3	0	0	15401799680	15401799680	2021384192	13325455360	0	7523434496	424445	8907853824	979013632	406749184	7522091008	23590719488
2026-09-28T05:37:37+04:00	ck9e-whole-3	0	0	23045758976	23085662208	2021662720	20949520384	0	12964716544	424445	14350618624	979144704	406749184	12974555136	18144473088
2026-09-28T05:37:50+04:00	ck9e-whole-3	0	0	26080903168	26107965440	2021912576	23941783552	0	18143952896	424445	19518656512	979537920	396001280	18143117312	12957122560
2026-09-28T05:38:00+04:00	ck9e-whole-3	0	0	28676734976	28701388800	2003898368	26534948864	0	22011723776	424445	23310782464	961531904	338853888	22010396672	9182351360
2026-09-28T05:38:11+04:00	ck9e-whole-3	1	0	27948998656	28858810368	2991136768	24822939648	0	20375945216	424445	22586945536	1749528576	462716928	20374700032	9820856320
2026-09-28T05:38:24+04:00	ck9e-whole-3	1	0	27948990464	28858810368	2991136768	24822939648	0	20375945216	424445	22586945536	1749528576	462716928	20374700032	9819582464
2026-09-28T05:38:34+04:00	ck9e-whole-3	1	0	27950616576	28858810368	2991443968	24823255040	0	20375945216	424445	22587076608	1749659648	462716928	20374700032	9805008896
2026-09-28T05:38:45+04:00	ck9e-whole-3	1	1	27955130368	28858810368	2995380224	24823398400	0	20375945216	424445	22587469824	1750052864	462716928	20374700032	9800495104
2026-09-28T05:38:58+04:00	ck9e-whole-3	1	2	28001525760	28858810368	3039096832	24825401344	0	20375945216	424445	22632214528	1793748992	463765504	20374700032	9749299200
2026-09-28T05:39:09+04:00	ck9e-whole-3	1	3	28001333248	28858810368	3039199232	24825675776	0	20375945216	424445	22632214528	1793748992	463765504	20374700032	9749184512
2026-09-28T05:39:32+04:00	ck9s-mirror-2	0	0	448356352	448356352	309866496	134000640	0	0	434730	523476992	303276032	220200960	0	32791580672
2026-09-28T05:39:42+04:00	ck9s-mirror-2	0	0	5444960256	5457985536	1948139520	3472879616	0	1721778176	435124	3036135424	911351808	404070400	1721761792	29388959744
2026-09-28T05:39:52+04:00	ck9s-mirror-2	0	0	19925532672	19926466560	16390651904	3479556096	0	1723764736	435124	17476206592	15347359744	405118976	1723727872	14882959360
2026-09-28T05:40:03+04:00	ck9s-mirror-2	0	0	20055519232	20057522176	16477196288	3522420736	0	1723764736	435124	17566908416	15433998336	409182208	1723727872	14785122304
2026-09-28T05:40:16+04:00	ck9s-mirror-2	0	0	18743967744	20376358912	16792915968	1901080576	0	87986176	435124	16343506944	15749750784	505782272	87973888	16126939136
2026-09-28T05:40:26+04:00	ck9s-mirror-2	0	0	18743951360	20376358912	16793161728	1901080576	0	87986176	435124	16343769088	15750012928	505782272	87973888	16101982208
2026-09-28T05:40:36+04:00	ck9s-mirror-2	0	0	18994823168	20376358912	17040093184	1904406528	0	87986176	435124	16601587712	15996952576	516661248	87973888	15841955840
2026-09-28T05:40:49+04:00	ck9s-mirror-2	0	0	19405529088	20376358912	17292615680	2061692928	0	87986176	435124	16860323840	16249528320	522821632	87973888	15570604032
2026-09-28T05:41:00+04:00	ck9s-mirror-2	1	0	19815309312	20376358912	17697140736	2064687104	0	87986176	435124	17073238016	16455233536	530030592	87973888	15177945088
2026-09-28T05:41:10+04:00	ck9s-mirror-2	1	0	19815305216	20376358912	17697140736	2064687104	0	87986176	435124	17073238016	16455233536	530030592	87973888	15153680384
2026-09-28T05:41:23+04:00	ck9s-mirror-2	1	0	19816140800	20376358912	17697230848	2064904192	0	87986176	435124	17073238016	16455233536	530030592	87973888	15156461568
2026-09-28T05:41:33+04:00	ck9s-mirror-2	1	0	19821133824	20376358912	17701310464	2064904192	0	87986176	435124	17073500160	16455495680	530030592	87973888	15142817792
2026-09-28T05:41:44+04:00	ck9s-mirror-2	1	0	19861999616	20376358912	17742077952	2064904192	0	87986176	435124	17115299840	16496246784	531079168	87973888	15102177280
2026-09-28T05:41:57+04:00	ck9s-mirror-2	1	0	19862110208	20376358912	17742163968	2064904192	0	87986176	435124	17115299840	16496246784	531079168	87973888	15096111104
2026-09-28T05:42:07+04:00	ck9s-mirror-2	1	0	19946516480	20376358912	17826664448	2064916480	0	87986176	435124	17116348416	16497295360	531079168	87973888	15020240896
2026-09-28T05:42:50+04:00	ck9s-whole-3	0	0	92549120	94908416	97312768	0	0	0	446689	167116800	103022592	66715648	0	32907505664
2026-09-28T05:43:03+04:00	ck9s-whole-3	0	0	3720556544	3720556544	1968287744	1731805184	0	1721778176	446879	3055575040	927703040	406372352	1721761792	29311488000
2026-09-28T05:43:14+04:00	ck9s-whole-3	0	0	20030640128	20030640128	2022076416	17945722880	0	9837756416	446879	11224121344	979615744	407552000	9836953600	21116653568
2026-09-28T05:43:24+04:00	ck9s-whole-3	0	0	24204423168	24225746944	2022301696	22093221888	0	14561509376	446879	15947956224	980008960	407552000	14560395264	16425201664
2026-09-28T05:43:38+04:00	ck9s-whole-3	0	0	26992799744	26995159040	2022555648	24850616320	0	19633995776	446879	20957790208	980533248	344113152	19632881664	11344781312
2026-09-28T05:43:48+04:00	ck9s-whole-3	0	0	27515871232	28836941824	2453995520	24936996864	0	20375945216	446879	22333079552	1531949056	427474944	20375228416	10163494912
2026-09-28T05:43:58+04:00	ck9s-whole-3	1	0	28354342912	28836941824	3121238016	25104121856	0	20375945216	446879	22806142976	1989152768	441761792	20375228416	9510084608
2026-09-28T05:44:09+04:00	ck9s-whole-3	1	0	28354342912	28836941824	3121238016	25104121856	0	20375945216	446879	22806142976	1989152768	441761792	20375228416	9516765184
2026-09-28T05:44:22+04:00	ck9s-whole-3	1	0	28360564736	28836941824	3125858304	25104408576	0	20375945216	446879	22807060480	1990070272	441761792	20375228416	9503449088
2026-09-28T05:44:32+04:00	ck9s-whole-3	1	0	28360540160	28836941824	3125866496	25104408576	0	20375945216	446879	22807060480	1990070272	441761792	20375228416	9491329024
2026-09-28T05:44:43+04:00	ck9s-whole-3	1	0	28426072064	28836941824	3167989760	25127505920	0	20375945216	446879	22849626112	2031718400	442679296	20375228416	9413251072
2026-09-28T05:44:56+04:00	ck9s-whole-3	1	0	28426321920	28836941824	3167989760	25127505920	0	20375945216	446879	22849626112	2031718400	442679296	20375228416	9409085440
2026-09-28T05:45:39+04:00	ck9e-mirror-3	0	0	4308566016	4308824064	1905270784	2379776000	0	1184907264	455863	2529009664	863514624	482832384	1184890880	29984886784
2026-09-28T05:45:49+04:00	ck9e-mirror-3	0	0	19958128640	19958579200	16474906624	3427381248	0	1723764736	455863	17563738112	15432413184	407597056	1723727872	14328606720
2026-09-28T05:46:03+04:00	ck9e-mirror-3	0	0	19983691776	19985997824	16474984448	3452747776	0	1723764736	455863	17566359552	15432675328	409956352	1723727872	13406879744
2026-09-28T05:46:13+04:00	ck9e-mirror-3	0	0	18673758208	20306182144	16792309760	1831178240	0	87986176	455863	16345161728	15750000640	507211776	87949312	16114929664
2026-09-28T05:46:23+04:00	ck9e-mirror-3	0	0	18924933120	20306182144	17039319040	1834967040	0	87986176	455863	16603373568	15997071360	518352896	87949312	15885287424
2026-09-28T05:46:37+04:00	ck9e-mirror-3	0	0	18942484480	20306182144	17051664384	1840066560	0	87986176	455863	16616218624	16009261056	519008256	87949312	14978801664
2026-09-28T05:46:47+04:00	ck9e-mirror-3	1	0	19350347776	20306182144	17454903296	1842446336	0	87986176	455863	16827125760	16214138880	525037568	87949312	13560713216
2026-09-28T05:46:58+04:00	ck9e-mirror-3	1	0	19353432064	20306182144	17455652864	1844760576	0	87986176	455863	16828305408	16214269952	526086144	87949312	12014469120
2026-09-28T05:47:11+04:00	ck9e-mirror-3	1	0	19353432064	20306182144	17455652864	1844760576	0	87986176	455863	16828305408	16214269952	526086144	87949312	15477751808
2026-09-28T05:47:21+04:00	ck9e-mirror-3	1	1	19359334400	20306182144	17460019200	1845075968	0	87986176	455863	16828960768	16214925312	526086144	87949312	15431249920
2026-09-28T05:47:32+04:00	ck9e-mirror-3	1	2	19403120640	20306182144	17502547968	1845264384	0	87986176	455863	16872546304	16257462272	527134720	87949312	14622523392
2026-09-28T05:47:45+04:00	ck9e-mirror-3	1	3	19402452992	20306182144	17502609408	1845264384	0	87986176	455863	16872546304	16257462272	527134720	87949312	13697544192
2026-09-28T05:47:56+04:00	ck9e-mirror-3	1	4	19482382336	20306182144	17587179520	1840709632	0	87986176	455863	16873508864	16258424832	527134720	87949312	11933016064
2026-09-28T05:48:06+04:00	ck9s-mirror-3	0	0	375250944	375717888	346230784	26320896	0	0	465097	564695040	340824064	224133120	0	32718639104
2026-09-28T05:48:16+04:00	ck9s-mirror-3	0	0	18252673024	18254114816	16385462272	1817706496	0	1723764736	465288	17474027520	15343312896	406986752	1723727872	13769277440
2026-09-28T05:48:29+04:00	ck9s-mirror-3	0	0	18339565568	18355941376	16472006656	1817792512	0	1723764736	465288	17564336128	15429689344	410918912	1723727872	13883707392
2026-09-28T05:48:40+04:00	ck9s-mirror-3	0	0	17020100608	18652618752	16793886720	182476800	0	87986176	465288	16347463680	15751471104	508043264	87949312	16098750464
2026-09-28T05:48:50+04:00	ck9s-mirror-3	0	0	17019674624	18652618752	16793894912	182042624	0	87986176	465288	16347463680	15751471104	508043264	87949312	16015835136
2026-09-28T05:49:03+04:00	ck9s-mirror-3	0	0	17517924352	18652618752	17290289152	182566912	0	87986176	465288	16860217344	16247840768	524427264	87949312	15437754368
2026-09-28T05:49:14+04:00	ck9s-mirror-3	1	0	17726152704	18652618752	17498169344	182571008	0	87986176	465288	17072103424	16455532544	528621568	87949312	15215382528
2026-09-28T05:49:24+04:00	ck9s-mirror-3	1	0	17925603328	18652618752	17696808960	181731328	0	87986176	465288	17076035584	16455794688	532291584	87949312	15006216192
2026-09-28T05:49:38+04:00	ck9s-mirror-3	1	0	17925603328	18652618752	17696808960	181731328	0	87986176	465288	17076035584	16455794688	532291584	87949312	15014187008
2026-09-28T05:49:48+04:00	ck9s-mirror-3	1	0	17932054528	18652618752	17701879808	181657600	0	87986176	465288	17076690944	16456450048	532291584	87949312	14987669504
2026-09-28T05:49:58+04:00	ck9s-mirror-3	1	0	17932046336	18652618752	17701883904	181657600	0	87986176	465288	17076690944	16456450048	532291584	87949312	15079378944
2026-09-28T05:50:12+04:00	ck9s-mirror-3	1	0	17974628352	18652618752	17744330752	181657600	0	87986176	465288	17120206848	16498917376	533340160	87949312	15072702464
2026-09-28T05:50:22+04:00	ck9s-mirror-3	1	0	17973133312	18652618752	17744330752	180183040	0	87986176	465288	17120206848	16498917376	533340160	87949312	15030505472
2026-09-28T05:50:45+04:00	ck9e-whole-256k	0	0	1743974400	1744236544	1638957056	92454912	0	77606912	484753	1066250240	598454272	390332416	77594624	30629838848
2026-09-28T05:50:56+04:00	ck9e-whole-256k	0	0	14434254848	14436896768	2025304064	12358963200	0	7016185856	484753	8403292160	982933504	405123072	7015235584	23281770496
2026-09-28T05:51:06+04:00	ck9e-whole-256k	0	0	20306038784	20321263616	2025537536	18197573632	0	11560026112	484753	12957913088	983195648	405123072	11580342272	18721177600
2026-09-28T05:51:20+04:00	ck9e-whole-256k	0	0	24139448320	24176336896	2025816064	21993480192	0	17161158656	484753	18500554752	983457792	356888576	17160208384	13145411584
2026-09-28T05:51:30+04:00	ck9e-whole-256k	0	0	27634794496	27642978304	2026037248	25462108160	0	21821505536	484753	23136833536	983719936	332902400	21820211200	8743088128
2026-09-28T05:51:41+04:00	ck9e-whole-256k	1	0	26499366912	27803779072	2770759680	23582208000	0	20375945216	484753	22557605888	1750142976	432517120	20374945792	9855594496
2026-09-28T05:51:54+04:00	ck9e-whole-256k	1	0	26507902976	27803779072	2771197952	23590293504	0	20375945216	484753	22558785536	1750536192	433303552	20374945792	9862647808
2026-09-28T05:52:04+04:00	ck9e-whole-256k	1	0	26507915264	27803779072	2771197952	23590293504	0	20375945216	484753	22558785536	1750536192	433303552	20374945792	9850114048
2026-09-28T05:52:15+04:00	ck9e-whole-256k	1	1	26600787968	27803779072	2862034944	23590621184	0	20375945216	484753	22559834112	1751584768	433303552	20374945792	9609338880
2026-09-28T05:52:25+04:00	ck9e-whole-256k	1	1	25842737152	27803779072	2767216640	22924431360	0	20375945216	484753	22551576576	1751584768	425046016	20374945792	9845067776
2026-09-28T05:52:39+04:00	ck9e-whole-256k	1	1	25386254336	27803779072	2664140800	22573891584	0	20375945216	484753	22521167872	1734021120	412200960	20374945792	9286221824
2026-09-28T05:52:49+04:00	ck9e-whole-256k	1	1	25386250240	27803779072	2664140800	22573891584	0	20375945216	484753	22521167872	1734021120	412200960	20374945792	9285758976
2026-09-28T05:53:00+04:00	ck9e-whole-256k	1	1	25386254336	27803779072	2664144896	22573891584	0	20375945216	484753	22521167872	1734021120	412200960	20374945792	9302749184
2026-09-28T05:53:13+04:00	ck9e-whole-256k	1	1	25386254336	27803779072	2664144896	22573891584	0	20375945216	484753	22521167872	1734021120	412200960	20374945792	9287606272
2026-09-28T05:53:23+04:00	ck9e-whole-256k	1	2	25466855424	27803779072	2726633472	22594265088	0	20375945216	484753	22582419456	1793568768	413904896	20374945792	9202388992
2026-09-28T05:53:34+04:00	ck9e-whole-256k	1	3	25552015360	27803779072	2808868864	22594265088	0	20375945216	484753	22582419456	1793568768	413904896	20374945792	9159925760
2026-09-28T05:53:48+04:00	ck9e-whole-256k	1	3	25246093312	27803779072	2717507584	22379065344	0	20375945216	484753	22521733120	1748348928	398438400	20374945792	9466667008
2026-09-28T05:53:58+04:00	ck9e-whole-256k	1	3	25246351360	27803779072	2717507584	22379065344	0	20375945216	484753	22521733120	1748348928	398438400	20374945792	9908961280
2026-09-28T05:54:08+04:00	ck9e-whole-256k	1	3	25246093312	27803779072	2717507584	22379065344	0	20375945216	484753	22521733120	1748348928	398438400	20374945792	9905037312
2026-09-28T05:54:22+04:00	ck9e-whole-256k	1	3	25246093312	27803779072	2717507584	22379065344	0	20375945216	484753	22521733120	1748348928	398438400	20374945792	9913319424
2026-09-28T05:54:32+04:00	ck9e-whole-256k	1	3	25246097408	27803779072	2717507584	22379065344	0	20375945216	484753	22521733120	1748348928	398438400	20374945792	9913417728
2026-09-28T05:54:43+04:00	ck9e-whole-256k	1	4	25269219328	27803779072	2726264832	22392471552	0	20375945216	484753	22535364608	1756737536	403681280	20374945792	9940180992
2026-09-28T05:54:56+04:00	ck9e-whole-256k	1	4	25269194752	27803779072	2726318080	22392717312	0	20375945216	484753	22535364608	1756737536	403681280	20374945792	9920409600
2026-09-28T05:55:07+04:00	ck9e-whole-256k	1	4	25269559296	27803779072	2726322176	22392717312	0	20375945216	484753	22535364608	1756737536	403681280	20374945792	9926598656
2026-09-28T05:55:17+04:00	ck9e-whole-256k	1	4	25268920320	27803779072	2726322176	22392717312	0	20375945216	484753	22535364608	1756737536	403681280	20374945792	9898782720
2026-09-28T05:55:30+04:00	ck9e-whole-256k	1	4	25269473280	27803779072	2726322176	22392717312	0	20375945216	484753	22535364608	1756737536	403681280	20374945792	9893203968
2026-09-28T05:55:41+04:00	ck9e-whole-256k	1	4	25269481472	27803779072	2726322176	22392717312	0	20375945216	484753	22535364608	1756737536	403681280	20374945792	9890074624
2026-09-28T05:55:51+04:00	ck9e-whole-256k	1	4	25269223424	27803779072	2726322176	22392717312	0	20375945216	484753	22535364608	1756737536	403681280	20374945792	9888821248
2026-09-28T05:56:05+04:00	ck9e-whole-256k	1	4	25269719040	27803779072	2726322176	22392717312	0	20375945216	484753	22535364608	1756737536	403681280	20374945792	9893064704
2026-09-28T05:56:15+04:00	ck9e-whole-256k	1	4	25269547008	27803779072	2726322176	22392717312	0	20375945216	484753	22535364608	1756737536	403681280	20374945792	9905872896
2026-09-28T05:56:25+04:00	ck9e-whole-256k	1	4	25269526528	27803779072	2726322176	22392717312	0	20375945216	484753	22535364608	1756737536	403681280	20374945792	9901142016
2026-09-28T05:56:39+04:00	ck9e-whole-256k	1	4	25269534720	27803779072	2726322176	22392717312	0	20375945216	484753	22535364608	1756737536	403681280	20374945792	9908801536
2026-09-28T05:56:49+04:00	ck9e-whole-256k	1	4	25269125120	27803779072	2726322176	22392717312	0	20375945216	484753	22535364608	1756737536	403681280	20374945792	9897906176
2026-09-28T05:57:00+04:00	ck9e-whole-256k	1	4	25269305344	27803779072	2726322176	22392717312	0	20375945216	484753	22535364608	1756737536	403681280	20374945792	9787580416
2026-09-28T05:57:10+04:00	ck9e-whole-256k	1	4	25269272576	27803779072	2726322176	22392717312	0	20375945216	484753	22535364608	1756737536	403681280	20374945792	9798176768
2026-09-28T05:57:24+04:00	ck9e-whole-256k	1	4	25268944896	27803779072	2726322176	22392717312	0	20375945216	484753	22535364608	1756737536	403681280	20374945792	9799581696
2026-09-28T05:57:34+04:00	ck9e-whole-256k	1	4	25269141504	27803779072	2726322176	22392717312	0	20375945216	484753	22535364608	1756737536	403681280	20374945792	9787572224
2026-09-28T05:57:44+04:00	ck9e-whole-256k	1	4	25269243904	27803779072	2726322176	22392717312	0	20375945216	484753	22535364608	1756737536	403681280	20374945792	9783025664
2026-09-28T05:57:58+04:00	ck9e-whole-256k	1	4	25269432320	27803779072	2726322176	22392717312	0	20375945216	484753	22535364608	1756737536	403681280	20374945792	9778798592
2026-09-28T05:58:08+04:00	ck9e-whole-256k	1	4	25269129216	27803779072	2726322176	22392717312	0	20375945216	484753	22535364608	1756737536	403681280	20374945792	9779462144
2026-09-28T05:58:18+04:00	ck9e-whole-256k	1	4	25268834304	27803779072	2726322176	22392717312	0	20375945216	484753	22535364608	1756737536	403681280	20374945792	9895186432
2026-09-28T05:58:32+04:00	ck9e-whole-256k	1	4	25269551104	27803779072	2726322176	22392717312	0	20375945216	484753	22535364608	1756737536	403681280	20374945792	9905602560
2026-09-28T05:58:42+04:00	ck9e-whole-256k	1	4	25268973568	27803779072	2726445056	22392717312	0	20375945216	484753	22535495680	1756868608	403681280	20374945792	9506394112
2026-09-28T05:58:52+04:00	ck9e-whole-256k	1	4	25269800960	27803779072	2726596608	22392717312	0	20375945216	484753	22535626752	1756999680	403681280	20374945792	8558379008
2026-09-28T05:59:06+04:00	ck9e-whole-256k	1	4	25269727232	27803779072	2726764544	22392717312	0	20375945216	484753	22535757824	1757130752	403681280	20374945792	9398882304
2026-09-28T05:59:16+04:00	ck9e-whole-256k	1	4	25270202368	27803779072	2726891520	22392717312	0	20375945216	484753	22535888896	1757261824	403681280	20374945792	9745879040
2026-09-28T05:59:27+04:00	ck9e-whole-256k	1	4	25270480896	27803779072	2727407616	22392717312	0	20375945216	484753	22536413184	1757786112	403681280	20374945792	8789696512
2026-09-28T05:59:40+04:00	ck9e-whole-256k	1	4	25270689792	27803779072	2727411712	22392717312	0	20375945216	484753	22536413184	1757786112	403681280	20374945792	7513280512
2026-09-28T05:59:50+04:00	ck9e-whole-256k	1	4	25270366208	27803779072	2727411712	22392717312	0	20375945216	484753	22536413184	1757786112	403681280	20374945792	7056048128
2026-09-28T06:00:00+04:00	ck9e-whole-256k	1	4	25270833152	27803779072	2727469056	22392717312	0	20375945216	484753	22536413184	1757786112	403681280	20374945792	7012831232
2026-09-28T06:00:14+04:00	ck9e-whole-256k	1	4	25270677504	27803779072	2727628800	22392717312	0	20375945216	484753	22536675328	1758048256	403681280	20374945792	9843515392
2026-09-28T06:00:24+04:00	ck9e-whole-256k	1	4	25270906880	27803779072	2727763968	22392717312	0	20375945216	484753	22536806400	1758179328	403681280	20374945792	9823371264
2026-09-28T06:00:34+04:00	ck9e-whole-256k	1	4	25270857728	27803779072	2727899136	22392717312	0	20375945216	484753	22536937472	1758310400	403681280	20374945792	9821888512
2026-09-28T06:00:48+04:00	ck9e-whole-256k	1	4	25270996992	27803779072	2728046592	22392717312	0	20375945216	484753	22537068544	1758441472	403681280	20374945792	9818992640
2026-09-28T06:00:58+04:00	ck9e-whole-256k	1	4	25271595008	27803779072	2728210432	22392717312	0	20375945216	484753	22537199616	1758572544	403681280	20374945792	9751171072
2026-09-28T06:01:08+04:00	ck9e-whole-256k	1	4	25273421824	27803779072	2729566208	22393720832	0	20375945216	484753	22538506240	1759879168	403681280	20374945792	9747542016
2026-09-28T06:01:22+04:00	ck9e-whole-256k	1	4	25273303040	27803779072	2729168896	22393720832	0	20375945216	484753	22538506240	1759879168	403681280	20374945792	9787478016
2026-09-28T06:01:32+04:00	ck9e-whole-256k	1	4	25275150336	27803779072	2730774528	22393929728	0	20375945216	484753	22539505664	1760878592	403681280	20374945792	9708908544
2026-09-28T06:01:42+04:00	ck9e-whole-256k	1	4	25276100608	27803779072	2731339776	22394277888	0	20375945216	484753	22539624448	1760997376	403681280	20374945792	9778450432
2026-09-28T06:01:53+04:00	ck9e-whole-256k	1	4	25276203008	27803779072	2731343872	22394388480	0	20375945216	484753	22539636736	1761009664	403681280	20374945792	9773256704
2026-09-28T06:02:06+04:00	ck9e-whole-256k	1	4	25276157952	27803779072	2731343872	22394388480	0	20375945216	484753	22539636736	1761009664	403681280	20374945792	9800495104
2026-09-28T06:02:16+04:00	ck9e-whole-256k	1	4	25276227584	27803779072	2731343872	22394388480	0	20375945216	484753	22539636736	1761009664	403681280	20374945792	9725820928
2026-09-28T06:02:27+04:00	ck9e-whole-256k	1	4	25276239872	27803779072	2731343872	22394388480	0	20375945216	484753	22539636736	1761009664	403681280	20374945792	9676959744
2026-09-28T06:02:41+04:00	ck9e-whole-256k	1	4	25276203008	27803779072	2731343872	22394388480	0	20375945216	484753	22539636736	1761009664	403681280	20374945792	9673555968
2026-09-28T06:02:51+04:00	ck9e-whole-256k	1	4	25276223488	27803779072	2731352064	22394388480	0	20375945216	484753	22539636736	1761009664	403681280	20374945792	9664339968
2026-09-28T06:03:01+04:00	ck9e-whole-256k	1	4	25276256256	27803779072	2731352064	22394388480	0	20375945216	484753	22539636736	1761009664	403681280	20374945792	9744875520
2026-09-28T06:03:15+04:00	ck9e-whole-256k	1	4	25276776448	27803779072	2731352064	22394388480	0	20375945216	484753	22539636736	1761009664	403681280	20374945792	9837248512
2026-09-28T06:03:25+04:00	ck9e-whole-256k	1	4	25276633088	27803779072	2731352064	22394388480	0	20375945216	484753	22539636736	1761009664	403681280	20374945792	9847496704
2026-09-28T06:03:36+04:00	ck9e-whole-256k	1	4	25276661760	27803779072	2731352064	22394388480	0	20375945216	484753	22539636736	1761009664	403681280	20374945792	9844129792
2026-09-28T06:03:49+04:00	ck9e-whole-256k	1	4	25276383232	27803779072	2731352064	22394388480	0	20375945216	484753	22539636736	1761009664	403681280	20374945792	9831690240
2026-09-28T06:04:00+04:00	ck9e-whole-256k	1	4	25276534784	27803779072	2731352064	22394388480	0	20375945216	484753	22539636736	1761009664	403681280	20374945792	9841283072
2026-09-28T06:04:10+04:00	ck9e-whole-256k	1	4	25276481536	27803779072	2731352064	22394388480	0	20375945216	484753	22539636736	1761009664	403681280	20374945792	9831391232
2026-09-28T06:04:23+04:00	ck9e-whole-256k	1	4	25276698624	27803779072	2731352064	22394388480	0	20375945216	484753	22539636736	1761009664	403681280	20374945792	9828184064
2026-09-28T06:04:34+04:00	ck9e-whole-256k	1	4	25276383232	27803779072	2731352064	22394388480	0	20375945216	484753	22539636736	1761009664	403681280	20374945792	9838530560
2026-09-28T06:04:44+04:00	ck9e-whole-256k	1	4	25276559360	27803779072	2731352064	22394388480	0	20375945216	484753	22539636736	1761009664	403681280	20374945792	9853755392
2026-09-28T06:04:58+04:00	ck9e-whole-256k	1	4	25276272640	27803779072	2731425792	22394388480	0	20375945216	484753	22539636736	1761009664	403681280	20374945792	9844150272
2026-09-28T06:05:08+04:00	ck9e-whole-256k	1	4	25276747776	27803779072	2731560960	22394388480	0	20375945216	484753	22539767808	1761140736	403681280	20374945792	9846259712
2026-09-28T06:05:18+04:00	ck9e-whole-256k	1	4	25276833792	27803779072	2731696128	22394388480	0	20375945216	484753	22539898880	1761271808	403681280	20374945792	9850134528
2026-09-28T06:05:32+04:00	ck9e-whole-256k	1	4	25277366272	27803779072	2732183552	22394388480	0	20375945216	484753	22540423168	1761796096	403681280	20374945792	9869074432
2026-09-28T06:05:42+04:00	ck9e-whole-256k	1	4	25277419520	27803779072	2732187648	22394388480	0	20375945216	484753	22540423168	1761796096	403681280	20374945792	9843245056
2026-09-28T06:05:53+04:00	ck9e-whole-256k	1	4	25277693952	27803779072	2732187648	22394388480	0	20375945216	484753	22540423168	1761796096	403681280	20374945792	9841086464
2026-09-28T06:06:06+04:00	ck9e-whole-256k	1	4	25277444096	27803779072	2732236800	22394388480	0	20375945216	484753	22540554240	1761927168	403681280	20374945792	9832779776
2026-09-28T06:06:16+04:00	ck9e-whole-256k	1	4	25277358080	27803779072	2732351488	22394388480	0	20375945216	484753	22540685312	1762058240	403681280	20374945792	9820073984
2026-09-28T06:06:27+04:00	ck9e-whole-256k	1	4	25277714432	27803779072	2732486656	22394388480	0	20375945216	484753	22540816384	1762189312	403681280	20374945792	9811013632
2026-09-28T06:06:37+04:00	ck9e-whole-256k	1	4	25278115840	27803779072	2732630016	22394388480	0	20375945216	484753	22540947456	1762320384	403681280	20374945792	9810681856
2026-09-28T06:06:51+04:00	ck9e-whole-256k	1	4	25277943808	27803779072	2732748800	22394388480	0	20375945216	484753	22541078528	1762451456	403681280	20374945792	9807953920
2026-09-28T06:07:01+04:00	ck9e-whole-256k	1	4	25278136320	27803779072	2732879872	22394388480	0	20375945216	484753	22541209600	1762582528	403681280	20374945792	9814437888
2026-09-28T06:07:11+04:00	ck9e-whole-256k	1	4	25278255104	27803779072	2733015040	22394388480	0	20375945216	484753	22541340672	1762713600	403681280	20374945792	9804914688
2026-09-28T06:07:25+04:00	ck9e-whole-256k	1	4	25278332928	27803779072	2733146112	22394388480	0	20375945216	484753	22541471744	1762844672	403681280	20374945792	9802760192
2026-09-28T06:07:35+04:00	ck9e-whole-256k	1	4	25278726144	27803779072	2733277184	22394388480	0	20375945216	484753	22541602816	1762975744	403681280	20374945792	9823502336
2026-09-28T06:07:46+04:00	ck9e-whole-256k	1	4	25278865408	27803779072	2733391872	22394388480	0	20375945216	484753	22541733888	1763106816	403681280	20374945792	9815416832
2026-09-28T06:07:59+04:00	ck9e-whole-256k	1	4	25278775296	27803779072	2733527040	22394388480	0	20375945216	484753	22541864960	1763237888	403681280	20374945792	9813299200
2026-09-28T06:08:10+04:00	ck9e-whole-256k	1	4	25278910464	27803779072	2733649920	22394388480	0	20375945216	484753	22541996032	1763368960	403681280	20374945792	9823555584
2026-09-28T06:08:20+04:00	ck9e-whole-256k	1	4	25278996480	27803779072	2733785088	22394388480	0	20375945216	484753	22542127104	1763500032	403681280	20374945792	9814278144
2026-09-28T06:08:34+04:00	ck9e-whole-256k	1	4	25279356928	27803779072	2733903872	22394388480	0	20375945216	484753	22542258176	1763631104	403681280	20374945792	9806000128
2026-09-28T06:08:44+04:00	ck9e-whole-256k	1	4	25279537152	27803779072	2734039040	22394388480	0	20375945216	484753	22542389248	1763762176	403681280	20374945792	9784127488
2026-09-28T06:08:54+04:00	ck9e-whole-256k	1	4	25279160320	27803779072	2734166016	22394388480	0	20375945216	484753	22542520320	1763893248	403681280	20374945792	9802215424
2026-09-28T06:09:08+04:00	ck9e-whole-256k	1	4	25279807488	27803779072	2734280704	22394388480	0	20375945216	484753	22542520320	1763893248	403681280	20374945792	9792122880
2026-09-28T06:09:18+04:00	ck9e-whole-256k	1	4	25281695744	27803779072	2736640000	22394388480	0	20375945216	484753	22543843328	1765216256	403681280	20374945792	9818484736
2026-09-28T06:09:29+04:00	ck9e-whole-256k	1	4	25282433024	27803779072	2736640000	22394630144	0	20375945216	484753	22543843328	1765216256	403681280	20374945792	9817636864
2026-09-28T06:09:42+04:00	ck9e-whole-256k	1	4	25282080768	27803779072	2736640000	22394630144	0	20375945216	484753	22543843328	1765216256	403681280	20374945792	9807290368
2026-09-28T06:09:53+04:00	ck9e-whole-256k	1	4	25282314240	27803779072	2736640000	22394630144	0	20375945216	484753	22543843328	1765216256	403681280	20374945792	9812418560
2026-09-28T06:10:03+04:00	ck9e-whole-256k	1	4	25282060288	27803779072	2736640000	22394630144	0	20375945216	484753	22543843328	1765216256	403681280	20374945792	9804791808
2026-09-28T06:10:17+04:00	ck9e-whole-256k	1	4	25282437120	27803779072	2736640000	22394630144	0	20375945216	484753	22543843328	1765216256	403681280	20374945792	9824206848
2026-09-28T06:10:27+04:00	ck9e-whole-256k	1	4	25282150400	27803779072	2736640000	22394630144	0	20375945216	484753	22543843328	1765216256	403681280	20374945792	9822380032
2026-09-28T06:10:37+04:00	ck9e-whole-256k	1	4	25281843200	27803779072	2736640000	22394630144	0	20375945216	484753	22543843328	1765216256	403681280	20374945792	9802903552
2026-09-28T06:10:51+04:00	ck9e-whole-256k	1	4	25281810432	27803779072	2736640000	22394630144	0	20375945216	484753	22543843328	1765216256	403681280	20374945792	9823887360
2026-09-28T06:11:02+04:00	ck9e-whole-256k	1	4	25282035712	27803779072	2736640000	22394630144	0	20375945216	484753	22543843328	1765216256	403681280	20374945792	9826508800
2026-09-28T06:11:12+04:00	ck9e-whole-256k	1	4	25282232320	27803779072	2736640000	22394630144	0	20375945216	484753	22543843328	1765216256	403681280	20374945792	9846390784
2026-09-28T06:11:22+04:00	ck9e-whole-256k	1	4	25282191360	27803779072	2736717824	22394630144	0	20375945216	484753	22543843328	1765216256	403681280	20374945792	9830502400
2026-09-28T06:11:36+04:00	ck9e-whole-256k	1	4	25282125824	27803779072	2736807936	22394630144	0	20375945216	484753	22543843328	1765216256	403681280	20374945792	9838678016
2026-09-28T06:11:46+04:00	ck9e-whole-256k	1	4	25282600960	27803779072	2736947200	22394630144	0	20375945216	484753	22543974400	1765347328	403681280	20374945792	9829421056
2026-09-28T06:11:56+04:00	ck9e-whole-256k	1	4	25282322432	27803779072	2737037312	22394630144	0	20375945216	484753	22544105472	1765478400	403681280	20374945792	9811857408
2026-09-28T06:12:10+04:00	ck9e-whole-256k	1	4	25282797568	27803779072	2737131520	22394630144	0	20375945216	484753	22544236544	1765609472	403681280	20374945792	9779130368
2026-09-28T06:12:20+04:00	ck9e-whole-256k	1	4	25282752512	27803779072	2737254400	22394630144	0	20375945216	484753	22544367616	1765740544	403681280	20374945792	9781936128
2026-09-28T06:12:31+04:00	ck9e-whole-256k	1	4	25282732032	27803779072	2737348608	22394630144	0	20375945216	484753	22544367616	1765740544	403681280	20374945792	9787691008
2026-09-28T06:12:44+04:00	ck9e-whole-256k	1	4	25282936832	27803779072	2737467392	22394630144	0	20375945216	484753	22544498688	1765871616	403681280	20374945792	9813143552
2026-09-28T06:12:55+04:00	ck9e-whole-256k	1	4	25283395584	27803779072	2737561600	22394630144	0	20375945216	484753	22544629760	1766002688	403681280	20374945792	9797021696
2026-09-28T06:13:05+04:00	ck9e-whole-256k	1	4	25282854912	27803779072	2737659904	22394630144	0	20375945216	484753	22544760832	1766133760	403681280	20374945792	9803374592
2026-09-28T06:13:19+04:00	ck9e-whole-256k	1	4	25283338240	27803779072	2737774592	22394630144	0	20375945216	484753	22544891904	1766264832	403681280	20374945792	9800441856
2026-09-28T06:13:29+04:00	ck9e-whole-256k	1	4	25283543040	27803779072	2737868800	22394630144	0	20375945216	484753	22544891904	1766264832	403681280	20374945792	9801109504
2026-09-28T06:13:39+04:00	ck9e-whole-256k	1	4	25283768320	27803779072	2737995776	22394630144	0	20375945216	484753	22545022976	1766395904	403681280	20374945792	9792974848
2026-09-28T06:13:53+04:00	ck9e-whole-256k	1	4	25284251648	27803779072	2738532352	22394630144	0	20375945216	484753	22545547264	1766920192	403681280	20374945792	9793298432
2026-09-28T06:14:03+04:00	ck9e-whole-256k	1	4	25283686400	27803779072	2738532352	22394630144	0	20375945216	484753	22545547264	1766920192	403681280	20374945792	9798668288
2026-09-28T06:14:13+04:00	ck9e-whole-256k	1	4	25284415488	27803779072	2738544640	22394630144	0	20375945216	484753	22545547264	1766920192	403681280	20374945792	9802723328
2026-09-28T06:14:27+04:00	ck9e-whole-256k	1	4	25284378624	27803779072	2738544640	22394630144	0	20375945216	484753	22545547264	1766920192	403681280	20374945792	9780105216
2026-09-28T06:14:37+04:00	ck9e-whole-256k	1	4	25284325376	27803779072	2738548736	22394630144	0	20375945216	484753	22545547264	1766920192	403681280	20374945792	9795043328
2026-09-28T06:14:47+04:00	ck9e-whole-256k	1	4	25284005888	27803779072	2738601984	22394630144	0	20375945216	484753	22545678336	1767051264	403681280	20374945792	9790353408
2026-09-28T06:15:01+04:00	ck9e-whole-256k	1	4	25284280320	27803779072	2738712576	22394630144	0	20375945216	484753	22545678336	1767051264	403681280	20374945792	9801568256
2026-09-28T06:15:12+04:00	ck9e-whole-256k	1	4	25284403200	27803779072	2738810880	22394630144	0	20375945216	484753	22545809408	1767182336	403681280	20374945792	9820676096
2026-09-28T06:15:22+04:00	ck9e-whole-256k	1	4	25284493312	27803779072	2738929664	22394630144	0	20375945216	484753	22545940480	1767313408	403681280	20374945792	9828954112
2026-09-28T06:15:32+04:00	ck9e-whole-256k	1	4	25284755456	27803779072	2739027968	22394630144	0	20375945216	484753	22545940480	1767313408	403681280	20374945792	9834684416
2026-09-28T06:15:46+04:00	ck9e-whole-256k	1	4	25284444160	27803779072	2739122176	22394630144	0	20375945216	484753	22546071552	1767444480	403681280	20374945792	9831247872
2026-09-28T06:15:56+04:00	ck9e-whole-256k	1	4	25284489216	27803779072	2739245056	22394630144	0	20375945216	484753	22546071552	1767444480	403681280	20374945792	9827262464
2026-09-28T06:16:06+04:00	ck9e-whole-256k	1	4	25284972544	27803779072	2739339264	22394630144	0	20375945216	484753	22546202624	1767575552	403681280	20374945792	9823776768
2026-09-28T06:16:20+04:00	ck9e-whole-256k	1	4	25284673536	27803779072	2739437568	22394630144	0	20375945216	484753	22546333696	1767706624	403681280	20374945792	9817198592
2026-09-28T06:16:30+04:00	ck9e-whole-256k	1	4	25285410816	27803779072	2739560448	22394630144	0	20375945216	484753	22546333696	1767706624	403681280	20374945792	9830359040
2026-09-28T06:16:41+04:00	ck9e-whole-256k	1	4	25285083136	27803779072	2739650560	22394630144	0	20375945216	484753	22546464768	1767837696	403681280	20374945792	9833750528
2026-09-28T06:16:54+04:00	ck9e-whole-256k	1	4	25285328896	27803779072	2739748864	22394630144	0	20375945216	484753	22546595840	1767968768	403681280	20374945792	9819328512
2026-09-28T06:17:04+04:00	ck9e-whole-256k	1	4	25285025792	27803779072	2739843072	22394630144	0	20375945216	484753	22546726912	1768099840	403681280	20374945792	9804509184
2026-09-28T06:17:15+04:00	ck9e-whole-256k	1	4	25285251072	27803779072	2739941376	22394630144	0	20375945216	484753	22546726912	1768099840	403681280	20374945792	9836318720
2026-09-28T06:17:28+04:00	ck9e-whole-256k	1	4	25285709824	27803779072	2740056064	22394630144	0	20375945216	484753	22546857984	1768230912	403681280	20374945792	9824714752
2026-09-28T06:17:39+04:00	ck9e-whole-256k	1	4	25285951488	27803779072	2740150272	22394630144	0	20375945216	484753	22546989056	1768361984	403681280	20374945792	9835139072
2026-09-28T06:17:49+04:00	ck9e-whole-256k	1	4	25285595136	27803779072	2740248576	22394630144	0	20375945216	484753	22547120128	1768493056	403681280	20374945792	9841496064
2026-09-28T06:18:03+04:00	ck9e-whole-256k	1	4	25286127616	27803779072	2740367360	22394630144	0	20375945216	484753	22547251200	1768624128	403681280	20374945792	9834799104
2026-09-28T06:18:13+04:00	ck9e-whole-256k	1	4	25285828608	27803779072	2740461568	22394630144	0	20375945216	484753	22547251200	1768624128	403681280	20374945792	9827360768
2026-09-28T06:18:23+04:00	ck9e-whole-256k	1	4	25285795840	27803779072	2740555776	22394630144	0	20375945216	484753	22547382272	1768755200	403681280	20374945792	9843204096
2026-09-28T06:18:37+04:00	ck9e-whole-256k	1	4	25286029312	27803779072	2740645888	22394630144	0	20375945216	484753	22547513344	1768886272	403681280	20374945792	9842610176
2026-09-28T06:18:47+04:00	ck9e-whole-256k	1	4	25288859648	27803779072	2743726080	22394634240	0	20375945216	484753	22548729856	1770102784	403681280	20374945792	9836511232
2026-09-28T06:18:58+04:00	ck9e-whole-256k	1	4	25291366400	27803779072	2745446400	22395150336	0	20375945216	484753	22549716992	1771089920	403681280	20374945792	9837707264
2026-09-28T06:19:11+04:00	ck9e-whole-256k	1	4	25291358208	27803779072	2745409536	22395392000	0	20375945216	484753	22549774336	1771147264	403681280	20374945792	9840336896
2026-09-28T06:19:22+04:00	ck9e-whole-256k	1	4	25292591104	27803779072	2745430016	22396276736	0	20375945216	484753	22549803008	1771175936	403681280	20374945792	9837879296
2026-09-28T06:19:32+04:00	ck9e-whole-256k	1	4	25292324864	27803779072	2745430016	22396276736	0	20375945216	484753	22549803008	1771175936	403681280	20374945792	9831882752
2026-09-28T06:19:45+04:00	ck9e-whole-256k	1	4	25336057856	27803779072	2788696064	22396383232	0	20375945216	484753	22549880832	1771253760	403681280	20374945792	9793277952
2026-09-28T06:19:56+04:00	ck9e-whole-256k	1	4	25336119296	27803779072	2788696064	22396383232	0	20375945216	484753	22549880832	1771253760	403681280	20374945792	9788727296
2026-09-28T06:20:06+04:00	ck9e-whole-256k	1	4	25335865344	27803779072	2788696064	22396383232	0	20375945216	484753	22549880832	1771253760	403681280	20374945792	9796440064
2026-09-28T06:20:16+04:00	ck9e-whole-256k	1	4	25335869440	27803779072	2788696064	22396383232	0	20375945216	484753	22549880832	1771253760	403681280	20374945792	9798500352
2026-09-28T06:20:30+04:00	ck9e-whole-256k	1	4	25439453184	27803779072	2880712704	22407577600	0	20375945216	484753	22559723520	1781096448	403681280	20374945792	9721561088
2026-09-28T06:20:40+04:00	ck9s-whole-256k	0	0	80060416	80322560	52928512	27471872	0	0	617196	84537344	49147904	36569088	0	33017532416
2026-09-28T06:20:50+04:00	ck9s-whole-256k	0	0	3008294912	3010916352	1844674560	1152512000	0	769167360	617534	1972940800	803074048	398114816	777912320	30438957056
2026-09-28T06:21:03+04:00	ck9s-whole-256k	0	0	7520075776	7520075776	2022891520	5465743360	0	2387542016	617534	3769389056	980373504	402194432	2386821120	28650930176
2026-09-28T06:21:14+04:00	ck9s-whole-256k	0	0	20377919488	20379369472	2023223296	18302115840	0	8823259136	617534	10205286400	980897792	402194432	8822194176	22197006336
2026-09-28T06:21:24+04:00	ck9s-whole-256k	0	0	25586085888	25617551360	2023452672	23480754176	0	13483606016	617534	14866075648	981159936	402194432	13482721280	17519583232
2026-09-28T06:21:38+04:00	ck9s-whole-256k	0	0	27561238528	27591557120	2023731200	25419005952	0	19221856256	617534	20603228160	981684224	400883712	19220660224	11787288576
2026-09-28T06:21:48+04:00	ck9s-whole-256k	0	0	29029060608	29033390080	2062217216	26834206720	0	22011723776	617534	23486398464	1027670016	448724992	22010658816	8971186176
2026-09-28T06:21:59+04:00	ck9s-whole-256k	1	0	28659683328	29117554688	3229483008	25297252352	0	20375945216	617534	22840406016	1988730880	476774400	20374900736	9420537856
2026-09-28T06:22:12+04:00	ck9s-whole-256k	1	0	28658749440	29117554688	3229515776	25297252352	0	20375945216	617534	22840406016	1988730880	476774400	20374900736	9435484160
2026-09-28T06:22:23+04:00	ck9s-whole-256k	1	0	28659269632	29117554688	3229622272	25297448960	0	20375945216	617534	22840406016	1988730880	476774400	20374900736	9430843392
2026-09-28T06:22:33+04:00	ck9s-whole-256k	1	0	28750872576	29117554688	3319783424	25297448960	0	20375945216	617534	22841454592	1989779456	476774400	20374900736	9317662720
2026-09-28T06:22:47+04:00	ck9s-whole-256k	1	0	28750860288	29117554688	3319787520	25297448960	0	20375945216	617534	22841454592	1989779456	476774400	20374900736	9330266112
2026-09-28T06:22:57+04:00	ck9s-whole-256k	1	0	28106870784	29117554688	3319787520	24653467648	0	20375945216	617534	22826774528	1989779456	462094336	20374900736	8335736832
2026-09-28T06:23:07+04:00	ck9s-whole-256k	1	0	27320033280	29117554688	3319787520	23866650624	0	20375945216	617534	22808031232	1989779456	443351040	20374900736	7569502208
2026-09-28T06:23:21+04:00	ck9s-whole-256k	1	0	27320020992	29117554688	3319787520	23866650624	0	20375945216	617534	22808031232	1989779456	443351040	20374900736	9346199552
2026-09-28T06:23:31+04:00	ck9s-whole-256k	1	0	27320016896	29117554688	3319787520	23866650624	0	20375945216	617534	22808031232	1989779456	443351040	20374900736	9355071488
2026-09-28T06:23:42+04:00	ck9s-whole-256k	1	0	27340464128	29117554688	3331444736	23875309568	0	20375945216	617534	22820352000	2001444864	444006400	20374900736	9328902144
2026-09-28T06:23:55+04:00	ck9s-whole-256k	1	0	27481423872	29117554688	3461931008	23885471744	0	20375945216	617534	22866952192	2046996480	445054976	20374900736	9187094528
2026-09-28T06:24:06+04:00	ck9s-whole-256k	1	0	27481427968	29117554688	3461931008	23885471744	0	20375945216	617534	22866952192	2046996480	445054976	20374900736	9193156608
2026-09-28T06:24:16+04:00	ck9s-whole-256k	1	0	27481427968	29117554688	3461931008	23885471744	0	20375945216	617534	22866952192	2046996480	445054976	20374900736	9196666880
2026-09-28T06:24:30+04:00	ck9s-whole-256k	1	0	27481174016	29117554688	3461931008	23885471744	0	20375945216	617534	22866952192	2046996480	445054976	20374900736	9196871680
2026-09-28T06:24:40+04:00	ck9s-whole-256k	1	0	27481419776	29117554688	3461931008	23885471744	0	20375945216	617534	22866952192	2046996480	445054976	20374900736	9180377088
2026-09-28T06:24:50+04:00	ck9s-whole-256k	1	0	27481169920	29117554688	3461931008	23885471744	0	20375945216	617534	22866952192	2046996480	445054976	20374900736	9193103360
2026-09-28T06:25:00+04:00	ck9s-whole-256k	1	0	27481169920	29117554688	3461931008	23885471744	0	20375945216	617534	22866952192	2046996480	445054976	20374900736	8341196800
2026-09-28T06:25:14+04:00	ck9s-whole-256k	1	0	27498225664	29117554688	3471708160	23892201472	0	20375945216	617534	22876975104	2056495104	445579264	20374900736	7359254528
2026-09-28T06:25:24+04:00	ck9s-whole-256k	1	0	26716745728	29117554688	3419955200	23160619008	0	20375945216	617534	22860853248	2056495104	429457408	20374900736	6357561344
2026-09-28T06:25:35+04:00	ck9s-whole-256k	1	0	26582482944	29117554688	3402592256	23045464064	0	20375945216	617534	22859018240	2056495104	427622400	20374900736	6350811136
2026-09-28T06:25:48+04:00	ck9s-whole-256k	1	0	26582192128	29117554688	3402592256	23045464064	0	20375945216	617534	22859018240	2056495104	427622400	20374900736	9259188224
2026-09-28T06:25:59+04:00	ck9s-whole-256k	1	0	26582097920	29117554688	3402592256	23045464064	0	20375945216	617534	22859018240	2056495104	427622400	20374900736	9270251520
2026-09-28T06:26:09+04:00	ck9s-whole-256k	1	0	26582335488	29117554688	3402592256	23045464064	0	20375945216	617534	22859018240	2056495104	427622400	20374900736	9266929664
2026-09-28T06:26:23+04:00	ck9s-whole-256k	1	0	26582007808	29117554688	3402592256	23045464064	0	20375945216	617534	22859018240	2056495104	427622400	20374900736	9251373056
2026-09-28T06:26:33+04:00	ck9s-whole-256k	1	0	26581942272	29117554688	3402592256	23045464064	0	20375945216	617534	22859018240	2056495104	427622400	20374900736	9256779776
2026-09-28T06:26:43+04:00	ck9s-whole-256k	1	0	26582433792	29117554688	3402592256	23045464064	0	20375945216	617534	22859018240	2056495104	427622400	20374900736	9234796544
2026-09-28T06:26:57+04:00	ck9s-whole-256k	1	0	26582593536	29117554688	3402592256	23045464064	0	20375945216	617534	22859018240	2056495104	427622400	20374900736	9249484800
2026-09-28T06:27:07+04:00	ck9s-whole-256k	1	0	26582581248	29117554688	3402592256	23045464064	0	20375945216	617534	22859018240	2056495104	427622400	20374900736	9249107968
2026-09-28T06:27:18+04:00	ck9s-whole-256k	1	0	26582683648	29117554688	3402592256	23045464064	0	20375945216	617534	22859018240	2056495104	427622400	20374900736	9245249536
2026-09-28T06:27:31+04:00	ck9s-whole-256k	1	0	26582142976	29117554688	3402592256	23045464064	0	20375945216	617534	22859018240	2056495104	427622400	20374900736	9242533888
2026-09-28T06:27:42+04:00	ck9s-whole-256k	1	0	26582614016	29117554688	3402592256	23045464064	0	20375945216	617534	22859018240	2056495104	427622400	20374900736	9244676096
2026-09-28T06:27:52+04:00	ck9s-whole-256k	1	0	26582552576	29117554688	3402592256	23045464064	0	20375945216	617534	22859018240	2056495104	427622400	20374900736	9252077568
2026-09-28T06:28:06+04:00	ck9s-whole-256k	1	0	26581962752	29117554688	3402592256	23045464064	0	20375945216	617534	22859018240	2056495104	427622400	20374900736	9241780224
2026-09-28T06:28:16+04:00	ck9s-whole-256k	1	0	26581897216	29117554688	3402592256	23045464064	0	20375945216	617534	22859018240	2056495104	427622400	20374900736	9247092736
2026-09-28T06:28:26+04:00	ck9s-whole-256k	1	0	26582614016	29117554688	3402592256	23045464064	0	20375945216	617534	22859018240	2056495104	427622400	20374900736	8087187456
2026-09-28T06:28:40+04:00	ck9s-whole-256k	1	0	26582282240	29117554688	3402592256	23045464064	0	20375945216	617534	22859018240	2056495104	427622400	20374900736	6738354176
2026-09-28T06:28:50+04:00	ck9s-whole-256k	1	0	26330476544	29117554688	3402592256	22793453568	0	20375945216	617534	22843420672	2056495104	412024832	20374900736	6364409856
2026-09-28T06:29:01+04:00	ck9s-whole-256k	1	0	26238193664	29117554688	3363090432	22740701184	0	20375945216	617534	22836473856	2056495104	405078016	20374900736	6422409216
2026-09-28T06:29:11+04:00	ck9s-whole-256k	1	0	26238083072	29117554688	3363090432	22740701184	0	20375945216	617534	22836473856	2056495104	405078016	20374900736	9297866752
2026-09-28T06:29:25+04:00	ck9s-whole-256k	1	0	26238287872	29117554688	3363090432	22740701184	0	20375945216	617534	22836473856	2056495104	405078016	20374900736	8513839104
2026-09-28T06:29:35+04:00	ck9s-whole-256k	1	0	26237972480	29117554688	3363090432	22740701184	0	20375945216	617534	22836473856	2056495104	405078016	20374900736	8862384128
2026-09-28T06:29:45+04:00	ck9s-whole-256k	1	0	26238754816	29117554688	3363426304	22741004288	0	20375945216	617534	22836998144	2056888320	405209088	20374900736	8003297280
2026-09-28T06:29:59+04:00	ck9s-whole-256k	1	0	26238988288	29117554688	3363426304	22741004288	0	20375945216	617534	22836998144	2056888320	405209088	20374900736	9310490624
2026-09-28T06:30:09+04:00	ck9s-whole-256k	1	0	26238685184	29117554688	3363434496	22741004288	0	20375945216	617534	22836998144	2056888320	405209088	20374900736	9306746880
2026-09-28T06:30:20+04:00	ck9s-whole-256k	1	0	26238365696	29117554688	3363438592	22741004288	0	20375945216	617534	22836998144	2056888320	405209088	20374900736	9273831424
2026-09-28T06:30:33+04:00	ck9s-whole-256k	1	0	26238550016	29117554688	3363590144	22741004288	0	20375945216	617534	22837129216	2057019392	405209088	20374900736	9277247488
2026-09-28T06:30:44+04:00	ck9s-whole-256k	1	0	26239045632	29117554688	3363725312	22741004288	0	20375945216	617534	22837260288	2057150464	405209088	20374900736	9215733760
2026-09-28T06:30:54+04:00	ck9s-whole-256k	1	0	26239209472	29117554688	3363856384	22741004288	0	20375945216	617534	22837391360	2057281536	405209088	20374900736	9196875776
2026-09-28T06:31:08+04:00	ck9s-whole-256k	1	0	26239139840	29117554688	3364007936	22741004288	0	20375945216	617534	22837522432	2057412608	405209088	20374900736	9180880896
2026-09-28T06:31:18+04:00	ck9s-whole-256k	1	0	26239090688	29117554688	3364143104	22741004288	0	20375945216	617534	22837653504	2057543680	405209088	20374900736	9190117376
2026-09-28T06:31:28+04:00	ck9s-whole-256k	1	0	26241622016	29117554688	3366248448	22741004288	0	20375945216	617534	22839795712	2059685888	405209088	20374900736	9187991552
2026-09-28T06:31:42+04:00	ck9s-whole-256k	1	0	26241740800	29117554688	3366674432	22741008384	0	20375945216	617534	22839795712	2059685888	405209088	20374900736	9177636864
2026-09-28T06:31:53+04:00	ck9s-whole-256k	1	0	26242707456	29117554688	3367256064	22741110784	0	20375945216	617534	22839812096	2059702272	405209088	20374900736	9184632832
2026-09-28T06:32:03+04:00	ck9s-whole-256k	1	0	26242961408	29117554688	3367788544	22741110784	0	20375945216	617534	22839820288	2059710464	405209088	20374900736	9172393984
2026-09-28T06:32:17+04:00	ck9s-whole-256k	1	0	26242727936	29117554688	3367792640	22741110784	0	20375945216	617534	22839910400	2059800576	405209088	20374900736	9154383872
2026-09-28T06:32:27+04:00	ck9s-whole-256k	1	0	26242969600	29117554688	3367792640	22741110784	0	20375945216	617534	22839910400	2059800576	405209088	20374900736	9168912384
2026-09-28T06:32:37+04:00	ck9s-whole-256k	1	0	26242969600	29117554688	3367796736	22741110784	0	20375945216	617534	22839910400	2059800576	405209088	20374900736	9198039040
2026-09-28T06:32:51+04:00	ck9s-whole-256k	1	0	26243465216	29117554688	3367800832	22741110784	0	20375945216	617534	22839910400	2059800576	405209088	20374900736	9175015424
2026-09-28T06:33:01+04:00	ck9s-whole-256k	1	0	26243231744	29117554688	3367800832	22741110784	0	20375945216	617534	22839910400	2059800576	405209088	20374900736	9173630976
2026-09-28T06:33:12+04:00	ck9s-whole-256k	1	0	26242973696	29117554688	3367800832	22741110784	0	20375945216	617534	22839910400	2059800576	405209088	20374900736	9173086208
2026-09-28T06:33:25+04:00	ck9s-whole-256k	1	0	26242981888	29117554688	3367804928	22741110784	0	20375945216	617534	22839910400	2059800576	405209088	20374900736	9167843328
2026-09-28T06:33:36+04:00	ck9s-whole-256k	1	0	26243485696	29117554688	3367804928	22741110784	0	20375945216	617534	22839910400	2059800576	405209088	20374900736	9175154688
2026-09-28T06:33:46+04:00	ck9s-whole-256k	1	0	26243518464	29117554688	3367804928	22741110784	0	20375945216	617534	22839910400	2059800576	405209088	20374900736	9165479936
2026-09-28T06:33:56+04:00	ck9s-whole-256k	1	0	26243510272	29117554688	3367809024	22741110784	0	20375945216	617534	22839910400	2059800576	405209088	20374900736	9177591808
2026-09-28T06:34:10+04:00	ck9s-whole-256k	1	0	26243235840	29117554688	3367809024	22741110784	0	20375945216	617534	22839910400	2059800576	405209088	20374900736	9238872064
2026-09-28T06:34:20+04:00	ck9s-whole-256k	1	0	26243461120	29117554688	3367809024	22741110784	0	20375945216	617534	22839910400	2059800576	405209088	20374900736	9237237760
2026-09-28T06:34:30+04:00	ck9s-whole-256k	1	0	26243497984	29117554688	3367809024	22741110784	0	20375945216	617534	22839910400	2059800576	405209088	20374900736	9243070464
2026-09-28T06:34:44+04:00	ck9s-whole-256k	1	0	26242994176	29117554688	3367809024	22741110784	0	20375945216	617534	22839910400	2059800576	405209088	20374900736	9240223744
2026-09-28T06:34:54+04:00	ck9s-whole-256k	1	0	26243231744	29117554688	3367809024	22741110784	0	20375945216	617534	22839910400	2059800576	405209088	20374900736	9231581184
2026-09-28T06:35:04+04:00	ck9s-whole-256k	1	0	26243039232	29117554688	3367890944	22741110784	0	20375945216	617534	22839910400	2059800576	405209088	20374900736	9239924736
2026-09-28T06:35:18+04:00	ck9s-whole-256k	1	0	26243411968	29117554688	3368013824	22741110784	0	20375945216	617534	22840041472	2059931648	405209088	20374900736	9236692992
2026-09-28T06:35:28+04:00	ck9s-whole-256k	1	0	26243084288	29117554688	3368148992	22741110784	0	20375945216	617534	22840172544	2060062720	405209088	20374900736	9241341952
2026-09-28T06:35:39+04:00	ck9s-whole-256k	1	0	26244407296	29117554688	3368292352	22741110784	0	20375945216	617534	22840303616	2060193792	405209088	20374900736	9229053952
2026-09-28T06:35:52+04:00	ck9s-whole-256k	1	0	26244857856	29117554688	3368910848	22741110784	0	20375945216	617534	22840958976	2060849152	405209088	20374900736	9220280320
2026-09-28T06:36:02+04:00	ck9s-whole-256k	1	0	26244587520	29117554688	3368910848	22741110784	0	20375945216	617534	22840958976	2060849152	405209088	20374900736	9202995200
2026-09-28T06:36:13+04:00	ck9s-whole-256k	1	0	26244366336	29117554688	3368910848	22741110784	0	20375945216	617534	22840958976	2060849152	405209088	20374900736	9211785216
2026-09-28T06:36:27+04:00	ck9s-whole-256k	1	0	26244087808	29117554688	3368910848	22741110784	0	20375945216	617534	22840958976	2060849152	405209088	20374900736	9240903680
2026-09-28T06:36:37+04:00	ck9s-whole-256k	1	0	26244526080	29117554688	3368968192	22741110784	0	20375945216	617534	22841090048	2060980224	405209088	20374900736	9247457280
2026-09-28T06:36:47+04:00	ck9s-whole-256k	1	0	26244698112	29117554688	3369082880	22741110784	0	20375945216	617534	22841090048	2060980224	405209088	20374900736	8418430976
2026-09-28T06:37:00+04:00	ck9s-whole-256k	1	0	25951408128	29117554688	3290615808	22526541824	0	20375945216	617534	22817890304	2061242368	381747200	20374900736	7330017280
2026-09-28T06:37:11+04:00	ck9s-whole-256k	1	0	25542971392	29117554688	3214757888	22193901568	0	20375945216	617534	22778437632	2061373440	342163456	20374900736	6703243264
2026-09-28T06:37:21+04:00	ck9s-whole-256k	1	0	25505775616	29117554688	3214868480	22157025280	0	20375945216	617534	22774636544	2061373440	338362368	20374900736	6804975616
2026-09-28T06:37:35+04:00	ck9s-whole-256k	1	0	25474527232	29117554688	3215020032	22124826624	0	20375945216	617534	22767427584	2061635584	330891264	20374900736	9672704000
2026-09-28T06:37:45+04:00	ck9s-whole-256k	1	0	25474236416	29117554688	3215138816	22124826624	0	20375945216	617534	22767427584	2061635584	330891264	20374900736	9644253184
2026-09-28T06:37:55+04:00	ck9s-whole-256k	1	0	25474805760	29117554688	3215273984	22124826624	0	20375945216	617534	22767689728	2061897728	330891264	20374900736	8615432192
2026-09-28T06:38:06+04:00	ck9s-whole-256k	1	0	25474539520	29117554688	3215388672	22124826624	0	20375945216	617534	22767689728	2061897728	330891264	20374900736	8997314560
2026-09-28T06:38:19+04:00	ck9s-whole-256k	1	0	25474453504	29117554688	3215556608	22124826624	0	20375945216	617534	22767951872	2062159872	330891264	20374900736	9457254400
2026-09-28T06:38:29+04:00	ck9s-whole-256k	1	0	25474580480	29117554688	3215683584	22124826624	0	20375945216	617534	22768082944	2062290944	330891264	20374900736	9620271104
2026-09-28T06:38:40+04:00	ck9s-whole-256k	1	0	25474527232	29117554688	3215810560	22124826624	0	20375945216	617534	22768214016	2062422016	330891264	20374900736	9564405760
2026-09-28T06:38:54+04:00	ck9s-whole-256k	1	0	25475211264	29117554688	3215945728	22124826624	0	20375945216	617534	22768345088	2062553088	330891264	20374900736	9571102720
2026-09-28T06:39:04+04:00	ck9s-whole-256k	1	0	25475104768	29117554688	3216064512	22124826624	0	20375945216	617534	22768476160	2062684160	330891264	20374900736	9566085120
2026-09-28T06:39:14+04:00	ck9s-whole-256k	1	0	25475317760	29117554688	3216179200	22124826624	0	20375945216	617534	22768476160	2062684160	330891264	20374900736	9557594112
2026-09-28T06:39:28+04:00	ck9s-whole-256k	1	0	25475125248	29117554688	3216293888	22124826624	0	20375945216	617534	22768607232	2062815232	330891264	20374900736	9560477696
2026-09-28T06:39:38+04:00	ck9s-whole-256k	1	0	25475801088	29117554688	3216429056	22124826624	0	20375945216	617534	22768738304	2062946304	330891264	20374900736	9565904896
2026-09-28T06:39:48+04:00	ck9s-whole-256k	1	0	25478488064	29117554688	3219804160	22124826624	0	20375945216	617534	22770814976	2065022976	330891264	20374900736	9581760512
2026-09-28T06:40:02+04:00	ck9s-whole-256k	1	0	25478971392	29117554688	3219804160	22124826624	0	20375945216	617534	22770814976	2065022976	330891264	20374900736	9587048448
2026-09-28T06:40:12+04:00	ck9s-whole-256k	1	0	25478717440	29117554688	3219804160	22124826624	0	20375945216	617534	22770814976	2065022976	330891264	20374900736	9590509568
2026-09-28T06:40:23+04:00	ck9s-whole-256k	1	0	25478979584	29117554688	3219804160	22124826624	0	20375945216	617534	22770814976	2065022976	330891264	20374900736	9590996992
2026-09-28T06:40:36+04:00	ck9s-whole-256k	1	0	25478701056	29117554688	3219804160	22124826624	0	20375945216	617534	22770814976	2065022976	330891264	20374900736	9599852544
2026-09-28T06:40:47+04:00	ck9s-whole-256k	1	0	25478967296	29117554688	3219804160	22124826624	0	20375945216	617534	22770814976	2065022976	330891264	20374900736	9597706240
2026-09-28T06:40:57+04:00	ck9s-whole-256k	1	0	25478991872	29117554688	3219804160	22124826624	0	20375945216	617534	22770814976	2065022976	330891264	20374900736	9596571648
2026-09-28T06:41:10+04:00	ck9s-whole-256k	1	0	25479249920	29117554688	3219804160	22124826624	0	20375945216	617534	22770814976	2065022976	330891264	20374900736	9601138688
2026-09-28T06:41:21+04:00	ck9s-whole-256k	1	0	25478934528	29117554688	3219804160	22124826624	0	20375945216	617534	22770814976	2065022976	330891264	20374900736	9597808640
2026-09-28T06:41:31+04:00	ck9s-whole-256k	1	0	25478934528	29117554688	3219804160	22124826624	0	20375945216	617534	22770814976	2065022976	330891264	20374900736	9593253888
2026-09-28T06:41:44+04:00	ck9s-whole-256k	1	0	25478750208	29117554688	3219804160	22124826624	0	20375945216	617534	22770814976	2065022976	330891264	20374900736	9588604928
2026-09-28T06:41:55+04:00	ck9s-whole-256k	1	0	25478959104	29117554688	3219804160	22124826624	0	20375945216	617534	22770814976	2065022976	330891264	20374900736	9656901632
2026-09-28T06:42:05+04:00	ck9s-whole-256k	1	0	25478942720	29117554688	3219804160	22124826624	0	20375945216	617534	22770814976	2065022976	330891264	20374900736	9660010496
2026-09-28T06:42:15+04:00	ck9s-whole-256k	1	0	25479053312	29117554688	3219804160	22124826624	0	20375945216	617534	22770814976	2065022976	330891264	20374900736	9659346944
2026-09-28T06:42:29+04:00	ck9s-whole-256k	1	0	25479122944	29117554688	3219804160	22124826624	0	20375945216	617534	22770814976	2065022976	330891264	20374900736	9659654144
2026-09-28T06:42:39+04:00	ck9s-whole-256k	1	0	25478553600	29117554688	3219804160	22124826624	0	20375945216	617534	22770814976	2065022976	330891264	20374900736	9652051968
2026-09-28T06:42:49+04:00	ck9s-whole-256k	1	0	25478516736	29117554688	3219804160	22124826624	0	20375945216	617534	22770814976	2065022976	330891264	20374900736	9662717952
2026-09-28T06:43:03+04:00	ck9s-whole-256k	1	0	25479274496	29117554688	3219804160	22124826624	0	20375945216	617534	22770814976	2065022976	330891264	20374900736	9660497920
2026-09-28T06:43:13+04:00	ck9s-whole-256k	1	0	25478942720	29117554688	3219804160	22124826624	0	20375945216	617534	22770814976	2065022976	330891264	20374900736	9662586880
2026-09-28T06:43:23+04:00	ck9s-whole-256k	1	0	25479127040	29117554688	3219869696	22124826624	0	20375945216	617534	22770814976	2065022976	330891264	20374900736	9654489088
2026-09-28T06:43:37+04:00	ck9s-whole-256k	1	0	25479122944	29117554688	3219984384	22124826624	0	20375945216	617534	22770946048	2065154048	330891264	20374900736	9634304000
2026-09-28T06:43:47+04:00	ck9s-whole-256k	1	0	25479041024	29117554688	3220082688	22124826624	0	20375945216	617534	22771077120	2065285120	330891264	20374900736	9646039040
2026-09-28T06:43:57+04:00	ck9s-whole-256k	1	0	25479286784	29117554688	3220189184	22124826624	0	20375945216	617534	22771208192	2065416192	330891264	20374900736	9639817216
2026-09-28T06:44:11+04:00	ck9s-whole-256k	1	0	25479249920	29117554688	3220312064	22124826624	0	20375945216	617534	22771208192	2065416192	330891264	20374900736	9637289984
2026-09-28T06:44:21+04:00	ck9s-whole-256k	1	0	25480237056	29117554688	3220824064	22124826624	0	20375945216	617534	22771732480	2065940480	330891264	20374900736	9657765888
2026-09-28T06:44:32+04:00	ck9s-whole-256k	1	0	25480204288	29117554688	3220824064	22124826624	0	20375945216	617534	22771732480	2065940480	330891264	20374900736	9663938560
2026-09-28T06:44:45+04:00	ck9s-whole-256k	1	0	25480171520	29117554688	3220836352	22124826624	0	20375945216	617534	22771732480	2065940480	330891264	20374900736	9661014016
2026-09-28T06:44:56+04:00	ck9s-whole-256k	1	0	25480130560	29117554688	3220836352	22124826624	0	20375945216	617534	22771732480	2065940480	330891264	20374900736	9651716096
2026-09-28T06:45:06+04:00	ck9s-whole-256k	1	0	25480089600	29117554688	3220856832	22124826624	0	20375945216	617534	22771863552	2066071552	330891264	20374900736	9658970112
2026-09-28T06:45:20+04:00	ck9s-whole-256k	1	0	25479782400	29117554688	3220951040	22124826624	0	20375945216	617534	22771863552	2066071552	330891264	20374900736	9659293696
2026-09-28T06:45:30+04:00	ck9s-whole-256k	1	0	25480245248	29117554688	3221049344	22124826624	0	20375945216	617534	22771994624	2066202624	330891264	20374900736	9658212352
2026-09-28T06:45:40+04:00	ck9s-whole-256k	1	0	25480478720	29117554688	3221159936	22124826624	0	20375945216	617534	22772125696	2066333696	330891264	20374900736	9644806144
2026-09-28T06:45:54+04:00	ck9s-whole-256k	1	0	25480396800	29117554688	3221241856	22124826624	0	20375945216	617534	22772256768	2066464768	330891264	20374900736	9647988736
2026-09-28T06:46:04+04:00	ck9s-whole-256k	1	0	25480650752	29117554688	3221356544	22124826624	0	20375945216	617534	22772256768	2066464768	330891264	20374900736	9629921280
2026-09-28T06:46:14+04:00	ck9s-whole-256k	1	0	25480839168	29117554688	3221454848	22124826624	0	20375945216	617534	22772387840	2066595840	330891264	20374900736	9635590144
2026-09-28T06:46:28+04:00	ck9s-whole-256k	1	0	25480798208	29117554688	3221549056	22124826624	0	20375945216	617534	22772518912	2066726912	330891264	20374900736	9632133120
2026-09-28T06:46:38+04:00	ck9s-whole-256k	1	0	25481064448	29117554688	3221647360	22124826624	0	20375945216	617534	22772649984	2066857984	330891264	20374900736	8293851136
2026-09-28T06:46:49+04:00	ck9s-whole-256k	1	0	25480773632	29117554688	3221737472	22124826624	0	20375945216	617534	22772649984	2066857984	330891264	20374900736	6957232128
2026-09-28T06:46:59+04:00	ck9s-whole-256k	1	0	25366233088	29117554688	3174289408	22052265984	0	20375945216	617534	22759673856	2066989056	317784064	20374900736	6863773696
2026-09-28T06:47:13+04:00	ck9s-whole-256k	1	0	25312079872	29117554688	3167866880	22008729600	0	20375945216	617534	22750105600	2067120128	308084736	20374900736	9628782592
2026-09-28T06:47:23+04:00	ck9s-whole-256k	1	0	25312559104	29117554688	3167956992	22008729600	0	20375945216	617534	22750236672	2067251200	308084736	20374900736	9704697856
2026-09-28T06:47:33+04:00	ck9s-whole-256k	1	0	25312530432	29117554688	3168055296	22008729600	0	20375945216	617534	22750236672	2067251200	308084736	20374900736	9698877440
2026-09-28T06:47:47+04:00	ck9s-whole-256k	1	0	25312768000	29117554688	3168157696	22008729600	0	20375945216	617534	22750367744	2067382272	308084736	20374900736	9698344960
2026-09-28T06:47:57+04:00	ck9s-whole-256k	1	0	25312694272	29117554688	3168256000	22008729600	0	20375945216	617534	22750498816	2067513344	308084736	20374900736	9210818560
2026-09-28T06:48:08+04:00	ck9s-whole-256k	1	0	25312657408	29117554688	3168346112	22008729600	0	20375945216	617534	22750629888	2067644416	308084736	20374900736	8413044736
2026-09-28T06:48:21+04:00	ck9s-whole-256k	1	0	25313140736	29117554688	3168460800	22008729600	0	20375945216	617534	22750760960	2067775488	308084736	20374900736	8426119168
2026-09-28T06:48:32+04:00	ck9s-whole-256k	1	0	25313095680	29117554688	3168559104	22008729600	0	20375945216	617534	22750760960	2067775488	308084736	20374900736	9380392960
2026-09-28T06:48:42+04:00	ck9s-whole-256k	1	0	25313058816	29117554688	3168657408	22008729600	0	20375945216	617534	22750892032	2067906560	308084736	20374900736	9614405632
2026-09-28T06:48:56+04:00	ck9s-whole-256k	1	0	25313681408	29117554688	3168747520	22008729600	0	20375945216	617534	22751023104	2068037632	308084736	20374900736	9607323648
2026-09-28T06:49:06+04:00	ck9s-whole-256k	1	0	25313624064	29117554688	3168845824	22008729600	0	20375945216	617534	22751023104	2068037632	308084736	20374900736	9613131776
2026-09-28T06:49:16+04:00	ck9s-whole-256k	1	0	25315553280	29117554688	3171090432	22008733696	0	20375945216	617534	22752190464	2069204992	308084736	20374900736	9604001792
2026-09-28T06:49:30+04:00	ck9s-whole-256k	1	0	25317302272	29117554688	3172855808	22008733696	0	20375945216	617534	22753222656	2070237184	308084736	20374900736	9610625024
2026-09-28T06:49:40+04:00	ck9s-whole-256k	1	0	25317289984	29117554688	3172855808	22008733696	0	20375945216	617534	22753226752	2070241280	308084736	20374900736	9610272768
2026-09-28T06:49:50+04:00	ck9s-whole-256k	1	0	25317294080	29117554688	3172855808	22008733696	0	20375945216	617534	22753259520	2070274048	308084736	20374900736	9644470272
2026-09-28T06:50:04+04:00	ck9s-whole-256k	1	0	25317294080	29117554688	3172855808	22008733696	0	20375945216	617534	22753259520	2070274048	308084736	20374900736	9645285376
2026-09-28T06:50:14+04:00	ck9s-whole-256k	1	0	25358319616	29117554688	3214032896	22008733696	0	20375945216	617534	22752227328	2069241856	308084736	20374900736	9593696256
2026-09-28T06:50:25+04:00	ck9s-whole-256k	1	0	25358577664	29117554688	3214032896	22008733696	0	20375945216	617534	22752227328	2069241856	308084736	20374900736	9599864832
2026-09-28T06:50:39+04:00	ck9s-whole-256k	1	0	25358573568	29117554688	3214032896	22008733696	0	20375945216	617534	22752227328	2069241856	308084736	20374900736	9595363328
2026-09-28T06:50:49+04:00	ck9s-whole-256k	1	0	25358557184	29117554688	3214032896	22008733696	0	20375945216	617534	22752227328	2069241856	308084736	20374900736	9592840192
2026-09-28T06:50:59+04:00	ck9s-whole-256k	1	0	25358557184	29117554688	3214032896	22008733696	0	20375945216	617534	22752227328	2069241856	308084736	20374900736	9593339904
2026-09-28T06:51:23+04:00	ck9e-mirror-256k	0	0	760713216	760713216	404721664	350732288	0	0	726318	672243712	398696448	273678336	0	32892264448
2026-09-28T06:51:33+04:00	ck9e-mirror-256k	0	0	5221826560	5222088704	1905172480	3297124352	0	1184907264	726624	2500587520	863313920	453431296	1184890880	30189150208
2026-09-28T06:51:43+04:00	ck9e-mirror-256k	0	0	21270327296	21272551424	16387788800	4829622272	0	1721778176	726624	17468284928	15345389568	401133568	1721761792	15116886016
2026-09-28T06:51:57+04:00	ck9e-mirror-256k	0	0	21397520384	21397897216	16474267648	4870098944	0	1723764736	726624	17558069248	15431897088	402444288	1723727872	15020650496
2026-09-28T06:52:07+04:00	ck9e-mirror-256k	0	0	21500919808	21503205376	16474341376	4972994560	0	1723764736	726624	17560428544	15431897088	404803584	1723727872	15079284736
2026-09-28T06:52:18+04:00	ck9e-mirror-256k	0	0	20234457088	21867155456	16790261760	3396730880	0	87986176	726624	16338972672	15747780608	503238656	87953408	16403595264
2026-09-28T06:52:31+04:00	ck9e-mirror-256k	0	0	20234473472	21867155456	16790274048	3396730880	0	87986176	726624	16338972672	15747780608	503238656	87953408	16409116672
2026-09-28T06:52:42+04:00	ck9e-mirror-256k	0	0	20522573824	21867155456	17037631488	3436773376	0	87986176	726624	16597577728	15995113472	514510848	87953408	16154365952
2026-09-28T06:52:52+04:00	ck9e-mirror-256k	0	0	20540358656	21867155456	17050005504	3442069504	0	87986176	726624	16610553856	16007565312	515035136	87953408	16144744448
2026-09-28T06:53:06+04:00	ck9e-mirror-256k	1	0	20954808320	21867155456	17457049600	3447201792	0	87986176	726624	16824016896	16213819392	522244096	87953408	15741468672
2026-09-28T06:53:16+04:00	ck9e-mirror-256k	1	0	20954808320	21867155456	17457049600	3447201792	0	87986176	726624	16824016896	16213819392	522244096	87953408	15730511872
2026-09-28T06:53:26+04:00	ck9e-mirror-256k	1	1	21094260736	21867155456	17594466304	3447517184	0	87986176	726624	16824934400	16214736896	522244096	87953408	15564894208
2026-09-28T06:53:40+04:00	ck9e-mirror-256k	1	1	21094084608	21867155456	17594466304	3447517184	0	87986176	726624	16824934400	16214736896	522244096	87953408	15575465984
2026-09-28T06:53:50+04:00	ck9e-mirror-256k	1	1	21094346752	21867155456	17594466304	3447517184	0	87986176	726624	16824934400	16214736896	522244096	87953408	15591493632
2026-09-28T06:54:01+04:00	ck9e-mirror-256k	1	1	21094084608	21867155456	17594466304	3447517184	0	87986176	726624	16824934400	16214736896	522244096	87953408	15590846464
2026-09-28T06:54:14+04:00	ck9e-mirror-256k	1	1	21094084608	21867155456	17594466304	3447517184	0	87986176	726624	16824934400	16214736896	522244096	87953408	15575793664
2026-09-28T06:54:25+04:00	ck9e-mirror-256k	1	1	21094092800	21867155456	17594474496	3447517184	0	87986176	726624	16824934400	16214736896	522244096	87953408	15572729856
2026-09-28T06:54:35+04:00	ck9e-mirror-256k	1	1	21094092800	21867155456	17594474496	3447517184	0	87986176	726624	16824934400	16214736896	522244096	87953408	15568662528
2026-09-28T06:54:49+04:00	ck9e-mirror-256k	1	3	21193969664	21867155456	17693913088	3447709696	0	87986176	726624	16886140928	16274239488	523948032	87953408	15471235072
2026-09-28T06:54:59+04:00	ck9e-mirror-256k	1	3	21193969664	21867155456	17693913088	3447709696	0	87986176	726624	16886140928	16274239488	523948032	87953408	15486287872
2026-09-28T06:55:09+04:00	ck9e-mirror-256k	1	3	21193969664	21867155456	17693913088	3447709696	0	87986176	726624	16886140928	16274239488	523948032	87953408	15473311744
2026-09-28T06:55:19+04:00	ck9e-mirror-256k	1	3	21193965568	21867155456	17693913088	3447709696	0	87986176	726624	16886140928	16274239488	523948032	87953408	15467446272
2026-09-28T06:55:33+04:00	ck9e-mirror-256k	1	3	21193969664	21867155456	17693913088	3447709696	0	87986176	726624	16886140928	16274239488	523948032	87953408	15471378432
2026-09-28T06:55:43+04:00	ck9e-mirror-256k	1	3	21193965568	21867155456	17693913088	3447709696	0	87986176	726624	16886140928	16274239488	523948032	87953408	15484383232
2026-09-28T06:55:54+04:00	ck9e-mirror-256k	1	3	21193965568	21867155456	17693913088	3447709696	0	87986176	726624	16886140928	16274239488	523948032	87953408	15487352832
2026-09-28T06:56:07+04:00	ck9e-mirror-256k	1	4	21204041728	21867155456	17702674432	3448745984	0	87986176	726624	16895184896	16282759168	524472320	87953408	15478751232
2026-09-28T06:56:18+04:00	ck9e-mirror-256k	1	4	21204389888	21867155456	17702690816	3448840192	0	87986176	726624	16895184896	16282759168	524472320	87953408	14256283648
2026-09-28T06:56:28+04:00	ck9e-mirror-256k	1	4	21203902464	21867155456	17702690816	3448840192	0	87986176	726624	16895184896	16282759168	524472320	87953408	14357405696
2026-09-28T06:56:41+04:00	ck9e-mirror-256k	1	4	21204688896	21867155456	17702690816	3448840192	0	87986176	726624	16895184896	16282759168	524472320	87953408	13057245184
2026-09-28T06:56:52+04:00	ck9e-mirror-256k	1	4	21204160512	21867155456	17702699008	3448840192	0	87986176	726624	16895184896	16282759168	524472320	87953408	15115202560
2026-09-28T06:57:02+04:00	ck9e-mirror-256k	1	4	21204668416	21867155456	17702699008	3448840192	0	87986176	726624	16895184896	16282759168	524472320	87953408	15485452288
2026-09-28T06:57:16+04:00	ck9e-mirror-256k	1	4	21204389888	21867155456	17702699008	3448840192	0	87986176	726624	16895184896	16282759168	524472320	87953408	15419314176
2026-09-28T06:57:26+04:00	ck9e-mirror-256k	1	4	21204656128	21867155456	17702699008	3448840192	0	87986176	726624	16895184896	16282759168	524472320	87953408	15376945152
2026-09-28T06:57:36+04:00	ck9e-mirror-256k	1	4	21204946944	21867155456	17702699008	3448840192	0	87986176	726624	16895184896	16282759168	524472320	87953408	15386574848
2026-09-28T06:57:50+04:00	ck9e-mirror-256k	1	4	21204402176	21867155456	17702699008	3448840192	0	87986176	726624	16895184896	16282759168	524472320	87953408	15372288000
2026-09-28T06:58:00+04:00	ck9e-mirror-256k	1	4	21204619264	21867155456	17702699008	3448840192	0	87986176	726624	16895184896	16282759168	524472320	87953408	15389282304
2026-09-28T06:58:10+04:00	ck9e-mirror-256k	1	4	21204418560	21867155456	17702699008	3448840192	0	87986176	726624	16895184896	16282759168	524472320	87953408	15388016640
2026-09-28T06:58:24+04:00	ck9e-mirror-256k	1	4	21204422656	21867155456	17702699008	3448840192	0	87986176	726624	16895184896	16282759168	524472320	87953408	15408336896
2026-09-28T06:58:34+04:00	ck9e-mirror-256k	1	4	21204410368	21867155456	17702699008	3448840192	0	87986176	726624	16895184896	16282759168	524472320	87953408	15476715520
2026-09-28T06:58:44+04:00	ck9e-mirror-256k	1	4	21204430848	21867155456	17702699008	3448840192	0	87986176	726624	16895184896	16282759168	524472320	87953408	15478931456
2026-09-28T06:58:58+04:00	ck9e-mirror-256k	1	4	21204680704	21867155456	17702699008	3448840192	0	87986176	726624	16895184896	16282759168	524472320	87953408	15409639424
2026-09-28T06:59:08+04:00	ck9e-mirror-256k	1	4	21204426752	21867155456	17702699008	3448840192	0	87986176	726624	16895184896	16282759168	524472320	87953408	15389569024
2026-09-28T06:59:18+04:00	ck9e-mirror-256k	1	4	21204107264	21867155456	17702699008	3448840192	0	87986176	726624	16895184896	16282759168	524472320	87953408	15382511616
2026-09-28T06:59:29+04:00	ck9e-mirror-256k	1	4	21204193280	21867155456	17702723584	3448840192	0	87986176	726624	16895184896	16282759168	524472320	87953408	15390048256
2026-09-28T06:59:42+04:00	ck9e-mirror-256k	1	4	21204680704	21867155456	17702838272	3448840192	0	87986176	726624	16895315968	16282890240	524472320	87953408	15384064000
2026-09-28T06:59:52+04:00	ck9e-mirror-256k	1	4	21204897792	21867155456	17702940672	3448840192	0	87986176	726624	16895447040	16283021312	524472320	87953408	15391866880
2026-09-28T07:00:03+04:00	ck9e-mirror-256k	1	4	21204754432	21867155456	17703055360	3448840192	0	87986176	726624	16895578112	16283152384	524472320	87953408	15415959552
2026-09-28T07:00:16+04:00	ck9e-mirror-256k	1	4	21204639744	21867155456	17703198720	3448840192	0	87986176	726624	16895709184	16283283456	524472320	87953408	15415742464
2026-09-28T07:00:27+04:00	ck9e-mirror-256k	1	4	21204647936	21867155456	17703292928	3448840192	0	87986176	726624	16895840256	16283414528	524472320	87953408	15425089536
2026-09-28T07:00:37+04:00	ck9e-mirror-256k	1	4	21205405696	21867155456	17703399424	3448840192	0	87986176	726624	16895971328	16283545600	524472320	87953408	15427571712
2026-09-28T07:00:50+04:00	ck9e-mirror-256k	1	4	21204873216	21867155456	17703518208	3448840192	0	87986176	726624	16895971328	16283545600	524472320	87953408	15426338816
2026-09-28T07:01:01+04:00	ck9e-mirror-256k	1	4	21206441984	21867155456	17704456192	3448840192	0	87986176	726624	16897019904	16284594176	524472320	87953408	15475974144
2026-09-28T07:01:11+04:00	ck9e-mirror-256k	1	4	21206183936	21867155456	17704456192	3448840192	0	87986176	726624	16897019904	16284594176	524472320	87953408	15479930880
2026-09-28T07:01:25+04:00	ck9e-mirror-256k	1	4	21206446080	21867155456	17704460288	3448840192	0	87986176	726624	16897019904	16284594176	524472320	87953408	15438782464
2026-09-28T07:01:35+04:00	ck9e-mirror-256k	1	4	21206188032	21867155456	17704460288	3448840192	0	87986176	726624	16897019904	16284594176	524472320	87953408	15488008192
2026-09-28T07:01:45+04:00	ck9e-mirror-256k	1	4	21206286336	21867155456	17704460288	3448840192	0	87986176	726624	16897019904	16284594176	524472320	87953408	15477583872
2026-09-28T07:01:59+04:00	ck9e-mirror-256k	1	4	21206171648	21867155456	17704464384	3448840192	0	87986176	726624	16897019904	16284594176	524472320	87953408	15479336960
2026-09-28T07:02:09+04:00	ck9e-mirror-256k	1	4	21206372352	21867155456	17704562688	3448840192	0	87986176	726624	16897019904	16284594176	524472320	87953408	15468199936
2026-09-28T07:02:19+04:00	ck9e-mirror-256k	1	4	21206118400	21867155456	17704673280	3448840192	0	87986176	726624	16897150976	16284725248	524472320	87953408	15469432832
2026-09-28T07:02:33+04:00	ck9e-mirror-256k	1	4	21206458368	21867155456	17704779776	3448840192	0	87986176	726624	16897282048	16284856320	524472320	87953408	15481450496
2026-09-28T07:02:43+04:00	ck9e-mirror-256k	1	4	21206552576	21867155456	17704906752	3448840192	0	87986176	726624	16897413120	16284987392	524472320	87953408	15481192448
2026-09-28T07:02:53+04:00	ck9e-mirror-256k	1	4	21208924160	21867155456	17706885120	3449126912	0	87986176	726624	16899411968	16286986240	524472320	87953408	15475437568
2026-09-28T07:03:03+04:00	ck9e-mirror-256k	1	4	21208662016	21867155456	17706893312	3449126912	0	87986176	726624	16899411968	16286986240	524472320	87953408	15471407104
2026-09-28T07:03:17+04:00	ck9e-mirror-256k	1	4	21210247168	21867155456	17708609536	3449221120	0	87986176	726624	16900694016	16288137216	524603392	87953408	15485702144
2026-09-28T07:03:27+04:00	ck9e-mirror-256k	1	4	21210796032	21867155456	17709068288	3449315328	0	87986176	726624	16900767744	16288210944	524603392	87953408	15477637120
2026-09-28T07:03:37+04:00	ck9e-mirror-256k	1	4	21210943488	21867155456	17709072384	3449409536	0	87986176	726624	16900767744	16288210944	524603392	87953408	15472640000
2026-09-28T07:03:51+04:00	ck9e-mirror-256k	1	4	21211373568	21867155456	17709072384	3449409536	0	87986176	726624	16900767744	16288210944	524603392	87953408	15479685120
2026-09-28T07:04:01+04:00	ck9e-mirror-256k	1	4	21211336704	21867155456	17709072384	3449409536	0	87986176	726624	16900767744	16288210944	524603392	87953408	15466971136
2026-09-28T07:04:11+04:00	ck9e-mirror-256k	1	4	21211533312	21867155456	17709072384	3449409536	0	87986176	726624	16900767744	16288210944	524603392	87953408	15472656384
2026-09-28T07:04:25+04:00	ck9e-mirror-256k	1	4	21211652096	21867155456	17709072384	3449409536	0	87986176	726624	16900767744	16288210944	524603392	87953408	15466401792
2026-09-28T07:04:35+04:00	ck9e-mirror-256k	1	4	21211316224	21867155456	17709072384	3449409536	0	87986176	726624	16900767744	16288210944	524603392	87953408	15457611776
2026-09-28T07:04:45+04:00	ck9e-mirror-256k	1	4	21211496448	21867155456	17709072384	3449409536	0	87986176	726624	16900767744	16288210944	524603392	87953408	15471857664
2026-09-28T07:04:59+04:00	ck9e-mirror-256k	1	4	21210943488	21867155456	17709072384	3449409536	0	87986176	726624	16900767744	16288210944	524603392	87953408	15469719552
2026-09-28T07:05:09+04:00	ck9e-mirror-256k	1	4	21211152384	21867155456	17709072384	3449409536	0	87986176	726624	16900767744	16288210944	524603392	87953408	15463862272
2026-09-28T07:05:19+04:00	ck9e-mirror-256k	1	4	21211357184	21867155456	17709072384	3449409536	0	87986176	726624	16900767744	16288210944	524603392	87953408	15471599616
2026-09-28T07:05:33+04:00	ck9e-mirror-256k	1	4	21211561984	21867155456	17709072384	3449409536	0	87986176	726624	16900767744	16288210944	524603392	87953408	14812422144
2026-09-28T07:05:43+04:00	ck9e-mirror-256k	1	4	21211250688	21867155456	17709072384	3449409536	0	87986176	726624	16900767744	16288210944	524603392	87953408	14544269312
2026-09-28T07:05:54+04:00	ck9e-mirror-256k	1	4	21211160576	21867155456	17709072384	3449409536	0	87986176	726624	16900767744	16288210944	524603392	87953408	13438287872
2026-09-28T07:06:07+04:00	ck9e-mirror-256k	1	4	21211140096	21867155456	17709072384	3449409536	0	87986176	726624	16900767744	16288210944	524603392	87953408	13243678720
2026-09-28T07:06:18+04:00	ck9e-mirror-256k	1	4	21211144192	21867155456	17709072384	3449409536	0	87986176	726624	16900767744	16288210944	524603392	87953408	14090878976
2026-09-28T07:06:28+04:00	ck9e-mirror-256k	1	4	21211611136	21867155456	17709072384	3449409536	0	87986176	726624	16900767744	16288210944	524603392	87953408	15377977344
2026-09-28T07:06:42+04:00	ck9e-mirror-256k	1	4	21211295744	21867155456	17709072384	3449409536	0	87986176	726624	16900767744	16288210944	524603392	87953408	15370412032
2026-09-28T07:06:52+04:00	ck9e-mirror-256k	1	4	21211242496	21867155456	17709072384	3449409536	0	87986176	726624	16900767744	16288210944	524603392	87953408	15373004800
2026-09-28T07:07:02+04:00	ck9e-mirror-256k	1	4	21211451392	21867155456	17709072384	3449409536	0	87986176	726624	16900767744	16288210944	524603392	87953408	15382183936
2026-09-28T07:07:12+04:00	ck9e-mirror-256k	1	4	21211652096	21867155456	17709072384	3449409536	0	87986176	726624	16900767744	16288210944	524603392	87953408	15385497600
2026-09-28T07:07:26+04:00	ck9e-mirror-256k	1	4	21211852800	21867155456	17709400064	3449409536	0	87986176	726624	16901160960	16288604160	524603392	87953408	15382081536
2026-09-28T07:07:36+04:00	ck9e-mirror-256k	1	4	21211291648	21867155456	17709400064	3449409536	0	87986176	726624	16901160960	16288604160	524603392	87953408	15408746496
2026-09-28T07:07:47+04:00	ck9e-mirror-256k	1	4	21211709440	21867155456	17709400064	3449409536	0	87986176	726624	16901160960	16288604160	524603392	87953408	15411671040
2026-09-28T07:08:00+04:00	ck9e-mirror-256k	1	4	21212168192	21867155456	17709400064	3449409536	0	87986176	726624	16901160960	16288604160	524603392	87953408	15420002304
2026-09-28T07:08:10+04:00	ck9e-mirror-256k	1	4	21211992064	21867155456	17709400064	3449409536	0	87986176	726624	16901160960	16288604160	524603392	87953408	15427325952
2026-09-28T07:08:21+04:00	ck9e-mirror-256k	1	4	21211418624	21867155456	17709432832	3449409536	0	87986176	726624	16901160960	16288604160	524603392	87953408	15415791616
2026-09-28T07:08:34+04:00	ck9e-mirror-256k	1	4	21211889664	21867155456	17709555712	3449409536	0	87986176	726624	16901292032	16288735232	524603392	87953408	15466160128
2026-09-28T07:08:45+04:00	ck9e-mirror-256k	1	4	21211836416	21867155456	17709666304	3449409536	0	87986176	726624	16901423104	16288866304	524603392	87953408	15476510720
2026-09-28T07:08:55+04:00	ck9e-mirror-256k	1	4	21212299264	21867155456	17709760512	3449409536	0	87986176	726624	16901554176	16288997376	524603392	87953408	15464210432
2026-09-28T07:09:09+04:00	ck9e-mirror-256k	1	4	21211742208	21867155456	17709891584	3449409536	0	87986176	726624	16901685248	16289128448	524603392	87953408	15467614208
2026-09-28T07:09:19+04:00	ck9e-mirror-256k	1	4	21212450816	21867155456	17709985792	3449409536	0	87986176	726624	16901816320	16289259520	524603392	87953408	15471939584
2026-09-28T07:09:29+04:00	ck9e-mirror-256k	1	4	21212393472	21867155456	17710096384	3449409536	0	87986176	726624	16901816320	16289259520	524603392	87953408	15465357312
2026-09-28T07:09:43+04:00	ck9e-mirror-256k	1	4	21212368896	21867155456	17710227456	3449409536	0	87986176	726624	16901947392	16289390592	524603392	87953408	15461634048
2026-09-28T07:09:53+04:00	ck9e-mirror-256k	1	4	21212594176	21867155456	17710321664	3449409536	0	87986176	726624	16902078464	16289521664	524603392	87953408	15454748672
2026-09-28T07:10:03+04:00	ck9e-mirror-256k	1	4	21212528640	21867155456	17710432256	3449409536	0	87986176	726624	16902209536	16289652736	524603392	87953408	15456337920
2026-09-28T07:10:17+04:00	ck9e-mirror-256k	1	4	21212995584	21867155456	17710530560	3449409536	0	87986176	726624	16902340608	16289783808	524603392	87953408	15452749824
2026-09-28T07:10:27+04:00	ck9e-mirror-256k	1	4	21213229056	21867155456	17710641152	3449409536	0	87986176	726624	16902471680	16289914880	524603392	87953408	15454035968
2026-09-28T07:10:38+04:00	ck9e-mirror-256k	1	4	21212901376	21867155456	17710747648	3449409536	0	87986176	726624	16902471680	16289914880	524603392	87953408	15458394112
2026-09-28T07:10:51+04:00	ck9e-mirror-256k	1	4	21213372416	21867155456	17710874624	3449409536	0	87986176	726624	16902602752	16290045952	524603392	87953408	15454511104
2026-09-28T07:11:02+04:00	ck9e-mirror-256k	1	4	21212798976	21867155456	17710989312	3449409536	0	87986176	726624	16902733824	16290177024	524603392	87953408	15441649664
2026-09-28T07:11:12+04:00	ck9e-mirror-256k	1	4	21213278208	21867155456	17711120384	3449409536	0	87986176	726624	16902864896	16290308096	524603392	87953408	15453569024
2026-09-28T07:11:22+04:00	ck9e-mirror-256k	1	4	21216325632	21867155456	17714229248	3449409536	0	87986176	726624	16905015296	16292458496	524603392	87953408	15441289216
2026-09-28T07:11:36+04:00	ck9e-mirror-256k	1	4	21216403456	21867155456	17714233344	3449503744	0	87986176	726624	16905015296	16292458496	524603392	87953408	15444824064
2026-09-28T07:11:46+04:00	ck9e-mirror-256k	1	4	21216415744	21867155456	17714237440	3449503744	0	87986176	726624	16905015296	16292458496	524603392	87953408	15449694208
2026-09-28T07:11:56+04:00	ck9e-mirror-256k	1	4	21216890880	21867155456	17714237440	3449503744	0	87986176	726624	16905015296	16292458496	524603392	87953408	15441596416
2026-09-28T07:12:10+04:00	ck9e-mirror-256k	1	4	21216894976	21867155456	17714237440	3449503744	0	87986176	726624	16905015296	16292458496	524603392	87953408	15450570752
2026-09-28T07:12:20+04:00	ck9e-mirror-256k	1	4	21216653312	21867155456	17714237440	3449503744	0	87986176	726624	16905015296	16292458496	524603392	87953408	15449595904
2026-09-28T07:12:30+04:00	ck9e-mirror-256k	1	4	21216411648	21867155456	17714237440	3449503744	0	87986176	726624	16905015296	16292458496	524603392	87953408	15446331392
2026-09-28T07:12:44+04:00	ck9e-mirror-256k	1	4	21216407552	21867155456	17714241536	3449503744	0	87986176	726624	16905015296	16292458496	524603392	87953408	15454326784
2026-09-28T07:12:54+04:00	ck9e-mirror-256k	1	4	21216911360	21867155456	17714245632	3449503744	0	87986176	726624	16905015296	16292458496	524603392	87953408	15462150144
2026-09-28T07:13:05+04:00	ck9e-mirror-256k	1	4	21216374784	21867155456	17714245632	3449503744	0	87986176	726624	16905015296	16292458496	524603392	87953408	15460577280
2026-09-28T07:13:19+04:00	ck9e-mirror-256k	1	4	21216686080	21867155456	17714245632	3449503744	0	87986176	726624	16905015296	16292458496	524603392	87953408	15458873344
2026-09-28T07:13:29+04:00	ck9e-mirror-256k	1	4	21216423936	21867155456	17714245632	3449503744	0	87986176	726624	16905015296	16292458496	524603392	87953408	15463837696
2026-09-28T07:13:39+04:00	ck9e-mirror-256k	1	4	21216940032	21867155456	17714249728	3449503744	0	87986176	726624	16905015296	16292458496	524603392	87953408	15462404096
2026-09-28T07:13:53+04:00	ck9e-mirror-256k	1	4	21216428032	21867155456	17714249728	3449503744	0	87986176	726624	16905015296	16292458496	524603392	87953408	15467425792
2026-09-28T07:14:03+04:00	ck9e-mirror-256k	1	4	21216894976	21867155456	17714249728	3449503744	0	87986176	726624	16905015296	16292458496	524603392	87953408	15462768640
2026-09-28T07:14:13+04:00	ck9e-mirror-256k	1	4	21216681984	21867155456	17714249728	3449503744	0	87986176	726624	16905015296	16292458496	524603392	87953408	15458615296
2026-09-28T07:14:27+04:00	ck9e-mirror-256k	1	4	21216645120	21867155456	17714249728	3449503744	0	87986176	726624	16905015296	16292458496	524603392	87953408	15456976896
2026-09-28T07:14:37+04:00	ck9e-mirror-256k	1	4	21216858112	21867155456	17714249728	3449503744	0	87986176	726624	16905015296	16292458496	524603392	87953408	15459725312
2026-09-28T07:14:48+04:00	ck9e-mirror-256k	1	4	21216563200	21867155456	17714249728	3449503744	0	87986176	726624	16905015296	16292458496	524603392	87953408	15455985664
2026-09-28T07:14:58+04:00	ck9e-mirror-256k	1	4	21216784384	21867155456	17714249728	3449503744	0	87986176	726624	16905015296	16292458496	524603392	87953408	15456034816
2026-09-28T07:15:12+04:00	ck9e-mirror-256k	1	4	21216223232	21867155456	17714249728	3449503744	0	87986176	726624	16905015296	16292458496	524603392	87953408	15462662144
2026-09-28T07:15:22+04:00	ck9e-mirror-256k	1	4	21216718848	21867155456	17714307072	3449503744	0	87986176	726624	16905146368	16292589568	524603392	87953408	15457775616
2026-09-28T07:15:32+04:00	ck9e-mirror-256k	1	4	21216927744	21867155456	17714393088	3449503744	0	87986176	726624	16905277440	16292720640	524603392	87953408	15444635648
2026-09-28T07:15:46+04:00	ck9e-mirror-256k	1	4	21216890880	21867155456	17714503680	3449503744	0	87986176	726624	16905277440	16292720640	524603392	87953408	15463542784
2026-09-28T07:15:56+04:00	ck9e-mirror-256k	1	4	21216845824	21867155456	17714581504	3449503744	0	87986176	726624	16905408512	16292851712	524603392	87953408	15466860544
2026-09-28T07:16:06+04:00	ck9e-mirror-256k	1	4	21217058816	21867155456	17714683904	3449503744	0	87986176	726624	16905408512	16292851712	524603392	87953408	15458250752
2026-09-28T07:16:20+04:00	ck9e-mirror-256k	1	4	21216944128	21867155456	17714769920	3449503744	0	87986176	726624	16905408512	16292851712	524603392	87953408	15458467840
2026-09-28T07:16:30+04:00	ck9e-mirror-256k	1	4	21217783808	21867155456	17715609600	3449503744	0	87986176	726624	16906194944	16293638144	524603392	87953408	15444316160
2026-09-28T07:16:41+04:00	ck9e-mirror-256k	1	4	21217779712	21867155456	17715609600	3449503744	0	87986176	726624	16906194944	16293638144	524603392	87953408	15442505728
2026-09-28T07:16:54+04:00	ck9e-mirror-256k	1	4	21218045952	21867155456	17715609600	3449503744	0	87986176	726624	16906194944	16293638144	524603392	87953408	15441088512
2026-09-28T07:17:04+04:00	ck9e-mirror-256k	1	4	21218267136	21867155456	17715609600	3449503744	0	87986176	726624	16906194944	16293638144	524603392	87953408	15440842752
2026-09-28T07:17:15+04:00	ck9e-mirror-256k	1	4	21217730560	21867155456	17715609600	3449503744	0	87986176	726624	16906194944	16293638144	524603392	87953408	15428636672
2026-09-28T07:17:28+04:00	ck9e-mirror-256k	1	4	21218050048	21867155456	17715609600	3449503744	0	87986176	726624	16906194944	16293638144	524603392	87953408	15425593344
2026-09-28T07:17:38+04:00	ck9e-mirror-256k	1	4	21217787904	21867155456	17715609600	3449503744	0	87986176	726624	16906194944	16293638144	524603392	87953408	15425531904
2026-09-28T07:17:49+04:00	ck9e-mirror-256k	1	4	21217579008	21867155456	17715646464	3449503744	0	87986176	726624	16906194944	16293638144	524603392	87953408	15447187456
2026-09-28T07:18:02+04:00	ck9e-mirror-256k	1	4	21217562624	21867155456	17715646464	3449503744	0	87986176	726624	16906194944	16293638144	524603392	87953408	15437234176
2026-09-28T07:18:13+04:00	ck9e-mirror-256k	1	4	21217562624	21867155456	17715646464	3449503744	0	87986176	726624	16906194944	16293638144	524603392	87953408	15426314240
2026-09-28T07:18:23+04:00	ck9e-mirror-256k	1	4	21218070528	21867155456	17715646464	3449503744	0	87986176	726624	16906194944	16293638144	524603392	87953408	15443537920
2026-09-28T07:18:36+04:00	ck9e-mirror-256k	1	4	21218070528	21867155456	17715646464	3449503744	0	87986176	726624	16906194944	16293638144	524603392	87953408	15446528000
2026-09-28T07:18:47+04:00	ck9e-mirror-256k	1	4	21217820672	21867155456	17715646464	3449503744	0	87986176	726624	16906194944	16293638144	524603392	87953408	15438360576
2026-09-28T07:18:57+04:00	ck9e-mirror-256k	1	4	21217820672	21867155456	17715646464	3449503744	0	87986176	726624	16906194944	16293638144	524603392	87953408	15465840640
2026-09-28T07:19:07+04:00	ck9e-mirror-256k	1	4	21218082816	21867155456	17715646464	3449503744	0	87986176	726624	16906194944	16293638144	524603392	87953408	15467556864
2026-09-28T07:19:21+04:00	ck9e-mirror-256k	1	4	21218078720	21867155456	17715646464	3449503744	0	87986176	726624	16906194944	16293638144	524603392	87953408	15459336192
2026-09-28T07:19:31+04:00	ck9e-mirror-256k	1	4	21217570816	21867155456	17715646464	3449503744	0	87986176	726624	16906194944	16293638144	524603392	87953408	15447568384
2026-09-28T07:19:41+04:00	ck9e-mirror-256k	1	4	21218095104	21867155456	17715646464	3449503744	0	87986176	726624	16906194944	16293638144	524603392	87953408	15454416896
2026-09-28T07:19:55+04:00	ck9e-mirror-256k	1	4	21218320384	21867155456	17715646464	3449503744	0	87986176	726624	16906194944	16293638144	524603392	87953408	15457771520
2026-09-28T07:20:05+04:00	ck9e-mirror-256k	1	4	21218074624	21867155456	17715646464	3449503744	0	87986176	726624	16906194944	16293638144	524603392	87953408	15471161344
2026-09-28T07:20:15+04:00	ck9e-mirror-256k	1	4	21218320384	21867155456	17715646464	3449503744	0	87986176	726624	16906194944	16293638144	524603392	87953408	15454568448
2026-09-28T07:20:29+04:00	ck9e-mirror-256k	1	4	21218340864	21867155456	17715646464	3449503744	0	87986176	726624	16906194944	16293638144	524603392	87953408	15452897280
2026-09-28T07:20:39+04:00	ck9e-mirror-256k	1	4	21218336768	21867155456	17715646464	3449503744	0	87986176	726624	16906194944	16293638144	524603392	87953408	15451545600
2026-09-28T07:20:50+04:00	ck9e-mirror-256k	1	4	21218070528	21867155456	17715646464	3449503744	0	87986176	726624	16906194944	16293638144	524603392	87953408	15459479552
2026-09-28T07:21:03+04:00	ck9e-mirror-256k	1	4	21218078720	21867155456	17715646464	3449503744	0	87986176	726624	16906194944	16293638144	524603392	87953408	15454670848
2026-09-28T07:21:14+04:00	ck9e-mirror-256k	1	4	21218336768	21867155456	17715646464	3449503744	0	87986176	726624	16906194944	16293638144	524603392	87953408	15447941120
2026-09-28T07:21:24+04:00	ck9e-mirror-256k	1	4	21218070528	21867155456	17715646464	3449503744	0	87986176	726624	16906194944	16293638144	524603392	87953408	15457071104
2026-09-28T07:21:37+04:00	ck9e-mirror-256k	1	4	21217832960	21867155456	17715646464	3449503744	0	87986176	726624	16906194944	16293638144	524603392	87953408	15445049344
2026-09-28T07:21:48+04:00	ck9e-mirror-256k	1	4	21218074624	21867155456	17715646464	3449503744	0	87986176	726624	16906194944	16293638144	524603392	87953408	15446843392
2026-09-28T07:21:58+04:00	ck9e-mirror-256k	1	4	21219459072	21867155456	17717293056	3449507840	0	87986176	726624	16906457088	16293900288	524603392	87953408	15449559040
2026-09-28T07:22:12+04:00	ck9e-mirror-256k	1	4	21220319232	21867155456	17718026240	3449602048	0	87986176	726624	16906457088	16293900288	524603392	87953408	15457509376
2026-09-28T07:22:22+04:00	ck9e-mirror-256k	1	4	21220179968	21867155456	17718030336	3449696256	0	87986176	726624	16906457088	16293900288	524603392	87953408	15468744704
2026-09-28T07:22:32+04:00	ck9e-mirror-256k	1	4	21220614144	21867155456	17718030336	3449884672	0	87986176	726624	16906457088	16293900288	524603392	87953408	15474008064
2026-09-28T07:22:46+04:00	ck9e-mirror-256k	1	4	21220622336	21867155456	17718030336	3449884672	0	87986176	726624	16906457088	16293900288	524603392	87953408	14405025792
2026-09-28T07:22:56+04:00	ck9e-mirror-256k	1	4	21246533632	21867155456	17743872000	3449978880	0	87986176	726624	16906457088	16293900288	524603392	87953408	15438893056
2026-09-28T07:23:06+04:00	ck9e-mirror-256k	1	4	21246517248	21867155456	17743872000	3449978880	0	87986176	726624	16906457088	16293900288	524603392	87953408	15435145216
2026-09-28T07:23:17+04:00	ck9e-mirror-256k	1	4	21246504960	21867155456	17743872000	3449978880	0	87986176	726624	16906457088	16293900288	524603392	87953408	14121250816
2026-09-28T07:23:30+04:00	ck9e-mirror-256k	1	4	21246504960	21867155456	17743872000	3449978880	0	87986176	726624	16906457088	16293900288	524603392	87953408	12759080960
2026-09-28T07:23:40+04:00	ck9e-mirror-256k	1	4	21246435328	21867155456	17743872000	3450073088	0	87986176	726624	16906457088	16293900288	524603392	87953408	15365488640
2026-09-28T07:24:37+04:00	ck9e-nat-whole-1	0	0	1733300224	1733562368	1633787904	87134208	0	77606912	837664	1058861056	592244736	389152768	77594624	31528914944
2026-09-28T07:24:47+04:00	ck9e-nat-whole-1	0	0	5911535616	5912322048	2026557440	3857080320	0	2767978496	837664	4153778176	982876160	403578880	2767323136	28249722880
2026-09-28T07:24:57+04:00	ck9e-nat-whole-1	0	0	21703786496	21726359552	2026967040	19595722752	0	10852253696	837664	12238430208	983531520	403578880	10851319808	20283449344
2026-09-28T07:25:11+04:00	ck9e-nat-whole-1	0	0	24502292480	24510484480	2027216896	22358786048	0	15956443136	837664	17340014592	983793664	401088512	15955132416	15177728000
2026-09-28T07:25:21+04:00	ck9e-nat-whole-1	0	0	27826298880	27827085312	2027491328	25647702016	0	21853208576	837664	23157383168	984317952	320872448	21852192768	9283850240
2026-09-28T07:25:32+04:00	ck9e-nat-whole-1	1	0	27337740288	28163117056	2992414720	24195072000	0	20375945216	837664	22577332224	1750355968	451944448	20375031808	9766334464
2026-09-28T07:25:45+04:00	ck9e-nat-whole-1	1	0	27337740288	28163117056	2992414720	24195072000	0	20375945216	837664	22577332224	1750355968	451944448	20375031808	9794068480
2026-09-28T07:25:56+04:00	ck9e-nat-whole-1	1	0	27338915840	28163117056	2992496640	24195387392	0	20375945216	837664	22577332224	1750355968	451944448	20375031808	9791356928
2026-09-28T07:26:06+04:00	ck9e-nat-whole-1	1	2	27456397312	28163117056	3085836288	24219516928	0	20375945216	837664	22585196544	1757696000	452468736	20375031808	9760727040
2026-09-28T07:26:20+04:00	ck9e-nat-whole-1	1	2	27456811008	28163117056	3086118912	24219516928	0	20375945216	837664	22585196544	1757696000	452468736	20375031808	9767903232
2026-09-28T07:26:30+04:00	ck9e-nat-whole-1	1	2	27457118208	28163117056	3086643200	24219627520	0	20375945216	837664	22585720832	1758220288	452468736	20375031808	9781407744
2026-09-28T07:26:40+04:00	ck9e-nat-whole-1	1	2	27457671168	28163117056	3087065088	24219742208	0	20375945216	837664	22585982976	1758482432	452468736	20375031808	9779957760
2026-09-28T07:26:51+04:00	ck9e-nat-whole-1	1	2	27457871872	28163117056	3087081472	24219742208	0	20375945216	837664	22585982976	1758482432	452468736	20375031808	9778438144
2026-09-28T07:27:05+04:00	ck9e-nat-whole-1	1	2	26931978240	28163117056	3087151104	23693524992	0	20375945216	837664	22578774016	1758482432	445259776	20375031808	9714053120
2026-09-28T07:27:15+04:00	ck9e-nat-whole-1	1	2	26931687424	28163117056	3087155200	23693524992	0	20375945216	837664	22578774016	1758482432	445259776	20375031808	9668898816
2026-09-28T07:27:25+04:00	ck9e-nat-whole-1	1	2	26932224000	28163117056	3087904768	23693635584	0	20375945216	837664	22579036160	1758613504	445390848	20375031808	9682657280
2026-09-28T07:27:39+04:00	ck9e-nat-whole-1	1	2	26932445184	28163117056	3087904768	23693635584	0	20375945216	837664	22579036160	1758613504	445390848	20375031808	9682108416
2026-09-28T07:28:23+04:00	ck9s-mirror-256k	0	0	346210304	346210304	234618880	108257280	0	0	851998	450265088	229146624	221511680	0	33120382976
2026-09-28T07:28:33+04:00	ck9s-mirror-256k	0	0	15870337024	15883743232	12613554176	3276673024	0	1721778176	852269	13807759360	11757252608	406601728	1721761792	18652217344
2026-09-28T07:28:47+04:00	ck9s-mirror-256k	0	0	19809906688	19810627584	16474963968	3279302656	0	1723764736	852269	17565200384	15432773632	408698880	1723727872	15065841664
2026-09-28T07:28:57+04:00	ck9s-mirror-256k	0	0	20131409920	20132982784	16738353152	3340115968	0	1723764736	852269	17931022336	15700291584	507002880	1723727872	14802268160
2026-09-28T07:29:08+04:00	ck9s-mirror-256k	0	0	18552930304	20185440256	16790945792	1712164864	0	87986176	852269	16345972736	15748919296	509100032	87953408	16402554880
2026-09-28T07:29:21+04:00	ck9s-mirror-256k	0	0	18803978240	20185440256	17037950976	1715585024	0	87986176	852269	16603791360	15995858944	519979008	87953408	16160911360
2026-09-28T07:29:32+04:00	ck9s-mirror-256k	0	0	19214036992	20185440256	17290264576	1872441344	0	87986176	852269	16862396416	16248172544	526270464	87953408	15910989824
2026-09-28T07:29:42+04:00	ck9s-mirror-256k	1	0	19625332736	20185440256	17696141312	1875406848	0	87986176	852269	17076703232	16455270400	533479424	87953408	15490650112
2026-09-28T07:29:56+04:00	ck9s-mirror-256k	1	0	19625132032	20185440256	17696141312	1875406848	0	87986176	852269	17076703232	16455270400	533479424	87953408	15493038080
2026-09-28T07:30:06+04:00	ck9s-mirror-256k	1	0	19625979904	20185440256	17696821248	1875562496	0	87986176	852269	17077227520	16455794688	533479424	87953408	15477710848
2026-09-28T07:30:16+04:00	ck9s-mirror-256k	1	0	19764105216	20185440256	17833418752	1875562496	0	87986176	852269	17078276096	16456843264	533479424	87953408	15353503744
2026-09-28T07:30:30+04:00	ck9s-mirror-256k	1	0	19764350976	20185440256	17833418752	1875562496	0	87986176	852269	17078276096	16456843264	533479424	87953408	15344787456
2026-09-28T07:30:40+04:00	ck9s-mirror-256k	1	0	19764355072	20185440256	17833422848	1875562496	0	87986176	852269	17078276096	16456843264	533479424	87953408	15345528832
2026-09-28T07:30:51+04:00	ck9s-mirror-256k	1	0	19764346880	20185440256	17833422848	1875562496	0	87986176	852269	17078276096	16456843264	533479424	87953408	15331471360
2026-09-28T07:31:01+04:00	ck9s-mirror-256k	1	0	19764596736	20185440256	17833431040	1875562496	0	87986176	852269	17078276096	16456843264	533479424	87953408	15338463232
2026-09-28T07:31:15+04:00	ck9s-mirror-256k	1	0	19764387840	20185440256	17833431040	1875562496	0	87986176	852269	17078276096	16456843264	533479424	87953408	15345860608
2026-09-28T07:31:25+04:00	ck9s-mirror-256k	1	0	19775397888	20185440256	17844506624	1875673088	0	87986176	852269	17089941504	16467853312	534134784	87953408	15345238016
2026-09-28T07:31:35+04:00	ck9s-mirror-256k	1	0	19862224896	20185440256	17916755968	1889857536	0	87986176	852269	17137586176	16514318336	535314432	87953408	15259291648
2026-09-28T07:31:49+04:00	ck9s-mirror-256k	1	0	19862208512	20185440256	17916755968	1889857536	0	87986176	852269	17137586176	16514318336	535314432	87953408	15261728768
2026-09-28T07:31:59+04:00	ck9s-mirror-256k	1	0	19862204416	20185440256	17916755968	1889857536	0	87986176	852269	17137586176	16514318336	535314432	87953408	15276171264
2026-09-28T07:32:10+04:00	ck9s-mirror-256k	1	0	19862196224	20185440256	17916755968	1889857536	0	87986176	852269	17137586176	16514318336	535314432	87953408	15279878144
2026-09-28T07:32:23+04:00	ck9s-mirror-256k	1	0	19862216704	20185440256	17916755968	1889857536	0	87986176	852269	17137586176	16514318336	535314432	87953408	15272472576
2026-09-28T07:32:34+04:00	ck9s-mirror-256k	1	0	19862216704	20185440256	17916755968	1889857536	0	87986176	852269	17137586176	16514318336	535314432	87953408	15265325056
2026-09-28T07:32:44+04:00	ck9s-mirror-256k	1	0	19862212608	20185440256	17916755968	1889857536	0	87986176	852269	17137586176	16514318336	535314432	87953408	15269212160
2026-09-28T07:32:58+04:00	ck9s-mirror-256k	1	0	19872657408	20185440256	17925496832	1891041280	0	87986176	852269	17146626048	16522702848	535969792	87953408	15265423360
2026-09-28T07:33:08+04:00	ck9s-mirror-256k	1	0	19872448512	20185440256	17925533696	1891041280	0	87986176	852269	17146626048	16522702848	535969792	87953408	15243931648
2026-09-28T07:33:18+04:00	ck9s-mirror-256k	1	0	19872739328	20185440256	17925533696	1891041280	0	87986176	852269	17146626048	16522702848	535969792	87953408	15243870208
2026-09-28T07:33:32+04:00	ck9s-mirror-256k	1	0	19872436224	20185440256	17925533696	1891041280	0	87986176	852269	17146626048	16522702848	535969792	87953408	15245148160
2026-09-28T07:33:42+04:00	ck9s-mirror-256k	1	0	19872632832	20185440256	17925533696	1891041280	0	87986176	852269	17146626048	16522702848	535969792	87953408	15214497792
2026-09-28T07:33:52+04:00	ck9s-mirror-256k	1	0	19872399360	20185440256	17925533696	1891041280	0	87986176	852269	17146626048	16522702848	535969792	87953408	15232765952
2026-09-28T07:34:06+04:00	ck9s-mirror-256k	1	0	19872718848	20185440256	17925533696	1891041280	0	87986176	852269	17146626048	16522702848	535969792	87953408	15239704576
2026-09-28T07:34:16+04:00	ck9s-mirror-256k	1	0	19872452608	20185440256	17925533696	1891041280	0	87986176	852269	17146626048	16522702848	535969792	87953408	15236550656
2026-09-28T07:34:27+04:00	ck9s-mirror-256k	1	0	19872686080	20185440256	17925533696	1891041280	0	87986176	852269	17146626048	16522702848	535969792	87953408	15226081280
2026-09-28T07:34:41+04:00	ck9s-mirror-256k	1	0	19872534528	20185440256	17925533696	1891041280	0	87986176	852269	17146626048	16522702848	535969792	87953408	15238328320
2026-09-28T07:34:51+04:00	ck9s-mirror-256k	1	0	19872481280	20185440256	17925533696	1891041280	0	87986176	852269	17146626048	16522702848	535969792	87953408	15248130048
2026-09-28T07:35:01+04:00	ck9s-mirror-256k	1	0	19872366592	20185440256	17925533696	1891041280	0	87986176	852269	17146626048	16522702848	535969792	87953408	15145832448
2026-09-28T07:35:11+04:00	ck9s-mirror-256k	1	0	19872567296	20185440256	17925533696	1891041280	0	87986176	852269	17146626048	16522702848	535969792	87953408	13815660544
2026-09-28T07:35:25+04:00	ck9s-mirror-256k	1	0	19872239616	20185440256	17925533696	1891041280	0	87986176	852269	17146626048	16522702848	535969792	87953408	12367749120
2026-09-28T07:35:36+04:00	ck9s-mirror-256k	1	0	19872464896	20185440256	17925533696	1891041280	0	87986176	852269	17146626048	16522702848	535969792	87953408	14420410368
2026-09-28T07:35:46+04:00	ck9s-mirror-256k	1	0	19872407552	20185440256	17925533696	1891041280	0	87986176	852269	17146626048	16522702848	535969792	87953408	15183728640
2026-09-28T07:36:00+04:00	ck9s-mirror-256k	1	0	19872612352	20185440256	17925533696	1891041280	0	87986176	852269	17146626048	16522702848	535969792	87953408	15109414912
2026-09-28T07:36:10+04:00	ck9s-mirror-256k	1	0	19872288768	20185440256	17925533696	1891041280	0	87986176	852269	17146626048	16522702848	535969792	87953408	15137599488
2026-09-28T07:36:20+04:00	ck9s-mirror-256k	1	0	19872231424	20185440256	17925533696	1891041280	0	87986176	852269	17146626048	16522702848	535969792	87953408	15135592448
2026-09-28T07:36:34+04:00	ck9s-mirror-256k	1	0	19872182272	20185440256	17925533696	1891041280	0	87986176	852269	17146626048	16522702848	535969792	87953408	15127273472
2026-09-28T07:36:44+04:00	ck9s-mirror-256k	1	0	19872387072	20185440256	17925533696	1891041280	0	87986176	852269	17146626048	16522702848	535969792	87953408	15124971520
2026-09-28T07:36:54+04:00	ck9s-mirror-256k	1	0	19872567296	20185440256	17925533696	1891041280	0	87986176	852269	17146626048	16522702848	535969792	87953408	15128969216
2026-09-28T07:37:08+04:00	ck9s-mirror-256k	1	0	19871985664	20185440256	17925533696	1891041280	0	87986176	852269	17146626048	16522702848	535969792	87953408	15127650304
2026-09-28T07:37:18+04:00	ck9s-mirror-256k	1	0	19872497664	20185440256	17925533696	1891041280	0	87986176	852269	17146626048	16522702848	535969792	87953408	15220097024
2026-09-28T07:37:29+04:00	ck9s-mirror-256k	1	0	19872378880	20185440256	17925533696	1891041280	0	87986176	852269	17146626048	16522702848	535969792	87953408	15217197056
2026-09-28T07:37:43+04:00	ck9s-mirror-256k	1	0	19872604160	20185440256	17925533696	1891041280	0	87986176	852269	17146626048	16522702848	535969792	87953408	15224811520
2026-09-28T07:37:53+04:00	ck9s-mirror-256k	1	0	19872518144	20185440256	17925533696	1891041280	0	87986176	852269	17146626048	16522702848	535969792	87953408	15222018048
2026-09-28T07:38:03+04:00	ck9s-mirror-256k	1	0	19872010240	20185440256	17925533696	1891041280	0	87986176	852269	17146626048	16522702848	535969792	87953408	15219789824
2026-09-28T07:38:17+04:00	ck9s-mirror-256k	1	0	19872440320	20185440256	17925533696	1891041280	0	87986176	852269	17146626048	16522702848	535969792	87953408	15231438848
2026-09-28T07:38:27+04:00	ck9s-mirror-256k	1	0	19872620544	20185440256	17925533696	1891041280	0	87986176	852269	17146626048	16522702848	535969792	87953408	15219564544
2026-09-28T07:38:37+04:00	ck9s-mirror-256k	1	0	19872321536	20185440256	17925533696	1891041280	0	87986176	852269	17146626048	16522702848	535969792	87953408	15180992512
2026-09-28T07:38:51+04:00	ck9s-mirror-256k	1	0	19872006144	20185440256	17925533696	1891041280	0	87986176	852269	17146626048	16522702848	535969792	87953408	15125856256
2026-09-28T07:39:01+04:00	ck9s-mirror-256k	1	0	19871944704	20185440256	17925533696	1891041280	0	87986176	852269	17146626048	16522702848	535969792	87953408	15131136000
2026-09-28T07:39:12+04:00	ck9s-mirror-256k	1	0	19872673792	20185440256	17925533696	1891041280	0	87986176	852269	17146626048	16522702848	535969792	87953408	15135301632
2026-09-28T07:39:22+04:00	ck9s-mirror-256k	1	0	19872108544	20185440256	17925533696	1891041280	0	87986176	852269	17146626048	16522702848	535969792	87953408	15123791872
2026-09-28T07:39:36+04:00	ck9s-mirror-256k	1	0	19872301056	20185440256	17925533696	1891041280	0	87986176	852269	17146626048	16522702848	535969792	87953408	15120224256
2026-09-28T07:39:46+04:00	ck9s-mirror-256k	1	0	19873763328	20185440256	17927106560	1891045376	0	87986176	852269	17147695104	16523771904	535969792	87953408	15117058048
2026-09-28T07:39:56+04:00	ck9s-mirror-256k	1	0	19873529856	20185440256	17927106560	1891045376	0	87986176	852269	17147695104	16523771904	535969792	87953408	15215026176
2026-09-28T07:40:10+04:00	ck9s-mirror-256k	1	0	19875233792	20185440256	17928806400	1891045376	0	87986176	852269	17148862464	16524939264	535969792	87953408	15202697216
2026-09-28T07:40:20+04:00	ck9s-mirror-256k	1	0	19875737600	20185440256	17929310208	1891045376	0	87986176	852269	17148862464	16524939264	535969792	87953408	15210110976
2026-09-28T07:40:30+04:00	ck9s-mirror-256k	1	0	19875741696	20185440256	17929314304	1891045376	0	87986176	852269	17148862464	16524939264	535969792	87953408	15223279616
2026-09-28T07:40:44+04:00	ck9s-mirror-256k	1	0	19876503552	20185440256	17929314304	1891045376	0	87986176	852269	17148862464	16524939264	535969792	87953408	15208398848
2026-09-28T07:40:54+04:00	ck9s-mirror-256k	1	0	19876163584	20185440256	17929314304	1891045376	0	87986176	852269	17148862464	16524939264	535969792	87953408	15212040192
2026-09-28T07:41:05+04:00	ck9s-mirror-256k	1	0	19876143104	20185440256	17929314304	1891045376	0	87986176	852269	17148862464	16524939264	535969792	87953408	15205306368
2026-09-28T07:41:18+04:00	ck9s-mirror-256k	1	0	19876020224	20185440256	17929314304	1891045376	0	87986176	852269	17148862464	16524939264	535969792	87953408	15211864064
2026-09-28T07:41:28+04:00	ck9s-mirror-256k	1	0	19875979264	20185440256	17929314304	1891045376	0	87986176	852269	17148862464	16524939264	535969792	87953408	15212187648
2026-09-28T07:41:38+04:00	ck9s-mirror-256k	1	0	19876458496	20185440256	17929314304	1891045376	0	87986176	852269	17148862464	16524939264	535969792	87953408	15210774528
2026-09-28T07:41:52+04:00	ck9s-mirror-256k	1	0	19876143104	20185440256	17929314304	1891045376	0	87986176	852269	17148862464	16524939264	535969792	87953408	15194820608
2026-09-28T07:42:02+04:00	ck9s-mirror-256k	1	0	19876352000	20185440256	17929314304	1891045376	0	87986176	852269	17148862464	16524939264	535969792	87953408	15199313920
2026-09-28T07:42:13+04:00	ck9s-mirror-256k	1	0	19876233216	20185440256	17929314304	1891045376	0	87986176	852269	17148862464	16524939264	535969792	87953408	15204208640
2026-09-28T07:42:26+04:00	ck9s-mirror-256k	1	0	19876249600	20185440256	17929314304	1891045376	0	87986176	852269	17148862464	16524939264	535969792	87953408	15189712896
2026-09-28T07:42:37+04:00	ck9s-mirror-256k	1	0	19876196352	20185440256	17929314304	1891045376	0	87986176	852269	17148862464	16524939264	535969792	87953408	15204716544
2026-09-28T07:42:47+04:00	ck9s-mirror-256k	1	0	19876114432	20185440256	17929314304	1891045376	0	87986176	852269	17148862464	16524939264	535969792	87953408	15210565632
2026-09-28T07:43:01+04:00	ck9s-mirror-256k	1	0	19875811328	20185440256	17929314304	1891045376	0	87986176	852269	17148862464	16524939264	535969792	87953408	15197585408
2026-09-28T07:43:11+04:00	ck9s-mirror-256k	1	0	19876020224	20185440256	17929314304	1891045376	0	87986176	852269	17148862464	16524939264	535969792	87953408	15211225088
2026-09-28T07:43:21+04:00	ck9s-mirror-256k	1	0	19876229120	20185440256	17929314304	1891045376	0	87986176	852269	17148862464	16524939264	535969792	87953408	14361382912
2026-09-28T07:43:31+04:00	ck9s-mirror-256k	1	0	19876163584	20185440256	17929314304	1891045376	0	87986176	852269	17148862464	16524939264	535969792	87953408	13349548032
2026-09-28T07:43:45+04:00	ck9s-mirror-256k	1	0	19875864576	20185440256	17929314304	1891045376	0	87986176	852269	17148862464	16524939264	535969792	87953408	11568672768
2026-09-28T07:43:55+04:00	ck9s-mirror-256k	1	0	19874922496	20185440256	17929314304	1889865728	0	87986176	852269	17148862464	16524939264	535969792	87953408	15132913664
2026-09-28T07:44:06+04:00	ck9s-mirror-256k	1	0	19875106816	20185440256	17929314304	1889865728	0	87986176	852269	17148862464	16524939264	535969792	87953408	14690971648
2026-09-28T07:44:19+04:00	ck9s-mirror-256k	1	0	19875049472	20185440256	17929347072	1889865728	0	87986176	852269	17148862464	16524939264	535969792	87953408	14348734464
2026-09-28T07:44:30+04:00	ck9s-mirror-256k	1	0	19875000320	20185440256	17929347072	1889865728	0	87986176	852269	17148862464	16524939264	535969792	87953408	13400940544
2026-09-28T07:44:40+04:00	ck9s-mirror-256k	1	0	19874942976	20185440256	17929347072	1889865728	0	87986176	852269	17148862464	16524939264	535969792	87953408	11679342592
2026-09-28T07:44:54+04:00	ck9s-mirror-256k	1	0	19875151872	20185440256	17929347072	1889865728	0	87986176	852269	17148862464	16524939264	535969792	87953408	14018203648
2026-09-28T07:45:04+04:00	ck9s-mirror-256k	1	0	19874787328	20185440256	17929347072	1889865728	0	87986176	852269	17148862464	16524939264	535969792	87953408	15043137536
2026-09-28T07:45:14+04:00	ck9s-mirror-256k	1	0	19874996224	20185440256	17929367552	1889865728	0	87986176	852269	17148862464	16524939264	535969792	87953408	15046926336
2026-09-28T07:45:27+04:00	ck9s-mirror-256k	1	0	19874947072	20185440256	17929461760	1889865728	0	87986176	852269	17148993536	16525070336	535969792	87953408	15053946880
2026-09-28T07:45:38+04:00	ck9s-mirror-256k	1	0	19875405824	20185440256	17929572352	1889865728	0	87986176	852269	17149124608	16525201408	535969792	87953408	15052537856
2026-09-28T07:45:48+04:00	ck9s-mirror-256k	1	0	19875106816	20185440256	17929699328	1889865728	0	87986176	852269	17149255680	16525332480	535969792	87953408	15049801728
2026-09-28T07:46:02+04:00	ck9s-mirror-256k	1	0	19875573760	20185440256	17929797632	1889865728	0	87986176	852269	17149255680	16525332480	535969792	87953408	15042555904
2026-09-28T07:46:12+04:00	ck9s-mirror-256k	1	0	19875545088	20185440256	17929908224	1889865728	0	87986176	852269	17149386752	16525463552	535969792	87953408	15068200960
2026-09-28T07:46:22+04:00	ck9s-mirror-256k	1	0	19875475456	20185440256	17930014720	1889865728	0	87986176	852269	17149517824	16525594624	535969792	87953408	15071064064
2026-09-28T07:46:36+04:00	ck9s-mirror-256k	1	0	19876184064	20185440256	17930129408	1889865728	0	87986176	852269	17149648896	16525725696	535969792	87953408	15138512896
2026-09-28T07:46:46+04:00	ck9s-mirror-256k	1	0	19875897344	20185440256	17930227712	1889865728	0	87986176	852269	17149779968	16525856768	535969792	87953408	15072464896
2026-09-28T07:46:56+04:00	ck9s-mirror-256k	1	0	19876110336	20185440256	17930342400	1889865728	0	87986176	852269	17149911040	16525987840	535969792	87953408	15046336512
2026-09-28T07:47:10+04:00	ck9s-mirror-256k	1	0	19876294656	20185440256	17930465280	1889865728	0	87986176	852269	17150042112	16526118912	535969792	87953408	15038205952
2026-09-28T07:47:20+04:00	ck9s-mirror-256k	1	0	19876552704	20185440256	17930563584	1889865728	0	87986176	852269	17150042112	16526118912	535969792	87953408	15037628416
2026-09-28T07:47:31+04:00	ck9s-mirror-256k	1	0	19875958784	20185440256	17930682368	1889865728	0	87986176	852269	17150173184	16526249984	535969792	87953408	15026184192
2026-09-28T07:47:41+04:00	ck9s-mirror-256k	1	0	19876696064	20185440256	17930776576	1889865728	0	87986176	852269	17150304256	16526381056	535969792	87953408	15025410048
2026-09-28T07:47:55+04:00	ck9s-mirror-256k	1	0	19876405248	20185440256	17930903552	1889865728	0	87986176	852269	17150435328	16526512128	535969792	87953408	15017082880
2026-09-28T07:48:05+04:00	ck9s-mirror-256k	1	0	19876839424	20185440256	17931022336	1889865728	0	87986176	852269	17150566400	16526643200	535969792	87953408	15052640256
2026-09-28T07:48:15+04:00	ck9s-mirror-256k	1	0	19878776832	20185440256	17933516800	1889865728	0	87986176	852269	17151983616	16528060416	535969792	87953408	15018143744
2026-09-28T07:48:29+04:00	ck9s-mirror-256k	1	0	19879260160	20185440256	17933524992	1889865728	0	87986176	852269	17151983616	16528060416	535969792	87953408	15115378688
2026-09-28T07:48:39+04:00	ck9s-mirror-256k	1	0	19879714816	20185440256	17933524992	1889865728	0	87986176	852269	17151983616	16528060416	535969792	87953408	13718343680
2026-09-28T07:48:50+04:00	ck9s-mirror-256k	1	0	19879432192	20185440256	17933524992	1889865728	0	87986176	852269	17151983616	16528060416	535969792	87953408	13692366848
2026-09-28T07:49:03+04:00	ck9s-mirror-256k	1	0	19878985728	20185440256	17933524992	1889865728	0	87986176	852269	17151983616	16528060416	535969792	87953408	15018999808
2026-09-28T07:49:14+04:00	ck9s-mirror-256k	1	0	19879227392	20185440256	17933524992	1889865728	0	87986176	852269	17151983616	16528060416	535969792	87953408	15007641600
2026-09-28T07:49:24+04:00	ck9s-mirror-256k	1	0	19878985728	20185440256	17933529088	1889865728	0	87986176	852269	17151983616	16528060416	535969792	87953408	15000641536
2026-09-28T07:49:38+04:00	ck9s-mirror-256k	1	0	19879198720	20185440256	17933529088	1889865728	0	87986176	852269	17151983616	16528060416	535969792	87953408	15009304576
2026-09-28T07:49:48+04:00	ck9s-mirror-256k	1	0	19879018496	20185440256	17933529088	1889865728	0	87986176	852269	17151983616	16528060416	535969792	87953408	15011807232
2026-09-28T07:49:58+04:00	ck9s-mirror-256k	1	0	19879026688	20185440256	17933529088	1889865728	0	87986176	852269	17151983616	16528060416	535969792	87953408	15017152512
2026-09-28T07:50:12+04:00	ck9s-mirror-256k	1	0	19879268352	20185440256	17933529088	1889865728	0	87986176	852269	17151983616	16528060416	535969792	87953408	15036653568
2026-09-28T07:50:22+04:00	ck9s-mirror-256k	1	0	19879284736	20185440256	17933529088	1889865728	0	87986176	852269	17151983616	16528060416	535969792	87953408	15097626624
2026-09-28T07:50:32+04:00	ck9s-mirror-256k	1	0	19879530496	20185440256	17933529088	1889865728	0	87986176	852269	17151983616	16528060416	535969792	87953408	15106363392
2026-09-28T07:50:46+04:00	ck9s-mirror-256k	1	0	19879550976	20185440256	17933529088	1889865728	0	87986176	852269	17151983616	16528060416	535969792	87953408	15110381568
2026-09-28T07:50:57+04:00	ck9s-mirror-256k	1	0	19879292928	20185440256	17933529088	1889865728	0	87986176	852269	17151983616	16528060416	535969792	87953408	15097511936
2026-09-28T07:51:07+04:00	ck9s-mirror-256k	1	0	19879284736	20185440256	17933529088	1889865728	0	87986176	852269	17151983616	16528060416	535969792	87953408	15103614976
2026-09-28T07:51:21+04:00	ck9s-mirror-256k	1	0	19879530496	20185440256	17933529088	1889865728	0	87986176	852269	17151983616	16528060416	535969792	87953408	15115509760
2026-09-28T07:51:31+04:00	ck9s-mirror-256k	1	0	19879284736	20185440256	17933529088	1889865728	0	87986176	852269	17151983616	16528060416	535969792	87953408	13063364608
2026-09-28T07:51:41+04:00	ck9s-mirror-256k	1	0	19855462400	20185440256	17933537280	1866072064	0	87986176	852269	17151983616	16528060416	535969792	87953408	12950200320
2026-09-28T07:51:51+04:00	ck9s-mirror-256k	1	0	19648946176	20185440256	17933606912	1659723776	0	87986176	852269	17152114688	16528191488	535969792	87953408	15128449024
2026-09-28T07:52:05+04:00	ck9s-mirror-256k	1	0	19648946176	20185440256	17933676544	1659723776	0	87986176	852269	17152114688	16528191488	535969792	87953408	15090458624
2026-09-28T07:52:16+04:00	ck9s-mirror-256k	1	0	19649343488	20185440256	17933750272	1659723776	0	87986176	852269	17152245760	16528322560	535969792	87953408	15085174784
2026-09-28T07:52:26+04:00	ck9s-mirror-256k	1	0	19649437696	20185440256	17933828096	1659723776	0	87986176	852269	17152376832	16528453632	535969792	87953408	15074672640
2026-09-28T07:52:40+04:00	ck9s-mirror-256k	1	0	19648983040	20185440256	17933893632	1659723776	0	87986176	852269	17152376832	16528453632	535969792	87953408	15038861312
2026-09-28T07:52:50+04:00	ck9s-mirror-256k	1	0	19649552384	20185440256	17933967360	1659723776	0	87986176	852269	17152376832	16528453632	535969792	87953408	15003062272
2026-09-28T07:53:00+04:00	ck9s-mirror-256k	1	0	19649880064	20185440256	17934045184	1659723776	0	87986176	852269	17152507904	16528584704	535969792	87953408	15064150016
2026-09-28T07:53:14+04:00	ck9s-mirror-256k	1	0	19650252800	20185440256	17934905344	1659723776	0	87986176	852269	17153425408	16529502208	535969792	87953408	15019413504
2026-09-28T07:53:24+04:00	ck9s-mirror-256k	1	0	19650510848	20185440256	17934905344	1659723776	0	87986176	852269	17153425408	16529502208	535969792	87953408	15080448000
2026-09-28T07:53:35+04:00	ck9s-mirror-256k	1	0	19650490368	20185440256	17934905344	1659723776	0	87986176	852269	17153425408	16529502208	535969792	87953408	15082405888
2026-09-28T07:53:49+04:00	ck9s-mirror-256k	1	0	19650502656	20185440256	17934905344	1659723776	0	87986176	852269	17153425408	16529502208	535969792	87953408	15068209152
2026-09-28T07:53:59+04:00	ck9s-mirror-256k	1	0	19650256896	20185440256	17934905344	1659723776	0	87986176	852269	17153425408	16529502208	535969792	87953408	15029952512
2026-09-28T07:54:09+04:00	ck9s-mirror-256k	1	0	19650252800	20185440256	17934905344	1659723776	0	87986176	852269	17153425408	16529502208	535969792	87953408	14984704000
2026-09-28T07:54:23+04:00	ck9s-mirror-256k	1	0	19650248704	20185440256	17934905344	1659723776	0	87986176	852269	17153425408	16529502208	535969792	87953408	14984945664
2026-09-28T07:54:33+04:00	ck9s-mirror-256k	1	0	19650576384	20185440256	17934966784	1659723776	0	87986176	852269	17153556480	16529633280	535969792	87953408	14971539456
2026-09-28T07:54:44+04:00	ck9s-mirror-256k	1	0	19650609152	20185440256	17935052800	1659723776	0	87986176	852269	17153687552	16529764352	535969792	87953408	15115776000
2026-09-28T07:54:58+04:00	ck9s-mirror-256k	1	0	19650727936	20185440256	17935122432	1659723776	0	87986176	852269	17153687552	16529764352	535969792	87953408	15192846336
2026-09-28T07:55:08+04:00	ck9s-mirror-256k	1	0	19651031040	20185440256	17935200256	1659723776	0	87986176	852269	17153818624	16529895424	535969792	87953408	15188652032
2026-09-28T07:55:18+04:00	ck9s-mirror-256k	1	0	19650572288	20185440256	17935286272	1659723776	0	87986176	852269	17153818624	16529895424	535969792	87953408	15201378304
2026-09-28T07:55:32+04:00	ck9s-mirror-256k	1	0	19651047424	20185440256	17935376384	1659723776	0	87986176	852269	17153949696	16530026496	535969792	87953408	15186763776
2026-09-28T07:55:42+04:00	ck9s-mirror-256k	1	0	19651002368	20185440256	17935462400	1659723776	0	87986176	852269	17154080768	16530157568	535969792	87953408	15189245952
2026-09-28T07:55:52+04:00	ck9s-mirror-256k	1	0	19651145728	20185440256	17935540224	1659723776	0	87986176	852269	17154080768	16530157568	535969792	87953408	15184404480
2026-09-28T07:56:03+04:00	ck9s-mirror-256k	1	0	19651411968	20185440256	17935568896	1659723776	0	87986176	852269	17154080768	16530157568	535969792	87953408	15181320192
2026-09-28T07:56:16+04:00	ck9s-mirror-256k	1	0	19650863104	20185440256	17935568896	1659723776	0	87986176	852269	17154080768	16530157568	535969792	87953408	15190712320
2026-09-28T07:56:27+04:00	ck9s-mirror-256k	1	0	19651338240	20185440256	17935568896	1659723776	0	87986176	852269	17154080768	16530157568	535969792	87953408	15185162240
2026-09-28T07:56:37+04:00	ck9s-mirror-256k	1	0	19651051520	20185440256	17935568896	1659723776	0	87986176	852269	17154080768	16530157568	535969792	87953408	15188570112
2026-09-28T07:56:51+04:00	ck9s-mirror-256k	1	0	19651006464	20185440256	17935568896	1659723776	0	87986176	852269	17154080768	16530157568	535969792	87953408	15180263424
2026-09-28T07:57:01+04:00	ck9s-mirror-256k	1	0	19651231744	20185440256	17935568896	1659723776	0	87986176	852269	17154080768	16530157568	535969792	87953408	15184351232
2026-09-28T07:57:11+04:00	ck9s-mirror-256k	1	0	19650932736	20185440256	17935568896	1659723776	0	87986176	852269	17154080768	16530157568	535969792	87953408	15174086656
2026-09-28T07:57:25+04:00	ck9s-mirror-256k	1	0	19651141632	20185440256	17935568896	1659723776	0	87986176	852269	17154080768	16530157568	535969792	87953408	15188975616
2026-09-28T07:57:36+04:00	ck9s-mirror-256k	1	0	19651366912	20185440256	17935568896	1659723776	0	87986176	852269	17154080768	16530157568	535969792	87953408	15183265792
2026-09-28T07:57:46+04:00	ck9s-mirror-256k	1	0	19651121152	20185440256	17935568896	1659723776	0	87986176	852269	17154080768	16530157568	535969792	87953408	15179149312
2026-09-28T07:58:00+04:00	ck9s-mirror-256k	1	0	19650916352	20185440256	17935568896	1659723776	0	87986176	852269	17154080768	16530157568	535969792	87953408	15181275136
2026-09-28T07:58:10+04:00	ck9s-mirror-256k	1	0	19650658304	20185440256	17935568896	1659723776	0	87986176	852269	17154080768	16530157568	535969792	87953408	15039787008
2026-09-28T07:58:20+04:00	ck9s-mirror-256k	1	0	19650912256	20185440256	17935568896	1659723776	0	87986176	852269	17154080768	16530157568	535969792	87953408	15026180096
2026-09-28T07:58:34+04:00	ck9s-mirror-256k	1	0	19652427776	20185440256	17937080320	1659727872	0	87986176	852269	17154080768	16530157568	535969792	87953408	15032832000
2026-09-28T07:58:44+04:00	ck9s-mirror-256k	1	0	19652935680	20185440256	17937813504	1659727872	0	87986176	852269	17154080768	16530157568	535969792	87953408	15018762240
2026-09-28T07:58:54+04:00	ck9s-mirror-256k	1	0	19652935680	20185440256	17937813504	1659727872	0	87986176	852269	17154080768	16530157568	535969792	87953408	15030300672
2026-09-28T07:59:08+04:00	ck9s-mirror-256k	1	0	19653169152	20185440256	17937813504	1659727872	0	87986176	852269	17154080768	16530157568	535969792	87953408	15032418304
2026-09-28T07:59:19+04:00	ck9s-mirror-256k	1	0	19652927488	20185440256	17937805312	1659727872	0	87986176	852269	17154080768	16530157568	535969792	87953408	15018684416
2026-09-28T07:59:29+04:00	ck9s-mirror-256k	1	0	19648090112	20185440256	17932898304	1659801600	0	87986176	852269	17154211840	16530157568	536100864	87953408	15017414656
2026-09-28T07:59:43+04:00	ck9s-mirror-256k	1	0	19648086016	20185440256	17932898304	1659801600	0	87986176	852269	17154211840	16530157568	536100864	87953408	14973448192
2026-09-28T07:59:53+04:00	ck9s-mirror-256k	1	0	19648090112	20185440256	17932898304	1659801600	0	87986176	852269	17154211840	16530157568	536100864	87953408	15020097536
2026-09-28T08:00:03+04:00	ck9s-mirror-256k	1	0	19648094208	20185440256	17932898304	1659801600	0	87986176	852269	17154211840	16530157568	536100864	87953408	15022096384
2026-09-28T08:00:13+04:00	ck9s-mirror-256k	1	0	19648348160	20185440256	17932898304	1659801600	0	87986176	852269	17154211840	16530157568	536100864	87953408	15020175360
2026-09-28T08:00:27+04:00	ck9s-mirror-256k	1	0	19741044736	20185440256	18021433344	1664065536	0	87986176	852269	17163911168	16539856896	536100864	87953408	14943080448
2026-09-28T08:00:37+04:00	ck9e-nat-mirror-1	0	0	880545792	881070080	837136384	37240832	0	12288	980625	703889408	422084608	281804800	0	32285106176
2026-09-28T08:00:47+04:00	ck9e-nat-mirror-1	0	0	18542579712	18543636480	16392089600	2100682752	0	1723764736	980733	17480581120	15348944896	407908352	1723727872	14951649280
2026-09-28T08:01:01+04:00	ck9e-nat-mirror-1	0	0	18634645504	18646081536	16478642176	2105921536	0	1723764736	980733	17571020800	15435452416	411840512	1723727872	14843985920
2026-09-28T08:01:11+04:00	ck9e-nat-mirror-1	0	0	17312960512	18945437696	16795639808	473268224	0	87986176	980733	16350347264	15752515584	509882368	87949312	16179220480
2026-09-28T08:01:22+04:00	ck9e-nat-mirror-1	0	0	17312968704	18945437696	16795648000	473268224	0	87986176	980733	16350347264	15752515584	509882368	87949312	16171827200
2026-09-28T08:01:35+04:00	ck9e-nat-mirror-1	0	0	17560915968	18945437696	17043001344	473272320	0	87986176	980733	16608952320	15999979520	521023488	87949312	15926788096
2026-09-28T08:01:46+04:00	ck9e-nat-mirror-1	0	0	17573339136	18945437696	17055358976	473276416	0	87986176	980733	16621928448	16012300288	521678848	87949312	15885840384
2026-09-28T08:01:56+04:00	ck9e-nat-mirror-1	1	0	17977909248	18945437696	17457721344	473288704	0	87986176	980733	16832389120	16215552000	528887808	87949312	15493996544
2026-09-28T08:02:10+04:00	ck9e-nat-mirror-1	1	0	17977909248	18945437696	17457721344	473288704	0	87986176	980733	16832389120	16215552000	528887808	87949312	15494385664
2026-09-28T08:02:20+04:00	ck9e-nat-mirror-1	1	2	18071359488	18945437696	17550528512	473288704	0	87986176	980733	16839991296	16222498816	529543168	87949312	15392210944
2026-09-28T08:02:30+04:00	ck9e-nat-mirror-1	1	2	18071924736	18945437696	17550991360	473288704	0	87986176	980733	16839991296	16222498816	529543168	87949312	15396057088
2026-09-28T08:02:44+04:00	ck9e-nat-mirror-1	1	2	18071851008	18945437696	17551196160	473288704	0	87986176	980733	16839991296	16222498816	529543168	87949312	15396241408
2026-09-28T08:02:54+04:00	ck9e-nat-mirror-1	1	2	18063347712	18945437696	17551208448	465035264	0	87986176	980733	16839991296	16222498816	529543168	87949312	15348686848
2026-09-28T08:03:05+04:00	ck9e-nat-mirror-1	1	2	18063802368	18945437696	17551585280	465113088	0	87986176	980733	16840253440	16222760960	529543168	87949312	15230353408
2026-09-28T08:03:18+04:00	ck9e-nat-mirror-1	1	2	18064068608	18945437696	17551589376	465113088	0	87986176	980733	16840253440	16222760960	529543168	87949312	15217364992
2026-09-28T08:03:29+04:00	ck9e-nat-mirror-1	1	2	18064134144	18945437696	17551667200	465113088	0	87986176	980733	16840253440	16222760960	529543168	87949312	15242854400
2026-09-28T08:03:39+04:00	ck9e-nat-mirror-1	1	2	18063884288	18945437696	17551671296	465113088	0	87986176	980733	16840253440	16222760960	529543168	87949312	15242776576
2026-09-28T08:03:49+04:00	ck9e-nat-mirror-1	1	2	18065235968	18945437696	17552658432	465113088	0	87986176	980733	16840646656	16223154176	529543168	87949312	15248973824
2026-09-28T08:04:03+04:00	ck9e-nat-mirror-1	1	2	18065235968	18945437696	17552658432	465113088	0	87986176	980733	16840646656	16223154176	529543168	87949312	15245357056
2026-09-28T08:04:13+04:00	ck9e-nat-mirror-1	1	2	18064986112	18945437696	17552666624	465113088	0	87986176	980733	16840646656	16223154176	529543168	87949312	15415554048
2026-09-28T08:04:23+04:00	ck9s-nat-whole-1	0	0	823046144	825929728	822591488	704512	0	12288	996107	704086016	422150144	281935872	0	32251478016
2026-09-28T08:04:37+04:00	ck9s-nat-whole-1	0	0	5591597056	5591597056	2027081728	3536719872	0	2609463296	996344	4000411648	984690688	407650304	2608070656	27752996864
2026-09-28T08:04:47+04:00	ck9s-nat-whole-1	0	0	19159089152	19159351296	2027515904	17051631616	0	10883956736	996344	12275904512	985346048	407650304	10882908160	19518803968
2026-09-28T08:04:58+04:00	ck9s-nat-whole-1	0	0	24978841600	24981676032	2027917312	22821793792	0	19126747136	996344	20443918336	985739264	332546048	19157221376	11231338496
2026-09-28T08:05:11+04:00	ck9s-nat-whole-1	0	0	26760994816	27727536128	2803998720	23814344704	0	20375945216	996344	22527807488	1761771520	391004160	20375031808	9215279104
2026-09-28T08:05:22+04:00	ck9s-nat-whole-1	1	0	27162525696	27727536128	3232796672	23784738816	0	20375945216	996344	22764908544	1990352896	399523840	20375031808	8786092032
2026-09-28T08:05:32+04:00	ck9s-nat-whole-1	1	0	27162525696	27727536128	3232796672	23784738816	0	20375945216	996344	22764908544	1990352896	399523840	20375031808	8785756160
2026-09-28T08:05:46+04:00	ck9s-nat-whole-1	1	0	27280809984	27727536128	3323457536	23811366912	0	20375945216	996344	22771331072	1996251136	400048128	20375031808	8897359872
2026-09-28T08:05:56+04:00	ck9s-nat-whole-1	1	0	26610438144	27727536128	3240165376	23220686848	0	20375945216	996344	22767267840	1996251136	395984896	20375031808	8545103872
2026-09-28T08:06:07+04:00	ck9s-nat-whole-1	1	0	26610577408	27727536128	3240333312	23220948992	0	20375945216	996344	22767529984	1996251136	396247040	20375031808	8538435584
2026-09-28T08:06:20+04:00	ck9s-nat-whole-1	1	0	26610782208	27727536128	3240345600	23220948992	0	20375945216	996344	22767529984	1996251136	396247040	20375031808	8541745152
2026-09-28T08:06:30+04:00	ck9s-nat-whole-1	1	0	26610356224	27727536128	3240468480	23220953088	0	20375945216	996344	22767529984	1996251136	396247040	20375031808	8544825344
2026-09-28T08:06:41+04:00	ck9s-nat-whole-1	1	0	26610540544	27727536128	3240476672	23220953088	0	20375945216	996344	22767529984	1996251136	396247040	20375031808	8549851136
2026-09-28T08:06:53+04:00	ck9s-nat-whole-1	1	0	26611052544	27727536128	3240546304	23220953088	0	20375945216	996344	22767529984	1996251136	396247040	20375031808	8555565056
2026-09-28T08:07:03+04:00	ck9s-nat-whole-1	1	0	26611236864	27727536128	3241267200	23220965376	0	20375945216	996344	22767661056	1996382208	396247040	20375031808	9380311040
2026-09-28T08:07:14+04:00	ck9s-nat-whole-1	1	0	26611683328	27727536128	3241267200	23220965376	0	20375945216	996344	22767661056	1996382208	396247040	20375031808	9364439040
2026-09-28T08:07:27+04:00	ck9s-nat-whole-1	1	0	26611154944	27727536128	3241275392	23220965376	0	20375945216	996344	22767661056	1996382208	396247040	20375031808	9361649664
2026-09-28T08:07:47+04:00	cn-w1	0	0	4159959040	4159959040	1878073344	2258698240	0	1163472896	1008459	3423592448	835584000	1421860864	1175584768	30019321856
2026-09-28T08:08:00+04:00	cn-w1	0	0	20741267456	20741267456	2022232064	18659016704	0	9171992576	1008459	10555944960	978817024	406151168	9170976768	21862047744
2026-09-28T08:08:10+04:00	cn-w1	0	0	28541943808	28558467072	2022682624	26412695552	0	18112249856	1008459	19496235008	979341312	405757952	18111135744	12938530816
2026-09-28T08:08:21+04:00	cn-w1	0	0	28830175232	29785579520	2802581504	25901076480	0	20375945216	1008459	22621683712	1759432704	487284736	20374966272	9890390016
2026-09-28T08:08:31+04:00	cn-w1	1	0	29358120960	29785579520	3312742400	25916407808	0	20375945216	1008459	22854836224	1984983040	494886912	20374966272	9377402880
2026-09-28T08:08:44+04:00	cn-w1	1	0	29358120960	29785579520	3312742400	25916407808	0	20375945216	1008459	22854836224	1984983040	494886912	20374966272	9376370688
2026-09-28T08:08:55+04:00	cn-w1	1	0	29492822016	29785579520	3445526528	25916596224	0	20375945216	1008459	22855884800	1986031616	494886912	20374966272	9233268736
2026-09-28T08:09:05+04:00	cn-w1	1	0	29492801536	29785579520	3445526528	25916596224	0	20375945216	1008459	22855884800	1986031616	494886912	20374966272	9226866688
2026-09-28T08:09:18+04:00	cn-w1	1	0	29492805632	29785579520	3445526528	25916596224	0	20375945216	1008459	22855884800	1986031616	494886912	20374966272	9215860736
2026-09-28T08:09:28+04:00	cn-w1	1	0	29492801536	29785579520	3445526528	25916596224	0	20375945216	1008459	22855884800	1986031616	494886912	20374966272	9231220736
2026-09-28T08:09:39+04:00	cn-w1	1	0	29492793344	29785579520	3445526528	25916596224	0	20375945216	1008459	22855884800	1986031616	494886912	20374966272	9231335424
2026-09-28T08:09:52+04:00	cn-w1	1	0	29492621312	29785579520	3445526528	25916596224	0	20375945216	1008459	22855884800	1986031616	494886912	20374966272	9233371136
2026-09-28T08:10:02+04:00	cn-w1	1	0	29492621312	29785579520	3445526528	25916596224	0	20375945216	1008459	22855884800	1986031616	494886912	20374966272	9235316736
2026-09-28T08:10:12+04:00	cn-w1	1	0	29595332608	29785579520	3570061312	25894346752	0	20375945216	1008459	22915452928	2044026880	496459776	20374966272	9112772608
2026-09-28T08:10:25+04:00	cn-w1	1	0	29595484160	29785579520	3570061312	25894346752	0	20375945216	1008459	22915452928	2044026880	496459776	20374966272	9102311424
2026-09-28T08:10:36+04:00	cn-w1	1	0	29595480064	29785579520	3570061312	25894346752	0	20375945216	1008459	22915452928	2044026880	496459776	20374966272	9113808896
2026-09-28T08:10:46+04:00	cn-w1	1	0	29595467776	29785579520	3570061312	25894346752	0	20375945216	1008459	22915452928	2044026880	496459776	20374966272	9111891968
2026-09-28T08:10:59+04:00	cn-w1	1	0	29585092608	29785579520	3570061312	25883975680	0	20375945216	1008459	22915452928	2044026880	496459776	20374966272	9104334848
2026-09-28T08:11:10+04:00	cn-w1	1	0	29585084416	29785579520	3570061312	25883975680	0	20375945216	1008459	22915452928	2044026880	496459776	20374966272	9103683584
2026-09-28T08:11:20+04:00	cn-w1	1	0	29580840960	29785579520	3570061312	25879736320	0	20375945216	1008459	22915452928	2044026880	496459776	20374966272	9111609344
2026-09-28T08:11:33+04:00	cn-w1	1	0	28820918272	29785579520	3578449920	25111650304	0	20375945216	1008459	22918410240	2052489216	490954752	20374966272	8536211456
2026-09-28T08:12:26+04:00	ck9e-nat-whole-2	0	0	6162972672	6163496960	1994190848	4144963584	0	1753481216	1023333	3110600704	955232256	403329024	1753350144	28983394304
2026-09-28T08:12:36+04:00	ck9e-nat-whole-2	0	0	15666855936	15666855936	2027937792	13586305024	0	6504734720	1023333	7894990848	984723456	403460096	6507724800	24568160256
2026-09-28T08:12:50+04:00	ck9e-nat-whole-2	0	0	21976920064	21998055424	2028167168	19872006144	0	10947362816	1023333	12334661632	984985600	403460096	10946215936	19480199168
2026-09-28T08:13:00+04:00	ck9e-nat-whole-2	0	0	26634350592	26663624704	2028568576	24481181696	0	18968231936	1023333	20318650368	985640960	365842432	18967166976	11473534976
2026-09-28T08:13:11+04:00	ck9e-nat-whole-2	1	0	27695452160	28735361024	2792378368	24762228736	0	20375945216	1023333	22587203584	1749172224	463097856	20374933504	9341173760
2026-09-28T08:13:24+04:00	ck9e-nat-whole-2	1	0	27914739712	28735361024	2992906240	24779235328	0	20375945216	1023333	22591135744	1749565440	466636800	20374933504	9135939584
2026-09-28T08:13:34+04:00	ck9e-nat-whole-2	1	0	27914739712	28735361024	2992906240	24779235328	0	20375945216	1023333	22591135744	1749565440	466636800	20374933504	9133776896
2026-09-28T08:13:44+04:00	ck9e-nat-whole-2	1	2	28034514944	28735361024	3084627968	24806518784	0	20375945216	1023333	22598737920	1756643328	467161088	20374933504	9047089152
2026-09-28T08:13:58+04:00	ck9e-nat-whole-2	1	2	27809595392	28735361024	3085164544	24576487424	0	20375945216	1023333	22598606848	1756643328	467030016	20374933504	8564404224
2026-09-28T08:14:08+04:00	ck9e-nat-whole-2	1	2	27422060544	28735361024	3085410304	24193376256	0	20375945216	1023333	22598344704	1756643328	466767872	20374933504	9693921280
2026-09-28T08:14:18+04:00	ck9e-nat-whole-2	1	2	27422011392	28735361024	3085422592	24193376256	0	20375945216	1023333	22598344704	1756643328	466767872	20374933504	9690075136
2026-09-28T08:14:31+04:00	ck9e-nat-whole-2	1	2	27422318592	28735361024	3085545472	24193482752	0	20375945216	1023333	22598344704	1756643328	466767872	20374933504	9689391104
2026-09-28T08:14:42+04:00	ck9e-nat-whole-2	1	2	27422302208	28735361024	3085549568	24193482752	0	20375945216	1023333	22598344704	1756643328	466767872	20374933504	9688834048
2026-09-28T08:14:52+04:00	ck9e-nat-whole-2	1	2	27422277632	28735361024	3085635584	24193581056	0	20375945216	1023333	22598344704	1756643328	466767872	20374933504	9689595904
2026-09-28T08:15:05+04:00	ck9e-nat-whole-2	1	2	27422748672	28735361024	3085635584	24193581056	0	20375945216	1023333	22598344704	1756643328	466767872	20374933504	9687732224
2026-09-28T08:15:16+04:00	ck9e-nat-whole-2	1	2	27423645696	28735361024	3086348288	24193695744	0	20375945216	1023333	22598475776	1756774400	466767872	20374933504	9689100288
2026-09-28T08:15:26+04:00	ck9e-nat-whole-2	1	2	27423703040	28735361024	3086348288	24193695744	0	20375945216	1023333	22598475776	1756774400	466767872	20374933504	9682092032
2026-09-28T08:15:49+04:00	ck9s-nat-mirror-1	0	0	1795526656	1831731200	1570914304	212353024	0	77606912	1036426	881713152	606855168	274857984	0	31604666368
2026-09-28T08:15:59+04:00	ck9s-nat-mirror-1	0	0	21032943616	21034004480	16388423680	4589518848	0	1723764736	1036425	17474146304	15345557504	404860928	1723727872	15080271872
2026-09-28T08:16:12+04:00	ck9s-nat-mirror-1	0	0	21168988160	21171740672	16474963968	4638752768	0	1723764736	1036425	17564454912	15432065024	408662016	1723727872	14983737344
2026-09-28T08:16:22+04:00	ck9s-nat-mirror-1	0	0	19857526784	21489909760	16791793664	3016413184	0	87986176	1036425	16342605824	15748997120	505655296	87953408	16304254976
2026-09-28T08:16:33+04:00	ck9s-nat-mirror-1	0	0	19857530880	21489909760	16791801856	3016413184	0	87986176	1036425	16342605824	15748997120	505655296	87953408	16323399680
2026-09-28T08:16:43+04:00	ck9s-nat-mirror-1	0	0	20495712256	21489909760	17288048640	3156656128	0	87986176	1036425	16855359488	16245235712	522170368	87953408	15822721024
2026-09-28T08:16:56+04:00	ck9s-nat-mirror-1	0	0	20499181568	21489909760	17291227136	3156688896	0	87986176	1036425	16858898432	16248250368	522694656	87953408	15815802880
2026-09-28T08:17:06+04:00	ck9s-nat-mirror-1	1	0	20910047232	21489909760	17698123776	3158917120	0	87986176	1036425	17073758208	16455901184	529903616	87953408	15406841856
2026-09-28T08:17:16+04:00	ck9s-nat-mirror-1	1	0	20910047232	21489909760	17698123776	3158917120	0	87986176	1036425	17073758208	16455901184	529903616	87953408	15409197056
2026-09-28T08:17:29+04:00	ck9s-nat-mirror-1	1	0	21003276288	21489909760	17789083648	3160289280	0	87986176	1036425	17079656448	16461275136	530427904	87953408	15298920448
2026-09-28T08:17:40+04:00	ck9s-nat-mirror-1	1	0	21003300864	21489909760	17789554688	3160289280	0	87986176	1036425	17079656448	16461275136	530427904	87953408	15298392064
2026-09-28T08:17:50+04:00	ck9s-nat-mirror-1	1	0	21003755520	21489909760	17789849600	3160289280	0	87986176	1036425	17079656448	16461275136	530427904	87953408	15296884736
2026-09-28T08:18:03+04:00	ck9s-nat-mirror-1	1	0	21003608064	21489909760	17789865984	3160289280	0	87986176	1036425	17079656448	16461275136	530427904	87953408	15296794624
2026-09-28T08:18:13+04:00	ck9s-nat-mirror-1	1	0	21004251136	21489909760	17789997056	3160293376	0	87986176	1036425	17079656448	16461275136	530427904	87953408	15299596288
2026-09-28T08:18:23+04:00	ck9s-nat-mirror-1	1	0	21003501568	21489909760	17789997056	3160293376	0	87986176	1036425	17079656448	16461275136	530427904	87953408	15304523776
2026-09-28T08:18:37+04:00	ck9s-nat-mirror-1	1	0	21004288000	21489909760	17790066688	3160293376	0	87986176	1036425	17079656448	16461275136	530427904	87953408	15305789440
2026-09-28T08:18:47+04:00	ck9s-nat-mirror-1	1	0	21004234752	21489909760	17790066688	3160293376	0	87986176	1036425	17079656448	16461275136	530427904	87953408	15303495680
2026-09-28T08:18:57+04:00	ck9s-nat-mirror-1	1	0	21004464128	21489909760	17790783488	3160293376	0	87986176	1036425	17079787520	16461406208	530427904	87953408	15306080256
2026-09-28T08:19:10+04:00	ck9s-nat-mirror-1	1	0	21004935168	21489909760	17790783488	3160293376	0	87986176	1036425	17079787520	16461406208	530427904	87953408	15301963776
2026-09-28T08:19:20+04:00	ck9s-nat-mirror-1	1	0	21005127680	21489909760	17790783488	3160293376	0	87986176	1036425	17079787520	16461406208	530427904	87953408	15294525440
2026-09-28T08:19:43+04:00	cn-s1	0	0	3659137024	3659137024	1905684480	1731846144	0	1721778176	1048500	3401166848	863870976	817500160	1721761792	29615144960
2026-09-28T08:19:53+04:00	cn-s1	0	0	18260697088	18261049344	16477302784	1733832704	0	1723764736	1048500	17564676096	15434788864	406159360	1723727872	14963044352
2026-09-28T08:20:04+04:00	cn-s1	0	0	18261106688	18277097472	16477450240	1733849088	0	1723764736	1048500	17578438656	15434919936	419790848	1723727872	13958942720
2026-09-28T08:20:17+04:00	cn-s1	0	0	16934195200	18566606848	16792334336	98267136	0	87986176	1048500	16343220224	15749754880	505511936	87953408	14253776896
2026-09-28T08:20:27+04:00	cn-s1	0	0	17181802496	18566606848	17039351808	98267136	0	87986176	1048500	16601169920	15996825600	516390912	87953408	12382507008
2026-09-28T08:20:37+04:00	cn-s1	0	0	17434836992	18566606848	17291874304	98267136	0	87986176	1048500	16859774976	16249270272	522551296	87953408	15775543296
2026-09-28T08:20:47+04:00	cn-s1	1	0	17922207744	18566606848	17776844800	98275328	0	87986176	1048500	17067556864	16449843200	529760256	87953408	15279628288
2026-09-28T08:21:00+04:00	cn-s1	1	0	17922207744	18566606848	17776844800	98275328	0	87986176	1048500	17067556864	16449843200	529760256	87953408	15282413568
2026-09-28T08:21:10+04:00	cn-s1	1	0	17922998272	18566606848	17777176576	98275328	0	87986176	1048500	17067819008	16450105344	529760256	87953408	15261433856
2026-09-28T08:21:21+04:00	cn-s1	1	0	18055966720	18566606848	17909084160	98275328	0	87986176	1048500	17068867584	16451153920	529760256	87953408	15143522304
2026-09-28T08:21:34+04:00	cn-s1	1	0	18055966720	18566606848	17909084160	98275328	0	87986176	1048500	17068867584	16451153920	529760256	87953408	15134257152
2026-09-28T08:21:44+04:00	cn-s1	1	0	18055970816	18566606848	17909084160	98275328	0	87986176	1048500	17068867584	16451153920	529760256	87953408	15131566080
2026-09-28T08:21:54+04:00	cn-s1	1	0	18055974912	18566606848	17909084160	98275328	0	87986176	1048500	17068867584	16451153920	529760256	87953408	15134969856
2026-09-28T08:22:07+04:00	cn-s1	1	0	18055970816	18566606848	17909084160	98275328	0	87986176	1048500	17068867584	16451153920	529760256	87953408	15129214976
2026-09-28T08:22:17+04:00	cn-s1	1	0	18055974912	18566606848	17909084160	98275328	0	87986176	1048500	17068867584	16451153920	529760256	87953408	15132422144
2026-09-28T08:22:27+04:00	cn-s1	1	0	18055970816	18566606848	17909084160	98275328	0	87986176	1048500	17068867584	16451153920	529760256	87953408	15131320320
2026-09-28T08:22:40+04:00	cn-s1	1	0	18173616128	18566606848	17992802304	131629056	0	87986176	1048500	17128660992	16509112320	531595264	87953408	15043543040
2026-09-28T08:22:50+04:00	cn-s1	1	0	18173550592	18566606848	17992802304	131629056	0	87986176	1048500	17128660992	16509112320	531595264	87953408	15045664768
2026-09-28T08:23:01+04:00	cn-s1	1	0	18173546496	18566606848	17992802304	131629056	0	87986176	1048500	17128660992	16509112320	531595264	87953408	15047507968
2026-09-28T08:23:13+04:00	cn-s1	1	0	18173534208	18566606848	17992802304	131629056	0	87986176	1048500	17128660992	16509112320	531595264	87953408	15030726656
2026-09-28T08:23:23+04:00	cn-s1	1	0	18173530112	18566606848	17992802304	131629056	0	87986176	1048500	17128660992	16509112320	531595264	87953408	13800398848
2026-09-28T08:23:34+04:00	cn-s1	1	0	18173304832	18566606848	17992802304	131629056	0	87986176	1048500	17128660992	16509112320	531595264	87953408	12436279296
2026-09-28T08:23:47+04:00	cn-s1	1	0	18173304832	18566606848	17992802304	131629056	0	87986176	1048500	17128660992	16509112320	531595264	87953408	15035236352
2026-09-28T08:23:57+04:00	cn-s1	1	0	18182520832	18566606848	18002022400	131633152	0	87986176	1048500	17137885184	16518336512	531595264	87953408	15039881216
2026-09-28T08:24:40+04:00	ck9e-nat-mirror-2	0	0	172122112	172908544	171479040	81920	0	0	1066261	345776128	168042496	178388992	0	32306454528
2026-09-28T08:24:50+04:00	ck9e-nat-mirror-2	0	0	18178953216	18179919872	16391831552	1737732096	0	1723764736	1066472	17480196096	15348596736	407871488	1723727872	14342037504
2026-09-28T08:25:03+04:00	ck9e-nat-mirror-2	0	0	18265776128	18282008576	16478380032	1737748480	0	1723764736	1066472	17570242560	15435104256	411410432	1723727872	14258253824
2026-09-28T08:25:13+04:00	ck9e-nat-mirror-2	0	0	16939077632	18572087296	16793178112	102285312	0	87986176	1066472	16346161152	15749808128	508403712	87949312	15619252224
2026-09-28T08:25:23+04:00	ck9e-nat-mirror-2	0	0	16939307008	18572087296	16793407488	102285312	0	87986176	1066472	16346423296	15750070272	508403712	87949312	15620587520
2026-09-28T08:25:36+04:00	ck9e-nat-mirror-2	0	0	17187901440	18572087296	17040814080	102879232	0	87986176	1066472	16604897280	15997534208	519413760	87949312	15378055168
2026-09-28T08:25:46+04:00	ck9e-nat-mirror-2	0	0	17403699200	18572087296	17255407616	102883328	0	87986176	1066472	16823627776	16212201472	523476992	87949312	15377690624
2026-09-28T08:25:57+04:00	ck9e-nat-mirror-2	1	0	17603948544	18572087296	17454333952	103141376	0	87986176	1066472	16827166720	16212332544	526884864	87949312	15619112960
2026-09-28T08:26:10+04:00	ck9e-nat-mirror-2	1	0	17603940352	18572087296	17454333952	103141376	0	87986176	1066472	16827166720	16212332544	526884864	87949312	15207424000
2026-09-28T08:26:20+04:00	ck9e-nat-mirror-2	1	2	17697755136	18572087296	17547280384	103141376	0	87986176	1066472	16834637824	16219279360	527409152	87949312	14175862784
2026-09-28T08:26:30+04:00	ck9e-nat-mirror-2	1	2	17698209792	18572087296	17547776000	103141376	0	87986176	1066472	16834637824	16219279360	527409152	87949312	14830399488
2026-09-28T08:26:43+04:00	ck9e-nat-mirror-2	1	2	17698107392	18572087296	17548058624	103141376	0	87986176	1066472	16834637824	16219279360	527409152	87949312	14853070848
2026-09-28T08:26:54+04:00	ck9e-nat-mirror-2	1	2	17697914880	18572087296	17548070912	103141376	0	87986176	1066472	16834637824	16219279360	527409152	87949312	14854094848
2026-09-28T08:27:04+04:00	ck9e-nat-mirror-2	1	2	17698508800	18572087296	17548439552	103145472	0	87986176	1066472	16834899968	16219541504	527409152	87949312	14862548992
2026-09-28T08:27:17+04:00	ck9e-nat-mirror-2	1	2	17698779136	18572087296	17548439552	103145472	0	87986176	1066472	16834899968	16219541504	527409152	87949312	14849900544
2026-09-28T08:27:27+04:00	ck9e-nat-mirror-2	1	2	17698615296	18572087296	17548541952	103145472	0	87986176	1066472	16834899968	16219541504	527409152	87949312	14845620224
2026-09-28T08:27:37+04:00	ck9e-nat-mirror-2	1	2	17698832384	18572087296	17548541952	103145472	0	87986176	1066472	16834899968	16219541504	527409152	87949312	14848847872
2026-09-28T08:27:47+04:00	ck9e-nat-mirror-2	1	2	17699250176	18572087296	17549516800	102924288	0	87986176	1066472	16834637824	16219803648	526884864	87949312	15501258752
2026-09-28T08:28:00+04:00	ck9e-nat-mirror-2	1	2	17699966976	18572087296	17549516800	103022592	0	87986176	1066472	16834637824	16219803648	526884864	87949312	15507406848
2026-09-28T08:28:10+04:00	ck9e-nat-mirror-2	1	2	17699397632	18572087296	17549516800	103022592	0	87986176	1066472	16834637824	16219803648	526884864	87949312	15360811008
2026-09-28T08:28:33+04:00	ck9s-nat-whole-2	0	0	3496566784	3497877504	1907257344	1573982208	0	1545826304	1082906	2818678784	865521664	405327872	1553989632	29613940736
2026-09-28T08:28:43+04:00	ck9s-nat-whole-2	0	0	19392106496	19406581760	2026364928	17297690624	0	9552429056	1082906	10941583360	983859200	405983232	9551740928	21470408704
2026-09-28T08:28:54+04:00	ck9s-nat-whole-2	0	0	25886969856	25920102400	2026815488	23735967744	0	18619498496	1082906	19979784192	984383488	376623104	18618777600	12414332928
2026-09-28T08:29:07+04:00	ck9s-nat-whole-2	0	0	27463225344	28536598528	2686099456	24636272640	0	20375945216	1082906	22597758976	1758093312	464572416	20375093248	9996308480
2026-09-28T08:29:17+04:00	ck9s-nat-whole-2	1	0	27924672512	28536598528	3121422336	24660312064	0	20375945216	1082906	22838116352	1989537792	473485312	20375093248	9581371392
2026-09-28T08:29:28+04:00	ck9s-nat-whole-2	1	0	27924672512	28536598528	3121422336	24660312064	0	20375945216	1082906	22838116352	1989537792	473485312	20375093248	9567993856
2026-09-28T08:29:40+04:00	ck9s-nat-whole-2	1	0	28060925952	28536598528	3215171584	24701992960	0	20375945216	1082906	22844407808	1995304960	474009600	20375093248	9467273216
2026-09-28T08:29:51+04:00	ck9s-nat-whole-2	1	0	28061138944	28536598528	3215691776	24701992960	0	20375945216	1082906	22844407808	1995304960	474009600	20375093248	9610051584
2026-09-28T08:30:01+04:00	ck9s-nat-whole-2	1	0	27770552320	28536598528	3126673408	24500129792	0	20375945216	1082906	22837985280	1995304960	467587072	20375093248	9719492608
2026-09-28T08:30:14+04:00	ck9s-nat-whole-2	1	0	26747994112	28536598528	3040522240	23564079104	0	20375945216	1082906	22792372224	1967910912	449368064	20375093248	9752711168
2026-09-28T08:30:24+04:00	ck9s-nat-whole-2	1	0	26748018688	28536598528	3040612352	23564099584	0	20375945216	1082906	22792372224	1967910912	449368064	20375093248	9656991744
2026-09-28T08:30:35+04:00	ck9s-nat-whole-2	1	0	26747990016	28536598528	3040616448	23564099584	0	20375945216	1082906	22792372224	1967910912	449368064	20375093248	9647837184
2026-09-28T08:30:47+04:00	ck9s-nat-whole-2	1	0	26748268544	28536598528	3040714752	23564099584	0	20375945216	1082906	22792372224	1967910912	449368064	20375093248	9609818112
2026-09-28T08:30:58+04:00	ck9s-nat-whole-2	1	0	26749411328	28536598528	3042041856	23564111872	0	20375945216	1082906	22792372224	1967910912	449368064	20375093248	9597952000
2026-09-28T08:31:08+04:00	ck9s-nat-whole-2	1	0	26749894656	28536598528	3042041856	23564111872	0	20375945216	1082906	22792372224	1967910912	449368064	20375093248	9593040896
2026-09-28T08:31:21+04:00	ck9s-nat-whole-2	1	0	26749820928	28536598528	3042045952	23564111872	0	20375945216	1082906	22792372224	1967910912	449368064	20375093248	9701240832
2026-09-28T08:31:41+04:00	cb-s1	0	0	2803040256	2804088832	1845747712	944103424	0	717910016	1096191	1920233472	803020800	397365248	725876736	30699298816
2026-09-28T08:31:51+04:00	cb-s1	0	0	20397334528	20397826048	16473133056	3869888512	0	1723764736	1096191	17556234240	15429730304	402776064	1723727872	14675554304
2026-09-28T08:32:04+04:00	cb-s1	0	0	20403703808	20414029824	16473210880	3876073472	0	1723764736	1096191	17558724608	15429861376	405135360	1723727872	13702598656
2026-09-28T08:32:14+04:00	cb-s1	0	0	19097419776	20729958400	16794271744	2254671872	0	87986176	1096191	16342007808	15750725632	503308288	87973888	14932373504
2026-09-28T08:32:25+04:00	cb-s1	0	0	19353010176	20729958400	17041473536	2262392832	0	87986176	1096191	16600350720	15998058496	514318336	87973888	15870672896
2026-09-28T08:32:38+04:00	cb-s1	0	0	19648348160	20729958400	17293950976	2304708608	0	87986176	1096191	16858824704	16250503168	520347648	87973888	15584481280
2026-09-28T08:32:48+04:00	cb-s1	1	0	20138500096	20729958400	17779077120	2307117056	0	87986176	1096191	17066676224	16451145728	527556608	87973888	15099125760
2026-09-28T08:32:58+04:00	cb-s1	1	0	20138299392	20729958400	17779077120	2307117056	0	87986176	1096191	17066676224	16451145728	527556608	87973888	15094145024
2026-09-28T08:33:11+04:00	cb-s1	1	0	20138614784	20729958400	17779154944	2307117056	0	87986176	1096191	17066676224	16451145728	527556608	87973888	15083667456
2026-09-28T08:33:21+04:00	cb-s1	1	0	20270731264	20729958400	17909989376	2307117056	0	87986176	1096191	17067724800	16452194304	527556608	87973888	14958047232
2026-09-28T08:33:32+04:00	cb-s1	1	0	20270735360	20729958400	17909993472	2307117056	0	87986176	1096191	17067724800	16452194304	527556608	87973888	14976761856
2026-09-28T08:33:44+04:00	cb-s1	1	0	20270735360	20729958400	17909993472	2307117056	0	87986176	1096191	17067724800	16452194304	527556608	87973888	15044251648
2026-09-28T08:33:55+04:00	cb-s1	1	0	20270993408	20729958400	17909993472	2307117056	0	87986176	1096191	17067724800	16452194304	527556608	87973888	15049416704
2026-09-28T08:34:05+04:00	cb-s1	1	0	20270977024	20729958400	17909993472	2307117056	0	87986176	1096191	17067724800	16452194304	527556608	87973888	15059214336
2026-09-28T08:34:18+04:00	cb-s1	1	0	20270977024	20729958400	17909993472	2307117056	0	87986176	1096191	17067724800	16452194304	527556608	87973888	15045222400
2026-09-28T08:34:28+04:00	cb-s1	1	0	20270972928	20729958400	17909993472	2307117056	0	87986176	1096191	17067724800	16452194304	527556608	87973888	15056244736
2026-09-28T08:34:39+04:00	cb-s1	1	0	20402434048	20729958400	18007621632	2340622336	0	87986176	1096191	17127145472	16509911040	529260544	87973888	14967734272
2026-09-28T08:34:52+04:00	cb-s1	1	0	20402176000	20729958400	18007621632	2340622336	0	87986176	1096191	17127145472	16509911040	529260544	87973888	14964211712
2026-09-28T08:35:02+04:00	cb-s1	1	0	20402176000	20729958400	18007621632	2340622336	0	87986176	1096191	17127145472	16509911040	529260544	87973888	14958919680
2026-09-28T08:35:12+04:00	cb-s1	1	0	20402176000	20729958400	18007621632	2340622336	0	87986176	1096191	17127145472	16509911040	529260544	87973888	14978052096
2026-09-28T08:35:26+04:00	cb-s1	1	0	20402176000	20729958400	18007621632	2340622336	0	87986176	1096191	17127145472	16509911040	529260544	87973888	14945234944
2026-09-28T08:35:36+04:00	cb-s1	1	0	20402176000	20729958400	18007621632	2340622336	0	87986176	1096191	17127145472	16509911040	529260544	87973888	12854333440
2026-09-28T08:35:46+04:00	cb-s1	1	0	20402176000	20729958400	18007621632	2340622336	0	87986176	1096191	17127145472	16509911040	529260544	87973888	12384112640
2026-09-28T08:35:56+04:00	cb-s1	1	0	20115873792	20729958400	18016026624	2045923328	0	87986176	1096191	17135558656	16518324224	529260544	87973888	14783778816
2026-09-28T08:36:42+04:00	ck9e-replay	0	0	319262720	319524864	292040704	24485888	0	0	1124229	507387904	286269440	221380608	0	32673890304
2026-09-28T08:36:53+04:00	ck9e-replay	0	0	5353771008	5353771008	2025168896	3302666240	0	2355838976	1124503	3744026624	982900736	406417408	2354708480	28508229632
2026-09-28T08:37:03+04:00	ck9e-replay	0	0	11562549248	11562721280	2025324544	9493348352	0	5462736896	1124503	6851350528	983162880	406417408	5461770240	25497964544
2026-09-28T08:37:16+04:00	ck9e-replay	0	0	21583990784	21681938432	2025586688	19481149440	0	10820550656	1124503	12209311744	983425024	406417408	10819469312	20010098688
2026-09-28T08:37:26+04:00	ck9e-replay	0	0	23542558720	23648337920	2025787392	21414637568	0	14846836736	1124503	16220246016	983425024	390688768	14846132224	16003674112
2026-09-28T08:37:37+04:00	ck9e-replay	0	0	25693184000	25718034432	2025988096	23539412992	0	18809716736	1124503	20156731392	983425024	364474368	18808832000	12164689920
2026-09-28T08:37:50+04:00	ck9e-replay	0	0	26578259968	26592923648	2026061824	24415916032	0	20172947456	1124503	21509525504	983687168	353857536	20171980800	10796654592
2026-09-28T08:38:01+04:00	ck9e-replay	0	0	27403620352	27404886016	2026110976	25232715776	0	21345959936	1124503	22671216640	983949312	342192128	21345075200	9617842176
2026-09-28T08:38:11+04:00	ck9e-replay	0	0	26721730560	28080525312	2562678784	24016740352	0	20375945216	1124503	22351163392	1520386048	455831552	20374945792	10108604416
2026-09-28T08:38:25+04:00	ck9e-replay	1	0	27159982080	28080525312	2990522368	24025100288	0	20375945216	1124503	22586028032	1748041728	463040512	20374945792	9547706368
2026-09-28T08:38:35+04:00	ck9e-replay	1	0	27159982080	28080525312	2990522368	24025100288	0	20375945216	1124503	22586028032	1748041728	463040512	20374945792	9517252608
2026-09-28T08:38:46+04:00	ck9e-replay	1	2	27170738176	28080525312	2993049600	24032251904	0	20375945216	1124503	22591139840	1748172800	468021248	20374945792	9503014912
2026-09-28T08:39:00+04:00	ck9e-replay	1	2	27237507072	28080525312	3022000128	24069177344	0	20375945216	1124503	22659035136	1776091136	507998208	20374945792	9542135808
2026-09-28T08:39:10+04:00	ck9e-replay	1	2	27605581824	28080525312	3940315136	23516549120	0	20375945216	1124503	23572422656	2688954368	508522496	20374945792	8658960384
2026-09-28T08:39:22+04:00	ck9e-replay	1	2							1124503					33203679232
