ts	unit	probes_done	pid	ppid	threads	rss	anon	thread_names
2026-09-28T11:35:20+04:00	ck9c-warm-whole	0	2171514	363	3	25292800	6057984	uv*1 tokio-rt-worker*1 main2*1 
2026-09-28T11:35:20+04:00	ck9c-warm-whole	0	2171531	2171514	22	703246336	424054784	ft*18 ZMQbg/Reaper*2 ZMQbg/IO/0*2 
2026-09-28T11:35:20+04:00	ck9c-warm-whole	0	2172007	2171531	1	12812288	5943296	python3*1 
2026-09-28T11:35:20+04:00	ck9c-warm-whole	0	2172008	2171531	16	525398016	305905664	python3*16 
2026-09-28T11:35:20+04:00	ck9c-warm-whole	0	2172009	2171531	16	525393920	305975296	python3*16 
2026-09-28T11:35:31+04:00	ck9c-warm-whole	0	2171514	363	2	25423872	6057984	uv*1 main2*1 
2026-09-28T11:35:31+04:00	ck9c-warm-whole	0	2171531	2171514	22	703524864	424202240	ft*18 ZMQbg/Reaper*2 ZMQbg/IO/0*2 
2026-09-28T11:35:31+04:00	ck9c-warm-whole	0	2172007	2171531	1	12812288	5943296	python3*1 
2026-09-28T11:35:31+04:00	ck9c-warm-whole	0	2172008	2171531	41	6535098368	984215552	python3*36 pt_gloo_runloop*2 pt_tcpstore_uv*1 cuda0000240000a*1 cuda-EvtHandlr*1 
2026-09-28T11:35:31+04:00	ck9c-warm-whole	0	2172009	2171531	23	881971200	606818304	python3*17 ZMQbg/Reaper*3 ZMQbg/IO/0*3 
2026-09-28T11:35:41+04:00	ck9c-warm-whole	0	2171514	363	2	25419776	6057984	uv*1 main2*1 
2026-09-28T11:35:41+04:00	ck9c-warm-whole	0	2171531	2171514	22	703205376	424202240	ft*18 ZMQbg/Reaper*2 ZMQbg/IO/0*2 
2026-09-28T11:35:41+04:00	ck9c-warm-whole	0	2172007	2171531	1	12812288	5943296	python3*1 
2026-09-28T11:35:41+04:00	ck9c-warm-whole	0	2172008	2171531	41	10688061440	984420352	python3*36 pt_gloo_runloop*2 pt_tcpstore_uv*1 cuda0000240000a*1 cuda-EvtHandlr*1 
2026-09-28T11:35:41+04:00	ck9c-warm-whole	0	2172009	2171531	23	881635328	606818304	python3*17 ZMQbg/Reaper*3 ZMQbg/IO/0*3 
2026-09-28T11:35:51+04:00	ck9c-warm-whole	0	2171514	363	2	25333760	6057984	uv*1 main2*1 
2026-09-28T11:35:51+04:00	ck9c-warm-whole	0	2171531	2171514	22	702300160	424206336	ft*18 ZMQbg/Reaper*2 ZMQbg/IO/0*2 
2026-09-28T11:35:51+04:00	ck9c-warm-whole	0	2172007	2171531	1	12804096	5943296	python3*1 
2026-09-28T11:35:51+04:00	ck9c-warm-whole	0	2172008	2171531	41	11859529728	984494080	python3*36 pt_gloo_runloop*2 pt_tcpstore_uv*1 cuda0000240000a*1 cuda-EvtHandlr*1 
2026-09-28T11:35:51+04:00	ck9c-warm-whole	0	2172009	2171531	23	880652288	606818304	python3*17 ZMQbg/Reaper*3 ZMQbg/IO/0*3 
2026-09-28T11:36:02+04:00	ck9c-warm-whole	0	2171514	363	2	25186304	6057984	uv*1 main2*1 
2026-09-28T11:36:02+04:00	ck9c-warm-whole	0	2171531	2171514	22	700403712	424210432	ft*18 ZMQbg/Reaper*2 ZMQbg/IO/0*2 
2026-09-28T11:36:02+04:00	ck9c-warm-whole	0	2172007	2171531	1	12800000	5943296	python3*1 
2026-09-28T11:36:02+04:00	ck9c-warm-whole	0	2172008	2171531	41	14615969792	984621056	python3*36 pt_gloo_runloop*2 pt_tcpstore_uv*1 cuda0000240000a*1 cuda-EvtHandlr*1 
2026-09-28T11:36:02+04:00	ck9c-warm-whole	0	2172009	2171531	23	878968832	606818304	python3*17 ZMQbg/Reaper*3 ZMQbg/IO/0*3 
2026-09-28T11:36:12+04:00	ck9c-warm-whole	0	2171514	363	2	25128960	6057984	uv*1 main2*1 
2026-09-28T11:36:12+04:00	ck9c-warm-whole	0	2171531	2171514	22	699228160	424214528	ft*18 ZMQbg/Reaper*2 ZMQbg/IO/0*2 
2026-09-28T11:36:12+04:00	ck9c-warm-whole	0	2172007	2171531	1	12795904	5943296	python3*1 
2026-09-28T11:36:12+04:00	ck9c-warm-whole	0	2172008	2171531	41	21398028288	984969216	python3*36 pt_gloo_runloop*2 pt_tcpstore_uv*1 cuda0000240000a*1 cuda-EvtHandlr*1 
2026-09-28T11:36:12+04:00	ck9c-warm-whole	0	2172009	2171531	23	877817856	606818304	python3*17 ZMQbg/Reaper*3 ZMQbg/IO/0*3 
2026-09-28T11:36:22+04:00	ck9c-warm-whole	0	2171514	363	2	24838144	6057984	uv*1 main2*1 
2026-09-28T11:36:22+04:00	ck9c-warm-whole	0	2171531	2171514	22	679976960	424214528	ft*18 ZMQbg/Reaper*2 ZMQbg/IO/0*2 
2026-09-28T11:36:22+04:00	ck9c-warm-whole	0	2172007	2171531	1	12791808	5943296	python3*1 
2026-09-28T11:36:22+04:00	ck9c-warm-whole	0	2172008	2171531	40	23275106304	883822592	python3*35 pt_gloo_runloop*2 pt_tcpstore_uv*1 cuda0000240000a*1 cuda-EvtHandlr*1 
2026-09-28T11:36:23+04:00	ck9c-warm-whole	0	2172009	2171531	23	858468352	606818304	python3*17 ZMQbg/Reaper*3 ZMQbg/IO/0*3 
2026-09-28T11:36:23+04:00	ck9c-warm-whole	0	2179934	2172008	1	4177920	241664	ninja*1 
2026-09-28T11:36:23+04:00	ck9c-warm-whole	0	2179935	2179934	1	1925120	106496	sh*1 
2026-09-28T11:36:23+04:00	ck9c-warm-whole	0	2179936	2179935	1	2859008	172032	c++*1 
2026-09-28T11:36:23+04:00	ck9c-warm-whole	0	2179937	2179936	1	1285767168	1267556352	cc1plus*1 
2026-09-28T11:36:33+04:00	ck9c-warm-whole	0	2171514	363	2	24801280	6057984	uv*1 main2*1 
2026-09-28T11:36:33+04:00	ck9c-warm-whole	0	2171531	2171514	22	679915520	424214528	ft*18 ZMQbg/Reaper*2 ZMQbg/IO/0*2 
2026-09-28T11:36:33+04:00	ck9c-warm-whole	0	2172007	2171531	1	12791808	5943296	python3*1 
2026-09-28T11:36:33+04:00	ck9c-warm-whole	0	2172008	2171531	41	23714873344	1214693376	python3*36 pt_gloo_runloop*2 pt_tcpstore_uv*1 cuda0000240000a*1 cuda-EvtHandlr*1 
2026-09-28T11:36:33+04:00	ck9c-warm-whole	0	2172009	2171531	23	858411008	606818304	python3*17 ZMQbg/Reaper*3 ZMQbg/IO/0*3 
2026-09-28T11:36:33+04:00	ck9c-warm-whole	0	2182361	2172008	1	4165632	258048	ninja*1 
2026-09-28T11:36:33+04:00	ck9c-warm-whole	0	2182362	2182361	1	1925120	106496	sh*1 
2026-09-28T11:36:33+04:00	ck9c-warm-whole	0	2182363	2182362	1	6369280	1867776	nvcc*1 
2026-09-28T11:36:43+04:00	ck9c-warm-whole	0	2171514	363	2	24801280	6057984	uv*1 main2*1 
2026-09-28T11:36:43+04:00	ck9c-warm-whole	0	2171531	2171514	39	885252096	622981120	ft*35 ZMQbg/Reaper*2 ZMQbg/IO/0*2 
2026-09-28T11:36:43+04:00	ck9c-warm-whole	0	2172007	2171531	1	12791808	5943296	python3*1 
2026-09-28T11:36:43+04:00	ck9c-warm-whole	0	2172008	2171531	45	22883250176	1995702272	python3*36 pt_gloo_runloop*2 ZMQbg/Reaper*2 ZMQbg/IO/0*2 pt_tcpstore_uv*1 cuda0000240000a*1 
2026-09-28T11:36:44+04:00	ck9c-warm-whole	0	2172009	2171531	39	863105024	607539200	python3*33 ZMQbg/Reaper*3 ZMQbg/IO/0*3 
2026-09-28T11:36:44+04:00	ck9c-warm-whole	0	2183782	2172008	1	4190208	253952	ninja*1 
2026-09-28T11:36:44+04:00	ck9c-warm-whole	0	2183783	2183782	1	1929216	110592	sh*1 
2026-09-28T11:36:44+04:00	ck9c-warm-whole	0	2183784	2183783	1	6397952	1859584	nvcc*1 
2026-09-28T11:36:54+04:00	ck9c-warm-whole	0	2171514	363	2	24801280	6057984	uv*1 main2*1 
2026-09-28T11:36:54+04:00	ck9c-warm-whole	0	2171531	2171514	39	885391360	623120384	ft*35 ZMQbg/Reaper*2 ZMQbg/IO/0*2 
2026-09-28T11:36:54+04:00	ck9c-warm-whole	0	2172007	2171531	1	12791808	5943296	python3*1 
2026-09-28T11:36:54+04:00	ck9c-warm-whole	0	2172008	2171531	45	22887550976	1995984896	python3*36 pt_gloo_runloop*2 ZMQbg/Reaper*2 ZMQbg/IO/0*2 pt_tcpstore_uv*1 cuda0000240000a*1 
2026-09-28T11:36:54+04:00	ck9c-warm-whole	0	2172009	2171531	39	863162368	607596544	python3*33 ZMQbg/Reaper*3 ZMQbg/IO/0*3 
2026-09-28T11:37:04+04:00	ck9c-warm-whole	0	2171514	363	2	24784896	6057984	uv*1 main2*1 
2026-09-28T11:37:04+04:00	ck9c-warm-whole	0	2171531	2171514	39	885358592	623120384	ft*35 ZMQbg/Reaper*2 ZMQbg/IO/0*2 
2026-09-28T11:37:04+04:00	ck9c-warm-whole	0	2172007	2171531	1	12791808	5943296	python3*1 
2026-09-28T11:37:04+04:00	ck9c-warm-whole	0	2172008	2171531	45	22887514112	1995984896	python3*36 pt_gloo_runloop*2 ZMQbg/Reaper*2 ZMQbg/IO/0*2 pt_tcpstore_uv*1 cuda0000240000a*1 
2026-09-28T11:37:04+04:00	ck9c-warm-whole	0	2172009	2171531	39	863137792	607596544	python3*33 ZMQbg/Reaper*3 ZMQbg/IO/0*3 
2026-09-28T11:37:14+04:00	ck9c-warm-whole	2	2171514	363	2	18046976	16384	uv*1 main2*1 
2026-09-28T11:37:14+04:00	ck9c-warm-whole	2	2171531	2171514	39	741052416	480935936	ft*35 ZMQbg/Reaper*2 ZMQbg/IO/0*2 
2026-09-28T11:37:15+04:00	ck9c-warm-whole	2	2172007	2171531	1	12791808	5943296	python3*1 
2026-09-28T11:37:15+04:00	ck9c-warm-whole	2	2172008	2171531	45	22886113280	1996054528	python3*36 pt_gloo_runloop*2 ZMQbg/Reaper*2 ZMQbg/IO/0*2 pt_tcpstore_uv*1 cuda0000240000a*1 
2026-09-28T11:37:15+04:00	ck9c-warm-whole	2	2172009	2171531	39	863100928	607629312	python3*33 ZMQbg/Reaper*3 ZMQbg/IO/0*3 
2026-09-28T11:38:05+04:00	ck9c-warm-mirror	0	2194538	363	3	24080384	6074368	uv*1 tokio-rt-worker*1 main2*1 
2026-09-28T11:38:05+04:00	ck9c-warm-mirror	0	2194604	2194538	22	703348736	422785024	ft*18 ZMQbg/Reaper*2 ZMQbg/IO/0*2 
2026-09-28T11:38:05+04:00	ck9c-warm-mirror	0	2195099	2194604	1	12771328	5939200	python3*1 
2026-09-28T11:38:05+04:00	ck9c-warm-mirror	0	2195100	2194604	24	1069785088	601661440	python3*19 pt_gloo_runloop*2 pt_tcpstore_uv*1 cuda0000240000a*1 cuda-EvtHandlr*1 
2026-09-28T11:38:05+04:00	ck9c-warm-mirror	0	2195101	2194604	23	882999296	606609408	python3*17 ZMQbg/Reaper*3 ZMQbg/IO/0*3 
2026-09-28T11:38:15+04:00	ck9c-warm-mirror	0	2194538	363	2	24211456	6074368	uv*1 main2*1 
2026-09-28T11:38:15+04:00	ck9c-warm-mirror	0	2194604	2194538	22	703352832	422789120	ft*18 ZMQbg/Reaper*2 ZMQbg/IO/0*2 
2026-09-28T11:38:15+04:00	ck9c-warm-mirror	0	2195099	2194604	1	12771328	5939200	python3*1 
2026-09-28T11:38:15+04:00	ck9c-warm-mirror	0	2195100	2194604	40	17473257472	15343939584	python3*35 pt_gloo_runloop*2 pt_tcpstore_uv*1 cuda0000240000a*1 cuda-EvtHandlr*1 
2026-09-28T11:38:16+04:00	ck9c-warm-mirror	0	2195101	2194604	23	882999296	606609408	python3*17 ZMQbg/Reaper*3 ZMQbg/IO/0*3 
2026-09-28T11:38:26+04:00	ck9c-warm-mirror	0	2194538	363	2	24211456	6074368	uv*1 main2*1 
2026-09-28T11:38:26+04:00	ck9c-warm-mirror	0	2194604	2194538	22	703352832	422789120	ft*18 ZMQbg/Reaper*2 ZMQbg/IO/0*2 
2026-09-28T11:38:26+04:00	ck9c-warm-mirror	0	2195099	2194604	1	12771328	5939200	python3*1 
2026-09-28T11:38:26+04:00	ck9c-warm-mirror	0	2195100	2194604	41	17563623424	15430475776	python3*36 pt_gloo_runloop*2 pt_tcpstore_uv*1 cuda0000240000a*1 cuda-EvtHandlr*1 
2026-09-28T11:38:26+04:00	ck9c-warm-mirror	0	2195101	2194604	23	882999296	606609408	python3*17 ZMQbg/Reaper*3 ZMQbg/IO/0*3 
2026-09-28T11:38:36+04:00	ck9c-warm-mirror	0	2194538	363	2	24211456	6074368	uv*1 main2*1 
2026-09-28T11:38:36+04:00	ck9c-warm-mirror	0	2194604	2194538	22	703352832	422789120	ft*18 ZMQbg/Reaper*2 ZMQbg/IO/0*2 
2026-09-28T11:38:36+04:00	ck9c-warm-mirror	0	2195099	2194604	1	12771328	5939200	python3*1 
2026-09-28T11:38:36+04:00	ck9c-warm-mirror	0	2195100	2194604	41	16346419200	15752118272	python3*36 pt_gloo_runloop*2 pt_tcpstore_uv*1 cuda0000240000a*1 cuda-EvtHandlr*1 
2026-09-28T11:38:36+04:00	ck9c-warm-mirror	0	2195101	2194604	23	882999296	606609408	python3*17 ZMQbg/Reaper*3 ZMQbg/IO/0*3 
2026-09-28T11:38:46+04:00	ck9c-warm-mirror	0	2194538	363	2	24211456	6074368	uv*1 main2*1 
2026-09-28T11:38:46+04:00	ck9c-warm-mirror	0	2194604	2194538	22	703356928	422793216	ft*18 ZMQbg/Reaper*2 ZMQbg/IO/0*2 
2026-09-28T11:38:46+04:00	ck9c-warm-mirror	0	2195099	2194604	1	12771328	5939200	python3*1 
2026-09-28T11:38:46+04:00	ck9c-warm-mirror	0	2195100	2194604	41	16346640384	15752339456	python3*36 pt_gloo_runloop*2 pt_tcpstore_uv*1 cuda0000240000a*1 cuda-EvtHandlr*1 
2026-09-28T11:38:46+04:00	ck9c-warm-mirror	0	2195101	2194604	23	882999296	606609408	python3*17 ZMQbg/Reaper*3 ZMQbg/IO/0*3 
2026-09-28T11:38:56+04:00	ck9c-warm-mirror	0	2194538	363	2	24211456	6074368	uv*1 main2*1 
2026-09-28T11:38:56+04:00	ck9c-warm-mirror	0	2194604	2194538	22	703361024	422797312	ft*18 ZMQbg/Reaper*2 ZMQbg/IO/0*2 
2026-09-28T11:38:56+04:00	ck9c-warm-mirror	0	2195099	2194604	1	12771328	5939200	python3*1 
2026-09-28T11:38:56+04:00	ck9c-warm-mirror	0	2195100	2194604	41	16604528640	15999115264	python3*36 pt_gloo_runloop*2 pt_tcpstore_uv*1 cuda0000240000a*1 cuda-EvtHandlr*1 
2026-09-28T11:38:57+04:00	ck9c-warm-mirror	0	2195101	2194604	23	882999296	606609408	python3*17 ZMQbg/Reaper*3 ZMQbg/IO/0*3 
2026-09-28T11:39:07+04:00	ck9c-warm-mirror	0	2194538	363	2	24211456	6074368	uv*1 main2*1 
2026-09-28T11:39:07+04:00	ck9c-warm-mirror	0	2194604	2194538	22	703361024	422797312	ft*18 ZMQbg/Reaper*2 ZMQbg/IO/0*2 
2026-09-28T11:39:07+04:00	ck9c-warm-mirror	0	2195099	2194604	1	12771328	5939200	python3*1 
2026-09-28T11:39:07+04:00	ck9c-warm-mirror	0	2195100	2194604	41	16869355520	16257835008	python3*36 pt_gloo_runloop*2 pt_tcpstore_uv*1 cuda0000240000a*1 cuda-EvtHandlr*1 
2026-09-28T11:39:07+04:00	ck9c-warm-mirror	0	2195101	2194604	23	882999296	606609408	python3*17 ZMQbg/Reaper*3 ZMQbg/IO/0*3 
2026-09-28T11:39:17+04:00	ck9c-warm-mirror	0	2194538	363	2	24211456	6074368	uv*1 main2*1 
2026-09-28T11:39:17+04:00	ck9c-warm-mirror	0	2194604	2194538	39	907632640	621158400	ft*35 ZMQbg/Reaper*2 ZMQbg/IO/0*2 
2026-09-28T11:39:17+04:00	ck9c-warm-mirror	0	2195099	2194604	1	12771328	5939200	python3*1 
2026-09-28T11:39:17+04:00	ck9c-warm-mirror	0	2195100	2194604	45	17075867648	16457293824	python3*36 pt_gloo_runloop*2 ZMQbg/Reaper*2 ZMQbg/IO/0*2 pt_tcpstore_uv*1 cuda0000240000a*1 
2026-09-28T11:39:17+04:00	ck9c-warm-mirror	0	2195101	2194604	39	887083008	607453184	python3*33 ZMQbg/Reaper*3 ZMQbg/IO/0*3 
2026-09-28T11:39:27+04:00	ck9c-warm-mirror	0	2194538	363	2	24211456	6074368	uv*1 main2*1 
2026-09-28T11:39:27+04:00	ck9c-warm-mirror	0	2194604	2194538	39	907632640	621158400	ft*35 ZMQbg/Reaper*2 ZMQbg/IO/0*2 
2026-09-28T11:39:27+04:00	ck9c-warm-mirror	0	2195099	2194604	1	12771328	5939200	python3*1 
2026-09-28T11:39:27+04:00	ck9c-warm-mirror	0	2195100	2194604	45	17075867648	16457293824	python3*36 pt_gloo_runloop*2 ZMQbg/Reaper*2 ZMQbg/IO/0*2 pt_tcpstore_uv*1 cuda0000240000a*1 
2026-09-28T11:39:27+04:00	ck9c-warm-mirror	0	2195101	2194604	39	887083008	607453184	python3*33 ZMQbg/Reaper*3 ZMQbg/IO/0*3 
2026-09-28T11:39:38+04:00	ck9c-warm-mirror	0	2194538	363	2	24211456	6074368	uv*1 main2*1 
2026-09-28T11:39:38+04:00	ck9c-warm-mirror	0	2194604	2194538	39	907685888	621211648	ft*35 ZMQbg/Reaper*2 ZMQbg/IO/0*2 
2026-09-28T11:39:38+04:00	ck9c-warm-mirror	0	2195099	2194604	1	12771328	5939200	python3*1 
2026-09-28T11:39:38+04:00	ck9c-warm-mirror	0	2195100	2194604	45	17076236288	16457670656	python3*36 pt_gloo_runloop*2 ZMQbg/Reaper*2 ZMQbg/IO/0*2 pt_tcpstore_uv*1 cuda0000240000a*1 
2026-09-28T11:39:38+04:00	ck9c-warm-mirror	0	2195101	2194604	39	887091200	607461376	python3*33 ZMQbg/Reaper*3 ZMQbg/IO/0*3 
2026-09-28T11:40:28+04:00	ck9c-whole-1	0	2214531	363	3	24268800	6053888	uv*1 tokio-rt-worker*1 main2*1 
2026-09-28T11:40:28+04:00	ck9c-whole-1	0	2214548	2214531	22	703528960	422752256	ft*18 ZMQbg/Reaper*2 ZMQbg/IO/0*2 
2026-09-28T11:40:28+04:00	ck9c-whole-1	0	2214875	2214548	1	12775424	5943296	python3*1 
2026-09-28T11:40:28+04:00	ck9c-whole-1	0	2214876	2214548	24	1247854592	762925056	python3*19 pt_gloo_runloop*2 pt_tcpstore_uv*1 cuda0000240000a*1 cuda-EvtHandlr*1 
2026-09-28T11:40:28+04:00	ck9c-whole-1	0	2214877	2214548	23	883699712	607387648	python3*17 ZMQbg/Reaper*3 ZMQbg/IO/0*3 
2026-09-28T11:40:38+04:00	ck9c-whole-1	0	2214531	363	2	24399872	6053888	uv*1 main2*1 
2026-09-28T11:40:38+04:00	ck9c-whole-1	0	2214548	2214531	22	703528960	422752256	ft*18 ZMQbg/Reaper*2 ZMQbg/IO/0*2 
2026-09-28T11:40:38+04:00	ck9c-whole-1	0	2214875	2214548	1	12775424	5943296	python3*1 
2026-09-28T11:40:38+04:00	ck9c-whole-1	0	2214876	2214548	41	9612263424	985931776	python3*36 pt_gloo_runloop*2 pt_tcpstore_uv*1 cuda0000240000a*1 cuda-EvtHandlr*1 
2026-09-28T11:40:38+04:00	ck9c-whole-1	0	2214877	2214548	23	883699712	607387648	python3*17 ZMQbg/Reaper*3 ZMQbg/IO/0*3 
2026-09-28T11:40:48+04:00	ck9c-whole-1	0	2214531	363	2	22245376	6053888	uv*1 main2*1 
2026-09-28T11:40:48+04:00	ck9c-whole-1	0	2214548	2214531	22	703070208	422756352	ft*18 ZMQbg/Reaper*2 ZMQbg/IO/0*2 
2026-09-28T11:40:48+04:00	ck9c-whole-1	0	2214875	2214548	1	12775424	5943296	python3*1 
2026-09-28T11:40:48+04:00	ck9c-whole-1	0	2214876	2214548	41	16522387456	986284032	python3*36 pt_gloo_runloop*2 pt_tcpstore_uv*1 cuda0000240000a*1 cuda-EvtHandlr*1 
2026-09-28T11:40:49+04:00	ck9c-whole-1	0	2214877	2214548	23	883650560	607387648	python3*17 ZMQbg/Reaper*3 ZMQbg/IO/0*3 
2026-09-28T11:40:59+04:00	ck9c-whole-1	0	2214531	363	2	21700608	6053888	uv*1 main2*1 
2026-09-28T11:40:59+04:00	ck9c-whole-1	0	2214548	2214531	22	671125504	422756352	ft*18 ZMQbg/Reaper*2 ZMQbg/IO/0*2 
2026-09-28T11:40:59+04:00	ck9c-whole-1	0	2214875	2214548	1	12705792	5943296	python3*1 
2026-09-28T11:40:59+04:00	ck9c-whole-1	0	2214876	2214548	41	23272759296	986607616	python3*36 pt_gloo_runloop*2 pt_tcpstore_uv*1 cuda0000240000a*1 cuda-EvtHandlr*1 
2026-09-28T11:40:59+04:00	ck9c-whole-1	0	2214877	2214548	23	851914752	607387648	python3*17 ZMQbg/Reaper*3 ZMQbg/IO/0*3 
2026-09-28T11:41:09+04:00	ck9c-whole-1	0	2214531	363	2	21602304	6053888	uv*1 main2*1 
2026-09-28T11:41:09+04:00	ck9c-whole-1	0	2214548	2214531	39	876068864	620945408	ft*35 ZMQbg/Reaper*2 ZMQbg/IO/0*2 
2026-09-28T11:41:09+04:00	ck9c-whole-1	0	2214875	2214548	1	12705792	5943296	python3*1 
2026-09-28T11:41:09+04:00	ck9c-whole-1	0	2214876	2214548	45	22845493248	1991041024	python3*36 pt_gloo_runloop*2 ZMQbg/Reaper*2 ZMQbg/IO/0*2 pt_tcpstore_uv*1 cuda0000240000a*1 
2026-09-28T11:41:10+04:00	ck9c-whole-1	0	2214877	2214548	39	857178112	608210944	python3*33 ZMQbg/Reaper*3 ZMQbg/IO/0*3 
2026-09-28T11:41:20+04:00	ck9c-whole-1	0	2214531	363	2	21602304	6053888	uv*1 main2*1 
2026-09-28T11:41:20+04:00	ck9c-whole-1	0	2214548	2214531	39	876085248	620961792	ft*35 ZMQbg/Reaper*2 ZMQbg/IO/0*2 
2026-09-28T11:41:20+04:00	ck9c-whole-1	0	2214875	2214548	1	12705792	5943296	python3*1 
2026-09-28T11:41:20+04:00	ck9c-whole-1	0	2214876	2214548	45	22846259200	1991049216	python3*36 pt_gloo_runloop*2 ZMQbg/Reaper*2 ZMQbg/IO/0*2 pt_tcpstore_uv*1 cuda0000240000a*1 
2026-09-28T11:41:20+04:00	ck9c-whole-1	0	2214877	2214548	39	857190400	608219136	python3*33 ZMQbg/Reaper*3 ZMQbg/IO/0*3 
2026-09-28T11:41:30+04:00	ck9c-whole-1	0	2214531	363	2	21602304	6053888	uv*1 main2*1 
2026-09-28T11:41:30+04:00	ck9c-whole-1	0	2214548	2214531	39	876085248	620961792	ft*35 ZMQbg/Reaper*2 ZMQbg/IO/0*2 
2026-09-28T11:41:30+04:00	ck9c-whole-1	0	2214875	2214548	1	12705792	5943296	python3*1 
2026-09-28T11:41:30+04:00	ck9c-whole-1	0	2214876	2214548	45	22846259200	1991065600	python3*36 pt_gloo_runloop*2 ZMQbg/Reaper*2 ZMQbg/IO/0*2 pt_tcpstore_uv*1 cuda0000240000a*1 
2026-09-28T11:41:30+04:00	ck9c-whole-1	0	2214877	2214548	39	857190400	608219136	python3*33 ZMQbg/Reaper*3 ZMQbg/IO/0*3 
2026-09-28T11:41:40+04:00	ck9c-whole-1	1	2214531	363	2	21602304	6053888	uv*1 main2*1 
2026-09-28T11:41:40+04:00	ck9c-whole-1	1	2214548	2214531	57	879247360	624123904	ft*51 ZMQbg/Reaper*3 ZMQbg/IO/0*3 
2026-09-28T11:41:40+04:00	ck9c-whole-1	1	2214875	2214548	1	12705792	5943296	python3*1 
2026-09-28T11:41:40+04:00	ck9c-whole-1	1	2214876	2214548	45	22846595072	1991385088	python3*36 pt_gloo_runloop*2 ZMQbg/Reaper*2 ZMQbg/IO/0*2 pt_tcpstore_uv*1 cuda0000240000a*1 
2026-09-28T11:41:41+04:00	ck9c-whole-1	1	2214877	2214548	57	857886720	608915456	python3*49 ZMQbg/Reaper*4 ZMQbg/IO/0*4 
2026-09-28T11:41:51+04:00	ck9c-whole-1	2	2214531	363	2	21602304	6053888	uv*1 main2*1 
2026-09-28T11:41:51+04:00	ck9c-whole-1	2	2214548	2214531	57	879259648	624136192	ft*51 ZMQbg/Reaper*3 ZMQbg/IO/0*3 
2026-09-28T11:41:51+04:00	ck9c-whole-1	2	2214875	2214548	1	12705792	5943296	python3*1 
2026-09-28T11:41:51+04:00	ck9c-whole-1	2	2214876	2214548	45	22891724800	2035429376	python3*36 pt_gloo_runloop*2 ZMQbg/Reaper*2 ZMQbg/IO/0*2 pt_tcpstore_uv*1 cuda0000240000a*1 
2026-09-28T11:41:51+04:00	ck9c-whole-1	2	2214877	2214548	57	857890816	608919552	python3*49 ZMQbg/Reaper*4 ZMQbg/IO/0*4 
2026-09-28T11:42:01+04:00	ck9c-whole-1	3	2214531	363	2	21602304	6053888	uv*1 main2*1 
2026-09-28T11:42:02+04:00	ck9c-whole-1	3	2214548	2214531	57	879632384	624508928	ft*51 ZMQbg/Reaper*3 ZMQbg/IO/0*3 
2026-09-28T11:42:02+04:00	ck9c-whole-1	3	2214875	2214548	1	12705792	5943296	python3*1 
2026-09-28T11:42:02+04:00	ck9c-whole-1	3	2214876	2214548	45	22891724800	2035429376	python3*36 pt_gloo_runloop*2 ZMQbg/Reaper*2 ZMQbg/IO/0*2 pt_tcpstore_uv*1 cuda0000240000a*1 
2026-09-28T11:42:02+04:00	ck9c-whole-1	3	2214877	2214548	57	857890816	608919552	python3*49 ZMQbg/Reaper*4 ZMQbg/IO/0*4 
2026-09-28T11:42:12+04:00	ck9c-whole-1	4	2214531	363	2	21602304	6053888	uv*1 main2*1 
2026-09-28T11:42:12+04:00	ck9c-whole-1	4	2214548	2214531	57	962580480	707457024	ft*51 ZMQbg/Reaper*3 ZMQbg/IO/0*3 
2026-09-28T11:42:12+04:00	ck9c-whole-1	4	2214875	2214548	1	12705792	5943296	python3*1 
2026-09-28T11:42:12+04:00	ck9c-whole-1	4	2214876	2214548	45	22891921408	2035625984	python3*36 pt_gloo_runloop*2 ZMQbg/Reaper*2 ZMQbg/IO/0*2 pt_tcpstore_uv*1 cuda0000240000a*1 
2026-09-28T11:42:13+04:00	ck9c-whole-1	4	2214877	2214548	57	857890816	608919552	python3*49 ZMQbg/Reaper*4 ZMQbg/IO/0*4 
2026-09-28T11:42:53+04:00	ck9c-mirror-1	0	2235897	363	2	15732736	5443584	uv*1 main2*1 
2026-09-28T11:43:03+04:00	ck9c-mirror-1	0	2235897	363	2	24735744	6053888	uv*1 main2*1 
2026-09-28T11:43:03+04:00	ck9c-mirror-1	0	2235982	2235897	22	703832064	422756352	ft*18 ZMQbg/Reaper*2 ZMQbg/IO/0*2 
2026-09-28T11:43:03+04:00	ck9c-mirror-1	0	2236458	2235982	1	12763136	5939200	python3*1 
2026-09-28T11:43:03+04:00	ck9c-mirror-1	0	2236459	2235982	25	3076308992	934678528	python3*20 pt_gloo_runloop*2 pt_tcpstore_uv*1 cuda0000240000a*1 cuda-EvtHandlr*1 
2026-09-28T11:43:03+04:00	ck9c-mirror-1	0	2236460	2235982	23	882696192	607473664	python3*17 ZMQbg/Reaper*3 ZMQbg/IO/0*3 
2026-09-28T11:43:13+04:00	ck9c-mirror-1	0	2235897	363	2	24735744	6053888	uv*1 main2*1 
2026-09-28T11:43:13+04:00	ck9c-mirror-1	0	2235982	2235897	22	703836160	422760448	ft*18 ZMQbg/Reaper*2 ZMQbg/IO/0*2 
2026-09-28T11:43:13+04:00	ck9c-mirror-1	0	2236458	2235982	1	12763136	5939200	python3*1 
2026-09-28T11:43:13+04:00	ck9c-mirror-1	0	2236459	2235982	40	17561411584	15431954432	python3*35 pt_gloo_runloop*2 pt_tcpstore_uv*1 cuda0000240000a*1 cuda-EvtHandlr*1 
2026-09-28T11:43:13+04:00	ck9c-mirror-1	0	2236460	2235982	23	882696192	607473664	python3*17 ZMQbg/Reaper*3 ZMQbg/IO/0*3 
2026-09-28T11:43:23+04:00	ck9c-mirror-1	0	2235897	363	2	24735744	6053888	uv*1 main2*1 
2026-09-28T11:43:23+04:00	ck9c-mirror-1	0	2235982	2235897	22	703840256	422764544	ft*18 ZMQbg/Reaper*2 ZMQbg/IO/0*2 
2026-09-28T11:43:23+04:00	ck9c-mirror-1	0	2236458	2235982	1	12763136	5939200	python3*1 
2026-09-28T11:43:23+04:00	ck9c-mirror-1	0	2236459	2235982	41	17563918336	15432024064	python3*36 pt_gloo_runloop*2 pt_tcpstore_uv*1 cuda0000240000a*1 cuda-EvtHandlr*1 
2026-09-28T11:43:23+04:00	ck9c-mirror-1	0	2236460	2235982	23	882696192	607473664	python3*17 ZMQbg/Reaper*3 ZMQbg/IO/0*3 
2026-09-28T11:43:33+04:00	ck9c-mirror-1	0	2235897	363	2	24735744	6053888	uv*1 main2*1 
2026-09-28T11:43:33+04:00	ck9c-mirror-1	0	2235982	2235897	22	703840256	422764544	ft*18 ZMQbg/Reaper*2 ZMQbg/IO/0*2 
2026-09-28T11:43:34+04:00	ck9c-mirror-1	0	2236458	2235982	1	12763136	5939200	python3*1 
2026-09-28T11:43:34+04:00	ck9c-mirror-1	0	2236459	2235982	41	16346038272	15751438336	python3*36 pt_gloo_runloop*2 pt_tcpstore_uv*1 cuda0000240000a*1 cuda-EvtHandlr*1 
2026-09-28T11:43:34+04:00	ck9c-mirror-1	0	2236460	2235982	23	882696192	607473664	python3*17 ZMQbg/Reaper*3 ZMQbg/IO/0*3 
2026-09-28T11:43:44+04:00	ck9c-mirror-1	0	2235897	363	2	24735744	6053888	uv*1 main2*1 
2026-09-28T11:43:44+04:00	ck9c-mirror-1	0	2235982	2235897	22	703840256	422764544	ft*18 ZMQbg/Reaper*2 ZMQbg/IO/0*2 
2026-09-28T11:43:44+04:00	ck9c-mirror-1	0	2236458	2235982	1	12763136	5939200	python3*1 
2026-09-28T11:43:44+04:00	ck9c-mirror-1	0	2236459	2235982	41	16604160000	15998316544	python3*36 pt_gloo_runloop*2 pt_tcpstore_uv*1 cuda0000240000a*1 cuda-EvtHandlr*1 
2026-09-28T11:43:44+04:00	ck9c-mirror-1	0	2236460	2235982	23	882696192	607473664	python3*17 ZMQbg/Reaper*3 ZMQbg/IO/0*3 
2026-09-28T11:43:54+04:00	ck9c-mirror-1	0	2235897	363	2	24735744	6053888	uv*1 main2*1 
2026-09-28T11:43:54+04:00	ck9c-mirror-1	0	2235982	2235897	22	703840256	422764544	ft*18 ZMQbg/Reaper*2 ZMQbg/IO/0*2 
2026-09-28T11:43:54+04:00	ck9c-mirror-1	0	2236458	2235982	1	12763136	5939200	python3*1 
2026-09-28T11:43:54+04:00	ck9c-mirror-1	0	2236459	2235982	41	16868982784	16257032192	python3*36 pt_gloo_runloop*2 pt_tcpstore_uv*1 cuda0000240000a*1 cuda-EvtHandlr*1 
2026-09-28T11:43:54+04:00	ck9c-mirror-1	0	2236460	2235982	23	882696192	607473664	python3*17 ZMQbg/Reaper*3 ZMQbg/IO/0*3 
2026-09-28T11:44:04+04:00	ck9c-mirror-1	0	2235897	363	2	24735744	6053888	uv*1 main2*1 
2026-09-28T11:44:04+04:00	ck9c-mirror-1	0	2235982	2235897	22	703840256	422764544	ft*18 ZMQbg/Reaper*2 ZMQbg/IO/0*2 
2026-09-28T11:44:04+04:00	ck9c-mirror-1	0	2236458	2235982	1	12763136	5939200	python3*1 
2026-09-28T11:44:04+04:00	ck9c-mirror-1	0	2236459	2235982	41	16930181120	16323244032	python3*36 pt_gloo_runloop*2 pt_tcpstore_uv*1 cuda0000240000a*1 cuda-EvtHandlr*1 
2026-09-28T11:44:04+04:00	ck9c-mirror-1	0	2236460	2235982	23	882696192	607473664	python3*17 ZMQbg/Reaper*3 ZMQbg/IO/0*3 
2026-09-28T11:44:15+04:00	ck9c-mirror-1	0	2235897	363	2	24735744	6053888	uv*1 main2*1 
2026-09-28T11:44:15+04:00	ck9c-mirror-1	0	2235982	2235897	39	907665408	620642304	ft*35 ZMQbg/Reaper*2 ZMQbg/IO/0*2 
2026-09-28T11:44:15+04:00	ck9c-mirror-1	0	2236458	2235982	1	12763136	5939200	python3*1 
2026-09-28T11:44:15+04:00	ck9c-mirror-1	0	2236459	2235982	45	17078714368	16459661312	python3*36 pt_gloo_runloop*2 ZMQbg/Reaper*2 ZMQbg/IO/0*2 pt_tcpstore_uv*1 cuda0000240000a*1 
2026-09-28T11:44:15+04:00	ck9c-mirror-1	0	2236460	2235982	39	886779904	608280576	python3*33 ZMQbg/Reaper*3 ZMQbg/IO/0*3 
2026-09-28T11:44:25+04:00	ck9c-mirror-1	0	2235897	363	2	24735744	6053888	uv*1 main2*1 
2026-09-28T11:44:25+04:00	ck9c-mirror-1	0	2235982	2235897	39	907665408	620642304	ft*35 ZMQbg/Reaper*2 ZMQbg/IO/0*2 
2026-09-28T11:44:25+04:00	ck9c-mirror-1	0	2236458	2235982	1	12763136	5939200	python3*1 
2026-09-28T11:44:25+04:00	ck9c-mirror-1	0	2236459	2235982	45	17078714368	16459661312	python3*36 pt_gloo_runloop*2 ZMQbg/Reaper*2 ZMQbg/IO/0*2 pt_tcpstore_uv*1 cuda0000240000a*1 
2026-09-28T11:44:25+04:00	ck9c-mirror-1	0	2236460	2235982	39	886779904	608280576	python3*33 ZMQbg/Reaper*3 ZMQbg/IO/0*3 
2026-09-28T11:44:35+04:00	ck9c-mirror-1	1	2235897	363	2	24735744	6053888	uv*1 main2*1 
2026-09-28T11:44:35+04:00	ck9c-mirror-1	1	2235982	2235897	57	910942208	623919104	ft*51 ZMQbg/Reaper*3 ZMQbg/IO/0*3 
2026-09-28T11:44:35+04:00	ck9c-mirror-1	1	2236458	2235982	1	12763136	5939200	python3*1 
2026-09-28T11:44:35+04:00	ck9c-mirror-1	1	2236459	2235982	45	17079205888	16460152832	python3*36 pt_gloo_runloop*2 ZMQbg/Reaper*2 ZMQbg/IO/0*2 pt_tcpstore_uv*1 cuda0000240000a*1 
2026-09-28T11:44:36+04:00	ck9c-mirror-1	1	2236460	2235982	57	887468032	608968704	python3*49 ZMQbg/Reaper*4 ZMQbg/IO/0*4 
2026-09-28T11:44:46+04:00	ck9c-mirror-1	1	2235897	363	2	24735744	6053888	uv*1 main2*1 
2026-09-28T11:44:46+04:00	ck9c-mirror-1	1	2235982	2235897	57	910942208	623919104	ft*51 ZMQbg/Reaper*3 ZMQbg/IO/0*3 
2026-09-28T11:44:46+04:00	ck9c-mirror-1	1	2236458	2235982	1	12763136	5939200	python3*1 
2026-09-28T11:44:46+04:00	ck9c-mirror-1	1	2236459	2235982	45	17079205888	16460152832	python3*36 pt_gloo_runloop*2 ZMQbg/Reaper*2 ZMQbg/IO/0*2 pt_tcpstore_uv*1 cuda0000240000a*1 
2026-09-28T11:44:46+04:00	ck9c-mirror-1	1	2236460	2235982	57	887468032	608968704	python3*49 ZMQbg/Reaper*4 ZMQbg/IO/0*4 
2026-09-28T11:44:56+04:00	ck9c-mirror-1	3	2235897	363	2	24735744	6053888	uv*1 main2*1 
2026-09-28T11:44:56+04:00	ck9c-mirror-1	3	2235982	2235897	57	911015936	623992832	ft*51 ZMQbg/Reaper*3 ZMQbg/IO/0*3 
2026-09-28T11:44:56+04:00	ck9c-mirror-1	3	2236458	2235982	1	12763136	5939200	python3*1 
2026-09-28T11:44:56+04:00	ck9c-mirror-1	3	2236459	2235982	45	17122689024	16502550528	python3*36 pt_gloo_runloop*2 ZMQbg/Reaper*2 ZMQbg/IO/0*2 pt_tcpstore_uv*1 cuda0000240000a*1 
2026-09-28T11:44:56+04:00	ck9c-mirror-1	3	2236460	2235982	57	887472128	608972800	python3*49 ZMQbg/Reaper*4 ZMQbg/IO/0*4 
2026-09-28T11:45:06+04:00	ck9c-mirror-1	3	2235897	363	2	24735744	6053888	uv*1 main2*1 
2026-09-28T11:45:06+04:00	ck9c-mirror-1	3	2235982	2235897	57	911015936	623992832	ft*51 ZMQbg/Reaper*3 ZMQbg/IO/0*3 
2026-09-28T11:45:06+04:00	ck9c-mirror-1	3	2236458	2235982	1	12763136	5939200	python3*1 
2026-09-28T11:45:06+04:00	ck9c-mirror-1	3	2236459	2235982	45	17122689024	16502550528	python3*36 pt_gloo_runloop*2 ZMQbg/Reaper*2 ZMQbg/IO/0*2 pt_tcpstore_uv*1 cuda0000240000a*1 
2026-09-28T11:45:07+04:00	ck9c-mirror-1	3	2236460	2235982	57	887472128	608972800	python3*49 ZMQbg/Reaper*4 ZMQbg/IO/0*4 
2026-09-28T11:45:57+04:00	ck9c-whole-2	0	2263083	363	3	24195072	6070272	uv*1 tokio-rt-worker*1 main2*1 
2026-09-28T11:45:57+04:00	ck9c-whole-2	0	2263138	2263083	22	703488000	422588416	ft*18 ZMQbg/Reaper*2 ZMQbg/IO/0*2 
2026-09-28T11:45:57+04:00	ck9c-whole-2	0	2263991	2263138	1	12808192	5939200	python3*1 
2026-09-28T11:45:57+04:00	ck9c-whole-2	0	2263992	2263138	16	494133248	272924672	python3*16 
2026-09-28T11:45:57+04:00	ck9c-whole-2	0	2263993	2263138	16	500776960	279646208	python3*16 
2026-09-28T11:46:07+04:00	ck9c-whole-2	0	2263083	363	2	24326144	6070272	uv*1 main2*1 
2026-09-28T11:46:07+04:00	ck9c-whole-2	0	2263138	2263083	22	703791104	422764544	ft*18 ZMQbg/Reaper*2 ZMQbg/IO/0*2 
2026-09-28T11:46:07+04:00	ck9c-whole-2	0	2263991	2263138	1	12808192	5939200	python3*1 
2026-09-28T11:46:07+04:00	ck9c-whole-2	0	2263992	2263138	41	3683844096	980942848	python3*36 pt_gloo_runloop*2 pt_tcpstore_uv*1 cuda0000240000a*1 cuda-EvtHandlr*1 
2026-09-28T11:46:07+04:00	ck9c-whole-2	0	2263993	2263138	23	887758848	607387648	python3*17 ZMQbg/Reaper*3 ZMQbg/IO/0*3 
2026-09-28T11:46:17+04:00	ck9c-whole-2	0	2263083	363	2	24326144	6070272	uv*1 main2*1 
2026-09-28T11:46:17+04:00	ck9c-whole-2	0	2263138	2263083	22	703795200	422768640	ft*18 ZMQbg/Reaper*2 ZMQbg/IO/0*2 
2026-09-28T11:46:17+04:00	ck9c-whole-2	0	2263991	2263138	1	12808192	5939200	python3*1 
2026-09-28T11:46:17+04:00	ck9c-whole-2	0	2263992	2263138	41	4666687488	980992000	python3*36 pt_gloo_runloop*2 pt_tcpstore_uv*1 cuda0000240000a*1 cuda-EvtHandlr*1 
2026-09-28T11:46:17+04:00	ck9c-whole-2	0	2263993	2263138	23	887758848	607387648	python3*17 ZMQbg/Reaper*3 ZMQbg/IO/0*3 
2026-09-28T11:46:27+04:00	ck9c-whole-2	0	2263083	363	2	24326144	6070272	uv*1 main2*1 
2026-09-28T11:46:27+04:00	ck9c-whole-2	0	2263138	2263083	22	703795200	422768640	ft*18 ZMQbg/Reaper*2 ZMQbg/IO/0*2 
2026-09-28T11:46:27+04:00	ck9c-whole-2	0	2263991	2263138	1	12808192	5939200	python3*1 
2026-09-28T11:46:27+04:00	ck9c-whole-2	0	2263992	2263138	41	5649534976	981045248	python3*36 pt_gloo_runloop*2 pt_tcpstore_uv*1 cuda0000240000a*1 cuda-EvtHandlr*1 
2026-09-28T11:46:27+04:00	ck9c-whole-2	0	2263993	2263138	23	887758848	607387648	python3*17 ZMQbg/Reaper*3 ZMQbg/IO/0*3 
2026-09-28T11:46:38+04:00	ck9c-whole-2	0	2263083	363	2	24326144	6070272	uv*1 main2*1 
2026-09-28T11:46:38+04:00	ck9c-whole-2	0	2263138	2263083	22	703799296	422772736	ft*18 ZMQbg/Reaper*2 ZMQbg/IO/0*2 
2026-09-28T11:46:38+04:00	ck9c-whole-2	0	2263991	2263138	1	12808192	5939200	python3*1 
2026-09-28T11:46:38+04:00	ck9c-whole-2	0	2263992	2263138	41	6442135552	981069824	python3*36 pt_gloo_runloop*2 pt_tcpstore_uv*1 cuda0000240000a*1 cuda-EvtHandlr*1 
2026-09-28T11:46:38+04:00	ck9c-whole-2	0	2263993	2263138	23	887758848	607387648	python3*17 ZMQbg/Reaper*3 ZMQbg/IO/0*3 
2026-09-28T11:46:48+04:00	ck9c-whole-2	0	2263083	363	2	24326144	6070272	uv*1 main2*1 
2026-09-28T11:46:48+04:00	ck9c-whole-2	0	2263138	2263083	22	703799296	422772736	ft*18 ZMQbg/Reaper*2 ZMQbg/IO/0*2 
2026-09-28T11:46:48+04:00	ck9c-whole-2	0	2263991	2263138	1	12808192	5939200	python3*1 
2026-09-28T11:46:48+04:00	ck9c-whole-2	0	2263992	2263138	41	9041911808	981196800	python3*36 pt_gloo_runloop*2 pt_tcpstore_uv*1 cuda0000240000a*1 cuda-EvtHandlr*1 
2026-09-28T11:46:48+04:00	ck9c-whole-2	0	2263993	2263138	23	887758848	607387648	python3*17 ZMQbg/Reaper*3 ZMQbg/IO/0*3 
2026-09-28T11:46:58+04:00	ck9c-whole-2	0	2263083	363	2	24326144	6070272	uv*1 main2*1 
2026-09-28T11:46:58+04:00	ck9c-whole-2	0	2263138	2263083	22	703803392	422776832	ft*18 ZMQbg/Reaper*2 ZMQbg/IO/0*2 
2026-09-28T11:46:58+04:00	ck9c-whole-2	0	2263991	2263138	1	12808192	5939200	python3*1 
2026-09-28T11:46:58+04:00	ck9c-whole-2	0	2263992	2263138	41	11483172864	981323776	python3*36 pt_gloo_runloop*2 pt_tcpstore_uv*1 cuda0000240000a*1 cuda-EvtHandlr*1 
2026-09-28T11:46:58+04:00	ck9c-whole-2	0	2263993	2263138	23	887758848	607387648	python3*17 ZMQbg/Reaper*3 ZMQbg/IO/0*3 
2026-09-28T11:47:08+04:00	ck9c-whole-2	0	2263083	363	2	24326144	6070272	uv*1 main2*1 
2026-09-28T11:47:08+04:00	ck9c-whole-2	0	2263138	2263083	22	703803392	422776832	ft*18 ZMQbg/Reaper*2 ZMQbg/IO/0*2 
2026-09-28T11:47:08+04:00	ck9c-whole-2	0	2263991	2263138	1	12808192	5939200	python3*1 
2026-09-28T11:47:08+04:00	ck9c-whole-2	0	2263992	2263138	41	16429096960	981573632	python3*36 pt_gloo_runloop*2 pt_tcpstore_uv*1 cuda0000240000a*1 cuda-EvtHandlr*1 
2026-09-28T11:47:09+04:00	ck9c-whole-2	0	2263993	2263138	23	887758848	607387648	python3*17 ZMQbg/Reaper*3 ZMQbg/IO/0*3 
2026-09-28T11:47:19+04:00	ck9c-whole-2	0	2263083	363	2	24027136	6070272	uv*1 main2*1 
2026-09-28T11:47:19+04:00	ck9c-whole-2	0	2263138	2263083	22	703770624	422776832	ft*18 ZMQbg/Reaper*2 ZMQbg/IO/0*2 
2026-09-28T11:47:19+04:00	ck9c-whole-2	0	2263991	2263138	1	12808192	5939200	python3*1 
2026-09-28T11:47:19+04:00	ck9c-whole-2	0	2263992	2263138	41	18583580672	981671936	python3*36 pt_gloo_runloop*2 pt_tcpstore_uv*1 cuda0000240000a*1 cuda-EvtHandlr*1 
2026-09-28T11:47:19+04:00	ck9c-whole-2	0	2263993	2263138	23	887754752	607387648	python3*17 ZMQbg/Reaper*3 ZMQbg/IO/0*3 
2026-09-28T11:47:29+04:00	ck9c-whole-2	0	2263083	363	2	23867392	6070272	uv*1 main2*1 
2026-09-28T11:47:29+04:00	ck9c-whole-2	0	2263138	2263083	22	696639488	422776832	ft*18 ZMQbg/Reaper*2 ZMQbg/IO/0*2 
2026-09-28T11:47:29+04:00	ck9c-whole-2	0	2263991	2263138	1	12808192	5939200	python3*1 
2026-09-28T11:47:29+04:00	ck9c-whole-2	0	2263992	2263138	41	21776613376	981823488	python3*36 pt_gloo_runloop*2 pt_tcpstore_uv*1 cuda0000240000a*1 cuda-EvtHandlr*1 
2026-09-28T11:47:29+04:00	ck9c-whole-2	0	2263993	2263138	23	880619520	607387648	python3*17 ZMQbg/Reaper*3 ZMQbg/IO/0*3 
2026-09-28T11:47:39+04:00	ck9c-whole-2	0	2263083	363	2	22802432	6070272	uv*1 main2*1 
2026-09-28T11:47:39+04:00	ck9c-whole-2	0	2263138	2263083	22	678965248	422776832	ft*18 ZMQbg/Reaper*2 ZMQbg/IO/0*2 
2026-09-28T11:47:39+04:00	ck9c-whole-2	0	2263991	2263138	1	12791808	5939200	python3*1 
2026-09-28T11:47:39+04:00	ck9c-whole-2	0	2263992	2263138	41	22643220480	981872640	python3*36 pt_gloo_runloop*2 pt_tcpstore_uv*1 cuda0000240000a*1 cuda-EvtHandlr*1 
2026-09-28T11:47:40+04:00	ck9c-whole-2	0	2263993	2263138	23	862580736	607387648	python3*17 ZMQbg/Reaper*3 ZMQbg/IO/0*3 
2026-09-28T11:47:50+04:00	ck9c-whole-2	0	2263083	363	2	22544384	6070272	uv*1 main2*1 
2026-09-28T11:47:50+04:00	ck9c-whole-2	0	2263138	2263083	22	596713472	422776832	ft*18 ZMQbg/Reaper*2 ZMQbg/IO/0*2 
2026-09-28T11:47:50+04:00	ck9c-whole-2	0	2263991	2263138	1	12791808	5939200	python3*1 
2026-09-28T11:47:50+04:00	ck9c-whole-2	0	2263992	2263138	41	22306582528	1511645184	python3*36 pt_gloo_runloop*2 pt_tcpstore_uv*1 cuda0000240000a*1 cuda-EvtHandlr*1 
2026-09-28T11:47:50+04:00	ck9c-whole-2	0	2263993	2263138	23	780009472	607387648	python3*17 ZMQbg/Reaper*3 ZMQbg/IO/0*3 
2026-09-28T11:48:00+04:00	ck9c-whole-2	0	2263083	363	2	22503424	6070272	uv*1 main2*1 
2026-09-28T11:48:00+04:00	ck9c-whole-2	0	2263138	2263083	39	795271168	620675072	ft*35 ZMQbg/Reaper*2 ZMQbg/IO/0*2 
2026-09-28T11:48:00+04:00	ck9c-whole-2	0	2263991	2263138	1	12791808	5939200	python3*1 
2026-09-28T11:48:00+04:00	ck9c-whole-2	0	2263992	2263138	45	22796009472	1993093120	python3*36 pt_gloo_runloop*2 ZMQbg/Reaper*2 ZMQbg/IO/0*2 pt_tcpstore_uv*1 cuda0000240000a*1 
2026-09-28T11:48:01+04:00	ck9c-whole-2	0	2263993	2263138	39	779567104	608202752	python3*33 ZMQbg/Reaper*3 ZMQbg/IO/0*3 
2026-09-28T11:48:11+04:00	ck9c-whole-2	0	2263083	363	2	19800064	6070272	uv*1 main2*1 
2026-09-28T11:48:11+04:00	ck9c-whole-2	0	2263138	2263083	39	772222976	620675072	ft*35 ZMQbg/Reaper*2 ZMQbg/IO/0*2 
2026-09-28T11:48:11+04:00	ck9c-whole-2	0	2263991	2263138	1	12775424	5939200	python3*1 
2026-09-28T11:48:11+04:00	ck9c-whole-2	0	2263992	2263138	45	22770696192	1993093120	python3*36 pt_gloo_runloop*2 ZMQbg/Reaper*2 ZMQbg/IO/0*2 pt_tcpstore_uv*1 cuda0000240000a*1 
2026-09-28T11:48:11+04:00	ck9c-whole-2	0	2263993	2263138	39	755617792	608202752	python3*33 ZMQbg/Reaper*3 ZMQbg/IO/0*3 
2026-09-28T11:48:21+04:00	ck9c-whole-2	1	2263083	363	2	13176832	6070272	uv*1 main2*1 
2026-09-28T11:48:21+04:00	ck9c-whole-2	1	2263138	2263083	57	747315200	623845376	ft*51 ZMQbg/Reaper*3 ZMQbg/IO/0*3 
2026-09-28T11:48:21+04:00	ck9c-whole-2	1	2263991	2263138	1	12701696	5939200	python3*1 
2026-09-28T11:48:21+04:00	ck9c-whole-2	1	2263992	2263138	45	22747033600	1993756672	python3*36 pt_gloo_runloop*2 ZMQbg/Reaper*2 ZMQbg/IO/0*2 pt_tcpstore_uv*1 cuda0000240000a*1 
2026-09-28T11:48:22+04:00	ck9c-whole-2	1	2263993	2263138	57	728276992	608890880	python3*49 ZMQbg/Reaper*4 ZMQbg/IO/0*4 
2026-09-28T11:48:32+04:00	ck9c-whole-2	1	2263083	363	2	13172736	6070272	uv*1 main2*1 
2026-09-28T11:48:32+04:00	ck9c-whole-2	1	2263138	2263083	57	728150016	623845376	ft*51 ZMQbg/Reaper*3 ZMQbg/IO/0*3 
2026-09-28T11:48:32+04:00	ck9c-whole-2	1	2263991	2263138	1	12697600	5939200	python3*1 
2026-09-28T11:48:32+04:00	ck9c-whole-2	1	2263992	2263138	45	22727958528	1993756672	python3*36 pt_gloo_runloop*2 ZMQbg/Reaper*2 ZMQbg/IO/0*2 pt_tcpstore_uv*1 cuda0000240000a*1 
2026-09-28T11:48:32+04:00	ck9c-whole-2	1	2263993	2263138	57	711585792	608890880	python3*49 ZMQbg/Reaper*4 ZMQbg/IO/0*4 
2026-09-28T11:48:42+04:00	ck9c-whole-2	3	2263083	363	2	13172736	6070272	uv*1 main2*1 
2026-09-28T11:48:42+04:00	ck9c-whole-2	3	2263138	2263083	57	728260608	623943680	ft*51 ZMQbg/Reaper*3 ZMQbg/IO/0*3 
2026-09-28T11:48:43+04:00	ck9c-whole-2	3	2263991	2263138	1	12697600	5939200	python3*1 
2026-09-28T11:48:43+04:00	ck9c-whole-2	3	2263992	2263138	45	22772240384	2036731904	python3*36 pt_gloo_runloop*2 ZMQbg/Reaper*2 ZMQbg/IO/0*2 pt_tcpstore_uv*1 cuda0000240000a*1 
2026-09-28T11:48:43+04:00	ck9c-whole-2	3	2263993	2263138	57	711618560	608911360	python3*49 ZMQbg/Reaper*4 ZMQbg/IO/0*4 
2026-09-28T11:48:53+04:00	ck9c-whole-2	3	2263083	363	2	13172736	6070272	uv*1 main2*1 
2026-09-28T11:48:53+04:00	ck9c-whole-2	3	2263138	2263083	57	728260608	623943680	ft*51 ZMQbg/Reaper*3 ZMQbg/IO/0*3 
2026-09-28T11:48:53+04:00	ck9c-whole-2	3	2263991	2263138	1	12697600	5939200	python3*1 
2026-09-28T11:48:53+04:00	ck9c-whole-2	3	2263992	2263138	45	22772240384	2036731904	python3*36 pt_gloo_runloop*2 ZMQbg/Reaper*2 ZMQbg/IO/0*2 pt_tcpstore_uv*1 cuda0000240000a*1 
2026-09-28T11:48:54+04:00	ck9c-whole-2	3	2263993	2263138	57	711618560	608911360	python3*49 ZMQbg/Reaper*4 ZMQbg/IO/0*4 
2026-09-28T11:49:44+04:00	ck9c-mirror-2	0	2306576	363	3	26943488	6029312	uv*1 tokio-rt-worker*1 main2*1 
2026-09-28T11:49:44+04:00	ck9c-mirror-2	0	2306593	2306576	16	649674752	380010496	ft*16 
2026-09-28T11:49:54+04:00	ck9c-mirror-2	0	2306576	363	2	27074560	6029312	uv*1 main2*1 
2026-09-28T11:49:54+04:00	ck9c-mirror-2	0	2306593	2306576	22	697102336	422780928	ft*18 ZMQbg/Reaper*2 ZMQbg/IO/0*2 
2026-09-28T11:49:54+04:00	ck9c-mirror-2	0	2307191	2306593	1	12812288	5943296	python3*1 
2026-09-28T11:49:54+04:00	ck9c-mirror-2	0	2307192	2306593	40	9538961408	7535058944	python3*35 pt_gloo_runloop*2 pt_tcpstore_uv*1 cuda0000240000a*1 cuda-EvtHandlr*1 
2026-09-28T11:49:54+04:00	ck9c-mirror-2	0	2307193	2306593	23	880619520	606572544	python3*17 ZMQbg/Reaper*3 ZMQbg/IO/0*3 
2026-09-28T11:50:09+04:00	ck9c-mirror-2	0	2306576	363	2	27074560	6029312	uv*1 main2*1 
2026-09-28T11:50:09+04:00	ck9c-mirror-2	0	2306593	2306576	22	697106432	422785024	ft*18 ZMQbg/Reaper*2 ZMQbg/IO/0*2 
2026-09-28T11:50:09+04:00	ck9c-mirror-2	0	2307191	2306593	1	12812288	5943296	python3*1 
2026-09-28T11:50:09+04:00	ck9c-mirror-2	0	2307192	2306593	40	17562050560	15434977280	python3*35 pt_gloo_runloop*2 pt_tcpstore_uv*1 cuda0000240000a*1 cuda-EvtHandlr*1 
2026-09-28T11:50:10+04:00	ck9c-mirror-2	0	2307193	2306593	23	880619520	606572544	python3*17 ZMQbg/Reaper*3 ZMQbg/IO/0*3 
2026-09-28T11:50:20+04:00	ck9c-mirror-2	0	2306576	363	2	27074560	6029312	uv*1 main2*1 
2026-09-28T11:50:20+04:00	ck9c-mirror-2	0	2306593	2306576	22	697106432	422785024	ft*18 ZMQbg/Reaper*2 ZMQbg/IO/0*2 
2026-09-28T11:50:20+04:00	ck9c-mirror-2	0	2307191	2306593	1	12812288	5943296	python3*1 
2026-09-28T11:50:20+04:00	ck9c-mirror-2	0	2307192	2306593	41	17564516352	15435051008	python3*36 pt_gloo_runloop*2 pt_tcpstore_uv*1 cuda0000240000a*1 cuda-EvtHandlr*1 
2026-09-28T11:50:20+04:00	ck9c-mirror-2	0	2307193	2306593	23	880619520	606572544	python3*17 ZMQbg/Reaper*3 ZMQbg/IO/0*3 
2026-09-28T11:50:30+04:00	ck9c-mirror-2	0	2306576	363	2	27074560	6029312	uv*1 main2*1 
2026-09-28T11:50:30+04:00	ck9c-mirror-2	0	2306593	2306576	22	696823808	422789120	ft*18 ZMQbg/Reaper*2 ZMQbg/IO/0*2 
2026-09-28T11:50:30+04:00	ck9c-mirror-2	0	2307191	2306593	1	12808192	5943296	python3*1 
2026-09-28T11:50:30+04:00	ck9c-mirror-2	0	2307192	2306593	41	16342716416	15750975488	python3*36 pt_gloo_runloop*2 pt_tcpstore_uv*1 cuda0000240000a*1 cuda-EvtHandlr*1 
2026-09-28T11:50:30+04:00	ck9c-mirror-2	0	2307193	2306593	23	880328704	606572544	python3*17 ZMQbg/Reaper*3 ZMQbg/IO/0*3 
2026-09-28T11:50:40+04:00	ck9c-mirror-2	0	2306576	363	2	27074560	6029312	uv*1 main2*1 
2026-09-28T11:50:40+04:00	ck9c-mirror-2	0	2306593	2306576	22	696823808	422789120	ft*18 ZMQbg/Reaper*2 ZMQbg/IO/0*2 
2026-09-28T11:50:40+04:00	ck9c-mirror-2	0	2307191	2306593	1	12808192	5943296	python3*1 
2026-09-28T11:50:40+04:00	ck9c-mirror-2	0	2307192	2306593	41	16600858624	15997808640	python3*36 pt_gloo_runloop*2 pt_tcpstore_uv*1 cuda0000240000a*1 cuda-EvtHandlr*1 
2026-09-28T11:50:40+04:00	ck9c-mirror-2	0	2307193	2306593	23	880328704	606572544	python3*17 ZMQbg/Reaper*3 ZMQbg/IO/0*3 
2026-09-28T11:50:51+04:00	ck9c-mirror-2	0	2306576	363	2	27074560	6029312	uv*1 main2*1 
2026-09-28T11:50:51+04:00	ck9c-mirror-2	0	2306593	2306576	22	696823808	422789120	ft*18 ZMQbg/Reaper*2 ZMQbg/IO/0*2 
2026-09-28T11:50:51+04:00	ck9c-mirror-2	0	2307191	2306593	1	12808192	5943296	python3*1 
2026-09-28T11:50:51+04:00	ck9c-mirror-2	0	2307192	2306593	41	16613687296	16010059776	python3*36 pt_gloo_runloop*2 pt_tcpstore_uv*1 cuda0000240000a*1 cuda-EvtHandlr*1 
2026-09-28T11:50:51+04:00	ck9c-mirror-2	0	2307193	2306593	23	880328704	606572544	python3*17 ZMQbg/Reaper*3 ZMQbg/IO/0*3 
2026-09-28T11:51:01+04:00	ck9c-mirror-2	0	2306576	363	2	27074560	6029312	uv*1 main2*1 
2026-09-28T11:51:01+04:00	ck9c-mirror-2	0	2306593	2306576	22	696885248	422805504	ft*18 ZMQbg/Reaper*2 ZMQbg/IO/0*2 
2026-09-28T11:51:01+04:00	ck9c-mirror-2	0	2307191	2306593	1	12808192	5943296	python3*1 
2026-09-28T11:51:01+04:00	ck9c-mirror-2	0	2307192	2306593	45	17070612480	16457834496	python3*36 pt_gloo_runloop*2 ZMQbg/Reaper*2 ZMQbg/IO/0*2 pt_tcpstore_uv*1 cuda0000240000a*1 
2026-09-28T11:51:01+04:00	ck9c-mirror-2	0	2307193	2306593	23	880418816	606617600	python3*17 ZMQbg/Reaper*3 ZMQbg/IO/0*3 
2026-09-28T11:51:11+04:00	ck9c-mirror-2	0	2306576	363	2	27074560	6029312	uv*1 main2*1 
2026-09-28T11:51:11+04:00	ck9c-mirror-2	0	2306593	2306576	39	901263360	621207552	ft*35 ZMQbg/Reaper*2 ZMQbg/IO/0*2 
2026-09-28T11:51:11+04:00	ck9c-mirror-2	0	2307191	2306593	1	12808192	5943296	python3*1 
2026-09-28T11:51:11+04:00	ck9c-mirror-2	0	2307192	2306593	45	17074622464	16458366976	python3*36 pt_gloo_runloop*2 ZMQbg/Reaper*2 ZMQbg/IO/0*2 pt_tcpstore_uv*1 cuda0000240000a*1 
2026-09-28T11:51:11+04:00	ck9c-mirror-2	0	2307193	2306593	39	884195328	607088640	python3*33 ZMQbg/Reaper*3 ZMQbg/IO/0*3 
2026-09-28T11:51:22+04:00	ck9c-mirror-2	0	2306576	363	2	27074560	6029312	uv*1 main2*1 
2026-09-28T11:51:22+04:00	ck9c-mirror-2	0	2306593	2306576	39	901263360	621207552	ft*35 ZMQbg/Reaper*2 ZMQbg/IO/0*2 
2026-09-28T11:51:22+04:00	ck9c-mirror-2	0	2307191	2306593	1	12808192	5943296	python3*1 
2026-09-28T11:51:22+04:00	ck9c-mirror-2	0	2307192	2306593	45	17072992256	16458366976	python3*36 pt_gloo_runloop*2 ZMQbg/Reaper*2 ZMQbg/IO/0*2 pt_tcpstore_uv*1 cuda0000240000a*1 
2026-09-28T11:51:22+04:00	ck9c-mirror-2	0	2307193	2306593	39	884195328	607088640	python3*33 ZMQbg/Reaper*3 ZMQbg/IO/0*3 
2026-09-28T11:51:32+04:00	ck9c-mirror-2	1	2306576	363	2	27074560	6029312	uv*1 main2*1 
2026-09-28T11:51:32+04:00	ck9c-mirror-2	1	2306593	2306576	57	903651328	623595520	ft*51 ZMQbg/Reaper*3 ZMQbg/IO/0*3 
2026-09-28T11:51:32+04:00	ck9c-mirror-2	1	2307191	2306593	1	12808192	5943296	python3*1 
2026-09-28T11:51:32+04:00	ck9c-mirror-2	1	2307192	2306593	45	17071120384	16458698752	python3*36 pt_gloo_runloop*2 ZMQbg/Reaper*2 ZMQbg/IO/0*2 pt_tcpstore_uv*1 cuda0000240000a*1 
2026-09-28T11:51:32+04:00	ck9c-mirror-2	1	2307193	2306593	57	885870592	608763904	python3*49 ZMQbg/Reaper*4 ZMQbg/IO/0*4 
2026-09-28T11:51:42+04:00	ck9c-mirror-2	1	2306576	363	2	27074560	6029312	uv*1 main2*1 
2026-09-28T11:51:42+04:00	ck9c-mirror-2	1	2306593	2306576	57	903651328	623595520	ft*51 ZMQbg/Reaper*3 ZMQbg/IO/0*3 
2026-09-28T11:51:42+04:00	ck9c-mirror-2	1	2307191	2306593	1	12808192	5943296	python3*1 
2026-09-28T11:51:42+04:00	ck9c-mirror-2	1	2307192	2306593	45	17071128576	16458698752	python3*36 pt_gloo_runloop*2 ZMQbg/Reaper*2 ZMQbg/IO/0*2 pt_tcpstore_uv*1 cuda0000240000a*1 
2026-09-28T11:51:42+04:00	ck9c-mirror-2	1	2307193	2306593	57	885870592	608763904	python3*49 ZMQbg/Reaper*4 ZMQbg/IO/0*4 
2026-09-28T11:51:53+04:00	ck9c-mirror-2	3	2306576	363	2	27074560	6029312	uv*1 main2*1 
2026-09-28T11:51:53+04:00	ck9c-mirror-2	3	2306593	2306576	57	903782400	623726592	ft*51 ZMQbg/Reaper*3 ZMQbg/IO/0*3 
2026-09-28T11:51:53+04:00	ck9c-mirror-2	3	2307191	2306593	1	12808192	5943296	python3*1 
2026-09-28T11:51:53+04:00	ck9c-mirror-2	3	2307192	2306593	45	17114537984	16501071872	python3*36 pt_gloo_runloop*2 ZMQbg/Reaper*2 ZMQbg/IO/0*2 pt_tcpstore_uv*1 cuda0000240000a*1 
2026-09-28T11:51:53+04:00	ck9c-mirror-2	3	2307193	2306593	57	885870592	608763904	python3*49 ZMQbg/Reaper*4 ZMQbg/IO/0*4 
2026-09-28T11:52:03+04:00	ck9c-mirror-2	3	2306576	363	2	27074560	6029312	uv*1 main2*1 
2026-09-28T11:52:03+04:00	ck9c-mirror-2	3	2306593	2306576	57	903782400	623726592	ft*51 ZMQbg/Reaper*3 ZMQbg/IO/0*3 
2026-09-28T11:52:03+04:00	ck9c-mirror-2	3	2307191	2306593	1	12808192	5943296	python3*1 
2026-09-28T11:52:03+04:00	ck9c-mirror-2	3	2307192	2306593	45	17114537984	16501071872	python3*36 pt_gloo_runloop*2 ZMQbg/Reaper*2 ZMQbg/IO/0*2 pt_tcpstore_uv*1 cuda0000240000a*1 
2026-09-28T11:52:03+04:00	ck9c-mirror-2	3	2307193	2306593	57	885870592	608763904	python3*49 ZMQbg/Reaper*4 ZMQbg/IO/0*4 
2026-09-28T11:52:13+04:00	ck9c-mirror-2	4	2306576	363	2	27074560	6029312	uv*1 main2*1 
2026-09-28T11:52:13+04:00	ck9c-mirror-2	4	2306593	2306576	57	987521024	707465216	ft*51 ZMQbg/Reaper*3 ZMQbg/IO/0*3 
2026-09-28T11:52:13+04:00	ck9c-mirror-2	4	2307191	2306593	1	12808192	5943296	python3*1 
2026-09-28T11:52:13+04:00	ck9c-mirror-2	4	2307192	2306593	45	17115553792	16502087680	python3*36 pt_gloo_runloop*2 ZMQbg/Reaper*2 ZMQbg/IO/0*2 pt_tcpstore_uv*1 cuda0000240000a*1 
2026-09-28T11:52:14+04:00	ck9c-mirror-2	4	2307193	2306593	57	885870592	608763904	python3*49 ZMQbg/Reaper*4 ZMQbg/IO/0*4 
2026-09-28T11:52:54+04:00	ck9c-whole-3	0	2343754	363	3	25624576	6057984	uv*1 tokio-rt-worker*1 main2*1 
2026-09-28T11:52:54+04:00	ck9c-whole-3	0	2343771	2343754	22	701976576	422572032	ft*18 ZMQbg/Reaper*2 ZMQbg/IO/0*2 
2026-09-28T11:52:54+04:00	ck9c-whole-3	0	2344359	2343771	1	12771328	5939200	python3*1 
2026-09-28T11:52:54+04:00	ck9c-whole-3	0	2344361	2343771	1	207609856	116166656	python3*1 
2026-09-28T11:52:54+04:00	ck9c-whole-3	0	2344362	2343771	1	259358720	130056192	python3*1 
2026-09-28T11:53:04+04:00	ck9c-whole-3	0	2343754	363	2	25755648	6057984	uv*1 main2*1 
2026-09-28T11:53:04+04:00	ck9c-whole-3	0	2343771	2343754	22	702271488	422748160	ft*18 ZMQbg/Reaper*2 ZMQbg/IO/0*2 
2026-09-28T11:53:04+04:00	ck9c-whole-3	0	2344359	2343771	1	12771328	5939200	python3*1 
2026-09-28T11:53:04+04:00	ck9c-whole-3	0	2344361	2343771	41	3100848128	940351488	python3*36 pt_gloo_runloop*2 pt_tcpstore_uv*1 cuda0000240000a*1 cuda-EvtHandlr*1 
2026-09-28T11:53:04+04:00	ck9c-whole-3	0	2344362	2343771	23	886104064	607436800	python3*17 ZMQbg/Reaper*3 ZMQbg/IO/0*3 
2026-09-28T11:53:14+04:00	ck9c-whole-3	0	2343754	363	2	25755648	6057984	uv*1 main2*1 
2026-09-28T11:53:14+04:00	ck9c-whole-3	0	2343771	2343754	22	702275584	422752256	ft*18 ZMQbg/Reaper*2 ZMQbg/IO/0*2 
2026-09-28T11:53:14+04:00	ck9c-whole-3	0	2344359	2343771	1	12771328	5939200	python3*1 
2026-09-28T11:53:14+04:00	ck9c-whole-3	0	2344361	2343771	41	3401682944	987525120	python3*36 pt_gloo_runloop*2 pt_tcpstore_uv*1 cuda0000240000a*1 cuda-EvtHandlr*1 
2026-09-28T11:53:14+04:00	ck9c-whole-3	0	2344362	2343771	23	886104064	607436800	python3*17 ZMQbg/Reaper*3 ZMQbg/IO/0*3 
2026-09-28T11:53:25+04:00	ck9c-whole-3	0	2343754	363	2	25755648	6057984	uv*1 main2*1 
2026-09-28T11:53:25+04:00	ck9c-whole-3	0	2343771	2343754	22	702275584	422752256	ft*18 ZMQbg/Reaper*2 ZMQbg/IO/0*2 
2026-09-28T11:53:25+04:00	ck9c-whole-3	0	2344359	2343771	1	12771328	5939200	python3*1 
2026-09-28T11:53:25+04:00	ck9c-whole-3	0	2344361	2343771	41	3687235584	987574272	python3*36 pt_gloo_runloop*2 pt_tcpstore_uv*1 cuda0000240000a*1 cuda-EvtHandlr*1 
2026-09-28T11:53:25+04:00	ck9c-whole-3	0	2344362	2343771	23	886104064	607436800	python3*17 ZMQbg/Reaper*3 ZMQbg/IO/0*3 
2026-09-28T11:53:35+04:00	ck9c-whole-3	0	2343754	363	2	25755648	6057984	uv*1 main2*1 
2026-09-28T11:53:35+04:00	ck9c-whole-3	0	2343771	2343754	22	702275584	422752256	ft*18 ZMQbg/Reaper*2 ZMQbg/IO/0*2 
2026-09-28T11:53:35+04:00	ck9c-whole-3	0	2344359	2343771	1	12771328	5939200	python3*1 
2026-09-28T11:53:35+04:00	ck9c-whole-3	0	2344361	2343771	41	6572339200	987701248	python3*36 pt_gloo_runloop*2 pt_tcpstore_uv*1 cuda0000240000a*1 cuda-EvtHandlr*1 
2026-09-28T11:53:35+04:00	ck9c-whole-3	0	2344362	2343771	23	886104064	607436800	python3*17 ZMQbg/Reaper*3 ZMQbg/IO/0*3 
2026-09-28T11:53:45+04:00	ck9c-whole-3	0	2343754	363	2	25755648	6057984	uv*1 main2*1 
2026-09-28T11:53:45+04:00	ck9c-whole-3	0	2343771	2343754	22	702271488	422756352	ft*18 ZMQbg/Reaper*2 ZMQbg/IO/0*2 
2026-09-28T11:53:45+04:00	ck9c-whole-3	0	2344359	2343771	1	12771328	5939200	python3*1 
2026-09-28T11:53:45+04:00	ck9c-whole-3	0	2344361	2343771	41	9520865280	987852800	python3*36 pt_gloo_runloop*2 pt_tcpstore_uv*1 cuda0000240000a*1 cuda-EvtHandlr*1 
2026-09-28T11:53:45+04:00	ck9c-whole-3	0	2344362	2343771	23	886095872	607436800	python3*17 ZMQbg/Reaper*3 ZMQbg/IO/0*3 
2026-09-28T11:53:55+04:00	ck9c-whole-3	0	2343754	363	2	25755648	6057984	uv*1 main2*1 
2026-09-28T11:53:55+04:00	ck9c-whole-3	0	2343771	2343754	22	702156800	422760448	ft*18 ZMQbg/Reaper*2 ZMQbg/IO/0*2 
2026-09-28T11:53:55+04:00	ck9c-whole-3	0	2344359	2343771	1	12771328	5939200	python3*1 
2026-09-28T11:53:55+04:00	ck9c-whole-3	0	2344361	2343771	41	16304762880	988205056	python3*36 pt_gloo_runloop*2 pt_tcpstore_uv*1 cuda0000240000a*1 cuda-EvtHandlr*1 
2026-09-28T11:53:56+04:00	ck9c-whole-3	0	2344362	2343771	23	885985280	607436800	python3*17 ZMQbg/Reaper*3 ZMQbg/IO/0*3 
2026-09-28T11:54:06+04:00	ck9c-whole-3	0	2343754	363	2	25092096	6057984	uv*1 main2*1 
2026-09-28T11:54:06+04:00	ck9c-whole-3	0	2343771	2343754	22	650715136	422760448	ft*18 ZMQbg/Reaper*2 ZMQbg/IO/0*2 
2026-09-28T11:54:06+04:00	ck9c-whole-3	0	2344359	2343771	1	12763136	5939200	python3*1 
2026-09-28T11:54:06+04:00	ck9c-whole-3	0	2344361	2343771	40	23252779008	888401920	python3*35 pt_gloo_runloop*2 pt_tcpstore_uv*1 cuda0000240000a*1 cuda-EvtHandlr*1 
2026-09-28T11:54:06+04:00	ck9c-whole-3	0	2344362	2343771	23	834396160	607436800	python3*17 ZMQbg/Reaper*3 ZMQbg/IO/0*3 
2026-09-28T11:54:16+04:00	ck9c-whole-3	0	2343754	363	2	25063424	6057984	uv*1 main2*1 
2026-09-28T11:54:16+04:00	ck9c-whole-3	0	2343771	2343754	23	706875392	446341120	ft*19 ZMQbg/Reaper*2 ZMQbg/IO/0*2 
2026-09-28T11:54:16+04:00	ck9c-whole-3	0	2344359	2343771	1	12763136	5939200	python3*1 
2026-09-28T11:54:16+04:00	ck9c-whole-3	0	2344361	2343771	45	22838845440	1992904704	python3*36 pt_gloo_runloop*2 ZMQbg/Reaper*2 ZMQbg/IO/0*2 pt_tcpstore_uv*1 cuda0000240000a*1 
2026-09-28T11:54:17+04:00	ck9c-whole-3	0	2344362	2343771	39	838238208	607903744	python3*33 ZMQbg/Reaper*3 ZMQbg/IO/0*3 
2026-09-28T11:54:27+04:00	ck9c-whole-3	0	2343754	363	2	25063424	6057984	uv*1 main2*1 
2026-09-28T11:54:27+04:00	ck9c-whole-3	0	2343771	2343754	39	854908928	621133824	ft*35 ZMQbg/Reaper*2 ZMQbg/IO/0*2 
2026-09-28T11:54:27+04:00	ck9c-whole-3	0	2344359	2343771	1	12763136	5939200	python3*1 
2026-09-28T11:54:27+04:00	ck9c-whole-3	0	2344361	2343771	45	22841978880	1993109504	python3*36 pt_gloo_runloop*2 ZMQbg/Reaper*2 ZMQbg/IO/0*2 pt_tcpstore_uv*1 cuda0000240000a*1 
2026-09-28T11:54:27+04:00	ck9c-whole-3	0	2344362	2343771	39	838299648	607965184	python3*33 ZMQbg/Reaper*3 ZMQbg/IO/0*3 
2026-09-28T11:54:37+04:00	ck9c-whole-3	0	2343754	363	2	25063424	6057984	uv*1 main2*1 
2026-09-28T11:54:37+04:00	ck9c-whole-3	0	2343771	2343754	39	854908928	621133824	ft*35 ZMQbg/Reaper*2 ZMQbg/IO/0*2 
2026-09-28T11:54:37+04:00	ck9c-whole-3	0	2344359	2343771	1	12763136	5939200	python3*1 
2026-09-28T11:54:37+04:00	ck9c-whole-3	0	2344361	2343771	45	22841978880	1993109504	python3*36 pt_gloo_runloop*2 ZMQbg/Reaper*2 ZMQbg/IO/0*2 pt_tcpstore_uv*1 cuda0000240000a*1 
2026-09-28T11:54:37+04:00	ck9c-whole-3	0	2344362	2343771	39	838299648	607965184	python3*33 ZMQbg/Reaper*3 ZMQbg/IO/0*3 
2026-09-28T11:54:47+04:00	ck9c-whole-3	1	2343754	363	2	25063424	6057984	uv*1 main2*1 
2026-09-28T11:54:47+04:00	ck9c-whole-3	1	2343771	2343754	57	857485312	623710208	ft*51 ZMQbg/Reaper*3 ZMQbg/IO/0*3 
2026-09-28T11:54:47+04:00	ck9c-whole-3	1	2344359	2343771	1	12763136	5939200	python3*1 
2026-09-28T11:54:47+04:00	ck9c-whole-3	1	2344361	2343771	45	22842310656	1993441280	python3*36 pt_gloo_runloop*2 ZMQbg/Reaper*2 ZMQbg/IO/0*2 pt_tcpstore_uv*1 cuda0000240000a*1 
2026-09-28T11:54:48+04:00	ck9c-whole-3	1	2344362	2343771	57	839811072	609476608	python3*49 ZMQbg/Reaper*4 ZMQbg/IO/0*4 
2026-09-28T11:54:58+04:00	ck9c-whole-3	1	2343754	363	2	25063424	6057984	uv*1 main2*1 
2026-09-28T11:54:58+04:00	ck9c-whole-3	1	2343771	2343754	57	857485312	623718400	ft*51 ZMQbg/Reaper*3 ZMQbg/IO/0*3 
2026-09-28T11:54:58+04:00	ck9c-whole-3	1	2344359	2343771	1	12763136	5939200	python3*1 
2026-09-28T11:54:58+04:00	ck9c-whole-3	1	2344361	2343771	45	22843801600	2015473664	python3*36 pt_gloo_runloop*2 ZMQbg/Reaper*2 ZMQbg/IO/0*2 pt_tcpstore_uv*1 cuda0000240000a*1 
2026-09-28T11:54:58+04:00	ck9c-whole-3	1	2344362	2343771	57	839798784	609476608	python3*49 ZMQbg/Reaper*4 ZMQbg/IO/0*4 
2026-09-28T11:55:08+04:00	ck9c-whole-3	3	2343754	363	2	25051136	6057984	uv*1 main2*1 
2026-09-28T11:55:08+04:00	ck9c-whole-3	3	2343771	2343754	57	857382912	623828992	ft*51 ZMQbg/Reaper*3 ZMQbg/IO/0*3 
2026-09-28T11:55:09+04:00	ck9c-whole-3	3	2344359	2343771	1	12763136	5939200	python3*1 
2026-09-28T11:55:09+04:00	ck9c-whole-3	3	2344361	2343771	45	22882664448	2038452224	python3*36 pt_gloo_runloop*2 ZMQbg/Reaper*2 ZMQbg/IO/0*2 pt_tcpstore_uv*1 cuda0000240000a*1 
2026-09-28T11:55:09+04:00	ck9c-whole-3	3	2344362	2343771	57	839507968	609476608	python3*49 ZMQbg/Reaper*4 ZMQbg/IO/0*4 
2026-09-28T11:55:19+04:00	ck9c-whole-3	4	2343754	363	2	25038848	6057984	uv*1 main2*1 
2026-09-28T11:55:19+04:00	ck9c-whole-3	4	2343771	2343754	57	940679168	707489792	ft*51 ZMQbg/Reaper*3 ZMQbg/IO/0*3 
2026-09-28T11:55:19+04:00	ck9c-whole-3	4	2344359	2343771	1	12763136	5939200	python3*1 
2026-09-28T11:55:19+04:00	ck9c-whole-3	4	2344361	2343771	45	22874959872	2037403648	python3*36 pt_gloo_runloop*2 ZMQbg/Reaper*2 ZMQbg/IO/0*2 pt_tcpstore_uv*1 cuda0000240000a*1 
2026-09-28T11:55:20+04:00	ck9c-whole-3	4	2344362	2343771	57	839225344	609476608	python3*49 ZMQbg/Reaper*4 ZMQbg/IO/0*4 
2026-09-28T11:56:10+04:00	ck9c-mirror-3	0	2372453	363	3	24383488	6049792	uv*1 tokio-rt-worker*1 main2*1 
2026-09-28T11:56:10+04:00	ck9c-mirror-3	0	2372470	2372453	22	701849600	422772736	ft*18 ZMQbg/Reaper*2 ZMQbg/IO/0*2 
2026-09-28T11:56:10+04:00	ck9c-mirror-3	0	2372995	2372470	1	12783616	5943296	python3*1 
2026-09-28T11:56:10+04:00	ck9c-mirror-3	0	2372996	2372470	25	2446487552	856559616	python3*20 pt_gloo_runloop*2 pt_tcpstore_uv*1 cuda0000240000a*1 cuda-EvtHandlr*1 
2026-09-28T11:56:10+04:00	ck9c-mirror-3	0	2372997	2372470	23	883023872	606760960	python3*17 ZMQbg/Reaper*3 ZMQbg/IO/0*3 
2026-09-28T11:56:20+04:00	ck9c-mirror-3	0	2372453	363	2	24514560	6049792	uv*1 main2*1 
2026-09-28T11:56:20+04:00	ck9c-mirror-3	0	2372470	2372453	22	701853696	422776832	ft*18 ZMQbg/Reaper*2 ZMQbg/IO/0*2 
2026-09-28T11:56:20+04:00	ck9c-mirror-3	0	2372995	2372470	1	12783616	5943296	python3*1 
2026-09-28T11:56:20+04:00	ck9c-mirror-3	0	2372996	2372470	40	17557577728	15431049216	python3*35 pt_gloo_runloop*2 pt_tcpstore_uv*1 cuda0000240000a*1 cuda-EvtHandlr*1 
2026-09-28T11:56:20+04:00	ck9c-mirror-3	0	2372997	2372470	23	883023872	606760960	python3*17 ZMQbg/Reaper*3 ZMQbg/IO/0*3 
2026-09-28T11:56:30+04:00	ck9c-mirror-3	0	2372453	363	2	24514560	6049792	uv*1 main2*1 
2026-09-28T11:56:30+04:00	ck9c-mirror-3	0	2372470	2372453	22	701853696	422776832	ft*18 ZMQbg/Reaper*2 ZMQbg/IO/0*2 
2026-09-28T11:56:30+04:00	ck9c-mirror-3	0	2372995	2372470	1	12783616	5943296	python3*1 
2026-09-28T11:56:30+04:00	ck9c-mirror-3	0	2372996	2372470	41	17559982080	15431118848	python3*36 pt_gloo_runloop*2 pt_tcpstore_uv*1 cuda0000240000a*1 cuda-EvtHandlr*1 
2026-09-28T11:56:30+04:00	ck9c-mirror-3	0	2372997	2372470	23	883023872	606760960	python3*17 ZMQbg/Reaper*3 ZMQbg/IO/0*3 
2026-09-28T11:56:41+04:00	ck9c-mirror-3	0	2372453	363	2	24514560	6049792	uv*1 main2*1 
2026-09-28T11:56:41+04:00	ck9c-mirror-3	0	2372470	2372453	22	701853696	422776832	ft*18 ZMQbg/Reaper*2 ZMQbg/IO/0*2 
2026-09-28T11:56:41+04:00	ck9c-mirror-3	0	2372995	2372470	1	12783616	5943296	python3*1 
2026-09-28T11:56:41+04:00	ck9c-mirror-3	0	2372996	2372470	41	16341676032	15752208384	python3*36 pt_gloo_runloop*2 pt_tcpstore_uv*1 cuda0000240000a*1 cuda-EvtHandlr*1 
2026-09-28T11:56:41+04:00	ck9c-mirror-3	0	2372997	2372470	23	883023872	606760960	python3*17 ZMQbg/Reaper*3 ZMQbg/IO/0*3 
2026-09-28T11:56:51+04:00	ck9c-mirror-3	0	2372453	363	2	24514560	6049792	uv*1 main2*1 
2026-09-28T11:56:51+04:00	ck9c-mirror-3	0	2372470	2372453	22	701853696	422776832	ft*18 ZMQbg/Reaper*2 ZMQbg/IO/0*2 
2026-09-28T11:56:51+04:00	ck9c-mirror-3	0	2372995	2372470	1	12783616	5943296	python3*1 
2026-09-28T11:56:51+04:00	ck9c-mirror-3	0	2372996	2372470	41	16599576576	15998984192	python3*36 pt_gloo_runloop*2 pt_tcpstore_uv*1 cuda0000240000a*1 cuda-EvtHandlr*1 
2026-09-28T11:56:51+04:00	ck9c-mirror-3	0	2372997	2372470	23	883023872	606760960	python3*17 ZMQbg/Reaper*3 ZMQbg/IO/0*3 
2026-09-28T11:57:01+04:00	ck9c-mirror-3	0	2372453	363	2	24514560	6049792	uv*1 main2*1 
2026-09-28T11:57:01+04:00	ck9c-mirror-3	0	2372470	2372453	22	701853696	422776832	ft*18 ZMQbg/Reaper*2 ZMQbg/IO/0*2 
2026-09-28T11:57:01+04:00	ck9c-mirror-3	0	2372995	2372470	1	12783616	5943296	python3*1 
2026-09-28T11:57:01+04:00	ck9c-mirror-3	0	2372996	2372470	41	16864407552	16257712128	python3*36 pt_gloo_runloop*2 pt_tcpstore_uv*1 cuda0000240000a*1 cuda-EvtHandlr*1 
2026-09-28T11:57:01+04:00	ck9c-mirror-3	0	2372997	2372470	23	883023872	606760960	python3*17 ZMQbg/Reaper*3 ZMQbg/IO/0*3 
2026-09-28T11:57:11+04:00	ck9c-mirror-3	0	2372453	363	2	24514560	6049792	uv*1 main2*1 
2026-09-28T11:57:11+04:00	ck9c-mirror-3	0	2372470	2372453	22	701923328	422801408	ft*18 ZMQbg/Reaper*2 ZMQbg/IO/0*2 
2026-09-28T11:57:11+04:00	ck9c-mirror-3	0	2372995	2372470	1	12783616	5943296	python3*1 
2026-09-28T11:57:11+04:00	ck9c-mirror-3	0	2372996	2372470	45	17067220992	16456945664	python3*36 pt_gloo_runloop*2 ZMQbg/Reaper*2 ZMQbg/IO/0*2 pt_tcpstore_uv*1 cuda0000240000a*1 
2026-09-28T11:57:12+04:00	ck9c-mirror-3	0	2372997	2372470	23	883113984	606806016	python3*17 ZMQbg/Reaper*3 ZMQbg/IO/0*3 
2026-09-28T11:57:22+04:00	ck9c-mirror-3	0	2372453	363	2	24514560	6049792	uv*1 main2*1 
2026-09-28T11:57:22+04:00	ck9c-mirror-3	0	2372470	2372453	39	906264576	621203456	ft*35 ZMQbg/Reaper*2 ZMQbg/IO/0*2 
2026-09-28T11:57:22+04:00	ck9c-mirror-3	0	2372995	2372470	1	12783616	5943296	python3*1 
2026-09-28T11:57:22+04:00	ck9c-mirror-3	0	2372996	2372470	45	17070915584	16457052160	python3*36 pt_gloo_runloop*2 ZMQbg/Reaper*2 ZMQbg/IO/0*2 pt_tcpstore_uv*1 cuda0000240000a*1 
2026-09-28T11:57:22+04:00	ck9c-mirror-3	0	2372997	2372470	39	886861824	607297536	python3*33 ZMQbg/Reaper*3 ZMQbg/IO/0*3 
2026-09-28T11:57:32+04:00	ck9c-mirror-3	0	2372453	363	2	24514560	6049792	uv*1 main2*1 
2026-09-28T11:57:32+04:00	ck9c-mirror-3	0	2372470	2372453	39	906264576	621203456	ft*35 ZMQbg/Reaper*2 ZMQbg/IO/0*2 
2026-09-28T11:57:32+04:00	ck9c-mirror-3	0	2372995	2372470	1	12783616	5943296	python3*1 
2026-09-28T11:57:32+04:00	ck9c-mirror-3	0	2372996	2372470	45	17070915584	16457052160	python3*36 pt_gloo_runloop*2 ZMQbg/Reaper*2 ZMQbg/IO/0*2 pt_tcpstore_uv*1 cuda0000240000a*1 
2026-09-28T11:57:32+04:00	ck9c-mirror-3	0	2372997	2372470	39	886861824	607297536	python3*33 ZMQbg/Reaper*3 ZMQbg/IO/0*3 
2026-09-28T11:57:42+04:00	ck9c-mirror-3	1	2372453	363	2	24514560	6049792	uv*1 main2*1 
2026-09-28T11:57:42+04:00	ck9c-mirror-3	1	2372470	2372453	57	909189120	624128000	ft*51 ZMQbg/Reaper*3 ZMQbg/IO/0*3 
2026-09-28T11:57:42+04:00	ck9c-mirror-3	1	2372995	2372470	1	12783616	5943296	python3*1 
2026-09-28T11:57:42+04:00	ck9c-mirror-3	1	2372996	2372470	45	17071243264	16457379840	python3*36 pt_gloo_runloop*2 ZMQbg/Reaper*2 ZMQbg/IO/0*2 pt_tcpstore_uv*1 cuda0000240000a*1 
2026-09-28T11:57:42+04:00	ck9c-mirror-3	1	2372997	2372470	57	887558144	607993856	python3*49 ZMQbg/Reaper*4 ZMQbg/IO/0*4 
2026-09-28T11:57:53+04:00	ck9c-mirror-3	1	2372453	363	2	24514560	6049792	uv*1 main2*1 
2026-09-28T11:57:53+04:00	ck9c-mirror-3	1	2372470	2372453	57	909189120	624128000	ft*51 ZMQbg/Reaper*3 ZMQbg/IO/0*3 
2026-09-28T11:57:53+04:00	ck9c-mirror-3	1	2372995	2372470	1	12783616	5943296	python3*1 
2026-09-28T11:57:53+04:00	ck9c-mirror-3	1	2372996	2372470	45	17071243264	16457379840	python3*36 pt_gloo_runloop*2 ZMQbg/Reaper*2 ZMQbg/IO/0*2 pt_tcpstore_uv*1 cuda0000240000a*1 
2026-09-28T11:57:53+04:00	ck9c-mirror-3	1	2372997	2372470	57	887558144	607993856	python3*49 ZMQbg/Reaper*4 ZMQbg/IO/0*4 
2026-09-28T11:58:03+04:00	ck9c-mirror-3	3	2372453	363	2	24514560	6049792	uv*1 main2*1 
2026-09-28T11:58:03+04:00	ck9c-mirror-3	3	2372470	2372453	57	909557760	624496640	ft*51 ZMQbg/Reaper*3 ZMQbg/IO/0*3 
2026-09-28T11:58:03+04:00	ck9c-mirror-3	3	2372995	2372470	1	12783616	5943296	python3*1 
2026-09-28T11:58:03+04:00	ck9c-mirror-3	3	2372996	2372470	45	17114750976	16499851264	python3*36 pt_gloo_runloop*2 ZMQbg/Reaper*2 ZMQbg/IO/0*2 pt_tcpstore_uv*1 cuda0000240000a*1 
2026-09-28T11:58:03+04:00	ck9c-mirror-3	3	2372997	2372470	57	887558144	607993856	python3*49 ZMQbg/Reaper*4 ZMQbg/IO/0*4 
2026-09-28T11:58:13+04:00	ck9c-mirror-3	3	2372453	363	2	24514560	6049792	uv*1 main2*1 
2026-09-28T11:58:13+04:00	ck9c-mirror-3	3	2372470	2372453	57	909557760	624496640	ft*51 ZMQbg/Reaper*3 ZMQbg/IO/0*3 
2026-09-28T11:58:13+04:00	ck9c-mirror-3	3	2372995	2372470	1	12783616	5943296	python3*1 
2026-09-28T11:58:13+04:00	ck9c-mirror-3	3	2372996	2372470	45	17114750976	16499851264	python3*36 pt_gloo_runloop*2 ZMQbg/Reaper*2 ZMQbg/IO/0*2 pt_tcpstore_uv*1 cuda0000240000a*1 
2026-09-28T11:58:13+04:00	ck9c-mirror-3	3	2372997	2372470	57	887558144	607993856	python3*49 ZMQbg/Reaper*4 ZMQbg/IO/0*4 
2026-09-28T11:59:33+04:00	ck9c-whole-256k	0	2402125	363	3	24723456	6057984	uv*1 tokio-rt-worker*1 main2*1 
2026-09-28T11:59:33+04:00	ck9c-whole-256k	0	2402153	2402125	1	109252608	69107712	ft*1 
2026-09-28T11:59:44+04:00	ck9c-whole-256k	0	2402125	363	2	24854528	6057984	uv*1 main2*1 
2026-09-28T11:59:44+04:00	ck9c-whole-256k	0	2402153	2402125	22	702226432	422756352	ft*18 ZMQbg/Reaper*2 ZMQbg/IO/0*2 
2026-09-28T11:59:44+04:00	ck9c-whole-256k	0	2402588	2402153	1	12734464	5939200	python3*1 
2026-09-28T11:59:44+04:00	ck9c-whole-256k	0	2402589	2402153	41	5102960640	979525632	python3*36 pt_gloo_runloop*2 pt_tcpstore_uv*1 cuda0000240000a*1 cuda-EvtHandlr*1 
2026-09-28T11:59:44+04:00	ck9c-whole-256k	0	2402590	2402153	23	885321728	607391744	python3*17 ZMQbg/Reaper*3 ZMQbg/IO/0*3 
2026-09-28T11:59:54+04:00	ck9c-whole-256k	0	2402125	363	2	24854528	6057984	uv*1 main2*1 
2026-09-28T11:59:54+04:00	ck9c-whole-256k	0	2402153	2402125	22	702230528	422760448	ft*18 ZMQbg/Reaper*2 ZMQbg/IO/0*2 
2026-09-28T11:59:54+04:00	ck9c-whole-256k	0	2402588	2402153	1	12734464	5939200	python3*1 
2026-09-28T11:59:54+04:00	ck9c-whole-256k	0	2402589	2402153	41	14772891648	980029440	python3*36 pt_gloo_runloop*2 pt_tcpstore_uv*1 cuda0000240000a*1 cuda-EvtHandlr*1 
2026-09-28T11:59:54+04:00	ck9c-whole-256k	0	2402590	2402153	23	885321728	607391744	python3*17 ZMQbg/Reaper*3 ZMQbg/IO/0*3 
2026-09-28T12:00:04+04:00	ck9c-whole-256k	0	2402125	363	2	22204416	6057984	uv*1 main2*1 
2026-09-28T12:00:04+04:00	ck9c-whole-256k	0	2402153	2402125	22	624152576	422764544	ft*18 ZMQbg/Reaper*2 ZMQbg/IO/0*2 
2026-09-28T12:00:04+04:00	ck9c-whole-256k	0	2402588	2402153	1	12673024	5939200	python3*1 
2026-09-28T12:00:04+04:00	ck9c-whole-256k	0	2402589	2402153	40	23204397056	880304128	python3*35 pt_gloo_runloop*2 pt_tcpstore_uv*1 cuda0000240000a*1 cuda-EvtHandlr*1 
2026-09-28T12:00:04+04:00	ck9c-whole-256k	0	2402590	2402153	23	807661568	607391744	python3*17 ZMQbg/Reaper*3 ZMQbg/IO/0*3 
2026-09-28T12:00:14+04:00	ck9c-whole-256k	0	2402125	363	2	22020096	6057984	uv*1 main2*1 
2026-09-28T12:00:15+04:00	ck9c-whole-256k	0	2402153	2402125	39	824942592	620744704	ft*35 ZMQbg/Reaper*2 ZMQbg/IO/0*2 
2026-09-28T12:00:15+04:00	ck9c-whole-256k	0	2402588	2402153	1	12673024	5939200	python3*1 
2026-09-28T12:00:15+04:00	ck9c-whole-256k	0	2402589	2402153	45	22793887744	1992646656	python3*36 pt_gloo_runloop*2 ZMQbg/Reaper*2 ZMQbg/IO/0*2 pt_tcpstore_uv*1 cuda0000240000a*1 
2026-09-28T12:00:15+04:00	ck9c-whole-256k	0	2402590	2402153	39	808886272	608206848	python3*33 ZMQbg/Reaper*3 ZMQbg/IO/0*3 
2026-09-28T12:00:25+04:00	ck9c-whole-256k	0	2402125	363	2	22020096	6057984	uv*1 main2*1 
2026-09-28T12:00:25+04:00	ck9c-whole-256k	0	2402153	2402125	39	825135104	620937216	ft*35 ZMQbg/Reaper*2 ZMQbg/IO/0*2 
2026-09-28T12:00:25+04:00	ck9c-whole-256k	0	2402588	2402153	1	12673024	5939200	python3*1 
2026-09-28T12:00:25+04:00	ck9c-whole-256k	0	2402589	2402153	45	22795018240	1992749056	python3*36 pt_gloo_runloop*2 ZMQbg/Reaper*2 ZMQbg/IO/0*2 pt_tcpstore_uv*1 cuda0000240000a*1 
2026-09-28T12:00:25+04:00	ck9c-whole-256k	0	2402590	2402153	39	808894464	608215040	python3*33 ZMQbg/Reaper*3 ZMQbg/IO/0*3 
2026-09-28T12:00:35+04:00	ck9c-whole-256k	0	2402125	363	2	22020096	6057984	uv*1 main2*1 
2026-09-28T12:00:35+04:00	ck9c-whole-256k	0	2402153	2402125	39	825135104	620937216	ft*35 ZMQbg/Reaper*2 ZMQbg/IO/0*2 
2026-09-28T12:00:35+04:00	ck9c-whole-256k	0	2402588	2402153	1	12673024	5939200	python3*1 
2026-09-28T12:00:35+04:00	ck9c-whole-256k	0	2402589	2402153	45	22795018240	1992749056	python3*36 pt_gloo_runloop*2 ZMQbg/Reaper*2 ZMQbg/IO/0*2 pt_tcpstore_uv*1 cuda0000240000a*1 
2026-09-28T12:00:36+04:00	ck9c-whole-256k	0	2402590	2402153	39	808894464	608215040	python3*33 ZMQbg/Reaper*3 ZMQbg/IO/0*3 
2026-09-28T12:00:46+04:00	ck9c-whole-256k	1	2402125	363	2	22020096	6057984	uv*1 main2*1 
2026-09-28T12:00:46+04:00	ck9c-whole-256k	1	2402153	2402125	57	899670016	695472128	ft*51 ZMQbg/Reaper*3 ZMQbg/IO/0*3 
2026-09-28T12:00:46+04:00	ck9c-whole-256k	1	2402588	2402153	1	12673024	5939200	python3*1 
2026-09-28T12:00:46+04:00	ck9c-whole-256k	1	2402589	2402153	45	22796079104	1993809920	python3*36 pt_gloo_runloop*2 ZMQbg/Reaper*2 ZMQbg/IO/0*2 pt_tcpstore_uv*1 cuda0000240000a*1 
2026-09-28T12:00:46+04:00	ck9c-whole-256k	1	2402590	2402153	57	871936000	671256576	python3*49 ZMQbg/Reaper*4 ZMQbg/IO/0*4 
2026-09-28T12:00:56+04:00	ck9c-whole-256k	1	2402125	363	2	22020096	6057984	uv*1 main2*1 
2026-09-28T12:00:56+04:00	ck9c-whole-256k	1	2402153	2402125	57	899670016	695472128	ft*51 ZMQbg/Reaper*3 ZMQbg/IO/0*3 
2026-09-28T12:00:56+04:00	ck9c-whole-256k	1	2402588	2402153	1	12673024	5939200	python3*1 
2026-09-28T12:00:56+04:00	ck9c-whole-256k	1	2402589	2402153	45	22796140544	1993871360	python3*36 pt_gloo_runloop*2 ZMQbg/Reaper*2 ZMQbg/IO/0*2 pt_tcpstore_uv*1 cuda0000240000a*1 
2026-09-28T12:00:56+04:00	ck9c-whole-256k	1	2402590	2402153	57	871936000	671256576	python3*49 ZMQbg/Reaper*4 ZMQbg/IO/0*4 
2026-09-28T12:01:06+04:00	ck9c-whole-256k	1	2402125	363	2	22020096	6057984	uv*1 main2*1 
2026-09-28T12:01:06+04:00	ck9c-whole-256k	1	2402153	2402125	57	899670016	695472128	ft*51 ZMQbg/Reaper*3 ZMQbg/IO/0*3 
2026-09-28T12:01:07+04:00	ck9c-whole-256k	1	2402588	2402153	1	12673024	5939200	python3*1 
2026-09-28T12:01:07+04:00	ck9c-whole-256k	1	2402589	2402153	45	22796341248	1994072064	python3*36 pt_gloo_runloop*2 ZMQbg/Reaper*2 ZMQbg/IO/0*2 pt_tcpstore_uv*1 cuda0000240000a*1 
2026-09-28T12:01:07+04:00	ck9c-whole-256k	1	2402590	2402153	57	871936000	671256576	python3*49 ZMQbg/Reaper*4 ZMQbg/IO/0*4 
2026-09-28T12:01:17+04:00	ck9c-whole-256k	1	2402125	363	2	22020096	6057984	uv*1 main2*1 
2026-09-28T12:01:17+04:00	ck9c-whole-256k	1	2402153	2402125	57	899670016	695472128	ft*51 ZMQbg/Reaper*3 ZMQbg/IO/0*3 
2026-09-28T12:01:17+04:00	ck9c-whole-256k	1	2402588	2402153	1	12673024	5939200	python3*1 
2026-09-28T12:01:17+04:00	ck9c-whole-256k	1	2402589	2402153	45	22796341248	1994072064	python3*36 pt_gloo_runloop*2 ZMQbg/Reaper*2 ZMQbg/IO/0*2 pt_tcpstore_uv*1 cuda0000240000a*1 
2026-09-28T12:01:17+04:00	ck9c-whole-256k	1	2402590	2402153	57	871936000	671256576	python3*49 ZMQbg/Reaper*4 ZMQbg/IO/0*4 
2026-09-28T12:01:27+04:00	ck9c-whole-256k	1	2402125	363	2	22020096	6057984	uv*1 main2*1 
2026-09-28T12:01:27+04:00	ck9c-whole-256k	1	2402153	2402125	57	899670016	695472128	ft*51 ZMQbg/Reaper*3 ZMQbg/IO/0*3 
2026-09-28T12:01:27+04:00	ck9c-whole-256k	1	2402588	2402153	1	12673024	5939200	python3*1 
2026-09-28T12:01:27+04:00	ck9c-whole-256k	1	2402589	2402153	45	22796361728	1994092544	python3*36 pt_gloo_runloop*2 ZMQbg/Reaper*2 ZMQbg/IO/0*2 pt_tcpstore_uv*1 cuda0000240000a*1 
2026-09-28T12:01:27+04:00	ck9c-whole-256k	1	2402590	2402153	57	871936000	671256576	python3*49 ZMQbg/Reaper*4 ZMQbg/IO/0*4 
2026-09-28T12:01:37+04:00	ck9c-whole-256k	1	2402125	363	2	22020096	6057984	uv*1 main2*1 
2026-09-28T12:01:37+04:00	ck9c-whole-256k	1	2402153	2402125	57	899670016	695472128	ft*51 ZMQbg/Reaper*3 ZMQbg/IO/0*3 
2026-09-28T12:01:37+04:00	ck9c-whole-256k	1	2402588	2402153	1	12673024	5939200	python3*1 
2026-09-28T12:01:37+04:00	ck9c-whole-256k	1	2402589	2402153	45	22796361728	1994092544	python3*36 pt_gloo_runloop*2 ZMQbg/Reaper*2 ZMQbg/IO/0*2 pt_tcpstore_uv*1 cuda0000240000a*1 
2026-09-28T12:01:38+04:00	ck9c-whole-256k	1	2402590	2402153	57	871936000	671256576	python3*49 ZMQbg/Reaper*4 ZMQbg/IO/0*4 
2026-09-28T12:01:48+04:00	ck9c-whole-256k	1	2402125	363	2	22020096	6057984	uv*1 main2*1 
2026-09-28T12:01:48+04:00	ck9c-whole-256k	1	2402153	2402125	57	899670016	695472128	ft*51 ZMQbg/Reaper*3 ZMQbg/IO/0*3 
2026-09-28T12:01:48+04:00	ck9c-whole-256k	1	2402588	2402153	1	12673024	5939200	python3*1 
2026-09-28T12:01:48+04:00	ck9c-whole-256k	1	2402589	2402153	45	22796361728	1994092544	python3*36 pt_gloo_runloop*2 ZMQbg/Reaper*2 ZMQbg/IO/0*2 pt_tcpstore_uv*1 cuda0000240000a*1 
2026-09-28T12:01:48+04:00	ck9c-whole-256k	1	2402590	2402153	57	871936000	671256576	python3*49 ZMQbg/Reaper*4 ZMQbg/IO/0*4 
2026-09-28T12:01:58+04:00	ck9c-whole-256k	3	2402125	363	2	22020096	6057984	uv*1 main2*1 
2026-09-28T12:01:58+04:00	ck9c-whole-256k	3	2402153	2402125	57	900595712	696397824	ft*51 ZMQbg/Reaper*3 ZMQbg/IO/0*3 
2026-09-28T12:01:58+04:00	ck9c-whole-256k	3	2402588	2402153	1	12673024	5939200	python3*1 
2026-09-28T12:01:58+04:00	ck9c-whole-256k	3	2402589	2402153	45	22858682368	2054545408	python3*36 pt_gloo_runloop*2 ZMQbg/Reaper*2 ZMQbg/IO/0*2 pt_tcpstore_uv*1 cuda0000240000a*1 
2026-09-28T12:01:58+04:00	ck9c-whole-256k	3	2402590	2402153	57	850427904	649748480	python3*49 ZMQbg/Reaper*4 ZMQbg/IO/0*4 
2026-09-28T12:02:09+04:00	ck9c-whole-256k	3	2402125	363	2	22020096	6057984	uv*1 main2*1 
2026-09-28T12:02:09+04:00	ck9c-whole-256k	3	2402153	2402125	57	900595712	696397824	ft*51 ZMQbg/Reaper*3 ZMQbg/IO/0*3 
2026-09-28T12:02:09+04:00	ck9c-whole-256k	3	2402588	2402153	1	12673024	5939200	python3*1 
2026-09-28T12:02:09+04:00	ck9c-whole-256k	3	2402589	2402153	45	22858682368	2054545408	python3*36 pt_gloo_runloop*2 ZMQbg/Reaper*2 ZMQbg/IO/0*2 pt_tcpstore_uv*1 cuda0000240000a*1 
2026-09-28T12:02:09+04:00	ck9c-whole-256k	3	2402590	2402153	57	850427904	649748480	python3*49 ZMQbg/Reaper*4 ZMQbg/IO/0*4 
2026-09-28T12:02:19+04:00	ck9c-whole-256k	3	2402125	363	2	22020096	6057984	uv*1 main2*1 
2026-09-28T12:02:19+04:00	ck9c-whole-256k	3	2402153	2402125	57	900595712	696397824	ft*51 ZMQbg/Reaper*3 ZMQbg/IO/0*3 
2026-09-28T12:02:19+04:00	ck9c-whole-256k	3	2402588	2402153	1	12673024	5939200	python3*1 
2026-09-28T12:02:19+04:00	ck9c-whole-256k	3	2402589	2402153	45	22858682368	2054545408	python3*36 pt_gloo_runloop*2 ZMQbg/Reaper*2 ZMQbg/IO/0*2 pt_tcpstore_uv*1 cuda0000240000a*1 
2026-09-28T12:02:19+04:00	ck9c-whole-256k	3	2402590	2402153	57	850427904	649748480	python3*49 ZMQbg/Reaper*4 ZMQbg/IO/0*4 
2026-09-28T12:02:29+04:00	ck9c-whole-256k	3	2402125	363	2	22020096	6057984	uv*1 main2*1 
2026-09-28T12:02:29+04:00	ck9c-whole-256k	3	2402153	2402125	57	900595712	696397824	ft*51 ZMQbg/Reaper*3 ZMQbg/IO/0*3 
2026-09-28T12:02:29+04:00	ck9c-whole-256k	3	2402588	2402153	1	12673024	5939200	python3*1 
2026-09-28T12:02:29+04:00	ck9c-whole-256k	3	2402589	2402153	45	22858682368	2054545408	python3*36 pt_gloo_runloop*2 ZMQbg/Reaper*2 ZMQbg/IO/0*2 pt_tcpstore_uv*1 cuda0000240000a*1 
2026-09-28T12:02:29+04:00	ck9c-whole-256k	3	2402590	2402153	57	850427904	649748480	python3*49 ZMQbg/Reaper*4 ZMQbg/IO/0*4 
2026-09-28T12:02:39+04:00	ck9c-whole-256k	3	2402125	363	2	22020096	6057984	uv*1 main2*1 
2026-09-28T12:02:39+04:00	ck9c-whole-256k	3	2402153	2402125	57	900595712	696397824	ft*51 ZMQbg/Reaper*3 ZMQbg/IO/0*3 
2026-09-28T12:02:39+04:00	ck9c-whole-256k	3	2402588	2402153	1	12673024	5939200	python3*1 
2026-09-28T12:02:39+04:00	ck9c-whole-256k	3	2402589	2402153	45	22858682368	2054545408	python3*36 pt_gloo_runloop*2 ZMQbg/Reaper*2 ZMQbg/IO/0*2 pt_tcpstore_uv*1 cuda0000240000a*1 
2026-09-28T12:02:40+04:00	ck9c-whole-256k	3	2402590	2402153	57	850427904	649748480	python3*49 ZMQbg/Reaper*4 ZMQbg/IO/0*4 
2026-09-28T12:02:50+04:00	ck9c-whole-256k	3	2402125	363	2	22020096	6057984	uv*1 main2*1 
2026-09-28T12:02:50+04:00	ck9c-whole-256k	3	2402153	2402125	57	900595712	696397824	ft*51 ZMQbg/Reaper*3 ZMQbg/IO/0*3 
2026-09-28T12:02:50+04:00	ck9c-whole-256k	3	2402588	2402153	1	12673024	5939200	python3*1 
2026-09-28T12:02:50+04:00	ck9c-whole-256k	3	2402589	2402153	45	22858682368	2054545408	python3*36 pt_gloo_runloop*2 ZMQbg/Reaper*2 ZMQbg/IO/0*2 pt_tcpstore_uv*1 cuda0000240000a*1 
2026-09-28T12:02:50+04:00	ck9c-whole-256k	3	2402590	2402153	57	850427904	649748480	python3*49 ZMQbg/Reaper*4 ZMQbg/IO/0*4 
2026-09-28T12:03:00+04:00	ck9c-whole-256k	3	2402125	363	2	22020096	6057984	uv*1 main2*1 
2026-09-28T12:03:00+04:00	ck9c-whole-256k	3	2402153	2402125	57	900595712	696397824	ft*51 ZMQbg/Reaper*3 ZMQbg/IO/0*3 
2026-09-28T12:03:00+04:00	ck9c-whole-256k	3	2402588	2402153	1	12673024	5939200	python3*1 
2026-09-28T12:03:00+04:00	ck9c-whole-256k	3	2402589	2402153	45	22858682368	2054545408	python3*36 pt_gloo_runloop*2 ZMQbg/Reaper*2 ZMQbg/IO/0*2 pt_tcpstore_uv*1 cuda0000240000a*1 
2026-09-28T12:03:00+04:00	ck9c-whole-256k	3	2402590	2402153	57	850427904	649748480	python3*49 ZMQbg/Reaper*4 ZMQbg/IO/0*4 
2026-09-28T12:03:10+04:00	ck9c-whole-256k	3	2402125	363	2	22020096	6057984	uv*1 main2*1 
2026-09-28T12:03:10+04:00	ck9c-whole-256k	3	2402153	2402125	57	900595712	696397824	ft*51 ZMQbg/Reaper*3 ZMQbg/IO/0*3 
2026-09-28T12:03:10+04:00	ck9c-whole-256k	3	2402588	2402153	1	12673024	5939200	python3*1 
2026-09-28T12:03:10+04:00	ck9c-whole-256k	3	2402589	2402153	45	22858682368	2054545408	python3*36 pt_gloo_runloop*2 ZMQbg/Reaper*2 ZMQbg/IO/0*2 pt_tcpstore_uv*1 cuda0000240000a*1 
2026-09-28T12:03:11+04:00	ck9c-whole-256k	3	2402590	2402153	57	850427904	649748480	python3*49 ZMQbg/Reaper*4 ZMQbg/IO/0*4 
2026-09-28T12:03:21+04:00	ck9c-whole-256k	4	2402125	363	2	22020096	6057984	uv*1 main2*1 
2026-09-28T12:03:21+04:00	ck9c-whole-256k	4	2402153	2402125	57	900960256	696762368	ft*51 ZMQbg/Reaper*3 ZMQbg/IO/0*3 
2026-09-28T12:03:21+04:00	ck9c-whole-256k	4	2402588	2402153	1	12673024	5939200	python3*1 
2026-09-28T12:03:21+04:00	ck9c-whole-256k	4	2402589	2402153	45	22867632128	2062942208	python3*36 pt_gloo_runloop*2 ZMQbg/Reaper*2 ZMQbg/IO/0*2 pt_tcpstore_uv*1 cuda0000240000a*1 
2026-09-28T12:03:21+04:00	ck9c-whole-256k	4	2402590	2402153	57	850432000	649752576	python3*49 ZMQbg/Reaper*4 ZMQbg/IO/0*4 
2026-09-28T12:03:31+04:00	ck9c-whole-256k	4	2402125	363	2	22020096	6057984	uv*1 main2*1 
2026-09-28T12:03:31+04:00	ck9c-whole-256k	4	2402153	2402125	57	900960256	696762368	ft*51 ZMQbg/Reaper*3 ZMQbg/IO/0*3 
2026-09-28T12:03:31+04:00	ck9c-whole-256k	4	2402588	2402153	1	12673024	5939200	python3*1 
2026-09-28T12:03:31+04:00	ck9c-whole-256k	4	2402589	2402153	45	22867632128	2062942208	python3*36 pt_gloo_runloop*2 ZMQbg/Reaper*2 ZMQbg/IO/0*2 pt_tcpstore_uv*1 cuda0000240000a*1 
2026-09-28T12:03:31+04:00	ck9c-whole-256k	4	2402590	2402153	57	850432000	649752576	python3*49 ZMQbg/Reaper*4 ZMQbg/IO/0*4 
2026-09-28T12:03:41+04:00	ck9c-whole-256k	4	2402125	363	2	22020096	6057984	uv*1 main2*1 
2026-09-28T12:03:41+04:00	ck9c-whole-256k	4	2402153	2402125	57	900960256	696762368	ft*51 ZMQbg/Reaper*3 ZMQbg/IO/0*3 
2026-09-28T12:03:41+04:00	ck9c-whole-256k	4	2402588	2402153	1	12673024	5939200	python3*1 
2026-09-28T12:03:41+04:00	ck9c-whole-256k	4	2402589	2402153	45	22867632128	2062942208	python3*36 pt_gloo_runloop*2 ZMQbg/Reaper*2 ZMQbg/IO/0*2 pt_tcpstore_uv*1 cuda0000240000a*1 
2026-09-28T12:03:42+04:00	ck9c-whole-256k	4	2402590	2402153	57	850432000	649752576	python3*49 ZMQbg/Reaper*4 ZMQbg/IO/0*4 
2026-09-28T12:03:52+04:00	ck9c-whole-256k	4	2402125	363	2	22020096	6057984	uv*1 main2*1 
2026-09-28T12:03:52+04:00	ck9c-whole-256k	4	2402153	2402125	57	900960256	696762368	ft*51 ZMQbg/Reaper*3 ZMQbg/IO/0*3 
2026-09-28T12:03:52+04:00	ck9c-whole-256k	4	2402588	2402153	1	12673024	5939200	python3*1 
2026-09-28T12:03:52+04:00	ck9c-whole-256k	4	2402589	2402153	45	22867632128	2062942208	python3*36 pt_gloo_runloop*2 ZMQbg/Reaper*2 ZMQbg/IO/0*2 pt_tcpstore_uv*1 cuda0000240000a*1 
2026-09-28T12:03:52+04:00	ck9c-whole-256k	4	2402590	2402153	57	850432000	649752576	python3*49 ZMQbg/Reaper*4 ZMQbg/IO/0*4 
2026-09-28T12:04:02+04:00	ck9c-whole-256k	4	2402125	363	2	22020096	6057984	uv*1 main2*1 
2026-09-28T12:04:02+04:00	ck9c-whole-256k	4	2402153	2402125	57	900960256	696762368	ft*51 ZMQbg/Reaper*3 ZMQbg/IO/0*3 
2026-09-28T12:04:02+04:00	ck9c-whole-256k	4	2402588	2402153	1	12673024	5939200	python3*1 
2026-09-28T12:04:02+04:00	ck9c-whole-256k	4	2402589	2402153	45	22867632128	2062942208	python3*36 pt_gloo_runloop*2 ZMQbg/Reaper*2 ZMQbg/IO/0*2 pt_tcpstore_uv*1 cuda0000240000a*1 
2026-09-28T12:04:02+04:00	ck9c-whole-256k	4	2402590	2402153	57	850432000	649752576	python3*49 ZMQbg/Reaper*4 ZMQbg/IO/0*4 
2026-09-28T12:04:12+04:00	ck9c-whole-256k	4	2402125	363	2	22020096	6057984	uv*1 main2*1 
2026-09-28T12:04:12+04:00	ck9c-whole-256k	4	2402153	2402125	57	900960256	696762368	ft*51 ZMQbg/Reaper*3 ZMQbg/IO/0*3 
2026-09-28T12:04:12+04:00	ck9c-whole-256k	4	2402588	2402153	1	12673024	5939200	python3*1 
2026-09-28T12:04:12+04:00	ck9c-whole-256k	4	2402589	2402153	45	22867632128	2062942208	python3*36 pt_gloo_runloop*2 ZMQbg/Reaper*2 ZMQbg/IO/0*2 pt_tcpstore_uv*1 cuda0000240000a*1 
2026-09-28T12:04:13+04:00	ck9c-whole-256k	4	2402590	2402153	57	850432000	649752576	python3*49 ZMQbg/Reaper*4 ZMQbg/IO/0*4 
2026-09-28T12:04:23+04:00	ck9c-whole-256k	4	2402125	363	2	22020096	6057984	uv*1 main2*1 
2026-09-28T12:04:23+04:00	ck9c-whole-256k	4	2402153	2402125	57	900960256	696762368	ft*51 ZMQbg/Reaper*3 ZMQbg/IO/0*3 
2026-09-28T12:04:23+04:00	ck9c-whole-256k	4	2402588	2402153	1	12673024	5939200	python3*1 
2026-09-28T12:04:23+04:00	ck9c-whole-256k	4	2402589	2402153	45	22867632128	2062942208	python3*36 pt_gloo_runloop*2 ZMQbg/Reaper*2 ZMQbg/IO/0*2 pt_tcpstore_uv*1 cuda0000240000a*1 
2026-09-28T12:04:23+04:00	ck9c-whole-256k	4	2402590	2402153	57	850432000	649752576	python3*49 ZMQbg/Reaper*4 ZMQbg/IO/0*4 
2026-09-28T12:04:33+04:00	ck9c-whole-256k	4	2402125	363	2	22020096	6057984	uv*1 main2*1 
2026-09-28T12:04:33+04:00	ck9c-whole-256k	4	2402153	2402125	57	900960256	696762368	ft*51 ZMQbg/Reaper*3 ZMQbg/IO/0*3 
2026-09-28T12:04:33+04:00	ck9c-whole-256k	4	2402588	2402153	1	12673024	5939200	python3*1 
2026-09-28T12:04:33+04:00	ck9c-whole-256k	4	2402589	2402153	45	22867632128	2062942208	python3*36 pt_gloo_runloop*2 ZMQbg/Reaper*2 ZMQbg/IO/0*2 pt_tcpstore_uv*1 cuda0000240000a*1 
2026-09-28T12:04:33+04:00	ck9c-whole-256k	4	2402590	2402153	57	850432000	649752576	python3*49 ZMQbg/Reaper*4 ZMQbg/IO/0*4 
2026-09-28T12:04:43+04:00	ck9c-whole-256k	4	2402125	363	2	22020096	6057984	uv*1 main2*1 
2026-09-28T12:04:43+04:00	ck9c-whole-256k	4	2402153	2402125	57	900960256	696762368	ft*51 ZMQbg/Reaper*3 ZMQbg/IO/0*3 
2026-09-28T12:04:43+04:00	ck9c-whole-256k	4	2402588	2402153	1	12673024	5939200	python3*1 
2026-09-28T12:04:43+04:00	ck9c-whole-256k	4	2402589	2402153	45	22867632128	2062942208	python3*36 pt_gloo_runloop*2 ZMQbg/Reaper*2 ZMQbg/IO/0*2 pt_tcpstore_uv*1 cuda0000240000a*1 
2026-09-28T12:04:43+04:00	ck9c-whole-256k	4	2402590	2402153	57	850432000	649752576	python3*49 ZMQbg/Reaper*4 ZMQbg/IO/0*4 
2026-09-28T12:04:53+04:00	ck9c-whole-256k	4	2402125	363	2	22020096	6057984	uv*1 main2*1 
2026-09-28T12:04:53+04:00	ck9c-whole-256k	4	2402153	2402125	57	900960256	696762368	ft*51 ZMQbg/Reaper*3 ZMQbg/IO/0*3 
2026-09-28T12:04:54+04:00	ck9c-whole-256k	4	2402588	2402153	1	12673024	5939200	python3*1 
2026-09-28T12:04:54+04:00	ck9c-whole-256k	4	2402589	2402153	45	22867632128	2062942208	python3*36 pt_gloo_runloop*2 ZMQbg/Reaper*2 ZMQbg/IO/0*2 pt_tcpstore_uv*1 cuda0000240000a*1 
2026-09-28T12:04:54+04:00	ck9c-whole-256k	4	2402590	2402153	57	850432000	649752576	python3*49 ZMQbg/Reaper*4 ZMQbg/IO/0*4 
2026-09-28T12:05:04+04:00	ck9c-whole-256k	4	2402125	363	2	22020096	6057984	uv*1 main2*1 
2026-09-28T12:05:04+04:00	ck9c-whole-256k	4	2402153	2402125	57	900960256	696762368	ft*51 ZMQbg/Reaper*3 ZMQbg/IO/0*3 
2026-09-28T12:05:04+04:00	ck9c-whole-256k	4	2402588	2402153	1	12673024	5939200	python3*1 
2026-09-28T12:05:04+04:00	ck9c-whole-256k	4	2402589	2402153	45	22867632128	2062942208	python3*36 pt_gloo_runloop*2 ZMQbg/Reaper*2 ZMQbg/IO/0*2 pt_tcpstore_uv*1 cuda0000240000a*1 
2026-09-28T12:05:04+04:00	ck9c-whole-256k	4	2402590	2402153	57	850432000	649752576	python3*49 ZMQbg/Reaper*4 ZMQbg/IO/0*4 
2026-09-28T12:05:14+04:00	ck9c-whole-256k	4	2402125	363	2	22020096	6057984	uv*1 main2*1 
2026-09-28T12:05:14+04:00	ck9c-whole-256k	4	2402153	2402125	57	900960256	696762368	ft*51 ZMQbg/Reaper*3 ZMQbg/IO/0*3 
2026-09-28T12:05:14+04:00	ck9c-whole-256k	4	2402588	2402153	1	12673024	5939200	python3*1 
2026-09-28T12:05:14+04:00	ck9c-whole-256k	4	2402589	2402153	45	22867632128	2062942208	python3*36 pt_gloo_runloop*2 ZMQbg/Reaper*2 ZMQbg/IO/0*2 pt_tcpstore_uv*1 cuda0000240000a*1 
2026-09-28T12:05:14+04:00	ck9c-whole-256k	4	2402590	2402153	57	850432000	649752576	python3*49 ZMQbg/Reaper*4 ZMQbg/IO/0*4 
2026-09-28T12:05:24+04:00	ck9c-whole-256k	4	2402125	363	2	22020096	6057984	uv*1 main2*1 
2026-09-28T12:05:24+04:00	ck9c-whole-256k	4	2402153	2402125	57	900960256	696762368	ft*51 ZMQbg/Reaper*3 ZMQbg/IO/0*3 
2026-09-28T12:05:24+04:00	ck9c-whole-256k	4	2402588	2402153	1	12673024	5939200	python3*1 
2026-09-28T12:05:24+04:00	ck9c-whole-256k	4	2402589	2402153	45	22867632128	2062942208	python3*36 pt_gloo_runloop*2 ZMQbg/Reaper*2 ZMQbg/IO/0*2 pt_tcpstore_uv*1 cuda0000240000a*1 
2026-09-28T12:05:25+04:00	ck9c-whole-256k	4	2402590	2402153	57	850432000	649752576	python3*49 ZMQbg/Reaper*4 ZMQbg/IO/0*4 
2026-09-28T12:05:35+04:00	ck9c-whole-256k	4	2402125	363	2	22020096	6057984	uv*1 main2*1 
2026-09-28T12:05:35+04:00	ck9c-whole-256k	4	2402153	2402125	57	900960256	696762368	ft*51 ZMQbg/Reaper*3 ZMQbg/IO/0*3 
2026-09-28T12:05:35+04:00	ck9c-whole-256k	4	2402588	2402153	1	12673024	5939200	python3*1 
2026-09-28T12:05:35+04:00	ck9c-whole-256k	4	2402589	2402153	45	22867632128	2062942208	python3*36 pt_gloo_runloop*2 ZMQbg/Reaper*2 ZMQbg/IO/0*2 pt_tcpstore_uv*1 cuda0000240000a*1 
2026-09-28T12:05:35+04:00	ck9c-whole-256k	4	2402590	2402153	57	850432000	649752576	python3*49 ZMQbg/Reaper*4 ZMQbg/IO/0*4 
2026-09-28T12:05:45+04:00	ck9c-whole-256k	4	2402125	363	2	22020096	6057984	uv*1 main2*1 
2026-09-28T12:05:45+04:00	ck9c-whole-256k	4	2402153	2402125	57	900960256	696762368	ft*51 ZMQbg/Reaper*3 ZMQbg/IO/0*3 
2026-09-28T12:05:45+04:00	ck9c-whole-256k	4	2402588	2402153	1	12673024	5939200	python3*1 
2026-09-28T12:05:45+04:00	ck9c-whole-256k	4	2402589	2402153	45	22867632128	2062942208	python3*36 pt_gloo_runloop*2 ZMQbg/Reaper*2 ZMQbg/IO/0*2 pt_tcpstore_uv*1 cuda0000240000a*1 
2026-09-28T12:05:45+04:00	ck9c-whole-256k	4	2402590	2402153	57	850432000	649752576	python3*49 ZMQbg/Reaper*4 ZMQbg/IO/0*4 
2026-09-28T12:05:55+04:00	ck9c-whole-256k	4	2402125	363	2	22020096	6057984	uv*1 main2*1 
2026-09-28T12:05:55+04:00	ck9c-whole-256k	4	2402153	2402125	57	900960256	696762368	ft*51 ZMQbg/Reaper*3 ZMQbg/IO/0*3 
2026-09-28T12:05:55+04:00	ck9c-whole-256k	4	2402588	2402153	1	12673024	5939200	python3*1 
2026-09-28T12:05:55+04:00	ck9c-whole-256k	4	2402589	2402153	45	22867632128	2062942208	python3*36 pt_gloo_runloop*2 ZMQbg/Reaper*2 ZMQbg/IO/0*2 pt_tcpstore_uv*1 cuda0000240000a*1 
2026-09-28T12:05:55+04:00	ck9c-whole-256k	4	2402590	2402153	57	850432000	649752576	python3*49 ZMQbg/Reaper*4 ZMQbg/IO/0*4 
2026-09-28T12:06:06+04:00	ck9c-whole-256k	4	2402125	363	2	22020096	6057984	uv*1 main2*1 
2026-09-28T12:06:06+04:00	ck9c-whole-256k	4	2402153	2402125	57	900960256	696762368	ft*51 ZMQbg/Reaper*3 ZMQbg/IO/0*3 
2026-09-28T12:06:06+04:00	ck9c-whole-256k	4	2402588	2402153	1	12673024	5939200	python3*1 
2026-09-28T12:06:06+04:00	ck9c-whole-256k	4	2402589	2402153	45	22867632128	2062942208	python3*36 pt_gloo_runloop*2 ZMQbg/Reaper*2 ZMQbg/IO/0*2 pt_tcpstore_uv*1 cuda0000240000a*1 
2026-09-28T12:06:06+04:00	ck9c-whole-256k	4	2402590	2402153	57	850432000	649752576	python3*49 ZMQbg/Reaper*4 ZMQbg/IO/0*4 
2026-09-28T12:06:16+04:00	ck9c-whole-256k	4	2402125	363	2	22020096	6057984	uv*1 main2*1 
2026-09-28T12:06:16+04:00	ck9c-whole-256k	4	2402153	2402125	57	900960256	696762368	ft*51 ZMQbg/Reaper*3 ZMQbg/IO/0*3 
2026-09-28T12:06:16+04:00	ck9c-whole-256k	4	2402588	2402153	1	12673024	5939200	python3*1 
2026-09-28T12:06:16+04:00	ck9c-whole-256k	4	2402589	2402153	45	22867632128	2062942208	python3*36 pt_gloo_runloop*2 ZMQbg/Reaper*2 ZMQbg/IO/0*2 pt_tcpstore_uv*1 cuda0000240000a*1 
2026-09-28T12:06:16+04:00	ck9c-whole-256k	4	2402590	2402153	57	850432000	649752576	python3*49 ZMQbg/Reaper*4 ZMQbg/IO/0*4 
2026-09-28T12:06:26+04:00	ck9c-whole-256k	4	2402125	363	2	22020096	6057984	uv*1 main2*1 
2026-09-28T12:06:26+04:00	ck9c-whole-256k	4	2402153	2402125	57	900960256	696762368	ft*51 ZMQbg/Reaper*3 ZMQbg/IO/0*3 
2026-09-28T12:06:26+04:00	ck9c-whole-256k	4	2402588	2402153	1	12673024	5939200	python3*1 
2026-09-28T12:06:26+04:00	ck9c-whole-256k	4	2402589	2402153	45	22867632128	2062942208	python3*36 pt_gloo_runloop*2 ZMQbg/Reaper*2 ZMQbg/IO/0*2 pt_tcpstore_uv*1 cuda0000240000a*1 
2026-09-28T12:06:26+04:00	ck9c-whole-256k	4	2402590	2402153	57	850432000	649752576	python3*49 ZMQbg/Reaper*4 ZMQbg/IO/0*4 
2026-09-28T12:06:36+04:00	ck9c-whole-256k	4	2402125	363	2	22020096	6057984	uv*1 main2*1 
2026-09-28T12:06:36+04:00	ck9c-whole-256k	4	2402153	2402125	57	900960256	696762368	ft*51 ZMQbg/Reaper*3 ZMQbg/IO/0*3 
2026-09-28T12:06:36+04:00	ck9c-whole-256k	4	2402588	2402153	1	12673024	5939200	python3*1 
2026-09-28T12:06:36+04:00	ck9c-whole-256k	4	2402589	2402153	45	22867632128	2062942208	python3*36 pt_gloo_runloop*2 ZMQbg/Reaper*2 ZMQbg/IO/0*2 pt_tcpstore_uv*1 cuda0000240000a*1 
2026-09-28T12:06:37+04:00	ck9c-whole-256k	4	2402590	2402153	57	850432000	649752576	python3*49 ZMQbg/Reaper*4 ZMQbg/IO/0*4 
2026-09-28T12:06:47+04:00	ck9c-whole-256k	4	2402125	363	2	22020096	6057984	uv*1 main2*1 
2026-09-28T12:06:47+04:00	ck9c-whole-256k	4	2402153	2402125	57	900960256	696762368	ft*51 ZMQbg/Reaper*3 ZMQbg/IO/0*3 
2026-09-28T12:06:47+04:00	ck9c-whole-256k	4	2402588	2402153	1	12673024	5939200	python3*1 
2026-09-28T12:06:47+04:00	ck9c-whole-256k	4	2402589	2402153	45	22867632128	2062942208	python3*36 pt_gloo_runloop*2 ZMQbg/Reaper*2 ZMQbg/IO/0*2 pt_tcpstore_uv*1 cuda0000240000a*1 
2026-09-28T12:06:47+04:00	ck9c-whole-256k	4	2402590	2402153	57	850432000	649752576	python3*49 ZMQbg/Reaper*4 ZMQbg/IO/0*4 
2026-09-28T12:06:57+04:00	ck9c-whole-256k	4	2402125	363	2	22020096	6057984	uv*1 main2*1 
2026-09-28T12:06:57+04:00	ck9c-whole-256k	4	2402153	2402125	57	900960256	696762368	ft*51 ZMQbg/Reaper*3 ZMQbg/IO/0*3 
2026-09-28T12:06:57+04:00	ck9c-whole-256k	4	2402588	2402153	1	12673024	5939200	python3*1 
2026-09-28T12:06:57+04:00	ck9c-whole-256k	4	2402589	2402153	45	22867632128	2062942208	python3*36 pt_gloo_runloop*2 ZMQbg/Reaper*2 ZMQbg/IO/0*2 pt_tcpstore_uv*1 cuda0000240000a*1 
2026-09-28T12:06:57+04:00	ck9c-whole-256k	4	2402590	2402153	57	850432000	649752576	python3*49 ZMQbg/Reaper*4 ZMQbg/IO/0*4 
2026-09-28T12:07:07+04:00	ck9c-whole-256k	4	2402125	363	2	22020096	6057984	uv*1 main2*1 
2026-09-28T12:07:07+04:00	ck9c-whole-256k	4	2402153	2402125	57	900960256	696762368	ft*51 ZMQbg/Reaper*3 ZMQbg/IO/0*3 
2026-09-28T12:07:07+04:00	ck9c-whole-256k	4	2402588	2402153	1	12673024	5939200	python3*1 
2026-09-28T12:07:07+04:00	ck9c-whole-256k	4	2402589	2402153	45	22867632128	2062942208	python3*36 pt_gloo_runloop*2 ZMQbg/Reaper*2 ZMQbg/IO/0*2 pt_tcpstore_uv*1 cuda0000240000a*1 
2026-09-28T12:07:08+04:00	ck9c-whole-256k	4	2402590	2402153	57	850432000	649752576	python3*49 ZMQbg/Reaper*4 ZMQbg/IO/0*4 
2026-09-28T12:07:18+04:00	ck9c-whole-256k	4	2402125	363	2	22020096	6057984	uv*1 main2*1 
2026-09-28T12:07:18+04:00	ck9c-whole-256k	4	2402153	2402125	57	900960256	696762368	ft*51 ZMQbg/Reaper*3 ZMQbg/IO/0*3 
2026-09-28T12:07:18+04:00	ck9c-whole-256k	4	2402588	2402153	1	12673024	5939200	python3*1 
2026-09-28T12:07:18+04:00	ck9c-whole-256k	4	2402589	2402153	45	22867632128	2062942208	python3*36 pt_gloo_runloop*2 ZMQbg/Reaper*2 ZMQbg/IO/0*2 pt_tcpstore_uv*1 cuda0000240000a*1 
2026-09-28T12:07:18+04:00	ck9c-whole-256k	4	2402590	2402153	57	850432000	649752576	python3*49 ZMQbg/Reaper*4 ZMQbg/IO/0*4 
2026-09-28T12:07:28+04:00	ck9c-whole-256k	4	2402125	363	2	22020096	6057984	uv*1 main2*1 
2026-09-28T12:07:28+04:00	ck9c-whole-256k	4	2402153	2402125	57	900960256	696762368	ft*51 ZMQbg/Reaper*3 ZMQbg/IO/0*3 
2026-09-28T12:07:28+04:00	ck9c-whole-256k	4	2402588	2402153	1	12673024	5939200	python3*1 
2026-09-28T12:07:28+04:00	ck9c-whole-256k	4	2402589	2402153	45	22867632128	2062942208	python3*36 pt_gloo_runloop*2 ZMQbg/Reaper*2 ZMQbg/IO/0*2 pt_tcpstore_uv*1 cuda0000240000a*1 
2026-09-28T12:07:28+04:00	ck9c-whole-256k	4	2402590	2402153	57	850432000	649752576	python3*49 ZMQbg/Reaper*4 ZMQbg/IO/0*4 
2026-09-28T12:07:38+04:00	ck9c-whole-256k	4	2402125	363	2	22020096	6057984	uv*1 main2*1 
2026-09-28T12:07:38+04:00	ck9c-whole-256k	4	2402153	2402125	57	900960256	696762368	ft*51 ZMQbg/Reaper*3 ZMQbg/IO/0*3 
2026-09-28T12:07:38+04:00	ck9c-whole-256k	4	2402588	2402153	1	12673024	5939200	python3*1 
2026-09-28T12:07:38+04:00	ck9c-whole-256k	4	2402589	2402153	45	22867632128	2062942208	python3*36 pt_gloo_runloop*2 ZMQbg/Reaper*2 ZMQbg/IO/0*2 pt_tcpstore_uv*1 cuda0000240000a*1 
2026-09-28T12:07:38+04:00	ck9c-whole-256k	4	2402590	2402153	57	850432000	649752576	python3*49 ZMQbg/Reaper*4 ZMQbg/IO/0*4 
2026-09-28T12:07:48+04:00	ck9c-whole-256k	4	2402125	363	2	22020096	6057984	uv*1 main2*1 
2026-09-28T12:07:48+04:00	ck9c-whole-256k	4	2402153	2402125	57	900960256	696762368	ft*51 ZMQbg/Reaper*3 ZMQbg/IO/0*3 
2026-09-28T12:07:49+04:00	ck9c-whole-256k	4	2402588	2402153	1	12673024	5939200	python3*1 
2026-09-28T12:07:49+04:00	ck9c-whole-256k	4	2402589	2402153	45	22867632128	2062942208	python3*36 pt_gloo_runloop*2 ZMQbg/Reaper*2 ZMQbg/IO/0*2 pt_tcpstore_uv*1 cuda0000240000a*1 
2026-09-28T12:07:49+04:00	ck9c-whole-256k	4	2402590	2402153	57	850432000	649752576	python3*49 ZMQbg/Reaper*4 ZMQbg/IO/0*4 
2026-09-28T12:07:59+04:00	ck9c-whole-256k	4	2402125	363	2	22020096	6057984	uv*1 main2*1 
2026-09-28T12:07:59+04:00	ck9c-whole-256k	4	2402153	2402125	57	900960256	696762368	ft*51 ZMQbg/Reaper*3 ZMQbg/IO/0*3 
2026-09-28T12:07:59+04:00	ck9c-whole-256k	4	2402588	2402153	1	12673024	5939200	python3*1 
2026-09-28T12:07:59+04:00	ck9c-whole-256k	4	2402589	2402153	45	22867632128	2062942208	python3*36 pt_gloo_runloop*2 ZMQbg/Reaper*2 ZMQbg/IO/0*2 pt_tcpstore_uv*1 cuda0000240000a*1 
2026-09-28T12:07:59+04:00	ck9c-whole-256k	4	2402590	2402153	57	850432000	649752576	python3*49 ZMQbg/Reaper*4 ZMQbg/IO/0*4 
2026-09-28T12:08:09+04:00	ck9c-whole-256k	4	2402125	363	2	22020096	6057984	uv*1 main2*1 
2026-09-28T12:08:09+04:00	ck9c-whole-256k	4	2402153	2402125	57	900960256	696762368	ft*51 ZMQbg/Reaper*3 ZMQbg/IO/0*3 
2026-09-28T12:08:09+04:00	ck9c-whole-256k	4	2402588	2402153	1	12673024	5939200	python3*1 
2026-09-28T12:08:09+04:00	ck9c-whole-256k	4	2402589	2402153	45	22867632128	2062942208	python3*36 pt_gloo_runloop*2 ZMQbg/Reaper*2 ZMQbg/IO/0*2 pt_tcpstore_uv*1 cuda0000240000a*1 
2026-09-28T12:08:09+04:00	ck9c-whole-256k	4	2402590	2402153	57	850432000	649752576	python3*49 ZMQbg/Reaper*4 ZMQbg/IO/0*4 
2026-09-28T12:08:19+04:00	ck9c-whole-256k	4	2402125	363	2	22020096	6057984	uv*1 main2*1 
2026-09-28T12:08:19+04:00	ck9c-whole-256k	4	2402153	2402125	57	900960256	696762368	ft*51 ZMQbg/Reaper*3 ZMQbg/IO/0*3 
2026-09-28T12:08:19+04:00	ck9c-whole-256k	4	2402588	2402153	1	12673024	5939200	python3*1 
2026-09-28T12:08:19+04:00	ck9c-whole-256k	4	2402589	2402153	45	22867632128	2062942208	python3*36 pt_gloo_runloop*2 ZMQbg/Reaper*2 ZMQbg/IO/0*2 pt_tcpstore_uv*1 cuda0000240000a*1 
2026-09-28T12:08:20+04:00	ck9c-whole-256k	4	2402590	2402153	57	850432000	649752576	python3*49 ZMQbg/Reaper*4 ZMQbg/IO/0*4 
2026-09-28T12:08:30+04:00	ck9c-whole-256k	4	2402125	363	2	22020096	6057984	uv*1 main2*1 
2026-09-28T12:08:30+04:00	ck9c-whole-256k	4	2402153	2402125	57	900960256	696762368	ft*51 ZMQbg/Reaper*3 ZMQbg/IO/0*3 
2026-09-28T12:08:30+04:00	ck9c-whole-256k	4	2402588	2402153	1	12673024	5939200	python3*1 
2026-09-28T12:08:30+04:00	ck9c-whole-256k	4	2402589	2402153	45	22867632128	2062942208	python3*36 pt_gloo_runloop*2 ZMQbg/Reaper*2 ZMQbg/IO/0*2 pt_tcpstore_uv*1 cuda0000240000a*1 
2026-09-28T12:08:30+04:00	ck9c-whole-256k	4	2402590	2402153	57	850432000	649752576	python3*49 ZMQbg/Reaper*4 ZMQbg/IO/0*4 
2026-09-28T12:08:40+04:00	ck9c-whole-256k	4	2402125	363	2	22020096	6057984	uv*1 main2*1 
2026-09-28T12:08:40+04:00	ck9c-whole-256k	4	2402153	2402125	57	900960256	696762368	ft*51 ZMQbg/Reaper*3 ZMQbg/IO/0*3 
2026-09-28T12:08:40+04:00	ck9c-whole-256k	4	2402588	2402153	1	12673024	5939200	python3*1 
2026-09-28T12:08:40+04:00	ck9c-whole-256k	4	2402589	2402153	45	22867632128	2062942208	python3*36 pt_gloo_runloop*2 ZMQbg/Reaper*2 ZMQbg/IO/0*2 pt_tcpstore_uv*1 cuda0000240000a*1 
2026-09-28T12:08:40+04:00	ck9c-whole-256k	4	2402590	2402153	57	850432000	649752576	python3*49 ZMQbg/Reaper*4 ZMQbg/IO/0*4 
2026-09-28T12:08:50+04:00	ck9c-whole-256k	4	2402125	363	2	22020096	6057984	uv*1 main2*1 
2026-09-28T12:08:50+04:00	ck9c-whole-256k	4	2402153	2402125	57	900960256	696762368	ft*51 ZMQbg/Reaper*3 ZMQbg/IO/0*3 
2026-09-28T12:08:50+04:00	ck9c-whole-256k	4	2402588	2402153	1	12673024	5939200	python3*1 
2026-09-28T12:08:50+04:00	ck9c-whole-256k	4	2402589	2402153	45	22867632128	2062942208	python3*36 pt_gloo_runloop*2 ZMQbg/Reaper*2 ZMQbg/IO/0*2 pt_tcpstore_uv*1 cuda0000240000a*1 
2026-09-28T12:08:50+04:00	ck9c-whole-256k	4	2402590	2402153	57	850432000	649752576	python3*49 ZMQbg/Reaper*4 ZMQbg/IO/0*4 
2026-09-28T12:09:01+04:00	ck9c-whole-256k	4	2402125	363	2	22020096	6057984	uv*1 main2*1 
2026-09-28T12:09:01+04:00	ck9c-whole-256k	4	2402153	2402125	57	900960256	696762368	ft*51 ZMQbg/Reaper*3 ZMQbg/IO/0*3 
2026-09-28T12:09:01+04:00	ck9c-whole-256k	4	2402588	2402153	1	12673024	5939200	python3*1 
2026-09-28T12:09:01+04:00	ck9c-whole-256k	4	2402589	2402153	45	22867648512	2062958592	python3*36 pt_gloo_runloop*2 ZMQbg/Reaper*2 ZMQbg/IO/0*2 pt_tcpstore_uv*1 cuda0000240000a*1 
2026-09-28T12:09:01+04:00	ck9c-whole-256k	4	2402590	2402153	57	850432000	649752576	python3*49 ZMQbg/Reaper*4 ZMQbg/IO/0*4 
2026-09-28T12:09:11+04:00	ck9c-whole-256k	4	2402125	363	2	22020096	6057984	uv*1 main2*1 
2026-09-28T12:09:11+04:00	ck9c-whole-256k	4	2402153	2402125	57	900960256	696762368	ft*51 ZMQbg/Reaper*3 ZMQbg/IO/0*3 
2026-09-28T12:09:11+04:00	ck9c-whole-256k	4	2402588	2402153	1	12673024	5939200	python3*1 
2026-09-28T12:09:11+04:00	ck9c-whole-256k	4	2402589	2402153	45	22867779584	2063089664	python3*36 pt_gloo_runloop*2 ZMQbg/Reaper*2 ZMQbg/IO/0*2 pt_tcpstore_uv*1 cuda0000240000a*1 
2026-09-28T12:09:11+04:00	ck9c-whole-256k	4	2402590	2402153	57	850432000	649752576	python3*49 ZMQbg/Reaper*4 ZMQbg/IO/0*4 
2026-09-28T12:09:21+04:00	ck9c-whole-256k	4	2402125	363	2	22020096	6057984	uv*1 main2*1 
2026-09-28T12:09:21+04:00	ck9c-whole-256k	4	2402153	2402125	57	900960256	696762368	ft*51 ZMQbg/Reaper*3 ZMQbg/IO/0*3 
2026-09-28T12:09:21+04:00	ck9c-whole-256k	4	2402588	2402153	1	12673024	5939200	python3*1 
2026-09-28T12:09:21+04:00	ck9c-whole-256k	4	2402589	2402153	45	22867927040	2063237120	python3*36 pt_gloo_runloop*2 ZMQbg/Reaper*2 ZMQbg/IO/0*2 pt_tcpstore_uv*1 cuda0000240000a*1 
2026-09-28T12:09:21+04:00	ck9c-whole-256k	4	2402590	2402153	57	850432000	649752576	python3*49 ZMQbg/Reaper*4 ZMQbg/IO/0*4 
2026-09-28T12:09:31+04:00	ck9c-whole-256k	4	2402125	363	2	22020096	6057984	uv*1 main2*1 
2026-09-28T12:09:31+04:00	ck9c-whole-256k	4	2402153	2402125	57	900960256	696762368	ft*51 ZMQbg/Reaper*3 ZMQbg/IO/0*3 
2026-09-28T12:09:31+04:00	ck9c-whole-256k	4	2402588	2402153	1	12673024	5939200	python3*1 
2026-09-28T12:09:31+04:00	ck9c-whole-256k	4	2402589	2402153	45	22868025344	2063335424	python3*36 pt_gloo_runloop*2 ZMQbg/Reaper*2 ZMQbg/IO/0*2 pt_tcpstore_uv*1 cuda0000240000a*1 
2026-09-28T12:09:32+04:00	ck9c-whole-256k	4	2402590	2402153	57	850432000	649752576	python3*49 ZMQbg/Reaper*4 ZMQbg/IO/0*4 
2026-09-28T12:09:42+04:00	ck9c-whole-256k	4	2402125	363	2	22020096	6057984	uv*1 main2*1 
2026-09-28T12:09:42+04:00	ck9c-whole-256k	4	2402153	2402125	57	901099520	696901632	ft*51 ZMQbg/Reaper*3 ZMQbg/IO/0*3 
2026-09-28T12:09:42+04:00	ck9c-whole-256k	4	2402588	2402153	1	12673024	5939200	python3*1 
2026-09-28T12:09:42+04:00	ck9c-whole-256k	4	2402589	2402153	45	22869028864	2064338944	python3*36 pt_gloo_runloop*2 ZMQbg/Reaper*2 ZMQbg/IO/0*2 pt_tcpstore_uv*1 cuda0000240000a*1 
2026-09-28T12:09:42+04:00	ck9c-whole-256k	4	2402590	2402153	57	850702336	650022912	python3*49 ZMQbg/Reaper*4 ZMQbg/IO/0*4 
2026-09-28T12:09:52+04:00	ck9c-whole-256k	4	2402125	363	2	22020096	6057984	uv*1 main2*1 
2026-09-28T12:09:52+04:00	ck9c-whole-256k	4	2402153	2402125	57	901099520	696901632	ft*51 ZMQbg/Reaper*3 ZMQbg/IO/0*3 
2026-09-28T12:09:52+04:00	ck9c-whole-256k	4	2402588	2402153	1	12673024	5939200	python3*1 
2026-09-28T12:09:52+04:00	ck9c-whole-256k	4	2402589	2402153	45	22869028864	2064338944	python3*36 pt_gloo_runloop*2 ZMQbg/Reaper*2 ZMQbg/IO/0*2 pt_tcpstore_uv*1 cuda0000240000a*1 
2026-09-28T12:09:52+04:00	ck9c-whole-256k	4	2402590	2402153	57	850702336	650022912	python3*49 ZMQbg/Reaper*4 ZMQbg/IO/0*4 
2026-09-28T12:10:02+04:00	ck9c-whole-256k	4	2402125	363	2	22020096	6057984	uv*1 main2*1 
2026-09-28T12:10:02+04:00	ck9c-whole-256k	4	2402153	2402125	57	901689344	697491456	ft*51 ZMQbg/Reaper*3 ZMQbg/IO/0*3 
2026-09-28T12:10:02+04:00	ck9c-whole-256k	4	2402588	2402153	1	12673024	5939200	python3*1 
2026-09-28T12:10:02+04:00	ck9c-whole-256k	4	2402589	2402153	45	22869798912	2065043456	python3*36 pt_gloo_runloop*2 ZMQbg/Reaper*2 ZMQbg/IO/0*2 pt_tcpstore_uv*1 cuda0000240000a*1 
2026-09-28T12:10:03+04:00	ck9c-whole-256k	4	2402590	2402153	57	850702336	650022912	python3*49 ZMQbg/Reaper*4 ZMQbg/IO/0*4 
2026-09-28T12:10:13+04:00	ck9c-whole-256k	4	2402125	363	2	22020096	6057984	uv*1 main2*1 
2026-09-28T12:10:13+04:00	ck9c-whole-256k	4	2402153	2402125	57	902205440	698007552	ft*51 ZMQbg/Reaper*3 ZMQbg/IO/0*3 
2026-09-28T12:10:13+04:00	ck9c-whole-256k	4	2402588	2402153	1	12673024	5939200	python3*1 
2026-09-28T12:10:13+04:00	ck9c-whole-256k	4	2402589	2402153	45	22869798912	2065043456	python3*36 pt_gloo_runloop*2 ZMQbg/Reaper*2 ZMQbg/IO/0*2 pt_tcpstore_uv*1 cuda0000240000a*1 
2026-09-28T12:10:13+04:00	ck9c-whole-256k	4	2402590	2402153	57	850702336	650022912	python3*49 ZMQbg/Reaper*4 ZMQbg/IO/0*4 
2026-09-28T12:10:23+04:00	ck9c-whole-256k	4	2402125	363	2	22020096	6057984	uv*1 main2*1 
2026-09-28T12:10:23+04:00	ck9c-whole-256k	4	2402153	2402125	57	902209536	698011648	ft*51 ZMQbg/Reaper*3 ZMQbg/IO/0*3 
2026-09-28T12:10:23+04:00	ck9c-whole-256k	4	2402588	2402153	1	12673024	5939200	python3*1 
2026-09-28T12:10:23+04:00	ck9c-whole-256k	4	2402589	2402153	45	22869798912	2065043456	python3*36 pt_gloo_runloop*2 ZMQbg/Reaper*2 ZMQbg/IO/0*2 pt_tcpstore_uv*1 cuda0000240000a*1 
2026-09-28T12:10:23+04:00	ck9c-whole-256k	4	2402590	2402153	57	850702336	650022912	python3*49 ZMQbg/Reaper*4 ZMQbg/IO/0*4 
2026-09-28T12:10:33+04:00	ck9c-whole-256k	4	2402125	363	2	22020096	6057984	uv*1 main2*1 
2026-09-28T12:10:33+04:00	ck9c-whole-256k	4	2402153	2402125	57	902209536	698011648	ft*51 ZMQbg/Reaper*3 ZMQbg/IO/0*3 
2026-09-28T12:10:33+04:00	ck9c-whole-256k	4	2402588	2402153	1	12673024	5939200	python3*1 
2026-09-28T12:10:33+04:00	ck9c-whole-256k	4	2402589	2402153	45	22869798912	2065043456	python3*36 pt_gloo_runloop*2 ZMQbg/Reaper*2 ZMQbg/IO/0*2 pt_tcpstore_uv*1 cuda0000240000a*1 
2026-09-28T12:10:33+04:00	ck9c-whole-256k	4	2402590	2402153	57	850702336	650022912	python3*49 ZMQbg/Reaper*4 ZMQbg/IO/0*4 
2026-09-28T12:10:43+04:00	ck9c-whole-256k	4	2402125	363	2	22020096	6057984	uv*1 main2*1 
2026-09-28T12:10:43+04:00	ck9c-whole-256k	4	2402153	2402125	57	902209536	698011648	ft*51 ZMQbg/Reaper*3 ZMQbg/IO/0*3 
2026-09-28T12:10:44+04:00	ck9c-whole-256k	4	2402588	2402153	1	12673024	5939200	python3*1 
2026-09-28T12:10:44+04:00	ck9c-whole-256k	4	2402589	2402153	45	22869798912	2065043456	python3*36 pt_gloo_runloop*2 ZMQbg/Reaper*2 ZMQbg/IO/0*2 pt_tcpstore_uv*1 cuda0000240000a*1 
2026-09-28T12:10:44+04:00	ck9c-whole-256k	4	2402590	2402153	57	850702336	650022912	python3*49 ZMQbg/Reaper*4 ZMQbg/IO/0*4 
2026-09-28T12:10:54+04:00	ck9c-whole-256k	4	2402125	363	2	21966848	6057984	uv*1 main2*1 
2026-09-28T12:10:54+04:00	ck9c-whole-256k	4	2402153	2402125	57	901996544	698011648	ft*51 ZMQbg/Reaper*3 ZMQbg/IO/0*3 
2026-09-28T12:10:54+04:00	ck9c-whole-256k	4	2402588	2402153	1	12673024	5939200	python3*1 
2026-09-28T12:10:54+04:00	ck9c-whole-256k	4	2402589	2402153	45	22868578304	2065043456	python3*36 pt_gloo_runloop*2 ZMQbg/Reaper*2 ZMQbg/IO/0*2 pt_tcpstore_uv*1 cuda0000240000a*1 
2026-09-28T12:10:54+04:00	ck9c-whole-256k	4	2402590	2402153	57	850489344	650022912	python3*49 ZMQbg/Reaper*4 ZMQbg/IO/0*4 
2026-09-28T12:11:04+04:00	ck9c-whole-256k	4	2402125	363	2	21499904	6057984	uv*1 main2*1 
2026-09-28T12:11:04+04:00	ck9c-whole-256k	4	2402153	2402125	57	895811584	698011648	ft*51 ZMQbg/Reaper*3 ZMQbg/IO/0*3 
2026-09-28T12:11:04+04:00	ck9c-whole-256k	4	2402588	2402153	1	12673024	5939200	python3*1 
2026-09-28T12:11:04+04:00	ck9c-whole-256k	4	2402589	2402153	45	22850273280	2065043456	python3*36 pt_gloo_runloop*2 ZMQbg/Reaper*2 ZMQbg/IO/0*2 pt_tcpstore_uv*1 cuda0000240000a*1 
2026-09-28T12:11:04+04:00	ck9c-whole-256k	4	2402590	2402153	57	844386304	650022912	python3*49 ZMQbg/Reaper*4 ZMQbg/IO/0*4 
2026-09-28T12:11:14+04:00	ck9c-whole-256k	4	2402125	363	2	20918272	6057984	uv*1 main2*1 
2026-09-28T12:11:14+04:00	ck9c-whole-256k	4	2402153	2402125	57	889470976	698011648	ft*51 ZMQbg/Reaper*3 ZMQbg/IO/0*3 
2026-09-28T12:11:14+04:00	ck9c-whole-256k	4	2402588	2402153	1	12664832	5939200	python3*1 
2026-09-28T12:11:14+04:00	ck9c-whole-256k	4	2402589	2402153	45	22840123392	2065043456	python3*36 pt_gloo_runloop*2 ZMQbg/Reaper*2 ZMQbg/IO/0*2 pt_tcpstore_uv*1 cuda0000240000a*1 
2026-09-28T12:11:15+04:00	ck9c-whole-256k	4	2402590	2402153	57	837668864	650022912	python3*49 ZMQbg/Reaper*4 ZMQbg/IO/0*4 
2026-09-28T12:11:25+04:00	ck9c-whole-256k	4	2402125	363	2	20783104	6057984	uv*1 main2*1 
2026-09-28T12:11:25+04:00	ck9c-whole-256k	4	2402153	2402125	57	885825536	698011648	ft*51 ZMQbg/Reaper*3 ZMQbg/IO/0*3 
2026-09-28T12:11:25+04:00	ck9c-whole-256k	4	2402588	2402153	1	12664832	5939200	python3*1 
2026-09-28T12:11:25+04:00	ck9c-whole-256k	4	2402589	2402153	45	22834319360	2065043456	python3*36 pt_gloo_runloop*2 ZMQbg/Reaper*2 ZMQbg/IO/0*2 pt_tcpstore_uv*1 cuda0000240000a*1 
2026-09-28T12:11:25+04:00	ck9c-whole-256k	4	2402590	2402153	57	834506752	650022912	python3*49 ZMQbg/Reaper*4 ZMQbg/IO/0*4 
2026-09-28T12:11:35+04:00	ck9c-whole-256k	4	2402125	363	2	20783104	6057984	uv*1 main2*1 
2026-09-28T12:11:35+04:00	ck9c-whole-256k	4	2402153	2402125	57	885825536	698011648	ft*51 ZMQbg/Reaper*3 ZMQbg/IO/0*3 
2026-09-28T12:11:35+04:00	ck9c-whole-256k	4	2402588	2402153	1	12664832	5939200	python3*1 
2026-09-28T12:11:35+04:00	ck9c-whole-256k	4	2402589	2402153	45	22834319360	2065043456	python3*36 pt_gloo_runloop*2 ZMQbg/Reaper*2 ZMQbg/IO/0*2 pt_tcpstore_uv*1 cuda0000240000a*1 
2026-09-28T12:11:35+04:00	ck9c-whole-256k	4	2402590	2402153	57	834506752	650022912	python3*49 ZMQbg/Reaper*4 ZMQbg/IO/0*4 
2026-09-28T12:11:45+04:00	ck9c-whole-256k	4	2402125	363	2	20783104	6057984	uv*1 main2*1 
2026-09-28T12:11:45+04:00	ck9c-whole-256k	4	2402153	2402125	57	885825536	698011648	ft*51 ZMQbg/Reaper*3 ZMQbg/IO/0*3 
2026-09-28T12:11:45+04:00	ck9c-whole-256k	4	2402588	2402153	1	12664832	5939200	python3*1 
2026-09-28T12:11:45+04:00	ck9c-whole-256k	4	2402589	2402153	45	22834319360	2065043456	python3*36 pt_gloo_runloop*2 ZMQbg/Reaper*2 ZMQbg/IO/0*2 pt_tcpstore_uv*1 cuda0000240000a*1 
2026-09-28T12:11:45+04:00	ck9c-whole-256k	4	2402590	2402153	57	834506752	650022912	python3*49 ZMQbg/Reaper*4 ZMQbg/IO/0*4 
2026-09-28T12:11:56+04:00	ck9c-whole-256k	4	2402125	363	2	20783104	6057984	uv*1 main2*1 
2026-09-28T12:11:56+04:00	ck9c-whole-256k	4	2402153	2402125	57	885825536	698011648	ft*51 ZMQbg/Reaper*3 ZMQbg/IO/0*3 
2026-09-28T12:11:56+04:00	ck9c-whole-256k	4	2402588	2402153	1	12664832	5939200	python3*1 
2026-09-28T12:11:56+04:00	ck9c-whole-256k	4	2402589	2402153	45	22834319360	2065043456	python3*36 pt_gloo_runloop*2 ZMQbg/Reaper*2 ZMQbg/IO/0*2 pt_tcpstore_uv*1 cuda0000240000a*1 
2026-09-28T12:11:56+04:00	ck9c-whole-256k	4	2402590	2402153	57	834506752	650022912	python3*49 ZMQbg/Reaper*4 ZMQbg/IO/0*4 
2026-09-28T12:12:06+04:00	ck9c-whole-256k	4	2402125	363	2	20783104	6057984	uv*1 main2*1 
2026-09-28T12:12:06+04:00	ck9c-whole-256k	4	2402153	2402125	57	885825536	698011648	ft*51 ZMQbg/Reaper*3 ZMQbg/IO/0*3 
2026-09-28T12:12:06+04:00	ck9c-whole-256k	4	2402588	2402153	1	12664832	5939200	python3*1 
2026-09-28T12:12:06+04:00	ck9c-whole-256k	4	2402589	2402153	45	22834319360	2065043456	python3*36 pt_gloo_runloop*2 ZMQbg/Reaper*2 ZMQbg/IO/0*2 pt_tcpstore_uv*1 cuda0000240000a*1 
2026-09-28T12:12:06+04:00	ck9c-whole-256k	4	2402590	2402153	57	834506752	650022912	python3*49 ZMQbg/Reaper*4 ZMQbg/IO/0*4 
2026-09-28T12:12:16+04:00	ck9c-whole-256k	4	2402125	363	2	20783104	6057984	uv*1 main2*1 
2026-09-28T12:12:16+04:00	ck9c-whole-256k	4	2402153	2402125	57	885825536	698011648	ft*51 ZMQbg/Reaper*3 ZMQbg/IO/0*3 
2026-09-28T12:12:16+04:00	ck9c-whole-256k	4	2402588	2402153	1	12664832	5939200	python3*1 
2026-09-28T12:12:16+04:00	ck9c-whole-256k	4	2402589	2402153	45	22834319360	2065043456	python3*36 pt_gloo_runloop*2 ZMQbg/Reaper*2 ZMQbg/IO/0*2 pt_tcpstore_uv*1 cuda0000240000a*1 
2026-09-28T12:12:16+04:00	ck9c-whole-256k	4	2402590	2402153	57	834506752	650022912	python3*49 ZMQbg/Reaper*4 ZMQbg/IO/0*4 
2026-09-28T12:12:26+04:00	ck9c-whole-256k	4	2402125	363	2	20783104	6057984	uv*1 main2*1 
2026-09-28T12:12:26+04:00	ck9c-whole-256k	4	2402153	2402125	57	882692096	698011648	ft*51 ZMQbg/Reaper*3 ZMQbg/IO/0*3 
2026-09-28T12:12:26+04:00	ck9c-whole-256k	4	2402588	2402153	1	12664832	5939200	python3*1 
2026-09-28T12:12:26+04:00	ck9c-whole-256k	4	2402589	2402153	45	22827638784	2065043456	python3*36 pt_gloo_runloop*2 ZMQbg/Reaper*2 ZMQbg/IO/0*2 pt_tcpstore_uv*1 cuda0000240000a*1 
2026-09-28T12:12:27+04:00	ck9c-whole-256k	4	2402590	2402153	57	831381504	650022912	python3*49 ZMQbg/Reaper*4 ZMQbg/IO/0*4 
2026-09-28T12:12:37+04:00	ck9c-whole-256k	4	2402125	363	2	17055744	2351104	uv*1 main2*1 
2026-09-28T12:12:37+04:00	ck9c-whole-256k	4	2402153	2402125	57	877588480	695857152	ft*51 ZMQbg/Reaper*3 ZMQbg/IO/0*3 
2026-09-28T12:12:37+04:00	ck9c-whole-256k	4	2402588	2402153	1	12664832	5939200	python3*1 
2026-09-28T12:12:37+04:00	ck9c-whole-256k	4	2402589	2402153	45	22819786752	2065047552	python3*36 pt_gloo_runloop*2 ZMQbg/Reaper*2 ZMQbg/IO/0*2 pt_tcpstore_uv*1 cuda0000240000a*1 
2026-09-28T12:12:37+04:00	ck9c-whole-256k	4	2402590	2402153	57	828432384	650022912	python3*49 ZMQbg/Reaper*4 ZMQbg/IO/0*4 
2026-09-28T12:12:47+04:00	ck9c-whole-256k	4	2402125	363	2	17031168	2351104	uv*1 main2*1 
2026-09-28T12:12:47+04:00	ck9c-whole-256k	4	2402153	2402125	57	867557376	686354432	ft*51 ZMQbg/Reaper*3 ZMQbg/IO/0*3 
2026-09-28T12:12:47+04:00	ck9c-whole-256k	4	2402588	2402153	1	12664832	5939200	python3*1 
2026-09-28T12:12:47+04:00	ck9c-whole-256k	4	2402589	2402153	45	22818713600	2065170432	python3*36 pt_gloo_runloop*2 ZMQbg/Reaper*2 ZMQbg/IO/0*2 pt_tcpstore_uv*1 cuda0000240000a*1 
2026-09-28T12:12:47+04:00	ck9c-whole-256k	4	2402590	2402153	57	827904000	650022912	python3*49 ZMQbg/Reaper*4 ZMQbg/IO/0*4 
2026-09-28T12:12:57+04:00	ck9c-whole-256k	4	2402125	363	2	17031168	2351104	uv*1 main2*1 
2026-09-28T12:12:57+04:00	ck9c-whole-256k	4	2402153	2402125	57	867557376	686354432	ft*51 ZMQbg/Reaper*3 ZMQbg/IO/0*3 
2026-09-28T12:12:57+04:00	ck9c-whole-256k	4	2402588	2402153	1	12664832	5939200	python3*1 
2026-09-28T12:12:57+04:00	ck9c-whole-256k	4	2402589	2402153	45	22818836480	2065293312	python3*36 pt_gloo_runloop*2 ZMQbg/Reaper*2 ZMQbg/IO/0*2 pt_tcpstore_uv*1 cuda0000240000a*1 
2026-09-28T12:12:58+04:00	ck9c-whole-256k	4	2402590	2402153	57	827904000	650022912	python3*49 ZMQbg/Reaper*4 ZMQbg/IO/0*4 
2026-09-28T12:13:08+04:00	ck9c-whole-256k	4	2402125	363	2	17031168	2351104	uv*1 main2*1 
2026-09-28T12:13:08+04:00	ck9c-whole-256k	4	2402153	2402125	57	867557376	686354432	ft*51 ZMQbg/Reaper*3 ZMQbg/IO/0*3 
2026-09-28T12:13:08+04:00	ck9c-whole-256k	4	2402588	2402153	1	12664832	5939200	python3*1 
2026-09-28T12:13:08+04:00	ck9c-whole-256k	4	2402589	2402153	45	22818963456	2065420288	python3*36 pt_gloo_runloop*2 ZMQbg/Reaper*2 ZMQbg/IO/0*2 pt_tcpstore_uv*1 cuda0000240000a*1 
2026-09-28T12:13:08+04:00	ck9c-whole-256k	4	2402590	2402153	57	827904000	650022912	python3*49 ZMQbg/Reaper*4 ZMQbg/IO/0*4 
2026-09-28T12:13:18+04:00	ck9c-whole-256k	4	2402125	363	2	17031168	2351104	uv*1 main2*1 
2026-09-28T12:13:18+04:00	ck9c-whole-256k	4	2402153	2402125	57	867557376	686354432	ft*51 ZMQbg/Reaper*3 ZMQbg/IO/0*3 
2026-09-28T12:13:18+04:00	ck9c-whole-256k	4	2402588	2402153	1	12664832	5939200	python3*1 
2026-09-28T12:13:18+04:00	ck9c-whole-256k	4	2402589	2402153	45	22819074048	2065530880	python3*36 pt_gloo_runloop*2 ZMQbg/Reaper*2 ZMQbg/IO/0*2 pt_tcpstore_uv*1 cuda0000240000a*1 
2026-09-28T12:13:18+04:00	ck9c-whole-256k	4	2402590	2402153	57	827904000	650022912	python3*49 ZMQbg/Reaper*4 ZMQbg/IO/0*4 
2026-09-28T12:13:28+04:00	ck9c-whole-256k	4	2402125	363	2	17031168	2351104	uv*1 main2*1 
2026-09-28T12:13:28+04:00	ck9c-whole-256k	4	2402153	2402125	57	867557376	686354432	ft*51 ZMQbg/Reaper*3 ZMQbg/IO/0*3 
2026-09-28T12:13:28+04:00	ck9c-whole-256k	4	2402588	2402153	1	12664832	5939200	python3*1 
2026-09-28T12:13:28+04:00	ck9c-whole-256k	4	2402589	2402153	45	22819196928	2065653760	python3*36 pt_gloo_runloop*2 ZMQbg/Reaper*2 ZMQbg/IO/0*2 pt_tcpstore_uv*1 cuda0000240000a*1 
2026-09-28T12:13:28+04:00	ck9c-whole-256k	4	2402590	2402153	57	827904000	650022912	python3*49 ZMQbg/Reaper*4 ZMQbg/IO/0*4 
2026-09-28T12:13:39+04:00	ck9c-whole-256k	4	2402125	363	2	17031168	2351104	uv*1 main2*1 
2026-09-28T12:13:39+04:00	ck9c-whole-256k	4	2402153	2402125	57	867557376	686354432	ft*51 ZMQbg/Reaper*3 ZMQbg/IO/0*3 
2026-09-28T12:13:39+04:00	ck9c-whole-256k	4	2402588	2402153	1	12664832	5939200	python3*1 
2026-09-28T12:13:39+04:00	ck9c-whole-256k	4	2402589	2402153	45	22819311616	2065768448	python3*36 pt_gloo_runloop*2 ZMQbg/Reaper*2 ZMQbg/IO/0*2 pt_tcpstore_uv*1 cuda0000240000a*1 
2026-09-28T12:13:39+04:00	ck9c-whole-256k	4	2402590	2402153	57	827904000	650022912	python3*49 ZMQbg/Reaper*4 ZMQbg/IO/0*4 
2026-09-28T12:13:49+04:00	ck9c-whole-256k	4	2402125	363	2	17031168	2351104	uv*1 main2*1 
2026-09-28T12:13:49+04:00	ck9c-whole-256k	4	2402153	2402125	57	867557376	686354432	ft*51 ZMQbg/Reaper*3 ZMQbg/IO/0*3 
2026-09-28T12:13:49+04:00	ck9c-whole-256k	4	2402588	2402153	1	12664832	5939200	python3*1 
2026-09-28T12:13:49+04:00	ck9c-whole-256k	4	2402589	2402153	45	22819426304	2065883136	python3*36 pt_gloo_runloop*2 ZMQbg/Reaper*2 ZMQbg/IO/0*2 pt_tcpstore_uv*1 cuda0000240000a*1 
2026-09-28T12:13:49+04:00	ck9c-whole-256k	4	2402590	2402153	57	827904000	650022912	python3*49 ZMQbg/Reaper*4 ZMQbg/IO/0*4 
2026-09-28T12:13:59+04:00	ck9c-whole-256k	4	2402125	363	2	17031168	2351104	uv*1 main2*1 
2026-09-28T12:13:59+04:00	ck9c-whole-256k	4	2402153	2402125	57	867557376	686354432	ft*51 ZMQbg/Reaper*3 ZMQbg/IO/0*3 
2026-09-28T12:13:59+04:00	ck9c-whole-256k	4	2402588	2402153	1	12664832	5939200	python3*1 
2026-09-28T12:13:59+04:00	ck9c-whole-256k	4	2402589	2402153	45	22820274176	2066415616	python3*36 pt_gloo_runloop*2 ZMQbg/Reaper*2 ZMQbg/IO/0*2 pt_tcpstore_uv*1 cuda0000240000a*1 
2026-09-28T12:13:59+04:00	ck9c-whole-256k	4	2402590	2402153	57	827904000	650022912	python3*49 ZMQbg/Reaper*4 ZMQbg/IO/0*4 
2026-09-28T12:14:09+04:00	ck9c-whole-256k	4	2402125	363	2	17031168	2351104	uv*1 main2*1 
2026-09-28T12:14:09+04:00	ck9c-whole-256k	4	2402153	2402125	57	867557376	686354432	ft*51 ZMQbg/Reaper*3 ZMQbg/IO/0*3 
2026-09-28T12:14:09+04:00	ck9c-whole-256k	4	2402588	2402153	1	12664832	5939200	python3*1 
2026-09-28T12:14:09+04:00	ck9c-whole-256k	4	2402589	2402153	45	22820278272	2066419712	python3*36 pt_gloo_runloop*2 ZMQbg/Reaper*2 ZMQbg/IO/0*2 pt_tcpstore_uv*1 cuda0000240000a*1 
2026-09-28T12:14:10+04:00	ck9c-whole-256k	4	2402590	2402153	57	827904000	650022912	python3*49 ZMQbg/Reaper*4 ZMQbg/IO/0*4 
2026-09-28T12:14:20+04:00	ck9c-whole-256k	4	2402125	363	2	17031168	2351104	uv*1 main2*1 
2026-09-28T12:14:20+04:00	ck9c-whole-256k	4	2402153	2402125	57	867557376	686354432	ft*51 ZMQbg/Reaper*3 ZMQbg/IO/0*3 
2026-09-28T12:14:20+04:00	ck9c-whole-256k	4	2402588	2402153	1	12664832	5939200	python3*1 
2026-09-28T12:14:20+04:00	ck9c-whole-256k	4	2402589	2402153	45	22820286464	2066427904	python3*36 pt_gloo_runloop*2 ZMQbg/Reaper*2 ZMQbg/IO/0*2 pt_tcpstore_uv*1 cuda0000240000a*1 
2026-09-28T12:14:20+04:00	ck9c-whole-256k	4	2402590	2402153	57	827904000	650022912	python3*49 ZMQbg/Reaper*4 ZMQbg/IO/0*4 
2026-09-28T12:14:30+04:00	ck9c-whole-256k	4	2402125	363	2	17031168	2351104	uv*1 main2*1 
2026-09-28T12:14:30+04:00	ck9c-whole-256k	4	2402153	2402125	57	867557376	686354432	ft*51 ZMQbg/Reaper*3 ZMQbg/IO/0*3 
2026-09-28T12:14:30+04:00	ck9c-whole-256k	4	2402588	2402153	1	12664832	5939200	python3*1 
2026-09-28T12:14:30+04:00	ck9c-whole-256k	4	2402589	2402153	45	22820286464	2066427904	python3*36 pt_gloo_runloop*2 ZMQbg/Reaper*2 ZMQbg/IO/0*2 pt_tcpstore_uv*1 cuda0000240000a*1 
2026-09-28T12:14:30+04:00	ck9c-whole-256k	4	2402590	2402153	57	827904000	650022912	python3*49 ZMQbg/Reaper*4 ZMQbg/IO/0*4 
2026-09-28T12:14:40+04:00	ck9c-whole-256k	4	2402125	363	2	17031168	2351104	uv*1 main2*1 
2026-09-28T12:14:40+04:00	ck9c-whole-256k	4	2402153	2402125	57	867557376	686354432	ft*51 ZMQbg/Reaper*3 ZMQbg/IO/0*3 
2026-09-28T12:14:40+04:00	ck9c-whole-256k	4	2402588	2402153	1	12664832	5939200	python3*1 
2026-09-28T12:14:40+04:00	ck9c-whole-256k	4	2402589	2402153	45	22820376576	2066518016	python3*36 pt_gloo_runloop*2 ZMQbg/Reaper*2 ZMQbg/IO/0*2 pt_tcpstore_uv*1 cuda0000240000a*1 
2026-09-28T12:14:41+04:00	ck9c-whole-256k	4	2402590	2402153	57	827904000	650022912	python3*49 ZMQbg/Reaper*4 ZMQbg/IO/0*4 
2026-09-28T12:14:51+04:00	ck9c-whole-256k	4	2402125	363	2	17031168	2351104	uv*1 main2*1 
2026-09-28T12:14:51+04:00	ck9c-whole-256k	4	2402153	2402125	57	867557376	686354432	ft*51 ZMQbg/Reaper*3 ZMQbg/IO/0*3 
2026-09-28T12:14:51+04:00	ck9c-whole-256k	4	2402588	2402153	1	12664832	5939200	python3*1 
2026-09-28T12:14:51+04:00	ck9c-whole-256k	4	2402589	2402153	45	22820503552	2066644992	python3*36 pt_gloo_runloop*2 ZMQbg/Reaper*2 ZMQbg/IO/0*2 pt_tcpstore_uv*1 cuda0000240000a*1 
2026-09-28T12:14:51+04:00	ck9c-whole-256k	4	2402590	2402153	57	827904000	650022912	python3*49 ZMQbg/Reaper*4 ZMQbg/IO/0*4 
2026-09-28T12:15:01+04:00	ck9c-whole-256k	4	2402125	363	2	17031168	2351104	uv*1 main2*1 
2026-09-28T12:15:01+04:00	ck9c-whole-256k	4	2402153	2402125	57	867557376	686354432	ft*51 ZMQbg/Reaper*3 ZMQbg/IO/0*3 
2026-09-28T12:15:01+04:00	ck9c-whole-256k	4	2402588	2402153	1	12664832	5939200	python3*1 
2026-09-28T12:15:01+04:00	ck9c-whole-256k	4	2402589	2402153	45	22820630528	2066771968	python3*36 pt_gloo_runloop*2 ZMQbg/Reaper*2 ZMQbg/IO/0*2 pt_tcpstore_uv*1 cuda0000240000a*1 
2026-09-28T12:15:01+04:00	ck9c-whole-256k	4	2402590	2402153	57	827904000	650022912	python3*49 ZMQbg/Reaper*4 ZMQbg/IO/0*4 
2026-09-28T12:15:11+04:00	ck9c-whole-256k	4	2402125	363	2	17031168	2351104	uv*1 main2*1 
2026-09-28T12:15:11+04:00	ck9c-whole-256k	4	2402153	2402125	57	867557376	686354432	ft*51 ZMQbg/Reaper*3 ZMQbg/IO/0*3 
2026-09-28T12:15:11+04:00	ck9c-whole-256k	4	2402588	2402153	1	12664832	5939200	python3*1 
2026-09-28T12:15:11+04:00	ck9c-whole-256k	4	2402589	2402153	45	22820753408	2066894848	python3*36 pt_gloo_runloop*2 ZMQbg/Reaper*2 ZMQbg/IO/0*2 pt_tcpstore_uv*1 cuda0000240000a*1 
2026-09-28T12:15:11+04:00	ck9c-whole-256k	4	2402590	2402153	57	827904000	650022912	python3*49 ZMQbg/Reaper*4 ZMQbg/IO/0*4 
2026-09-28T12:15:22+04:00	ck9c-whole-256k	4	2402125	363	2	17031168	2351104	uv*1 main2*1 
2026-09-28T12:15:22+04:00	ck9c-whole-256k	4	2402153	2402125	57	867557376	686354432	ft*51 ZMQbg/Reaper*3 ZMQbg/IO/0*3 
2026-09-28T12:15:22+04:00	ck9c-whole-256k	4	2402588	2402153	1	12664832	5939200	python3*1 
2026-09-28T12:15:22+04:00	ck9c-whole-256k	4	2402589	2402153	45	22820868096	2067009536	python3*36 pt_gloo_runloop*2 ZMQbg/Reaper*2 ZMQbg/IO/0*2 pt_tcpstore_uv*1 cuda0000240000a*1 
2026-09-28T12:15:22+04:00	ck9c-whole-256k	4	2402590	2402153	57	827904000	650022912	python3*49 ZMQbg/Reaper*4 ZMQbg/IO/0*4 
2026-09-28T12:15:32+04:00	ck9c-whole-256k	4	2402125	363	2	17031168	2351104	uv*1 main2*1 
2026-09-28T12:15:32+04:00	ck9c-whole-256k	4	2402153	2402125	57	867557376	686354432	ft*51 ZMQbg/Reaper*3 ZMQbg/IO/0*3 
2026-09-28T12:15:32+04:00	ck9c-whole-256k	4	2402588	2402153	1	12664832	5939200	python3*1 
2026-09-28T12:15:32+04:00	ck9c-whole-256k	4	2402589	2402153	45	22820978688	2067120128	python3*36 pt_gloo_runloop*2 ZMQbg/Reaper*2 ZMQbg/IO/0*2 pt_tcpstore_uv*1 cuda0000240000a*1 
2026-09-28T12:15:32+04:00	ck9c-whole-256k	4	2402590	2402153	57	827904000	650022912	python3*49 ZMQbg/Reaper*4 ZMQbg/IO/0*4 
2026-09-28T12:15:42+04:00	ck9c-whole-256k	4	2402125	363	2	17031168	2351104	uv*1 main2*1 
2026-09-28T12:15:42+04:00	ck9c-whole-256k	4	2402153	2402125	57	867557376	686354432	ft*51 ZMQbg/Reaper*3 ZMQbg/IO/0*3 
2026-09-28T12:15:42+04:00	ck9c-whole-256k	4	2402588	2402153	1	12664832	5939200	python3*1 
2026-09-28T12:15:42+04:00	ck9c-whole-256k	4	2402589	2402153	45	22821093376	2067234816	python3*36 pt_gloo_runloop*2 ZMQbg/Reaper*2 ZMQbg/IO/0*2 pt_tcpstore_uv*1 cuda0000240000a*1 
2026-09-28T12:15:42+04:00	ck9c-whole-256k	4	2402590	2402153	57	827904000	650022912	python3*49 ZMQbg/Reaper*4 ZMQbg/IO/0*4 
2026-09-28T12:15:52+04:00	ck9c-whole-256k	4	2402125	363	2	17010688	2330624	uv*1 main2*1 
2026-09-28T12:15:52+04:00	ck9c-whole-256k	4	2402153	2402125	57	852803584	672440320	ft*51 ZMQbg/Reaper*3 ZMQbg/IO/0*3 
2026-09-28T12:15:52+04:00	ck9c-whole-256k	4	2402588	2402153	1	12664832	5939200	python3*1 
2026-09-28T12:15:52+04:00	ck9c-whole-256k	4	2402589	2402153	45	22820061184	2067357696	python3*36 pt_gloo_runloop*2 ZMQbg/Reaper*2 ZMQbg/IO/0*2 pt_tcpstore_uv*1 cuda0000240000a*1 
2026-09-28T12:15:53+04:00	ck9c-whole-256k	4	2402590	2402153	57	826544128	650022912	python3*49 ZMQbg/Reaper*4 ZMQbg/IO/0*4 
2026-09-28T12:16:03+04:00	ck9c-whole-256k	4	2402125	363	2	17010688	2330624	uv*1 main2*1 
2026-09-28T12:16:03+04:00	ck9c-whole-256k	4	2402153	2402125	57	807890944	628543488	ft*51 ZMQbg/Reaper*3 ZMQbg/IO/0*3 
2026-09-28T12:16:03+04:00	ck9c-whole-256k	4	2402588	2402153	1	12664832	5939200	python3*1 
2026-09-28T12:16:03+04:00	ck9c-whole-256k	4	2402589	2402153	45	22818885632	2067472384	python3*36 pt_gloo_runloop*2 ZMQbg/Reaper*2 ZMQbg/IO/0*2 pt_tcpstore_uv*1 cuda0000240000a*1 
2026-09-28T12:16:03+04:00	ck9c-whole-256k	4	2402590	2402153	57	826048512	650022912	python3*49 ZMQbg/Reaper*4 ZMQbg/IO/0*4 
2026-09-28T12:16:13+04:00	ck9c-whole-256k	4	2402125	363	2	17010688	2330624	uv*1 main2*1 
2026-09-28T12:16:13+04:00	ck9c-whole-256k	4	2402153	2402125	57	807247872	628543488	ft*51 ZMQbg/Reaper*3 ZMQbg/IO/0*3 
2026-09-28T12:16:13+04:00	ck9c-whole-256k	4	2402588	2402153	1	12664832	5939200	python3*1 
2026-09-28T12:16:13+04:00	ck9c-whole-256k	4	2402589	2402153	45	22818127872	2067587072	python3*36 pt_gloo_runloop*2 ZMQbg/Reaper*2 ZMQbg/IO/0*2 pt_tcpstore_uv*1 cuda0000240000a*1 
2026-09-28T12:16:13+04:00	ck9c-whole-256k	4	2402590	2402153	57	825405440	650022912	python3*49 ZMQbg/Reaper*4 ZMQbg/IO/0*4 
2026-09-28T12:16:23+04:00	ck9c-whole-256k	4	2402125	363	2	17010688	2330624	uv*1 main2*1 
2026-09-28T12:16:23+04:00	ck9c-whole-256k	4	2402153	2402125	57	807247872	628543488	ft*51 ZMQbg/Reaper*3 ZMQbg/IO/0*3 
2026-09-28T12:16:23+04:00	ck9c-whole-256k	4	2402588	2402153	1	12664832	5939200	python3*1 
2026-09-28T12:16:23+04:00	ck9c-whole-256k	4	2402589	2402153	45	22818250752	2067709952	python3*36 pt_gloo_runloop*2 ZMQbg/Reaper*2 ZMQbg/IO/0*2 pt_tcpstore_uv*1 cuda0000240000a*1 
2026-09-28T12:16:24+04:00	ck9c-whole-256k	4	2402590	2402153	57	825405440	650022912	python3*49 ZMQbg/Reaper*4 ZMQbg/IO/0*4 
2026-09-28T12:16:34+04:00	ck9c-whole-256k	4	2402125	363	2	17010688	2330624	uv*1 main2*1 
2026-09-28T12:16:34+04:00	ck9c-whole-256k	4	2402153	2402125	57	807247872	628543488	ft*51 ZMQbg/Reaper*3 ZMQbg/IO/0*3 
2026-09-28T12:16:34+04:00	ck9c-whole-256k	4	2402588	2402153	1	12664832	5939200	python3*1 
2026-09-28T12:16:34+04:00	ck9c-whole-256k	4	2402589	2402153	45	22818373632	2067832832	python3*36 pt_gloo_runloop*2 ZMQbg/Reaper*2 ZMQbg/IO/0*2 pt_tcpstore_uv*1 cuda0000240000a*1 
2026-09-28T12:16:34+04:00	ck9c-whole-256k	4	2402590	2402153	57	825405440	650022912	python3*49 ZMQbg/Reaper*4 ZMQbg/IO/0*4 
2026-09-28T12:16:44+04:00	ck9c-whole-256k	4	2402125	363	2	17010688	2330624	uv*1 main2*1 
2026-09-28T12:16:44+04:00	ck9c-whole-256k	4	2402153	2402125	57	807247872	628543488	ft*51 ZMQbg/Reaper*3 ZMQbg/IO/0*3 
2026-09-28T12:16:44+04:00	ck9c-whole-256k	4	2402588	2402153	1	12664832	5939200	python3*1 
2026-09-28T12:16:44+04:00	ck9c-whole-256k	4	2402589	2402153	45	22818480128	2067951616	python3*36 pt_gloo_runloop*2 ZMQbg/Reaper*2 ZMQbg/IO/0*2 pt_tcpstore_uv*1 cuda0000240000a*1 
2026-09-28T12:16:44+04:00	ck9c-whole-256k	4	2402590	2402153	57	825405440	650022912	python3*49 ZMQbg/Reaper*4 ZMQbg/IO/0*4 
2026-09-28T12:16:54+04:00	ck9c-whole-256k	4	2402125	363	2	17010688	2330624	uv*1 main2*1 
2026-09-28T12:16:54+04:00	ck9c-whole-256k	4	2402153	2402125	57	807247872	628543488	ft*51 ZMQbg/Reaper*3 ZMQbg/IO/0*3 
2026-09-28T12:16:54+04:00	ck9c-whole-256k	4	2402588	2402153	1	12664832	5939200	python3*1 
2026-09-28T12:16:54+04:00	ck9c-whole-256k	4	2402589	2402153	45	22818598912	2068058112	python3*36 pt_gloo_runloop*2 ZMQbg/Reaper*2 ZMQbg/IO/0*2 pt_tcpstore_uv*1 cuda0000240000a*1 
2026-09-28T12:16:54+04:00	ck9c-whole-256k	4	2402590	2402153	57	825405440	650022912	python3*49 ZMQbg/Reaper*4 ZMQbg/IO/0*4 
2026-09-28T12:17:05+04:00	ck9c-whole-256k	4	2402125	363	2	17010688	2330624	uv*1 main2*1 
2026-09-28T12:17:05+04:00	ck9c-whole-256k	4	2402153	2402125	57	807247872	628543488	ft*51 ZMQbg/Reaper*3 ZMQbg/IO/0*3 
2026-09-28T12:17:05+04:00	ck9c-whole-256k	4	2402588	2402153	1	12664832	5939200	python3*1 
2026-09-28T12:17:05+04:00	ck9c-whole-256k	4	2402589	2402153	45	22818709504	2068168704	python3*36 pt_gloo_runloop*2 ZMQbg/Reaper*2 ZMQbg/IO/0*2 pt_tcpstore_uv*1 cuda0000240000a*1 
2026-09-28T12:17:05+04:00	ck9c-whole-256k	4	2402590	2402153	57	825405440	650022912	python3*49 ZMQbg/Reaper*4 ZMQbg/IO/0*4 
2026-09-28T12:17:15+04:00	ck9c-whole-256k	4	2402125	363	2	17010688	2330624	uv*1 main2*1 
2026-09-28T12:17:15+04:00	ck9c-whole-256k	4	2402153	2402125	57	807247872	628543488	ft*51 ZMQbg/Reaper*3 ZMQbg/IO/0*3 
2026-09-28T12:17:15+04:00	ck9c-whole-256k	4	2402588	2402153	1	12664832	5939200	python3*1 
2026-09-28T12:17:15+04:00	ck9c-whole-256k	4	2402589	2402153	45	22818828288	2068287488	python3*36 pt_gloo_runloop*2 ZMQbg/Reaper*2 ZMQbg/IO/0*2 pt_tcpstore_uv*1 cuda0000240000a*1 
2026-09-28T12:17:15+04:00	ck9c-whole-256k	4	2402590	2402153	57	825405440	650022912	python3*49 ZMQbg/Reaper*4 ZMQbg/IO/0*4 
2026-09-28T12:17:25+04:00	ck9c-whole-256k	4	2402125	363	2	17010688	2330624	uv*1 main2*1 
2026-09-28T12:17:25+04:00	ck9c-whole-256k	4	2402153	2402125	57	807247872	628543488	ft*51 ZMQbg/Reaper*3 ZMQbg/IO/0*3 
2026-09-28T12:17:25+04:00	ck9c-whole-256k	4	2402588	2402153	1	12664832	5939200	python3*1 
2026-09-28T12:17:25+04:00	ck9c-whole-256k	4	2402589	2402153	45	22818942976	2068402176	python3*36 pt_gloo_runloop*2 ZMQbg/Reaper*2 ZMQbg/IO/0*2 pt_tcpstore_uv*1 cuda0000240000a*1 
2026-09-28T12:17:25+04:00	ck9c-whole-256k	4	2402590	2402153	57	825405440	650022912	python3*49 ZMQbg/Reaper*4 ZMQbg/IO/0*4 
2026-09-28T12:17:35+04:00	ck9c-whole-256k	4	2402125	363	2	17010688	2330624	uv*1 main2*1 
2026-09-28T12:17:35+04:00	ck9c-whole-256k	4	2402153	2402125	57	807247872	628543488	ft*51 ZMQbg/Reaper*3 ZMQbg/IO/0*3 
2026-09-28T12:17:35+04:00	ck9c-whole-256k	4	2402588	2402153	1	12664832	5939200	python3*1 
2026-09-28T12:17:36+04:00	ck9c-whole-256k	4	2402589	2402153	45	22819069952	2068529152	python3*36 pt_gloo_runloop*2 ZMQbg/Reaper*2 ZMQbg/IO/0*2 pt_tcpstore_uv*1 cuda0000240000a*1 
2026-09-28T12:17:36+04:00	ck9c-whole-256k	4	2402590	2402153	57	825405440	650022912	python3*49 ZMQbg/Reaper*4 ZMQbg/IO/0*4 
2026-09-28T12:17:46+04:00	ck9c-whole-256k	4	2402125	363	2	17010688	2330624	uv*1 main2*1 
2026-09-28T12:17:46+04:00	ck9c-whole-256k	4	2402153	2402125	57	809136128	630382592	ft*51 ZMQbg/Reaper*3 ZMQbg/IO/0*3 
2026-09-28T12:17:46+04:00	ck9c-whole-256k	4	2402588	2402153	1	12664832	5939200	python3*1 
2026-09-28T12:17:46+04:00	ck9c-whole-256k	4	2402589	2402153	45	22822064128	2070253568	python3*36 pt_gloo_runloop*2 ZMQbg/Reaper*2 ZMQbg/IO/0*2 pt_tcpstore_uv*1 cuda0000240000a*1 
2026-09-28T12:17:46+04:00	ck9c-whole-256k	4	2402590	2402153	57	825454592	650022912	python3*49 ZMQbg/Reaper*4 ZMQbg/IO/0*4 
2026-09-28T12:17:56+04:00	ck9c-whole-256k	4	2402125	363	2	17010688	2330624	uv*1 main2*1 
2026-09-28T12:17:56+04:00	ck9c-whole-256k	4	2402153	2402125	57	809136128	630382592	ft*51 ZMQbg/Reaper*3 ZMQbg/IO/0*3 
2026-09-28T12:17:56+04:00	ck9c-whole-256k	4	2402588	2402153	1	12664832	5939200	python3*1 
2026-09-28T12:17:56+04:00	ck9c-whole-256k	4	2402589	2402153	45	22822072320	2070253568	python3*36 pt_gloo_runloop*2 ZMQbg/Reaper*2 ZMQbg/IO/0*2 pt_tcpstore_uv*1 cuda0000240000a*1 
2026-09-28T12:17:56+04:00	ck9c-whole-256k	4	2402590	2402153	57	825454592	650022912	python3*49 ZMQbg/Reaper*4 ZMQbg/IO/0*4 
2026-09-28T12:18:06+04:00	ck9c-whole-256k	4	2402125	363	2	17010688	2330624	uv*1 main2*1 
2026-09-28T12:18:06+04:00	ck9c-whole-256k	4	2402153	2402125	57	809136128	630382592	ft*51 ZMQbg/Reaper*3 ZMQbg/IO/0*3 
2026-09-28T12:18:06+04:00	ck9c-whole-256k	4	2402588	2402153	1	12664832	5939200	python3*1 
2026-09-28T12:18:06+04:00	ck9c-whole-256k	4	2402589	2402153	45	22822072320	2070253568	python3*36 pt_gloo_runloop*2 ZMQbg/Reaper*2 ZMQbg/IO/0*2 pt_tcpstore_uv*1 cuda0000240000a*1 
2026-09-28T12:18:07+04:00	ck9c-whole-256k	4	2402590	2402153	57	825454592	650022912	python3*49 ZMQbg/Reaper*4 ZMQbg/IO/0*4 
2026-09-28T12:18:17+04:00	ck9c-whole-256k	4	2402125	363	2	17010688	2330624	uv*1 main2*1 
2026-09-28T12:18:17+04:00	ck9c-whole-256k	4	2402153	2402125	57	809136128	630382592	ft*51 ZMQbg/Reaper*3 ZMQbg/IO/0*3 
2026-09-28T12:18:17+04:00	ck9c-whole-256k	4	2402588	2402153	1	12664832	5939200	python3*1 
2026-09-28T12:18:17+04:00	ck9c-whole-256k	4	2402589	2402153	45	22822072320	2070253568	python3*36 pt_gloo_runloop*2 ZMQbg/Reaper*2 ZMQbg/IO/0*2 pt_tcpstore_uv*1 cuda0000240000a*1 
2026-09-28T12:18:17+04:00	ck9c-whole-256k	4	2402590	2402153	57	825454592	650022912	python3*49 ZMQbg/Reaper*4 ZMQbg/IO/0*4 
2026-09-28T12:18:27+04:00	ck9c-whole-256k	4	2402125	363	2	17010688	2330624	uv*1 main2*1 
2026-09-28T12:18:27+04:00	ck9c-whole-256k	4	2402153	2402125	57	809136128	630382592	ft*51 ZMQbg/Reaper*3 ZMQbg/IO/0*3 
2026-09-28T12:18:27+04:00	ck9c-whole-256k	4	2402588	2402153	1	12664832	5939200	python3*1 
2026-09-28T12:18:27+04:00	ck9c-whole-256k	4	2402589	2402153	45	22822072320	2070253568	python3*36 pt_gloo_runloop*2 ZMQbg/Reaper*2 ZMQbg/IO/0*2 pt_tcpstore_uv*1 cuda0000240000a*1 
2026-09-28T12:18:27+04:00	ck9c-whole-256k	4	2402590	2402153	57	825454592	650022912	python3*49 ZMQbg/Reaper*4 ZMQbg/IO/0*4 
2026-09-28T12:18:37+04:00	ck9c-whole-256k	4	2402125	363	2	17010688	2330624	uv*1 main2*1 
2026-09-28T12:18:37+04:00	ck9c-whole-256k	4	2402153	2402125	57	809136128	630382592	ft*51 ZMQbg/Reaper*3 ZMQbg/IO/0*3 
2026-09-28T12:18:37+04:00	ck9c-whole-256k	4	2402588	2402153	1	12664832	5939200	python3*1 
2026-09-28T12:18:37+04:00	ck9c-whole-256k	4	2402589	2402153	45	22822072320	2070253568	python3*36 pt_gloo_runloop*2 ZMQbg/Reaper*2 ZMQbg/IO/0*2 pt_tcpstore_uv*1 cuda0000240000a*1 
2026-09-28T12:18:37+04:00	ck9c-whole-256k	4	2402590	2402153	57	825454592	650022912	python3*49 ZMQbg/Reaper*4 ZMQbg/IO/0*4 
2026-09-28T12:18:48+04:00	ck9c-whole-256k	4	2402125	363	2	17010688	2330624	uv*1 main2*1 
2026-09-28T12:18:48+04:00	ck9c-whole-256k	4	2402153	2402125	57	809136128	630382592	ft*51 ZMQbg/Reaper*3 ZMQbg/IO/0*3 
2026-09-28T12:18:48+04:00	ck9c-whole-256k	4	2402588	2402153	1	12664832	5939200	python3*1 
2026-09-28T12:18:48+04:00	ck9c-whole-256k	4	2402589	2402153	45	22822072320	2070253568	python3*36 pt_gloo_runloop*2 ZMQbg/Reaper*2 ZMQbg/IO/0*2 pt_tcpstore_uv*1 cuda0000240000a*1 
2026-09-28T12:18:48+04:00	ck9c-whole-256k	4	2402590	2402153	57	825454592	650022912	python3*49 ZMQbg/Reaper*4 ZMQbg/IO/0*4 
2026-09-28T12:18:58+04:00	ck9c-whole-256k	4	2402125	363	2	17010688	2330624	uv*1 main2*1 
2026-09-28T12:18:58+04:00	ck9c-whole-256k	4	2402153	2402125	57	809136128	630382592	ft*51 ZMQbg/Reaper*3 ZMQbg/IO/0*3 
2026-09-28T12:18:58+04:00	ck9c-whole-256k	4	2402588	2402153	1	12664832	5939200	python3*1 
2026-09-28T12:18:58+04:00	ck9c-whole-256k	4	2402589	2402153	45	22822072320	2070253568	python3*36 pt_gloo_runloop*2 ZMQbg/Reaper*2 ZMQbg/IO/0*2 pt_tcpstore_uv*1 cuda0000240000a*1 
2026-09-28T12:18:58+04:00	ck9c-whole-256k	4	2402590	2402153	57	825454592	650022912	python3*49 ZMQbg/Reaper*4 ZMQbg/IO/0*4 
2026-09-28T12:19:08+04:00	ck9c-whole-256k	4	2402125	363	2	17010688	2330624	uv*1 main2*1 
2026-09-28T12:19:08+04:00	ck9c-whole-256k	4	2402153	2402125	57	809136128	630382592	ft*51 ZMQbg/Reaper*3 ZMQbg/IO/0*3 
2026-09-28T12:19:08+04:00	ck9c-whole-256k	4	2402588	2402153	1	12664832	5939200	python3*1 
2026-09-28T12:19:08+04:00	ck9c-whole-256k	4	2402589	2402153	45	22822072320	2070253568	python3*36 pt_gloo_runloop*2 ZMQbg/Reaper*2 ZMQbg/IO/0*2 pt_tcpstore_uv*1 cuda0000240000a*1 
2026-09-28T12:19:08+04:00	ck9c-whole-256k	4	2402590	2402153	57	825454592	650022912	python3*49 ZMQbg/Reaper*4 ZMQbg/IO/0*4 
2026-09-28T12:19:18+04:00	ck9c-whole-256k	4	2402125	363	2	17010688	2330624	uv*1 main2*1 
2026-09-28T12:19:18+04:00	ck9c-whole-256k	4	2402153	2402125	57	809136128	630382592	ft*51 ZMQbg/Reaper*3 ZMQbg/IO/0*3 
2026-09-28T12:19:19+04:00	ck9c-whole-256k	4	2402588	2402153	1	12664832	5939200	python3*1 
2026-09-28T12:19:19+04:00	ck9c-whole-256k	4	2402589	2402153	45	22822072320	2070253568	python3*36 pt_gloo_runloop*2 ZMQbg/Reaper*2 ZMQbg/IO/0*2 pt_tcpstore_uv*1 cuda0000240000a*1 
2026-09-28T12:19:19+04:00	ck9c-whole-256k	4	2402590	2402153	57	825454592	650022912	python3*49 ZMQbg/Reaper*4 ZMQbg/IO/0*4 
2026-09-28T12:19:29+04:00	ck9c-whole-256k	4	2402125	363	2	17010688	2330624	uv*1 main2*1 
2026-09-28T12:19:29+04:00	ck9c-whole-256k	4	2402153	2402125	57	809136128	630382592	ft*51 ZMQbg/Reaper*3 ZMQbg/IO/0*3 
2026-09-28T12:19:29+04:00	ck9c-whole-256k	4	2402588	2402153	1	12664832	5939200	python3*1 
2026-09-28T12:19:29+04:00	ck9c-whole-256k	4	2402589	2402153	45	22822072320	2070253568	python3*36 pt_gloo_runloop*2 ZMQbg/Reaper*2 ZMQbg/IO/0*2 pt_tcpstore_uv*1 cuda0000240000a*1 
2026-09-28T12:19:29+04:00	ck9c-whole-256k	4	2402590	2402153	57	825454592	650022912	python3*49 ZMQbg/Reaper*4 ZMQbg/IO/0*4 
2026-09-28T12:19:39+04:00	ck9c-whole-256k	4	2402125	363	2	17010688	2330624	uv*1 main2*1 
2026-09-28T12:19:39+04:00	ck9c-whole-256k	4	2402153	2402125	57	809136128	630382592	ft*51 ZMQbg/Reaper*3 ZMQbg/IO/0*3 
2026-09-28T12:19:39+04:00	ck9c-whole-256k	4	2402588	2402153	1	12664832	5939200	python3*1 
2026-09-28T12:19:39+04:00	ck9c-whole-256k	4	2402589	2402153	45	22822072320	2070253568	python3*36 pt_gloo_runloop*2 ZMQbg/Reaper*2 ZMQbg/IO/0*2 pt_tcpstore_uv*1 cuda0000240000a*1 
2026-09-28T12:19:39+04:00	ck9c-whole-256k	4	2402590	2402153	57	825454592	650022912	python3*49 ZMQbg/Reaper*4 ZMQbg/IO/0*4 
2026-09-28T12:19:49+04:00	ck9c-whole-256k	4	2402125	363	2	17010688	2330624	uv*1 main2*1 
2026-09-28T12:19:49+04:00	ck9c-whole-256k	4	2402153	2402125	57	809136128	630382592	ft*51 ZMQbg/Reaper*3 ZMQbg/IO/0*3 
2026-09-28T12:19:49+04:00	ck9c-whole-256k	4	2402588	2402153	1	12664832	5939200	python3*1 
2026-09-28T12:19:49+04:00	ck9c-whole-256k	4	2402589	2402153	45	22822072320	2070253568	python3*36 pt_gloo_runloop*2 ZMQbg/Reaper*2 ZMQbg/IO/0*2 pt_tcpstore_uv*1 cuda0000240000a*1 
2026-09-28T12:19:50+04:00	ck9c-whole-256k	4	2402590	2402153	57	825454592	650022912	python3*49 ZMQbg/Reaper*4 ZMQbg/IO/0*4 
2026-09-28T12:20:00+04:00	ck9c-whole-256k	4	2402125	363	2	17010688	2330624	uv*1 main2*1 
2026-09-28T12:20:00+04:00	ck9c-whole-256k	4	2402153	2402125	57	809136128	630382592	ft*51 ZMQbg/Reaper*3 ZMQbg/IO/0*3 
2026-09-28T12:20:00+04:00	ck9c-whole-256k	4	2402588	2402153	1	12664832	5939200	python3*1 
2026-09-28T12:20:00+04:00	ck9c-whole-256k	4	2402589	2402153	45	22822072320	2070253568	python3*36 pt_gloo_runloop*2 ZMQbg/Reaper*2 ZMQbg/IO/0*2 pt_tcpstore_uv*1 cuda0000240000a*1 
2026-09-28T12:20:00+04:00	ck9c-whole-256k	4	2402590	2402153	57	825454592	650022912	python3*49 ZMQbg/Reaper*4 ZMQbg/IO/0*4 
2026-09-28T12:20:10+04:00	ck9c-whole-256k	4	2402125	363	2	17010688	2330624	uv*1 main2*1 
2026-09-28T12:20:10+04:00	ck9c-whole-256k	4	2402153	2402125	57	809136128	630382592	ft*51 ZMQbg/Reaper*3 ZMQbg/IO/0*3 
2026-09-28T12:20:10+04:00	ck9c-whole-256k	4	2402588	2402153	1	12664832	5939200	python3*1 
2026-09-28T12:20:10+04:00	ck9c-whole-256k	4	2402589	2402153	45	22822072320	2070253568	python3*36 pt_gloo_runloop*2 ZMQbg/Reaper*2 ZMQbg/IO/0*2 pt_tcpstore_uv*1 cuda0000240000a*1 
2026-09-28T12:20:10+04:00	ck9c-whole-256k	4	2402590	2402153	57	825454592	650022912	python3*49 ZMQbg/Reaper*4 ZMQbg/IO/0*4 
2026-09-28T12:20:20+04:00	ck9c-whole-256k	4	2402125	363	2	17010688	2330624	uv*1 main2*1 
2026-09-28T12:20:20+04:00	ck9c-whole-256k	4	2402153	2402125	57	809136128	630382592	ft*51 ZMQbg/Reaper*3 ZMQbg/IO/0*3 
2026-09-28T12:20:20+04:00	ck9c-whole-256k	4	2402588	2402153	1	12664832	5939200	python3*1 
2026-09-28T12:20:20+04:00	ck9c-whole-256k	4	2402589	2402153	45	22822072320	2070253568	python3*36 pt_gloo_runloop*2 ZMQbg/Reaper*2 ZMQbg/IO/0*2 pt_tcpstore_uv*1 cuda0000240000a*1 
2026-09-28T12:20:21+04:00	ck9c-whole-256k	4	2402590	2402153	57	825454592	650022912	python3*49 ZMQbg/Reaper*4 ZMQbg/IO/0*4 
2026-09-28T12:20:31+04:00	ck9c-whole-256k	4	2402125	363	2	17010688	2330624	uv*1 main2*1 
2026-09-28T12:20:31+04:00	ck9c-whole-256k	4	2402153	2402125	57	809136128	630382592	ft*51 ZMQbg/Reaper*3 ZMQbg/IO/0*3 
2026-09-28T12:20:31+04:00	ck9c-whole-256k	4	2402588	2402153	1	12664832	5939200	python3*1 
2026-09-28T12:20:31+04:00	ck9c-whole-256k	4	2402589	2402153	45	22822072320	2070253568	python3*36 pt_gloo_runloop*2 ZMQbg/Reaper*2 ZMQbg/IO/0*2 pt_tcpstore_uv*1 cuda0000240000a*1 
2026-09-28T12:20:31+04:00	ck9c-whole-256k	4	2402590	2402153	57	825454592	650022912	python3*49 ZMQbg/Reaper*4 ZMQbg/IO/0*4 
2026-09-28T12:20:41+04:00	ck9c-whole-256k	4	2402125	363	2	17010688	2330624	uv*1 main2*1 
2026-09-28T12:20:41+04:00	ck9c-whole-256k	4	2402153	2402125	57	809136128	630382592	ft*51 ZMQbg/Reaper*3 ZMQbg/IO/0*3 
2026-09-28T12:20:41+04:00	ck9c-whole-256k	4	2402588	2402153	1	12664832	5939200	python3*1 
2026-09-28T12:20:41+04:00	ck9c-whole-256k	4	2402589	2402153	45	22822080512	2070261760	python3*36 pt_gloo_runloop*2 ZMQbg/Reaper*2 ZMQbg/IO/0*2 pt_tcpstore_uv*1 cuda0000240000a*1 
2026-09-28T12:20:41+04:00	ck9c-whole-256k	4	2402590	2402153	57	825454592	650022912	python3*49 ZMQbg/Reaper*4 ZMQbg/IO/0*4 
2026-09-28T12:20:51+04:00	ck9c-whole-256k	4	2402125	363	2	17010688	2330624	uv*1 main2*1 
2026-09-28T12:20:51+04:00	ck9c-whole-256k	4	2402153	2402125	57	809136128	630382592	ft*51 ZMQbg/Reaper*3 ZMQbg/IO/0*3 
2026-09-28T12:20:51+04:00	ck9c-whole-256k	4	2402588	2402153	1	12664832	5939200	python3*1 
2026-09-28T12:20:51+04:00	ck9c-whole-256k	4	2402589	2402153	45	22822174720	2070355968	python3*36 pt_gloo_runloop*2 ZMQbg/Reaper*2 ZMQbg/IO/0*2 pt_tcpstore_uv*1 cuda0000240000a*1 
2026-09-28T12:20:51+04:00	ck9c-whole-256k	4	2402590	2402153	57	825454592	650022912	python3*49 ZMQbg/Reaper*4 ZMQbg/IO/0*4 
2026-09-28T12:21:02+04:00	ck9c-whole-256k	4	2402125	363	2	17010688	2330624	uv*1 main2*1 
2026-09-28T12:21:02+04:00	ck9c-whole-256k	4	2402153	2402125	57	809136128	630382592	ft*51 ZMQbg/Reaper*3 ZMQbg/IO/0*3 
2026-09-28T12:21:02+04:00	ck9c-whole-256k	4	2402588	2402153	1	12664832	5939200	python3*1 
2026-09-28T12:21:02+04:00	ck9c-whole-256k	4	2402589	2402153	45	22822268928	2070450176	python3*36 pt_gloo_runloop*2 ZMQbg/Reaper*2 ZMQbg/IO/0*2 pt_tcpstore_uv*1 cuda0000240000a*1 
2026-09-28T12:21:02+04:00	ck9c-whole-256k	4	2402590	2402153	57	825454592	650022912	python3*49 ZMQbg/Reaper*4 ZMQbg/IO/0*4 
2026-09-28T12:21:12+04:00	ck9c-whole-256k	4	2402125	363	2	17010688	2330624	uv*1 main2*1 
2026-09-28T12:21:12+04:00	ck9c-whole-256k	4	2402153	2402125	57	809136128	630382592	ft*51 ZMQbg/Reaper*3 ZMQbg/IO/0*3 
2026-09-28T12:21:12+04:00	ck9c-whole-256k	4	2402588	2402153	1	12664832	5939200	python3*1 
2026-09-28T12:21:12+04:00	ck9c-whole-256k	4	2402589	2402153	45	22822346752	2070548480	python3*36 pt_gloo_runloop*2 ZMQbg/Reaper*2 ZMQbg/IO/0*2 pt_tcpstore_uv*1 cuda0000240000a*1 
2026-09-28T12:21:12+04:00	ck9c-whole-256k	4	2402590	2402153	57	825454592	650022912	python3*49 ZMQbg/Reaper*4 ZMQbg/IO/0*4 
2026-09-28T12:21:22+04:00	ck9c-whole-256k	4	2402125	363	2	17010688	2330624	uv*1 main2*1 
2026-09-28T12:21:22+04:00	ck9c-whole-256k	4	2402153	2402125	57	809136128	630382592	ft*51 ZMQbg/Reaper*3 ZMQbg/IO/0*3 
2026-09-28T12:21:22+04:00	ck9c-whole-256k	4	2402588	2402153	1	12664832	5939200	python3*1 
2026-09-28T12:21:22+04:00	ck9c-whole-256k	4	2402589	2402153	45	22822457344	2070638592	python3*36 pt_gloo_runloop*2 ZMQbg/Reaper*2 ZMQbg/IO/0*2 pt_tcpstore_uv*1 cuda0000240000a*1 
2026-09-28T12:21:22+04:00	ck9c-whole-256k	4	2402590	2402153	57	825454592	650022912	python3*49 ZMQbg/Reaper*4 ZMQbg/IO/0*4 
2026-09-28T12:21:32+04:00	ck9c-whole-256k	4	2402125	363	2	17010688	2330624	uv*1 main2*1 
2026-09-28T12:21:32+04:00	ck9c-whole-256k	4	2402153	2402125	57	809136128	630382592	ft*51 ZMQbg/Reaper*3 ZMQbg/IO/0*3 
2026-09-28T12:21:32+04:00	ck9c-whole-256k	4	2402588	2402153	1	12664832	5939200	python3*1 
2026-09-28T12:21:32+04:00	ck9c-whole-256k	4	2402589	2402153	45	22822543360	2070724608	python3*36 pt_gloo_runloop*2 ZMQbg/Reaper*2 ZMQbg/IO/0*2 pt_tcpstore_uv*1 cuda0000240000a*1 
2026-09-28T12:21:33+04:00	ck9c-whole-256k	4	2402590	2402153	57	825454592	650022912	python3*49 ZMQbg/Reaper*4 ZMQbg/IO/0*4 
2026-09-28T12:21:43+04:00	ck9c-whole-256k	4	2402125	363	2	17010688	2330624	uv*1 main2*1 
2026-09-28T12:21:43+04:00	ck9c-whole-256k	4	2402153	2402125	57	809136128	630382592	ft*51 ZMQbg/Reaper*3 ZMQbg/IO/0*3 
2026-09-28T12:21:43+04:00	ck9c-whole-256k	4	2402588	2402153	1	12664832	5939200	python3*1 
2026-09-28T12:21:43+04:00	ck9c-whole-256k	4	2402589	2402153	45	22822645760	2070827008	python3*36 pt_gloo_runloop*2 ZMQbg/Reaper*2 ZMQbg/IO/0*2 pt_tcpstore_uv*1 cuda0000240000a*1 
2026-09-28T12:21:43+04:00	ck9c-whole-256k	4	2402590	2402153	57	825454592	650022912	python3*49 ZMQbg/Reaper*4 ZMQbg/IO/0*4 
2026-09-28T12:21:53+04:00	ck9c-whole-256k	4	2402125	363	2	17010688	2330624	uv*1 main2*1 
2026-09-28T12:21:53+04:00	ck9c-whole-256k	4	2402153	2402125	57	809136128	630382592	ft*51 ZMQbg/Reaper*3 ZMQbg/IO/0*3 
2026-09-28T12:21:53+04:00	ck9c-whole-256k	4	2402588	2402153	1	12664832	5939200	python3*1 
2026-09-28T12:21:53+04:00	ck9c-whole-256k	4	2402589	2402153	45	22822735872	2070917120	python3*36 pt_gloo_runloop*2 ZMQbg/Reaper*2 ZMQbg/IO/0*2 pt_tcpstore_uv*1 cuda0000240000a*1 
2026-09-28T12:21:53+04:00	ck9c-whole-256k	4	2402590	2402153	57	825454592	650022912	python3*49 ZMQbg/Reaper*4 ZMQbg/IO/0*4 
2026-09-28T12:22:03+04:00	ck9c-whole-256k	4	2402125	363	2	17010688	2330624	uv*1 main2*1 
2026-09-28T12:22:03+04:00	ck9c-whole-256k	4	2402153	2402125	57	809136128	630382592	ft*51 ZMQbg/Reaper*3 ZMQbg/IO/0*3 
2026-09-28T12:22:03+04:00	ck9c-whole-256k	4	2402588	2402153	1	12664832	5939200	python3*1 
2026-09-28T12:22:03+04:00	ck9c-whole-256k	4	2402589	2402153	45	22822834176	2071015424	python3*36 pt_gloo_runloop*2 ZMQbg/Reaper*2 ZMQbg/IO/0*2 pt_tcpstore_uv*1 cuda0000240000a*1 
2026-09-28T12:22:04+04:00	ck9c-whole-256k	4	2402590	2402153	57	825454592	650022912	python3*49 ZMQbg/Reaper*4 ZMQbg/IO/0*4 
2026-09-28T12:22:14+04:00	ck9c-whole-256k	4	2402125	363	2	17010688	2330624	uv*1 main2*1 
2026-09-28T12:22:14+04:00	ck9c-whole-256k	4	2402153	2402125	57	809136128	630382592	ft*51 ZMQbg/Reaper*3 ZMQbg/IO/0*3 
2026-09-28T12:22:14+04:00	ck9c-whole-256k	4	2402588	2402153	1	12664832	5939200	python3*1 
2026-09-28T12:22:14+04:00	ck9c-whole-256k	4	2402589	2402153	45	22823399424	2071580672	python3*36 pt_gloo_runloop*2 ZMQbg/Reaper*2 ZMQbg/IO/0*2 pt_tcpstore_uv*1 cuda0000240000a*1 
2026-09-28T12:22:14+04:00	ck9c-whole-256k	4	2402590	2402153	57	825454592	650022912	python3*49 ZMQbg/Reaper*4 ZMQbg/IO/0*4 
2026-09-28T12:22:24+04:00	ck9c-whole-256k	4	2402125	363	2	17010688	2330624	uv*1 main2*1 
2026-09-28T12:22:24+04:00	ck9c-whole-256k	4	2402153	2402125	57	809136128	630382592	ft*51 ZMQbg/Reaper*3 ZMQbg/IO/0*3 
2026-09-28T12:22:24+04:00	ck9c-whole-256k	4	2402588	2402153	1	12664832	5939200	python3*1 
2026-09-28T12:22:24+04:00	ck9c-whole-256k	4	2402589	2402153	45	22823399424	2071580672	python3*36 pt_gloo_runloop*2 ZMQbg/Reaper*2 ZMQbg/IO/0*2 pt_tcpstore_uv*1 cuda0000240000a*1 
2026-09-28T12:22:24+04:00	ck9c-whole-256k	4	2402590	2402153	57	825454592	650022912	python3*49 ZMQbg/Reaper*4 ZMQbg/IO/0*4 
2026-09-28T12:22:34+04:00	ck9c-whole-256k	4	2402125	363	2	17010688	2330624	uv*1 main2*1 
2026-09-28T12:22:34+04:00	ck9c-whole-256k	4	2402153	2402125	57	809136128	630382592	ft*51 ZMQbg/Reaper*3 ZMQbg/IO/0*3 
2026-09-28T12:22:34+04:00	ck9c-whole-256k	4	2402588	2402153	1	12664832	5939200	python3*1 
2026-09-28T12:22:34+04:00	ck9c-whole-256k	4	2402589	2402153	45	22823399424	2071580672	python3*36 pt_gloo_runloop*2 ZMQbg/Reaper*2 ZMQbg/IO/0*2 pt_tcpstore_uv*1 cuda0000240000a*1 
2026-09-28T12:22:35+04:00	ck9c-whole-256k	4	2402590	2402153	57	825454592	650022912	python3*49 ZMQbg/Reaper*4 ZMQbg/IO/0*4 
2026-09-28T12:22:45+04:00	ck9c-whole-256k	4	2402125	363	2	17010688	2330624	uv*1 main2*1 
2026-09-28T12:22:45+04:00	ck9c-whole-256k	4	2402153	2402125	57	809136128	630382592	ft*51 ZMQbg/Reaper*3 ZMQbg/IO/0*3 
2026-09-28T12:22:45+04:00	ck9c-whole-256k	4	2402588	2402153	1	12664832	5939200	python3*1 
2026-09-28T12:22:45+04:00	ck9c-whole-256k	4	2402589	2402153	45	22823399424	2071580672	python3*36 pt_gloo_runloop*2 ZMQbg/Reaper*2 ZMQbg/IO/0*2 pt_tcpstore_uv*1 cuda0000240000a*1 
2026-09-28T12:22:45+04:00	ck9c-whole-256k	4	2402590	2402153	57	825454592	650022912	python3*49 ZMQbg/Reaper*4 ZMQbg/IO/0*4 
2026-09-28T12:22:55+04:00	ck9c-whole-256k	4	2402125	363	2	17010688	2330624	uv*1 main2*1 
2026-09-28T12:22:55+04:00	ck9c-whole-256k	4	2402153	2402125	57	809136128	630382592	ft*51 ZMQbg/Reaper*3 ZMQbg/IO/0*3 
2026-09-28T12:22:55+04:00	ck9c-whole-256k	4	2402588	2402153	1	12664832	5939200	python3*1 
2026-09-28T12:22:55+04:00	ck9c-whole-256k	4	2402589	2402153	45	22823399424	2071580672	python3*36 pt_gloo_runloop*2 ZMQbg/Reaper*2 ZMQbg/IO/0*2 pt_tcpstore_uv*1 cuda0000240000a*1 
2026-09-28T12:22:55+04:00	ck9c-whole-256k	4	2402590	2402153	57	825454592	650022912	python3*49 ZMQbg/Reaper*4 ZMQbg/IO/0*4 
2026-09-28T12:23:05+04:00	ck9c-whole-256k	4	2402125	363	2	17010688	2330624	uv*1 main2*1 
2026-09-28T12:23:05+04:00	ck9c-whole-256k	4	2402153	2402125	57	808509440	630382592	ft*51 ZMQbg/Reaper*3 ZMQbg/IO/0*3 
2026-09-28T12:23:05+04:00	ck9c-whole-256k	4	2402588	2402153	1	12664832	5939200	python3*1 
2026-09-28T12:23:05+04:00	ck9c-whole-256k	4	2402589	2402153	45	22822473728	2071584768	python3*36 pt_gloo_runloop*2 ZMQbg/Reaper*2 ZMQbg/IO/0*2 pt_tcpstore_uv*1 cuda0000240000a*1 
2026-09-28T12:23:05+04:00	ck9c-whole-256k	4	2402590	2402153	57	824827904	650022912	python3*49 ZMQbg/Reaper*4 ZMQbg/IO/0*4 
2026-09-28T12:23:16+04:00	ck9c-whole-256k	4	2402125	363	2	17010688	2330624	uv*1 main2*1 
2026-09-28T12:23:16+04:00	ck9c-whole-256k	4	2402153	2402125	57	808509440	630382592	ft*51 ZMQbg/Reaper*3 ZMQbg/IO/0*3 
2026-09-28T12:23:16+04:00	ck9c-whole-256k	4	2402588	2402153	1	12664832	5939200	python3*1 
2026-09-28T12:23:16+04:00	ck9c-whole-256k	4	2402589	2402153	45	22822543360	2071654400	python3*36 pt_gloo_runloop*2 ZMQbg/Reaper*2 ZMQbg/IO/0*2 pt_tcpstore_uv*1 cuda0000240000a*1 
2026-09-28T12:23:16+04:00	ck9c-whole-256k	4	2402590	2402153	57	824827904	650022912	python3*49 ZMQbg/Reaper*4 ZMQbg/IO/0*4 
2026-09-28T12:23:26+04:00	ck9c-whole-256k	4	2402125	363	2	17010688	2330624	uv*1 main2*1 
2026-09-28T12:23:26+04:00	ck9c-whole-256k	4	2402153	2402125	57	808509440	630382592	ft*51 ZMQbg/Reaper*3 ZMQbg/IO/0*3 
2026-09-28T12:23:26+04:00	ck9c-whole-256k	4	2402588	2402153	1	12664832	5939200	python3*1 
2026-09-28T12:23:26+04:00	ck9c-whole-256k	4	2402589	2402153	45	22822645760	2071756800	python3*36 pt_gloo_runloop*2 ZMQbg/Reaper*2 ZMQbg/IO/0*2 pt_tcpstore_uv*1 cuda0000240000a*1 
2026-09-28T12:23:26+04:00	ck9c-whole-256k	4	2402590	2402153	57	824827904	650022912	python3*49 ZMQbg/Reaper*4 ZMQbg/IO/0*4 
2026-09-28T12:23:36+04:00	ck9c-whole-256k	4	2402125	363	2	17010688	2330624	uv*1 main2*1 
2026-09-28T12:23:36+04:00	ck9c-whole-256k	4	2402153	2402125	57	808509440	630382592	ft*51 ZMQbg/Reaper*3 ZMQbg/IO/0*3 
2026-09-28T12:23:36+04:00	ck9c-whole-256k	4	2402588	2402153	1	12664832	5939200	python3*1 
2026-09-28T12:23:36+04:00	ck9c-whole-256k	4	2402589	2402153	45	22822768640	2071879680	python3*36 pt_gloo_runloop*2 ZMQbg/Reaper*2 ZMQbg/IO/0*2 pt_tcpstore_uv*1 cuda0000240000a*1 
2026-09-28T12:23:36+04:00	ck9c-whole-256k	4	2402590	2402153	57	824827904	650022912	python3*49 ZMQbg/Reaper*4 ZMQbg/IO/0*4 
2026-09-28T12:23:46+04:00	ck9c-whole-256k	4	2402125	363	2	17010688	2330624	uv*1 main2*1 
2026-09-28T12:23:46+04:00	ck9c-whole-256k	4	2402153	2402125	57	808509440	630382592	ft*51 ZMQbg/Reaper*3 ZMQbg/IO/0*3 
2026-09-28T12:23:46+04:00	ck9c-whole-256k	4	2402588	2402153	1	12664832	5939200	python3*1 
2026-09-28T12:23:46+04:00	ck9c-whole-256k	4	2402589	2402153	45	22822846464	2071957504	python3*36 pt_gloo_runloop*2 ZMQbg/Reaper*2 ZMQbg/IO/0*2 pt_tcpstore_uv*1 cuda0000240000a*1 
2026-09-28T12:23:47+04:00	ck9c-whole-256k	4	2402590	2402153	57	824827904	650022912	python3*49 ZMQbg/Reaper*4 ZMQbg/IO/0*4 
2026-09-28T12:23:57+04:00	ck9c-whole-256k	4	2402125	363	2	17010688	2330624	uv*1 main2*1 
2026-09-28T12:23:57+04:00	ck9c-whole-256k	4	2402153	2402125	57	808509440	630382592	ft*51 ZMQbg/Reaper*3 ZMQbg/IO/0*3 
2026-09-28T12:23:57+04:00	ck9c-whole-256k	4	2402588	2402153	1	12664832	5939200	python3*1 
2026-09-28T12:23:57+04:00	ck9c-whole-256k	4	2402589	2402153	45	22822944768	2072055808	python3*36 pt_gloo_runloop*2 ZMQbg/Reaper*2 ZMQbg/IO/0*2 pt_tcpstore_uv*1 cuda0000240000a*1 
2026-09-28T12:23:57+04:00	ck9c-whole-256k	4	2402590	2402153	57	824827904	650022912	python3*49 ZMQbg/Reaper*4 ZMQbg/IO/0*4 
2026-09-28T12:24:07+04:00	ck9c-whole-256k	4	2402125	363	2	17010688	2330624	uv*1 main2*1 
2026-09-28T12:24:07+04:00	ck9c-whole-256k	4	2402153	2402125	57	808509440	630382592	ft*51 ZMQbg/Reaper*3 ZMQbg/IO/0*3 
2026-09-28T12:24:07+04:00	ck9c-whole-256k	4	2402588	2402153	1	12664832	5939200	python3*1 
2026-09-28T12:24:07+04:00	ck9c-whole-256k	4	2402589	2402153	45	22823038976	2072150016	python3*36 pt_gloo_runloop*2 ZMQbg/Reaper*2 ZMQbg/IO/0*2 pt_tcpstore_uv*1 cuda0000240000a*1 
2026-09-28T12:24:07+04:00	ck9c-whole-256k	4	2402590	2402153	57	824827904	650022912	python3*49 ZMQbg/Reaper*4 ZMQbg/IO/0*4 
2026-09-28T12:24:17+04:00	ck9c-whole-256k	4	2402125	363	2	17010688	2330624	uv*1 main2*1 
2026-09-28T12:24:17+04:00	ck9c-whole-256k	4	2402153	2402125	57	808509440	630382592	ft*51 ZMQbg/Reaper*3 ZMQbg/IO/0*3 
2026-09-28T12:24:17+04:00	ck9c-whole-256k	4	2402588	2402153	1	12664832	5939200	python3*1 
2026-09-28T12:24:17+04:00	ck9c-whole-256k	4	2402589	2402153	45	22823133184	2072252416	python3*36 pt_gloo_runloop*2 ZMQbg/Reaper*2 ZMQbg/IO/0*2 pt_tcpstore_uv*1 cuda0000240000a*1 
2026-09-28T12:24:18+04:00	ck9c-whole-256k	4	2402590	2402153	57	824827904	650022912	python3*49 ZMQbg/Reaper*4 ZMQbg/IO/0*4 
2026-09-28T12:24:28+04:00	ck9c-whole-256k	4	2402125	363	2	17010688	2330624	uv*1 main2*1 
2026-09-28T12:24:28+04:00	ck9c-whole-256k	4	2402153	2402125	57	808509440	630382592	ft*51 ZMQbg/Reaper*3 ZMQbg/IO/0*3 
2026-09-28T12:24:28+04:00	ck9c-whole-256k	4	2402588	2402153	1	12664832	5939200	python3*1 
2026-09-28T12:24:28+04:00	ck9c-whole-256k	4	2402589	2402153	45	22823215104	2072326144	python3*36 pt_gloo_runloop*2 ZMQbg/Reaper*2 ZMQbg/IO/0*2 pt_tcpstore_uv*1 cuda0000240000a*1 
2026-09-28T12:24:28+04:00	ck9c-whole-256k	4	2402590	2402153	57	824827904	650022912	python3*49 ZMQbg/Reaper*4 ZMQbg/IO/0*4 
2026-09-28T12:24:38+04:00	ck9c-whole-256k	4	2402125	363	2	17010688	2330624	uv*1 main2*1 
2026-09-28T12:24:38+04:00	ck9c-whole-256k	4	2402153	2402125	57	808509440	630382592	ft*51 ZMQbg/Reaper*3 ZMQbg/IO/0*3 
2026-09-28T12:24:38+04:00	ck9c-whole-256k	4	2402588	2402153	1	12664832	5939200	python3*1 
2026-09-28T12:24:38+04:00	ck9c-whole-256k	4	2402589	2402153	45	22823317504	2072428544	python3*36 pt_gloo_runloop*2 ZMQbg/Reaper*2 ZMQbg/IO/0*2 pt_tcpstore_uv*1 cuda0000240000a*1 
2026-09-28T12:24:38+04:00	ck9c-whole-256k	4	2402590	2402153	57	824827904	650022912	python3*49 ZMQbg/Reaper*4 ZMQbg/IO/0*4 
2026-09-28T12:24:48+04:00	ck9c-whole-256k	4	2402125	363	2	17010688	2330624	uv*1 main2*1 
2026-09-28T12:24:48+04:00	ck9c-whole-256k	4	2402153	2402125	57	808509440	630382592	ft*51 ZMQbg/Reaper*3 ZMQbg/IO/0*3 
2026-09-28T12:24:48+04:00	ck9c-whole-256k	4	2402588	2402153	1	12664832	5939200	python3*1 
2026-09-28T12:24:48+04:00	ck9c-whole-256k	4	2402589	2402153	45	22823399424	2072510464	python3*36 pt_gloo_runloop*2 ZMQbg/Reaper*2 ZMQbg/IO/0*2 pt_tcpstore_uv*1 cuda0000240000a*1 
2026-09-28T12:24:48+04:00	ck9c-whole-256k	4	2402590	2402153	57	824827904	650022912	python3*49 ZMQbg/Reaper*4 ZMQbg/IO/0*4 
2026-09-28T12:24:59+04:00	ck9c-whole-256k	4	2402125	363	2	17010688	2330624	uv*1 main2*1 
2026-09-28T12:24:59+04:00	ck9c-whole-256k	4	2402153	2402125	57	808509440	630382592	ft*51 ZMQbg/Reaper*3 ZMQbg/IO/0*3 
2026-09-28T12:24:59+04:00	ck9c-whole-256k	4	2402588	2402153	1	12664832	5939200	python3*1 
2026-09-28T12:24:59+04:00	ck9c-whole-256k	4	2402589	2402153	45	22823493632	2072604672	python3*36 pt_gloo_runloop*2 ZMQbg/Reaper*2 ZMQbg/IO/0*2 pt_tcpstore_uv*1 cuda0000240000a*1 
2026-09-28T12:24:59+04:00	ck9c-whole-256k	4	2402590	2402153	57	824827904	650022912	python3*49 ZMQbg/Reaper*4 ZMQbg/IO/0*4 
2026-09-28T12:25:09+04:00	ck9c-whole-256k	4	2402125	363	2	17010688	2330624	uv*1 main2*1 
2026-09-28T12:25:09+04:00	ck9c-whole-256k	4	2402153	2402125	57	808509440	630382592	ft*51 ZMQbg/Reaper*3 ZMQbg/IO/0*3 
2026-09-28T12:25:09+04:00	ck9c-whole-256k	4	2402588	2402153	1	12664832	5939200	python3*1 
2026-09-28T12:25:09+04:00	ck9c-whole-256k	4	2402589	2402153	45	22823583744	2072694784	python3*36 pt_gloo_runloop*2 ZMQbg/Reaper*2 ZMQbg/IO/0*2 pt_tcpstore_uv*1 cuda0000240000a*1 
2026-09-28T12:25:09+04:00	ck9c-whole-256k	4	2402590	2402153	57	824827904	650022912	python3*49 ZMQbg/Reaper*4 ZMQbg/IO/0*4 
2026-09-28T12:25:19+04:00	ck9c-whole-256k	4	2402125	363	2	17010688	2330624	uv*1 main2*1 
2026-09-28T12:25:19+04:00	ck9c-whole-256k	4	2402153	2402125	57	808509440	630382592	ft*51 ZMQbg/Reaper*3 ZMQbg/IO/0*3 
2026-09-28T12:25:19+04:00	ck9c-whole-256k	4	2402588	2402153	1	12664832	5939200	python3*1 
2026-09-28T12:25:19+04:00	ck9c-whole-256k	4	2402589	2402153	45	22823682048	2072793088	python3*36 pt_gloo_runloop*2 ZMQbg/Reaper*2 ZMQbg/IO/0*2 pt_tcpstore_uv*1 cuda0000240000a*1 
2026-09-28T12:25:19+04:00	ck9c-whole-256k	4	2402590	2402153	57	824827904	650022912	python3*49 ZMQbg/Reaper*4 ZMQbg/IO/0*4 
2026-09-28T12:25:29+04:00	ck9c-whole-256k	4	2402125	363	2	17010688	2330624	uv*1 main2*1 
2026-09-28T12:25:29+04:00	ck9c-whole-256k	4	2402153	2402125	57	808509440	630382592	ft*51 ZMQbg/Reaper*3 ZMQbg/IO/0*3 
2026-09-28T12:25:29+04:00	ck9c-whole-256k	4	2402588	2402153	1	12664832	5939200	python3*1 
2026-09-28T12:25:29+04:00	ck9c-whole-256k	4	2402589	2402153	45	22823772160	2072883200	python3*36 pt_gloo_runloop*2 ZMQbg/Reaper*2 ZMQbg/IO/0*2 pt_tcpstore_uv*1 cuda0000240000a*1 
2026-09-28T12:25:30+04:00	ck9c-whole-256k	4	2402590	2402153	57	824827904	650022912	python3*49 ZMQbg/Reaper*4 ZMQbg/IO/0*4 
2026-09-28T12:25:40+04:00	ck9c-whole-256k	4	2402125	363	2	17010688	2330624	uv*1 main2*1 
2026-09-28T12:25:40+04:00	ck9c-whole-256k	4	2402153	2402125	57	808509440	630382592	ft*51 ZMQbg/Reaper*3 ZMQbg/IO/0*3 
2026-09-28T12:25:40+04:00	ck9c-whole-256k	4	2402588	2402153	1	12664832	5939200	python3*1 
2026-09-28T12:25:40+04:00	ck9c-whole-256k	4	2402589	2402153	45	22823870464	2072981504	python3*36 pt_gloo_runloop*2 ZMQbg/Reaper*2 ZMQbg/IO/0*2 pt_tcpstore_uv*1 cuda0000240000a*1 
2026-09-28T12:25:40+04:00	ck9c-whole-256k	4	2402590	2402153	57	824827904	650022912	python3*49 ZMQbg/Reaper*4 ZMQbg/IO/0*4 
2026-09-28T12:25:50+04:00	ck9c-whole-256k	4	2402125	363	2	17010688	2330624	uv*1 main2*1 
2026-09-28T12:25:50+04:00	ck9c-whole-256k	4	2402153	2402125	57	808509440	630382592	ft*51 ZMQbg/Reaper*3 ZMQbg/IO/0*3 
2026-09-28T12:25:50+04:00	ck9c-whole-256k	4	2402588	2402153	1	12664832	5939200	python3*1 
2026-09-28T12:25:50+04:00	ck9c-whole-256k	4	2402589	2402153	45	22823948288	2073059328	python3*36 pt_gloo_runloop*2 ZMQbg/Reaper*2 ZMQbg/IO/0*2 pt_tcpstore_uv*1 cuda0000240000a*1 
2026-09-28T12:25:50+04:00	ck9c-whole-256k	4	2402590	2402153	57	824827904	650022912	python3*49 ZMQbg/Reaper*4 ZMQbg/IO/0*4 
2026-09-28T12:26:00+04:00	ck9c-whole-256k	4	2402125	363	2	17010688	2330624	uv*1 main2*1 
2026-09-28T12:26:00+04:00	ck9c-whole-256k	4	2402153	2402125	57	808509440	630382592	ft*51 ZMQbg/Reaper*3 ZMQbg/IO/0*3 
2026-09-28T12:26:00+04:00	ck9c-whole-256k	4	2402588	2402153	1	12664832	5939200	python3*1 
2026-09-28T12:26:00+04:00	ck9c-whole-256k	4	2402589	2402153	45	22824046592	2073157632	python3*36 pt_gloo_runloop*2 ZMQbg/Reaper*2 ZMQbg/IO/0*2 pt_tcpstore_uv*1 cuda0000240000a*1 
2026-09-28T12:26:01+04:00	ck9c-whole-256k	4	2402590	2402153	57	824827904	650022912	python3*49 ZMQbg/Reaper*4 ZMQbg/IO/0*4 
2026-09-28T12:26:11+04:00	ck9c-whole-256k	4	2402125	363	2	17010688	2330624	uv*1 main2*1 
2026-09-28T12:26:11+04:00	ck9c-whole-256k	4	2402153	2402125	57	808509440	630382592	ft*51 ZMQbg/Reaper*3 ZMQbg/IO/0*3 
2026-09-28T12:26:11+04:00	ck9c-whole-256k	4	2402588	2402153	1	12664832	5939200	python3*1 
2026-09-28T12:26:11+04:00	ck9c-whole-256k	4	2402589	2402153	45	22824120320	2073231360	python3*36 pt_gloo_runloop*2 ZMQbg/Reaper*2 ZMQbg/IO/0*2 pt_tcpstore_uv*1 cuda0000240000a*1 
2026-09-28T12:26:11+04:00	ck9c-whole-256k	4	2402590	2402153	57	824827904	650022912	python3*49 ZMQbg/Reaper*4 ZMQbg/IO/0*4 
2026-09-28T12:26:21+04:00	ck9c-whole-256k	4	2402125	363	2	17010688	2330624	uv*1 main2*1 
2026-09-28T12:26:21+04:00	ck9c-whole-256k	4	2402153	2402125	57	808509440	630382592	ft*51 ZMQbg/Reaper*3 ZMQbg/IO/0*3 
2026-09-28T12:26:21+04:00	ck9c-whole-256k	4	2402588	2402153	1	12664832	5939200	python3*1 
2026-09-28T12:26:21+04:00	ck9c-whole-256k	4	2402589	2402153	45	22824226816	2073337856	python3*36 pt_gloo_runloop*2 ZMQbg/Reaper*2 ZMQbg/IO/0*2 pt_tcpstore_uv*1 cuda0000240000a*1 
2026-09-28T12:26:21+04:00	ck9c-whole-256k	4	2402590	2402153	57	824827904	650022912	python3*49 ZMQbg/Reaper*4 ZMQbg/IO/0*4 
2026-09-28T12:26:31+04:00	ck9c-whole-256k	4	2402125	363	2	17010688	2330624	uv*1 main2*1 
2026-09-28T12:26:31+04:00	ck9c-whole-256k	4	2402153	2402125	57	808509440	630382592	ft*51 ZMQbg/Reaper*3 ZMQbg/IO/0*3 
2026-09-28T12:26:31+04:00	ck9c-whole-256k	4	2402588	2402153	1	12664832	5939200	python3*1 
2026-09-28T12:26:31+04:00	ck9c-whole-256k	4	2402589	2402153	45	22824316928	2073427968	python3*36 pt_gloo_runloop*2 ZMQbg/Reaper*2 ZMQbg/IO/0*2 pt_tcpstore_uv*1 cuda0000240000a*1 
2026-09-28T12:26:31+04:00	ck9c-whole-256k	4	2402590	2402153	57	824827904	650022912	python3*49 ZMQbg/Reaper*4 ZMQbg/IO/0*4 
2026-09-28T12:26:42+04:00	ck9c-whole-256k	4	2402125	363	2	17010688	2330624	uv*1 main2*1 
2026-09-28T12:26:42+04:00	ck9c-whole-256k	4	2402153	2402125	57	808509440	630382592	ft*51 ZMQbg/Reaper*3 ZMQbg/IO/0*3 
2026-09-28T12:26:42+04:00	ck9c-whole-256k	4	2402588	2402153	1	12664832	5939200	python3*1 
2026-09-28T12:26:42+04:00	ck9c-whole-256k	4	2402589	2402153	45	22824415232	2073526272	python3*36 pt_gloo_runloop*2 ZMQbg/Reaper*2 ZMQbg/IO/0*2 pt_tcpstore_uv*1 cuda0000240000a*1 
2026-09-28T12:26:42+04:00	ck9c-whole-256k	4	2402590	2402153	57	824827904	650022912	python3*49 ZMQbg/Reaper*4 ZMQbg/IO/0*4 
2026-09-28T12:26:52+04:00	ck9c-whole-256k	4	2402125	363	2	17010688	2330624	uv*1 main2*1 
2026-09-28T12:26:52+04:00	ck9c-whole-256k	4	2402153	2402125	57	808509440	630382592	ft*51 ZMQbg/Reaper*3 ZMQbg/IO/0*3 
2026-09-28T12:26:52+04:00	ck9c-whole-256k	4	2402588	2402153	1	12664832	5939200	python3*1 
2026-09-28T12:26:52+04:00	ck9c-whole-256k	4	2402589	2402153	45	22824509440	2073620480	python3*36 pt_gloo_runloop*2 ZMQbg/Reaper*2 ZMQbg/IO/0*2 pt_tcpstore_uv*1 cuda0000240000a*1 
2026-09-28T12:26:52+04:00	ck9c-whole-256k	4	2402590	2402153	57	824827904	650022912	python3*49 ZMQbg/Reaper*4 ZMQbg/IO/0*4 
2026-09-28T12:27:02+04:00	ck9c-whole-256k	4	2402125	363	2	17010688	2330624	uv*1 main2*1 
2026-09-28T12:27:02+04:00	ck9c-whole-256k	4	2402153	2402125	57	808509440	630382592	ft*51 ZMQbg/Reaper*3 ZMQbg/IO/0*3 
2026-09-28T12:27:02+04:00	ck9c-whole-256k	4	2402588	2402153	1	12664832	5939200	python3*1 
2026-09-28T12:27:02+04:00	ck9c-whole-256k	4	2402589	2402153	45	22824583168	2073694208	python3*36 pt_gloo_runloop*2 ZMQbg/Reaper*2 ZMQbg/IO/0*2 pt_tcpstore_uv*1 cuda0000240000a*1 
2026-09-28T12:27:02+04:00	ck9c-whole-256k	4	2402590	2402153	57	824827904	650022912	python3*49 ZMQbg/Reaper*4 ZMQbg/IO/0*4 
2026-09-28T12:27:12+04:00	ck9c-whole-256k	4	2402125	363	2	17010688	2330624	uv*1 main2*1 
2026-09-28T12:27:12+04:00	ck9c-whole-256k	4	2402153	2402125	57	809312256	631185408	ft*51 ZMQbg/Reaper*3 ZMQbg/IO/0*3 
2026-09-28T12:27:13+04:00	ck9c-whole-256k	4	2402588	2402153	1	12664832	5939200	python3*1 
2026-09-28T12:27:13+04:00	ck9c-whole-256k	4	2402589	2402153	45	22826352640	2075463680	python3*36 pt_gloo_runloop*2 ZMQbg/Reaper*2 ZMQbg/IO/0*2 pt_tcpstore_uv*1 cuda0000240000a*1 
2026-09-28T12:27:13+04:00	ck9c-whole-256k	4	2402590	2402153	57	824827904	650022912	python3*49 ZMQbg/Reaper*4 ZMQbg/IO/0*4 
2026-09-28T12:27:23+04:00	ck9c-whole-256k	4	2402125	363	2	17010688	2330624	uv*1 main2*1 
2026-09-28T12:27:23+04:00	ck9c-whole-256k	4	2402153	2402125	57	809988096	631861248	ft*51 ZMQbg/Reaper*3 ZMQbg/IO/0*3 
2026-09-28T12:27:23+04:00	ck9c-whole-256k	4	2402588	2402153	1	12664832	5939200	python3*1 
2026-09-28T12:27:23+04:00	ck9c-whole-256k	4	2402589	2402153	45	22826352640	2075463680	python3*36 pt_gloo_runloop*2 ZMQbg/Reaper*2 ZMQbg/IO/0*2 pt_tcpstore_uv*1 cuda0000240000a*1 
2026-09-28T12:27:23+04:00	ck9c-whole-256k	4	2402590	2402153	57	825229312	650424320	python3*49 ZMQbg/Reaper*4 ZMQbg/IO/0*4 
2026-09-28T12:27:33+04:00	ck9c-whole-256k	4	2402125	363	2	17010688	2330624	uv*1 main2*1 
2026-09-28T12:27:33+04:00	ck9c-whole-256k	4	2402153	2402125	57	809988096	631861248	ft*51 ZMQbg/Reaper*3 ZMQbg/IO/0*3 
2026-09-28T12:27:33+04:00	ck9c-whole-256k	4	2402588	2402153	1	12664832	5939200	python3*1 
2026-09-28T12:27:33+04:00	ck9c-whole-256k	4	2402589	2402153	45	22826352640	2075463680	python3*36 pt_gloo_runloop*2 ZMQbg/Reaper*2 ZMQbg/IO/0*2 pt_tcpstore_uv*1 cuda0000240000a*1 
2026-09-28T12:27:33+04:00	ck9c-whole-256k	4	2402590	2402153	57	825352192	650547200	python3*49 ZMQbg/Reaper*4 ZMQbg/IO/0*4 
2026-09-28T12:27:43+04:00	ck9c-whole-256k	4	2402125	363	2	17010688	2330624	uv*1 main2*1 
2026-09-28T12:27:43+04:00	ck9c-whole-256k	4	2402153	2402125	57	809988096	631861248	ft*51 ZMQbg/Reaper*3 ZMQbg/IO/0*3 
2026-09-28T12:27:43+04:00	ck9c-whole-256k	4	2402588	2402153	1	12664832	5939200	python3*1 
2026-09-28T12:27:43+04:00	ck9c-whole-256k	4	2402589	2402153	45	22826352640	2075463680	python3*36 pt_gloo_runloop*2 ZMQbg/Reaper*2 ZMQbg/IO/0*2 pt_tcpstore_uv*1 cuda0000240000a*1 
2026-09-28T12:27:44+04:00	ck9c-whole-256k	4	2402590	2402153	57	825352192	650547200	python3*49 ZMQbg/Reaper*4 ZMQbg/IO/0*4 
2026-09-28T12:27:54+04:00	ck9c-whole-256k	4	2402125	363	2	17010688	2330624	uv*1 main2*1 
2026-09-28T12:27:54+04:00	ck9c-whole-256k	4	2402153	2402125	57	810737664	632610816	ft*51 ZMQbg/Reaper*3 ZMQbg/IO/0*3 
2026-09-28T12:27:54+04:00	ck9c-whole-256k	4	2402588	2402153	1	12664832	5939200	python3*1 
2026-09-28T12:27:54+04:00	ck9c-whole-256k	4	2402589	2402153	45	22826352640	2075463680	python3*36 pt_gloo_runloop*2 ZMQbg/Reaper*2 ZMQbg/IO/0*2 pt_tcpstore_uv*1 cuda0000240000a*1 
2026-09-28T12:27:54+04:00	ck9c-whole-256k	4	2402590	2402153	57	825352192	650547200	python3*49 ZMQbg/Reaper*4 ZMQbg/IO/0*4 
2026-09-28T12:28:04+04:00	ck9c-whole-256k	4	2402125	363	2	17010688	2330624	uv*1 main2*1 
2026-09-28T12:28:04+04:00	ck9c-whole-256k	4	2402153	2402125	57	842018816	663891968	ft*51 ZMQbg/Reaper*3 ZMQbg/IO/0*3 
2026-09-28T12:28:04+04:00	ck9c-whole-256k	4	2402588	2402153	1	12664832	5939200	python3*1 
2026-09-28T12:28:04+04:00	ck9c-whole-256k	4	2402589	2402153	45	22826385408	2075463680	python3*36 pt_gloo_runloop*2 ZMQbg/Reaper*2 ZMQbg/IO/0*2 pt_tcpstore_uv*1 cuda0000240000a*1 
2026-09-28T12:28:04+04:00	ck9c-whole-256k	4	2402590	2402153	57	824066048	649261056	python3*49 ZMQbg/Reaper*4 ZMQbg/IO/0*4 
2026-09-28T12:28:14+04:00	ck9c-whole-256k	4	2402125	363	2	17010688	2330624	uv*1 main2*1 
2026-09-28T12:28:14+04:00	ck9c-whole-256k	4	2402153	2402125	57	842018816	663891968	ft*51 ZMQbg/Reaper*3 ZMQbg/IO/0*3 
2026-09-28T12:28:14+04:00	ck9c-whole-256k	4	2402588	2402153	1	12664832	5939200	python3*1 
2026-09-28T12:28:14+04:00	ck9c-whole-256k	4	2402589	2402153	45	22826385408	2075463680	python3*36 pt_gloo_runloop*2 ZMQbg/Reaper*2 ZMQbg/IO/0*2 pt_tcpstore_uv*1 cuda0000240000a*1 
2026-09-28T12:28:15+04:00	ck9c-whole-256k	4	2402590	2402153	57	824066048	649261056	python3*49 ZMQbg/Reaper*4 ZMQbg/IO/0*4 
2026-09-28T12:28:25+04:00	ck9c-whole-256k	4	2402125	363	2	17010688	2330624	uv*1 main2*1 
2026-09-28T12:28:25+04:00	ck9c-whole-256k	4	2402153	2402125	57	842018816	663891968	ft*51 ZMQbg/Reaper*3 ZMQbg/IO/0*3 
2026-09-28T12:28:25+04:00	ck9c-whole-256k	4	2402588	2402153	1	12664832	5939200	python3*1 
2026-09-28T12:28:25+04:00	ck9c-whole-256k	4	2402589	2402153	45	22826385408	2075463680	python3*36 pt_gloo_runloop*2 ZMQbg/Reaper*2 ZMQbg/IO/0*2 pt_tcpstore_uv*1 cuda0000240000a*1 
2026-09-28T12:28:25+04:00	ck9c-whole-256k	4	2402590	2402153	57	824066048	649261056	python3*49 ZMQbg/Reaper*4 ZMQbg/IO/0*4 
2026-09-28T12:28:35+04:00	ck9c-whole-256k	4	2402125	363	2	17010688	2330624	uv*1 main2*1 
2026-09-28T12:28:35+04:00	ck9c-whole-256k	4	2402153	2402125	57	842018816	663891968	ft*51 ZMQbg/Reaper*3 ZMQbg/IO/0*3 
2026-09-28T12:28:35+04:00	ck9c-whole-256k	4	2402588	2402153	1	12664832	5939200	python3*1 
2026-09-28T12:28:35+04:00	ck9c-whole-256k	4	2402589	2402153	45	22826385408	2075463680	python3*36 pt_gloo_runloop*2 ZMQbg/Reaper*2 ZMQbg/IO/0*2 pt_tcpstore_uv*1 cuda0000240000a*1 
2026-09-28T12:28:35+04:00	ck9c-whole-256k	4	2402590	2402153	57	824066048	649261056	python3*49 ZMQbg/Reaper*4 ZMQbg/IO/0*4 
2026-09-28T12:28:45+04:00	ck9c-whole-256k	4	2402125	363	2	17010688	2330624	uv*1 main2*1 
2026-09-28T12:28:45+04:00	ck9c-whole-256k	4	2402153	2402125	57	842018816	663891968	ft*51 ZMQbg/Reaper*3 ZMQbg/IO/0*3 
2026-09-28T12:28:45+04:00	ck9c-whole-256k	4	2402588	2402153	1	12664832	5939200	python3*1 
2026-09-28T12:28:45+04:00	ck9c-whole-256k	4	2402589	2402153	45	22826385408	2075463680	python3*36 pt_gloo_runloop*2 ZMQbg/Reaper*2 ZMQbg/IO/0*2 pt_tcpstore_uv*1 cuda0000240000a*1 
2026-09-28T12:28:45+04:00	ck9c-whole-256k	4	2402590	2402153	57	824066048	649261056	python3*49 ZMQbg/Reaper*4 ZMQbg/IO/0*4 
2026-09-28T12:28:56+04:00	ck9c-whole-256k	4	2402125	363	2	17010688	2330624	uv*1 main2*1 
2026-09-28T12:28:56+04:00	ck9c-whole-256k	4	2402153	2402125	57	919908352	741781504	ft*51 ZMQbg/Reaper*3 ZMQbg/IO/0*3 
2026-09-28T12:28:56+04:00	ck9c-whole-256k	4	2402588	2402153	1	12664832	5939200	python3*1 
2026-09-28T12:28:56+04:00	ck9c-whole-256k	4	2402589	2402153	45	22836146176	2085224448	python3*36 pt_gloo_runloop*2 ZMQbg/Reaper*2 ZMQbg/IO/0*2 pt_tcpstore_uv*1 cuda0000240000a*1 
2026-09-28T12:28:56+04:00	ck9c-whole-256k	4	2402590	2402153	57	824066048	649261056	python3*49 ZMQbg/Reaper*4 ZMQbg/IO/0*4 
2026-09-28T12:29:36+04:00	ck9c-mirror-256k	0	2651545	363	3	24535040	6053888	uv*1 tokio-rt-worker*1 main2*1 
2026-09-28T12:29:36+04:00	ck9c-mirror-256k	0	2651562	2651545	16	485425152	266903552	ft*16 
2026-09-28T12:29:46+04:00	ck9c-mirror-256k	0	2651545	363	2	24666112	6053888	uv*1 main2*1 
2026-09-28T12:29:46+04:00	ck9c-mirror-256k	0	2651562	2651545	22	698097664	422748160	ft*18 ZMQbg/Reaper*2 ZMQbg/IO/0*2 
2026-09-28T12:29:46+04:00	ck9c-mirror-256k	0	2652145	2651562	1	12832768	5939200	python3*1 
2026-09-28T12:29:46+04:00	ck9c-mirror-256k	0	2652146	2651562	40	12347310080	10382716928	python3*35 pt_gloo_runloop*2 pt_tcpstore_uv*1 cuda0000240000a*1 cuda-EvtHandlr*1 
2026-09-28T12:29:46+04:00	ck9c-mirror-256k	0	2652147	2651562	23	879271936	607379456	python3*17 ZMQbg/Reaper*3 ZMQbg/IO/0*3 
2026-09-28T12:29:56+04:00	ck9c-mirror-256k	0	2651545	363	2	24666112	6053888	uv*1 main2*1 
2026-09-28T12:29:56+04:00	ck9c-mirror-256k	0	2651562	2651545	22	698101760	422752256	ft*18 ZMQbg/Reaper*2 ZMQbg/IO/0*2 
2026-09-28T12:29:56+04:00	ck9c-mirror-256k	0	2652145	2651562	1	12832768	5939200	python3*1 
2026-09-28T12:29:56+04:00	ck9c-mirror-256k	0	2652146	2651562	40	17549684736	15430488064	python3*35 pt_gloo_runloop*2 pt_tcpstore_uv*1 cuda0000240000a*1 cuda-EvtHandlr*1 
2026-09-28T12:29:57+04:00	ck9c-mirror-256k	0	2652147	2651562	23	879271936	607379456	python3*17 ZMQbg/Reaper*3 ZMQbg/IO/0*3 
2026-09-28T12:30:07+04:00	ck9c-mirror-256k	0	2651545	363	2	24666112	6053888	uv*1 main2*1 
2026-09-28T12:30:07+04:00	ck9c-mirror-256k	0	2651562	2651545	22	698101760	422752256	ft*18 ZMQbg/Reaper*2 ZMQbg/IO/0*2 
2026-09-28T12:30:07+04:00	ck9c-mirror-256k	0	2652145	2651562	1	12832768	5939200	python3*1 
2026-09-28T12:30:07+04:00	ck9c-mirror-256k	0	2652146	2651562	41	17552064512	15430561792	python3*36 pt_gloo_runloop*2 pt_tcpstore_uv*1 cuda0000240000a*1 cuda-EvtHandlr*1 
2026-09-28T12:30:07+04:00	ck9c-mirror-256k	0	2652147	2651562	23	879271936	607379456	python3*17 ZMQbg/Reaper*3 ZMQbg/IO/0*3 
2026-09-28T12:30:17+04:00	ck9c-mirror-256k	0	2651545	363	2	24666112	6053888	uv*1 main2*1 
2026-09-28T12:30:17+04:00	ck9c-mirror-256k	0	2651562	2651545	22	698101760	422752256	ft*18 ZMQbg/Reaper*2 ZMQbg/IO/0*2 
2026-09-28T12:30:17+04:00	ck9c-mirror-256k	0	2652145	2651562	1	12832768	5939200	python3*1 
2026-09-28T12:30:17+04:00	ck9c-mirror-256k	0	2652146	2651562	41	16334315520	15752310784	python3*36 pt_gloo_runloop*2 pt_tcpstore_uv*1 cuda0000240000a*1 cuda-EvtHandlr*1 
2026-09-28T12:30:17+04:00	ck9c-mirror-256k	0	2652147	2651562	23	879271936	607379456	python3*17 ZMQbg/Reaper*3 ZMQbg/IO/0*3 
2026-09-28T12:30:27+04:00	ck9c-mirror-256k	0	2651545	363	2	24666112	6053888	uv*1 main2*1 
2026-09-28T12:30:27+04:00	ck9c-mirror-256k	0	2651562	2651545	22	698101760	422752256	ft*18 ZMQbg/Reaper*2 ZMQbg/IO/0*2 
2026-09-28T12:30:27+04:00	ck9c-mirror-256k	0	2652145	2651562	1	12832768	5939200	python3*1 
2026-09-28T12:30:27+04:00	ck9c-mirror-256k	0	2652146	2651562	41	16334323712	15752323072	python3*36 pt_gloo_runloop*2 pt_tcpstore_uv*1 cuda0000240000a*1 cuda-EvtHandlr*1 
2026-09-28T12:30:27+04:00	ck9c-mirror-256k	0	2652147	2651562	23	879271936	607379456	python3*17 ZMQbg/Reaper*3 ZMQbg/IO/0*3 
2026-09-28T12:30:37+04:00	ck9c-mirror-256k	0	2651545	363	2	24666112	6053888	uv*1 main2*1 
2026-09-28T12:30:37+04:00	ck9c-mirror-256k	0	2651562	2651545	22	698105856	422756352	ft*18 ZMQbg/Reaper*2 ZMQbg/IO/0*2 
2026-09-28T12:30:37+04:00	ck9c-mirror-256k	0	2652145	2651562	1	12832768	5939200	python3*1 
2026-09-28T12:30:37+04:00	ck9c-mirror-256k	0	2652146	2651562	41	16601886720	16008634368	python3*36 pt_gloo_runloop*2 pt_tcpstore_uv*1 cuda0000240000a*1 cuda-EvtHandlr*1 
2026-09-28T12:30:38+04:00	ck9c-mirror-256k	0	2652147	2651562	23	879271936	607379456	python3*17 ZMQbg/Reaper*3 ZMQbg/IO/0*3 
2026-09-28T12:30:48+04:00	ck9c-mirror-256k	0	2651545	363	2	24666112	6053888	uv*1 main2*1 
2026-09-28T12:30:48+04:00	ck9c-mirror-256k	0	2651562	2651545	22	698105856	422756352	ft*18 ZMQbg/Reaper*2 ZMQbg/IO/0*2 
2026-09-28T12:30:48+04:00	ck9c-mirror-256k	0	2652145	2651562	1	12832768	5939200	python3*1 
2026-09-28T12:30:48+04:00	ck9c-mirror-256k	0	2652146	2651562	41	16857075712	16257937408	python3*36 pt_gloo_runloop*2 pt_tcpstore_uv*1 cuda0000240000a*1 cuda-EvtHandlr*1 
2026-09-28T12:30:48+04:00	ck9c-mirror-256k	0	2652147	2651562	23	879271936	607379456	python3*17 ZMQbg/Reaper*3 ZMQbg/IO/0*3 
2026-09-28T12:30:58+04:00	ck9c-mirror-256k	0	2651545	363	2	24666112	6053888	uv*1 main2*1 
2026-09-28T12:30:58+04:00	ck9c-mirror-256k	0	2651562	2651545	39	902316032	620998656	ft*35 ZMQbg/Reaper*2 ZMQbg/IO/0*2 
2026-09-28T12:30:58+04:00	ck9c-mirror-256k	0	2652145	2651562	1	12832768	5939200	python3*1 
2026-09-28T12:30:58+04:00	ck9c-mirror-256k	0	2652146	2651562	45	17065385984	16459116544	python3*36 pt_gloo_runloop*2 ZMQbg/Reaper*2 ZMQbg/IO/0*2 pt_tcpstore_uv*1 cuda0000240000a*1 
2026-09-28T12:30:58+04:00	ck9c-mirror-256k	0	2652147	2651562	39	883392512	608219136	python3*33 ZMQbg/Reaper*3 ZMQbg/IO/0*3 
2026-09-28T12:31:08+04:00	ck9c-mirror-256k	0	2651545	363	2	24666112	6053888	uv*1 main2*1 
2026-09-28T12:31:08+04:00	ck9c-mirror-256k	0	2651562	2651545	39	902316032	620998656	ft*35 ZMQbg/Reaper*2 ZMQbg/IO/0*2 
2026-09-28T12:31:08+04:00	ck9c-mirror-256k	0	2652145	2651562	1	12832768	5939200	python3*1 
2026-09-28T12:31:08+04:00	ck9c-mirror-256k	0	2652146	2651562	45	17065385984	16459116544	python3*36 pt_gloo_runloop*2 ZMQbg/Reaper*2 ZMQbg/IO/0*2 pt_tcpstore_uv*1 cuda0000240000a*1 
2026-09-28T12:31:09+04:00	ck9c-mirror-256k	0	2652147	2651562	39	883392512	608219136	python3*33 ZMQbg/Reaper*3 ZMQbg/IO/0*3 
2026-09-28T12:31:19+04:00	ck9c-mirror-256k	1	2651545	363	2	24666112	6053888	uv*1 main2*1 
2026-09-28T12:31:19+04:00	ck9c-mirror-256k	1	2651562	2651545	57	976707584	695390208	ft*51 ZMQbg/Reaper*3 ZMQbg/IO/0*3 
2026-09-28T12:31:19+04:00	ck9c-mirror-256k	1	2652145	2651562	1	12832768	5939200	python3*1 
2026-09-28T12:31:19+04:00	ck9c-mirror-256k	1	2652146	2651562	45	17066455040	16460185600	python3*36 pt_gloo_runloop*2 ZMQbg/Reaper*2 ZMQbg/IO/0*2 pt_tcpstore_uv*1 cuda0000240000a*1 
2026-09-28T12:31:19+04:00	ck9c-mirror-256k	1	2652147	2651562	57	945377280	670203904	python3*49 ZMQbg/Reaper*4 ZMQbg/IO/0*4 
2026-09-28T12:31:29+04:00	ck9c-mirror-256k	1	2651545	363	2	24666112	6053888	uv*1 main2*1 
2026-09-28T12:31:29+04:00	ck9c-mirror-256k	1	2651562	2651545	57	976707584	695390208	ft*51 ZMQbg/Reaper*3 ZMQbg/IO/0*3 
2026-09-28T12:31:29+04:00	ck9c-mirror-256k	1	2652145	2651562	1	12832768	5939200	python3*1 
2026-09-28T12:31:29+04:00	ck9c-mirror-256k	1	2652146	2651562	45	17066455040	16460185600	python3*36 pt_gloo_runloop*2 ZMQbg/Reaper*2 ZMQbg/IO/0*2 pt_tcpstore_uv*1 cuda0000240000a*1 
2026-09-28T12:31:29+04:00	ck9c-mirror-256k	1	2652147	2651562	57	945377280	670203904	python3*49 ZMQbg/Reaper*4 ZMQbg/IO/0*4 
2026-09-28T12:31:39+04:00	ck9c-mirror-256k	1	2651545	363	2	24666112	6053888	uv*1 main2*1 
2026-09-28T12:31:39+04:00	ck9c-mirror-256k	1	2651562	2651545	57	976707584	695390208	ft*51 ZMQbg/Reaper*3 ZMQbg/IO/0*3 
2026-09-28T12:31:39+04:00	ck9c-mirror-256k	1	2652145	2651562	1	12832768	5939200	python3*1 
2026-09-28T12:31:39+04:00	ck9c-mirror-256k	1	2652146	2651562	45	17066455040	16460185600	python3*36 pt_gloo_runloop*2 ZMQbg/Reaper*2 ZMQbg/IO/0*2 pt_tcpstore_uv*1 cuda0000240000a*1 
2026-09-28T12:31:39+04:00	ck9c-mirror-256k	1	2652147	2651562	57	945377280	670203904	python3*49 ZMQbg/Reaper*4 ZMQbg/IO/0*4 
2026-09-28T12:31:50+04:00	ck9c-mirror-256k	1	2651545	363	2	24666112	6053888	uv*1 main2*1 
2026-09-28T12:31:50+04:00	ck9c-mirror-256k	1	2651562	2651545	57	976707584	695390208	ft*51 ZMQbg/Reaper*3 ZMQbg/IO/0*3 
2026-09-28T12:31:50+04:00	ck9c-mirror-256k	1	2652145	2651562	1	12832768	5939200	python3*1 
2026-09-28T12:31:50+04:00	ck9c-mirror-256k	1	2652146	2651562	45	17066455040	16460185600	python3*36 pt_gloo_runloop*2 ZMQbg/Reaper*2 ZMQbg/IO/0*2 pt_tcpstore_uv*1 cuda0000240000a*1 
2026-09-28T12:31:50+04:00	ck9c-mirror-256k	1	2652147	2651562	57	945381376	670208000	python3*49 ZMQbg/Reaper*4 ZMQbg/IO/0*4 
2026-09-28T12:32:00+04:00	ck9c-mirror-256k	1	2651545	363	2	24666112	6053888	uv*1 main2*1 
2026-09-28T12:32:00+04:00	ck9c-mirror-256k	1	2651562	2651545	57	976707584	695390208	ft*51 ZMQbg/Reaper*3 ZMQbg/IO/0*3 
2026-09-28T12:32:00+04:00	ck9c-mirror-256k	1	2652145	2651562	1	12832768	5939200	python3*1 
2026-09-28T12:32:00+04:00	ck9c-mirror-256k	1	2652146	2651562	45	17066455040	16460185600	python3*36 pt_gloo_runloop*2 ZMQbg/Reaper*2 ZMQbg/IO/0*2 pt_tcpstore_uv*1 cuda0000240000a*1 
2026-09-28T12:32:00+04:00	ck9c-mirror-256k	1	2652147	2651562	57	945381376	670208000	python3*49 ZMQbg/Reaper*4 ZMQbg/IO/0*4 
2026-09-28T12:32:10+04:00	ck9c-mirror-256k	1	2651545	363	2	24666112	6053888	uv*1 main2*1 
2026-09-28T12:32:10+04:00	ck9c-mirror-256k	1	2651562	2651545	57	976707584	695390208	ft*51 ZMQbg/Reaper*3 ZMQbg/IO/0*3 
2026-09-28T12:32:10+04:00	ck9c-mirror-256k	1	2652145	2651562	1	12832768	5939200	python3*1 
2026-09-28T12:32:10+04:00	ck9c-mirror-256k	1	2652146	2651562	45	17066459136	16460189696	python3*36 pt_gloo_runloop*2 ZMQbg/Reaper*2 ZMQbg/IO/0*2 pt_tcpstore_uv*1 cuda0000240000a*1 
2026-09-28T12:32:10+04:00	ck9c-mirror-256k	1	2652147	2651562	57	945381376	670208000	python3*49 ZMQbg/Reaper*4 ZMQbg/IO/0*4 
2026-09-28T12:32:20+04:00	ck9c-mirror-256k	1	2651545	363	2	24666112	6053888	uv*1 main2*1 
2026-09-28T12:32:20+04:00	ck9c-mirror-256k	1	2651562	2651545	57	976707584	695390208	ft*51 ZMQbg/Reaper*3 ZMQbg/IO/0*3 
2026-09-28T12:32:20+04:00	ck9c-mirror-256k	1	2652145	2651562	1	12832768	5939200	python3*1 
2026-09-28T12:32:20+04:00	ck9c-mirror-256k	1	2652146	2651562	45	17066459136	16460189696	python3*36 pt_gloo_runloop*2 ZMQbg/Reaper*2 ZMQbg/IO/0*2 pt_tcpstore_uv*1 cuda0000240000a*1 
2026-09-28T12:32:21+04:00	ck9c-mirror-256k	1	2652147	2651562	57	945381376	670208000	python3*49 ZMQbg/Reaper*4 ZMQbg/IO/0*4 
2026-09-28T12:32:31+04:00	ck9c-mirror-256k	1	2651545	363	2	24666112	6053888	uv*1 main2*1 
2026-09-28T12:32:31+04:00	ck9c-mirror-256k	1	2651562	2651545	57	976711680	695394304	ft*51 ZMQbg/Reaper*3 ZMQbg/IO/0*3 
2026-09-28T12:32:31+04:00	ck9c-mirror-256k	1	2652145	2651562	1	12832768	5939200	python3*1 
2026-09-28T12:32:31+04:00	ck9c-mirror-256k	1	2652146	2651562	45	17080352768	16473366528	python3*36 pt_gloo_runloop*2 ZMQbg/Reaper*2 ZMQbg/IO/0*2 pt_tcpstore_uv*1 cuda0000240000a*1 
2026-09-28T12:32:31+04:00	ck9c-mirror-256k	1	2652147	2651562	57	945381376	670208000	python3*49 ZMQbg/Reaper*4 ZMQbg/IO/0*4 
2026-09-28T12:32:41+04:00	ck9c-mirror-256k	3	2651545	363	2	24666112	6053888	uv*1 main2*1 
2026-09-28T12:32:41+04:00	ck9c-mirror-256k	3	2651562	2651545	57	976879616	695562240	ft*51 ZMQbg/Reaper*3 ZMQbg/IO/0*3 
2026-09-28T12:32:41+04:00	ck9c-mirror-256k	3	2652145	2651562	1	12832768	5939200	python3*1 
2026-09-28T12:32:41+04:00	ck9c-mirror-256k	3	2652146	2651562	45	17127501824	16519417856	python3*36 pt_gloo_runloop*2 ZMQbg/Reaper*2 ZMQbg/IO/0*2 pt_tcpstore_uv*1 cuda0000240000a*1 
2026-09-28T12:32:41+04:00	ck9c-mirror-256k	3	2652147	2651562	57	898293760	623120384	python3*49 ZMQbg/Reaper*4 ZMQbg/IO/0*4 
2026-09-28T12:32:51+04:00	ck9c-mirror-256k	3	2651545	363	2	24666112	6053888	uv*1 main2*1 
2026-09-28T12:32:51+04:00	ck9c-mirror-256k	3	2651562	2651545	57	976879616	695562240	ft*51 ZMQbg/Reaper*3 ZMQbg/IO/0*3 
2026-09-28T12:32:51+04:00	ck9c-mirror-256k	3	2652145	2651562	1	12832768	5939200	python3*1 
2026-09-28T12:32:51+04:00	ck9c-mirror-256k	3	2652146	2651562	45	17127501824	16519417856	python3*36 pt_gloo_runloop*2 ZMQbg/Reaper*2 ZMQbg/IO/0*2 pt_tcpstore_uv*1 cuda0000240000a*1 
2026-09-28T12:32:52+04:00	ck9c-mirror-256k	3	2652147	2651562	57	898293760	623120384	python3*49 ZMQbg/Reaper*4 ZMQbg/IO/0*4 
2026-09-28T12:33:02+04:00	ck9c-mirror-256k	3	2651545	363	2	24666112	6053888	uv*1 main2*1 
2026-09-28T12:33:02+04:00	ck9c-mirror-256k	3	2651562	2651545	57	976879616	695562240	ft*51 ZMQbg/Reaper*3 ZMQbg/IO/0*3 
2026-09-28T12:33:02+04:00	ck9c-mirror-256k	3	2652145	2651562	1	12832768	5939200	python3*1 
2026-09-28T12:33:02+04:00	ck9c-mirror-256k	3	2652146	2651562	45	17127501824	16519417856	python3*36 pt_gloo_runloop*2 ZMQbg/Reaper*2 ZMQbg/IO/0*2 pt_tcpstore_uv*1 cuda0000240000a*1 
2026-09-28T12:33:02+04:00	ck9c-mirror-256k	3	2652147	2651562	57	898293760	623120384	python3*49 ZMQbg/Reaper*4 ZMQbg/IO/0*4 
2026-09-28T12:33:12+04:00	ck9c-mirror-256k	3	2651545	363	2	24666112	6053888	uv*1 main2*1 
2026-09-28T12:33:12+04:00	ck9c-mirror-256k	3	2651562	2651545	57	976879616	695562240	ft*51 ZMQbg/Reaper*3 ZMQbg/IO/0*3 
2026-09-28T12:33:12+04:00	ck9c-mirror-256k	3	2652145	2651562	1	12832768	5939200	python3*1 
2026-09-28T12:33:12+04:00	ck9c-mirror-256k	3	2652146	2651562	45	17127501824	16519417856	python3*36 pt_gloo_runloop*2 ZMQbg/Reaper*2 ZMQbg/IO/0*2 pt_tcpstore_uv*1 cuda0000240000a*1 
2026-09-28T12:33:12+04:00	ck9c-mirror-256k	3	2652147	2651562	57	898293760	623120384	python3*49 ZMQbg/Reaper*4 ZMQbg/IO/0*4 
2026-09-28T12:33:22+04:00	ck9c-mirror-256k	3	2651545	363	2	24666112	6053888	uv*1 main2*1 
2026-09-28T12:33:22+04:00	ck9c-mirror-256k	3	2651562	2651545	57	976879616	695562240	ft*51 ZMQbg/Reaper*3 ZMQbg/IO/0*3 
2026-09-28T12:33:22+04:00	ck9c-mirror-256k	3	2652145	2651562	1	12832768	5939200	python3*1 
2026-09-28T12:33:22+04:00	ck9c-mirror-256k	3	2652146	2651562	45	17127501824	16519417856	python3*36 pt_gloo_runloop*2 ZMQbg/Reaper*2 ZMQbg/IO/0*2 pt_tcpstore_uv*1 cuda0000240000a*1 
2026-09-28T12:33:22+04:00	ck9c-mirror-256k	3	2652147	2651562	57	898293760	623120384	python3*49 ZMQbg/Reaper*4 ZMQbg/IO/0*4 
2026-09-28T12:33:32+04:00	ck9c-mirror-256k	3	2651545	363	2	24666112	6053888	uv*1 main2*1 
2026-09-28T12:33:32+04:00	ck9c-mirror-256k	3	2651562	2651545	57	976879616	695562240	ft*51 ZMQbg/Reaper*3 ZMQbg/IO/0*3 
2026-09-28T12:33:32+04:00	ck9c-mirror-256k	3	2652145	2651562	1	12832768	5939200	python3*1 
2026-09-28T12:33:32+04:00	ck9c-mirror-256k	3	2652146	2651562	45	17127501824	16519417856	python3*36 pt_gloo_runloop*2 ZMQbg/Reaper*2 ZMQbg/IO/0*2 pt_tcpstore_uv*1 cuda0000240000a*1 
2026-09-28T12:33:33+04:00	ck9c-mirror-256k	3	2652147	2651562	57	898293760	623120384	python3*49 ZMQbg/Reaper*4 ZMQbg/IO/0*4 
2026-09-28T12:33:43+04:00	ck9c-mirror-256k	3	2651545	363	2	24666112	6053888	uv*1 main2*1 
2026-09-28T12:33:43+04:00	ck9c-mirror-256k	3	2651562	2651545	57	976879616	695562240	ft*51 ZMQbg/Reaper*3 ZMQbg/IO/0*3 
2026-09-28T12:33:43+04:00	ck9c-mirror-256k	3	2652145	2651562	1	12832768	5939200	python3*1 
2026-09-28T12:33:43+04:00	ck9c-mirror-256k	3	2652146	2651562	45	17127501824	16519417856	python3*36 pt_gloo_runloop*2 ZMQbg/Reaper*2 ZMQbg/IO/0*2 pt_tcpstore_uv*1 cuda0000240000a*1 
2026-09-28T12:33:43+04:00	ck9c-mirror-256k	3	2652147	2651562	57	898293760	623120384	python3*49 ZMQbg/Reaper*4 ZMQbg/IO/0*4 
2026-09-28T12:33:53+04:00	ck9c-mirror-256k	4	2651545	363	2	24666112	6053888	uv*1 main2*1 
2026-09-28T12:33:53+04:00	ck9c-mirror-256k	4	2651562	2651545	57	977174528	695857152	ft*51 ZMQbg/Reaper*3 ZMQbg/IO/0*3 
2026-09-28T12:33:53+04:00	ck9c-mirror-256k	4	2652145	2651562	1	12832768	5939200	python3*1 
2026-09-28T12:33:53+04:00	ck9c-mirror-256k	4	2652146	2651562	45	17136447488	16527810560	python3*36 pt_gloo_runloop*2 ZMQbg/Reaper*2 ZMQbg/IO/0*2 pt_tcpstore_uv*1 cuda0000240000a*1 
2026-09-28T12:33:53+04:00	ck9c-mirror-256k	4	2652147	2651562	57	898297856	623124480	python3*49 ZMQbg/Reaper*4 ZMQbg/IO/0*4 
2026-09-28T12:34:03+04:00	ck9c-mirror-256k	4	2651545	363	2	24666112	6053888	uv*1 main2*1 
2026-09-28T12:34:04+04:00	ck9c-mirror-256k	4	2651562	2651545	57	977244160	695926784	ft*51 ZMQbg/Reaper*3 ZMQbg/IO/0*3 
2026-09-28T12:34:04+04:00	ck9c-mirror-256k	4	2652145	2651562	1	12832768	5939200	python3*1 
2026-09-28T12:34:04+04:00	ck9c-mirror-256k	4	2652146	2651562	45	17136447488	16527810560	python3*36 pt_gloo_runloop*2 ZMQbg/Reaper*2 ZMQbg/IO/0*2 pt_tcpstore_uv*1 cuda0000240000a*1 
2026-09-28T12:34:04+04:00	ck9c-mirror-256k	4	2652147	2651562	57	898301952	623128576	python3*49 ZMQbg/Reaper*4 ZMQbg/IO/0*4 
2026-09-28T12:34:14+04:00	ck9c-mirror-256k	4	2651545	363	2	24666112	6053888	uv*1 main2*1 
2026-09-28T12:34:14+04:00	ck9c-mirror-256k	4	2651562	2651545	57	977252352	695934976	ft*51 ZMQbg/Reaper*3 ZMQbg/IO/0*3 
2026-09-28T12:34:14+04:00	ck9c-mirror-256k	4	2652145	2651562	1	12832768	5939200	python3*1 
2026-09-28T12:34:14+04:00	ck9c-mirror-256k	4	2652146	2651562	45	17136447488	16527810560	python3*36 pt_gloo_runloop*2 ZMQbg/Reaper*2 ZMQbg/IO/0*2 pt_tcpstore_uv*1 cuda0000240000a*1 
2026-09-28T12:34:14+04:00	ck9c-mirror-256k	4	2652147	2651562	57	898301952	623128576	python3*49 ZMQbg/Reaper*4 ZMQbg/IO/0*4 
2026-09-28T12:34:24+04:00	ck9c-mirror-256k	4	2651545	363	2	24666112	6053888	uv*1 main2*1 
2026-09-28T12:34:24+04:00	ck9c-mirror-256k	4	2651562	2651545	57	977252352	695934976	ft*51 ZMQbg/Reaper*3 ZMQbg/IO/0*3 
2026-09-28T12:34:24+04:00	ck9c-mirror-256k	4	2652145	2651562	1	12832768	5939200	python3*1 
2026-09-28T12:34:24+04:00	ck9c-mirror-256k	4	2652146	2651562	45	17136447488	16527810560	python3*36 pt_gloo_runloop*2 ZMQbg/Reaper*2 ZMQbg/IO/0*2 pt_tcpstore_uv*1 cuda0000240000a*1 
2026-09-28T12:34:24+04:00	ck9c-mirror-256k	4	2652147	2651562	57	898301952	623128576	python3*49 ZMQbg/Reaper*4 ZMQbg/IO/0*4 
2026-09-28T12:34:34+04:00	ck9c-mirror-256k	4	2651545	363	2	24666112	6053888	uv*1 main2*1 
2026-09-28T12:34:34+04:00	ck9c-mirror-256k	4	2651562	2651545	57	977252352	695934976	ft*51 ZMQbg/Reaper*3 ZMQbg/IO/0*3 
2026-09-28T12:34:34+04:00	ck9c-mirror-256k	4	2652145	2651562	1	12832768	5939200	python3*1 
2026-09-28T12:34:34+04:00	ck9c-mirror-256k	4	2652146	2651562	45	17136447488	16527810560	python3*36 pt_gloo_runloop*2 ZMQbg/Reaper*2 ZMQbg/IO/0*2 pt_tcpstore_uv*1 cuda0000240000a*1 
2026-09-28T12:34:34+04:00	ck9c-mirror-256k	4	2652147	2651562	57	898301952	623128576	python3*49 ZMQbg/Reaper*4 ZMQbg/IO/0*4 
2026-09-28T12:34:45+04:00	ck9c-mirror-256k	4	2651545	363	2	24666112	6053888	uv*1 main2*1 
2026-09-28T12:34:45+04:00	ck9c-mirror-256k	4	2651562	2651545	57	977252352	695934976	ft*51 ZMQbg/Reaper*3 ZMQbg/IO/0*3 
2026-09-28T12:34:45+04:00	ck9c-mirror-256k	4	2652145	2651562	1	12832768	5939200	python3*1 
2026-09-28T12:34:45+04:00	ck9c-mirror-256k	4	2652146	2651562	45	17136447488	16527810560	python3*36 pt_gloo_runloop*2 ZMQbg/Reaper*2 ZMQbg/IO/0*2 pt_tcpstore_uv*1 cuda0000240000a*1 
2026-09-28T12:34:45+04:00	ck9c-mirror-256k	4	2652147	2651562	57	898301952	623128576	python3*49 ZMQbg/Reaper*4 ZMQbg/IO/0*4 
2026-09-28T12:34:55+04:00	ck9c-mirror-256k	4	2651545	363	2	24666112	6053888	uv*1 main2*1 
2026-09-28T12:34:55+04:00	ck9c-mirror-256k	4	2651562	2651545	57	977252352	695934976	ft*51 ZMQbg/Reaper*3 ZMQbg/IO/0*3 
2026-09-28T12:34:55+04:00	ck9c-mirror-256k	4	2652145	2651562	1	12832768	5939200	python3*1 
2026-09-28T12:34:55+04:00	ck9c-mirror-256k	4	2652146	2651562	45	17136447488	16527810560	python3*36 pt_gloo_runloop*2 ZMQbg/Reaper*2 ZMQbg/IO/0*2 pt_tcpstore_uv*1 cuda0000240000a*1 
2026-09-28T12:34:55+04:00	ck9c-mirror-256k	4	2652147	2651562	57	898301952	623128576	python3*49 ZMQbg/Reaper*4 ZMQbg/IO/0*4 
2026-09-28T12:35:05+04:00	ck9c-mirror-256k	4	2651545	363	2	24666112	6053888	uv*1 main2*1 
2026-09-28T12:35:05+04:00	ck9c-mirror-256k	4	2651562	2651545	57	977252352	695934976	ft*51 ZMQbg/Reaper*3 ZMQbg/IO/0*3 
2026-09-28T12:35:05+04:00	ck9c-mirror-256k	4	2652145	2651562	1	12832768	5939200	python3*1 
2026-09-28T12:35:05+04:00	ck9c-mirror-256k	4	2652146	2651562	45	17136447488	16527810560	python3*36 pt_gloo_runloop*2 ZMQbg/Reaper*2 ZMQbg/IO/0*2 pt_tcpstore_uv*1 cuda0000240000a*1 
2026-09-28T12:35:05+04:00	ck9c-mirror-256k	4	2652147	2651562	57	898301952	623128576	python3*49 ZMQbg/Reaper*4 ZMQbg/IO/0*4 
2026-09-28T12:35:15+04:00	ck9c-mirror-256k	4	2651545	363	2	24666112	6053888	uv*1 main2*1 
2026-09-28T12:35:15+04:00	ck9c-mirror-256k	4	2651562	2651545	57	977252352	695934976	ft*51 ZMQbg/Reaper*3 ZMQbg/IO/0*3 
2026-09-28T12:35:15+04:00	ck9c-mirror-256k	4	2652145	2651562	1	12832768	5939200	python3*1 
2026-09-28T12:35:15+04:00	ck9c-mirror-256k	4	2652146	2651562	45	17136447488	16527810560	python3*36 pt_gloo_runloop*2 ZMQbg/Reaper*2 ZMQbg/IO/0*2 pt_tcpstore_uv*1 cuda0000240000a*1 
2026-09-28T12:35:16+04:00	ck9c-mirror-256k	4	2652147	2651562	57	898301952	623128576	python3*49 ZMQbg/Reaper*4 ZMQbg/IO/0*4 
2026-09-28T12:35:26+04:00	ck9c-mirror-256k	4	2651545	363	2	24666112	6053888	uv*1 main2*1 
2026-09-28T12:35:26+04:00	ck9c-mirror-256k	4	2651562	2651545	57	977252352	695934976	ft*51 ZMQbg/Reaper*3 ZMQbg/IO/0*3 
2026-09-28T12:35:26+04:00	ck9c-mirror-256k	4	2652145	2651562	1	12832768	5939200	python3*1 
2026-09-28T12:35:26+04:00	ck9c-mirror-256k	4	2652146	2651562	45	17136447488	16527810560	python3*36 pt_gloo_runloop*2 ZMQbg/Reaper*2 ZMQbg/IO/0*2 pt_tcpstore_uv*1 cuda0000240000a*1 
2026-09-28T12:35:26+04:00	ck9c-mirror-256k	4	2652147	2651562	57	898301952	623128576	python3*49 ZMQbg/Reaper*4 ZMQbg/IO/0*4 
2026-09-28T12:35:36+04:00	ck9c-mirror-256k	4	2651545	363	2	24666112	6053888	uv*1 main2*1 
2026-09-28T12:35:36+04:00	ck9c-mirror-256k	4	2651562	2651545	57	977252352	695934976	ft*51 ZMQbg/Reaper*3 ZMQbg/IO/0*3 
2026-09-28T12:35:36+04:00	ck9c-mirror-256k	4	2652145	2651562	1	12832768	5939200	python3*1 
2026-09-28T12:35:36+04:00	ck9c-mirror-256k	4	2652146	2651562	45	17136447488	16527810560	python3*36 pt_gloo_runloop*2 ZMQbg/Reaper*2 ZMQbg/IO/0*2 pt_tcpstore_uv*1 cuda0000240000a*1 
2026-09-28T12:35:37+04:00	ck9c-mirror-256k	4	2652147	2651562	57	898301952	623128576	python3*49 ZMQbg/Reaper*4 ZMQbg/IO/0*4 
2026-09-28T12:35:47+04:00	ck9c-mirror-256k	4	2651545	363	2	24666112	6053888	uv*1 main2*1 
2026-09-28T12:35:47+04:00	ck9c-mirror-256k	4	2651562	2651545	57	977252352	695934976	ft*51 ZMQbg/Reaper*3 ZMQbg/IO/0*3 
2026-09-28T12:35:47+04:00	ck9c-mirror-256k	4	2652145	2651562	1	12832768	5939200	python3*1 
2026-09-28T12:35:47+04:00	ck9c-mirror-256k	4	2652146	2651562	45	17136447488	16527810560	python3*36 pt_gloo_runloop*2 ZMQbg/Reaper*2 ZMQbg/IO/0*2 pt_tcpstore_uv*1 cuda0000240000a*1 
2026-09-28T12:35:47+04:00	ck9c-mirror-256k	4	2652147	2651562	57	898301952	623128576	python3*49 ZMQbg/Reaper*4 ZMQbg/IO/0*4 
2026-09-28T12:35:57+04:00	ck9c-mirror-256k	4	2651545	363	2	24666112	6053888	uv*1 main2*1 
2026-09-28T12:35:57+04:00	ck9c-mirror-256k	4	2651562	2651545	57	977264640	695947264	ft*51 ZMQbg/Reaper*3 ZMQbg/IO/0*3 
2026-09-28T12:35:57+04:00	ck9c-mirror-256k	4	2652145	2651562	1	12832768	5939200	python3*1 
2026-09-28T12:35:57+04:00	ck9c-mirror-256k	4	2652146	2651562	45	17136447488	16527810560	python3*36 pt_gloo_runloop*2 ZMQbg/Reaper*2 ZMQbg/IO/0*2 pt_tcpstore_uv*1 cuda0000240000a*1 
2026-09-28T12:35:57+04:00	ck9c-mirror-256k	4	2652147	2651562	57	898301952	623128576	python3*49 ZMQbg/Reaper*4 ZMQbg/IO/0*4 
2026-09-28T12:36:07+04:00	ck9c-mirror-256k	4	2651545	363	2	24666112	6053888	uv*1 main2*1 
2026-09-28T12:36:07+04:00	ck9c-mirror-256k	4	2651562	2651545	57	977264640	695947264	ft*51 ZMQbg/Reaper*3 ZMQbg/IO/0*3 
2026-09-28T12:36:07+04:00	ck9c-mirror-256k	4	2652145	2651562	1	12832768	5939200	python3*1 
2026-09-28T12:36:07+04:00	ck9c-mirror-256k	4	2652146	2651562	45	17136447488	16527810560	python3*36 pt_gloo_runloop*2 ZMQbg/Reaper*2 ZMQbg/IO/0*2 pt_tcpstore_uv*1 cuda0000240000a*1 
2026-09-28T12:36:07+04:00	ck9c-mirror-256k	4	2652147	2651562	57	898301952	623128576	python3*49 ZMQbg/Reaper*4 ZMQbg/IO/0*4 
2026-09-28T12:36:17+04:00	ck9c-mirror-256k	4	2651545	363	2	24666112	6053888	uv*1 main2*1 
2026-09-28T12:36:17+04:00	ck9c-mirror-256k	4	2651562	2651545	57	977264640	695947264	ft*51 ZMQbg/Reaper*3 ZMQbg/IO/0*3 
2026-09-28T12:36:17+04:00	ck9c-mirror-256k	4	2652145	2651562	1	12832768	5939200	python3*1 
2026-09-28T12:36:17+04:00	ck9c-mirror-256k	4	2652146	2651562	45	17136447488	16527810560	python3*36 pt_gloo_runloop*2 ZMQbg/Reaper*2 ZMQbg/IO/0*2 pt_tcpstore_uv*1 cuda0000240000a*1 
2026-09-28T12:36:18+04:00	ck9c-mirror-256k	4	2652147	2651562	57	898301952	623128576	python3*49 ZMQbg/Reaper*4 ZMQbg/IO/0*4 
2026-09-28T12:36:28+04:00	ck9c-mirror-256k	4	2651545	363	2	24666112	6053888	uv*1 main2*1 
2026-09-28T12:36:28+04:00	ck9c-mirror-256k	4	2651562	2651545	57	977264640	695947264	ft*51 ZMQbg/Reaper*3 ZMQbg/IO/0*3 
2026-09-28T12:36:28+04:00	ck9c-mirror-256k	4	2652145	2651562	1	12832768	5939200	python3*1 
2026-09-28T12:36:28+04:00	ck9c-mirror-256k	4	2652146	2651562	45	17136447488	16527810560	python3*36 pt_gloo_runloop*2 ZMQbg/Reaper*2 ZMQbg/IO/0*2 pt_tcpstore_uv*1 cuda0000240000a*1 
2026-09-28T12:36:28+04:00	ck9c-mirror-256k	4	2652147	2651562	57	898301952	623128576	python3*49 ZMQbg/Reaper*4 ZMQbg/IO/0*4 
2026-09-28T12:36:38+04:00	ck9c-mirror-256k	4	2651545	363	2	24666112	6053888	uv*1 main2*1 
2026-09-28T12:36:38+04:00	ck9c-mirror-256k	4	2651562	2651545	57	977264640	695947264	ft*51 ZMQbg/Reaper*3 ZMQbg/IO/0*3 
2026-09-28T12:36:38+04:00	ck9c-mirror-256k	4	2652145	2651562	1	12832768	5939200	python3*1 
2026-09-28T12:36:38+04:00	ck9c-mirror-256k	4	2652146	2651562	45	17136447488	16527810560	python3*36 pt_gloo_runloop*2 ZMQbg/Reaper*2 ZMQbg/IO/0*2 pt_tcpstore_uv*1 cuda0000240000a*1 
2026-09-28T12:36:38+04:00	ck9c-mirror-256k	4	2652147	2651562	57	898301952	623128576	python3*49 ZMQbg/Reaper*4 ZMQbg/IO/0*4 
2026-09-28T12:36:48+04:00	ck9c-mirror-256k	4	2651545	363	2	24666112	6053888	uv*1 main2*1 
2026-09-28T12:36:48+04:00	ck9c-mirror-256k	4	2651562	2651545	57	977264640	695947264	ft*51 ZMQbg/Reaper*3 ZMQbg/IO/0*3 
2026-09-28T12:36:48+04:00	ck9c-mirror-256k	4	2652145	2651562	1	12832768	5939200	python3*1 
2026-09-28T12:36:48+04:00	ck9c-mirror-256k	4	2652146	2651562	45	17136447488	16527810560	python3*36 pt_gloo_runloop*2 ZMQbg/Reaper*2 ZMQbg/IO/0*2 pt_tcpstore_uv*1 cuda0000240000a*1 
2026-09-28T12:36:48+04:00	ck9c-mirror-256k	4	2652147	2651562	57	898301952	623128576	python3*49 ZMQbg/Reaper*4 ZMQbg/IO/0*4 
2026-09-28T12:36:58+04:00	ck9c-mirror-256k	4	2651545	363	2	24666112	6053888	uv*1 main2*1 
2026-09-28T12:36:58+04:00	ck9c-mirror-256k	4	2651562	2651545	57	977264640	695947264	ft*51 ZMQbg/Reaper*3 ZMQbg/IO/0*3 
2026-09-28T12:36:58+04:00	ck9c-mirror-256k	4	2652145	2651562	1	12832768	5939200	python3*1 
2026-09-28T12:36:58+04:00	ck9c-mirror-256k	4	2652146	2651562	45	17136447488	16527810560	python3*36 pt_gloo_runloop*2 ZMQbg/Reaper*2 ZMQbg/IO/0*2 pt_tcpstore_uv*1 cuda0000240000a*1 
2026-09-28T12:36:59+04:00	ck9c-mirror-256k	4	2652147	2651562	57	898301952	623128576	python3*49 ZMQbg/Reaper*4 ZMQbg/IO/0*4 
2026-09-28T12:37:09+04:00	ck9c-mirror-256k	4	2651545	363	2	24666112	6053888	uv*1 main2*1 
2026-09-28T12:37:09+04:00	ck9c-mirror-256k	4	2651562	2651545	57	977264640	695947264	ft*51 ZMQbg/Reaper*3 ZMQbg/IO/0*3 
2026-09-28T12:37:09+04:00	ck9c-mirror-256k	4	2652145	2651562	1	12832768	5939200	python3*1 
2026-09-28T12:37:09+04:00	ck9c-mirror-256k	4	2652146	2651562	45	17136447488	16527810560	python3*36 pt_gloo_runloop*2 ZMQbg/Reaper*2 ZMQbg/IO/0*2 pt_tcpstore_uv*1 cuda0000240000a*1 
2026-09-28T12:37:09+04:00	ck9c-mirror-256k	4	2652147	2651562	57	898301952	623128576	python3*49 ZMQbg/Reaper*4 ZMQbg/IO/0*4 
2026-09-28T12:37:19+04:00	ck9c-mirror-256k	4	2651545	363	2	24666112	6053888	uv*1 main2*1 
2026-09-28T12:37:19+04:00	ck9c-mirror-256k	4	2651562	2651545	57	977264640	695947264	ft*51 ZMQbg/Reaper*3 ZMQbg/IO/0*3 
2026-09-28T12:37:19+04:00	ck9c-mirror-256k	4	2652145	2651562	1	12832768	5939200	python3*1 
2026-09-28T12:37:19+04:00	ck9c-mirror-256k	4	2652146	2651562	45	17136447488	16527810560	python3*36 pt_gloo_runloop*2 ZMQbg/Reaper*2 ZMQbg/IO/0*2 pt_tcpstore_uv*1 cuda0000240000a*1 
2026-09-28T12:37:19+04:00	ck9c-mirror-256k	4	2652147	2651562	57	898301952	623128576	python3*49 ZMQbg/Reaper*4 ZMQbg/IO/0*4 
2026-09-28T12:37:29+04:00	ck9c-mirror-256k	4	2651545	363	2	24666112	6053888	uv*1 main2*1 
2026-09-28T12:37:29+04:00	ck9c-mirror-256k	4	2651562	2651545	57	977264640	695947264	ft*51 ZMQbg/Reaper*3 ZMQbg/IO/0*3 
2026-09-28T12:37:29+04:00	ck9c-mirror-256k	4	2652145	2651562	1	12832768	5939200	python3*1 
2026-09-28T12:37:29+04:00	ck9c-mirror-256k	4	2652146	2651562	45	17136447488	16527810560	python3*36 pt_gloo_runloop*2 ZMQbg/Reaper*2 ZMQbg/IO/0*2 pt_tcpstore_uv*1 cuda0000240000a*1 
2026-09-28T12:37:29+04:00	ck9c-mirror-256k	4	2652147	2651562	57	898301952	623128576	python3*49 ZMQbg/Reaper*4 ZMQbg/IO/0*4 
2026-09-28T12:37:39+04:00	ck9c-mirror-256k	4	2651545	363	2	24666112	6053888	uv*1 main2*1 
2026-09-28T12:37:39+04:00	ck9c-mirror-256k	4	2651562	2651545	57	977264640	695947264	ft*51 ZMQbg/Reaper*3 ZMQbg/IO/0*3 
2026-09-28T12:37:39+04:00	ck9c-mirror-256k	4	2652145	2651562	1	12832768	5939200	python3*1 
2026-09-28T12:37:39+04:00	ck9c-mirror-256k	4	2652146	2651562	45	17136447488	16527810560	python3*36 pt_gloo_runloop*2 ZMQbg/Reaper*2 ZMQbg/IO/0*2 pt_tcpstore_uv*1 cuda0000240000a*1 
2026-09-28T12:37:40+04:00	ck9c-mirror-256k	4	2652147	2651562	57	898301952	623128576	python3*49 ZMQbg/Reaper*4 ZMQbg/IO/0*4 
2026-09-28T12:37:50+04:00	ck9c-mirror-256k	4	2651545	363	2	24666112	6053888	uv*1 main2*1 
2026-09-28T12:37:50+04:00	ck9c-mirror-256k	4	2651562	2651545	57	977264640	695947264	ft*51 ZMQbg/Reaper*3 ZMQbg/IO/0*3 
2026-09-28T12:37:50+04:00	ck9c-mirror-256k	4	2652145	2651562	1	12832768	5939200	python3*1 
2026-09-28T12:37:50+04:00	ck9c-mirror-256k	4	2652146	2651562	45	17136447488	16527810560	python3*36 pt_gloo_runloop*2 ZMQbg/Reaper*2 ZMQbg/IO/0*2 pt_tcpstore_uv*1 cuda0000240000a*1 
2026-09-28T12:37:50+04:00	ck9c-mirror-256k	4	2652147	2651562	57	898301952	623128576	python3*49 ZMQbg/Reaper*4 ZMQbg/IO/0*4 
2026-09-28T12:38:00+04:00	ck9c-mirror-256k	4	2651545	363	2	24666112	6053888	uv*1 main2*1 
2026-09-28T12:38:00+04:00	ck9c-mirror-256k	4	2651562	2651545	57	977264640	695947264	ft*51 ZMQbg/Reaper*3 ZMQbg/IO/0*3 
2026-09-28T12:38:00+04:00	ck9c-mirror-256k	4	2652145	2651562	1	12832768	5939200	python3*1 
2026-09-28T12:38:00+04:00	ck9c-mirror-256k	4	2652146	2651562	45	17136447488	16527810560	python3*36 pt_gloo_runloop*2 ZMQbg/Reaper*2 ZMQbg/IO/0*2 pt_tcpstore_uv*1 cuda0000240000a*1 
2026-09-28T12:38:00+04:00	ck9c-mirror-256k	4	2652147	2651562	57	898301952	623128576	python3*49 ZMQbg/Reaper*4 ZMQbg/IO/0*4 
2026-09-28T12:38:10+04:00	ck9c-mirror-256k	4	2651545	363	2	24666112	6053888	uv*1 main2*1 
2026-09-28T12:38:10+04:00	ck9c-mirror-256k	4	2651562	2651545	57	977264640	695947264	ft*51 ZMQbg/Reaper*3 ZMQbg/IO/0*3 
2026-09-28T12:38:10+04:00	ck9c-mirror-256k	4	2652145	2651562	1	12832768	5939200	python3*1 
2026-09-28T12:38:10+04:00	ck9c-mirror-256k	4	2652146	2651562	45	17136500736	16527863808	python3*36 pt_gloo_runloop*2 ZMQbg/Reaper*2 ZMQbg/IO/0*2 pt_tcpstore_uv*1 cuda0000240000a*1 
2026-09-28T12:38:10+04:00	ck9c-mirror-256k	4	2652147	2651562	57	898301952	623128576	python3*49 ZMQbg/Reaper*4 ZMQbg/IO/0*4 
2026-09-28T12:38:20+04:00	ck9c-mirror-256k	4	2651545	363	2	24666112	6053888	uv*1 main2*1 
2026-09-28T12:38:20+04:00	ck9c-mirror-256k	4	2651562	2651545	57	977264640	695947264	ft*51 ZMQbg/Reaper*3 ZMQbg/IO/0*3 
2026-09-28T12:38:20+04:00	ck9c-mirror-256k	4	2652145	2651562	1	12832768	5939200	python3*1 
2026-09-28T12:38:20+04:00	ck9c-mirror-256k	4	2652146	2651562	45	17136619520	16527982592	python3*36 pt_gloo_runloop*2 ZMQbg/Reaper*2 ZMQbg/IO/0*2 pt_tcpstore_uv*1 cuda0000240000a*1 
2026-09-28T12:38:21+04:00	ck9c-mirror-256k	4	2652147	2651562	57	898301952	623128576	python3*49 ZMQbg/Reaper*4 ZMQbg/IO/0*4 
2026-09-28T12:38:31+04:00	ck9c-mirror-256k	4	2651545	363	2	24666112	6053888	uv*1 main2*1 
2026-09-28T12:38:31+04:00	ck9c-mirror-256k	4	2651562	2651545	57	977264640	695947264	ft*51 ZMQbg/Reaper*3 ZMQbg/IO/0*3 
2026-09-28T12:38:31+04:00	ck9c-mirror-256k	4	2652145	2651562	1	12832768	5939200	python3*1 
2026-09-28T12:38:31+04:00	ck9c-mirror-256k	4	2652146	2651562	45	17136746496	16528109568	python3*36 pt_gloo_runloop*2 ZMQbg/Reaper*2 ZMQbg/IO/0*2 pt_tcpstore_uv*1 cuda0000240000a*1 
2026-09-28T12:38:31+04:00	ck9c-mirror-256k	4	2652147	2651562	57	898301952	623128576	python3*49 ZMQbg/Reaper*4 ZMQbg/IO/0*4 
2026-09-28T12:38:41+04:00	ck9c-mirror-256k	4	2651545	363	2	24666112	6053888	uv*1 main2*1 
2026-09-28T12:38:41+04:00	ck9c-mirror-256k	4	2651562	2651545	57	977264640	695947264	ft*51 ZMQbg/Reaper*3 ZMQbg/IO/0*3 
2026-09-28T12:38:41+04:00	ck9c-mirror-256k	4	2652145	2651562	1	12832768	5939200	python3*1 
2026-09-28T12:38:41+04:00	ck9c-mirror-256k	4	2652146	2651562	45	17136889856	16528252928	python3*36 pt_gloo_runloop*2 ZMQbg/Reaper*2 ZMQbg/IO/0*2 pt_tcpstore_uv*1 cuda0000240000a*1 
2026-09-28T12:38:41+04:00	ck9c-mirror-256k	4	2652147	2651562	57	898301952	623128576	python3*49 ZMQbg/Reaper*4 ZMQbg/IO/0*4 
2026-09-28T12:38:51+04:00	ck9c-mirror-256k	4	2651545	363	2	24666112	6053888	uv*1 main2*1 
2026-09-28T12:38:51+04:00	ck9c-mirror-256k	4	2651562	2651545	57	977264640	695947264	ft*51 ZMQbg/Reaper*3 ZMQbg/IO/0*3 
2026-09-28T12:38:51+04:00	ck9c-mirror-256k	4	2652145	2651562	1	12832768	5939200	python3*1 
2026-09-28T12:38:51+04:00	ck9c-mirror-256k	4	2652146	2651562	45	17137790976	16529154048	python3*36 pt_gloo_runloop*2 ZMQbg/Reaper*2 ZMQbg/IO/0*2 pt_tcpstore_uv*1 cuda0000240000a*1 
2026-09-28T12:38:51+04:00	ck9c-mirror-256k	4	2652147	2651562	57	898301952	623128576	python3*49 ZMQbg/Reaper*4 ZMQbg/IO/0*4 
2026-09-28T12:39:01+04:00	ck9c-mirror-256k	4	2651545	363	2	24666112	6053888	uv*1 main2*1 
2026-09-28T12:39:01+04:00	ck9c-mirror-256k	4	2651562	2651545	57	977264640	695947264	ft*51 ZMQbg/Reaper*3 ZMQbg/IO/0*3 
2026-09-28T12:39:01+04:00	ck9c-mirror-256k	4	2652145	2651562	1	12832768	5939200	python3*1 
2026-09-28T12:39:01+04:00	ck9c-mirror-256k	4	2652146	2651562	45	17137790976	16529154048	python3*36 pt_gloo_runloop*2 ZMQbg/Reaper*2 ZMQbg/IO/0*2 pt_tcpstore_uv*1 cuda0000240000a*1 
2026-09-28T12:39:02+04:00	ck9c-mirror-256k	4	2652147	2651562	57	898301952	623128576	python3*49 ZMQbg/Reaper*4 ZMQbg/IO/0*4 
2026-09-28T12:39:12+04:00	ck9c-mirror-256k	4	2651545	363	2	24666112	6053888	uv*1 main2*1 
2026-09-28T12:39:12+04:00	ck9c-mirror-256k	4	2651562	2651545	57	977264640	695947264	ft*51 ZMQbg/Reaper*3 ZMQbg/IO/0*3 
2026-09-28T12:39:12+04:00	ck9c-mirror-256k	4	2652145	2651562	1	12832768	5939200	python3*1 
2026-09-28T12:39:12+04:00	ck9c-mirror-256k	4	2652146	2651562	45	17137790976	16529154048	python3*36 pt_gloo_runloop*2 ZMQbg/Reaper*2 ZMQbg/IO/0*2 pt_tcpstore_uv*1 cuda0000240000a*1 
2026-09-28T12:39:12+04:00	ck9c-mirror-256k	4	2652147	2651562	57	898301952	623128576	python3*49 ZMQbg/Reaper*4 ZMQbg/IO/0*4 
2026-09-28T12:39:22+04:00	ck9c-mirror-256k	4	2651545	363	2	24666112	6053888	uv*1 main2*1 
2026-09-28T12:39:22+04:00	ck9c-mirror-256k	4	2651562	2651545	57	977264640	695947264	ft*51 ZMQbg/Reaper*3 ZMQbg/IO/0*3 
2026-09-28T12:39:22+04:00	ck9c-mirror-256k	4	2652145	2651562	1	12832768	5939200	python3*1 
2026-09-28T12:39:22+04:00	ck9c-mirror-256k	4	2652146	2651562	45	17137790976	16529154048	python3*36 pt_gloo_runloop*2 ZMQbg/Reaper*2 ZMQbg/IO/0*2 pt_tcpstore_uv*1 cuda0000240000a*1 
2026-09-28T12:39:22+04:00	ck9c-mirror-256k	4	2652147	2651562	57	898301952	623128576	python3*49 ZMQbg/Reaper*4 ZMQbg/IO/0*4 
2026-09-28T12:39:32+04:00	ck9c-mirror-256k	4	2651545	363	2	24666112	6053888	uv*1 main2*1 
2026-09-28T12:39:32+04:00	ck9c-mirror-256k	4	2651562	2651545	57	977264640	695947264	ft*51 ZMQbg/Reaper*3 ZMQbg/IO/0*3 
2026-09-28T12:39:32+04:00	ck9c-mirror-256k	4	2652145	2651562	1	12832768	5939200	python3*1 
2026-09-28T12:39:32+04:00	ck9c-mirror-256k	4	2652146	2651562	45	17137790976	16529154048	python3*36 pt_gloo_runloop*2 ZMQbg/Reaper*2 ZMQbg/IO/0*2 pt_tcpstore_uv*1 cuda0000240000a*1 
2026-09-28T12:39:32+04:00	ck9c-mirror-256k	4	2652147	2651562	57	898301952	623128576	python3*49 ZMQbg/Reaper*4 ZMQbg/IO/0*4 
2026-09-28T12:39:42+04:00	ck9c-mirror-256k	4	2651545	363	2	24666112	6053888	uv*1 main2*1 
2026-09-28T12:39:42+04:00	ck9c-mirror-256k	4	2651562	2651545	57	977264640	695947264	ft*51 ZMQbg/Reaper*3 ZMQbg/IO/0*3 
2026-09-28T12:39:42+04:00	ck9c-mirror-256k	4	2652145	2651562	1	12832768	5939200	python3*1 
2026-09-28T12:39:42+04:00	ck9c-mirror-256k	4	2652146	2651562	45	17137790976	16529154048	python3*36 pt_gloo_runloop*2 ZMQbg/Reaper*2 ZMQbg/IO/0*2 pt_tcpstore_uv*1 cuda0000240000a*1 
2026-09-28T12:39:43+04:00	ck9c-mirror-256k	4	2652147	2651562	57	898301952	623128576	python3*49 ZMQbg/Reaper*4 ZMQbg/IO/0*4 
2026-09-28T12:39:53+04:00	ck9c-mirror-256k	4	2651545	363	2	24666112	6053888	uv*1 main2*1 
2026-09-28T12:39:53+04:00	ck9c-mirror-256k	4	2651562	2651545	57	977264640	695947264	ft*51 ZMQbg/Reaper*3 ZMQbg/IO/0*3 
2026-09-28T12:39:53+04:00	ck9c-mirror-256k	4	2652145	2651562	1	12832768	5939200	python3*1 
2026-09-28T12:39:53+04:00	ck9c-mirror-256k	4	2652146	2651562	45	17137881088	16529252352	python3*36 pt_gloo_runloop*2 ZMQbg/Reaper*2 ZMQbg/IO/0*2 pt_tcpstore_uv*1 cuda0000240000a*1 
2026-09-28T12:39:53+04:00	ck9c-mirror-256k	4	2652147	2651562	57	898301952	623128576	python3*49 ZMQbg/Reaper*4 ZMQbg/IO/0*4 
2026-09-28T12:40:03+04:00	ck9c-mirror-256k	4	2651545	363	2	24666112	6053888	uv*1 main2*1 
2026-09-28T12:40:03+04:00	ck9c-mirror-256k	4	2651562	2651545	57	977264640	695947264	ft*51 ZMQbg/Reaper*3 ZMQbg/IO/0*3 
2026-09-28T12:40:03+04:00	ck9c-mirror-256k	4	2652145	2651562	1	12832768	5939200	python3*1 
2026-09-28T12:40:03+04:00	ck9c-mirror-256k	4	2652146	2651562	45	17138003968	16529367040	python3*36 pt_gloo_runloop*2 ZMQbg/Reaper*2 ZMQbg/IO/0*2 pt_tcpstore_uv*1 cuda0000240000a*1 
2026-09-28T12:40:03+04:00	ck9c-mirror-256k	4	2652147	2651562	57	898301952	623128576	python3*49 ZMQbg/Reaper*4 ZMQbg/IO/0*4 
2026-09-28T12:40:13+04:00	ck9c-mirror-256k	4	2651545	363	2	24666112	6053888	uv*1 main2*1 
2026-09-28T12:40:13+04:00	ck9c-mirror-256k	4	2651562	2651545	57	977264640	695947264	ft*51 ZMQbg/Reaper*3 ZMQbg/IO/0*3 
2026-09-28T12:40:13+04:00	ck9c-mirror-256k	4	2652145	2651562	1	12832768	5939200	python3*1 
2026-09-28T12:40:13+04:00	ck9c-mirror-256k	4	2652146	2651562	45	17138098176	16529461248	python3*36 pt_gloo_runloop*2 ZMQbg/Reaper*2 ZMQbg/IO/0*2 pt_tcpstore_uv*1 cuda0000240000a*1 
2026-09-28T12:40:13+04:00	ck9c-mirror-256k	4	2652147	2651562	57	898301952	623128576	python3*49 ZMQbg/Reaper*4 ZMQbg/IO/0*4 
2026-09-28T12:40:23+04:00	ck9c-mirror-256k	4	2651545	363	2	24666112	6053888	uv*1 main2*1 
2026-09-28T12:40:23+04:00	ck9c-mirror-256k	4	2651562	2651545	57	977264640	695947264	ft*51 ZMQbg/Reaper*3 ZMQbg/IO/0*3 
2026-09-28T12:40:23+04:00	ck9c-mirror-256k	4	2652145	2651562	1	12832768	5939200	python3*1 
2026-09-28T12:40:23+04:00	ck9c-mirror-256k	4	2652146	2651562	45	17138208768	16529571840	python3*36 pt_gloo_runloop*2 ZMQbg/Reaper*2 ZMQbg/IO/0*2 pt_tcpstore_uv*1 cuda0000240000a*1 
2026-09-28T12:40:24+04:00	ck9c-mirror-256k	4	2652147	2651562	57	898301952	623128576	python3*49 ZMQbg/Reaper*4 ZMQbg/IO/0*4 
2026-09-28T12:40:34+04:00	ck9c-mirror-256k	4	2651545	363	2	24666112	6053888	uv*1 main2*1 
2026-09-28T12:40:34+04:00	ck9c-mirror-256k	4	2651562	2651545	57	977264640	695947264	ft*51 ZMQbg/Reaper*3 ZMQbg/IO/0*3 
2026-09-28T12:40:34+04:00	ck9c-mirror-256k	4	2652145	2651562	1	12832768	5939200	python3*1 
2026-09-28T12:40:34+04:00	ck9c-mirror-256k	4	2652146	2651562	45	17138307072	16529670144	python3*36 pt_gloo_runloop*2 ZMQbg/Reaper*2 ZMQbg/IO/0*2 pt_tcpstore_uv*1 cuda0000240000a*1 
2026-09-28T12:40:34+04:00	ck9c-mirror-256k	4	2652147	2651562	57	898301952	623128576	python3*49 ZMQbg/Reaper*4 ZMQbg/IO/0*4 
2026-09-28T12:40:44+04:00	ck9c-mirror-256k	4	2651545	363	2	24666112	6053888	uv*1 main2*1 
2026-09-28T12:40:44+04:00	ck9c-mirror-256k	4	2651562	2651545	57	977457152	696139776	ft*51 ZMQbg/Reaper*3 ZMQbg/IO/0*3 
2026-09-28T12:40:44+04:00	ck9c-mirror-256k	4	2652145	2651562	1	12832768	5939200	python3*1 
2026-09-28T12:40:44+04:00	ck9c-mirror-256k	4	2652146	2651562	45	17139560448	16530923520	python3*36 pt_gloo_runloop*2 ZMQbg/Reaper*2 ZMQbg/IO/0*2 pt_tcpstore_uv*1 cuda0000240000a*1 
2026-09-28T12:40:44+04:00	ck9c-mirror-256k	4	2652147	2651562	57	917995520	642822144	python3*49 ZMQbg/Reaper*4 ZMQbg/IO/0*4 
2026-09-28T12:40:54+04:00	ck9c-mirror-256k	4	2651545	363	2	24666112	6053888	uv*1 main2*1 
2026-09-28T12:40:54+04:00	ck9c-mirror-256k	4	2651562	2651545	57	977457152	696139776	ft*51 ZMQbg/Reaper*3 ZMQbg/IO/0*3 
2026-09-28T12:40:54+04:00	ck9c-mirror-256k	4	2652145	2651562	1	12832768	5939200	python3*1 
2026-09-28T12:40:54+04:00	ck9c-mirror-256k	4	2652146	2651562	45	17139560448	16530923520	python3*36 pt_gloo_runloop*2 ZMQbg/Reaper*2 ZMQbg/IO/0*2 pt_tcpstore_uv*1 cuda0000240000a*1 
2026-09-28T12:40:54+04:00	ck9c-mirror-256k	4	2652147	2651562	57	917995520	642822144	python3*49 ZMQbg/Reaper*4 ZMQbg/IO/0*4 
2026-09-28T12:41:04+04:00	ck9c-mirror-256k	4	2651545	363	2	24666112	6053888	uv*1 main2*1 
2026-09-28T12:41:04+04:00	ck9c-mirror-256k	4	2651562	2651545	57	978128896	696811520	ft*51 ZMQbg/Reaper*3 ZMQbg/IO/0*3 
2026-09-28T12:41:04+04:00	ck9c-mirror-256k	4	2652145	2651562	1	12832768	5939200	python3*1 
2026-09-28T12:41:04+04:00	ck9c-mirror-256k	4	2652146	2651562	45	17140674560	16531972096	python3*36 pt_gloo_runloop*2 ZMQbg/Reaper*2 ZMQbg/IO/0*2 pt_tcpstore_uv*1 cuda0000240000a*1 
2026-09-28T12:41:05+04:00	ck9c-mirror-256k	4	2652147	2651562	57	917995520	642822144	python3*49 ZMQbg/Reaper*4 ZMQbg/IO/0*4 
2026-09-28T12:41:15+04:00	ck9c-mirror-256k	4	2651545	363	2	24666112	6053888	uv*1 main2*1 
2026-09-28T12:41:15+04:00	ck9c-mirror-256k	4	2651562	2651545	57	978608128	697290752	ft*51 ZMQbg/Reaper*3 ZMQbg/IO/0*3 
2026-09-28T12:41:15+04:00	ck9c-mirror-256k	4	2652145	2651562	1	12832768	5939200	python3*1 
2026-09-28T12:41:15+04:00	ck9c-mirror-256k	4	2652146	2651562	45	17140674560	16531972096	python3*36 pt_gloo_runloop*2 ZMQbg/Reaper*2 ZMQbg/IO/0*2 pt_tcpstore_uv*1 cuda0000240000a*1 
2026-09-28T12:41:15+04:00	ck9c-mirror-256k	4	2652147	2651562	57	917995520	642822144	python3*49 ZMQbg/Reaper*4 ZMQbg/IO/0*4 
2026-09-28T12:41:25+04:00	ck9c-mirror-256k	4	2651545	363	2	24666112	6053888	uv*1 main2*1 
2026-09-28T12:41:25+04:00	ck9c-mirror-256k	4	2651562	2651545	57	978612224	697294848	ft*51 ZMQbg/Reaper*3 ZMQbg/IO/0*3 
2026-09-28T12:41:25+04:00	ck9c-mirror-256k	4	2652145	2651562	1	12832768	5939200	python3*1 
2026-09-28T12:41:25+04:00	ck9c-mirror-256k	4	2652146	2651562	45	17140674560	16531972096	python3*36 pt_gloo_runloop*2 ZMQbg/Reaper*2 ZMQbg/IO/0*2 pt_tcpstore_uv*1 cuda0000240000a*1 
2026-09-28T12:41:25+04:00	ck9c-mirror-256k	4	2652147	2651562	57	917995520	642822144	python3*49 ZMQbg/Reaper*4 ZMQbg/IO/0*4 
2026-09-28T12:41:35+04:00	ck9c-mirror-256k	4	2651545	363	2	24666112	6053888	uv*1 main2*1 
2026-09-28T12:41:35+04:00	ck9c-mirror-256k	4	2651562	2651545	57	978612224	697294848	ft*51 ZMQbg/Reaper*3 ZMQbg/IO/0*3 
2026-09-28T12:41:35+04:00	ck9c-mirror-256k	4	2652145	2651562	1	12832768	5939200	python3*1 
2026-09-28T12:41:35+04:00	ck9c-mirror-256k	4	2652146	2651562	45	17140674560	16531972096	python3*36 pt_gloo_runloop*2 ZMQbg/Reaper*2 ZMQbg/IO/0*2 pt_tcpstore_uv*1 cuda0000240000a*1 
2026-09-28T12:41:35+04:00	ck9c-mirror-256k	4	2652147	2651562	57	917995520	642822144	python3*49 ZMQbg/Reaper*4 ZMQbg/IO/0*4 
2026-09-28T12:41:45+04:00	ck9c-mirror-256k	4	2651545	363	2	24666112	6053888	uv*1 main2*1 
2026-09-28T12:41:45+04:00	ck9c-mirror-256k	4	2651562	2651545	57	978612224	697294848	ft*51 ZMQbg/Reaper*3 ZMQbg/IO/0*3 
2026-09-28T12:41:45+04:00	ck9c-mirror-256k	4	2652145	2651562	1	12832768	5939200	python3*1 
2026-09-28T12:41:45+04:00	ck9c-mirror-256k	4	2652146	2651562	45	17140674560	16531972096	python3*36 pt_gloo_runloop*2 ZMQbg/Reaper*2 ZMQbg/IO/0*2 pt_tcpstore_uv*1 cuda0000240000a*1 
2026-09-28T12:41:46+04:00	ck9c-mirror-256k	4	2652147	2651562	57	917995520	642822144	python3*49 ZMQbg/Reaper*4 ZMQbg/IO/0*4 
2026-09-28T12:41:56+04:00	ck9c-mirror-256k	4	2651545	363	2	24666112	6053888	uv*1 main2*1 
2026-09-28T12:41:56+04:00	ck9c-mirror-256k	4	2651562	2651545	57	978612224	697294848	ft*51 ZMQbg/Reaper*3 ZMQbg/IO/0*3 
2026-09-28T12:41:56+04:00	ck9c-mirror-256k	4	2652145	2651562	1	12832768	5939200	python3*1 
2026-09-28T12:41:56+04:00	ck9c-mirror-256k	4	2652146	2651562	45	17140678656	16531976192	python3*36 pt_gloo_runloop*2 ZMQbg/Reaper*2 ZMQbg/IO/0*2 pt_tcpstore_uv*1 cuda0000240000a*1 
2026-09-28T12:41:56+04:00	ck9c-mirror-256k	4	2652147	2651562	57	917995520	642822144	python3*49 ZMQbg/Reaper*4 ZMQbg/IO/0*4 
2026-09-28T12:42:06+04:00	ck9c-mirror-256k	4	2651545	363	2	24666112	6053888	uv*1 main2*1 
2026-09-28T12:42:06+04:00	ck9c-mirror-256k	4	2651562	2651545	57	978612224	697294848	ft*51 ZMQbg/Reaper*3 ZMQbg/IO/0*3 
2026-09-28T12:42:06+04:00	ck9c-mirror-256k	4	2652145	2651562	1	12832768	5939200	python3*1 
2026-09-28T12:42:06+04:00	ck9c-mirror-256k	4	2652146	2651562	45	17140678656	16531976192	python3*36 pt_gloo_runloop*2 ZMQbg/Reaper*2 ZMQbg/IO/0*2 pt_tcpstore_uv*1 cuda0000240000a*1 
2026-09-28T12:42:06+04:00	ck9c-mirror-256k	4	2652147	2651562	57	917995520	642822144	python3*49 ZMQbg/Reaper*4 ZMQbg/IO/0*4 
2026-09-28T12:42:16+04:00	ck9c-mirror-256k	4	2651545	363	2	24666112	6053888	uv*1 main2*1 
2026-09-28T12:42:16+04:00	ck9c-mirror-256k	4	2651562	2651545	57	978612224	697294848	ft*51 ZMQbg/Reaper*3 ZMQbg/IO/0*3 
2026-09-28T12:42:16+04:00	ck9c-mirror-256k	4	2652145	2651562	1	12832768	5939200	python3*1 
2026-09-28T12:42:16+04:00	ck9c-mirror-256k	4	2652146	2651562	45	17140678656	16531976192	python3*36 pt_gloo_runloop*2 ZMQbg/Reaper*2 ZMQbg/IO/0*2 pt_tcpstore_uv*1 cuda0000240000a*1 
2026-09-28T12:42:16+04:00	ck9c-mirror-256k	4	2652147	2651562	57	917995520	642822144	python3*49 ZMQbg/Reaper*4 ZMQbg/IO/0*4 
2026-09-28T12:42:26+04:00	ck9c-mirror-256k	4	2651545	363	2	24666112	6053888	uv*1 main2*1 
2026-09-28T12:42:26+04:00	ck9c-mirror-256k	4	2651562	2651545	57	978612224	697294848	ft*51 ZMQbg/Reaper*3 ZMQbg/IO/0*3 
2026-09-28T12:42:26+04:00	ck9c-mirror-256k	4	2652145	2651562	1	12832768	5939200	python3*1 
2026-09-28T12:42:26+04:00	ck9c-mirror-256k	4	2652146	2651562	45	17140678656	16531976192	python3*36 pt_gloo_runloop*2 ZMQbg/Reaper*2 ZMQbg/IO/0*2 pt_tcpstore_uv*1 cuda0000240000a*1 
2026-09-28T12:42:27+04:00	ck9c-mirror-256k	4	2652147	2651562	57	917995520	642822144	python3*49 ZMQbg/Reaper*4 ZMQbg/IO/0*4 
2026-09-28T12:42:37+04:00	ck9c-mirror-256k	4	2651545	363	2	24666112	6053888	uv*1 main2*1 
2026-09-28T12:42:37+04:00	ck9c-mirror-256k	4	2651562	2651545	57	978612224	697294848	ft*51 ZMQbg/Reaper*3 ZMQbg/IO/0*3 
2026-09-28T12:42:37+04:00	ck9c-mirror-256k	4	2652145	2651562	1	12832768	5939200	python3*1 
2026-09-28T12:42:37+04:00	ck9c-mirror-256k	4	2652146	2651562	45	17140682752	16531980288	python3*36 pt_gloo_runloop*2 ZMQbg/Reaper*2 ZMQbg/IO/0*2 pt_tcpstore_uv*1 cuda0000240000a*1 
2026-09-28T12:42:37+04:00	ck9c-mirror-256k	4	2652147	2651562	57	917995520	642822144	python3*49 ZMQbg/Reaper*4 ZMQbg/IO/0*4 
2026-09-28T12:42:47+04:00	ck9c-mirror-256k	4	2651545	363	2	24666112	6053888	uv*1 main2*1 
2026-09-28T12:42:47+04:00	ck9c-mirror-256k	4	2651562	2651545	57	978612224	697294848	ft*51 ZMQbg/Reaper*3 ZMQbg/IO/0*3 
2026-09-28T12:42:47+04:00	ck9c-mirror-256k	4	2652145	2651562	1	12832768	5939200	python3*1 
2026-09-28T12:42:47+04:00	ck9c-mirror-256k	4	2652146	2651562	45	17140682752	16531980288	python3*36 pt_gloo_runloop*2 ZMQbg/Reaper*2 ZMQbg/IO/0*2 pt_tcpstore_uv*1 cuda0000240000a*1 
2026-09-28T12:42:47+04:00	ck9c-mirror-256k	4	2652147	2651562	57	917995520	642822144	python3*49 ZMQbg/Reaper*4 ZMQbg/IO/0*4 
2026-09-28T12:42:57+04:00	ck9c-mirror-256k	4	2651545	363	2	24666112	6053888	uv*1 main2*1 
2026-09-28T12:42:57+04:00	ck9c-mirror-256k	4	2651562	2651545	57	978612224	697294848	ft*51 ZMQbg/Reaper*3 ZMQbg/IO/0*3 
2026-09-28T12:42:57+04:00	ck9c-mirror-256k	4	2652145	2651562	1	12832768	5939200	python3*1 
2026-09-28T12:42:57+04:00	ck9c-mirror-256k	4	2652146	2651562	45	17140682752	16531980288	python3*36 pt_gloo_runloop*2 ZMQbg/Reaper*2 ZMQbg/IO/0*2 pt_tcpstore_uv*1 cuda0000240000a*1 
2026-09-28T12:42:57+04:00	ck9c-mirror-256k	4	2652147	2651562	57	917995520	642822144	python3*49 ZMQbg/Reaper*4 ZMQbg/IO/0*4 
2026-09-28T12:43:07+04:00	ck9c-mirror-256k	4	2651545	363	2	24666112	6053888	uv*1 main2*1 
2026-09-28T12:43:07+04:00	ck9c-mirror-256k	4	2651562	2651545	57	978612224	697294848	ft*51 ZMQbg/Reaper*3 ZMQbg/IO/0*3 
2026-09-28T12:43:07+04:00	ck9c-mirror-256k	4	2652145	2651562	1	12832768	5939200	python3*1 
2026-09-28T12:43:07+04:00	ck9c-mirror-256k	4	2652146	2651562	45	17140682752	16531980288	python3*36 pt_gloo_runloop*2 ZMQbg/Reaper*2 ZMQbg/IO/0*2 pt_tcpstore_uv*1 cuda0000240000a*1 
2026-09-28T12:43:08+04:00	ck9c-mirror-256k	4	2652147	2651562	57	917995520	642822144	python3*49 ZMQbg/Reaper*4 ZMQbg/IO/0*4 
2026-09-28T12:43:18+04:00	ck9c-mirror-256k	4	2651545	363	2	24666112	6053888	uv*1 main2*1 
2026-09-28T12:43:18+04:00	ck9c-mirror-256k	4	2651562	2651545	57	978612224	697294848	ft*51 ZMQbg/Reaper*3 ZMQbg/IO/0*3 
2026-09-28T12:43:18+04:00	ck9c-mirror-256k	4	2652145	2651562	1	12832768	5939200	python3*1 
2026-09-28T12:43:18+04:00	ck9c-mirror-256k	4	2652146	2651562	45	17140682752	16531980288	python3*36 pt_gloo_runloop*2 ZMQbg/Reaper*2 ZMQbg/IO/0*2 pt_tcpstore_uv*1 cuda0000240000a*1 
2026-09-28T12:43:18+04:00	ck9c-mirror-256k	4	2652147	2651562	57	917995520	642822144	python3*49 ZMQbg/Reaper*4 ZMQbg/IO/0*4 
2026-09-28T12:43:28+04:00	ck9c-mirror-256k	4	2651545	363	2	24666112	6053888	uv*1 main2*1 
2026-09-28T12:43:28+04:00	ck9c-mirror-256k	4	2651562	2651545	57	978612224	697294848	ft*51 ZMQbg/Reaper*3 ZMQbg/IO/0*3 
2026-09-28T12:43:28+04:00	ck9c-mirror-256k	4	2652145	2651562	1	12832768	5939200	python3*1 
2026-09-28T12:43:28+04:00	ck9c-mirror-256k	4	2652146	2651562	45	17140682752	16531980288	python3*36 pt_gloo_runloop*2 ZMQbg/Reaper*2 ZMQbg/IO/0*2 pt_tcpstore_uv*1 cuda0000240000a*1 
2026-09-28T12:43:28+04:00	ck9c-mirror-256k	4	2652147	2651562	57	917995520	642822144	python3*49 ZMQbg/Reaper*4 ZMQbg/IO/0*4 
2026-09-28T12:43:38+04:00	ck9c-mirror-256k	4	2651545	363	2	24666112	6053888	uv*1 main2*1 
2026-09-28T12:43:38+04:00	ck9c-mirror-256k	4	2651562	2651545	57	978612224	697294848	ft*51 ZMQbg/Reaper*3 ZMQbg/IO/0*3 
2026-09-28T12:43:38+04:00	ck9c-mirror-256k	4	2652145	2651562	1	12832768	5939200	python3*1 
2026-09-28T12:43:38+04:00	ck9c-mirror-256k	4	2652146	2651562	45	17140682752	16531980288	python3*36 pt_gloo_runloop*2 ZMQbg/Reaper*2 ZMQbg/IO/0*2 pt_tcpstore_uv*1 cuda0000240000a*1 
2026-09-28T12:43:38+04:00	ck9c-mirror-256k	4	2652147	2651562	57	917995520	642822144	python3*49 ZMQbg/Reaper*4 ZMQbg/IO/0*4 
2026-09-28T12:43:48+04:00	ck9c-mirror-256k	4	2651545	363	2	24666112	6053888	uv*1 main2*1 
2026-09-28T12:43:48+04:00	ck9c-mirror-256k	4	2651562	2651545	57	978612224	697294848	ft*51 ZMQbg/Reaper*3 ZMQbg/IO/0*3 
2026-09-28T12:43:48+04:00	ck9c-mirror-256k	4	2652145	2651562	1	12832768	5939200	python3*1 
2026-09-28T12:43:48+04:00	ck9c-mirror-256k	4	2652146	2651562	45	17140682752	16531980288	python3*36 pt_gloo_runloop*2 ZMQbg/Reaper*2 ZMQbg/IO/0*2 pt_tcpstore_uv*1 cuda0000240000a*1 
2026-09-28T12:43:49+04:00	ck9c-mirror-256k	4	2652147	2651562	57	917995520	642822144	python3*49 ZMQbg/Reaper*4 ZMQbg/IO/0*4 
2026-09-28T12:43:59+04:00	ck9c-mirror-256k	4	2651545	363	2	24666112	6053888	uv*1 main2*1 
2026-09-28T12:43:59+04:00	ck9c-mirror-256k	4	2651562	2651545	57	978612224	697294848	ft*51 ZMQbg/Reaper*3 ZMQbg/IO/0*3 
2026-09-28T12:43:59+04:00	ck9c-mirror-256k	4	2652145	2651562	1	12832768	5939200	python3*1 
2026-09-28T12:43:59+04:00	ck9c-mirror-256k	4	2652146	2651562	45	17140682752	16531980288	python3*36 pt_gloo_runloop*2 ZMQbg/Reaper*2 ZMQbg/IO/0*2 pt_tcpstore_uv*1 cuda0000240000a*1 
2026-09-28T12:43:59+04:00	ck9c-mirror-256k	4	2652147	2651562	57	917995520	642822144	python3*49 ZMQbg/Reaper*4 ZMQbg/IO/0*4 
2026-09-28T12:44:09+04:00	ck9c-mirror-256k	4	2651545	363	2	24666112	6053888	uv*1 main2*1 
2026-09-28T12:44:09+04:00	ck9c-mirror-256k	4	2651562	2651545	57	978612224	697294848	ft*51 ZMQbg/Reaper*3 ZMQbg/IO/0*3 
2026-09-28T12:44:09+04:00	ck9c-mirror-256k	4	2652145	2651562	1	12832768	5939200	python3*1 
2026-09-28T12:44:09+04:00	ck9c-mirror-256k	4	2652146	2651562	45	17140682752	16531980288	python3*36 pt_gloo_runloop*2 ZMQbg/Reaper*2 ZMQbg/IO/0*2 pt_tcpstore_uv*1 cuda0000240000a*1 
2026-09-28T12:44:09+04:00	ck9c-mirror-256k	4	2652147	2651562	57	917995520	642822144	python3*49 ZMQbg/Reaper*4 ZMQbg/IO/0*4 
2026-09-28T12:44:19+04:00	ck9c-mirror-256k	4	2651545	363	2	24666112	6053888	uv*1 main2*1 
2026-09-28T12:44:19+04:00	ck9c-mirror-256k	4	2651562	2651545	57	978612224	697294848	ft*51 ZMQbg/Reaper*3 ZMQbg/IO/0*3 
2026-09-28T12:44:19+04:00	ck9c-mirror-256k	4	2652145	2651562	1	12832768	5939200	python3*1 
2026-09-28T12:44:19+04:00	ck9c-mirror-256k	4	2652146	2651562	45	17140682752	16531980288	python3*36 pt_gloo_runloop*2 ZMQbg/Reaper*2 ZMQbg/IO/0*2 pt_tcpstore_uv*1 cuda0000240000a*1 
2026-09-28T12:44:19+04:00	ck9c-mirror-256k	4	2652147	2651562	57	917995520	642822144	python3*49 ZMQbg/Reaper*4 ZMQbg/IO/0*4 
2026-09-28T12:44:29+04:00	ck9c-mirror-256k	4	2651545	363	2	24666112	6053888	uv*1 main2*1 
2026-09-28T12:44:29+04:00	ck9c-mirror-256k	4	2651562	2651545	57	978612224	697294848	ft*51 ZMQbg/Reaper*3 ZMQbg/IO/0*3 
2026-09-28T12:44:29+04:00	ck9c-mirror-256k	4	2652145	2651562	1	12832768	5939200	python3*1 
2026-09-28T12:44:29+04:00	ck9c-mirror-256k	4	2652146	2651562	45	17140682752	16531980288	python3*36 pt_gloo_runloop*2 ZMQbg/Reaper*2 ZMQbg/IO/0*2 pt_tcpstore_uv*1 cuda0000240000a*1 
2026-09-28T12:44:30+04:00	ck9c-mirror-256k	4	2652147	2651562	57	917995520	642822144	python3*49 ZMQbg/Reaper*4 ZMQbg/IO/0*4 
2026-09-28T12:44:40+04:00	ck9c-mirror-256k	4	2651545	363	2	24666112	6053888	uv*1 main2*1 
2026-09-28T12:44:40+04:00	ck9c-mirror-256k	4	2651562	2651545	57	978612224	697294848	ft*51 ZMQbg/Reaper*3 ZMQbg/IO/0*3 
2026-09-28T12:44:40+04:00	ck9c-mirror-256k	4	2652145	2651562	1	12832768	5939200	python3*1 
2026-09-28T12:44:40+04:00	ck9c-mirror-256k	4	2652146	2651562	45	17140682752	16531980288	python3*36 pt_gloo_runloop*2 ZMQbg/Reaper*2 ZMQbg/IO/0*2 pt_tcpstore_uv*1 cuda0000240000a*1 
2026-09-28T12:44:40+04:00	ck9c-mirror-256k	4	2652147	2651562	57	917995520	642822144	python3*49 ZMQbg/Reaper*4 ZMQbg/IO/0*4 
2026-09-28T12:44:50+04:00	ck9c-mirror-256k	4	2651545	363	2	24666112	6053888	uv*1 main2*1 
2026-09-28T12:44:50+04:00	ck9c-mirror-256k	4	2651562	2651545	57	978612224	697294848	ft*51 ZMQbg/Reaper*3 ZMQbg/IO/0*3 
2026-09-28T12:44:50+04:00	ck9c-mirror-256k	4	2652145	2651562	1	12832768	5939200	python3*1 
2026-09-28T12:44:50+04:00	ck9c-mirror-256k	4	2652146	2651562	45	17140719616	16532017152	python3*36 pt_gloo_runloop*2 ZMQbg/Reaper*2 ZMQbg/IO/0*2 pt_tcpstore_uv*1 cuda0000240000a*1 
2026-09-28T12:44:50+04:00	ck9c-mirror-256k	4	2652147	2651562	57	917995520	642822144	python3*49 ZMQbg/Reaper*4 ZMQbg/IO/0*4 
2026-09-28T12:45:00+04:00	ck9c-mirror-256k	4	2651545	363	2	24666112	6053888	uv*1 main2*1 
2026-09-28T12:45:00+04:00	ck9c-mirror-256k	4	2651562	2651545	57	978612224	697294848	ft*51 ZMQbg/Reaper*3 ZMQbg/IO/0*3 
2026-09-28T12:45:00+04:00	ck9c-mirror-256k	4	2652145	2651562	1	12832768	5939200	python3*1 
2026-09-28T12:45:00+04:00	ck9c-mirror-256k	4	2652146	2651562	45	17140826112	16532123648	python3*36 pt_gloo_runloop*2 ZMQbg/Reaper*2 ZMQbg/IO/0*2 pt_tcpstore_uv*1 cuda0000240000a*1 
2026-09-28T12:45:00+04:00	ck9c-mirror-256k	4	2652147	2651562	57	917995520	642822144	python3*49 ZMQbg/Reaper*4 ZMQbg/IO/0*4 
2026-09-28T12:45:10+04:00	ck9c-mirror-256k	4	2651545	363	2	24666112	6053888	uv*1 main2*1 
2026-09-28T12:45:10+04:00	ck9c-mirror-256k	4	2651562	2651545	57	978612224	697294848	ft*51 ZMQbg/Reaper*3 ZMQbg/IO/0*3 
2026-09-28T12:45:10+04:00	ck9c-mirror-256k	4	2652145	2651562	1	12832768	5939200	python3*1 
2026-09-28T12:45:10+04:00	ck9c-mirror-256k	4	2652146	2651562	45	17141731328	16533028864	python3*36 pt_gloo_runloop*2 ZMQbg/Reaper*2 ZMQbg/IO/0*2 pt_tcpstore_uv*1 cuda0000240000a*1 
2026-09-28T12:45:11+04:00	ck9c-mirror-256k	4	2652147	2651562	57	917995520	642822144	python3*49 ZMQbg/Reaper*4 ZMQbg/IO/0*4 
2026-09-28T12:45:21+04:00	ck9c-mirror-256k	4	2651545	363	2	24666112	6053888	uv*1 main2*1 
2026-09-28T12:45:21+04:00	ck9c-mirror-256k	4	2651562	2651545	57	978612224	697294848	ft*51 ZMQbg/Reaper*3 ZMQbg/IO/0*3 
2026-09-28T12:45:21+04:00	ck9c-mirror-256k	4	2652145	2651562	1	12832768	5939200	python3*1 
2026-09-28T12:45:21+04:00	ck9c-mirror-256k	4	2652146	2651562	45	17141731328	16533028864	python3*36 pt_gloo_runloop*2 ZMQbg/Reaper*2 ZMQbg/IO/0*2 pt_tcpstore_uv*1 cuda0000240000a*1 
2026-09-28T12:45:21+04:00	ck9c-mirror-256k	4	2652147	2651562	57	917995520	642822144	python3*49 ZMQbg/Reaper*4 ZMQbg/IO/0*4 
2026-09-28T12:45:31+04:00	ck9c-mirror-256k	4	2651545	363	2	24666112	6053888	uv*1 main2*1 
2026-09-28T12:45:31+04:00	ck9c-mirror-256k	4	2651562	2651545	57	978612224	697294848	ft*51 ZMQbg/Reaper*3 ZMQbg/IO/0*3 
2026-09-28T12:45:31+04:00	ck9c-mirror-256k	4	2652145	2651562	1	12832768	5939200	python3*1 
2026-09-28T12:45:31+04:00	ck9c-mirror-256k	4	2652146	2651562	45	17141731328	16533028864	python3*36 pt_gloo_runloop*2 ZMQbg/Reaper*2 ZMQbg/IO/0*2 pt_tcpstore_uv*1 cuda0000240000a*1 
2026-09-28T12:45:31+04:00	ck9c-mirror-256k	4	2652147	2651562	57	917995520	642822144	python3*49 ZMQbg/Reaper*4 ZMQbg/IO/0*4 
2026-09-28T12:45:41+04:00	ck9c-mirror-256k	4	2651545	363	2	24666112	6053888	uv*1 main2*1 
2026-09-28T12:45:41+04:00	ck9c-mirror-256k	4	2651562	2651545	57	978612224	697294848	ft*51 ZMQbg/Reaper*3 ZMQbg/IO/0*3 
2026-09-28T12:45:41+04:00	ck9c-mirror-256k	4	2652145	2651562	1	12832768	5939200	python3*1 
2026-09-28T12:45:41+04:00	ck9c-mirror-256k	4	2652146	2651562	45	17141731328	16533028864	python3*36 pt_gloo_runloop*2 ZMQbg/Reaper*2 ZMQbg/IO/0*2 pt_tcpstore_uv*1 cuda0000240000a*1 
2026-09-28T12:45:41+04:00	ck9c-mirror-256k	4	2652147	2651562	57	917995520	642822144	python3*49 ZMQbg/Reaper*4 ZMQbg/IO/0*4 
2026-09-28T12:45:51+04:00	ck9c-mirror-256k	4	2651545	363	2	24666112	6053888	uv*1 main2*1 
2026-09-28T12:45:51+04:00	ck9c-mirror-256k	4	2651562	2651545	57	978612224	697294848	ft*51 ZMQbg/Reaper*3 ZMQbg/IO/0*3 
2026-09-28T12:45:51+04:00	ck9c-mirror-256k	4	2652145	2651562	1	12832768	5939200	python3*1 
2026-09-28T12:45:51+04:00	ck9c-mirror-256k	4	2652146	2651562	45	17141731328	16533028864	python3*36 pt_gloo_runloop*2 ZMQbg/Reaper*2 ZMQbg/IO/0*2 pt_tcpstore_uv*1 cuda0000240000a*1 
2026-09-28T12:45:52+04:00	ck9c-mirror-256k	4	2652147	2651562	57	917995520	642822144	python3*49 ZMQbg/Reaper*4 ZMQbg/IO/0*4 
2026-09-28T12:46:02+04:00	ck9c-mirror-256k	4	2651545	363	2	24666112	6053888	uv*1 main2*1 
2026-09-28T12:46:02+04:00	ck9c-mirror-256k	4	2651562	2651545	57	978612224	697294848	ft*51 ZMQbg/Reaper*3 ZMQbg/IO/0*3 
2026-09-28T12:46:02+04:00	ck9c-mirror-256k	4	2652145	2651562	1	12832768	5939200	python3*1 
2026-09-28T12:46:02+04:00	ck9c-mirror-256k	4	2652146	2651562	45	17141731328	16533028864	python3*36 pt_gloo_runloop*2 ZMQbg/Reaper*2 ZMQbg/IO/0*2 pt_tcpstore_uv*1 cuda0000240000a*1 
2026-09-28T12:46:02+04:00	ck9c-mirror-256k	4	2652147	2651562	57	917995520	642822144	python3*49 ZMQbg/Reaper*4 ZMQbg/IO/0*4 
2026-09-28T12:46:12+04:00	ck9c-mirror-256k	4	2651545	363	2	24666112	6053888	uv*1 main2*1 
2026-09-28T12:46:12+04:00	ck9c-mirror-256k	4	2651562	2651545	57	978612224	697294848	ft*51 ZMQbg/Reaper*3 ZMQbg/IO/0*3 
2026-09-28T12:46:12+04:00	ck9c-mirror-256k	4	2652145	2651562	1	12832768	5939200	python3*1 
2026-09-28T12:46:12+04:00	ck9c-mirror-256k	4	2652146	2651562	45	17141821440	16533118976	python3*36 pt_gloo_runloop*2 ZMQbg/Reaper*2 ZMQbg/IO/0*2 pt_tcpstore_uv*1 cuda0000240000a*1 
2026-09-28T12:46:12+04:00	ck9c-mirror-256k	4	2652147	2651562	57	917995520	642822144	python3*49 ZMQbg/Reaper*4 ZMQbg/IO/0*4 
2026-09-28T12:46:22+04:00	ck9c-mirror-256k	4	2651545	363	2	24666112	6053888	uv*1 main2*1 
2026-09-28T12:46:22+04:00	ck9c-mirror-256k	4	2651562	2651545	57	978612224	697294848	ft*51 ZMQbg/Reaper*3 ZMQbg/IO/0*3 
2026-09-28T12:46:22+04:00	ck9c-mirror-256k	4	2652145	2651562	1	12832768	5939200	python3*1 
2026-09-28T12:46:22+04:00	ck9c-mirror-256k	4	2652146	2651562	45	17141915648	16533213184	python3*36 pt_gloo_runloop*2 ZMQbg/Reaper*2 ZMQbg/IO/0*2 pt_tcpstore_uv*1 cuda0000240000a*1 
2026-09-28T12:46:22+04:00	ck9c-mirror-256k	4	2652147	2651562	57	917995520	642822144	python3*49 ZMQbg/Reaper*4 ZMQbg/IO/0*4 
2026-09-28T12:46:32+04:00	ck9c-mirror-256k	4	2651545	363	2	24666112	6053888	uv*1 main2*1 
2026-09-28T12:46:32+04:00	ck9c-mirror-256k	4	2651562	2651545	57	978612224	697294848	ft*51 ZMQbg/Reaper*3 ZMQbg/IO/0*3 
2026-09-28T12:46:32+04:00	ck9c-mirror-256k	4	2652145	2651562	1	12832768	5939200	python3*1 
2026-09-28T12:46:32+04:00	ck9c-mirror-256k	4	2652146	2651562	45	17142013952	16533311488	python3*36 pt_gloo_runloop*2 ZMQbg/Reaper*2 ZMQbg/IO/0*2 pt_tcpstore_uv*1 cuda0000240000a*1 
2026-09-28T12:46:33+04:00	ck9c-mirror-256k	4	2652147	2651562	57	917995520	642822144	python3*49 ZMQbg/Reaper*4 ZMQbg/IO/0*4 
2026-09-28T12:46:43+04:00	ck9c-mirror-256k	4	2651545	363	2	24666112	6053888	uv*1 main2*1 
2026-09-28T12:46:43+04:00	ck9c-mirror-256k	4	2651562	2651545	57	978612224	697294848	ft*51 ZMQbg/Reaper*3 ZMQbg/IO/0*3 
2026-09-28T12:46:43+04:00	ck9c-mirror-256k	4	2652145	2651562	1	12832768	5939200	python3*1 
2026-09-28T12:46:43+04:00	ck9c-mirror-256k	4	2652146	2651562	45	17142108160	16533405696	python3*36 pt_gloo_runloop*2 ZMQbg/Reaper*2 ZMQbg/IO/0*2 pt_tcpstore_uv*1 cuda0000240000a*1 
2026-09-28T12:46:43+04:00	ck9c-mirror-256k	4	2652147	2651562	57	917995520	642822144	python3*49 ZMQbg/Reaper*4 ZMQbg/IO/0*4 
2026-09-28T12:46:53+04:00	ck9c-mirror-256k	4	2651545	363	2	24666112	6053888	uv*1 main2*1 
2026-09-28T12:46:53+04:00	ck9c-mirror-256k	4	2651562	2651545	57	978612224	697294848	ft*51 ZMQbg/Reaper*3 ZMQbg/IO/0*3 
2026-09-28T12:46:53+04:00	ck9c-mirror-256k	4	2652145	2651562	1	12832768	5939200	python3*1 
2026-09-28T12:46:53+04:00	ck9c-mirror-256k	4	2652146	2651562	45	17142218752	16533516288	python3*36 pt_gloo_runloop*2 ZMQbg/Reaper*2 ZMQbg/IO/0*2 pt_tcpstore_uv*1 cuda0000240000a*1 
2026-09-28T12:46:53+04:00	ck9c-mirror-256k	4	2652147	2651562	57	917995520	642822144	python3*49 ZMQbg/Reaper*4 ZMQbg/IO/0*4 
2026-09-28T12:47:03+04:00	ck9c-mirror-256k	4	2651545	363	2	24666112	6053888	uv*1 main2*1 
2026-09-28T12:47:03+04:00	ck9c-mirror-256k	4	2651562	2651545	57	978612224	697294848	ft*51 ZMQbg/Reaper*3 ZMQbg/IO/0*3 
2026-09-28T12:47:03+04:00	ck9c-mirror-256k	4	2652145	2651562	1	12832768	5939200	python3*1 
2026-09-28T12:47:03+04:00	ck9c-mirror-256k	4	2652146	2651562	45	17142312960	16533610496	python3*36 pt_gloo_runloop*2 ZMQbg/Reaper*2 ZMQbg/IO/0*2 pt_tcpstore_uv*1 cuda0000240000a*1 
2026-09-28T12:47:03+04:00	ck9c-mirror-256k	4	2652147	2651562	57	917995520	642822144	python3*49 ZMQbg/Reaper*4 ZMQbg/IO/0*4 
2026-09-28T12:47:14+04:00	ck9c-mirror-256k	4	2651545	363	2	24666112	6053888	uv*1 main2*1 
2026-09-28T12:47:14+04:00	ck9c-mirror-256k	4	2651562	2651545	57	978612224	697294848	ft*51 ZMQbg/Reaper*3 ZMQbg/IO/0*3 
2026-09-28T12:47:14+04:00	ck9c-mirror-256k	4	2652145	2651562	1	12832768	5939200	python3*1 
2026-09-28T12:47:14+04:00	ck9c-mirror-256k	4	2652146	2651562	45	17142394880	16533692416	python3*36 pt_gloo_runloop*2 ZMQbg/Reaper*2 ZMQbg/IO/0*2 pt_tcpstore_uv*1 cuda0000240000a*1 
2026-09-28T12:47:14+04:00	ck9c-mirror-256k	4	2652147	2651562	57	917995520	642822144	python3*49 ZMQbg/Reaper*4 ZMQbg/IO/0*4 
2026-09-28T12:47:24+04:00	ck9c-mirror-256k	4	2651545	363	2	24666112	6053888	uv*1 main2*1 
2026-09-28T12:47:24+04:00	ck9c-mirror-256k	4	2651562	2651545	57	978612224	697294848	ft*51 ZMQbg/Reaper*3 ZMQbg/IO/0*3 
2026-09-28T12:47:24+04:00	ck9c-mirror-256k	4	2652145	2651562	1	12832768	5939200	python3*1 
2026-09-28T12:47:24+04:00	ck9c-mirror-256k	4	2652146	2651562	45	17142509568	16533807104	python3*36 pt_gloo_runloop*2 ZMQbg/Reaper*2 ZMQbg/IO/0*2 pt_tcpstore_uv*1 cuda0000240000a*1 
2026-09-28T12:47:24+04:00	ck9c-mirror-256k	4	2652147	2651562	57	917995520	642822144	python3*49 ZMQbg/Reaper*4 ZMQbg/IO/0*4 
2026-09-28T12:47:34+04:00	ck9c-mirror-256k	4	2651545	363	2	24666112	6053888	uv*1 main2*1 
2026-09-28T12:47:34+04:00	ck9c-mirror-256k	4	2651562	2651545	57	978612224	697294848	ft*51 ZMQbg/Reaper*3 ZMQbg/IO/0*3 
2026-09-28T12:47:34+04:00	ck9c-mirror-256k	4	2652145	2651562	1	12832768	5939200	python3*1 
2026-09-28T12:47:34+04:00	ck9c-mirror-256k	4	2652146	2651562	45	17142603776	16533901312	python3*36 pt_gloo_runloop*2 ZMQbg/Reaper*2 ZMQbg/IO/0*2 pt_tcpstore_uv*1 cuda0000240000a*1 
2026-09-28T12:47:34+04:00	ck9c-mirror-256k	4	2652147	2651562	57	917995520	642822144	python3*49 ZMQbg/Reaper*4 ZMQbg/IO/0*4 
2026-09-28T12:47:44+04:00	ck9c-mirror-256k	4	2651545	363	2	24666112	6053888	uv*1 main2*1 
2026-09-28T12:47:44+04:00	ck9c-mirror-256k	4	2651562	2651545	57	978612224	697294848	ft*51 ZMQbg/Reaper*3 ZMQbg/IO/0*3 
2026-09-28T12:47:44+04:00	ck9c-mirror-256k	4	2652145	2651562	1	12832768	5939200	python3*1 
2026-09-28T12:47:44+04:00	ck9c-mirror-256k	4	2652146	2651562	45	17142702080	16533999616	python3*36 pt_gloo_runloop*2 ZMQbg/Reaper*2 ZMQbg/IO/0*2 pt_tcpstore_uv*1 cuda0000240000a*1 
2026-09-28T12:47:44+04:00	ck9c-mirror-256k	4	2652147	2651562	57	917995520	642822144	python3*49 ZMQbg/Reaper*4 ZMQbg/IO/0*4 
2026-09-28T12:47:55+04:00	ck9c-mirror-256k	4	2651545	363	2	24666112	6053888	uv*1 main2*1 
2026-09-28T12:47:55+04:00	ck9c-mirror-256k	4	2651562	2651545	57	978612224	697294848	ft*51 ZMQbg/Reaper*3 ZMQbg/IO/0*3 
2026-09-28T12:47:55+04:00	ck9c-mirror-256k	4	2652145	2651562	1	12832768	5939200	python3*1 
2026-09-28T12:47:55+04:00	ck9c-mirror-256k	4	2652146	2651562	45	17142800384	16534097920	python3*36 pt_gloo_runloop*2 ZMQbg/Reaper*2 ZMQbg/IO/0*2 pt_tcpstore_uv*1 cuda0000240000a*1 
2026-09-28T12:47:55+04:00	ck9c-mirror-256k	4	2652147	2651562	57	917995520	642822144	python3*49 ZMQbg/Reaper*4 ZMQbg/IO/0*4 
2026-09-28T12:48:05+04:00	ck9c-mirror-256k	4	2651545	363	2	24666112	6053888	uv*1 main2*1 
2026-09-28T12:48:05+04:00	ck9c-mirror-256k	4	2651562	2651545	57	978612224	697294848	ft*51 ZMQbg/Reaper*3 ZMQbg/IO/0*3 
2026-09-28T12:48:05+04:00	ck9c-mirror-256k	4	2652145	2651562	1	12832768	5939200	python3*1 
2026-09-28T12:48:05+04:00	ck9c-mirror-256k	4	2652146	2651562	45	17142878208	16534192128	python3*36 pt_gloo_runloop*2 ZMQbg/Reaper*2 ZMQbg/IO/0*2 pt_tcpstore_uv*1 cuda0000240000a*1 
2026-09-28T12:48:05+04:00	ck9c-mirror-256k	4	2652147	2651562	57	917995520	642822144	python3*49 ZMQbg/Reaper*4 ZMQbg/IO/0*4 
2026-09-28T12:48:15+04:00	ck9c-mirror-256k	4	2651545	363	2	24666112	6053888	uv*1 main2*1 
2026-09-28T12:48:15+04:00	ck9c-mirror-256k	4	2651562	2651545	57	978612224	697294848	ft*51 ZMQbg/Reaper*3 ZMQbg/IO/0*3 
2026-09-28T12:48:15+04:00	ck9c-mirror-256k	4	2652145	2651562	1	12832768	5939200	python3*1 
2026-09-28T12:48:15+04:00	ck9c-mirror-256k	4	2652146	2651562	45	17142996992	16534294528	python3*36 pt_gloo_runloop*2 ZMQbg/Reaper*2 ZMQbg/IO/0*2 pt_tcpstore_uv*1 cuda0000240000a*1 
2026-09-28T12:48:15+04:00	ck9c-mirror-256k	4	2652147	2651562	57	917995520	642822144	python3*49 ZMQbg/Reaper*4 ZMQbg/IO/0*4 
2026-09-28T12:48:25+04:00	ck9c-mirror-256k	4	2651545	363	2	24666112	6053888	uv*1 main2*1 
2026-09-28T12:48:25+04:00	ck9c-mirror-256k	4	2651562	2651545	57	978612224	697294848	ft*51 ZMQbg/Reaper*3 ZMQbg/IO/0*3 
2026-09-28T12:48:25+04:00	ck9c-mirror-256k	4	2652145	2651562	1	12832768	5939200	python3*1 
2026-09-28T12:48:25+04:00	ck9c-mirror-256k	4	2652146	2651562	45	17143091200	16534388736	python3*36 pt_gloo_runloop*2 ZMQbg/Reaper*2 ZMQbg/IO/0*2 pt_tcpstore_uv*1 cuda0000240000a*1 
2026-09-28T12:48:25+04:00	ck9c-mirror-256k	4	2652147	2651562	57	917995520	642822144	python3*49 ZMQbg/Reaper*4 ZMQbg/IO/0*4 
2026-09-28T12:48:36+04:00	ck9c-mirror-256k	4	2651545	363	2	24666112	6053888	uv*1 main2*1 
2026-09-28T12:48:36+04:00	ck9c-mirror-256k	4	2651562	2651545	57	978612224	697294848	ft*51 ZMQbg/Reaper*3 ZMQbg/IO/0*3 
2026-09-28T12:48:36+04:00	ck9c-mirror-256k	4	2652145	2651562	1	12832768	5939200	python3*1 
2026-09-28T12:48:36+04:00	ck9c-mirror-256k	4	2652146	2651562	45	17143197696	16534495232	python3*36 pt_gloo_runloop*2 ZMQbg/Reaper*2 ZMQbg/IO/0*2 pt_tcpstore_uv*1 cuda0000240000a*1 
2026-09-28T12:48:36+04:00	ck9c-mirror-256k	4	2652147	2651562	57	917995520	642822144	python3*49 ZMQbg/Reaper*4 ZMQbg/IO/0*4 
2026-09-28T12:48:46+04:00	ck9c-mirror-256k	4	2651545	363	2	24666112	6053888	uv*1 main2*1 
2026-09-28T12:48:46+04:00	ck9c-mirror-256k	4	2651562	2651545	57	978612224	697294848	ft*51 ZMQbg/Reaper*3 ZMQbg/IO/0*3 
2026-09-28T12:48:46+04:00	ck9c-mirror-256k	4	2652145	2651562	1	12832768	5939200	python3*1 
2026-09-28T12:48:46+04:00	ck9c-mirror-256k	4	2652146	2651562	45	17143316480	16534614016	python3*36 pt_gloo_runloop*2 ZMQbg/Reaper*2 ZMQbg/IO/0*2 pt_tcpstore_uv*1 cuda0000240000a*1 
2026-09-28T12:48:46+04:00	ck9c-mirror-256k	4	2652147	2651562	57	917995520	642822144	python3*49 ZMQbg/Reaper*4 ZMQbg/IO/0*4 
2026-09-28T12:48:56+04:00	ck9c-mirror-256k	4	2651545	363	2	24666112	6053888	uv*1 main2*1 
2026-09-28T12:48:56+04:00	ck9c-mirror-256k	4	2651562	2651545	57	978612224	697294848	ft*51 ZMQbg/Reaper*3 ZMQbg/IO/0*3 
2026-09-28T12:48:56+04:00	ck9c-mirror-256k	4	2652145	2651562	1	12832768	5939200	python3*1 
2026-09-28T12:48:56+04:00	ck9c-mirror-256k	4	2652146	2651562	45	17143402496	16534700032	python3*36 pt_gloo_runloop*2 ZMQbg/Reaper*2 ZMQbg/IO/0*2 pt_tcpstore_uv*1 cuda0000240000a*1 
2026-09-28T12:48:56+04:00	ck9c-mirror-256k	4	2652147	2651562	57	917995520	642822144	python3*49 ZMQbg/Reaper*4 ZMQbg/IO/0*4 
2026-09-28T12:49:06+04:00	ck9c-mirror-256k	4	2651545	363	2	24666112	6053888	uv*1 main2*1 
2026-09-28T12:49:06+04:00	ck9c-mirror-256k	4	2651562	2651545	57	978612224	697294848	ft*51 ZMQbg/Reaper*3 ZMQbg/IO/0*3 
2026-09-28T12:49:06+04:00	ck9c-mirror-256k	4	2652145	2651562	1	12832768	5939200	python3*1 
2026-09-28T12:49:06+04:00	ck9c-mirror-256k	4	2652146	2651562	45	17143529472	16534827008	python3*36 pt_gloo_runloop*2 ZMQbg/Reaper*2 ZMQbg/IO/0*2 pt_tcpstore_uv*1 cuda0000240000a*1 
2026-09-28T12:49:06+04:00	ck9c-mirror-256k	4	2652147	2651562	57	917995520	642822144	python3*49 ZMQbg/Reaper*4 ZMQbg/IO/0*4 
2026-09-28T12:49:17+04:00	ck9c-mirror-256k	4	2651545	363	2	24666112	6053888	uv*1 main2*1 
2026-09-28T12:49:17+04:00	ck9c-mirror-256k	4	2651562	2651545	57	979673088	698355712	ft*51 ZMQbg/Reaper*3 ZMQbg/IO/0*3 
2026-09-28T12:49:17+04:00	ck9c-mirror-256k	4	2652145	2651562	1	12832768	5939200	python3*1 
2026-09-28T12:49:17+04:00	ck9c-mirror-256k	4	2652146	2651562	45	17144832000	16536129536	python3*36 pt_gloo_runloop*2 ZMQbg/Reaper*2 ZMQbg/IO/0*2 pt_tcpstore_uv*1 cuda0000240000a*1 
2026-09-28T12:49:17+04:00	ck9c-mirror-256k	4	2652147	2651562	57	917995520	642822144	python3*49 ZMQbg/Reaper*4 ZMQbg/IO/0*4 
2026-09-28T12:49:27+04:00	ck9c-mirror-256k	4	2651545	363	2	24666112	6053888	uv*1 main2*1 
2026-09-28T12:49:27+04:00	ck9c-mirror-256k	4	2651562	2651545	57	979673088	698355712	ft*51 ZMQbg/Reaper*3 ZMQbg/IO/0*3 
2026-09-28T12:49:27+04:00	ck9c-mirror-256k	4	2652145	2651562	1	12832768	5939200	python3*1 
2026-09-28T12:49:27+04:00	ck9c-mirror-256k	4	2652146	2651562	45	17144832000	16536129536	python3*36 pt_gloo_runloop*2 ZMQbg/Reaper*2 ZMQbg/IO/0*2 pt_tcpstore_uv*1 cuda0000240000a*1 
2026-09-28T12:49:27+04:00	ck9c-mirror-256k	4	2652147	2651562	57	917995520	642822144	python3*49 ZMQbg/Reaper*4 ZMQbg/IO/0*4 
2026-09-28T12:49:37+04:00	ck9c-mirror-256k	4	2651545	363	2	24666112	6053888	uv*1 main2*1 
2026-09-28T12:49:37+04:00	ck9c-mirror-256k	4	2651562	2651545	57	979673088	698355712	ft*51 ZMQbg/Reaper*3 ZMQbg/IO/0*3 
2026-09-28T12:49:37+04:00	ck9c-mirror-256k	4	2652145	2651562	1	12832768	5939200	python3*1 
2026-09-28T12:49:37+04:00	ck9c-mirror-256k	4	2652146	2651562	45	17144836096	16536133632	python3*36 pt_gloo_runloop*2 ZMQbg/Reaper*2 ZMQbg/IO/0*2 pt_tcpstore_uv*1 cuda0000240000a*1 
2026-09-28T12:49:37+04:00	ck9c-mirror-256k	4	2652147	2651562	57	917995520	642822144	python3*49 ZMQbg/Reaper*4 ZMQbg/IO/0*4 
2026-09-28T12:49:47+04:00	ck9c-mirror-256k	4	2651545	363	2	24666112	6053888	uv*1 main2*1 
2026-09-28T12:49:47+04:00	ck9c-mirror-256k	4	2651562	2651545	57	979673088	698355712	ft*51 ZMQbg/Reaper*3 ZMQbg/IO/0*3 
2026-09-28T12:49:47+04:00	ck9c-mirror-256k	4	2652145	2651562	1	12832768	5939200	python3*1 
2026-09-28T12:49:47+04:00	ck9c-mirror-256k	4	2652146	2651562	45	17144836096	16536133632	python3*36 pt_gloo_runloop*2 ZMQbg/Reaper*2 ZMQbg/IO/0*2 pt_tcpstore_uv*1 cuda0000240000a*1 
2026-09-28T12:49:47+04:00	ck9c-mirror-256k	4	2652147	2651562	57	917995520	642822144	python3*49 ZMQbg/Reaper*4 ZMQbg/IO/0*4 
2026-09-28T12:49:58+04:00	ck9c-mirror-256k	4	2651545	363	2	24666112	6053888	uv*1 main2*1 
2026-09-28T12:49:58+04:00	ck9c-mirror-256k	4	2651562	2651545	57	979673088	698355712	ft*51 ZMQbg/Reaper*3 ZMQbg/IO/0*3 
2026-09-28T12:49:58+04:00	ck9c-mirror-256k	4	2652145	2651562	1	12832768	5939200	python3*1 
2026-09-28T12:49:58+04:00	ck9c-mirror-256k	4	2652146	2651562	45	17144836096	16536133632	python3*36 pt_gloo_runloop*2 ZMQbg/Reaper*2 ZMQbg/IO/0*2 pt_tcpstore_uv*1 cuda0000240000a*1 
2026-09-28T12:49:58+04:00	ck9c-mirror-256k	4	2652147	2651562	57	917995520	642822144	python3*49 ZMQbg/Reaper*4 ZMQbg/IO/0*4 
2026-09-28T12:50:08+04:00	ck9c-mirror-256k	4	2651545	363	2	24666112	6053888	uv*1 main2*1 
2026-09-28T12:50:08+04:00	ck9c-mirror-256k	4	2651562	2651545	57	979673088	698355712	ft*51 ZMQbg/Reaper*3 ZMQbg/IO/0*3 
2026-09-28T12:50:08+04:00	ck9c-mirror-256k	4	2652145	2651562	1	12832768	5939200	python3*1 
2026-09-28T12:50:08+04:00	ck9c-mirror-256k	4	2652146	2651562	45	17144840192	16536137728	python3*36 pt_gloo_runloop*2 ZMQbg/Reaper*2 ZMQbg/IO/0*2 pt_tcpstore_uv*1 cuda0000240000a*1 
2026-09-28T12:50:08+04:00	ck9c-mirror-256k	4	2652147	2651562	57	917995520	642822144	python3*49 ZMQbg/Reaper*4 ZMQbg/IO/0*4 
2026-09-28T12:50:18+04:00	ck9c-mirror-256k	4	2651545	363	2	24666112	6053888	uv*1 main2*1 
2026-09-28T12:50:18+04:00	ck9c-mirror-256k	4	2651562	2651545	57	979673088	698355712	ft*51 ZMQbg/Reaper*3 ZMQbg/IO/0*3 
2026-09-28T12:50:18+04:00	ck9c-mirror-256k	4	2652145	2651562	1	12832768	5939200	python3*1 
2026-09-28T12:50:18+04:00	ck9c-mirror-256k	4	2652146	2651562	45	17144840192	16536137728	python3*36 pt_gloo_runloop*2 ZMQbg/Reaper*2 ZMQbg/IO/0*2 pt_tcpstore_uv*1 cuda0000240000a*1 
2026-09-28T12:50:18+04:00	ck9c-mirror-256k	4	2652147	2651562	57	917995520	642822144	python3*49 ZMQbg/Reaper*4 ZMQbg/IO/0*4 
2026-09-28T12:50:28+04:00	ck9c-mirror-256k	4	2651545	363	2	24666112	6053888	uv*1 main2*1 
2026-09-28T12:50:28+04:00	ck9c-mirror-256k	4	2651562	2651545	57	979673088	698355712	ft*51 ZMQbg/Reaper*3 ZMQbg/IO/0*3 
2026-09-28T12:50:28+04:00	ck9c-mirror-256k	4	2652145	2651562	1	12832768	5939200	python3*1 
2026-09-28T12:50:28+04:00	ck9c-mirror-256k	4	2652146	2651562	45	17144848384	16536145920	python3*36 pt_gloo_runloop*2 ZMQbg/Reaper*2 ZMQbg/IO/0*2 pt_tcpstore_uv*1 cuda0000240000a*1 
2026-09-28T12:50:28+04:00	ck9c-mirror-256k	4	2652147	2651562	57	917995520	642822144	python3*49 ZMQbg/Reaper*4 ZMQbg/IO/0*4 
2026-09-28T12:50:39+04:00	ck9c-mirror-256k	4	2651545	363	2	24666112	6053888	uv*1 main2*1 
2026-09-28T12:50:39+04:00	ck9c-mirror-256k	4	2651562	2651545	57	979673088	698355712	ft*51 ZMQbg/Reaper*3 ZMQbg/IO/0*3 
2026-09-28T12:50:39+04:00	ck9c-mirror-256k	4	2652145	2651562	1	12832768	5939200	python3*1 
2026-09-28T12:50:39+04:00	ck9c-mirror-256k	4	2652146	2651562	45	17144848384	16536145920	python3*36 pt_gloo_runloop*2 ZMQbg/Reaper*2 ZMQbg/IO/0*2 pt_tcpstore_uv*1 cuda0000240000a*1 
2026-09-28T12:50:39+04:00	ck9c-mirror-256k	4	2652147	2651562	57	917995520	642822144	python3*49 ZMQbg/Reaper*4 ZMQbg/IO/0*4 
2026-09-28T12:50:49+04:00	ck9c-mirror-256k	4	2651545	363	2	24666112	6053888	uv*1 main2*1 
2026-09-28T12:50:49+04:00	ck9c-mirror-256k	4	2651562	2651545	57	979673088	698355712	ft*51 ZMQbg/Reaper*3 ZMQbg/IO/0*3 
2026-09-28T12:50:49+04:00	ck9c-mirror-256k	4	2652145	2651562	1	12832768	5939200	python3*1 
2026-09-28T12:50:49+04:00	ck9c-mirror-256k	4	2652146	2651562	45	17144848384	16536145920	python3*36 pt_gloo_runloop*2 ZMQbg/Reaper*2 ZMQbg/IO/0*2 pt_tcpstore_uv*1 cuda0000240000a*1 
2026-09-28T12:50:49+04:00	ck9c-mirror-256k	4	2652147	2651562	57	917995520	642822144	python3*49 ZMQbg/Reaper*4 ZMQbg/IO/0*4 
2026-09-28T12:50:59+04:00	ck9c-mirror-256k	4	2651545	363	2	24666112	6053888	uv*1 main2*1 
2026-09-28T12:50:59+04:00	ck9c-mirror-256k	4	2651562	2651545	57	979673088	698355712	ft*51 ZMQbg/Reaper*3 ZMQbg/IO/0*3 
2026-09-28T12:50:59+04:00	ck9c-mirror-256k	4	2652145	2651562	1	12832768	5939200	python3*1 
2026-09-28T12:50:59+04:00	ck9c-mirror-256k	4	2652146	2651562	45	17144852480	16536150016	python3*36 pt_gloo_runloop*2 ZMQbg/Reaper*2 ZMQbg/IO/0*2 pt_tcpstore_uv*1 cuda0000240000a*1 
2026-09-28T12:50:59+04:00	ck9c-mirror-256k	4	2652147	2651562	57	917995520	642822144	python3*49 ZMQbg/Reaper*4 ZMQbg/IO/0*4 
2026-09-28T12:51:09+04:00	ck9c-mirror-256k	4	2651545	363	2	24666112	6053888	uv*1 main2*1 
2026-09-28T12:51:09+04:00	ck9c-mirror-256k	4	2651562	2651545	57	979673088	698355712	ft*51 ZMQbg/Reaper*3 ZMQbg/IO/0*3 
2026-09-28T12:51:09+04:00	ck9c-mirror-256k	4	2652145	2651562	1	12832768	5939200	python3*1 
2026-09-28T12:51:09+04:00	ck9c-mirror-256k	4	2652146	2651562	45	17144852480	16536150016	python3*36 pt_gloo_runloop*2 ZMQbg/Reaper*2 ZMQbg/IO/0*2 pt_tcpstore_uv*1 cuda0000240000a*1 
2026-09-28T12:51:10+04:00	ck9c-mirror-256k	4	2652147	2651562	57	917995520	642822144	python3*49 ZMQbg/Reaper*4 ZMQbg/IO/0*4 
2026-09-28T12:51:20+04:00	ck9c-mirror-256k	4	2651545	363	2	24666112	6053888	uv*1 main2*1 
2026-09-28T12:51:20+04:00	ck9c-mirror-256k	4	2651562	2651545	57	979673088	698355712	ft*51 ZMQbg/Reaper*3 ZMQbg/IO/0*3 
2026-09-28T12:51:20+04:00	ck9c-mirror-256k	4	2652145	2651562	1	12832768	5939200	python3*1 
2026-09-28T12:51:20+04:00	ck9c-mirror-256k	4	2652146	2651562	45	17144852480	16536150016	python3*36 pt_gloo_runloop*2 ZMQbg/Reaper*2 ZMQbg/IO/0*2 pt_tcpstore_uv*1 cuda0000240000a*1 
2026-09-28T12:51:20+04:00	ck9c-mirror-256k	4	2652147	2651562	57	917995520	642822144	python3*49 ZMQbg/Reaper*4 ZMQbg/IO/0*4 
2026-09-28T12:51:30+04:00	ck9c-mirror-256k	4	2651545	363	2	24666112	6053888	uv*1 main2*1 
2026-09-28T12:51:30+04:00	ck9c-mirror-256k	4	2651562	2651545	57	979673088	698355712	ft*51 ZMQbg/Reaper*3 ZMQbg/IO/0*3 
2026-09-28T12:51:30+04:00	ck9c-mirror-256k	4	2652145	2651562	1	12832768	5939200	python3*1 
2026-09-28T12:51:30+04:00	ck9c-mirror-256k	4	2652146	2651562	45	17144852480	16536150016	python3*36 pt_gloo_runloop*2 ZMQbg/Reaper*2 ZMQbg/IO/0*2 pt_tcpstore_uv*1 cuda0000240000a*1 
2026-09-28T12:51:30+04:00	ck9c-mirror-256k	4	2652147	2651562	57	917995520	642822144	python3*49 ZMQbg/Reaper*4 ZMQbg/IO/0*4 
2026-09-28T12:51:40+04:00	ck9c-mirror-256k	4	2651545	363	2	24666112	6053888	uv*1 main2*1 
2026-09-28T12:51:40+04:00	ck9c-mirror-256k	4	2651562	2651545	57	979673088	698355712	ft*51 ZMQbg/Reaper*3 ZMQbg/IO/0*3 
2026-09-28T12:51:40+04:00	ck9c-mirror-256k	4	2652145	2651562	1	12832768	5939200	python3*1 
2026-09-28T12:51:40+04:00	ck9c-mirror-256k	4	2652146	2651562	45	17144852480	16536150016	python3*36 pt_gloo_runloop*2 ZMQbg/Reaper*2 ZMQbg/IO/0*2 pt_tcpstore_uv*1 cuda0000240000a*1 
2026-09-28T12:51:40+04:00	ck9c-mirror-256k	4	2652147	2651562	57	917995520	642822144	python3*49 ZMQbg/Reaper*4 ZMQbg/IO/0*4 
2026-09-28T12:51:50+04:00	ck9c-mirror-256k	4	2651545	363	2	24666112	6053888	uv*1 main2*1 
2026-09-28T12:51:50+04:00	ck9c-mirror-256k	4	2651562	2651545	57	979673088	698355712	ft*51 ZMQbg/Reaper*3 ZMQbg/IO/0*3 
2026-09-28T12:51:50+04:00	ck9c-mirror-256k	4	2652145	2651562	1	12832768	5939200	python3*1 
2026-09-28T12:51:50+04:00	ck9c-mirror-256k	4	2652146	2651562	45	17144897536	16536195072	python3*36 pt_gloo_runloop*2 ZMQbg/Reaper*2 ZMQbg/IO/0*2 pt_tcpstore_uv*1 cuda0000240000a*1 
2026-09-28T12:51:51+04:00	ck9c-mirror-256k	4	2652147	2651562	57	917995520	642822144	python3*49 ZMQbg/Reaper*4 ZMQbg/IO/0*4 
2026-09-28T12:52:01+04:00	ck9c-mirror-256k	4	2651545	363	2	24666112	6053888	uv*1 main2*1 
2026-09-28T12:52:01+04:00	ck9c-mirror-256k	4	2651562	2651545	57	979673088	698355712	ft*51 ZMQbg/Reaper*3 ZMQbg/IO/0*3 
2026-09-28T12:52:01+04:00	ck9c-mirror-256k	4	2652145	2651562	1	12832768	5939200	python3*1 
2026-09-28T12:52:01+04:00	ck9c-mirror-256k	4	2652146	2651562	45	17144983552	16536281088	python3*36 pt_gloo_runloop*2 ZMQbg/Reaper*2 ZMQbg/IO/0*2 pt_tcpstore_uv*1 cuda0000240000a*1 
2026-09-28T12:52:01+04:00	ck9c-mirror-256k	4	2652147	2651562	57	917995520	642822144	python3*49 ZMQbg/Reaper*4 ZMQbg/IO/0*4 
2026-09-28T12:52:11+04:00	ck9c-mirror-256k	4	2651545	363	2	24666112	6053888	uv*1 main2*1 
2026-09-28T12:52:11+04:00	ck9c-mirror-256k	4	2651562	2651545	57	979673088	698355712	ft*51 ZMQbg/Reaper*3 ZMQbg/IO/0*3 
2026-09-28T12:52:11+04:00	ck9c-mirror-256k	4	2652145	2651562	1	12832768	5939200	python3*1 
2026-09-28T12:52:11+04:00	ck9c-mirror-256k	4	2652146	2651562	45	17145073664	16536371200	python3*36 pt_gloo_runloop*2 ZMQbg/Reaper*2 ZMQbg/IO/0*2 pt_tcpstore_uv*1 cuda0000240000a*1 
2026-09-28T12:52:11+04:00	ck9c-mirror-256k	4	2652147	2651562	57	917995520	642822144	python3*49 ZMQbg/Reaper*4 ZMQbg/IO/0*4 
2026-09-28T12:52:21+04:00	ck9c-mirror-256k	4	2651545	363	2	24666112	6053888	uv*1 main2*1 
2026-09-28T12:52:21+04:00	ck9c-mirror-256k	4	2651562	2651545	57	979673088	698355712	ft*51 ZMQbg/Reaper*3 ZMQbg/IO/0*3 
2026-09-28T12:52:21+04:00	ck9c-mirror-256k	4	2652145	2651562	1	12832768	5939200	python3*1 
2026-09-28T12:52:21+04:00	ck9c-mirror-256k	4	2652146	2651562	45	17145151488	16536449024	python3*36 pt_gloo_runloop*2 ZMQbg/Reaper*2 ZMQbg/IO/0*2 pt_tcpstore_uv*1 cuda0000240000a*1 
2026-09-28T12:52:21+04:00	ck9c-mirror-256k	4	2652147	2651562	57	917995520	642822144	python3*49 ZMQbg/Reaper*4 ZMQbg/IO/0*4 
2026-09-28T12:52:31+04:00	ck9c-mirror-256k	4	2651545	363	2	24666112	6053888	uv*1 main2*1 
2026-09-28T12:52:31+04:00	ck9c-mirror-256k	4	2651562	2651545	57	979673088	698355712	ft*51 ZMQbg/Reaper*3 ZMQbg/IO/0*3 
2026-09-28T12:52:31+04:00	ck9c-mirror-256k	4	2652145	2651562	1	12832768	5939200	python3*1 
2026-09-28T12:52:31+04:00	ck9c-mirror-256k	4	2652146	2651562	45	17145241600	16536539136	python3*36 pt_gloo_runloop*2 ZMQbg/Reaper*2 ZMQbg/IO/0*2 pt_tcpstore_uv*1 cuda0000240000a*1 
2026-09-28T12:52:32+04:00	ck9c-mirror-256k	4	2652147	2651562	57	917995520	642822144	python3*49 ZMQbg/Reaper*4 ZMQbg/IO/0*4 
2026-09-28T12:52:42+04:00	ck9c-mirror-256k	4	2651545	363	2	24666112	6053888	uv*1 main2*1 
2026-09-28T12:52:42+04:00	ck9c-mirror-256k	4	2651562	2651545	57	979673088	698355712	ft*51 ZMQbg/Reaper*3 ZMQbg/IO/0*3 
2026-09-28T12:52:42+04:00	ck9c-mirror-256k	4	2652145	2651562	1	12832768	5939200	python3*1 
2026-09-28T12:52:42+04:00	ck9c-mirror-256k	4	2652146	2651562	45	17145335808	16536645632	python3*36 pt_gloo_runloop*2 ZMQbg/Reaper*2 ZMQbg/IO/0*2 pt_tcpstore_uv*1 cuda0000240000a*1 
2026-09-28T12:52:42+04:00	ck9c-mirror-256k	4	2652147	2651562	57	917995520	642822144	python3*49 ZMQbg/Reaper*4 ZMQbg/IO/0*4 
2026-09-28T12:52:52+04:00	ck9c-mirror-256k	4	2651545	363	2	24666112	6053888	uv*1 main2*1 
2026-09-28T12:52:52+04:00	ck9c-mirror-256k	4	2651562	2651545	57	979673088	698355712	ft*51 ZMQbg/Reaper*3 ZMQbg/IO/0*3 
2026-09-28T12:52:52+04:00	ck9c-mirror-256k	4	2652145	2651562	1	12832768	5939200	python3*1 
2026-09-28T12:52:52+04:00	ck9c-mirror-256k	4	2652146	2651562	45	17145434112	16536731648	python3*36 pt_gloo_runloop*2 ZMQbg/Reaper*2 ZMQbg/IO/0*2 pt_tcpstore_uv*1 cuda0000240000a*1 
2026-09-28T12:52:52+04:00	ck9c-mirror-256k	4	2652147	2651562	57	917995520	642822144	python3*49 ZMQbg/Reaper*4 ZMQbg/IO/0*4 
2026-09-28T12:53:02+04:00	ck9c-mirror-256k	4	2651545	363	2	24666112	6053888	uv*1 main2*1 
2026-09-28T12:53:02+04:00	ck9c-mirror-256k	4	2651562	2651545	57	979673088	698355712	ft*51 ZMQbg/Reaper*3 ZMQbg/IO/0*3 
2026-09-28T12:53:02+04:00	ck9c-mirror-256k	4	2652145	2651562	1	12832768	5939200	python3*1 
2026-09-28T12:53:02+04:00	ck9c-mirror-256k	4	2652146	2651562	45	17145516032	16536813568	python3*36 pt_gloo_runloop*2 ZMQbg/Reaper*2 ZMQbg/IO/0*2 pt_tcpstore_uv*1 cuda0000240000a*1 
2026-09-28T12:53:02+04:00	ck9c-mirror-256k	4	2652147	2651562	57	917995520	642822144	python3*49 ZMQbg/Reaper*4 ZMQbg/IO/0*4 
2026-09-28T12:53:12+04:00	ck9c-mirror-256k	4	2651545	363	2	24666112	6053888	uv*1 main2*1 
2026-09-28T12:53:12+04:00	ck9c-mirror-256k	4	2651562	2651545	57	979673088	698355712	ft*51 ZMQbg/Reaper*3 ZMQbg/IO/0*3 
2026-09-28T12:53:13+04:00	ck9c-mirror-256k	4	2652145	2651562	1	12832768	5939200	python3*1 
2026-09-28T12:53:13+04:00	ck9c-mirror-256k	4	2652146	2651562	45	17145610240	16536907776	python3*36 pt_gloo_runloop*2 ZMQbg/Reaper*2 ZMQbg/IO/0*2 pt_tcpstore_uv*1 cuda0000240000a*1 
2026-09-28T12:53:13+04:00	ck9c-mirror-256k	4	2652147	2651562	57	917995520	642822144	python3*49 ZMQbg/Reaper*4 ZMQbg/IO/0*4 
2026-09-28T12:53:23+04:00	ck9c-mirror-256k	4	2651545	363	2	24666112	6053888	uv*1 main2*1 
2026-09-28T12:53:23+04:00	ck9c-mirror-256k	4	2651562	2651545	57	979673088	698355712	ft*51 ZMQbg/Reaper*3 ZMQbg/IO/0*3 
2026-09-28T12:53:23+04:00	ck9c-mirror-256k	4	2652145	2651562	1	12832768	5939200	python3*1 
2026-09-28T12:53:23+04:00	ck9c-mirror-256k	4	2652146	2651562	45	17145688064	16536993792	python3*36 pt_gloo_runloop*2 ZMQbg/Reaper*2 ZMQbg/IO/0*2 pt_tcpstore_uv*1 cuda0000240000a*1 
2026-09-28T12:53:23+04:00	ck9c-mirror-256k	4	2652147	2651562	57	917995520	642822144	python3*49 ZMQbg/Reaper*4 ZMQbg/IO/0*4 
2026-09-28T12:53:33+04:00	ck9c-mirror-256k	4	2651545	363	2	24666112	6053888	uv*1 main2*1 
2026-09-28T12:53:33+04:00	ck9c-mirror-256k	4	2651562	2651545	57	979673088	698355712	ft*51 ZMQbg/Reaper*3 ZMQbg/IO/0*3 
2026-09-28T12:53:33+04:00	ck9c-mirror-256k	4	2652145	2651562	1	12832768	5939200	python3*1 
2026-09-28T12:53:33+04:00	ck9c-mirror-256k	4	2652146	2651562	45	17145782272	16537079808	python3*36 pt_gloo_runloop*2 ZMQbg/Reaper*2 ZMQbg/IO/0*2 pt_tcpstore_uv*1 cuda0000240000a*1 
2026-09-28T12:53:33+04:00	ck9c-mirror-256k	4	2652147	2651562	57	917995520	642822144	python3*49 ZMQbg/Reaper*4 ZMQbg/IO/0*4 
2026-09-28T12:53:43+04:00	ck9c-mirror-256k	4	2651545	363	2	24666112	6053888	uv*1 main2*1 
2026-09-28T12:53:43+04:00	ck9c-mirror-256k	4	2651562	2651545	57	979673088	698355712	ft*51 ZMQbg/Reaper*3 ZMQbg/IO/0*3 
2026-09-28T12:53:43+04:00	ck9c-mirror-256k	4	2652145	2651562	1	12832768	5939200	python3*1 
2026-09-28T12:53:43+04:00	ck9c-mirror-256k	4	2652146	2651562	45	17145872384	16537169920	python3*36 pt_gloo_runloop*2 ZMQbg/Reaper*2 ZMQbg/IO/0*2 pt_tcpstore_uv*1 cuda0000240000a*1 
2026-09-28T12:53:44+04:00	ck9c-mirror-256k	4	2652147	2651562	57	917995520	642822144	python3*49 ZMQbg/Reaper*4 ZMQbg/IO/0*4 
2026-09-28T12:53:54+04:00	ck9c-mirror-256k	4	2651545	363	2	24666112	6053888	uv*1 main2*1 
2026-09-28T12:53:54+04:00	ck9c-mirror-256k	4	2651562	2651545	57	979673088	698355712	ft*51 ZMQbg/Reaper*3 ZMQbg/IO/0*3 
2026-09-28T12:53:54+04:00	ck9c-mirror-256k	4	2652145	2651562	1	12832768	5939200	python3*1 
2026-09-28T12:53:54+04:00	ck9c-mirror-256k	4	2652146	2651562	45	17145954304	16537251840	python3*36 pt_gloo_runloop*2 ZMQbg/Reaper*2 ZMQbg/IO/0*2 pt_tcpstore_uv*1 cuda0000240000a*1 
2026-09-28T12:53:54+04:00	ck9c-mirror-256k	4	2652147	2651562	57	917995520	642822144	python3*49 ZMQbg/Reaper*4 ZMQbg/IO/0*4 
2026-09-28T12:54:04+04:00	ck9c-mirror-256k	4	2651545	363	2	24666112	6053888	uv*1 main2*1 
2026-09-28T12:54:04+04:00	ck9c-mirror-256k	4	2651562	2651545	57	979673088	698355712	ft*51 ZMQbg/Reaper*3 ZMQbg/IO/0*3 
2026-09-28T12:54:04+04:00	ck9c-mirror-256k	4	2652145	2651562	1	12832768	5939200	python3*1 
2026-09-28T12:54:04+04:00	ck9c-mirror-256k	4	2652146	2651562	45	17146937344	16538234880	python3*36 pt_gloo_runloop*2 ZMQbg/Reaper*2 ZMQbg/IO/0*2 pt_tcpstore_uv*1 cuda0000240000a*1 
2026-09-28T12:54:04+04:00	ck9c-mirror-256k	4	2652147	2651562	57	917995520	642822144	python3*49 ZMQbg/Reaper*4 ZMQbg/IO/0*4 
2026-09-28T12:54:14+04:00	ck9c-mirror-256k	4	2651545	363	2	24666112	6053888	uv*1 main2*1 
2026-09-28T12:54:14+04:00	ck9c-mirror-256k	4	2651562	2651545	57	979673088	698355712	ft*51 ZMQbg/Reaper*3 ZMQbg/IO/0*3 
2026-09-28T12:54:14+04:00	ck9c-mirror-256k	4	2652145	2651562	1	12832768	5939200	python3*1 
2026-09-28T12:54:14+04:00	ck9c-mirror-256k	4	2652146	2651562	45	17146941440	16538238976	python3*36 pt_gloo_runloop*2 ZMQbg/Reaper*2 ZMQbg/IO/0*2 pt_tcpstore_uv*1 cuda0000240000a*1 
2026-09-28T12:54:14+04:00	ck9c-mirror-256k	4	2652147	2651562	57	917995520	642822144	python3*49 ZMQbg/Reaper*4 ZMQbg/IO/0*4 
2026-09-28T12:54:24+04:00	ck9c-mirror-256k	4	2651545	363	2	24666112	6053888	uv*1 main2*1 
2026-09-28T12:54:24+04:00	ck9c-mirror-256k	4	2651562	2651545	57	979673088	698355712	ft*51 ZMQbg/Reaper*3 ZMQbg/IO/0*3 
2026-09-28T12:54:24+04:00	ck9c-mirror-256k	4	2652145	2651562	1	12832768	5939200	python3*1 
2026-09-28T12:54:24+04:00	ck9c-mirror-256k	4	2652146	2651562	45	17146941440	16538238976	python3*36 pt_gloo_runloop*2 ZMQbg/Reaper*2 ZMQbg/IO/0*2 pt_tcpstore_uv*1 cuda0000240000a*1 
2026-09-28T12:54:25+04:00	ck9c-mirror-256k	4	2652147	2651562	57	917995520	642822144	python3*49 ZMQbg/Reaper*4 ZMQbg/IO/0*4 
2026-09-28T12:54:35+04:00	ck9c-mirror-256k	4	2651545	363	2	24666112	6053888	uv*1 main2*1 
2026-09-28T12:54:35+04:00	ck9c-mirror-256k	4	2651562	2651545	57	979673088	698355712	ft*51 ZMQbg/Reaper*3 ZMQbg/IO/0*3 
2026-09-28T12:54:35+04:00	ck9c-mirror-256k	4	2652145	2651562	1	12832768	5939200	python3*1 
2026-09-28T12:54:35+04:00	ck9c-mirror-256k	4	2652146	2651562	45	17146941440	16538238976	python3*36 pt_gloo_runloop*2 ZMQbg/Reaper*2 ZMQbg/IO/0*2 pt_tcpstore_uv*1 cuda0000240000a*1 
2026-09-28T12:54:35+04:00	ck9c-mirror-256k	4	2652147	2651562	57	917995520	642822144	python3*49 ZMQbg/Reaper*4 ZMQbg/IO/0*4 
2026-09-28T12:54:45+04:00	ck9c-mirror-256k	4	2651545	363	2	24666112	6053888	uv*1 main2*1 
2026-09-28T12:54:45+04:00	ck9c-mirror-256k	4	2651562	2651545	57	979673088	698355712	ft*51 ZMQbg/Reaper*3 ZMQbg/IO/0*3 
2026-09-28T12:54:45+04:00	ck9c-mirror-256k	4	2652145	2651562	1	12832768	5939200	python3*1 
2026-09-28T12:54:45+04:00	ck9c-mirror-256k	4	2652146	2651562	45	17146949632	16538247168	python3*36 pt_gloo_runloop*2 ZMQbg/Reaper*2 ZMQbg/IO/0*2 pt_tcpstore_uv*1 cuda0000240000a*1 
2026-09-28T12:54:45+04:00	ck9c-mirror-256k	4	2652147	2651562	57	917995520	642822144	python3*49 ZMQbg/Reaper*4 ZMQbg/IO/0*4 
2026-09-28T12:54:55+04:00	ck9c-mirror-256k	4	2651545	363	2	24666112	6053888	uv*1 main2*1 
2026-09-28T12:54:55+04:00	ck9c-mirror-256k	4	2651562	2651545	57	979673088	698355712	ft*51 ZMQbg/Reaper*3 ZMQbg/IO/0*3 
2026-09-28T12:54:55+04:00	ck9c-mirror-256k	4	2652145	2651562	1	12832768	5939200	python3*1 
2026-09-28T12:54:55+04:00	ck9c-mirror-256k	4	2652146	2651562	45	17146953728	16538251264	python3*36 pt_gloo_runloop*2 ZMQbg/Reaper*2 ZMQbg/IO/0*2 pt_tcpstore_uv*1 cuda0000240000a*1 
2026-09-28T12:54:55+04:00	ck9c-mirror-256k	4	2652147	2651562	57	917995520	642822144	python3*49 ZMQbg/Reaper*4 ZMQbg/IO/0*4 
2026-09-28T12:55:05+04:00	ck9c-mirror-256k	4	2651545	363	2	24666112	6053888	uv*1 main2*1 
2026-09-28T12:55:05+04:00	ck9c-mirror-256k	4	2651562	2651545	57	979673088	698355712	ft*51 ZMQbg/Reaper*3 ZMQbg/IO/0*3 
2026-09-28T12:55:05+04:00	ck9c-mirror-256k	4	2652145	2651562	1	12832768	5939200	python3*1 
2026-09-28T12:55:05+04:00	ck9c-mirror-256k	4	2652146	2651562	45	17146953728	16538251264	python3*36 pt_gloo_runloop*2 ZMQbg/Reaper*2 ZMQbg/IO/0*2 pt_tcpstore_uv*1 cuda0000240000a*1 
2026-09-28T12:55:06+04:00	ck9c-mirror-256k	4	2652147	2651562	57	917995520	642822144	python3*49 ZMQbg/Reaper*4 ZMQbg/IO/0*4 
2026-09-28T12:55:16+04:00	ck9c-mirror-256k	4	2651545	363	2	24666112	6053888	uv*1 main2*1 
2026-09-28T12:55:16+04:00	ck9c-mirror-256k	4	2651562	2651545	57	979673088	698355712	ft*51 ZMQbg/Reaper*3 ZMQbg/IO/0*3 
2026-09-28T12:55:16+04:00	ck9c-mirror-256k	4	2652145	2651562	1	12832768	5939200	python3*1 
2026-09-28T12:55:16+04:00	ck9c-mirror-256k	4	2652146	2651562	45	17146953728	16538251264	python3*36 pt_gloo_runloop*2 ZMQbg/Reaper*2 ZMQbg/IO/0*2 pt_tcpstore_uv*1 cuda0000240000a*1 
2026-09-28T12:55:16+04:00	ck9c-mirror-256k	4	2652147	2651562	57	917995520	642822144	python3*49 ZMQbg/Reaper*4 ZMQbg/IO/0*4 
2026-09-28T12:55:26+04:00	ck9c-mirror-256k	4	2651545	363	2	24666112	6053888	uv*1 main2*1 
2026-09-28T12:55:26+04:00	ck9c-mirror-256k	4	2651562	2651545	57	979673088	698355712	ft*51 ZMQbg/Reaper*3 ZMQbg/IO/0*3 
2026-09-28T12:55:26+04:00	ck9c-mirror-256k	4	2652145	2651562	1	12832768	5939200	python3*1 
2026-09-28T12:55:26+04:00	ck9c-mirror-256k	4	2652146	2651562	45	17146953728	16538251264	python3*36 pt_gloo_runloop*2 ZMQbg/Reaper*2 ZMQbg/IO/0*2 pt_tcpstore_uv*1 cuda0000240000a*1 
2026-09-28T12:55:26+04:00	ck9c-mirror-256k	4	2652147	2651562	57	917995520	642822144	python3*49 ZMQbg/Reaper*4 ZMQbg/IO/0*4 
2026-09-28T12:55:36+04:00	ck9c-mirror-256k	4	2651545	363	2	24666112	6053888	uv*1 main2*1 
2026-09-28T12:55:36+04:00	ck9c-mirror-256k	4	2651562	2651545	57	979673088	698355712	ft*51 ZMQbg/Reaper*3 ZMQbg/IO/0*3 
2026-09-28T12:55:36+04:00	ck9c-mirror-256k	4	2652145	2651562	1	12832768	5939200	python3*1 
2026-09-28T12:55:36+04:00	ck9c-mirror-256k	4	2652146	2651562	45	17146982400	16538279936	python3*36 pt_gloo_runloop*2 ZMQbg/Reaper*2 ZMQbg/IO/0*2 pt_tcpstore_uv*1 cuda0000240000a*1 
2026-09-28T12:55:36+04:00	ck9c-mirror-256k	4	2652147	2651562	57	917995520	642822144	python3*49 ZMQbg/Reaper*4 ZMQbg/IO/0*4 
2026-09-28T12:55:47+04:00	ck9c-mirror-256k	4	2651545	363	2	24666112	6053888	uv*1 main2*1 
2026-09-28T12:55:47+04:00	ck9c-mirror-256k	4	2651562	2651545	57	979673088	698355712	ft*51 ZMQbg/Reaper*3 ZMQbg/IO/0*3 
2026-09-28T12:55:47+04:00	ck9c-mirror-256k	4	2652145	2651562	1	12832768	5939200	python3*1 
2026-09-28T12:55:47+04:00	ck9c-mirror-256k	4	2652146	2651562	45	17147015168	16538312704	python3*36 pt_gloo_runloop*2 ZMQbg/Reaper*2 ZMQbg/IO/0*2 pt_tcpstore_uv*1 cuda0000240000a*1 
2026-09-28T12:55:47+04:00	ck9c-mirror-256k	4	2652147	2651562	57	917995520	642822144	python3*49 ZMQbg/Reaper*4 ZMQbg/IO/0*4 
2026-09-28T12:55:57+04:00	ck9c-mirror-256k	4	2651545	363	2	24666112	6053888	uv*1 main2*1 
2026-09-28T12:55:57+04:00	ck9c-mirror-256k	4	2651562	2651545	57	979673088	698355712	ft*51 ZMQbg/Reaper*3 ZMQbg/IO/0*3 
2026-09-28T12:55:57+04:00	ck9c-mirror-256k	4	2652145	2651562	1	12832768	5939200	python3*1 
2026-09-28T12:55:57+04:00	ck9c-mirror-256k	4	2652146	2651562	45	17147015168	16538312704	python3*36 pt_gloo_runloop*2 ZMQbg/Reaper*2 ZMQbg/IO/0*2 pt_tcpstore_uv*1 cuda0000240000a*1 
2026-09-28T12:55:57+04:00	ck9c-mirror-256k	4	2652147	2651562	57	917995520	642822144	python3*49 ZMQbg/Reaper*4 ZMQbg/IO/0*4 
2026-09-28T12:56:07+04:00	ck9c-mirror-256k	4	2651545	363	2	24666112	6053888	uv*1 main2*1 
2026-09-28T12:56:07+04:00	ck9c-mirror-256k	4	2651562	2651545	57	979673088	698355712	ft*51 ZMQbg/Reaper*3 ZMQbg/IO/0*3 
2026-09-28T12:56:07+04:00	ck9c-mirror-256k	4	2652145	2651562	1	12832768	5939200	python3*1 
2026-09-28T12:56:07+04:00	ck9c-mirror-256k	4	2652146	2651562	45	17147015168	16538312704	python3*36 pt_gloo_runloop*2 ZMQbg/Reaper*2 ZMQbg/IO/0*2 pt_tcpstore_uv*1 cuda0000240000a*1 
2026-09-28T12:56:07+04:00	ck9c-mirror-256k	4	2652147	2651562	57	917995520	642822144	python3*49 ZMQbg/Reaper*4 ZMQbg/IO/0*4 
2026-09-28T12:56:17+04:00	ck9c-mirror-256k	4	2651545	363	2	24666112	6053888	uv*1 main2*1 
2026-09-28T12:56:17+04:00	ck9c-mirror-256k	4	2651562	2651545	57	979673088	698355712	ft*51 ZMQbg/Reaper*3 ZMQbg/IO/0*3 
2026-09-28T12:56:17+04:00	ck9c-mirror-256k	4	2652145	2651562	1	12832768	5939200	python3*1 
2026-09-28T12:56:18+04:00	ck9c-mirror-256k	4	2652146	2651562	45	17147015168	16538312704	python3*36 pt_gloo_runloop*2 ZMQbg/Reaper*2 ZMQbg/IO/0*2 pt_tcpstore_uv*1 cuda0000240000a*1 
2026-09-28T12:56:18+04:00	ck9c-mirror-256k	4	2652147	2651562	57	917995520	642822144	python3*49 ZMQbg/Reaper*4 ZMQbg/IO/0*4 
2026-09-28T12:56:28+04:00	ck9c-mirror-256k	4	2651545	363	2	24666112	6053888	uv*1 main2*1 
2026-09-28T12:56:28+04:00	ck9c-mirror-256k	4	2651562	2651545	57	979673088	698355712	ft*51 ZMQbg/Reaper*3 ZMQbg/IO/0*3 
2026-09-28T12:56:28+04:00	ck9c-mirror-256k	4	2652145	2651562	1	12832768	5939200	python3*1 
2026-09-28T12:56:28+04:00	ck9c-mirror-256k	4	2652146	2651562	45	17147015168	16538312704	python3*36 pt_gloo_runloop*2 ZMQbg/Reaper*2 ZMQbg/IO/0*2 pt_tcpstore_uv*1 cuda0000240000a*1 
2026-09-28T12:56:28+04:00	ck9c-mirror-256k	4	2652147	2651562	57	917995520	642822144	python3*49 ZMQbg/Reaper*4 ZMQbg/IO/0*4 
2026-09-28T12:56:38+04:00	ck9c-mirror-256k	4	2651545	363	2	24666112	6053888	uv*1 main2*1 
2026-09-28T12:56:38+04:00	ck9c-mirror-256k	4	2651562	2651545	57	979673088	698355712	ft*51 ZMQbg/Reaper*3 ZMQbg/IO/0*3 
2026-09-28T12:56:38+04:00	ck9c-mirror-256k	4	2652145	2651562	1	12832768	5939200	python3*1 
2026-09-28T12:56:38+04:00	ck9c-mirror-256k	4	2652146	2651562	45	17147015168	16538312704	python3*36 pt_gloo_runloop*2 ZMQbg/Reaper*2 ZMQbg/IO/0*2 pt_tcpstore_uv*1 cuda0000240000a*1 
2026-09-28T12:56:38+04:00	ck9c-mirror-256k	4	2652147	2651562	57	917995520	642822144	python3*49 ZMQbg/Reaper*4 ZMQbg/IO/0*4 
2026-09-28T12:56:48+04:00	ck9c-mirror-256k	4	2651545	363	2	24666112	6053888	uv*1 main2*1 
2026-09-28T12:56:48+04:00	ck9c-mirror-256k	4	2651562	2651545	57	979673088	698355712	ft*51 ZMQbg/Reaper*3 ZMQbg/IO/0*3 
2026-09-28T12:56:48+04:00	ck9c-mirror-256k	4	2652145	2651562	1	12832768	5939200	python3*1 
2026-09-28T12:56:48+04:00	ck9c-mirror-256k	4	2652146	2651562	45	17147015168	16538312704	python3*36 pt_gloo_runloop*2 ZMQbg/Reaper*2 ZMQbg/IO/0*2 pt_tcpstore_uv*1 cuda0000240000a*1 
2026-09-28T12:56:48+04:00	ck9c-mirror-256k	4	2652147	2651562	57	917995520	642822144	python3*49 ZMQbg/Reaper*4 ZMQbg/IO/0*4 
2026-09-28T12:56:59+04:00	ck9c-mirror-256k	4	2651545	363	2	24666112	6053888	uv*1 main2*1 
2026-09-28T12:56:59+04:00	ck9c-mirror-256k	4	2651562	2651545	57	979673088	698355712	ft*51 ZMQbg/Reaper*3 ZMQbg/IO/0*3 
2026-09-28T12:56:59+04:00	ck9c-mirror-256k	4	2652145	2651562	1	12832768	5939200	python3*1 
2026-09-28T12:56:59+04:00	ck9c-mirror-256k	4	2652146	2651562	45	17147015168	16538312704	python3*36 pt_gloo_runloop*2 ZMQbg/Reaper*2 ZMQbg/IO/0*2 pt_tcpstore_uv*1 cuda0000240000a*1 
2026-09-28T12:56:59+04:00	ck9c-mirror-256k	4	2652147	2651562	57	917995520	642822144	python3*49 ZMQbg/Reaper*4 ZMQbg/IO/0*4 
2026-09-28T12:57:09+04:00	ck9c-mirror-256k	4	2651545	363	2	24666112	6053888	uv*1 main2*1 
2026-09-28T12:57:09+04:00	ck9c-mirror-256k	4	2651562	2651545	57	979673088	698355712	ft*51 ZMQbg/Reaper*3 ZMQbg/IO/0*3 
2026-09-28T12:57:09+04:00	ck9c-mirror-256k	4	2652145	2651562	1	12832768	5939200	python3*1 
2026-09-28T12:57:09+04:00	ck9c-mirror-256k	4	2652146	2651562	45	17147015168	16538312704	python3*36 pt_gloo_runloop*2 ZMQbg/Reaper*2 ZMQbg/IO/0*2 pt_tcpstore_uv*1 cuda0000240000a*1 
2026-09-28T12:57:09+04:00	ck9c-mirror-256k	4	2652147	2651562	57	917995520	642822144	python3*49 ZMQbg/Reaper*4 ZMQbg/IO/0*4 
2026-09-28T12:57:19+04:00	ck9c-mirror-256k	4	2651545	363	2	24666112	6053888	uv*1 main2*1 
2026-09-28T12:57:19+04:00	ck9c-mirror-256k	4	2651562	2651545	57	979673088	698355712	ft*51 ZMQbg/Reaper*3 ZMQbg/IO/0*3 
2026-09-28T12:57:19+04:00	ck9c-mirror-256k	4	2652145	2651562	1	12832768	5939200	python3*1 
2026-09-28T12:57:19+04:00	ck9c-mirror-256k	4	2652146	2651562	45	17147015168	16538312704	python3*36 pt_gloo_runloop*2 ZMQbg/Reaper*2 ZMQbg/IO/0*2 pt_tcpstore_uv*1 cuda0000240000a*1 
2026-09-28T12:57:19+04:00	ck9c-mirror-256k	4	2652147	2651562	57	917995520	642822144	python3*49 ZMQbg/Reaper*4 ZMQbg/IO/0*4 
2026-09-28T12:57:29+04:00	ck9c-mirror-256k	4	2651545	363	2	24666112	6053888	uv*1 main2*1 
2026-09-28T12:57:29+04:00	ck9c-mirror-256k	4	2651562	2651545	57	979673088	698355712	ft*51 ZMQbg/Reaper*3 ZMQbg/IO/0*3 
2026-09-28T12:57:29+04:00	ck9c-mirror-256k	4	2652145	2651562	1	12832768	5939200	python3*1 
2026-09-28T12:57:30+04:00	ck9c-mirror-256k	4	2652146	2651562	45	17147015168	16538312704	python3*36 pt_gloo_runloop*2 ZMQbg/Reaper*2 ZMQbg/IO/0*2 pt_tcpstore_uv*1 cuda0000240000a*1 
2026-09-28T12:57:30+04:00	ck9c-mirror-256k	4	2652147	2651562	57	917995520	642822144	python3*49 ZMQbg/Reaper*4 ZMQbg/IO/0*4 
2026-09-28T12:57:40+04:00	ck9c-mirror-256k	4	2651545	363	2	24666112	6053888	uv*1 main2*1 
2026-09-28T12:57:40+04:00	ck9c-mirror-256k	4	2651562	2651545	57	979673088	698355712	ft*51 ZMQbg/Reaper*3 ZMQbg/IO/0*3 
2026-09-28T12:57:40+04:00	ck9c-mirror-256k	4	2652145	2651562	1	12832768	5939200	python3*1 
2026-09-28T12:57:40+04:00	ck9c-mirror-256k	4	2652146	2651562	45	17147015168	16538312704	python3*36 pt_gloo_runloop*2 ZMQbg/Reaper*2 ZMQbg/IO/0*2 pt_tcpstore_uv*1 cuda0000240000a*1 
2026-09-28T12:57:40+04:00	ck9c-mirror-256k	4	2652147	2651562	57	917995520	642822144	python3*49 ZMQbg/Reaper*4 ZMQbg/IO/0*4 
2026-09-28T12:57:50+04:00	ck9c-mirror-256k	4	2651545	363	2	24666112	6053888	uv*1 main2*1 
2026-09-28T12:57:50+04:00	ck9c-mirror-256k	4	2651562	2651545	57	979673088	698355712	ft*51 ZMQbg/Reaper*3 ZMQbg/IO/0*3 
2026-09-28T12:57:50+04:00	ck9c-mirror-256k	4	2652145	2651562	1	12832768	5939200	python3*1 
2026-09-28T12:57:50+04:00	ck9c-mirror-256k	4	2652146	2651562	45	17147015168	16538312704	python3*36 pt_gloo_runloop*2 ZMQbg/Reaper*2 ZMQbg/IO/0*2 pt_tcpstore_uv*1 cuda0000240000a*1 
2026-09-28T12:57:50+04:00	ck9c-mirror-256k	4	2652147	2651562	57	917995520	642822144	python3*49 ZMQbg/Reaper*4 ZMQbg/IO/0*4 
2026-09-28T12:58:00+04:00	ck9c-mirror-256k	4	2651545	363	2	24666112	6053888	uv*1 main2*1 
2026-09-28T12:58:00+04:00	ck9c-mirror-256k	4	2651562	2651545	57	979673088	698355712	ft*51 ZMQbg/Reaper*3 ZMQbg/IO/0*3 
2026-09-28T12:58:00+04:00	ck9c-mirror-256k	4	2652145	2651562	1	12832768	5939200	python3*1 
2026-09-28T12:58:00+04:00	ck9c-mirror-256k	4	2652146	2651562	45	17147015168	16538312704	python3*36 pt_gloo_runloop*2 ZMQbg/Reaper*2 ZMQbg/IO/0*2 pt_tcpstore_uv*1 cuda0000240000a*1 
2026-09-28T12:58:01+04:00	ck9c-mirror-256k	4	2652147	2651562	57	917995520	642822144	python3*49 ZMQbg/Reaper*4 ZMQbg/IO/0*4 
2026-09-28T12:58:11+04:00	ck9c-mirror-256k	4	2651545	363	2	24666112	6053888	uv*1 main2*1 
2026-09-28T12:58:11+04:00	ck9c-mirror-256k	4	2651562	2651545	57	979673088	698355712	ft*51 ZMQbg/Reaper*3 ZMQbg/IO/0*3 
2026-09-28T12:58:11+04:00	ck9c-mirror-256k	4	2652145	2651562	1	12832768	5939200	python3*1 
2026-09-28T12:58:11+04:00	ck9c-mirror-256k	4	2652146	2651562	45	17147015168	16538312704	python3*36 pt_gloo_runloop*2 ZMQbg/Reaper*2 ZMQbg/IO/0*2 pt_tcpstore_uv*1 cuda0000240000a*1 
2026-09-28T12:58:11+04:00	ck9c-mirror-256k	4	2652147	2651562	57	917995520	642822144	python3*49 ZMQbg/Reaper*4 ZMQbg/IO/0*4 
2026-09-28T12:58:21+04:00	ck9c-mirror-256k	4	2651545	363	2	24666112	6053888	uv*1 main2*1 
2026-09-28T12:58:21+04:00	ck9c-mirror-256k	4	2651562	2651545	57	979673088	698355712	ft*51 ZMQbg/Reaper*3 ZMQbg/IO/0*3 
2026-09-28T12:58:21+04:00	ck9c-mirror-256k	4	2652145	2651562	1	12832768	5939200	python3*1 
2026-09-28T12:58:21+04:00	ck9c-mirror-256k	4	2652146	2651562	45	17147015168	16538312704	python3*36 pt_gloo_runloop*2 ZMQbg/Reaper*2 ZMQbg/IO/0*2 pt_tcpstore_uv*1 cuda0000240000a*1 
2026-09-28T12:58:21+04:00	ck9c-mirror-256k	4	2652147	2651562	57	917995520	642822144	python3*49 ZMQbg/Reaper*4 ZMQbg/IO/0*4 
2026-09-28T12:58:31+04:00	ck9c-mirror-256k	4	2651545	363	2	24666112	6053888	uv*1 main2*1 
2026-09-28T12:58:31+04:00	ck9c-mirror-256k	4	2651562	2651545	57	979673088	698355712	ft*51 ZMQbg/Reaper*3 ZMQbg/IO/0*3 
2026-09-28T12:58:31+04:00	ck9c-mirror-256k	4	2652145	2651562	1	12832768	5939200	python3*1 
2026-09-28T12:58:31+04:00	ck9c-mirror-256k	4	2652146	2651562	45	17147015168	16538312704	python3*36 pt_gloo_runloop*2 ZMQbg/Reaper*2 ZMQbg/IO/0*2 pt_tcpstore_uv*1 cuda0000240000a*1 
2026-09-28T12:58:31+04:00	ck9c-mirror-256k	4	2652147	2651562	57	917995520	642822144	python3*49 ZMQbg/Reaper*4 ZMQbg/IO/0*4 
2026-09-28T12:58:41+04:00	ck9c-mirror-256k	4	2651545	363	2	24666112	6053888	uv*1 main2*1 
2026-09-28T12:58:41+04:00	ck9c-mirror-256k	4	2651562	2651545	57	979673088	698355712	ft*51 ZMQbg/Reaper*3 ZMQbg/IO/0*3 
2026-09-28T12:58:41+04:00	ck9c-mirror-256k	4	2652145	2651562	1	12832768	5939200	python3*1 
2026-09-28T12:58:41+04:00	ck9c-mirror-256k	4	2652146	2651562	45	17147015168	16538312704	python3*36 pt_gloo_runloop*2 ZMQbg/Reaper*2 ZMQbg/IO/0*2 pt_tcpstore_uv*1 cuda0000240000a*1 
2026-09-28T12:58:42+04:00	ck9c-mirror-256k	4	2652147	2651562	57	917995520	642822144	python3*49 ZMQbg/Reaper*4 ZMQbg/IO/0*4 
2026-09-28T12:58:52+04:00	ck9c-mirror-256k	4	2651545	363	2	24666112	6053888	uv*1 main2*1 
2026-09-28T12:58:52+04:00	ck9c-mirror-256k	4	2651562	2651545	57	979673088	698355712	ft*51 ZMQbg/Reaper*3 ZMQbg/IO/0*3 
2026-09-28T12:58:52+04:00	ck9c-mirror-256k	4	2652145	2651562	1	12832768	5939200	python3*1 
2026-09-28T12:58:52+04:00	ck9c-mirror-256k	4	2652146	2651562	45	17147015168	16538312704	python3*36 pt_gloo_runloop*2 ZMQbg/Reaper*2 ZMQbg/IO/0*2 pt_tcpstore_uv*1 cuda0000240000a*1 
2026-09-28T12:58:52+04:00	ck9c-mirror-256k	4	2652147	2651562	57	917995520	642822144	python3*49 ZMQbg/Reaper*4 ZMQbg/IO/0*4 
2026-09-28T12:59:02+04:00	ck9c-mirror-256k	4	2651545	363	2	24666112	6053888	uv*1 main2*1 
2026-09-28T12:59:02+04:00	ck9c-mirror-256k	4	2651562	2651545	57	979673088	698355712	ft*51 ZMQbg/Reaper*3 ZMQbg/IO/0*3 
2026-09-28T12:59:02+04:00	ck9c-mirror-256k	4	2652145	2651562	1	12832768	5939200	python3*1 
2026-09-28T12:59:02+04:00	ck9c-mirror-256k	4	2652146	2651562	45	17147015168	16538312704	python3*36 pt_gloo_runloop*2 ZMQbg/Reaper*2 ZMQbg/IO/0*2 pt_tcpstore_uv*1 cuda0000240000a*1 
2026-09-28T12:59:02+04:00	ck9c-mirror-256k	4	2652147	2651562	57	917995520	642822144	python3*49 ZMQbg/Reaper*4 ZMQbg/IO/0*4 
2026-09-28T12:59:12+04:00	ck9c-mirror-256k	4	2651545	363	2	24666112	6053888	uv*1 main2*1 
2026-09-28T12:59:12+04:00	ck9c-mirror-256k	4	2651562	2651545	57	979673088	698355712	ft*51 ZMQbg/Reaper*3 ZMQbg/IO/0*3 
2026-09-28T12:59:12+04:00	ck9c-mirror-256k	4	2652145	2651562	1	12832768	5939200	python3*1 
2026-09-28T12:59:12+04:00	ck9c-mirror-256k	4	2652146	2651562	45	17147015168	16538312704	python3*36 pt_gloo_runloop*2 ZMQbg/Reaper*2 ZMQbg/IO/0*2 pt_tcpstore_uv*1 cuda0000240000a*1 
2026-09-28T12:59:12+04:00	ck9c-mirror-256k	4	2652147	2651562	57	917995520	642822144	python3*49 ZMQbg/Reaper*4 ZMQbg/IO/0*4 
2026-09-28T12:59:22+04:00	ck9c-mirror-256k	4	2651545	363	2	24666112	6053888	uv*1 main2*1 
2026-09-28T12:59:22+04:00	ck9c-mirror-256k	4	2651562	2651545	57	979673088	698355712	ft*51 ZMQbg/Reaper*3 ZMQbg/IO/0*3 
2026-09-28T12:59:22+04:00	ck9c-mirror-256k	4	2652145	2651562	1	12832768	5939200	python3*1 
2026-09-28T12:59:22+04:00	ck9c-mirror-256k	4	2652146	2651562	45	17147015168	16538312704	python3*36 pt_gloo_runloop*2 ZMQbg/Reaper*2 ZMQbg/IO/0*2 pt_tcpstore_uv*1 cuda0000240000a*1 
2026-09-28T12:59:23+04:00	ck9c-mirror-256k	4	2652147	2651562	57	917995520	642822144	python3*49 ZMQbg/Reaper*4 ZMQbg/IO/0*4 
2026-09-28T12:59:33+04:00	ck9c-mirror-256k	4	2651545	363	2	24666112	6053888	uv*1 main2*1 
2026-09-28T12:59:33+04:00	ck9c-mirror-256k	4	2651562	2651545	57	981553152	700235776	ft*51 ZMQbg/Reaper*3 ZMQbg/IO/0*3 
2026-09-28T12:59:33+04:00	ck9c-mirror-256k	4	2652145	2651562	1	12832768	5939200	python3*1 
2026-09-28T12:59:33+04:00	ck9c-mirror-256k	4	2652146	2651562	45	17147019264	16538316800	python3*36 pt_gloo_runloop*2 ZMQbg/Reaper*2 ZMQbg/IO/0*2 pt_tcpstore_uv*1 cuda0000240000a*1 
2026-09-28T12:59:33+04:00	ck9c-mirror-256k	4	2652147	2651562	57	917995520	642822144	python3*49 ZMQbg/Reaper*4 ZMQbg/IO/0*4 
2026-09-28T12:59:43+04:00	ck9c-mirror-256k	4	2651545	363	2	24666112	6053888	uv*1 main2*1 
2026-09-28T12:59:43+04:00	ck9c-mirror-256k	4	2651562	2651545	57	982290432	700973056	ft*51 ZMQbg/Reaper*3 ZMQbg/IO/0*3 
2026-09-28T12:59:43+04:00	ck9c-mirror-256k	4	2652145	2651562	1	12832768	5939200	python3*1 
2026-09-28T12:59:43+04:00	ck9c-mirror-256k	4	2652146	2651562	45	17147019264	16538316800	python3*36 pt_gloo_runloop*2 ZMQbg/Reaper*2 ZMQbg/IO/0*2 pt_tcpstore_uv*1 cuda0000240000a*1 
2026-09-28T12:59:43+04:00	ck9c-mirror-256k	4	2652147	2651562	57	917995520	642822144	python3*49 ZMQbg/Reaper*4 ZMQbg/IO/0*4 
2026-09-28T12:59:53+04:00	ck9c-mirror-256k	4	2651545	363	2	24666112	6053888	uv*1 main2*1 
2026-09-28T12:59:53+04:00	ck9c-mirror-256k	4	2651562	2651545	57	982290432	700973056	ft*51 ZMQbg/Reaper*3 ZMQbg/IO/0*3 
2026-09-28T12:59:53+04:00	ck9c-mirror-256k	4	2652145	2651562	1	12832768	5939200	python3*1 
2026-09-28T12:59:53+04:00	ck9c-mirror-256k	4	2652146	2651562	45	17147019264	16538316800	python3*36 pt_gloo_runloop*2 ZMQbg/Reaper*2 ZMQbg/IO/0*2 pt_tcpstore_uv*1 cuda0000240000a*1 
2026-09-28T12:59:53+04:00	ck9c-mirror-256k	4	2652147	2651562	57	917995520	642822144	python3*49 ZMQbg/Reaper*4 ZMQbg/IO/0*4 
2026-09-28T13:00:03+04:00	ck9c-mirror-256k	4	2651545	363	2	24666112	6053888	uv*1 main2*1 
2026-09-28T13:00:03+04:00	ck9c-mirror-256k	4	2651562	2651545	57	982290432	700973056	ft*51 ZMQbg/Reaper*3 ZMQbg/IO/0*3 
2026-09-28T13:00:03+04:00	ck9c-mirror-256k	4	2652145	2651562	1	12832768	5939200	python3*1 
2026-09-28T13:00:03+04:00	ck9c-mirror-256k	4	2652146	2651562	45	17147019264	16538316800	python3*36 pt_gloo_runloop*2 ZMQbg/Reaper*2 ZMQbg/IO/0*2 pt_tcpstore_uv*1 cuda0000240000a*1 
2026-09-28T13:00:04+04:00	ck9c-mirror-256k	4	2652147	2651562	57	917995520	642822144	python3*49 ZMQbg/Reaper*4 ZMQbg/IO/0*4 
2026-09-28T13:00:14+04:00	ck9c-mirror-256k	4	2651545	363	2	24666112	6053888	uv*1 main2*1 
2026-09-28T13:00:14+04:00	ck9c-mirror-256k	4	2651562	2651545	57	982290432	700973056	ft*51 ZMQbg/Reaper*3 ZMQbg/IO/0*3 
2026-09-28T13:00:14+04:00	ck9c-mirror-256k	4	2652145	2651562	1	12832768	5939200	python3*1 
2026-09-28T13:00:14+04:00	ck9c-mirror-256k	4	2652146	2651562	45	17147019264	16538316800	python3*36 pt_gloo_runloop*2 ZMQbg/Reaper*2 ZMQbg/IO/0*2 pt_tcpstore_uv*1 cuda0000240000a*1 
2026-09-28T13:00:14+04:00	ck9c-mirror-256k	4	2652147	2651562	57	917995520	642822144	python3*49 ZMQbg/Reaper*4 ZMQbg/IO/0*4 
2026-09-28T13:00:24+04:00	ck9c-mirror-256k	4	2651545	363	2	24666112	6053888	uv*1 main2*1 
2026-09-28T13:00:24+04:00	ck9c-mirror-256k	4	2651562	2651545	57	1024241664	742924288	ft*51 ZMQbg/Reaper*3 ZMQbg/IO/0*3 
2026-09-28T13:00:24+04:00	ck9c-mirror-256k	4	2652145	2651562	1	12832768	5939200	python3*1 
2026-09-28T13:00:24+04:00	ck9c-mirror-256k	4	2652146	2651562	45	17147052032	16538316800	python3*36 pt_gloo_runloop*2 ZMQbg/Reaper*2 ZMQbg/IO/0*2 pt_tcpstore_uv*1 cuda0000240000a*1 
2026-09-28T13:00:24+04:00	ck9c-mirror-256k	4	2652147	2651562	57	903360512	628187136	python3*49 ZMQbg/Reaper*4 ZMQbg/IO/0*4 
2026-09-28T13:00:34+04:00	ck9c-mirror-256k	4	2651545	363	2	24666112	6053888	uv*1 main2*1 
2026-09-28T13:00:34+04:00	ck9c-mirror-256k	4	2651562	2651545	57	1024241664	742924288	ft*51 ZMQbg/Reaper*3 ZMQbg/IO/0*3 
2026-09-28T13:00:34+04:00	ck9c-mirror-256k	4	2652145	2651562	1	12832768	5939200	python3*1 
2026-09-28T13:00:34+04:00	ck9c-mirror-256k	4	2652146	2651562	45	17147052032	16538316800	python3*36 pt_gloo_runloop*2 ZMQbg/Reaper*2 ZMQbg/IO/0*2 pt_tcpstore_uv*1 cuda0000240000a*1 
2026-09-28T13:00:34+04:00	ck9c-mirror-256k	4	2652147	2651562	57	903360512	628187136	python3*49 ZMQbg/Reaper*4 ZMQbg/IO/0*4 
2026-09-28T13:00:44+04:00	ck9c-mirror-256k	4	2651545	363	2	24666112	6053888	uv*1 main2*1 
2026-09-28T13:00:44+04:00	ck9c-mirror-256k	4	2651562	2651545	57	1024241664	742924288	ft*51 ZMQbg/Reaper*3 ZMQbg/IO/0*3 
2026-09-28T13:00:45+04:00	ck9c-mirror-256k	4	2652145	2651562	1	12832768	5939200	python3*1 
2026-09-28T13:00:45+04:00	ck9c-mirror-256k	4	2652146	2651562	45	17147052032	16538316800	python3*36 pt_gloo_runloop*2 ZMQbg/Reaper*2 ZMQbg/IO/0*2 pt_tcpstore_uv*1 cuda0000240000a*1 
2026-09-28T13:00:45+04:00	ck9c-mirror-256k	4	2652147	2651562	57	903360512	628187136	python3*49 ZMQbg/Reaper*4 ZMQbg/IO/0*4 
2026-09-28T13:00:55+04:00	ck9c-mirror-256k	4	2651545	363	2	24666112	6053888	uv*1 main2*1 
2026-09-28T13:00:55+04:00	ck9c-mirror-256k	4	2651562	2651545	57	1024241664	742924288	ft*51 ZMQbg/Reaper*3 ZMQbg/IO/0*3 
2026-09-28T13:00:55+04:00	ck9c-mirror-256k	4	2652145	2651562	1	12832768	5939200	python3*1 
2026-09-28T13:00:55+04:00	ck9c-mirror-256k	4	2652146	2651562	45	17147052032	16538316800	python3*36 pt_gloo_runloop*2 ZMQbg/Reaper*2 ZMQbg/IO/0*2 pt_tcpstore_uv*1 cuda0000240000a*1 
2026-09-28T13:00:55+04:00	ck9c-mirror-256k	4	2652147	2651562	57	903360512	628187136	python3*49 ZMQbg/Reaper*4 ZMQbg/IO/0*4 
2026-09-28T13:01:05+04:00	ck9c-mirror-256k	4	2651545	363	2	24666112	6053888	uv*1 main2*1 
2026-09-28T13:01:05+04:00	ck9c-mirror-256k	4	2651562	2651545	57	1024241664	742924288	ft*51 ZMQbg/Reaper*3 ZMQbg/IO/0*3 
2026-09-28T13:01:05+04:00	ck9c-mirror-256k	4	2652145	2651562	1	12832768	5939200	python3*1 
2026-09-28T13:01:05+04:00	ck9c-mirror-256k	4	2652146	2651562	45	17147052032	16538316800	python3*36 pt_gloo_runloop*2 ZMQbg/Reaper*2 ZMQbg/IO/0*2 pt_tcpstore_uv*1 cuda0000240000a*1 
2026-09-28T13:01:05+04:00	ck9c-mirror-256k	4	2652147	2651562	57	903360512	628187136	python3*49 ZMQbg/Reaper*4 ZMQbg/IO/0*4 
2026-09-28T13:01:15+04:00	ck9c-mirror-256k	4	2651545	363	2	24666112	6053888	uv*1 main2*1 
2026-09-28T13:01:15+04:00	ck9c-mirror-256k	4	2651562	2651545	57	1102069760	820752384	ft*51 ZMQbg/Reaper*3 ZMQbg/IO/0*3 
2026-09-28T13:01:15+04:00	ck9c-mirror-256k	4	2652145	2651562	1	12832768	5939200	python3*1 
2026-09-28T13:01:15+04:00	ck9c-mirror-256k	4	2652146	2651562	45	17156808704	16548073472	python3*36 pt_gloo_runloop*2 ZMQbg/Reaper*2 ZMQbg/IO/0*2 pt_tcpstore_uv*1 cuda0000240000a*1 
2026-09-28T13:01:15+04:00	ck9c-mirror-256k	4	2652147	2651562	57	903360512	628187136	python3*49 ZMQbg/Reaper*4 ZMQbg/IO/0*4 
2026-09-28T13:01:56+04:00	ck9c-nat-whole-1	0	2956896	363	3	24907776	6062080	uv*1 tokio-rt-worker*1 main2*1 
2026-09-28T13:01:56+04:00	ck9c-nat-whole-1	0	2956913	2956896	16	682328064	404340736	ft*16 
2026-09-28T13:02:06+04:00	ck9c-nat-whole-1	0	2956896	363	2	25038848	6062080	uv*1 main2*1 
2026-09-28T13:02:06+04:00	ck9c-nat-whole-1	0	2956913	2956896	22	701743104	422756352	ft*18 ZMQbg/Reaper*2 ZMQbg/IO/0*2 
2026-09-28T13:02:06+04:00	ck9c-nat-whole-1	0	2957245	2956913	1	12783616	5935104	python3*1 
2026-09-28T13:02:06+04:00	ck9c-nat-whole-1	0	2957246	2956913	41	6465617920	986431488	python3*36 pt_gloo_runloop*2 pt_tcpstore_uv*1 cuda0000240000a*1 cuda-EvtHandlr*1 
2026-09-28T13:02:06+04:00	ck9c-nat-whole-1	0	2957247	2956913	23	881692672	607518720	python3*17 ZMQbg/Reaper*3 ZMQbg/IO/0*3 
2026-09-28T13:02:16+04:00	ck9c-nat-whole-1	0	2956896	363	2	25026560	6062080	uv*1 main2*1 
2026-09-28T13:02:16+04:00	ck9c-nat-whole-1	0	2956913	2956896	22	701722624	422760448	ft*18 ZMQbg/Reaper*2 ZMQbg/IO/0*2 
2026-09-28T13:02:16+04:00	ck9c-nat-whole-1	0	2957245	2956913	1	12783616	5935104	python3*1 
2026-09-28T13:02:16+04:00	ck9c-nat-whole-1	0	2957246	2956913	41	13599047680	986783744	python3*36 pt_gloo_runloop*2 pt_tcpstore_uv*1 cuda0000240000a*1 cuda-EvtHandlr*1 
2026-09-28T13:02:16+04:00	ck9c-nat-whole-1	0	2957247	2956913	23	881668096	607518720	python3*17 ZMQbg/Reaper*3 ZMQbg/IO/0*3 
2026-09-28T13:02:26+04:00	ck9c-nat-whole-1	0	2956896	363	2	24408064	6062080	uv*1 main2*1 
2026-09-28T13:02:26+04:00	ck9c-nat-whole-1	0	2956913	2956896	22	634675200	422764544	ft*18 ZMQbg/Reaper*2 ZMQbg/IO/0*2 
2026-09-28T13:02:26+04:00	ck9c-nat-whole-1	0	2957245	2956913	1	12767232	5935104	python3*1 
2026-09-28T13:02:26+04:00	ck9c-nat-whole-1	0	2957246	2956913	41	21896900608	987209728	python3*36 pt_gloo_runloop*2 pt_tcpstore_uv*1 cuda0000240000a*1 cuda-EvtHandlr*1 
2026-09-28T13:02:27+04:00	ck9c-nat-whole-1	0	2957247	2956913	23	814764032	607518720	python3*17 ZMQbg/Reaper*3 ZMQbg/IO/0*3 
2026-09-28T13:02:37+04:00	ck9c-nat-whole-1	0	2956896	363	2	24109056	6062080	uv*1 main2*1 
2026-09-28T13:02:37+04:00	ck9c-nat-whole-1	0	2956913	2956896	22	615903232	422780928	ft*18 ZMQbg/Reaper*2 ZMQbg/IO/0*2 
2026-09-28T13:02:37+04:00	ck9c-nat-whole-1	0	2957245	2956913	1	12767232	5935104	python3*1 
2026-09-28T13:02:37+04:00	ck9c-nat-whole-1	0	2957246	2956913	45	22804484096	1993342976	python3*36 pt_gloo_runloop*2 ZMQbg/Reaper*2 ZMQbg/IO/0*2 pt_tcpstore_uv*1 cuda0000240000a*1 
2026-09-28T13:02:37+04:00	ck9c-nat-whole-1	0	2957247	2956913	23	796327936	607563776	python3*17 ZMQbg/Reaper*3 ZMQbg/IO/0*3 
2026-09-28T13:02:47+04:00	ck9c-nat-whole-1	0	2956896	363	2	24109056	6062080	uv*1 main2*1 
2026-09-28T13:02:47+04:00	ck9c-nat-whole-1	0	2956913	2956896	39	820748288	620683264	ft*35 ZMQbg/Reaper*2 ZMQbg/IO/0*2 
2026-09-28T13:02:47+04:00	ck9c-nat-whole-1	0	2957245	2956913	1	12767232	5935104	python3*1 
2026-09-28T13:02:47+04:00	ck9c-nat-whole-1	0	2957246	2956913	45	22809403392	1993830400	python3*36 pt_gloo_runloop*2 ZMQbg/Reaper*2 ZMQbg/IO/0*2 pt_tcpstore_uv*1 cuda0000240000a*1 
2026-09-28T13:02:48+04:00	ck9c-nat-whole-1	0	2957247	2956913	39	801374208	608342016	python3*33 ZMQbg/Reaper*3 ZMQbg/IO/0*3 
2026-09-28T13:02:58+04:00	ck9c-nat-whole-1	0	2956896	363	2	24109056	6062080	uv*1 main2*1 
2026-09-28T13:02:58+04:00	ck9c-nat-whole-1	0	2956913	2956896	39	820748288	620683264	ft*35 ZMQbg/Reaper*2 ZMQbg/IO/0*2 
2026-09-28T13:02:58+04:00	ck9c-nat-whole-1	0	2957245	2956913	1	12767232	5935104	python3*1 
2026-09-28T13:02:58+04:00	ck9c-nat-whole-1	0	2957246	2956913	45	22809403392	1993830400	python3*36 pt_gloo_runloop*2 ZMQbg/Reaper*2 ZMQbg/IO/0*2 pt_tcpstore_uv*1 cuda0000240000a*1 
2026-09-28T13:02:58+04:00	ck9c-nat-whole-1	0	2957247	2956913	39	801374208	608342016	python3*33 ZMQbg/Reaper*3 ZMQbg/IO/0*3 
2026-09-28T13:03:08+04:00	ck9c-nat-whole-1	2	2956896	363	2	24080384	6062080	uv*1 main2*1 
2026-09-28T13:03:08+04:00	ck9c-nat-whole-1	2	2956913	2956896	39	906780672	706727936	ft*35 ZMQbg/Reaper*2 ZMQbg/IO/0*2 
2026-09-28T13:03:08+04:00	ck9c-nat-whole-1	2	2957245	2956913	1	12767232	5935104	python3*1 
2026-09-28T13:03:08+04:00	ck9c-nat-whole-1	2	2957246	2956913	45	22817251328	2001260544	python3*36 pt_gloo_runloop*2 ZMQbg/Reaper*2 ZMQbg/IO/0*2 pt_tcpstore_uv*1 cuda0000240000a*1 
2026-09-28T13:03:09+04:00	ck9c-nat-whole-1	2	2957247	2956913	39	801411072	608391168	python3*33 ZMQbg/Reaper*3 ZMQbg/IO/0*3 
2026-09-28T13:03:19+04:00	ck9c-nat-whole-1	2	2956896	363	2	24080384	6062080	uv*1 main2*1 
2026-09-28T13:03:19+04:00	ck9c-nat-whole-1	2	2956913	2956896	39	907288576	707235840	ft*35 ZMQbg/Reaper*2 ZMQbg/IO/0*2 
2026-09-28T13:03:19+04:00	ck9c-nat-whole-1	2	2957245	2956913	1	12767232	5935104	python3*1 
2026-09-28T13:03:19+04:00	ck9c-nat-whole-1	2	2957246	2956913	45	22817251328	2001260544	python3*36 pt_gloo_runloop*2 ZMQbg/Reaper*2 ZMQbg/IO/0*2 pt_tcpstore_uv*1 cuda0000240000a*1 
2026-09-28T13:03:19+04:00	ck9c-nat-whole-1	2	2957247	2956913	39	801411072	608391168	python3*33 ZMQbg/Reaper*3 ZMQbg/IO/0*3 
2026-09-28T13:03:29+04:00	ck9c-nat-whole-1	2	2956896	363	2	24080384	6062080	uv*1 main2*1 
2026-09-28T13:03:29+04:00	ck9c-nat-whole-1	2	2956913	2956896	39	907489280	707436544	ft*35 ZMQbg/Reaper*2 ZMQbg/IO/0*2 
2026-09-28T13:03:29+04:00	ck9c-nat-whole-1	2	2957245	2956913	1	12767232	5935104	python3*1 
2026-09-28T13:03:29+04:00	ck9c-nat-whole-1	2	2957246	2956913	45	22817251328	2001260544	python3*36 pt_gloo_runloop*2 ZMQbg/Reaper*2 ZMQbg/IO/0*2 pt_tcpstore_uv*1 cuda0000240000a*1 
2026-09-28T13:03:29+04:00	ck9c-nat-whole-1	2	2957247	2956913	39	801411072	608391168	python3*33 ZMQbg/Reaper*3 ZMQbg/IO/0*3 
2026-09-28T13:03:39+04:00	ck9c-nat-whole-1	2	2956896	363	2	24080384	6062080	uv*1 main2*1 
2026-09-28T13:03:40+04:00	ck9c-nat-whole-1	2	2956913	2956896	39	907501568	707448832	ft*35 ZMQbg/Reaper*2 ZMQbg/IO/0*2 
2026-09-28T13:03:40+04:00	ck9c-nat-whole-1	2	2957245	2956913	1	12767232	5935104	python3*1 
2026-09-28T13:03:40+04:00	ck9c-nat-whole-1	2	2957246	2956913	45	22817251328	2001260544	python3*36 pt_gloo_runloop*2 ZMQbg/Reaper*2 ZMQbg/IO/0*2 pt_tcpstore_uv*1 cuda0000240000a*1 
2026-09-28T13:03:40+04:00	ck9c-nat-whole-1	2	2957247	2956913	39	801411072	608391168	python3*33 ZMQbg/Reaper*3 ZMQbg/IO/0*3 
2026-09-28T13:03:50+04:00	ck9c-nat-whole-1	2	2956896	363	2	24080384	6062080	uv*1 main2*1 
2026-09-28T13:03:50+04:00	ck9c-nat-whole-1	2	2956913	2956896	39	907620352	707567616	ft*35 ZMQbg/Reaper*2 ZMQbg/IO/0*2 
2026-09-28T13:03:50+04:00	ck9c-nat-whole-1	2	2957245	2956913	1	12767232	5935104	python3*1 
2026-09-28T13:03:50+04:00	ck9c-nat-whole-1	2	2957246	2956913	45	22817251328	2001260544	python3*36 pt_gloo_runloop*2 ZMQbg/Reaper*2 ZMQbg/IO/0*2 pt_tcpstore_uv*1 cuda0000240000a*1 
2026-09-28T13:03:50+04:00	ck9c-nat-whole-1	2	2957247	2956913	39	801411072	608391168	python3*33 ZMQbg/Reaper*3 ZMQbg/IO/0*3 
2026-09-28T13:04:00+04:00	ck9c-nat-whole-1	2	2956896	363	2	24080384	6062080	uv*1 main2*1 
2026-09-28T13:04:00+04:00	ck9c-nat-whole-1	2	2956913	2956896	39	907620352	707567616	ft*35 ZMQbg/Reaper*2 ZMQbg/IO/0*2 
2026-09-28T13:04:00+04:00	ck9c-nat-whole-1	2	2957245	2956913	1	12767232	5935104	python3*1 
2026-09-28T13:04:00+04:00	ck9c-nat-whole-1	2	2957246	2956913	45	22817251328	2001260544	python3*36 pt_gloo_runloop*2 ZMQbg/Reaper*2 ZMQbg/IO/0*2 pt_tcpstore_uv*1 cuda0000240000a*1 
2026-09-28T13:04:00+04:00	ck9c-nat-whole-1	2	2957247	2956913	39	801411072	608391168	python3*33 ZMQbg/Reaper*3 ZMQbg/IO/0*3 
2026-09-28T13:04:10+04:00	ck9c-nat-whole-1	2	2956896	363	2	24080384	6062080	uv*1 main2*1 
2026-09-28T13:04:10+04:00	ck9c-nat-whole-1	2	2956913	2956896	39	907673600	707620864	ft*35 ZMQbg/Reaper*2 ZMQbg/IO/0*2 
2026-09-28T13:04:10+04:00	ck9c-nat-whole-1	2	2957245	2956913	1	12767232	5935104	python3*1 
2026-09-28T13:04:10+04:00	ck9c-nat-whole-1	2	2957246	2956913	45	22817251328	2001260544	python3*36 pt_gloo_runloop*2 ZMQbg/Reaper*2 ZMQbg/IO/0*2 pt_tcpstore_uv*1 cuda0000240000a*1 
2026-09-28T13:04:11+04:00	ck9c-nat-whole-1	2	2957247	2956913	39	801415168	608395264	python3*33 ZMQbg/Reaper*3 ZMQbg/IO/0*3 
2026-09-28T13:04:21+04:00	ck9c-nat-whole-1	2	2956896	363	2	24080384	6062080	uv*1 main2*1 
2026-09-28T13:04:21+04:00	ck9c-nat-whole-1	2	2956913	2956896	39	907673600	707620864	ft*35 ZMQbg/Reaper*2 ZMQbg/IO/0*2 
2026-09-28T13:04:21+04:00	ck9c-nat-whole-1	2	2957245	2956913	1	12767232	5935104	python3*1 
2026-09-28T13:04:21+04:00	ck9c-nat-whole-1	2	2957246	2956913	45	22817157120	2001260544	python3*36 pt_gloo_runloop*2 ZMQbg/Reaper*2 ZMQbg/IO/0*2 pt_tcpstore_uv*1 cuda0000240000a*1 
2026-09-28T13:04:21+04:00	ck9c-nat-whole-1	2	2957247	2956913	39	801415168	608395264	python3*33 ZMQbg/Reaper*3 ZMQbg/IO/0*3 
2026-09-28T13:04:31+04:00	ck9c-nat-whole-1	2	2956896	363	2	24080384	6062080	uv*1 main2*1 
2026-09-28T13:04:31+04:00	ck9c-nat-whole-1	2	2956913	2956896	39	908259328	708206592	ft*35 ZMQbg/Reaper*2 ZMQbg/IO/0*2 
2026-09-28T13:04:31+04:00	ck9c-nat-whole-1	2	2957245	2956913	1	12767232	5935104	python3*1 
2026-09-28T13:04:31+04:00	ck9c-nat-whole-1	2	2957246	2956913	45	22817206272	2001309696	python3*36 pt_gloo_runloop*2 ZMQbg/Reaper*2 ZMQbg/IO/0*2 pt_tcpstore_uv*1 cuda0000240000a*1 
2026-09-28T13:04:31+04:00	ck9c-nat-whole-1	2	2957247	2956913	42	801509376	608489472	python3*34 ZMQbg/Reaper*4 ZMQbg/IO/0*4 
2026-09-28T13:04:41+04:00	ck9c-nat-whole-1	2	2956896	363	2	24080384	6062080	uv*1 main2*1 
2026-09-28T13:04:41+04:00	ck9c-nat-whole-1	2	2956913	2956896	39	908242944	708206592	ft*35 ZMQbg/Reaper*2 ZMQbg/IO/0*2 
2026-09-28T13:04:41+04:00	ck9c-nat-whole-1	2	2957245	2956913	1	12767232	5935104	python3*1 
2026-09-28T13:04:41+04:00	ck9c-nat-whole-1	2	2957246	2956913	45	22817071104	2001309696	python3*36 pt_gloo_runloop*2 ZMQbg/Reaper*2 ZMQbg/IO/0*2 pt_tcpstore_uv*1 cuda0000240000a*1 
2026-09-28T13:04:42+04:00	ck9c-nat-whole-1	2	2957247	2956913	42	801492992	608489472	python3*34 ZMQbg/Reaper*4 ZMQbg/IO/0*4 
2026-09-28T13:04:52+04:00	ck9c-nat-whole-1	2	2956896	363	2	24080384	6062080	uv*1 main2*1 
2026-09-28T13:04:52+04:00	ck9c-nat-whole-1	2	2956913	2956896	39	908242944	708206592	ft*35 ZMQbg/Reaper*2 ZMQbg/IO/0*2 
2026-09-28T13:04:52+04:00	ck9c-nat-whole-1	2	2957245	2956913	1	12767232	5935104	python3*1 
2026-09-28T13:04:52+04:00	ck9c-nat-whole-1	2	2957246	2956913	45	22817071104	2001309696	python3*36 pt_gloo_runloop*2 ZMQbg/Reaper*2 ZMQbg/IO/0*2 pt_tcpstore_uv*1 cuda0000240000a*1 
2026-09-28T13:04:52+04:00	ck9c-nat-whole-1	2	2957247	2956913	42	801492992	608489472	python3*34 ZMQbg/Reaper*4 ZMQbg/IO/0*4 
2026-09-28T13:05:32+04:00	ck9c-nat-mirror-1	0	2987279	363	3	23953408	6053888	uv*1 tokio-rt-worker*1 main2*1 
2026-09-28T13:05:32+04:00	ck9c-nat-mirror-1	0	2987296	2987279	16	471277568	251678720	ft*16 
2026-09-28T13:05:42+04:00	ck9c-nat-mirror-1	0	2987279	363	2	24084480	6053888	uv*1 main2*1 
2026-09-28T13:05:42+04:00	ck9c-nat-mirror-1	0	2987296	2987279	22	702119936	422772736	ft*18 ZMQbg/Reaper*2 ZMQbg/IO/0*2 
2026-09-28T13:05:42+04:00	ck9c-nat-mirror-1	0	2987862	2987296	1	12746752	5939200	python3*1 
2026-09-28T13:05:42+04:00	ck9c-nat-mirror-1	0	2987863	2987296	40	12600619008	10476158976	python3*35 pt_gloo_runloop*2 pt_tcpstore_uv*1 cuda0000240000a*1 cuda-EvtHandlr*1 
2026-09-28T13:05:42+04:00	ck9c-nat-mirror-1	0	2987864	2987296	23	884600832	606560256	python3*17 ZMQbg/Reaper*3 ZMQbg/IO/0*3 
2026-09-28T13:05:52+04:00	ck9c-nat-mirror-1	0	2987279	363	2	24084480	6053888	uv*1 main2*1 
2026-09-28T13:05:52+04:00	ck9c-nat-mirror-1	0	2987296	2987279	22	702124032	422776832	ft*18 ZMQbg/Reaper*2 ZMQbg/IO/0*2 
2026-09-28T13:05:52+04:00	ck9c-nat-mirror-1	0	2987862	2987296	1	12746752	5939200	python3*1 
2026-09-28T13:05:52+04:00	ck9c-nat-mirror-1	0	2987863	2987296	40	17558544384	15429861376	python3*35 pt_gloo_runloop*2 pt_tcpstore_uv*1 cuda0000240000a*1 cuda-EvtHandlr*1 
2026-09-28T13:05:53+04:00	ck9c-nat-mirror-1	0	2987864	2987296	23	884600832	606560256	python3*17 ZMQbg/Reaper*3 ZMQbg/IO/0*3 
2026-09-28T13:06:03+04:00	ck9c-nat-mirror-1	0	2987279	363	2	24084480	6053888	uv*1 main2*1 
2026-09-28T13:06:03+04:00	ck9c-nat-mirror-1	0	2987296	2987279	22	702124032	422776832	ft*18 ZMQbg/Reaper*2 ZMQbg/IO/0*2 
2026-09-28T13:06:03+04:00	ck9c-nat-mirror-1	0	2987862	2987296	1	12746752	5939200	python3*1 
2026-09-28T13:06:03+04:00	ck9c-nat-mirror-1	0	2987863	2987296	41	17561022464	15429931008	python3*36 pt_gloo_runloop*2 pt_tcpstore_uv*1 cuda0000240000a*1 cuda-EvtHandlr*1 
2026-09-28T13:06:03+04:00	ck9c-nat-mirror-1	0	2987864	2987296	23	884600832	606560256	python3*17 ZMQbg/Reaper*3 ZMQbg/IO/0*3 
2026-09-28T13:06:13+04:00	ck9c-nat-mirror-1	0	2987279	363	2	24084480	6053888	uv*1 main2*1 
2026-09-28T13:06:13+04:00	ck9c-nat-mirror-1	0	2987296	2987279	22	702132224	422785024	ft*18 ZMQbg/Reaper*2 ZMQbg/IO/0*2 
2026-09-28T13:06:13+04:00	ck9c-nat-mirror-1	0	2987862	2987296	1	12746752	5939200	python3*1 
2026-09-28T13:06:13+04:00	ck9c-nat-mirror-1	0	2987863	2987296	41	16343240704	15749963776	python3*36 pt_gloo_runloop*2 pt_tcpstore_uv*1 cuda0000240000a*1 cuda-EvtHandlr*1 
2026-09-28T13:06:13+04:00	ck9c-nat-mirror-1	0	2987864	2987296	23	884600832	606560256	python3*17 ZMQbg/Reaper*3 ZMQbg/IO/0*3 
2026-09-28T13:06:23+04:00	ck9c-nat-mirror-1	0	2987279	363	2	24084480	6053888	uv*1 main2*1 
2026-09-28T13:06:23+04:00	ck9c-nat-mirror-1	0	2987296	2987279	22	702132224	422785024	ft*18 ZMQbg/Reaper*2 ZMQbg/IO/0*2 
2026-09-28T13:06:23+04:00	ck9c-nat-mirror-1	0	2987862	2987296	1	12746752	5939200	python3*1 
2026-09-28T13:06:23+04:00	ck9c-nat-mirror-1	0	2987863	2987296	41	16601419776	15996891136	python3*36 pt_gloo_runloop*2 pt_tcpstore_uv*1 cuda0000240000a*1 cuda-EvtHandlr*1 
2026-09-28T13:06:23+04:00	ck9c-nat-mirror-1	0	2987864	2987296	23	884600832	606560256	python3*17 ZMQbg/Reaper*3 ZMQbg/IO/0*3 
2026-09-28T13:06:33+04:00	ck9c-nat-mirror-1	0	2987279	363	2	24084480	6053888	uv*1 main2*1 
2026-09-28T13:06:33+04:00	ck9c-nat-mirror-1	0	2987296	2987279	22	702132224	422785024	ft*18 ZMQbg/Reaper*2 ZMQbg/IO/0*2 
2026-09-28T13:06:33+04:00	ck9c-nat-mirror-1	0	2987862	2987296	1	12746752	5939200	python3*1 
2026-09-28T13:06:33+04:00	ck9c-nat-mirror-1	0	2987863	2987296	41	16866316288	16255623168	python3*36 pt_gloo_runloop*2 pt_tcpstore_uv*1 cuda0000240000a*1 cuda-EvtHandlr*1 
2026-09-28T13:06:33+04:00	ck9c-nat-mirror-1	0	2987864	2987296	23	884600832	606560256	python3*17 ZMQbg/Reaper*3 ZMQbg/IO/0*3 
2026-09-28T13:06:44+04:00	ck9c-nat-mirror-1	0	2987279	363	2	24084480	6053888	uv*1 main2*1 
2026-09-28T13:06:44+04:00	ck9c-nat-mirror-1	0	2987296	2987279	22	702177280	422801408	ft*18 ZMQbg/Reaper*2 ZMQbg/IO/0*2 
2026-09-28T13:06:44+04:00	ck9c-nat-mirror-1	0	2987862	2987296	1	12746752	5939200	python3*1 
2026-09-28T13:06:44+04:00	ck9c-nat-mirror-1	0	2987863	2987296	45	17070239744	16455999488	python3*36 pt_gloo_runloop*2 ZMQbg/Reaper*2 ZMQbg/IO/0*2 pt_tcpstore_uv*1 cuda0000240000a*1 
2026-09-28T13:06:44+04:00	ck9c-nat-mirror-1	0	2987864	2987296	23	884690944	606605312	python3*17 ZMQbg/Reaper*3 ZMQbg/IO/0*3 
2026-09-28T13:06:54+04:00	ck9c-nat-mirror-1	0	2987279	363	2	24084480	6053888	uv*1 main2*1 
2026-09-28T13:06:54+04:00	ck9c-nat-mirror-1	0	2987296	2987279	39	907378688	622067712	ft*35 ZMQbg/Reaper*2 ZMQbg/IO/0*2 
2026-09-28T13:06:54+04:00	ck9c-nat-mirror-1	0	2987862	2987296	1	12746752	5939200	python3*1 
2026-09-28T13:06:54+04:00	ck9c-nat-mirror-1	0	2987863	2987296	45	17074315264	16456552448	python3*36 pt_gloo_runloop*2 ZMQbg/Reaper*2 ZMQbg/IO/0*2 pt_tcpstore_uv*1 cuda0000240000a*1 
2026-09-28T13:06:54+04:00	ck9c-nat-mirror-1	0	2987864	2987296	39	888532992	607248384	python3*33 ZMQbg/Reaper*3 ZMQbg/IO/0*3 
2026-09-28T13:07:04+04:00	ck9c-nat-mirror-1	0	2987279	363	2	24084480	6053888	uv*1 main2*1 
2026-09-28T13:07:04+04:00	ck9c-nat-mirror-1	0	2987296	2987279	39	907378688	622067712	ft*35 ZMQbg/Reaper*2 ZMQbg/IO/0*2 
2026-09-28T13:07:04+04:00	ck9c-nat-mirror-1	0	2987862	2987296	1	12746752	5939200	python3*1 
2026-09-28T13:07:04+04:00	ck9c-nat-mirror-1	0	2987863	2987296	45	17074315264	16456552448	python3*36 pt_gloo_runloop*2 ZMQbg/Reaper*2 ZMQbg/IO/0*2 pt_tcpstore_uv*1 cuda0000240000a*1 
2026-09-28T13:07:04+04:00	ck9c-nat-mirror-1	0	2987864	2987296	39	888532992	607248384	python3*33 ZMQbg/Reaper*3 ZMQbg/IO/0*3 
2026-09-28T13:07:14+04:00	ck9c-nat-mirror-1	2	2987279	363	2	24084480	6053888	uv*1 main2*1 
2026-09-28T13:07:14+04:00	ck9c-nat-mirror-1	2	2987296	2987279	39	991961088	706650112	ft*35 ZMQbg/Reaper*2 ZMQbg/IO/0*2 
2026-09-28T13:07:14+04:00	ck9c-nat-mirror-1	2	2987862	2987296	1	12746752	5939200	python3*1 
2026-09-28T13:07:14+04:00	ck9c-nat-mirror-1	2	2987863	2987296	45	17081860096	16463540224	python3*36 pt_gloo_runloop*2 ZMQbg/Reaper*2 ZMQbg/IO/0*2 pt_tcpstore_uv*1 cuda0000240000a*1 
2026-09-28T13:07:15+04:00	ck9c-nat-mirror-1	2	2987864	2987296	39	888586240	607301632	python3*33 ZMQbg/Reaper*3 ZMQbg/IO/0*3 
2026-09-28T13:07:25+04:00	ck9c-nat-mirror-1	2	2987279	363	2	24084480	6053888	uv*1 main2*1 
2026-09-28T13:07:25+04:00	ck9c-nat-mirror-1	2	2987296	2987279	39	992423936	707112960	ft*35 ZMQbg/Reaper*2 ZMQbg/IO/0*2 
2026-09-28T13:07:25+04:00	ck9c-nat-mirror-1	2	2987862	2987296	1	12746752	5939200	python3*1 
2026-09-28T13:07:25+04:00	ck9c-nat-mirror-1	2	2987863	2987296	45	17081860096	16463540224	python3*36 pt_gloo_runloop*2 ZMQbg/Reaper*2 ZMQbg/IO/0*2 pt_tcpstore_uv*1 cuda0000240000a*1 
2026-09-28T13:07:25+04:00	ck9c-nat-mirror-1	2	2987864	2987296	39	888586240	607301632	python3*33 ZMQbg/Reaper*3 ZMQbg/IO/0*3 
2026-09-28T13:07:35+04:00	ck9c-nat-mirror-1	2	2987279	363	2	24084480	6053888	uv*1 main2*1 
2026-09-28T13:07:35+04:00	ck9c-nat-mirror-1	2	2987296	2987279	39	992624640	707313664	ft*35 ZMQbg/Reaper*2 ZMQbg/IO/0*2 
2026-09-28T13:07:35+04:00	ck9c-nat-mirror-1	2	2987862	2987296	1	12746752	5939200	python3*1 
2026-09-28T13:07:35+04:00	ck9c-nat-mirror-1	2	2987863	2987296	45	17081860096	16463540224	python3*36 pt_gloo_runloop*2 ZMQbg/Reaper*2 ZMQbg/IO/0*2 pt_tcpstore_uv*1 cuda0000240000a*1 
2026-09-28T13:07:36+04:00	ck9c-nat-mirror-1	2	2987864	2987296	39	888586240	607301632	python3*33 ZMQbg/Reaper*3 ZMQbg/IO/0*3 
2026-09-28T13:07:46+04:00	ck9c-nat-mirror-1	2	2987279	363	2	24084480	6053888	uv*1 main2*1 
2026-09-28T13:07:46+04:00	ck9c-nat-mirror-1	2	2987296	2987279	39	992714752	707403776	ft*35 ZMQbg/Reaper*2 ZMQbg/IO/0*2 
2026-09-28T13:07:46+04:00	ck9c-nat-mirror-1	2	2987862	2987296	1	12746752	5939200	python3*1 
2026-09-28T13:07:46+04:00	ck9c-nat-mirror-1	2	2987863	2987296	45	17081860096	16463540224	python3*36 pt_gloo_runloop*2 ZMQbg/Reaper*2 ZMQbg/IO/0*2 pt_tcpstore_uv*1 cuda0000240000a*1 
2026-09-28T13:07:46+04:00	ck9c-nat-mirror-1	2	2987864	2987296	39	888586240	607301632	python3*33 ZMQbg/Reaper*3 ZMQbg/IO/0*3 
2026-09-28T13:07:56+04:00	ck9c-nat-mirror-1	2	2987279	363	2	24084480	6053888	uv*1 main2*1 
2026-09-28T13:07:56+04:00	ck9c-nat-mirror-1	2	2987296	2987279	39	992739328	707428352	ft*35 ZMQbg/Reaper*2 ZMQbg/IO/0*2 
2026-09-28T13:07:56+04:00	ck9c-nat-mirror-1	2	2987862	2987296	1	12746752	5939200	python3*1 
2026-09-28T13:07:56+04:00	ck9c-nat-mirror-1	2	2987863	2987296	45	17081860096	16463540224	python3*36 pt_gloo_runloop*2 ZMQbg/Reaper*2 ZMQbg/IO/0*2 pt_tcpstore_uv*1 cuda0000240000a*1 
2026-09-28T13:07:56+04:00	ck9c-nat-mirror-1	2	2987864	2987296	39	888586240	607301632	python3*33 ZMQbg/Reaper*3 ZMQbg/IO/0*3 
2026-09-28T13:08:06+04:00	ck9c-nat-mirror-1	2	2987279	363	2	24084480	6053888	uv*1 main2*1 
2026-09-28T13:08:06+04:00	ck9c-nat-mirror-1	2	2987296	2987279	39	992829440	707518464	ft*35 ZMQbg/Reaper*2 ZMQbg/IO/0*2 
2026-09-28T13:08:06+04:00	ck9c-nat-mirror-1	2	2987862	2987296	1	12746752	5939200	python3*1 
2026-09-28T13:08:06+04:00	ck9c-nat-mirror-1	2	2987863	2987296	45	17081868288	16463548416	python3*36 pt_gloo_runloop*2 ZMQbg/Reaper*2 ZMQbg/IO/0*2 pt_tcpstore_uv*1 cuda0000240000a*1 
2026-09-28T13:08:06+04:00	ck9c-nat-mirror-1	2	2987864	2987296	39	888586240	607301632	python3*33 ZMQbg/Reaper*3 ZMQbg/IO/0*3 
2026-09-28T13:08:16+04:00	ck9c-nat-mirror-1	2	2987279	363	2	24084480	6053888	uv*1 main2*1 
2026-09-28T13:08:16+04:00	ck9c-nat-mirror-1	2	2987296	2987279	39	992829440	707518464	ft*35 ZMQbg/Reaper*2 ZMQbg/IO/0*2 
2026-09-28T13:08:16+04:00	ck9c-nat-mirror-1	2	2987862	2987296	1	12746752	5939200	python3*1 
2026-09-28T13:08:16+04:00	ck9c-nat-mirror-1	2	2987863	2987296	45	17081868288	16463548416	python3*36 pt_gloo_runloop*2 ZMQbg/Reaper*2 ZMQbg/IO/0*2 pt_tcpstore_uv*1 cuda0000240000a*1 
2026-09-28T13:08:17+04:00	ck9c-nat-mirror-1	2	2987864	2987296	39	888586240	607301632	python3*33 ZMQbg/Reaper*3 ZMQbg/IO/0*3 
2026-09-28T13:08:27+04:00	ck9c-nat-mirror-1	2	2987279	363	2	24084480	6053888	uv*1 main2*1 
2026-09-28T13:08:27+04:00	ck9c-nat-mirror-1	2	2987296	2987279	39	992919552	707608576	ft*35 ZMQbg/Reaper*2 ZMQbg/IO/0*2 
2026-09-28T13:08:27+04:00	ck9c-nat-mirror-1	2	2987862	2987296	1	12746752	5939200	python3*1 
2026-09-28T13:08:27+04:00	ck9c-nat-mirror-1	2	2987863	2987296	45	17081868288	16463548416	python3*36 pt_gloo_runloop*2 ZMQbg/Reaper*2 ZMQbg/IO/0*2 pt_tcpstore_uv*1 cuda0000240000a*1 
2026-09-28T13:08:27+04:00	ck9c-nat-mirror-1	2	2987864	2987296	39	888586240	607301632	python3*33 ZMQbg/Reaper*3 ZMQbg/IO/0*3 
2026-09-28T13:08:37+04:00	ck9c-nat-mirror-1	2	2987279	363	2	24084480	6053888	uv*1 main2*1 
2026-09-28T13:08:37+04:00	ck9c-nat-mirror-1	2	2987296	2987279	39	992919552	707608576	ft*35 ZMQbg/Reaper*2 ZMQbg/IO/0*2 
2026-09-28T13:08:37+04:00	ck9c-nat-mirror-1	2	2987862	2987296	1	12746752	5939200	python3*1 
2026-09-28T13:08:37+04:00	ck9c-nat-mirror-1	2	2987863	2987296	45	17081868288	16463548416	python3*36 pt_gloo_runloop*2 ZMQbg/Reaper*2 ZMQbg/IO/0*2 pt_tcpstore_uv*1 cuda0000240000a*1 
2026-09-28T13:08:37+04:00	ck9c-nat-mirror-1	2	2987864	2987296	39	888586240	607301632	python3*33 ZMQbg/Reaper*3 ZMQbg/IO/0*3 
2026-09-28T13:08:47+04:00	ck9c-nat-mirror-1	2	2987279	363	2	24084480	6053888	uv*1 main2*1 
2026-09-28T13:08:47+04:00	ck9c-nat-mirror-1	2	2987296	2987279	39	993513472	708202496	ft*35 ZMQbg/Reaper*2 ZMQbg/IO/0*2 
2026-09-28T13:08:47+04:00	ck9c-nat-mirror-1	2	2987862	2987296	1	12746752	5939200	python3*1 
2026-09-28T13:08:47+04:00	ck9c-nat-mirror-1	2	2987863	2987296	45	17081913344	16463593472	python3*36 pt_gloo_runloop*2 ZMQbg/Reaper*2 ZMQbg/IO/0*2 pt_tcpstore_uv*1 cuda0000240000a*1 
2026-09-28T13:08:47+04:00	ck9c-nat-mirror-1	2	2987864	2987296	42	888827904	607543296	python3*34 ZMQbg/Reaper*4 ZMQbg/IO/0*4 
2026-09-28T13:08:57+04:00	ck9c-nat-mirror-1	2	2987279	363	2	24084480	6053888	uv*1 main2*1 
2026-09-28T13:08:57+04:00	ck9c-nat-mirror-1	2	2987296	2987279	39	993521664	708210688	ft*35 ZMQbg/Reaper*2 ZMQbg/IO/0*2 
2026-09-28T13:08:57+04:00	ck9c-nat-mirror-1	2	2987862	2987296	1	12746752	5939200	python3*1 
2026-09-28T13:08:57+04:00	ck9c-nat-mirror-1	2	2987863	2987296	45	17081913344	16463593472	python3*36 pt_gloo_runloop*2 ZMQbg/Reaper*2 ZMQbg/IO/0*2 pt_tcpstore_uv*1 cuda0000240000a*1 
2026-09-28T13:08:57+04:00	ck9c-nat-mirror-1	2	2987864	2987296	42	888827904	607543296	python3*34 ZMQbg/Reaper*4 ZMQbg/IO/0*4 
2026-09-28T13:09:08+04:00	ck9c-nat-mirror-1	2	2987279	363	2	24084480	6053888	uv*1 main2*1 
2026-09-28T13:09:08+04:00	ck9c-nat-mirror-1	2	2987296	2987279	39	993521664	708210688	ft*35 ZMQbg/Reaper*2 ZMQbg/IO/0*2 
2026-09-28T13:09:08+04:00	ck9c-nat-mirror-1	2	2987862	2987296	1	12746752	5939200	python3*1 
2026-09-28T13:09:08+04:00	ck9c-nat-mirror-1	2	2987863	2987296	45	17081913344	16463593472	python3*36 pt_gloo_runloop*2 ZMQbg/Reaper*2 ZMQbg/IO/0*2 pt_tcpstore_uv*1 cuda0000240000a*1 
2026-09-28T13:09:08+04:00	ck9c-nat-mirror-1	2	2987864	2987296	42	888827904	607543296	python3*34 ZMQbg/Reaper*4 ZMQbg/IO/0*4 
2026-09-28T13:09:58+04:00	ck9c-nat-whole-2	0	3024477	363	3	24858624	6049792	uv*1 tokio-rt-worker*1 main2*1 
2026-09-28T13:09:58+04:00	ck9c-nat-whole-2	0	3024545	3024477	22	702459904	422744064	ft*18 ZMQbg/Reaper*2 ZMQbg/IO/0*2 
2026-09-28T13:09:58+04:00	ck9c-nat-whole-2	0	3024826	3024545	1	12783616	5943296	python3*1 
2026-09-28T13:09:58+04:00	ck9c-nat-whole-2	0	3024827	3024545	41	3140501504	964616192	python3*36 pt_gloo_runloop*2 pt_tcpstore_uv*1 cuda0000240000a*1 cuda-EvtHandlr*1 
2026-09-28T13:09:59+04:00	ck9c-nat-whole-2	0	3024828	3024545	23	884715520	606552064	python3*17 ZMQbg/Reaper*3 ZMQbg/IO/0*3 
2026-09-28T13:10:09+04:00	ck9c-nat-whole-2	0	3024477	363	2	24989696	6049792	uv*1 main2*1 
2026-09-28T13:10:09+04:00	ck9c-nat-whole-2	0	3024545	3024477	22	702464000	422748160	ft*18 ZMQbg/Reaper*2 ZMQbg/IO/0*2 
2026-09-28T13:10:09+04:00	ck9c-nat-whole-2	0	3024826	3024545	1	12783616	5943296	python3*1 
2026-09-28T13:10:09+04:00	ck9c-nat-whole-2	0	3024827	3024545	41	11766714368	986042368	python3*36 pt_gloo_runloop*2 pt_tcpstore_uv*1 cuda0000240000a*1 cuda-EvtHandlr*1 
2026-09-28T13:10:09+04:00	ck9c-nat-whole-2	0	3024828	3024545	23	884715520	606552064	python3*17 ZMQbg/Reaper*3 ZMQbg/IO/0*3 
2026-09-28T13:10:19+04:00	ck9c-nat-whole-2	0	3024477	363	2	24911872	6049792	uv*1 main2*1 
2026-09-28T13:10:19+04:00	ck9c-nat-whole-2	0	3024545	3024477	22	685395968	422752256	ft*18 ZMQbg/Reaper*2 ZMQbg/IO/0*2 
2026-09-28T13:10:19+04:00	ck9c-nat-whole-2	0	3024826	3024545	1	12783616	5943296	python3*1 
2026-09-28T13:10:19+04:00	ck9c-nat-whole-2	0	3024827	3024545	41	20023554048	986443776	python3*36 pt_gloo_runloop*2 pt_tcpstore_uv*1 cuda0000240000a*1 cuda-EvtHandlr*1 
2026-09-28T13:10:19+04:00	ck9c-nat-whole-2	0	3024828	3024545	23	867704832	606552064	python3*17 ZMQbg/Reaper*3 ZMQbg/IO/0*3 
2026-09-28T13:10:29+04:00	ck9c-nat-whole-2	0	3024477	363	2	22110208	6049792	uv*1 main2*1 
2026-09-28T13:10:29+04:00	ck9c-nat-whole-2	0	3024545	3024477	22	660049920	422752256	ft*18 ZMQbg/Reaper*2 ZMQbg/IO/0*2 
2026-09-28T13:10:29+04:00	ck9c-nat-whole-2	0	3024826	3024545	1	12713984	5943296	python3*1 
2026-09-28T13:10:29+04:00	ck9c-nat-whole-2	0	3024827	3024545	41	22604709888	1766289408	python3*36 pt_gloo_runloop*2 pt_tcpstore_uv*1 cuda0000240000a*1 cuda-EvtHandlr*1 
2026-09-28T13:10:30+04:00	ck9c-nat-whole-2	0	3024828	3024545	23	841973760	606552064	python3*17 ZMQbg/Reaper*3 ZMQbg/IO/0*3 
2026-09-28T13:10:40+04:00	ck9c-nat-whole-2	0	3024477	363	2	22106112	6049792	uv*1 main2*1 
2026-09-28T13:10:40+04:00	ck9c-nat-whole-2	0	3024545	3024477	39	863944704	622141440	ft*35 ZMQbg/Reaper*2 ZMQbg/IO/0*2 
2026-09-28T13:10:40+04:00	ck9c-nat-whole-2	0	3024826	3024545	1	12713984	5943296	python3*1 
2026-09-28T13:10:40+04:00	ck9c-nat-whole-2	0	3024827	3024545	45	22836391936	1992200192	python3*36 pt_gloo_runloop*2 ZMQbg/Reaper*2 ZMQbg/IO/0*2 pt_tcpstore_uv*1 cuda0000240000a*1 
2026-09-28T13:10:40+04:00	ck9c-nat-whole-2	0	3024828	3024545	39	844554240	607084544	python3*33 ZMQbg/Reaper*3 ZMQbg/IO/0*3 
2026-09-28T13:10:50+04:00	ck9c-nat-whole-2	0	3024477	363	2	22106112	6049792	uv*1 main2*1 
2026-09-28T13:10:50+04:00	ck9c-nat-whole-2	0	3024545	3024477	39	863944704	622141440	ft*35 ZMQbg/Reaper*2 ZMQbg/IO/0*2 
2026-09-28T13:10:50+04:00	ck9c-nat-whole-2	0	3024826	3024545	1	12713984	5943296	python3*1 
2026-09-28T13:10:50+04:00	ck9c-nat-whole-2	0	3024827	3024545	45	22836391936	1992200192	python3*36 pt_gloo_runloop*2 ZMQbg/Reaper*2 ZMQbg/IO/0*2 pt_tcpstore_uv*1 cuda0000240000a*1 
2026-09-28T13:10:50+04:00	ck9c-nat-whole-2	0	3024828	3024545	39	844554240	607084544	python3*33 ZMQbg/Reaper*3 ZMQbg/IO/0*3 
2026-09-28T13:11:00+04:00	ck9c-nat-whole-2	1	3024477	363	2	22106112	6049792	uv*1 main2*1 
2026-09-28T13:11:00+04:00	ck9c-nat-whole-2	1	3024545	3024477	39	864043008	622239744	ft*35 ZMQbg/Reaper*2 ZMQbg/IO/0*2 
2026-09-28T13:11:01+04:00	ck9c-nat-whole-2	1	3024826	3024545	1	12713984	5943296	python3*1 
2026-09-28T13:11:01+04:00	ck9c-nat-whole-2	1	3024827	3024545	45	22836445184	1992253440	python3*36 pt_gloo_runloop*2 ZMQbg/Reaper*2 ZMQbg/IO/0*2 pt_tcpstore_uv*1 cuda0000240000a*1 
2026-09-28T13:11:01+04:00	ck9c-nat-whole-2	1	3024828	3024545	39	844587008	607117312	python3*33 ZMQbg/Reaper*3 ZMQbg/IO/0*3 
2026-09-28T13:11:11+04:00	ck9c-nat-whole-2	2	3024477	363	2	22106112	6049792	uv*1 main2*1 
2026-09-28T13:11:11+04:00	ck9c-nat-whole-2	2	3024545	3024477	39	948895744	707092480	ft*35 ZMQbg/Reaper*2 ZMQbg/IO/0*2 
2026-09-28T13:11:11+04:00	ck9c-nat-whole-2	2	3024826	3024545	1	12713984	5943296	python3*1 
2026-09-28T13:11:11+04:00	ck9c-nat-whole-2	2	3024827	3024545	45	22844329984	1999618048	python3*36 pt_gloo_runloop*2 ZMQbg/Reaper*2 ZMQbg/IO/0*2 pt_tcpstore_uv*1 cuda0000240000a*1 
2026-09-28T13:11:11+04:00	ck9c-nat-whole-2	2	3024828	3024545	39	844591104	607121408	python3*33 ZMQbg/Reaper*3 ZMQbg/IO/0*3 
2026-09-28T13:11:22+04:00	ck9c-nat-whole-2	2	3024477	363	2	22106112	6049792	uv*1 main2*1 
2026-09-28T13:11:22+04:00	ck9c-nat-whole-2	2	3024545	3024477	39	949141504	707338240	ft*35 ZMQbg/Reaper*2 ZMQbg/IO/0*2 
2026-09-28T13:11:22+04:00	ck9c-nat-whole-2	2	3024826	3024545	1	12713984	5943296	python3*1 
2026-09-28T13:11:22+04:00	ck9c-nat-whole-2	2	3024827	3024545	45	22844329984	1999618048	python3*36 pt_gloo_runloop*2 ZMQbg/Reaper*2 ZMQbg/IO/0*2 pt_tcpstore_uv*1 cuda0000240000a*1 
2026-09-28T13:11:22+04:00	ck9c-nat-whole-2	2	3024828	3024545	39	844591104	607121408	python3*33 ZMQbg/Reaper*3 ZMQbg/IO/0*3 
2026-09-28T13:11:32+04:00	ck9c-nat-whole-2	2	3024477	363	2	22106112	6049792	uv*1 main2*1 
2026-09-28T13:11:32+04:00	ck9c-nat-whole-2	2	3024545	3024477	39	949243904	707440640	ft*35 ZMQbg/Reaper*2 ZMQbg/IO/0*2 
2026-09-28T13:11:32+04:00	ck9c-nat-whole-2	2	3024826	3024545	1	12713984	5943296	python3*1 
2026-09-28T13:11:32+04:00	ck9c-nat-whole-2	2	3024827	3024545	45	22844329984	1999618048	python3*36 pt_gloo_runloop*2 ZMQbg/Reaper*2 ZMQbg/IO/0*2 pt_tcpstore_uv*1 cuda0000240000a*1 
2026-09-28T13:11:32+04:00	ck9c-nat-whole-2	2	3024828	3024545	39	844591104	607121408	python3*33 ZMQbg/Reaper*3 ZMQbg/IO/0*3 
2026-09-28T13:11:42+04:00	ck9c-nat-whole-2	2	3024477	363	2	21938176	6049792	uv*1 main2*1 
2026-09-28T13:11:42+04:00	ck9c-nat-whole-2	2	3024545	3024477	39	946995200	707526656	ft*35 ZMQbg/Reaper*2 ZMQbg/IO/0*2 
2026-09-28T13:11:42+04:00	ck9c-nat-whole-2	2	3024826	3024545	1	12713984	5943296	python3*1 
2026-09-28T13:11:42+04:00	ck9c-nat-whole-2	2	3024827	3024545	45	22836224000	1999618048	python3*36 pt_gloo_runloop*2 ZMQbg/Reaper*2 ZMQbg/IO/0*2 pt_tcpstore_uv*1 cuda0000240000a*1 
2026-09-28T13:11:42+04:00	ck9c-nat-whole-2	2	3024828	3024545	39	842301440	607121408	python3*33 ZMQbg/Reaper*3 ZMQbg/IO/0*3 
2026-09-28T13:11:52+04:00	ck9c-nat-whole-2	2	3024477	363	2	20692992	6049792	uv*1 main2*1 
2026-09-28T13:11:52+04:00	ck9c-nat-whole-2	2	3024545	3024477	39	935501824	707526656	ft*35 ZMQbg/Reaper*2 ZMQbg/IO/0*2 
2026-09-28T13:11:53+04:00	ck9c-nat-whole-2	2	3024826	3024545	1	12713984	5943296	python3*1 
2026-09-28T13:11:53+04:00	ck9c-nat-whole-2	2	3024827	3024545	45	22815842304	1999618048	python3*36 pt_gloo_runloop*2 ZMQbg/Reaper*2 ZMQbg/IO/0*2 pt_tcpstore_uv*1 cuda0000240000a*1 
2026-09-28T13:11:53+04:00	ck9c-nat-whole-2	2	3024828	3024545	39	830857216	607121408	python3*33 ZMQbg/Reaper*3 ZMQbg/IO/0*3 
2026-09-28T13:12:03+04:00	ck9c-nat-whole-2	2	3024477	363	2	16904192	3121152	uv*1 main2*1 
2026-09-28T13:12:03+04:00	ck9c-nat-whole-2	2	3024545	3024477	39	869801984	648216576	ft*35 ZMQbg/Reaper*2 ZMQbg/IO/0*2 
2026-09-28T13:12:03+04:00	ck9c-nat-whole-2	2	3024826	3024545	1	12713984	5943296	python3*1 
2026-09-28T13:12:03+04:00	ck9c-nat-whole-2	2	3024827	3024545	45	22809133056	1999618048	python3*36 pt_gloo_runloop*2 ZMQbg/Reaper*2 ZMQbg/IO/0*2 pt_tcpstore_uv*1 cuda0000240000a*1 
2026-09-28T13:12:03+04:00	ck9c-nat-whole-2	2	3024828	3024545	39	824848384	607121408	python3*33 ZMQbg/Reaper*3 ZMQbg/IO/0*3 
2026-09-28T13:12:13+04:00	ck9c-nat-whole-2	2	3024477	363	2	16904192	3121152	uv*1 main2*1 
2026-09-28T13:12:13+04:00	ck9c-nat-whole-2	2	3024545	3024477	39	869801984	648216576	ft*35 ZMQbg/Reaper*2 ZMQbg/IO/0*2 
2026-09-28T13:12:13+04:00	ck9c-nat-whole-2	2	3024826	3024545	1	12713984	5943296	python3*1 
2026-09-28T13:12:13+04:00	ck9c-nat-whole-2	2	3024827	3024545	45	22809133056	1999618048	python3*36 pt_gloo_runloop*2 ZMQbg/Reaper*2 ZMQbg/IO/0*2 pt_tcpstore_uv*1 cuda0000240000a*1 
2026-09-28T13:12:13+04:00	ck9c-nat-whole-2	2	3024828	3024545	39	824848384	607121408	python3*33 ZMQbg/Reaper*3 ZMQbg/IO/0*3 
2026-09-28T13:12:23+04:00	ck9c-nat-whole-2	2	3024477	363	2	16904192	3121152	uv*1 main2*1 
2026-09-28T13:12:23+04:00	ck9c-nat-whole-2	2	3024545	3024477	39	870412288	648826880	ft*35 ZMQbg/Reaper*2 ZMQbg/IO/0*2 
2026-09-28T13:12:23+04:00	ck9c-nat-whole-2	2	3024826	3024545	1	12713984	5943296	python3*1 
2026-09-28T13:12:23+04:00	ck9c-nat-whole-2	2	3024827	3024545	45	22809178112	1999663104	python3*36 pt_gloo_runloop*2 ZMQbg/Reaper*2 ZMQbg/IO/0*2 pt_tcpstore_uv*1 cuda0000240000a*1 
2026-09-28T13:12:24+04:00	ck9c-nat-whole-2	2	3024828	3024545	42	825008128	607215616	python3*34 ZMQbg/Reaper*4 ZMQbg/IO/0*4 
2026-09-28T13:12:34+04:00	ck9c-nat-whole-2	2	3024477	363	2	16904192	3121152	uv*1 main2*1 
2026-09-28T13:12:34+04:00	ck9c-nat-whole-2	2	3024545	3024477	39	870412288	648826880	ft*35 ZMQbg/Reaper*2 ZMQbg/IO/0*2 
2026-09-28T13:12:34+04:00	ck9c-nat-whole-2	2	3024826	3024545	1	12713984	5943296	python3*1 
2026-09-28T13:12:34+04:00	ck9c-nat-whole-2	2	3024827	3024545	45	22809178112	1999663104	python3*36 pt_gloo_runloop*2 ZMQbg/Reaper*2 ZMQbg/IO/0*2 pt_tcpstore_uv*1 cuda0000240000a*1 
2026-09-28T13:12:34+04:00	ck9c-nat-whole-2	2	3024828	3024545	42	825008128	607215616	python3*34 ZMQbg/Reaper*4 ZMQbg/IO/0*4 
2026-09-28T13:12:44+04:00	ck9c-nat-whole-2	2	3024477	363	2	16904192	3121152	uv*1 main2*1 
2026-09-28T13:12:44+04:00	ck9c-nat-whole-2	2	3024545	3024477	39	870416384	648830976	ft*35 ZMQbg/Reaper*2 ZMQbg/IO/0*2 
2026-09-28T13:12:44+04:00	ck9c-nat-whole-2	2	3024826	3024545	1	12713984	5943296	python3*1 
2026-09-28T13:12:44+04:00	ck9c-nat-whole-2	2	3024827	3024545	45	22809178112	1999663104	python3*36 pt_gloo_runloop*2 ZMQbg/Reaper*2 ZMQbg/IO/0*2 pt_tcpstore_uv*1 cuda0000240000a*1 
2026-09-28T13:12:44+04:00	ck9c-nat-whole-2	2	3024828	3024545	42	825008128	607215616	python3*34 ZMQbg/Reaper*4 ZMQbg/IO/0*4 
2026-09-28T13:13:35+04:00	ck9c-nat-mirror-2	0	3054806	363	3	24522752	6062080	uv*1 tokio-rt-worker*1 main2*1 
2026-09-28T13:13:35+04:00	ck9c-nat-mirror-2	0	3054869	3054806	22	698400768	422748160	ft*18 ZMQbg/Reaper*2 ZMQbg/IO/0*2 
2026-09-28T13:13:35+04:00	ck9c-nat-mirror-2	0	3055267	3054869	1	12804096	5935104	python3*1 
2026-09-28T13:13:35+04:00	ck9c-nat-mirror-2	0	3055268	3054869	25	2069835776	803364864	python3*20 pt_gloo_runloop*2 pt_tcpstore_uv*1 cuda0000240000a*1 cuda-EvtHandlr*1 
2026-09-28T13:13:35+04:00	ck9c-nat-mirror-2	0	3055269	3054869	23	881844224	607395840	python3*17 ZMQbg/Reaper*3 ZMQbg/IO/0*3 
2026-09-28T13:13:45+04:00	ck9c-nat-mirror-2	0	3054806	363	2	24653824	6062080	uv*1 main2*1 
2026-09-28T13:13:45+04:00	ck9c-nat-mirror-2	0	3054869	3054806	22	698404864	422752256	ft*18 ZMQbg/Reaper*2 ZMQbg/IO/0*2 
2026-09-28T13:13:45+04:00	ck9c-nat-mirror-2	0	3055267	3054869	1	12804096	5935104	python3*1 
2026-09-28T13:13:45+04:00	ck9c-nat-mirror-2	0	3055268	3054869	40	17463951360	15380570112	python3*35 pt_gloo_runloop*2 pt_tcpstore_uv*1 cuda0000240000a*1 cuda-EvtHandlr*1 
2026-09-28T13:13:45+04:00	ck9c-nat-mirror-2	0	3055269	3054869	23	881844224	607395840	python3*17 ZMQbg/Reaper*3 ZMQbg/IO/0*3 
2026-09-28T13:13:56+04:00	ck9c-nat-mirror-2	0	3054806	363	2	24653824	6062080	uv*1 main2*1 
2026-09-28T13:13:56+04:00	ck9c-nat-mirror-2	0	3054869	3054806	22	698404864	422752256	ft*18 ZMQbg/Reaper*2 ZMQbg/IO/0*2 
2026-09-28T13:13:56+04:00	ck9c-nat-mirror-2	0	3055267	3054869	1	12804096	5935104	python3*1 
2026-09-28T13:13:56+04:00	ck9c-nat-mirror-2	0	3055268	3054869	41	17552887808	15427895296	python3*36 pt_gloo_runloop*2 pt_tcpstore_uv*1 cuda0000240000a*1 cuda-EvtHandlr*1 
2026-09-28T13:13:56+04:00	ck9c-nat-mirror-2	0	3055269	3054869	23	881844224	607395840	python3*17 ZMQbg/Reaper*3 ZMQbg/IO/0*3 
2026-09-28T13:14:06+04:00	ck9c-nat-mirror-2	0	3054806	363	2	24653824	6062080	uv*1 main2*1 
2026-09-28T13:14:06+04:00	ck9c-nat-mirror-2	0	3054869	3054806	22	698404864	422752256	ft*18 ZMQbg/Reaper*2 ZMQbg/IO/0*2 
2026-09-28T13:14:06+04:00	ck9c-nat-mirror-2	0	3055267	3054869	1	12804096	5935104	python3*1 
2026-09-28T13:14:06+04:00	ck9c-nat-mirror-2	0	3055268	3054869	41	16335417344	15748087808	python3*36 pt_gloo_runloop*2 pt_tcpstore_uv*1 cuda0000240000a*1 cuda-EvtHandlr*1 
2026-09-28T13:14:06+04:00	ck9c-nat-mirror-2	0	3055269	3054869	23	881844224	607395840	python3*17 ZMQbg/Reaper*3 ZMQbg/IO/0*3 
2026-09-28T13:14:16+04:00	ck9c-nat-mirror-2	0	3054806	363	2	24653824	6062080	uv*1 main2*1 
2026-09-28T13:14:16+04:00	ck9c-nat-mirror-2	0	3054869	3054806	22	698408960	422756352	ft*18 ZMQbg/Reaper*2 ZMQbg/IO/0*2 
2026-09-28T13:14:16+04:00	ck9c-nat-mirror-2	0	3055267	3054869	1	12804096	5935104	python3*1 
2026-09-28T13:14:16+04:00	ck9c-nat-mirror-2	0	3055268	3054869	41	16335425536	15748096000	python3*36 pt_gloo_runloop*2 pt_tcpstore_uv*1 cuda0000240000a*1 cuda-EvtHandlr*1 
2026-09-28T13:14:16+04:00	ck9c-nat-mirror-2	0	3055269	3054869	23	881844224	607395840	python3*17 ZMQbg/Reaper*3 ZMQbg/IO/0*3 
2026-09-28T13:14:27+04:00	ck9c-nat-mirror-2	0	3054806	363	2	24653824	6062080	uv*1 main2*1 
2026-09-28T13:14:27+04:00	ck9c-nat-mirror-2	0	3054869	3054806	22	698413056	422760448	ft*18 ZMQbg/Reaper*2 ZMQbg/IO/0*2 
2026-09-28T13:14:27+04:00	ck9c-nat-mirror-2	0	3055267	3054869	1	12804096	5935104	python3*1 
2026-09-28T13:14:27+04:00	ck9c-nat-mirror-2	0	3055268	3054869	41	16593391616	15995076608	python3*36 pt_gloo_runloop*2 pt_tcpstore_uv*1 cuda0000240000a*1 cuda-EvtHandlr*1 
2026-09-28T13:14:27+04:00	ck9c-nat-mirror-2	0	3055269	3054869	23	881844224	607395840	python3*17 ZMQbg/Reaper*3 ZMQbg/IO/0*3 
2026-09-28T13:14:37+04:00	ck9c-nat-mirror-2	0	3054806	363	2	24653824	6062080	uv*1 main2*1 
2026-09-28T13:14:37+04:00	ck9c-nat-mirror-2	0	3054869	3054806	22	698413056	422760448	ft*18 ZMQbg/Reaper*2 ZMQbg/IO/0*2 
2026-09-28T13:14:37+04:00	ck9c-nat-mirror-2	0	3055267	3054869	1	12804096	5935104	python3*1 
2026-09-28T13:14:37+04:00	ck9c-nat-mirror-2	0	3055268	3054869	41	16858120192	16253591552	python3*36 pt_gloo_runloop*2 pt_tcpstore_uv*1 cuda0000240000a*1 cuda-EvtHandlr*1 
2026-09-28T13:14:38+04:00	ck9c-nat-mirror-2	0	3055269	3054869	23	881844224	607395840	python3*17 ZMQbg/Reaper*3 ZMQbg/IO/0*3 
2026-09-28T13:14:48+04:00	ck9c-nat-mirror-2	0	3054806	363	2	24653824	6062080	uv*1 main2*1 
2026-09-28T13:14:48+04:00	ck9c-nat-mirror-2	0	3054869	3054806	39	902696960	621080576	ft*35 ZMQbg/Reaper*2 ZMQbg/IO/0*2 
2026-09-28T13:14:48+04:00	ck9c-nat-mirror-2	0	3055267	3054869	1	12804096	5935104	python3*1 
2026-09-28T13:14:48+04:00	ck9c-nat-mirror-2	0	3055268	3054869	45	17068011520	16456331264	python3*36 pt_gloo_runloop*2 ZMQbg/Reaper*2 ZMQbg/IO/0*2 pt_tcpstore_uv*1 cuda0000240000a*1 
2026-09-28T13:14:48+04:00	ck9c-nat-mirror-2	0	3055269	3054869	39	885936128	608219136	python3*33 ZMQbg/Reaper*3 ZMQbg/IO/0*3 
2026-09-28T13:14:58+04:00	ck9c-nat-mirror-2	0	3054806	363	2	24653824	6062080	uv*1 main2*1 
2026-09-28T13:14:58+04:00	ck9c-nat-mirror-2	0	3054869	3054806	39	902696960	621080576	ft*35 ZMQbg/Reaper*2 ZMQbg/IO/0*2 
2026-09-28T13:14:58+04:00	ck9c-nat-mirror-2	0	3055267	3054869	1	12804096	5935104	python3*1 
2026-09-28T13:14:58+04:00	ck9c-nat-mirror-2	0	3055268	3054869	45	17068011520	16456331264	python3*36 pt_gloo_runloop*2 ZMQbg/Reaper*2 ZMQbg/IO/0*2 pt_tcpstore_uv*1 cuda0000240000a*1 
2026-09-28T13:14:59+04:00	ck9c-nat-mirror-2	0	3055269	3054869	39	885936128	608219136	python3*33 ZMQbg/Reaper*3 ZMQbg/IO/0*3 
2026-09-28T13:15:09+04:00	ck9c-nat-mirror-2	2	3054806	363	2	24653824	6062080	uv*1 main2*1 
2026-09-28T13:15:09+04:00	ck9c-nat-mirror-2	2	3054869	3054806	39	988327936	706711552	ft*35 ZMQbg/Reaper*2 ZMQbg/IO/0*2 
2026-09-28T13:15:09+04:00	ck9c-nat-mirror-2	2	3055267	3054869	1	12804096	5935104	python3*1 
2026-09-28T13:15:09+04:00	ck9c-nat-mirror-2	2	3055268	3054869	45	17075695616	16463491072	python3*36 pt_gloo_runloop*2 ZMQbg/Reaper*2 ZMQbg/IO/0*2 pt_tcpstore_uv*1 cuda0000240000a*1 
2026-09-28T13:15:09+04:00	ck9c-nat-mirror-2	2	3055269	3054869	39	885972992	608256000	python3*33 ZMQbg/Reaper*3 ZMQbg/IO/0*3 
2026-09-28T13:15:19+04:00	ck9c-nat-mirror-2	2	3054806	363	2	24653824	6062080	uv*1 main2*1 
2026-09-28T13:15:19+04:00	ck9c-nat-mirror-2	2	3054869	3054806	39	988835840	707219456	ft*35 ZMQbg/Reaper*2 ZMQbg/IO/0*2 
2026-09-28T13:15:19+04:00	ck9c-nat-mirror-2	2	3055267	3054869	1	12804096	5935104	python3*1 
2026-09-28T13:15:19+04:00	ck9c-nat-mirror-2	2	3055268	3054869	45	17075695616	16463491072	python3*36 pt_gloo_runloop*2 ZMQbg/Reaper*2 ZMQbg/IO/0*2 pt_tcpstore_uv*1 cuda0000240000a*1 
2026-09-28T13:15:19+04:00	ck9c-nat-mirror-2	2	3055269	3054869	39	885972992	608256000	python3*33 ZMQbg/Reaper*3 ZMQbg/IO/0*3 
2026-09-28T13:15:30+04:00	ck9c-nat-mirror-2	2	3054806	363	2	24653824	6062080	uv*1 main2*1 
2026-09-28T13:15:30+04:00	ck9c-nat-mirror-2	2	3054869	3054806	39	989057024	707440640	ft*35 ZMQbg/Reaper*2 ZMQbg/IO/0*2 
2026-09-28T13:15:30+04:00	ck9c-nat-mirror-2	2	3055267	3054869	1	12804096	5935104	python3*1 
2026-09-28T13:15:30+04:00	ck9c-nat-mirror-2	2	3055268	3054869	45	17075695616	16463491072	python3*36 pt_gloo_runloop*2 ZMQbg/Reaper*2 ZMQbg/IO/0*2 pt_tcpstore_uv*1 cuda0000240000a*1 
2026-09-28T13:15:30+04:00	ck9c-nat-mirror-2	2	3055269	3054869	39	885972992	608256000	python3*33 ZMQbg/Reaper*3 ZMQbg/IO/0*3 
2026-09-28T13:15:40+04:00	ck9c-nat-mirror-2	2	3054806	363	2	24653824	6062080	uv*1 main2*1 
2026-09-28T13:15:40+04:00	ck9c-nat-mirror-2	2	3054869	3054806	39	989069312	707452928	ft*35 ZMQbg/Reaper*2 ZMQbg/IO/0*2 
2026-09-28T13:15:40+04:00	ck9c-nat-mirror-2	2	3055267	3054869	1	12804096	5935104	python3*1 
2026-09-28T13:15:40+04:00	ck9c-nat-mirror-2	2	3055268	3054869	45	17075695616	16463491072	python3*36 pt_gloo_runloop*2 ZMQbg/Reaper*2 ZMQbg/IO/0*2 pt_tcpstore_uv*1 cuda0000240000a*1 
2026-09-28T13:15:40+04:00	ck9c-nat-mirror-2	2	3055269	3054869	39	885972992	608256000	python3*33 ZMQbg/Reaper*3 ZMQbg/IO/0*3 
2026-09-28T13:15:50+04:00	ck9c-nat-mirror-2	2	3054806	363	2	24653824	6062080	uv*1 main2*1 
2026-09-28T13:15:50+04:00	ck9c-nat-mirror-2	2	3054869	3054806	39	989188096	707571712	ft*35 ZMQbg/Reaper*2 ZMQbg/IO/0*2 
2026-09-28T13:15:51+04:00	ck9c-nat-mirror-2	2	3055267	3054869	1	12804096	5935104	python3*1 
2026-09-28T13:15:51+04:00	ck9c-nat-mirror-2	2	3055268	3054869	45	17075703808	16463499264	python3*36 pt_gloo_runloop*2 ZMQbg/Reaper*2 ZMQbg/IO/0*2 pt_tcpstore_uv*1 cuda0000240000a*1 
2026-09-28T13:15:51+04:00	ck9c-nat-mirror-2	2	3055269	3054869	39	885972992	608256000	python3*33 ZMQbg/Reaper*3 ZMQbg/IO/0*3 
2026-09-28T13:16:01+04:00	ck9c-nat-mirror-2	2	3054806	363	2	24653824	6062080	uv*1 main2*1 
2026-09-28T13:16:01+04:00	ck9c-nat-mirror-2	2	3054869	3054806	39	989188096	707571712	ft*35 ZMQbg/Reaper*2 ZMQbg/IO/0*2 
2026-09-28T13:16:01+04:00	ck9c-nat-mirror-2	2	3055267	3054869	1	12804096	5935104	python3*1 
2026-09-28T13:16:01+04:00	ck9c-nat-mirror-2	2	3055268	3054869	45	17075703808	16463499264	python3*36 pt_gloo_runloop*2 ZMQbg/Reaper*2 ZMQbg/IO/0*2 pt_tcpstore_uv*1 cuda0000240000a*1 
2026-09-28T13:16:01+04:00	ck9c-nat-mirror-2	2	3055269	3054869	39	885972992	608256000	python3*33 ZMQbg/Reaper*3 ZMQbg/IO/0*3 
2026-09-28T13:16:11+04:00	ck9c-nat-mirror-2	2	3054806	363	2	24653824	6062080	uv*1 main2*1 
2026-09-28T13:16:11+04:00	ck9c-nat-mirror-2	2	3054869	3054806	39	989192192	707575808	ft*35 ZMQbg/Reaper*2 ZMQbg/IO/0*2 
2026-09-28T13:16:11+04:00	ck9c-nat-mirror-2	2	3055267	3054869	1	12804096	5935104	python3*1 
2026-09-28T13:16:11+04:00	ck9c-nat-mirror-2	2	3055268	3054869	45	17075703808	16463499264	python3*36 pt_gloo_runloop*2 ZMQbg/Reaper*2 ZMQbg/IO/0*2 pt_tcpstore_uv*1 cuda0000240000a*1 
2026-09-28T13:16:12+04:00	ck9c-nat-mirror-2	2	3055269	3054869	39	885972992	608256000	python3*33 ZMQbg/Reaper*3 ZMQbg/IO/0*3 
2026-09-28T13:16:22+04:00	ck9c-nat-mirror-2	2	3054806	363	2	24653824	6062080	uv*1 main2*1 
2026-09-28T13:16:22+04:00	ck9c-nat-mirror-2	2	3054869	3054806	39	989282304	707665920	ft*35 ZMQbg/Reaper*2 ZMQbg/IO/0*2 
2026-09-28T13:16:22+04:00	ck9c-nat-mirror-2	2	3055267	3054869	1	12804096	5935104	python3*1 
2026-09-28T13:16:22+04:00	ck9c-nat-mirror-2	2	3055268	3054869	45	17075703808	16463499264	python3*36 pt_gloo_runloop*2 ZMQbg/Reaper*2 ZMQbg/IO/0*2 pt_tcpstore_uv*1 cuda0000240000a*1 
2026-09-28T13:16:22+04:00	ck9c-nat-mirror-2	2	3055269	3054869	39	885972992	608256000	python3*33 ZMQbg/Reaper*3 ZMQbg/IO/0*3 
2026-09-28T13:16:32+04:00	ck9c-nat-mirror-2	2	3054806	363	2	24653824	6062080	uv*1 main2*1 
2026-09-28T13:16:32+04:00	ck9c-nat-mirror-2	2	3054869	3054806	39	989282304	707665920	ft*35 ZMQbg/Reaper*2 ZMQbg/IO/0*2 
2026-09-28T13:16:32+04:00	ck9c-nat-mirror-2	2	3055267	3054869	1	12804096	5935104	python3*1 
2026-09-28T13:16:32+04:00	ck9c-nat-mirror-2	2	3055268	3054869	45	17075703808	16463499264	python3*36 pt_gloo_runloop*2 ZMQbg/Reaper*2 ZMQbg/IO/0*2 pt_tcpstore_uv*1 cuda0000240000a*1 
2026-09-28T13:16:33+04:00	ck9c-nat-mirror-2	2	3055269	3054869	39	885972992	608256000	python3*33 ZMQbg/Reaper*3 ZMQbg/IO/0*3 
2026-09-28T13:16:43+04:00	ck9c-nat-mirror-2	2	3054806	363	2	24653824	6062080	uv*1 main2*1 
2026-09-28T13:16:43+04:00	ck9c-nat-mirror-2	2	3054869	3054806	39	989835264	708218880	ft*35 ZMQbg/Reaper*2 ZMQbg/IO/0*2 
2026-09-28T13:16:43+04:00	ck9c-nat-mirror-2	2	3055267	3054869	1	12804096	5935104	python3*1 
2026-09-28T13:16:43+04:00	ck9c-nat-mirror-2	2	3055268	3054869	45	17075752960	16463548416	python3*36 pt_gloo_runloop*2 ZMQbg/Reaper*2 ZMQbg/IO/0*2 pt_tcpstore_uv*1 cuda0000240000a*1 
2026-09-28T13:16:43+04:00	ck9c-nat-mirror-2	2	3055269	3054869	42	886071296	608354304	python3*34 ZMQbg/Reaper*4 ZMQbg/IO/0*4 
2026-09-28T13:16:53+04:00	ck9c-nat-mirror-2	2	3054806	363	2	24653824	6062080	uv*1 main2*1 
2026-09-28T13:16:53+04:00	ck9c-nat-mirror-2	2	3054869	3054806	39	989835264	708218880	ft*35 ZMQbg/Reaper*2 ZMQbg/IO/0*2 
2026-09-28T13:16:53+04:00	ck9c-nat-mirror-2	2	3055267	3054869	1	12804096	5935104	python3*1 
2026-09-28T13:16:53+04:00	ck9c-nat-mirror-2	2	3055268	3054869	45	17075752960	16463548416	python3*36 pt_gloo_runloop*2 ZMQbg/Reaper*2 ZMQbg/IO/0*2 pt_tcpstore_uv*1 cuda0000240000a*1 
2026-09-28T13:16:53+04:00	ck9c-nat-mirror-2	2	3055269	3054869	42	886071296	608354304	python3*34 ZMQbg/Reaper*4 ZMQbg/IO/0*4 
2026-09-28T13:17:03+04:00	ck9c-nat-mirror-2	2	3054806	363	2	24653824	6062080	uv*1 main2*1 
2026-09-28T13:17:03+04:00	ck9c-nat-mirror-2	2	3054869	3054806	39	989835264	708218880	ft*35 ZMQbg/Reaper*2 ZMQbg/IO/0*2 
2026-09-28T13:17:03+04:00	ck9c-nat-mirror-2	2	3055267	3054869	1	12804096	5935104	python3*1 
2026-09-28T13:17:03+04:00	ck9c-nat-mirror-2	2	3055268	3054869	45	17075752960	16463548416	python3*36 pt_gloo_runloop*2 ZMQbg/Reaper*2 ZMQbg/IO/0*2 pt_tcpstore_uv*1 cuda0000240000a*1 
2026-09-28T13:17:04+04:00	ck9c-nat-mirror-2	2	3055269	3054869	42	886071296	608354304	python3*34 ZMQbg/Reaper*4 ZMQbg/IO/0*4 
2026-09-28T13:17:44+04:00	ck9c-replay	0	3090491	363	3	25587712	6053888	uv*1 tokio-rt-worker*1 main2*1 
2026-09-28T13:17:44+04:00	ck9c-replay	0	3090555	3090491	22	700387328	422563840	ft*18 ZMQbg/Reaper*2 ZMQbg/IO/0*2 
2026-09-28T13:17:44+04:00	ck9c-replay	0	3090827	3090555	1	12750848	5939200	python3*1 
2026-09-28T13:17:44+04:00	ck9c-replay	0	3090828	3090555	16	442576896	227217408	python3*16 
2026-09-28T13:17:44+04:00	ck9c-replay	0	3090829	3090555	16	445153280	229588992	python3*16 
2026-09-28T13:17:54+04:00	ck9c-replay	0	3090491	363	2	25718784	6053888	uv*1 main2*1 
2026-09-28T13:17:54+04:00	ck9c-replay	0	3090555	3090491	22	700678144	422739968	ft*18 ZMQbg/Reaper*2 ZMQbg/IO/0*2 
2026-09-28T13:17:54+04:00	ck9c-replay	0	3090827	3090555	1	12750848	5939200	python3*1 
2026-09-28T13:17:54+04:00	ck9c-replay	0	3090828	3090555	41	3545071616	983379968	python3*36 pt_gloo_runloop*2 pt_tcpstore_uv*1 cuda0000240000a*1 cuda-EvtHandlr*1 
2026-09-28T13:17:54+04:00	ck9c-replay	0	3090829	3090555	23	879489024	606720000	python3*17 ZMQbg/Reaper*3 ZMQbg/IO/0*3 
2026-09-28T13:18:04+04:00	ck9c-replay	0	3090491	363	2	25718784	6053888	uv*1 main2*1 
2026-09-28T13:18:04+04:00	ck9c-replay	0	3090555	3090491	22	700682240	422744064	ft*18 ZMQbg/Reaper*2 ZMQbg/IO/0*2 
2026-09-28T13:18:04+04:00	ck9c-replay	0	3090827	3090555	1	12750848	5939200	python3*1 
2026-09-28T13:18:05+04:00	ck9c-replay	0	3090828	3090555	41	4559818752	983453696	python3*36 pt_gloo_runloop*2 pt_tcpstore_uv*1 cuda0000240000a*1 cuda-EvtHandlr*1 
2026-09-28T13:18:05+04:00	ck9c-replay	0	3090829	3090555	23	879489024	606720000	python3*17 ZMQbg/Reaper*3 ZMQbg/IO/0*3 
2026-09-28T13:18:15+04:00	ck9c-replay	0	3090491	363	2	25718784	6053888	uv*1 main2*1 
2026-09-28T13:18:15+04:00	ck9c-replay	0	3090555	3090491	22	700686336	422748160	ft*18 ZMQbg/Reaper*2 ZMQbg/IO/0*2 
2026-09-28T13:18:15+04:00	ck9c-replay	0	3090827	3090555	1	12750848	5939200	python3*1 
2026-09-28T13:18:15+04:00	ck9c-replay	0	3090828	3090555	41	5447557120	983506944	python3*36 pt_gloo_runloop*2 pt_tcpstore_uv*1 cuda0000240000a*1 cuda-EvtHandlr*1 
2026-09-28T13:18:15+04:00	ck9c-replay	0	3090829	3090555	23	879489024	606720000	python3*17 ZMQbg/Reaper*3 ZMQbg/IO/0*3 
2026-09-28T13:18:25+04:00	ck9c-replay	0	3090491	363	2	25718784	6053888	uv*1 main2*1 
2026-09-28T13:18:25+04:00	ck9c-replay	0	3090555	3090491	22	700686336	422748160	ft*18 ZMQbg/Reaper*2 ZMQbg/IO/0*2 
2026-09-28T13:18:25+04:00	ck9c-replay	0	3090827	3090555	1	12750848	5939200	python3*1 
2026-09-28T13:18:25+04:00	ck9c-replay	0	3090828	3090555	41	11756789760	983834624	python3*36 pt_gloo_runloop*2 pt_tcpstore_uv*1 cuda0000240000a*1 cuda-EvtHandlr*1 
2026-09-28T13:18:25+04:00	ck9c-replay	0	3090829	3090555	23	879489024	606720000	python3*17 ZMQbg/Reaper*3 ZMQbg/IO/0*3 
2026-09-28T13:18:35+04:00	ck9c-replay	0	3090491	363	2	25522176	6053888	uv*1 main2*1 
2026-09-28T13:18:35+04:00	ck9c-replay	0	3090555	3090491	22	664612864	422748160	ft*18 ZMQbg/Reaper*2 ZMQbg/IO/0*2 
2026-09-28T13:18:35+04:00	ck9c-replay	0	3090827	3090555	1	12742656	5939200	python3*1 
2026-09-28T13:18:35+04:00	ck9c-replay	0	3090828	3090555	41	19708710912	984211456	python3*36 pt_gloo_runloop*2 pt_tcpstore_uv*1 cuda0000240000a*1 cuda-EvtHandlr*1 
2026-09-28T13:18:35+04:00	ck9c-replay	0	3090829	3090555	23	843059200	606720000	python3*17 ZMQbg/Reaper*3 ZMQbg/IO/0*3 
2026-09-28T13:18:46+04:00	ck9c-replay	0	3090491	363	2	23916544	6053888	uv*1 main2*1 
2026-09-28T13:18:46+04:00	ck9c-replay	0	3090555	3090491	22	624078848	422748160	ft*18 ZMQbg/Reaper*2 ZMQbg/IO/0*2 
2026-09-28T13:18:46+04:00	ck9c-replay	0	3090827	3090555	1	12722176	5939200	python3*1 
2026-09-28T13:18:46+04:00	ck9c-replay	0	3090828	3090555	41	22330847232	1519976448	python3*36 pt_gloo_runloop*2 pt_tcpstore_uv*1 cuda0000240000a*1 cuda-EvtHandlr*1 
2026-09-28T13:18:46+04:00	ck9c-replay	0	3090829	3090555	23	804245504	606720000	python3*17 ZMQbg/Reaper*3 ZMQbg/IO/0*3 
2026-09-28T13:18:56+04:00	ck9c-replay	0	3090491	363	2	23916544	6053888	uv*1 main2*1 
2026-09-28T13:18:56+04:00	ck9c-replay	0	3090555	3090491	39	829444096	621162496	ft*35 ZMQbg/Reaper*2 ZMQbg/IO/0*2 
2026-09-28T13:18:56+04:00	ck9c-replay	0	3090827	3090555	1	12722176	5939200	python3*1 
2026-09-28T13:18:56+04:00	ck9c-replay	0	3090828	3090555	45	22815797248	1990819840	python3*36 pt_gloo_runloop*2 ZMQbg/Reaper*2 ZMQbg/IO/0*2 pt_tcpstore_uv*1 cuda0000240000a*1 
2026-09-28T13:18:57+04:00	ck9c-replay	0	3090829	3090555	39	809193472	607363072	python3*33 ZMQbg/Reaper*3 ZMQbg/IO/0*3 
2026-09-28T13:19:07+04:00	ck9c-replay	0	3090491	363	2	23916544	6053888	uv*1 main2*1 
2026-09-28T13:19:07+04:00	ck9c-replay	0	3090555	3090491	39	829444096	621162496	ft*35 ZMQbg/Reaper*2 ZMQbg/IO/0*2 
2026-09-28T13:19:07+04:00	ck9c-replay	0	3090827	3090555	1	12722176	5939200	python3*1 
2026-09-28T13:19:07+04:00	ck9c-replay	0	3090828	3090555	45	22815797248	1990819840	python3*36 pt_gloo_runloop*2 ZMQbg/Reaper*2 ZMQbg/IO/0*2 pt_tcpstore_uv*1 cuda0000240000a*1 
2026-09-28T13:19:07+04:00	ck9c-replay	0	3090829	3090555	39	809193472	607363072	python3*33 ZMQbg/Reaper*3 ZMQbg/IO/0*3 
2026-09-28T13:19:17+04:00	ck9c-replay	1	3090491	363	2	23916544	6053888	uv*1 main2*1 
2026-09-28T13:19:17+04:00	ck9c-replay	1	3090555	3090491	39	829575168	621293568	ft*35 ZMQbg/Reaper*2 ZMQbg/IO/0*2 
2026-09-28T13:19:17+04:00	ck9c-replay	1	3090827	3090555	1	12722176	5939200	python3*1 
2026-09-28T13:19:17+04:00	ck9c-replay	1	3090828	3090555	45	22815846400	1990868992	python3*36 pt_gloo_runloop*2 ZMQbg/Reaper*2 ZMQbg/IO/0*2 pt_tcpstore_uv*1 cuda0000240000a*1 
2026-09-28T13:19:18+04:00	ck9c-replay	1	3090829	3090555	39	809226240	607395840	python3*33 ZMQbg/Reaper*3 ZMQbg/IO/0*3 
2026-09-28T13:19:28+04:00	ck9c-replay	2	3090491	363	2	23916544	6053888	uv*1 main2*1 
2026-09-28T13:19:28+04:00	ck9c-replay	2	3090555	3090491	42	831197184	622690304	ft*36 ZMQbg/Reaper*3 ZMQbg/IO/0*3 
2026-09-28T13:19:28+04:00	ck9c-replay	2	3090827	3090555	1	12722176	5939200	python3*1 
2026-09-28T13:19:28+04:00	ck9c-replay	2	3090828	3090555	45	22827081728	2001379328	python3*36 pt_gloo_runloop*2 ZMQbg/Reaper*2 ZMQbg/IO/0*2 pt_tcpstore_uv*1 cuda0000240000a*1 
2026-09-28T13:19:28+04:00	ck9c-replay	2	3090829	3090555	57	809697280	607854592	python3*49 ZMQbg/Reaper*4 ZMQbg/IO/0*4 
2026-09-28T13:19:38+04:00	ck9c-replay	2	3090491	363	2	23584768	6053888	uv*1 main2*1 
2026-09-28T13:19:38+04:00	ck9c-replay	2	3090555	3090491	57	821506048	624193536	ft*51 ZMQbg/Reaper*3 ZMQbg/IO/0*3 
2026-09-28T13:19:38+04:00	ck9c-replay	2	3090827	3090555	1	12722176	5939200	python3*1 
2026-09-28T13:19:38+04:00	ck9c-replay	2	3090828	3090555	45	23744806912	2934607872	python3*36 pt_gloo_runloop*2 ZMQbg/Reaper*2 ZMQbg/IO/0*2 pt_tcpstore_uv*1 cuda0000240000a*1 
2026-09-28T13:19:38+04:00	ck9c-replay	2	3090829	3090555	57	797802496	607866880	python3*49 ZMQbg/Reaper*4 ZMQbg/IO/0*4 
2026-09-28T13:19:49+04:00	ck9c-replay	2	3090491	363	2	23486464	6053888	uv*1 main2*1 
2026-09-28T13:19:49+04:00	ck9c-replay	2	3090555	3090491	57	909807616	716328960	ft*51 ZMQbg/Reaper*3 ZMQbg/IO/0*3 
2026-09-28T13:19:49+04:00	ck9c-replay	2	3090827	3090555	1	12722176	5939200	python3*1 
2026-09-28T13:19:49+04:00	ck9c-replay	2	3090828	3090555	45	23808061440	2981548032	python3*36 pt_gloo_runloop*2 ZMQbg/Reaper*2 ZMQbg/IO/0*2 pt_tcpstore_uv*1 cuda0000240000a*1 
2026-09-28T13:19:49+04:00	ck9c-replay	2	3090829	3090555	57	794447872	607875072	python3*49 ZMQbg/Reaper*4 ZMQbg/IO/0*4 
