#Time         gpu    pwr  gtemp  mtemp     sm    mem    enc    dec    jpg    ofa   mclk   pclk  rxpci  txpci 
#HH:MM:SS     Idx      W      C      C      %      %      %      %      %      %    MHz    MHz   MB/s   MB/s 
 22:44:50       0     20     27      -      0      0      0      0      0      0    405    225      0      0 
 22:44:51       0     20     27      -      0      0      0      0      0      0    405    225      0      0 
 22:44:52       0     20     27      -      0      0      0      0      0      0    405    225      0      1 
 22:44:53       0     20     27      -      0      0      0      0      0      0    405    225      0      0 
 22:44:54       0     20     27      -      0      0      0      0      0      0    405    225      0      1 
 22:44:55       0     20     27      -      0      0      0      0      0      0    405    225      0      1 
 22:44:56       0     20     27      -      0      0      0      0      0      0    405    225      0      0 
 22:44:57       0     20     27      -      0      0      0      0      0      0    405    225      0      0 
 22:44:58       0     20     27      -      0      0      0      0      0      0    405    225      0      1 
 22:45:00       0     20     27      -      0      0      0      0      0      0    405    225      0      0 
 22:45:01       0     20     27      -      0      0      0      0      0      0    405    225      0      0 
 22:45:02       0     20     27      -      0      0      0      0      0      0    405    225      0      0 
 22:45:03       0     20     27      -      0      0      0      0      0      0    405    225      0      0 
 22:45:04       0     20     27      -      0      0      0      0      0      0    405    225      0      0 
 22:45:05       0     20     26      -      0      0      0      0      0      0    405    225      0      0 
 22:45:06       0     37     29      -      0      0      0      0      0      0  14801   2722      0      0 
 22:45:07       0     48     29      -      0      0      0      0      0      0  14801   2722   2042     86 
 22:45:08       0     48     29      -      0      0      0      0      0      0  14801   2722      0      0 
 22:45:09       0     48     29      -      2      0      0      0      0      0  14801   2730      0     86 
 22:45:10       0     48     29      -      2      0      0      0      0      0  14801   2730      0      0 
 22:45:11       0     48     29      -      2      0      0      0      0      0  14801   2730      0      0 
 22:45:12       0     48     29      -      0      0      0      0      0      0  14801   2722      0      0 
 22:45:13       0     49     29      -      0      0      0      0      0      0  14801   2722      0      0 
 22:45:14       0     48     29      -      0      0      0      0      0      0  14801   2722      0      0 
 22:45:15       0     48     29      -      0      0      0      0      0      0  14801   2722      0      0 
 22:45:16       0     48     29      -      0      0      0      0      0      0  14801   2722      0      0 
 22:45:17       0     48     29      -      1      0      0      0      0      0  14801   2722      0      0 
 22:45:18       0     48     29      -      0      0      0      0      0      0  14801   2722      0      0 
 22:45:19       0     48     29      -      1      0      0      0      0      0  14801   2722      0      0 
 22:45:21       0     48     29      -      0      0      0      0      0      0  14801   2722      0      0 
 22:45:22       0     48     29      -      0      0      0      0      0      0  14801   2722      1      7 
 22:45:23       0     48     29      -      0      0      0      0      0      0  14801   2722      0      0 
 22:45:24       0     48     29      -      0      0      0      0      0      0  14801   2722     71      1 
 22:45:25       0     48     29      -      0      0      0      0      0      0  14801   2722      0      0 
 22:45:26       0     48     29      -      0      0      0      0      0      0  14801   2722     81      0 
 22:45:27       0     48     29      -      0      0      0      0      0      0  14801   2722      0      0 
 22:45:28       0     48     29      -      0      0      0      0      0      0  14801   2722      0      1 
 22:45:29       0     48     29      -      1      0      0      0      0      0  14801   2722      0      0 
 22:45:30       0     39     27      -      0      0      0      0      0      0    810    532     12      1 
 22:45:31       0     39     28      -      0      0      0      0      0      0  14801   2722      0      0 
 22:45:32       0     48     29      -      0      0      0      0      0      0  14801   2722      0      1 
 22:45:33       0     48     29      -      0      0      0      0      0      0  14801   2722      0      0 
 22:45:34       0     48     29      -      0      0      0      0      0      0  14801   2722      0      1 
 22:45:35       0     48     29      -      0      0      0      0      0      0  14801   2722      0      0 
#Time         gpu    pwr  gtemp  mtemp     sm    mem    enc    dec    jpg    ofa   mclk   pclk  rxpci  txpci 
#HH:MM:SS     Idx      W      C      C      %      %      %      %      %      %    MHz    MHz   MB/s   MB/s 
 22:45:36       0     48     29      -      0      0      0      0      0      0  14801   2722      0      1 
 22:45:37       0     48     29      -      0      0      0      0      0      0  14801   2722      0      0 
 22:45:38       0     48     29      -      0      0      0      0      0      0  14801   2722      0      1 
 22:45:39       0     48     29      -      0      0      0      0      0      0  14801   2722      0      0 
 22:45:40       0     48     29      -      0      0      0      0      0      0  14801   2722      0      1 
 22:45:42       0     48     29      -      0      0      0      0      0      0  14801   2722      0      0 
 22:45:43       0     48     29      -      0      0      0      0      0      0  14801   2722      0      1 
 22:45:44       0     48     29      -      0      0      0      0      0      0  14801   2722      0    400 
 22:45:45       0     49     29      -      0      0      0      0      0      0  14801   2722      0      2 
 22:45:46       0     60     29      -      0      0      0      0      0      0  14801   2820      0      2 
 22:45:47       0     79     33      -     27     27      0      0      0      0  14801   2955      0      1 
 22:45:48       0     74     30      -      0      0      0      0      0      0  14801   2955      0      0 
 22:45:49       0     54     29      -      0      0      0      0      0      0  14801   2955      0      1 
 22:45:50       0     65     30      -      0      0      0      0      0      0  14801   2955      0      0 
 22:45:51       0     77     30      -      0      0      0      0      0      0  14801   2955      0      1 
 22:45:52       0     78     30      -      0      0      0      0      0      0  14801   2955      0      0 
 22:45:53       0     76     31      -      0      0      0      0      0      0  14801   2955     11      1 
 22:45:54       0     90     33      -      0      0      0      0      0      0  14801   2955      0      0 
 22:45:55       0     97     30      -      0      0      0      0      0      0  14801   2955      0      1 
 22:45:56       0     75     31      -     66     66      0      0      0      0  14801   2955     13      4 
 22:45:57       0     77     33      -      0      0      0      0      0      0  14801   2955     22      4 
 22:45:58       0     89     32      -      0      0      0      0      0      0  14801   2955      0      0 
 22:45:59       0     65     30      -      0      0      0      0      0      0  14801   2955      0      0 
 22:46:00       0     65     30      -      0      0      0      0      0      0  14801   2955      0      0 
 22:46:01       0     66     30      -      0      0      0      0      0      0  14801   2955      0      0 
 22:46:03       0     65     30      -      0      0      0      0      0      0  14801   2955     13      1 
 22:46:04       0     75     30      -      0      0      0      0      0      0  14801   2955      0      0 
 22:46:05       0     66     30      -      0      0      0      0      0      0  14801   2955     16      4 
 22:46:06       0     65     30      -      0      0      0      0      0      0  14801   2955     13      4 
 22:46:07       0     66     30      -      0      0      0      0      0      0  14801   2955      0      0 
 22:46:08       0     54     30      -      0      0      0      0      0      0  14801   2955   9261   2401 
 22:46:09       0     50     29      -      0      0      0      0      0      0  14801   2722      0      0 
 22:46:10       0     50     30      -    100      8      0      0      0      0  14801   2730      1      0 
 22:46:11       0     60     30      -      0      0      0      0      0      0  14801   2955  30433   2615 
 22:46:12       0     62     31      -    100      8      0      0      0      0  14801   2955      0      0 
 22:46:13       0     55     30      -     54      4      0      0      0      0  14801   2955      0      0 
 22:46:14       0     53     29      -      0      0      0      0      0      0  14801   2722      0      1 
 22:46:15       0    237     48      -     99     27      0      0      0      0  14801   2887  27453      1 
 22:46:16       0    227     33      -      0      0      0      0      0      0  14801   2932      0      1 
 22:46:17       0     54     31      -      0      0      0      0      0      0  14801   2955      0      0 
 22:46:18       0     51     30      -      0      0      0      0      0      0  14801   2722      0      1 
 22:46:19       0     48     30      -      0      0      0      0      0      0  14801   2722      0      0 
 22:46:20       0     48     30      -      0      0      0      0      0      0  14801   2722      0      0 
 22:46:21       0     48     30      -      0      0      0      0      0      0  14801   2722      0      0 
#Time         gpu    pwr  gtemp  mtemp     sm    mem    enc    dec    jpg    ofa   mclk   pclk  rxpci  txpci 
#HH:MM:SS     Idx      W      C      C      %      %      %      %      %      %    MHz    MHz   MB/s   MB/s 
 22:46:22       0     48     30      -      0      0      0      0      0      0  14801   2722      0      0 
 22:46:24       0     48     30      -      0      0      0      0      0      0  14801   2722      0      1 
 22:46:25       0     48     29      -      0      0      0      0      0      0  14801   2722      0      0 
 22:46:26       0     49     29      -      0      0      0      0      0      0  14801   2722      0      0 
 22:46:27       0     62     30      -      0      0      0      0      0      0  14801   2955      0      1 
 22:46:28       0     56     30      -      0      0      0      0      0      0  14801   2955      0      0 
 22:46:29       0     51     29      -      0      0      0      0      0      0  14801   2722      0      0 
 22:46:30       0     51     29      -      0      0      0      0      0      0  14801   2730      0      0 
 22:46:31       0    195     48      -    100     37      0      0      0      0  14801   2895  11849   1867 
 22:46:32       0    135     31      -      0      0      0      0      0      0  14801   2940      0      0 
 22:46:33       0     54     30      -      0      0      0      0      0      0  14801   2955      0      0 
 22:46:34       0     52     30      -      0      0      0      0      0      0  14801   2722      0      1 
 22:46:35       0     48     29      -      0      0      0      0      0      0  14801   2722      0      0 
 22:46:36       0     48     29      -      0      0      0      0      0      0  14801   2722      0      0 
 22:46:37       0     48     29      -      0      0      0      0      0      0  14801   2722      0      0 
 22:46:38       0     48     29      -      0      0      0      0      0      0  14801   2722      0      1 
 22:46:39       0     48     29      -      0      0      0      0      0      0  14801   2722      0      0 
 22:46:40       0     48     29      -      0      0      0      0      0      0  14801   2722      0      1 
 22:46:41       0     48     29      -      0      0      0      0      0      0  14801   2722      0      0 
 22:46:42       0     48     29      -      0      0      0      0      0      0  14801   2722      0      0 
 22:46:43       0     48     29      -      0      0      0      0      0      0  14801   2722      0      0 
 22:46:44       0     48     29      -      0      0      0      0      0      0  14801   2722      0      0 
 22:46:45       0     48     29      -      0      0      0      0      0      0  14801   2722      0      1 
 22:46:47       0     48     29      -      0      0      0      0      0      0  14801   2722      0      0 
 22:46:48       0     48     29      -      0      0      0      0      0      0  14801   2722      0      1 
 22:46:49       0     37     28      -      0      0      0      0      0      0    810    525      0      0 
 22:46:50       0     26     27      -      0      0      0      0      0      0    810    405      0      0 
 22:46:51       0     21     27      -      0      0      0      0      0      0    405    232      0      0 
 22:46:52       0     24     27      -      0      0      0      0      0      0  14801    405      0      0 
 22:46:53       0     49     29      -      0      0      0      0      0      0  14801   2722      0      0 
 22:46:54       0     48     29      -      0      0      0      0      0      0  14801   2722      0      0 
 22:46:55       0     58     30      -    100      9      0      0      0      0  14801   2827   5085    711 
 22:46:56       0    111     31      -    100      9      0      0      0      0  14801   2955     10      2 
 22:46:57       0    146     37      -     95     57      0      0      0      0  14801   2910      0      0 
 22:46:58       0    260     48      -    100     31      0      0      0      0  14801   2887  29575   2633 
 22:46:59       0    305     50      -    100     29      0      0      0      0  14801   2895  31527   2126 
 22:47:00       0    303     51      -    100     32      0      0      0      0  14801   2902  29545   2231 
 22:47:01       0    303     51      -    100     32      0      0      0      0  14801   2895   7803      0 
 22:47:02       0    303     53      -    100     10      0      0      0      0  14801   2895  30059   2508 
 22:47:03       0    304     54      -    100     15      0      0      0      0  14801   2895  27467      0 
 22:47:04       0    303     50      -    100     38      0      0      0      0  14801   2880  29505   1871 
 22:47:05       0    308     54      -    100     17      0      0      0      0  14801   2887      0      1 
 22:47:06       0    300     55      -    100     27      0      0      0      0  14801   2880      0     38 
 22:47:08       0    208     36      -      0      0      0      0      0      0  14801   2925      0      0 
#Time         gpu    pwr  gtemp  mtemp     sm    mem    enc    dec    jpg    ofa   mclk   pclk  rxpci  txpci 
#HH:MM:SS     Idx      W      C      C      %      %      %      %      %      %    MHz    MHz   MB/s   MB/s 
 22:47:09       0    236     53      -    100      8      0      0      0      0  14801   2887      0      0 
 22:47:10       0    238     42      -     95     63      0      0      0      0  14801   2895   2866    868 
 22:47:11       0     98     34      -      0      0      0      0      0      0  14801   2940      0      0 
 22:47:12       0     54     33      -      0      0      0      0      0      0  14801   2955  28998   2434 
 22:47:13       0    262     52      -    100     30      0      0      0      0  14801   2887  30734   2097 
 22:47:14       0    307     53      -    100     30      0      0      0      0  14801   2887  30303   2567 
 22:47:15       0    306     54      -    100     32      0      0      0      0  14801   2887      0      5 
 22:47:16       0    305     54      -    100     32      0      0      0      0  14801   2887      0    425 
 22:47:17       0    305     55      -    100      7      0      0      0      0  14801   2887  29887   1902 
 22:47:18       0    306     54      -    100      3      0      0      0      0  14801   2880      0      0 
 22:47:19       0    303     58      -    100     29      0      0      0      0  14801   2880  27670      0 
 22:47:20       0    301     55      -    100      3      0      0      0      0  14801   2895      0      1 
 22:47:21       0    309     58      -    100     21      0      0      0      0  14801   2880  30227   2495 
 22:47:22       0    304     58      -    100     20      0      0      0      0  14801   2880  15344   2569 
 22:47:23       0    305     59      -    100     32      0      0      0      0  14801   2887      2   1129 
 22:47:24       0    310     59      -    100     20      0      0      0      0  14801   2880      0      3 
 22:47:25       0    306     58      -    100     11      0      0      0      0  14801   2880   3976   2463 
 22:47:26       0    307     59      -    100     23      0      0      0      0  14801   2880      0      0 
 22:47:28       0    311     60      -    100     30      0      0      0      0  14801   2880      6    497 
 22:47:29       0    304     59      -    100     18      0      0      0      0  14801   2880      0      0 
 22:47:30       0    306     58      -     99     29      0      0      0      0  14801   2880      0      1 
 22:47:31       0    305     59      -    100     17      0      0      0      0  14801   2880  29397   1599 
 22:47:32       0    301     58      -     99     30      0      0      0      0  14801   2880  29836   2570 
 22:47:33       0    304     59      -    100     27      0      0      0      0  14801   2880      0      0 
 22:47:34       0    298     53      -     90     35      0      0      0      0  14801   2880  29344   2551 
 22:47:35       0    303     57      -    100      2      0      0      0      0  14801   2880  29351   1637 
 22:47:36       0    304     56      -    100      2      0      0      0      0  14801   2880      0      1 
 22:47:37       0    301     59      -    100     32      0      0      0      0  14801   2887      0      0 
 22:47:38       0    305     55      -    100     14      0      0      0      0  14801   2880   3193      2 
 22:47:39       0    303     59      -    100      2      0      0      0      0  14801   2880  30652   2518 
 22:47:40       0    306     58      -    100     12      0      0      0      0  14801   2880      0      2 
 22:47:41       0    301     58      -    100      2      0      0      0      0  14801   2880      0      0 
 22:47:42       0    306     58      -    100     27      0      0      0      0  14801   2887  28360   2567 
 22:47:43       0    303     58      -    100      2      0      0      0      0  14801   2887      0      0 
 22:47:44       0    308     56      -    100      2      0      0      0      0  14801   2880      0    353 
 22:47:45       0    308     58      -    100      9      0      0      0      0  14801   2880  29322   1530 
 22:47:46       0    305     58      -    100      2      0      0      0      0  14801   2880      0      1 
 22:47:47       0    309     56      -    100      2      0      0      0      0  14801   2880  30663    332 
 22:47:49       0    308     52      -    100     37      0      0      0      0  14801   2880      2      1 
 22:47:50       0    313     58      -    100      2      0      0      0      0  14801   2880      0      0 
 22:47:51       0    314     58      -    100      2      0      0      0      0  14801   2880  29509    950 
 22:47:52       0    310     58      -    100      2      0      0      0      0  14801   2880   3914      0 
 22:47:53       0    314     54      -    100      2      0      0      0      0  14801   2887      0      1 
 22:47:54       0    314     56      -    100     15      0      0      0      0  14801   2887      0      0 
#Time         gpu    pwr  gtemp  mtemp     sm    mem    enc    dec    jpg    ofa   mclk   pclk  rxpci  txpci 
#HH:MM:SS     Idx      W      C      C      %      %      %      %      %      %    MHz    MHz   MB/s   MB/s 
 22:47:55       0    309     55      -    100      2      0      0      0      0  14801   2887      0      1 
 22:47:56       0    315     57      -    100     17      0      0      0      0  14801   2887  30452   2576 
 22:47:57       0    311     50      -    100     36      0      0      0      0  14801   2887      2   1124 
 22:47:58       0    311     54      -    100      5      0      0      0      0  14801   2887  18566      0 
 22:47:59       0    314     57      -    100     22      0      0      0      0  14801   2887      0      1 
 22:48:00       0    309     54      -    100      2      0      0      0      0  14801   2887      0      0 
 22:48:01       0    312     55      -    100      2      0      0      0      0  14801   2887      0      0 
 22:48:02       0    312     55      -    100      2      0      0      0      0  14801   2880      0      0 
 22:48:03       0    309     57      -    100      2      0      0      0      0  14801   2887      0      0 
 22:48:04       0    311     57      -    100      2      0      0      0      0  14801   2880      0      0 
 22:48:05       0    310     57      -    100      2      0      0      0      0  14801   2880      0      0 
 22:48:06       0    307     56      -    100      2      0      0      0      0  14801   2880  29713   2189 
 22:48:07       0    310     56      -    100      3      0      0      0      0  14801   2887  29654   1652 
 22:48:08       0    310     56      -    100     22      0      0      0      0  14801   2880  29945   2596 
 22:48:10       0    310     56      -    100      2      0      0      0      0  14801   2887      0      0 
 22:48:11       0    311     56      -    100      2      0      0      0      0  14801   2887      0      0 
 22:48:12       0    311     56      -    100      2      0      0      0      0  14801   2887      0      0 
 22:48:13       0    307     50      -    100     26      0      0      0      0  14801   2887      2      0 
 22:48:14       0    309     56      -    100      2      0      0      0      0  14801   2880      0      0 
 22:48:15       0    311     56      -    100      2      0      0      0      0  14801   2887  20038      0 
 22:48:16       0    311     56      -    100      2      0      0      0      0  14801   2887   4529   2478 
 22:48:17       0    179     36      -      0      0      0      0      0      0  14801   2940      0      0 
 22:48:18       0     70     35      -      0      0      0      0      0      0  14801   2940      0      0 
 22:48:19       0     62     34      -      0      0      0      0      0      0  14801   2715      0    994 
 22:48:20       0    237     42      -     99     20      0      0      0      0  14801   2902  10617   1412 
 22:48:21       0    177     36      -     51     36      0      0      0      0  14801   2917      0      0 
 22:48:22       0     56     34      -      0      0      0      0      0      0  14801   2940      0      0 
 22:48:23       0     53     33      -      0      0      0      0      0      0  14801   2767      0      0 
 22:48:24       0     48     33      -      0      0      0      0      0      0  14801   2722      0      0 
 22:48:25       0     48     32      -      0      0      0      0      0      0  14801   2722      0      0 
 22:48:26       0     48     32      -      0      0      0      0      0      0  14801   2722      0      0 
 22:48:27       0     48     32      -      0      0      0      0      0      0  14801   2722  28488   2436 
 22:48:28       0    257     50      -    100     36      0      0      0      0  14801   2887   5533   2495 
 22:48:30       0    303     52      -    100     33      0      0      0      0  14801   2895  30157   2569 
 22:48:31       0    306     52      -    100     39      0      0      0      0  14801   2880  20772   2616 
 22:48:32       0    305     54      -    100     23      0      0      0      0  14801   2880  25000   2600 
 22:48:33       0    305     54      -    100     36      0      0      0      0  14801   2880  29532   2784 
 22:48:34       0    305     55      -    100     32      0      0      0      0  14801   2880  29897   1666 
 22:48:35       0    305     57      -    100      3      0      0      0      0  14801   2880  29642   2495 
 22:48:36       0    302     54      -    100     22      0      0      0      0  14801   2887      0      0 
 22:48:37       0    310     58      -    100      3      0      0      0      0  14801   2880      4   1003 
 22:48:38       0    304     58      -    100      2      0      0      0      0  14801   2880      0      0 
 22:48:39       0    306     59      -    100      6      0      0      0      0  14801   2887      0      0 
 22:48:40       0    311     59      -    100      0      0      0      0      0  14801   2880  19185      1 
#Time         gpu    pwr  gtemp  mtemp     sm    mem    enc    dec    jpg    ofa   mclk   pclk  rxpci  txpci 
#HH:MM:SS     Idx      W      C      C      %      %      %      %      %      %    MHz    MHz   MB/s   MB/s 
 22:48:41       0    313     57      -    100     36      0      0      0      0  14801   2880      0      0 
 22:48:42       0    307     59      -    100      1      0      0      0      0  14801   2880   3254   2448 
 22:48:43       0    312     56      -    100     38      0      0      0      0  14801   2880      0      0 
 22:48:44       0    302     58      -    100     21      0      0      0      0  14801   2880  29598   2496 
 22:48:45       0    305     57      -    100     23      0      0      0      0  14801   2880  29308   1711 
 22:48:46       0    304     59      -    100      1      0      0      0      0  14801   2880      0      0 
 22:48:47       0    300     58      -    100     13      0      0      0      0  14801   2880      0      0 
 22:48:48       0    304     59      -    100      2      0      0      0      0  14801   2880      0      0 
 22:48:49       0    293     47      -     78     21      0      0      0      0  14801   2880      0      0 
 22:48:51       0    293     56      -    100     14      0      0      0      0  14801   2880      0      0 
 22:48:52       0    298     58      -    100      5      0      0      0      0  14801   2887  29282   2633 
 22:48:53       0    303     59      -    100      2      0      0      0      0  14801   2880  30104   2492 
 22:48:54       0    301     54      -     99     30      0      0      0      0  14801   2880      0      0 
 22:48:55       0    300     59      -    100      2      0      0      0      0  14801   2880      0      0 
 22:48:56       0    305     59      -    100      2      0      0      0      0  14801   2880   4543     71 
 22:48:57       0    302     59      -    100      2      0      0      0      0  14801   2880      0      0 
 22:48:58       0    307     59      -    100      3      0      0      0      0  14801   2880      0      0 
 22:48:59       0    304     59      -    100      2      0      0      0      0  14801   2887      0      0 
 22:49:00       0    308     56      -    100     21      0      0      0      0  14801   2880      0      0 
 22:49:01       0    310     59      -    100      2      0      0      0      0  14801   2880      0      0 
 22:49:02       0    311     59      -    100      2      0      0      0      0  14801   2880   4026   2453 
 22:49:03       0    314     57      -    100     36      0      0      0      0  14801   2887      0      0 
 22:49:04       0    310     57      -    100     28      0      0      0      0  14801   2887      0      0 
 22:49:05       0    316     59      -    100      2      0      0      0      0  14801   2880  29014   2689 
 22:49:06       0    316     59      -    100      2      0      0      0      0  14801   2880  30883   2532 
 22:49:07       0    313     59      -    100      2      0      0      0      0  14801   2880      0      0 
 22:49:08       0    314     58      -    100      7      0      0      0      0  14801   2880      0      0 
 22:49:09       0    317     56      -    100     37      0      0      0      0  14801   2887      0      0 
 22:49:10       0    306     54      -    100     12      0      0      0      0  14801   2880  29295   2645 
 22:49:12       0    316     57      -    100     26      0      0      0      0  14801   2880      0      0 
 22:49:13       0    312     55      -    100     20      0      0      0      0  14801   2887      0      0 
 22:49:14       0    315     55      -    100     33      0      0      0      0  14801   2887      0      0 
 22:49:15       0    315     56      -    100     28      0      0      0      0  14801   2887      0      0 
 22:49:16       0    311     57      -    100      6      0      0      0      0  14801   2887      0      0 
 22:49:17       0    313     53      -    100     12      0      0      0      0  14801   2887      0      0 
 22:49:18       0    313     54      -    100     17      0      0      0      0  14801   2887      0      0 
 22:49:19       0    311     57      -    100      2      0      0      0      0  14801   2887      0      0 
 22:49:20       0    314     57      -    100      2      0      0      0      0  14801   2880      0      0 
 22:49:21       0    313     57      -    100      2      0      0      0      0  14801   2880      0      0 
 22:49:22       0    309     56      -    100     10      0      0      0      0  14801   2887      0      0 
 22:49:23       0    313     55      -    100     27      0      0      0      0  14801   2887      0      0 
 22:49:24       0    314     54      -    100     27      0      0      0      0  14801   2887      0      2 
 22:49:25       0    310     56      -    100      2      0      0      0      0  14801   2887  28777   2547 
 22:49:26       0    313     56      -    100      2      0      0      0      0  14801   2887    602   2391 
#Time         gpu    pwr  gtemp  mtemp     sm    mem    enc    dec    jpg    ofa   mclk   pclk  rxpci  txpci 
#HH:MM:SS     Idx      W      C      C      %      %      %      %      %      %    MHz    MHz   MB/s   MB/s 
 22:49:27       0    312     56      -    100      2      0      0      0      0  14801   2887      0      1 
 22:49:28       0    314     55      -    100     38      0      0      0      0  14801   2887      0      1 
 22:49:29       0    311     56      -    100      2      0      0      0      0  14801   2880      0      0 
 22:49:30       0    313     56      -    100      2      0      0      0      0  14801   2880      0      1 
 22:49:32       0    313     56      -    100      2      0      0      0      0  14801   2880  17095   2603 
 22:49:33       0    310     56      -    100      2      0      0      0      0  14801   2880      0      1 
 22:49:34       0    312     57      -    100      2      0      0      0      0  14801   2880      0      0 
 22:49:35       0    313     56      -    100     18      0      0      0      0  14801   2887      3      4 
 22:49:36       0    306     57      -    100      2      0      0      0      0  14801   2887  30059   2491 
 22:49:37       0    312     57      -    100      2      0      0      0      0  14801   2880      0      1 
 22:49:38       0    312     55      -    100     32      0      0      0      0  14801   2887      0      0 
 22:49:39       0    313     57      -    100      2      0      0      0      0  14801   2880   7772      2 
 22:49:40       0    308     56      -    100     12      0      0      0      0  14801   2887      0      0 
 22:49:41       0    314     57      -    100      2      0      0      0      0  14801   2887      0      1 
 22:49:42       0    312     57      -    100      2      0      0      0      0  14801   2880      0      0 
 22:49:43       0    309     57      -    100      2      0      0      0      0  14801   2887      0      1 
 22:49:44       0    312     57      -    100      2      0      0      0      0  14801   2880      0      0 
 22:49:45       0    310     52      -    100     13      0      0      0      0  14801   2887      0      1 
 22:49:46       0    313     57      -    100      2      0      0      0      0  14801   2880      0      1 
 22:49:47       0    306     56      -    100      5      0      0      0      0  14801   2887      0      2 
 22:49:48       0    312     56      -    100      2      0      0      0      0  14801   2887  30613   2519 
 22:49:49       0    311     55      -    100     27      0      0      0      0  14801   2887      0      1 
 22:49:50       0    314     56      -    100      2      0      0      0      0  14801   2880  13835      0 
 22:49:51       0    306     53      -    100     18      0      0      0      0  14801   2887      0      1 
 22:49:53       0    311     56      -    100      2      0      0      0      0  14801   2880      0      0 
 22:49:54       0    311     56      -    100      2      0      0      0      0  14801   2880  25542   2558 
 22:49:55       0    308     55      -    100     13      0      0      0      0  14801   2887      0      0 
 22:49:56       0    312     56      -    100      2      0      0      0      0  14801   2880      2   1192 
 22:49:57       0    311     55      -    100      9      0      0      0      0  14801   2887      0      0 
 22:49:58       0    311     56      -    100      2      0      0      0      0  14801   2887  29080      0 
 22:49:59       0    308     53      -    100     30      0      0      0      0  14801   2887      0      0 
 22:50:00       0    309     56      -    100      2      0      0      0      0  14801   2887  29829   2635 
 22:50:01       0    310     56      -    100      2      0      0      0      0  14801   2887      0      0 
 22:50:02       0    311     56      -    100      2      0      0      0      0  14801   2887  30779    509 
 22:50:03       0    310     56      -    100      2      0      0      0      0  14801   2887      0      0 
 22:50:04       0    312     56      -    100      2      0      0      0      0  14801   2887      0    108 
 22:50:05       0    310     56      -    100      2      0      0      0      0  14801   2887      0      0 
 22:50:06       0    311     56      -    100      2      0      0      0      0  14801   2887   2931   2428 
 22:50:07       0    312     54      -    100     38      0      0      0      0  14801   2887      0      0 
 22:50:08       0    307     56      -    100      2      0      0      0      0  14801   2887      0      0 
 22:50:09       0    312     56      -    100      2      0      0      0      0  14801   2887      0      0 
 22:50:10       0    310     56      -    100     22      0      0      0      0  14801   2887      0      0 
 22:50:11       0    312     57      -    100      2      0      0      0      0  14801   2880     20   2064 
 22:50:13       0    308     57      -    100      2      0      0      0      0  14801   2887      0      1 
#Time         gpu    pwr  gtemp  mtemp     sm    mem    enc    dec    jpg    ofa   mclk   pclk  rxpci  txpci 
#HH:MM:SS     Idx      W      C      C      %      %      %      %      %      %    MHz    MHz   MB/s   MB/s 
 22:50:14       0    312     57      -    100      2      0      0      0      0  14801   2887      0      0 
 22:50:15       0    311     56      -    100     12      0      0      0      0  14801   2887      0      0 
 22:50:16       0    313     57      -    100      2      0      0      0      0  14801   2880      0      0 
 22:50:17       0    308     57      -    100      2      0      0      0      0  14801   2887      2   1404 
 22:50:18       0    310     54      -    100     27      0      0      0      0  14801   2887      0      0 
 22:50:19       0    311     56      -    100      2      0      0      0      0  14801   2887      0      0 
 22:50:20       0    311     56      -    100      2      0      0      0      0  14801   2887      0      0 
 22:50:21       0    311     54      -    100     33      0      0      0      0  14801   2887      0      0 
 22:50:22       0    308     56      -    100      2      0      0      0      0  14801   2887      0      0 
 22:50:23       0    311     56      -    100      2      0      0      0      0  14801   2887      0      1 
 22:50:24       0    311     56      -    100      2      0      0      0      0  14801   2887      0      0 
 22:50:25       0    312     56      -    100      2      0      0      0      0  14801   2887      2   1043 
 22:50:26       0    305     56      -    100      2      0      0      0      0  14801   2887      0      0 
 22:50:27       0    310     56      -    100      2      0      0      0      0  14801   2887      0      0 
 22:50:28       0    311     56      -    100      2      0      0      0      0  14801   2887      0      0 
 22:50:29       0    310     56      -    100      2      0      0      0      0  14801   2887      0      0 
 22:50:30       0    311     54      -    100     37      0      0      0      0  14801   2887      0      0 
 22:50:31       0    306     55      -    100      2      0      0      0      0  14801   2887      0      0 
 22:50:32       0    310     56      -    100      2      0      0      0      0  14801   2887  30388    560 
 22:50:34       0    310     56      -    100      2      0      0      0      0  14801   2887      0      0 
 22:50:35       0    311     56      -    100      2      0      0      0      0  14801   2887      2      0 
 22:50:36       0    307     56      -    100      2      0      0      0      0  14801   2887      1      0 
 22:50:37       0    307     54      -    100      4      0      0      0      0  14801   2887      0      0 
 22:50:38       0    313     56      -    100      2      0      0      0      0  14801   2887      0      0 
 22:50:39       0    310     56      -    100      2      0      0      0      0  14801   2887      0      0 
 22:50:40       0    311     56      -    100      2      0      0      0      0  14801   2887  27349      1 
 22:50:41       0    308     56      -    100      2      0      0      0      0  14801   2887      0      0 
 22:50:42       0    308     53      -    100      5      0      0      0      0  14801   2887      0      0 
 22:50:43       0    310     56      -    100      2      0      0      0      0  14801   2887      0      0 
 22:50:44       0    311     56      -    100      2      0      0      0      0  14801   2887  29995   2625 
 22:50:45       0    305     49      -     89     26      0      0      0      0  14801   2887      0      0 
 22:50:46       0    304     56      -    100      2      0      0      0      0  14801   2887      0      0 
 22:50:47       0    311     57      -    100      2      0      0      0      0  14801   2887      0      0 
 22:50:48       0    311     57      -    100      2      0      0      0      0  14801   2887      0      0 
 22:50:49       0    311     57      -    100      2      0      0      0      0  14801   2887      0      0 
 22:50:50       0    309     55      -    100     21      0      0      0      0  14801   2887      0      0 
 22:50:51       0    306     53      -    100     27      0      0      0      0  14801   2887      0      0 
 22:50:52       0    310     56      -    100      2      0      0      0      0  14801   2887      0      0 
 22:50:54       0    311     56      -    100      2      0      0      0      0  14801   2887      2   2058 
 22:50:55       0    310     56      -    100     12      0      0      0      0  14801   2887      0      0 
 22:50:56       0    307     55      -    100      5      0      0      0      0  14801   2887      0      1 
 22:50:57       0    311     56      -    100      2      0      0      0      0  14801   2887      0      0 
 22:50:58       0    310     56      -    100      2      0      0      0      0  14801   2887      0      1 
 22:50:59       0    310     56      -    100      2      0      0      0      0  14801   2887      0      0 
#Time         gpu    pwr  gtemp  mtemp     sm    mem    enc    dec    jpg    ofa   mclk   pclk  rxpci  txpci 
#HH:MM:SS     Idx      W      C      C      %      %      %      %      %      %    MHz    MHz   MB/s   MB/s 
 22:51:00       0    310     56      -    100      2      0      0      0      0  14801   2887      2      1 
 22:51:01       0    311     56      -    100      2      0      0      0      0  14801   2887      0      0 
 22:51:02       0    307     56      -    100      2      0      0      0      0  14801   2887      0      1 
 22:51:03       0    308     53      -    100     32      0      0      0      0  14801   2887      0      0 
 22:51:04       0    310     55      -    100      2      0      0      0      0  14801   2887      0      1 
 22:51:05       0    310     56      -    100      2      0      0      0      0  14801   2887      0      1 
 22:51:06       0    308     52      -    100     16      0      0      0      0  14801   2887   4079   2461 
 22:51:07       0    303     51      -    100      6      0      0      0      0  14801   2887      0      0 
 22:51:08       0    312     54      -    100     26      0      0      0      0  14801   2887      0      1 
 22:51:09       0    312     56      -    100      2      0      0      0      0  14801   2887      0      0 
 22:51:10       0    310     56      -    100      2      0      0      0      0  14801   2887      0      1 
 22:51:11       0    310     56      -    100      2      0      0      0      0  14801   2887      0      0 
 22:51:12       0    307     56      -    100      2      0      0      0      0  14801   2887      0      1 
 22:51:13       0    310     56      -    100      2      0      0      0      0  14801   2887   3110   2441 
 22:51:15       0    310     56      -    100      2      0      0      0      0  14801   2887      0      2 
 22:51:16       0    311     56      -    100      2      0      0      0      0  14801   2887      0      0 
 22:51:17       0    311     56      -    100      2      0      0      0      0  14801   2887      0      1 
 22:51:18       0    307     56      -    100      2      0      0      0      0  14801   2887      0      0 
 22:51:19       0    310     56      -    100      2      0      0      0      0  14801   2887      0      1 
 22:51:20       0    309     57      -    100      2      0      0      0      0  14801   2887      0      0 
 22:51:21       0    309     57      -    100      2      0      0      0      0  14801   2887      0      1 
 22:51:22       0    309     57      -    100      2      0      0      0      0  14801   2887      2   1220 
 22:51:23       0    309     57      -    100      2      0      0      0      0  14801   2880  12809      3 
 22:51:24       0    307     57      -    100      2      0      0      0      0  14801   2887  29468   1168 
 22:51:25       0    310     57      -    100      2      0      0      0      0  14801   2887      0      2 
 22:51:26       0    311     57      -    100      2      0      0      0      0  14801   2887      0      0 
 22:51:27       0    310     57      -    100      2      0      0      0      0  14801   2887      0      1 
 22:51:28       0    311     57      -    100      2      0      0      0      0  14801   2887      0      0 
 22:51:29       0    303     56      -    100      2      0      0      0      0  14801   2895      0      1 
 22:51:30       0    310     56      -    100      2      0      0      0      0  14801   2887      0      0 
 22:51:31       0    310     56      -    100      2      0      0      0      0  14801   2887      0      1 
 22:51:32       0    310     56      -    100      2      0      0      0      0  14801   2887      0      0 
 22:51:33       0    310     56      -    100      2      0      0      0      0  14801   2887      0      1 
 22:51:34       0    310     56      -    100      2      0      0      0      0  14801   2880      0      0 
 22:51:36       0    307     56      -    100      2      0      0      0      0  14801   2895      0      1 
 22:51:37       0    309     56      -    100      2      0      0      0      0  14801   2887      0      1 
 22:51:38       0    310     56      -    100      2      0      0      0      0  14801   2887  30696   2522 
 22:51:39       0    309     56      -    100      2      0      0      0      0  14801   2887      0      0 
 22:51:40       0    306     54      -    100      3      0      0      0      0  14801   2887      0      1 
 22:51:41       0    306     53      -    100      3      0      0      0      0  14801   2887      0      0 
 22:51:42       0    306     56      -    100      2      0      0      0      0  14801   2887      0      0 
 22:51:43       0    309     56      -    100      2      0      0      0      0  14801   2887      0      0 
 22:51:44       0    309     56      -    100      2      0      0      0      0  14801   2887      0      0 
 22:51:45       0    309     56      -    100      2      0      0      0      0  14801   2887      0      0 
#Time         gpu    pwr  gtemp  mtemp     sm    mem    enc    dec    jpg    ofa   mclk   pclk  rxpci  txpci 
#HH:MM:SS     Idx      W      C      C      %      %      %      %      %      %    MHz    MHz   MB/s   MB/s 
 22:51:46       0    309     56      -    100      2      0      0      0      0  14801   2887      0      0 
 22:51:47       0    306     56      -    100      2      0      0      0      0  14801   2887      0      0 
 22:51:48       0    309     56      -    100      2      0      0      0      0  14801   2887      0      0 
 22:51:49       0    309     56      -    100      2      0      0      0      0  14801   2887      0      0 
 22:51:50       0    309     56      -    100      2      0      0      0      0  14801   2887      0      0 
 22:51:51       0    310     56      -    100      2      0      0      0      0  14801   2887      0      0 
 22:51:52       0    310     56      -    100      2      0      0      0      0  14801   2887      0      0 
 22:51:53       0    306     54      -    100     24      0      0      0      0  14801   2887      0      0 
 22:51:54       0    309     55      -    100     31      0      0      0      0  14801   2887      0      0 
 22:51:56       0    309     54      -    100     32      0      0      0      0  14801   2887      0      0 
 22:51:57       0    310     53      -    100     26      0      0      0      0  14801   2887      0      0 
 22:51:58       0    310     57      -    100      2      0      0      0      0  14801   2887      0      0 
 22:51:59       0    311     57      -    100      2      0      0      0      0  14801   2887      0      0 
 22:52:00       0    306     56      -    100      2      0      0      0      0  14801   2887      0      6 
 22:52:01       0    310     56      -    100      2      0      0      0      0  14801   2887      0      0 
 22:52:02       0    310     56      -    100      2      0      0      0      0  14801   2887      0      0 
 22:52:03       0    310     56      -    100      2      0      0      0      0  14801   2887      0      0 
 22:52:04       0    310     56      -    100      2      0      0      0      0  14801   2887      0      0 
 22:52:05       0    310     56      -    100      9      0      0      0      0  14801   2887      4      2 
 22:52:06       0    311     54      -    100     38      0      0      0      0  14801   2887      0      0 
 22:52:07       0    310     56      -    100      2      0      0      0      0  14801   2887      0      0 
 22:52:08       0    310     56      -    100      2      0      0      0      0  14801   2887      0      0 
 22:52:09       0    309     56      -    100      2      0      0      0      0  14801   2887      0      0 
 22:52:10       0    309     56      -    100      2      0      0      0      0  14801   2887      4      1 
 22:52:11       0    310     56      -    100      2      0      0      0      0  14801   2887      0      0 
 22:52:12       0    304     45      -     99     30      0      0      0      0  14801   2887      0      0 
 22:52:13       0    309     56      -    100      2      0      0      0      0  14801   2887      0      0 
 22:52:14       0    309     56      -    100      2      0      0      0      0  14801   2887      0      0 
 22:52:15       0    309     56      -    100      2      0      0      0      0  14801   2887      1      1 
 22:52:17       0    309     56      -    100      2      0      0      0      0  14801   2887      0      1 
 22:52:18       0    308     55      -    100      2      0      0      0      0  14801   2887      0      0 
 22:52:19       0    303     53      -     89     35      0      0      0      0  14801   2887  30734    177 
 22:52:20       0    302     56      -    100      2      0      0      0      0  14801   2887  29453   2601 
 22:52:21       0    304     56      -    100      2      0      0      0      0  14801   2887  29907   2627 
 22:52:22       0    304     56      -    100      2      0      0      0      0  14801   2887   4890   2467 
 22:52:23       0    304     56      -    100      2      0      0      0      0  14801   2887      1      2 
 22:52:24       0    304     56      -    100      2      0      0      0      0  14801   2887      0      1 
 22:52:25       0    305     56      -    100      2      0      0      0      0  14801   2887      0      0 
 22:52:26       0    302     56      -    100      2      0      0      0      0  14801   2887      1     16 
 22:52:27       0    304     56      -    100      2      0      0      0      0  14801   2887      0      1 
 22:52:28       0    305     57      -    100      2      0      0      0      0  14801   2887      0      0 
 22:52:29       0    305     57      -    100      2      0      0      0      0  14801   2887      0      0 
 22:52:30       0    306     57      -    100      2      0      0      0      0  14801   2887      0      0 
 22:52:31       0    307     57      -    100      2      0      0      0      0  14801   2887     14      0 
#Time         gpu    pwr  gtemp  mtemp     sm    mem    enc    dec    jpg    ofa   mclk   pclk  rxpci  txpci 
#HH:MM:SS     Idx      W      C      C      %      %      %      %      %      %    MHz    MHz   MB/s   MB/s 
 22:52:32       0    304     55      -    100     21      0      0      0      0  14801   2887      0      0 
 22:52:33       0    307     50      -    100     12      0      0      0      0  14801   2887      0      0 
 22:52:34       0    308     57      -    100      2      0      0      0      0  14801   2887      0      3 
 22:52:35       0    310     57      -    100      2      0      0      0      0  14801   2887      0      1 
 22:52:36       0    310     57      -    100      2      0      0      0      0  14801   2887      0      1 
 22:52:38       0    310     57      -    100      2      0      0      0      0  14801   2887  29980   1095 
 22:52:39       0    313     56      -    100      2      0      0      0      0  14801   2887  14249   2634 
 22:52:40       0    306     56      -    100      2      0      0      0      0  14801   2887      0      0 
 22:52:41       0    309     56      -    100      2      0      0      0      0  14801   2887      0      0 
 22:52:42       0    309     56      -    100      2      0      0      0      0  14801   2887      0      0 
 22:52:43       0    309     56      -    100      2      0      0      0      0  14801   2887      0      0 
 22:52:44       0    309     56      -    100      2      0      0      0      0  14801   2887      0      0 
 22:52:45       0    309     55      -    100     10      0      0      0      0  14801   2887      0      0 
 22:52:46       0    308     52      -    100     14      0      0      0      0  14801   2887      0      0 
 22:52:47       0    306     56      -    100      2      0      0      0      0  14801   2887      0      0 
 22:52:48       0    308     56      -    100      2      0      0      0      0  14801   2887      0      0 
 22:52:49       0    308     56      -    100      2      0      0      0      0  14801   2887  31086   2543 
 22:52:50       0    308     56      -    100      2      0      0      0      0  14801   2887      0      0 
 22:52:51       0    309     56      -    100      2      0      0      0      0  14801   2887      0      0 
 22:52:52       0    309     56      -    100      2      0      0      0      0  14801   2887      0      0 
 22:52:53       0    304     56      -    100      2      0      0      0      0  14801   2895      0      0 
 22:52:54       0    308     56      -    100      2      0      0      0      0  14801   2887      0      0 
 22:52:55       0    308     53      -    100     32      0      0      0      0  14801   2887      0      0 
 22:52:56       0    312     56      -    100      2      0      0      0      0  14801   2887      0      0 
 22:52:58       0    308     56      -    100      2      0      0      0      0  14801   2887      0      0 
 22:52:59       0    308     56      -    100      2      0      0      0      0  14801   2887      2      1 
 22:53:00       0    314     56      -    100      2      0      0      0      0  14801   2887  16864   2645 
 22:53:01       0    305     56      -    100      2      0      0      0      0  14801   2887      0      1 
 22:53:02       0    308     56      -    100      2      0      0      0      0  14801   2887      0      0 
 22:53:03       0    308     56      -    100      2      0      0      0      0  14801   2880      0      1 
 22:53:04       0    309     56      -    100      2      0      0      0      0  14801   2887      0      0 
 22:53:05       0    309     55      -    100     27      0      0      0      0  14801   2887      0      1 
 22:53:06       0    314     56      -    100      2      0      0      0      0  14801   2887      0      0 
 22:53:07       0    309     57      -    100      2      0      0      0      0  14801   2887  29809   2493 
 22:53:08       0    305     57      -    100      2      0      0      0      0  14801   2887      0      0 
 22:53:09       0    308     57      -    100      2      0      0      0      0  14801   2887      0      1 
 22:53:10       0    309     57      -    100      2      0      0      0      0  14801   2887      0      0 
 22:53:11       0    308     56      -    100      2      0      0      0      0  14801   2887      0      1 
 22:53:12       0    308     56      -    100      2      0      0      0      0  14801   2887      0      0 
 22:53:13       0    309     56      -    100     12      0      0      0      0  14801   2887      0      1 
 22:53:14       0    312     56      -    100      2      0      0      0      0  14801   2887   6278      0 
 22:53:15       0    301     56      -    100      2      0      0      0      0  14801   2887      0      2 
 22:53:16       0    308     56      -    100      2      0      0      0      0  14801   2887      0      0 
 22:53:17       0    308     56      -    100      2      0      0      0      0  14801   2887      0      1 
#Time         gpu    pwr  gtemp  mtemp     sm    mem    enc    dec    jpg    ofa   mclk   pclk  rxpci  txpci 
#HH:MM:SS     Idx      W      C      C      %      %      %      %      %      %    MHz    MHz   MB/s   MB/s 
 22:53:19       0    308     56      -    100      2      0      0      0      0  14801   2887      0      1 
 22:53:20       0    308     56      -    100      2      0      0      0      0  14801   2887      0      1 
 22:53:21       0    309     56      -    100      2      0      0      0      0  14801   2887      0      0 
 22:53:22       0    308     52      -    100     28      0      0      0      0  14801   2887  30647    291 
 22:53:23       0    306     56      -    100      2      0      0      0      0  14801   2887      2      0 
 22:53:24       0    307     56      -    100      2      0      0      0      0  14801   2887      0      1 
 22:53:25       0    308     56      -    100      2      0      0      0      0  14801   2887      0      0 
 22:53:26       0    308     55      -    100      2      0      0      0      0  14801   2887      0      1 
 22:53:27       0    307     52      -    100     27      0      0      0      0  14801   2887      0      0 
 22:53:28       0    309     56      -    100      2      0      0      0      0  14801   2887      0      1 
 22:53:29       0    309     56      -    100      2      0      0      0      0  14801   2887     19   1275 
 22:53:30       0    307     56      -    100      2      0      0      0      0  14801   2887      0      1 
 22:53:31       0    308     56      -    100      2      0      0      0      0  14801   2887      0      0 
 22:53:32       0    308     56      -    100      2      0      0      0      0  14801   2887      0      1 
 22:53:33       0    308     56      -    100      2      0      0      0      0  14801   2887      0      0 
 22:53:34       0    307     52      -    100     15      0      0      0      0  14801   2887      0      1 
 22:53:35       0    309     56      -    100      2      0      0      0      0  14801   2887  20855      0 
 22:53:36       0    309     56      -    100      2      0      0      0      0  14801   2887      0      1 
 22:53:37       0    305     56      -    100      2      0      0      0      0  14801   2895      0      0 
 22:53:38       0    308     56      -    100     10      0      0      0      0  14801   2887      0      1 
 22:53:40       0    311     57      -    100      2      0      0      0      0  14801   2887      0      0 
 22:53:41       0    309     56      -    100      8      0      0      0      0  14801   2887      0      1 
 22:53:42       0    312     57      -    100      2      0      0      0      0  14801   2887  28946   2633 
 22:53:43       0    308     57      -    100      2      0      0      0      0  14801   2887      0      1 
 22:53:44       0    310     57      -    100      2      0      0      0      0  14801   2880      0      0 
 22:53:45       0    305     56      -    100      2      0      0      0      0  14801   2887      0      1 
 22:53:46       0    307     52      -    100      2      0      0      0      0  14801   2887      0      0 
 22:53:47       0    308     56      -    100      2      0      0      0      0  14801   2887   4995      2 
 22:53:48       0    308     56      -    100      2      0      0      0      0  14801   2887      0      0 
 22:53:49       0    308     56      -    100      2      0      0      0      0  14801   2887      0      1 
 22:53:50       0    308     56      -    100      2      0      0      0      0  14801   2887      0      0 
 22:53:51       0    309     56      -    100      2      0      0      0      0  14801   2887      0      1 
 22:53:52       0    306     53      -    100     34      0      0      0      0  14801   2887      0      0 
 22:53:53       0    309     56      -    100      2      0      0      0      0  14801   2887      0      1 
 22:53:54       0    307     56      -    100      2      0      0      0      0  14801   2887      0      0 
 22:53:55       0    306     56      -    100      2      0      0      0      0  14801   2887      0      1 
 22:53:56       0    307     55      -    100      6      0      0      0      0  14801   2887      0      0 
 22:53:57       0    311     56      -    100      2      0      0      0      0  14801   2887      0      1 
 22:53:58       0    308     56      -    100      2      0      0      0      0  14801   2887  29652   2578 
 22:54:00       0    308     56      -    100      2      0      0      0      0  14801   2887      0      1 
 22:54:01       0    304     55      -    100      5      0      0      0      0  14801   2887      0      0 
 22:54:02       0    306     56      -    100      2      0      0      0      0  14801   2887      0      0 
 22:54:03       0    307     53      -    100     32      0      0      0      0  14801   2887      0      0 
 22:54:04       0    311     56      -    100      2      0      0      0      0  14801   2887      0      1 
#Time         gpu    pwr  gtemp  mtemp     sm    mem    enc    dec    jpg    ofa   mclk   pclk  rxpci  txpci 
#HH:MM:SS     Idx      W      C      C      %      %      %      %      %      %    MHz    MHz   MB/s   MB/s 
 22:54:05       0    307     56      -    100      2      0      0      0      0  14801   2887      0      0 
 22:54:06       0    307     56      -    100      2      0      0      0      0  14801   2887      0      0 
 22:54:07       0    309     56      -    100      7      0      0      0      0  14801   2887      0      0 
 22:54:08       0    312     56      -    100      2      0      0      0      0  14801   2887      0      0 
 22:54:09       0    304     56      -    100      2      0      0      0      0  14801   2887      0      0 
 22:54:10       0    307     56      -    100      2      0      0      0      0  14801   2887      0      0 
 22:54:11       0    307     56      -    100      2      0      0      0      0  14801   2887      0      0 
 22:54:12       0    308     56      -    100      2      0      0      0      0  14801   2887      0      0 
 22:54:13       0    306     52      -    100      3      0      0      0      0  14801   2887      0      0 
 22:54:14       0    309     57      -    100      2      0      0      0      0  14801   2887      0      0 
 22:54:15       0    309     57      -    100      2      0      0      0      0  14801   2887      0      0 
 22:54:16       0    302     56      -    100      2      0      0      0      0  14801   2887      0      0 
 22:54:17       0    311     56      -    100      2      0      0      0      0  14801   2887      0      0 
 22:54:18       0    307     57      -    100      2      0      0      0      0  14801   2887      0      0 
 22:54:19       0    307     56      -    100      2      0      0      0      0  14801   2887      0      0 
 22:54:21       0    308     56      -    100      2      0      0      0      0  14801   2887      0      0 
 22:54:22       0    307     56      -    100      2      0      0      0      0  14801   2887      0      0 
 22:54:23       0    307     54      -    100     30      0      0      0      0  14801   2887      0      0 
 22:54:24       0    311     56      -    100      2      0      0      0      0  14801   2887      0      0 
 22:54:25       0    304     56      -    100      2      0      0      0      0  14801   2887      0      0 
 22:54:26       0    307     56      -    100      2      0      0      0      0  14801   2887      0      0 
 22:54:27       0    311     56      -    100      2      0      0      0      0  14801   2887      0      0 
 22:54:28       0    307     56      -    100      2      0      0      0      0  14801   2887      0      0 
 22:54:29       0    307     56      -    100      2      0      0      0      0  14801   2887      0      0 
 22:54:30       0    307     55      -    100      2      0      0      0      0  14801   2887      0      0 
 22:54:31       0    311     56      -    100      2      0      0      0      0  14801   2887      0      1 
 22:54:32       0    305     50      -    100      6      0      0      0      0  14801   2887  30595   2170 
 22:54:33       0    304     56      -    100      2      0      0      0      0  14801   2887      0      0 
 22:54:34       0    306     56      -    100      2      0      0      0      0  14801   2887      0      0 
 22:54:35       0    307     55      -    100      9      0      0      0      0  14801   2887      0      0 
 22:54:36       0    311     56      -    100      2      0      0      0      0  14801   2887  29917   2101 
 22:54:37       0    307     56      -    100      2      0      0      0      0  14801   2887      0      0 
 22:54:38       0    308     56      -    100      2      0      0      0      0  14801   2887      0      0 
 22:54:39       0    308     53      -    100     36      0      0      0      0  14801   2887      0      0 
 22:54:40       0    313     56      -    100      2      0      0      0      0  14801   2887  30902   2539 
 22:54:42       0    304     56      -    100      2      0      0      0      0  14801   2887      0      1 
 22:54:43       0    307     56      -    100      2      0      0      0      0  14801   2887      0      0 
 22:54:44       0    307     56      -    100      2      0      0      0      0  14801   2887      0      0 
 22:54:45       0    311     56      -    100      2      0      0      0      0  14801   2887      0      0 
 22:54:46       0    308     56      -    100      2      0      0      0      0  14801   2887      0      0 
 22:54:47       0    308     57      -    100      2      0      0      0      0  14801   2887      0      0 
 22:54:48       0    309     56      -    100      2      0      0      0      0  14801   2887      0      0 
 22:54:49       0    312     57      -    100      2      0      0      0      0  14801   2887  29729   2476 
 22:54:50       0    305     57      -    100      2      0      0      0      0  14801   2887      0      0 
#Time         gpu    pwr  gtemp  mtemp     sm    mem    enc    dec    jpg    ofa   mclk   pclk  rxpci  txpci 
#HH:MM:SS     Idx      W      C      C      %      %      %      %      %      %    MHz    MHz   MB/s   MB/s 
 22:54:51       0    307     56      -    100      2      0      0      0      0  14801   2887      0      0 
 22:54:52       0    312     57      -    100      2      0      0      0      0  14801   2887      0      0 
 22:54:53       0    305     50      -    100      8      0      0      0      0  14801   2887  22788      0 
 22:54:54       0    307     57      -    100      2      0      0      0      0  14801   2887      0      0 
 22:54:55       0    308     56      -    100      2      0      0      0      0  14801   2887      0      0 
 22:54:56       0    308     56      -    100      2      0      0      0      0  14801   2887      0      0 
 22:54:57       0    312     56      -    100      2      0      0      0      0  14801   2887   3007    163 
 22:54:58       0    304     56      -    100      2      0      0      0      0  14801   2887      0      0 
 22:54:59       0    307     56      -    100      2      0      0      0      0  14801   2887      0      0 
 22:55:00       0    311     56      -    100      2      0      0      0      0  14801   2887      0      0 
 22:55:02       0    307     56      -    100      2      0      0      0      0  14801   2887      0      0 
 22:55:03       0    307     56      -    100      2      0      0      0      0  14801   2887      0      0 
 22:55:04       0    307     56      -    100      2      0      0      0      0  14801   2887      0      0 
 22:55:05       0    307     55      -    100     12      0      0      0      0  14801   2887      0      0 
 22:55:06       0    312     56      -    100      2      0      0      0      0  14801   2887      0      0 
 22:55:07       0    304     56      -    100      2      0      0      0      0  14801   2887      0      0 
 22:55:08       0    306     55      -    100      2      0      0      0      0  14801   2887      0      0 
 22:55:09       0    310     56      -    100      2      0      0      0      0  14801   2887      0      0 
 22:55:10       0    307     56      -    100      2      0      0      0      0  14801   2887      0      0 
 22:55:11       0    307     56      -    100      2      0      0      0      0  14801   2887      0      0 
 22:55:12       0    311     56      -    100      2      0      0      0      0  14801   2887      0      0 
 22:55:13       0    307     56      -    100      2      0      0      0      0  14801   2887  31186   2610 
 22:55:14       0    314     56      -    100      2      0      0      0      0  14801   2887      0      0 
 22:55:15       0    211     37      -      0      0      0      0      0      0  14801   2940      0      0 
 22:55:16       0     89     42      -     98      6      0      0      0      0  14801   2940  26725      0 
 22:55:17       0    184     42      -     97     63      0      0      0      0  14801   2925   5083    715 
 22:55:18       0    226     44      -     97     76      0      0      0      0  14801   2902      0      0 
 22:55:19       0     68     34      -      0      0      0      0      0      0  14801   2940  30397   2536 
 22:55:20       0    217     52      -    100     39      0      0      0      0  14801   2887  10163   1256 
 22:55:21       0    162     36      -      0      0      0      0      0      0  14801   2910  29230   2594 
 22:55:23       0    188     52      -    100     41      0      0      0      0  14801   2887  28282   2431 
 22:55:24       0    308     52      -    100     32      0      0      0      0  14801   2880      2   1699 
 22:55:25       0    306     56      -    100     19      0      0      0      0  14801   2880  29767   1067 
 22:55:26       0    307     56      -    100     23      0      0      0      0  14801   2880  17762      0 
 22:55:27       0    306     57      -    100      7      0      0      0      0  14801   2880  29966   2592 
 22:55:28       0    305     57      -    100      3      0      0      0      0  14801   2880  29158   1114 
 22:55:29       0    306     57      -    100     22      0      0      0      0  14801   2887  29348   2546 
 22:55:30       0    307     54      -     84     31      0      0      0      0  14801   2880      0      0 
 22:55:31       0    300     58      -    100      2      0      0      0      0  14801   2880      0      0 
 22:55:32       0    156     38      -      0      0      0      0      0      0  14801   2940      0      0 
 22:55:33       0    160     57      -    100      8      0      0      0      0  14801   2895      0      0 
 22:55:34       0    219     46      -     95     64      0      0      0      0  14801   2895      4      0 
 22:55:35       0     58     36      -      0      0      0      0      0      0  14801   2940      0      0 
 22:55:36       0     91     51      -    100     39      0      0      0      0  14801   2940  28271   2581 
#Time         gpu    pwr  gtemp  mtemp     sm    mem    enc    dec    jpg    ofa   mclk   pclk  rxpci  txpci 
#HH:MM:SS     Idx      W      C      C      %      %      %      %      %      %    MHz    MHz   MB/s   MB/s 
 22:55:37       0    309     55      -    100     30      0      0      0      0  14801   2887  30625    119 
 22:55:38       0    309     57      -    100     26      0      0      0      0  14801   2880  29346   2633 
 22:55:39       0    308     57      -    100     38      0      0      0      0  14801   2880  14930      0 
 22:55:40       0    308     56      -    100     26      0      0      0      0  14801   2880  10928      0 
 22:55:41       0    307     57      -    100     29      0      0      0      0  14801   2880  30418   2503 
 22:55:42       0    307     57      -    100     32      0      0      0      0  14801   2880      2    703 
 22:55:44       0    307     58      -    100     12      0      0      0      0  14801   2887      0      0 
 22:55:45       0    303     60      -    100      1      0      0      0      0  14801   2880  28989   2495 
 22:55:46       0    308     60      -    100      0      0      0      0      0  14801   2880  20122      3 
 22:55:47       0    314     58      -    100     36      0      0      0      0  14801   2880  26973   2617 
 22:55:48       0    310     58      -    100     15      0      0      0      0  14801   2880  10407   2478 
 22:55:49       0    311     60      -    100      1      0      0      0      0  14801   2880      0      0 
 22:55:50       0    316     61      -    100      0      0      0      0      0  14801   2880      0    233 
 22:55:51       0    310     61      -    100      7      0      0      0      0  14801   2880      0      0 
 22:55:52       0    317     61      -    100      0      0      0      0      0  14801   2880      0      0 
 22:55:53       0    308     60      -    100      1      0      0      0      0  14801   2872      0      0 
 22:55:54       0    317     60      -    100     38      0      0      0      0  14801   2872      0      1 
 22:55:55       0    312     60      -    100      2      0      0      0      0  14801   2872  18689   2598 
 22:55:56       0    310     60      -    100      2      0      0      0      0  14801   2880      0      0 
 22:55:57       0    312     60      -    100      2      0      0      0      0  14801   2880  30264   2657 
 22:55:58       0    307     57      -    100     26      0      0      0      0  14801   2887      0      0 
 22:55:59       0    315     58      -    100     23      0      0      0      0  14801   2880      0      1 
 22:56:00       0    313     59      -    100      2      0      0      0      0  14801   2880      0      0 
 22:56:01       0    317     59      -    100      9      0      0      0      0  14801   2880      0      0 
 22:56:02       0    317     56      -    100     31      0      0      0      0  14801   2880      2    924 
 22:56:04       0    313     59      -    100      2      0      0      0      0  14801   2880      0      0 
 22:56:05       0    316     56      -    100     38      0      0      0      0  14801   2880  30587    162 
 22:56:06       0    311     58      -    100      2      0      0      0      0  14801   2880      0    567 
 22:56:07       0    316     58      -    100     21      0      0      0      0  14801   2880      0      0 
 22:56:08       0    313     58      -    100      2      0      0      0      0  14801   2880      0      0 
 22:56:09       0    313     58      -    100      6      0      0      0      0  14801   2880      0      0 
 22:56:10       0    313     47      -     99     30      0      0      0      0  14801   2880      0      3 
 22:56:11       0    311     57      -    100      2      0      0      0      0  14801   2880      0      0 
 22:56:12       0    313     57      -    100      2      0      0      0      0  14801   2880      0      0 
 22:56:13       0    311     57      -    100      2      0      0      0      0  14801   2887      0      0 
 22:56:14       0    314     56      -    100     27      0      0      0      0  14801   2880      0      0 
 22:56:15       0    315     57      -    100      2      0      0      0      0  14801   2880      4     13 
 22:56:16       0    314     57      -    100      2      0      0      0      0  14801   2880      0      0 
 22:56:17       0    311     57      -    100      2      0      0      0      0  14801   2880  29969   2705 
 22:56:18       0    305     57      -    100      2      0      0      0      0  14801   2887  28670   2538 
 22:56:19       0    311     57      -    100      2      0      0      0      0  14801   2880      0      1 
 22:56:20       0    309     57      -    100      4      0      0      0      0  14801   2880      0      0 
 22:56:21       0    309     57      -    100      2      0      0      0      0  14801   2887      0      1 
 22:56:22       0    313     57      -    100      2      0      0      0      0  14801   2880      0      0 
#Time         gpu    pwr  gtemp  mtemp     sm    mem    enc    dec    jpg    ofa   mclk   pclk  rxpci  txpci 
#HH:MM:SS     Idx      W      C      C      %      %      %      %      %      %    MHz    MHz   MB/s   MB/s 
 22:56:23       0    310     57      -    100      4      0      0      0      0  14801   2880      0      1 
 22:56:25       0    310     57      -    100      2      0      0      0      0  14801   2887      0      0 
 22:56:26       0    313     57      -    100      2      0      0      0      0  14801   2880      0      1 
 22:56:27       0    313     57      -    100      2      0      0      0      0  14801   2880      0      0 
 22:56:28       0    309     57      -    100      2      0      0      0      0  14801   2880      0      1 
 22:56:29       0    313     57      -    100      2      0      0      0      0  14801   2880      0      0 
 22:56:30       0    313     57      -    100      2      0      0      0      0  14801   2880      0      1 
 22:56:31       0    307     52      -    100     12      0      0      0      0  14801   2880      0      0 
 22:56:32       0    312     57      -    100      2      0      0      0      0  14801   2880      0      1 
 22:56:33       0    312     57      -    100      2      0      0      0      0  14801   2880      0      0 
 22:56:34       0    310     57      -    100      2      0      0      0      0  14801   2887      2      1 
 22:56:35       0    312     57      -    100      6      0      0      0      0  14801   2880      3      0 
 22:56:36       0    312     55      -    100     33      0      0      0      0  14801   2880  29953   1476 
 22:56:37       0    310     57      -    100      2      0      0      0      0  14801   2887      0      0 
 22:56:38       0    312     57      -    100      2      0      0      0      0  14801   2880      0      1 
 22:56:39       0    312     56      -    100     17      0      0      0      0  14801   2880      0      0 
 22:56:40       0    310     57      -    100      4      0      0      0      0  14801   2880      0      1 
 22:56:41       0    122     36      -      0      0      0      0      0      0  14801   2940  30724    258 
 22:56:42       0    222     52      -    100     11      0      0      0      0  14801   2887  30461   2651 
 22:56:43       0    234     44      -     96     69      0      0      0      0  14801   2895      0      0 
 22:56:44       0    125     35      -      0      0      0      0      0      0  14801   2940      0      1 
 22:56:46       0     73     34      -      0      0      0      0      0      0  14801   2940      0      0 
 22:56:47       0     61     33      -      0      0      0      0      0      0  14801   2722      0      1 
 22:56:48       0     56     32      -      0      0      0      0      0      0  14801   2722      0      0 
 22:56:49       0     53     32      -      0      0      0      0      0      0  14801   2722  30674   2214 
 22:56:50       0    288     51      -    100     32      0      0      0      0  14801   2887      2   1490 
 22:56:51       0    307     51      -    100     25      0      0      0      0  14801   2895  30072   2599 
 22:56:52       0    304     54      -    100     19      0      0      0      0  14801   2887  21370   2634 
 22:56:53       0    305     55      -    100     19      0      0      0      0  14801   2880  27685   2601 
 22:56:54       0    305     55      -    100     20      0      0      0      0  14801   2880      0      0 
 22:56:55       0    304     53      -    100     20      0      0      0      0  14801   2887      0      2 
 22:56:56       0    304     56      -    100      1      0      0      0      0  14801   2880      0      1 
 22:56:57       0    301     57      -    100      8      0      0      0      0  14801   2895  19117   2572 
 22:56:58       0    310     54      -    100     38      0      0      0      0  14801   2880  28488      1 
 22:56:59       0    305     55      -    100     29      0      0      0      0  14801   2880  30615   2611 
 22:57:00       0    305     57      -    100     20      0      0      0      0  14801   2880  28934   2487 
 22:57:01       0    310     55      -    100     35      0      0      0      0  14801   2880      0      1 
 22:57:02       0    304     59      -    100      0      0      0      0      0  14801   2880  29422   2574 
 22:57:03       0    303     55      -    100     21      0      0      0      0  14801   2887      0      0 
 22:57:04       0    309     59      -    100      3      0      0      0      0  14801   2880  16174   2587 
 22:57:06       0    302     58      -    100      8      0      0      0      0  14801   2880      0      0 
 22:57:07       0    309     59      -    100     11      0      0      0      0  14801   2880      0      1 
 22:57:08       0    301     57      -    100     13      0      0      0      0  14801   2880   2727      0 
 22:57:09       0    299     59      -    100      1      0      0      0      0  14801   2887  29208   1836 
#Time         gpu    pwr  gtemp  mtemp     sm    mem    enc    dec    jpg    ofa   mclk   pclk  rxpci  txpci 
#HH:MM:SS     Idx      W      C      C      %      %      %      %      %      %    MHz    MHz   MB/s   MB/s 
 22:57:10       0    302     59      -    100      2      0      0      0      0  14801   2880      0      0 
 22:57:11       0    297     58      -    100      7      0      0      0      0  14801   2880  30965   2514 
 22:57:12       0    303     59      -    100     11      0      0      0      0  14801   2880  12147      0 
 22:57:13       0    305     57      -    100     38      0      0      0      0  14801   2880      0      0 
 22:57:14       0    299     59      -    100      2      0      0      0      0  14801   2880      0      0 
 22:57:15       0    305     59      -    100      2      0      0      0      0  14801   2880      0      0 
 22:57:16       0    301     59      -    100      2      0      0      0      0  14801   2880  30631    387 
 22:57:17       0    306     59      -    100      2      0      0      0      0  14801   2880      2   1825 
 22:57:18       0    304     57      -    100     26      0      0      0      0  14801   2880      0      0 
 22:57:19       0    308     59      -    100      2      0      0      0      0  14801   2880  29762   2611 
 22:57:20       0    306     58      -    100      2      0      0      0      0  14801   2887      0      0 
 22:57:21       0    311     58      -    100      5      0      0      0      0  14801   2880   6377   2489 
 22:57:22       0    311     58      -    100      2      0      0      0      0  14801   2880  15969      0 
 22:57:23       0    309     58      -    100      2      0      0      0      0  14801   2880      0      0 
 22:57:24       0    314     58      -    100     12      0      0      0      0  14801   2880   1139      0 
 22:57:25       0    311     57      -    100      8      0      0      0      0  14801   2880      0      0 
 22:57:27       0    314     58      -    100      2      0      0      0      0  14801   2880      0      0 
 22:57:28       0    312     56      -    100      7      0      0      0      0  14801   2880   7870      3 
 22:57:29       0    310     55      -    100     13      0      0      0      0  14801   2880      0      1 
 22:57:30       0    315     57      -    100     18      0      0      0      0  14801   2880      0      0 
 22:57:31       0    309     51      -     91     27      0      0      0      0  14801   2880      0      0 
 22:57:32       0    314     57      -    100     12      0      0      0      0  14801   2880      0      0 
 22:57:33       0    314     57      -    100      2      0      0      0      0  14801   2880  29983   2667 
 22:57:34       0    311     57      -    100     15      0      0      0      0  14801   2880  14929   2534 
 22:57:35       0    314     58      -    100      2      0      0      0      0  14801   2880      8      2 
 22:57:36       0    313     58      -    100      2      0      0      0      0  14801   2880      0      0 
 22:57:37       0    311     56      -    100     23      0      0      0      0  14801   2880      0      0 
 22:57:38       0    314     57      -    100     12      0      0      0      0  14801   2880      0      0 
 22:57:39       0    314     57      -    100     18      0      0      0      0  14801   2880      0      0 
 22:57:40       0    307     58      -    100      4      0      0      0      0  14801   2887      0      0 
 22:57:41       0    313     58      -    100      2      0      0      0      0  14801   2880      0      0 
 22:57:42       0    312     57      -    100      2      0      0      0      0  14801   2880      0      0 
 22:57:43       0    311     57      -    100      2      0      0      0      0  14801   2887  19455      0 
 22:57:44       0    313     57      -    100      2      0      0      0      0  14801   2880  12690      0 
 22:57:45       0    312     57      -    100      2      0      0      0      0  14801   2880  29947   1204 
 22:57:46       0    312     55      -    100     34      0      0      0      0  14801   2880      0      0 
 22:57:48       0    310     57      -    100      2      0      0      0      0  14801   2880      0      1 
 22:57:49       0    312     57      -    100      2      0      0      0      0  14801   2880      0      0 
 22:57:50       0    310     55      -    100     24      0      0      0      0  14801   2880      0      0 
 22:57:51       0    310     55      -    100      5      0      0      0      0  14801   2880      0      0 
 22:57:52       0    312     57      -    100      2      0      0      0      0  14801   2880      0      0 
 22:57:53       0    312     57      -    100      2      0      0      0      0  14801   2880  28933   2665 
 22:57:54       0    307     54      -    100     25      0      0      0      0  14801   2880      0      0 
 22:57:55       0    312     56      -    100      2      0      0      0      0  14801   2880      0      0 
#Time         gpu    pwr  gtemp  mtemp     sm    mem    enc    dec    jpg    ofa   mclk   pclk  rxpci  txpci 
#HH:MM:SS     Idx      W      C      C      %      %      %      %      %      %    MHz    MHz   MB/s   MB/s 
 22:57:56       0    311     56      -    100      2      0      0      0      0  14801   2880      0      0 
 22:57:57       0    304     45      -     88     25      0      0      0      0  14801   2887      0      0 
 22:57:58       0    305     56      -    100      2      0      0      0      0  14801   2880      0      1 
 22:57:59       0    310     56      -    100      2      0      0      0      0  14801   2880      0      0 
 22:58:00       0    309     56      -    100      4      0      0      0      0  14801   2880   8368   2480 
 22:58:01       0    308     56      -    100      2      0      0      0      0  14801   2880      0      0 
 22:58:02       0    310     55      -    100     28      0      0      0      0  14801   2880      0      0 
 22:58:03       0    311     56      -    100      2      0      0      0      0  14801   2880      0      0 
 22:58:04       0    308     54      -    100     24      0      0      0      0  14801   2887      0      0 
 22:58:05       0    309     56      -    100      2      0      0      0      0  14801   2880      0      0 
 22:58:06       0    311     56      -    100      2      0      0      0      0  14801   2880  29353   1174 
 22:58:08       0    309     53      -    100     13      0      0      0      0  14801   2880      0      0 
 22:58:09       0    309     56      -    100      2      0      0      0      0  14801   2887      0      3 
 22:58:10       0    313     57      -    100      2      0      0      0      0  14801   2880      0      0 
 22:58:11       0    311     57      -    100      2      0      0      0      0  14801   2880      0      0 
 22:58:12       0    312     57      -    100      2      0      0      0      0  14801   2880   2484   2447 
 22:58:13       0    308     57      -    100     10      0      0      0      0  14801   2880      0      0 
 22:58:14       0    312     57      -    100      2      0      0      0      0  14801   2880      0      2 
 22:58:15       0    310     57      -    100      2      0      0      0      0  14801   2880      0      0 
 22:58:16       0    312     57      -    100      2      0      0      0      0  14801   2887      0      2 
 22:58:17       0    307     55      -    100     30      0      0      0      0  14801   2880      4      1 
 22:58:18       0    314     57      -    100      2      0      0      0      0  14801   2880      0      1 
 22:58:19       0    311     56      -    100     25      0      0      0      0  14801   2880      2   1137 
 22:58:20       0    308     56      -    100     20      0      0      0      0  14801   2880      0      2 
 22:58:21       0    313     57      -    100      2      0      0      0      0  14801   2880      0      0 
 22:58:22       0    311     55      -    100     30      0      0      0      0  14801   2880      1      2 
 22:58:23       0    313     57      -    100      2      0      0      0      0  14801   2880      0    508 
 22:58:24       0    310     55      -    100     18      0      0      0      0  14801   2880      0      1 
 22:58:25       0    307     56      -    100      2      0      0      0      0  14801   2887      0      0 
 22:58:26       0    311     56      -    100      2      0      0      0      0  14801   2887      0      1 
 22:58:27       0    310     56      -    100     18      0      0      0      0  14801   2880      1      3 
 22:58:29       0    311     56      -    100      2      0      0      0      0  14801   2880  30479   2341 
 22:58:30       0    304     56      -    100      2      0      0      0      0  14801   2887      0      0 
 22:58:31       0    310     56      -    100      2      0      0      0      0  14801   2880  29351   2517 
 22:58:32       0    309     56      -    100      2      0      0      0      0  14801   2880      0      0 
 22:58:33       0    311     56      -    100      2      0      0      0      0  14801   2887      2   1952 
 22:58:34       0    307     56      -    100      2      0      0      0      0  14801   2887      0      0 
 22:58:35       0    309     56      -    100      2      0      0      0      0  14801   2887      0      1 
 22:58:36       0    310     56      -    100      2      0      0      0      0  14801   2887      0      0 
 22:58:37       0    308     52      -    100     20      0      0      0      0  14801   2880      0      1 
 22:58:38       0    309     55      -    100      8      0      0      0      0  14801   2887     14      0 
 22:58:39       0    311     56      -    100      2      0      0      0      0  14801   2887      0      1 
 22:58:40       0    310     56      -    100      2      0      0      0      0  14801   2880      0      0 
 22:58:41       0    310     56      -    100      2      0      0      0      0  14801   2887  29954   2603 
#Time         gpu    pwr  gtemp  mtemp     sm    mem    enc    dec    jpg    ofa   mclk   pclk  rxpci  txpci 
#HH:MM:SS     Idx      W      C      C      %      %      %      %      %      %    MHz    MHz   MB/s   MB/s 
 22:58:42       0    307     51      -     99     28      0      0      0      0  14801   2887      0      0 
 22:58:43       0    307     56      -    100      2      0      0      0      0  14801   2880      4      1 
 22:58:44       0    311     57      -    100      2      0      0      0      0  14801   2887  29956   2405 
 22:58:45       0    308     53      -    100     21      0      0      0      0  14801   2880      0      1 
 22:58:46       0    311     57      -    100      2      0      0      0      0  14801   2880      0      0 
 22:58:47       0    308     57      -    100      2      0      0      0      0  14801   2887  26271   2514 
 22:58:48       0    311     57      -    100      2      0      0      0      0  14801   2880      0      0 
 22:58:50       0    309     54      -    100     27      0      0      0      0  14801   2880      0      2 
 22:58:51       0    308     53      -    100     13      0      0      0      0  14801   2880  29934   1945 
 22:58:52       0    308     54      -    100     25      0      0      0      0  14801   2880      0      1 
 22:58:53       0    311     57      -    100      2      0      0      0      0  14801   2880      0      0 
 22:58:54       0    311     57      -    100      2      0      0      0      0  14801   2887      0      2 
 22:58:55       0    311     57      -    100      2      0      0      0      0  14801   2880      0      0 
 22:58:56       0    310     56      -    100     16      0      0      0      0  14801   2880      0      1 
 22:58:57       0    309     56      -    100      2      0      0      0      0  14801   2880      2      0 
 22:58:58       0    311     56      -    100      2      0      0      0      0  14801   2887  30296   2530 
 22:58:59       0    311     56      -    100      2      0      0      0      0  14801   2880      0      0 
 22:59:00       0    307     51      -    100      9      0      0      0      0  14801   2880      0      2 
 22:59:01       0    311     56      -    100      2      0      0      0      0  14801   2880      0      0 
 22:59:02       0    307     56      -    100      2      0      0      0      0  14801   2887  29330   2124 
 22:59:03       0    309     55      -    100     22      0      0      0      0  14801   2880      0      0 
 22:59:04       0    312     56      -    100      2      0      0      0      0  14801   2887      0      0 
 22:59:05       0    310     56      -    100      2      0      0      0      0  14801   2880      0      0 
 22:59:06       0    310     56      -    100      2      0      0      0      0  14801   2880  29229   2634 
 22:59:07       0    303     56      -    100      2      0      0      0      0  14801   2887      0      0 
 22:59:08       0    307     50      -    100     10      0      0      0      0  14801   2887      0      0 
 22:59:10       0    309     56      -    100      2      0      0      0      0  14801   2887      0      0 
 22:59:11       0    310     56      -    100      2      0      0      0      0  14801   2887  31106   2626 
 22:59:12       0    305     47      -     99     28      0      0      0      0  14801   2887      0      0 
 22:59:13       0    308     56      -    100      2      0      0      0      0  14801   2887      0      0 
 22:59:14       0    311     56      -    100      2      0      0      0      0  14801   2887      0      0 
 22:59:15       0    310     56      -    100      2      0      0      0      0  14801   2887      0      0 
 22:59:16       0    310     56      -    100      2      0      0      0      0  14801   2880  30663   2602 
 22:59:17       0    311     56      -    100      2      0      0      0      0  14801   2887      0      0 
 22:59:18       0    307     56      -    100      2      0      0      0      0  14801   2887      0      0 
 22:59:19       0    308     53      -    100     25      0      0      0      0  14801   2887      0      0 
 22:59:20       0    309     56      -    100      2      0      0      0      0  14801   2887      0      0 
 22:59:21       0    310     57      -    100      2      0      0      0      0  14801   2887  14132   2543 
 22:59:22       0    310     54      -    100     33      0      0      0      0  14801   2887  31158   2494 
 22:59:23       0    307     53      -    100     30      0      0      0      0  14801   2887      0      0 
 22:59:24       0    310     56      -    100      2      0      0      0      0  14801   2887      0      0 
 22:59:25       0    311     57      -    100      2      0      0      0      0  14801   2887      0      0 
 22:59:26       0    310     57      -    100      2      0      0      0      0  14801   2880      0      0 
 22:59:27       0    311     57      -    100      2      0      0      0      0  14801   2887   1332   2456 
#Time         gpu    pwr  gtemp  mtemp     sm    mem    enc    dec    jpg    ofa   mclk   pclk  rxpci  txpci 
#HH:MM:SS     Idx      W      C      C      %      %      %      %      %      %    MHz    MHz   MB/s   MB/s 
 22:59:28       0    308     57      -    100      2      0      0      0      0  14801   2887  28965   2515 
 22:59:29       0    310     57      -    100      2      0      0      0      0  14801   2887      0      0 
 22:59:31       0    310     57      -    100      2      0      0      0      0  14801   2887      0      0 
 22:59:32       0    310     57      -    100      2      0      0      0      0  14801   2880      0      0 
 22:59:33       0    310     56      -    100      2      0      0      0      0  14801   2887      0      0 
 22:59:34       0    307     56      -    100      2      0      0      0      0  14801   2887      0      0 
 22:59:35       0    310     56      -    100      2      0      0      0      0  14801   2887      0      0 
 22:59:36       0    310     56      -    100      2      0      0      0      0  14801   2880  28943   2530 
 22:59:37       0    310     56      -    100      2      0      0      0      0  14801   2887      0      0 
 22:59:38       0    310     56      -    100      2      0      0      0      0  14801   2887      0      0 
 22:59:39       0    307     50      -    100      8      0      0      0      0  14801   2887      0      0 
 22:59:40       0    307     56      -    100      2      0      0      0      0  14801   2887      0      0 
 22:59:41       0    306     52      -    100     14      0      0      0      0  14801   2887      0      0 
 22:59:42       0    310     56      -    100      2      0      0      0      0  14801   2887      0      0 
 22:59:43       0    309     56      -    100      2      0      0      0      0  14801   2887      0      0 
 22:59:44       0    310     56      -    100      2      0      0      0      0  14801   2887      0      1 
 22:59:45       0    306     56      -    100      2      0      0      0      0  14801   2887      0      0 
 22:59:46       0    309     56      -    100      2      0      0      0      0  14801   2887  29579   2229 
 22:59:47       0    310     56      -    100      2      0      0      0      0  14801   2887      0      0 
 22:59:48       0    310     56      -    100      2      0      0      0      0  14801   2887      0      0 
 22:59:49       0    308     56      -    100      2      0      0      0      0  14801   2887      0      0 
 22:59:51       0    307     51      -    100      6      0      0      0      0  14801   2880      0      0 
 22:59:52       0    304     56      -    100      2      0      0      0      0  14801   2887      0      1 
 22:59:53       0    310     56      -    100      2      0      0      0      0  14801   2887      0      0 
 22:59:54       0    310     56      -    100      2      0      0      0      0  14801   2887      0      0 
 22:59:55       0    310     57      -    100      2      0      0      0      0  14801   2887      0      0 
 22:59:56       0    311     57      -    100      2      0      0      0      0  14801   2887      0      0 
 22:59:57       0    306     57      -    100      2      0      0      0      0  14801   2887      0      0 
 22:59:58       0    310     57      -    100      2      0      0      0      0  14801   2887      0      0 
 22:59:59       0    310     57      -    100      2      0      0      0      0  14801   2887      0      0 
 23:00:00       0    310     57      -    100      2      0      0      0      0  14801   2887  12686   2499 
 23:00:01       0    309     57      -    100      2      0      0      0      0  14801   2880  30103   2033 
 23:00:02       0    310     57      -    100      2      0      0      0      0  14801   2887  28724   2587 
 23:00:03       0    307     53      -    100      3      0      0      0      0  14801   2887  29629    791 
 23:00:04       0    309     51      -    100      5      0      0      0      0  14801   2887      0      0 
 23:00:05       0    306     51      -    100     12      0      0      0      0  14801   2887      0      0 
 23:00:06       0    308     52      -    100     16      0      0      0      0  14801   2887      0      0 
 23:00:07       0    302     53      -    100     22      0      0      0      0  14801   2880      1     14 
 23:00:08       0    304     53      -    100     16      0      0      0      0  14801   2880      0      0 
 23:00:09       0    300     56      -    100      2      0      0      0      0  14801   2887      0      0 
 23:00:10       0    302     56      -    100      2      0      0      0      0  14801   2887      0      0 
 23:00:12       0    301     56      -    100      2      0      0      0      0  14801   2887      0      0 
 23:00:13       0    300     56      -    100      2      0      0      0      0  14801   2887      0      1 
 23:00:14       0    300     56      -    100      2      0      0      0      0  14801   2887      0      0 
#Time         gpu    pwr  gtemp  mtemp     sm    mem    enc    dec    jpg    ofa   mclk   pclk  rxpci  txpci 
#HH:MM:SS     Idx      W      C      C      %      %      %      %      %      %    MHz    MHz   MB/s   MB/s 
 23:00:15       0    296     56      -    100      2      0      0      0      0  14801   2887      0      0 
 23:00:16       0    300     56      -    100      2      0      0      0      0  14801   2887      0      0 
 23:00:17       0    300     56      -    100      2      0      0      0      0  14801   2887      0      0 
 23:00:18       0    300     56      -    100      2      0      0      0      0  14801   2887      0      0 
 23:00:19       0    300     56      -    100      8      0      0      0      0  14801   2887      0      0 
 23:00:20       0    301     55      -    100     23      0      0      0      0  14801   2887      0      0 
 23:00:21       0    303     54      -    100     39      0      0      0      0  14801   2887      0      1 
 23:00:22       0    302     56      -    100      2      0      0      0      0  14801   2887      0      0 
 23:00:23       0    301     57      -    100      2      0      0      0      0  14801   2887      0      1 
 23:00:24       0    302     57      -    100      2      0      0      0      0  14801   2887      0      0 
 23:00:25       0    303     57      -    100      2      0      0      0      0  14801   2887      0      1 
 23:00:26       0    304     57      -    100      2      0      0      0      0  14801   2887      0      0 
 23:00:27       0    300     55      -    100     24      0      0      0      0  14801   2887      0      1 
 23:00:28       0    304     54      -    100     27      0      0      0      0  14801   2887      0      0 
 23:00:29       0    301     51      -    100      9      0      0      0      0  14801   2887      0      1 
 23:00:30       0    305     57      -    100      2      0      0      0      0  14801   2887      0      0 
 23:00:31       0    306     57      -    100      2      0      0      0      0  14801   2887      0      1 
 23:00:33       0    306     57      -    100      2      0      0      0      0  14801   2880      0      0 
 23:00:34       0    306     57      -    100      2      0      0      0      0  14801   2887      0      2 
 23:00:35       0    305     55      -    100     30      0      0      0      0  14801   2887      0      0 
 23:00:36       0    304     53      -    100     17      0      0      0      0  14801   2887      0      2 
 23:00:37       0    305     57      -    100      2      0      0      0      0  14801   2887      0      0 
 23:00:38       0    307     57      -    100      2      0      0      0      0  14801   2887      0      1 
 23:00:39       0    308     57      -    100      2      0      0      0      0  14801   2880      0      0 
 23:00:40       0    309     57      -    100      2      0      0      0      0  14801   2887      4    224 
 23:00:41       0    303     57      -    100      2      0      0      0      0  14801   2887      0      0 
 23:00:42       0    310     57      -    100      2      0      0      0      0  14801   2887      0      1 
 23:00:43       0    310     57      -    100      2      0      0      0      0  14801   2887      0      0 
 23:00:44       0    310     56      -    100      2      0      0      0      0  14801   2887      0      1 
 23:00:45       0    309     56      -    100      2      0      0      0      0  14801   2887      0      0 
 23:00:46       0    310     56      -    100      2      0      0      0      0  14801   2887      0      1 
 23:00:47       0    305     56      -    100      2      0      0      0      0  14801   2887      0      0 
 23:00:48       0    308     56      -    100      2      0      0      0      0  14801   2887      0      1 
 23:00:49       0    308     56      -    100      2      0      0      0      0  14801   2887      0      0 
 23:00:50       0    309     56      -    100      2      0      0      0      0  14801   2887      0      1 
 23:00:51       0    308     53      -    100     31      0      0      0      0  14801   2887      0      0 
 23:00:53       0    309     51      -    100      4      0      0      0      0  14801   2887      0      1 
 23:00:54       0    309     56      -    100      2      0      0      0      0  14801   2887      0      0 
 23:00:55       0    308     55      -    100     17      0      0      0      0  14801   2887      0      1 
 23:00:56       0    306     51      -    100     13      0      0      0      0  14801   2880      0      3 
 23:00:57       0    309     56      -    100      2      0      0      0      0  14801   2887  16498      2 
 23:00:58       0    309     56      -    100      2      0      0      0      0  14801   2887  29316   2642 
 23:00:59       0    309     56      -    100      2      0      0      0      0  14801   2887      0      2 
 23:01:00       0    310     56      -    100      2      0      0      0      0  14801   2887      0      0 
#Time         gpu    pwr  gtemp  mtemp     sm    mem    enc    dec    jpg    ofa   mclk   pclk  rxpci  txpci 
#HH:MM:SS     Idx      W      C      C      %      %      %      %      %      %    MHz    MHz   MB/s   MB/s 
 23:01:01       0    305     56      -    100      2      0      0      0      0  14801   2895      0      1 
 23:01:02       0    309     56      -    100      2      0      0      0      0  14801   2887      0      0 
 23:01:03       0    309     56      -    100      2      0      0      0      0  14801   2887      0      1 
 23:01:04       0    309     53      -    100     23      0      0      0      0  14801   2887      0      1 
 23:01:05       0    309     57      -    100      2      0      0      0      0  14801   2887      0      1 
 23:01:06       0    310     57      -    100      2      0      0      0      0  14801   2887      0      0 
 23:01:07       0    306     54      -    100     29      0      0      0      0  14801   2887      0      1 
 23:01:08       0    311     57      -    100      2      0      0      0      0  14801   2880      0      0 
 23:01:09       0    309     57      -    100      2      0      0      0      0  14801   2887  20990   2620 
 23:01:10       0    309     57      -    100      2      0      0      0      0  14801   2887      0      0 
 23:01:11       0    309     57      -    100      2      0      0      0      0  14801   2887      0      1 
 23:01:12       0    308     57      -    100      2      0      0      0      0  14801   2887      0      0 
 23:01:14       0    309     56      -    100      2      0      0      0      0  14801   2887      0      1 
 23:01:15       0    306     55      -    100     30      0      0      0      0  14801   2887      0      1 
 23:01:16       0    308     56      -    100      2      0      0      0      0  14801   2887      0      1 
 23:01:17       0    308     56      -    100      2      0      0      0      0  14801   2887      0      0 
 23:01:18       0    307     52      -    100     19      0      0      0      0  14801   2887      0      1 
 23:01:19       0    308     56      -    100      2      0      0      0      0  14801   2887      0      0 
 23:01:20       0    308     56      -    100      2      0      0      0      0  14801   2887  23574   2571 
 23:01:21       0    309     56      -    100      2      0      0      0      0  14801   2887      0      1 
 23:01:22       0    304     56      -    100      2      0      0      0      0  14801   2887      0      0 
 23:01:23       0    308     55      -    100      2      0      0      0      0  14801   2887      0      0 
 23:01:24       0    307     52      -    100     30      0      0      0      0  14801   2887      0      0 
 23:01:25       0    310     56      -    100      2      0      0      0      0  14801   2880      0      0 
 23:01:26       0    308     55      -    100      2      0      0      0      0  14801   2887      0      0 
 23:01:27       0    307     52      -    100     23      0      0      0      0  14801   2887      0      0 
 23:01:28       0    309     56      -    100      2      0      0      0      0  14801   2887  31300   2644 
 23:01:29       0    305     56      -    100      2      0      0      0      0  14801   2887      0      0 
 23:01:30       0    308     56      -    100      2      0      0      0      0  14801   2887      0      0 
 23:01:31       0    308     56      -    100      2      0      0      0      0  14801   2887      0      0 
 23:01:32       0    308     56      -    100      7      0      0      0      0  14801   2887      0      0 
 23:01:33       0    309     56      -    100      2      0      0      0      0  14801   2880      0      0 
 23:01:35       0    311     56      -    100      2      0      0      0      0  14801   2880      0      0 
 23:01:36       0    309     56      -    100      2      0      0      0      0  14801   2887     29   2032 
 23:01:37       0    304     56      -    100      2      0      0      0      0  14801   2887      0      0 
 23:01:38       0    308     56      -    100      2      0      0      0      0  14801   2887      0      0 
 23:01:39       0    308     56      -    100      2      0      0      0      0  14801   2887      0      0 
 23:01:40       0    308     56      -    100      2      0      0      0      0  14801   2887      0      0 
 23:01:41       0    307     55      -    100     26      0      0      0      0  14801   2880      0      0 
 23:01:42       0    312     57      -    100      2      0      0      0      0  14801   2887      0      0 
 23:01:43       0    308     57      -    100      2      0      0      0      0  14801   2887   7751      3 
 23:01:44       0    305     57      -    100      2      0      0      0      0  14801   2887      2      0 
 23:01:45       0    308     57      -    100      2      0      0      0      0  14801   2887      0      0 
 23:01:46       0    308     55      -    100     26      0      0      0      0  14801   2880      0      0 
#Time         gpu    pwr  gtemp  mtemp     sm    mem    enc    dec    jpg    ofa   mclk   pclk  rxpci  txpci 
#HH:MM:SS     Idx      W      C      C      %      %      %      %      %      %    MHz    MHz   MB/s   MB/s 
 23:01:47       0    308     56      -    100      2      0      0      0      0  14801   2887      0      0 
 23:01:48       0    308     56      -    100      2      0      0      0      0  14801   2887      0      0 
 23:01:49       0    311     56      -    100      2      0      0      0      0  14801   2880      0      0 
 23:01:50       0    309     56      -    100      2      0      0      0      0  14801   2887      0    381 
 23:01:51       0    305     56      -    100      2      0      0      0      0  14801   2887      0      0 
 23:01:52       0    307     56      -    100      2      0      0      0      0  14801   2887      0      0 
 23:01:53       0    308     55      -    100     26      0      0      0      0  14801   2887      0      0 
 23:01:55       0    313     56      -    100      2      0      0      0      0  14801   2887      0      0 
 23:01:56       0    308     56      -    100      2      0      0      0      0  14801   2887      0      1 
 23:01:57       0    312     56      -    100      2      0      0      0      0  14801   2880      2   1035 
 23:01:58       0    308     56      -    100      2      0      0      0      0  14801   2880      0      0 
 23:01:59       0    304     56      -    100      2      0      0      0      0  14801   2887      0      0 
 23:02:00       0    307     56      -    100      2      0      0      0      0  14801   2887      0      0 
 23:02:01       0    305     51      -    100     12      0      0      0      0  14801   2887      0      0 
 23:02:02       0    307     56      -    100      2      0      0      0      0  14801   2887      0      0 
 23:02:03       0    308     56      -    100      2      0      0      0      0  14801   2887      0      0 
 23:02:04       0    308     56      -    100      2      0      0      0      0  14801   2887      0      0 
 23:02:05       0    309     56      -    100      2      0      0      0      0  14801   2887      0      0 
 23:02:06       0    306     50      -    100      4      0      0      0      0  14801   2880      0      1 
 23:02:07       0    307     54      -    100     30      0      0      0      0  14801   2887      0      0 
 23:02:08       0    313     56      -    100      2      0      0      0      0  14801   2887      0      1 
 23:02:09       0    307     56      -    100      2      0      0      0      0  14801   2887      0      0 
 23:02:10       0    308     56      -    100      2      0      0      0      0  14801   2887      0      0 
 23:02:11       0    308     56      -    100      2      0      0      0      0  14801   2887      0      0 
 23:02:12       0    307     53      -    100     22      0      0      0      0  14801   2887      0      0 
 23:02:13       0    309     56      -    100      2      0      0      0      0  14801   2887  30460   2546 
 23:02:14       0    305     56      -    100      2      0      0      0      0  14801   2887      0      0 
 23:02:16       0    307     56      -    100      2      0      0      0      0  14801   2887      0      0 
 23:02:17       0    307     54      -    100     26      0      0      0      0  14801   2887      0      0 
 23:02:18       0    308     56      -    100      2      0      0      0      0  14801   2887      0      2 
 23:02:19       0    305     50      -    100      4      0      0      0      0  14801   2887      0      0 
 23:02:20       0    309     57      -    100      2      0      0      0      0  14801   2887      0      1 
 23:02:21       0    309     56      -    100      2      0      0      0      0  14801   2887      0      0 
 23:02:22       0    304     56      -    100      2      0      0      0      0  14801   2887      0      1 
 23:02:23       0    306     51      -    100      2      0      0      0      0  14801   2880      0      0 
 23:02:24       0    308     56      -    100      2      0      0      0      0  14801   2887   4081      2 
 23:02:25       0    308     56      -    100      2      0      0      0      0  14801   2887      0      0 
 23:02:26       0    308     56      -    100      2      0      0      0      0  14801   2887      0      1 
 23:02:27       0    307     54      -    100     30      0      0      0      0  14801   2880      0      0 
 23:02:28       0    308     56      -    100      2      0      0      0      0  14801   2887      0      1 
 23:02:29       0    306     51      -    100      2      0      0      0      0  14801   2880  28868   2586 
 23:02:30       0    304     56      -    100      2      0      0      0      0  14801   2887      0      2 
 23:02:31       0    307     56      -    100      2      0      0      0      0  14801   2887      0      0 
 23:02:32       0    306     55      -    100      2      0      0      0      0  14801   2887      0      1 
#Time         gpu    pwr  gtemp  mtemp     sm    mem    enc    dec    jpg    ofa   mclk   pclk  rxpci  txpci 
#HH:MM:SS     Idx      W      C      C      %      %      %      %      %      %    MHz    MHz   MB/s   MB/s 
 23:02:33       0    310     56      -    100      2      0      0      0      0  14801   2880      0      0 
 23:02:34       0    306     56      -    100      2      0      0      0      0  14801   2887  27486   2568 
 23:02:35       0    307     56      -    100      2      0      0      0      0  14801   2887      0      0 
 23:02:37       0    307     56      -    100      2      0      0      0      0  14801   2887      0      1 
 23:02:38       0    309     56      -    100      2      0      0      0      0  14801   2887      0      0 
 23:02:39       0    305     51      -    100      2      0      0      0      0  14801   2887      0      2 
 23:02:40       0    307     56      -    100      2      0      0      0      0  14801   2887      0      0 
 23:02:41       0    307     56      -    100      2      0      0      0      0  14801   2887      0      1 
 23:02:42       0    308     56      -    100      2      0      0      0      0  14801   2887      0      0 
 23:02:43       0    305     49      -    100      7      0      0      0      0  14801   2880      0      1 
 23:02:44       0    308     56      -    100      2      0      0      0      0  14801   2887  30047   2704 
 23:02:45       0    308     56      -    100      2      0      0      0      0  14801   2887      0      1 
 23:02:46       0    304     56      -    100      2      0      0      0      0  14801   2887      0      0 
 23:02:47       0    310     56      -    100      2      0      0      0      0  14801   2880      0      2 
 23:02:48       0    306     51      -    100     10      0      0      0      0  14801   2880  12093      0 
 23:02:49       0    308     56      -    100      2      0      0      0      0  14801   2887      0      1 
 23:02:50       0    308     56      -    100      2      0      0      0      0  14801   2887      0      0 
 23:02:51       0    307     56      -    100      2      0      0      0      0  14801   2887      0      1 
 23:02:52       0    306     51      -    100      2      0      0      0      0  14801   2880      0      0 
 23:02:53       0    309     56      -    100      2      0      0      0      0  14801   2887      0      1 
 23:02:54       0    305     56      -    100      2      0      0      0      0  14801   2887      0      6 
 23:02:55       0    307     56      -    100     18      0      0      0      0  14801   2887      0      1 
 23:02:57       0    312     56      -    100      2      0      0      0      0  14801   2887      0      0 
 23:02:58       0    307     56      -    100      2      0      0      0      0  14801   2887      0      2 
 23:02:59       0    307     56      -    100      2      0      0      0      0  14801   2880      0      0 
 23:03:00       0    307     56      -    100      2      0      0      0      0  14801   2887      5      3 
 23:03:01       0    308     56      -    100      2      0      0      0      0  14801   2887      0      0 
 23:03:02       0    311     56      -    100      2      0      0      0      0  14801   2887  29840   2572 
 23:03:03       0    304     56      -    100      2      0      0      0      0  14801   2887      0      0 
 23:03:04       0    306     56      -    100      2      0      0      0      0  14801   2887      0      1 
 23:03:05       0    310     56      -    100      2      0      0      0      0  14801   2887      1      1 
 23:03:06       0    306     56      -    100      2      0      0      0      0  14801   2887  12814   2550 
 23:03:07       0    307     56      -    100      2      0      0      0      0  14801   2887      0      0 
 23:03:08       0    306     55      -    100      2      0      0      0      0  14801   2887      0      1 
 23:03:09       0    306     55      -    100      2      0      0      0      0  14801   2887      0      0 
 23:03:10       0    310     56      -    100      2      0      0      0      0  14801   2880  29723    972 
 23:03:11       0    303     56      -    100      2      0      0      0      0  14801   2887      0      0 
 23:03:12       0    305     56      -    100      2      0      0      0      0  14801   2887      0      0 
 23:03:13       0    304     49      -    100     11      0      0      0      0  14801   2887      0      0 
 23:03:14       0    312     56      -    100      2      0      0      0      0  14801   2887      0      1 
 23:03:15       0    307     56      -    100      2      0      0      0      0  14801   2887      4      0 
 23:03:16       0    306     56      -    100      2      0      0      0      0  14801   2887      0      0 
 23:03:18       0    311     56      -    100      2      0      0      0      0  14801   2887      0      0 
 23:03:19       0    308     56      -    100      2      0      0      0      0  14801   2887      2   1391 
#Time         gpu    pwr  gtemp  mtemp     sm    mem    enc    dec    jpg    ofa   mclk   pclk  rxpci  txpci 
#HH:MM:SS     Idx      W      C      C      %      %      %      %      %      %    MHz    MHz   MB/s   MB/s 
 23:03:20       0    304     56      -    100      2      0      0      0      0  14801   2887      0      0 
 23:03:21       0    306     56      -    100      2      0      0      0      0  14801   2887      0      0 
 23:03:22       0    304     50      -    100      4      0      0      0      0  14801   2887      0      0 
 23:03:23       0    307     56      -    100      2      0      0      0      0  14801   2887      0      0 
 23:03:24       0    307     56      -    100      2      0      0      0      0  14801   2887      0      0 
 23:03:25       0    307     56      -    100      2      0      0      0      0  14801   2887      0      0 
 23:03:26       0    311     57      -    100      2      0      0      0      0  14801   2880      0      0 
 23:03:27       0    308     57      -    100      2      0      0      0      0  14801   2887      0      0 
 23:03:28       0    303     56      -    100      2      0      0      0      0  14801   2887      0      0 
 23:03:29       0    311     56      -    100      2      0      0      0      0  14801   2887      0      0 
 23:03:30       0    310     56      -    100      2      0      0      0      0  14801   2887      3   2336 
 23:03:31       0    307     56      -    100      2      0      0      0      0  14801   2887      0      1 
 23:03:32       0    307     56      -    100      2      0      0      0      0  14801   2887      0      0 
 23:03:33       0    306     53      -    100     22      0      0      0      0  14801   2887      0      0 
 23:03:34       0    308     56      -    100      2      0      0      0      0  14801   2887      0      0 
 23:03:35       0    308     56      -    100      2      0      0      0      0  14801   2887      0      0 
 23:03:36       0    291     42      -     27      9      0      0      0      0  14801   2887      0      0 
 23:03:38       0     82     35      -      0      0      0      0      0      0  14801   2940  30489   2633 
 23:03:39       0    178     38      -     99     19      0      0      0      0  14801   2925    322    153 
 23:03:40       0    223     43      -     97     75      0      0      0      0  14801   2902      0      0 
 23:03:41       0     62     33      -      0      0      0      0      0      0  14801   2955      0      0 
 23:03:42       0     56     32      -      0      0      0      0      0      0  14801   2722      0      0 
 23:03:43       0     50     32      -      0      0      0      0      0      0  14801   2722      0      2 
 23:03:44       0     49     32      -      0      0      0      0      0      0  14801   2722      0      1 
 23:03:45       0     48     31      -      0      0      0      0      0      0  14801   2722      0      0 
 23:03:46       0     48     31      -      0      0      0      0      0      0  14801   2722      0      1 
 23:03:47       0     48     31      -      0      0      0      0      0      0  14801   2722      0      0 
 23:03:48       0     48     31      -      0      0      0      0      0      0  14801   2722      0      1 
 23:03:49       0     48     31      -      0      0      0      0      0      0  14801   2722      0      0 
 23:03:50       0     48     31      -      0      0      0      0      0      0  14801   2722      6      1 
 23:03:54       0     48     31      -      0      0      0      0      0      0  15001   2722      0      0 
