ts	unit	probes_done	pid	ppid	threads	rss	anon	thread_names
2026-09-25T08:57:06+04:00	ck4r2-whole-1	0	2468021	488	3	25702400	6012928	uv*1 tokio-rt-worker*1 main2*1 
2026-09-25T08:57:06+04:00	ck4r2-whole-1	0	2468045	2468021	22	711778304	432611328	ft*18 ZMQbg/Reaper*2 ZMQbg/IO/0*2 
2026-09-25T08:57:06+04:00	ck4r2-whole-1	0	2468165	2468045	1	12804096	5939200	python3*1 
2026-09-25T08:57:06+04:00	ck4r2-whole-1	0	2468166	2468045	24	882176000	464171008	python3*19 pt_gloo_runloop*2 pt_tcpstore_uv*1 cuda0000240000a*1 cuda-EvtHandlr*1 
2026-09-25T08:57:07+04:00	ck4r2-whole-1	0	2468167	2468045	22	866504704	595902464	python3*16 ZMQbg/Reaper*3 ZMQbg/IO/0*3 
2026-09-25T08:57:17+04:00	ck4r2-whole-1	0	2468021	488	2	25833472	6012928	uv*1 main2*1 
2026-09-25T08:57:17+04:00	ck4r2-whole-1	0	2468045	2468021	22	711852032	432615424	ft*18 ZMQbg/Reaper*2 ZMQbg/IO/0*2 
2026-09-25T08:57:17+04:00	ck4r2-whole-1	0	2468165	2468045	1	12804096	5939200	python3*1 
2026-09-25T08:57:17+04:00	ck4r2-whole-1	0	2468166	2468045	43	18871074816	664133632	python3*38 pt_gloo_runloop*2 pt_tcpstore_uv*1 cuda0000240000a*1 cuda-EvtHandlr*1 
2026-09-25T08:57:17+04:00	ck4r2-whole-1	0	2468167	2468045	23	903065600	629805056	python3*17 ZMQbg/Reaper*3 ZMQbg/IO/0*3 
2026-09-25T08:57:27+04:00	ck4r2-whole-1	0	2468021	488	2	25141248	6012928	uv*1 main2*1 
2026-09-25T08:57:27+04:00	ck4r2-whole-1	0	2468045	2468021	22	653463552	432615424	ft*18 ZMQbg/Reaper*2 ZMQbg/IO/0*2 
2026-09-25T08:57:27+04:00	ck4r2-whole-1	0	2468165	2468045	1	12742656	5939200	python3*1 
2026-09-25T08:57:27+04:00	ck4r2-whole-1	0	2468166	2468045	43	22234636288	664678400	python3*38 pt_gloo_runloop*2 pt_tcpstore_uv*1 cuda0000240000a*1 cuda-EvtHandlr*1 
2026-09-25T08:57:27+04:00	ck4r2-whole-1	0	2468167	2468045	23	845131776	629805056	python3*17 ZMQbg/Reaper*3 ZMQbg/IO/0*3 
2026-09-25T08:57:37+04:00	ck4r2-whole-1	0	2468021	488	2	24666112	6012928	uv*1 main2*1 
2026-09-25T08:57:37+04:00	ck4r2-whole-1	0	2468045	2468021	22	633942016	432615424	ft*18 ZMQbg/Reaper*2 ZMQbg/IO/0*2 
2026-09-25T08:57:38+04:00	ck4r2-whole-1	0	2468165	2468045	1	12726272	5939200	python3*1 
2026-09-25T08:57:38+04:00	ck4r2-whole-1	0	2468166	2468045	42	21871996928	664723456	python3*37 pt_gloo_runloop*2 pt_tcpstore_uv*1 cuda0000240000a*1 cuda-EvtHandlr*1 
2026-09-25T08:57:38+04:00	ck4r2-whole-1	0	2468167	2468045	23	826236928	629805056	python3*17 ZMQbg/Reaper*3 ZMQbg/IO/0*3 
2026-09-25T08:57:48+04:00	ck4r2-whole-1	0	2468021	488	2	24666112	6012928	uv*1 main2*1 
2026-09-25T08:57:48+04:00	ck4r2-whole-1	0	2468045	2468021	22	633942016	432615424	ft*18 ZMQbg/Reaper*2 ZMQbg/IO/0*2 
2026-09-25T08:57:48+04:00	ck4r2-whole-1	0	2468165	2468045	1	12726272	5939200	python3*1 
2026-09-25T08:57:48+04:00	ck4r2-whole-1	0	2468166	2468045	41	18987888640	660770816	python3*36 pt_gloo_runloop*2 pt_tcpstore_uv*1 cuda0000240000a*1 cuda-EvtHandlr*1 
2026-09-25T08:57:48+04:00	ck4r2-whole-1	0	2468167	2468045	23	826236928	629805056	python3*17 ZMQbg/Reaper*3 ZMQbg/IO/0*3 
2026-09-25T08:57:48+04:00	ck4r2-whole-1	0	2473959	2468166	1	4112384	249856	ninja*1 
2026-09-25T08:57:48+04:00	ck4r2-whole-1	0	2473960	2473959	1	1937408	106496	sh*1 
2026-09-25T08:57:48+04:00	ck4r2-whole-1	0	2473961	2473960	1	2863104	172032	c++*1 
2026-09-25T08:57:48+04:00	ck4r2-whole-1	0	2473962	2473961	1	656306176	638791680	cc1plus*1 
2026-09-25T08:57:58+04:00	ck4r2-whole-1	0	2468021	488	2	18006016	6012928	uv*1 main2*1 
2026-09-25T08:57:58+04:00	ck4r2-whole-1	0	2468045	2468021	22	595496960	432615424	ft*18 ZMQbg/Reaper*2 ZMQbg/IO/0*2 
2026-09-25T08:57:58+04:00	ck4r2-whole-1	0	2468165	2468045	1	12709888	5939200	python3*1 
2026-09-25T08:57:58+04:00	ck4r2-whole-1	0	2468166	2468045	41	18935537664	660889600	python3*36 pt_gloo_runloop*2 pt_tcpstore_uv*1 cuda0000240000a*1 cuda-EvtHandlr*1 
2026-09-25T08:57:59+04:00	ck4r2-whole-1	0	2468167	2468045	23	788496384	629805056	python3*17 ZMQbg/Reaper*3 ZMQbg/IO/0*3 
2026-09-25T08:58:09+04:00	ck4r2-whole-1	0	2468021	488	2	18006016	6012928	uv*1 main2*1 
2026-09-25T08:58:09+04:00	ck4r2-whole-1	0	2468045	2468021	22	595496960	432615424	ft*18 ZMQbg/Reaper*2 ZMQbg/IO/0*2 
2026-09-25T08:58:09+04:00	ck4r2-whole-1	0	2468165	2468045	1	12709888	5939200	python3*1 
2026-09-25T08:58:09+04:00	ck4r2-whole-1	0	2468166	2468045	41	18532036608	1540567040	python3*36 pt_gloo_runloop*2 pt_tcpstore_uv*1 cuda0000240000a*1 cuda-EvtHandlr*1 
2026-09-25T08:58:09+04:00	ck4r2-whole-1	0	2468167	2468045	23	788496384	629805056	python3*17 ZMQbg/Reaper*3 ZMQbg/IO/0*3 
2026-09-25T08:58:19+04:00	ck4r2-whole-1	0	2468021	488	2	18006016	6012928	uv*1 main2*1 
2026-09-25T08:58:19+04:00	ck4r2-whole-1	0	2468045	2468021	22	595496960	432615424	ft*18 ZMQbg/Reaper*2 ZMQbg/IO/0*2 
2026-09-25T08:58:19+04:00	ck4r2-whole-1	0	2468165	2468045	1	12709888	5939200	python3*1 
2026-09-25T08:58:19+04:00	ck4r2-whole-1	0	2468166	2468045	41	18748964864	1672265728	python3*36 pt_gloo_runloop*2 pt_tcpstore_uv*1 cuda0000240000a*1 cuda-EvtHandlr*1 
2026-09-25T08:58:19+04:00	ck4r2-whole-1	0	2468167	2468045	23	788496384	629805056	python3*17 ZMQbg/Reaper*3 ZMQbg/IO/0*3 
2026-09-25T08:58:19+04:00	ck4r2-whole-1	0	2480240	2468166	1	4214784	262144	ninja*1 
2026-09-25T08:58:19+04:00	ck4r2-whole-1	0	2480242	2480240	1	1949696	118784	sh*1 
2026-09-25T08:58:19+04:00	ck4r2-whole-1	0	2480243	2480240	1	1945600	114688	sh*1 
2026-09-25T08:58:19+04:00	ck4r2-whole-1	0	2480244	2480242	1	6361088	1863680	nvcc*1 
2026-09-25T08:58:19+04:00	ck4r2-whole-1	0	2480245	2480243	1	6356992	1859584	nvcc*1 
2026-09-25T08:58:19+04:00	ck4r2-whole-1	0	2480327	2480245	1	1945600	114688	sh*1 
2026-09-25T08:58:19+04:00	ck4r2-whole-1	0	2480328	2480327	1	173998080	163700736	cudafe++*1 
2026-09-25T08:58:30+04:00	ck4r2-whole-1	0	2468021	488	2	18006016	6012928	uv*1 main2*1 
2026-09-25T08:58:30+04:00	ck4r2-whole-1	0	2468045	2468021	39	843067392	672620544	ft*35 ZMQbg/Reaper*2 ZMQbg/IO/0*2 
2026-09-25T08:58:30+04:00	ck4r2-whole-1	0	2468165	2468045	1	12709888	5939200	python3*1 
2026-09-25T08:58:30+04:00	ck4r2-whole-1	0	2468166	2468045	45	19010633728	1927008256	python3*36 pt_gloo_runloop*2 ZMQbg/Reaper*2 ZMQbg/IO/0*2 pt_tcpstore_uv*1 cuda0000240000a*1 
2026-09-25T08:58:30+04:00	ck4r2-whole-1	0	2468167	2468045	39	794554368	630288384	python3*33 ZMQbg/Reaper*3 ZMQbg/IO/0*3 
2026-09-25T08:58:40+04:00	ck4r2-whole-1	0	2468021	488	2	18006016	6012928	uv*1 main2*1 
2026-09-25T08:58:40+04:00	ck4r2-whole-1	0	2468045	2468021	39	843075584	672628736	ft*35 ZMQbg/Reaper*2 ZMQbg/IO/0*2 
2026-09-25T08:58:40+04:00	ck4r2-whole-1	0	2468165	2468045	1	12709888	5939200	python3*1 
2026-09-25T08:58:40+04:00	ck4r2-whole-1	0	2468166	2468045	45	19011403776	1927012352	python3*36 pt_gloo_runloop*2 ZMQbg/Reaper*2 ZMQbg/IO/0*2 pt_tcpstore_uv*1 cuda0000240000a*1 
2026-09-25T08:58:40+04:00	ck4r2-whole-1	0	2468167	2468045	39	794562560	630296576	python3*33 ZMQbg/Reaper*3 ZMQbg/IO/0*3 
2026-09-25T08:58:51+04:00	ck4r2-whole-1	0	2468021	488	2	18006016	6012928	uv*1 main2*1 
2026-09-25T08:58:51+04:00	ck4r2-whole-1	0	2468045	2468021	39	843075584	672628736	ft*35 ZMQbg/Reaper*2 ZMQbg/IO/0*2 
2026-09-25T08:58:51+04:00	ck4r2-whole-1	0	2468165	2468045	1	12709888	5939200	python3*1 
2026-09-25T08:58:51+04:00	ck4r2-whole-1	0	2468166	2468045	45	19011403776	1927012352	python3*36 pt_gloo_runloop*2 ZMQbg/Reaper*2 ZMQbg/IO/0*2 pt_tcpstore_uv*1 cuda0000240000a*1 
2026-09-25T08:58:51+04:00	ck4r2-whole-1	0	2468167	2468045	39	794562560	630296576	python3*33 ZMQbg/Reaper*3 ZMQbg/IO/0*3 
2026-09-25T08:59:01+04:00	ck4r2-whole-1	1	2468021	488	2	14573568	6012928	uv*1 main2*1 
2026-09-25T08:59:01+04:00	ck4r2-whole-1	1	2468045	2468021	57	826482688	673009664	ft*51 ZMQbg/Reaper*3 ZMQbg/IO/0*3 
2026-09-25T08:59:01+04:00	ck4r2-whole-1	1	2468165	2468045	1	12709888	5939200	python3*1 
2026-09-25T08:59:01+04:00	ck4r2-whole-1	1	2468166	2468045	45	18990288896	1927303168	python3*36 pt_gloo_runloop*2 ZMQbg/Reaper*2 ZMQbg/IO/0*2 pt_tcpstore_uv*1 cuda0000240000a*1 
2026-09-25T08:59:01+04:00	ck4r2-whole-1	1	2468167	2468045	57	776552448	631001088	python3*49 ZMQbg/Reaper*4 ZMQbg/IO/0*4 
2026-09-25T08:59:12+04:00	ck4r2-whole-1	3	2468021	488	2	8515584	143360	uv*1 main2*1 
2026-09-25T08:59:12+04:00	ck4r2-whole-1	3	2468045	2468021	57	733315072	590708736	ft*51 ZMQbg/Reaper*3 ZMQbg/IO/0*3 
2026-09-25T08:59:12+04:00	ck4r2-whole-1	3	2468165	2468045	1	12709888	5939200	python3*1 
2026-09-25T08:59:12+04:00	ck4r2-whole-1	3	2468166	2468045	45	18972008448	1927573504	python3*36 pt_gloo_runloop*2 ZMQbg/Reaper*2 ZMQbg/IO/0*2 pt_tcpstore_uv*1 cuda0000240000a*1 
2026-09-25T08:59:12+04:00	ck4r2-whole-1	3	2468167	2468045	57	767700992	631001088	python3*49 ZMQbg/Reaper*4 ZMQbg/IO/0*4 
2026-09-25T08:59:22+04:00	ck4r2-whole-1	3	2468021	488	2	8515584	143360	uv*1 main2*1 
2026-09-25T08:59:22+04:00	ck4r2-whole-1	3	2468045	2468021	57	705048576	563757056	ft*51 ZMQbg/Reaper*3 ZMQbg/IO/0*3 
2026-09-25T08:59:22+04:00	ck4r2-whole-1	3	2468165	2468045	1	12709888	5939200	python3*1 
2026-09-25T08:59:22+04:00	ck4r2-whole-1	3	2468166	2468045	45	18968915968	1927573504	python3*36 pt_gloo_runloop*2 ZMQbg/Reaper*2 ZMQbg/IO/0*2 pt_tcpstore_uv*1 cuda0000240000a*1 
2026-09-25T08:59:22+04:00	ck4r2-whole-1	3	2468167	2468045	57	766398464	631001088	python3*49 ZMQbg/Reaper*4 ZMQbg/IO/0*4 
2026-09-25T09:00:13+04:00	ck4r2-mirror-1	0	2494582	488	3	27025408	6029312	uv*1 tokio-rt-worker*1 main2*1 
2026-09-25T09:00:13+04:00	ck4r2-mirror-1	0	2494600	2494582	22	706539520	431464448	ft*18 ZMQbg/Reaper*2 ZMQbg/IO/0*2 
2026-09-25T09:00:13+04:00	ck4r2-mirror-1	0	2494936	2494600	1	12816384	5939200	python3*1 
2026-09-25T09:00:13+04:00	ck4r2-mirror-1	0	2494937	2494600	16	545865728	325771264	python3*16 
2026-09-25T09:00:13+04:00	ck4r2-mirror-1	0	2494938	2494600	16	547770368	326012928	python3*16 
2026-09-25T09:00:23+04:00	ck4r2-mirror-1	0	2494582	488	2	27156480	6029312	uv*1 main2*1 
2026-09-25T09:00:23+04:00	ck4r2-mirror-1	0	2494600	2494582	22	706650112	431505408	ft*18 ZMQbg/Reaper*2 ZMQbg/IO/0*2 
2026-09-25T09:00:23+04:00	ck4r2-mirror-1	0	2494936	2494600	1	12816384	5939200	python3*1 
2026-09-25T09:00:23+04:00	ck4r2-mirror-1	0	2494937	2494600	25	9468162048	7638863872	python3*20 pt_gloo_runloop*2 pt_tcpstore_uv*1 cuda0000240000a*1 cuda-EvtHandlr*1 
2026-09-25T09:00:23+04:00	ck4r2-mirror-1	0	2494938	2494600	23	905342976	629706752	python3*17 ZMQbg/Reaper*3 ZMQbg/IO/0*3 
2026-09-25T09:00:33+04:00	ck4r2-mirror-1	0	2494582	488	2	24936448	6029312	uv*1 main2*1 
2026-09-25T09:00:33+04:00	ck4r2-mirror-1	0	2494600	2494582	22	704622592	431505408	ft*18 ZMQbg/Reaper*2 ZMQbg/IO/0*2 
2026-09-25T09:00:33+04:00	ck4r2-mirror-1	0	2494936	2494600	1	12767232	5939200	python3*1 
2026-09-25T09:00:33+04:00	ck4r2-mirror-1	0	2494937	2494600	25	13012164608	11122348032	python3*20 pt_gloo_runloop*2 pt_tcpstore_uv*1 cuda0000240000a*1 cuda-EvtHandlr*1 
2026-09-25T09:00:33+04:00	ck4r2-mirror-1	0	2494938	2494600	23	903741440	629706752	python3*17 ZMQbg/Reaper*3 ZMQbg/IO/0*3 
2026-09-25T09:00:43+04:00	ck4r2-mirror-1	0	2494582	488	2	24936448	6029312	uv*1 main2*1 
2026-09-25T09:00:43+04:00	ck4r2-mirror-1	0	2494600	2494582	22	704622592	431505408	ft*18 ZMQbg/Reaper*2 ZMQbg/IO/0*2 
2026-09-25T09:00:43+04:00	ck4r2-mirror-1	0	2494936	2494600	1	12767232	5939200	python3*1 
2026-09-25T09:00:43+04:00	ck4r2-mirror-1	0	2494937	2494600	26	13548871680	11558576128	python3*21 pt_gloo_runloop*2 pt_tcpstore_uv*1 cuda0000240000a*1 cuda-EvtHandlr*1 
2026-09-25T09:00:43+04:00	ck4r2-mirror-1	0	2494938	2494600	23	903741440	629706752	python3*17 ZMQbg/Reaper*3 ZMQbg/IO/0*3 
2026-09-25T09:00:43+04:00	ck4r2-mirror-1	0	2498350	2494937	1	4124672	258048	ninja*1 
2026-09-25T09:00:43+04:00	ck4r2-mirror-1	0	2498352	2498350	1	1929216	106496	sh*1 
2026-09-25T09:00:43+04:00	ck4r2-mirror-1	0	2498353	2498352	1	6365184	1863680	nvcc*1 
2026-09-25T09:00:53+04:00	ck4r2-mirror-1	0	2494582	488	2	24936448	6029312	uv*1 main2*1 
2026-09-25T09:00:53+04:00	ck4r2-mirror-1	0	2494600	2494582	22	704622592	431505408	ft*18 ZMQbg/Reaper*2 ZMQbg/IO/0*2 
2026-09-25T09:00:53+04:00	ck4r2-mirror-1	0	2494936	2494600	1	12767232	5939200	python3*1 
2026-09-25T09:00:53+04:00	ck4r2-mirror-1	0	2494937	2494600	26	12391919616	11797413888	python3*21 pt_gloo_runloop*2 pt_tcpstore_uv*1 cuda0000240000a*1 cuda-EvtHandlr*1 
2026-09-25T09:00:54+04:00	ck4r2-mirror-1	0	2494938	2494600	23	903741440	629706752	python3*17 ZMQbg/Reaper*3 ZMQbg/IO/0*3 
2026-09-25T09:01:04+04:00	ck4r2-mirror-1	0	2494582	488	2	24936448	6029312	uv*1 main2*1 
2026-09-25T09:01:04+04:00	ck4r2-mirror-1	0	2494600	2494582	22	704622592	431505408	ft*18 ZMQbg/Reaper*2 ZMQbg/IO/0*2 
2026-09-25T09:01:04+04:00	ck4r2-mirror-1	0	2494936	2494600	1	12767232	5939200	python3*1 
2026-09-25T09:01:04+04:00	ck4r2-mirror-1	0	2494937	2494600	26	12568993792	11968868352	python3*21 pt_gloo_runloop*2 pt_tcpstore_uv*1 cuda0000240000a*1 cuda-EvtHandlr*1 
2026-09-25T09:01:04+04:00	ck4r2-mirror-1	0	2494938	2494600	23	903741440	629706752	python3*17 ZMQbg/Reaper*3 ZMQbg/IO/0*3 
2026-09-25T09:01:14+04:00	ck4r2-mirror-1	0	2494582	488	2	24936448	6029312	uv*1 main2*1 
2026-09-25T09:01:14+04:00	ck4r2-mirror-1	0	2494600	2494582	22	704622592	431505408	ft*18 ZMQbg/Reaper*2 ZMQbg/IO/0*2 
2026-09-25T09:01:14+04:00	ck4r2-mirror-1	0	2494936	2494600	1	12767232	5939200	python3*1 
2026-09-25T09:01:14+04:00	ck4r2-mirror-1	0	2494937	2494600	26	12886687744	12280602624	python3*21 pt_gloo_runloop*2 pt_tcpstore_uv*1 cuda0000240000a*1 cuda-EvtHandlr*1 
2026-09-25T09:01:14+04:00	ck4r2-mirror-1	0	2494938	2494600	23	903741440	629706752	python3*17 ZMQbg/Reaper*3 ZMQbg/IO/0*3 
2026-09-25T09:01:24+04:00	ck4r2-mirror-1	0	2494582	488	2	24936448	6029312	uv*1 main2*1 
2026-09-25T09:01:24+04:00	ck4r2-mirror-1	0	2494600	2494582	39	951357440	672571392	ft*35 ZMQbg/Reaper*2 ZMQbg/IO/0*2 
2026-09-25T09:01:24+04:00	ck4r2-mirror-1	0	2494936	2494600	1	12767232	5939200	python3*1 
2026-09-25T09:01:24+04:00	ck4r2-mirror-1	0	2494937	2494600	30	12927541248	12317421568	python3*21 pt_gloo_runloop*2 ZMQbg/Reaper*2 ZMQbg/IO/0*2 pt_tcpstore_uv*1 cuda0000240000a*1 
2026-09-25T09:01:24+04:00	ck4r2-mirror-1	0	2494938	2494600	39	907083776	630198272	python3*33 ZMQbg/Reaper*3 ZMQbg/IO/0*3 
2026-09-25T09:01:34+04:00	ck4r2-mirror-1	0	2494582	488	2	24936448	6029312	uv*1 main2*1 
2026-09-25T09:01:34+04:00	ck4r2-mirror-1	0	2494600	2494582	39	951357440	672571392	ft*35 ZMQbg/Reaper*2 ZMQbg/IO/0*2 
2026-09-25T09:01:34+04:00	ck4r2-mirror-1	0	2494936	2494600	1	12767232	5939200	python3*1 
2026-09-25T09:01:34+04:00	ck4r2-mirror-1	0	2494937	2494600	30	12927541248	12317421568	python3*21 pt_gloo_runloop*2 ZMQbg/Reaper*2 ZMQbg/IO/0*2 pt_tcpstore_uv*1 cuda0000240000a*1 
2026-09-25T09:01:35+04:00	ck4r2-mirror-1	0	2494938	2494600	39	907083776	630198272	python3*33 ZMQbg/Reaper*3 ZMQbg/IO/0*3 
2026-09-25T09:01:45+04:00	ck4r2-mirror-1	1	2494582	488	2	24936448	6029312	uv*1 main2*1 
2026-09-25T09:01:45+04:00	ck4r2-mirror-1	1	2494600	2494582	57	951701504	672915456	ft*51 ZMQbg/Reaper*3 ZMQbg/IO/0*3 
2026-09-25T09:01:45+04:00	ck4r2-mirror-1	1	2494936	2494600	1	12767232	5939200	python3*1 
2026-09-25T09:01:45+04:00	ck4r2-mirror-1	1	2494937	2494600	30	12927832064	12317712384	python3*21 pt_gloo_runloop*2 ZMQbg/Reaper*2 ZMQbg/IO/0*2 pt_tcpstore_uv*1 cuda0000240000a*1 
2026-09-25T09:01:45+04:00	ck4r2-mirror-1	1	2494938	2494600	57	907771904	630886400	python3*49 ZMQbg/Reaper*4 ZMQbg/IO/0*4 
2026-09-25T09:01:55+04:00	ck4r2-mirror-1	1	2494582	488	2	24936448	6029312	uv*1 main2*1 
2026-09-25T09:01:55+04:00	ck4r2-mirror-1	1	2494600	2494582	57	951701504	672915456	ft*51 ZMQbg/Reaper*3 ZMQbg/IO/0*3 
2026-09-25T09:01:55+04:00	ck4r2-mirror-1	1	2494936	2494600	1	12767232	5939200	python3*1 
2026-09-25T09:01:55+04:00	ck4r2-mirror-1	1	2494937	2494600	45	12928081920	12317962240	python3*36 pt_gloo_runloop*2 ZMQbg/Reaper*2 ZMQbg/IO/0*2 pt_tcpstore_uv*1 cuda0000240000a*1 
2026-09-25T09:01:55+04:00	ck4r2-mirror-1	1	2494938	2494600	57	907771904	630886400	python3*49 ZMQbg/Reaper*4 ZMQbg/IO/0*4 
2026-09-25T09:02:05+04:00	ck4r2-mirror-1	3	2494582	488	2	24936448	6029312	uv*1 main2*1 
2026-09-25T09:02:05+04:00	ck4r2-mirror-1	3	2494600	2494582	57	951701504	672915456	ft*51 ZMQbg/Reaper*3 ZMQbg/IO/0*3 
2026-09-25T09:02:05+04:00	ck4r2-mirror-1	3	2494936	2494600	1	12767232	5939200	python3*1 
2026-09-25T09:02:05+04:00	ck4r2-mirror-1	3	2494937	2494600	45	12929077248	12317970432	python3*36 pt_gloo_runloop*2 ZMQbg/Reaper*2 ZMQbg/IO/0*2 pt_tcpstore_uv*1 cuda0000240000a*1 
2026-09-25T09:02:06+04:00	ck4r2-mirror-1	3	2494938	2494600	57	907771904	630886400	python3*49 ZMQbg/Reaper*4 ZMQbg/IO/0*4 
2026-09-25T09:02:16+04:00	ck4r2-mirror-1	4	2494582	488	2	24936448	6029312	uv*1 main2*1 
2026-09-25T09:02:16+04:00	ck4r2-mirror-1	4	2494600	2494582	59	987942912	702509056	ft*52 ZMQbg/Reaper*3 ZMQbg/IO/0*3 cuda0000a40002a*1 
2026-09-25T09:02:16+04:00	ck4r2-mirror-1	4	2494936	2494600	1	12767232	5939200	python3*1 
2026-09-25T09:02:16+04:00	ck4r2-mirror-1	4	2494937	2494600	45	12929077248	12317970432	python3*36 pt_gloo_runloop*2 ZMQbg/Reaper*2 ZMQbg/IO/0*2 pt_tcpstore_uv*1 cuda0000240000a*1 
2026-09-25T09:02:16+04:00	ck4r2-mirror-1	4	2494938	2494600	57	907771904	630886400	python3*49 ZMQbg/Reaper*4 ZMQbg/IO/0*4 
2026-09-25T09:02:56+04:00	ck4r2-whole-2	0	2507956	488	3	26112000	6029312	uv*1 tokio-rt-worker*1 main2*1 
2026-09-25T09:02:56+04:00	ck4r2-whole-2	0	2507980	2507956	16	693280768	417198080	ft*16 
2026-09-25T09:03:06+04:00	ck4r2-whole-2	0	2507956	488	2	26243072	6029312	uv*1 main2*1 
2026-09-25T09:03:06+04:00	ck4r2-whole-2	0	2507980	2507956	22	709083136	431632384	ft*18 ZMQbg/Reaper*2 ZMQbg/IO/0*2 
2026-09-25T09:03:06+04:00	ck4r2-whole-2	0	2508216	2507980	1	12787712	5935104	python3*1 
2026-09-25T09:03:06+04:00	ck4r2-whole-2	0	2508217	2507980	43	16408608768	663711744	python3*46 pt_gloo_runloop*2 pt_tcpstore_uv*1 cuda0000240000a*1 cuda-EvtHandlr*1 
2026-09-25T09:03:06+04:00	ck4r2-whole-2	0	2508218	2507980	23	902762496	629710848	python3*17 ZMQbg/Reaper*3 ZMQbg/IO/0*3 
2026-09-25T09:03:16+04:00	ck4r2-whole-2	0	2507956	488	2	26243072	6029312	uv*1 main2*1 
2026-09-25T09:03:16+04:00	ck4r2-whole-2	0	2507980	2507956	22	709144576	431648768	ft*18 ZMQbg/Reaper*2 ZMQbg/IO/0*2 
2026-09-25T09:03:17+04:00	ck4r2-whole-2	0	2508216	2507980	1	12787712	5935104	python3*1 
2026-09-25T09:03:17+04:00	ck4r2-whole-2	0	2508217	2507980	45	19059384320	1905139712	python3*36 pt_gloo_runloop*2 ZMQbg/Reaper*2 ZMQbg/IO/0*2 pt_tcpstore_uv*1 cuda0000240000a*1 
2026-09-25T09:03:17+04:00	ck4r2-whole-2	0	2508218	2507980	23	902852608	629755904	python3*17 ZMQbg/Reaper*3 ZMQbg/IO/0*3 
2026-09-25T09:03:27+04:00	ck4r2-whole-2	0	2507956	488	2	26243072	6029312	uv*1 main2*1 
2026-09-25T09:03:27+04:00	ck4r2-whole-2	0	2507980	2507956	39	955727872	672698368	ft*35 ZMQbg/Reaper*2 ZMQbg/IO/0*2 
2026-09-25T09:03:27+04:00	ck4r2-whole-2	0	2508216	2507980	1	12787712	5935104	python3*1 
2026-09-25T09:03:27+04:00	ck4r2-whole-2	0	2508217	2507980	45	19062734848	1905225728	python3*36 pt_gloo_runloop*2 ZMQbg/Reaper*2 ZMQbg/IO/0*2 pt_tcpstore_uv*1 cuda0000240000a*1 
2026-09-25T09:03:27+04:00	ck4r2-whole-2	0	2508218	2507980	39	906133504	630202368	python3*33 ZMQbg/Reaper*3 ZMQbg/IO/0*3 
2026-09-25T09:03:37+04:00	ck4r2-whole-2	0	2507956	488	2	26243072	6029312	uv*1 main2*1 
2026-09-25T09:03:37+04:00	ck4r2-whole-2	0	2507980	2507956	39	955727872	672698368	ft*35 ZMQbg/Reaper*2 ZMQbg/IO/0*2 
2026-09-25T09:03:37+04:00	ck4r2-whole-2	0	2508216	2507980	1	12787712	5935104	python3*1 
2026-09-25T09:03:37+04:00	ck4r2-whole-2	0	2508217	2507980	45	19062734848	1905225728	python3*36 pt_gloo_runloop*2 ZMQbg/Reaper*2 ZMQbg/IO/0*2 pt_tcpstore_uv*1 cuda0000240000a*1 
2026-09-25T09:03:37+04:00	ck4r2-whole-2	0	2508218	2507980	39	906133504	630202368	python3*33 ZMQbg/Reaper*3 ZMQbg/IO/0*3 
2026-09-25T09:03:47+04:00	ck4r2-whole-2	1	2507956	488	2	26243072	6029312	uv*1 main2*1 
2026-09-25T09:03:47+04:00	ck4r2-whole-2	1	2507980	2507956	57	956071936	673042432	ft*51 ZMQbg/Reaper*3 ZMQbg/IO/0*3 
2026-09-25T09:03:48+04:00	ck4r2-whole-2	1	2508216	2507980	1	12787712	5935104	python3*1 
2026-09-25T09:03:48+04:00	ck4r2-whole-2	1	2508217	2507980	45	19063025664	1905516544	python3*36 pt_gloo_runloop*2 ZMQbg/Reaper*2 ZMQbg/IO/0*2 pt_tcpstore_uv*1 cuda0000240000a*1 
2026-09-25T09:03:48+04:00	ck4r2-whole-2	1	2508218	2507980	57	906821632	630890496	python3*49 ZMQbg/Reaper*4 ZMQbg/IO/0*4 
2026-09-25T09:03:58+04:00	ck4r2-whole-2	2	2507956	488	2	26243072	6029312	uv*1 main2*1 
2026-09-25T09:03:58+04:00	ck4r2-whole-2	2	2507980	2507956	57	956071936	673042432	ft*51 ZMQbg/Reaper*3 ZMQbg/IO/0*3 
2026-09-25T09:03:58+04:00	ck4r2-whole-2	2	2508216	2507980	1	12787712	5935104	python3*1 
2026-09-25T09:03:58+04:00	ck4r2-whole-2	2	2508217	2507980	45	19064004608	1905532928	python3*36 pt_gloo_runloop*2 ZMQbg/Reaper*2 ZMQbg/IO/0*2 pt_tcpstore_uv*1 cuda0000240000a*1 
2026-09-25T09:03:58+04:00	ck4r2-whole-2	2	2508218	2507980	57	906821632	630890496	python3*49 ZMQbg/Reaper*4 ZMQbg/IO/0*4 
2026-09-25T09:04:08+04:00	ck4r2-whole-2	3	2507956	488	2	26243072	6029312	uv*1 main2*1 
2026-09-25T09:04:08+04:00	ck4r2-whole-2	3	2507980	2507956	57	956080128	673050624	ft*51 ZMQbg/Reaper*3 ZMQbg/IO/0*3 
2026-09-25T09:04:09+04:00	ck4r2-whole-2	3	2508216	2507980	1	12787712	5935104	python3*1 
2026-09-25T09:04:09+04:00	ck4r2-whole-2	3	2508217	2507980	45	19064004608	1905532928	python3*36 pt_gloo_runloop*2 ZMQbg/Reaper*2 ZMQbg/IO/0*2 pt_tcpstore_uv*1 cuda0000240000a*1 
2026-09-25T09:04:09+04:00	ck4r2-whole-2	3	2508218	2507980	57	906821632	630890496	python3*49 ZMQbg/Reaper*4 ZMQbg/IO/0*4 
2026-09-25T09:04:59+04:00	ck4r2-mirror-2	0	2515337	488	3	26947584	6045696	uv*1 tokio-rt-worker*1 main2*1 
2026-09-25T09:04:59+04:00	ck4r2-mirror-2	0	2515354	2515337	22	708796416	431587328	ft*18 ZMQbg/Reaper*2 ZMQbg/IO/0*2 
2026-09-25T09:04:59+04:00	ck4r2-mirror-2	0	2515476	2515354	1	12734464	5935104	python3*1 
2026-09-25T09:04:59+04:00	ck4r2-mirror-2	0	2515477	2515354	16	512233472	294002688	python3*16 
2026-09-25T09:04:59+04:00	ck4r2-mirror-2	0	2515478	2515354	16	513298432	295235584	python3*16 
2026-09-25T09:05:09+04:00	ck4r2-mirror-2	0	2515337	488	2	27078656	6045696	uv*1 main2*1 
2026-09-25T09:05:09+04:00	ck4r2-mirror-2	0	2515354	2515337	22	708972544	431628288	ft*18 ZMQbg/Reaper*2 ZMQbg/IO/0*2 
2026-09-25T09:05:09+04:00	ck4r2-mirror-2	0	2515476	2515354	1	12734464	5935104	python3*1 
2026-09-25T09:05:09+04:00	ck4r2-mirror-2	0	2515477	2515354	25	12958941184	11069677568	python3*20 pt_gloo_runloop*2 pt_tcpstore_uv*1 cuda0000240000a*1 cuda-EvtHandlr*1 
2026-09-25T09:05:09+04:00	ck4r2-mirror-2	0	2515478	2515354	23	903237632	629714944	python3*17 ZMQbg/Reaper*3 ZMQbg/IO/0*3 
2026-09-25T09:05:19+04:00	ck4r2-mirror-2	0	2515337	488	2	27078656	6045696	uv*1 main2*1 
2026-09-25T09:05:19+04:00	ck4r2-mirror-2	0	2515354	2515337	22	708972544	431628288	ft*18 ZMQbg/Reaper*2 ZMQbg/IO/0*2 
2026-09-25T09:05:19+04:00	ck4r2-mirror-2	0	2515476	2515354	1	12734464	5935104	python3*1 
2026-09-25T09:05:19+04:00	ck4r2-mirror-2	0	2515477	2515354	26	13048467456	11155734528	python3*21 pt_gloo_runloop*2 pt_tcpstore_uv*1 cuda0000240000a*1 cuda-EvtHandlr*1 
2026-09-25T09:05:20+04:00	ck4r2-mirror-2	0	2515478	2515354	23	903237632	629714944	python3*17 ZMQbg/Reaper*3 ZMQbg/IO/0*3 
2026-09-25T09:05:30+04:00	ck4r2-mirror-2	0	2515337	488	2	27078656	6045696	uv*1 main2*1 
2026-09-25T09:05:30+04:00	ck4r2-mirror-2	0	2515354	2515337	22	708972544	431628288	ft*18 ZMQbg/Reaper*2 ZMQbg/IO/0*2 
2026-09-25T09:05:30+04:00	ck4r2-mirror-2	0	2515476	2515354	1	12734464	5935104	python3*1 
2026-09-25T09:05:30+04:00	ck4r2-mirror-2	0	2515477	2515354	26	12395216896	11797307392	python3*21 pt_gloo_runloop*2 pt_tcpstore_uv*1 cuda0000240000a*1 cuda-EvtHandlr*1 
2026-09-25T09:05:30+04:00	ck4r2-mirror-2	0	2515478	2515354	23	903237632	629714944	python3*17 ZMQbg/Reaper*3 ZMQbg/IO/0*3 
2026-09-25T09:05:40+04:00	ck4r2-mirror-2	0	2515337	488	2	27078656	6045696	uv*1 main2*1 
2026-09-25T09:05:40+04:00	ck4r2-mirror-2	0	2515354	2515337	22	708972544	431628288	ft*18 ZMQbg/Reaper*2 ZMQbg/IO/0*2 
2026-09-25T09:05:40+04:00	ck4r2-mirror-2	0	2515476	2515354	1	12734464	5935104	python3*1 
2026-09-25T09:05:40+04:00	ck4r2-mirror-2	0	2515477	2515354	26	12566548480	11962875904	python3*21 pt_gloo_runloop*2 pt_tcpstore_uv*1 cuda0000240000a*1 cuda-EvtHandlr*1 
2026-09-25T09:05:40+04:00	ck4r2-mirror-2	0	2515478	2515354	23	903237632	629714944	python3*17 ZMQbg/Reaper*3 ZMQbg/IO/0*3 
2026-09-25T09:05:50+04:00	ck4r2-mirror-2	0	2515337	488	2	27078656	6045696	uv*1 main2*1 
2026-09-25T09:05:50+04:00	ck4r2-mirror-2	0	2515354	2515337	22	708972544	431628288	ft*18 ZMQbg/Reaper*2 ZMQbg/IO/0*2 
2026-09-25T09:05:50+04:00	ck4r2-mirror-2	0	2515476	2515354	1	12734464	5935104	python3*1 
2026-09-25T09:05:50+04:00	ck4r2-mirror-2	0	2515477	2515354	26	12679872512	12072960000	python3*21 pt_gloo_runloop*2 pt_tcpstore_uv*1 cuda0000240000a*1 cuda-EvtHandlr*1 
2026-09-25T09:05:50+04:00	ck4r2-mirror-2	0	2515478	2515354	23	903237632	629714944	python3*17 ZMQbg/Reaper*3 ZMQbg/IO/0*3 
2026-09-25T09:06:00+04:00	ck4r2-mirror-2	0	2515337	488	2	27078656	6045696	uv*1 main2*1 
2026-09-25T09:06:00+04:00	ck4r2-mirror-2	0	2515354	2515337	39	955613184	672690176	ft*35 ZMQbg/Reaper*2 ZMQbg/IO/0*2 
2026-09-25T09:06:00+04:00	ck4r2-mirror-2	0	2515476	2515354	1	12734464	5935104	python3*1 
2026-09-25T09:06:00+04:00	ck4r2-mirror-2	0	2515477	2515354	30	12933607424	12319993856	python3*21 pt_gloo_runloop*2 ZMQbg/Reaper*2 ZMQbg/IO/0*2 pt_tcpstore_uv*1 cuda0000240000a*1 
2026-09-25T09:06:00+04:00	ck4r2-mirror-2	0	2515478	2515354	39	906575872	630206464	python3*33 ZMQbg/Reaper*3 ZMQbg/IO/0*3 
2026-09-25T09:06:11+04:00	ck4r2-mirror-2	0	2515337	488	2	27078656	6045696	uv*1 main2*1 
2026-09-25T09:06:11+04:00	ck4r2-mirror-2	0	2515354	2515337	39	955613184	672690176	ft*35 ZMQbg/Reaper*2 ZMQbg/IO/0*2 
2026-09-25T09:06:11+04:00	ck4r2-mirror-2	0	2515476	2515354	1	12734464	5935104	python3*1 
2026-09-25T09:06:11+04:00	ck4r2-mirror-2	0	2515477	2515354	30	12933607424	12319993856	python3*21 pt_gloo_runloop*2 ZMQbg/Reaper*2 ZMQbg/IO/0*2 pt_tcpstore_uv*1 cuda0000240000a*1 
2026-09-25T09:06:11+04:00	ck4r2-mirror-2	0	2515478	2515354	39	906575872	630206464	python3*33 ZMQbg/Reaper*3 ZMQbg/IO/0*3 
2026-09-25T09:06:21+04:00	ck4r2-mirror-2	0	2515337	488	2	27078656	6045696	uv*1 main2*1 
2026-09-25T09:06:21+04:00	ck4r2-mirror-2	0	2515354	2515337	39	955633664	672710656	ft*35 ZMQbg/Reaper*2 ZMQbg/IO/0*2 
2026-09-25T09:06:21+04:00	ck4r2-mirror-2	0	2515476	2515354	1	12734464	5935104	python3*1 
2026-09-25T09:06:21+04:00	ck4r2-mirror-2	0	2515477	2515354	30	12933607424	12319993856	python3*21 pt_gloo_runloop*2 ZMQbg/Reaper*2 ZMQbg/IO/0*2 pt_tcpstore_uv*1 cuda0000240000a*1 
2026-09-25T09:06:21+04:00	ck4r2-mirror-2	0	2515478	2515354	39	906592256	630222848	python3*33 ZMQbg/Reaper*3 ZMQbg/IO/0*3 
2026-09-25T09:06:31+04:00	ck4r2-mirror-2	1	2515337	488	2	27078656	6045696	uv*1 main2*1 
2026-09-25T09:06:31+04:00	ck4r2-mirror-2	1	2515354	2515337	57	955957248	673034240	ft*51 ZMQbg/Reaper*3 ZMQbg/IO/0*3 
2026-09-25T09:06:31+04:00	ck4r2-mirror-2	1	2515476	2515354	1	12734464	5935104	python3*1 
2026-09-25T09:06:31+04:00	ck4r2-mirror-2	1	2515477	2515354	30	12933898240	12320284672	python3*21 pt_gloo_runloop*2 ZMQbg/Reaper*2 ZMQbg/IO/0*2 pt_tcpstore_uv*1 cuda0000240000a*1 
2026-09-25T09:06:31+04:00	ck4r2-mirror-2	1	2515478	2515354	57	907264000	630894592	python3*49 ZMQbg/Reaper*4 ZMQbg/IO/0*4 
2026-09-25T09:06:41+04:00	ck4r2-mirror-2	3	2515337	488	2	27078656	6045696	uv*1 main2*1 
2026-09-25T09:06:41+04:00	ck4r2-mirror-2	3	2515354	2515337	57	955957248	673034240	ft*51 ZMQbg/Reaper*3 ZMQbg/IO/0*3 
2026-09-25T09:06:41+04:00	ck4r2-mirror-2	3	2515476	2515354	1	12734464	5935104	python3*1 
2026-09-25T09:06:41+04:00	ck4r2-mirror-2	3	2515477	2515354	45	12935118848	12320542720	python3*36 pt_gloo_runloop*2 ZMQbg/Reaper*2 ZMQbg/IO/0*2 pt_tcpstore_uv*1 cuda0000240000a*1 
2026-09-25T09:06:42+04:00	ck4r2-mirror-2	3	2515478	2515354	57	907264000	630894592	python3*49 ZMQbg/Reaper*4 ZMQbg/IO/0*4 
2026-09-25T09:06:52+04:00	ck4r2-mirror-2	4	2515337	488	2	27078656	6045696	uv*1 main2*1 
2026-09-25T09:06:52+04:00	ck4r2-mirror-2	4	2515354	2515337	59	992210944	702451712	ft*52 ZMQbg/Reaper*3 ZMQbg/IO/0*3 cuda0000a40002a*1 
2026-09-25T09:06:52+04:00	ck4r2-mirror-2	4	2515476	2515354	1	12734464	5935104	python3*1 
2026-09-25T09:06:52+04:00	ck4r2-mirror-2	4	2515477	2515354	45	12935118848	12320542720	python3*36 pt_gloo_runloop*2 ZMQbg/Reaper*2 ZMQbg/IO/0*2 pt_tcpstore_uv*1 cuda0000240000a*1 
2026-09-25T09:06:52+04:00	ck4r2-mirror-2	4	2515478	2515354	57	907264000	630894592	python3*49 ZMQbg/Reaper*4 ZMQbg/IO/0*4 
2026-09-25T09:07:42+04:00	ck4r2-whole-3	0	2524206	488	3	26030080	6037504	uv*1 tokio-rt-worker*1 main2*1 
2026-09-25T09:07:42+04:00	ck4r2-whole-3	0	2524222	2524206	22	708907008	431501312	ft*18 ZMQbg/Reaper*2 ZMQbg/IO/0*2 
2026-09-25T09:07:42+04:00	ck4r2-whole-3	0	2524339	2524222	1	12726272	5939200	python3*1 
2026-09-25T09:07:42+04:00	ck4r2-whole-3	0	2524340	2524222	43	8322318336	663347200	python3*38 pt_gloo_runloop*2 pt_tcpstore_uv*1 cuda0000240000a*1 cuda-EvtHandlr*1 
2026-09-25T09:07:42+04:00	ck4r2-whole-3	0	2524341	2524222	23	903450624	629805056	python3*17 ZMQbg/Reaper*3 ZMQbg/IO/0*3 
2026-09-25T09:07:53+04:00	ck4r2-whole-3	0	2524206	488	2	26161152	6037504	uv*1 main2*1 
2026-09-25T09:07:53+04:00	ck4r2-whole-3	0	2524222	2524206	22	708907008	431501312	ft*18 ZMQbg/Reaper*2 ZMQbg/IO/0*2 
2026-09-25T09:07:53+04:00	ck4r2-whole-3	0	2524339	2524222	1	12726272	5939200	python3*1 
2026-09-25T09:07:53+04:00	ck4r2-whole-3	0	2524340	2524222	41	19022135296	1868599296	python3*36 pt_gloo_runloop*2 pt_tcpstore_uv*1 cuda0000240000a*1 cuda-EvtHandlr*1 
2026-09-25T09:07:53+04:00	ck4r2-whole-3	0	2524341	2524222	23	903450624	629805056	python3*17 ZMQbg/Reaper*3 ZMQbg/IO/0*3 
2026-09-25T09:08:03+04:00	ck4r2-whole-3	0	2524206	488	2	26161152	6037504	uv*1 main2*1 
2026-09-25T09:08:03+04:00	ck4r2-whole-3	0	2524222	2524206	39	955564032	672579584	ft*35 ZMQbg/Reaper*2 ZMQbg/IO/0*2 
2026-09-25T09:08:03+04:00	ck4r2-whole-3	0	2524339	2524222	1	12726272	5939200	python3*1 
2026-09-25T09:08:03+04:00	ck4r2-whole-3	0	2524340	2524222	45	19085635584	1927905280	python3*36 pt_gloo_runloop*2 ZMQbg/Reaper*2 ZMQbg/IO/0*2 pt_tcpstore_uv*1 cuda0000240000a*1 
2026-09-25T09:08:03+04:00	ck4r2-whole-3	0	2524341	2524222	39	906776576	630292480	python3*33 ZMQbg/Reaper*3 ZMQbg/IO/0*3 
2026-09-25T09:08:13+04:00	ck4r2-whole-3	0	2524206	488	2	26161152	6037504	uv*1 main2*1 
2026-09-25T09:08:13+04:00	ck4r2-whole-3	0	2524222	2524206	39	955564032	672579584	ft*35 ZMQbg/Reaper*2 ZMQbg/IO/0*2 
2026-09-25T09:08:13+04:00	ck4r2-whole-3	0	2524339	2524222	1	12726272	5939200	python3*1 
2026-09-25T09:08:13+04:00	ck4r2-whole-3	0	2524340	2524222	45	19085635584	1927905280	python3*36 pt_gloo_runloop*2 ZMQbg/Reaper*2 ZMQbg/IO/0*2 pt_tcpstore_uv*1 cuda0000240000a*1 
2026-09-25T09:08:13+04:00	ck4r2-whole-3	0	2524341	2524222	39	906776576	630292480	python3*33 ZMQbg/Reaper*3 ZMQbg/IO/0*3 
2026-09-25T09:08:23+04:00	ck4r2-whole-3	1	2524206	488	2	26161152	6037504	uv*1 main2*1 
2026-09-25T09:08:24+04:00	ck4r2-whole-3	1	2524222	2524206	57	955899904	672915456	ft*51 ZMQbg/Reaper*3 ZMQbg/IO/0*3 
2026-09-25T09:08:24+04:00	ck4r2-whole-3	1	2524339	2524222	1	12726272	5939200	python3*1 
2026-09-25T09:08:24+04:00	ck4r2-whole-3	1	2524340	2524222	45	19085926400	1928196096	python3*36 pt_gloo_runloop*2 ZMQbg/Reaper*2 ZMQbg/IO/0*2 pt_tcpstore_uv*1 cuda0000240000a*1 
2026-09-25T09:08:24+04:00	ck4r2-whole-3	1	2524341	2524222	57	907464704	630980608	python3*49 ZMQbg/Reaper*4 ZMQbg/IO/0*4 
2026-09-25T09:08:34+04:00	ck4r2-whole-3	2	2524206	488	2	26161152	6037504	uv*1 main2*1 
2026-09-25T09:08:34+04:00	ck4r2-whole-3	2	2524222	2524206	57	955899904	672915456	ft*51 ZMQbg/Reaper*3 ZMQbg/IO/0*3 
2026-09-25T09:08:34+04:00	ck4r2-whole-3	2	2524339	2524222	1	12726272	5939200	python3*1 
2026-09-25T09:08:34+04:00	ck4r2-whole-3	2	2524340	2524222	45	19087073280	1928380416	python3*36 pt_gloo_runloop*2 ZMQbg/Reaper*2 ZMQbg/IO/0*2 pt_tcpstore_uv*1 cuda0000240000a*1 
2026-09-25T09:08:34+04:00	ck4r2-whole-3	2	2524341	2524222	57	907464704	630980608	python3*49 ZMQbg/Reaper*4 ZMQbg/IO/0*4 
2026-09-25T09:08:44+04:00	ck4r2-whole-3	3	2524206	488	2	26161152	6037504	uv*1 main2*1 
2026-09-25T09:08:44+04:00	ck4r2-whole-3	3	2524222	2524206	57	955899904	672915456	ft*51 ZMQbg/Reaper*3 ZMQbg/IO/0*3 
2026-09-25T09:08:45+04:00	ck4r2-whole-3	3	2524339	2524222	1	12726272	5939200	python3*1 
2026-09-25T09:08:45+04:00	ck4r2-whole-3	3	2524340	2524222	45	19087073280	1928380416	python3*36 pt_gloo_runloop*2 ZMQbg/Reaper*2 ZMQbg/IO/0*2 pt_tcpstore_uv*1 cuda0000240000a*1 
2026-09-25T09:08:45+04:00	ck4r2-whole-3	3	2524341	2524222	57	907464704	630980608	python3*49 ZMQbg/Reaper*4 ZMQbg/IO/0*4 
2026-09-25T09:09:35+04:00	ck4r2-mirror-3	0	2531668	488	3	26460160	6004736	uv*1 tokio-rt-worker*1 main2*1 
2026-09-25T09:09:35+04:00	ck4r2-mirror-3	0	2531684	2531668	22	708849664	431542272	ft*18 ZMQbg/Reaper*2 ZMQbg/IO/0*2 
2026-09-25T09:09:35+04:00	ck4r2-mirror-3	0	2531797	2531684	1	12820480	5943296	python3*1 
2026-09-25T09:09:35+04:00	ck4r2-mirror-3	0	2531798	2531684	24	899198976	478224384	python3*19 pt_gloo_runloop*2 pt_tcpstore_uv*1 cuda0000240000a*1 cuda-EvtHandlr*1 
2026-09-25T09:09:35+04:00	ck4r2-mirror-3	0	2531799	2531684	22	901398528	628289536	python3*16 ZMQbg/Reaper*3 ZMQbg/IO/0*3 
2026-09-25T09:09:45+04:00	ck4r2-mirror-3	0	2531668	488	2	26591232	6004736	uv*1 main2*1 
2026-09-25T09:09:45+04:00	ck4r2-mirror-3	0	2531684	2531668	22	708919296	431542272	ft*18 ZMQbg/Reaper*2 ZMQbg/IO/0*2 
2026-09-25T09:09:45+04:00	ck4r2-mirror-3	0	2531797	2531684	1	12820480	5943296	python3*1 
2026-09-25T09:09:45+04:00	ck4r2-mirror-3	0	2531798	2531684	25	12958838784	11069915136	python3*20 pt_gloo_runloop*2 pt_tcpstore_uv*1 cuda0000240000a*1 cuda-EvtHandlr*1 
2026-09-25T09:09:45+04:00	ck4r2-mirror-3	0	2531799	2531684	23	902815744	629698560	python3*17 ZMQbg/Reaper*3 ZMQbg/IO/0*3 
2026-09-25T09:09:55+04:00	ck4r2-mirror-3	0	2531668	488	2	26591232	6004736	uv*1 main2*1 
2026-09-25T09:09:55+04:00	ck4r2-mirror-3	0	2531684	2531668	22	708919296	431542272	ft*18 ZMQbg/Reaper*2 ZMQbg/IO/0*2 
2026-09-25T09:09:55+04:00	ck4r2-mirror-3	0	2531797	2531684	1	12820480	5943296	python3*1 
2026-09-25T09:09:55+04:00	ck4r2-mirror-3	0	2531798	2531684	26	13048369152	11155976192	python3*21 pt_gloo_runloop*2 pt_tcpstore_uv*1 cuda0000240000a*1 cuda-EvtHandlr*1 
2026-09-25T09:09:55+04:00	ck4r2-mirror-3	0	2531799	2531684	23	902815744	629698560	python3*17 ZMQbg/Reaper*3 ZMQbg/IO/0*3 
2026-09-25T09:10:06+04:00	ck4r2-mirror-3	0	2531668	488	2	26591232	6004736	uv*1 main2*1 
2026-09-25T09:10:06+04:00	ck4r2-mirror-3	0	2531684	2531668	22	708919296	431542272	ft*18 ZMQbg/Reaper*2 ZMQbg/IO/0*2 
2026-09-25T09:10:06+04:00	ck4r2-mirror-3	0	2531797	2531684	1	12820480	5943296	python3*1 
2026-09-25T09:10:06+04:00	ck4r2-mirror-3	0	2531798	2531684	26	12395139072	11797549056	python3*21 pt_gloo_runloop*2 pt_tcpstore_uv*1 cuda0000240000a*1 cuda-EvtHandlr*1 
2026-09-25T09:10:06+04:00	ck4r2-mirror-3	0	2531799	2531684	23	902815744	629698560	python3*17 ZMQbg/Reaper*3 ZMQbg/IO/0*3 
2026-09-25T09:10:16+04:00	ck4r2-mirror-3	0	2531668	488	2	26591232	6004736	uv*1 main2*1 
2026-09-25T09:10:16+04:00	ck4r2-mirror-3	0	2531684	2531668	22	708919296	431542272	ft*18 ZMQbg/Reaper*2 ZMQbg/IO/0*2 
2026-09-25T09:10:16+04:00	ck4r2-mirror-3	0	2531797	2531684	1	12820480	5943296	python3*1 
2026-09-25T09:10:16+04:00	ck4r2-mirror-3	0	2531798	2531684	26	12566323200	11963035648	python3*21 pt_gloo_runloop*2 pt_tcpstore_uv*1 cuda0000240000a*1 cuda-EvtHandlr*1 
2026-09-25T09:10:16+04:00	ck4r2-mirror-3	0	2531799	2531684	23	902815744	629698560	python3*17 ZMQbg/Reaper*3 ZMQbg/IO/0*3 
2026-09-25T09:10:26+04:00	ck4r2-mirror-3	0	2531668	488	2	26591232	6004736	uv*1 main2*1 
2026-09-25T09:10:26+04:00	ck4r2-mirror-3	0	2531684	2531668	22	708919296	431542272	ft*18 ZMQbg/Reaper*2 ZMQbg/IO/0*2 
2026-09-25T09:10:26+04:00	ck4r2-mirror-3	0	2531797	2531684	1	12820480	5943296	python3*1 
2026-09-25T09:10:26+04:00	ck4r2-mirror-3	0	2531798	2531684	26	12883439616	12274618368	python3*21 pt_gloo_runloop*2 pt_tcpstore_uv*1 cuda0000240000a*1 cuda-EvtHandlr*1 
2026-09-25T09:10:26+04:00	ck4r2-mirror-3	0	2531799	2531684	23	902815744	629698560	python3*17 ZMQbg/Reaper*3 ZMQbg/IO/0*3 
2026-09-25T09:10:36+04:00	ck4r2-mirror-3	0	2531668	488	2	26591232	6004736	uv*1 main2*1 
2026-09-25T09:10:36+04:00	ck4r2-mirror-3	0	2531684	2531668	39	955568128	672612352	ft*35 ZMQbg/Reaper*2 ZMQbg/IO/0*2 
2026-09-25T09:10:36+04:00	ck4r2-mirror-3	0	2531797	2531684	1	12820480	5943296	python3*1 
2026-09-25T09:10:36+04:00	ck4r2-mirror-3	0	2531798	2531684	30	12924997632	12311699456	python3*21 pt_gloo_runloop*2 ZMQbg/Reaper*2 ZMQbg/IO/0*2 pt_tcpstore_uv*1 cuda0000240000a*1 
2026-09-25T09:10:36+04:00	ck4r2-mirror-3	0	2531799	2531684	39	906141696	630190080	python3*33 ZMQbg/Reaper*3 ZMQbg/IO/0*3 
2026-09-25T09:10:47+04:00	ck4r2-mirror-3	0	2531668	488	2	26591232	6004736	uv*1 main2*1 
2026-09-25T09:10:47+04:00	ck4r2-mirror-3	0	2531684	2531668	39	955568128	672612352	ft*35 ZMQbg/Reaper*2 ZMQbg/IO/0*2 
2026-09-25T09:10:47+04:00	ck4r2-mirror-3	0	2531797	2531684	1	12820480	5943296	python3*1 
2026-09-25T09:10:47+04:00	ck4r2-mirror-3	0	2531798	2531684	30	12924997632	12311699456	python3*21 pt_gloo_runloop*2 ZMQbg/Reaper*2 ZMQbg/IO/0*2 pt_tcpstore_uv*1 cuda0000240000a*1 
2026-09-25T09:10:47+04:00	ck4r2-mirror-3	0	2531799	2531684	39	906141696	630190080	python3*33 ZMQbg/Reaper*3 ZMQbg/IO/0*3 
2026-09-25T09:10:57+04:00	ck4r2-mirror-3	0	2531668	488	2	26591232	6004736	uv*1 main2*1 
2026-09-25T09:10:57+04:00	ck4r2-mirror-3	0	2531684	2531668	39	955592704	672636928	ft*35 ZMQbg/Reaper*2 ZMQbg/IO/0*2 
2026-09-25T09:10:57+04:00	ck4r2-mirror-3	0	2531797	2531684	1	12820480	5943296	python3*1 
2026-09-25T09:10:57+04:00	ck4r2-mirror-3	0	2531798	2531684	30	12924997632	12311699456	python3*21 pt_gloo_runloop*2 ZMQbg/Reaper*2 ZMQbg/IO/0*2 pt_tcpstore_uv*1 cuda0000240000a*1 
2026-09-25T09:10:57+04:00	ck4r2-mirror-3	0	2531799	2531684	39	906158080	630206464	python3*33 ZMQbg/Reaper*3 ZMQbg/IO/0*3 
2026-09-25T09:11:07+04:00	ck4r2-mirror-3	1	2531668	488	2	26591232	6004736	uv*1 main2*1 
2026-09-25T09:11:07+04:00	ck4r2-mirror-3	1	2531684	2531668	57	955912192	672956416	ft*51 ZMQbg/Reaper*3 ZMQbg/IO/0*3 
2026-09-25T09:11:07+04:00	ck4r2-mirror-3	1	2531797	2531684	1	12820480	5943296	python3*1 
2026-09-25T09:11:07+04:00	ck4r2-mirror-3	1	2531798	2531684	45	12925538304	12312240128	python3*36 pt_gloo_runloop*2 ZMQbg/Reaper*2 ZMQbg/IO/0*2 pt_tcpstore_uv*1 cuda0000240000a*1 
2026-09-25T09:11:07+04:00	ck4r2-mirror-3	1	2531799	2531684	57	906829824	630878208	python3*49 ZMQbg/Reaper*4 ZMQbg/IO/0*4 
2026-09-25T09:11:17+04:00	ck4r2-mirror-3	3	2531668	488	2	26591232	6004736	uv*1 main2*1 
2026-09-25T09:11:17+04:00	ck4r2-mirror-3	3	2531684	2531668	57	955912192	672956416	ft*51 ZMQbg/Reaper*3 ZMQbg/IO/0*3 
2026-09-25T09:11:17+04:00	ck4r2-mirror-3	3	2531797	2531684	1	12820480	5943296	python3*1 
2026-09-25T09:11:17+04:00	ck4r2-mirror-3	3	2531798	2531684	45	12926509056	12312248320	python3*36 pt_gloo_runloop*2 ZMQbg/Reaper*2 ZMQbg/IO/0*2 pt_tcpstore_uv*1 cuda0000240000a*1 
2026-09-25T09:11:18+04:00	ck4r2-mirror-3	3	2531799	2531684	57	906829824	630878208	python3*49 ZMQbg/Reaper*4 ZMQbg/IO/0*4 
2026-09-25T09:11:28+04:00	ck4r2-mirror-3	4	2531668	488	2	26591232	6004736	uv*1 main2*1 
2026-09-25T09:11:28+04:00	ck4r2-mirror-3	4	2531684	2531668	59	992186368	702496768	ft*52 ZMQbg/Reaper*3 ZMQbg/IO/0*3 cuda0000a40002a*1 
2026-09-25T09:11:28+04:00	ck4r2-mirror-3	4	2531797	2531684	1	12820480	5943296	python3*1 
2026-09-25T09:11:28+04:00	ck4r2-mirror-3	4	2531798	2531684	45	12926509056	12312248320	python3*36 pt_gloo_runloop*2 ZMQbg/Reaper*2 ZMQbg/IO/0*2 pt_tcpstore_uv*1 cuda0000240000a*1 
2026-09-25T09:11:28+04:00	ck4r2-mirror-3	4	2531799	2531684	57	906829824	630878208	python3*49 ZMQbg/Reaper*4 ZMQbg/IO/0*4 
2026-09-25T09:12:58+04:00	ck4r2-whole-1m	0	2544598	488	3	26034176	6037504	uv*1 tokio-rt-worker*1 main2*1 
2026-09-25T09:12:58+04:00	ck4r2-whole-1m	0	2544614	2544598	22	708911104	431505408	ft*18 ZMQbg/Reaper*2 ZMQbg/IO/0*2 
2026-09-25T09:12:58+04:00	ck4r2-whole-1m	0	2544708	2544614	1	12713984	5939200	python3*1 
2026-09-25T09:12:58+04:00	ck4r2-whole-1m	0	2544709	2544614	25	1687064576	571265024	python3*20 pt_gloo_runloop*2 pt_tcpstore_uv*1 cuda0000240000a*1 cuda-EvtHandlr*1 
2026-09-25T09:12:58+04:00	ck4r2-whole-1m	0	2544710	2544614	23	900501504	629706752	python3*17 ZMQbg/Reaper*3 ZMQbg/IO/0*3 
2026-09-25T09:13:08+04:00	ck4r2-whole-1m	0	2544598	488	2	26165248	6037504	uv*1 main2*1 
2026-09-25T09:13:08+04:00	ck4r2-whole-1m	0	2544614	2544598	22	708890624	431505408	ft*18 ZMQbg/Reaper*2 ZMQbg/IO/0*2 
2026-09-25T09:13:08+04:00	ck4r2-whole-1m	0	2544708	2544614	1	12713984	5939200	python3*1 
2026-09-25T09:13:08+04:00	ck4r2-whole-1m	0	2544709	2544614	41	19749396480	1256906752	python3*36 pt_gloo_runloop*2 pt_tcpstore_uv*1 cuda0000240000a*1 cuda-EvtHandlr*1 
2026-09-25T09:13:09+04:00	ck4r2-whole-1m	0	2544710	2544614	23	900481024	629706752	python3*17 ZMQbg/Reaper*3 ZMQbg/IO/0*3 
2026-09-25T09:13:19+04:00	ck4r2-whole-1m	0	2544598	488	2	26165248	6037504	uv*1 main2*1 
2026-09-25T09:13:19+04:00	ck4r2-whole-1m	0	2544614	2544598	39	955543552	672579584	ft*35 ZMQbg/Reaper*2 ZMQbg/IO/0*2 
2026-09-25T09:13:19+04:00	ck4r2-whole-1m	0	2544708	2544614	1	12713984	5939200	python3*1 
2026-09-25T09:13:19+04:00	ck4r2-whole-1m	0	2544709	2544614	45	19066908672	1911640064	python3*36 pt_gloo_runloop*2 ZMQbg/Reaper*2 ZMQbg/IO/0*2 pt_tcpstore_uv*1 cuda0000240000a*1 
2026-09-25T09:13:19+04:00	ck4r2-whole-1m	0	2544710	2544614	39	903856128	630198272	python3*33 ZMQbg/Reaper*3 ZMQbg/IO/0*3 
2026-09-25T09:13:29+04:00	ck4r2-whole-1m	0	2544598	488	2	26165248	6037504	uv*1 main2*1 
2026-09-25T09:13:29+04:00	ck4r2-whole-1m	0	2544614	2544598	39	955543552	672579584	ft*35 ZMQbg/Reaper*2 ZMQbg/IO/0*2 
2026-09-25T09:13:29+04:00	ck4r2-whole-1m	0	2544708	2544614	1	12713984	5939200	python3*1 
2026-09-25T09:13:29+04:00	ck4r2-whole-1m	0	2544709	2544614	45	19066908672	1911640064	python3*36 pt_gloo_runloop*2 ZMQbg/Reaper*2 ZMQbg/IO/0*2 pt_tcpstore_uv*1 cuda0000240000a*1 
2026-09-25T09:13:29+04:00	ck4r2-whole-1m	0	2544710	2544614	39	903856128	630198272	python3*33 ZMQbg/Reaper*3 ZMQbg/IO/0*3 
2026-09-25T09:13:39+04:00	ck4r2-whole-1m	1	2544598	488	2	26165248	6037504	uv*1 main2*1 
2026-09-25T09:13:39+04:00	ck4r2-whole-1m	1	2544614	2544598	57	1138331648	855367680	ft*51 ZMQbg/Reaper*3 ZMQbg/IO/0*3 
2026-09-25T09:13:39+04:00	ck4r2-whole-1m	1	2544708	2544614	1	12713984	5939200	python3*1 
2026-09-25T09:13:39+04:00	ck4r2-whole-1m	1	2544709	2544614	45	19066912768	1911644160	python3*36 pt_gloo_runloop*2 ZMQbg/Reaper*2 ZMQbg/IO/0*2 pt_tcpstore_uv*1 cuda0000240000a*1 
2026-09-25T09:13:40+04:00	ck4r2-whole-1m	1	2544710	2544614	39	1250586624	993034240	python3*33 ZMQbg/Reaper*3 ZMQbg/IO/0*3 
2026-09-25T09:13:50+04:00	ck4r2-whole-1m	1	2544598	488	2	24248320	6037504	uv*1 main2*1 
2026-09-25T09:13:50+04:00	ck4r2-whole-1m	1	2544614	2544598	57	1138298880	855367680	ft*51 ZMQbg/Reaper*3 ZMQbg/IO/0*3 
2026-09-25T09:13:50+04:00	ck4r2-whole-1m	1	2544708	2544614	1	12713984	5939200	python3*1 
2026-09-25T09:13:50+04:00	ck4r2-whole-1m	1	2544709	2544614	45	19069841408	1915617280	python3*36 pt_gloo_runloop*2 ZMQbg/Reaper*2 ZMQbg/IO/0*2 pt_tcpstore_uv*1 cuda0000240000a*1 
2026-09-25T09:13:50+04:00	ck4r2-whole-1m	1	2544710	2544614	57	1052618752	778993664	python3*49 ZMQbg/Reaper*4 ZMQbg/IO/0*4 
2026-09-25T09:14:00+04:00	ck4r2-whole-1m	1	2544598	488	2	24248320	6037504	uv*1 main2*1 
2026-09-25T09:14:00+04:00	ck4r2-whole-1m	1	2544614	2544598	57	1138298880	855367680	ft*51 ZMQbg/Reaper*3 ZMQbg/IO/0*3 
2026-09-25T09:14:00+04:00	ck4r2-whole-1m	1	2544708	2544614	1	12713984	5939200	python3*1 
2026-09-25T09:14:00+04:00	ck4r2-whole-1m	1	2544709	2544614	45	19069841408	1915617280	python3*36 pt_gloo_runloop*2 ZMQbg/Reaper*2 ZMQbg/IO/0*2 pt_tcpstore_uv*1 cuda0000240000a*1 
2026-09-25T09:14:00+04:00	ck4r2-whole-1m	1	2544710	2544614	57	1052618752	778993664	python3*49 ZMQbg/Reaper*4 ZMQbg/IO/0*4 
2026-09-25T09:14:10+04:00	ck4r2-whole-1m	1	2544598	488	2	24248320	6037504	uv*1 main2*1 
2026-09-25T09:14:10+04:00	ck4r2-whole-1m	1	2544614	2544598	57	1138298880	855367680	ft*51 ZMQbg/Reaper*3 ZMQbg/IO/0*3 
2026-09-25T09:14:11+04:00	ck4r2-whole-1m	1	2544708	2544614	1	12713984	5939200	python3*1 
2026-09-25T09:14:11+04:00	ck4r2-whole-1m	1	2544709	2544614	45	19069841408	1915617280	python3*36 pt_gloo_runloop*2 ZMQbg/Reaper*2 ZMQbg/IO/0*2 pt_tcpstore_uv*1 cuda0000240000a*1 
2026-09-25T09:14:11+04:00	ck4r2-whole-1m	1	2544710	2544614	57	1052618752	778993664	python3*49 ZMQbg/Reaper*4 ZMQbg/IO/0*4 
2026-09-25T09:14:21+04:00	ck4r2-whole-1m	1	2544598	488	2	24248320	6037504	uv*1 main2*1 
2026-09-25T09:14:21+04:00	ck4r2-whole-1m	1	2544614	2544598	57	1138298880	855367680	ft*51 ZMQbg/Reaper*3 ZMQbg/IO/0*3 
2026-09-25T09:14:21+04:00	ck4r2-whole-1m	1	2544708	2544614	1	12713984	5939200	python3*1 
2026-09-25T09:14:21+04:00	ck4r2-whole-1m	1	2544709	2544614	45	19069841408	1915617280	python3*36 pt_gloo_runloop*2 ZMQbg/Reaper*2 ZMQbg/IO/0*2 pt_tcpstore_uv*1 cuda0000240000a*1 
2026-09-25T09:14:21+04:00	ck4r2-whole-1m	1	2544710	2544614	57	1052618752	778993664	python3*49 ZMQbg/Reaper*4 ZMQbg/IO/0*4 
2026-09-25T09:14:31+04:00	ck4r2-whole-1m	1	2544598	488	2	24248320	6037504	uv*1 main2*1 
2026-09-25T09:14:31+04:00	ck4r2-whole-1m	1	2544614	2544598	57	1138298880	855367680	ft*51 ZMQbg/Reaper*3 ZMQbg/IO/0*3 
2026-09-25T09:14:31+04:00	ck4r2-whole-1m	1	2544708	2544614	1	12713984	5939200	python3*1 
2026-09-25T09:14:31+04:00	ck4r2-whole-1m	1	2544709	2544614	45	19069841408	1915617280	python3*36 pt_gloo_runloop*2 ZMQbg/Reaper*2 ZMQbg/IO/0*2 pt_tcpstore_uv*1 cuda0000240000a*1 
2026-09-25T09:14:31+04:00	ck4r2-whole-1m	1	2544710	2544614	57	1052618752	778993664	python3*49 ZMQbg/Reaper*4 ZMQbg/IO/0*4 
2026-09-25T09:14:41+04:00	ck4r2-whole-1m	1	2544598	488	2	24248320	6037504	uv*1 main2*1 
2026-09-25T09:14:41+04:00	ck4r2-whole-1m	1	2544614	2544598	57	1138298880	855367680	ft*51 ZMQbg/Reaper*3 ZMQbg/IO/0*3 
2026-09-25T09:14:41+04:00	ck4r2-whole-1m	1	2544708	2544614	1	12713984	5939200	python3*1 
2026-09-25T09:14:41+04:00	ck4r2-whole-1m	1	2544709	2544614	45	19069841408	1915617280	python3*36 pt_gloo_runloop*2 ZMQbg/Reaper*2 ZMQbg/IO/0*2 pt_tcpstore_uv*1 cuda0000240000a*1 
2026-09-25T09:14:42+04:00	ck4r2-whole-1m	1	2544710	2544614	57	1052618752	778993664	python3*49 ZMQbg/Reaper*4 ZMQbg/IO/0*4 
2026-09-25T09:14:52+04:00	ck4r2-whole-1m	1	2544598	488	2	24248320	6037504	uv*1 main2*1 
2026-09-25T09:14:52+04:00	ck4r2-whole-1m	1	2544614	2544598	57	1138298880	855367680	ft*51 ZMQbg/Reaper*3 ZMQbg/IO/0*3 
2026-09-25T09:14:52+04:00	ck4r2-whole-1m	1	2544708	2544614	1	12713984	5939200	python3*1 
2026-09-25T09:14:52+04:00	ck4r2-whole-1m	1	2544709	2544614	45	19069841408	1915617280	python3*36 pt_gloo_runloop*2 ZMQbg/Reaper*2 ZMQbg/IO/0*2 pt_tcpstore_uv*1 cuda0000240000a*1 
2026-09-25T09:14:52+04:00	ck4r2-whole-1m	1	2544710	2544614	57	1052618752	778993664	python3*49 ZMQbg/Reaper*4 ZMQbg/IO/0*4 
2026-09-25T09:15:02+04:00	ck4r2-whole-1m	1	2544598	488	2	24248320	6037504	uv*1 main2*1 
2026-09-25T09:15:02+04:00	ck4r2-whole-1m	1	2544614	2544598	57	1138298880	855367680	ft*51 ZMQbg/Reaper*3 ZMQbg/IO/0*3 
2026-09-25T09:15:02+04:00	ck4r2-whole-1m	1	2544708	2544614	1	12713984	5939200	python3*1 
2026-09-25T09:15:02+04:00	ck4r2-whole-1m	1	2544709	2544614	45	19069841408	1915617280	python3*36 pt_gloo_runloop*2 ZMQbg/Reaper*2 ZMQbg/IO/0*2 pt_tcpstore_uv*1 cuda0000240000a*1 
2026-09-25T09:15:02+04:00	ck4r2-whole-1m	1	2544710	2544614	57	1052618752	778993664	python3*49 ZMQbg/Reaper*4 ZMQbg/IO/0*4 
2026-09-25T09:15:12+04:00	ck4r2-whole-1m	1	2544598	488	2	24248320	6037504	uv*1 main2*1 
2026-09-25T09:15:12+04:00	ck4r2-whole-1m	1	2544614	2544598	57	1138298880	855367680	ft*51 ZMQbg/Reaper*3 ZMQbg/IO/0*3 
2026-09-25T09:15:12+04:00	ck4r2-whole-1m	1	2544708	2544614	1	12713984	5939200	python3*1 
2026-09-25T09:15:12+04:00	ck4r2-whole-1m	1	2544709	2544614	45	19069841408	1915617280	python3*36 pt_gloo_runloop*2 ZMQbg/Reaper*2 ZMQbg/IO/0*2 pt_tcpstore_uv*1 cuda0000240000a*1 
2026-09-25T09:15:12+04:00	ck4r2-whole-1m	1	2544710	2544614	57	1052618752	778993664	python3*49 ZMQbg/Reaper*4 ZMQbg/IO/0*4 
2026-09-25T09:15:22+04:00	ck4r2-whole-1m	1	2544598	488	2	24248320	6037504	uv*1 main2*1 
2026-09-25T09:15:22+04:00	ck4r2-whole-1m	1	2544614	2544598	57	1138298880	855367680	ft*51 ZMQbg/Reaper*3 ZMQbg/IO/0*3 
2026-09-25T09:15:22+04:00	ck4r2-whole-1m	1	2544708	2544614	1	12713984	5939200	python3*1 
2026-09-25T09:15:22+04:00	ck4r2-whole-1m	1	2544709	2544614	45	19069841408	1915617280	python3*36 pt_gloo_runloop*2 ZMQbg/Reaper*2 ZMQbg/IO/0*2 pt_tcpstore_uv*1 cuda0000240000a*1 
2026-09-25T09:15:23+04:00	ck4r2-whole-1m	1	2544710	2544614	57	1052618752	778993664	python3*49 ZMQbg/Reaper*4 ZMQbg/IO/0*4 
2026-09-25T09:15:33+04:00	ck4r2-whole-1m	1	2544598	488	2	24244224	6037504	uv*1 main2*1 
2026-09-25T09:15:33+04:00	ck4r2-whole-1m	1	2544614	2544598	57	1138008064	855367680	ft*51 ZMQbg/Reaper*3 ZMQbg/IO/0*3 
2026-09-25T09:15:33+04:00	ck4r2-whole-1m	1	2544708	2544614	1	12713984	5939200	python3*1 
2026-09-25T09:15:33+04:00	ck4r2-whole-1m	1	2544709	2544614	45	19069546496	1915617280	python3*36 pt_gloo_runloop*2 ZMQbg/Reaper*2 ZMQbg/IO/0*2 pt_tcpstore_uv*1 cuda0000240000a*1 
2026-09-25T09:15:33+04:00	ck4r2-whole-1m	1	2544710	2544614	57	1052356608	778993664	python3*49 ZMQbg/Reaper*4 ZMQbg/IO/0*4 
2026-09-25T09:15:43+04:00	ck4r2-whole-1m	1	2544598	488	2	24244224	6037504	uv*1 main2*1 
2026-09-25T09:15:43+04:00	ck4r2-whole-1m	1	2544614	2544598	57	1136734208	855367680	ft*51 ZMQbg/Reaper*3 ZMQbg/IO/0*3 
2026-09-25T09:15:43+04:00	ck4r2-whole-1m	1	2544708	2544614	1	12713984	5939200	python3*1 
2026-09-25T09:15:43+04:00	ck4r2-whole-1m	1	2544709	2544614	45	19068252160	1915617280	python3*36 pt_gloo_runloop*2 ZMQbg/Reaper*2 ZMQbg/IO/0*2 pt_tcpstore_uv*1 cuda0000240000a*1 
2026-09-25T09:15:43+04:00	ck4r2-whole-1m	1	2544710	2544614	57	1051160576	778993664	python3*49 ZMQbg/Reaper*4 ZMQbg/IO/0*4 
2026-09-25T09:15:53+04:00	ck4r2-whole-1m	1	2544598	488	2	24244224	6037504	uv*1 main2*1 
2026-09-25T09:15:53+04:00	ck4r2-whole-1m	1	2544614	2544598	57	1136734208	855367680	ft*51 ZMQbg/Reaper*3 ZMQbg/IO/0*3 
2026-09-25T09:15:53+04:00	ck4r2-whole-1m	1	2544708	2544614	1	12713984	5939200	python3*1 
2026-09-25T09:15:53+04:00	ck4r2-whole-1m	1	2544709	2544614	45	19068252160	1915617280	python3*36 pt_gloo_runloop*2 ZMQbg/Reaper*2 ZMQbg/IO/0*2 pt_tcpstore_uv*1 cuda0000240000a*1 
2026-09-25T09:15:53+04:00	ck4r2-whole-1m	1	2544710	2544614	57	1051160576	778993664	python3*49 ZMQbg/Reaper*4 ZMQbg/IO/0*4 
2026-09-25T09:16:04+04:00	ck4r2-whole-1m	1	2544598	488	2	24244224	6037504	uv*1 main2*1 
2026-09-25T09:16:04+04:00	ck4r2-whole-1m	1	2544614	2544598	57	1136734208	855367680	ft*51 ZMQbg/Reaper*3 ZMQbg/IO/0*3 
2026-09-25T09:16:04+04:00	ck4r2-whole-1m	1	2544708	2544614	1	12713984	5939200	python3*1 
2026-09-25T09:16:04+04:00	ck4r2-whole-1m	1	2544709	2544614	45	19068252160	1915617280	python3*36 pt_gloo_runloop*2 ZMQbg/Reaper*2 ZMQbg/IO/0*2 pt_tcpstore_uv*1 cuda0000240000a*1 
2026-09-25T09:16:04+04:00	ck4r2-whole-1m	1	2544710	2544614	57	1051160576	778993664	python3*49 ZMQbg/Reaper*4 ZMQbg/IO/0*4 
2026-09-25T09:16:14+04:00	ck4r2-whole-1m	1	2544598	488	2	24244224	6037504	uv*1 main2*1 
2026-09-25T09:16:14+04:00	ck4r2-whole-1m	1	2544614	2544598	57	1136734208	855367680	ft*51 ZMQbg/Reaper*3 ZMQbg/IO/0*3 
2026-09-25T09:16:14+04:00	ck4r2-whole-1m	1	2544708	2544614	1	12713984	5939200	python3*1 
2026-09-25T09:16:14+04:00	ck4r2-whole-1m	1	2544709	2544614	45	19068252160	1915617280	python3*36 pt_gloo_runloop*2 ZMQbg/Reaper*2 ZMQbg/IO/0*2 pt_tcpstore_uv*1 cuda0000240000a*1 
2026-09-25T09:16:14+04:00	ck4r2-whole-1m	1	2544710	2544614	57	1051160576	778993664	python3*49 ZMQbg/Reaper*4 ZMQbg/IO/0*4 
2026-09-25T09:16:24+04:00	ck4r2-whole-1m	1	2544598	488	2	24244224	6037504	uv*1 main2*1 
2026-09-25T09:16:24+04:00	ck4r2-whole-1m	1	2544614	2544598	57	1136734208	855367680	ft*51 ZMQbg/Reaper*3 ZMQbg/IO/0*3 
2026-09-25T09:16:24+04:00	ck4r2-whole-1m	1	2544708	2544614	1	12713984	5939200	python3*1 
2026-09-25T09:16:24+04:00	ck4r2-whole-1m	1	2544709	2544614	45	19068252160	1915617280	python3*36 pt_gloo_runloop*2 ZMQbg/Reaper*2 ZMQbg/IO/0*2 pt_tcpstore_uv*1 cuda0000240000a*1 
2026-09-25T09:16:24+04:00	ck4r2-whole-1m	1	2544710	2544614	57	1051160576	778993664	python3*49 ZMQbg/Reaper*4 ZMQbg/IO/0*4 
2026-09-25T09:16:34+04:00	ck4r2-whole-1m	1	2544598	488	2	24244224	6037504	uv*1 main2*1 
2026-09-25T09:16:34+04:00	ck4r2-whole-1m	1	2544614	2544598	57	1136734208	855367680	ft*51 ZMQbg/Reaper*3 ZMQbg/IO/0*3 
2026-09-25T09:16:34+04:00	ck4r2-whole-1m	1	2544708	2544614	1	12713984	5939200	python3*1 
2026-09-25T09:16:34+04:00	ck4r2-whole-1m	1	2544709	2544614	45	19068252160	1915617280	python3*36 pt_gloo_runloop*2 ZMQbg/Reaper*2 ZMQbg/IO/0*2 pt_tcpstore_uv*1 cuda0000240000a*1 
2026-09-25T09:16:35+04:00	ck4r2-whole-1m	1	2544710	2544614	57	1051160576	778993664	python3*49 ZMQbg/Reaper*4 ZMQbg/IO/0*4 
2026-09-25T09:16:45+04:00	ck4r2-whole-1m	1	2544598	488	2	24244224	6037504	uv*1 main2*1 
2026-09-25T09:16:45+04:00	ck4r2-whole-1m	1	2544614	2544598	57	1133993984	855367680	ft*51 ZMQbg/Reaper*3 ZMQbg/IO/0*3 
2026-09-25T09:16:45+04:00	ck4r2-whole-1m	1	2544708	2544614	1	12713984	5939200	python3*1 
2026-09-25T09:16:45+04:00	ck4r2-whole-1m	1	2544709	2544614	45	19063623680	1915617280	python3*36 pt_gloo_runloop*2 ZMQbg/Reaper*2 ZMQbg/IO/0*2 pt_tcpstore_uv*1 cuda0000240000a*1 
2026-09-25T09:16:45+04:00	ck4r2-whole-1m	1	2544710	2544614	57	1048625152	778993664	python3*49 ZMQbg/Reaper*4 ZMQbg/IO/0*4 
2026-09-25T09:16:55+04:00	ck4r2-whole-1m	1	2544598	488	2	24211456	6037504	uv*1 main2*1 
2026-09-25T09:16:55+04:00	ck4r2-whole-1m	1	2544614	2544598	57	1132597248	855367680	ft*51 ZMQbg/Reaper*3 ZMQbg/IO/0*3 
2026-09-25T09:16:55+04:00	ck4r2-whole-1m	1	2544708	2544614	1	12709888	5939200	python3*1 
2026-09-25T09:16:55+04:00	ck4r2-whole-1m	1	2544709	2544614	45	19050291200	1915617280	python3*36 pt_gloo_runloop*2 ZMQbg/Reaper*2 ZMQbg/IO/0*2 pt_tcpstore_uv*1 cuda0000240000a*1 
2026-09-25T09:16:55+04:00	ck4r2-whole-1m	1	2544710	2544614	57	1047232512	778993664	python3*49 ZMQbg/Reaper*4 ZMQbg/IO/0*4 
2026-09-25T09:17:05+04:00	ck4r2-whole-1m	1	2544598	488	2	24211456	6037504	uv*1 main2*1 
2026-09-25T09:17:05+04:00	ck4r2-whole-1m	1	2544614	2544598	57	1132597248	855367680	ft*51 ZMQbg/Reaper*3 ZMQbg/IO/0*3 
2026-09-25T09:17:05+04:00	ck4r2-whole-1m	1	2544708	2544614	1	12709888	5939200	python3*1 
2026-09-25T09:17:05+04:00	ck4r2-whole-1m	1	2544709	2544614	45	19050303488	1915617280	python3*36 pt_gloo_runloop*2 ZMQbg/Reaper*2 ZMQbg/IO/0*2 pt_tcpstore_uv*1 cuda0000240000a*1 
2026-09-25T09:17:06+04:00	ck4r2-whole-1m	1	2544710	2544614	57	1047232512	778993664	python3*49 ZMQbg/Reaper*4 ZMQbg/IO/0*4 
2026-09-25T09:17:16+04:00	ck4r2-whole-1m	1	2544598	488	2	24211456	6037504	uv*1 main2*1 
2026-09-25T09:17:16+04:00	ck4r2-whole-1m	1	2544614	2544598	57	1132597248	855367680	ft*51 ZMQbg/Reaper*3 ZMQbg/IO/0*3 
2026-09-25T09:17:16+04:00	ck4r2-whole-1m	1	2544708	2544614	1	12709888	5939200	python3*1 
2026-09-25T09:17:16+04:00	ck4r2-whole-1m	1	2544709	2544614	45	19050307584	1915617280	python3*36 pt_gloo_runloop*2 ZMQbg/Reaper*2 ZMQbg/IO/0*2 pt_tcpstore_uv*1 cuda0000240000a*1 
2026-09-25T09:17:16+04:00	ck4r2-whole-1m	1	2544710	2544614	57	1047232512	778993664	python3*49 ZMQbg/Reaper*4 ZMQbg/IO/0*4 
2026-09-25T09:17:26+04:00	ck4r2-whole-1m	1	2544598	488	2	24211456	6037504	uv*1 main2*1 
2026-09-25T09:17:26+04:00	ck4r2-whole-1m	1	2544614	2544598	57	1132597248	855367680	ft*51 ZMQbg/Reaper*3 ZMQbg/IO/0*3 
2026-09-25T09:17:26+04:00	ck4r2-whole-1m	1	2544708	2544614	1	12709888	5939200	python3*1 
2026-09-25T09:17:26+04:00	ck4r2-whole-1m	1	2544709	2544614	45	19050307584	1915617280	python3*36 pt_gloo_runloop*2 ZMQbg/Reaper*2 ZMQbg/IO/0*2 pt_tcpstore_uv*1 cuda0000240000a*1 
2026-09-25T09:17:26+04:00	ck4r2-whole-1m	1	2544710	2544614	57	1047232512	778993664	python3*49 ZMQbg/Reaper*4 ZMQbg/IO/0*4 
2026-09-25T09:17:36+04:00	ck4r2-whole-1m	1	2544598	488	2	24211456	6037504	uv*1 main2*1 
2026-09-25T09:17:36+04:00	ck4r2-whole-1m	1	2544614	2544598	57	1132597248	855367680	ft*51 ZMQbg/Reaper*3 ZMQbg/IO/0*3 
2026-09-25T09:17:36+04:00	ck4r2-whole-1m	1	2544708	2544614	1	12709888	5939200	python3*1 
2026-09-25T09:17:36+04:00	ck4r2-whole-1m	1	2544709	2544614	45	19050307584	1915617280	python3*36 pt_gloo_runloop*2 ZMQbg/Reaper*2 ZMQbg/IO/0*2 pt_tcpstore_uv*1 cuda0000240000a*1 
2026-09-25T09:17:37+04:00	ck4r2-whole-1m	1	2544710	2544614	57	1047232512	778993664	python3*49 ZMQbg/Reaper*4 ZMQbg/IO/0*4 
2026-09-25T09:17:47+04:00	ck4r2-whole-1m	1	2544598	488	2	24211456	6037504	uv*1 main2*1 
2026-09-25T09:17:47+04:00	ck4r2-whole-1m	1	2544614	2544598	57	1132597248	855367680	ft*51 ZMQbg/Reaper*3 ZMQbg/IO/0*3 
2026-09-25T09:17:47+04:00	ck4r2-whole-1m	1	2544708	2544614	1	12709888	5939200	python3*1 
2026-09-25T09:17:47+04:00	ck4r2-whole-1m	1	2544709	2544614	45	19050307584	1915617280	python3*36 pt_gloo_runloop*2 ZMQbg/Reaper*2 ZMQbg/IO/0*2 pt_tcpstore_uv*1 cuda0000240000a*1 
2026-09-25T09:17:47+04:00	ck4r2-whole-1m	1	2544710	2544614	57	1047232512	778993664	python3*49 ZMQbg/Reaper*4 ZMQbg/IO/0*4 
2026-09-25T09:17:57+04:00	ck4r2-whole-1m	1	2544598	488	2	24211456	6037504	uv*1 main2*1 
2026-09-25T09:17:57+04:00	ck4r2-whole-1m	1	2544614	2544598	57	1132597248	855367680	ft*51 ZMQbg/Reaper*3 ZMQbg/IO/0*3 
2026-09-25T09:17:57+04:00	ck4r2-whole-1m	1	2544708	2544614	1	12709888	5939200	python3*1 
2026-09-25T09:17:57+04:00	ck4r2-whole-1m	1	2544709	2544614	45	19050307584	1915617280	python3*36 pt_gloo_runloop*2 ZMQbg/Reaper*2 ZMQbg/IO/0*2 pt_tcpstore_uv*1 cuda0000240000a*1 
2026-09-25T09:17:57+04:00	ck4r2-whole-1m	1	2544710	2544614	57	1047232512	778993664	python3*49 ZMQbg/Reaper*4 ZMQbg/IO/0*4 
2026-09-25T09:18:07+04:00	ck4r2-whole-1m	1	2544598	488	2	24211456	6037504	uv*1 main2*1 
2026-09-25T09:18:07+04:00	ck4r2-whole-1m	1	2544614	2544598	57	1132597248	855367680	ft*51 ZMQbg/Reaper*3 ZMQbg/IO/0*3 
2026-09-25T09:18:07+04:00	ck4r2-whole-1m	1	2544708	2544614	1	12709888	5939200	python3*1 
2026-09-25T09:18:07+04:00	ck4r2-whole-1m	1	2544709	2544614	45	19050307584	1915617280	python3*36 pt_gloo_runloop*2 ZMQbg/Reaper*2 ZMQbg/IO/0*2 pt_tcpstore_uv*1 cuda0000240000a*1 
2026-09-25T09:18:07+04:00	ck4r2-whole-1m	1	2544710	2544614	57	1047232512	778993664	python3*49 ZMQbg/Reaper*4 ZMQbg/IO/0*4 
2026-09-25T09:18:18+04:00	ck4r2-whole-1m	1	2544598	488	2	24211456	6037504	uv*1 main2*1 
2026-09-25T09:18:18+04:00	ck4r2-whole-1m	1	2544614	2544598	57	1132597248	855367680	ft*51 ZMQbg/Reaper*3 ZMQbg/IO/0*3 
2026-09-25T09:18:18+04:00	ck4r2-whole-1m	1	2544708	2544614	1	12709888	5939200	python3*1 
2026-09-25T09:18:18+04:00	ck4r2-whole-1m	1	2544709	2544614	45	19050307584	1915617280	python3*36 pt_gloo_runloop*2 ZMQbg/Reaper*2 ZMQbg/IO/0*2 pt_tcpstore_uv*1 cuda0000240000a*1 
2026-09-25T09:18:18+04:00	ck4r2-whole-1m	1	2544710	2544614	57	1047232512	778993664	python3*49 ZMQbg/Reaper*4 ZMQbg/IO/0*4 
2026-09-25T09:18:28+04:00	ck4r2-whole-1m	1	2544598	488	2	24211456	6037504	uv*1 main2*1 
2026-09-25T09:18:28+04:00	ck4r2-whole-1m	1	2544614	2544598	57	1132597248	855367680	ft*51 ZMQbg/Reaper*3 ZMQbg/IO/0*3 
2026-09-25T09:18:28+04:00	ck4r2-whole-1m	1	2544708	2544614	1	12709888	5939200	python3*1 
2026-09-25T09:18:28+04:00	ck4r2-whole-1m	1	2544709	2544614	45	19050307584	1915617280	python3*36 pt_gloo_runloop*2 ZMQbg/Reaper*2 ZMQbg/IO/0*2 pt_tcpstore_uv*1 cuda0000240000a*1 
2026-09-25T09:18:28+04:00	ck4r2-whole-1m	1	2544710	2544614	57	1047232512	778993664	python3*49 ZMQbg/Reaper*4 ZMQbg/IO/0*4 
2026-09-25T09:18:38+04:00	ck4r2-whole-1m	1	2544598	488	2	24211456	6037504	uv*1 main2*1 
2026-09-25T09:18:38+04:00	ck4r2-whole-1m	1	2544614	2544598	57	1132597248	855367680	ft*51 ZMQbg/Reaper*3 ZMQbg/IO/0*3 
2026-09-25T09:18:38+04:00	ck4r2-whole-1m	1	2544708	2544614	1	12709888	5939200	python3*1 
2026-09-25T09:18:38+04:00	ck4r2-whole-1m	1	2544709	2544614	45	19050307584	1915617280	python3*36 pt_gloo_runloop*2 ZMQbg/Reaper*2 ZMQbg/IO/0*2 pt_tcpstore_uv*1 cuda0000240000a*1 
2026-09-25T09:18:38+04:00	ck4r2-whole-1m	1	2544710	2544614	57	1047232512	778993664	python3*49 ZMQbg/Reaper*4 ZMQbg/IO/0*4 
2026-09-25T09:18:48+04:00	ck4r2-whole-1m	1	2544598	488	2	24211456	6037504	uv*1 main2*1 
2026-09-25T09:18:48+04:00	ck4r2-whole-1m	1	2544614	2544598	57	1132597248	855367680	ft*51 ZMQbg/Reaper*3 ZMQbg/IO/0*3 
2026-09-25T09:18:48+04:00	ck4r2-whole-1m	1	2544708	2544614	1	12709888	5939200	python3*1 
2026-09-25T09:18:48+04:00	ck4r2-whole-1m	1	2544709	2544614	45	19050307584	1915617280	python3*36 pt_gloo_runloop*2 ZMQbg/Reaper*2 ZMQbg/IO/0*2 pt_tcpstore_uv*1 cuda0000240000a*1 
2026-09-25T09:18:49+04:00	ck4r2-whole-1m	1	2544710	2544614	57	1047232512	778993664	python3*49 ZMQbg/Reaper*4 ZMQbg/IO/0*4 
2026-09-25T09:18:59+04:00	ck4r2-whole-1m	1	2544598	488	2	24211456	6037504	uv*1 main2*1 
2026-09-25T09:18:59+04:00	ck4r2-whole-1m	1	2544614	2544598	57	1132597248	855367680	ft*51 ZMQbg/Reaper*3 ZMQbg/IO/0*3 
2026-09-25T09:18:59+04:00	ck4r2-whole-1m	1	2544708	2544614	1	12709888	5939200	python3*1 
2026-09-25T09:18:59+04:00	ck4r2-whole-1m	1	2544709	2544614	45	19050307584	1915617280	python3*36 pt_gloo_runloop*2 ZMQbg/Reaper*2 ZMQbg/IO/0*2 pt_tcpstore_uv*1 cuda0000240000a*1 
2026-09-25T09:18:59+04:00	ck4r2-whole-1m	1	2544710	2544614	57	1047232512	778993664	python3*49 ZMQbg/Reaper*4 ZMQbg/IO/0*4 
2026-09-25T09:19:09+04:00	ck4r2-whole-1m	1	2544598	488	2	24211456	6037504	uv*1 main2*1 
2026-09-25T09:19:09+04:00	ck4r2-whole-1m	1	2544614	2544598	57	1132597248	855367680	ft*51 ZMQbg/Reaper*3 ZMQbg/IO/0*3 
2026-09-25T09:19:09+04:00	ck4r2-whole-1m	1	2544708	2544614	1	12709888	5939200	python3*1 
2026-09-25T09:19:09+04:00	ck4r2-whole-1m	1	2544709	2544614	45	19050307584	1915617280	python3*36 pt_gloo_runloop*2 ZMQbg/Reaper*2 ZMQbg/IO/0*2 pt_tcpstore_uv*1 cuda0000240000a*1 
2026-09-25T09:19:09+04:00	ck4r2-whole-1m	1	2544710	2544614	57	1047232512	778993664	python3*49 ZMQbg/Reaper*4 ZMQbg/IO/0*4 
2026-09-25T09:19:19+04:00	ck4r2-whole-1m	1	2544598	488	2	24211456	6037504	uv*1 main2*1 
2026-09-25T09:19:19+04:00	ck4r2-whole-1m	1	2544614	2544598	57	1132597248	855367680	ft*51 ZMQbg/Reaper*3 ZMQbg/IO/0*3 
2026-09-25T09:19:19+04:00	ck4r2-whole-1m	1	2544708	2544614	1	12709888	5939200	python3*1 
2026-09-25T09:19:19+04:00	ck4r2-whole-1m	1	2544709	2544614	45	19050307584	1915617280	python3*36 pt_gloo_runloop*2 ZMQbg/Reaper*2 ZMQbg/IO/0*2 pt_tcpstore_uv*1 cuda0000240000a*1 
2026-09-25T09:19:20+04:00	ck4r2-whole-1m	1	2544710	2544614	57	1047232512	778993664	python3*49 ZMQbg/Reaper*4 ZMQbg/IO/0*4 
2026-09-25T09:19:30+04:00	ck4r2-whole-1m	1	2544598	488	2	24211456	6037504	uv*1 main2*1 
2026-09-25T09:19:30+04:00	ck4r2-whole-1m	1	2544614	2544598	57	1132597248	855367680	ft*51 ZMQbg/Reaper*3 ZMQbg/IO/0*3 
2026-09-25T09:19:30+04:00	ck4r2-whole-1m	1	2544708	2544614	1	12709888	5939200	python3*1 
2026-09-25T09:19:30+04:00	ck4r2-whole-1m	1	2544709	2544614	45	19050307584	1915617280	python3*36 pt_gloo_runloop*2 ZMQbg/Reaper*2 ZMQbg/IO/0*2 pt_tcpstore_uv*1 cuda0000240000a*1 
2026-09-25T09:19:30+04:00	ck4r2-whole-1m	1	2544710	2544614	57	1047232512	778993664	python3*49 ZMQbg/Reaper*4 ZMQbg/IO/0*4 
2026-09-25T09:19:40+04:00	ck4r2-whole-1m	1	2544598	488	2	24211456	6037504	uv*1 main2*1 
2026-09-25T09:19:40+04:00	ck4r2-whole-1m	1	2544614	2544598	57	1132597248	855367680	ft*51 ZMQbg/Reaper*3 ZMQbg/IO/0*3 
2026-09-25T09:19:40+04:00	ck4r2-whole-1m	1	2544708	2544614	1	12709888	5939200	python3*1 
2026-09-25T09:19:40+04:00	ck4r2-whole-1m	1	2544709	2544614	45	19050307584	1915617280	python3*36 pt_gloo_runloop*2 ZMQbg/Reaper*2 ZMQbg/IO/0*2 pt_tcpstore_uv*1 cuda0000240000a*1 
2026-09-25T09:19:40+04:00	ck4r2-whole-1m	1	2544710	2544614	57	1047232512	778993664	python3*49 ZMQbg/Reaper*4 ZMQbg/IO/0*4 
2026-09-25T09:19:50+04:00	ck4r2-whole-1m	1	2544598	488	2	24211456	6037504	uv*1 main2*1 
2026-09-25T09:19:50+04:00	ck4r2-whole-1m	1	2544614	2544598	57	1132597248	855367680	ft*51 ZMQbg/Reaper*3 ZMQbg/IO/0*3 
2026-09-25T09:19:50+04:00	ck4r2-whole-1m	1	2544708	2544614	1	12709888	5939200	python3*1 
2026-09-25T09:19:50+04:00	ck4r2-whole-1m	1	2544709	2544614	45	19050307584	1915617280	python3*36 pt_gloo_runloop*2 ZMQbg/Reaper*2 ZMQbg/IO/0*2 pt_tcpstore_uv*1 cuda0000240000a*1 
2026-09-25T09:19:50+04:00	ck4r2-whole-1m	1	2544710	2544614	57	1047232512	778993664	python3*49 ZMQbg/Reaper*4 ZMQbg/IO/0*4 
2026-09-25T09:20:01+04:00	ck4r2-whole-1m	1	2544598	488	2	24211456	6037504	uv*1 main2*1 
2026-09-25T09:20:01+04:00	ck4r2-whole-1m	1	2544614	2544598	57	1132597248	855367680	ft*51 ZMQbg/Reaper*3 ZMQbg/IO/0*3 
2026-09-25T09:20:01+04:00	ck4r2-whole-1m	1	2544708	2544614	1	12709888	5939200	python3*1 
2026-09-25T09:20:01+04:00	ck4r2-whole-1m	1	2544709	2544614	45	19050307584	1915617280	python3*36 pt_gloo_runloop*2 ZMQbg/Reaper*2 ZMQbg/IO/0*2 pt_tcpstore_uv*1 cuda0000240000a*1 
2026-09-25T09:20:01+04:00	ck4r2-whole-1m	1	2544710	2544614	57	1047232512	778993664	python3*49 ZMQbg/Reaper*4 ZMQbg/IO/0*4 
2026-09-25T09:20:11+04:00	ck4r2-whole-1m	1	2544598	488	2	24211456	6037504	uv*1 main2*1 
2026-09-25T09:20:11+04:00	ck4r2-whole-1m	1	2544614	2544598	57	1132597248	855367680	ft*51 ZMQbg/Reaper*3 ZMQbg/IO/0*3 
2026-09-25T09:20:11+04:00	ck4r2-whole-1m	1	2544708	2544614	1	12709888	5939200	python3*1 
2026-09-25T09:20:11+04:00	ck4r2-whole-1m	1	2544709	2544614	45	19050307584	1915617280	python3*36 pt_gloo_runloop*2 ZMQbg/Reaper*2 ZMQbg/IO/0*2 pt_tcpstore_uv*1 cuda0000240000a*1 
2026-09-25T09:20:11+04:00	ck4r2-whole-1m	1	2544710	2544614	57	1047232512	778993664	python3*49 ZMQbg/Reaper*4 ZMQbg/IO/0*4 
2026-09-25T09:20:21+04:00	ck4r2-whole-1m	1	2544598	488	2	24211456	6037504	uv*1 main2*1 
2026-09-25T09:20:21+04:00	ck4r2-whole-1m	1	2544614	2544598	57	1132597248	855367680	ft*51 ZMQbg/Reaper*3 ZMQbg/IO/0*3 
2026-09-25T09:20:21+04:00	ck4r2-whole-1m	1	2544708	2544614	1	12709888	5939200	python3*1 
2026-09-25T09:20:21+04:00	ck4r2-whole-1m	1	2544709	2544614	45	19050307584	1915617280	python3*36 pt_gloo_runloop*2 ZMQbg/Reaper*2 ZMQbg/IO/0*2 pt_tcpstore_uv*1 cuda0000240000a*1 
2026-09-25T09:20:21+04:00	ck4r2-whole-1m	1	2544710	2544614	57	1047232512	778993664	python3*49 ZMQbg/Reaper*4 ZMQbg/IO/0*4 
2026-09-25T09:20:31+04:00	ck4r2-whole-1m	1	2544598	488	2	24211456	6037504	uv*1 main2*1 
2026-09-25T09:20:31+04:00	ck4r2-whole-1m	1	2544614	2544598	57	1132597248	855367680	ft*51 ZMQbg/Reaper*3 ZMQbg/IO/0*3 
2026-09-25T09:20:31+04:00	ck4r2-whole-1m	1	2544708	2544614	1	12709888	5939200	python3*1 
2026-09-25T09:20:31+04:00	ck4r2-whole-1m	1	2544709	2544614	45	19050307584	1915617280	python3*36 pt_gloo_runloop*2 ZMQbg/Reaper*2 ZMQbg/IO/0*2 pt_tcpstore_uv*1 cuda0000240000a*1 
2026-09-25T09:20:32+04:00	ck4r2-whole-1m	1	2544710	2544614	57	1047232512	778993664	python3*49 ZMQbg/Reaper*4 ZMQbg/IO/0*4 
2026-09-25T09:20:42+04:00	ck4r2-whole-1m	1	2544598	488	2	24211456	6037504	uv*1 main2*1 
2026-09-25T09:20:42+04:00	ck4r2-whole-1m	1	2544614	2544598	57	1132597248	855367680	ft*51 ZMQbg/Reaper*3 ZMQbg/IO/0*3 
2026-09-25T09:20:42+04:00	ck4r2-whole-1m	1	2544708	2544614	1	12709888	5939200	python3*1 
2026-09-25T09:20:42+04:00	ck4r2-whole-1m	1	2544709	2544614	45	19050307584	1915617280	python3*36 pt_gloo_runloop*2 ZMQbg/Reaper*2 ZMQbg/IO/0*2 pt_tcpstore_uv*1 cuda0000240000a*1 
2026-09-25T09:20:42+04:00	ck4r2-whole-1m	1	2544710	2544614	57	1047232512	778993664	python3*49 ZMQbg/Reaper*4 ZMQbg/IO/0*4 
2026-09-25T09:20:52+04:00	ck4r2-whole-1m	1	2544598	488	2	24203264	6037504	uv*1 main2*1 
2026-09-25T09:20:52+04:00	ck4r2-whole-1m	1	2544614	2544598	57	1101635584	855367680	ft*51 ZMQbg/Reaper*3 ZMQbg/IO/0*3 
2026-09-25T09:20:52+04:00	ck4r2-whole-1m	1	2544708	2544614	1	12709888	5939200	python3*1 
2026-09-25T09:20:52+04:00	ck4r2-whole-1m	1	2544709	2544614	45	19008016384	1915617280	python3*36 pt_gloo_runloop*2 ZMQbg/Reaper*2 ZMQbg/IO/0*2 pt_tcpstore_uv*1 cuda0000240000a*1 
2026-09-25T09:20:52+04:00	ck4r2-whole-1m	1	2544710	2544614	57	1016438784	778993664	python3*49 ZMQbg/Reaper*4 ZMQbg/IO/0*4 
2026-09-25T09:21:02+04:00	ck4r2-whole-1m	1	2544598	488	2	24039424	6037504	uv*1 main2*1 
2026-09-25T09:21:02+04:00	ck4r2-whole-1m	1	2544614	2544598	57	1092648960	855367680	ft*51 ZMQbg/Reaper*3 ZMQbg/IO/0*3 
2026-09-25T09:21:02+04:00	ck4r2-whole-1m	1	2544708	2544614	1	12709888	5939200	python3*1 
2026-09-25T09:21:02+04:00	ck4r2-whole-1m	1	2544709	2544614	45	18991579136	1915617280	python3*36 pt_gloo_runloop*2 ZMQbg/Reaper*2 ZMQbg/IO/0*2 pt_tcpstore_uv*1 cuda0000240000a*1 
2026-09-25T09:21:02+04:00	ck4r2-whole-1m	1	2544710	2544614	57	1007955968	778993664	python3*49 ZMQbg/Reaper*4 ZMQbg/IO/0*4 
2026-09-25T09:21:13+04:00	ck4r2-whole-1m	1	2544598	488	2	24039424	6037504	uv*1 main2*1 
2026-09-25T09:21:13+04:00	ck4r2-whole-1m	1	2544614	2544598	57	1092648960	855367680	ft*51 ZMQbg/Reaper*3 ZMQbg/IO/0*3 
2026-09-25T09:21:13+04:00	ck4r2-whole-1m	1	2544708	2544614	1	12709888	5939200	python3*1 
2026-09-25T09:21:13+04:00	ck4r2-whole-1m	1	2544709	2544614	45	18991579136	1915617280	python3*36 pt_gloo_runloop*2 ZMQbg/Reaper*2 ZMQbg/IO/0*2 pt_tcpstore_uv*1 cuda0000240000a*1 
2026-09-25T09:21:13+04:00	ck4r2-whole-1m	1	2544710	2544614	57	1007955968	778993664	python3*49 ZMQbg/Reaper*4 ZMQbg/IO/0*4 
2026-09-25T09:21:23+04:00	ck4r2-whole-1m	1	2544598	488	2	24039424	6037504	uv*1 main2*1 
2026-09-25T09:21:23+04:00	ck4r2-whole-1m	1	2544614	2544598	57	1092648960	855367680	ft*51 ZMQbg/Reaper*3 ZMQbg/IO/0*3 
2026-09-25T09:21:23+04:00	ck4r2-whole-1m	1	2544708	2544614	1	12709888	5939200	python3*1 
2026-09-25T09:21:23+04:00	ck4r2-whole-1m	1	2544709	2544614	45	18991579136	1915617280	python3*36 pt_gloo_runloop*2 ZMQbg/Reaper*2 ZMQbg/IO/0*2 pt_tcpstore_uv*1 cuda0000240000a*1 
2026-09-25T09:21:23+04:00	ck4r2-whole-1m	1	2544710	2544614	57	1007955968	778993664	python3*49 ZMQbg/Reaper*4 ZMQbg/IO/0*4 
2026-09-25T09:21:33+04:00	ck4r2-whole-1m	1	2544598	488	2	24039424	6037504	uv*1 main2*1 
2026-09-25T09:21:33+04:00	ck4r2-whole-1m	1	2544614	2544598	57	1092648960	855367680	ft*51 ZMQbg/Reaper*3 ZMQbg/IO/0*3 
2026-09-25T09:21:33+04:00	ck4r2-whole-1m	1	2544708	2544614	1	12709888	5939200	python3*1 
2026-09-25T09:21:33+04:00	ck4r2-whole-1m	1	2544709	2544614	45	18991579136	1915617280	python3*36 pt_gloo_runloop*2 ZMQbg/Reaper*2 ZMQbg/IO/0*2 pt_tcpstore_uv*1 cuda0000240000a*1 
2026-09-25T09:21:33+04:00	ck4r2-whole-1m	1	2544710	2544614	57	1007955968	778993664	python3*49 ZMQbg/Reaper*4 ZMQbg/IO/0*4 
2026-09-25T09:21:43+04:00	ck4r2-whole-1m	1	2544598	488	2	24039424	6037504	uv*1 main2*1 
2026-09-25T09:21:43+04:00	ck4r2-whole-1m	1	2544614	2544598	57	1087086592	855367680	ft*51 ZMQbg/Reaper*3 ZMQbg/IO/0*3 
2026-09-25T09:21:43+04:00	ck4r2-whole-1m	1	2544708	2544614	1	12705792	5939200	python3*1 
2026-09-25T09:21:43+04:00	ck4r2-whole-1m	1	2544709	2544614	45	18983919616	1915617280	python3*36 pt_gloo_runloop*2 ZMQbg/Reaper*2 ZMQbg/IO/0*2 pt_tcpstore_uv*1 cuda0000240000a*1 
2026-09-25T09:21:44+04:00	ck4r2-whole-1m	1	2544710	2544614	57	1002553344	778993664	python3*49 ZMQbg/Reaper*4 ZMQbg/IO/0*4 
2026-09-25T09:21:54+04:00	ck4r2-whole-1m	1	2544598	488	2	23744512	6037504	uv*1 main2*1 
2026-09-25T09:21:54+04:00	ck4r2-whole-1m	1	2544614	2544598	57	1085698048	855367680	ft*51 ZMQbg/Reaper*3 ZMQbg/IO/0*3 
2026-09-25T09:21:54+04:00	ck4r2-whole-1m	1	2544708	2544614	1	12705792	5939200	python3*1 
2026-09-25T09:21:54+04:00	ck4r2-whole-1m	1	2544709	2544614	45	18981064704	1915617280	python3*36 pt_gloo_runloop*2 ZMQbg/Reaper*2 ZMQbg/IO/0*2 pt_tcpstore_uv*1 cuda0000240000a*1 
2026-09-25T09:21:54+04:00	ck4r2-whole-1m	1	2544710	2544614	57	1001250816	778993664	python3*49 ZMQbg/Reaper*4 ZMQbg/IO/0*4 
2026-09-25T09:22:04+04:00	ck4r2-whole-1m	1	2544598	488	2	23744512	6037504	uv*1 main2*1 
2026-09-25T09:22:04+04:00	ck4r2-whole-1m	1	2544614	2544598	57	1085698048	855367680	ft*51 ZMQbg/Reaper*3 ZMQbg/IO/0*3 
2026-09-25T09:22:04+04:00	ck4r2-whole-1m	1	2544708	2544614	1	12705792	5939200	python3*1 
2026-09-25T09:22:04+04:00	ck4r2-whole-1m	1	2544709	2544614	45	18981064704	1915617280	python3*36 pt_gloo_runloop*2 ZMQbg/Reaper*2 ZMQbg/IO/0*2 pt_tcpstore_uv*1 cuda0000240000a*1 
2026-09-25T09:22:04+04:00	ck4r2-whole-1m	1	2544710	2544614	57	1001250816	778993664	python3*49 ZMQbg/Reaper*4 ZMQbg/IO/0*4 
2026-09-25T09:22:14+04:00	ck4r2-whole-1m	1	2544598	488	2	23744512	6037504	uv*1 main2*1 
2026-09-25T09:22:14+04:00	ck4r2-whole-1m	1	2544614	2544598	57	1085698048	855367680	ft*51 ZMQbg/Reaper*3 ZMQbg/IO/0*3 
2026-09-25T09:22:14+04:00	ck4r2-whole-1m	1	2544708	2544614	1	12705792	5939200	python3*1 
2026-09-25T09:22:14+04:00	ck4r2-whole-1m	1	2544709	2544614	45	18981064704	1915617280	python3*36 pt_gloo_runloop*2 ZMQbg/Reaper*2 ZMQbg/IO/0*2 pt_tcpstore_uv*1 cuda0000240000a*1 
2026-09-25T09:22:15+04:00	ck4r2-whole-1m	1	2544710	2544614	57	1001250816	778993664	python3*49 ZMQbg/Reaper*4 ZMQbg/IO/0*4 
2026-09-25T09:22:25+04:00	ck4r2-whole-1m	3	2544598	488	2	23744512	6037504	uv*1 main2*1 
2026-09-25T09:22:25+04:00	ck4r2-whole-1m	3	2544614	2544598	57	1288810496	1084084224	ft*51 ZMQbg/Reaper*3 ZMQbg/IO/0*3 
2026-09-25T09:22:25+04:00	ck4r2-whole-1m	3	2544708	2544614	1	12705792	5939200	python3*1 
2026-09-25T09:22:25+04:00	ck4r2-whole-1m	3	2544709	2544614	45	18982584320	1915760640	python3*36 pt_gloo_runloop*2 ZMQbg/Reaper*2 ZMQbg/IO/0*2 pt_tcpstore_uv*1 cuda0000240000a*1 
2026-09-25T09:22:25+04:00	ck4r2-whole-1m	3	2544710	2544614	57	866349056	643801088	python3*49 ZMQbg/Reaper*4 ZMQbg/IO/0*4 
2026-09-25T09:22:35+04:00	ck4r2-whole-1m	3	2544598	488	2	23744512	6037504	uv*1 main2*1 
2026-09-25T09:22:35+04:00	ck4r2-whole-1m	3	2544614	2544598	57	1194799104	964177920	ft*51 ZMQbg/Reaper*3 ZMQbg/IO/0*3 
2026-09-25T09:22:35+04:00	ck4r2-whole-1m	3	2544708	2544614	1	12705792	5939200	python3*1 
2026-09-25T09:22:35+04:00	ck4r2-whole-1m	3	2544709	2544614	45	18982584320	1915760640	python3*36 pt_gloo_runloop*2 ZMQbg/Reaper*2 ZMQbg/IO/0*2 pt_tcpstore_uv*1 cuda0000240000a*1 
2026-09-25T09:22:36+04:00	ck4r2-whole-1m	3	2544710	2544614	57	1232953344	1010405376	python3*49 ZMQbg/Reaper*4 ZMQbg/IO/0*4 
2026-09-25T09:22:46+04:00	ck4r2-whole-1m	3	2544598	488	2	23744512	6037504	uv*1 main2*1 
2026-09-25T09:22:46+04:00	ck4r2-whole-1m	3	2544614	2544598	57	1194799104	964177920	ft*51 ZMQbg/Reaper*3 ZMQbg/IO/0*3 
2026-09-25T09:22:46+04:00	ck4r2-whole-1m	3	2544708	2544614	1	12705792	5939200	python3*1 
2026-09-25T09:22:46+04:00	ck4r2-whole-1m	3	2544709	2544614	45	18982584320	1915760640	python3*36 pt_gloo_runloop*2 ZMQbg/Reaper*2 ZMQbg/IO/0*2 pt_tcpstore_uv*1 cuda0000240000a*1 
2026-09-25T09:22:46+04:00	ck4r2-whole-1m	3	2544710	2544614	57	1232953344	1010405376	python3*49 ZMQbg/Reaper*4 ZMQbg/IO/0*4 
2026-09-25T09:22:56+04:00	ck4r2-whole-1m	3	2544598	488	2	23744512	6037504	uv*1 main2*1 
2026-09-25T09:22:56+04:00	ck4r2-whole-1m	3	2544614	2544598	57	1194799104	964177920	ft*51 ZMQbg/Reaper*3 ZMQbg/IO/0*3 
2026-09-25T09:22:56+04:00	ck4r2-whole-1m	3	2544708	2544614	1	12705792	5939200	python3*1 
2026-09-25T09:22:56+04:00	ck4r2-whole-1m	3	2544709	2544614	45	18982584320	1915760640	python3*36 pt_gloo_runloop*2 ZMQbg/Reaper*2 ZMQbg/IO/0*2 pt_tcpstore_uv*1 cuda0000240000a*1 
2026-09-25T09:22:56+04:00	ck4r2-whole-1m	3	2544710	2544614	57	1232953344	1010405376	python3*49 ZMQbg/Reaper*4 ZMQbg/IO/0*4 
2026-09-25T09:23:06+04:00	ck4r2-whole-1m	3	2544598	488	2	23744512	6037504	uv*1 main2*1 
2026-09-25T09:23:06+04:00	ck4r2-whole-1m	3	2544614	2544598	57	1194799104	964177920	ft*51 ZMQbg/Reaper*3 ZMQbg/IO/0*3 
2026-09-25T09:23:06+04:00	ck4r2-whole-1m	3	2544708	2544614	1	12705792	5939200	python3*1 
2026-09-25T09:23:06+04:00	ck4r2-whole-1m	3	2544709	2544614	45	18982584320	1915760640	python3*36 pt_gloo_runloop*2 ZMQbg/Reaper*2 ZMQbg/IO/0*2 pt_tcpstore_uv*1 cuda0000240000a*1 
2026-09-25T09:23:06+04:00	ck4r2-whole-1m	3	2544710	2544614	57	1232953344	1010405376	python3*49 ZMQbg/Reaper*4 ZMQbg/IO/0*4 
2026-09-25T09:23:17+04:00	ck4r2-whole-1m	3	2544598	488	2	23744512	6037504	uv*1 main2*1 
2026-09-25T09:23:17+04:00	ck4r2-whole-1m	3	2544614	2544598	57	1194799104	964177920	ft*51 ZMQbg/Reaper*3 ZMQbg/IO/0*3 
2026-09-25T09:23:17+04:00	ck4r2-whole-1m	3	2544708	2544614	1	12705792	5939200	python3*1 
2026-09-25T09:23:17+04:00	ck4r2-whole-1m	3	2544709	2544614	45	18982584320	1915760640	python3*36 pt_gloo_runloop*2 ZMQbg/Reaper*2 ZMQbg/IO/0*2 pt_tcpstore_uv*1 cuda0000240000a*1 
2026-09-25T09:23:17+04:00	ck4r2-whole-1m	3	2544710	2544614	57	1232953344	1010405376	python3*49 ZMQbg/Reaper*4 ZMQbg/IO/0*4 
2026-09-25T09:23:27+04:00	ck4r2-whole-1m	3	2544598	488	2	23744512	6037504	uv*1 main2*1 
2026-09-25T09:23:27+04:00	ck4r2-whole-1m	3	2544614	2544598	57	1194799104	964177920	ft*51 ZMQbg/Reaper*3 ZMQbg/IO/0*3 
2026-09-25T09:23:27+04:00	ck4r2-whole-1m	3	2544708	2544614	1	12705792	5939200	python3*1 
2026-09-25T09:23:27+04:00	ck4r2-whole-1m	3	2544709	2544614	45	18982584320	1915760640	python3*36 pt_gloo_runloop*2 ZMQbg/Reaper*2 ZMQbg/IO/0*2 pt_tcpstore_uv*1 cuda0000240000a*1 
2026-09-25T09:23:27+04:00	ck4r2-whole-1m	3	2544710	2544614	57	1232953344	1010405376	python3*49 ZMQbg/Reaper*4 ZMQbg/IO/0*4 
2026-09-25T09:23:37+04:00	ck4r2-whole-1m	3	2544598	488	2	23744512	6037504	uv*1 main2*1 
2026-09-25T09:23:37+04:00	ck4r2-whole-1m	3	2544614	2544598	57	1194799104	964177920	ft*51 ZMQbg/Reaper*3 ZMQbg/IO/0*3 
2026-09-25T09:23:37+04:00	ck4r2-whole-1m	3	2544708	2544614	1	12705792	5939200	python3*1 
2026-09-25T09:23:37+04:00	ck4r2-whole-1m	3	2544709	2544614	45	18982584320	1915760640	python3*36 pt_gloo_runloop*2 ZMQbg/Reaper*2 ZMQbg/IO/0*2 pt_tcpstore_uv*1 cuda0000240000a*1 
2026-09-25T09:23:37+04:00	ck4r2-whole-1m	3	2544710	2544614	57	1232953344	1010405376	python3*49 ZMQbg/Reaper*4 ZMQbg/IO/0*4 
2026-09-25T09:23:47+04:00	ck4r2-whole-1m	3	2544598	488	2	23744512	6037504	uv*1 main2*1 
2026-09-25T09:23:47+04:00	ck4r2-whole-1m	3	2544614	2544598	57	1194799104	964177920	ft*51 ZMQbg/Reaper*3 ZMQbg/IO/0*3 
2026-09-25T09:23:48+04:00	ck4r2-whole-1m	3	2544708	2544614	1	12705792	5939200	python3*1 
2026-09-25T09:23:48+04:00	ck4r2-whole-1m	3	2544709	2544614	45	18982584320	1915760640	python3*36 pt_gloo_runloop*2 ZMQbg/Reaper*2 ZMQbg/IO/0*2 pt_tcpstore_uv*1 cuda0000240000a*1 
2026-09-25T09:23:48+04:00	ck4r2-whole-1m	3	2544710	2544614	57	1232953344	1010405376	python3*49 ZMQbg/Reaper*4 ZMQbg/IO/0*4 
2026-09-25T09:23:58+04:00	ck4r2-whole-1m	3	2544598	488	2	23744512	6037504	uv*1 main2*1 
2026-09-25T09:23:58+04:00	ck4r2-whole-1m	3	2544614	2544598	57	1194799104	964177920	ft*51 ZMQbg/Reaper*3 ZMQbg/IO/0*3 
2026-09-25T09:23:58+04:00	ck4r2-whole-1m	3	2544708	2544614	1	12705792	5939200	python3*1 
2026-09-25T09:23:58+04:00	ck4r2-whole-1m	3	2544709	2544614	45	18982584320	1915760640	python3*36 pt_gloo_runloop*2 ZMQbg/Reaper*2 ZMQbg/IO/0*2 pt_tcpstore_uv*1 cuda0000240000a*1 
2026-09-25T09:23:58+04:00	ck4r2-whole-1m	3	2544710	2544614	57	1232953344	1010405376	python3*49 ZMQbg/Reaper*4 ZMQbg/IO/0*4 
2026-09-25T09:24:08+04:00	ck4r2-whole-1m	3	2544598	488	2	23744512	6037504	uv*1 main2*1 
2026-09-25T09:24:08+04:00	ck4r2-whole-1m	3	2544614	2544598	57	1194799104	964177920	ft*51 ZMQbg/Reaper*3 ZMQbg/IO/0*3 
2026-09-25T09:24:08+04:00	ck4r2-whole-1m	3	2544708	2544614	1	12705792	5939200	python3*1 
2026-09-25T09:24:08+04:00	ck4r2-whole-1m	3	2544709	2544614	45	18982584320	1915760640	python3*36 pt_gloo_runloop*2 ZMQbg/Reaper*2 ZMQbg/IO/0*2 pt_tcpstore_uv*1 cuda0000240000a*1 
2026-09-25T09:24:08+04:00	ck4r2-whole-1m	3	2544710	2544614	57	1232953344	1010405376	python3*49 ZMQbg/Reaper*4 ZMQbg/IO/0*4 
2026-09-25T09:24:18+04:00	ck4r2-whole-1m	3	2544598	488	2	23744512	6037504	uv*1 main2*1 
2026-09-25T09:24:18+04:00	ck4r2-whole-1m	3	2544614	2544598	57	1194799104	964177920	ft*51 ZMQbg/Reaper*3 ZMQbg/IO/0*3 
2026-09-25T09:24:19+04:00	ck4r2-whole-1m	3	2544708	2544614	1	12705792	5939200	python3*1 
2026-09-25T09:24:19+04:00	ck4r2-whole-1m	3	2544709	2544614	45	18982584320	1915760640	python3*36 pt_gloo_runloop*2 ZMQbg/Reaper*2 ZMQbg/IO/0*2 pt_tcpstore_uv*1 cuda0000240000a*1 
2026-09-25T09:24:19+04:00	ck4r2-whole-1m	3	2544710	2544614	57	1232953344	1010405376	python3*49 ZMQbg/Reaper*4 ZMQbg/IO/0*4 
2026-09-25T09:24:29+04:00	ck4r2-whole-1m	3	2544598	488	2	23744512	6037504	uv*1 main2*1 
2026-09-25T09:24:29+04:00	ck4r2-whole-1m	3	2544614	2544598	57	1194799104	964177920	ft*51 ZMQbg/Reaper*3 ZMQbg/IO/0*3 
2026-09-25T09:24:29+04:00	ck4r2-whole-1m	3	2544708	2544614	1	12705792	5939200	python3*1 
2026-09-25T09:24:29+04:00	ck4r2-whole-1m	3	2544709	2544614	45	18982584320	1915760640	python3*36 pt_gloo_runloop*2 ZMQbg/Reaper*2 ZMQbg/IO/0*2 pt_tcpstore_uv*1 cuda0000240000a*1 
2026-09-25T09:24:29+04:00	ck4r2-whole-1m	3	2544710	2544614	57	1232953344	1010405376	python3*49 ZMQbg/Reaper*4 ZMQbg/IO/0*4 
2026-09-25T09:24:39+04:00	ck4r2-whole-1m	3	2544598	488	2	23744512	6037504	uv*1 main2*1 
2026-09-25T09:24:39+04:00	ck4r2-whole-1m	3	2544614	2544598	57	1194799104	964177920	ft*51 ZMQbg/Reaper*3 ZMQbg/IO/0*3 
2026-09-25T09:24:39+04:00	ck4r2-whole-1m	3	2544708	2544614	1	12705792	5939200	python3*1 
2026-09-25T09:24:39+04:00	ck4r2-whole-1m	3	2544709	2544614	45	18982584320	1915760640	python3*36 pt_gloo_runloop*2 ZMQbg/Reaper*2 ZMQbg/IO/0*2 pt_tcpstore_uv*1 cuda0000240000a*1 
2026-09-25T09:24:39+04:00	ck4r2-whole-1m	3	2544710	2544614	57	1232953344	1010405376	python3*49 ZMQbg/Reaper*4 ZMQbg/IO/0*4 
2026-09-25T09:24:49+04:00	ck4r2-whole-1m	3	2544598	488	2	23744512	6037504	uv*1 main2*1 
2026-09-25T09:24:49+04:00	ck4r2-whole-1m	3	2544614	2544598	57	1194799104	964177920	ft*51 ZMQbg/Reaper*3 ZMQbg/IO/0*3 
2026-09-25T09:24:49+04:00	ck4r2-whole-1m	3	2544708	2544614	1	12705792	5939200	python3*1 
2026-09-25T09:24:49+04:00	ck4r2-whole-1m	3	2544709	2544614	45	18982584320	1915760640	python3*36 pt_gloo_runloop*2 ZMQbg/Reaper*2 ZMQbg/IO/0*2 pt_tcpstore_uv*1 cuda0000240000a*1 
2026-09-25T09:24:50+04:00	ck4r2-whole-1m	3	2544710	2544614	57	1232953344	1010405376	python3*49 ZMQbg/Reaper*4 ZMQbg/IO/0*4 
2026-09-25T09:25:00+04:00	ck4r2-whole-1m	3	2544598	488	2	23744512	6037504	uv*1 main2*1 
2026-09-25T09:25:00+04:00	ck4r2-whole-1m	3	2544614	2544598	57	1194799104	964177920	ft*51 ZMQbg/Reaper*3 ZMQbg/IO/0*3 
2026-09-25T09:25:00+04:00	ck4r2-whole-1m	3	2544708	2544614	1	12705792	5939200	python3*1 
2026-09-25T09:25:00+04:00	ck4r2-whole-1m	3	2544709	2544614	45	18982584320	1915760640	python3*36 pt_gloo_runloop*2 ZMQbg/Reaper*2 ZMQbg/IO/0*2 pt_tcpstore_uv*1 cuda0000240000a*1 
2026-09-25T09:25:00+04:00	ck4r2-whole-1m	3	2544710	2544614	57	1232953344	1010405376	python3*49 ZMQbg/Reaper*4 ZMQbg/IO/0*4 
2026-09-25T09:25:10+04:00	ck4r2-whole-1m	3	2544598	488	2	23744512	6037504	uv*1 main2*1 
2026-09-25T09:25:10+04:00	ck4r2-whole-1m	3	2544614	2544598	57	1194799104	964177920	ft*51 ZMQbg/Reaper*3 ZMQbg/IO/0*3 
2026-09-25T09:25:10+04:00	ck4r2-whole-1m	3	2544708	2544614	1	12705792	5939200	python3*1 
2026-09-25T09:25:10+04:00	ck4r2-whole-1m	3	2544709	2544614	45	18982584320	1915760640	python3*36 pt_gloo_runloop*2 ZMQbg/Reaper*2 ZMQbg/IO/0*2 pt_tcpstore_uv*1 cuda0000240000a*1 
2026-09-25T09:25:10+04:00	ck4r2-whole-1m	3	2544710	2544614	57	1232953344	1010405376	python3*49 ZMQbg/Reaper*4 ZMQbg/IO/0*4 
2026-09-25T09:25:20+04:00	ck4r2-whole-1m	3	2544598	488	2	23744512	6037504	uv*1 main2*1 
2026-09-25T09:25:20+04:00	ck4r2-whole-1m	3	2544614	2544598	57	1194799104	964177920	ft*51 ZMQbg/Reaper*3 ZMQbg/IO/0*3 
2026-09-25T09:25:20+04:00	ck4r2-whole-1m	3	2544708	2544614	1	12705792	5939200	python3*1 
2026-09-25T09:25:20+04:00	ck4r2-whole-1m	3	2544709	2544614	45	18982584320	1915760640	python3*36 pt_gloo_runloop*2 ZMQbg/Reaper*2 ZMQbg/IO/0*2 pt_tcpstore_uv*1 cuda0000240000a*1 
2026-09-25T09:25:20+04:00	ck4r2-whole-1m	3	2544710	2544614	57	1232953344	1010405376	python3*49 ZMQbg/Reaper*4 ZMQbg/IO/0*4 
2026-09-25T09:25:30+04:00	ck4r2-whole-1m	3	2544598	488	2	23744512	6037504	uv*1 main2*1 
2026-09-25T09:25:30+04:00	ck4r2-whole-1m	3	2544614	2544598	57	1194799104	964177920	ft*51 ZMQbg/Reaper*3 ZMQbg/IO/0*3 
2026-09-25T09:25:30+04:00	ck4r2-whole-1m	3	2544708	2544614	1	12705792	5939200	python3*1 
2026-09-25T09:25:31+04:00	ck4r2-whole-1m	3	2544709	2544614	45	18982584320	1915760640	python3*36 pt_gloo_runloop*2 ZMQbg/Reaper*2 ZMQbg/IO/0*2 pt_tcpstore_uv*1 cuda0000240000a*1 
2026-09-25T09:25:31+04:00	ck4r2-whole-1m	3	2544710	2544614	57	1232953344	1010405376	python3*49 ZMQbg/Reaper*4 ZMQbg/IO/0*4 
2026-09-25T09:25:41+04:00	ck4r2-whole-1m	3	2544598	488	2	23744512	6037504	uv*1 main2*1 
2026-09-25T09:25:41+04:00	ck4r2-whole-1m	3	2544614	2544598	57	1194799104	964177920	ft*51 ZMQbg/Reaper*3 ZMQbg/IO/0*3 
2026-09-25T09:25:41+04:00	ck4r2-whole-1m	3	2544708	2544614	1	12705792	5939200	python3*1 
2026-09-25T09:25:41+04:00	ck4r2-whole-1m	3	2544709	2544614	45	18982584320	1915760640	python3*36 pt_gloo_runloop*2 ZMQbg/Reaper*2 ZMQbg/IO/0*2 pt_tcpstore_uv*1 cuda0000240000a*1 
2026-09-25T09:25:41+04:00	ck4r2-whole-1m	3	2544710	2544614	57	1232953344	1010405376	python3*49 ZMQbg/Reaper*4 ZMQbg/IO/0*4 
2026-09-25T09:25:51+04:00	ck4r2-whole-1m	3	2544598	488	2	23744512	6037504	uv*1 main2*1 
2026-09-25T09:25:51+04:00	ck4r2-whole-1m	3	2544614	2544598	57	1194799104	964177920	ft*51 ZMQbg/Reaper*3 ZMQbg/IO/0*3 
2026-09-25T09:25:51+04:00	ck4r2-whole-1m	3	2544708	2544614	1	12705792	5939200	python3*1 
2026-09-25T09:25:51+04:00	ck4r2-whole-1m	3	2544709	2544614	45	18982584320	1915760640	python3*36 pt_gloo_runloop*2 ZMQbg/Reaper*2 ZMQbg/IO/0*2 pt_tcpstore_uv*1 cuda0000240000a*1 
2026-09-25T09:25:51+04:00	ck4r2-whole-1m	3	2544710	2544614	57	1232953344	1010405376	python3*49 ZMQbg/Reaper*4 ZMQbg/IO/0*4 
2026-09-25T09:26:01+04:00	ck4r2-whole-1m	3	2544598	488	2	23744512	6037504	uv*1 main2*1 
2026-09-25T09:26:01+04:00	ck4r2-whole-1m	3	2544614	2544598	57	1194799104	964177920	ft*51 ZMQbg/Reaper*3 ZMQbg/IO/0*3 
2026-09-25T09:26:01+04:00	ck4r2-whole-1m	3	2544708	2544614	1	12705792	5939200	python3*1 
2026-09-25T09:26:01+04:00	ck4r2-whole-1m	3	2544709	2544614	45	18982584320	1915760640	python3*36 pt_gloo_runloop*2 ZMQbg/Reaper*2 ZMQbg/IO/0*2 pt_tcpstore_uv*1 cuda0000240000a*1 
2026-09-25T09:26:02+04:00	ck4r2-whole-1m	3	2544710	2544614	57	1232953344	1010405376	python3*49 ZMQbg/Reaper*4 ZMQbg/IO/0*4 
2026-09-25T09:26:12+04:00	ck4r2-whole-1m	3	2544598	488	2	23744512	6037504	uv*1 main2*1 
2026-09-25T09:26:12+04:00	ck4r2-whole-1m	3	2544614	2544598	57	1194799104	964177920	ft*51 ZMQbg/Reaper*3 ZMQbg/IO/0*3 
2026-09-25T09:26:12+04:00	ck4r2-whole-1m	3	2544708	2544614	1	12705792	5939200	python3*1 
2026-09-25T09:26:12+04:00	ck4r2-whole-1m	3	2544709	2544614	45	18982584320	1915760640	python3*36 pt_gloo_runloop*2 ZMQbg/Reaper*2 ZMQbg/IO/0*2 pt_tcpstore_uv*1 cuda0000240000a*1 
2026-09-25T09:26:12+04:00	ck4r2-whole-1m	3	2544710	2544614	57	1232953344	1010405376	python3*49 ZMQbg/Reaper*4 ZMQbg/IO/0*4 
2026-09-25T09:26:22+04:00	ck4r2-whole-1m	3	2544598	488	2	23744512	6037504	uv*1 main2*1 
2026-09-25T09:26:22+04:00	ck4r2-whole-1m	3	2544614	2544598	57	1194799104	964177920	ft*51 ZMQbg/Reaper*3 ZMQbg/IO/0*3 
2026-09-25T09:26:22+04:00	ck4r2-whole-1m	3	2544708	2544614	1	12705792	5939200	python3*1 
2026-09-25T09:26:22+04:00	ck4r2-whole-1m	3	2544709	2544614	45	18982584320	1915760640	python3*36 pt_gloo_runloop*2 ZMQbg/Reaper*2 ZMQbg/IO/0*2 pt_tcpstore_uv*1 cuda0000240000a*1 
2026-09-25T09:26:22+04:00	ck4r2-whole-1m	3	2544710	2544614	57	1232953344	1010405376	python3*49 ZMQbg/Reaper*4 ZMQbg/IO/0*4 
2026-09-25T09:26:32+04:00	ck4r2-whole-1m	3	2544598	488	2	23744512	6037504	uv*1 main2*1 
2026-09-25T09:26:32+04:00	ck4r2-whole-1m	3	2544614	2544598	57	1194799104	964177920	ft*51 ZMQbg/Reaper*3 ZMQbg/IO/0*3 
2026-09-25T09:26:32+04:00	ck4r2-whole-1m	3	2544708	2544614	1	12705792	5939200	python3*1 
2026-09-25T09:26:32+04:00	ck4r2-whole-1m	3	2544709	2544614	45	18982584320	1915760640	python3*36 pt_gloo_runloop*2 ZMQbg/Reaper*2 ZMQbg/IO/0*2 pt_tcpstore_uv*1 cuda0000240000a*1 
2026-09-25T09:26:32+04:00	ck4r2-whole-1m	3	2544710	2544614	57	1232953344	1010405376	python3*49 ZMQbg/Reaper*4 ZMQbg/IO/0*4 
2026-09-25T09:26:42+04:00	ck4r2-whole-1m	3	2544598	488	2	23744512	6037504	uv*1 main2*1 
2026-09-25T09:26:42+04:00	ck4r2-whole-1m	3	2544614	2544598	57	1194799104	964177920	ft*51 ZMQbg/Reaper*3 ZMQbg/IO/0*3 
2026-09-25T09:26:42+04:00	ck4r2-whole-1m	3	2544708	2544614	1	12705792	5939200	python3*1 
2026-09-25T09:26:42+04:00	ck4r2-whole-1m	3	2544709	2544614	45	18982584320	1915760640	python3*36 pt_gloo_runloop*2 ZMQbg/Reaper*2 ZMQbg/IO/0*2 pt_tcpstore_uv*1 cuda0000240000a*1 
2026-09-25T09:26:43+04:00	ck4r2-whole-1m	3	2544710	2544614	57	1232953344	1010405376	python3*49 ZMQbg/Reaper*4 ZMQbg/IO/0*4 
2026-09-25T09:26:53+04:00	ck4r2-whole-1m	3	2544598	488	2	23744512	6037504	uv*1 main2*1 
2026-09-25T09:26:53+04:00	ck4r2-whole-1m	3	2544614	2544598	57	1194799104	964177920	ft*51 ZMQbg/Reaper*3 ZMQbg/IO/0*3 
2026-09-25T09:26:53+04:00	ck4r2-whole-1m	3	2544708	2544614	1	12705792	5939200	python3*1 
2026-09-25T09:26:53+04:00	ck4r2-whole-1m	3	2544709	2544614	45	18982584320	1915760640	python3*36 pt_gloo_runloop*2 ZMQbg/Reaper*2 ZMQbg/IO/0*2 pt_tcpstore_uv*1 cuda0000240000a*1 
2026-09-25T09:26:53+04:00	ck4r2-whole-1m	3	2544710	2544614	57	1232953344	1010405376	python3*49 ZMQbg/Reaper*4 ZMQbg/IO/0*4 
2026-09-25T09:27:03+04:00	ck4r2-whole-1m	3	2544598	488	2	23744512	6037504	uv*1 main2*1 
2026-09-25T09:27:03+04:00	ck4r2-whole-1m	3	2544614	2544598	57	1194799104	964177920	ft*51 ZMQbg/Reaper*3 ZMQbg/IO/0*3 
2026-09-25T09:27:03+04:00	ck4r2-whole-1m	3	2544708	2544614	1	12705792	5939200	python3*1 
2026-09-25T09:27:03+04:00	ck4r2-whole-1m	3	2544709	2544614	45	18982584320	1915760640	python3*36 pt_gloo_runloop*2 ZMQbg/Reaper*2 ZMQbg/IO/0*2 pt_tcpstore_uv*1 cuda0000240000a*1 
2026-09-25T09:27:03+04:00	ck4r2-whole-1m	3	2544710	2544614	57	1232953344	1010405376	python3*49 ZMQbg/Reaper*4 ZMQbg/IO/0*4 
2026-09-25T09:27:13+04:00	ck4r2-whole-1m	3	2544598	488	2	23744512	6037504	uv*1 main2*1 
2026-09-25T09:27:13+04:00	ck4r2-whole-1m	3	2544614	2544598	57	1194799104	964177920	ft*51 ZMQbg/Reaper*3 ZMQbg/IO/0*3 
2026-09-25T09:27:13+04:00	ck4r2-whole-1m	3	2544708	2544614	1	12705792	5939200	python3*1 
2026-09-25T09:27:13+04:00	ck4r2-whole-1m	3	2544709	2544614	45	18982584320	1915760640	python3*36 pt_gloo_runloop*2 ZMQbg/Reaper*2 ZMQbg/IO/0*2 pt_tcpstore_uv*1 cuda0000240000a*1 
2026-09-25T09:27:14+04:00	ck4r2-whole-1m	3	2544710	2544614	57	1232953344	1010405376	python3*49 ZMQbg/Reaper*4 ZMQbg/IO/0*4 
2026-09-25T09:27:24+04:00	ck4r2-whole-1m	3	2544598	488	2	23744512	6037504	uv*1 main2*1 
2026-09-25T09:27:24+04:00	ck4r2-whole-1m	3	2544614	2544598	57	1194799104	964177920	ft*51 ZMQbg/Reaper*3 ZMQbg/IO/0*3 
2026-09-25T09:27:24+04:00	ck4r2-whole-1m	3	2544708	2544614	1	12705792	5939200	python3*1 
2026-09-25T09:27:24+04:00	ck4r2-whole-1m	3	2544709	2544614	45	18982584320	1915760640	python3*36 pt_gloo_runloop*2 ZMQbg/Reaper*2 ZMQbg/IO/0*2 pt_tcpstore_uv*1 cuda0000240000a*1 
2026-09-25T09:27:24+04:00	ck4r2-whole-1m	3	2544710	2544614	57	1232953344	1010405376	python3*49 ZMQbg/Reaper*4 ZMQbg/IO/0*4 
2026-09-25T09:27:34+04:00	ck4r2-whole-1m	3	2544598	488	2	23744512	6037504	uv*1 main2*1 
2026-09-25T09:27:34+04:00	ck4r2-whole-1m	3	2544614	2544598	57	1194799104	964177920	ft*51 ZMQbg/Reaper*3 ZMQbg/IO/0*3 
2026-09-25T09:27:34+04:00	ck4r2-whole-1m	3	2544708	2544614	1	12705792	5939200	python3*1 
2026-09-25T09:27:34+04:00	ck4r2-whole-1m	3	2544709	2544614	45	18982584320	1915760640	python3*36 pt_gloo_runloop*2 ZMQbg/Reaper*2 ZMQbg/IO/0*2 pt_tcpstore_uv*1 cuda0000240000a*1 
2026-09-25T09:27:34+04:00	ck4r2-whole-1m	3	2544710	2544614	57	1232953344	1010405376	python3*49 ZMQbg/Reaper*4 ZMQbg/IO/0*4 
2026-09-25T09:27:44+04:00	ck4r2-whole-1m	3	2544598	488	2	23744512	6037504	uv*1 main2*1 
2026-09-25T09:27:44+04:00	ck4r2-whole-1m	3	2544614	2544598	57	1194799104	964177920	ft*51 ZMQbg/Reaper*3 ZMQbg/IO/0*3 
2026-09-25T09:27:44+04:00	ck4r2-whole-1m	3	2544708	2544614	1	12705792	5939200	python3*1 
2026-09-25T09:27:44+04:00	ck4r2-whole-1m	3	2544709	2544614	45	18982584320	1915760640	python3*36 pt_gloo_runloop*2 ZMQbg/Reaper*2 ZMQbg/IO/0*2 pt_tcpstore_uv*1 cuda0000240000a*1 
2026-09-25T09:27:44+04:00	ck4r2-whole-1m	3	2544710	2544614	57	1232953344	1010405376	python3*49 ZMQbg/Reaper*4 ZMQbg/IO/0*4 
2026-09-25T09:27:54+04:00	ck4r2-whole-1m	3	2544598	488	2	23744512	6037504	uv*1 main2*1 
2026-09-25T09:27:54+04:00	ck4r2-whole-1m	3	2544614	2544598	57	1194799104	964177920	ft*51 ZMQbg/Reaper*3 ZMQbg/IO/0*3 
2026-09-25T09:27:54+04:00	ck4r2-whole-1m	3	2544708	2544614	1	12705792	5939200	python3*1 
2026-09-25T09:27:54+04:00	ck4r2-whole-1m	3	2544709	2544614	45	18982584320	1915760640	python3*36 pt_gloo_runloop*2 ZMQbg/Reaper*2 ZMQbg/IO/0*2 pt_tcpstore_uv*1 cuda0000240000a*1 
2026-09-25T09:27:55+04:00	ck4r2-whole-1m	3	2544710	2544614	57	1232953344	1010405376	python3*49 ZMQbg/Reaper*4 ZMQbg/IO/0*4 
2026-09-25T09:28:05+04:00	ck4r2-whole-1m	3	2544598	488	2	23744512	6037504	uv*1 main2*1 
2026-09-25T09:28:05+04:00	ck4r2-whole-1m	3	2544614	2544598	57	1194799104	964177920	ft*51 ZMQbg/Reaper*3 ZMQbg/IO/0*3 
2026-09-25T09:28:05+04:00	ck4r2-whole-1m	3	2544708	2544614	1	12705792	5939200	python3*1 
2026-09-25T09:28:05+04:00	ck4r2-whole-1m	3	2544709	2544614	45	18982584320	1915760640	python3*36 pt_gloo_runloop*2 ZMQbg/Reaper*2 ZMQbg/IO/0*2 pt_tcpstore_uv*1 cuda0000240000a*1 
2026-09-25T09:28:05+04:00	ck4r2-whole-1m	3	2544710	2544614	57	1232953344	1010405376	python3*49 ZMQbg/Reaper*4 ZMQbg/IO/0*4 
2026-09-25T09:28:15+04:00	ck4r2-whole-1m	3	2544598	488	2	23744512	6037504	uv*1 main2*1 
2026-09-25T09:28:15+04:00	ck4r2-whole-1m	3	2544614	2544598	57	1194799104	964177920	ft*51 ZMQbg/Reaper*3 ZMQbg/IO/0*3 
2026-09-25T09:28:15+04:00	ck4r2-whole-1m	3	2544708	2544614	1	12705792	5939200	python3*1 
2026-09-25T09:28:15+04:00	ck4r2-whole-1m	3	2544709	2544614	45	18982584320	1915760640	python3*36 pt_gloo_runloop*2 ZMQbg/Reaper*2 ZMQbg/IO/0*2 pt_tcpstore_uv*1 cuda0000240000a*1 
2026-09-25T09:28:15+04:00	ck4r2-whole-1m	3	2544710	2544614	57	1232953344	1010405376	python3*49 ZMQbg/Reaper*4 ZMQbg/IO/0*4 
2026-09-25T09:28:25+04:00	ck4r2-whole-1m	3	2544598	488	2	23744512	6037504	uv*1 main2*1 
2026-09-25T09:28:25+04:00	ck4r2-whole-1m	3	2544614	2544598	57	1194799104	964177920	ft*51 ZMQbg/Reaper*3 ZMQbg/IO/0*3 
2026-09-25T09:28:25+04:00	ck4r2-whole-1m	3	2544708	2544614	1	12705792	5939200	python3*1 
2026-09-25T09:28:25+04:00	ck4r2-whole-1m	3	2544709	2544614	45	18982584320	1915760640	python3*36 pt_gloo_runloop*2 ZMQbg/Reaper*2 ZMQbg/IO/0*2 pt_tcpstore_uv*1 cuda0000240000a*1 
2026-09-25T09:28:25+04:00	ck4r2-whole-1m	3	2544710	2544614	57	1232953344	1010405376	python3*49 ZMQbg/Reaper*4 ZMQbg/IO/0*4 
2026-09-25T09:28:36+04:00	ck4r2-whole-1m	3	2544598	488	2	23744512	6037504	uv*1 main2*1 
2026-09-25T09:28:36+04:00	ck4r2-whole-1m	3	2544614	2544598	57	1194799104	964177920	ft*51 ZMQbg/Reaper*3 ZMQbg/IO/0*3 
2026-09-25T09:28:36+04:00	ck4r2-whole-1m	3	2544708	2544614	1	12705792	5939200	python3*1 
2026-09-25T09:28:36+04:00	ck4r2-whole-1m	3	2544709	2544614	45	18982584320	1915760640	python3*36 pt_gloo_runloop*2 ZMQbg/Reaper*2 ZMQbg/IO/0*2 pt_tcpstore_uv*1 cuda0000240000a*1 
2026-09-25T09:28:36+04:00	ck4r2-whole-1m	3	2544710	2544614	57	1232953344	1010405376	python3*49 ZMQbg/Reaper*4 ZMQbg/IO/0*4 
2026-09-25T09:28:46+04:00	ck4r2-whole-1m	3	2544598	488	2	23744512	6037504	uv*1 main2*1 
2026-09-25T09:28:46+04:00	ck4r2-whole-1m	3	2544614	2544598	57	1194799104	964177920	ft*51 ZMQbg/Reaper*3 ZMQbg/IO/0*3 
2026-09-25T09:28:46+04:00	ck4r2-whole-1m	3	2544708	2544614	1	12705792	5939200	python3*1 
2026-09-25T09:28:46+04:00	ck4r2-whole-1m	3	2544709	2544614	45	18982584320	1915760640	python3*36 pt_gloo_runloop*2 ZMQbg/Reaper*2 ZMQbg/IO/0*2 pt_tcpstore_uv*1 cuda0000240000a*1 
2026-09-25T09:28:46+04:00	ck4r2-whole-1m	3	2544710	2544614	57	1232953344	1010405376	python3*49 ZMQbg/Reaper*4 ZMQbg/IO/0*4 
2026-09-25T09:28:56+04:00	ck4r2-whole-1m	3	2544598	488	2	23728128	6037504	uv*1 main2*1 
2026-09-25T09:28:56+04:00	ck4r2-whole-1m	3	2544614	2544598	57	1192857600	964177920	ft*51 ZMQbg/Reaper*3 ZMQbg/IO/0*3 
2026-09-25T09:28:56+04:00	ck4r2-whole-1m	3	2544708	2544614	1	12705792	5939200	python3*1 
2026-09-25T09:28:56+04:00	ck4r2-whole-1m	3	2544709	2544614	45	18979196928	1915760640	python3*36 pt_gloo_runloop*2 ZMQbg/Reaper*2 ZMQbg/IO/0*2 pt_tcpstore_uv*1 cuda0000240000a*1 
2026-09-25T09:28:56+04:00	ck4r2-whole-1m	3	2544710	2544614	57	1231118336	1010405376	python3*49 ZMQbg/Reaper*4 ZMQbg/IO/0*4 
2026-09-25T09:29:06+04:00	ck4r2-whole-1m	3	2544598	488	2	23175168	6037504	uv*1 main2*1 
2026-09-25T09:29:06+04:00	ck4r2-whole-1m	3	2544614	2544598	57	1180377088	964177920	ft*51 ZMQbg/Reaper*3 ZMQbg/IO/0*3 
2026-09-25T09:29:06+04:00	ck4r2-whole-1m	3	2544708	2544614	1	12697600	5939200	python3*1 
2026-09-25T09:29:06+04:00	ck4r2-whole-1m	3	2544709	2544614	45	18960834560	1915760640	python3*36 pt_gloo_runloop*2 ZMQbg/Reaper*2 ZMQbg/IO/0*2 pt_tcpstore_uv*1 cuda0000240000a*1 
2026-09-25T09:29:07+04:00	ck4r2-whole-1m	3	2544710	2544614	57	1219084288	1010405376	python3*49 ZMQbg/Reaper*4 ZMQbg/IO/0*4 
2026-09-25T09:29:17+04:00	ck4r2-whole-1m	3	2544598	488	2	23175168	6037504	uv*1 main2*1 
2026-09-25T09:29:17+04:00	ck4r2-whole-1m	3	2544614	2544598	57	1180377088	964177920	ft*51 ZMQbg/Reaper*3 ZMQbg/IO/0*3 
2026-09-25T09:29:17+04:00	ck4r2-whole-1m	3	2544708	2544614	1	12697600	5939200	python3*1 
2026-09-25T09:29:17+04:00	ck4r2-whole-1m	3	2544709	2544614	45	18960834560	1915760640	python3*36 pt_gloo_runloop*2 ZMQbg/Reaper*2 ZMQbg/IO/0*2 pt_tcpstore_uv*1 cuda0000240000a*1 
2026-09-25T09:29:17+04:00	ck4r2-whole-1m	3	2544710	2544614	57	1219084288	1010405376	python3*49 ZMQbg/Reaper*4 ZMQbg/IO/0*4 
2026-09-25T09:29:27+04:00	ck4r2-whole-1m	3	2544598	488	2	23175168	6037504	uv*1 main2*1 
2026-09-25T09:29:27+04:00	ck4r2-whole-1m	3	2544614	2544598	57	1180377088	964177920	ft*51 ZMQbg/Reaper*3 ZMQbg/IO/0*3 
2026-09-25T09:29:28+04:00	ck4r2-whole-1m	3	2544708	2544614	1	12697600	5939200	python3*1 
2026-09-25T09:29:28+04:00	ck4r2-whole-1m	3	2544709	2544614	45	18960834560	1915760640	python3*36 pt_gloo_runloop*2 ZMQbg/Reaper*2 ZMQbg/IO/0*2 pt_tcpstore_uv*1 cuda0000240000a*1 
2026-09-25T09:29:28+04:00	ck4r2-whole-1m	3	2544710	2544614	57	1219084288	1010405376	python3*49 ZMQbg/Reaper*4 ZMQbg/IO/0*4 
2026-09-25T09:29:38+04:00	ck4r2-whole-1m	3	2544598	488	2	23175168	6037504	uv*1 main2*1 
2026-09-25T09:29:38+04:00	ck4r2-whole-1m	3	2544614	2544598	57	1180377088	964177920	ft*51 ZMQbg/Reaper*3 ZMQbg/IO/0*3 
2026-09-25T09:29:38+04:00	ck4r2-whole-1m	3	2544708	2544614	1	12697600	5939200	python3*1 
2026-09-25T09:29:38+04:00	ck4r2-whole-1m	3	2544709	2544614	45	18960834560	1915760640	python3*36 pt_gloo_runloop*2 ZMQbg/Reaper*2 ZMQbg/IO/0*2 pt_tcpstore_uv*1 cuda0000240000a*1 
2026-09-25T09:29:38+04:00	ck4r2-whole-1m	3	2544710	2544614	57	1219084288	1010405376	python3*49 ZMQbg/Reaper*4 ZMQbg/IO/0*4 
2026-09-25T09:29:48+04:00	ck4r2-whole-1m	3	2544598	488	2	23175168	6037504	uv*1 main2*1 
2026-09-25T09:29:48+04:00	ck4r2-whole-1m	3	2544614	2544598	57	1180377088	964177920	ft*51 ZMQbg/Reaper*3 ZMQbg/IO/0*3 
2026-09-25T09:29:48+04:00	ck4r2-whole-1m	3	2544708	2544614	1	12697600	5939200	python3*1 
2026-09-25T09:29:48+04:00	ck4r2-whole-1m	3	2544709	2544614	45	18960834560	1915760640	python3*36 pt_gloo_runloop*2 ZMQbg/Reaper*2 ZMQbg/IO/0*2 pt_tcpstore_uv*1 cuda0000240000a*1 
2026-09-25T09:29:48+04:00	ck4r2-whole-1m	3	2544710	2544614	57	1219084288	1010405376	python3*49 ZMQbg/Reaper*4 ZMQbg/IO/0*4 
2026-09-25T09:29:58+04:00	ck4r2-whole-1m	3	2544598	488	2	23175168	6037504	uv*1 main2*1 
2026-09-25T09:29:58+04:00	ck4r2-whole-1m	3	2544614	2544598	57	1180377088	964177920	ft*51 ZMQbg/Reaper*3 ZMQbg/IO/0*3 
2026-09-25T09:29:58+04:00	ck4r2-whole-1m	3	2544708	2544614	1	12697600	5939200	python3*1 
2026-09-25T09:29:58+04:00	ck4r2-whole-1m	3	2544709	2544614	45	18960834560	1915760640	python3*36 pt_gloo_runloop*2 ZMQbg/Reaper*2 ZMQbg/IO/0*2 pt_tcpstore_uv*1 cuda0000240000a*1 
2026-09-25T09:29:59+04:00	ck4r2-whole-1m	3	2544710	2544614	57	1219084288	1010405376	python3*49 ZMQbg/Reaper*4 ZMQbg/IO/0*4 
2026-09-25T09:30:09+04:00	ck4r2-whole-1m	3	2544598	488	2	23175168	6037504	uv*1 main2*1 
2026-09-25T09:30:09+04:00	ck4r2-whole-1m	3	2544614	2544598	57	1180377088	964177920	ft*51 ZMQbg/Reaper*3 ZMQbg/IO/0*3 
2026-09-25T09:30:09+04:00	ck4r2-whole-1m	3	2544708	2544614	1	12697600	5939200	python3*1 
2026-09-25T09:30:09+04:00	ck4r2-whole-1m	3	2544709	2544614	45	18960834560	1915760640	python3*36 pt_gloo_runloop*2 ZMQbg/Reaper*2 ZMQbg/IO/0*2 pt_tcpstore_uv*1 cuda0000240000a*1 
2026-09-25T09:30:09+04:00	ck4r2-whole-1m	3	2544710	2544614	57	1219084288	1010405376	python3*49 ZMQbg/Reaper*4 ZMQbg/IO/0*4 
2026-09-25T09:30:19+04:00	ck4r2-whole-1m	3	2544598	488	2	23175168	6037504	uv*1 main2*1 
2026-09-25T09:30:19+04:00	ck4r2-whole-1m	3	2544614	2544598	57	1180377088	964177920	ft*51 ZMQbg/Reaper*3 ZMQbg/IO/0*3 
2026-09-25T09:30:19+04:00	ck4r2-whole-1m	3	2544708	2544614	1	12697600	5939200	python3*1 
2026-09-25T09:30:19+04:00	ck4r2-whole-1m	3	2544709	2544614	45	18960834560	1915760640	python3*36 pt_gloo_runloop*2 ZMQbg/Reaper*2 ZMQbg/IO/0*2 pt_tcpstore_uv*1 cuda0000240000a*1 
2026-09-25T09:30:19+04:00	ck4r2-whole-1m	3	2544710	2544614	57	1219084288	1010405376	python3*49 ZMQbg/Reaper*4 ZMQbg/IO/0*4 
2026-09-25T09:30:30+04:00	ck4r2-whole-1m	3	2544598	488	2	23175168	6037504	uv*1 main2*1 
2026-09-25T09:30:30+04:00	ck4r2-whole-1m	3	2544614	2544598	57	1180377088	964177920	ft*51 ZMQbg/Reaper*3 ZMQbg/IO/0*3 
2026-09-25T09:30:30+04:00	ck4r2-whole-1m	3	2544708	2544614	1	12697600	5939200	python3*1 
2026-09-25T09:30:30+04:00	ck4r2-whole-1m	3	2544709	2544614	45	18960834560	1915760640	python3*36 pt_gloo_runloop*2 ZMQbg/Reaper*2 ZMQbg/IO/0*2 pt_tcpstore_uv*1 cuda0000240000a*1 
2026-09-25T09:30:30+04:00	ck4r2-whole-1m	3	2544710	2544614	57	1219084288	1010405376	python3*49 ZMQbg/Reaper*4 ZMQbg/IO/0*4 
2026-09-25T09:30:40+04:00	ck4r2-whole-1m	3	2544598	488	2	23175168	6037504	uv*1 main2*1 
2026-09-25T09:30:40+04:00	ck4r2-whole-1m	3	2544614	2544598	57	1180377088	964177920	ft*51 ZMQbg/Reaper*3 ZMQbg/IO/0*3 
2026-09-25T09:30:40+04:00	ck4r2-whole-1m	3	2544708	2544614	1	12697600	5939200	python3*1 
2026-09-25T09:30:40+04:00	ck4r2-whole-1m	3	2544709	2544614	45	18960834560	1915760640	python3*36 pt_gloo_runloop*2 ZMQbg/Reaper*2 ZMQbg/IO/0*2 pt_tcpstore_uv*1 cuda0000240000a*1 
2026-09-25T09:30:40+04:00	ck4r2-whole-1m	3	2544710	2544614	57	1219084288	1010405376	python3*49 ZMQbg/Reaper*4 ZMQbg/IO/0*4 
2026-09-25T09:30:50+04:00	ck4r2-whole-1m	3	2544598	488	2	23175168	6037504	uv*1 main2*1 
2026-09-25T09:30:50+04:00	ck4r2-whole-1m	3	2544614	2544598	57	1180377088	964177920	ft*51 ZMQbg/Reaper*3 ZMQbg/IO/0*3 
2026-09-25T09:30:50+04:00	ck4r2-whole-1m	3	2544708	2544614	1	12697600	5939200	python3*1 
2026-09-25T09:30:50+04:00	ck4r2-whole-1m	3	2544709	2544614	45	18960834560	1915760640	python3*36 pt_gloo_runloop*2 ZMQbg/Reaper*2 ZMQbg/IO/0*2 pt_tcpstore_uv*1 cuda0000240000a*1 
2026-09-25T09:30:50+04:00	ck4r2-whole-1m	3	2544710	2544614	57	1219084288	1010405376	python3*49 ZMQbg/Reaper*4 ZMQbg/IO/0*4 
2026-09-25T09:31:00+04:00	ck4r2-whole-1m	3	2544598	488	2	23175168	6037504	uv*1 main2*1 
2026-09-25T09:31:00+04:00	ck4r2-whole-1m	3	2544614	2544598	57	1180377088	964177920	ft*51 ZMQbg/Reaper*3 ZMQbg/IO/0*3 
2026-09-25T09:31:00+04:00	ck4r2-whole-1m	3	2544708	2544614	1	12697600	5939200	python3*1 
2026-09-25T09:31:00+04:00	ck4r2-whole-1m	3	2544709	2544614	45	18960834560	1915760640	python3*36 pt_gloo_runloop*2 ZMQbg/Reaper*2 ZMQbg/IO/0*2 pt_tcpstore_uv*1 cuda0000240000a*1 
2026-09-25T09:31:01+04:00	ck4r2-whole-1m	3	2544710	2544614	57	1219084288	1010405376	python3*49 ZMQbg/Reaper*4 ZMQbg/IO/0*4 
2026-09-25T09:31:11+04:00	ck4r2-whole-1m	4	2544598	488	2	23175168	6037504	uv*1 main2*1 
2026-09-25T09:31:11+04:00	ck4r2-whole-1m	4	2544614	2544598	57	1180389376	964177920	ft*51 ZMQbg/Reaper*3 ZMQbg/IO/0*3 
2026-09-25T09:31:11+04:00	ck4r2-whole-1m	4	2544708	2544614	1	12697600	5939200	python3*1 
2026-09-25T09:31:11+04:00	ck4r2-whole-1m	4	2544709	2544614	45	18960846848	1915760640	python3*36 pt_gloo_runloop*2 ZMQbg/Reaper*2 ZMQbg/IO/0*2 pt_tcpstore_uv*1 cuda0000240000a*1 
2026-09-25T09:31:11+04:00	ck4r2-whole-1m	4	2544710	2544614	57	852606976	643915776	python3*49 ZMQbg/Reaper*4 ZMQbg/IO/0*4 
2026-09-25T09:31:21+04:00	ck4r2-whole-1m	4	2544598	488	2	23175168	6037504	uv*1 main2*1 
2026-09-25T09:31:21+04:00	ck4r2-whole-1m	4	2544614	2544598	57	1180401664	964190208	ft*51 ZMQbg/Reaper*3 ZMQbg/IO/0*3 
2026-09-25T09:31:21+04:00	ck4r2-whole-1m	4	2544708	2544614	1	12697600	5939200	python3*1 
2026-09-25T09:31:21+04:00	ck4r2-whole-1m	4	2544709	2544614	45	18960855040	1915768832	python3*36 pt_gloo_runloop*2 ZMQbg/Reaper*2 ZMQbg/IO/0*2 pt_tcpstore_uv*1 cuda0000240000a*1 
2026-09-25T09:31:22+04:00	ck4r2-whole-1m	4	2544710	2544614	57	852606976	643915776	python3*49 ZMQbg/Reaper*4 ZMQbg/IO/0*4 
2026-09-25T09:31:32+04:00	ck4r2-whole-1m	4	2544598	488	2	23175168	6037504	uv*1 main2*1 
2026-09-25T09:31:32+04:00	ck4r2-whole-1m	4	2544614	2544598	57	1180401664	964190208	ft*51 ZMQbg/Reaper*3 ZMQbg/IO/0*3 
2026-09-25T09:31:32+04:00	ck4r2-whole-1m	4	2544708	2544614	1	12697600	5939200	python3*1 
2026-09-25T09:31:32+04:00	ck4r2-whole-1m	4	2544709	2544614	45	18960855040	1915768832	python3*36 pt_gloo_runloop*2 ZMQbg/Reaper*2 ZMQbg/IO/0*2 pt_tcpstore_uv*1 cuda0000240000a*1 
2026-09-25T09:31:32+04:00	ck4r2-whole-1m	4	2544710	2544614	57	852606976	643915776	python3*49 ZMQbg/Reaper*4 ZMQbg/IO/0*4 
2026-09-25T09:31:42+04:00	ck4r2-whole-1m	4	2544598	488	2	23175168	6037504	uv*1 main2*1 
2026-09-25T09:31:42+04:00	ck4r2-whole-1m	4	2544614	2544598	57	1180401664	964190208	ft*51 ZMQbg/Reaper*3 ZMQbg/IO/0*3 
2026-09-25T09:31:42+04:00	ck4r2-whole-1m	4	2544708	2544614	1	12697600	5939200	python3*1 
2026-09-25T09:31:42+04:00	ck4r2-whole-1m	4	2544709	2544614	45	18960855040	1915768832	python3*36 pt_gloo_runloop*2 ZMQbg/Reaper*2 ZMQbg/IO/0*2 pt_tcpstore_uv*1 cuda0000240000a*1 
2026-09-25T09:31:42+04:00	ck4r2-whole-1m	4	2544710	2544614	57	852606976	643915776	python3*49 ZMQbg/Reaper*4 ZMQbg/IO/0*4 
2026-09-25T09:31:52+04:00	ck4r2-whole-1m	4	2544598	488	2	23175168	6037504	uv*1 main2*1 
2026-09-25T09:31:52+04:00	ck4r2-whole-1m	4	2544614	2544598	57	1180401664	964190208	ft*51 ZMQbg/Reaper*3 ZMQbg/IO/0*3 
2026-09-25T09:31:52+04:00	ck4r2-whole-1m	4	2544708	2544614	1	12697600	5939200	python3*1 
2026-09-25T09:31:52+04:00	ck4r2-whole-1m	4	2544709	2544614	45	18960855040	1915768832	python3*36 pt_gloo_runloop*2 ZMQbg/Reaper*2 ZMQbg/IO/0*2 pt_tcpstore_uv*1 cuda0000240000a*1 
2026-09-25T09:31:53+04:00	ck4r2-whole-1m	4	2544710	2544614	57	852606976	643915776	python3*49 ZMQbg/Reaper*4 ZMQbg/IO/0*4 
2026-09-25T09:32:03+04:00	ck4r2-whole-1m	4	2544598	488	2	23175168	6037504	uv*1 main2*1 
2026-09-25T09:32:03+04:00	ck4r2-whole-1m	4	2544614	2544598	57	1180401664	964190208	ft*51 ZMQbg/Reaper*3 ZMQbg/IO/0*3 
2026-09-25T09:32:03+04:00	ck4r2-whole-1m	4	2544708	2544614	1	12697600	5939200	python3*1 
2026-09-25T09:32:03+04:00	ck4r2-whole-1m	4	2544709	2544614	45	18960855040	1915768832	python3*36 pt_gloo_runloop*2 ZMQbg/Reaper*2 ZMQbg/IO/0*2 pt_tcpstore_uv*1 cuda0000240000a*1 
2026-09-25T09:32:03+04:00	ck4r2-whole-1m	4	2544710	2544614	57	852606976	643915776	python3*49 ZMQbg/Reaper*4 ZMQbg/IO/0*4 
2026-09-25T09:32:13+04:00	ck4r2-whole-1m	4	2544598	488	2	23175168	6037504	uv*1 main2*1 
2026-09-25T09:32:13+04:00	ck4r2-whole-1m	4	2544614	2544598	57	1180401664	964190208	ft*51 ZMQbg/Reaper*3 ZMQbg/IO/0*3 
2026-09-25T09:32:13+04:00	ck4r2-whole-1m	4	2544708	2544614	1	12697600	5939200	python3*1 
2026-09-25T09:32:13+04:00	ck4r2-whole-1m	4	2544709	2544614	45	18960855040	1915768832	python3*36 pt_gloo_runloop*2 ZMQbg/Reaper*2 ZMQbg/IO/0*2 pt_tcpstore_uv*1 cuda0000240000a*1 
2026-09-25T09:32:13+04:00	ck4r2-whole-1m	4	2544710	2544614	57	852606976	643915776	python3*49 ZMQbg/Reaper*4 ZMQbg/IO/0*4 
2026-09-25T09:32:23+04:00	ck4r2-whole-1m	4	2544598	488	2	23175168	6037504	uv*1 main2*1 
2026-09-25T09:32:23+04:00	ck4r2-whole-1m	4	2544614	2544598	57	1180401664	964190208	ft*51 ZMQbg/Reaper*3 ZMQbg/IO/0*3 
2026-09-25T09:32:23+04:00	ck4r2-whole-1m	4	2544708	2544614	1	12697600	5939200	python3*1 
2026-09-25T09:32:23+04:00	ck4r2-whole-1m	4	2544709	2544614	45	18960855040	1915768832	python3*36 pt_gloo_runloop*2 ZMQbg/Reaper*2 ZMQbg/IO/0*2 pt_tcpstore_uv*1 cuda0000240000a*1 
2026-09-25T09:32:23+04:00	ck4r2-whole-1m	4	2544710	2544614	57	852606976	643915776	python3*49 ZMQbg/Reaper*4 ZMQbg/IO/0*4 
2026-09-25T09:32:34+04:00	ck4r2-whole-1m	4	2544598	488	2	23175168	6037504	uv*1 main2*1 
2026-09-25T09:32:34+04:00	ck4r2-whole-1m	4	2544614	2544598	57	1180401664	964190208	ft*51 ZMQbg/Reaper*3 ZMQbg/IO/0*3 
2026-09-25T09:32:34+04:00	ck4r2-whole-1m	4	2544708	2544614	1	12697600	5939200	python3*1 
2026-09-25T09:32:34+04:00	ck4r2-whole-1m	4	2544709	2544614	45	18960855040	1915768832	python3*36 pt_gloo_runloop*2 ZMQbg/Reaper*2 ZMQbg/IO/0*2 pt_tcpstore_uv*1 cuda0000240000a*1 
2026-09-25T09:32:34+04:00	ck4r2-whole-1m	4	2544710	2544614	57	852606976	643915776	python3*49 ZMQbg/Reaper*4 ZMQbg/IO/0*4 
2026-09-25T09:32:44+04:00	ck4r2-whole-1m	4	2544598	488	2	23175168	6037504	uv*1 main2*1 
2026-09-25T09:32:44+04:00	ck4r2-whole-1m	4	2544614	2544598	57	1180401664	964190208	ft*51 ZMQbg/Reaper*3 ZMQbg/IO/0*3 
2026-09-25T09:32:44+04:00	ck4r2-whole-1m	4	2544708	2544614	1	12697600	5939200	python3*1 
2026-09-25T09:32:44+04:00	ck4r2-whole-1m	4	2544709	2544614	45	18960855040	1915768832	python3*36 pt_gloo_runloop*2 ZMQbg/Reaper*2 ZMQbg/IO/0*2 pt_tcpstore_uv*1 cuda0000240000a*1 
2026-09-25T09:32:44+04:00	ck4r2-whole-1m	4	2544710	2544614	57	852606976	643915776	python3*49 ZMQbg/Reaper*4 ZMQbg/IO/0*4 
2026-09-25T09:32:54+04:00	ck4r2-whole-1m	4	2544598	488	2	23175168	6037504	uv*1 main2*1 
2026-09-25T09:32:54+04:00	ck4r2-whole-1m	4	2544614	2544598	57	1180401664	964190208	ft*51 ZMQbg/Reaper*3 ZMQbg/IO/0*3 
2026-09-25T09:32:54+04:00	ck4r2-whole-1m	4	2544708	2544614	1	12697600	5939200	python3*1 
2026-09-25T09:32:54+04:00	ck4r2-whole-1m	4	2544709	2544614	45	18960855040	1915768832	python3*36 pt_gloo_runloop*2 ZMQbg/Reaper*2 ZMQbg/IO/0*2 pt_tcpstore_uv*1 cuda0000240000a*1 
2026-09-25T09:32:54+04:00	ck4r2-whole-1m	4	2544710	2544614	57	852606976	643915776	python3*49 ZMQbg/Reaper*4 ZMQbg/IO/0*4 
2026-09-25T09:33:04+04:00	ck4r2-whole-1m	4	2544598	488	2	23175168	6037504	uv*1 main2*1 
2026-09-25T09:33:04+04:00	ck4r2-whole-1m	4	2544614	2544598	57	1180401664	964190208	ft*51 ZMQbg/Reaper*3 ZMQbg/IO/0*3 
2026-09-25T09:33:04+04:00	ck4r2-whole-1m	4	2544708	2544614	1	12697600	5939200	python3*1 
2026-09-25T09:33:04+04:00	ck4r2-whole-1m	4	2544709	2544614	45	18960855040	1915768832	python3*36 pt_gloo_runloop*2 ZMQbg/Reaper*2 ZMQbg/IO/0*2 pt_tcpstore_uv*1 cuda0000240000a*1 
2026-09-25T09:33:05+04:00	ck4r2-whole-1m	4	2544710	2544614	57	852606976	643915776	python3*49 ZMQbg/Reaper*4 ZMQbg/IO/0*4 
2026-09-25T09:33:15+04:00	ck4r2-whole-1m	4	2544598	488	2	23175168	6037504	uv*1 main2*1 
2026-09-25T09:33:15+04:00	ck4r2-whole-1m	4	2544614	2544598	57	1180401664	964190208	ft*51 ZMQbg/Reaper*3 ZMQbg/IO/0*3 
2026-09-25T09:33:15+04:00	ck4r2-whole-1m	4	2544708	2544614	1	12697600	5939200	python3*1 
2026-09-25T09:33:15+04:00	ck4r2-whole-1m	4	2544709	2544614	45	18960855040	1915768832	python3*36 pt_gloo_runloop*2 ZMQbg/Reaper*2 ZMQbg/IO/0*2 pt_tcpstore_uv*1 cuda0000240000a*1 
2026-09-25T09:33:15+04:00	ck4r2-whole-1m	4	2544710	2544614	57	852606976	643915776	python3*49 ZMQbg/Reaper*4 ZMQbg/IO/0*4 
2026-09-25T09:33:25+04:00	ck4r2-whole-1m	4	2544598	488	2	23175168	6037504	uv*1 main2*1 
2026-09-25T09:33:25+04:00	ck4r2-whole-1m	4	2544614	2544598	57	1180401664	964190208	ft*51 ZMQbg/Reaper*3 ZMQbg/IO/0*3 
2026-09-25T09:33:25+04:00	ck4r2-whole-1m	4	2544708	2544614	1	12697600	5939200	python3*1 
2026-09-25T09:33:25+04:00	ck4r2-whole-1m	4	2544709	2544614	45	18960855040	1915768832	python3*36 pt_gloo_runloop*2 ZMQbg/Reaper*2 ZMQbg/IO/0*2 pt_tcpstore_uv*1 cuda0000240000a*1 
2026-09-25T09:33:25+04:00	ck4r2-whole-1m	4	2544710	2544614	57	852606976	643915776	python3*49 ZMQbg/Reaper*4 ZMQbg/IO/0*4 
2026-09-25T09:33:35+04:00	ck4r2-whole-1m	4	2544598	488	2	23175168	6037504	uv*1 main2*1 
2026-09-25T09:33:35+04:00	ck4r2-whole-1m	4	2544614	2544598	57	1180401664	964190208	ft*51 ZMQbg/Reaper*3 ZMQbg/IO/0*3 
2026-09-25T09:33:35+04:00	ck4r2-whole-1m	4	2544708	2544614	1	12697600	5939200	python3*1 
2026-09-25T09:33:35+04:00	ck4r2-whole-1m	4	2544709	2544614	45	18960855040	1915768832	python3*36 pt_gloo_runloop*2 ZMQbg/Reaper*2 ZMQbg/IO/0*2 pt_tcpstore_uv*1 cuda0000240000a*1 
2026-09-25T09:33:35+04:00	ck4r2-whole-1m	4	2544710	2544614	57	852606976	643915776	python3*49 ZMQbg/Reaper*4 ZMQbg/IO/0*4 
2026-09-25T09:33:46+04:00	ck4r2-whole-1m	4	2544598	488	2	23175168	6037504	uv*1 main2*1 
2026-09-25T09:33:46+04:00	ck4r2-whole-1m	4	2544614	2544598	57	1180401664	964190208	ft*51 ZMQbg/Reaper*3 ZMQbg/IO/0*3 
2026-09-25T09:33:46+04:00	ck4r2-whole-1m	4	2544708	2544614	1	12697600	5939200	python3*1 
2026-09-25T09:33:46+04:00	ck4r2-whole-1m	4	2544709	2544614	45	18960855040	1915768832	python3*36 pt_gloo_runloop*2 ZMQbg/Reaper*2 ZMQbg/IO/0*2 pt_tcpstore_uv*1 cuda0000240000a*1 
2026-09-25T09:33:46+04:00	ck4r2-whole-1m	4	2544710	2544614	57	852606976	643915776	python3*49 ZMQbg/Reaper*4 ZMQbg/IO/0*4 
2026-09-25T09:33:56+04:00	ck4r2-whole-1m	4	2544598	488	2	23175168	6037504	uv*1 main2*1 
2026-09-25T09:33:56+04:00	ck4r2-whole-1m	4	2544614	2544598	57	1180401664	964190208	ft*51 ZMQbg/Reaper*3 ZMQbg/IO/0*3 
2026-09-25T09:33:56+04:00	ck4r2-whole-1m	4	2544708	2544614	1	12697600	5939200	python3*1 
2026-09-25T09:33:56+04:00	ck4r2-whole-1m	4	2544709	2544614	45	18960855040	1915768832	python3*36 pt_gloo_runloop*2 ZMQbg/Reaper*2 ZMQbg/IO/0*2 pt_tcpstore_uv*1 cuda0000240000a*1 
2026-09-25T09:33:56+04:00	ck4r2-whole-1m	4	2544710	2544614	57	852606976	643915776	python3*49 ZMQbg/Reaper*4 ZMQbg/IO/0*4 
2026-09-25T09:34:06+04:00	ck4r2-whole-1m	4	2544598	488	2	17260544	253952	uv*1 main2*1 
2026-09-25T09:34:06+04:00	ck4r2-whole-1m	4	2544614	2544598	57	1131032576	936333312	ft*51 ZMQbg/Reaper*3 ZMQbg/IO/0*3 
2026-09-25T09:34:06+04:00	ck4r2-whole-1m	4	2544708	2544614	1	12697600	5939200	python3*1 
2026-09-25T09:34:06+04:00	ck4r2-whole-1m	4	2544709	2544614	45	18931273728	1915768832	python3*36 pt_gloo_runloop*2 ZMQbg/Reaper*2 ZMQbg/IO/0*2 pt_tcpstore_uv*1 cuda0000240000a*1 
2026-09-25T09:34:06+04:00	ck4r2-whole-1m	4	2544710	2544614	57	832299008	643915776	python3*49 ZMQbg/Reaper*4 ZMQbg/IO/0*4 
2026-09-25T09:34:16+04:00	ck4r2-whole-1m	4	2544598	488	2	17248256	253952	uv*1 main2*1 
2026-09-25T09:34:16+04:00	ck4r2-whole-1m	4	2544614	2544598	57	1083604992	893882368	ft*51 ZMQbg/Reaper*3 ZMQbg/IO/0*3 
2026-09-25T09:34:16+04:00	ck4r2-whole-1m	4	2544708	2544614	1	12697600	5939200	python3*1 
2026-09-25T09:34:16+04:00	ck4r2-whole-1m	4	2544709	2544614	45	18924167168	1915768832	python3*36 pt_gloo_runloop*2 ZMQbg/Reaper*2 ZMQbg/IO/0*2 pt_tcpstore_uv*1 cuda0000240000a*1 
2026-09-25T09:34:17+04:00	ck4r2-whole-1m	4	2544710	2544614	57	827572224	643915776	python3*49 ZMQbg/Reaper*4 ZMQbg/IO/0*4 
2026-09-25T09:34:27+04:00	ck4r2-whole-1m	4	2544598	488	2	17088512	253952	uv*1 main2*1 
2026-09-25T09:34:27+04:00	ck4r2-whole-1m	4	2544614	2544598	57	999337984	825802752	ft*51 ZMQbg/Reaper*3 ZMQbg/IO/0*3 
2026-09-25T09:34:27+04:00	ck4r2-whole-1m	4	2544708	2544614	1	12697600	5939200	python3*1 
2026-09-25T09:34:27+04:00	ck4r2-whole-1m	4	2544709	2544614	45	18907111424	1915768832	python3*36 pt_gloo_runloop*2 ZMQbg/Reaper*2 ZMQbg/IO/0*2 pt_tcpstore_uv*1 cuda0000240000a*1 
2026-09-25T09:34:27+04:00	ck4r2-whole-1m	4	2544710	2544614	57	811802624	643915776	python3*49 ZMQbg/Reaper*4 ZMQbg/IO/0*4 
2026-09-25T09:34:37+04:00	ck4r2-whole-1m	4	2544598	488	2	17088512	253952	uv*1 main2*1 
2026-09-25T09:34:37+04:00	ck4r2-whole-1m	4	2544614	2544598	57	999337984	825802752	ft*51 ZMQbg/Reaper*3 ZMQbg/IO/0*3 
2026-09-25T09:34:37+04:00	ck4r2-whole-1m	4	2544708	2544614	1	12697600	5939200	python3*1 
2026-09-25T09:34:37+04:00	ck4r2-whole-1m	4	2544709	2544614	45	18907111424	1915768832	python3*36 pt_gloo_runloop*2 ZMQbg/Reaper*2 ZMQbg/IO/0*2 pt_tcpstore_uv*1 cuda0000240000a*1 
2026-09-25T09:34:37+04:00	ck4r2-whole-1m	4	2544710	2544614	57	811802624	643915776	python3*49 ZMQbg/Reaper*4 ZMQbg/IO/0*4 
2026-09-25T09:34:47+04:00	ck4r2-whole-1m	4	2544598	488	2	17088512	253952	uv*1 main2*1 
2026-09-25T09:34:47+04:00	ck4r2-whole-1m	4	2544614	2544598	57	999337984	825802752	ft*51 ZMQbg/Reaper*3 ZMQbg/IO/0*3 
2026-09-25T09:34:47+04:00	ck4r2-whole-1m	4	2544708	2544614	1	12697600	5939200	python3*1 
2026-09-25T09:34:47+04:00	ck4r2-whole-1m	4	2544709	2544614	45	18907111424	1915768832	python3*36 pt_gloo_runloop*2 ZMQbg/Reaper*2 ZMQbg/IO/0*2 pt_tcpstore_uv*1 cuda0000240000a*1 
2026-09-25T09:34:48+04:00	ck4r2-whole-1m	4	2544710	2544614	57	811802624	643915776	python3*49 ZMQbg/Reaper*4 ZMQbg/IO/0*4 
2026-09-25T09:34:58+04:00	ck4r2-whole-1m	4	2544598	488	2	17055744	253952	uv*1 main2*1 
2026-09-25T09:34:58+04:00	ck4r2-whole-1m	4	2544614	2544598	57	970915840	799981568	ft*51 ZMQbg/Reaper*3 ZMQbg/IO/0*3 
2026-09-25T09:34:58+04:00	ck4r2-whole-1m	4	2544708	2544614	1	12697600	5939200	python3*1 
2026-09-25T09:34:58+04:00	ck4r2-whole-1m	4	2544709	2544614	45	18904215552	1915768832	python3*36 pt_gloo_runloop*2 ZMQbg/Reaper*2 ZMQbg/IO/0*2 pt_tcpstore_uv*1 cuda0000240000a*1 
2026-09-25T09:34:58+04:00	ck4r2-whole-1m	4	2544710	2544614	57	809291776	643915776	python3*49 ZMQbg/Reaper*4 ZMQbg/IO/0*4 
2026-09-25T09:35:08+04:00	ck4r2-whole-1m	4	2544598	488	2	17055744	253952	uv*1 main2*1 
2026-09-25T09:35:08+04:00	ck4r2-whole-1m	4	2544614	2544598	57	970915840	799981568	ft*51 ZMQbg/Reaper*3 ZMQbg/IO/0*3 
2026-09-25T09:35:08+04:00	ck4r2-whole-1m	4	2544708	2544614	1	12697600	5939200	python3*1 
2026-09-25T09:35:08+04:00	ck4r2-whole-1m	4	2544709	2544614	45	18904215552	1915768832	python3*36 pt_gloo_runloop*2 ZMQbg/Reaper*2 ZMQbg/IO/0*2 pt_tcpstore_uv*1 cuda0000240000a*1 
2026-09-25T09:35:08+04:00	ck4r2-whole-1m	4	2544710	2544614	57	809291776	643915776	python3*49 ZMQbg/Reaper*4 ZMQbg/IO/0*4 
2026-09-25T09:35:18+04:00	ck4r2-whole-1m	4	2544598	488	2	17055744	253952	uv*1 main2*1 
2026-09-25T09:35:18+04:00	ck4r2-whole-1m	4	2544614	2544598	57	970915840	799981568	ft*51 ZMQbg/Reaper*3 ZMQbg/IO/0*3 
2026-09-25T09:35:18+04:00	ck4r2-whole-1m	4	2544708	2544614	1	12697600	5939200	python3*1 
2026-09-25T09:35:18+04:00	ck4r2-whole-1m	4	2544709	2544614	45	18904215552	1915768832	python3*36 pt_gloo_runloop*2 ZMQbg/Reaper*2 ZMQbg/IO/0*2 pt_tcpstore_uv*1 cuda0000240000a*1 
2026-09-25T09:35:18+04:00	ck4r2-whole-1m	4	2544710	2544614	57	809291776	643915776	python3*49 ZMQbg/Reaper*4 ZMQbg/IO/0*4 
2026-09-25T09:35:28+04:00	ck4r2-whole-1m	4	2544598	488	2	17055744	253952	uv*1 main2*1 
2026-09-25T09:35:28+04:00	ck4r2-whole-1m	4	2544614	2544598	57	970915840	799981568	ft*51 ZMQbg/Reaper*3 ZMQbg/IO/0*3 
2026-09-25T09:35:28+04:00	ck4r2-whole-1m	4	2544708	2544614	1	12697600	5939200	python3*1 
2026-09-25T09:35:28+04:00	ck4r2-whole-1m	4	2544709	2544614	45	18904330240	1915883520	python3*36 pt_gloo_runloop*2 ZMQbg/Reaper*2 ZMQbg/IO/0*2 pt_tcpstore_uv*1 cuda0000240000a*1 
2026-09-25T09:35:29+04:00	ck4r2-whole-1m	4	2544710	2544614	57	809291776	643915776	python3*49 ZMQbg/Reaper*4 ZMQbg/IO/0*4 
2026-09-25T09:35:39+04:00	ck4r2-whole-1m	4	2544598	488	2	17055744	253952	uv*1 main2*1 
2026-09-25T09:35:39+04:00	ck4r2-whole-1m	4	2544614	2544598	57	970915840	799981568	ft*51 ZMQbg/Reaper*3 ZMQbg/IO/0*3 
2026-09-25T09:35:39+04:00	ck4r2-whole-1m	4	2544708	2544614	1	12697600	5939200	python3*1 
2026-09-25T09:35:39+04:00	ck4r2-whole-1m	4	2544709	2544614	45	18904477696	1916030976	python3*36 pt_gloo_runloop*2 ZMQbg/Reaper*2 ZMQbg/IO/0*2 pt_tcpstore_uv*1 cuda0000240000a*1 
2026-09-25T09:35:39+04:00	ck4r2-whole-1m	4	2544710	2544614	57	809291776	643915776	python3*49 ZMQbg/Reaper*4 ZMQbg/IO/0*4 
2026-09-25T09:35:49+04:00	ck4r2-whole-1m	4	2544598	488	2	17055744	253952	uv*1 main2*1 
2026-09-25T09:35:49+04:00	ck4r2-whole-1m	4	2544614	2544598	57	970915840	799981568	ft*51 ZMQbg/Reaper*3 ZMQbg/IO/0*3 
2026-09-25T09:35:49+04:00	ck4r2-whole-1m	4	2544708	2544614	1	12697600	5939200	python3*1 
2026-09-25T09:35:49+04:00	ck4r2-whole-1m	4	2544709	2544614	45	18904633344	1916186624	python3*36 pt_gloo_runloop*2 ZMQbg/Reaper*2 ZMQbg/IO/0*2 pt_tcpstore_uv*1 cuda0000240000a*1 
2026-09-25T09:35:49+04:00	ck4r2-whole-1m	4	2544710	2544614	57	809291776	643915776	python3*49 ZMQbg/Reaper*4 ZMQbg/IO/0*4 
2026-09-25T09:35:59+04:00	ck4r2-whole-1m	4	2544598	488	2	17055744	253952	uv*1 main2*1 
2026-09-25T09:35:59+04:00	ck4r2-whole-1m	4	2544614	2544598	57	970915840	799981568	ft*51 ZMQbg/Reaper*3 ZMQbg/IO/0*3 
2026-09-25T09:35:59+04:00	ck4r2-whole-1m	4	2544708	2544614	1	12697600	5939200	python3*1 
2026-09-25T09:35:59+04:00	ck4r2-whole-1m	4	2544709	2544614	45	18904793088	1916346368	python3*36 pt_gloo_runloop*2 ZMQbg/Reaper*2 ZMQbg/IO/0*2 pt_tcpstore_uv*1 cuda0000240000a*1 
2026-09-25T09:35:59+04:00	ck4r2-whole-1m	4	2544710	2544614	57	809291776	643915776	python3*49 ZMQbg/Reaper*4 ZMQbg/IO/0*4 
2026-09-25T09:36:10+04:00	ck4r2-whole-1m	4	2544598	488	2	17055744	253952	uv*1 main2*1 
2026-09-25T09:36:10+04:00	ck4r2-whole-1m	4	2544614	2544598	57	970915840	799981568	ft*51 ZMQbg/Reaper*3 ZMQbg/IO/0*3 
2026-09-25T09:36:10+04:00	ck4r2-whole-1m	4	2544708	2544614	1	12697600	5939200	python3*1 
2026-09-25T09:36:10+04:00	ck4r2-whole-1m	4	2544709	2544614	45	18904948736	1916502016	python3*36 pt_gloo_runloop*2 ZMQbg/Reaper*2 ZMQbg/IO/0*2 pt_tcpstore_uv*1 cuda0000240000a*1 
2026-09-25T09:36:10+04:00	ck4r2-whole-1m	4	2544710	2544614	57	809291776	643915776	python3*49 ZMQbg/Reaper*4 ZMQbg/IO/0*4 
2026-09-25T09:36:20+04:00	ck4r2-whole-1m	4	2544598	488	2	17055744	253952	uv*1 main2*1 
2026-09-25T09:36:20+04:00	ck4r2-whole-1m	4	2544614	2544598	57	970915840	799981568	ft*51 ZMQbg/Reaper*3 ZMQbg/IO/0*3 
2026-09-25T09:36:20+04:00	ck4r2-whole-1m	4	2544708	2544614	1	12697600	5939200	python3*1 
2026-09-25T09:36:20+04:00	ck4r2-whole-1m	4	2544709	2544614	45	18905128960	1916682240	python3*36 pt_gloo_runloop*2 ZMQbg/Reaper*2 ZMQbg/IO/0*2 pt_tcpstore_uv*1 cuda0000240000a*1 
2026-09-25T09:36:20+04:00	ck4r2-whole-1m	4	2544710	2544614	57	809291776	643915776	python3*49 ZMQbg/Reaper*4 ZMQbg/IO/0*4 
2026-09-25T09:36:30+04:00	ck4r2-whole-1m	4	2544598	488	2	16736256	249856	uv*1 main2*1 
2026-09-25T09:36:30+04:00	ck4r2-whole-1m	4	2544614	2544598	57	886476800	717332480	ft*51 ZMQbg/Reaper*3 ZMQbg/IO/0*3 
2026-09-25T09:36:30+04:00	ck4r2-whole-1m	4	2544708	2544614	1	12697600	5939200	python3*1 
2026-09-25T09:36:30+04:00	ck4r2-whole-1m	4	2544709	2544614	45	18902298624	1916837888	python3*36 pt_gloo_runloop*2 ZMQbg/Reaper*2 ZMQbg/IO/0*2 pt_tcpstore_uv*1 cuda0000240000a*1 
2026-09-25T09:36:30+04:00	ck4r2-whole-1m	4	2544710	2544614	57	807530496	643915776	python3*49 ZMQbg/Reaper*4 ZMQbg/IO/0*4 
2026-09-25T09:36:40+04:00	ck4r2-whole-1m	4	2544598	488	2	16736256	249856	uv*1 main2*1 
2026-09-25T09:36:40+04:00	ck4r2-whole-1m	4	2544614	2544598	57	886476800	717332480	ft*51 ZMQbg/Reaper*3 ZMQbg/IO/0*3 
2026-09-25T09:36:40+04:00	ck4r2-whole-1m	4	2544708	2544614	1	12697600	5939200	python3*1 
2026-09-25T09:36:40+04:00	ck4r2-whole-1m	4	2544709	2544614	45	18902458368	1916997632	python3*36 pt_gloo_runloop*2 ZMQbg/Reaper*2 ZMQbg/IO/0*2 pt_tcpstore_uv*1 cuda0000240000a*1 
2026-09-25T09:36:41+04:00	ck4r2-whole-1m	4	2544710	2544614	57	807530496	643915776	python3*49 ZMQbg/Reaper*4 ZMQbg/IO/0*4 
2026-09-25T09:36:51+04:00	ck4r2-whole-1m	4	2544598	488	2	16736256	249856	uv*1 main2*1 
2026-09-25T09:36:51+04:00	ck4r2-whole-1m	4	2544614	2544598	57	886517760	717373440	ft*51 ZMQbg/Reaper*3 ZMQbg/IO/0*3 
2026-09-25T09:36:51+04:00	ck4r2-whole-1m	4	2544708	2544614	1	12697600	5939200	python3*1 
2026-09-25T09:36:51+04:00	ck4r2-whole-1m	4	2544709	2544614	45	18904358912	1918898176	python3*36 pt_gloo_runloop*2 ZMQbg/Reaper*2 ZMQbg/IO/0*2 pt_tcpstore_uv*1 cuda0000240000a*1 
2026-09-25T09:36:51+04:00	ck4r2-whole-1m	4	2544710	2544614	57	807530496	643915776	python3*49 ZMQbg/Reaper*4 ZMQbg/IO/0*4 
2026-09-25T09:37:01+04:00	ck4r2-whole-1m	4	2544598	488	2	16732160	249856	uv*1 main2*1 
2026-09-25T09:37:01+04:00	ck4r2-whole-1m	4	2544614	2544598	57	748433408	585269248	ft*51 ZMQbg/Reaper*3 ZMQbg/IO/0*3 
2026-09-25T09:37:01+04:00	ck4r2-whole-1m	4	2544708	2544614	1	6930432	172032	python3*1 
2026-09-25T09:37:01+04:00	ck4r2-whole-1m	4	2544709	2544614	45	18888974336	1913102336	python3*36 pt_gloo_runloop*2 ZMQbg/Reaper*2 ZMQbg/IO/0*2 pt_tcpstore_uv*1 cuda0000240000a*1 
2026-09-25T09:37:01+04:00	ck4r2-whole-1m	4	2544710	2544614	57	790974464	633389056	python3*49 ZMQbg/Reaper*4 ZMQbg/IO/0*4 
2026-09-25T09:37:11+04:00	ck4r2-whole-1m	4	2544598	488	2	16728064	249856	uv*1 main2*1 
2026-09-25T09:37:11+04:00	ck4r2-whole-1m	4	2544614	2544598	57	742154240	585269248	ft*51 ZMQbg/Reaper*3 ZMQbg/IO/0*3 
2026-09-25T09:37:11+04:00	ck4r2-whole-1m	4	2544708	2544614	1	6930432	172032	python3*1 
2026-09-25T09:37:11+04:00	ck4r2-whole-1m	4	2544709	2544614	45	18847793152	1884676096	python3*36 pt_gloo_runloop*2 ZMQbg/Reaper*2 ZMQbg/IO/0*2 pt_tcpstore_uv*1 cuda0000240000a*1 
2026-09-25T09:37:12+04:00	ck4r2-whole-1m	4	2544710	2544614	57	756531200	605200384	python3*49 ZMQbg/Reaper*4 ZMQbg/IO/0*4 
2026-09-25T09:37:22+04:00	ck4r2-whole-1m	4	2544598	488	2	15745024	249856	uv*1 main2*1 
2026-09-25T09:37:22+04:00	ck4r2-whole-1m	4	2544614	2544598	57	726339584	585269248	ft*51 ZMQbg/Reaper*3 ZMQbg/IO/0*3 
2026-09-25T09:37:22+04:00	ck4r2-whole-1m	4	2544708	2544614	1	6930432	172032	python3*1 
2026-09-25T09:37:22+04:00	ck4r2-whole-1m	4	2544709	2544614	45	18900299776	1884700672	python3*36 pt_gloo_runloop*2 ZMQbg/Reaper*2 ZMQbg/IO/0*2 pt_tcpstore_uv*1 cuda0000240000a*1 
2026-09-25T09:37:22+04:00	ck4r2-whole-1m	4	2544710	2544614	57	740671488	605200384	python3*49 ZMQbg/Reaper*4 ZMQbg/IO/0*4 
2026-09-25T09:37:32+04:00	ck4r2-whole-1m	4	2544598	488	2	15732736	249856	uv*1 main2*1 
2026-09-25T09:37:32+04:00	ck4r2-whole-1m	4	2544614	2544598	57	719912960	585269248	ft*51 ZMQbg/Reaper*3 ZMQbg/IO/0*3 
2026-09-25T09:37:32+04:00	ck4r2-whole-1m	4	2544708	2544614	1	6930432	172032	python3*1 
2026-09-25T09:37:32+04:00	ck4r2-whole-1m	4	2544709	2544614	45	18886483968	1884700672	python3*36 pt_gloo_runloop*2 ZMQbg/Reaper*2 ZMQbg/IO/0*2 pt_tcpstore_uv*1 cuda0000240000a*1 
2026-09-25T09:37:32+04:00	ck4r2-whole-1m	4	2544710	2544614	57	734834688	605200384	python3*49 ZMQbg/Reaper*4 ZMQbg/IO/0*4 
2026-09-25T09:37:42+04:00	ck4r2-whole-1m	4	2544598	488	2	15732736	249856	uv*1 main2*1 
2026-09-25T09:37:42+04:00	ck4r2-whole-1m	4	2544614	2544598	57	719912960	585269248	ft*51 ZMQbg/Reaper*3 ZMQbg/IO/0*3 
2026-09-25T09:37:42+04:00	ck4r2-whole-1m	4	2544708	2544614	1	6930432	172032	python3*1 
2026-09-25T09:37:42+04:00	ck4r2-whole-1m	4	2544709	2544614	45	18886483968	1884700672	python3*36 pt_gloo_runloop*2 ZMQbg/Reaper*2 ZMQbg/IO/0*2 pt_tcpstore_uv*1 cuda0000240000a*1 
2026-09-25T09:37:42+04:00	ck4r2-whole-1m	4	2544710	2544614	57	734834688	605200384	python3*49 ZMQbg/Reaper*4 ZMQbg/IO/0*4 
2026-09-25T09:37:53+04:00	ck4r2-whole-1m	4	2544598	488	2	15732736	249856	uv*1 main2*1 
2026-09-25T09:37:53+04:00	ck4r2-whole-1m	4	2544614	2544598	57	719912960	585269248	ft*51 ZMQbg/Reaper*3 ZMQbg/IO/0*3 
2026-09-25T09:37:53+04:00	ck4r2-whole-1m	4	2544708	2544614	1	6930432	172032	python3*1 
2026-09-25T09:37:53+04:00	ck4r2-whole-1m	4	2544709	2544614	45	18886483968	1884700672	python3*36 pt_gloo_runloop*2 ZMQbg/Reaper*2 ZMQbg/IO/0*2 pt_tcpstore_uv*1 cuda0000240000a*1 
2026-09-25T09:37:53+04:00	ck4r2-whole-1m	4	2544710	2544614	57	734834688	605200384	python3*49 ZMQbg/Reaper*4 ZMQbg/IO/0*4 
2026-09-25T09:38:03+04:00	ck4r2-whole-1m	4	2544598	488	2	15732736	249856	uv*1 main2*1 
2026-09-25T09:38:03+04:00	ck4r2-whole-1m	4	2544614	2544598	57	719912960	585269248	ft*51 ZMQbg/Reaper*3 ZMQbg/IO/0*3 
2026-09-25T09:38:03+04:00	ck4r2-whole-1m	4	2544708	2544614	1	6930432	172032	python3*1 
2026-09-25T09:38:03+04:00	ck4r2-whole-1m	4	2544709	2544614	45	18886483968	1884700672	python3*36 pt_gloo_runloop*2 ZMQbg/Reaper*2 ZMQbg/IO/0*2 pt_tcpstore_uv*1 cuda0000240000a*1 
2026-09-25T09:38:03+04:00	ck4r2-whole-1m	4	2544710	2544614	57	734834688	605200384	python3*49 ZMQbg/Reaper*4 ZMQbg/IO/0*4 
2026-09-25T09:38:13+04:00	ck4r2-whole-1m	4	2544598	488	2	15732736	249856	uv*1 main2*1 
2026-09-25T09:38:13+04:00	ck4r2-whole-1m	4	2544614	2544598	57	719912960	585269248	ft*51 ZMQbg/Reaper*3 ZMQbg/IO/0*3 
2026-09-25T09:38:13+04:00	ck4r2-whole-1m	4	2544708	2544614	1	6930432	172032	python3*1 
2026-09-25T09:38:13+04:00	ck4r2-whole-1m	4	2544709	2544614	45	18886483968	1884700672	python3*36 pt_gloo_runloop*2 ZMQbg/Reaper*2 ZMQbg/IO/0*2 pt_tcpstore_uv*1 cuda0000240000a*1 
2026-09-25T09:38:13+04:00	ck4r2-whole-1m	4	2544710	2544614	57	734834688	605200384	python3*49 ZMQbg/Reaper*4 ZMQbg/IO/0*4 
2026-09-25T09:38:23+04:00	ck4r2-whole-1m	4	2544598	488	2	15732736	249856	uv*1 main2*1 
2026-09-25T09:38:23+04:00	ck4r2-whole-1m	4	2544614	2544598	57	719912960	585269248	ft*51 ZMQbg/Reaper*3 ZMQbg/IO/0*3 
2026-09-25T09:38:24+04:00	ck4r2-whole-1m	4	2544708	2544614	1	6930432	172032	python3*1 
2026-09-25T09:38:24+04:00	ck4r2-whole-1m	4	2544709	2544614	45	18886483968	1884700672	python3*36 pt_gloo_runloop*2 ZMQbg/Reaper*2 ZMQbg/IO/0*2 pt_tcpstore_uv*1 cuda0000240000a*1 
2026-09-25T09:38:24+04:00	ck4r2-whole-1m	4	2544710	2544614	57	734834688	605200384	python3*49 ZMQbg/Reaper*4 ZMQbg/IO/0*4 
2026-09-25T09:38:34+04:00	ck4r2-whole-1m	4	2544598	488	2	15732736	249856	uv*1 main2*1 
2026-09-25T09:38:34+04:00	ck4r2-whole-1m	4	2544614	2544598	57	719912960	585269248	ft*51 ZMQbg/Reaper*3 ZMQbg/IO/0*3 
2026-09-25T09:38:34+04:00	ck4r2-whole-1m	4	2544708	2544614	1	6930432	172032	python3*1 
2026-09-25T09:38:34+04:00	ck4r2-whole-1m	4	2544709	2544614	45	18886483968	1884700672	python3*36 pt_gloo_runloop*2 ZMQbg/Reaper*2 ZMQbg/IO/0*2 pt_tcpstore_uv*1 cuda0000240000a*1 
2026-09-25T09:38:34+04:00	ck4r2-whole-1m	4	2544710	2544614	57	734834688	605200384	python3*49 ZMQbg/Reaper*4 ZMQbg/IO/0*4 
2026-09-25T09:38:44+04:00	ck4r2-whole-1m	4	2544598	488	2	15732736	249856	uv*1 main2*1 
2026-09-25T09:38:44+04:00	ck4r2-whole-1m	4	2544614	2544598	57	719912960	585269248	ft*51 ZMQbg/Reaper*3 ZMQbg/IO/0*3 
2026-09-25T09:38:44+04:00	ck4r2-whole-1m	4	2544708	2544614	1	6930432	172032	python3*1 
2026-09-25T09:38:44+04:00	ck4r2-whole-1m	4	2544709	2544614	45	18886483968	1884700672	python3*36 pt_gloo_runloop*2 ZMQbg/Reaper*2 ZMQbg/IO/0*2 pt_tcpstore_uv*1 cuda0000240000a*1 
2026-09-25T09:38:44+04:00	ck4r2-whole-1m	4	2544710	2544614	57	734834688	605200384	python3*49 ZMQbg/Reaper*4 ZMQbg/IO/0*4 
2026-09-25T09:38:54+04:00	ck4r2-whole-1m	4	2544598	488	2	15732736	249856	uv*1 main2*1 
2026-09-25T09:38:54+04:00	ck4r2-whole-1m	4	2544614	2544598	57	719912960	585269248	ft*51 ZMQbg/Reaper*3 ZMQbg/IO/0*3 
2026-09-25T09:38:54+04:00	ck4r2-whole-1m	4	2544708	2544614	1	6930432	172032	python3*1 
2026-09-25T09:38:54+04:00	ck4r2-whole-1m	4	2544709	2544614	45	18886582272	1884798976	python3*36 pt_gloo_runloop*2 ZMQbg/Reaper*2 ZMQbg/IO/0*2 pt_tcpstore_uv*1 cuda0000240000a*1 
2026-09-25T09:38:55+04:00	ck4r2-whole-1m	4	2544710	2544614	57	734834688	605200384	python3*49 ZMQbg/Reaper*4 ZMQbg/IO/0*4 
2026-09-25T09:39:05+04:00	ck4r2-whole-1m	4	2544598	488	2	15732736	249856	uv*1 main2*1 
2026-09-25T09:39:05+04:00	ck4r2-whole-1m	4	2544614	2544598	57	719912960	585269248	ft*51 ZMQbg/Reaper*3 ZMQbg/IO/0*3 
2026-09-25T09:39:05+04:00	ck4r2-whole-1m	4	2544708	2544614	1	6930432	172032	python3*1 
2026-09-25T09:39:05+04:00	ck4r2-whole-1m	4	2544709	2544614	45	18886737920	1884954624	python3*36 pt_gloo_runloop*2 ZMQbg/Reaper*2 ZMQbg/IO/0*2 pt_tcpstore_uv*1 cuda0000240000a*1 
2026-09-25T09:39:05+04:00	ck4r2-whole-1m	4	2544710	2544614	57	734834688	605200384	python3*49 ZMQbg/Reaper*4 ZMQbg/IO/0*4 
2026-09-25T09:39:15+04:00	ck4r2-whole-1m	4	2544598	488	2	15732736	249856	uv*1 main2*1 
2026-09-25T09:39:15+04:00	ck4r2-whole-1m	4	2544614	2544598	57	719912960	585269248	ft*51 ZMQbg/Reaper*3 ZMQbg/IO/0*3 
2026-09-25T09:39:15+04:00	ck4r2-whole-1m	4	2544708	2544614	1	6930432	172032	python3*1 
2026-09-25T09:39:15+04:00	ck4r2-whole-1m	4	2544709	2544614	45	18886914048	1885130752	python3*36 pt_gloo_runloop*2 ZMQbg/Reaper*2 ZMQbg/IO/0*2 pt_tcpstore_uv*1 cuda0000240000a*1 
2026-09-25T09:39:15+04:00	ck4r2-whole-1m	4	2544710	2544614	57	734834688	605200384	python3*49 ZMQbg/Reaper*4 ZMQbg/IO/0*4 
2026-09-25T09:39:25+04:00	ck4r2-whole-1m	4	2544598	488	2	15732736	249856	uv*1 main2*1 
2026-09-25T09:39:25+04:00	ck4r2-whole-1m	4	2544614	2544598	57	719912960	585269248	ft*51 ZMQbg/Reaper*3 ZMQbg/IO/0*3 
2026-09-25T09:39:25+04:00	ck4r2-whole-1m	4	2544708	2544614	1	6930432	172032	python3*1 
2026-09-25T09:39:25+04:00	ck4r2-whole-1m	4	2544709	2544614	45	18887032832	1885265920	python3*36 pt_gloo_runloop*2 ZMQbg/Reaper*2 ZMQbg/IO/0*2 pt_tcpstore_uv*1 cuda0000240000a*1 
2026-09-25T09:39:25+04:00	ck4r2-whole-1m	4	2544710	2544614	57	734834688	605200384	python3*49 ZMQbg/Reaper*4 ZMQbg/IO/0*4 
2026-09-25T09:39:35+04:00	ck4r2-whole-1m	4	2544598	488	2	15732736	249856	uv*1 main2*1 
2026-09-25T09:39:35+04:00	ck4r2-whole-1m	4	2544614	2544598	57	719912960	585269248	ft*51 ZMQbg/Reaper*3 ZMQbg/IO/0*3 
2026-09-25T09:39:35+04:00	ck4r2-whole-1m	4	2544708	2544614	1	6930432	172032	python3*1 
2026-09-25T09:39:35+04:00	ck4r2-whole-1m	4	2544709	2544614	45	18887184384	1885401088	python3*36 pt_gloo_runloop*2 ZMQbg/Reaper*2 ZMQbg/IO/0*2 pt_tcpstore_uv*1 cuda0000240000a*1 
2026-09-25T09:39:36+04:00	ck4r2-whole-1m	4	2544710	2544614	57	734834688	605200384	python3*49 ZMQbg/Reaper*4 ZMQbg/IO/0*4 
2026-09-25T09:39:46+04:00	ck4r2-whole-1m	4	2544598	488	2	15732736	249856	uv*1 main2*1 
2026-09-25T09:39:46+04:00	ck4r2-whole-1m	4	2544614	2544598	57	719912960	585269248	ft*51 ZMQbg/Reaper*3 ZMQbg/IO/0*3 
2026-09-25T09:39:46+04:00	ck4r2-whole-1m	4	2544708	2544614	1	6930432	172032	python3*1 
2026-09-25T09:39:46+04:00	ck4r2-whole-1m	4	2544709	2544614	45	18887344128	1885560832	python3*36 pt_gloo_runloop*2 ZMQbg/Reaper*2 ZMQbg/IO/0*2 pt_tcpstore_uv*1 cuda0000240000a*1 
2026-09-25T09:39:46+04:00	ck4r2-whole-1m	4	2544710	2544614	57	734834688	605200384	python3*49 ZMQbg/Reaper*4 ZMQbg/IO/0*4 
2026-09-25T09:39:56+04:00	ck4r2-whole-1m	4	2544598	488	2	15732736	249856	uv*1 main2*1 
2026-09-25T09:39:56+04:00	ck4r2-whole-1m	4	2544614	2544598	57	719912960	585269248	ft*51 ZMQbg/Reaper*3 ZMQbg/IO/0*3 
2026-09-25T09:39:56+04:00	ck4r2-whole-1m	4	2544708	2544614	1	6930432	172032	python3*1 
2026-09-25T09:39:56+04:00	ck4r2-whole-1m	4	2544709	2544614	45	18887491584	1885708288	python3*36 pt_gloo_runloop*2 ZMQbg/Reaper*2 ZMQbg/IO/0*2 pt_tcpstore_uv*1 cuda0000240000a*1 
2026-09-25T09:39:56+04:00	ck4r2-whole-1m	4	2544710	2544614	57	734834688	605200384	python3*49 ZMQbg/Reaper*4 ZMQbg/IO/0*4 
2026-09-25T09:40:06+04:00	ck4r2-whole-1m	4	2544598	488	2	15732736	249856	uv*1 main2*1 
2026-09-25T09:40:06+04:00	ck4r2-whole-1m	4	2544614	2544598	57	719912960	585269248	ft*51 ZMQbg/Reaper*3 ZMQbg/IO/0*3 
2026-09-25T09:40:06+04:00	ck4r2-whole-1m	4	2544708	2544614	1	6930432	172032	python3*1 
2026-09-25T09:40:06+04:00	ck4r2-whole-1m	4	2544709	2544614	45	18887651328	1885868032	python3*36 pt_gloo_runloop*2 ZMQbg/Reaper*2 ZMQbg/IO/0*2 pt_tcpstore_uv*1 cuda0000240000a*1 
2026-09-25T09:40:06+04:00	ck4r2-whole-1m	4	2544710	2544614	57	734834688	605200384	python3*49 ZMQbg/Reaper*4 ZMQbg/IO/0*4 
2026-09-25T09:40:17+04:00	ck4r2-whole-1m	4	2544598	488	2	15732736	249856	uv*1 main2*1 
2026-09-25T09:40:17+04:00	ck4r2-whole-1m	4	2544614	2544598	57	719912960	585269248	ft*51 ZMQbg/Reaper*3 ZMQbg/IO/0*3 
2026-09-25T09:40:17+04:00	ck4r2-whole-1m	4	2544708	2544614	1	6930432	172032	python3*1 
2026-09-25T09:40:17+04:00	ck4r2-whole-1m	4	2544709	2544614	45	18887806976	1886023680	python3*36 pt_gloo_runloop*2 ZMQbg/Reaper*2 ZMQbg/IO/0*2 pt_tcpstore_uv*1 cuda0000240000a*1 
2026-09-25T09:40:17+04:00	ck4r2-whole-1m	4	2544710	2544614	57	734834688	605200384	python3*49 ZMQbg/Reaper*4 ZMQbg/IO/0*4 
2026-09-25T09:40:27+04:00	ck4r2-whole-1m	4	2544598	488	2	15732736	249856	uv*1 main2*1 
2026-09-25T09:40:27+04:00	ck4r2-whole-1m	4	2544614	2544598	57	719912960	585269248	ft*51 ZMQbg/Reaper*3 ZMQbg/IO/0*3 
2026-09-25T09:40:27+04:00	ck4r2-whole-1m	4	2544708	2544614	1	6930432	172032	python3*1 
2026-09-25T09:40:27+04:00	ck4r2-whole-1m	4	2544709	2544614	45	18887942144	1886167040	python3*36 pt_gloo_runloop*2 ZMQbg/Reaper*2 ZMQbg/IO/0*2 pt_tcpstore_uv*1 cuda0000240000a*1 
2026-09-25T09:40:27+04:00	ck4r2-whole-1m	4	2544710	2544614	57	734834688	605200384	python3*49 ZMQbg/Reaper*4 ZMQbg/IO/0*4 
2026-09-25T09:40:37+04:00	ck4r2-whole-1m	4	2544598	488	2	15732736	249856	uv*1 main2*1 
2026-09-25T09:40:37+04:00	ck4r2-whole-1m	4	2544614	2544598	57	719912960	585269248	ft*51 ZMQbg/Reaper*3 ZMQbg/IO/0*3 
2026-09-25T09:40:37+04:00	ck4r2-whole-1m	4	2544708	2544614	1	6930432	172032	python3*1 
2026-09-25T09:40:37+04:00	ck4r2-whole-1m	4	2544709	2544614	45	18888097792	1886314496	python3*36 pt_gloo_runloop*2 ZMQbg/Reaper*2 ZMQbg/IO/0*2 pt_tcpstore_uv*1 cuda0000240000a*1 
2026-09-25T09:40:37+04:00	ck4r2-whole-1m	4	2544710	2544614	57	734834688	605200384	python3*49 ZMQbg/Reaper*4 ZMQbg/IO/0*4 
2026-09-25T09:40:47+04:00	ck4r2-whole-1m	4	2544598	488	2	15732736	249856	uv*1 main2*1 
2026-09-25T09:40:47+04:00	ck4r2-whole-1m	4	2544614	2544598	57	719912960	585269248	ft*51 ZMQbg/Reaper*3 ZMQbg/IO/0*3 
2026-09-25T09:40:47+04:00	ck4r2-whole-1m	4	2544708	2544614	1	6930432	172032	python3*1 
2026-09-25T09:40:47+04:00	ck4r2-whole-1m	4	2544709	2544614	45	18888253440	1886470144	python3*36 pt_gloo_runloop*2 ZMQbg/Reaper*2 ZMQbg/IO/0*2 pt_tcpstore_uv*1 cuda0000240000a*1 
2026-09-25T09:40:48+04:00	ck4r2-whole-1m	4	2544710	2544614	57	734834688	605200384	python3*49 ZMQbg/Reaper*4 ZMQbg/IO/0*4 
2026-09-25T09:40:58+04:00	ck4r2-whole-1m	4	2544598	488	2	15732736	249856	uv*1 main2*1 
2026-09-25T09:40:58+04:00	ck4r2-whole-1m	4	2544614	2544598	57	719912960	585269248	ft*51 ZMQbg/Reaper*3 ZMQbg/IO/0*3 
2026-09-25T09:40:58+04:00	ck4r2-whole-1m	4	2544708	2544614	1	6930432	172032	python3*1 
2026-09-25T09:40:58+04:00	ck4r2-whole-1m	4	2544709	2544614	45	18888388608	1886605312	python3*36 pt_gloo_runloop*2 ZMQbg/Reaper*2 ZMQbg/IO/0*2 pt_tcpstore_uv*1 cuda0000240000a*1 
2026-09-25T09:40:58+04:00	ck4r2-whole-1m	4	2544710	2544614	57	734834688	605200384	python3*49 ZMQbg/Reaper*4 ZMQbg/IO/0*4 
2026-09-25T09:41:08+04:00	ck4r2-whole-1m	4	2544598	488	2	15732736	249856	uv*1 main2*1 
2026-09-25T09:41:08+04:00	ck4r2-whole-1m	4	2544614	2544598	57	719912960	585269248	ft*51 ZMQbg/Reaper*3 ZMQbg/IO/0*3 
2026-09-25T09:41:08+04:00	ck4r2-whole-1m	4	2544708	2544614	1	6930432	172032	python3*1 
2026-09-25T09:41:08+04:00	ck4r2-whole-1m	4	2544709	2544614	45	18888548352	1886765056	python3*36 pt_gloo_runloop*2 ZMQbg/Reaper*2 ZMQbg/IO/0*2 pt_tcpstore_uv*1 cuda0000240000a*1 
2026-09-25T09:41:08+04:00	ck4r2-whole-1m	4	2544710	2544614	57	734834688	605200384	python3*49 ZMQbg/Reaper*4 ZMQbg/IO/0*4 
2026-09-25T09:41:18+04:00	ck4r2-whole-1m	4	2544598	488	2	15732736	249856	uv*1 main2*1 
2026-09-25T09:41:18+04:00	ck4r2-whole-1m	4	2544614	2544598	57	719912960	585269248	ft*51 ZMQbg/Reaper*3 ZMQbg/IO/0*3 
2026-09-25T09:41:18+04:00	ck4r2-whole-1m	4	2544708	2544614	1	6930432	172032	python3*1 
2026-09-25T09:41:18+04:00	ck4r2-whole-1m	4	2544709	2544614	45	18888687616	1886912512	python3*36 pt_gloo_runloop*2 ZMQbg/Reaper*2 ZMQbg/IO/0*2 pt_tcpstore_uv*1 cuda0000240000a*1 
2026-09-25T09:41:18+04:00	ck4r2-whole-1m	4	2544710	2544614	57	734834688	605200384	python3*49 ZMQbg/Reaper*4 ZMQbg/IO/0*4 
2026-09-25T09:41:29+04:00	ck4r2-whole-1m	4	2544598	488	2	15732736	249856	uv*1 main2*1 
2026-09-25T09:41:29+04:00	ck4r2-whole-1m	4	2544614	2544598	57	719912960	585269248	ft*51 ZMQbg/Reaper*3 ZMQbg/IO/0*3 
2026-09-25T09:41:29+04:00	ck4r2-whole-1m	4	2544708	2544614	1	6930432	172032	python3*1 
2026-09-25T09:41:29+04:00	ck4r2-whole-1m	4	2544709	2544614	45	18888843264	1887059968	python3*36 pt_gloo_runloop*2 ZMQbg/Reaper*2 ZMQbg/IO/0*2 pt_tcpstore_uv*1 cuda0000240000a*1 
2026-09-25T09:41:29+04:00	ck4r2-whole-1m	4	2544710	2544614	57	734834688	605200384	python3*49 ZMQbg/Reaper*4 ZMQbg/IO/0*4 
2026-09-25T09:41:39+04:00	ck4r2-whole-1m	4	2544598	488	2	15732736	249856	uv*1 main2*1 
2026-09-25T09:41:39+04:00	ck4r2-whole-1m	4	2544614	2544598	57	719912960	585269248	ft*51 ZMQbg/Reaper*3 ZMQbg/IO/0*3 
2026-09-25T09:41:39+04:00	ck4r2-whole-1m	4	2544708	2544614	1	6930432	172032	python3*1 
2026-09-25T09:41:39+04:00	ck4r2-whole-1m	4	2544709	2544614	45	18888978432	1887195136	python3*36 pt_gloo_runloop*2 ZMQbg/Reaper*2 ZMQbg/IO/0*2 pt_tcpstore_uv*1 cuda0000240000a*1 
2026-09-25T09:41:39+04:00	ck4r2-whole-1m	4	2544710	2544614	57	734834688	605200384	python3*49 ZMQbg/Reaper*4 ZMQbg/IO/0*4 
2026-09-25T09:41:49+04:00	ck4r2-whole-1m	4	2544598	488	2	15732736	249856	uv*1 main2*1 
2026-09-25T09:41:49+04:00	ck4r2-whole-1m	4	2544614	2544598	57	719912960	585269248	ft*51 ZMQbg/Reaper*3 ZMQbg/IO/0*3 
2026-09-25T09:41:49+04:00	ck4r2-whole-1m	4	2544708	2544614	1	6930432	172032	python3*1 
2026-09-25T09:41:49+04:00	ck4r2-whole-1m	4	2544709	2544614	45	18889113600	1887330304	python3*36 pt_gloo_runloop*2 ZMQbg/Reaper*2 ZMQbg/IO/0*2 pt_tcpstore_uv*1 cuda0000240000a*1 
2026-09-25T09:41:49+04:00	ck4r2-whole-1m	4	2544710	2544614	57	734834688	605200384	python3*49 ZMQbg/Reaper*4 ZMQbg/IO/0*4 
2026-09-25T09:41:59+04:00	ck4r2-whole-1m	4	2544598	488	2	15728640	249856	uv*1 main2*1 
2026-09-25T09:41:59+04:00	ck4r2-whole-1m	4	2544614	2544598	57	718811136	585244672	ft*51 ZMQbg/Reaper*3 ZMQbg/IO/0*3 
2026-09-25T09:41:59+04:00	ck4r2-whole-1m	4	2544708	2544614	1	6930432	172032	python3*1 
2026-09-25T09:41:59+04:00	ck4r2-whole-1m	4	2544709	2544614	45	18845396992	1846013952	python3*36 pt_gloo_runloop*2 ZMQbg/Reaper*2 ZMQbg/IO/0*2 pt_tcpstore_uv*1 cuda0000240000a*1 
2026-09-25T09:42:00+04:00	ck4r2-whole-1m	4	2544710	2544614	57	692191232	563597312	python3*49 ZMQbg/Reaper*4 ZMQbg/IO/0*4 
2026-09-25T09:42:10+04:00	ck4r2-whole-1m	4	2544598	488	2	15728640	249856	uv*1 main2*1 
2026-09-25T09:42:10+04:00	ck4r2-whole-1m	4	2544614	2544598	57	714141696	585244672	ft*51 ZMQbg/Reaper*3 ZMQbg/IO/0*3 
2026-09-25T09:42:10+04:00	ck4r2-whole-1m	4	2544708	2544614	1	6930432	172032	python3*1 
2026-09-25T09:42:10+04:00	ck4r2-whole-1m	4	2544709	2544614	45	18743488512	1750687744	python3*36 pt_gloo_runloop*2 ZMQbg/Reaper*2 ZMQbg/IO/0*2 pt_tcpstore_uv*1 cuda0000240000a*1 
2026-09-25T09:42:10+04:00	ck4r2-whole-1m	4	2544710	2544614	57	590548992	466550784	python3*49 ZMQbg/Reaper*4 ZMQbg/IO/0*4 
2026-09-25T09:42:20+04:00	ck4r2-whole-1m	4	2544598	488	2	15728640	249856	uv*1 main2*1 
2026-09-25T09:42:20+04:00	ck4r2-whole-1m	4	2544614	2544598	57	714141696	585244672	ft*51 ZMQbg/Reaper*3 ZMQbg/IO/0*3 
2026-09-25T09:42:20+04:00	ck4r2-whole-1m	4	2544708	2544614	1	6930432	172032	python3*1 
2026-09-25T09:42:20+04:00	ck4r2-whole-1m	4	2544709	2544614	45	18743623680	1750822912	python3*36 pt_gloo_runloop*2 ZMQbg/Reaper*2 ZMQbg/IO/0*2 pt_tcpstore_uv*1 cuda0000240000a*1 
2026-09-25T09:42:20+04:00	ck4r2-whole-1m	4	2544710	2544614	57	590548992	466550784	python3*49 ZMQbg/Reaper*4 ZMQbg/IO/0*4 
2026-09-25T09:42:30+04:00	ck4r2-whole-1m	4	2544598	488	2	15728640	249856	uv*1 main2*1 
2026-09-25T09:42:30+04:00	ck4r2-whole-1m	4	2544614	2544598	57	714141696	585244672	ft*51 ZMQbg/Reaper*3 ZMQbg/IO/0*3 
2026-09-25T09:42:30+04:00	ck4r2-whole-1m	4	2544708	2544614	1	6930432	172032	python3*1 
2026-09-25T09:42:30+04:00	ck4r2-whole-1m	4	2544709	2544614	45	18743783424	1750982656	python3*36 pt_gloo_runloop*2 ZMQbg/Reaper*2 ZMQbg/IO/0*2 pt_tcpstore_uv*1 cuda0000240000a*1 
2026-09-25T09:42:30+04:00	ck4r2-whole-1m	4	2544710	2544614	57	590548992	466550784	python3*49 ZMQbg/Reaper*4 ZMQbg/IO/0*4 
2026-09-25T09:42:41+04:00	ck4r2-whole-1m	4	2544598	488	2	15728640	249856	uv*1 main2*1 
2026-09-25T09:42:41+04:00	ck4r2-whole-1m	4	2544614	2544598	57	714141696	585244672	ft*51 ZMQbg/Reaper*3 ZMQbg/IO/0*3 
2026-09-25T09:42:41+04:00	ck4r2-whole-1m	4	2544708	2544614	1	6930432	172032	python3*1 
2026-09-25T09:42:41+04:00	ck4r2-whole-1m	4	2544709	2544614	45	18743914496	1751113728	python3*36 pt_gloo_runloop*2 ZMQbg/Reaper*2 ZMQbg/IO/0*2 pt_tcpstore_uv*1 cuda0000240000a*1 
2026-09-25T09:42:41+04:00	ck4r2-whole-1m	4	2544710	2544614	57	590548992	466550784	python3*49 ZMQbg/Reaper*4 ZMQbg/IO/0*4 
2026-09-25T09:42:51+04:00	ck4r2-whole-1m	4	2544598	488	2	15728640	249856	uv*1 main2*1 
2026-09-25T09:42:51+04:00	ck4r2-whole-1m	4	2544614	2544598	57	714141696	585244672	ft*51 ZMQbg/Reaper*3 ZMQbg/IO/0*3 
2026-09-25T09:42:51+04:00	ck4r2-whole-1m	4	2544708	2544614	1	6930432	172032	python3*1 
2026-09-25T09:42:51+04:00	ck4r2-whole-1m	4	2544709	2544614	45	18744053760	1751252992	python3*36 pt_gloo_runloop*2 ZMQbg/Reaper*2 ZMQbg/IO/0*2 pt_tcpstore_uv*1 cuda0000240000a*1 
2026-09-25T09:42:51+04:00	ck4r2-whole-1m	4	2544710	2544614	57	590548992	466550784	python3*49 ZMQbg/Reaper*4 ZMQbg/IO/0*4 
2026-09-25T09:43:01+04:00	ck4r2-whole-1m	4	2544598	488	2	15728640	249856	uv*1 main2*1 
2026-09-25T09:43:01+04:00	ck4r2-whole-1m	4	2544614	2544598	57	714141696	585244672	ft*51 ZMQbg/Reaper*3 ZMQbg/IO/0*3 
2026-09-25T09:43:01+04:00	ck4r2-whole-1m	4	2544708	2544614	1	6930432	172032	python3*1 
2026-09-25T09:43:01+04:00	ck4r2-whole-1m	4	2544709	2544614	45	18744188928	1751388160	python3*36 pt_gloo_runloop*2 ZMQbg/Reaper*2 ZMQbg/IO/0*2 pt_tcpstore_uv*1 cuda0000240000a*1 
2026-09-25T09:43:01+04:00	ck4r2-whole-1m	4	2544710	2544614	57	590548992	466550784	python3*49 ZMQbg/Reaper*4 ZMQbg/IO/0*4 
2026-09-25T09:43:11+04:00	ck4r2-whole-1m	4	2544598	488	2	15728640	249856	uv*1 main2*1 
2026-09-25T09:43:12+04:00	ck4r2-whole-1m	4	2544614	2544598	57	714141696	585244672	ft*51 ZMQbg/Reaper*3 ZMQbg/IO/0*3 
2026-09-25T09:43:12+04:00	ck4r2-whole-1m	4	2544708	2544614	1	6930432	172032	python3*1 
2026-09-25T09:43:12+04:00	ck4r2-whole-1m	4	2544709	2544614	45	18744344576	1751543808	python3*36 pt_gloo_runloop*2 ZMQbg/Reaper*2 ZMQbg/IO/0*2 pt_tcpstore_uv*1 cuda0000240000a*1 
2026-09-25T09:43:12+04:00	ck4r2-whole-1m	4	2544710	2544614	57	590548992	466550784	python3*49 ZMQbg/Reaper*4 ZMQbg/IO/0*4 
2026-09-25T09:43:22+04:00	ck4r2-whole-1m	4	2544598	488	2	15728640	249856	uv*1 main2*1 
2026-09-25T09:43:22+04:00	ck4r2-whole-1m	4	2544614	2544598	57	714141696	585244672	ft*51 ZMQbg/Reaper*3 ZMQbg/IO/0*3 
2026-09-25T09:43:22+04:00	ck4r2-whole-1m	4	2544708	2544614	1	6930432	172032	python3*1 
2026-09-25T09:43:22+04:00	ck4r2-whole-1m	4	2544709	2544614	45	18744479744	1751678976	python3*36 pt_gloo_runloop*2 ZMQbg/Reaper*2 ZMQbg/IO/0*2 pt_tcpstore_uv*1 cuda0000240000a*1 
2026-09-25T09:43:22+04:00	ck4r2-whole-1m	4	2544710	2544614	57	590548992	466550784	python3*49 ZMQbg/Reaper*4 ZMQbg/IO/0*4 
2026-09-25T09:43:32+04:00	ck4r2-whole-1m	4	2544598	488	2	15728640	249856	uv*1 main2*1 
2026-09-25T09:43:32+04:00	ck4r2-whole-1m	4	2544614	2544598	57	714141696	585244672	ft*51 ZMQbg/Reaper*3 ZMQbg/IO/0*3 
2026-09-25T09:43:32+04:00	ck4r2-whole-1m	4	2544708	2544614	1	6930432	172032	python3*1 
2026-09-25T09:43:32+04:00	ck4r2-whole-1m	4	2544709	2544614	45	18745794560	1752993792	python3*36 pt_gloo_runloop*2 ZMQbg/Reaper*2 ZMQbg/IO/0*2 pt_tcpstore_uv*1 cuda0000240000a*1 
2026-09-25T09:43:32+04:00	ck4r2-whole-1m	4	2544710	2544614	57	590548992	466550784	python3*49 ZMQbg/Reaper*4 ZMQbg/IO/0*4 
2026-09-25T09:43:42+04:00	ck4r2-whole-1m	4	2544598	488	2	15728640	249856	uv*1 main2*1 
2026-09-25T09:43:42+04:00	ck4r2-whole-1m	4	2544614	2544598	57	714145792	585248768	ft*51 ZMQbg/Reaper*3 ZMQbg/IO/0*3 
2026-09-25T09:43:42+04:00	ck4r2-whole-1m	4	2544708	2544614	1	6930432	172032	python3*1 
2026-09-25T09:43:42+04:00	ck4r2-whole-1m	4	2544709	2544614	45	18746843136	1754042368	python3*36 pt_gloo_runloop*2 ZMQbg/Reaper*2 ZMQbg/IO/0*2 pt_tcpstore_uv*1 cuda0000240000a*1 
2026-09-25T09:43:43+04:00	ck4r2-whole-1m	4	2544710	2544614	57	590548992	466550784	python3*49 ZMQbg/Reaper*4 ZMQbg/IO/0*4 
2026-09-25T09:43:53+04:00	ck4r2-whole-1m	4	2544598	488	2	14655488	200704	uv*1 main2*1 
2026-09-25T09:43:53+04:00	ck4r2-whole-1m	4	2544614	2544598	57	694386688	582033408	ft*51 ZMQbg/Reaper*3 ZMQbg/IO/0*3 
2026-09-25T09:43:53+04:00	ck4r2-whole-1m	4	2544708	2544614	1	6889472	131072	python3*1 
2026-09-25T09:43:53+04:00	ck4r2-whole-1m	4	2544709	2544614	45	18601398272	1626611712	python3*36 pt_gloo_runloop*2 ZMQbg/Reaper*2 ZMQbg/IO/0*2 pt_tcpstore_uv*1 cuda0000240000a*1 
2026-09-25T09:43:53+04:00	ck4r2-whole-1m	4	2544710	2544614	57	436264960	328208384	python3*49 ZMQbg/Reaper*4 ZMQbg/IO/0*4 
2026-09-25T09:44:03+04:00	ck4r2-whole-1m	4	2544598	488	2	14655488	200704	uv*1 main2*1 
2026-09-25T09:44:03+04:00	ck4r2-whole-1m	4	2544614	2544598	57	694386688	582033408	ft*51 ZMQbg/Reaper*3 ZMQbg/IO/0*3 
2026-09-25T09:44:03+04:00	ck4r2-whole-1m	4	2544708	2544614	1	6889472	131072	python3*1 
2026-09-25T09:44:03+04:00	ck4r2-whole-1m	4	2544709	2544614	45	18601398272	1626611712	python3*36 pt_gloo_runloop*2 ZMQbg/Reaper*2 ZMQbg/IO/0*2 pt_tcpstore_uv*1 cuda0000240000a*1 
2026-09-25T09:44:03+04:00	ck4r2-whole-1m	4	2544710	2544614	57	436264960	328208384	python3*49 ZMQbg/Reaper*4 ZMQbg/IO/0*4 
2026-09-25T09:44:13+04:00	ck4r2-whole-1m	4	2544598	488	2	14655488	200704	uv*1 main2*1 
2026-09-25T09:44:13+04:00	ck4r2-whole-1m	4	2544614	2544598	57	694386688	582033408	ft*51 ZMQbg/Reaper*3 ZMQbg/IO/0*3 
2026-09-25T09:44:13+04:00	ck4r2-whole-1m	4	2544708	2544614	1	6889472	131072	python3*1 
2026-09-25T09:44:13+04:00	ck4r2-whole-1m	4	2544709	2544614	45	18601398272	1626611712	python3*36 pt_gloo_runloop*2 ZMQbg/Reaper*2 ZMQbg/IO/0*2 pt_tcpstore_uv*1 cuda0000240000a*1 
2026-09-25T09:44:14+04:00	ck4r2-whole-1m	4	2544710	2544614	57	436264960	328208384	python3*49 ZMQbg/Reaper*4 ZMQbg/IO/0*4 
2026-09-25T09:44:24+04:00	ck4r2-whole-1m	4	2544598	488	2	14655488	200704	uv*1 main2*1 
2026-09-25T09:44:24+04:00	ck4r2-whole-1m	4	2544614	2544598	57	694386688	582033408	ft*51 ZMQbg/Reaper*3 ZMQbg/IO/0*3 
2026-09-25T09:44:24+04:00	ck4r2-whole-1m	4	2544708	2544614	1	6889472	131072	python3*1 
2026-09-25T09:44:24+04:00	ck4r2-whole-1m	4	2544709	2544614	45	18601398272	1626611712	python3*36 pt_gloo_runloop*2 ZMQbg/Reaper*2 ZMQbg/IO/0*2 pt_tcpstore_uv*1 cuda0000240000a*1 
2026-09-25T09:44:24+04:00	ck4r2-whole-1m	4	2544710	2544614	57	436264960	328208384	python3*49 ZMQbg/Reaper*4 ZMQbg/IO/0*4 
2026-09-25T09:44:34+04:00	ck4r2-whole-1m	4	2544598	488	2	14655488	200704	uv*1 main2*1 
2026-09-25T09:44:34+04:00	ck4r2-whole-1m	4	2544614	2544598	57	694386688	582033408	ft*51 ZMQbg/Reaper*3 ZMQbg/IO/0*3 
2026-09-25T09:44:34+04:00	ck4r2-whole-1m	4	2544708	2544614	1	6889472	131072	python3*1 
2026-09-25T09:44:34+04:00	ck4r2-whole-1m	4	2544709	2544614	45	18601398272	1626611712	python3*36 pt_gloo_runloop*2 ZMQbg/Reaper*2 ZMQbg/IO/0*2 pt_tcpstore_uv*1 cuda0000240000a*1 
2026-09-25T09:44:34+04:00	ck4r2-whole-1m	4	2544710	2544614	57	436264960	328208384	python3*49 ZMQbg/Reaper*4 ZMQbg/IO/0*4 
2026-09-25T09:44:44+04:00	ck4r2-whole-1m	4	2544598	488	2	14655488	200704	uv*1 main2*1 
2026-09-25T09:44:44+04:00	ck4r2-whole-1m	4	2544614	2544598	57	694386688	582033408	ft*51 ZMQbg/Reaper*3 ZMQbg/IO/0*3 
2026-09-25T09:44:44+04:00	ck4r2-whole-1m	4	2544708	2544614	1	6889472	131072	python3*1 
2026-09-25T09:44:44+04:00	ck4r2-whole-1m	4	2544709	2544614	45	18601398272	1626611712	python3*36 pt_gloo_runloop*2 ZMQbg/Reaper*2 ZMQbg/IO/0*2 pt_tcpstore_uv*1 cuda0000240000a*1 
2026-09-25T09:44:44+04:00	ck4r2-whole-1m	4	2544710	2544614	57	436264960	328208384	python3*49 ZMQbg/Reaper*4 ZMQbg/IO/0*4 
2026-09-25T09:44:54+04:00	ck4r2-whole-1m	4	2544598	488	2	14655488	200704	uv*1 main2*1 
2026-09-25T09:44:54+04:00	ck4r2-whole-1m	4	2544614	2544598	57	694386688	582033408	ft*51 ZMQbg/Reaper*3 ZMQbg/IO/0*3 
2026-09-25T09:44:55+04:00	ck4r2-whole-1m	4	2544708	2544614	1	6889472	131072	python3*1 
2026-09-25T09:44:55+04:00	ck4r2-whole-1m	4	2544709	2544614	45	18601398272	1626611712	python3*36 pt_gloo_runloop*2 ZMQbg/Reaper*2 ZMQbg/IO/0*2 pt_tcpstore_uv*1 cuda0000240000a*1 
2026-09-25T09:44:55+04:00	ck4r2-whole-1m	4	2544710	2544614	57	436264960	328208384	python3*49 ZMQbg/Reaper*4 ZMQbg/IO/0*4 
2026-09-25T09:45:05+04:00	ck4r2-whole-1m	4	2544598	488	2	14655488	200704	uv*1 main2*1 
2026-09-25T09:45:05+04:00	ck4r2-whole-1m	4	2544614	2544598	57	694386688	582033408	ft*51 ZMQbg/Reaper*3 ZMQbg/IO/0*3 
2026-09-25T09:45:05+04:00	ck4r2-whole-1m	4	2544708	2544614	1	6889472	131072	python3*1 
2026-09-25T09:45:05+04:00	ck4r2-whole-1m	4	2544709	2544614	45	18601398272	1626611712	python3*36 pt_gloo_runloop*2 ZMQbg/Reaper*2 ZMQbg/IO/0*2 pt_tcpstore_uv*1 cuda0000240000a*1 
2026-09-25T09:45:05+04:00	ck4r2-whole-1m	4	2544710	2544614	57	436264960	328208384	python3*49 ZMQbg/Reaper*4 ZMQbg/IO/0*4 
2026-09-25T09:45:15+04:00	ck4r2-whole-1m	4	2544598	488	2	13938688	200704	uv*1 main2*1 
2026-09-25T09:45:15+04:00	ck4r2-whole-1m	4	2544614	2544598	57	693542912	582033408	ft*51 ZMQbg/Reaper*3 ZMQbg/IO/0*3 
2026-09-25T09:45:15+04:00	ck4r2-whole-1m	4	2544708	2544614	1	6889472	131072	python3*1 
2026-09-25T09:45:15+04:00	ck4r2-whole-1m	4	2544709	2544614	45	18594971648	1621024768	python3*36 pt_gloo_runloop*2 ZMQbg/Reaper*2 ZMQbg/IO/0*2 pt_tcpstore_uv*1 cuda0000240000a*1 
2026-09-25T09:45:15+04:00	ck4r2-whole-1m	4	2544710	2544614	57	429355008	322113536	python3*49 ZMQbg/Reaper*4 ZMQbg/IO/0*4 
2026-09-25T09:45:25+04:00	ck4r2-whole-1m	4	2544598	488	2	13938688	200704	uv*1 main2*1 
2026-09-25T09:45:25+04:00	ck4r2-whole-1m	4	2544614	2544598	57	693542912	582033408	ft*51 ZMQbg/Reaper*3 ZMQbg/IO/0*3 
2026-09-25T09:45:25+04:00	ck4r2-whole-1m	4	2544708	2544614	1	6889472	131072	python3*1 
2026-09-25T09:45:25+04:00	ck4r2-whole-1m	4	2544709	2544614	45	18594971648	1621024768	python3*36 pt_gloo_runloop*2 ZMQbg/Reaper*2 ZMQbg/IO/0*2 pt_tcpstore_uv*1 cuda0000240000a*1 
2026-09-25T09:45:26+04:00	ck4r2-whole-1m	4	2544710	2544614	57	429355008	322113536	python3*49 ZMQbg/Reaper*4 ZMQbg/IO/0*4 
2026-09-25T09:45:36+04:00	ck4r2-whole-1m	4	2544598	488	2	13869056	200704	uv*1 main2*1 
2026-09-25T09:45:36+04:00	ck4r2-whole-1m	4	2544614	2544598	57	692768768	582033408	ft*51 ZMQbg/Reaper*3 ZMQbg/IO/0*3 
2026-09-25T09:45:36+04:00	ck4r2-whole-1m	4	2544708	2544614	1	6889472	131072	python3*1 
2026-09-25T09:45:36+04:00	ck4r2-whole-1m	4	2544709	2544614	45	18580307968	1608257536	python3*36 pt_gloo_runloop*2 ZMQbg/Reaper*2 ZMQbg/IO/0*2 pt_tcpstore_uv*1 cuda0000240000a*1 
2026-09-25T09:45:36+04:00	ck4r2-whole-1m	4	2544710	2544614	57	412459008	305999872	python3*49 ZMQbg/Reaper*4 ZMQbg/IO/0*4 
2026-09-25T09:45:46+04:00	ck4r2-whole-1m	4	2544598	488	2	13860864	200704	uv*1 main2*1 
2026-09-25T09:45:46+04:00	ck4r2-whole-1m	4	2544614	2544598	57	690216960	582033408	ft*51 ZMQbg/Reaper*3 ZMQbg/IO/0*3 
2026-09-25T09:45:46+04:00	ck4r2-whole-1m	4	2544708	2544614	1	6889472	131072	python3*1 
2026-09-25T09:45:46+04:00	ck4r2-whole-1m	4	2544709	2544614	45	18575675392	1607421952	python3*36 pt_gloo_runloop*2 ZMQbg/Reaper*2 ZMQbg/IO/0*2 pt_tcpstore_uv*1 cuda0000240000a*1 
2026-09-25T09:45:46+04:00	ck4r2-whole-1m	4	2544710	2544614	57	409481216	305512448	python3*49 ZMQbg/Reaper*4 ZMQbg/IO/0*4 
2026-09-25T09:45:56+04:00	ck4r2-whole-1m	4	2544598	488	2	13860864	200704	uv*1 main2*1 
2026-09-25T09:45:56+04:00	ck4r2-whole-1m	4	2544614	2544598	57	690216960	582033408	ft*51 ZMQbg/Reaper*3 ZMQbg/IO/0*3 
2026-09-25T09:45:56+04:00	ck4r2-whole-1m	4	2544708	2544614	1	6889472	131072	python3*1 
2026-09-25T09:45:56+04:00	ck4r2-whole-1m	4	2544709	2544614	45	18575675392	1607421952	python3*36 pt_gloo_runloop*2 ZMQbg/Reaper*2 ZMQbg/IO/0*2 pt_tcpstore_uv*1 cuda0000240000a*1 
2026-09-25T09:45:56+04:00	ck4r2-whole-1m	4	2544710	2544614	57	409481216	305512448	python3*49 ZMQbg/Reaper*4 ZMQbg/IO/0*4 
2026-09-25T09:46:06+04:00	ck4r2-whole-1m	4	2544598	488	2	13860864	200704	uv*1 main2*1 
2026-09-25T09:46:06+04:00	ck4r2-whole-1m	4	2544614	2544598	57	690216960	582033408	ft*51 ZMQbg/Reaper*3 ZMQbg/IO/0*3 
2026-09-25T09:46:06+04:00	ck4r2-whole-1m	4	2544708	2544614	1	6889472	131072	python3*1 
2026-09-25T09:46:06+04:00	ck4r2-whole-1m	4	2544709	2544614	45	18575769600	1607516160	python3*36 pt_gloo_runloop*2 ZMQbg/Reaper*2 ZMQbg/IO/0*2 pt_tcpstore_uv*1 cuda0000240000a*1 
2026-09-25T09:46:07+04:00	ck4r2-whole-1m	4	2544710	2544614	57	409481216	305512448	python3*49 ZMQbg/Reaper*4 ZMQbg/IO/0*4 
2026-09-25T09:46:17+04:00	ck4r2-whole-1m	4	2544598	488	2	13860864	200704	uv*1 main2*1 
2026-09-25T09:46:17+04:00	ck4r2-whole-1m	4	2544614	2544598	57	690216960	582033408	ft*51 ZMQbg/Reaper*3 ZMQbg/IO/0*3 
2026-09-25T09:46:17+04:00	ck4r2-whole-1m	4	2544708	2544614	1	6889472	131072	python3*1 
2026-09-25T09:46:17+04:00	ck4r2-whole-1m	4	2544709	2544614	45	18575912960	1607659520	python3*36 pt_gloo_runloop*2 ZMQbg/Reaper*2 ZMQbg/IO/0*2 pt_tcpstore_uv*1 cuda0000240000a*1 
2026-09-25T09:46:17+04:00	ck4r2-whole-1m	4	2544710	2544614	57	409481216	305512448	python3*49 ZMQbg/Reaper*4 ZMQbg/IO/0*4 
2026-09-25T09:46:27+04:00	ck4r2-whole-1m	4	2544598	488	2	13860864	200704	uv*1 main2*1 
2026-09-25T09:46:27+04:00	ck4r2-whole-1m	4	2544614	2544598	57	690216960	582033408	ft*51 ZMQbg/Reaper*3 ZMQbg/IO/0*3 
2026-09-25T09:46:27+04:00	ck4r2-whole-1m	4	2544708	2544614	1	6889472	131072	python3*1 
2026-09-25T09:46:27+04:00	ck4r2-whole-1m	4	2544709	2544614	45	18576064512	1607811072	python3*36 pt_gloo_runloop*2 ZMQbg/Reaper*2 ZMQbg/IO/0*2 pt_tcpstore_uv*1 cuda0000240000a*1 
2026-09-25T09:46:27+04:00	ck4r2-whole-1m	4	2544710	2544614	57	409481216	305512448	python3*49 ZMQbg/Reaper*4 ZMQbg/IO/0*4 
2026-09-25T09:46:37+04:00	ck4r2-whole-1m	4	2544598	488	2	13860864	200704	uv*1 main2*1 
2026-09-25T09:46:37+04:00	ck4r2-whole-1m	4	2544614	2544598	57	687329280	582033408	ft*51 ZMQbg/Reaper*3 ZMQbg/IO/0*3 
2026-09-25T09:46:37+04:00	ck4r2-whole-1m	4	2544708	2544614	1	6889472	131072	python3*1 
2026-09-25T09:46:37+04:00	ck4r2-whole-1m	4	2544709	2544614	45	18572275712	1607942144	python3*36 pt_gloo_runloop*2 ZMQbg/Reaper*2 ZMQbg/IO/0*2 pt_tcpstore_uv*1 cuda0000240000a*1 
2026-09-25T09:46:37+04:00	ck4r2-whole-1m	4	2544710	2544614	57	406921216	305242112	python3*49 ZMQbg/Reaper*4 ZMQbg/IO/0*4 
2026-09-25T09:46:48+04:00	ck4r2-whole-1m	4	2544598	488	2	13860864	200704	uv*1 main2*1 
2026-09-25T09:46:48+04:00	ck4r2-whole-1m	4	2544614	2544598	57	686526464	582033408	ft*51 ZMQbg/Reaper*3 ZMQbg/IO/0*3 
2026-09-25T09:46:48+04:00	ck4r2-whole-1m	4	2544708	2544614	1	6889472	131072	python3*1 
2026-09-25T09:46:48+04:00	ck4r2-whole-1m	4	2544709	2544614	45	18571567104	1608097792	python3*36 pt_gloo_runloop*2 ZMQbg/Reaper*2 ZMQbg/IO/0*2 pt_tcpstore_uv*1 cuda0000240000a*1 
2026-09-25T09:46:48+04:00	ck4r2-whole-1m	4	2544710	2544614	57	406130688	305238016	python3*49 ZMQbg/Reaper*4 ZMQbg/IO/0*4 
2026-09-25T09:46:58+04:00	ck4r2-whole-1m	4	2544598	488	2	13860864	200704	uv*1 main2*1 
2026-09-25T09:46:58+04:00	ck4r2-whole-1m	4	2544614	2544598	57	686190592	582033408	ft*51 ZMQbg/Reaper*3 ZMQbg/IO/0*3 
2026-09-25T09:46:58+04:00	ck4r2-whole-1m	4	2544708	2544614	1	6889472	131072	python3*1 
2026-09-25T09:46:58+04:00	ck4r2-whole-1m	4	2544709	2544614	45	18571255808	1608228864	python3*36 pt_gloo_runloop*2 ZMQbg/Reaper*2 ZMQbg/IO/0*2 pt_tcpstore_uv*1 cuda0000240000a*1 
2026-09-25T09:46:58+04:00	ck4r2-whole-1m	4	2544710	2544614	57	405794816	305209344	python3*49 ZMQbg/Reaper*4 ZMQbg/IO/0*4 
2026-09-25T09:47:08+04:00	ck4r2-whole-1m	4	2544598	488	2	13856768	200704	uv*1 main2*1 
2026-09-25T09:47:08+04:00	ck4r2-whole-1m	4	2544614	2544598	57	681074688	582033408	ft*51 ZMQbg/Reaper*3 ZMQbg/IO/0*3 
2026-09-25T09:47:08+04:00	ck4r2-whole-1m	4	2544708	2544614	1	6889472	131072	python3*1 
2026-09-25T09:47:08+04:00	ck4r2-whole-1m	4	2544709	2544614	45	18565505024	1608388608	python3*36 pt_gloo_runloop*2 ZMQbg/Reaper*2 ZMQbg/IO/0*2 pt_tcpstore_uv*1 cuda0000240000a*1 
2026-09-25T09:47:08+04:00	ck4r2-whole-1m	4	2544710	2544614	57	400519168	305168384	python3*49 ZMQbg/Reaper*4 ZMQbg/IO/0*4 
2026-09-25T09:47:19+04:00	ck4r2-whole-1m	4	2544598	488	2	13856768	200704	uv*1 main2*1 
2026-09-25T09:47:19+04:00	ck4r2-whole-1m	4	2544614	2544598	57	679034880	582033408	ft*51 ZMQbg/Reaper*3 ZMQbg/IO/0*3 
2026-09-25T09:47:19+04:00	ck4r2-whole-1m	4	2544708	2544614	1	6889472	131072	python3*1 
2026-09-25T09:47:19+04:00	ck4r2-whole-1m	4	2544709	2544614	45	18563989504	1608519680	python3*36 pt_gloo_runloop*2 ZMQbg/Reaper*2 ZMQbg/IO/0*2 pt_tcpstore_uv*1 cuda0000240000a*1 
2026-09-25T09:47:19+04:00	ck4r2-whole-1m	4	2544710	2544614	57	398843904	305127424	python3*49 ZMQbg/Reaper*4 ZMQbg/IO/0*4 
2026-09-25T09:47:29+04:00	ck4r2-whole-1m	4	2544598	488	2	13856768	200704	uv*1 main2*1 
2026-09-25T09:47:29+04:00	ck4r2-whole-1m	4	2544614	2544598	57	679034880	582033408	ft*51 ZMQbg/Reaper*3 ZMQbg/IO/0*3 
2026-09-25T09:47:29+04:00	ck4r2-whole-1m	4	2544708	2544614	1	6889472	131072	python3*1 
2026-09-25T09:47:29+04:00	ck4r2-whole-1m	4	2544709	2544614	45	18564141056	1608671232	python3*36 pt_gloo_runloop*2 ZMQbg/Reaper*2 ZMQbg/IO/0*2 pt_tcpstore_uv*1 cuda0000240000a*1 
2026-09-25T09:47:29+04:00	ck4r2-whole-1m	4	2544710	2544614	57	398843904	305127424	python3*49 ZMQbg/Reaper*4 ZMQbg/IO/0*4 
2026-09-25T09:47:39+04:00	ck4r2-whole-1m	4	2544598	488	2	13856768	200704	uv*1 main2*1 
2026-09-25T09:47:39+04:00	ck4r2-whole-1m	4	2544614	2544598	57	679034880	582033408	ft*51 ZMQbg/Reaper*3 ZMQbg/IO/0*3 
2026-09-25T09:47:39+04:00	ck4r2-whole-1m	4	2544708	2544614	1	6889472	131072	python3*1 
2026-09-25T09:47:39+04:00	ck4r2-whole-1m	4	2544709	2544614	45	18564292608	1608822784	python3*36 pt_gloo_runloop*2 ZMQbg/Reaper*2 ZMQbg/IO/0*2 pt_tcpstore_uv*1 cuda0000240000a*1 
2026-09-25T09:47:39+04:00	ck4r2-whole-1m	4	2544710	2544614	57	398843904	305127424	python3*49 ZMQbg/Reaper*4 ZMQbg/IO/0*4 
2026-09-25T09:47:49+04:00	ck4r2-whole-1m	4	2544598	488	2	13856768	200704	uv*1 main2*1 
2026-09-25T09:47:49+04:00	ck4r2-whole-1m	4	2544614	2544598	57	675860480	582033408	ft*51 ZMQbg/Reaper*3 ZMQbg/IO/0*3 
2026-09-25T09:47:50+04:00	ck4r2-whole-1m	4	2544708	2544614	1	6889472	131072	python3*1 
2026-09-25T09:47:50+04:00	ck4r2-whole-1m	4	2544709	2544614	45	18560221184	1608921088	python3*36 pt_gloo_runloop*2 ZMQbg/Reaper*2 ZMQbg/IO/0*2 pt_tcpstore_uv*1 cuda0000240000a*1 
2026-09-25T09:47:50+04:00	ck4r2-whole-1m	4	2544710	2544614	57	393154560	304648192	python3*49 ZMQbg/Reaper*4 ZMQbg/IO/0*4 
2026-09-25T09:48:00+04:00	ck4r2-whole-1m	4	2544598	488	2	13791232	200704	uv*1 main2*1 
2026-09-25T09:48:00+04:00	ck4r2-whole-1m	4	2544614	2544598	57	672206848	582033408	ft*51 ZMQbg/Reaper*3 ZMQbg/IO/0*3 
2026-09-25T09:48:00+04:00	ck4r2-whole-1m	4	2544708	2544614	1	6889472	131072	python3*1 
2026-09-25T09:48:00+04:00	ck4r2-whole-1m	4	2544709	2544614	45	18557947904	1609076736	python3*36 pt_gloo_runloop*2 ZMQbg/Reaper*2 ZMQbg/IO/0*2 pt_tcpstore_uv*1 cuda0000240000a*1 
2026-09-25T09:48:00+04:00	ck4r2-whole-1m	4	2544710	2544614	57	391970816	304648192	python3*49 ZMQbg/Reaper*4 ZMQbg/IO/0*4 
2026-09-25T09:48:10+04:00	ck4r2-whole-1m	4	2544598	488	2	13791232	200704	uv*1 main2*1 
2026-09-25T09:48:10+04:00	ck4r2-whole-1m	4	2544614	2544598	57	672206848	582033408	ft*51 ZMQbg/Reaper*3 ZMQbg/IO/0*3 
2026-09-25T09:48:10+04:00	ck4r2-whole-1m	4	2544708	2544614	1	6889472	131072	python3*1 
2026-09-25T09:48:10+04:00	ck4r2-whole-1m	4	2544709	2544614	45	18558095360	1609224192	python3*36 pt_gloo_runloop*2 ZMQbg/Reaper*2 ZMQbg/IO/0*2 pt_tcpstore_uv*1 cuda0000240000a*1 
2026-09-25T09:48:10+04:00	ck4r2-whole-1m	4	2544710	2544614	57	391970816	304648192	python3*49 ZMQbg/Reaper*4 ZMQbg/IO/0*4 
2026-09-25T09:48:20+04:00	ck4r2-whole-1m	4	2544598	488	2	13791232	200704	uv*1 main2*1 
2026-09-25T09:48:20+04:00	ck4r2-whole-1m	4	2544614	2544598	57	669949952	582033408	ft*51 ZMQbg/Reaper*3 ZMQbg/IO/0*3 
2026-09-25T09:48:20+04:00	ck4r2-whole-1m	4	2544708	2544614	1	6889472	131072	python3*1 
2026-09-25T09:48:20+04:00	ck4r2-whole-1m	4	2544709	2544614	45	18554056704	1609359360	python3*36 pt_gloo_runloop*2 ZMQbg/Reaper*2 ZMQbg/IO/0*2 pt_tcpstore_uv*1 cuda0000240000a*1 
2026-09-25T09:48:20+04:00	ck4r2-whole-1m	4	2544710	2544614	57	389644288	304508928	python3*49 ZMQbg/Reaper*4 ZMQbg/IO/0*4 
2026-09-25T09:48:31+04:00	ck4r2-whole-1m	4	2544598	488	2	13791232	200704	uv*1 main2*1 
2026-09-25T09:48:31+04:00	ck4r2-whole-1m	4	2544614	2544598	57	669949952	582033408	ft*51 ZMQbg/Reaper*3 ZMQbg/IO/0*3 
2026-09-25T09:48:31+04:00	ck4r2-whole-1m	4	2544708	2544614	1	6889472	131072	python3*1 
2026-09-25T09:48:31+04:00	ck4r2-whole-1m	4	2544709	2544614	45	18554191872	1609494528	python3*36 pt_gloo_runloop*2 ZMQbg/Reaper*2 ZMQbg/IO/0*2 pt_tcpstore_uv*1 cuda0000240000a*1 
2026-09-25T09:48:31+04:00	ck4r2-whole-1m	4	2544710	2544614	57	389644288	304508928	python3*49 ZMQbg/Reaper*4 ZMQbg/IO/0*4 
2026-09-25T09:48:41+04:00	ck4r2-whole-1m	4	2544598	488	2	13791232	200704	uv*1 main2*1 
2026-09-25T09:48:41+04:00	ck4r2-whole-1m	4	2544614	2544598	57	669949952	582033408	ft*51 ZMQbg/Reaper*3 ZMQbg/IO/0*3 
2026-09-25T09:48:41+04:00	ck4r2-whole-1m	4	2544708	2544614	1	6889472	131072	python3*1 
2026-09-25T09:48:41+04:00	ck4r2-whole-1m	4	2544709	2544614	45	18554355712	1609658368	python3*36 pt_gloo_runloop*2 ZMQbg/Reaper*2 ZMQbg/IO/0*2 pt_tcpstore_uv*1 cuda0000240000a*1 
2026-09-25T09:48:41+04:00	ck4r2-whole-1m	4	2544710	2544614	57	389644288	304508928	python3*49 ZMQbg/Reaper*4 ZMQbg/IO/0*4 
2026-09-25T09:48:51+04:00	ck4r2-whole-1m	4	2544598	488	2	13467648	200704	uv*1 main2*1 
2026-09-25T09:48:51+04:00	ck4r2-whole-1m	4	2544614	2544598	57	664268800	582029312	ft*51 ZMQbg/Reaper*3 ZMQbg/IO/0*3 
2026-09-25T09:48:51+04:00	ck4r2-whole-1m	4	2544708	2544614	1	6885376	131072	python3*1 
2026-09-25T09:48:51+04:00	ck4r2-whole-1m	4	2544709	2544614	45	18547331072	1609781248	python3*36 pt_gloo_runloop*2 ZMQbg/Reaper*2 ZMQbg/IO/0*2 pt_tcpstore_uv*1 cuda0000240000a*1 
2026-09-25T09:48:51+04:00	ck4r2-whole-1m	4	2544710	2544614	57	384614400	304402432	python3*49 ZMQbg/Reaper*4 ZMQbg/IO/0*4 
2026-09-25T09:49:01+04:00	ck4r2-whole-1m	4	2544598	488	2	13467648	200704	uv*1 main2*1 
2026-09-25T09:49:01+04:00	ck4r2-whole-1m	4	2544614	2544598	57	664268800	582029312	ft*51 ZMQbg/Reaper*3 ZMQbg/IO/0*3 
2026-09-25T09:49:01+04:00	ck4r2-whole-1m	4	2544708	2544614	1	6885376	131072	python3*1 
2026-09-25T09:49:01+04:00	ck4r2-whole-1m	4	2544709	2544614	45	18547466240	1609916416	python3*36 pt_gloo_runloop*2 ZMQbg/Reaper*2 ZMQbg/IO/0*2 pt_tcpstore_uv*1 cuda0000240000a*1 
2026-09-25T09:49:02+04:00	ck4r2-whole-1m	4	2544710	2544614	57	384614400	304402432	python3*49 ZMQbg/Reaper*4 ZMQbg/IO/0*4 
2026-09-25T09:49:12+04:00	ck4r2-whole-1m	4	2544598	488	2	6815744	200704	uv*1 main2*1 
2026-09-25T09:49:12+04:00	ck4r2-whole-1m	4	2544614	2544598	57	656388096	582029312	ft*51 ZMQbg/Reaper*3 ZMQbg/IO/0*3 
2026-09-25T09:49:12+04:00	ck4r2-whole-1m	4	2544708	2544614	1	6885376	131072	python3*1 
2026-09-25T09:49:12+04:00	ck4r2-whole-1m	4	2544709	2544614	45	18537312256	1610072064	python3*36 pt_gloo_runloop*2 ZMQbg/Reaper*2 ZMQbg/IO/0*2 pt_tcpstore_uv*1 cuda0000240000a*1 
2026-09-25T09:49:12+04:00	ck4r2-whole-1m	4	2544710	2544614	57	376725504	304381952	python3*49 ZMQbg/Reaper*4 ZMQbg/IO/0*4 
2026-09-25T09:49:22+04:00	ck4r2-whole-1m	4	2544598	488	2	6815744	200704	uv*1 main2*1 
2026-09-25T09:49:22+04:00	ck4r2-whole-1m	4	2544614	2544598	57	656388096	582029312	ft*51 ZMQbg/Reaper*3 ZMQbg/IO/0*3 
2026-09-25T09:49:22+04:00	ck4r2-whole-1m	4	2544708	2544614	1	6885376	131072	python3*1 
2026-09-25T09:49:22+04:00	ck4r2-whole-1m	4	2544709	2544614	45	18537443328	1610203136	python3*36 pt_gloo_runloop*2 ZMQbg/Reaper*2 ZMQbg/IO/0*2 pt_tcpstore_uv*1 cuda0000240000a*1 
2026-09-25T09:49:22+04:00	ck4r2-whole-1m	4	2544710	2544614	57	376725504	304381952	python3*49 ZMQbg/Reaper*4 ZMQbg/IO/0*4 
2026-09-25T09:49:32+04:00	ck4r2-whole-1m	4	2544598	488	2	6815744	200704	uv*1 main2*1 
2026-09-25T09:49:32+04:00	ck4r2-whole-1m	4	2544614	2544598	57	656388096	582029312	ft*51 ZMQbg/Reaper*3 ZMQbg/IO/0*3 
2026-09-25T09:49:32+04:00	ck4r2-whole-1m	4	2544708	2544614	1	6885376	131072	python3*1 
2026-09-25T09:49:32+04:00	ck4r2-whole-1m	4	2544709	2544614	45	18537615360	1610375168	python3*36 pt_gloo_runloop*2 ZMQbg/Reaper*2 ZMQbg/IO/0*2 pt_tcpstore_uv*1 cuda0000240000a*1 
2026-09-25T09:49:32+04:00	ck4r2-whole-1m	4	2544710	2544614	57	376725504	304381952	python3*49 ZMQbg/Reaper*4 ZMQbg/IO/0*4 
2026-09-25T09:49:42+04:00	ck4r2-whole-1m	4	2544598	488	2	6815744	200704	uv*1 main2*1 
2026-09-25T09:49:42+04:00	ck4r2-whole-1m	4	2544614	2544598	57	662740992	582029312	ft*51 ZMQbg/Reaper*3 ZMQbg/IO/0*3 
2026-09-25T09:49:43+04:00	ck4r2-whole-1m	4	2544708	2544614	1	6885376	131072	python3*1 
2026-09-25T09:49:43+04:00	ck4r2-whole-1m	4	2544709	2544614	45	18542968832	1611513856	python3*36 pt_gloo_runloop*2 ZMQbg/Reaper*2 ZMQbg/IO/0*2 pt_tcpstore_uv*1 cuda0000240000a*1 
2026-09-25T09:49:43+04:00	ck4r2-whole-1m	4	2544710	2544614	57	381542400	304381952	python3*49 ZMQbg/Reaper*4 ZMQbg/IO/0*4 
2026-09-25T09:49:53+04:00	ck4r2-whole-1m	4	2544598	488	2	6815744	200704	uv*1 main2*1 
2026-09-25T09:49:53+04:00	ck4r2-whole-1m	4	2544614	2544598	57	662740992	582029312	ft*51 ZMQbg/Reaper*3 ZMQbg/IO/0*3 
2026-09-25T09:49:53+04:00	ck4r2-whole-1m	4	2544708	2544614	1	6885376	131072	python3*1 
2026-09-25T09:49:53+04:00	ck4r2-whole-1m	4	2544709	2544614	45	18546626560	1612869632	python3*36 pt_gloo_runloop*2 ZMQbg/Reaper*2 ZMQbg/IO/0*2 pt_tcpstore_uv*1 cuda0000240000a*1 
2026-09-25T09:49:53+04:00	ck4r2-whole-1m	4	2544710	2544614	57	381542400	304381952	python3*49 ZMQbg/Reaper*4 ZMQbg/IO/0*4 
2026-09-25T09:50:03+04:00	ck4r2-whole-1m	4	2544598	488	2	6815744	200704	uv*1 main2*1 
2026-09-25T09:50:03+04:00	ck4r2-whole-1m	4	2544614	2544598	57	662740992	582029312	ft*51 ZMQbg/Reaper*3 ZMQbg/IO/0*3 
2026-09-25T09:50:03+04:00	ck4r2-whole-1m	4	2544708	2544614	1	6885376	131072	python3*1 
2026-09-25T09:50:03+04:00	ck4r2-whole-1m	4	2544709	2544614	45	18546831360	1613074432	python3*36 pt_gloo_runloop*2 ZMQbg/Reaper*2 ZMQbg/IO/0*2 pt_tcpstore_uv*1 cuda0000240000a*1 
2026-09-25T09:50:03+04:00	ck4r2-whole-1m	4	2544710	2544614	57	381542400	304381952	python3*49 ZMQbg/Reaper*4 ZMQbg/IO/0*4 
2026-09-25T09:50:13+04:00	ck4r2-whole-1m	4	2544598	488	2	6815744	200704	uv*1 main2*1 
2026-09-25T09:50:13+04:00	ck4r2-whole-1m	4	2544614	2544598	57	662740992	582029312	ft*51 ZMQbg/Reaper*3 ZMQbg/IO/0*3 
2026-09-25T09:50:13+04:00	ck4r2-whole-1m	4	2544708	2544614	1	6885376	131072	python3*1 
2026-09-25T09:50:13+04:00	ck4r2-whole-1m	4	2544709	2544614	45	18546831360	1613074432	python3*36 pt_gloo_runloop*2 ZMQbg/Reaper*2 ZMQbg/IO/0*2 pt_tcpstore_uv*1 cuda0000240000a*1 
2026-09-25T09:50:13+04:00	ck4r2-whole-1m	4	2544710	2544614	57	381542400	304381952	python3*49 ZMQbg/Reaper*4 ZMQbg/IO/0*4 
2026-09-25T09:50:24+04:00	ck4r2-whole-1m	4	2544598	488	2	6815744	200704	uv*1 main2*1 
2026-09-25T09:50:24+04:00	ck4r2-whole-1m	4	2544614	2544598	57	662740992	582029312	ft*51 ZMQbg/Reaper*3 ZMQbg/IO/0*3 
2026-09-25T09:50:24+04:00	ck4r2-whole-1m	4	2544708	2544614	1	6885376	131072	python3*1 
2026-09-25T09:50:24+04:00	ck4r2-whole-1m	4	2544709	2544614	45	18546831360	1613074432	python3*36 pt_gloo_runloop*2 ZMQbg/Reaper*2 ZMQbg/IO/0*2 pt_tcpstore_uv*1 cuda0000240000a*1 
2026-09-25T09:50:24+04:00	ck4r2-whole-1m	4	2544710	2544614	57	381542400	304381952	python3*49 ZMQbg/Reaper*4 ZMQbg/IO/0*4 
2026-09-25T09:50:34+04:00	ck4r2-whole-1m	4	2544598	488	2	6815744	200704	uv*1 main2*1 
2026-09-25T09:50:34+04:00	ck4r2-whole-1m	4	2544614	2544598	57	662740992	582029312	ft*51 ZMQbg/Reaper*3 ZMQbg/IO/0*3 
2026-09-25T09:50:34+04:00	ck4r2-whole-1m	4	2544708	2544614	1	6885376	131072	python3*1 
2026-09-25T09:50:34+04:00	ck4r2-whole-1m	4	2544709	2544614	45	18546831360	1613074432	python3*36 pt_gloo_runloop*2 ZMQbg/Reaper*2 ZMQbg/IO/0*2 pt_tcpstore_uv*1 cuda0000240000a*1 
2026-09-25T09:50:34+04:00	ck4r2-whole-1m	4	2544710	2544614	57	381542400	304381952	python3*49 ZMQbg/Reaper*4 ZMQbg/IO/0*4 
2026-09-25T09:50:44+04:00	ck4r2-whole-1m	4	2544598	488	2	6815744	200704	uv*1 main2*1 
2026-09-25T09:50:44+04:00	ck4r2-whole-1m	4	2544614	2544598	57	662740992	582029312	ft*51 ZMQbg/Reaper*3 ZMQbg/IO/0*3 
2026-09-25T09:50:44+04:00	ck4r2-whole-1m	4	2544708	2544614	1	6885376	131072	python3*1 
2026-09-25T09:50:44+04:00	ck4r2-whole-1m	4	2544709	2544614	45	18546831360	1613074432	python3*36 pt_gloo_runloop*2 ZMQbg/Reaper*2 ZMQbg/IO/0*2 pt_tcpstore_uv*1 cuda0000240000a*1 
2026-09-25T09:50:44+04:00	ck4r2-whole-1m	4	2544710	2544614	57	381542400	304381952	python3*49 ZMQbg/Reaper*4 ZMQbg/IO/0*4 
2026-09-25T09:50:54+04:00	ck4r2-whole-1m	4	2544598	488	2	6815744	200704	uv*1 main2*1 
2026-09-25T09:50:54+04:00	ck4r2-whole-1m	4	2544614	2544598	57	662740992	582029312	ft*51 ZMQbg/Reaper*3 ZMQbg/IO/0*3 
2026-09-25T09:50:54+04:00	ck4r2-whole-1m	4	2544708	2544614	1	6885376	131072	python3*1 
2026-09-25T09:50:54+04:00	ck4r2-whole-1m	4	2544709	2544614	45	18546831360	1613074432	python3*36 pt_gloo_runloop*2 ZMQbg/Reaper*2 ZMQbg/IO/0*2 pt_tcpstore_uv*1 cuda0000240000a*1 
2026-09-25T09:50:55+04:00	ck4r2-whole-1m	4	2544710	2544614	57	381542400	304381952	python3*49 ZMQbg/Reaper*4 ZMQbg/IO/0*4 
2026-09-25T09:51:05+04:00	ck4r2-whole-1m	4	2544598	488	2	6815744	200704	uv*1 main2*1 
2026-09-25T09:51:05+04:00	ck4r2-whole-1m	4	2544614	2544598	57	662740992	582029312	ft*51 ZMQbg/Reaper*3 ZMQbg/IO/0*3 
2026-09-25T09:51:05+04:00	ck4r2-whole-1m	4	2544708	2544614	1	6885376	131072	python3*1 
2026-09-25T09:51:05+04:00	ck4r2-whole-1m	4	2544709	2544614	45	18546831360	1613074432	python3*36 pt_gloo_runloop*2 ZMQbg/Reaper*2 ZMQbg/IO/0*2 pt_tcpstore_uv*1 cuda0000240000a*1 
2026-09-25T09:51:05+04:00	ck4r2-whole-1m	4	2544710	2544614	57	381542400	304381952	python3*49 ZMQbg/Reaper*4 ZMQbg/IO/0*4 
2026-09-25T09:51:15+04:00	ck4r2-whole-1m	4	2544598	488	2	6815744	200704	uv*1 main2*1 
2026-09-25T09:51:15+04:00	ck4r2-whole-1m	4	2544614	2544598	57	662740992	582029312	ft*51 ZMQbg/Reaper*3 ZMQbg/IO/0*3 
2026-09-25T09:51:15+04:00	ck4r2-whole-1m	4	2544708	2544614	1	6885376	131072	python3*1 
2026-09-25T09:51:15+04:00	ck4r2-whole-1m	4	2544709	2544614	45	18546831360	1613074432	python3*36 pt_gloo_runloop*2 ZMQbg/Reaper*2 ZMQbg/IO/0*2 pt_tcpstore_uv*1 cuda0000240000a*1 
2026-09-25T09:51:15+04:00	ck4r2-whole-1m	4	2544710	2544614	57	381542400	304381952	python3*49 ZMQbg/Reaper*4 ZMQbg/IO/0*4 
2026-09-25T09:51:25+04:00	ck4r2-whole-1m	4	2544598	488	2	6815744	200704	uv*1 main2*1 
2026-09-25T09:51:25+04:00	ck4r2-whole-1m	4	2544614	2544598	57	662740992	582029312	ft*51 ZMQbg/Reaper*3 ZMQbg/IO/0*3 
2026-09-25T09:51:25+04:00	ck4r2-whole-1m	4	2544708	2544614	1	6885376	131072	python3*1 
2026-09-25T09:51:25+04:00	ck4r2-whole-1m	4	2544709	2544614	45	18546831360	1613074432	python3*36 pt_gloo_runloop*2 ZMQbg/Reaper*2 ZMQbg/IO/0*2 pt_tcpstore_uv*1 cuda0000240000a*1 
2026-09-25T09:51:25+04:00	ck4r2-whole-1m	4	2544710	2544614	57	381542400	304381952	python3*49 ZMQbg/Reaper*4 ZMQbg/IO/0*4 
2026-09-25T09:51:35+04:00	ck4r2-whole-1m	4	2544598	488	2	6815744	200704	uv*1 main2*1 
2026-09-25T09:51:35+04:00	ck4r2-whole-1m	4	2544614	2544598	57	662740992	582029312	ft*51 ZMQbg/Reaper*3 ZMQbg/IO/0*3 
2026-09-25T09:51:35+04:00	ck4r2-whole-1m	4	2544708	2544614	1	6885376	131072	python3*1 
2026-09-25T09:51:35+04:00	ck4r2-whole-1m	4	2544709	2544614	45	18546831360	1613074432	python3*36 pt_gloo_runloop*2 ZMQbg/Reaper*2 ZMQbg/IO/0*2 pt_tcpstore_uv*1 cuda0000240000a*1 
2026-09-25T09:51:36+04:00	ck4r2-whole-1m	4	2544710	2544614	57	381542400	304381952	python3*49 ZMQbg/Reaper*4 ZMQbg/IO/0*4 
2026-09-25T09:51:46+04:00	ck4r2-whole-1m	4	2544598	488	2	6815744	200704	uv*1 main2*1 
2026-09-25T09:51:46+04:00	ck4r2-whole-1m	4	2544614	2544598	57	662740992	582029312	ft*51 ZMQbg/Reaper*3 ZMQbg/IO/0*3 
2026-09-25T09:51:46+04:00	ck4r2-whole-1m	4	2544708	2544614	1	6885376	131072	python3*1 
2026-09-25T09:51:46+04:00	ck4r2-whole-1m	4	2544709	2544614	45	18546831360	1613074432	python3*36 pt_gloo_runloop*2 ZMQbg/Reaper*2 ZMQbg/IO/0*2 pt_tcpstore_uv*1 cuda0000240000a*1 
2026-09-25T09:51:46+04:00	ck4r2-whole-1m	4	2544710	2544614	57	381542400	304381952	python3*49 ZMQbg/Reaper*4 ZMQbg/IO/0*4 
2026-09-25T09:51:56+04:00	ck4r2-whole-1m	4	2544598	488	2	6815744	200704	uv*1 main2*1 
2026-09-25T09:51:56+04:00	ck4r2-whole-1m	4	2544614	2544598	57	662740992	582029312	ft*51 ZMQbg/Reaper*3 ZMQbg/IO/0*3 
2026-09-25T09:51:56+04:00	ck4r2-whole-1m	4	2544708	2544614	1	6885376	131072	python3*1 
2026-09-25T09:51:56+04:00	ck4r2-whole-1m	4	2544709	2544614	45	18670088192	1736118272	python3*36 pt_gloo_runloop*2 ZMQbg/Reaper*2 ZMQbg/IO/0*2 pt_tcpstore_uv*1 cuda0000240000a*1 
2026-09-25T09:51:56+04:00	ck4r2-whole-1m	4	2544710	2544614	57	381542400	304381952	python3*49 ZMQbg/Reaper*4 ZMQbg/IO/0*4 
2026-09-25T09:52:06+04:00	ck4r2-whole-1m	4	2544598	488	2	6815744	200704	uv*1 main2*1 
2026-09-25T09:52:06+04:00	ck4r2-whole-1m	4	2544614	2544598	57	645779456	582025216	ft*51 ZMQbg/Reaper*3 ZMQbg/IO/0*3 
2026-09-25T09:52:06+04:00	ck4r2-whole-1m	4	2544708	2544614	1	6885376	131072	python3*1 
2026-09-25T09:52:06+04:00	ck4r2-whole-1m	4	2544709	2544614	45	18586411008	1671094272	python3*36 pt_gloo_runloop*2 ZMQbg/Reaper*2 ZMQbg/IO/0*2 pt_tcpstore_uv*1 cuda0000240000a*1 
2026-09-25T09:52:06+04:00	ck4r2-whole-1m	4	2544710	2544614	57	352366592	291958784	python3*49 ZMQbg/Reaper*4 ZMQbg/IO/0*4 
2026-09-25T09:52:16+04:00	ck4r2-whole-1m	4	2544598	488	2	6815744	200704	uv*1 main2*1 
2026-09-25T09:52:17+04:00	ck4r2-whole-1m	4	2544614	2544598	57	645779456	582025216	ft*51 ZMQbg/Reaper*3 ZMQbg/IO/0*3 
2026-09-25T09:52:17+04:00	ck4r2-whole-1m	4	2544708	2544614	1	6885376	131072	python3*1 
2026-09-25T09:52:17+04:00	ck4r2-whole-1m	4	2544709	2544614	45	18586411008	1671094272	python3*36 pt_gloo_runloop*2 ZMQbg/Reaper*2 ZMQbg/IO/0*2 pt_tcpstore_uv*1 cuda0000240000a*1 
2026-09-25T09:52:17+04:00	ck4r2-whole-1m	4	2544710	2544614	57	352366592	291958784	python3*49 ZMQbg/Reaper*4 ZMQbg/IO/0*4 
2026-09-25T09:52:27+04:00	ck4r2-whole-1m	4	2544598	488	2	6815744	200704	uv*1 main2*1 
2026-09-25T09:52:27+04:00	ck4r2-whole-1m	4	2544614	2544598	57	645779456	582025216	ft*51 ZMQbg/Reaper*3 ZMQbg/IO/0*3 
2026-09-25T09:52:27+04:00	ck4r2-whole-1m	4	2544708	2544614	1	6885376	131072	python3*1 
2026-09-25T09:52:27+04:00	ck4r2-whole-1m	4	2544709	2544614	45	18586411008	1671094272	python3*36 pt_gloo_runloop*2 ZMQbg/Reaper*2 ZMQbg/IO/0*2 pt_tcpstore_uv*1 cuda0000240000a*1 
2026-09-25T09:52:27+04:00	ck4r2-whole-1m	4	2544710	2544614	57	352366592	291958784	python3*49 ZMQbg/Reaper*4 ZMQbg/IO/0*4 
2026-09-25T09:52:37+04:00	ck4r2-whole-1m	4	2544598	488	2	6815744	200704	uv*1 main2*1 
2026-09-25T09:52:37+04:00	ck4r2-whole-1m	4	2544614	2544598	57	645779456	582025216	ft*51 ZMQbg/Reaper*3 ZMQbg/IO/0*3 
2026-09-25T09:52:37+04:00	ck4r2-whole-1m	4	2544708	2544614	1	6885376	131072	python3*1 
2026-09-25T09:52:37+04:00	ck4r2-whole-1m	4	2544709	2544614	45	18586411008	1671094272	python3*36 pt_gloo_runloop*2 ZMQbg/Reaper*2 ZMQbg/IO/0*2 pt_tcpstore_uv*1 cuda0000240000a*1 
2026-09-25T09:52:37+04:00	ck4r2-whole-1m	4	2544710	2544614	57	352366592	291958784	python3*49 ZMQbg/Reaper*4 ZMQbg/IO/0*4 
2026-09-25T09:52:47+04:00	ck4r2-whole-1m	4	2544598	488	2	6815744	200704	uv*1 main2*1 
2026-09-25T09:52:47+04:00	ck4r2-whole-1m	4	2544614	2544598	57	645779456	582025216	ft*51 ZMQbg/Reaper*3 ZMQbg/IO/0*3 
2026-09-25T09:52:47+04:00	ck4r2-whole-1m	4	2544708	2544614	1	6885376	131072	python3*1 
2026-09-25T09:52:47+04:00	ck4r2-whole-1m	4	2544709	2544614	45	18586411008	1671094272	python3*36 pt_gloo_runloop*2 ZMQbg/Reaper*2 ZMQbg/IO/0*2 pt_tcpstore_uv*1 cuda0000240000a*1 
2026-09-25T09:52:47+04:00	ck4r2-whole-1m	4	2544710	2544614	57	352366592	291958784	python3*49 ZMQbg/Reaper*4 ZMQbg/IO/0*4 
2026-09-25T09:52:58+04:00	ck4r2-whole-1m	4	2544598	488	2	6815744	200704	uv*1 main2*1 
2026-09-25T09:52:58+04:00	ck4r2-whole-1m	4	2544614	2544598	57	645779456	582025216	ft*51 ZMQbg/Reaper*3 ZMQbg/IO/0*3 
2026-09-25T09:52:58+04:00	ck4r2-whole-1m	4	2544708	2544614	1	6885376	131072	python3*1 
2026-09-25T09:52:58+04:00	ck4r2-whole-1m	4	2544709	2544614	45	18586411008	1671094272	python3*36 pt_gloo_runloop*2 ZMQbg/Reaper*2 ZMQbg/IO/0*2 pt_tcpstore_uv*1 cuda0000240000a*1 
2026-09-25T09:52:58+04:00	ck4r2-whole-1m	4	2544710	2544614	57	352366592	291958784	python3*49 ZMQbg/Reaper*4 ZMQbg/IO/0*4 
2026-09-25T09:53:08+04:00	ck4r2-whole-1m	4	2544598	488	2	6815744	200704	uv*1 main2*1 
2026-09-25T09:53:08+04:00	ck4r2-whole-1m	4	2544614	2544598	57	635830272	582025216	ft*51 ZMQbg/Reaper*3 ZMQbg/IO/0*3 
2026-09-25T09:53:08+04:00	ck4r2-whole-1m	4	2544708	2544614	1	6885376	131072	python3*1 
2026-09-25T09:53:08+04:00	ck4r2-whole-1m	4	2544709	2544614	45	18520879104	1621151744	python3*36 pt_gloo_runloop*2 ZMQbg/Reaper*2 ZMQbg/IO/0*2 pt_tcpstore_uv*1 cuda0000240000a*1 
2026-09-25T09:53:08+04:00	ck4r2-whole-1m	4	2544710	2544614	57	342839296	291934208	python3*49 ZMQbg/Reaper*4 ZMQbg/IO/0*4 
2026-09-25T09:53:18+04:00	ck4r2-whole-1m	4	2544598	488	2	6815744	200704	uv*1 main2*1 
2026-09-25T09:53:18+04:00	ck4r2-whole-1m	4	2544614	2544598	57	635830272	582025216	ft*51 ZMQbg/Reaper*3 ZMQbg/IO/0*3 
2026-09-25T09:53:18+04:00	ck4r2-whole-1m	4	2544708	2544614	1	6885376	131072	python3*1 
2026-09-25T09:53:18+04:00	ck4r2-whole-1m	4	2544709	2544614	45	18520879104	1621151744	python3*36 pt_gloo_runloop*2 ZMQbg/Reaper*2 ZMQbg/IO/0*2 pt_tcpstore_uv*1 cuda0000240000a*1 
2026-09-25T09:53:18+04:00	ck4r2-whole-1m	4	2544710	2544614	57	342839296	291934208	python3*49 ZMQbg/Reaper*4 ZMQbg/IO/0*4 
2026-09-25T09:53:28+04:00	ck4r2-whole-1m	4	2544598	488	2	6815744	200704	uv*1 main2*1 
2026-09-25T09:53:28+04:00	ck4r2-whole-1m	4	2544614	2544598	57	635830272	582025216	ft*51 ZMQbg/Reaper*3 ZMQbg/IO/0*3 
2026-09-25T09:53:28+04:00	ck4r2-whole-1m	4	2544708	2544614	1	6885376	131072	python3*1 
2026-09-25T09:53:28+04:00	ck4r2-whole-1m	4	2544709	2544614	45	18520879104	1621151744	python3*36 pt_gloo_runloop*2 ZMQbg/Reaper*2 ZMQbg/IO/0*2 pt_tcpstore_uv*1 cuda0000240000a*1 
2026-09-25T09:53:29+04:00	ck4r2-whole-1m	4	2544710	2544614	57	342839296	291934208	python3*49 ZMQbg/Reaper*4 ZMQbg/IO/0*4 
2026-09-25T09:53:39+04:00	ck4r2-whole-1m	4	2544598	488	2	6815744	200704	uv*1 main2*1 
2026-09-25T09:53:39+04:00	ck4r2-whole-1m	4	2544614	2544598	57	635830272	582025216	ft*51 ZMQbg/Reaper*3 ZMQbg/IO/0*3 
2026-09-25T09:53:39+04:00	ck4r2-whole-1m	4	2544708	2544614	1	6885376	131072	python3*1 
2026-09-25T09:53:39+04:00	ck4r2-whole-1m	4	2544709	2544614	45	18520879104	1621151744	python3*36 pt_gloo_runloop*2 ZMQbg/Reaper*2 ZMQbg/IO/0*2 pt_tcpstore_uv*1 cuda0000240000a*1 
2026-09-25T09:53:39+04:00	ck4r2-whole-1m	4	2544710	2544614	57	342839296	291934208	python3*49 ZMQbg/Reaper*4 ZMQbg/IO/0*4 
2026-09-25T09:53:49+04:00	ck4r2-whole-1m	4	2544598	488	2	6815744	200704	uv*1 main2*1 
2026-09-25T09:53:49+04:00	ck4r2-whole-1m	4	2544614	2544598	57	635830272	582025216	ft*51 ZMQbg/Reaper*3 ZMQbg/IO/0*3 
2026-09-25T09:53:49+04:00	ck4r2-whole-1m	4	2544708	2544614	1	6885376	131072	python3*1 
2026-09-25T09:53:49+04:00	ck4r2-whole-1m	4	2544709	2544614	45	18520879104	1621151744	python3*36 pt_gloo_runloop*2 ZMQbg/Reaper*2 ZMQbg/IO/0*2 pt_tcpstore_uv*1 cuda0000240000a*1 
2026-09-25T09:53:49+04:00	ck4r2-whole-1m	4	2544710	2544614	57	342839296	291934208	python3*49 ZMQbg/Reaper*4 ZMQbg/IO/0*4 
2026-09-25T09:53:59+04:00	ck4r2-whole-1m	4	2544598	488	2	6815744	200704	uv*1 main2*1 
2026-09-25T09:53:59+04:00	ck4r2-whole-1m	4	2544614	2544598	57	635830272	582025216	ft*51 ZMQbg/Reaper*3 ZMQbg/IO/0*3 
2026-09-25T09:53:59+04:00	ck4r2-whole-1m	4	2544708	2544614	1	6885376	131072	python3*1 
2026-09-25T09:53:59+04:00	ck4r2-whole-1m	4	2544709	2544614	45	18520879104	1621151744	python3*36 pt_gloo_runloop*2 ZMQbg/Reaper*2 ZMQbg/IO/0*2 pt_tcpstore_uv*1 cuda0000240000a*1 
2026-09-25T09:53:59+04:00	ck4r2-whole-1m	4	2544710	2544614	57	342839296	291934208	python3*49 ZMQbg/Reaper*4 ZMQbg/IO/0*4 
2026-09-25T09:54:09+04:00	ck4r2-whole-1m	4	2544598	488	2	6815744	200704	uv*1 main2*1 
2026-09-25T09:54:09+04:00	ck4r2-whole-1m	4	2544614	2544598	57	635830272	582025216	ft*51 ZMQbg/Reaper*3 ZMQbg/IO/0*3 
2026-09-25T09:54:10+04:00	ck4r2-whole-1m	4	2544708	2544614	1	6885376	131072	python3*1 
2026-09-25T09:54:10+04:00	ck4r2-whole-1m	4	2544709	2544614	45	18520879104	1621151744	python3*36 pt_gloo_runloop*2 ZMQbg/Reaper*2 ZMQbg/IO/0*2 pt_tcpstore_uv*1 cuda0000240000a*1 
2026-09-25T09:54:10+04:00	ck4r2-whole-1m	4	2544710	2544614	57	342839296	291934208	python3*49 ZMQbg/Reaper*4 ZMQbg/IO/0*4 
2026-09-25T09:54:20+04:00	ck4r2-whole-1m	4	2544598	488	2	6815744	200704	uv*1 main2*1 
2026-09-25T09:54:20+04:00	ck4r2-whole-1m	4	2544614	2544598	57	635830272	582025216	ft*51 ZMQbg/Reaper*3 ZMQbg/IO/0*3 
2026-09-25T09:54:20+04:00	ck4r2-whole-1m	4	2544708	2544614	1	6885376	131072	python3*1 
2026-09-25T09:54:20+04:00	ck4r2-whole-1m	4	2544709	2544614	45	18520879104	1621151744	python3*36 pt_gloo_runloop*2 ZMQbg/Reaper*2 ZMQbg/IO/0*2 pt_tcpstore_uv*1 cuda0000240000a*1 
2026-09-25T09:54:20+04:00	ck4r2-whole-1m	4	2544710	2544614	57	342839296	291934208	python3*49 ZMQbg/Reaper*4 ZMQbg/IO/0*4 
2026-09-25T09:54:30+04:00	ck4r2-whole-1m	4	2544598	488	2	6815744	200704	uv*1 main2*1 
2026-09-25T09:54:30+04:00	ck4r2-whole-1m	4	2544614	2544598	57	631156736	581926912	ft*51 ZMQbg/Reaper*3 ZMQbg/IO/0*3 
2026-09-25T09:54:30+04:00	ck4r2-whole-1m	4	2544708	2544614	1	6881280	131072	python3*1 
2026-09-25T09:54:30+04:00	ck4r2-whole-1m	4	2544709	2544614	45	18513760256	1620885504	python3*36 pt_gloo_runloop*2 ZMQbg/Reaper*2 ZMQbg/IO/0*2 pt_tcpstore_uv*1 cuda0000240000a*1 
2026-09-25T09:54:30+04:00	ck4r2-whole-1m	4	2544710	2544614	57	338198528	291782656	python3*49 ZMQbg/Reaper*4 ZMQbg/IO/0*4 
2026-09-25T09:54:40+04:00	ck4r2-whole-1m	4	2544598	488	2	6815744	200704	uv*1 main2*1 
2026-09-25T09:54:40+04:00	ck4r2-whole-1m	4	2544614	2544598	57	628969472	581926912	ft*51 ZMQbg/Reaper*3 ZMQbg/IO/0*3 
2026-09-25T09:54:40+04:00	ck4r2-whole-1m	4	2544708	2544614	1	6881280	131072	python3*1 
2026-09-25T09:54:40+04:00	ck4r2-whole-1m	4	2544709	2544614	45	18497724416	1620848640	python3*36 pt_gloo_runloop*2 ZMQbg/Reaper*2 ZMQbg/IO/0*2 pt_tcpstore_uv*1 cuda0000240000a*1 
2026-09-25T09:54:41+04:00	ck4r2-whole-1m	4	2544710	2544614	57	336576512	291766272	python3*49 ZMQbg/Reaper*4 ZMQbg/IO/0*4 
2026-09-25T09:54:51+04:00	ck4r2-whole-1m	4	2544598	488	2	6815744	200704	uv*1 main2*1 
2026-09-25T09:54:51+04:00	ck4r2-whole-1m	4	2544614	2544598	57	628969472	581926912	ft*51 ZMQbg/Reaper*3 ZMQbg/IO/0*3 
2026-09-25T09:54:51+04:00	ck4r2-whole-1m	4	2544708	2544614	1	6881280	131072	python3*1 
2026-09-25T09:54:51+04:00	ck4r2-whole-1m	4	2544709	2544614	45	18497724416	1620848640	python3*36 pt_gloo_runloop*2 ZMQbg/Reaper*2 ZMQbg/IO/0*2 pt_tcpstore_uv*1 cuda0000240000a*1 
2026-09-25T09:54:51+04:00	ck4r2-whole-1m	4	2544710	2544614	57	336576512	291766272	python3*49 ZMQbg/Reaper*4 ZMQbg/IO/0*4 
2026-09-25T09:55:01+04:00	ck4r2-whole-1m	4	2544598	488	2	6815744	200704	uv*1 main2*1 
2026-09-25T09:55:01+04:00	ck4r2-whole-1m	4	2544614	2544598	57	628969472	581926912	ft*51 ZMQbg/Reaper*3 ZMQbg/IO/0*3 
2026-09-25T09:55:01+04:00	ck4r2-whole-1m	4	2544708	2544614	1	6881280	131072	python3*1 
2026-09-25T09:55:01+04:00	ck4r2-whole-1m	4	2544709	2544614	45	18497724416	1620848640	python3*36 pt_gloo_runloop*2 ZMQbg/Reaper*2 ZMQbg/IO/0*2 pt_tcpstore_uv*1 cuda0000240000a*1 
2026-09-25T09:55:01+04:00	ck4r2-whole-1m	4	2544710	2544614	57	336576512	291766272	python3*49 ZMQbg/Reaper*4 ZMQbg/IO/0*4 
2026-09-25T09:55:11+04:00	ck4r2-whole-1m	4	2544598	488	2	6815744	200704	uv*1 main2*1 
2026-09-25T09:55:11+04:00	ck4r2-whole-1m	4	2544614	2544598	57	628969472	581926912	ft*51 ZMQbg/Reaper*3 ZMQbg/IO/0*3 
2026-09-25T09:55:11+04:00	ck4r2-whole-1m	4	2544708	2544614	1	6881280	131072	python3*1 
2026-09-25T09:55:11+04:00	ck4r2-whole-1m	4	2544709	2544614	45	18497724416	1620848640	python3*36 pt_gloo_runloop*2 ZMQbg/Reaper*2 ZMQbg/IO/0*2 pt_tcpstore_uv*1 cuda0000240000a*1 
2026-09-25T09:55:11+04:00	ck4r2-whole-1m	4	2544710	2544614	57	336576512	291766272	python3*49 ZMQbg/Reaper*4 ZMQbg/IO/0*4 
2026-09-25T09:55:21+04:00	ck4r2-whole-1m	4	2544598	488	2	6815744	200704	uv*1 main2*1 
2026-09-25T09:55:21+04:00	ck4r2-whole-1m	4	2544614	2544598	57	628969472	581926912	ft*51 ZMQbg/Reaper*3 ZMQbg/IO/0*3 
2026-09-25T09:55:21+04:00	ck4r2-whole-1m	4	2544708	2544614	1	6881280	131072	python3*1 
2026-09-25T09:55:21+04:00	ck4r2-whole-1m	4	2544709	2544614	45	18497724416	1620848640	python3*36 pt_gloo_runloop*2 ZMQbg/Reaper*2 ZMQbg/IO/0*2 pt_tcpstore_uv*1 cuda0000240000a*1 
2026-09-25T09:55:22+04:00	ck4r2-whole-1m	4	2544710	2544614	57	336576512	291766272	python3*49 ZMQbg/Reaper*4 ZMQbg/IO/0*4 
2026-09-25T09:55:32+04:00	ck4r2-whole-1m	4	2544598	488	2	6815744	200704	uv*1 main2*1 
2026-09-25T09:55:32+04:00	ck4r2-whole-1m	4	2544614	2544598	57	628969472	581926912	ft*51 ZMQbg/Reaper*3 ZMQbg/IO/0*3 
2026-09-25T09:55:32+04:00	ck4r2-whole-1m	4	2544708	2544614	1	6881280	131072	python3*1 
2026-09-25T09:55:32+04:00	ck4r2-whole-1m	4	2544709	2544614	45	18497724416	1620848640	python3*36 pt_gloo_runloop*2 ZMQbg/Reaper*2 ZMQbg/IO/0*2 pt_tcpstore_uv*1 cuda0000240000a*1 
2026-09-25T09:55:32+04:00	ck4r2-whole-1m	4	2544710	2544614	57	336576512	291766272	python3*49 ZMQbg/Reaper*4 ZMQbg/IO/0*4 
2026-09-25T09:55:42+04:00	ck4r2-whole-1m	4	2544598	488	2	6815744	200704	uv*1 main2*1 
2026-09-25T09:55:42+04:00	ck4r2-whole-1m	4	2544614	2544598	57	628969472	581926912	ft*51 ZMQbg/Reaper*3 ZMQbg/IO/0*3 
2026-09-25T09:55:42+04:00	ck4r2-whole-1m	4	2544708	2544614	1	6881280	131072	python3*1 
2026-09-25T09:55:42+04:00	ck4r2-whole-1m	4	2544709	2544614	45	18497724416	1620848640	python3*36 pt_gloo_runloop*2 ZMQbg/Reaper*2 ZMQbg/IO/0*2 pt_tcpstore_uv*1 cuda0000240000a*1 
2026-09-25T09:55:42+04:00	ck4r2-whole-1m	4	2544710	2544614	57	336576512	291766272	python3*49 ZMQbg/Reaper*4 ZMQbg/IO/0*4 
2026-09-25T09:55:52+04:00	ck4r2-whole-1m	4	2544598	488	2	6815744	200704	uv*1 main2*1 
2026-09-25T09:55:52+04:00	ck4r2-whole-1m	4	2544614	2544598	57	628969472	581926912	ft*51 ZMQbg/Reaper*3 ZMQbg/IO/0*3 
2026-09-25T09:55:52+04:00	ck4r2-whole-1m	4	2544708	2544614	1	6881280	131072	python3*1 
2026-09-25T09:55:52+04:00	ck4r2-whole-1m	4	2544709	2544614	45	18497724416	1620848640	python3*36 pt_gloo_runloop*2 ZMQbg/Reaper*2 ZMQbg/IO/0*2 pt_tcpstore_uv*1 cuda0000240000a*1 
2026-09-25T09:55:52+04:00	ck4r2-whole-1m	4	2544710	2544614	57	336576512	291766272	python3*49 ZMQbg/Reaper*4 ZMQbg/IO/0*4 
2026-09-25T09:56:02+04:00	ck4r2-whole-1m	4	2544598	488	2	6815744	200704	uv*1 main2*1 
2026-09-25T09:56:02+04:00	ck4r2-whole-1m	4	2544614	2544598	57	628969472	581926912	ft*51 ZMQbg/Reaper*3 ZMQbg/IO/0*3 
2026-09-25T09:56:02+04:00	ck4r2-whole-1m	4	2544708	2544614	1	6881280	131072	python3*1 
2026-09-25T09:56:02+04:00	ck4r2-whole-1m	4	2544709	2544614	45	18497728512	1620852736	python3*36 pt_gloo_runloop*2 ZMQbg/Reaper*2 ZMQbg/IO/0*2 pt_tcpstore_uv*1 cuda0000240000a*1 
2026-09-25T09:56:03+04:00	ck4r2-whole-1m	4	2544710	2544614	57	336576512	291766272	python3*49 ZMQbg/Reaper*4 ZMQbg/IO/0*4 
2026-09-25T09:56:13+04:00	ck4r2-whole-1m	4	2544598	488	2	6815744	200704	uv*1 main2*1 
2026-09-25T09:56:13+04:00	ck4r2-whole-1m	4	2544614	2544598	57	629018624	581926912	ft*51 ZMQbg/Reaper*3 ZMQbg/IO/0*3 
2026-09-25T09:56:13+04:00	ck4r2-whole-1m	4	2544708	2544614	1	6881280	131072	python3*1 
2026-09-25T09:56:13+04:00	ck4r2-whole-1m	4	2544709	2544614	45	18497761280	1620885504	python3*36 pt_gloo_runloop*2 ZMQbg/Reaper*2 ZMQbg/IO/0*2 pt_tcpstore_uv*1 cuda0000240000a*1 
2026-09-25T09:56:13+04:00	ck4r2-whole-1m	4	2544710	2544614	57	336633856	291774464	python3*49 ZMQbg/Reaper*4 ZMQbg/IO/0*4 
2026-09-25T09:56:23+04:00	ck4r2-whole-1m	4	2544598	488	2	6815744	200704	uv*1 main2*1 
2026-09-25T09:56:23+04:00	ck4r2-whole-1m	4	2544614	2544598	57	645517312	598425600	ft*51 ZMQbg/Reaper*3 ZMQbg/IO/0*3 
2026-09-25T09:56:23+04:00	ck4r2-whole-1m	4	2544708	2544614	1	6881280	131072	python3*1 
2026-09-25T09:56:23+04:00	ck4r2-whole-1m	4	2544709	2544614	45	18497761280	1620885504	python3*36 pt_gloo_runloop*2 ZMQbg/Reaper*2 ZMQbg/IO/0*2 pt_tcpstore_uv*1 cuda0000240000a*1 
2026-09-25T09:56:23+04:00	ck4r2-whole-1m	4	2544710	2544614	57	383823872	338964480	python3*49 ZMQbg/Reaper*4 ZMQbg/IO/0*4 
2026-09-25T09:56:33+04:00	ck4r2-whole-1m	4	2544598	488	2	6815744	200704	uv*1 main2*1 
2026-09-25T09:56:33+04:00	ck4r2-whole-1m	4	2544614	2544598	57	645517312	598425600	ft*51 ZMQbg/Reaper*3 ZMQbg/IO/0*3 
2026-09-25T09:56:33+04:00	ck4r2-whole-1m	4	2544708	2544614	1	6881280	131072	python3*1 
2026-09-25T09:56:33+04:00	ck4r2-whole-1m	4	2544709	2544614	45	18497761280	1620885504	python3*36 pt_gloo_runloop*2 ZMQbg/Reaper*2 ZMQbg/IO/0*2 pt_tcpstore_uv*1 cuda0000240000a*1 
2026-09-25T09:56:33+04:00	ck4r2-whole-1m	4	2544710	2544614	57	383823872	338964480	python3*49 ZMQbg/Reaper*4 ZMQbg/IO/0*4 
2026-09-25T09:56:44+04:00	ck4r2-whole-1m	4	2544598	488	2	6803456	188416	uv*1 main2*1 
2026-09-25T09:56:44+04:00	ck4r2-whole-1m	4	2544614	2544598	57	644444160	597352448	ft*51 ZMQbg/Reaper*3 ZMQbg/IO/0*3 
2026-09-25T09:56:44+04:00	ck4r2-whole-1m	4	2544708	2544614	1	6873088	122880	python3*1 
2026-09-25T09:56:44+04:00	ck4r2-whole-1m	4	2544709	2544614	45	18484350976	1617944576	python3*36 pt_gloo_runloop*2 ZMQbg/Reaper*2 ZMQbg/IO/0*2 pt_tcpstore_uv*1 cuda0000240000a*1 
2026-09-25T09:56:44+04:00	ck4r2-whole-1m	4	2544710	2544614	57	382173184	337313792	python3*49 ZMQbg/Reaper*4 ZMQbg/IO/0*4 
2026-09-25T09:56:54+04:00	ck4r2-whole-1m	4	2544598	488	2	4759552	188416	uv*1 main2*1 
2026-09-25T09:56:54+04:00	ck4r2-whole-1m	4	2544614	2544598	57	632823808	597319680	ft*51 ZMQbg/Reaper*3 ZMQbg/IO/0*3 
2026-09-25T09:56:54+04:00	ck4r2-whole-1m	4	2544708	2544614	1	6873088	122880	python3*1 
2026-09-25T09:56:54+04:00	ck4r2-whole-1m	4	2544709	2544614	45	18447548416	1617879040	python3*36 pt_gloo_runloop*2 ZMQbg/Reaper*2 ZMQbg/IO/0*2 pt_tcpstore_uv*1 cuda0000240000a*1 
2026-09-25T09:56:54+04:00	ck4r2-whole-1m	4	2544710	2544614	57	370917376	337272832	python3*49 ZMQbg/Reaper*4 ZMQbg/IO/0*4 
2026-09-25T09:57:04+04:00	ck4r2-whole-1m	4	2544598	488	2	4636672	163840	uv*1 main2*1 
2026-09-25T09:57:04+04:00	ck4r2-whole-1m	4	2544614	2544598	59	673046528	629948416	ft*52 ZMQbg/Reaper*3 ZMQbg/IO/0*3 cuda0000a40002a*1 
2026-09-25T09:57:04+04:00	ck4r2-whole-1m	4	2544708	2544614	1	6852608	102400	python3*1 
2026-09-25T09:57:04+04:00	ck4r2-whole-1m	4	2544709	2544614	45	18337910784	1613815808	python3*36 pt_gloo_runloop*2 ZMQbg/Reaper*2 ZMQbg/IO/0*2 pt_tcpstore_uv*1 cuda0000240000a*1 
2026-09-25T09:57:04+04:00	ck4r2-whole-1m	4	2544710	2544614	57	364830720	334712832	python3*49 ZMQbg/Reaper*4 ZMQbg/IO/0*4 
2026-09-25T09:57:25+04:00	ck4r2-mirror-1m	0	2791315	488	3	27619328	6033408	uv*1 tokio-rt-worker*1 main2*1 
2026-09-25T09:57:25+04:00	ck4r2-mirror-1m	0	2791335	2791315	22	701165568	431509504	ft*18 ZMQbg/Reaper*2 ZMQbg/IO/0*2 
2026-09-25T09:57:25+04:00	ck4r2-mirror-1m	0	2792290	2791335	1	12791808	5939200	python3*1 
2026-09-25T09:57:25+04:00	ck4r2-mirror-1m	0	2792291	2791335	24	930922496	506896384	python3*19 pt_gloo_runloop*2 pt_tcpstore_uv*1 cuda0000240000a*1 cuda-EvtHandlr*1 
2026-09-25T09:57:25+04:00	ck4r2-mirror-1m	0	2792292	2791335	23	903880704	629702656	python3*17 ZMQbg/Reaper*3 ZMQbg/IO/0*3 
2026-09-25T09:57:35+04:00	ck4r2-mirror-1m	0	2791315	488	2	27750400	6033408	uv*1 main2*1 
2026-09-25T09:57:35+04:00	ck4r2-mirror-1m	0	2791335	2791315	22	701165568	431509504	ft*18 ZMQbg/Reaper*2 ZMQbg/IO/0*2 
2026-09-25T09:57:35+04:00	ck4r2-mirror-1m	0	2792290	2791335	1	12791808	5939200	python3*1 
2026-09-25T09:57:35+04:00	ck4r2-mirror-1m	0	2792291	2791335	25	12546535424	10715627520	python3*20 pt_gloo_runloop*2 pt_tcpstore_uv*1 cuda0000240000a*1 cuda-EvtHandlr*1 
2026-09-25T09:57:35+04:00	ck4r2-mirror-1m	0	2792292	2791335	23	903880704	629702656	python3*17 ZMQbg/Reaper*3 ZMQbg/IO/0*3 
2026-09-25T09:57:45+04:00	ck4r2-mirror-1m	0	2791315	488	2	27750400	6033408	uv*1 main2*1 
2026-09-25T09:57:45+04:00	ck4r2-mirror-1m	0	2791335	2791315	22	701165568	431509504	ft*18 ZMQbg/Reaper*2 ZMQbg/IO/0*2 
2026-09-25T09:57:45+04:00	ck4r2-mirror-1m	0	2792290	2791335	1	12791808	5939200	python3*1 
2026-09-25T09:57:45+04:00	ck4r2-mirror-1m	0	2792291	2791335	25	13009649664	11122487296	python3*20 pt_gloo_runloop*2 pt_tcpstore_uv*1 cuda0000240000a*1 cuda-EvtHandlr*1 
2026-09-25T09:57:45+04:00	ck4r2-mirror-1m	0	2792292	2791335	23	903880704	629702656	python3*17 ZMQbg/Reaper*3 ZMQbg/IO/0*3 
2026-09-25T09:57:55+04:00	ck4r2-mirror-1m	0	2791315	488	2	27750400	6033408	uv*1 main2*1 
2026-09-25T09:57:55+04:00	ck4r2-mirror-1m	0	2791335	2791315	22	701165568	431509504	ft*18 ZMQbg/Reaper*2 ZMQbg/IO/0*2 
2026-09-25T09:57:55+04:00	ck4r2-mirror-1m	0	2792290	2791335	1	12791808	5939200	python3*1 
2026-09-25T09:57:55+04:00	ck4r2-mirror-1m	0	2792291	2791335	26	12391403520	11797495808	python3*21 pt_gloo_runloop*2 pt_tcpstore_uv*1 cuda0000240000a*1 cuda-EvtHandlr*1 
2026-09-25T09:57:55+04:00	ck4r2-mirror-1m	0	2792292	2791335	23	903880704	629702656	python3*17 ZMQbg/Reaper*3 ZMQbg/IO/0*3 
2026-09-25T09:58:05+04:00	ck4r2-mirror-1m	0	2791315	488	2	27750400	6033408	uv*1 main2*1 
2026-09-25T09:58:05+04:00	ck4r2-mirror-1m	0	2791335	2791315	22	701165568	431509504	ft*18 ZMQbg/Reaper*2 ZMQbg/IO/0*2 
2026-09-25T09:58:05+04:00	ck4r2-mirror-1m	0	2792290	2791335	1	12791808	5939200	python3*1 
2026-09-25T09:58:05+04:00	ck4r2-mirror-1m	0	2792291	2791335	26	12391403520	11797495808	python3*21 pt_gloo_runloop*2 pt_tcpstore_uv*1 cuda0000240000a*1 cuda-EvtHandlr*1 
2026-09-25T09:58:05+04:00	ck4r2-mirror-1m	0	2792292	2791335	23	903880704	629702656	python3*17 ZMQbg/Reaper*3 ZMQbg/IO/0*3 
2026-09-25T09:58:16+04:00	ck4r2-mirror-1m	0	2791315	488	2	27750400	6033408	uv*1 main2*1 
2026-09-25T09:58:16+04:00	ck4r2-mirror-1m	0	2791335	2791315	22	701165568	431509504	ft*18 ZMQbg/Reaper*2 ZMQbg/IO/0*2 
2026-09-25T09:58:16+04:00	ck4r2-mirror-1m	0	2792290	2791335	1	12791808	5939200	python3*1 
2026-09-25T09:58:16+04:00	ck4r2-mirror-1m	0	2792291	2791335	26	12684963840	12082855936	python3*21 pt_gloo_runloop*2 pt_tcpstore_uv*1 cuda0000240000a*1 cuda-EvtHandlr*1 
2026-09-25T09:58:16+04:00	ck4r2-mirror-1m	0	2792292	2791335	23	903880704	629702656	python3*17 ZMQbg/Reaper*3 ZMQbg/IO/0*3 
2026-09-25T09:58:26+04:00	ck4r2-mirror-1m	0	2791315	488	2	27750400	6033408	uv*1 main2*1 
2026-09-25T09:58:26+04:00	ck4r2-mirror-1m	0	2791335	2791315	22	701218816	431525888	ft*18 ZMQbg/Reaper*2 ZMQbg/IO/0*2 
2026-09-25T09:58:26+04:00	ck4r2-mirror-1m	0	2792290	2791335	1	12791808	5939200	python3*1 
2026-09-25T09:58:26+04:00	ck4r2-mirror-1m	0	2792291	2791335	30	12926795776	12321243136	python3*21 pt_gloo_runloop*2 ZMQbg/Reaper*2 ZMQbg/IO/0*2 pt_tcpstore_uv*1 cuda0000240000a*1 
2026-09-25T09:58:26+04:00	ck4r2-mirror-1m	0	2792292	2791335	23	903970816	629747712	python3*17 ZMQbg/Reaper*3 ZMQbg/IO/0*3 
2026-09-25T09:58:36+04:00	ck4r2-mirror-1m	0	2791315	488	2	27750400	6033408	uv*1 main2*1 
2026-09-25T09:58:36+04:00	ck4r2-mirror-1m	0	2791335	2791315	39	947671040	672571392	ft*35 ZMQbg/Reaper*2 ZMQbg/IO/0*2 
2026-09-25T09:58:36+04:00	ck4r2-mirror-1m	0	2792290	2791335	1	12791808	5939200	python3*1 
2026-09-25T09:58:36+04:00	ck4r2-mirror-1m	0	2792291	2791335	30	12930011136	12321329152	python3*21 pt_gloo_runloop*2 ZMQbg/Reaper*2 ZMQbg/IO/0*2 pt_tcpstore_uv*1 cuda0000240000a*1 
2026-09-25T09:58:36+04:00	ck4r2-mirror-1m	0	2792292	2791335	39	907173888	630194176	python3*33 ZMQbg/Reaper*3 ZMQbg/IO/0*3 
2026-09-25T09:58:46+04:00	ck4r2-mirror-1m	0	2791315	488	2	27750400	6033408	uv*1 main2*1 
2026-09-25T09:58:46+04:00	ck4r2-mirror-1m	0	2791335	2791315	39	947671040	672571392	ft*35 ZMQbg/Reaper*2 ZMQbg/IO/0*2 
2026-09-25T09:58:46+04:00	ck4r2-mirror-1m	0	2792290	2791335	1	12791808	5939200	python3*1 
2026-09-25T09:58:46+04:00	ck4r2-mirror-1m	0	2792291	2791335	30	12930011136	12321329152	python3*21 pt_gloo_runloop*2 ZMQbg/Reaper*2 ZMQbg/IO/0*2 pt_tcpstore_uv*1 cuda0000240000a*1 
2026-09-25T09:58:46+04:00	ck4r2-mirror-1m	0	2792292	2791335	39	907173888	630194176	python3*33 ZMQbg/Reaper*3 ZMQbg/IO/0*3 
2026-09-25T09:58:57+04:00	ck4r2-mirror-1m	1	2791315	488	2	27750400	6033408	uv*1 main2*1 
2026-09-25T09:58:57+04:00	ck4r2-mirror-1m	1	2791335	2791315	57	1130643456	855543808	ft*51 ZMQbg/Reaper*3 ZMQbg/IO/0*3 
2026-09-25T09:58:57+04:00	ck4r2-mirror-1m	1	2792290	2791335	1	12791808	5939200	python3*1 
2026-09-25T09:58:57+04:00	ck4r2-mirror-1m	1	2792291	2791335	30	12933984256	12325302272	python3*21 pt_gloo_runloop*2 ZMQbg/Reaper*2 ZMQbg/IO/0*2 pt_tcpstore_uv*1 cuda0000240000a*1 
2026-09-25T09:58:57+04:00	ck4r2-mirror-1m	1	2792292	2791335	57	1240133632	963153920	python3*49 ZMQbg/Reaper*4 ZMQbg/IO/0*4 
2026-09-25T09:59:07+04:00	ck4r2-mirror-1m	1	2791315	488	2	27750400	6033408	uv*1 main2*1 
2026-09-25T09:59:07+04:00	ck4r2-mirror-1m	1	2791335	2791315	57	1130643456	855543808	ft*51 ZMQbg/Reaper*3 ZMQbg/IO/0*3 
2026-09-25T09:59:07+04:00	ck4r2-mirror-1m	1	2792290	2791335	1	12791808	5939200	python3*1 
2026-09-25T09:59:07+04:00	ck4r2-mirror-1m	1	2792291	2791335	30	12933984256	12325302272	python3*21 pt_gloo_runloop*2 ZMQbg/Reaper*2 ZMQbg/IO/0*2 pt_tcpstore_uv*1 cuda0000240000a*1 
2026-09-25T09:59:07+04:00	ck4r2-mirror-1m	1	2792292	2791335	57	1240133632	963153920	python3*49 ZMQbg/Reaper*4 ZMQbg/IO/0*4 
2026-09-25T09:59:17+04:00	ck4r2-mirror-1m	1	2791315	488	2	27750400	6033408	uv*1 main2*1 
2026-09-25T09:59:17+04:00	ck4r2-mirror-1m	1	2791335	2791315	57	1130643456	855543808	ft*51 ZMQbg/Reaper*3 ZMQbg/IO/0*3 
2026-09-25T09:59:17+04:00	ck4r2-mirror-1m	1	2792290	2791335	1	12791808	5939200	python3*1 
2026-09-25T09:59:17+04:00	ck4r2-mirror-1m	1	2792291	2791335	30	12933984256	12325302272	python3*21 pt_gloo_runloop*2 ZMQbg/Reaper*2 ZMQbg/IO/0*2 pt_tcpstore_uv*1 cuda0000240000a*1 
2026-09-25T09:59:17+04:00	ck4r2-mirror-1m	1	2792292	2791335	57	1240133632	963153920	python3*49 ZMQbg/Reaper*4 ZMQbg/IO/0*4 
2026-09-25T09:59:27+04:00	ck4r2-mirror-1m	1	2791315	488	2	27750400	6033408	uv*1 main2*1 
2026-09-25T09:59:27+04:00	ck4r2-mirror-1m	1	2791335	2791315	57	1130643456	855543808	ft*51 ZMQbg/Reaper*3 ZMQbg/IO/0*3 
2026-09-25T09:59:27+04:00	ck4r2-mirror-1m	1	2792290	2791335	1	12791808	5939200	python3*1 
2026-09-25T09:59:27+04:00	ck4r2-mirror-1m	1	2792291	2791335	30	12933984256	12325302272	python3*21 pt_gloo_runloop*2 ZMQbg/Reaper*2 ZMQbg/IO/0*2 pt_tcpstore_uv*1 cuda0000240000a*1 
2026-09-25T09:59:27+04:00	ck4r2-mirror-1m	1	2792292	2791335	57	1240133632	963153920	python3*49 ZMQbg/Reaper*4 ZMQbg/IO/0*4 
2026-09-25T09:59:38+04:00	ck4r2-mirror-1m	1	2791315	488	2	27750400	6033408	uv*1 main2*1 
2026-09-25T09:59:38+04:00	ck4r2-mirror-1m	1	2791335	2791315	57	1130643456	855543808	ft*51 ZMQbg/Reaper*3 ZMQbg/IO/0*3 
2026-09-25T09:59:38+04:00	ck4r2-mirror-1m	1	2792290	2791335	1	12791808	5939200	python3*1 
2026-09-25T09:59:38+04:00	ck4r2-mirror-1m	1	2792291	2791335	30	12933984256	12325302272	python3*21 pt_gloo_runloop*2 ZMQbg/Reaper*2 ZMQbg/IO/0*2 pt_tcpstore_uv*1 cuda0000240000a*1 
2026-09-25T09:59:38+04:00	ck4r2-mirror-1m	1	2792292	2791335	57	1240133632	963153920	python3*49 ZMQbg/Reaper*4 ZMQbg/IO/0*4 
2026-09-25T09:59:48+04:00	ck4r2-mirror-1m	1	2791315	488	2	27750400	6033408	uv*1 main2*1 
2026-09-25T09:59:48+04:00	ck4r2-mirror-1m	1	2791335	2791315	57	1130643456	855543808	ft*51 ZMQbg/Reaper*3 ZMQbg/IO/0*3 
2026-09-25T09:59:48+04:00	ck4r2-mirror-1m	1	2792290	2791335	1	12791808	5939200	python3*1 
2026-09-25T09:59:48+04:00	ck4r2-mirror-1m	1	2792291	2791335	30	12933984256	12325302272	python3*21 pt_gloo_runloop*2 ZMQbg/Reaper*2 ZMQbg/IO/0*2 pt_tcpstore_uv*1 cuda0000240000a*1 
2026-09-25T09:59:48+04:00	ck4r2-mirror-1m	1	2792292	2791335	57	1240133632	963153920	python3*49 ZMQbg/Reaper*4 ZMQbg/IO/0*4 
2026-09-25T09:59:58+04:00	ck4r2-mirror-1m	1	2791315	488	2	27750400	6033408	uv*1 main2*1 
2026-09-25T09:59:58+04:00	ck4r2-mirror-1m	1	2791335	2791315	57	1130643456	855543808	ft*51 ZMQbg/Reaper*3 ZMQbg/IO/0*3 
2026-09-25T09:59:58+04:00	ck4r2-mirror-1m	1	2792290	2791335	1	12791808	5939200	python3*1 
2026-09-25T09:59:58+04:00	ck4r2-mirror-1m	1	2792291	2791335	30	12933984256	12325302272	python3*21 pt_gloo_runloop*2 ZMQbg/Reaper*2 ZMQbg/IO/0*2 pt_tcpstore_uv*1 cuda0000240000a*1 
2026-09-25T09:59:58+04:00	ck4r2-mirror-1m	1	2792292	2791335	57	1240133632	963153920	python3*49 ZMQbg/Reaper*4 ZMQbg/IO/0*4 
2026-09-25T10:00:08+04:00	ck4r2-mirror-1m	1	2791315	488	2	27750400	6033408	uv*1 main2*1 
2026-09-25T10:00:08+04:00	ck4r2-mirror-1m	1	2791335	2791315	57	1130643456	855543808	ft*51 ZMQbg/Reaper*3 ZMQbg/IO/0*3 
2026-09-25T10:00:08+04:00	ck4r2-mirror-1m	1	2792290	2791335	1	12791808	5939200	python3*1 
2026-09-25T10:00:08+04:00	ck4r2-mirror-1m	1	2792291	2791335	30	12933984256	12325302272	python3*21 pt_gloo_runloop*2 ZMQbg/Reaper*2 ZMQbg/IO/0*2 pt_tcpstore_uv*1 cuda0000240000a*1 
2026-09-25T10:00:08+04:00	ck4r2-mirror-1m	1	2792292	2791335	57	1240133632	963153920	python3*49 ZMQbg/Reaper*4 ZMQbg/IO/0*4 
2026-09-25T10:00:18+04:00	ck4r2-mirror-1m	1	2791315	488	2	27750400	6033408	uv*1 main2*1 
2026-09-25T10:00:18+04:00	ck4r2-mirror-1m	1	2791335	2791315	57	1130643456	855543808	ft*51 ZMQbg/Reaper*3 ZMQbg/IO/0*3 
2026-09-25T10:00:18+04:00	ck4r2-mirror-1m	1	2792290	2791335	1	12791808	5939200	python3*1 
2026-09-25T10:00:18+04:00	ck4r2-mirror-1m	1	2792291	2791335	30	12933984256	12325302272	python3*21 pt_gloo_runloop*2 ZMQbg/Reaper*2 ZMQbg/IO/0*2 pt_tcpstore_uv*1 cuda0000240000a*1 
2026-09-25T10:00:19+04:00	ck4r2-mirror-1m	1	2792292	2791335	57	1240133632	963153920	python3*49 ZMQbg/Reaper*4 ZMQbg/IO/0*4 
2026-09-25T10:00:29+04:00	ck4r2-mirror-1m	1	2791315	488	2	27750400	6033408	uv*1 main2*1 
2026-09-25T10:00:29+04:00	ck4r2-mirror-1m	1	2791335	2791315	57	1130647552	855547904	ft*51 ZMQbg/Reaper*3 ZMQbg/IO/0*3 
2026-09-25T10:00:29+04:00	ck4r2-mirror-1m	1	2792290	2791335	1	12791808	5939200	python3*1 
2026-09-25T10:00:29+04:00	ck4r2-mirror-1m	1	2792291	2791335	30	12933984256	12325302272	python3*21 pt_gloo_runloop*2 ZMQbg/Reaper*2 ZMQbg/IO/0*2 pt_tcpstore_uv*1 cuda0000240000a*1 
2026-09-25T10:00:29+04:00	ck4r2-mirror-1m	1	2792292	2791335	57	1240133632	963153920	python3*49 ZMQbg/Reaper*4 ZMQbg/IO/0*4 
2026-09-25T10:00:39+04:00	ck4r2-mirror-1m	1	2791315	488	2	27750400	6033408	uv*1 main2*1 
2026-09-25T10:00:39+04:00	ck4r2-mirror-1m	1	2791335	2791315	57	1130647552	855547904	ft*51 ZMQbg/Reaper*3 ZMQbg/IO/0*3 
2026-09-25T10:00:39+04:00	ck4r2-mirror-1m	1	2792290	2791335	1	12791808	5939200	python3*1 
2026-09-25T10:00:39+04:00	ck4r2-mirror-1m	1	2792291	2791335	30	12933984256	12325302272	python3*21 pt_gloo_runloop*2 ZMQbg/Reaper*2 ZMQbg/IO/0*2 pt_tcpstore_uv*1 cuda0000240000a*1 
2026-09-25T10:00:39+04:00	ck4r2-mirror-1m	1	2792292	2791335	57	1240133632	963153920	python3*49 ZMQbg/Reaper*4 ZMQbg/IO/0*4 
2026-09-25T10:00:50+04:00	ck4r2-mirror-1m	1	2791315	488	2	27750400	6033408	uv*1 main2*1 
2026-09-25T10:00:50+04:00	ck4r2-mirror-1m	1	2791335	2791315	57	1130647552	855547904	ft*51 ZMQbg/Reaper*3 ZMQbg/IO/0*3 
2026-09-25T10:00:50+04:00	ck4r2-mirror-1m	1	2792290	2791335	1	12791808	5939200	python3*1 
2026-09-25T10:00:50+04:00	ck4r2-mirror-1m	1	2792291	2791335	30	12933984256	12325302272	python3*21 pt_gloo_runloop*2 ZMQbg/Reaper*2 ZMQbg/IO/0*2 pt_tcpstore_uv*1 cuda0000240000a*1 
2026-09-25T10:00:50+04:00	ck4r2-mirror-1m	1	2792292	2791335	57	1240133632	963153920	python3*49 ZMQbg/Reaper*4 ZMQbg/IO/0*4 
2026-09-25T10:01:00+04:00	ck4r2-mirror-1m	1	2791315	488	2	27750400	6033408	uv*1 main2*1 
2026-09-25T10:01:00+04:00	ck4r2-mirror-1m	1	2791335	2791315	57	1130647552	855547904	ft*51 ZMQbg/Reaper*3 ZMQbg/IO/0*3 
2026-09-25T10:01:00+04:00	ck4r2-mirror-1m	1	2792290	2791335	1	12791808	5939200	python3*1 
2026-09-25T10:01:00+04:00	ck4r2-mirror-1m	1	2792291	2791335	30	12933984256	12325302272	python3*21 pt_gloo_runloop*2 ZMQbg/Reaper*2 ZMQbg/IO/0*2 pt_tcpstore_uv*1 cuda0000240000a*1 
2026-09-25T10:01:00+04:00	ck4r2-mirror-1m	1	2792292	2791335	57	1240133632	963153920	python3*49 ZMQbg/Reaper*4 ZMQbg/IO/0*4 
2026-09-25T10:01:10+04:00	ck4r2-mirror-1m	1	2791315	488	2	27750400	6033408	uv*1 main2*1 
2026-09-25T10:01:10+04:00	ck4r2-mirror-1m	1	2791335	2791315	57	1130647552	855547904	ft*51 ZMQbg/Reaper*3 ZMQbg/IO/0*3 
2026-09-25T10:01:10+04:00	ck4r2-mirror-1m	1	2792290	2791335	1	12791808	5939200	python3*1 
2026-09-25T10:01:10+04:00	ck4r2-mirror-1m	1	2792291	2791335	30	12933984256	12325302272	python3*21 pt_gloo_runloop*2 ZMQbg/Reaper*2 ZMQbg/IO/0*2 pt_tcpstore_uv*1 cuda0000240000a*1 
2026-09-25T10:01:10+04:00	ck4r2-mirror-1m	1	2792292	2791335	57	1240133632	963153920	python3*49 ZMQbg/Reaper*4 ZMQbg/IO/0*4 
2026-09-25T10:01:20+04:00	ck4r2-mirror-1m	1	2791315	488	2	27750400	6033408	uv*1 main2*1 
2026-09-25T10:01:20+04:00	ck4r2-mirror-1m	1	2791335	2791315	57	1130647552	855547904	ft*51 ZMQbg/Reaper*3 ZMQbg/IO/0*3 
2026-09-25T10:01:21+04:00	ck4r2-mirror-1m	1	2792290	2791335	1	12791808	5939200	python3*1 
2026-09-25T10:01:21+04:00	ck4r2-mirror-1m	1	2792291	2791335	30	12933984256	12325302272	python3*21 pt_gloo_runloop*2 ZMQbg/Reaper*2 ZMQbg/IO/0*2 pt_tcpstore_uv*1 cuda0000240000a*1 
2026-09-25T10:01:21+04:00	ck4r2-mirror-1m	1	2792292	2791335	57	1240133632	963153920	python3*49 ZMQbg/Reaper*4 ZMQbg/IO/0*4 
2026-09-25T10:01:31+04:00	ck4r2-mirror-1m	1	2791315	488	2	27750400	6033408	uv*1 main2*1 
2026-09-25T10:01:31+04:00	ck4r2-mirror-1m	1	2791335	2791315	57	1130647552	855547904	ft*51 ZMQbg/Reaper*3 ZMQbg/IO/0*3 
2026-09-25T10:01:31+04:00	ck4r2-mirror-1m	1	2792290	2791335	1	12791808	5939200	python3*1 
2026-09-25T10:01:31+04:00	ck4r2-mirror-1m	1	2792291	2791335	30	12933984256	12325302272	python3*21 pt_gloo_runloop*2 ZMQbg/Reaper*2 ZMQbg/IO/0*2 pt_tcpstore_uv*1 cuda0000240000a*1 
2026-09-25T10:01:31+04:00	ck4r2-mirror-1m	1	2792292	2791335	57	1240133632	963153920	python3*49 ZMQbg/Reaper*4 ZMQbg/IO/0*4 
2026-09-25T10:01:41+04:00	ck4r2-mirror-1m	1	2791315	488	2	27750400	6033408	uv*1 main2*1 
2026-09-25T10:01:41+04:00	ck4r2-mirror-1m	1	2791335	2791315	57	1130647552	855547904	ft*51 ZMQbg/Reaper*3 ZMQbg/IO/0*3 
2026-09-25T10:01:41+04:00	ck4r2-mirror-1m	1	2792290	2791335	1	12791808	5939200	python3*1 
2026-09-25T10:01:41+04:00	ck4r2-mirror-1m	1	2792291	2791335	30	12933984256	12325302272	python3*21 pt_gloo_runloop*2 ZMQbg/Reaper*2 ZMQbg/IO/0*2 pt_tcpstore_uv*1 cuda0000240000a*1 
2026-09-25T10:01:41+04:00	ck4r2-mirror-1m	1	2792292	2791335	57	1240133632	963153920	python3*49 ZMQbg/Reaper*4 ZMQbg/IO/0*4 
2026-09-25T10:01:51+04:00	ck4r2-mirror-1m	1	2791315	488	2	27750400	6033408	uv*1 main2*1 
2026-09-25T10:01:51+04:00	ck4r2-mirror-1m	1	2791335	2791315	57	1130647552	855547904	ft*51 ZMQbg/Reaper*3 ZMQbg/IO/0*3 
2026-09-25T10:01:51+04:00	ck4r2-mirror-1m	1	2792290	2791335	1	12791808	5939200	python3*1 
2026-09-25T10:01:51+04:00	ck4r2-mirror-1m	1	2792291	2791335	30	12933984256	12325302272	python3*21 pt_gloo_runloop*2 ZMQbg/Reaper*2 ZMQbg/IO/0*2 pt_tcpstore_uv*1 cuda0000240000a*1 
2026-09-25T10:01:51+04:00	ck4r2-mirror-1m	1	2792292	2791335	57	1240133632	963153920	python3*49 ZMQbg/Reaper*4 ZMQbg/IO/0*4 
2026-09-25T10:02:01+04:00	ck4r2-mirror-1m	1	2791315	488	2	27750400	6033408	uv*1 main2*1 
2026-09-25T10:02:01+04:00	ck4r2-mirror-1m	1	2791335	2791315	57	1130647552	855547904	ft*51 ZMQbg/Reaper*3 ZMQbg/IO/0*3 
2026-09-25T10:02:01+04:00	ck4r2-mirror-1m	1	2792290	2791335	1	12791808	5939200	python3*1 
2026-09-25T10:02:01+04:00	ck4r2-mirror-1m	1	2792291	2791335	30	12933984256	12325302272	python3*21 pt_gloo_runloop*2 ZMQbg/Reaper*2 ZMQbg/IO/0*2 pt_tcpstore_uv*1 cuda0000240000a*1 
2026-09-25T10:02:01+04:00	ck4r2-mirror-1m	1	2792292	2791335	57	1240133632	963153920	python3*49 ZMQbg/Reaper*4 ZMQbg/IO/0*4 
2026-09-25T10:02:12+04:00	ck4r2-mirror-1m	1	2791315	488	2	27750400	6033408	uv*1 main2*1 
2026-09-25T10:02:12+04:00	ck4r2-mirror-1m	1	2791335	2791315	57	1130647552	855547904	ft*51 ZMQbg/Reaper*3 ZMQbg/IO/0*3 
2026-09-25T10:02:12+04:00	ck4r2-mirror-1m	1	2792290	2791335	1	12791808	5939200	python3*1 
2026-09-25T10:02:12+04:00	ck4r2-mirror-1m	1	2792291	2791335	30	12933984256	12325302272	python3*21 pt_gloo_runloop*2 ZMQbg/Reaper*2 ZMQbg/IO/0*2 pt_tcpstore_uv*1 cuda0000240000a*1 
2026-09-25T10:02:12+04:00	ck4r2-mirror-1m	1	2792292	2791335	57	1240133632	963153920	python3*49 ZMQbg/Reaper*4 ZMQbg/IO/0*4 
2026-09-25T10:02:22+04:00	ck4r2-mirror-1m	1	2791315	488	2	27750400	6033408	uv*1 main2*1 
2026-09-25T10:02:22+04:00	ck4r2-mirror-1m	1	2791335	2791315	57	1130647552	855547904	ft*51 ZMQbg/Reaper*3 ZMQbg/IO/0*3 
2026-09-25T10:02:22+04:00	ck4r2-mirror-1m	1	2792290	2791335	1	12791808	5939200	python3*1 
2026-09-25T10:02:22+04:00	ck4r2-mirror-1m	1	2792291	2791335	30	12933984256	12325302272	python3*21 pt_gloo_runloop*2 ZMQbg/Reaper*2 ZMQbg/IO/0*2 pt_tcpstore_uv*1 cuda0000240000a*1 
2026-09-25T10:02:22+04:00	ck4r2-mirror-1m	1	2792292	2791335	57	1240133632	963153920	python3*49 ZMQbg/Reaper*4 ZMQbg/IO/0*4 
2026-09-25T10:02:32+04:00	ck4r2-mirror-1m	1	2791315	488	2	27750400	6033408	uv*1 main2*1 
2026-09-25T10:02:32+04:00	ck4r2-mirror-1m	1	2791335	2791315	57	1130647552	855547904	ft*51 ZMQbg/Reaper*3 ZMQbg/IO/0*3 
2026-09-25T10:02:32+04:00	ck4r2-mirror-1m	1	2792290	2791335	1	12791808	5939200	python3*1 
2026-09-25T10:02:32+04:00	ck4r2-mirror-1m	1	2792291	2791335	30	12933984256	12325302272	python3*21 pt_gloo_runloop*2 ZMQbg/Reaper*2 ZMQbg/IO/0*2 pt_tcpstore_uv*1 cuda0000240000a*1 
2026-09-25T10:02:32+04:00	ck4r2-mirror-1m	1	2792292	2791335	57	1240133632	963153920	python3*49 ZMQbg/Reaper*4 ZMQbg/IO/0*4 
2026-09-25T10:02:42+04:00	ck4r2-mirror-1m	1	2791315	488	2	27750400	6033408	uv*1 main2*1 
2026-09-25T10:02:42+04:00	ck4r2-mirror-1m	1	2791335	2791315	57	1130647552	855547904	ft*51 ZMQbg/Reaper*3 ZMQbg/IO/0*3 
2026-09-25T10:02:42+04:00	ck4r2-mirror-1m	1	2792290	2791335	1	12791808	5939200	python3*1 
2026-09-25T10:02:42+04:00	ck4r2-mirror-1m	1	2792291	2791335	30	12933984256	12325302272	python3*21 pt_gloo_runloop*2 ZMQbg/Reaper*2 ZMQbg/IO/0*2 pt_tcpstore_uv*1 cuda0000240000a*1 
2026-09-25T10:02:42+04:00	ck4r2-mirror-1m	1	2792292	2791335	57	1240133632	963153920	python3*49 ZMQbg/Reaper*4 ZMQbg/IO/0*4 
2026-09-25T10:02:52+04:00	ck4r2-mirror-1m	1	2791315	488	2	27750400	6033408	uv*1 main2*1 
2026-09-25T10:02:52+04:00	ck4r2-mirror-1m	1	2791335	2791315	57	1130647552	855547904	ft*51 ZMQbg/Reaper*3 ZMQbg/IO/0*3 
2026-09-25T10:02:53+04:00	ck4r2-mirror-1m	1	2792290	2791335	1	12791808	5939200	python3*1 
2026-09-25T10:02:53+04:00	ck4r2-mirror-1m	1	2792291	2791335	30	12933984256	12325302272	python3*21 pt_gloo_runloop*2 ZMQbg/Reaper*2 ZMQbg/IO/0*2 pt_tcpstore_uv*1 cuda0000240000a*1 
2026-09-25T10:02:53+04:00	ck4r2-mirror-1m	1	2792292	2791335	57	1240133632	963153920	python3*49 ZMQbg/Reaper*4 ZMQbg/IO/0*4 
2026-09-25T10:03:03+04:00	ck4r2-mirror-1m	1	2791315	488	2	27750400	6033408	uv*1 main2*1 
2026-09-25T10:03:03+04:00	ck4r2-mirror-1m	1	2791335	2791315	57	1130647552	855547904	ft*51 ZMQbg/Reaper*3 ZMQbg/IO/0*3 
2026-09-25T10:03:03+04:00	ck4r2-mirror-1m	1	2792290	2791335	1	12791808	5939200	python3*1 
2026-09-25T10:03:03+04:00	ck4r2-mirror-1m	1	2792291	2791335	30	12933984256	12325302272	python3*21 pt_gloo_runloop*2 ZMQbg/Reaper*2 ZMQbg/IO/0*2 pt_tcpstore_uv*1 cuda0000240000a*1 
2026-09-25T10:03:03+04:00	ck4r2-mirror-1m	1	2792292	2791335	57	1240133632	963153920	python3*49 ZMQbg/Reaper*4 ZMQbg/IO/0*4 
2026-09-25T10:03:13+04:00	ck4r2-mirror-1m	1	2791315	488	2	27750400	6033408	uv*1 main2*1 
2026-09-25T10:03:13+04:00	ck4r2-mirror-1m	1	2791335	2791315	57	1130647552	855547904	ft*51 ZMQbg/Reaper*3 ZMQbg/IO/0*3 
2026-09-25T10:03:13+04:00	ck4r2-mirror-1m	1	2792290	2791335	1	12791808	5939200	python3*1 
2026-09-25T10:03:13+04:00	ck4r2-mirror-1m	1	2792291	2791335	30	12933984256	12325302272	python3*21 pt_gloo_runloop*2 ZMQbg/Reaper*2 ZMQbg/IO/0*2 pt_tcpstore_uv*1 cuda0000240000a*1 
2026-09-25T10:03:13+04:00	ck4r2-mirror-1m	1	2792292	2791335	57	1240133632	963153920	python3*49 ZMQbg/Reaper*4 ZMQbg/IO/0*4 
2026-09-25T10:03:23+04:00	ck4r2-mirror-1m	1	2791315	488	2	27750400	6033408	uv*1 main2*1 
2026-09-25T10:03:23+04:00	ck4r2-mirror-1m	1	2791335	2791315	57	1130647552	855547904	ft*51 ZMQbg/Reaper*3 ZMQbg/IO/0*3 
2026-09-25T10:03:23+04:00	ck4r2-mirror-1m	1	2792290	2791335	1	12791808	5939200	python3*1 
2026-09-25T10:03:23+04:00	ck4r2-mirror-1m	1	2792291	2791335	30	12933984256	12325302272	python3*21 pt_gloo_runloop*2 ZMQbg/Reaper*2 ZMQbg/IO/0*2 pt_tcpstore_uv*1 cuda0000240000a*1 
2026-09-25T10:03:23+04:00	ck4r2-mirror-1m	1	2792292	2791335	57	1240133632	963153920	python3*49 ZMQbg/Reaper*4 ZMQbg/IO/0*4 
2026-09-25T10:03:33+04:00	ck4r2-mirror-1m	1	2791315	488	2	27750400	6033408	uv*1 main2*1 
2026-09-25T10:03:33+04:00	ck4r2-mirror-1m	1	2791335	2791315	57	1130647552	855547904	ft*51 ZMQbg/Reaper*3 ZMQbg/IO/0*3 
2026-09-25T10:03:33+04:00	ck4r2-mirror-1m	1	2792290	2791335	1	12791808	5939200	python3*1 
2026-09-25T10:03:33+04:00	ck4r2-mirror-1m	1	2792291	2791335	30	12933984256	12325302272	python3*21 pt_gloo_runloop*2 ZMQbg/Reaper*2 ZMQbg/IO/0*2 pt_tcpstore_uv*1 cuda0000240000a*1 
2026-09-25T10:03:33+04:00	ck4r2-mirror-1m	1	2792292	2791335	57	1240133632	963153920	python3*49 ZMQbg/Reaper*4 ZMQbg/IO/0*4 
2026-09-25T10:03:44+04:00	ck4r2-mirror-1m	1	2791315	488	2	27750400	6033408	uv*1 main2*1 
2026-09-25T10:03:44+04:00	ck4r2-mirror-1m	1	2791335	2791315	57	1130647552	855547904	ft*51 ZMQbg/Reaper*3 ZMQbg/IO/0*3 
2026-09-25T10:03:44+04:00	ck4r2-mirror-1m	1	2792290	2791335	1	12791808	5939200	python3*1 
2026-09-25T10:03:44+04:00	ck4r2-mirror-1m	1	2792291	2791335	30	12933984256	12325302272	python3*21 pt_gloo_runloop*2 ZMQbg/Reaper*2 ZMQbg/IO/0*2 pt_tcpstore_uv*1 cuda0000240000a*1 
2026-09-25T10:03:44+04:00	ck4r2-mirror-1m	1	2792292	2791335	57	1240133632	963153920	python3*49 ZMQbg/Reaper*4 ZMQbg/IO/0*4 
2026-09-25T10:03:54+04:00	ck4r2-mirror-1m	1	2791315	488	2	27750400	6033408	uv*1 main2*1 
2026-09-25T10:03:54+04:00	ck4r2-mirror-1m	1	2791335	2791315	57	1130647552	855547904	ft*51 ZMQbg/Reaper*3 ZMQbg/IO/0*3 
2026-09-25T10:03:54+04:00	ck4r2-mirror-1m	1	2792290	2791335	1	12791808	5939200	python3*1 
2026-09-25T10:03:54+04:00	ck4r2-mirror-1m	1	2792291	2791335	30	12933984256	12325302272	python3*21 pt_gloo_runloop*2 ZMQbg/Reaper*2 ZMQbg/IO/0*2 pt_tcpstore_uv*1 cuda0000240000a*1 
2026-09-25T10:03:54+04:00	ck4r2-mirror-1m	1	2792292	2791335	57	1240133632	963153920	python3*49 ZMQbg/Reaper*4 ZMQbg/IO/0*4 
2026-09-25T10:04:04+04:00	ck4r2-mirror-1m	1	2791315	488	2	27750400	6033408	uv*1 main2*1 
2026-09-25T10:04:04+04:00	ck4r2-mirror-1m	1	2791335	2791315	57	1130647552	855547904	ft*51 ZMQbg/Reaper*3 ZMQbg/IO/0*3 
2026-09-25T10:04:04+04:00	ck4r2-mirror-1m	1	2792290	2791335	1	12791808	5939200	python3*1 
2026-09-25T10:04:04+04:00	ck4r2-mirror-1m	1	2792291	2791335	30	12933984256	12325302272	python3*21 pt_gloo_runloop*2 ZMQbg/Reaper*2 ZMQbg/IO/0*2 pt_tcpstore_uv*1 cuda0000240000a*1 
2026-09-25T10:04:04+04:00	ck4r2-mirror-1m	1	2792292	2791335	57	1240133632	963153920	python3*49 ZMQbg/Reaper*4 ZMQbg/IO/0*4 
2026-09-25T10:04:14+04:00	ck4r2-mirror-1m	1	2791315	488	2	27750400	6033408	uv*1 main2*1 
2026-09-25T10:04:14+04:00	ck4r2-mirror-1m	1	2791335	2791315	57	1130647552	855547904	ft*51 ZMQbg/Reaper*3 ZMQbg/IO/0*3 
2026-09-25T10:04:14+04:00	ck4r2-mirror-1m	1	2792290	2791335	1	12791808	5939200	python3*1 
2026-09-25T10:04:14+04:00	ck4r2-mirror-1m	1	2792291	2791335	30	12933984256	12325302272	python3*21 pt_gloo_runloop*2 ZMQbg/Reaper*2 ZMQbg/IO/0*2 pt_tcpstore_uv*1 cuda0000240000a*1 
2026-09-25T10:04:14+04:00	ck4r2-mirror-1m	1	2792292	2791335	57	1240133632	963153920	python3*49 ZMQbg/Reaper*4 ZMQbg/IO/0*4 
2026-09-25T10:04:24+04:00	ck4r2-mirror-1m	1	2791315	488	2	27750400	6033408	uv*1 main2*1 
2026-09-25T10:04:24+04:00	ck4r2-mirror-1m	1	2791335	2791315	57	1130647552	855547904	ft*51 ZMQbg/Reaper*3 ZMQbg/IO/0*3 
2026-09-25T10:04:24+04:00	ck4r2-mirror-1m	1	2792290	2791335	1	12791808	5939200	python3*1 
2026-09-25T10:04:24+04:00	ck4r2-mirror-1m	1	2792291	2791335	30	12933984256	12325302272	python3*21 pt_gloo_runloop*2 ZMQbg/Reaper*2 ZMQbg/IO/0*2 pt_tcpstore_uv*1 cuda0000240000a*1 
2026-09-25T10:04:25+04:00	ck4r2-mirror-1m	1	2792292	2791335	57	1240133632	963153920	python3*49 ZMQbg/Reaper*4 ZMQbg/IO/0*4 
2026-09-25T10:04:35+04:00	ck4r2-mirror-1m	1	2791315	488	2	27750400	6033408	uv*1 main2*1 
2026-09-25T10:04:35+04:00	ck4r2-mirror-1m	1	2791335	2791315	57	1130647552	855547904	ft*51 ZMQbg/Reaper*3 ZMQbg/IO/0*3 
2026-09-25T10:04:35+04:00	ck4r2-mirror-1m	1	2792290	2791335	1	12791808	5939200	python3*1 
2026-09-25T10:04:35+04:00	ck4r2-mirror-1m	1	2792291	2791335	30	12933984256	12325302272	python3*21 pt_gloo_runloop*2 ZMQbg/Reaper*2 ZMQbg/IO/0*2 pt_tcpstore_uv*1 cuda0000240000a*1 
2026-09-25T10:04:35+04:00	ck4r2-mirror-1m	1	2792292	2791335	57	1240133632	963153920	python3*49 ZMQbg/Reaper*4 ZMQbg/IO/0*4 
2026-09-25T10:04:45+04:00	ck4r2-mirror-1m	1	2791315	488	2	27750400	6033408	uv*1 main2*1 
2026-09-25T10:04:45+04:00	ck4r2-mirror-1m	1	2791335	2791315	57	1130647552	855547904	ft*51 ZMQbg/Reaper*3 ZMQbg/IO/0*3 
2026-09-25T10:04:45+04:00	ck4r2-mirror-1m	1	2792290	2791335	1	12791808	5939200	python3*1 
2026-09-25T10:04:45+04:00	ck4r2-mirror-1m	1	2792291	2791335	30	12933984256	12325302272	python3*21 pt_gloo_runloop*2 ZMQbg/Reaper*2 ZMQbg/IO/0*2 pt_tcpstore_uv*1 cuda0000240000a*1 
2026-09-25T10:04:45+04:00	ck4r2-mirror-1m	1	2792292	2791335	57	1240133632	963153920	python3*49 ZMQbg/Reaper*4 ZMQbg/IO/0*4 
2026-09-25T10:04:55+04:00	ck4r2-mirror-1m	1	2791315	488	2	27750400	6033408	uv*1 main2*1 
2026-09-25T10:04:55+04:00	ck4r2-mirror-1m	1	2791335	2791315	57	1130647552	855547904	ft*51 ZMQbg/Reaper*3 ZMQbg/IO/0*3 
2026-09-25T10:04:55+04:00	ck4r2-mirror-1m	1	2792290	2791335	1	12791808	5939200	python3*1 
2026-09-25T10:04:55+04:00	ck4r2-mirror-1m	1	2792291	2791335	30	12933984256	12325302272	python3*21 pt_gloo_runloop*2 ZMQbg/Reaper*2 ZMQbg/IO/0*2 pt_tcpstore_uv*1 cuda0000240000a*1 
2026-09-25T10:04:55+04:00	ck4r2-mirror-1m	1	2792292	2791335	57	1240133632	963153920	python3*49 ZMQbg/Reaper*4 ZMQbg/IO/0*4 
2026-09-25T10:05:05+04:00	ck4r2-mirror-1m	1	2791315	488	2	27750400	6033408	uv*1 main2*1 
2026-09-25T10:05:05+04:00	ck4r2-mirror-1m	1	2791335	2791315	57	1130647552	855547904	ft*51 ZMQbg/Reaper*3 ZMQbg/IO/0*3 
2026-09-25T10:05:05+04:00	ck4r2-mirror-1m	1	2792290	2791335	1	12791808	5939200	python3*1 
2026-09-25T10:05:05+04:00	ck4r2-mirror-1m	1	2792291	2791335	30	12933984256	12325302272	python3*21 pt_gloo_runloop*2 ZMQbg/Reaper*2 ZMQbg/IO/0*2 pt_tcpstore_uv*1 cuda0000240000a*1 
2026-09-25T10:05:05+04:00	ck4r2-mirror-1m	1	2792292	2791335	57	1240133632	963153920	python3*49 ZMQbg/Reaper*4 ZMQbg/IO/0*4 
2026-09-25T10:05:15+04:00	ck4r2-mirror-1m	1	2791315	488	2	27750400	6033408	uv*1 main2*1 
2026-09-25T10:05:15+04:00	ck4r2-mirror-1m	1	2791335	2791315	57	1130647552	855547904	ft*51 ZMQbg/Reaper*3 ZMQbg/IO/0*3 
2026-09-25T10:05:15+04:00	ck4r2-mirror-1m	1	2792290	2791335	1	12791808	5939200	python3*1 
2026-09-25T10:05:15+04:00	ck4r2-mirror-1m	1	2792291	2791335	30	12933984256	12325302272	python3*21 pt_gloo_runloop*2 ZMQbg/Reaper*2 ZMQbg/IO/0*2 pt_tcpstore_uv*1 cuda0000240000a*1 
2026-09-25T10:05:16+04:00	ck4r2-mirror-1m	1	2792292	2791335	57	1240133632	963153920	python3*49 ZMQbg/Reaper*4 ZMQbg/IO/0*4 
2026-09-25T10:05:26+04:00	ck4r2-mirror-1m	1	2791315	488	2	27750400	6033408	uv*1 main2*1 
2026-09-25T10:05:26+04:00	ck4r2-mirror-1m	1	2791335	2791315	57	1130647552	855547904	ft*51 ZMQbg/Reaper*3 ZMQbg/IO/0*3 
2026-09-25T10:05:26+04:00	ck4r2-mirror-1m	1	2792290	2791335	1	12791808	5939200	python3*1 
2026-09-25T10:05:26+04:00	ck4r2-mirror-1m	1	2792291	2791335	30	12933984256	12325302272	python3*21 pt_gloo_runloop*2 ZMQbg/Reaper*2 ZMQbg/IO/0*2 pt_tcpstore_uv*1 cuda0000240000a*1 
2026-09-25T10:05:26+04:00	ck4r2-mirror-1m	1	2792292	2791335	57	1240133632	963153920	python3*49 ZMQbg/Reaper*4 ZMQbg/IO/0*4 
2026-09-25T10:05:36+04:00	ck4r2-mirror-1m	1	2791315	488	2	27750400	6033408	uv*1 main2*1 
2026-09-25T10:05:36+04:00	ck4r2-mirror-1m	1	2791335	2791315	57	1130647552	855547904	ft*51 ZMQbg/Reaper*3 ZMQbg/IO/0*3 
2026-09-25T10:05:36+04:00	ck4r2-mirror-1m	1	2792290	2791335	1	12791808	5939200	python3*1 
2026-09-25T10:05:36+04:00	ck4r2-mirror-1m	1	2792291	2791335	30	12933984256	12325302272	python3*21 pt_gloo_runloop*2 ZMQbg/Reaper*2 ZMQbg/IO/0*2 pt_tcpstore_uv*1 cuda0000240000a*1 
2026-09-25T10:05:36+04:00	ck4r2-mirror-1m	1	2792292	2791335	57	1240133632	963153920	python3*49 ZMQbg/Reaper*4 ZMQbg/IO/0*4 
2026-09-25T10:05:46+04:00	ck4r2-mirror-1m	1	2791315	488	2	27750400	6033408	uv*1 main2*1 
2026-09-25T10:05:46+04:00	ck4r2-mirror-1m	1	2791335	2791315	57	1130647552	855547904	ft*51 ZMQbg/Reaper*3 ZMQbg/IO/0*3 
2026-09-25T10:05:46+04:00	ck4r2-mirror-1m	1	2792290	2791335	1	12791808	5939200	python3*1 
2026-09-25T10:05:46+04:00	ck4r2-mirror-1m	1	2792291	2791335	30	12933984256	12325302272	python3*21 pt_gloo_runloop*2 ZMQbg/Reaper*2 ZMQbg/IO/0*2 pt_tcpstore_uv*1 cuda0000240000a*1 
2026-09-25T10:05:46+04:00	ck4r2-mirror-1m	1	2792292	2791335	57	1240133632	963153920	python3*49 ZMQbg/Reaper*4 ZMQbg/IO/0*4 
2026-09-25T10:05:56+04:00	ck4r2-mirror-1m	1	2791315	488	2	27750400	6033408	uv*1 main2*1 
2026-09-25T10:05:56+04:00	ck4r2-mirror-1m	1	2791335	2791315	57	1130647552	855547904	ft*51 ZMQbg/Reaper*3 ZMQbg/IO/0*3 
2026-09-25T10:05:56+04:00	ck4r2-mirror-1m	1	2792290	2791335	1	12791808	5939200	python3*1 
2026-09-25T10:05:56+04:00	ck4r2-mirror-1m	1	2792291	2791335	30	12933984256	12325302272	python3*21 pt_gloo_runloop*2 ZMQbg/Reaper*2 ZMQbg/IO/0*2 pt_tcpstore_uv*1 cuda0000240000a*1 
2026-09-25T10:05:56+04:00	ck4r2-mirror-1m	1	2792292	2791335	57	1240133632	963153920	python3*49 ZMQbg/Reaper*4 ZMQbg/IO/0*4 
2026-09-25T10:06:07+04:00	ck4r2-mirror-1m	1	2791315	488	2	27750400	6033408	uv*1 main2*1 
2026-09-25T10:06:07+04:00	ck4r2-mirror-1m	1	2791335	2791315	57	1130651648	855552000	ft*51 ZMQbg/Reaper*3 ZMQbg/IO/0*3 
2026-09-25T10:06:07+04:00	ck4r2-mirror-1m	1	2792290	2791335	1	12791808	5939200	python3*1 
2026-09-25T10:06:07+04:00	ck4r2-mirror-1m	1	2792291	2791335	30	12933984256	12325302272	python3*21 pt_gloo_runloop*2 ZMQbg/Reaper*2 ZMQbg/IO/0*2 pt_tcpstore_uv*1 cuda0000240000a*1 
2026-09-25T10:06:07+04:00	ck4r2-mirror-1m	1	2792292	2791335	57	1240133632	963153920	python3*49 ZMQbg/Reaper*4 ZMQbg/IO/0*4 
2026-09-25T10:06:17+04:00	ck4r2-mirror-1m	1	2791315	488	2	27750400	6033408	uv*1 main2*1 
2026-09-25T10:06:17+04:00	ck4r2-mirror-1m	1	2791335	2791315	57	1130651648	855552000	ft*51 ZMQbg/Reaper*3 ZMQbg/IO/0*3 
2026-09-25T10:06:17+04:00	ck4r2-mirror-1m	1	2792290	2791335	1	12791808	5939200	python3*1 
2026-09-25T10:06:17+04:00	ck4r2-mirror-1m	1	2792291	2791335	30	12933984256	12325302272	python3*21 pt_gloo_runloop*2 ZMQbg/Reaper*2 ZMQbg/IO/0*2 pt_tcpstore_uv*1 cuda0000240000a*1 
2026-09-25T10:06:17+04:00	ck4r2-mirror-1m	1	2792292	2791335	57	1240133632	963153920	python3*49 ZMQbg/Reaper*4 ZMQbg/IO/0*4 
2026-09-25T10:06:27+04:00	ck4r2-mirror-1m	1	2791315	488	2	27750400	6033408	uv*1 main2*1 
2026-09-25T10:06:27+04:00	ck4r2-mirror-1m	1	2791335	2791315	57	1130651648	855552000	ft*51 ZMQbg/Reaper*3 ZMQbg/IO/0*3 
2026-09-25T10:06:27+04:00	ck4r2-mirror-1m	1	2792290	2791335	1	12791808	5939200	python3*1 
2026-09-25T10:06:27+04:00	ck4r2-mirror-1m	1	2792291	2791335	30	12933984256	12325302272	python3*21 pt_gloo_runloop*2 ZMQbg/Reaper*2 ZMQbg/IO/0*2 pt_tcpstore_uv*1 cuda0000240000a*1 
2026-09-25T10:06:27+04:00	ck4r2-mirror-1m	1	2792292	2791335	57	1240133632	963153920	python3*49 ZMQbg/Reaper*4 ZMQbg/IO/0*4 
2026-09-25T10:06:37+04:00	ck4r2-mirror-1m	1	2791315	488	2	27750400	6033408	uv*1 main2*1 
2026-09-25T10:06:37+04:00	ck4r2-mirror-1m	1	2791335	2791315	57	1130651648	855552000	ft*51 ZMQbg/Reaper*3 ZMQbg/IO/0*3 
2026-09-25T10:06:37+04:00	ck4r2-mirror-1m	1	2792290	2791335	1	12791808	5939200	python3*1 
2026-09-25T10:06:37+04:00	ck4r2-mirror-1m	1	2792291	2791335	30	12933984256	12325302272	python3*21 pt_gloo_runloop*2 ZMQbg/Reaper*2 ZMQbg/IO/0*2 pt_tcpstore_uv*1 cuda0000240000a*1 
2026-09-25T10:06:37+04:00	ck4r2-mirror-1m	1	2792292	2791335	57	1240133632	963153920	python3*49 ZMQbg/Reaper*4 ZMQbg/IO/0*4 
2026-09-25T10:06:48+04:00	ck4r2-mirror-1m	1	2791315	488	2	27750400	6033408	uv*1 main2*1 
2026-09-25T10:06:48+04:00	ck4r2-mirror-1m	1	2791335	2791315	57	1130651648	855552000	ft*51 ZMQbg/Reaper*3 ZMQbg/IO/0*3 
2026-09-25T10:06:48+04:00	ck4r2-mirror-1m	1	2792290	2791335	1	12791808	5939200	python3*1 
2026-09-25T10:06:48+04:00	ck4r2-mirror-1m	1	2792291	2791335	30	12933984256	12325302272	python3*21 pt_gloo_runloop*2 ZMQbg/Reaper*2 ZMQbg/IO/0*2 pt_tcpstore_uv*1 cuda0000240000a*1 
2026-09-25T10:06:48+04:00	ck4r2-mirror-1m	1	2792292	2791335	57	1240133632	963153920	python3*49 ZMQbg/Reaper*4 ZMQbg/IO/0*4 
2026-09-25T10:06:58+04:00	ck4r2-mirror-1m	1	2791315	488	2	27750400	6033408	uv*1 main2*1 
2026-09-25T10:06:58+04:00	ck4r2-mirror-1m	1	2791335	2791315	57	1130651648	855552000	ft*51 ZMQbg/Reaper*3 ZMQbg/IO/0*3 
2026-09-25T10:06:58+04:00	ck4r2-mirror-1m	1	2792290	2791335	1	12791808	5939200	python3*1 
2026-09-25T10:06:58+04:00	ck4r2-mirror-1m	1	2792291	2791335	30	12933984256	12325302272	python3*21 pt_gloo_runloop*2 ZMQbg/Reaper*2 ZMQbg/IO/0*2 pt_tcpstore_uv*1 cuda0000240000a*1 
2026-09-25T10:06:58+04:00	ck4r2-mirror-1m	1	2792292	2791335	57	1240133632	963153920	python3*49 ZMQbg/Reaper*4 ZMQbg/IO/0*4 
2026-09-25T10:07:08+04:00	ck4r2-mirror-1m	1	2791315	488	2	27750400	6033408	uv*1 main2*1 
2026-09-25T10:07:08+04:00	ck4r2-mirror-1m	1	2791335	2791315	57	1130651648	855552000	ft*51 ZMQbg/Reaper*3 ZMQbg/IO/0*3 
2026-09-25T10:07:08+04:00	ck4r2-mirror-1m	1	2792290	2791335	1	12791808	5939200	python3*1 
2026-09-25T10:07:08+04:00	ck4r2-mirror-1m	1	2792291	2791335	30	12933984256	12325302272	python3*21 pt_gloo_runloop*2 ZMQbg/Reaper*2 ZMQbg/IO/0*2 pt_tcpstore_uv*1 cuda0000240000a*1 
2026-09-25T10:07:08+04:00	ck4r2-mirror-1m	1	2792292	2791335	57	1240133632	963153920	python3*49 ZMQbg/Reaper*4 ZMQbg/IO/0*4 
2026-09-25T10:07:18+04:00	ck4r2-mirror-1m	1	2791315	488	2	27750400	6033408	uv*1 main2*1 
2026-09-25T10:07:18+04:00	ck4r2-mirror-1m	1	2791335	2791315	57	1130651648	855552000	ft*51 ZMQbg/Reaper*3 ZMQbg/IO/0*3 
2026-09-25T10:07:18+04:00	ck4r2-mirror-1m	1	2792290	2791335	1	12791808	5939200	python3*1 
2026-09-25T10:07:18+04:00	ck4r2-mirror-1m	1	2792291	2791335	30	12933984256	12325302272	python3*21 pt_gloo_runloop*2 ZMQbg/Reaper*2 ZMQbg/IO/0*2 pt_tcpstore_uv*1 cuda0000240000a*1 
2026-09-25T10:07:18+04:00	ck4r2-mirror-1m	1	2792292	2791335	57	1240133632	963153920	python3*49 ZMQbg/Reaper*4 ZMQbg/IO/0*4 
2026-09-25T10:07:28+04:00	ck4r2-mirror-1m	1	2791315	488	2	27750400	6033408	uv*1 main2*1 
2026-09-25T10:07:28+04:00	ck4r2-mirror-1m	1	2791335	2791315	57	1130651648	855552000	ft*51 ZMQbg/Reaper*3 ZMQbg/IO/0*3 
2026-09-25T10:07:28+04:00	ck4r2-mirror-1m	1	2792290	2791335	1	12791808	5939200	python3*1 
2026-09-25T10:07:28+04:00	ck4r2-mirror-1m	1	2792291	2791335	30	12933984256	12325302272	python3*21 pt_gloo_runloop*2 ZMQbg/Reaper*2 ZMQbg/IO/0*2 pt_tcpstore_uv*1 cuda0000240000a*1 
2026-09-25T10:07:28+04:00	ck4r2-mirror-1m	1	2792292	2791335	57	1240133632	963153920	python3*49 ZMQbg/Reaper*4 ZMQbg/IO/0*4 
2026-09-25T10:07:39+04:00	ck4r2-mirror-1m	1	2791315	488	2	27750400	6033408	uv*1 main2*1 
2026-09-25T10:07:39+04:00	ck4r2-mirror-1m	1	2791335	2791315	57	1130651648	855552000	ft*51 ZMQbg/Reaper*3 ZMQbg/IO/0*3 
2026-09-25T10:07:39+04:00	ck4r2-mirror-1m	1	2792290	2791335	1	12791808	5939200	python3*1 
2026-09-25T10:07:39+04:00	ck4r2-mirror-1m	1	2792291	2791335	45	12934660096	12325978112	python3*36 pt_gloo_runloop*2 ZMQbg/Reaper*2 ZMQbg/IO/0*2 pt_tcpstore_uv*1 cuda0000240000a*1 
2026-09-25T10:07:39+04:00	ck4r2-mirror-1m	1	2792292	2791335	57	1240133632	963153920	python3*49 ZMQbg/Reaper*4 ZMQbg/IO/0*4 
2026-09-25T10:07:49+04:00	ck4r2-mirror-1m	3	2791315	488	2	27750400	6033408	uv*1 main2*1 
2026-09-25T10:07:49+04:00	ck4r2-mirror-1m	3	2791335	2791315	57	1250304000	975204352	ft*51 ZMQbg/Reaper*3 ZMQbg/IO/0*3 
2026-09-25T10:07:49+04:00	ck4r2-mirror-1m	3	2792290	2791335	1	12791808	5939200	python3*1 
2026-09-25T10:07:49+04:00	ck4r2-mirror-1m	3	2792291	2791335	45	12936704000	12327034880	python3*36 pt_gloo_runloop*2 ZMQbg/Reaper*2 ZMQbg/IO/0*2 pt_tcpstore_uv*1 cuda0000240000a*1 
2026-09-25T10:07:49+04:00	ck4r2-mirror-1m	3	2792292	2791335	57	1287380992	1010401280	python3*49 ZMQbg/Reaper*4 ZMQbg/IO/0*4 
2026-09-25T10:07:59+04:00	ck4r2-mirror-1m	3	2791315	488	2	27750400	6033408	uv*1 main2*1 
2026-09-25T10:07:59+04:00	ck4r2-mirror-1m	3	2791335	2791315	57	1250304000	975204352	ft*51 ZMQbg/Reaper*3 ZMQbg/IO/0*3 
2026-09-25T10:07:59+04:00	ck4r2-mirror-1m	3	2792290	2791335	1	12791808	5939200	python3*1 
2026-09-25T10:07:59+04:00	ck4r2-mirror-1m	3	2792291	2791335	45	12936704000	12327034880	python3*36 pt_gloo_runloop*2 ZMQbg/Reaper*2 ZMQbg/IO/0*2 pt_tcpstore_uv*1 cuda0000240000a*1 
2026-09-25T10:07:59+04:00	ck4r2-mirror-1m	3	2792292	2791335	57	1287380992	1010401280	python3*49 ZMQbg/Reaper*4 ZMQbg/IO/0*4 
2026-09-25T10:08:10+04:00	ck4r2-mirror-1m	3	2791315	488	2	27750400	6033408	uv*1 main2*1 
2026-09-25T10:08:10+04:00	ck4r2-mirror-1m	3	2791335	2791315	57	1250304000	975204352	ft*51 ZMQbg/Reaper*3 ZMQbg/IO/0*3 
2026-09-25T10:08:10+04:00	ck4r2-mirror-1m	3	2792290	2791335	1	12791808	5939200	python3*1 
2026-09-25T10:08:10+04:00	ck4r2-mirror-1m	3	2792291	2791335	45	12936704000	12327034880	python3*36 pt_gloo_runloop*2 ZMQbg/Reaper*2 ZMQbg/IO/0*2 pt_tcpstore_uv*1 cuda0000240000a*1 
2026-09-25T10:08:10+04:00	ck4r2-mirror-1m	3	2792292	2791335	57	1287380992	1010401280	python3*49 ZMQbg/Reaper*4 ZMQbg/IO/0*4 
2026-09-25T10:08:20+04:00	ck4r2-mirror-1m	3	2791315	488	2	27750400	6033408	uv*1 main2*1 
2026-09-25T10:08:20+04:00	ck4r2-mirror-1m	3	2791335	2791315	57	1250304000	975204352	ft*51 ZMQbg/Reaper*3 ZMQbg/IO/0*3 
2026-09-25T10:08:20+04:00	ck4r2-mirror-1m	3	2792290	2791335	1	12791808	5939200	python3*1 
2026-09-25T10:08:20+04:00	ck4r2-mirror-1m	3	2792291	2791335	45	12936704000	12327034880	python3*36 pt_gloo_runloop*2 ZMQbg/Reaper*2 ZMQbg/IO/0*2 pt_tcpstore_uv*1 cuda0000240000a*1 
2026-09-25T10:08:20+04:00	ck4r2-mirror-1m	3	2792292	2791335	57	1287380992	1010401280	python3*49 ZMQbg/Reaper*4 ZMQbg/IO/0*4 
2026-09-25T10:08:30+04:00	ck4r2-mirror-1m	3	2791315	488	2	27750400	6033408	uv*1 main2*1 
2026-09-25T10:08:30+04:00	ck4r2-mirror-1m	3	2791335	2791315	57	1250304000	975204352	ft*51 ZMQbg/Reaper*3 ZMQbg/IO/0*3 
2026-09-25T10:08:30+04:00	ck4r2-mirror-1m	3	2792290	2791335	1	12791808	5939200	python3*1 
2026-09-25T10:08:30+04:00	ck4r2-mirror-1m	3	2792291	2791335	45	12936704000	12327034880	python3*36 pt_gloo_runloop*2 ZMQbg/Reaper*2 ZMQbg/IO/0*2 pt_tcpstore_uv*1 cuda0000240000a*1 
2026-09-25T10:08:30+04:00	ck4r2-mirror-1m	3	2792292	2791335	57	1287380992	1010401280	python3*49 ZMQbg/Reaper*4 ZMQbg/IO/0*4 
2026-09-25T10:08:40+04:00	ck4r2-mirror-1m	3	2791315	488	2	27750400	6033408	uv*1 main2*1 
2026-09-25T10:08:40+04:00	ck4r2-mirror-1m	3	2791335	2791315	57	1250304000	975204352	ft*51 ZMQbg/Reaper*3 ZMQbg/IO/0*3 
2026-09-25T10:08:40+04:00	ck4r2-mirror-1m	3	2792290	2791335	1	12791808	5939200	python3*1 
2026-09-25T10:08:40+04:00	ck4r2-mirror-1m	3	2792291	2791335	45	12936704000	12327034880	python3*36 pt_gloo_runloop*2 ZMQbg/Reaper*2 ZMQbg/IO/0*2 pt_tcpstore_uv*1 cuda0000240000a*1 
2026-09-25T10:08:40+04:00	ck4r2-mirror-1m	3	2792292	2791335	57	1287380992	1010401280	python3*49 ZMQbg/Reaper*4 ZMQbg/IO/0*4 
2026-09-25T10:08:50+04:00	ck4r2-mirror-1m	3	2791315	488	2	27750400	6033408	uv*1 main2*1 
2026-09-25T10:08:50+04:00	ck4r2-mirror-1m	3	2791335	2791315	57	1250304000	975204352	ft*51 ZMQbg/Reaper*3 ZMQbg/IO/0*3 
2026-09-25T10:08:50+04:00	ck4r2-mirror-1m	3	2792290	2791335	1	12791808	5939200	python3*1 
2026-09-25T10:08:50+04:00	ck4r2-mirror-1m	3	2792291	2791335	45	12936704000	12327034880	python3*36 pt_gloo_runloop*2 ZMQbg/Reaper*2 ZMQbg/IO/0*2 pt_tcpstore_uv*1 cuda0000240000a*1 
2026-09-25T10:08:51+04:00	ck4r2-mirror-1m	3	2792292	2791335	57	1287380992	1010401280	python3*49 ZMQbg/Reaper*4 ZMQbg/IO/0*4 
2026-09-25T10:09:01+04:00	ck4r2-mirror-1m	3	2791315	488	2	27750400	6033408	uv*1 main2*1 
2026-09-25T10:09:01+04:00	ck4r2-mirror-1m	3	2791335	2791315	57	1250304000	975204352	ft*51 ZMQbg/Reaper*3 ZMQbg/IO/0*3 
2026-09-25T10:09:01+04:00	ck4r2-mirror-1m	3	2792290	2791335	1	12791808	5939200	python3*1 
2026-09-25T10:09:01+04:00	ck4r2-mirror-1m	3	2792291	2791335	45	12936704000	12327034880	python3*36 pt_gloo_runloop*2 ZMQbg/Reaper*2 ZMQbg/IO/0*2 pt_tcpstore_uv*1 cuda0000240000a*1 
2026-09-25T10:09:01+04:00	ck4r2-mirror-1m	3	2792292	2791335	57	1287380992	1010401280	python3*49 ZMQbg/Reaper*4 ZMQbg/IO/0*4 
2026-09-25T10:09:11+04:00	ck4r2-mirror-1m	3	2791315	488	2	27750400	6033408	uv*1 main2*1 
2026-09-25T10:09:11+04:00	ck4r2-mirror-1m	3	2791335	2791315	57	1250304000	975204352	ft*51 ZMQbg/Reaper*3 ZMQbg/IO/0*3 
2026-09-25T10:09:11+04:00	ck4r2-mirror-1m	3	2792290	2791335	1	12791808	5939200	python3*1 
2026-09-25T10:09:11+04:00	ck4r2-mirror-1m	3	2792291	2791335	45	12936704000	12327034880	python3*36 pt_gloo_runloop*2 ZMQbg/Reaper*2 ZMQbg/IO/0*2 pt_tcpstore_uv*1 cuda0000240000a*1 
2026-09-25T10:09:11+04:00	ck4r2-mirror-1m	3	2792292	2791335	57	1287380992	1010401280	python3*49 ZMQbg/Reaper*4 ZMQbg/IO/0*4 
2026-09-25T10:09:22+04:00	ck4r2-mirror-1m	3	2791315	488	2	27750400	6033408	uv*1 main2*1 
2026-09-25T10:09:22+04:00	ck4r2-mirror-1m	3	2791335	2791315	57	1250304000	975204352	ft*51 ZMQbg/Reaper*3 ZMQbg/IO/0*3 
2026-09-25T10:09:22+04:00	ck4r2-mirror-1m	3	2792290	2791335	1	12791808	5939200	python3*1 
2026-09-25T10:09:22+04:00	ck4r2-mirror-1m	3	2792291	2791335	45	12936704000	12327034880	python3*36 pt_gloo_runloop*2 ZMQbg/Reaper*2 ZMQbg/IO/0*2 pt_tcpstore_uv*1 cuda0000240000a*1 
2026-09-25T10:09:22+04:00	ck4r2-mirror-1m	3	2792292	2791335	57	1287380992	1010401280	python3*49 ZMQbg/Reaper*4 ZMQbg/IO/0*4 
2026-09-25T10:09:32+04:00	ck4r2-mirror-1m	3	2791315	488	2	27750400	6033408	uv*1 main2*1 
2026-09-25T10:09:32+04:00	ck4r2-mirror-1m	3	2791335	2791315	57	1250304000	975204352	ft*51 ZMQbg/Reaper*3 ZMQbg/IO/0*3 
2026-09-25T10:09:32+04:00	ck4r2-mirror-1m	3	2792290	2791335	1	12791808	5939200	python3*1 
2026-09-25T10:09:32+04:00	ck4r2-mirror-1m	3	2792291	2791335	45	12936704000	12327034880	python3*36 pt_gloo_runloop*2 ZMQbg/Reaper*2 ZMQbg/IO/0*2 pt_tcpstore_uv*1 cuda0000240000a*1 
2026-09-25T10:09:32+04:00	ck4r2-mirror-1m	3	2792292	2791335	57	1287380992	1010401280	python3*49 ZMQbg/Reaper*4 ZMQbg/IO/0*4 
2026-09-25T10:09:42+04:00	ck4r2-mirror-1m	3	2791315	488	2	27750400	6033408	uv*1 main2*1 
2026-09-25T10:09:42+04:00	ck4r2-mirror-1m	3	2791335	2791315	57	1250304000	975204352	ft*51 ZMQbg/Reaper*3 ZMQbg/IO/0*3 
2026-09-25T10:09:42+04:00	ck4r2-mirror-1m	3	2792290	2791335	1	12791808	5939200	python3*1 
2026-09-25T10:09:42+04:00	ck4r2-mirror-1m	3	2792291	2791335	45	12936704000	12327034880	python3*36 pt_gloo_runloop*2 ZMQbg/Reaper*2 ZMQbg/IO/0*2 pt_tcpstore_uv*1 cuda0000240000a*1 
2026-09-25T10:09:42+04:00	ck4r2-mirror-1m	3	2792292	2791335	57	1287380992	1010401280	python3*49 ZMQbg/Reaper*4 ZMQbg/IO/0*4 
2026-09-25T10:09:52+04:00	ck4r2-mirror-1m	3	2791315	488	2	27750400	6033408	uv*1 main2*1 
2026-09-25T10:09:52+04:00	ck4r2-mirror-1m	3	2791335	2791315	57	1250304000	975204352	ft*51 ZMQbg/Reaper*3 ZMQbg/IO/0*3 
2026-09-25T10:09:52+04:00	ck4r2-mirror-1m	3	2792290	2791335	1	12791808	5939200	python3*1 
2026-09-25T10:09:52+04:00	ck4r2-mirror-1m	3	2792291	2791335	45	12936704000	12327034880	python3*36 pt_gloo_runloop*2 ZMQbg/Reaper*2 ZMQbg/IO/0*2 pt_tcpstore_uv*1 cuda0000240000a*1 
2026-09-25T10:09:52+04:00	ck4r2-mirror-1m	3	2792292	2791335	57	1287380992	1010401280	python3*49 ZMQbg/Reaper*4 ZMQbg/IO/0*4 
2026-09-25T10:10:02+04:00	ck4r2-mirror-1m	3	2791315	488	2	27750400	6033408	uv*1 main2*1 
2026-09-25T10:10:02+04:00	ck4r2-mirror-1m	3	2791335	2791315	57	1250304000	975204352	ft*51 ZMQbg/Reaper*3 ZMQbg/IO/0*3 
2026-09-25T10:10:02+04:00	ck4r2-mirror-1m	3	2792290	2791335	1	12791808	5939200	python3*1 
2026-09-25T10:10:02+04:00	ck4r2-mirror-1m	3	2792291	2791335	45	12936704000	12327034880	python3*36 pt_gloo_runloop*2 ZMQbg/Reaper*2 ZMQbg/IO/0*2 pt_tcpstore_uv*1 cuda0000240000a*1 
2026-09-25T10:10:03+04:00	ck4r2-mirror-1m	3	2792292	2791335	57	1287380992	1010401280	python3*49 ZMQbg/Reaper*4 ZMQbg/IO/0*4 
2026-09-25T10:10:13+04:00	ck4r2-mirror-1m	3	2791315	488	2	27750400	6033408	uv*1 main2*1 
2026-09-25T10:10:13+04:00	ck4r2-mirror-1m	3	2791335	2791315	57	1250304000	975204352	ft*51 ZMQbg/Reaper*3 ZMQbg/IO/0*3 
2026-09-25T10:10:13+04:00	ck4r2-mirror-1m	3	2792290	2791335	1	12791808	5939200	python3*1 
2026-09-25T10:10:13+04:00	ck4r2-mirror-1m	3	2792291	2791335	45	12936704000	12327034880	python3*36 pt_gloo_runloop*2 ZMQbg/Reaper*2 ZMQbg/IO/0*2 pt_tcpstore_uv*1 cuda0000240000a*1 
2026-09-25T10:10:13+04:00	ck4r2-mirror-1m	3	2792292	2791335	57	1287380992	1010401280	python3*49 ZMQbg/Reaper*4 ZMQbg/IO/0*4 
2026-09-25T10:10:23+04:00	ck4r2-mirror-1m	3	2791315	488	2	27750400	6033408	uv*1 main2*1 
2026-09-25T10:10:23+04:00	ck4r2-mirror-1m	3	2791335	2791315	57	1250304000	975204352	ft*51 ZMQbg/Reaper*3 ZMQbg/IO/0*3 
2026-09-25T10:10:23+04:00	ck4r2-mirror-1m	3	2792290	2791335	1	12791808	5939200	python3*1 
2026-09-25T10:10:23+04:00	ck4r2-mirror-1m	3	2792291	2791335	45	12936704000	12327034880	python3*36 pt_gloo_runloop*2 ZMQbg/Reaper*2 ZMQbg/IO/0*2 pt_tcpstore_uv*1 cuda0000240000a*1 
2026-09-25T10:10:23+04:00	ck4r2-mirror-1m	3	2792292	2791335	57	1287380992	1010401280	python3*49 ZMQbg/Reaper*4 ZMQbg/IO/0*4 
2026-09-25T10:10:33+04:00	ck4r2-mirror-1m	3	2791315	488	2	27750400	6033408	uv*1 main2*1 
2026-09-25T10:10:33+04:00	ck4r2-mirror-1m	3	2791335	2791315	57	1250304000	975204352	ft*51 ZMQbg/Reaper*3 ZMQbg/IO/0*3 
2026-09-25T10:10:33+04:00	ck4r2-mirror-1m	3	2792290	2791335	1	12791808	5939200	python3*1 
2026-09-25T10:10:33+04:00	ck4r2-mirror-1m	3	2792291	2791335	45	12936704000	12327034880	python3*36 pt_gloo_runloop*2 ZMQbg/Reaper*2 ZMQbg/IO/0*2 pt_tcpstore_uv*1 cuda0000240000a*1 
2026-09-25T10:10:33+04:00	ck4r2-mirror-1m	3	2792292	2791335	57	1287380992	1010401280	python3*49 ZMQbg/Reaper*4 ZMQbg/IO/0*4 
2026-09-25T10:10:43+04:00	ck4r2-mirror-1m	3	2791315	488	2	27750400	6033408	uv*1 main2*1 
2026-09-25T10:10:43+04:00	ck4r2-mirror-1m	3	2791335	2791315	57	1250304000	975204352	ft*51 ZMQbg/Reaper*3 ZMQbg/IO/0*3 
2026-09-25T10:10:43+04:00	ck4r2-mirror-1m	3	2792290	2791335	1	12791808	5939200	python3*1 
2026-09-25T10:10:43+04:00	ck4r2-mirror-1m	3	2792291	2791335	45	12936704000	12327034880	python3*36 pt_gloo_runloop*2 ZMQbg/Reaper*2 ZMQbg/IO/0*2 pt_tcpstore_uv*1 cuda0000240000a*1 
2026-09-25T10:10:43+04:00	ck4r2-mirror-1m	3	2792292	2791335	57	1287380992	1010401280	python3*49 ZMQbg/Reaper*4 ZMQbg/IO/0*4 
2026-09-25T10:10:54+04:00	ck4r2-mirror-1m	3	2791315	488	2	27750400	6033408	uv*1 main2*1 
2026-09-25T10:10:54+04:00	ck4r2-mirror-1m	3	2791335	2791315	57	1250304000	975204352	ft*51 ZMQbg/Reaper*3 ZMQbg/IO/0*3 
2026-09-25T10:10:54+04:00	ck4r2-mirror-1m	3	2792290	2791335	1	12791808	5939200	python3*1 
2026-09-25T10:10:54+04:00	ck4r2-mirror-1m	3	2792291	2791335	45	12936704000	12327034880	python3*36 pt_gloo_runloop*2 ZMQbg/Reaper*2 ZMQbg/IO/0*2 pt_tcpstore_uv*1 cuda0000240000a*1 
2026-09-25T10:10:54+04:00	ck4r2-mirror-1m	3	2792292	2791335	57	1287380992	1010401280	python3*49 ZMQbg/Reaper*4 ZMQbg/IO/0*4 
2026-09-25T10:11:04+04:00	ck4r2-mirror-1m	3	2791315	488	2	27750400	6033408	uv*1 main2*1 
2026-09-25T10:11:04+04:00	ck4r2-mirror-1m	3	2791335	2791315	57	1250304000	975204352	ft*51 ZMQbg/Reaper*3 ZMQbg/IO/0*3 
2026-09-25T10:11:04+04:00	ck4r2-mirror-1m	3	2792290	2791335	1	12791808	5939200	python3*1 
2026-09-25T10:11:04+04:00	ck4r2-mirror-1m	3	2792291	2791335	45	12936704000	12327034880	python3*36 pt_gloo_runloop*2 ZMQbg/Reaper*2 ZMQbg/IO/0*2 pt_tcpstore_uv*1 cuda0000240000a*1 
2026-09-25T10:11:04+04:00	ck4r2-mirror-1m	3	2792292	2791335	57	1287380992	1010401280	python3*49 ZMQbg/Reaper*4 ZMQbg/IO/0*4 
2026-09-25T10:11:14+04:00	ck4r2-mirror-1m	3	2791315	488	2	27750400	6033408	uv*1 main2*1 
2026-09-25T10:11:14+04:00	ck4r2-mirror-1m	3	2791335	2791315	57	1250304000	975204352	ft*51 ZMQbg/Reaper*3 ZMQbg/IO/0*3 
2026-09-25T10:11:14+04:00	ck4r2-mirror-1m	3	2792290	2791335	1	12791808	5939200	python3*1 
2026-09-25T10:11:14+04:00	ck4r2-mirror-1m	3	2792291	2791335	45	12936704000	12327034880	python3*36 pt_gloo_runloop*2 ZMQbg/Reaper*2 ZMQbg/IO/0*2 pt_tcpstore_uv*1 cuda0000240000a*1 
2026-09-25T10:11:14+04:00	ck4r2-mirror-1m	3	2792292	2791335	57	1287380992	1010401280	python3*49 ZMQbg/Reaper*4 ZMQbg/IO/0*4 
2026-09-25T10:11:24+04:00	ck4r2-mirror-1m	3	2791315	488	2	27750400	6033408	uv*1 main2*1 
2026-09-25T10:11:24+04:00	ck4r2-mirror-1m	3	2791335	2791315	57	1250304000	975204352	ft*51 ZMQbg/Reaper*3 ZMQbg/IO/0*3 
2026-09-25T10:11:24+04:00	ck4r2-mirror-1m	3	2792290	2791335	1	12791808	5939200	python3*1 
2026-09-25T10:11:24+04:00	ck4r2-mirror-1m	3	2792291	2791335	45	12936704000	12327034880	python3*36 pt_gloo_runloop*2 ZMQbg/Reaper*2 ZMQbg/IO/0*2 pt_tcpstore_uv*1 cuda0000240000a*1 
2026-09-25T10:11:24+04:00	ck4r2-mirror-1m	3	2792292	2791335	57	1287380992	1010401280	python3*49 ZMQbg/Reaper*4 ZMQbg/IO/0*4 
2026-09-25T10:11:35+04:00	ck4r2-mirror-1m	3	2791315	488	2	27750400	6033408	uv*1 main2*1 
2026-09-25T10:11:35+04:00	ck4r2-mirror-1m	3	2791335	2791315	57	1250304000	975204352	ft*51 ZMQbg/Reaper*3 ZMQbg/IO/0*3 
2026-09-25T10:11:35+04:00	ck4r2-mirror-1m	3	2792290	2791335	1	12791808	5939200	python3*1 
2026-09-25T10:11:35+04:00	ck4r2-mirror-1m	3	2792291	2791335	45	12936704000	12327034880	python3*36 pt_gloo_runloop*2 ZMQbg/Reaper*2 ZMQbg/IO/0*2 pt_tcpstore_uv*1 cuda0000240000a*1 
2026-09-25T10:11:35+04:00	ck4r2-mirror-1m	3	2792292	2791335	57	1287380992	1010401280	python3*49 ZMQbg/Reaper*4 ZMQbg/IO/0*4 
2026-09-25T10:11:45+04:00	ck4r2-mirror-1m	3	2791315	488	2	27750400	6033408	uv*1 main2*1 
2026-09-25T10:11:45+04:00	ck4r2-mirror-1m	3	2791335	2791315	57	1250304000	975204352	ft*51 ZMQbg/Reaper*3 ZMQbg/IO/0*3 
2026-09-25T10:11:45+04:00	ck4r2-mirror-1m	3	2792290	2791335	1	12791808	5939200	python3*1 
2026-09-25T10:11:45+04:00	ck4r2-mirror-1m	3	2792291	2791335	45	12936704000	12327034880	python3*36 pt_gloo_runloop*2 ZMQbg/Reaper*2 ZMQbg/IO/0*2 pt_tcpstore_uv*1 cuda0000240000a*1 
2026-09-25T10:11:45+04:00	ck4r2-mirror-1m	3	2792292	2791335	57	1287380992	1010401280	python3*49 ZMQbg/Reaper*4 ZMQbg/IO/0*4 
2026-09-25T10:11:55+04:00	ck4r2-mirror-1m	3	2791315	488	2	27750400	6033408	uv*1 main2*1 
2026-09-25T10:11:55+04:00	ck4r2-mirror-1m	3	2791335	2791315	57	1250304000	975204352	ft*51 ZMQbg/Reaper*3 ZMQbg/IO/0*3 
2026-09-25T10:11:55+04:00	ck4r2-mirror-1m	3	2792290	2791335	1	12791808	5939200	python3*1 
2026-09-25T10:11:55+04:00	ck4r2-mirror-1m	3	2792291	2791335	45	12936704000	12327034880	python3*36 pt_gloo_runloop*2 ZMQbg/Reaper*2 ZMQbg/IO/0*2 pt_tcpstore_uv*1 cuda0000240000a*1 
2026-09-25T10:11:55+04:00	ck4r2-mirror-1m	3	2792292	2791335	57	1287380992	1010401280	python3*49 ZMQbg/Reaper*4 ZMQbg/IO/0*4 
2026-09-25T10:12:05+04:00	ck4r2-mirror-1m	3	2791315	488	2	27750400	6033408	uv*1 main2*1 
2026-09-25T10:12:05+04:00	ck4r2-mirror-1m	3	2791335	2791315	57	1250304000	975204352	ft*51 ZMQbg/Reaper*3 ZMQbg/IO/0*3 
2026-09-25T10:12:05+04:00	ck4r2-mirror-1m	3	2792290	2791335	1	12791808	5939200	python3*1 
2026-09-25T10:12:05+04:00	ck4r2-mirror-1m	3	2792291	2791335	45	12936704000	12327034880	python3*36 pt_gloo_runloop*2 ZMQbg/Reaper*2 ZMQbg/IO/0*2 pt_tcpstore_uv*1 cuda0000240000a*1 
2026-09-25T10:12:05+04:00	ck4r2-mirror-1m	3	2792292	2791335	57	1287380992	1010401280	python3*49 ZMQbg/Reaper*4 ZMQbg/IO/0*4 
2026-09-25T10:12:15+04:00	ck4r2-mirror-1m	3	2791315	488	2	27750400	6033408	uv*1 main2*1 
2026-09-25T10:12:15+04:00	ck4r2-mirror-1m	3	2791335	2791315	57	1250304000	975204352	ft*51 ZMQbg/Reaper*3 ZMQbg/IO/0*3 
2026-09-25T10:12:15+04:00	ck4r2-mirror-1m	3	2792290	2791335	1	12791808	5939200	python3*1 
2026-09-25T10:12:15+04:00	ck4r2-mirror-1m	3	2792291	2791335	45	12936704000	12327034880	python3*36 pt_gloo_runloop*2 ZMQbg/Reaper*2 ZMQbg/IO/0*2 pt_tcpstore_uv*1 cuda0000240000a*1 
2026-09-25T10:12:16+04:00	ck4r2-mirror-1m	3	2792292	2791335	57	1287380992	1010401280	python3*49 ZMQbg/Reaper*4 ZMQbg/IO/0*4 
2026-09-25T10:12:26+04:00	ck4r2-mirror-1m	3	2791315	488	2	27750400	6033408	uv*1 main2*1 
2026-09-25T10:12:26+04:00	ck4r2-mirror-1m	3	2791335	2791315	57	1250304000	975204352	ft*51 ZMQbg/Reaper*3 ZMQbg/IO/0*3 
2026-09-25T10:12:26+04:00	ck4r2-mirror-1m	3	2792290	2791335	1	12791808	5939200	python3*1 
2026-09-25T10:12:26+04:00	ck4r2-mirror-1m	3	2792291	2791335	45	12936704000	12327034880	python3*36 pt_gloo_runloop*2 ZMQbg/Reaper*2 ZMQbg/IO/0*2 pt_tcpstore_uv*1 cuda0000240000a*1 
2026-09-25T10:12:26+04:00	ck4r2-mirror-1m	3	2792292	2791335	57	1287380992	1010401280	python3*49 ZMQbg/Reaper*4 ZMQbg/IO/0*4 
2026-09-25T10:12:36+04:00	ck4r2-mirror-1m	3	2791315	488	2	27750400	6033408	uv*1 main2*1 
2026-09-25T10:12:36+04:00	ck4r2-mirror-1m	3	2791335	2791315	57	1250304000	975204352	ft*51 ZMQbg/Reaper*3 ZMQbg/IO/0*3 
2026-09-25T10:12:36+04:00	ck4r2-mirror-1m	3	2792290	2791335	1	12791808	5939200	python3*1 
2026-09-25T10:12:36+04:00	ck4r2-mirror-1m	3	2792291	2791335	45	12936704000	12327034880	python3*36 pt_gloo_runloop*2 ZMQbg/Reaper*2 ZMQbg/IO/0*2 pt_tcpstore_uv*1 cuda0000240000a*1 
2026-09-25T10:12:36+04:00	ck4r2-mirror-1m	3	2792292	2791335	57	1287380992	1010401280	python3*49 ZMQbg/Reaper*4 ZMQbg/IO/0*4 
2026-09-25T10:12:46+04:00	ck4r2-mirror-1m	3	2791315	488	2	27750400	6033408	uv*1 main2*1 
2026-09-25T10:12:46+04:00	ck4r2-mirror-1m	3	2791335	2791315	57	1250304000	975204352	ft*51 ZMQbg/Reaper*3 ZMQbg/IO/0*3 
2026-09-25T10:12:46+04:00	ck4r2-mirror-1m	3	2792290	2791335	1	12791808	5939200	python3*1 
2026-09-25T10:12:46+04:00	ck4r2-mirror-1m	3	2792291	2791335	45	12936704000	12327034880	python3*36 pt_gloo_runloop*2 ZMQbg/Reaper*2 ZMQbg/IO/0*2 pt_tcpstore_uv*1 cuda0000240000a*1 
2026-09-25T10:12:46+04:00	ck4r2-mirror-1m	3	2792292	2791335	57	1287380992	1010401280	python3*49 ZMQbg/Reaper*4 ZMQbg/IO/0*4 
2026-09-25T10:12:56+04:00	ck4r2-mirror-1m	3	2791315	488	2	27750400	6033408	uv*1 main2*1 
2026-09-25T10:12:56+04:00	ck4r2-mirror-1m	3	2791335	2791315	57	1250304000	975204352	ft*51 ZMQbg/Reaper*3 ZMQbg/IO/0*3 
2026-09-25T10:12:56+04:00	ck4r2-mirror-1m	3	2792290	2791335	1	12791808	5939200	python3*1 
2026-09-25T10:12:56+04:00	ck4r2-mirror-1m	3	2792291	2791335	45	12936704000	12327034880	python3*36 pt_gloo_runloop*2 ZMQbg/Reaper*2 ZMQbg/IO/0*2 pt_tcpstore_uv*1 cuda0000240000a*1 
2026-09-25T10:12:56+04:00	ck4r2-mirror-1m	3	2792292	2791335	57	1287380992	1010401280	python3*49 ZMQbg/Reaper*4 ZMQbg/IO/0*4 
2026-09-25T10:13:07+04:00	ck4r2-mirror-1m	3	2791315	488	2	27750400	6033408	uv*1 main2*1 
2026-09-25T10:13:07+04:00	ck4r2-mirror-1m	3	2791335	2791315	57	1250304000	975204352	ft*51 ZMQbg/Reaper*3 ZMQbg/IO/0*3 
2026-09-25T10:13:07+04:00	ck4r2-mirror-1m	3	2792290	2791335	1	12791808	5939200	python3*1 
2026-09-25T10:13:07+04:00	ck4r2-mirror-1m	3	2792291	2791335	45	12936704000	12327034880	python3*36 pt_gloo_runloop*2 ZMQbg/Reaper*2 ZMQbg/IO/0*2 pt_tcpstore_uv*1 cuda0000240000a*1 
2026-09-25T10:13:07+04:00	ck4r2-mirror-1m	3	2792292	2791335	57	1287380992	1010401280	python3*49 ZMQbg/Reaper*4 ZMQbg/IO/0*4 
2026-09-25T10:13:17+04:00	ck4r2-mirror-1m	3	2791315	488	2	27750400	6033408	uv*1 main2*1 
2026-09-25T10:13:17+04:00	ck4r2-mirror-1m	3	2791335	2791315	57	1250304000	975204352	ft*51 ZMQbg/Reaper*3 ZMQbg/IO/0*3 
2026-09-25T10:13:17+04:00	ck4r2-mirror-1m	3	2792290	2791335	1	12791808	5939200	python3*1 
2026-09-25T10:13:17+04:00	ck4r2-mirror-1m	3	2792291	2791335	45	12936704000	12327034880	python3*36 pt_gloo_runloop*2 ZMQbg/Reaper*2 ZMQbg/IO/0*2 pt_tcpstore_uv*1 cuda0000240000a*1 
2026-09-25T10:13:17+04:00	ck4r2-mirror-1m	3	2792292	2791335	57	1287380992	1010401280	python3*49 ZMQbg/Reaper*4 ZMQbg/IO/0*4 
2026-09-25T10:13:27+04:00	ck4r2-mirror-1m	3	2791315	488	2	27750400	6033408	uv*1 main2*1 
2026-09-25T10:13:27+04:00	ck4r2-mirror-1m	3	2791335	2791315	57	1250304000	975204352	ft*51 ZMQbg/Reaper*3 ZMQbg/IO/0*3 
2026-09-25T10:13:27+04:00	ck4r2-mirror-1m	3	2792290	2791335	1	12791808	5939200	python3*1 
2026-09-25T10:13:27+04:00	ck4r2-mirror-1m	3	2792291	2791335	45	12936704000	12327034880	python3*36 pt_gloo_runloop*2 ZMQbg/Reaper*2 ZMQbg/IO/0*2 pt_tcpstore_uv*1 cuda0000240000a*1 
2026-09-25T10:13:27+04:00	ck4r2-mirror-1m	3	2792292	2791335	57	1287380992	1010401280	python3*49 ZMQbg/Reaper*4 ZMQbg/IO/0*4 
2026-09-25T10:13:37+04:00	ck4r2-mirror-1m	3	2791315	488	2	27750400	6033408	uv*1 main2*1 
2026-09-25T10:13:37+04:00	ck4r2-mirror-1m	3	2791335	2791315	57	1250304000	975204352	ft*51 ZMQbg/Reaper*3 ZMQbg/IO/0*3 
2026-09-25T10:13:38+04:00	ck4r2-mirror-1m	3	2792290	2791335	1	12791808	5939200	python3*1 
2026-09-25T10:13:38+04:00	ck4r2-mirror-1m	3	2792291	2791335	45	12936704000	12327034880	python3*36 pt_gloo_runloop*2 ZMQbg/Reaper*2 ZMQbg/IO/0*2 pt_tcpstore_uv*1 cuda0000240000a*1 
2026-09-25T10:13:38+04:00	ck4r2-mirror-1m	3	2792292	2791335	57	1287380992	1010401280	python3*49 ZMQbg/Reaper*4 ZMQbg/IO/0*4 
2026-09-25T10:13:48+04:00	ck4r2-mirror-1m	3	2791315	488	2	27750400	6033408	uv*1 main2*1 
2026-09-25T10:13:48+04:00	ck4r2-mirror-1m	3	2791335	2791315	57	1250304000	975204352	ft*51 ZMQbg/Reaper*3 ZMQbg/IO/0*3 
2026-09-25T10:13:48+04:00	ck4r2-mirror-1m	3	2792290	2791335	1	12791808	5939200	python3*1 
2026-09-25T10:13:48+04:00	ck4r2-mirror-1m	3	2792291	2791335	45	12936704000	12327034880	python3*36 pt_gloo_runloop*2 ZMQbg/Reaper*2 ZMQbg/IO/0*2 pt_tcpstore_uv*1 cuda0000240000a*1 
2026-09-25T10:13:48+04:00	ck4r2-mirror-1m	3	2792292	2791335	57	1287380992	1010401280	python3*49 ZMQbg/Reaper*4 ZMQbg/IO/0*4 
2026-09-25T10:13:58+04:00	ck4r2-mirror-1m	3	2791315	488	2	27750400	6033408	uv*1 main2*1 
2026-09-25T10:13:58+04:00	ck4r2-mirror-1m	3	2791335	2791315	57	1250304000	975204352	ft*51 ZMQbg/Reaper*3 ZMQbg/IO/0*3 
2026-09-25T10:13:58+04:00	ck4r2-mirror-1m	3	2792290	2791335	1	12791808	5939200	python3*1 
2026-09-25T10:13:58+04:00	ck4r2-mirror-1m	3	2792291	2791335	45	12936704000	12327034880	python3*36 pt_gloo_runloop*2 ZMQbg/Reaper*2 ZMQbg/IO/0*2 pt_tcpstore_uv*1 cuda0000240000a*1 
2026-09-25T10:13:58+04:00	ck4r2-mirror-1m	3	2792292	2791335	57	1287380992	1010401280	python3*49 ZMQbg/Reaper*4 ZMQbg/IO/0*4 
2026-09-25T10:14:08+04:00	ck4r2-mirror-1m	3	2791315	488	2	27750400	6033408	uv*1 main2*1 
2026-09-25T10:14:08+04:00	ck4r2-mirror-1m	3	2791335	2791315	57	1250304000	975204352	ft*51 ZMQbg/Reaper*3 ZMQbg/IO/0*3 
2026-09-25T10:14:08+04:00	ck4r2-mirror-1m	3	2792290	2791335	1	12791808	5939200	python3*1 
2026-09-25T10:14:08+04:00	ck4r2-mirror-1m	3	2792291	2791335	45	12936704000	12327034880	python3*36 pt_gloo_runloop*2 ZMQbg/Reaper*2 ZMQbg/IO/0*2 pt_tcpstore_uv*1 cuda0000240000a*1 
2026-09-25T10:14:08+04:00	ck4r2-mirror-1m	3	2792292	2791335	57	1287380992	1010401280	python3*49 ZMQbg/Reaper*4 ZMQbg/IO/0*4 
2026-09-25T10:14:19+04:00	ck4r2-mirror-1m	3	2791315	488	2	27750400	6033408	uv*1 main2*1 
2026-09-25T10:14:19+04:00	ck4r2-mirror-1m	3	2791335	2791315	57	1250304000	975204352	ft*51 ZMQbg/Reaper*3 ZMQbg/IO/0*3 
2026-09-25T10:14:19+04:00	ck4r2-mirror-1m	3	2792290	2791335	1	12791808	5939200	python3*1 
2026-09-25T10:14:19+04:00	ck4r2-mirror-1m	3	2792291	2791335	45	12936704000	12327034880	python3*36 pt_gloo_runloop*2 ZMQbg/Reaper*2 ZMQbg/IO/0*2 pt_tcpstore_uv*1 cuda0000240000a*1 
2026-09-25T10:14:19+04:00	ck4r2-mirror-1m	3	2792292	2791335	57	1287380992	1010401280	python3*49 ZMQbg/Reaper*4 ZMQbg/IO/0*4 
2026-09-25T10:14:29+04:00	ck4r2-mirror-1m	3	2791315	488	2	27750400	6033408	uv*1 main2*1 
2026-09-25T10:14:29+04:00	ck4r2-mirror-1m	3	2791335	2791315	57	1250304000	975204352	ft*51 ZMQbg/Reaper*3 ZMQbg/IO/0*3 
2026-09-25T10:14:29+04:00	ck4r2-mirror-1m	3	2792290	2791335	1	12791808	5939200	python3*1 
2026-09-25T10:14:29+04:00	ck4r2-mirror-1m	3	2792291	2791335	45	12936704000	12327034880	python3*36 pt_gloo_runloop*2 ZMQbg/Reaper*2 ZMQbg/IO/0*2 pt_tcpstore_uv*1 cuda0000240000a*1 
2026-09-25T10:14:29+04:00	ck4r2-mirror-1m	3	2792292	2791335	57	1287380992	1010401280	python3*49 ZMQbg/Reaper*4 ZMQbg/IO/0*4 
2026-09-25T10:14:39+04:00	ck4r2-mirror-1m	3	2791315	488	2	27750400	6033408	uv*1 main2*1 
2026-09-25T10:14:39+04:00	ck4r2-mirror-1m	3	2791335	2791315	57	1250304000	975204352	ft*51 ZMQbg/Reaper*3 ZMQbg/IO/0*3 
2026-09-25T10:14:39+04:00	ck4r2-mirror-1m	3	2792290	2791335	1	12791808	5939200	python3*1 
2026-09-25T10:14:39+04:00	ck4r2-mirror-1m	3	2792291	2791335	45	12936704000	12327034880	python3*36 pt_gloo_runloop*2 ZMQbg/Reaper*2 ZMQbg/IO/0*2 pt_tcpstore_uv*1 cuda0000240000a*1 
2026-09-25T10:14:39+04:00	ck4r2-mirror-1m	3	2792292	2791335	57	1287380992	1010401280	python3*49 ZMQbg/Reaper*4 ZMQbg/IO/0*4 
2026-09-25T10:14:49+04:00	ck4r2-mirror-1m	3	2791315	488	2	27750400	6033408	uv*1 main2*1 
2026-09-25T10:14:49+04:00	ck4r2-mirror-1m	3	2791335	2791315	57	1250304000	975204352	ft*51 ZMQbg/Reaper*3 ZMQbg/IO/0*3 
2026-09-25T10:14:49+04:00	ck4r2-mirror-1m	3	2792290	2791335	1	12791808	5939200	python3*1 
2026-09-25T10:14:49+04:00	ck4r2-mirror-1m	3	2792291	2791335	45	12936704000	12327034880	python3*36 pt_gloo_runloop*2 ZMQbg/Reaper*2 ZMQbg/IO/0*2 pt_tcpstore_uv*1 cuda0000240000a*1 
2026-09-25T10:14:49+04:00	ck4r2-mirror-1m	3	2792292	2791335	57	1287380992	1010401280	python3*49 ZMQbg/Reaper*4 ZMQbg/IO/0*4 
2026-09-25T10:14:59+04:00	ck4r2-mirror-1m	3	2791315	488	2	27750400	6033408	uv*1 main2*1 
2026-09-25T10:14:59+04:00	ck4r2-mirror-1m	3	2791335	2791315	57	1250304000	975204352	ft*51 ZMQbg/Reaper*3 ZMQbg/IO/0*3 
2026-09-25T10:15:00+04:00	ck4r2-mirror-1m	3	2792290	2791335	1	12791808	5939200	python3*1 
2026-09-25T10:15:00+04:00	ck4r2-mirror-1m	3	2792291	2791335	45	12936704000	12327034880	python3*36 pt_gloo_runloop*2 ZMQbg/Reaper*2 ZMQbg/IO/0*2 pt_tcpstore_uv*1 cuda0000240000a*1 
2026-09-25T10:15:00+04:00	ck4r2-mirror-1m	3	2792292	2791335	57	1287380992	1010401280	python3*49 ZMQbg/Reaper*4 ZMQbg/IO/0*4 
2026-09-25T10:15:10+04:00	ck4r2-mirror-1m	3	2791315	488	2	27750400	6033408	uv*1 main2*1 
2026-09-25T10:15:10+04:00	ck4r2-mirror-1m	3	2791335	2791315	57	1250304000	975204352	ft*51 ZMQbg/Reaper*3 ZMQbg/IO/0*3 
2026-09-25T10:15:10+04:00	ck4r2-mirror-1m	3	2792290	2791335	1	12791808	5939200	python3*1 
2026-09-25T10:15:10+04:00	ck4r2-mirror-1m	3	2792291	2791335	45	12936704000	12327034880	python3*36 pt_gloo_runloop*2 ZMQbg/Reaper*2 ZMQbg/IO/0*2 pt_tcpstore_uv*1 cuda0000240000a*1 
2026-09-25T10:15:10+04:00	ck4r2-mirror-1m	3	2792292	2791335	57	1287380992	1010401280	python3*49 ZMQbg/Reaper*4 ZMQbg/IO/0*4 
2026-09-25T10:15:20+04:00	ck4r2-mirror-1m	3	2791315	488	2	27750400	6033408	uv*1 main2*1 
2026-09-25T10:15:20+04:00	ck4r2-mirror-1m	3	2791335	2791315	57	1250304000	975204352	ft*51 ZMQbg/Reaper*3 ZMQbg/IO/0*3 
2026-09-25T10:15:20+04:00	ck4r2-mirror-1m	3	2792290	2791335	1	12791808	5939200	python3*1 
2026-09-25T10:15:20+04:00	ck4r2-mirror-1m	3	2792291	2791335	45	12936704000	12327034880	python3*36 pt_gloo_runloop*2 ZMQbg/Reaper*2 ZMQbg/IO/0*2 pt_tcpstore_uv*1 cuda0000240000a*1 
2026-09-25T10:15:20+04:00	ck4r2-mirror-1m	3	2792292	2791335	57	1287380992	1010401280	python3*49 ZMQbg/Reaper*4 ZMQbg/IO/0*4 
2026-09-25T10:15:30+04:00	ck4r2-mirror-1m	3	2791315	488	2	27750400	6033408	uv*1 main2*1 
2026-09-25T10:15:30+04:00	ck4r2-mirror-1m	3	2791335	2791315	57	1250304000	975204352	ft*51 ZMQbg/Reaper*3 ZMQbg/IO/0*3 
2026-09-25T10:15:30+04:00	ck4r2-mirror-1m	3	2792290	2791335	1	12791808	5939200	python3*1 
2026-09-25T10:15:30+04:00	ck4r2-mirror-1m	3	2792291	2791335	45	12936704000	12327034880	python3*36 pt_gloo_runloop*2 ZMQbg/Reaper*2 ZMQbg/IO/0*2 pt_tcpstore_uv*1 cuda0000240000a*1 
2026-09-25T10:15:30+04:00	ck4r2-mirror-1m	3	2792292	2791335	57	1287380992	1010401280	python3*49 ZMQbg/Reaper*4 ZMQbg/IO/0*4 
2026-09-25T10:15:40+04:00	ck4r2-mirror-1m	3	2791315	488	2	27750400	6033408	uv*1 main2*1 
2026-09-25T10:15:40+04:00	ck4r2-mirror-1m	3	2791335	2791315	57	1250304000	975204352	ft*51 ZMQbg/Reaper*3 ZMQbg/IO/0*3 
2026-09-25T10:15:40+04:00	ck4r2-mirror-1m	3	2792290	2791335	1	12791808	5939200	python3*1 
2026-09-25T10:15:40+04:00	ck4r2-mirror-1m	3	2792291	2791335	45	12936704000	12327034880	python3*36 pt_gloo_runloop*2 ZMQbg/Reaper*2 ZMQbg/IO/0*2 pt_tcpstore_uv*1 cuda0000240000a*1 
2026-09-25T10:15:41+04:00	ck4r2-mirror-1m	3	2792292	2791335	57	1287380992	1010401280	python3*49 ZMQbg/Reaper*4 ZMQbg/IO/0*4 
2026-09-25T10:15:51+04:00	ck4r2-mirror-1m	3	2791315	488	2	27750400	6033408	uv*1 main2*1 
2026-09-25T10:15:51+04:00	ck4r2-mirror-1m	3	2791335	2791315	57	1250304000	975204352	ft*51 ZMQbg/Reaper*3 ZMQbg/IO/0*3 
2026-09-25T10:15:51+04:00	ck4r2-mirror-1m	3	2792290	2791335	1	12791808	5939200	python3*1 
2026-09-25T10:15:51+04:00	ck4r2-mirror-1m	3	2792291	2791335	45	12936704000	12327034880	python3*36 pt_gloo_runloop*2 ZMQbg/Reaper*2 ZMQbg/IO/0*2 pt_tcpstore_uv*1 cuda0000240000a*1 
2026-09-25T10:15:51+04:00	ck4r2-mirror-1m	3	2792292	2791335	57	1287380992	1010401280	python3*49 ZMQbg/Reaper*4 ZMQbg/IO/0*4 
2026-09-25T10:16:01+04:00	ck4r2-mirror-1m	3	2791315	488	2	27750400	6033408	uv*1 main2*1 
2026-09-25T10:16:01+04:00	ck4r2-mirror-1m	3	2791335	2791315	57	1250304000	975204352	ft*51 ZMQbg/Reaper*3 ZMQbg/IO/0*3 
2026-09-25T10:16:01+04:00	ck4r2-mirror-1m	3	2792290	2791335	1	12791808	5939200	python3*1 
2026-09-25T10:16:01+04:00	ck4r2-mirror-1m	3	2792291	2791335	45	12936704000	12327034880	python3*36 pt_gloo_runloop*2 ZMQbg/Reaper*2 ZMQbg/IO/0*2 pt_tcpstore_uv*1 cuda0000240000a*1 
2026-09-25T10:16:01+04:00	ck4r2-mirror-1m	3	2792292	2791335	57	1287380992	1010401280	python3*49 ZMQbg/Reaper*4 ZMQbg/IO/0*4 
2026-09-25T10:16:11+04:00	ck4r2-mirror-1m	3	2791315	488	2	27750400	6033408	uv*1 main2*1 
2026-09-25T10:16:11+04:00	ck4r2-mirror-1m	3	2791335	2791315	57	1250304000	975204352	ft*51 ZMQbg/Reaper*3 ZMQbg/IO/0*3 
2026-09-25T10:16:11+04:00	ck4r2-mirror-1m	3	2792290	2791335	1	12791808	5939200	python3*1 
2026-09-25T10:16:11+04:00	ck4r2-mirror-1m	3	2792291	2791335	45	12936704000	12327034880	python3*36 pt_gloo_runloop*2 ZMQbg/Reaper*2 ZMQbg/IO/0*2 pt_tcpstore_uv*1 cuda0000240000a*1 
2026-09-25T10:16:11+04:00	ck4r2-mirror-1m	3	2792292	2791335	57	1287380992	1010401280	python3*49 ZMQbg/Reaper*4 ZMQbg/IO/0*4 
2026-09-25T10:16:21+04:00	ck4r2-mirror-1m	3	2791315	488	2	27750400	6033408	uv*1 main2*1 
2026-09-25T10:16:21+04:00	ck4r2-mirror-1m	3	2791335	2791315	57	1250304000	975204352	ft*51 ZMQbg/Reaper*3 ZMQbg/IO/0*3 
2026-09-25T10:16:21+04:00	ck4r2-mirror-1m	3	2792290	2791335	1	12791808	5939200	python3*1 
2026-09-25T10:16:21+04:00	ck4r2-mirror-1m	3	2792291	2791335	45	12936704000	12327034880	python3*36 pt_gloo_runloop*2 ZMQbg/Reaper*2 ZMQbg/IO/0*2 pt_tcpstore_uv*1 cuda0000240000a*1 
2026-09-25T10:16:21+04:00	ck4r2-mirror-1m	3	2792292	2791335	57	1287380992	1010401280	python3*49 ZMQbg/Reaper*4 ZMQbg/IO/0*4 
2026-09-25T10:16:32+04:00	ck4r2-mirror-1m	4	2791315	488	2	27750400	6033408	uv*1 main2*1 
2026-09-25T10:16:32+04:00	ck4r2-mirror-1m	4	2791335	2791315	57	1250304000	975204352	ft*51 ZMQbg/Reaper*3 ZMQbg/IO/0*3 
2026-09-25T10:16:32+04:00	ck4r2-mirror-1m	4	2792290	2791335	1	12791808	5939200	python3*1 
2026-09-25T10:16:32+04:00	ck4r2-mirror-1m	4	2792291	2791335	45	12936704000	12327034880	python3*36 pt_gloo_runloop*2 ZMQbg/Reaper*2 ZMQbg/IO/0*2 pt_tcpstore_uv*1 cuda0000240000a*1 
2026-09-25T10:16:32+04:00	ck4r2-mirror-1m	4	2792292	2791335	57	920915968	643936256	python3*49 ZMQbg/Reaper*4 ZMQbg/IO/0*4 
2026-09-25T10:16:42+04:00	ck4r2-mirror-1m	4	2791315	488	2	27750400	6033408	uv*1 main2*1 
2026-09-25T10:16:42+04:00	ck4r2-mirror-1m	4	2791335	2791315	57	1250312192	975212544	ft*51 ZMQbg/Reaper*3 ZMQbg/IO/0*3 
2026-09-25T10:16:42+04:00	ck4r2-mirror-1m	4	2792290	2791335	1	12791808	5939200	python3*1 
2026-09-25T10:16:42+04:00	ck4r2-mirror-1m	4	2792291	2791335	45	12936708096	12327038976	python3*36 pt_gloo_runloop*2 ZMQbg/Reaper*2 ZMQbg/IO/0*2 pt_tcpstore_uv*1 cuda0000240000a*1 
2026-09-25T10:16:42+04:00	ck4r2-mirror-1m	4	2792292	2791335	57	920915968	643936256	python3*49 ZMQbg/Reaper*4 ZMQbg/IO/0*4 
2026-09-25T10:16:52+04:00	ck4r2-mirror-1m	4	2791315	488	2	27750400	6033408	uv*1 main2*1 
2026-09-25T10:16:52+04:00	ck4r2-mirror-1m	4	2791335	2791315	57	1250312192	975212544	ft*51 ZMQbg/Reaper*3 ZMQbg/IO/0*3 
2026-09-25T10:16:52+04:00	ck4r2-mirror-1m	4	2792290	2791335	1	12791808	5939200	python3*1 
2026-09-25T10:16:52+04:00	ck4r2-mirror-1m	4	2792291	2791335	45	12936708096	12327038976	python3*36 pt_gloo_runloop*2 ZMQbg/Reaper*2 ZMQbg/IO/0*2 pt_tcpstore_uv*1 cuda0000240000a*1 
2026-09-25T10:16:52+04:00	ck4r2-mirror-1m	4	2792292	2791335	57	920915968	643936256	python3*49 ZMQbg/Reaper*4 ZMQbg/IO/0*4 
2026-09-25T10:17:02+04:00	ck4r2-mirror-1m	4	2791315	488	2	27750400	6033408	uv*1 main2*1 
2026-09-25T10:17:02+04:00	ck4r2-mirror-1m	4	2791335	2791315	57	1250312192	975212544	ft*51 ZMQbg/Reaper*3 ZMQbg/IO/0*3 
2026-09-25T10:17:02+04:00	ck4r2-mirror-1m	4	2792290	2791335	1	12791808	5939200	python3*1 
2026-09-25T10:17:02+04:00	ck4r2-mirror-1m	4	2792291	2791335	45	12936708096	12327038976	python3*36 pt_gloo_runloop*2 ZMQbg/Reaper*2 ZMQbg/IO/0*2 pt_tcpstore_uv*1 cuda0000240000a*1 
2026-09-25T10:17:03+04:00	ck4r2-mirror-1m	4	2792292	2791335	57	920915968	643936256	python3*49 ZMQbg/Reaper*4 ZMQbg/IO/0*4 
2026-09-25T10:17:13+04:00	ck4r2-mirror-1m	4	2791315	488	2	27750400	6033408	uv*1 main2*1 
2026-09-25T10:17:13+04:00	ck4r2-mirror-1m	4	2791335	2791315	57	1250295808	975212544	ft*51 ZMQbg/Reaper*3 ZMQbg/IO/0*3 
2026-09-25T10:17:13+04:00	ck4r2-mirror-1m	4	2792290	2791335	1	12791808	5939200	python3*1 
2026-09-25T10:17:13+04:00	ck4r2-mirror-1m	4	2792291	2791335	45	12936691712	12327038976	python3*36 pt_gloo_runloop*2 ZMQbg/Reaper*2 ZMQbg/IO/0*2 pt_tcpstore_uv*1 cuda0000240000a*1 
2026-09-25T10:17:13+04:00	ck4r2-mirror-1m	4	2792292	2791335	57	920899584	643936256	python3*49 ZMQbg/Reaper*4 ZMQbg/IO/0*4 
2026-09-25T10:17:23+04:00	ck4r2-mirror-1m	4	2791315	488	2	27750400	6033408	uv*1 main2*1 
2026-09-25T10:17:23+04:00	ck4r2-mirror-1m	4	2791335	2791315	57	1250295808	975212544	ft*51 ZMQbg/Reaper*3 ZMQbg/IO/0*3 
2026-09-25T10:17:23+04:00	ck4r2-mirror-1m	4	2792290	2791335	1	12791808	5939200	python3*1 
2026-09-25T10:17:23+04:00	ck4r2-mirror-1m	4	2792291	2791335	45	12936691712	12327038976	python3*36 pt_gloo_runloop*2 ZMQbg/Reaper*2 ZMQbg/IO/0*2 pt_tcpstore_uv*1 cuda0000240000a*1 
2026-09-25T10:17:23+04:00	ck4r2-mirror-1m	4	2792292	2791335	57	920899584	643936256	python3*49 ZMQbg/Reaper*4 ZMQbg/IO/0*4 
2026-09-25T10:17:33+04:00	ck4r2-mirror-1m	4	2791315	488	2	27750400	6033408	uv*1 main2*1 
2026-09-25T10:17:33+04:00	ck4r2-mirror-1m	4	2791335	2791315	57	1250295808	975212544	ft*51 ZMQbg/Reaper*3 ZMQbg/IO/0*3 
2026-09-25T10:17:33+04:00	ck4r2-mirror-1m	4	2792290	2791335	1	12791808	5939200	python3*1 
2026-09-25T10:17:33+04:00	ck4r2-mirror-1m	4	2792291	2791335	45	12936691712	12327038976	python3*36 pt_gloo_runloop*2 ZMQbg/Reaper*2 ZMQbg/IO/0*2 pt_tcpstore_uv*1 cuda0000240000a*1 
2026-09-25T10:17:33+04:00	ck4r2-mirror-1m	4	2792292	2791335	57	920899584	643936256	python3*49 ZMQbg/Reaper*4 ZMQbg/IO/0*4 
2026-09-25T10:17:43+04:00	ck4r2-mirror-1m	4	2791315	488	2	27750400	6033408	uv*1 main2*1 
2026-09-25T10:17:43+04:00	ck4r2-mirror-1m	4	2791335	2791315	57	1250295808	975212544	ft*51 ZMQbg/Reaper*3 ZMQbg/IO/0*3 
2026-09-25T10:17:43+04:00	ck4r2-mirror-1m	4	2792290	2791335	1	12791808	5939200	python3*1 
2026-09-25T10:17:43+04:00	ck4r2-mirror-1m	4	2792291	2791335	45	12936691712	12327038976	python3*36 pt_gloo_runloop*2 ZMQbg/Reaper*2 ZMQbg/IO/0*2 pt_tcpstore_uv*1 cuda0000240000a*1 
2026-09-25T10:17:44+04:00	ck4r2-mirror-1m	4	2792292	2791335	57	920899584	643936256	python3*49 ZMQbg/Reaper*4 ZMQbg/IO/0*4 
2026-09-25T10:17:54+04:00	ck4r2-mirror-1m	4	2791315	488	2	27750400	6033408	uv*1 main2*1 
2026-09-25T10:17:54+04:00	ck4r2-mirror-1m	4	2791335	2791315	57	1250295808	975212544	ft*51 ZMQbg/Reaper*3 ZMQbg/IO/0*3 
2026-09-25T10:17:54+04:00	ck4r2-mirror-1m	4	2792290	2791335	1	12791808	5939200	python3*1 
2026-09-25T10:17:54+04:00	ck4r2-mirror-1m	4	2792291	2791335	45	12936691712	12327038976	python3*36 pt_gloo_runloop*2 ZMQbg/Reaper*2 ZMQbg/IO/0*2 pt_tcpstore_uv*1 cuda0000240000a*1 
2026-09-25T10:17:54+04:00	ck4r2-mirror-1m	4	2792292	2791335	57	920899584	643936256	python3*49 ZMQbg/Reaper*4 ZMQbg/IO/0*4 
2026-09-25T10:18:04+04:00	ck4r2-mirror-1m	4	2791315	488	2	27750400	6033408	uv*1 main2*1 
2026-09-25T10:18:04+04:00	ck4r2-mirror-1m	4	2791335	2791315	57	1250295808	975212544	ft*51 ZMQbg/Reaper*3 ZMQbg/IO/0*3 
2026-09-25T10:18:04+04:00	ck4r2-mirror-1m	4	2792290	2791335	1	12791808	5939200	python3*1 
2026-09-25T10:18:04+04:00	ck4r2-mirror-1m	4	2792291	2791335	45	12936691712	12327038976	python3*36 pt_gloo_runloop*2 ZMQbg/Reaper*2 ZMQbg/IO/0*2 pt_tcpstore_uv*1 cuda0000240000a*1 
2026-09-25T10:18:04+04:00	ck4r2-mirror-1m	4	2792292	2791335	57	920899584	643936256	python3*49 ZMQbg/Reaper*4 ZMQbg/IO/0*4 
2026-09-25T10:18:14+04:00	ck4r2-mirror-1m	4	2791315	488	2	27750400	6033408	uv*1 main2*1 
2026-09-25T10:18:14+04:00	ck4r2-mirror-1m	4	2791335	2791315	57	1250295808	975212544	ft*51 ZMQbg/Reaper*3 ZMQbg/IO/0*3 
2026-09-25T10:18:14+04:00	ck4r2-mirror-1m	4	2792290	2791335	1	12791808	5939200	python3*1 
2026-09-25T10:18:14+04:00	ck4r2-mirror-1m	4	2792291	2791335	45	12936691712	12327038976	python3*36 pt_gloo_runloop*2 ZMQbg/Reaper*2 ZMQbg/IO/0*2 pt_tcpstore_uv*1 cuda0000240000a*1 
2026-09-25T10:18:14+04:00	ck4r2-mirror-1m	4	2792292	2791335	57	920899584	643936256	python3*49 ZMQbg/Reaper*4 ZMQbg/IO/0*4 
2026-09-25T10:18:24+04:00	ck4r2-mirror-1m	4	2791315	488	2	27750400	6033408	uv*1 main2*1 
2026-09-25T10:18:24+04:00	ck4r2-mirror-1m	4	2791335	2791315	57	1250295808	975212544	ft*51 ZMQbg/Reaper*3 ZMQbg/IO/0*3 
2026-09-25T10:18:24+04:00	ck4r2-mirror-1m	4	2792290	2791335	1	12791808	5939200	python3*1 
2026-09-25T10:18:24+04:00	ck4r2-mirror-1m	4	2792291	2791335	45	12936691712	12327038976	python3*36 pt_gloo_runloop*2 ZMQbg/Reaper*2 ZMQbg/IO/0*2 pt_tcpstore_uv*1 cuda0000240000a*1 
2026-09-25T10:18:24+04:00	ck4r2-mirror-1m	4	2792292	2791335	57	920899584	643936256	python3*49 ZMQbg/Reaper*4 ZMQbg/IO/0*4 
2026-09-25T10:18:35+04:00	ck4r2-mirror-1m	4	2791315	488	2	27750400	6033408	uv*1 main2*1 
2026-09-25T10:18:35+04:00	ck4r2-mirror-1m	4	2791335	2791315	57	1250295808	975212544	ft*51 ZMQbg/Reaper*3 ZMQbg/IO/0*3 
2026-09-25T10:18:35+04:00	ck4r2-mirror-1m	4	2792290	2791335	1	12791808	5939200	python3*1 
2026-09-25T10:18:35+04:00	ck4r2-mirror-1m	4	2792291	2791335	45	12936691712	12327038976	python3*36 pt_gloo_runloop*2 ZMQbg/Reaper*2 ZMQbg/IO/0*2 pt_tcpstore_uv*1 cuda0000240000a*1 
2026-09-25T10:18:35+04:00	ck4r2-mirror-1m	4	2792292	2791335	57	920899584	643936256	python3*49 ZMQbg/Reaper*4 ZMQbg/IO/0*4 
2026-09-25T10:18:45+04:00	ck4r2-mirror-1m	4	2791315	488	2	27750400	6033408	uv*1 main2*1 
2026-09-25T10:18:45+04:00	ck4r2-mirror-1m	4	2791335	2791315	57	1250295808	975212544	ft*51 ZMQbg/Reaper*3 ZMQbg/IO/0*3 
2026-09-25T10:18:45+04:00	ck4r2-mirror-1m	4	2792290	2791335	1	12791808	5939200	python3*1 
2026-09-25T10:18:45+04:00	ck4r2-mirror-1m	4	2792291	2791335	45	12936691712	12327038976	python3*36 pt_gloo_runloop*2 ZMQbg/Reaper*2 ZMQbg/IO/0*2 pt_tcpstore_uv*1 cuda0000240000a*1 
2026-09-25T10:18:45+04:00	ck4r2-mirror-1m	4	2792292	2791335	57	920899584	643936256	python3*49 ZMQbg/Reaper*4 ZMQbg/IO/0*4 
2026-09-25T10:18:55+04:00	ck4r2-mirror-1m	4	2791315	488	2	27750400	6033408	uv*1 main2*1 
2026-09-25T10:18:55+04:00	ck4r2-mirror-1m	4	2791335	2791315	57	1250295808	975212544	ft*51 ZMQbg/Reaper*3 ZMQbg/IO/0*3 
2026-09-25T10:18:55+04:00	ck4r2-mirror-1m	4	2792290	2791335	1	12791808	5939200	python3*1 
2026-09-25T10:18:55+04:00	ck4r2-mirror-1m	4	2792291	2791335	45	12936691712	12327038976	python3*36 pt_gloo_runloop*2 ZMQbg/Reaper*2 ZMQbg/IO/0*2 pt_tcpstore_uv*1 cuda0000240000a*1 
2026-09-25T10:18:55+04:00	ck4r2-mirror-1m	4	2792292	2791335	57	920899584	643936256	python3*49 ZMQbg/Reaper*4 ZMQbg/IO/0*4 
2026-09-25T10:19:05+04:00	ck4r2-mirror-1m	4	2791315	488	2	27750400	6033408	uv*1 main2*1 
2026-09-25T10:19:05+04:00	ck4r2-mirror-1m	4	2791335	2791315	57	1250295808	975212544	ft*51 ZMQbg/Reaper*3 ZMQbg/IO/0*3 
2026-09-25T10:19:05+04:00	ck4r2-mirror-1m	4	2792290	2791335	1	12791808	5939200	python3*1 
2026-09-25T10:19:05+04:00	ck4r2-mirror-1m	4	2792291	2791335	45	12936691712	12327038976	python3*36 pt_gloo_runloop*2 ZMQbg/Reaper*2 ZMQbg/IO/0*2 pt_tcpstore_uv*1 cuda0000240000a*1 
2026-09-25T10:19:05+04:00	ck4r2-mirror-1m	4	2792292	2791335	57	920899584	643936256	python3*49 ZMQbg/Reaper*4 ZMQbg/IO/0*4 
2026-09-25T10:19:15+04:00	ck4r2-mirror-1m	4	2791315	488	2	27750400	6033408	uv*1 main2*1 
2026-09-25T10:19:15+04:00	ck4r2-mirror-1m	4	2791335	2791315	57	1250295808	975212544	ft*51 ZMQbg/Reaper*3 ZMQbg/IO/0*3 
2026-09-25T10:19:16+04:00	ck4r2-mirror-1m	4	2792290	2791335	1	12791808	5939200	python3*1 
2026-09-25T10:19:16+04:00	ck4r2-mirror-1m	4	2792291	2791335	45	12936691712	12327038976	python3*36 pt_gloo_runloop*2 ZMQbg/Reaper*2 ZMQbg/IO/0*2 pt_tcpstore_uv*1 cuda0000240000a*1 
2026-09-25T10:19:16+04:00	ck4r2-mirror-1m	4	2792292	2791335	57	920899584	643936256	python3*49 ZMQbg/Reaper*4 ZMQbg/IO/0*4 
2026-09-25T10:19:26+04:00	ck4r2-mirror-1m	4	2791315	488	2	27750400	6033408	uv*1 main2*1 
2026-09-25T10:19:26+04:00	ck4r2-mirror-1m	4	2791335	2791315	57	1250295808	975212544	ft*51 ZMQbg/Reaper*3 ZMQbg/IO/0*3 
2026-09-25T10:19:26+04:00	ck4r2-mirror-1m	4	2792290	2791335	1	12791808	5939200	python3*1 
2026-09-25T10:19:26+04:00	ck4r2-mirror-1m	4	2792291	2791335	45	12936691712	12327038976	python3*36 pt_gloo_runloop*2 ZMQbg/Reaper*2 ZMQbg/IO/0*2 pt_tcpstore_uv*1 cuda0000240000a*1 
2026-09-25T10:19:26+04:00	ck4r2-mirror-1m	4	2792292	2791335	57	920899584	643936256	python3*49 ZMQbg/Reaper*4 ZMQbg/IO/0*4 
2026-09-25T10:19:36+04:00	ck4r2-mirror-1m	4	2791315	488	2	27750400	6033408	uv*1 main2*1 
2026-09-25T10:19:36+04:00	ck4r2-mirror-1m	4	2791335	2791315	57	1250295808	975212544	ft*51 ZMQbg/Reaper*3 ZMQbg/IO/0*3 
2026-09-25T10:19:36+04:00	ck4r2-mirror-1m	4	2792290	2791335	1	12791808	5939200	python3*1 
2026-09-25T10:19:36+04:00	ck4r2-mirror-1m	4	2792291	2791335	45	12936691712	12327038976	python3*36 pt_gloo_runloop*2 ZMQbg/Reaper*2 ZMQbg/IO/0*2 pt_tcpstore_uv*1 cuda0000240000a*1 
2026-09-25T10:19:36+04:00	ck4r2-mirror-1m	4	2792292	2791335	57	920899584	643936256	python3*49 ZMQbg/Reaper*4 ZMQbg/IO/0*4 
2026-09-25T10:19:46+04:00	ck4r2-mirror-1m	4	2791315	488	2	27750400	6033408	uv*1 main2*1 
2026-09-25T10:19:46+04:00	ck4r2-mirror-1m	4	2791335	2791315	57	1250295808	975212544	ft*51 ZMQbg/Reaper*3 ZMQbg/IO/0*3 
2026-09-25T10:19:46+04:00	ck4r2-mirror-1m	4	2792290	2791335	1	12791808	5939200	python3*1 
2026-09-25T10:19:46+04:00	ck4r2-mirror-1m	4	2792291	2791335	45	12936691712	12327038976	python3*36 pt_gloo_runloop*2 ZMQbg/Reaper*2 ZMQbg/IO/0*2 pt_tcpstore_uv*1 cuda0000240000a*1 
2026-09-25T10:19:46+04:00	ck4r2-mirror-1m	4	2792292	2791335	57	920899584	643936256	python3*49 ZMQbg/Reaper*4 ZMQbg/IO/0*4 
2026-09-25T10:19:57+04:00	ck4r2-mirror-1m	4	2791315	488	2	27750400	6033408	uv*1 main2*1 
2026-09-25T10:19:57+04:00	ck4r2-mirror-1m	4	2791335	2791315	57	1250295808	975212544	ft*51 ZMQbg/Reaper*3 ZMQbg/IO/0*3 
2026-09-25T10:19:57+04:00	ck4r2-mirror-1m	4	2792290	2791335	1	12791808	5939200	python3*1 
2026-09-25T10:19:57+04:00	ck4r2-mirror-1m	4	2792291	2791335	45	12936691712	12327038976	python3*36 pt_gloo_runloop*2 ZMQbg/Reaper*2 ZMQbg/IO/0*2 pt_tcpstore_uv*1 cuda0000240000a*1 
2026-09-25T10:19:57+04:00	ck4r2-mirror-1m	4	2792292	2791335	57	920899584	643936256	python3*49 ZMQbg/Reaper*4 ZMQbg/IO/0*4 
2026-09-25T10:20:07+04:00	ck4r2-mirror-1m	4	2791315	488	2	27750400	6033408	uv*1 main2*1 
2026-09-25T10:20:07+04:00	ck4r2-mirror-1m	4	2791335	2791315	57	1250295808	975212544	ft*51 ZMQbg/Reaper*3 ZMQbg/IO/0*3 
2026-09-25T10:20:07+04:00	ck4r2-mirror-1m	4	2792290	2791335	1	12791808	5939200	python3*1 
2026-09-25T10:20:07+04:00	ck4r2-mirror-1m	4	2792291	2791335	45	12936691712	12327038976	python3*36 pt_gloo_runloop*2 ZMQbg/Reaper*2 ZMQbg/IO/0*2 pt_tcpstore_uv*1 cuda0000240000a*1 
2026-09-25T10:20:07+04:00	ck4r2-mirror-1m	4	2792292	2791335	57	920899584	643936256	python3*49 ZMQbg/Reaper*4 ZMQbg/IO/0*4 
2026-09-25T10:20:17+04:00	ck4r2-mirror-1m	4	2791315	488	2	27750400	6033408	uv*1 main2*1 
2026-09-25T10:20:17+04:00	ck4r2-mirror-1m	4	2791335	2791315	57	1250295808	975212544	ft*51 ZMQbg/Reaper*3 ZMQbg/IO/0*3 
2026-09-25T10:20:17+04:00	ck4r2-mirror-1m	4	2792290	2791335	1	12791808	5939200	python3*1 
2026-09-25T10:20:17+04:00	ck4r2-mirror-1m	4	2792291	2791335	45	12936691712	12327038976	python3*36 pt_gloo_runloop*2 ZMQbg/Reaper*2 ZMQbg/IO/0*2 pt_tcpstore_uv*1 cuda0000240000a*1 
2026-09-25T10:20:17+04:00	ck4r2-mirror-1m	4	2792292	2791335	57	920899584	643936256	python3*49 ZMQbg/Reaper*4 ZMQbg/IO/0*4 
2026-09-25T10:20:27+04:00	ck4r2-mirror-1m	4	2791315	488	2	27750400	6033408	uv*1 main2*1 
2026-09-25T10:20:27+04:00	ck4r2-mirror-1m	4	2791335	2791315	57	1250295808	975212544	ft*51 ZMQbg/Reaper*3 ZMQbg/IO/0*3 
2026-09-25T10:20:27+04:00	ck4r2-mirror-1m	4	2792290	2791335	1	12791808	5939200	python3*1 
2026-09-25T10:20:27+04:00	ck4r2-mirror-1m	4	2792291	2791335	45	12936691712	12327038976	python3*36 pt_gloo_runloop*2 ZMQbg/Reaper*2 ZMQbg/IO/0*2 pt_tcpstore_uv*1 cuda0000240000a*1 
2026-09-25T10:20:27+04:00	ck4r2-mirror-1m	4	2792292	2791335	57	920899584	643936256	python3*49 ZMQbg/Reaper*4 ZMQbg/IO/0*4 
2026-09-25T10:20:37+04:00	ck4r2-mirror-1m	4	2791315	488	2	27750400	6033408	uv*1 main2*1 
2026-09-25T10:20:37+04:00	ck4r2-mirror-1m	4	2791335	2791315	57	1250295808	975212544	ft*51 ZMQbg/Reaper*3 ZMQbg/IO/0*3 
2026-09-25T10:20:37+04:00	ck4r2-mirror-1m	4	2792290	2791335	1	12791808	5939200	python3*1 
2026-09-25T10:20:37+04:00	ck4r2-mirror-1m	4	2792291	2791335	45	12936691712	12327038976	python3*36 pt_gloo_runloop*2 ZMQbg/Reaper*2 ZMQbg/IO/0*2 pt_tcpstore_uv*1 cuda0000240000a*1 
2026-09-25T10:20:37+04:00	ck4r2-mirror-1m	4	2792292	2791335	57	920899584	643936256	python3*49 ZMQbg/Reaper*4 ZMQbg/IO/0*4 
2026-09-25T10:20:48+04:00	ck4r2-mirror-1m	4	2791315	488	2	27750400	6033408	uv*1 main2*1 
2026-09-25T10:20:48+04:00	ck4r2-mirror-1m	4	2791335	2791315	57	1250295808	975212544	ft*51 ZMQbg/Reaper*3 ZMQbg/IO/0*3 
2026-09-25T10:20:48+04:00	ck4r2-mirror-1m	4	2792290	2791335	1	12791808	5939200	python3*1 
2026-09-25T10:20:48+04:00	ck4r2-mirror-1m	4	2792291	2791335	45	12936691712	12327038976	python3*36 pt_gloo_runloop*2 ZMQbg/Reaper*2 ZMQbg/IO/0*2 pt_tcpstore_uv*1 cuda0000240000a*1 
2026-09-25T10:20:48+04:00	ck4r2-mirror-1m	4	2792292	2791335	57	920899584	643936256	python3*49 ZMQbg/Reaper*4 ZMQbg/IO/0*4 
2026-09-25T10:20:58+04:00	ck4r2-mirror-1m	4	2791315	488	2	27750400	6033408	uv*1 main2*1 
2026-09-25T10:20:58+04:00	ck4r2-mirror-1m	4	2791335	2791315	57	1250295808	975212544	ft*51 ZMQbg/Reaper*3 ZMQbg/IO/0*3 
2026-09-25T10:20:58+04:00	ck4r2-mirror-1m	4	2792290	2791335	1	12791808	5939200	python3*1 
2026-09-25T10:20:58+04:00	ck4r2-mirror-1m	4	2792291	2791335	45	12936691712	12327038976	python3*36 pt_gloo_runloop*2 ZMQbg/Reaper*2 ZMQbg/IO/0*2 pt_tcpstore_uv*1 cuda0000240000a*1 
2026-09-25T10:20:58+04:00	ck4r2-mirror-1m	4	2792292	2791335	57	920899584	643936256	python3*49 ZMQbg/Reaper*4 ZMQbg/IO/0*4 
2026-09-25T10:21:08+04:00	ck4r2-mirror-1m	4	2791315	488	2	27750400	6033408	uv*1 main2*1 
2026-09-25T10:21:08+04:00	ck4r2-mirror-1m	4	2791335	2791315	57	1250295808	975212544	ft*51 ZMQbg/Reaper*3 ZMQbg/IO/0*3 
2026-09-25T10:21:08+04:00	ck4r2-mirror-1m	4	2792290	2791335	1	12791808	5939200	python3*1 
2026-09-25T10:21:08+04:00	ck4r2-mirror-1m	4	2792291	2791335	45	12936691712	12327038976	python3*36 pt_gloo_runloop*2 ZMQbg/Reaper*2 ZMQbg/IO/0*2 pt_tcpstore_uv*1 cuda0000240000a*1 
2026-09-25T10:21:08+04:00	ck4r2-mirror-1m	4	2792292	2791335	57	920899584	643936256	python3*49 ZMQbg/Reaper*4 ZMQbg/IO/0*4 
2026-09-25T10:21:18+04:00	ck4r2-mirror-1m	4	2791315	488	2	27750400	6033408	uv*1 main2*1 
2026-09-25T10:21:18+04:00	ck4r2-mirror-1m	4	2791335	2791315	57	1250295808	975212544	ft*51 ZMQbg/Reaper*3 ZMQbg/IO/0*3 
2026-09-25T10:21:18+04:00	ck4r2-mirror-1m	4	2792290	2791335	1	12791808	5939200	python3*1 
2026-09-25T10:21:18+04:00	ck4r2-mirror-1m	4	2792291	2791335	45	12936691712	12327038976	python3*36 pt_gloo_runloop*2 ZMQbg/Reaper*2 ZMQbg/IO/0*2 pt_tcpstore_uv*1 cuda0000240000a*1 
2026-09-25T10:21:18+04:00	ck4r2-mirror-1m	4	2792292	2791335	57	920899584	643936256	python3*49 ZMQbg/Reaper*4 ZMQbg/IO/0*4 
2026-09-25T10:21:28+04:00	ck4r2-mirror-1m	4	2791315	488	2	27750400	6033408	uv*1 main2*1 
2026-09-25T10:21:28+04:00	ck4r2-mirror-1m	4	2791335	2791315	57	1250295808	975212544	ft*51 ZMQbg/Reaper*3 ZMQbg/IO/0*3 
2026-09-25T10:21:29+04:00	ck4r2-mirror-1m	4	2792290	2791335	1	12791808	5939200	python3*1 
2026-09-25T10:21:29+04:00	ck4r2-mirror-1m	4	2792291	2791335	45	12936691712	12327038976	python3*36 pt_gloo_runloop*2 ZMQbg/Reaper*2 ZMQbg/IO/0*2 pt_tcpstore_uv*1 cuda0000240000a*1 
2026-09-25T10:21:29+04:00	ck4r2-mirror-1m	4	2792292	2791335	57	920899584	643936256	python3*49 ZMQbg/Reaper*4 ZMQbg/IO/0*4 
2026-09-25T10:21:39+04:00	ck4r2-mirror-1m	4	2791315	488	2	27750400	6033408	uv*1 main2*1 
2026-09-25T10:21:39+04:00	ck4r2-mirror-1m	4	2791335	2791315	57	1250295808	975212544	ft*51 ZMQbg/Reaper*3 ZMQbg/IO/0*3 
2026-09-25T10:21:39+04:00	ck4r2-mirror-1m	4	2792290	2791335	1	12791808	5939200	python3*1 
2026-09-25T10:21:39+04:00	ck4r2-mirror-1m	4	2792291	2791335	45	12936691712	12327038976	python3*36 pt_gloo_runloop*2 ZMQbg/Reaper*2 ZMQbg/IO/0*2 pt_tcpstore_uv*1 cuda0000240000a*1 
2026-09-25T10:21:39+04:00	ck4r2-mirror-1m	4	2792292	2791335	57	920899584	643936256	python3*49 ZMQbg/Reaper*4 ZMQbg/IO/0*4 
2026-09-25T10:21:49+04:00	ck4r2-mirror-1m	4	2791315	488	2	27750400	6033408	uv*1 main2*1 
2026-09-25T10:21:49+04:00	ck4r2-mirror-1m	4	2791335	2791315	57	1250295808	975212544	ft*51 ZMQbg/Reaper*3 ZMQbg/IO/0*3 
2026-09-25T10:21:49+04:00	ck4r2-mirror-1m	4	2792290	2791335	1	12791808	5939200	python3*1 
2026-09-25T10:21:49+04:00	ck4r2-mirror-1m	4	2792291	2791335	45	12936691712	12327038976	python3*36 pt_gloo_runloop*2 ZMQbg/Reaper*2 ZMQbg/IO/0*2 pt_tcpstore_uv*1 cuda0000240000a*1 
2026-09-25T10:21:49+04:00	ck4r2-mirror-1m	4	2792292	2791335	57	920899584	643936256	python3*49 ZMQbg/Reaper*4 ZMQbg/IO/0*4 
2026-09-25T10:21:59+04:00	ck4r2-mirror-1m	4	2791315	488	2	27750400	6033408	uv*1 main2*1 
2026-09-25T10:21:59+04:00	ck4r2-mirror-1m	4	2791335	2791315	57	1250295808	975212544	ft*51 ZMQbg/Reaper*3 ZMQbg/IO/0*3 
2026-09-25T10:21:59+04:00	ck4r2-mirror-1m	4	2792290	2791335	1	12791808	5939200	python3*1 
2026-09-25T10:21:59+04:00	ck4r2-mirror-1m	4	2792291	2791335	45	12936691712	12327038976	python3*36 pt_gloo_runloop*2 ZMQbg/Reaper*2 ZMQbg/IO/0*2 pt_tcpstore_uv*1 cuda0000240000a*1 
2026-09-25T10:21:59+04:00	ck4r2-mirror-1m	4	2792292	2791335	57	920899584	643936256	python3*49 ZMQbg/Reaper*4 ZMQbg/IO/0*4 
2026-09-25T10:22:09+04:00	ck4r2-mirror-1m	4	2791315	488	2	27750400	6033408	uv*1 main2*1 
2026-09-25T10:22:09+04:00	ck4r2-mirror-1m	4	2791335	2791315	57	1250295808	975212544	ft*51 ZMQbg/Reaper*3 ZMQbg/IO/0*3 
2026-09-25T10:22:09+04:00	ck4r2-mirror-1m	4	2792290	2791335	1	12791808	5939200	python3*1 
2026-09-25T10:22:09+04:00	ck4r2-mirror-1m	4	2792291	2791335	45	12936691712	12327038976	python3*36 pt_gloo_runloop*2 ZMQbg/Reaper*2 ZMQbg/IO/0*2 pt_tcpstore_uv*1 cuda0000240000a*1 
2026-09-25T10:22:10+04:00	ck4r2-mirror-1m	4	2792292	2791335	57	920899584	643936256	python3*49 ZMQbg/Reaper*4 ZMQbg/IO/0*4 
2026-09-25T10:22:20+04:00	ck4r2-mirror-1m	4	2791315	488	2	27750400	6033408	uv*1 main2*1 
2026-09-25T10:22:20+04:00	ck4r2-mirror-1m	4	2791335	2791315	57	1250295808	975212544	ft*51 ZMQbg/Reaper*3 ZMQbg/IO/0*3 
2026-09-25T10:22:20+04:00	ck4r2-mirror-1m	4	2792290	2791335	1	12791808	5939200	python3*1 
2026-09-25T10:22:20+04:00	ck4r2-mirror-1m	4	2792291	2791335	45	12936691712	12327038976	python3*36 pt_gloo_runloop*2 ZMQbg/Reaper*2 ZMQbg/IO/0*2 pt_tcpstore_uv*1 cuda0000240000a*1 
2026-09-25T10:22:20+04:00	ck4r2-mirror-1m	4	2792292	2791335	57	920899584	643936256	python3*49 ZMQbg/Reaper*4 ZMQbg/IO/0*4 
2026-09-25T10:22:30+04:00	ck4r2-mirror-1m	4	2791315	488	2	27750400	6033408	uv*1 main2*1 
2026-09-25T10:22:30+04:00	ck4r2-mirror-1m	4	2791335	2791315	57	1250295808	975212544	ft*51 ZMQbg/Reaper*3 ZMQbg/IO/0*3 
2026-09-25T10:22:30+04:00	ck4r2-mirror-1m	4	2792290	2791335	1	12791808	5939200	python3*1 
2026-09-25T10:22:30+04:00	ck4r2-mirror-1m	4	2792291	2791335	45	12936699904	12327047168	python3*36 pt_gloo_runloop*2 ZMQbg/Reaper*2 ZMQbg/IO/0*2 pt_tcpstore_uv*1 cuda0000240000a*1 
2026-09-25T10:22:31+04:00	ck4r2-mirror-1m	4	2792292	2791335	57	921567232	644603904	python3*49 ZMQbg/Reaper*4 ZMQbg/IO/0*4 
2026-09-25T10:22:41+04:00	ck4r2-mirror-1m	4	2791315	488	2	27750400	6033408	uv*1 main2*1 
2026-09-25T10:22:41+04:00	ck4r2-mirror-1m	4	2791335	2791315	57	1250295808	975212544	ft*51 ZMQbg/Reaper*3 ZMQbg/IO/0*3 
2026-09-25T10:22:41+04:00	ck4r2-mirror-1m	4	2792290	2791335	1	12791808	5939200	python3*1 
2026-09-25T10:22:41+04:00	ck4r2-mirror-1m	4	2792291	2791335	45	12936699904	12327047168	python3*36 pt_gloo_runloop*2 ZMQbg/Reaper*2 ZMQbg/IO/0*2 pt_tcpstore_uv*1 cuda0000240000a*1 
2026-09-25T10:22:41+04:00	ck4r2-mirror-1m	4	2792292	2791335	57	921567232	644603904	python3*49 ZMQbg/Reaper*4 ZMQbg/IO/0*4 
2026-09-25T10:22:51+04:00	ck4r2-mirror-1m	4	2791315	488	2	27750400	6033408	uv*1 main2*1 
2026-09-25T10:22:51+04:00	ck4r2-mirror-1m	4	2791335	2791315	57	1250295808	975212544	ft*51 ZMQbg/Reaper*3 ZMQbg/IO/0*3 
2026-09-25T10:22:51+04:00	ck4r2-mirror-1m	4	2792290	2791335	1	12791808	5939200	python3*1 
2026-09-25T10:22:51+04:00	ck4r2-mirror-1m	4	2792291	2791335	45	12936699904	12327047168	python3*36 pt_gloo_runloop*2 ZMQbg/Reaper*2 ZMQbg/IO/0*2 pt_tcpstore_uv*1 cuda0000240000a*1 
2026-09-25T10:22:51+04:00	ck4r2-mirror-1m	4	2792292	2791335	57	921567232	644603904	python3*49 ZMQbg/Reaper*4 ZMQbg/IO/0*4 
2026-09-25T10:23:01+04:00	ck4r2-mirror-1m	4	2791315	488	2	27750400	6033408	uv*1 main2*1 
2026-09-25T10:23:01+04:00	ck4r2-mirror-1m	4	2791335	2791315	57	1250295808	975212544	ft*51 ZMQbg/Reaper*3 ZMQbg/IO/0*3 
2026-09-25T10:23:01+04:00	ck4r2-mirror-1m	4	2792290	2791335	1	12791808	5939200	python3*1 
2026-09-25T10:23:01+04:00	ck4r2-mirror-1m	4	2792291	2791335	45	12936699904	12327047168	python3*36 pt_gloo_runloop*2 ZMQbg/Reaper*2 ZMQbg/IO/0*2 pt_tcpstore_uv*1 cuda0000240000a*1 
2026-09-25T10:23:01+04:00	ck4r2-mirror-1m	4	2792292	2791335	57	921567232	644603904	python3*49 ZMQbg/Reaper*4 ZMQbg/IO/0*4 
2026-09-25T10:23:11+04:00	ck4r2-mirror-1m	4	2791315	488	2	27750400	6033408	uv*1 main2*1 
2026-09-25T10:23:11+04:00	ck4r2-mirror-1m	4	2791335	2791315	57	1250295808	975212544	ft*51 ZMQbg/Reaper*3 ZMQbg/IO/0*3 
2026-09-25T10:23:11+04:00	ck4r2-mirror-1m	4	2792290	2791335	1	12791808	5939200	python3*1 
2026-09-25T10:23:11+04:00	ck4r2-mirror-1m	4	2792291	2791335	45	12936699904	12327047168	python3*36 pt_gloo_runloop*2 ZMQbg/Reaper*2 ZMQbg/IO/0*2 pt_tcpstore_uv*1 cuda0000240000a*1 
2026-09-25T10:23:12+04:00	ck4r2-mirror-1m	4	2792292	2791335	57	921567232	644603904	python3*49 ZMQbg/Reaper*4 ZMQbg/IO/0*4 
2026-09-25T10:23:22+04:00	ck4r2-mirror-1m	4	2791315	488	2	27750400	6033408	uv*1 main2*1 
2026-09-25T10:23:22+04:00	ck4r2-mirror-1m	4	2791335	2791315	57	1250295808	975212544	ft*51 ZMQbg/Reaper*3 ZMQbg/IO/0*3 
2026-09-25T10:23:22+04:00	ck4r2-mirror-1m	4	2792290	2791335	1	12791808	5939200	python3*1 
2026-09-25T10:23:22+04:00	ck4r2-mirror-1m	4	2792291	2791335	45	12936699904	12327047168	python3*36 pt_gloo_runloop*2 ZMQbg/Reaper*2 ZMQbg/IO/0*2 pt_tcpstore_uv*1 cuda0000240000a*1 
2026-09-25T10:23:22+04:00	ck4r2-mirror-1m	4	2792292	2791335	57	921567232	644603904	python3*49 ZMQbg/Reaper*4 ZMQbg/IO/0*4 
2026-09-25T10:23:32+04:00	ck4r2-mirror-1m	4	2791315	488	2	27750400	6033408	uv*1 main2*1 
2026-09-25T10:23:32+04:00	ck4r2-mirror-1m	4	2791335	2791315	57	1250295808	975212544	ft*51 ZMQbg/Reaper*3 ZMQbg/IO/0*3 
2026-09-25T10:23:32+04:00	ck4r2-mirror-1m	4	2792290	2791335	1	12791808	5939200	python3*1 
2026-09-25T10:23:32+04:00	ck4r2-mirror-1m	4	2792291	2791335	45	12936699904	12327047168	python3*36 pt_gloo_runloop*2 ZMQbg/Reaper*2 ZMQbg/IO/0*2 pt_tcpstore_uv*1 cuda0000240000a*1 
2026-09-25T10:23:32+04:00	ck4r2-mirror-1m	4	2792292	2791335	57	921567232	644603904	python3*49 ZMQbg/Reaper*4 ZMQbg/IO/0*4 
2026-09-25T10:23:42+04:00	ck4r2-mirror-1m	4	2791315	488	2	27750400	6033408	uv*1 main2*1 
2026-09-25T10:23:42+04:00	ck4r2-mirror-1m	4	2791335	2791315	57	1250295808	975212544	ft*51 ZMQbg/Reaper*3 ZMQbg/IO/0*3 
2026-09-25T10:23:42+04:00	ck4r2-mirror-1m	4	2792290	2791335	1	12791808	5939200	python3*1 
2026-09-25T10:23:42+04:00	ck4r2-mirror-1m	4	2792291	2791335	45	12936699904	12327047168	python3*36 pt_gloo_runloop*2 ZMQbg/Reaper*2 ZMQbg/IO/0*2 pt_tcpstore_uv*1 cuda0000240000a*1 
2026-09-25T10:23:42+04:00	ck4r2-mirror-1m	4	2792292	2791335	57	921567232	644603904	python3*49 ZMQbg/Reaper*4 ZMQbg/IO/0*4 
2026-09-25T10:23:52+04:00	ck4r2-mirror-1m	4	2791315	488	2	27750400	6033408	uv*1 main2*1 
2026-09-25T10:23:52+04:00	ck4r2-mirror-1m	4	2791335	2791315	57	1250295808	975212544	ft*51 ZMQbg/Reaper*3 ZMQbg/IO/0*3 
2026-09-25T10:23:52+04:00	ck4r2-mirror-1m	4	2792290	2791335	1	12791808	5939200	python3*1 
2026-09-25T10:23:52+04:00	ck4r2-mirror-1m	4	2792291	2791335	45	12936699904	12327047168	python3*36 pt_gloo_runloop*2 ZMQbg/Reaper*2 ZMQbg/IO/0*2 pt_tcpstore_uv*1 cuda0000240000a*1 
2026-09-25T10:23:53+04:00	ck4r2-mirror-1m	4	2792292	2791335	57	921567232	644603904	python3*49 ZMQbg/Reaper*4 ZMQbg/IO/0*4 
2026-09-25T10:24:03+04:00	ck4r2-mirror-1m	4	2791315	488	2	27750400	6033408	uv*1 main2*1 
2026-09-25T10:24:03+04:00	ck4r2-mirror-1m	4	2791335	2791315	57	1250295808	975212544	ft*51 ZMQbg/Reaper*3 ZMQbg/IO/0*3 
2026-09-25T10:24:03+04:00	ck4r2-mirror-1m	4	2792290	2791335	1	12791808	5939200	python3*1 
2026-09-25T10:24:03+04:00	ck4r2-mirror-1m	4	2792291	2791335	45	12936699904	12327047168	python3*36 pt_gloo_runloop*2 ZMQbg/Reaper*2 ZMQbg/IO/0*2 pt_tcpstore_uv*1 cuda0000240000a*1 
2026-09-25T10:24:03+04:00	ck4r2-mirror-1m	4	2792292	2791335	57	921567232	644603904	python3*49 ZMQbg/Reaper*4 ZMQbg/IO/0*4 
2026-09-25T10:24:13+04:00	ck4r2-mirror-1m	4	2791315	488	2	27750400	6033408	uv*1 main2*1 
2026-09-25T10:24:13+04:00	ck4r2-mirror-1m	4	2791335	2791315	57	1250295808	975212544	ft*51 ZMQbg/Reaper*3 ZMQbg/IO/0*3 
2026-09-25T10:24:13+04:00	ck4r2-mirror-1m	4	2792290	2791335	1	12791808	5939200	python3*1 
2026-09-25T10:24:13+04:00	ck4r2-mirror-1m	4	2792291	2791335	45	12936699904	12327047168	python3*36 pt_gloo_runloop*2 ZMQbg/Reaper*2 ZMQbg/IO/0*2 pt_tcpstore_uv*1 cuda0000240000a*1 
2026-09-25T10:24:13+04:00	ck4r2-mirror-1m	4	2792292	2791335	57	921567232	644603904	python3*49 ZMQbg/Reaper*4 ZMQbg/IO/0*4 
2026-09-25T10:24:23+04:00	ck4r2-mirror-1m	4	2791315	488	2	27750400	6033408	uv*1 main2*1 
2026-09-25T10:24:23+04:00	ck4r2-mirror-1m	4	2791335	2791315	57	1250295808	975212544	ft*51 ZMQbg/Reaper*3 ZMQbg/IO/0*3 
2026-09-25T10:24:23+04:00	ck4r2-mirror-1m	4	2792290	2791335	1	12791808	5939200	python3*1 
2026-09-25T10:24:23+04:00	ck4r2-mirror-1m	4	2792291	2791335	45	12936699904	12327047168	python3*36 pt_gloo_runloop*2 ZMQbg/Reaper*2 ZMQbg/IO/0*2 pt_tcpstore_uv*1 cuda0000240000a*1 
2026-09-25T10:24:23+04:00	ck4r2-mirror-1m	4	2792292	2791335	57	921567232	644603904	python3*49 ZMQbg/Reaper*4 ZMQbg/IO/0*4 
2026-09-25T10:24:33+04:00	ck4r2-mirror-1m	4	2791315	488	2	27750400	6033408	uv*1 main2*1 
2026-09-25T10:24:33+04:00	ck4r2-mirror-1m	4	2791335	2791315	57	1250295808	975212544	ft*51 ZMQbg/Reaper*3 ZMQbg/IO/0*3 
2026-09-25T10:24:33+04:00	ck4r2-mirror-1m	4	2792290	2791335	1	12791808	5939200	python3*1 
2026-09-25T10:24:33+04:00	ck4r2-mirror-1m	4	2792291	2791335	45	12936699904	12327047168	python3*36 pt_gloo_runloop*2 ZMQbg/Reaper*2 ZMQbg/IO/0*2 pt_tcpstore_uv*1 cuda0000240000a*1 
2026-09-25T10:24:34+04:00	ck4r2-mirror-1m	4	2792292	2791335	57	921567232	644603904	python3*49 ZMQbg/Reaper*4 ZMQbg/IO/0*4 
2026-09-25T10:24:44+04:00	ck4r2-mirror-1m	4	2791315	488	2	27750400	6033408	uv*1 main2*1 
2026-09-25T10:24:44+04:00	ck4r2-mirror-1m	4	2791335	2791315	57	1250295808	975212544	ft*51 ZMQbg/Reaper*3 ZMQbg/IO/0*3 
2026-09-25T10:24:44+04:00	ck4r2-mirror-1m	4	2792290	2791335	1	12791808	5939200	python3*1 
2026-09-25T10:24:44+04:00	ck4r2-mirror-1m	4	2792291	2791335	45	12936699904	12327047168	python3*36 pt_gloo_runloop*2 ZMQbg/Reaper*2 ZMQbg/IO/0*2 pt_tcpstore_uv*1 cuda0000240000a*1 
2026-09-25T10:24:44+04:00	ck4r2-mirror-1m	4	2792292	2791335	57	921567232	644603904	python3*49 ZMQbg/Reaper*4 ZMQbg/IO/0*4 
2026-09-25T10:24:54+04:00	ck4r2-mirror-1m	4	2791315	488	2	27750400	6033408	uv*1 main2*1 
2026-09-25T10:24:54+04:00	ck4r2-mirror-1m	4	2791335	2791315	57	1250295808	975212544	ft*51 ZMQbg/Reaper*3 ZMQbg/IO/0*3 
2026-09-25T10:24:54+04:00	ck4r2-mirror-1m	4	2792290	2791335	1	12791808	5939200	python3*1 
2026-09-25T10:24:54+04:00	ck4r2-mirror-1m	4	2792291	2791335	45	12936699904	12327047168	python3*36 pt_gloo_runloop*2 ZMQbg/Reaper*2 ZMQbg/IO/0*2 pt_tcpstore_uv*1 cuda0000240000a*1 
2026-09-25T10:24:54+04:00	ck4r2-mirror-1m	4	2792292	2791335	57	921567232	644603904	python3*49 ZMQbg/Reaper*4 ZMQbg/IO/0*4 
2026-09-25T10:25:04+04:00	ck4r2-mirror-1m	4	2791315	488	2	27750400	6033408	uv*1 main2*1 
2026-09-25T10:25:04+04:00	ck4r2-mirror-1m	4	2791335	2791315	57	1250295808	975212544	ft*51 ZMQbg/Reaper*3 ZMQbg/IO/0*3 
2026-09-25T10:25:04+04:00	ck4r2-mirror-1m	4	2792290	2791335	1	12791808	5939200	python3*1 
2026-09-25T10:25:04+04:00	ck4r2-mirror-1m	4	2792291	2791335	45	12936699904	12327047168	python3*36 pt_gloo_runloop*2 ZMQbg/Reaper*2 ZMQbg/IO/0*2 pt_tcpstore_uv*1 cuda0000240000a*1 
2026-09-25T10:25:04+04:00	ck4r2-mirror-1m	4	2792292	2791335	57	921567232	644603904	python3*49 ZMQbg/Reaper*4 ZMQbg/IO/0*4 
2026-09-25T10:25:14+04:00	ck4r2-mirror-1m	4	2791315	488	2	27750400	6033408	uv*1 main2*1 
2026-09-25T10:25:14+04:00	ck4r2-mirror-1m	4	2791335	2791315	57	1250295808	975212544	ft*51 ZMQbg/Reaper*3 ZMQbg/IO/0*3 
2026-09-25T10:25:14+04:00	ck4r2-mirror-1m	4	2792290	2791335	1	12791808	5939200	python3*1 
2026-09-25T10:25:14+04:00	ck4r2-mirror-1m	4	2792291	2791335	45	12936699904	12327047168	python3*36 pt_gloo_runloop*2 ZMQbg/Reaper*2 ZMQbg/IO/0*2 pt_tcpstore_uv*1 cuda0000240000a*1 
2026-09-25T10:25:14+04:00	ck4r2-mirror-1m	4	2792292	2791335	57	921567232	644603904	python3*49 ZMQbg/Reaper*4 ZMQbg/IO/0*4 
2026-09-25T10:25:24+04:00	ck4r2-mirror-1m	4	2791315	488	2	27750400	6033408	uv*1 main2*1 
2026-09-25T10:25:24+04:00	ck4r2-mirror-1m	4	2791335	2791315	57	1250295808	975212544	ft*51 ZMQbg/Reaper*3 ZMQbg/IO/0*3 
2026-09-25T10:25:25+04:00	ck4r2-mirror-1m	4	2792290	2791335	1	12791808	5939200	python3*1 
2026-09-25T10:25:25+04:00	ck4r2-mirror-1m	4	2792291	2791335	45	12936699904	12327047168	python3*36 pt_gloo_runloop*2 ZMQbg/Reaper*2 ZMQbg/IO/0*2 pt_tcpstore_uv*1 cuda0000240000a*1 
2026-09-25T10:25:25+04:00	ck4r2-mirror-1m	4	2792292	2791335	57	921567232	644603904	python3*49 ZMQbg/Reaper*4 ZMQbg/IO/0*4 
2026-09-25T10:25:35+04:00	ck4r2-mirror-1m	4	2791315	488	2	27750400	6033408	uv*1 main2*1 
2026-09-25T10:25:35+04:00	ck4r2-mirror-1m	4	2791335	2791315	57	1250295808	975212544	ft*51 ZMQbg/Reaper*3 ZMQbg/IO/0*3 
2026-09-25T10:25:35+04:00	ck4r2-mirror-1m	4	2792290	2791335	1	12791808	5939200	python3*1 
2026-09-25T10:25:35+04:00	ck4r2-mirror-1m	4	2792291	2791335	45	12936699904	12327047168	python3*36 pt_gloo_runloop*2 ZMQbg/Reaper*2 ZMQbg/IO/0*2 pt_tcpstore_uv*1 cuda0000240000a*1 
2026-09-25T10:25:35+04:00	ck4r2-mirror-1m	4	2792292	2791335	57	921567232	644603904	python3*49 ZMQbg/Reaper*4 ZMQbg/IO/0*4 
2026-09-25T10:25:45+04:00	ck4r2-mirror-1m	4	2791315	488	2	27750400	6033408	uv*1 main2*1 
2026-09-25T10:25:45+04:00	ck4r2-mirror-1m	4	2791335	2791315	57	1250295808	975212544	ft*51 ZMQbg/Reaper*3 ZMQbg/IO/0*3 
2026-09-25T10:25:45+04:00	ck4r2-mirror-1m	4	2792290	2791335	1	12791808	5939200	python3*1 
2026-09-25T10:25:45+04:00	ck4r2-mirror-1m	4	2792291	2791335	45	12936699904	12327047168	python3*36 pt_gloo_runloop*2 ZMQbg/Reaper*2 ZMQbg/IO/0*2 pt_tcpstore_uv*1 cuda0000240000a*1 
2026-09-25T10:25:45+04:00	ck4r2-mirror-1m	4	2792292	2791335	57	921567232	644603904	python3*49 ZMQbg/Reaper*4 ZMQbg/IO/0*4 
2026-09-25T10:25:55+04:00	ck4r2-mirror-1m	4	2791315	488	2	27750400	6033408	uv*1 main2*1 
2026-09-25T10:25:55+04:00	ck4r2-mirror-1m	4	2791335	2791315	57	1250295808	975212544	ft*51 ZMQbg/Reaper*3 ZMQbg/IO/0*3 
2026-09-25T10:25:55+04:00	ck4r2-mirror-1m	4	2792290	2791335	1	12791808	5939200	python3*1 
2026-09-25T10:25:55+04:00	ck4r2-mirror-1m	4	2792291	2791335	45	12936699904	12327047168	python3*36 pt_gloo_runloop*2 ZMQbg/Reaper*2 ZMQbg/IO/0*2 pt_tcpstore_uv*1 cuda0000240000a*1 
2026-09-25T10:25:55+04:00	ck4r2-mirror-1m	4	2792292	2791335	57	921567232	644603904	python3*49 ZMQbg/Reaper*4 ZMQbg/IO/0*4 
2026-09-25T10:26:05+04:00	ck4r2-mirror-1m	4	2791315	488	2	27750400	6033408	uv*1 main2*1 
2026-09-25T10:26:05+04:00	ck4r2-mirror-1m	4	2791335	2791315	57	1250295808	975212544	ft*51 ZMQbg/Reaper*3 ZMQbg/IO/0*3 
2026-09-25T10:26:05+04:00	ck4r2-mirror-1m	4	2792290	2791335	1	12791808	5939200	python3*1 
2026-09-25T10:26:05+04:00	ck4r2-mirror-1m	4	2792291	2791335	45	12936699904	12327047168	python3*36 pt_gloo_runloop*2 ZMQbg/Reaper*2 ZMQbg/IO/0*2 pt_tcpstore_uv*1 cuda0000240000a*1 
2026-09-25T10:26:05+04:00	ck4r2-mirror-1m	4	2792292	2791335	57	921567232	644603904	python3*49 ZMQbg/Reaper*4 ZMQbg/IO/0*4 
2026-09-25T10:26:16+04:00	ck4r2-mirror-1m	4	2791315	488	2	27750400	6033408	uv*1 main2*1 
2026-09-25T10:26:16+04:00	ck4r2-mirror-1m	4	2791335	2791315	57	1250295808	975212544	ft*51 ZMQbg/Reaper*3 ZMQbg/IO/0*3 
2026-09-25T10:26:16+04:00	ck4r2-mirror-1m	4	2792290	2791335	1	12791808	5939200	python3*1 
2026-09-25T10:26:16+04:00	ck4r2-mirror-1m	4	2792291	2791335	45	12936699904	12327047168	python3*36 pt_gloo_runloop*2 ZMQbg/Reaper*2 ZMQbg/IO/0*2 pt_tcpstore_uv*1 cuda0000240000a*1 
2026-09-25T10:26:16+04:00	ck4r2-mirror-1m	4	2792292	2791335	57	921567232	644603904	python3*49 ZMQbg/Reaper*4 ZMQbg/IO/0*4 
2026-09-25T10:26:26+04:00	ck4r2-mirror-1m	4	2791315	488	2	27750400	6033408	uv*1 main2*1 
2026-09-25T10:26:26+04:00	ck4r2-mirror-1m	4	2791335	2791315	57	1250295808	975212544	ft*51 ZMQbg/Reaper*3 ZMQbg/IO/0*3 
2026-09-25T10:26:26+04:00	ck4r2-mirror-1m	4	2792290	2791335	1	12791808	5939200	python3*1 
2026-09-25T10:26:26+04:00	ck4r2-mirror-1m	4	2792291	2791335	45	12936699904	12327047168	python3*36 pt_gloo_runloop*2 ZMQbg/Reaper*2 ZMQbg/IO/0*2 pt_tcpstore_uv*1 cuda0000240000a*1 
2026-09-25T10:26:26+04:00	ck4r2-mirror-1m	4	2792292	2791335	57	921567232	644603904	python3*49 ZMQbg/Reaper*4 ZMQbg/IO/0*4 
2026-09-25T10:26:36+04:00	ck4r2-mirror-1m	4	2791315	488	2	27750400	6033408	uv*1 main2*1 
2026-09-25T10:26:36+04:00	ck4r2-mirror-1m	4	2791335	2791315	57	1250295808	975212544	ft*51 ZMQbg/Reaper*3 ZMQbg/IO/0*3 
2026-09-25T10:26:36+04:00	ck4r2-mirror-1m	4	2792290	2791335	1	12791808	5939200	python3*1 
2026-09-25T10:26:36+04:00	ck4r2-mirror-1m	4	2792291	2791335	45	12936699904	12327047168	python3*36 pt_gloo_runloop*2 ZMQbg/Reaper*2 ZMQbg/IO/0*2 pt_tcpstore_uv*1 cuda0000240000a*1 
2026-09-25T10:26:36+04:00	ck4r2-mirror-1m	4	2792292	2791335	57	921567232	644603904	python3*49 ZMQbg/Reaper*4 ZMQbg/IO/0*4 
2026-09-25T10:26:46+04:00	ck4r2-mirror-1m	4	2791315	488	2	27750400	6033408	uv*1 main2*1 
2026-09-25T10:26:46+04:00	ck4r2-mirror-1m	4	2791335	2791315	57	1250295808	975212544	ft*51 ZMQbg/Reaper*3 ZMQbg/IO/0*3 
2026-09-25T10:26:46+04:00	ck4r2-mirror-1m	4	2792290	2791335	1	12791808	5939200	python3*1 
2026-09-25T10:26:46+04:00	ck4r2-mirror-1m	4	2792291	2791335	45	12936699904	12327047168	python3*36 pt_gloo_runloop*2 ZMQbg/Reaper*2 ZMQbg/IO/0*2 pt_tcpstore_uv*1 cuda0000240000a*1 
2026-09-25T10:26:46+04:00	ck4r2-mirror-1m	4	2792292	2791335	57	921567232	644603904	python3*49 ZMQbg/Reaper*4 ZMQbg/IO/0*4 
2026-09-25T10:26:56+04:00	ck4r2-mirror-1m	4	2791315	488	2	27750400	6033408	uv*1 main2*1 
2026-09-25T10:26:56+04:00	ck4r2-mirror-1m	4	2791335	2791315	57	1250295808	975212544	ft*51 ZMQbg/Reaper*3 ZMQbg/IO/0*3 
2026-09-25T10:26:56+04:00	ck4r2-mirror-1m	4	2792290	2791335	1	12791808	5939200	python3*1 
2026-09-25T10:26:56+04:00	ck4r2-mirror-1m	4	2792291	2791335	45	12936699904	12327047168	python3*36 pt_gloo_runloop*2 ZMQbg/Reaper*2 ZMQbg/IO/0*2 pt_tcpstore_uv*1 cuda0000240000a*1 
2026-09-25T10:26:57+04:00	ck4r2-mirror-1m	4	2792292	2791335	57	921567232	644603904	python3*49 ZMQbg/Reaper*4 ZMQbg/IO/0*4 
2026-09-25T10:27:07+04:00	ck4r2-mirror-1m	4	2791315	488	2	27750400	6033408	uv*1 main2*1 
2026-09-25T10:27:07+04:00	ck4r2-mirror-1m	4	2791335	2791315	57	1250295808	975212544	ft*51 ZMQbg/Reaper*3 ZMQbg/IO/0*3 
2026-09-25T10:27:07+04:00	ck4r2-mirror-1m	4	2792290	2791335	1	12791808	5939200	python3*1 
2026-09-25T10:27:07+04:00	ck4r2-mirror-1m	4	2792291	2791335	45	12936736768	12327084032	python3*36 pt_gloo_runloop*2 ZMQbg/Reaper*2 ZMQbg/IO/0*2 pt_tcpstore_uv*1 cuda0000240000a*1 
2026-09-25T10:27:07+04:00	ck4r2-mirror-1m	4	2792292	2791335	57	921567232	644603904	python3*49 ZMQbg/Reaper*4 ZMQbg/IO/0*4 
2026-09-25T10:27:17+04:00	ck4r2-mirror-1m	4	2791315	488	2	27750400	6033408	uv*1 main2*1 
2026-09-25T10:27:17+04:00	ck4r2-mirror-1m	4	2791335	2791315	57	1250295808	975212544	ft*51 ZMQbg/Reaper*3 ZMQbg/IO/0*3 
2026-09-25T10:27:17+04:00	ck4r2-mirror-1m	4	2792290	2791335	1	12791808	5939200	python3*1 
2026-09-25T10:27:17+04:00	ck4r2-mirror-1m	4	2792291	2791335	45	12936888320	12327235584	python3*36 pt_gloo_runloop*2 ZMQbg/Reaper*2 ZMQbg/IO/0*2 pt_tcpstore_uv*1 cuda0000240000a*1 
2026-09-25T10:27:17+04:00	ck4r2-mirror-1m	4	2792292	2791335	57	921567232	644603904	python3*49 ZMQbg/Reaper*4 ZMQbg/IO/0*4 
2026-09-25T10:27:27+04:00	ck4r2-mirror-1m	4	2791315	488	2	27750400	6033408	uv*1 main2*1 
2026-09-25T10:27:27+04:00	ck4r2-mirror-1m	4	2791335	2791315	57	1250295808	975212544	ft*51 ZMQbg/Reaper*3 ZMQbg/IO/0*3 
2026-09-25T10:27:27+04:00	ck4r2-mirror-1m	4	2792290	2791335	1	12791808	5939200	python3*1 
2026-09-25T10:27:27+04:00	ck4r2-mirror-1m	4	2792291	2791335	45	12937015296	12327362560	python3*36 pt_gloo_runloop*2 ZMQbg/Reaper*2 ZMQbg/IO/0*2 pt_tcpstore_uv*1 cuda0000240000a*1 
2026-09-25T10:27:27+04:00	ck4r2-mirror-1m	4	2792292	2791335	57	921567232	644603904	python3*49 ZMQbg/Reaper*4 ZMQbg/IO/0*4 
2026-09-25T10:27:37+04:00	ck4r2-mirror-1m	4	2791315	488	2	27750400	6033408	uv*1 main2*1 
2026-09-25T10:27:37+04:00	ck4r2-mirror-1m	4	2791335	2791315	57	1250295808	975212544	ft*51 ZMQbg/Reaper*3 ZMQbg/IO/0*3 
2026-09-25T10:27:37+04:00	ck4r2-mirror-1m	4	2792290	2791335	1	12791808	5939200	python3*1 
2026-09-25T10:27:37+04:00	ck4r2-mirror-1m	4	2792291	2791335	45	12937158656	12327505920	python3*36 pt_gloo_runloop*2 ZMQbg/Reaper*2 ZMQbg/IO/0*2 pt_tcpstore_uv*1 cuda0000240000a*1 
2026-09-25T10:27:37+04:00	ck4r2-mirror-1m	4	2792292	2791335	57	921567232	644603904	python3*49 ZMQbg/Reaper*4 ZMQbg/IO/0*4 
2026-09-25T10:27:48+04:00	ck4r2-mirror-1m	4	2791315	488	2	27750400	6033408	uv*1 main2*1 
2026-09-25T10:27:48+04:00	ck4r2-mirror-1m	4	2791335	2791315	57	1250308096	975224832	ft*51 ZMQbg/Reaper*3 ZMQbg/IO/0*3 
2026-09-25T10:27:48+04:00	ck4r2-mirror-1m	4	2792290	2791335	1	12791808	5939200	python3*1 
2026-09-25T10:27:48+04:00	ck4r2-mirror-1m	4	2792291	2791335	45	12937297920	12327645184	python3*36 pt_gloo_runloop*2 ZMQbg/Reaper*2 ZMQbg/IO/0*2 pt_tcpstore_uv*1 cuda0000240000a*1 
2026-09-25T10:27:48+04:00	ck4r2-mirror-1m	4	2792292	2791335	57	921567232	644603904	python3*49 ZMQbg/Reaper*4 ZMQbg/IO/0*4 
2026-09-25T10:27:58+04:00	ck4r2-mirror-1m	4	2791315	488	2	27750400	6033408	uv*1 main2*1 
2026-09-25T10:27:58+04:00	ck4r2-mirror-1m	4	2791335	2791315	57	1250308096	975224832	ft*51 ZMQbg/Reaper*3 ZMQbg/IO/0*3 
2026-09-25T10:27:58+04:00	ck4r2-mirror-1m	4	2792290	2791335	1	12791808	5939200	python3*1 
2026-09-25T10:27:58+04:00	ck4r2-mirror-1m	4	2792291	2791335	45	12937445376	12327792640	python3*36 pt_gloo_runloop*2 ZMQbg/Reaper*2 ZMQbg/IO/0*2 pt_tcpstore_uv*1 cuda0000240000a*1 
2026-09-25T10:27:58+04:00	ck4r2-mirror-1m	4	2792292	2791335	57	921567232	644603904	python3*49 ZMQbg/Reaper*4 ZMQbg/IO/0*4 
2026-09-25T10:28:08+04:00	ck4r2-mirror-1m	4	2791315	488	2	27750400	6033408	uv*1 main2*1 
2026-09-25T10:28:08+04:00	ck4r2-mirror-1m	4	2791335	2791315	57	1250308096	975224832	ft*51 ZMQbg/Reaper*3 ZMQbg/IO/0*3 
2026-09-25T10:28:08+04:00	ck4r2-mirror-1m	4	2792290	2791335	1	12791808	5939200	python3*1 
2026-09-25T10:28:08+04:00	ck4r2-mirror-1m	4	2792291	2791335	45	12937568256	12327915520	python3*36 pt_gloo_runloop*2 ZMQbg/Reaper*2 ZMQbg/IO/0*2 pt_tcpstore_uv*1 cuda0000240000a*1 
2026-09-25T10:28:08+04:00	ck4r2-mirror-1m	4	2792292	2791335	57	921567232	644603904	python3*49 ZMQbg/Reaper*4 ZMQbg/IO/0*4 
2026-09-25T10:28:18+04:00	ck4r2-mirror-1m	4	2791315	488	2	27529216	6033408	uv*1 main2*1 
2026-09-25T10:28:18+04:00	ck4r2-mirror-1m	4	2791335	2791315	57	1248358400	975224832	ft*51 ZMQbg/Reaper*3 ZMQbg/IO/0*3 
2026-09-25T10:28:18+04:00	ck4r2-mirror-1m	4	2792290	2791335	1	12763136	5939200	python3*1 
2026-09-25T10:28:18+04:00	ck4r2-mirror-1m	4	2792291	2791335	45	12934639616	12328054784	python3*36 pt_gloo_runloop*2 ZMQbg/Reaper*2 ZMQbg/IO/0*2 pt_tcpstore_uv*1 cuda0000240000a*1 
2026-09-25T10:28:19+04:00	ck4r2-mirror-1m	4	2792292	2791335	57	919810048	644603904	python3*49 ZMQbg/Reaper*4 ZMQbg/IO/0*4 
2026-09-25T10:28:29+04:00	ck4r2-mirror-1m	4	2791315	488	2	27529216	6033408	uv*1 main2*1 
2026-09-25T10:28:29+04:00	ck4r2-mirror-1m	4	2791335	2791315	57	1248358400	975224832	ft*51 ZMQbg/Reaper*3 ZMQbg/IO/0*3 
2026-09-25T10:28:29+04:00	ck4r2-mirror-1m	4	2792290	2791335	1	12763136	5939200	python3*1 
2026-09-25T10:28:29+04:00	ck4r2-mirror-1m	4	2792291	2791335	45	12934778880	12328194048	python3*36 pt_gloo_runloop*2 ZMQbg/Reaper*2 ZMQbg/IO/0*2 pt_tcpstore_uv*1 cuda0000240000a*1 
2026-09-25T10:28:29+04:00	ck4r2-mirror-1m	4	2792292	2791335	57	919810048	644603904	python3*49 ZMQbg/Reaper*4 ZMQbg/IO/0*4 
2026-09-25T10:28:39+04:00	ck4r2-mirror-1m	4	2791315	488	2	27529216	6033408	uv*1 main2*1 
2026-09-25T10:28:39+04:00	ck4r2-mirror-1m	4	2791335	2791315	57	1248358400	975224832	ft*51 ZMQbg/Reaper*3 ZMQbg/IO/0*3 
2026-09-25T10:28:39+04:00	ck4r2-mirror-1m	4	2792290	2791335	1	12763136	5939200	python3*1 
2026-09-25T10:28:39+04:00	ck4r2-mirror-1m	4	2792291	2791335	45	12934942720	12328357888	python3*36 pt_gloo_runloop*2 ZMQbg/Reaper*2 ZMQbg/IO/0*2 pt_tcpstore_uv*1 cuda0000240000a*1 
2026-09-25T10:28:39+04:00	ck4r2-mirror-1m	4	2792292	2791335	57	919810048	644603904	python3*49 ZMQbg/Reaper*4 ZMQbg/IO/0*4 
2026-09-25T10:28:49+04:00	ck4r2-mirror-1m	4	2791315	488	2	27529216	6033408	uv*1 main2*1 
2026-09-25T10:28:49+04:00	ck4r2-mirror-1m	4	2791335	2791315	57	1248358400	975224832	ft*51 ZMQbg/Reaper*3 ZMQbg/IO/0*3 
2026-09-25T10:28:49+04:00	ck4r2-mirror-1m	4	2792290	2791335	1	12763136	5939200	python3*1 
2026-09-25T10:28:49+04:00	ck4r2-mirror-1m	4	2792291	2791335	45	12935081984	12328497152	python3*36 pt_gloo_runloop*2 ZMQbg/Reaper*2 ZMQbg/IO/0*2 pt_tcpstore_uv*1 cuda0000240000a*1 
2026-09-25T10:28:49+04:00	ck4r2-mirror-1m	4	2792292	2791335	57	919810048	644603904	python3*49 ZMQbg/Reaper*4 ZMQbg/IO/0*4 
2026-09-25T10:28:59+04:00	ck4r2-mirror-1m	4	2791315	488	2	27529216	6033408	uv*1 main2*1 
2026-09-25T10:28:59+04:00	ck4r2-mirror-1m	4	2791335	2791315	57	1248358400	975224832	ft*51 ZMQbg/Reaper*3 ZMQbg/IO/0*3 
2026-09-25T10:28:59+04:00	ck4r2-mirror-1m	4	2792290	2791335	1	12763136	5939200	python3*1 
2026-09-25T10:28:59+04:00	ck4r2-mirror-1m	4	2792291	2791335	45	12935213056	12328628224	python3*36 pt_gloo_runloop*2 ZMQbg/Reaper*2 ZMQbg/IO/0*2 pt_tcpstore_uv*1 cuda0000240000a*1 
2026-09-25T10:29:00+04:00	ck4r2-mirror-1m	4	2792292	2791335	57	919810048	644603904	python3*49 ZMQbg/Reaper*4 ZMQbg/IO/0*4 
2026-09-25T10:29:10+04:00	ck4r2-mirror-1m	4	2791315	488	2	27529216	6033408	uv*1 main2*1 
2026-09-25T10:29:10+04:00	ck4r2-mirror-1m	4	2791335	2791315	57	1248370688	975224832	ft*51 ZMQbg/Reaper*3 ZMQbg/IO/0*3 
2026-09-25T10:29:10+04:00	ck4r2-mirror-1m	4	2792290	2791335	1	12763136	5939200	python3*1 
2026-09-25T10:29:10+04:00	ck4r2-mirror-1m	4	2792291	2791335	45	12936871936	12330168320	python3*36 pt_gloo_runloop*2 ZMQbg/Reaper*2 ZMQbg/IO/0*2 pt_tcpstore_uv*1 cuda0000240000a*1 
2026-09-25T10:29:10+04:00	ck4r2-mirror-1m	4	2792292	2791335	57	919814144	644603904	python3*49 ZMQbg/Reaper*4 ZMQbg/IO/0*4 
2026-09-25T10:29:20+04:00	ck4r2-mirror-1m	4	2791315	488	2	27529216	6033408	uv*1 main2*1 
2026-09-25T10:29:20+04:00	ck4r2-mirror-1m	4	2791335	2791315	57	1248370688	975224832	ft*51 ZMQbg/Reaper*3 ZMQbg/IO/0*3 
2026-09-25T10:29:20+04:00	ck4r2-mirror-1m	4	2792290	2791335	1	12763136	5939200	python3*1 
2026-09-25T10:29:20+04:00	ck4r2-mirror-1m	4	2792291	2791335	45	12936871936	12330168320	python3*36 pt_gloo_runloop*2 ZMQbg/Reaper*2 ZMQbg/IO/0*2 pt_tcpstore_uv*1 cuda0000240000a*1 
2026-09-25T10:29:20+04:00	ck4r2-mirror-1m	4	2792292	2791335	57	919814144	644603904	python3*49 ZMQbg/Reaper*4 ZMQbg/IO/0*4 
2026-09-25T10:29:30+04:00	ck4r2-mirror-1m	4	2791315	488	2	27529216	6033408	uv*1 main2*1 
2026-09-25T10:29:30+04:00	ck4r2-mirror-1m	4	2791335	2791315	57	1248370688	975224832	ft*51 ZMQbg/Reaper*3 ZMQbg/IO/0*3 
2026-09-25T10:29:30+04:00	ck4r2-mirror-1m	4	2792290	2791335	1	12763136	5939200	python3*1 
2026-09-25T10:29:30+04:00	ck4r2-mirror-1m	4	2792291	2791335	45	12936871936	12330168320	python3*36 pt_gloo_runloop*2 ZMQbg/Reaper*2 ZMQbg/IO/0*2 pt_tcpstore_uv*1 cuda0000240000a*1 
2026-09-25T10:29:30+04:00	ck4r2-mirror-1m	4	2792292	2791335	57	919814144	644603904	python3*49 ZMQbg/Reaper*4 ZMQbg/IO/0*4 
2026-09-25T10:29:40+04:00	ck4r2-mirror-1m	4	2791315	488	2	27529216	6033408	uv*1 main2*1 
2026-09-25T10:29:40+04:00	ck4r2-mirror-1m	4	2791335	2791315	57	1248370688	975224832	ft*51 ZMQbg/Reaper*3 ZMQbg/IO/0*3 
2026-09-25T10:29:40+04:00	ck4r2-mirror-1m	4	2792290	2791335	1	12763136	5939200	python3*1 
2026-09-25T10:29:40+04:00	ck4r2-mirror-1m	4	2792291	2791335	45	12936876032	12330172416	python3*36 pt_gloo_runloop*2 ZMQbg/Reaper*2 ZMQbg/IO/0*2 pt_tcpstore_uv*1 cuda0000240000a*1 
2026-09-25T10:29:40+04:00	ck4r2-mirror-1m	4	2792292	2791335	57	919814144	644603904	python3*49 ZMQbg/Reaper*4 ZMQbg/IO/0*4 
2026-09-25T10:29:50+04:00	ck4r2-mirror-1m	4	2791315	488	2	27529216	6033408	uv*1 main2*1 
2026-09-25T10:29:50+04:00	ck4r2-mirror-1m	4	2791335	2791315	57	1248370688	975224832	ft*51 ZMQbg/Reaper*3 ZMQbg/IO/0*3 
2026-09-25T10:29:51+04:00	ck4r2-mirror-1m	4	2792290	2791335	1	12763136	5939200	python3*1 
2026-09-25T10:29:51+04:00	ck4r2-mirror-1m	4	2792291	2791335	45	12936876032	12330172416	python3*36 pt_gloo_runloop*2 ZMQbg/Reaper*2 ZMQbg/IO/0*2 pt_tcpstore_uv*1 cuda0000240000a*1 
2026-09-25T10:29:51+04:00	ck4r2-mirror-1m	4	2792292	2791335	57	919814144	644603904	python3*49 ZMQbg/Reaper*4 ZMQbg/IO/0*4 
2026-09-25T10:30:01+04:00	ck4r2-mirror-1m	4	2791315	488	2	27529216	6033408	uv*1 main2*1 
2026-09-25T10:30:01+04:00	ck4r2-mirror-1m	4	2791335	2791315	57	1248370688	975224832	ft*51 ZMQbg/Reaper*3 ZMQbg/IO/0*3 
2026-09-25T10:30:01+04:00	ck4r2-mirror-1m	4	2792290	2791335	1	12763136	5939200	python3*1 
2026-09-25T10:30:01+04:00	ck4r2-mirror-1m	4	2792291	2791335	45	12936876032	12330172416	python3*36 pt_gloo_runloop*2 ZMQbg/Reaper*2 ZMQbg/IO/0*2 pt_tcpstore_uv*1 cuda0000240000a*1 
2026-09-25T10:30:01+04:00	ck4r2-mirror-1m	4	2792292	2791335	57	919814144	644603904	python3*49 ZMQbg/Reaper*4 ZMQbg/IO/0*4 
2026-09-25T10:30:11+04:00	ck4r2-mirror-1m	4	2791315	488	2	27529216	6033408	uv*1 main2*1 
2026-09-25T10:30:11+04:00	ck4r2-mirror-1m	4	2791335	2791315	57	1248370688	975224832	ft*51 ZMQbg/Reaper*3 ZMQbg/IO/0*3 
2026-09-25T10:30:11+04:00	ck4r2-mirror-1m	4	2792290	2791335	1	12763136	5939200	python3*1 
2026-09-25T10:30:11+04:00	ck4r2-mirror-1m	4	2792291	2791335	45	12936880128	12330176512	python3*36 pt_gloo_runloop*2 ZMQbg/Reaper*2 ZMQbg/IO/0*2 pt_tcpstore_uv*1 cuda0000240000a*1 
2026-09-25T10:30:11+04:00	ck4r2-mirror-1m	4	2792292	2791335	57	919814144	644603904	python3*49 ZMQbg/Reaper*4 ZMQbg/IO/0*4 
2026-09-25T10:30:21+04:00	ck4r2-mirror-1m	4	2791315	488	2	27529216	6033408	uv*1 main2*1 
2026-09-25T10:30:21+04:00	ck4r2-mirror-1m	4	2791335	2791315	57	1248370688	975224832	ft*51 ZMQbg/Reaper*3 ZMQbg/IO/0*3 
2026-09-25T10:30:21+04:00	ck4r2-mirror-1m	4	2792290	2791335	1	12763136	5939200	python3*1 
2026-09-25T10:30:21+04:00	ck4r2-mirror-1m	4	2792291	2791335	45	12936880128	12330176512	python3*36 pt_gloo_runloop*2 ZMQbg/Reaper*2 ZMQbg/IO/0*2 pt_tcpstore_uv*1 cuda0000240000a*1 
2026-09-25T10:30:21+04:00	ck4r2-mirror-1m	4	2792292	2791335	57	919814144	644603904	python3*49 ZMQbg/Reaper*4 ZMQbg/IO/0*4 
2026-09-25T10:30:31+04:00	ck4r2-mirror-1m	4	2791315	488	2	27529216	6033408	uv*1 main2*1 
2026-09-25T10:30:31+04:00	ck4r2-mirror-1m	4	2791335	2791315	57	1248370688	975224832	ft*51 ZMQbg/Reaper*3 ZMQbg/IO/0*3 
2026-09-25T10:30:31+04:00	ck4r2-mirror-1m	4	2792290	2791335	1	12763136	5939200	python3*1 
2026-09-25T10:30:31+04:00	ck4r2-mirror-1m	4	2792291	2791335	45	12936880128	12330176512	python3*36 pt_gloo_runloop*2 ZMQbg/Reaper*2 ZMQbg/IO/0*2 pt_tcpstore_uv*1 cuda0000240000a*1 
2026-09-25T10:30:31+04:00	ck4r2-mirror-1m	4	2792292	2791335	57	919814144	644603904	python3*49 ZMQbg/Reaper*4 ZMQbg/IO/0*4 
2026-09-25T10:30:42+04:00	ck4r2-mirror-1m	4	2791315	488	2	27529216	6033408	uv*1 main2*1 
2026-09-25T10:30:42+04:00	ck4r2-mirror-1m	4	2791335	2791315	57	1248370688	975224832	ft*51 ZMQbg/Reaper*3 ZMQbg/IO/0*3 
2026-09-25T10:30:42+04:00	ck4r2-mirror-1m	4	2792290	2791335	1	12763136	5939200	python3*1 
2026-09-25T10:30:42+04:00	ck4r2-mirror-1m	4	2792291	2791335	45	12936880128	12330176512	python3*36 pt_gloo_runloop*2 ZMQbg/Reaper*2 ZMQbg/IO/0*2 pt_tcpstore_uv*1 cuda0000240000a*1 
2026-09-25T10:30:42+04:00	ck4r2-mirror-1m	4	2792292	2791335	57	919814144	644603904	python3*49 ZMQbg/Reaper*4 ZMQbg/IO/0*4 
2026-09-25T10:30:52+04:00	ck4r2-mirror-1m	4	2791315	488	2	27529216	6033408	uv*1 main2*1 
2026-09-25T10:30:52+04:00	ck4r2-mirror-1m	4	2791335	2791315	57	1248370688	975224832	ft*51 ZMQbg/Reaper*3 ZMQbg/IO/0*3 
2026-09-25T10:30:52+04:00	ck4r2-mirror-1m	4	2792290	2791335	1	12763136	5939200	python3*1 
2026-09-25T10:30:52+04:00	ck4r2-mirror-1m	4	2792291	2791335	45	12936880128	12330176512	python3*36 pt_gloo_runloop*2 ZMQbg/Reaper*2 ZMQbg/IO/0*2 pt_tcpstore_uv*1 cuda0000240000a*1 
2026-09-25T10:30:52+04:00	ck4r2-mirror-1m	4	2792292	2791335	57	919814144	644603904	python3*49 ZMQbg/Reaper*4 ZMQbg/IO/0*4 
2026-09-25T10:31:02+04:00	ck4r2-mirror-1m	4	2791315	488	2	27529216	6033408	uv*1 main2*1 
2026-09-25T10:31:02+04:00	ck4r2-mirror-1m	4	2791335	2791315	57	1248370688	975224832	ft*51 ZMQbg/Reaper*3 ZMQbg/IO/0*3 
2026-09-25T10:31:02+04:00	ck4r2-mirror-1m	4	2792290	2791335	1	12763136	5939200	python3*1 
2026-09-25T10:31:02+04:00	ck4r2-mirror-1m	4	2792291	2791335	45	12937048064	12330352640	python3*36 pt_gloo_runloop*2 ZMQbg/Reaper*2 ZMQbg/IO/0*2 pt_tcpstore_uv*1 cuda0000240000a*1 
2026-09-25T10:31:02+04:00	ck4r2-mirror-1m	4	2792292	2791335	57	919814144	644603904	python3*49 ZMQbg/Reaper*4 ZMQbg/IO/0*4 
2026-09-25T10:31:12+04:00	ck4r2-mirror-1m	4	2791315	488	2	27529216	6033408	uv*1 main2*1 
2026-09-25T10:31:12+04:00	ck4r2-mirror-1m	4	2791335	2791315	57	1248370688	975224832	ft*51 ZMQbg/Reaper*3 ZMQbg/IO/0*3 
2026-09-25T10:31:12+04:00	ck4r2-mirror-1m	4	2792290	2791335	1	12763136	5939200	python3*1 
2026-09-25T10:31:12+04:00	ck4r2-mirror-1m	4	2792291	2791335	45	12937076736	12330373120	python3*36 pt_gloo_runloop*2 ZMQbg/Reaper*2 ZMQbg/IO/0*2 pt_tcpstore_uv*1 cuda0000240000a*1 
2026-09-25T10:31:12+04:00	ck4r2-mirror-1m	4	2792292	2791335	57	919814144	644603904	python3*49 ZMQbg/Reaper*4 ZMQbg/IO/0*4 
2026-09-25T10:31:22+04:00	ck4r2-mirror-1m	4	2791315	488	2	27529216	6033408	uv*1 main2*1 
2026-09-25T10:31:22+04:00	ck4r2-mirror-1m	4	2791335	2791315	57	1248370688	975224832	ft*51 ZMQbg/Reaper*3 ZMQbg/IO/0*3 
2026-09-25T10:31:22+04:00	ck4r2-mirror-1m	4	2792290	2791335	1	12763136	5939200	python3*1 
2026-09-25T10:31:22+04:00	ck4r2-mirror-1m	4	2792291	2791335	45	12937183232	12330479616	python3*36 pt_gloo_runloop*2 ZMQbg/Reaper*2 ZMQbg/IO/0*2 pt_tcpstore_uv*1 cuda0000240000a*1 
2026-09-25T10:31:23+04:00	ck4r2-mirror-1m	4	2792292	2791335	57	919814144	644603904	python3*49 ZMQbg/Reaper*4 ZMQbg/IO/0*4 
2026-09-25T10:31:33+04:00	ck4r2-mirror-1m	4	2791315	488	2	27529216	6033408	uv*1 main2*1 
2026-09-25T10:31:33+04:00	ck4r2-mirror-1m	4	2791335	2791315	57	1248370688	975224832	ft*51 ZMQbg/Reaper*3 ZMQbg/IO/0*3 
2026-09-25T10:31:33+04:00	ck4r2-mirror-1m	4	2792290	2791335	1	12763136	5939200	python3*1 
2026-09-25T10:31:33+04:00	ck4r2-mirror-1m	4	2792291	2791335	45	12937285632	12330582016	python3*36 pt_gloo_runloop*2 ZMQbg/Reaper*2 ZMQbg/IO/0*2 pt_tcpstore_uv*1 cuda0000240000a*1 
2026-09-25T10:31:33+04:00	ck4r2-mirror-1m	4	2792292	2791335	57	919814144	644603904	python3*49 ZMQbg/Reaper*4 ZMQbg/IO/0*4 
2026-09-25T10:31:43+04:00	ck4r2-mirror-1m	4	2791315	488	2	27529216	6033408	uv*1 main2*1 
2026-09-25T10:31:43+04:00	ck4r2-mirror-1m	4	2791335	2791315	57	1248370688	975224832	ft*51 ZMQbg/Reaper*3 ZMQbg/IO/0*3 
2026-09-25T10:31:43+04:00	ck4r2-mirror-1m	4	2792290	2791335	1	12763136	5939200	python3*1 
2026-09-25T10:31:43+04:00	ck4r2-mirror-1m	4	2792291	2791335	45	12937400320	12330696704	python3*36 pt_gloo_runloop*2 ZMQbg/Reaper*2 ZMQbg/IO/0*2 pt_tcpstore_uv*1 cuda0000240000a*1 
2026-09-25T10:31:43+04:00	ck4r2-mirror-1m	4	2792292	2791335	57	919814144	644603904	python3*49 ZMQbg/Reaper*4 ZMQbg/IO/0*4 
2026-09-25T10:31:53+04:00	ck4r2-mirror-1m	4	2791315	488	2	27529216	6033408	uv*1 main2*1 
2026-09-25T10:31:53+04:00	ck4r2-mirror-1m	4	2791335	2791315	57	1248370688	975224832	ft*51 ZMQbg/Reaper*3 ZMQbg/IO/0*3 
2026-09-25T10:31:54+04:00	ck4r2-mirror-1m	4	2792290	2791335	1	12763136	5939200	python3*1 
2026-09-25T10:31:54+04:00	ck4r2-mirror-1m	4	2792291	2791335	45	12937502720	12330799104	python3*36 pt_gloo_runloop*2 ZMQbg/Reaper*2 ZMQbg/IO/0*2 pt_tcpstore_uv*1 cuda0000240000a*1 
2026-09-25T10:31:54+04:00	ck4r2-mirror-1m	4	2792292	2791335	57	919814144	644603904	python3*49 ZMQbg/Reaper*4 ZMQbg/IO/0*4 
2026-09-25T10:32:04+04:00	ck4r2-mirror-1m	4	2791315	488	2	27529216	6033408	uv*1 main2*1 
2026-09-25T10:32:04+04:00	ck4r2-mirror-1m	4	2791335	2791315	57	1248370688	975224832	ft*51 ZMQbg/Reaper*3 ZMQbg/IO/0*3 
2026-09-25T10:32:04+04:00	ck4r2-mirror-1m	4	2792290	2791335	1	12763136	5939200	python3*1 
2026-09-25T10:32:04+04:00	ck4r2-mirror-1m	4	2792291	2791335	45	12937621504	12330917888	python3*36 pt_gloo_runloop*2 ZMQbg/Reaper*2 ZMQbg/IO/0*2 pt_tcpstore_uv*1 cuda0000240000a*1 
2026-09-25T10:32:04+04:00	ck4r2-mirror-1m	4	2792292	2791335	57	919814144	644603904	python3*49 ZMQbg/Reaper*4 ZMQbg/IO/0*4 
2026-09-25T10:32:14+04:00	ck4r2-mirror-1m	4	2791315	488	2	27529216	6033408	uv*1 main2*1 
2026-09-25T10:32:14+04:00	ck4r2-mirror-1m	4	2791335	2791315	57	1248370688	975224832	ft*51 ZMQbg/Reaper*3 ZMQbg/IO/0*3 
2026-09-25T10:32:14+04:00	ck4r2-mirror-1m	4	2792290	2791335	1	12763136	5939200	python3*1 
2026-09-25T10:32:14+04:00	ck4r2-mirror-1m	4	2792291	2791335	45	12937723904	12331020288	python3*36 pt_gloo_runloop*2 ZMQbg/Reaper*2 ZMQbg/IO/0*2 pt_tcpstore_uv*1 cuda0000240000a*1 
2026-09-25T10:32:14+04:00	ck4r2-mirror-1m	4	2792292	2791335	57	919814144	644603904	python3*49 ZMQbg/Reaper*4 ZMQbg/IO/0*4 
2026-09-25T10:32:24+04:00	ck4r2-mirror-1m	4	2791315	488	2	27529216	6033408	uv*1 main2*1 
2026-09-25T10:32:24+04:00	ck4r2-mirror-1m	4	2791335	2791315	57	1248370688	975224832	ft*51 ZMQbg/Reaper*3 ZMQbg/IO/0*3 
2026-09-25T10:32:24+04:00	ck4r2-mirror-1m	4	2792290	2791335	1	12763136	5939200	python3*1 
2026-09-25T10:32:24+04:00	ck4r2-mirror-1m	4	2792291	2791335	45	12937818112	12331114496	python3*36 pt_gloo_runloop*2 ZMQbg/Reaper*2 ZMQbg/IO/0*2 pt_tcpstore_uv*1 cuda0000240000a*1 
2026-09-25T10:32:24+04:00	ck4r2-mirror-1m	4	2792292	2791335	57	919814144	644603904	python3*49 ZMQbg/Reaper*4 ZMQbg/IO/0*4 
2026-09-25T10:32:34+04:00	ck4r2-mirror-1m	4	2791315	488	2	27529216	6033408	uv*1 main2*1 
2026-09-25T10:32:34+04:00	ck4r2-mirror-1m	4	2791335	2791315	57	1248370688	975224832	ft*51 ZMQbg/Reaper*3 ZMQbg/IO/0*3 
2026-09-25T10:32:34+04:00	ck4r2-mirror-1m	4	2792290	2791335	1	12763136	5939200	python3*1 
2026-09-25T10:32:34+04:00	ck4r2-mirror-1m	4	2792291	2791335	45	12937924608	12331220992	python3*36 pt_gloo_runloop*2 ZMQbg/Reaper*2 ZMQbg/IO/0*2 pt_tcpstore_uv*1 cuda0000240000a*1 
2026-09-25T10:32:35+04:00	ck4r2-mirror-1m	4	2792292	2791335	57	919814144	644603904	python3*49 ZMQbg/Reaper*4 ZMQbg/IO/0*4 
2026-09-25T10:32:45+04:00	ck4r2-mirror-1m	4	2791315	488	2	27529216	6033408	uv*1 main2*1 
2026-09-25T10:32:45+04:00	ck4r2-mirror-1m	4	2791335	2791315	57	1248370688	975224832	ft*51 ZMQbg/Reaper*3 ZMQbg/IO/0*3 
2026-09-25T10:32:45+04:00	ck4r2-mirror-1m	4	2792290	2791335	1	12763136	5939200	python3*1 
2026-09-25T10:32:45+04:00	ck4r2-mirror-1m	4	2792291	2791335	45	12938031104	12331327488	python3*36 pt_gloo_runloop*2 ZMQbg/Reaper*2 ZMQbg/IO/0*2 pt_tcpstore_uv*1 cuda0000240000a*1 
2026-09-25T10:32:45+04:00	ck4r2-mirror-1m	4	2792292	2791335	57	919814144	644603904	python3*49 ZMQbg/Reaper*4 ZMQbg/IO/0*4 
2026-09-25T10:32:55+04:00	ck4r2-mirror-1m	4	2791315	488	2	27529216	6033408	uv*1 main2*1 
2026-09-25T10:32:55+04:00	ck4r2-mirror-1m	4	2791335	2791315	57	1248370688	975224832	ft*51 ZMQbg/Reaper*3 ZMQbg/IO/0*3 
2026-09-25T10:32:55+04:00	ck4r2-mirror-1m	4	2792290	2791335	1	12763136	5939200	python3*1 
2026-09-25T10:32:55+04:00	ck4r2-mirror-1m	4	2792291	2791335	45	12938129408	12331425792	python3*36 pt_gloo_runloop*2 ZMQbg/Reaper*2 ZMQbg/IO/0*2 pt_tcpstore_uv*1 cuda0000240000a*1 
2026-09-25T10:32:55+04:00	ck4r2-mirror-1m	4	2792292	2791335	57	919814144	644603904	python3*49 ZMQbg/Reaper*4 ZMQbg/IO/0*4 
2026-09-25T10:33:05+04:00	ck4r2-mirror-1m	4	2791315	488	2	27529216	6033408	uv*1 main2*1 
2026-09-25T10:33:05+04:00	ck4r2-mirror-1m	4	2791335	2791315	57	1248370688	975224832	ft*51 ZMQbg/Reaper*3 ZMQbg/IO/0*3 
2026-09-25T10:33:05+04:00	ck4r2-mirror-1m	4	2792290	2791335	1	12763136	5939200	python3*1 
2026-09-25T10:33:05+04:00	ck4r2-mirror-1m	4	2792291	2791335	45	12938244096	12331540480	python3*36 pt_gloo_runloop*2 ZMQbg/Reaper*2 ZMQbg/IO/0*2 pt_tcpstore_uv*1 cuda0000240000a*1 
2026-09-25T10:33:05+04:00	ck4r2-mirror-1m	4	2792292	2791335	57	919814144	644603904	python3*49 ZMQbg/Reaper*4 ZMQbg/IO/0*4 
2026-09-25T10:33:15+04:00	ck4r2-mirror-1m	4	2791315	488	2	27529216	6033408	uv*1 main2*1 
2026-09-25T10:33:15+04:00	ck4r2-mirror-1m	4	2791335	2791315	57	1248370688	975224832	ft*51 ZMQbg/Reaper*3 ZMQbg/IO/0*3 
2026-09-25T10:33:15+04:00	ck4r2-mirror-1m	4	2792290	2791335	1	12763136	5939200	python3*1 
2026-09-25T10:33:15+04:00	ck4r2-mirror-1m	4	2792291	2791335	45	12938350592	12331646976	python3*36 pt_gloo_runloop*2 ZMQbg/Reaper*2 ZMQbg/IO/0*2 pt_tcpstore_uv*1 cuda0000240000a*1 
2026-09-25T10:33:15+04:00	ck4r2-mirror-1m	4	2792292	2791335	57	919814144	644603904	python3*49 ZMQbg/Reaper*4 ZMQbg/IO/0*4 
2026-09-25T10:33:25+04:00	ck4r2-mirror-1m	4	2791315	488	2	27529216	6033408	uv*1 main2*1 
2026-09-25T10:33:26+04:00	ck4r2-mirror-1m	4	2791335	2791315	57	1248370688	975224832	ft*51 ZMQbg/Reaper*3 ZMQbg/IO/0*3 
2026-09-25T10:33:26+04:00	ck4r2-mirror-1m	4	2792290	2791335	1	12763136	5939200	python3*1 
2026-09-25T10:33:26+04:00	ck4r2-mirror-1m	4	2792291	2791335	45	12938465280	12331761664	python3*36 pt_gloo_runloop*2 ZMQbg/Reaper*2 ZMQbg/IO/0*2 pt_tcpstore_uv*1 cuda0000240000a*1 
2026-09-25T10:33:26+04:00	ck4r2-mirror-1m	4	2792292	2791335	57	919814144	644603904	python3*49 ZMQbg/Reaper*4 ZMQbg/IO/0*4 
2026-09-25T10:33:36+04:00	ck4r2-mirror-1m	4	2791315	488	2	27529216	6033408	uv*1 main2*1 
2026-09-25T10:33:36+04:00	ck4r2-mirror-1m	4	2791335	2791315	57	1248370688	975224832	ft*51 ZMQbg/Reaper*3 ZMQbg/IO/0*3 
2026-09-25T10:33:36+04:00	ck4r2-mirror-1m	4	2792290	2791335	1	12763136	5939200	python3*1 
2026-09-25T10:33:36+04:00	ck4r2-mirror-1m	4	2792291	2791335	45	12938575872	12331872256	python3*36 pt_gloo_runloop*2 ZMQbg/Reaper*2 ZMQbg/IO/0*2 pt_tcpstore_uv*1 cuda0000240000a*1 
2026-09-25T10:33:36+04:00	ck4r2-mirror-1m	4	2792292	2791335	57	919814144	644603904	python3*49 ZMQbg/Reaper*4 ZMQbg/IO/0*4 
2026-09-25T10:33:46+04:00	ck4r2-mirror-1m	4	2791315	488	2	27529216	6033408	uv*1 main2*1 
2026-09-25T10:33:46+04:00	ck4r2-mirror-1m	4	2791335	2791315	57	1248370688	975224832	ft*51 ZMQbg/Reaper*3 ZMQbg/IO/0*3 
2026-09-25T10:33:46+04:00	ck4r2-mirror-1m	4	2792290	2791335	1	12763136	5939200	python3*1 
2026-09-25T10:33:46+04:00	ck4r2-mirror-1m	4	2792291	2791335	45	12938674176	12331970560	python3*36 pt_gloo_runloop*2 ZMQbg/Reaper*2 ZMQbg/IO/0*2 pt_tcpstore_uv*1 cuda0000240000a*1 
2026-09-25T10:33:46+04:00	ck4r2-mirror-1m	4	2792292	2791335	57	919814144	644603904	python3*49 ZMQbg/Reaper*4 ZMQbg/IO/0*4 
2026-09-25T10:33:56+04:00	ck4r2-mirror-1m	4	2791315	488	2	27529216	6033408	uv*1 main2*1 
2026-09-25T10:33:56+04:00	ck4r2-mirror-1m	4	2791335	2791315	57	1248370688	975224832	ft*51 ZMQbg/Reaper*3 ZMQbg/IO/0*3 
2026-09-25T10:33:56+04:00	ck4r2-mirror-1m	4	2792290	2791335	1	12763136	5939200	python3*1 
2026-09-25T10:33:56+04:00	ck4r2-mirror-1m	4	2792291	2791335	45	12938776576	12332072960	python3*36 pt_gloo_runloop*2 ZMQbg/Reaper*2 ZMQbg/IO/0*2 pt_tcpstore_uv*1 cuda0000240000a*1 
2026-09-25T10:33:56+04:00	ck4r2-mirror-1m	4	2792292	2791335	57	919814144	644603904	python3*49 ZMQbg/Reaper*4 ZMQbg/IO/0*4 
2026-09-25T10:34:06+04:00	ck4r2-mirror-1m	4	2791315	488	2	27529216	6033408	uv*1 main2*1 
2026-09-25T10:34:06+04:00	ck4r2-mirror-1m	4	2791335	2791315	57	1248370688	975224832	ft*51 ZMQbg/Reaper*3 ZMQbg/IO/0*3 
2026-09-25T10:34:07+04:00	ck4r2-mirror-1m	4	2792290	2791335	1	12763136	5939200	python3*1 
2026-09-25T10:34:07+04:00	ck4r2-mirror-1m	4	2792291	2791335	45	12938878976	12332175360	python3*36 pt_gloo_runloop*2 ZMQbg/Reaper*2 ZMQbg/IO/0*2 pt_tcpstore_uv*1 cuda0000240000a*1 
2026-09-25T10:34:07+04:00	ck4r2-mirror-1m	4	2792292	2791335	57	919814144	644603904	python3*49 ZMQbg/Reaper*4 ZMQbg/IO/0*4 
2026-09-25T10:34:17+04:00	ck4r2-mirror-1m	4	2791315	488	2	27529216	6033408	uv*1 main2*1 
2026-09-25T10:34:17+04:00	ck4r2-mirror-1m	4	2791335	2791315	57	1248370688	975224832	ft*51 ZMQbg/Reaper*3 ZMQbg/IO/0*3 
2026-09-25T10:34:17+04:00	ck4r2-mirror-1m	4	2792290	2791335	1	12763136	5939200	python3*1 
2026-09-25T10:34:17+04:00	ck4r2-mirror-1m	4	2792291	2791335	45	12938985472	12332281856	python3*36 pt_gloo_runloop*2 ZMQbg/Reaper*2 ZMQbg/IO/0*2 pt_tcpstore_uv*1 cuda0000240000a*1 
2026-09-25T10:34:17+04:00	ck4r2-mirror-1m	4	2792292	2791335	57	919814144	644603904	python3*49 ZMQbg/Reaper*4 ZMQbg/IO/0*4 
2026-09-25T10:34:27+04:00	ck4r2-mirror-1m	4	2791315	488	2	27529216	6033408	uv*1 main2*1 
2026-09-25T10:34:27+04:00	ck4r2-mirror-1m	4	2791335	2791315	57	1248370688	975224832	ft*51 ZMQbg/Reaper*3 ZMQbg/IO/0*3 
2026-09-25T10:34:27+04:00	ck4r2-mirror-1m	4	2792290	2791335	1	12763136	5939200	python3*1 
2026-09-25T10:34:27+04:00	ck4r2-mirror-1m	4	2792291	2791335	45	12939108352	12332404736	python3*36 pt_gloo_runloop*2 ZMQbg/Reaper*2 ZMQbg/IO/0*2 pt_tcpstore_uv*1 cuda0000240000a*1 
2026-09-25T10:34:27+04:00	ck4r2-mirror-1m	4	2792292	2791335	57	919814144	644603904	python3*49 ZMQbg/Reaper*4 ZMQbg/IO/0*4 
2026-09-25T10:34:37+04:00	ck4r2-mirror-1m	4	2791315	488	2	27529216	6033408	uv*1 main2*1 
2026-09-25T10:34:37+04:00	ck4r2-mirror-1m	4	2791335	2791315	57	1248370688	975224832	ft*51 ZMQbg/Reaper*3 ZMQbg/IO/0*3 
2026-09-25T10:34:37+04:00	ck4r2-mirror-1m	4	2792290	2791335	1	12763136	5939200	python3*1 
2026-09-25T10:34:37+04:00	ck4r2-mirror-1m	4	2792291	2791335	45	12939210752	12332507136	python3*36 pt_gloo_runloop*2 ZMQbg/Reaper*2 ZMQbg/IO/0*2 pt_tcpstore_uv*1 cuda0000240000a*1 
2026-09-25T10:34:37+04:00	ck4r2-mirror-1m	4	2792292	2791335	57	919814144	644603904	python3*49 ZMQbg/Reaper*4 ZMQbg/IO/0*4 
2026-09-25T10:34:47+04:00	ck4r2-mirror-1m	4	2791315	488	2	27529216	6033408	uv*1 main2*1 
2026-09-25T10:34:47+04:00	ck4r2-mirror-1m	4	2791335	2791315	57	1248370688	975224832	ft*51 ZMQbg/Reaper*3 ZMQbg/IO/0*3 
2026-09-25T10:34:47+04:00	ck4r2-mirror-1m	4	2792290	2791335	1	12763136	5939200	python3*1 
2026-09-25T10:34:47+04:00	ck4r2-mirror-1m	4	2792291	2791335	45	12939317248	12332613632	python3*36 pt_gloo_runloop*2 ZMQbg/Reaper*2 ZMQbg/IO/0*2 pt_tcpstore_uv*1 cuda0000240000a*1 
2026-09-25T10:34:48+04:00	ck4r2-mirror-1m	4	2792292	2791335	57	919814144	644603904	python3*49 ZMQbg/Reaper*4 ZMQbg/IO/0*4 
2026-09-25T10:34:58+04:00	ck4r2-mirror-1m	4	2791315	488	2	27529216	6033408	uv*1 main2*1 
2026-09-25T10:34:58+04:00	ck4r2-mirror-1m	4	2791335	2791315	57	1248370688	975224832	ft*51 ZMQbg/Reaper*3 ZMQbg/IO/0*3 
2026-09-25T10:34:58+04:00	ck4r2-mirror-1m	4	2792290	2791335	1	12763136	5939200	python3*1 
2026-09-25T10:34:58+04:00	ck4r2-mirror-1m	4	2792291	2791335	45	12939423744	12332720128	python3*36 pt_gloo_runloop*2 ZMQbg/Reaper*2 ZMQbg/IO/0*2 pt_tcpstore_uv*1 cuda0000240000a*1 
2026-09-25T10:34:58+04:00	ck4r2-mirror-1m	4	2792292	2791335	57	919814144	644603904	python3*49 ZMQbg/Reaper*4 ZMQbg/IO/0*4 
2026-09-25T10:35:08+04:00	ck4r2-mirror-1m	4	2791315	488	2	27529216	6033408	uv*1 main2*1 
2026-09-25T10:35:08+04:00	ck4r2-mirror-1m	4	2791335	2791315	57	1248370688	975224832	ft*51 ZMQbg/Reaper*3 ZMQbg/IO/0*3 
2026-09-25T10:35:08+04:00	ck4r2-mirror-1m	4	2792290	2791335	1	12763136	5939200	python3*1 
2026-09-25T10:35:08+04:00	ck4r2-mirror-1m	4	2792291	2791335	45	12939522048	12332818432	python3*36 pt_gloo_runloop*2 ZMQbg/Reaper*2 ZMQbg/IO/0*2 pt_tcpstore_uv*1 cuda0000240000a*1 
2026-09-25T10:35:08+04:00	ck4r2-mirror-1m	4	2792292	2791335	57	919814144	644603904	python3*49 ZMQbg/Reaper*4 ZMQbg/IO/0*4 
2026-09-25T10:35:18+04:00	ck4r2-mirror-1m	4	2791315	488	2	27529216	6033408	uv*1 main2*1 
2026-09-25T10:35:18+04:00	ck4r2-mirror-1m	4	2791335	2791315	57	1248370688	975224832	ft*51 ZMQbg/Reaper*3 ZMQbg/IO/0*3 
2026-09-25T10:35:18+04:00	ck4r2-mirror-1m	4	2792290	2791335	1	12763136	5939200	python3*1 
2026-09-25T10:35:18+04:00	ck4r2-mirror-1m	4	2792291	2791335	45	12939640832	12332937216	python3*36 pt_gloo_runloop*2 ZMQbg/Reaper*2 ZMQbg/IO/0*2 pt_tcpstore_uv*1 cuda0000240000a*1 
2026-09-25T10:35:18+04:00	ck4r2-mirror-1m	4	2792292	2791335	57	919814144	644603904	python3*49 ZMQbg/Reaper*4 ZMQbg/IO/0*4 
2026-09-25T10:35:28+04:00	ck4r2-mirror-1m	4	2791315	488	2	27529216	6033408	uv*1 main2*1 
2026-09-25T10:35:28+04:00	ck4r2-mirror-1m	4	2791335	2791315	57	1248370688	975224832	ft*51 ZMQbg/Reaper*3 ZMQbg/IO/0*3 
2026-09-25T10:35:28+04:00	ck4r2-mirror-1m	4	2792290	2791335	1	12763136	5939200	python3*1 
2026-09-25T10:35:28+04:00	ck4r2-mirror-1m	4	2792291	2791335	45	12941045760	12334342144	python3*36 pt_gloo_runloop*2 ZMQbg/Reaper*2 ZMQbg/IO/0*2 pt_tcpstore_uv*1 cuda0000240000a*1 
2026-09-25T10:35:28+04:00	ck4r2-mirror-1m	4	2792292	2791335	57	919814144	644603904	python3*49 ZMQbg/Reaper*4 ZMQbg/IO/0*4 
2026-09-25T10:35:39+04:00	ck4r2-mirror-1m	4	2791315	488	2	27529216	6033408	uv*1 main2*1 
2026-09-25T10:35:39+04:00	ck4r2-mirror-1m	4	2791335	2791315	57	1248370688	975224832	ft*51 ZMQbg/Reaper*3 ZMQbg/IO/0*3 
2026-09-25T10:35:39+04:00	ck4r2-mirror-1m	4	2792290	2791335	1	12763136	5939200	python3*1 
2026-09-25T10:35:39+04:00	ck4r2-mirror-1m	4	2792291	2791335	45	12941049856	12334346240	python3*36 pt_gloo_runloop*2 ZMQbg/Reaper*2 ZMQbg/IO/0*2 pt_tcpstore_uv*1 cuda0000240000a*1 
2026-09-25T10:35:39+04:00	ck4r2-mirror-1m	4	2792292	2791335	57	919814144	644603904	python3*49 ZMQbg/Reaper*4 ZMQbg/IO/0*4 
2026-09-25T10:35:49+04:00	ck4r2-mirror-1m	4	2791315	488	2	27529216	6033408	uv*1 main2*1 
2026-09-25T10:35:49+04:00	ck4r2-mirror-1m	4	2791335	2791315	57	1248370688	975224832	ft*51 ZMQbg/Reaper*3 ZMQbg/IO/0*3 
2026-09-25T10:35:49+04:00	ck4r2-mirror-1m	4	2792290	2791335	1	12763136	5939200	python3*1 
2026-09-25T10:35:49+04:00	ck4r2-mirror-1m	4	2792291	2791335	45	12941058048	12334354432	python3*36 pt_gloo_runloop*2 ZMQbg/Reaper*2 ZMQbg/IO/0*2 pt_tcpstore_uv*1 cuda0000240000a*1 
2026-09-25T10:35:49+04:00	ck4r2-mirror-1m	4	2792292	2791335	57	919814144	644603904	python3*49 ZMQbg/Reaper*4 ZMQbg/IO/0*4 
2026-09-25T10:35:59+04:00	ck4r2-mirror-1m	4	2791315	488	2	27529216	6033408	uv*1 main2*1 
2026-09-25T10:35:59+04:00	ck4r2-mirror-1m	4	2791335	2791315	57	1248370688	975224832	ft*51 ZMQbg/Reaper*3 ZMQbg/IO/0*3 
2026-09-25T10:35:59+04:00	ck4r2-mirror-1m	4	2792290	2791335	1	12763136	5939200	python3*1 
2026-09-25T10:35:59+04:00	ck4r2-mirror-1m	4	2792291	2791335	45	12941058048	12334354432	python3*36 pt_gloo_runloop*2 ZMQbg/Reaper*2 ZMQbg/IO/0*2 pt_tcpstore_uv*1 cuda0000240000a*1 
2026-09-25T10:35:59+04:00	ck4r2-mirror-1m	4	2792292	2791335	57	919814144	644603904	python3*49 ZMQbg/Reaper*4 ZMQbg/IO/0*4 
2026-09-25T10:36:09+04:00	ck4r2-mirror-1m	4	2791315	488	2	27529216	6033408	uv*1 main2*1 
2026-09-25T10:36:09+04:00	ck4r2-mirror-1m	4	2791335	2791315	57	1248370688	975224832	ft*51 ZMQbg/Reaper*3 ZMQbg/IO/0*3 
2026-09-25T10:36:09+04:00	ck4r2-mirror-1m	4	2792290	2791335	1	12763136	5939200	python3*1 
2026-09-25T10:36:09+04:00	ck4r2-mirror-1m	4	2792291	2791335	45	12941058048	12334354432	python3*36 pt_gloo_runloop*2 ZMQbg/Reaper*2 ZMQbg/IO/0*2 pt_tcpstore_uv*1 cuda0000240000a*1 
2026-09-25T10:36:09+04:00	ck4r2-mirror-1m	4	2792292	2791335	57	919814144	644603904	python3*49 ZMQbg/Reaper*4 ZMQbg/IO/0*4 
2026-09-25T10:36:19+04:00	ck4r2-mirror-1m	4	2791315	488	2	27529216	6033408	uv*1 main2*1 
2026-09-25T10:36:19+04:00	ck4r2-mirror-1m	4	2791335	2791315	57	1248370688	975224832	ft*51 ZMQbg/Reaper*3 ZMQbg/IO/0*3 
2026-09-25T10:36:20+04:00	ck4r2-mirror-1m	4	2792290	2791335	1	12763136	5939200	python3*1 
2026-09-25T10:36:20+04:00	ck4r2-mirror-1m	4	2792291	2791335	45	12941058048	12334354432	python3*36 pt_gloo_runloop*2 ZMQbg/Reaper*2 ZMQbg/IO/0*2 pt_tcpstore_uv*1 cuda0000240000a*1 
2026-09-25T10:36:20+04:00	ck4r2-mirror-1m	4	2792292	2791335	57	919814144	644603904	python3*49 ZMQbg/Reaper*4 ZMQbg/IO/0*4 
2026-09-25T10:36:30+04:00	ck4r2-mirror-1m	4	2791315	488	2	27529216	6033408	uv*1 main2*1 
2026-09-25T10:36:30+04:00	ck4r2-mirror-1m	4	2791335	2791315	57	1248370688	975224832	ft*51 ZMQbg/Reaper*3 ZMQbg/IO/0*3 
2026-09-25T10:36:30+04:00	ck4r2-mirror-1m	4	2792290	2791335	1	12763136	5939200	python3*1 
2026-09-25T10:36:30+04:00	ck4r2-mirror-1m	4	2792291	2791335	45	12941058048	12334354432	python3*36 pt_gloo_runloop*2 ZMQbg/Reaper*2 ZMQbg/IO/0*2 pt_tcpstore_uv*1 cuda0000240000a*1 
2026-09-25T10:36:30+04:00	ck4r2-mirror-1m	4	2792292	2791335	57	919814144	644603904	python3*49 ZMQbg/Reaper*4 ZMQbg/IO/0*4 
2026-09-25T10:36:40+04:00	ck4r2-mirror-1m	4	2791315	488	2	27529216	6033408	uv*1 main2*1 
2026-09-25T10:36:40+04:00	ck4r2-mirror-1m	4	2791335	2791315	57	1248370688	975224832	ft*51 ZMQbg/Reaper*3 ZMQbg/IO/0*3 
2026-09-25T10:36:40+04:00	ck4r2-mirror-1m	4	2792290	2791335	1	12763136	5939200	python3*1 
2026-09-25T10:36:40+04:00	ck4r2-mirror-1m	4	2792291	2791335	45	12941058048	12334354432	python3*36 pt_gloo_runloop*2 ZMQbg/Reaper*2 ZMQbg/IO/0*2 pt_tcpstore_uv*1 cuda0000240000a*1 
2026-09-25T10:36:40+04:00	ck4r2-mirror-1m	4	2792292	2791335	57	919814144	644603904	python3*49 ZMQbg/Reaper*4 ZMQbg/IO/0*4 
2026-09-25T10:36:50+04:00	ck4r2-mirror-1m	4	2791315	488	2	27529216	6033408	uv*1 main2*1 
2026-09-25T10:36:50+04:00	ck4r2-mirror-1m	4	2791335	2791315	57	1248370688	975224832	ft*51 ZMQbg/Reaper*3 ZMQbg/IO/0*3 
2026-09-25T10:36:50+04:00	ck4r2-mirror-1m	4	2792290	2791335	1	12763136	5939200	python3*1 
2026-09-25T10:36:50+04:00	ck4r2-mirror-1m	4	2792291	2791335	45	12941058048	12334354432	python3*36 pt_gloo_runloop*2 ZMQbg/Reaper*2 ZMQbg/IO/0*2 pt_tcpstore_uv*1 cuda0000240000a*1 
2026-09-25T10:36:50+04:00	ck4r2-mirror-1m	4	2792292	2791335	57	919814144	644603904	python3*49 ZMQbg/Reaper*4 ZMQbg/IO/0*4 
2026-09-25T10:37:00+04:00	ck4r2-mirror-1m	4	2791315	488	2	27529216	6033408	uv*1 main2*1 
2026-09-25T10:37:00+04:00	ck4r2-mirror-1m	4	2791335	2791315	57	1248370688	975224832	ft*51 ZMQbg/Reaper*3 ZMQbg/IO/0*3 
2026-09-25T10:37:00+04:00	ck4r2-mirror-1m	4	2792290	2791335	1	12763136	5939200	python3*1 
2026-09-25T10:37:00+04:00	ck4r2-mirror-1m	4	2792291	2791335	45	12941058048	12334354432	python3*36 pt_gloo_runloop*2 ZMQbg/Reaper*2 ZMQbg/IO/0*2 pt_tcpstore_uv*1 cuda0000240000a*1 
2026-09-25T10:37:01+04:00	ck4r2-mirror-1m	4	2792292	2791335	57	919814144	644603904	python3*49 ZMQbg/Reaper*4 ZMQbg/IO/0*4 
2026-09-25T10:37:11+04:00	ck4r2-mirror-1m	4	2791315	488	2	27529216	6033408	uv*1 main2*1 
2026-09-25T10:37:11+04:00	ck4r2-mirror-1m	4	2791335	2791315	57	1248370688	975224832	ft*51 ZMQbg/Reaper*3 ZMQbg/IO/0*3 
2026-09-25T10:37:11+04:00	ck4r2-mirror-1m	4	2792290	2791335	1	12763136	5939200	python3*1 
2026-09-25T10:37:11+04:00	ck4r2-mirror-1m	4	2792291	2791335	45	12941058048	12334354432	python3*36 pt_gloo_runloop*2 ZMQbg/Reaper*2 ZMQbg/IO/0*2 pt_tcpstore_uv*1 cuda0000240000a*1 
2026-09-25T10:37:11+04:00	ck4r2-mirror-1m	4	2792292	2791335	57	919814144	644603904	python3*49 ZMQbg/Reaper*4 ZMQbg/IO/0*4 
2026-09-25T10:37:21+04:00	ck4r2-mirror-1m	4	2791315	488	2	27529216	6033408	uv*1 main2*1 
2026-09-25T10:37:21+04:00	ck4r2-mirror-1m	4	2791335	2791315	57	1248378880	975233024	ft*51 ZMQbg/Reaper*3 ZMQbg/IO/0*3 
2026-09-25T10:37:21+04:00	ck4r2-mirror-1m	4	2792290	2791335	1	12763136	5939200	python3*1 
2026-09-25T10:37:21+04:00	ck4r2-mirror-1m	4	2792291	2791335	45	12941058048	12334354432	python3*36 pt_gloo_runloop*2 ZMQbg/Reaper*2 ZMQbg/IO/0*2 pt_tcpstore_uv*1 cuda0000240000a*1 
2026-09-25T10:37:21+04:00	ck4r2-mirror-1m	4	2792292	2791335	57	919814144	644603904	python3*49 ZMQbg/Reaper*4 ZMQbg/IO/0*4 
2026-09-25T10:37:31+04:00	ck4r2-mirror-1m	4	2791315	488	2	27529216	6033408	uv*1 main2*1 
2026-09-25T10:37:31+04:00	ck4r2-mirror-1m	4	2791335	2791315	57	1248378880	975233024	ft*51 ZMQbg/Reaper*3 ZMQbg/IO/0*3 
2026-09-25T10:37:31+04:00	ck4r2-mirror-1m	4	2792290	2791335	1	12763136	5939200	python3*1 
2026-09-25T10:37:31+04:00	ck4r2-mirror-1m	4	2792291	2791335	45	12941099008	12334395392	python3*36 pt_gloo_runloop*2 ZMQbg/Reaper*2 ZMQbg/IO/0*2 pt_tcpstore_uv*1 cuda0000240000a*1 
2026-09-25T10:37:31+04:00	ck4r2-mirror-1m	4	2792292	2791335	57	919814144	644603904	python3*49 ZMQbg/Reaper*4 ZMQbg/IO/0*4 
2026-09-25T10:37:41+04:00	ck4r2-mirror-1m	4	2791315	488	2	27529216	6033408	uv*1 main2*1 
2026-09-25T10:37:41+04:00	ck4r2-mirror-1m	4	2791335	2791315	57	1248378880	975233024	ft*51 ZMQbg/Reaper*3 ZMQbg/IO/0*3 
2026-09-25T10:37:41+04:00	ck4r2-mirror-1m	4	2792290	2791335	1	12763136	5939200	python3*1 
2026-09-25T10:37:41+04:00	ck4r2-mirror-1m	4	2792291	2791335	45	12941201408	12334497792	python3*36 pt_gloo_runloop*2 ZMQbg/Reaper*2 ZMQbg/IO/0*2 pt_tcpstore_uv*1 cuda0000240000a*1 
2026-09-25T10:37:42+04:00	ck4r2-mirror-1m	4	2792292	2791335	57	919814144	644603904	python3*49 ZMQbg/Reaper*4 ZMQbg/IO/0*4 
2026-09-25T10:37:52+04:00	ck4r2-mirror-1m	4	2791315	488	2	27529216	6033408	uv*1 main2*1 
2026-09-25T10:37:52+04:00	ck4r2-mirror-1m	4	2791335	2791315	57	1248378880	975233024	ft*51 ZMQbg/Reaper*3 ZMQbg/IO/0*3 
2026-09-25T10:37:52+04:00	ck4r2-mirror-1m	4	2792290	2791335	1	12763136	5939200	python3*1 
2026-09-25T10:37:52+04:00	ck4r2-mirror-1m	4	2792291	2791335	45	12941324288	12334620672	python3*36 pt_gloo_runloop*2 ZMQbg/Reaper*2 ZMQbg/IO/0*2 pt_tcpstore_uv*1 cuda0000240000a*1 
2026-09-25T10:37:52+04:00	ck4r2-mirror-1m	4	2792292	2791335	57	919814144	644603904	python3*49 ZMQbg/Reaper*4 ZMQbg/IO/0*4 
2026-09-25T10:38:02+04:00	ck4r2-mirror-1m	4	2791315	488	2	27529216	6033408	uv*1 main2*1 
2026-09-25T10:38:02+04:00	ck4r2-mirror-1m	4	2791335	2791315	57	1248378880	975233024	ft*51 ZMQbg/Reaper*3 ZMQbg/IO/0*3 
2026-09-25T10:38:02+04:00	ck4r2-mirror-1m	4	2792290	2791335	1	12763136	5939200	python3*1 
2026-09-25T10:38:02+04:00	ck4r2-mirror-1m	4	2792291	2791335	45	12941479936	12334776320	python3*36 pt_gloo_runloop*2 ZMQbg/Reaper*2 ZMQbg/IO/0*2 pt_tcpstore_uv*1 cuda0000240000a*1 
2026-09-25T10:38:02+04:00	ck4r2-mirror-1m	4	2792292	2791335	57	919814144	644603904	python3*49 ZMQbg/Reaper*4 ZMQbg/IO/0*4 
2026-09-25T10:38:12+04:00	ck4r2-mirror-1m	4	2791315	488	2	27529216	6033408	uv*1 main2*1 
2026-09-25T10:38:12+04:00	ck4r2-mirror-1m	4	2791335	2791315	57	1248378880	975233024	ft*51 ZMQbg/Reaper*3 ZMQbg/IO/0*3 
2026-09-25T10:38:12+04:00	ck4r2-mirror-1m	4	2792290	2791335	1	12763136	5939200	python3*1 
2026-09-25T10:38:12+04:00	ck4r2-mirror-1m	4	2792291	2791335	45	12941623296	12334919680	python3*36 pt_gloo_runloop*2 ZMQbg/Reaper*2 ZMQbg/IO/0*2 pt_tcpstore_uv*1 cuda0000240000a*1 
2026-09-25T10:38:12+04:00	ck4r2-mirror-1m	4	2792292	2791335	57	919814144	644603904	python3*49 ZMQbg/Reaper*4 ZMQbg/IO/0*4 
2026-09-25T10:38:22+04:00	ck4r2-mirror-1m	4	2791315	488	2	27529216	6033408	uv*1 main2*1 
2026-09-25T10:38:22+04:00	ck4r2-mirror-1m	4	2791335	2791315	57	1248378880	975233024	ft*51 ZMQbg/Reaper*3 ZMQbg/IO/0*3 
2026-09-25T10:38:22+04:00	ck4r2-mirror-1m	4	2792290	2791335	1	12763136	5939200	python3*1 
2026-09-25T10:38:22+04:00	ck4r2-mirror-1m	4	2792291	2791335	45	12941762560	12335058944	python3*36 pt_gloo_runloop*2 ZMQbg/Reaper*2 ZMQbg/IO/0*2 pt_tcpstore_uv*1 cuda0000240000a*1 
2026-09-25T10:38:22+04:00	ck4r2-mirror-1m	4	2792292	2791335	57	919814144	644603904	python3*49 ZMQbg/Reaper*4 ZMQbg/IO/0*4 
2026-09-25T10:38:33+04:00	ck4r2-mirror-1m	4	2791315	488	2	27529216	6033408	uv*1 main2*1 
2026-09-25T10:38:33+04:00	ck4r2-mirror-1m	4	2791335	2791315	57	1248378880	975233024	ft*51 ZMQbg/Reaper*3 ZMQbg/IO/0*3 
2026-09-25T10:38:33+04:00	ck4r2-mirror-1m	4	2792290	2791335	1	12763136	5939200	python3*1 
2026-09-25T10:38:33+04:00	ck4r2-mirror-1m	4	2792291	2791335	45	12941918208	12335214592	python3*36 pt_gloo_runloop*2 ZMQbg/Reaper*2 ZMQbg/IO/0*2 pt_tcpstore_uv*1 cuda0000240000a*1 
2026-09-25T10:38:33+04:00	ck4r2-mirror-1m	4	2792292	2791335	57	919814144	644603904	python3*49 ZMQbg/Reaper*4 ZMQbg/IO/0*4 
2026-09-25T10:38:43+04:00	ck4r2-mirror-1m	4	2791315	488	2	27529216	6033408	uv*1 main2*1 
2026-09-25T10:38:43+04:00	ck4r2-mirror-1m	4	2791335	2791315	57	1248378880	975233024	ft*51 ZMQbg/Reaper*3 ZMQbg/IO/0*3 
2026-09-25T10:38:43+04:00	ck4r2-mirror-1m	4	2792290	2791335	1	12763136	5939200	python3*1 
2026-09-25T10:38:43+04:00	ck4r2-mirror-1m	4	2792291	2791335	45	12942065664	12335362048	python3*36 pt_gloo_runloop*2 ZMQbg/Reaper*2 ZMQbg/IO/0*2 pt_tcpstore_uv*1 cuda0000240000a*1 
2026-09-25T10:38:43+04:00	ck4r2-mirror-1m	4	2792292	2791335	57	919814144	644603904	python3*49 ZMQbg/Reaper*4 ZMQbg/IO/0*4 
2026-09-25T10:38:53+04:00	ck4r2-mirror-1m	4	2791315	488	2	27529216	6033408	uv*1 main2*1 
2026-09-25T10:38:53+04:00	ck4r2-mirror-1m	4	2791335	2791315	57	1248378880	975233024	ft*51 ZMQbg/Reaper*3 ZMQbg/IO/0*3 
2026-09-25T10:38:53+04:00	ck4r2-mirror-1m	4	2792290	2791335	1	12763136	5939200	python3*1 
2026-09-25T10:38:53+04:00	ck4r2-mirror-1m	4	2792291	2791335	45	12942221312	12335517696	python3*36 pt_gloo_runloop*2 ZMQbg/Reaper*2 ZMQbg/IO/0*2 pt_tcpstore_uv*1 cuda0000240000a*1 
2026-09-25T10:38:53+04:00	ck4r2-mirror-1m	4	2792292	2791335	57	919814144	644603904	python3*49 ZMQbg/Reaper*4 ZMQbg/IO/0*4 
2026-09-25T10:39:03+04:00	ck4r2-mirror-1m	4	2791315	488	2	27529216	6033408	uv*1 main2*1 
2026-09-25T10:39:03+04:00	ck4r2-mirror-1m	4	2791335	2791315	57	1248378880	975233024	ft*51 ZMQbg/Reaper*3 ZMQbg/IO/0*3 
2026-09-25T10:39:03+04:00	ck4r2-mirror-1m	4	2792290	2791335	1	12763136	5939200	python3*1 
2026-09-25T10:39:03+04:00	ck4r2-mirror-1m	4	2792291	2791335	45	12942348288	12335644672	python3*36 pt_gloo_runloop*2 ZMQbg/Reaper*2 ZMQbg/IO/0*2 pt_tcpstore_uv*1 cuda0000240000a*1 
2026-09-25T10:39:03+04:00	ck4r2-mirror-1m	4	2792292	2791335	57	919814144	644603904	python3*49 ZMQbg/Reaper*4 ZMQbg/IO/0*4 
2026-09-25T10:39:13+04:00	ck4r2-mirror-1m	4	2791315	488	2	27529216	6033408	uv*1 main2*1 
2026-09-25T10:39:13+04:00	ck4r2-mirror-1m	4	2791335	2791315	57	1248378880	975233024	ft*51 ZMQbg/Reaper*3 ZMQbg/IO/0*3 
2026-09-25T10:39:13+04:00	ck4r2-mirror-1m	4	2792290	2791335	1	12763136	5939200	python3*1 
2026-09-25T10:39:13+04:00	ck4r2-mirror-1m	4	2792291	2791335	45	12942491648	12335788032	python3*36 pt_gloo_runloop*2 ZMQbg/Reaper*2 ZMQbg/IO/0*2 pt_tcpstore_uv*1 cuda0000240000a*1 
2026-09-25T10:39:14+04:00	ck4r2-mirror-1m	4	2792292	2791335	57	919814144	644603904	python3*49 ZMQbg/Reaper*4 ZMQbg/IO/0*4 
2026-09-25T10:39:24+04:00	ck4r2-mirror-1m	4	2791315	488	2	27529216	6033408	uv*1 main2*1 
2026-09-25T10:39:24+04:00	ck4r2-mirror-1m	4	2791335	2791315	57	1248378880	975233024	ft*51 ZMQbg/Reaper*3 ZMQbg/IO/0*3 
2026-09-25T10:39:24+04:00	ck4r2-mirror-1m	4	2792290	2791335	1	12763136	5939200	python3*1 
2026-09-25T10:39:24+04:00	ck4r2-mirror-1m	4	2792291	2791335	45	12942639104	12335935488	python3*36 pt_gloo_runloop*2 ZMQbg/Reaper*2 ZMQbg/IO/0*2 pt_tcpstore_uv*1 cuda0000240000a*1 
2026-09-25T10:39:24+04:00	ck4r2-mirror-1m	4	2792292	2791335	57	919814144	644603904	python3*49 ZMQbg/Reaper*4 ZMQbg/IO/0*4 
2026-09-25T10:39:34+04:00	ck4r2-mirror-1m	4	2791315	488	2	27529216	6033408	uv*1 main2*1 
2026-09-25T10:39:34+04:00	ck4r2-mirror-1m	4	2791335	2791315	57	1248378880	975233024	ft*51 ZMQbg/Reaper*3 ZMQbg/IO/0*3 
2026-09-25T10:39:34+04:00	ck4r2-mirror-1m	4	2792290	2791335	1	12763136	5939200	python3*1 
2026-09-25T10:39:34+04:00	ck4r2-mirror-1m	4	2792291	2791335	45	12942794752	12336091136	python3*36 pt_gloo_runloop*2 ZMQbg/Reaper*2 ZMQbg/IO/0*2 pt_tcpstore_uv*1 cuda0000240000a*1 
2026-09-25T10:39:34+04:00	ck4r2-mirror-1m	4	2792292	2791335	57	919814144	644603904	python3*49 ZMQbg/Reaper*4 ZMQbg/IO/0*4 
2026-09-25T10:39:44+04:00	ck4r2-mirror-1m	4	2791315	488	2	27529216	6033408	uv*1 main2*1 
2026-09-25T10:39:44+04:00	ck4r2-mirror-1m	4	2791335	2791315	57	1248378880	975233024	ft*51 ZMQbg/Reaper*3 ZMQbg/IO/0*3 
2026-09-25T10:39:44+04:00	ck4r2-mirror-1m	4	2792290	2791335	1	12763136	5939200	python3*1 
2026-09-25T10:39:44+04:00	ck4r2-mirror-1m	4	2792291	2791335	45	12942934016	12336230400	python3*36 pt_gloo_runloop*2 ZMQbg/Reaper*2 ZMQbg/IO/0*2 pt_tcpstore_uv*1 cuda0000240000a*1 
2026-09-25T10:39:44+04:00	ck4r2-mirror-1m	4	2792292	2791335	57	919814144	644603904	python3*49 ZMQbg/Reaper*4 ZMQbg/IO/0*4 
2026-09-25T10:39:54+04:00	ck4r2-mirror-1m	4	2791315	488	2	27529216	6033408	uv*1 main2*1 
2026-09-25T10:39:54+04:00	ck4r2-mirror-1m	4	2791335	2791315	57	1248378880	975233024	ft*51 ZMQbg/Reaper*3 ZMQbg/IO/0*3 
2026-09-25T10:39:54+04:00	ck4r2-mirror-1m	4	2792290	2791335	1	12763136	5939200	python3*1 
2026-09-25T10:39:54+04:00	ck4r2-mirror-1m	4	2792291	2791335	45	12943056896	12336353280	python3*36 pt_gloo_runloop*2 ZMQbg/Reaper*2 ZMQbg/IO/0*2 pt_tcpstore_uv*1 cuda0000240000a*1 
2026-09-25T10:39:54+04:00	ck4r2-mirror-1m	4	2792292	2791335	57	919814144	644603904	python3*49 ZMQbg/Reaper*4 ZMQbg/IO/0*4 
2026-09-25T10:40:04+04:00	ck4r2-mirror-1m	4	2791315	488	2	27529216	6033408	uv*1 main2*1 
2026-09-25T10:40:04+04:00	ck4r2-mirror-1m	4	2791335	2791315	57	1248378880	975233024	ft*51 ZMQbg/Reaper*3 ZMQbg/IO/0*3 
2026-09-25T10:40:04+04:00	ck4r2-mirror-1m	4	2792290	2791335	1	12763136	5939200	python3*1 
2026-09-25T10:40:04+04:00	ck4r2-mirror-1m	4	2792291	2791335	45	12943220736	12336517120	python3*36 pt_gloo_runloop*2 ZMQbg/Reaper*2 ZMQbg/IO/0*2 pt_tcpstore_uv*1 cuda0000240000a*1 
2026-09-25T10:40:05+04:00	ck4r2-mirror-1m	4	2792292	2791335	57	919814144	644603904	python3*49 ZMQbg/Reaper*4 ZMQbg/IO/0*4 
2026-09-25T10:40:15+04:00	ck4r2-mirror-1m	4	2791315	488	2	27529216	6033408	uv*1 main2*1 
2026-09-25T10:40:15+04:00	ck4r2-mirror-1m	4	2791335	2791315	57	1248378880	975233024	ft*51 ZMQbg/Reaper*3 ZMQbg/IO/0*3 
2026-09-25T10:40:15+04:00	ck4r2-mirror-1m	4	2792290	2791335	1	12763136	5939200	python3*1 
2026-09-25T10:40:15+04:00	ck4r2-mirror-1m	4	2792291	2791335	45	12943368192	12336664576	python3*36 pt_gloo_runloop*2 ZMQbg/Reaper*2 ZMQbg/IO/0*2 pt_tcpstore_uv*1 cuda0000240000a*1 
2026-09-25T10:40:15+04:00	ck4r2-mirror-1m	4	2792292	2791335	57	919814144	644603904	python3*49 ZMQbg/Reaper*4 ZMQbg/IO/0*4 
2026-09-25T10:40:25+04:00	ck4r2-mirror-1m	4	2791315	488	2	27529216	6033408	uv*1 main2*1 
2026-09-25T10:40:25+04:00	ck4r2-mirror-1m	4	2791335	2791315	57	1248337920	975233024	ft*51 ZMQbg/Reaper*3 ZMQbg/IO/0*3 
2026-09-25T10:40:25+04:00	ck4r2-mirror-1m	4	2792290	2791335	1	12763136	5939200	python3*1 
2026-09-25T10:40:25+04:00	ck4r2-mirror-1m	4	2792291	2791335	45	12943339520	12336803840	python3*36 pt_gloo_runloop*2 ZMQbg/Reaper*2 ZMQbg/IO/0*2 pt_tcpstore_uv*1 cuda0000240000a*1 
2026-09-25T10:40:25+04:00	ck4r2-mirror-1m	4	2792292	2791335	57	919777280	644603904	python3*49 ZMQbg/Reaper*4 ZMQbg/IO/0*4 
2026-09-25T10:40:35+04:00	ck4r2-mirror-1m	4	2791315	488	2	27529216	6033408	uv*1 main2*1 
2026-09-25T10:40:35+04:00	ck4r2-mirror-1m	4	2791335	2791315	57	1248337920	975233024	ft*51 ZMQbg/Reaper*3 ZMQbg/IO/0*3 
2026-09-25T10:40:35+04:00	ck4r2-mirror-1m	4	2792290	2791335	1	12763136	5939200	python3*1 
2026-09-25T10:40:35+04:00	ck4r2-mirror-1m	4	2792291	2791335	45	12943482880	12336947200	python3*36 pt_gloo_runloop*2 ZMQbg/Reaper*2 ZMQbg/IO/0*2 pt_tcpstore_uv*1 cuda0000240000a*1 
2026-09-25T10:40:35+04:00	ck4r2-mirror-1m	4	2792292	2791335	57	919777280	644603904	python3*49 ZMQbg/Reaper*4 ZMQbg/IO/0*4 
2026-09-25T10:40:45+04:00	ck4r2-mirror-1m	4	2791315	488	2	27529216	6033408	uv*1 main2*1 
2026-09-25T10:40:45+04:00	ck4r2-mirror-1m	4	2791335	2791315	57	1248337920	975233024	ft*51 ZMQbg/Reaper*3 ZMQbg/IO/0*3 
2026-09-25T10:40:45+04:00	ck4r2-mirror-1m	4	2792290	2791335	1	12763136	5939200	python3*1 
2026-09-25T10:40:45+04:00	ck4r2-mirror-1m	4	2792291	2791335	45	12943605760	12337070080	python3*36 pt_gloo_runloop*2 ZMQbg/Reaper*2 ZMQbg/IO/0*2 pt_tcpstore_uv*1 cuda0000240000a*1 
2026-09-25T10:40:46+04:00	ck4r2-mirror-1m	4	2792292	2791335	57	919777280	644603904	python3*49 ZMQbg/Reaper*4 ZMQbg/IO/0*4 
2026-09-25T10:40:56+04:00	ck4r2-mirror-1m	4	2791315	488	2	27529216	6033408	uv*1 main2*1 
2026-09-25T10:40:56+04:00	ck4r2-mirror-1m	4	2791335	2791315	57	1248337920	975233024	ft*51 ZMQbg/Reaper*3 ZMQbg/IO/0*3 
2026-09-25T10:40:56+04:00	ck4r2-mirror-1m	4	2792290	2791335	1	12763136	5939200	python3*1 
2026-09-25T10:40:56+04:00	ck4r2-mirror-1m	4	2792291	2791335	45	12943761408	12337225728	python3*36 pt_gloo_runloop*2 ZMQbg/Reaper*2 ZMQbg/IO/0*2 pt_tcpstore_uv*1 cuda0000240000a*1 
2026-09-25T10:40:56+04:00	ck4r2-mirror-1m	4	2792292	2791335	57	919777280	644603904	python3*49 ZMQbg/Reaper*4 ZMQbg/IO/0*4 
2026-09-25T10:41:06+04:00	ck4r2-mirror-1m	4	2791315	488	2	27529216	6033408	uv*1 main2*1 
2026-09-25T10:41:06+04:00	ck4r2-mirror-1m	4	2791335	2791315	57	1248337920	975233024	ft*51 ZMQbg/Reaper*3 ZMQbg/IO/0*3 
2026-09-25T10:41:06+04:00	ck4r2-mirror-1m	4	2792290	2791335	1	12763136	5939200	python3*1 
2026-09-25T10:41:06+04:00	ck4r2-mirror-1m	4	2792291	2791335	45	12943904768	12337369088	python3*36 pt_gloo_runloop*2 ZMQbg/Reaper*2 ZMQbg/IO/0*2 pt_tcpstore_uv*1 cuda0000240000a*1 
2026-09-25T10:41:06+04:00	ck4r2-mirror-1m	4	2792292	2791335	57	919777280	644603904	python3*49 ZMQbg/Reaper*4 ZMQbg/IO/0*4 
2026-09-25T10:41:16+04:00	ck4r2-mirror-1m	4	2791315	488	2	27529216	6033408	uv*1 main2*1 
2026-09-25T10:41:16+04:00	ck4r2-mirror-1m	4	2791335	2791315	57	1248337920	975233024	ft*51 ZMQbg/Reaper*3 ZMQbg/IO/0*3 
2026-09-25T10:41:16+04:00	ck4r2-mirror-1m	4	2792290	2791335	1	12763136	5939200	python3*1 
2026-09-25T10:41:16+04:00	ck4r2-mirror-1m	4	2792291	2791335	45	12944056320	12337520640	python3*36 pt_gloo_runloop*2 ZMQbg/Reaper*2 ZMQbg/IO/0*2 pt_tcpstore_uv*1 cuda0000240000a*1 
2026-09-25T10:41:16+04:00	ck4r2-mirror-1m	4	2792292	2791335	57	919777280	644603904	python3*49 ZMQbg/Reaper*4 ZMQbg/IO/0*4 
2026-09-25T10:41:26+04:00	ck4r2-mirror-1m	4	2791315	488	2	27529216	6033408	uv*1 main2*1 
2026-09-25T10:41:26+04:00	ck4r2-mirror-1m	4	2791335	2791315	57	1248337920	975233024	ft*51 ZMQbg/Reaper*3 ZMQbg/IO/0*3 
2026-09-25T10:41:27+04:00	ck4r2-mirror-1m	4	2792290	2791335	1	12763136	5939200	python3*1 
2026-09-25T10:41:27+04:00	ck4r2-mirror-1m	4	2792291	2791335	45	12944195584	12337659904	python3*36 pt_gloo_runloop*2 ZMQbg/Reaper*2 ZMQbg/IO/0*2 pt_tcpstore_uv*1 cuda0000240000a*1 
2026-09-25T10:41:27+04:00	ck4r2-mirror-1m	4	2792292	2791335	57	919777280	644603904	python3*49 ZMQbg/Reaper*4 ZMQbg/IO/0*4 
2026-09-25T10:41:37+04:00	ck4r2-mirror-1m	4	2791315	488	2	27529216	6033408	uv*1 main2*1 
2026-09-25T10:41:37+04:00	ck4r2-mirror-1m	4	2791335	2791315	57	1248337920	975233024	ft*51 ZMQbg/Reaper*3 ZMQbg/IO/0*3 
2026-09-25T10:41:37+04:00	ck4r2-mirror-1m	4	2792290	2791335	1	12763136	5939200	python3*1 
2026-09-25T10:41:37+04:00	ck4r2-mirror-1m	4	2792291	2791335	45	12944330752	12337795072	python3*36 pt_gloo_runloop*2 ZMQbg/Reaper*2 ZMQbg/IO/0*2 pt_tcpstore_uv*1 cuda0000240000a*1 
2026-09-25T10:41:37+04:00	ck4r2-mirror-1m	4	2792292	2791335	57	919777280	644603904	python3*49 ZMQbg/Reaper*4 ZMQbg/IO/0*4 
2026-09-25T10:41:47+04:00	ck4r2-mirror-1m	4	2791315	488	2	27529216	6033408	uv*1 main2*1 
2026-09-25T10:41:47+04:00	ck4r2-mirror-1m	4	2791335	2791315	57	1248337920	975233024	ft*51 ZMQbg/Reaper*3 ZMQbg/IO/0*3 
2026-09-25T10:41:47+04:00	ck4r2-mirror-1m	4	2792290	2791335	1	12763136	5939200	python3*1 
2026-09-25T10:41:47+04:00	ck4r2-mirror-1m	4	2792291	2791335	45	12946022400	12339486720	python3*36 pt_gloo_runloop*2 ZMQbg/Reaper*2 ZMQbg/IO/0*2 pt_tcpstore_uv*1 cuda0000240000a*1 
2026-09-25T10:41:47+04:00	ck4r2-mirror-1m	4	2792292	2791335	57	919777280	644603904	python3*49 ZMQbg/Reaper*4 ZMQbg/IO/0*4 
2026-09-25T10:41:57+04:00	ck4r2-mirror-1m	4	2791315	488	2	27529216	6033408	uv*1 main2*1 
2026-09-25T10:41:57+04:00	ck4r2-mirror-1m	4	2791335	2791315	57	1248337920	975233024	ft*51 ZMQbg/Reaper*3 ZMQbg/IO/0*3 
2026-09-25T10:41:57+04:00	ck4r2-mirror-1m	4	2792290	2791335	1	12763136	5939200	python3*1 
2026-09-25T10:41:57+04:00	ck4r2-mirror-1m	4	2792291	2791335	45	12946038784	12339503104	python3*36 pt_gloo_runloop*2 ZMQbg/Reaper*2 ZMQbg/IO/0*2 pt_tcpstore_uv*1 cuda0000240000a*1 
2026-09-25T10:41:57+04:00	ck4r2-mirror-1m	4	2792292	2791335	57	919777280	644603904	python3*49 ZMQbg/Reaper*4 ZMQbg/IO/0*4 
2026-09-25T10:42:07+04:00	ck4r2-mirror-1m	4	2791315	488	2	27529216	6033408	uv*1 main2*1 
2026-09-25T10:42:07+04:00	ck4r2-mirror-1m	4	2791335	2791315	57	1248337920	975233024	ft*51 ZMQbg/Reaper*3 ZMQbg/IO/0*3 
2026-09-25T10:42:07+04:00	ck4r2-mirror-1m	4	2792290	2791335	1	12763136	5939200	python3*1 
2026-09-25T10:42:07+04:00	ck4r2-mirror-1m	4	2792291	2791335	45	12946038784	12339503104	python3*36 pt_gloo_runloop*2 ZMQbg/Reaper*2 ZMQbg/IO/0*2 pt_tcpstore_uv*1 cuda0000240000a*1 
2026-09-25T10:42:07+04:00	ck4r2-mirror-1m	4	2792292	2791335	57	919777280	644603904	python3*49 ZMQbg/Reaper*4 ZMQbg/IO/0*4 
2026-09-25T10:42:18+04:00	ck4r2-mirror-1m	4	2791315	488	2	27529216	6033408	uv*1 main2*1 
2026-09-25T10:42:18+04:00	ck4r2-mirror-1m	4	2791335	2791315	57	1256865792	983760896	ft*51 ZMQbg/Reaper*3 ZMQbg/IO/0*3 
2026-09-25T10:42:18+04:00	ck4r2-mirror-1m	4	2792290	2791335	1	12763136	5939200	python3*1 
2026-09-25T10:42:18+04:00	ck4r2-mirror-1m	4	2792291	2791335	45	12946042880	12339503104	python3*36 pt_gloo_runloop*2 ZMQbg/Reaper*2 ZMQbg/IO/0*2 pt_tcpstore_uv*1 cuda0000240000a*1 
2026-09-25T10:42:18+04:00	ck4r2-mirror-1m	4	2792292	2791335	57	967073792	691900416	python3*49 ZMQbg/Reaper*4 ZMQbg/IO/0*4 
2026-09-25T10:42:28+04:00	ck4r2-mirror-1m	4	2791315	488	2	27529216	6033408	uv*1 main2*1 
2026-09-25T10:42:28+04:00	ck4r2-mirror-1m	4	2791335	2791315	57	1256865792	983760896	ft*51 ZMQbg/Reaper*3 ZMQbg/IO/0*3 
2026-09-25T10:42:28+04:00	ck4r2-mirror-1m	4	2792290	2791335	1	12763136	5939200	python3*1 
2026-09-25T10:42:28+04:00	ck4r2-mirror-1m	4	2792291	2791335	45	12946042880	12339503104	python3*36 pt_gloo_runloop*2 ZMQbg/Reaper*2 ZMQbg/IO/0*2 pt_tcpstore_uv*1 cuda0000240000a*1 
2026-09-25T10:42:28+04:00	ck4r2-mirror-1m	4	2792292	2791335	57	967073792	691900416	python3*49 ZMQbg/Reaper*4 ZMQbg/IO/0*4 
2026-09-25T10:42:38+04:00	ck4r2-mirror-1m	4	2791315	488	2	27529216	6033408	uv*1 main2*1 
2026-09-25T10:42:38+04:00	ck4r2-mirror-1m	4	2791335	2791315	57	1256865792	983760896	ft*51 ZMQbg/Reaper*3 ZMQbg/IO/0*3 
2026-09-25T10:42:38+04:00	ck4r2-mirror-1m	4	2792290	2791335	1	12763136	5939200	python3*1 
2026-09-25T10:42:38+04:00	ck4r2-mirror-1m	4	2792291	2791335	45	12946042880	12339503104	python3*36 pt_gloo_runloop*2 ZMQbg/Reaper*2 ZMQbg/IO/0*2 pt_tcpstore_uv*1 cuda0000240000a*1 
2026-09-25T10:42:38+04:00	ck4r2-mirror-1m	4	2792292	2791335	57	967073792	691900416	python3*49 ZMQbg/Reaper*4 ZMQbg/IO/0*4 
2026-09-25T10:42:48+04:00	ck4r2-mirror-1m	4	2791315	488	2	27529216	6033408	uv*1 main2*1 
2026-09-25T10:42:48+04:00	ck4r2-mirror-1m	4	2791335	2791315	57	1256865792	983760896	ft*51 ZMQbg/Reaper*3 ZMQbg/IO/0*3 
2026-09-25T10:42:48+04:00	ck4r2-mirror-1m	4	2792290	2791335	1	12763136	5939200	python3*1 
2026-09-25T10:42:48+04:00	ck4r2-mirror-1m	4	2792291	2791335	45	12946042880	12339503104	python3*36 pt_gloo_runloop*2 ZMQbg/Reaper*2 ZMQbg/IO/0*2 pt_tcpstore_uv*1 cuda0000240000a*1 
2026-09-25T10:42:49+04:00	ck4r2-mirror-1m	4	2792292	2791335	57	967073792	691900416	python3*49 ZMQbg/Reaper*4 ZMQbg/IO/0*4 
2026-09-25T10:42:59+04:00	ck4r2-mirror-1m	4	2791315	488	2	27529216	6033408	uv*1 main2*1 
2026-09-25T10:42:59+04:00	ck4r2-mirror-1m	4	2791335	2791315	59	1284853760	1004974080	ft*52 ZMQbg/Reaper*3 ZMQbg/IO/0*3 cuda0000a40002a*1 
2026-09-25T10:42:59+04:00	ck4r2-mirror-1m	4	2792290	2791335	1	12763136	5939200	python3*1 
2026-09-25T10:42:59+04:00	ck4r2-mirror-1m	4	2792291	2791335	45	12946067456	12339503104	python3*36 pt_gloo_runloop*2 ZMQbg/Reaper*2 ZMQbg/IO/0*2 pt_tcpstore_uv*1 cuda0000240000a*1 
2026-09-25T10:42:59+04:00	ck4r2-mirror-1m	4	2792292	2791335	57	967073792	691900416	python3*49 ZMQbg/Reaper*4 ZMQbg/IO/0*4 
2026-09-25T10:43:49+04:00	ck4r2-replay	0	3094421	488	3	25665536	6037504	uv*1 tokio-rt-worker*1 main2*1 
2026-09-25T10:43:49+04:00	ck4r2-replay	0	3094437	3094421	22	707956736	431587328	ft*18 ZMQbg/Reaper*2 ZMQbg/IO/0*2 
2026-09-25T10:43:49+04:00	ck4r2-replay	0	3094581	3094437	1	12754944	5939200	python3*1 
2026-09-25T10:43:49+04:00	ck4r2-replay	0	3094582	3094437	16	487682048	271745024	python3*16 
2026-09-25T10:43:49+04:00	ck4r2-replay	0	3094583	3094437	16	490913792	274927616	python3*16 
2026-09-25T10:43:59+04:00	ck4r2-replay	0	3094421	488	2	25796608	6037504	uv*1 main2*1 
2026-09-25T10:43:59+04:00	ck4r2-replay	0	3094437	3094421	22	707837952	431628288	ft*18 ZMQbg/Reaper*2 ZMQbg/IO/0*2 
2026-09-25T10:43:59+04:00	ck4r2-replay	0	3094581	3094437	1	12746752	5939200	python3*1 
2026-09-25T10:43:59+04:00	ck4r2-replay	0	3094582	3094437	43	18270781440	663752704	python3*38 pt_gloo_runloop*2 pt_tcpstore_uv*1 cuda0000240000a*1 cuda-EvtHandlr*1 
2026-09-25T10:44:00+04:00	ck4r2-replay	0	3094583	3094437	23	899231744	629719040	python3*17 ZMQbg/Reaper*3 ZMQbg/IO/0*3 
2026-09-25T10:44:10+04:00	ck4r2-replay	0	3094421	488	2	25698304	6037504	uv*1 main2*1 
2026-09-25T10:44:10+04:00	ck4r2-replay	0	3094437	3094421	22	703946752	431644672	ft*18 ZMQbg/Reaper*2 ZMQbg/IO/0*2 
2026-09-25T10:44:10+04:00	ck4r2-replay	0	3094581	3094437	1	12718080	5939200	python3*1 
2026-09-25T10:44:10+04:00	ck4r2-replay	0	3094582	3094437	45	19051495424	1911590912	python3*36 pt_gloo_runloop*2 ZMQbg/Reaper*2 ZMQbg/IO/0*2 pt_tcpstore_uv*1 cuda0000240000a*1 
2026-09-25T10:44:10+04:00	ck4r2-replay	0	3094583	3094437	23	895451136	629764096	python3*17 ZMQbg/Reaper*3 ZMQbg/IO/0*3 
2026-09-25T10:44:21+04:00	ck4r2-replay	0	3094421	488	2	25366528	6037504	uv*1 main2*1 
2026-09-25T10:44:21+04:00	ck4r2-replay	0	3094437	3094421	39	894410752	672690176	ft*35 ZMQbg/Reaper*2 ZMQbg/IO/0*2 
2026-09-25T10:44:21+04:00	ck4r2-replay	0	3094581	3094437	1	12681216	5939200	python3*1 
2026-09-25T10:44:21+04:00	ck4r2-replay	0	3094582	3094437	45	18991702016	1911681024	python3*36 pt_gloo_runloop*2 ZMQbg/Reaper*2 ZMQbg/IO/0*2 pt_tcpstore_uv*1 cuda0000240000a*1 
2026-09-25T10:44:21+04:00	ck4r2-replay	0	3094583	3094437	39	842895360	630210560	python3*33 ZMQbg/Reaper*3 ZMQbg/IO/0*3 
2026-09-25T10:44:31+04:00	ck4r2-replay	0	3094421	488	2	25350144	6037504	uv*1 main2*1 
2026-09-25T10:44:31+04:00	ck4r2-replay	0	3094437	3094421	39	890372096	672690176	ft*35 ZMQbg/Reaper*2 ZMQbg/IO/0*2 
2026-09-25T10:44:31+04:00	ck4r2-replay	0	3094581	3094437	1	12668928	5939200	python3*1 
2026-09-25T10:44:31+04:00	ck4r2-replay	0	3094582	3094437	45	18986115072	1911681024	python3*36 pt_gloo_runloop*2 ZMQbg/Reaper*2 ZMQbg/IO/0*2 pt_tcpstore_uv*1 cuda0000240000a*1 
2026-09-25T10:44:31+04:00	ck4r2-replay	0	3094583	3094437	39	839401472	630210560	python3*33 ZMQbg/Reaper*3 ZMQbg/IO/0*3 
2026-09-25T10:44:41+04:00	ck4r2-replay	2	3094421	488	2	18583552	217088	uv*1 main2*1 
2026-09-25T10:44:41+04:00	ck4r2-replay	2	3094437	3094421	42	753287168	554033152	ft*36 ZMQbg/Reaper*3 ZMQbg/IO/0*3 
2026-09-25T10:44:41+04:00	ck4r2-replay	2	3094581	3094437	1	12668928	5939200	python3*1 
2026-09-25T10:44:41+04:00	ck4r2-replay	2	3094582	3094437	45	19025272832	1911754752	python3*36 pt_gloo_runloop*2 ZMQbg/Reaper*2 ZMQbg/IO/0*2 pt_tcpstore_uv*1 cuda0000240000a*1 
2026-09-25T10:44:42+04:00	ck4r2-replay	2	3094583	3094437	42	822632448	630480896	python3*34 ZMQbg/Reaper*4 ZMQbg/IO/0*4 
2026-09-25T10:44:52+04:00	ck4r2-replay	2	3094421	488	2	18583552	217088	uv*1 main2*1 
2026-09-25T10:44:53+04:00	ck4r2-replay	2	3094437	3094421	57	755044352	554319872	ft*51 ZMQbg/Reaper*3 ZMQbg/IO/0*3 
2026-09-25T10:44:53+04:00	ck4r2-replay	2	3094581	3094437	1	12668928	5939200	python3*1 
2026-09-25T10:44:53+04:00	ck4r2-replay	2	3094582	3094437	45	19107872768	1987534848	python3*36 pt_gloo_runloop*2 ZMQbg/Reaper*2 ZMQbg/IO/0*2 pt_tcpstore_uv*1 cuda0000240000a*1 
2026-09-25T10:44:53+04:00	ck4r2-replay	2	3094583	3094437	57	822849536	630697984	python3*49 ZMQbg/Reaper*4 ZMQbg/IO/0*4 
2026-09-25T10:45:03+04:00	ck4r2-replay	2	3094421	488	2	18583552	217088	uv*1 main2*1 
2026-09-25T10:45:03+04:00	ck4r2-replay	2	3094437	3094421	57	758976512	558235648	ft*51 ZMQbg/Reaper*3 ZMQbg/IO/0*3 
2026-09-25T10:45:03+04:00	ck4r2-replay	2	3094581	3094437	1	12668928	5939200	python3*1 
2026-09-25T10:45:03+04:00	ck4r2-replay	2	3094582	3094437	45	19373854720	2252746752	python3*36 pt_gloo_runloop*2 ZMQbg/Reaper*2 ZMQbg/IO/0*2 pt_tcpstore_uv*1 cuda0000240000a*1 
2026-09-25T10:45:03+04:00	ck4r2-replay	2	3094583	3094437	57	822853632	630702080	python3*49 ZMQbg/Reaper*4 ZMQbg/IO/0*4 
