ts	unit	ready	probes_done	cg_current	cg_peak	cg_anon	cg_file	cg_unevict	cg_shmem	pid	vm_rss	rss_anon	rss_file	rss_shmem	memavail
2026-09-25T08:57:07+04:00	ck4r2-whole-1	0	0	1645637632	1647095808	1518587904	117374976	0	77606912	2468167	882253824	611196928	273022976	0	30433431552
2026-09-25T08:57:17+04:00	ck4r2-whole-1	0	0	19735584768	19736784896	1738506240	17907093504	0	17851568128	2468166	18905272320	663359488	391524352	17850912768	12303192064
2026-09-25T08:57:27+04:00	ck4r2-whole-1	0	0	23160881152	23550590976	1739051008	21315117056	0	21285404672	2468166	22264172544	664145920	314060800	21286621184	7246331904
2026-09-25T08:57:38+04:00	ck4r2-whole-1	0	0	22791753728	23550590976	1739096064	20948701184	0	20930424832	2468166	21882273792	664145920	288894976	20929363968	6888796160
2026-09-25T08:57:48+04:00	ck4r2-whole-1	0	0	20604731392	23550590976	2375409664	18127699968	0	18039078912	2468166	18987446272	660217856	289026048	18038202368	7977385984
2026-09-25T08:57:59+04:00	ck4r2-whole-1	0	0	20112142336	23550590976	1826955264	18184962048	0	18039078912	2468166	19011825664	738992128	238039040	18038202368	8456941568
2026-09-25T08:58:09+04:00	ck4r2-whole-1	0	0	20600078336	23550590976	2631249920	17870139392	0	16636084224	2468166	18571419648	1556197376	379858944	16635363328	12794122240
2026-09-25T08:58:19+04:00	ck4r2-whole-1	0	0	21130121216	23550590976	3018493952	18010112000	0	16636084224	2468166	18746961920	1671446528	440152064	16635363328	12135964672
2026-09-25T08:58:30+04:00	ck4r2-whole-1	1	0	21369454592	23550590976	3241869312	18022752256	0	16636084224	2468166	19007864832	1925795840	446705664	16635363328	10961313792
2026-09-25T08:58:41+04:00	ck4r2-whole-1	1	0	21374251008	23550590976	3241889792	18027532288	0	16636084224	2468166	19008651264	1925795840	447492096	16635363328	9522475008
2026-09-25T08:58:51+04:00	ck4r2-whole-1	1	0	21376000000	23550590976	3241893888	18029240320	0	16636084224	2468166	19008651264	1925795840	447492096	16635363328	9622487040
2026-09-25T08:59:01+04:00	ck4r2-whole-1	1	1	21257601024	23550590976	3243266048	17908142080	0	16636084224	2468166	18988072960	1926057984	426651648	16635363328	9388748800
2026-09-25T08:59:12+04:00	ck4r2-whole-1	1	3	21084262400	23550590976	3155365888	17820454912	0	16636084224	2468166	18970640384	1926320128	408956928	16635363328	8987901952
2026-09-25T08:59:22+04:00	ck4r2-whole-1	1	3	21042565120	23550590976	3128414208	17805418496	0	16636084224	2468166	18967625728	1926320128	405942272	16635363328	12528467968
2026-09-25T09:00:13+04:00	ck4r2-mirror-1	0	0	1398243328	1398243328	1095479296	282787840	0	12288	2494600	704712704	430510080	274202624	0	31124127744
2026-09-25T09:00:23+04:00	ck4r2-mirror-1	0	0	10800205824	10801516544	8816009216	1944420352	0	1488994304	2494937	9640357888	7761203200	392798208	1488846848	21563072512
2026-09-25T09:00:33+04:00	ck4r2-mirror-1	0	0	14162542592	14202691584	12195528704	1916305408	0	1494622208	2494937	13010751488	11121504256	394895360	1494351872	18569060352
2026-09-25T09:00:43+04:00	ck4r2-mirror-1	0	0	15195729920	15487143936	12669415424	2473082880	0	1494622208	2494937	13546442752	11557580800	494510080	1494351872	18219569152
2026-09-25T09:00:54+04:00	ck4r2-mirror-1	0	0	14104772608	15514120192	12870594560	1187098624	0	91627520	2494937	12389605376	11796525056	501719040	91361280	19527819264
2026-09-25T09:01:04+04:00	ck4r2-mirror-1	0	0	14348861440	15514120192	13042049024	1259229184	0	91627520	2494937	12566540288	11967954944	507224064	91361280	19328901120
2026-09-25T09:01:14+04:00	ck4r2-mirror-1	0	0	14661369856	15514120192	13353783296	1259282432	0	91627520	2494937	12884172800	12279558144	513253376	91361280	18978226176
2026-09-25T09:01:24+04:00	ck4r2-mirror-1	1	0	14946172928	15514120192	13632159744	1263779840	0	91627520	2494937	12925329408	12316651520	517316608	91361280	18769223680
2026-09-25T09:01:35+04:00	ck4r2-mirror-1	1	0	14946172928	15514120192	13632159744	1263779840	0	91627520	2494937	12925329408	12316651520	517316608	91361280	18733957120
2026-09-25T09:01:45+04:00	ck4r2-mirror-1	1	1	14948941824	15514120192	13633482752	1263779840	0	91627520	2494937	12925591552	12316913664	517316608	91361280	18667941888
2026-09-25T09:01:55+04:00	ck4r2-mirror-1	1	1	14950223872	15514120192	13633732608	1263779840	0	91627520	2494937	12925984768	12317306880	517316608	91361280	18720120832
2026-09-25T09:02:06+04:00	ck4r2-mirror-1	1	3	14951366656	15514120192	13633740800	1265467392	0	91627520	2494937	12927033344	12317306880	518365184	91361280	18696916992
2026-09-25T09:02:16+04:00	ck4r2-mirror-1	1	4	14982582272	15514120192	13663334400	1267150848	0	91627520	2494937	12927033344	12317306880	518365184	91361280	18690338816
2026-09-25T09:02:56+04:00	ck4r2-whole-2	0	0	462073856	462073856	423718912	34770944	0	0	2507980	694116352	417816576	276430848	0	32061820928
2026-09-25T09:03:06+04:00	ck4r2-whole-2	0	0	17258864640	17258868736	1737019392	15443259392	0	15380881408	2508217	16434532352	662851584	391962624	15380111360	15362023424
2026-09-25T09:03:17+04:00	ck4r2-whole-2	1	0	19766018048	23582449664	2978508800	16699863040	0	16636084224	2508217	19057553408	1904349184	517791744	16635412480	12802240512
2026-09-25T09:03:27+04:00	ck4r2-whole-2	1	0	20009361408	23582449664	3220090880	16699867136	0	16636084224	2508217	19060830208	1904349184	521068544	16635412480	12603854848
2026-09-25T09:03:37+04:00	ck4r2-whole-2	1	0	20009361408	23582449664	3220090880	16699867136	0	16636084224	2508217	19060830208	1904349184	521068544	16635412480	12592844800
2026-09-25T09:03:48+04:00	ck4r2-whole-2	1	1	20012064768	23582449664	3221413888	16699867136	0	16636084224	2508217	19061092352	1904611328	521068544	16635412480	12540465152
2026-09-25T09:03:58+04:00	ck4r2-whole-2	1	2	20012617728	23582449664	3221430272	16699867136	0	16636084224	2508217	19062140928	1904742400	521986048	16635412480	12611858432
2026-09-25T09:04:09+04:00	ck4r2-whole-2	1	3	20012138496	23582449664	3221438464	16699867136	0	16636084224	2508217	19062140928	1904742400	521986048	16635412480	12590088192
2026-09-25T09:04:59+04:00	ck4r2-mirror-2	0	0	1043906560	1043906560	1034575872	16384	0	12288	2515354	708268032	431312896	276955136	0	31476690944
2026-09-25T09:05:09+04:00	ck4r2-mirror-2	0	0	13693386752	13693878272	12143001600	1510875136	0	1494622208	2515477	12957810688	11069083648	394244096	1494482944	18590380032
2026-09-25T09:05:20+04:00	ck4r2-mirror-2	0	0	13779714048	13786218496	12229058560	1510891520	0	1494622208	2515477	13047541760	11155275776	397783040	1494482944	18470989824
2026-09-25T09:05:30+04:00	ck4r2-mirror-2	0	0	13014380544	14423433216	12870631424	108093440	0	91627520	2515477	12394278912	11796873216	505917440	91488256	19260448768
2026-09-25T09:05:40+04:00	ck4r2-mirror-2	0	0	13180166144	14423433216	13036199936	108093440	0	91627520	2515477	12565630976	11962458112	511684608	91488256	19065868288
2026-09-25T09:05:50+04:00	ck4r2-mirror-2	0	0	13290520576	14423433216	13146284032	108093440	0	91627520	2515477	12678897664	12072448000	514961408	91488256	18986004480
2026-09-25T09:06:01+04:00	ck4r2-mirror-2	1	0	13781487616	14423433216	13634871296	108097536	0	91627520	2515477	12932521984	12319387648	521646080	91488256	18490732544
2026-09-25T09:06:11+04:00	ck4r2-mirror-2	1	0	13781487616	14423433216	13634871296	108097536	0	91627520	2515477	12932521984	12319387648	521646080	91488256	18456924160
2026-09-25T09:06:21+04:00	ck4r2-mirror-2	1	0	13781692416	14423433216	13634908160	108097536	0	91627520	2515477	12932521984	12319387648	521646080	91488256	18409390080
2026-09-25T09:06:31+04:00	ck4r2-mirror-2	1	1	13785751552	14423433216	13636444160	108097536	0	91627520	2515477	12932915200	12319780864	521646080	91488256	18469941248
2026-09-25T09:06:42+04:00	ck4r2-mirror-2	1	3	13784985600	14423433216	13636452352	108097536	0	91627520	2515477	12933832704	12319780864	522563584	91488256	18432823296
2026-09-25T09:06:52+04:00	ck4r2-mirror-2	1	4	13814345728	14423433216	13665869824	108101632	0	91627520	2515477	12933832704	12319780864	522563584	91488256	18397110272
2026-09-25T09:07:42+04:00	ck4r2-whole-3	0	0	9084817408	9085542400	1736646656	7302168576	0	7291715584	2524340	7732350976	662581248	392069120	6559465472	23256141824
2026-09-25T09:07:53+04:00	ck4r2-whole-3	0	0	19676160000	23529623552	2941882368	16646795264	0	16636084224	2524340	19019948032	1867755520	516980736	16635211776	12580327424
2026-09-25T09:08:03+04:00	ck4r2-whole-3	1	0	19978989568	23529623552	3242754048	16646799360	0	16636084224	2524340	19083124736	1926868992	521043968	16635211776	12316721152
2026-09-25T09:08:13+04:00	ck4r2-whole-3	1	0	19978989568	23529623552	3242754048	16646799360	0	16636084224	2524340	19083124736	1926868992	521043968	16635211776	12289413120
2026-09-25T09:08:24+04:00	ck4r2-whole-3	1	1	19981488128	23529623552	3244068864	16646799360	0	16636084224	2524340	19083517952	1927262208	521043968	16635211776	12298964992
2026-09-25T09:08:34+04:00	ck4r2-whole-3	1	2	19982225408	23529623552	3244253184	16646799360	0	16636084224	2524340	19084566528	1927393280	521961472	16635211776	12270440448
2026-09-25T09:08:45+04:00	ck4r2-whole-3	1	3	19982442496	23529623552	3244253184	16646799360	0	16636084224	2524340	19084566528	1927393280	521961472	16635211776	12229505024
2026-09-25T09:09:35+04:00	ck4r2-mirror-3	0	0	1656897536	1656897536	1557630976	87121920	0	77606912	2531798	908845056	487579648	344064000	77594624	30559756288
2026-09-25T09:09:45+04:00	ck4r2-mirror-3	0	0	13693534208	13694058496	12143104000	1510924288	0	1494622208	2531798	12957970432	11069337600	394149888	1494482944	18583470080
2026-09-25T09:09:56+04:00	ck4r2-mirror-3	0	0	13779865600	13786243072	12229165056	1510940672	0	1494622208	2531798	13047558144	11155517440	397557760	1494482944	18462486528
2026-09-25T09:10:06+04:00	ck4r2-mirror-3	0	0	13014261760	14423592960	12870737920	108142592	0	91627520	2531798	12394299392	11797114880	505692160	91492352	19191410688
2026-09-25T09:10:16+04:00	ck4r2-mirror-3	0	0	13180223488	14423592960	13036224512	108142592	0	91627520	2531798	12565327872	11962507264	511328256	91492352	19084591104
2026-09-25T09:10:26+04:00	ck4r2-mirror-3	0	0	13495062528	14423592960	13349900288	108142592	0	91627520	2531798	12884910080	12276322304	517095424	91492352	18730229760
2026-09-25T09:10:36+04:00	ck4r2-mirror-3	1	0	13773103104	14423592960	13626449920	108146688	0	91627520	2531798	12924100608	12311187456	521420800	91492352	18490404864
2026-09-25T09:10:47+04:00	ck4r2-mirror-3	1	0	13773103104	14423592960	13626449920	108146688	0	91627520	2531798	12924100608	12311187456	521420800	91492352	18475384832
2026-09-25T09:10:57+04:00	ck4r2-mirror-3	1	0	13774118912	14423592960	13626490880	108146688	0	91627520	2531798	12924100608	12311187456	521420800	91492352	18434494464
2026-09-25T09:11:07+04:00	ck4r2-mirror-3	1	1	13776568320	14423592960	13628022784	108146688	0	91627520	2531798	12924362752	12311449600	521420800	91492352	18396573696
2026-09-25T09:11:18+04:00	ck4r2-mirror-3	1	3	13776572416	14423592960	13628030976	108146688	0	91627520	2531798	12925280256	12311449600	522338304	91492352	18361552896
2026-09-25T09:11:28+04:00	ck4r2-mirror-3	1	4	13806092288	14423592960	13657571328	108150784	0	91627520	2531798	12925280256	12311449600	522338304	91492352	16571478016
2026-09-25T09:12:58+04:00	ck4r2-whole-1m	0	0	2510364672	2512723968	1644453888	858439680	0	853753856	2544709	1814056960	570822656	386154496	868220928	29694140416
2026-09-25T09:13:09+04:00	ck4r2-whole-1m	0	0	20564709376	23528960000	2424598528	18050895872	0	18039078912	2544709	19895386112	1357815808	500834304	18037915648	12013486080
2026-09-25T09:13:19+04:00	ck4r2-whole-1m	1	0	19963764736	23528960000	3226394624	16647983104	0	16636084224	2544709	19064217600	1910554624	518660096	16635002880	12597829632
2026-09-25T09:13:29+04:00	ck4r2-whole-1m	1	0	19963760640	23528960000	3226394624	16647983104	0	16636084224	2544709	19064217600	1910554624	518660096	16635002880	11570102272
2026-09-25T09:13:40+04:00	ck4r2-whole-1m	1	1	20480954368	23528960000	3741736960	16647983104	0	16636084224	2544709	19064217600	1910554624	518660096	16635002880	9869971456
2026-09-25T09:13:50+04:00	ck4r2-whole-1m	1	1	20300627968	23528960000	3561955328	16647294976	0	16636084224	2544709	19067363328	1914617856	517742592	16635002880	12202016768
2026-09-25T09:14:00+04:00	ck4r2-whole-1m	1	1	20300623872	23528960000	3561955328	16647294976	0	16636084224	2544709	19067363328	1914617856	517742592	16635002880	12293722112
2026-09-25T09:14:11+04:00	ck4r2-whole-1m	1	1	20300873728	23528960000	3561955328	16647294976	0	16636084224	2544709	19067363328	1914617856	517742592	16635002880	12247113728
2026-09-25T09:14:21+04:00	ck4r2-whole-1m	1	1	20300869632	23528960000	3561955328	16647294976	0	16636084224	2544709	19067363328	1914617856	517742592	16635002880	12231229440
2026-09-25T09:14:31+04:00	ck4r2-whole-1m	1	1	20300865536	23528960000	3561955328	16647294976	0	16636084224	2544709	19067363328	1914617856	517742592	16635002880	12281126912
2026-09-25T09:14:42+04:00	ck4r2-whole-1m	1	1	20300853248	23528960000	3561955328	16647294976	0	16636084224	2544709	19067363328	1914617856	517742592	16635002880	12255686656
2026-09-25T09:14:52+04:00	ck4r2-whole-1m	1	1	20300845056	23528960000	3561955328	16647294976	0	16636084224	2544709	19067363328	1914617856	517742592	16635002880	12218892288
2026-09-25T09:15:02+04:00	ck4r2-whole-1m	1	1	20300840960	23528960000	3561955328	16647294976	0	16636084224	2544709	19067363328	1914617856	517742592	16635002880	11798654976
2026-09-25T09:15:12+04:00	ck4r2-whole-1m	1	1	20300881920	23528960000	3561955328	16647294976	0	16636084224	2544709	19067363328	1914617856	517742592	16635002880	10996318208
2026-09-25T09:15:23+04:00	ck4r2-whole-1m	1	1	20300615680	23528960000	3561955328	16647294976	0	16636084224	2544709	19067363328	1914617856	517742592	16635002880	10691571712
2026-09-25T09:15:33+04:00	ck4r2-whole-1m	1	1	20300447744	23528960000	3561955328	16647118848	0	16636084224	2544709	19067101184	1914617856	517480448	16635002880	9000837120
2026-09-25T09:15:43+04:00	ck4r2-whole-1m	1	1	20300431360	23528960000	3561955328	16647102464	0	16636084224	2544709	19065921536	1914617856	516300800	16635002880	11391787008
2026-09-25T09:15:53+04:00	ck4r2-whole-1m	1	1	20300427264	23528960000	3561955328	16647102464	0	16636084224	2544709	19065921536	1914617856	516300800	16635002880	12173254656
2026-09-25T09:16:04+04:00	ck4r2-whole-1m	1	1	20300431360	23528960000	3561955328	16647102464	0	16636084224	2544709	19065921536	1914617856	516300800	16635002880	12247830528
2026-09-25T09:16:14+04:00	ck4r2-whole-1m	1	1	20300435456	23528960000	3561955328	16647102464	0	16636084224	2544709	19065921536	1914617856	516300800	16635002880	12258340864
2026-09-25T09:16:24+04:00	ck4r2-whole-1m	1	1	20300685312	23528960000	3561955328	16647102464	0	16636084224	2544709	19065921536	1914617856	516300800	16635002880	12267270144
2026-09-25T09:16:35+04:00	ck4r2-whole-1m	1	1	20300435456	23528960000	3561955328	16647102464	0	16636084224	2544709	19065921536	1914617856	516300800	16635002880	10356981760
2026-09-25T09:16:45+04:00	ck4r2-whole-1m	1	1	20300312576	23528960000	3561955328	16646979584	0	16636084224	2544709	19062644736	1914617856	513024000	16635002880	10204725248
2026-09-25T09:16:55+04:00	ck4r2-whole-1m	1	1	20300292096	23528960000	3561955328	16646963200	0	16636084224	2544709	19049406464	1914617856	499785728	16635002880	9904238592
2026-09-25T09:17:06+04:00	ck4r2-whole-1m	1	1	20300308480	23528960000	3561955328	16646983680	0	16636084224	2544709	19049406464	1914617856	499785728	16635002880	12148420608
2026-09-25T09:17:16+04:00	ck4r2-whole-1m	1	1	20300312576	23528960000	3561955328	16646983680	0	16636084224	2544709	19049406464	1914617856	499785728	16635002880	12102799360
2026-09-25T09:17:26+04:00	ck4r2-whole-1m	1	1	20300570624	23528960000	3561955328	16646983680	0	16636084224	2544709	19049406464	1914617856	499785728	16635002880	12072284160
2026-09-25T09:17:37+04:00	ck4r2-whole-1m	1	1	20300570624	23528960000	3561955328	16646983680	0	16636084224	2544709	19049406464	1914617856	499785728	16635002880	12210556928
2026-09-25T09:17:47+04:00	ck4r2-whole-1m	1	1	20300304384	23528960000	3561955328	16646983680	0	16636084224	2544709	19049406464	1914617856	499785728	16635002880	12112801792
2026-09-25T09:17:57+04:00	ck4r2-whole-1m	1	1	20300316672	23528960000	3561955328	16646983680	0	16636084224	2544709	19049406464	1914617856	499785728	16635002880	12022837248
2026-09-25T09:18:07+04:00	ck4r2-whole-1m	1	1	20300316672	23528960000	3561955328	16646983680	0	16636084224	2544709	19049406464	1914617856	499785728	16635002880	12176355328
2026-09-25T09:18:18+04:00	ck4r2-whole-1m	1	1	20300570624	23528960000	3561955328	16646983680	0	16636084224	2544709	19049406464	1914617856	499785728	16635002880	12183240704
2026-09-25T09:18:28+04:00	ck4r2-whole-1m	1	1	20300562432	23528960000	3561955328	16646983680	0	16636084224	2544709	19049406464	1914617856	499785728	16635002880	12147462144
2026-09-25T09:18:38+04:00	ck4r2-whole-1m	1	1	20300562432	23528960000	3561955328	16646983680	0	16636084224	2544709	19049406464	1914617856	499785728	16635002880	12211798016
2026-09-25T09:18:49+04:00	ck4r2-whole-1m	1	1	20300312576	23528960000	3561955328	16646983680	0	16636084224	2544709	19049406464	1914617856	499785728	16635002880	12171665408
2026-09-25T09:18:59+04:00	ck4r2-whole-1m	1	1	20300304384	23528960000	3561955328	16646983680	0	16636084224	2544709	19049406464	1914617856	499785728	16635002880	12044095488
2026-09-25T09:19:09+04:00	ck4r2-whole-1m	1	1	20300304384	23528960000	3561955328	16646983680	0	16636084224	2544709	19049406464	1914617856	499785728	16635002880	12064886784
2026-09-25T09:19:20+04:00	ck4r2-whole-1m	1	1	20300304384	23528960000	3561955328	16646983680	0	16636084224	2544709	19049406464	1914617856	499785728	16635002880	12157169664
2026-09-25T09:19:30+04:00	ck4r2-whole-1m	1	1	20300570624	23528960000	3561955328	16646983680	0	16636084224	2544709	19049406464	1914617856	499785728	16635002880	12203835392
2026-09-25T09:19:40+04:00	ck4r2-whole-1m	1	1	20300566528	23528960000	3561955328	16646983680	0	16636084224	2544709	19049406464	1914617856	499785728	16635002880	12252700672
2026-09-25T09:19:51+04:00	ck4r2-whole-1m	1	1	20300566528	23528960000	3561955328	16646983680	0	16636084224	2544709	19049406464	1914617856	499785728	16635002880	12309995520
2026-09-25T09:20:01+04:00	ck4r2-whole-1m	1	1	20300824576	23528960000	3561955328	16646983680	0	16636084224	2544709	19049406464	1914617856	499785728	16635002880	12293754880
2026-09-25T09:20:11+04:00	ck4r2-whole-1m	1	1	20300554240	23528960000	3561955328	16646983680	0	16636084224	2544709	19049406464	1914617856	499785728	16635002880	12246581248
2026-09-25T09:20:21+04:00	ck4r2-whole-1m	1	1	20300554240	23528960000	3561955328	16646983680	0	16636084224	2544709	19049406464	1914617856	499785728	16635002880	12212539392
2026-09-25T09:20:32+04:00	ck4r2-whole-1m	1	1	20300312576	23528960000	3561955328	16646983680	0	16636084224	2544709	19049406464	1914617856	499785728	16635002880	12286693376
2026-09-25T09:20:42+04:00	ck4r2-whole-1m	1	1	20300316672	23528960000	3561955328	16646983680	0	16636084224	2544709	19049406464	1914617856	499785728	16635002880	11122102272
2026-09-25T09:20:52+04:00	ck4r2-whole-1m	1	1	20300980224	23528960000	3561955328	16647626752	0	16636084224	2544709	19006414848	1914617856	456794112	16635002880	9900851200
2026-09-25T09:21:02+04:00	ck4r2-whole-1m	1	1	20300357632	23528960000	3561955328	16647028736	0	16636084224	2544709	18990555136	1914617856	440934400	16635002880	12346482688
2026-09-25T09:21:13+04:00	ck4r2-whole-1m	1	1	20300607488	23528960000	3561955328	16647028736	0	16636084224	2544709	18990555136	1914617856	440934400	16635002880	12326748160
2026-09-25T09:21:23+04:00	ck4r2-whole-1m	1	1	20300607488	23528960000	3561955328	16647028736	0	16636084224	2544709	18990555136	1914617856	440934400	16635002880	11071287296
2026-09-25T09:21:33+04:00	ck4r2-whole-1m	1	1	20300353536	23528960000	3561955328	16647028736	0	16636084224	2544709	18990555136	1914617856	440934400	16635002880	10105040896
2026-09-25T09:21:44+04:00	ck4r2-whole-1m	1	1	20299718656	23528960000	3561955328	16646393856	0	16636084224	2544709	18982690816	1914617856	433070080	16635002880	9101651968
2026-09-25T09:21:54+04:00	ck4r2-whole-1m	1	1	20299374592	23528960000	3561955328	16646041600	0	16636084224	2544709	18979938304	1914617856	430317568	16635002880	12280418304
2026-09-25T09:22:04+04:00	ck4r2-whole-1m	1	1	20299366400	23528960000	3561955328	16646041600	0	16636084224	2544709	18979938304	1914617856	430317568	16635002880	12210847744
2026-09-25T09:22:15+04:00	ck4r2-whole-1m	1	1	20299370496	23528960000	3561955328	16646041600	0	16636084224	2544709	18979938304	1914617856	430317568	16635002880	12256440320
2026-09-25T09:22:25+04:00	ck4r2-whole-1m	1	3	20458381312	23528960000	3715112960	16657485824	0	16636084224	2544709	18981216256	1914847232	431366144	16635002880	11929870336
2026-09-25T09:22:36+04:00	ck4r2-whole-1m	1	3	20652269568	23528960000	3902320640	16657485824	0	16636084224	2544709	18981216256	1914847232	431366144	16635002880	11814719488
2026-09-25T09:22:46+04:00	ck4r2-whole-1m	1	3	20652269568	23528960000	3902320640	16657485824	0	16636084224	2544709	18981216256	1914847232	431366144	16635002880	11894448128
2026-09-25T09:22:56+04:00	ck4r2-whole-1m	1	3	20652277760	23528960000	3902320640	16657485824	0	16636084224	2544709	18981216256	1914847232	431366144	16635002880	11794608128
2026-09-25T09:23:06+04:00	ck4r2-whole-1m	1	3	20652015616	23528960000	3902320640	16657485824	0	16636084224	2544709	18981216256	1914847232	431366144	16635002880	11886391296
2026-09-25T09:23:17+04:00	ck4r2-whole-1m	1	3	20652273664	23528960000	3902320640	16657485824	0	16636084224	2544709	18981216256	1914847232	431366144	16635002880	11854659584
2026-09-25T09:23:27+04:00	ck4r2-whole-1m	1	3	20652261376	23528960000	3902320640	16657485824	0	16636084224	2544709	18981216256	1914847232	431366144	16635002880	11796684800
2026-09-25T09:23:37+04:00	ck4r2-whole-1m	1	3	20652011520	23528960000	3902320640	16657485824	0	16636084224	2544709	18981216256	1914847232	431366144	16635002880	11754659840
2026-09-25T09:23:48+04:00	ck4r2-whole-1m	1	3	20652011520	23528960000	3902320640	16657485824	0	16636084224	2544709	18981216256	1914847232	431366144	16635002880	11738738688
2026-09-25T09:23:58+04:00	ck4r2-whole-1m	1	3	20652011520	23528960000	3902320640	16657485824	0	16636084224	2544709	18981216256	1914847232	431366144	16635002880	11737341952
2026-09-25T09:24:08+04:00	ck4r2-whole-1m	1	3	20652011520	23528960000	3902320640	16657485824	0	16636084224	2544709	18981216256	1914847232	431366144	16635002880	11780956160
2026-09-25T09:24:19+04:00	ck4r2-whole-1m	1	3	20652273664	23528960000	3902320640	16657485824	0	16636084224	2544709	18981216256	1914847232	431366144	16635002880	11861110784
2026-09-25T09:24:29+04:00	ck4r2-whole-1m	1	3	20652277760	23528960000	3902320640	16657485824	0	16636084224	2544709	18981216256	1914847232	431366144	16635002880	11796369408
2026-09-25T09:24:39+04:00	ck4r2-whole-1m	1	3	20652261376	23528960000	3902320640	16657485824	0	16636084224	2544709	18981216256	1914847232	431366144	16635002880	11970248704
2026-09-25T09:24:50+04:00	ck4r2-whole-1m	1	3	20652261376	23528960000	3902320640	16657485824	0	16636084224	2544709	18981216256	1914847232	431366144	16635002880	11938045952
2026-09-25T09:25:00+04:00	ck4r2-whole-1m	1	3	20652261376	23528960000	3902320640	16657485824	0	16636084224	2544709	18981216256	1914847232	431366144	16635002880	11996348416
2026-09-25T09:25:10+04:00	ck4r2-whole-1m	1	3	20652257280	23528960000	3902320640	16657485824	0	16636084224	2544709	18981216256	1914847232	431366144	16635002880	11956240384
2026-09-25T09:25:20+04:00	ck4r2-whole-1m	1	3	20652277760	23528960000	3902320640	16657485824	0	16636084224	2544709	18981216256	1914847232	431366144	16635002880	11694223360
2026-09-25T09:25:31+04:00	ck4r2-whole-1m	1	3	20652015616	23528960000	3902320640	16657485824	0	16636084224	2544709	18981216256	1914847232	431366144	16635002880	12011024384
2026-09-25T09:25:41+04:00	ck4r2-whole-1m	1	3	20652273664	23528960000	3902320640	16657485824	0	16636084224	2544709	18981216256	1914847232	431366144	16635002880	11985104896
2026-09-25T09:25:51+04:00	ck4r2-whole-1m	1	3	20652265472	23528960000	3902320640	16657485824	0	16636084224	2544709	18981216256	1914847232	431366144	16635002880	12025618432
2026-09-25T09:26:02+04:00	ck4r2-whole-1m	1	3	20652265472	23528960000	3902320640	16657485824	0	16636084224	2544709	18981216256	1914847232	431366144	16635002880	12077244416
2026-09-25T09:26:12+04:00	ck4r2-whole-1m	1	3	20652261376	23528960000	3902320640	16657485824	0	16636084224	2544709	18981216256	1914847232	431366144	16635002880	12042817536
2026-09-25T09:26:22+04:00	ck4r2-whole-1m	1	3	20652257280	23528960000	3902320640	16657485824	0	16636084224	2544709	18981216256	1914847232	431366144	16635002880	12012732416
2026-09-25T09:26:32+04:00	ck4r2-whole-1m	1	3	20652249088	23528960000	3902320640	16657485824	0	16636084224	2544709	18981216256	1914847232	431366144	16635002880	11976785920
2026-09-25T09:26:43+04:00	ck4r2-whole-1m	1	3	20652253184	23528960000	3902320640	16657485824	0	16636084224	2544709	18981216256	1914847232	431366144	16635002880	12080435200
2026-09-25T09:26:53+04:00	ck4r2-whole-1m	1	3	20652261376	23528960000	3902320640	16657485824	0	16636084224	2544709	18981216256	1914847232	431366144	16635002880	11907657728
2026-09-25T09:27:03+04:00	ck4r2-whole-1m	1	3	20652257280	23528960000	3902320640	16657485824	0	16636084224	2544709	18981216256	1914847232	431366144	16635002880	11972628480
2026-09-25T09:27:14+04:00	ck4r2-whole-1m	1	3	20652249088	23528960000	3902320640	16657485824	0	16636084224	2544709	18981216256	1914847232	431366144	16635002880	11951915008
2026-09-25T09:27:24+04:00	ck4r2-whole-1m	1	3	20652249088	23528960000	3902320640	16657485824	0	16636084224	2544709	18981216256	1914847232	431366144	16635002880	11987193856
2026-09-25T09:27:34+04:00	ck4r2-whole-1m	1	3	20652244992	23528960000	3902320640	16657485824	0	16636084224	2544709	18981216256	1914847232	431366144	16635002880	11948351488
2026-09-25T09:27:44+04:00	ck4r2-whole-1m	1	3	20652240896	23528960000	3902320640	16657485824	0	16636084224	2544709	18981216256	1914847232	431366144	16635002880	11913986048
2026-09-25T09:27:55+04:00	ck4r2-whole-1m	1	3	20652240896	23528960000	3902320640	16657485824	0	16636084224	2544709	18981216256	1914847232	431366144	16635002880	11976175616
2026-09-25T09:28:05+04:00	ck4r2-whole-1m	1	3	20652228608	23528960000	3902320640	16657485824	0	16636084224	2544709	18981216256	1914847232	431366144	16635002880	11953901568
2026-09-25T09:28:15+04:00	ck4r2-whole-1m	1	3	20652232704	23528960000	3902320640	16657485824	0	16636084224	2544709	18981216256	1914847232	431366144	16635002880	11922309120
2026-09-25T09:28:25+04:00	ck4r2-whole-1m	1	3	20652228608	23528960000	3902320640	16657485824	0	16636084224	2544709	18981216256	1914847232	431366144	16635002880	11773362176
2026-09-25T09:28:36+04:00	ck4r2-whole-1m	1	3	20652228608	23528960000	3902320640	16657485824	0	16636084224	2544709	18981216256	1914847232	431366144	16635002880	11951190016
2026-09-25T09:28:46+04:00	ck4r2-whole-1m	1	3	20652228608	23528960000	3902320640	16657485824	0	16636084224	2544709	18981216256	1914847232	431366144	16635002880	10179833856
2026-09-25T09:28:56+04:00	ck4r2-whole-1m	1	3	20651573248	23528960000	3902320640	16656789504	0	16636084224	2544709	18978070528	1914847232	428220416	16635002880	10061611008
2026-09-25T09:29:07+04:00	ck4r2-whole-1m	1	3	20650315776	23528960000	3902320640	16655785984	0	16636084224	2544709	18959720448	1914847232	409870336	16635002880	9778884608
2026-09-25T09:29:17+04:00	ck4r2-whole-1m	1	3	20650311680	23528960000	3902320640	16655785984	0	16636084224	2544709	18959720448	1914847232	409870336	16635002880	11887886336
2026-09-25T09:29:28+04:00	ck4r2-whole-1m	1	3	20650582016	23528960000	3902320640	16655785984	0	16636084224	2544709	18959720448	1914847232	409870336	16635002880	11928399872
2026-09-25T09:29:38+04:00	ck4r2-whole-1m	1	3	20650573824	23528960000	3902320640	16655785984	0	16636084224	2544709	18959720448	1914847232	409870336	16635002880	11993509888
2026-09-25T09:29:48+04:00	ck4r2-whole-1m	1	3	20650573824	23528960000	3902320640	16655785984	0	16636084224	2544709	18959720448	1914847232	409870336	16635002880	11873214464
2026-09-25T09:29:59+04:00	ck4r2-whole-1m	1	3	20650315776	23528960000	3902320640	16655785984	0	16636084224	2544709	18959720448	1914847232	409870336	16635002880	11900628992
2026-09-25T09:30:09+04:00	ck4r2-whole-1m	1	3	20650319872	23528960000	3902320640	16655785984	0	16636084224	2544709	18959720448	1914847232	409870336	16635002880	11887923200
2026-09-25T09:30:19+04:00	ck4r2-whole-1m	1	3	20650319872	23528960000	3902320640	16655785984	0	16636084224	2544709	18959720448	1914847232	409870336	16635002880	11925901312
2026-09-25T09:30:30+04:00	ck4r2-whole-1m	1	3	20650319872	23528960000	3902320640	16655785984	0	16636084224	2544709	18959720448	1914847232	409870336	16635002880	11965370368
2026-09-25T09:30:40+04:00	ck4r2-whole-1m	1	3	20650319872	23528960000	3902320640	16655785984	0	16636084224	2544709	18959720448	1914847232	409870336	16635002880	11937480704
2026-09-25T09:30:50+04:00	ck4r2-whole-1m	1	3	20650315776	23528960000	3902320640	16655785984	0	16636084224	2544709	18959720448	1914847232	409870336	16635002880	11945488384
2026-09-25T09:31:01+04:00	ck4r2-whole-1m	1	3	20650311680	23528960000	3902320640	16655785984	0	16636084224	2544709	18959720448	1914847232	409870336	16635002880	11856814080
2026-09-25T09:31:11+04:00	ck4r2-whole-1m	1	4	20290056192	23528960000	3535831040	16662061056	0	16636084224	2544709	18959835136	1914961920	409870336	16635002880	12190195712
2026-09-25T09:31:22+04:00	ck4r2-whole-1m	1	4	20291563520	23528960000	3535851520	16663773184	0	16636084224	2544709	18959966208	1915092992	409870336	16635002880	12212109312
2026-09-25T09:31:32+04:00	ck4r2-whole-1m	1	4	20291563520	23528960000	3535851520	16663773184	0	16636084224	2544709	18959966208	1915092992	409870336	16635002880	12272803840
2026-09-25T09:31:42+04:00	ck4r2-whole-1m	1	4	20291813376	23528960000	3535851520	16663773184	0	16636084224	2544709	18959966208	1915092992	409870336	16635002880	12328148992
2026-09-25T09:31:53+04:00	ck4r2-whole-1m	1	4	20292059136	23528960000	3535851520	16663773184	0	16636084224	2544709	18959966208	1915092992	409870336	16635002880	12428537856
2026-09-25T09:32:03+04:00	ck4r2-whole-1m	1	4	20291616768	23528960000	3535851520	16663773184	0	16636084224	2544709	18959966208	1915092992	409870336	16635002880	12454211584
2026-09-25T09:32:13+04:00	ck4r2-whole-1m	1	4	20292042752	23528960000	3535851520	16663773184	0	16636084224	2544709	18959966208	1915092992	409870336	16635002880	12424097792
2026-09-25T09:32:24+04:00	ck4r2-whole-1m	1	4	20291305472	23528960000	3535851520	16663773184	0	16636084224	2544709	18959966208	1915092992	409870336	16635002880	11617562624
2026-09-25T09:32:34+04:00	ck4r2-whole-1m	1	4	20292239360	23528960000	3535851520	16663773184	0	16636084224	2544709	18959966208	1915092992	409870336	16635002880	12451946496
2026-09-25T09:32:44+04:00	ck4r2-whole-1m	1	4	20291686400	23528960000	3535851520	16663773184	0	16636084224	2544709	18959966208	1915092992	409870336	16635002880	12447162368
2026-09-25T09:32:54+04:00	ck4r2-whole-1m	1	4	20291616768	23528960000	3535851520	16663773184	0	16636084224	2544709	18959966208	1915092992	409870336	16635002880	12433739776
2026-09-25T09:33:05+04:00	ck4r2-whole-1m	1	4	20292116480	23528960000	3535851520	16663773184	0	16636084224	2544709	18959966208	1915092992	409870336	16635002880	12233424896
2026-09-25T09:33:15+04:00	ck4r2-whole-1m	1	4	20291969024	23528960000	3535851520	16663773184	0	16636084224	2544709	18959966208	1915092992	409870336	16635002880	12222095360
2026-09-25T09:33:25+04:00	ck4r2-whole-1m	1	4	20291821568	23528960000	3535851520	16663773184	0	16636084224	2544709	18959966208	1915092992	409870336	16635002880	12266967040
2026-09-25T09:33:35+04:00	ck4r2-whole-1m	1	4	20292018176	23528960000	3535851520	16663773184	0	16636084224	2544709	18959966208	1915092992	409870336	16635002880	12446101504
2026-09-25T09:33:46+04:00	ck4r2-whole-1m	1	4	20291768320	23528960000	3535851520	16663773184	0	16636084224	2544709	18959966208	1915092992	409870336	16635002880	11733368832
2026-09-25T09:33:56+04:00	ck4r2-whole-1m	1	4	20291702784	23528960000	3535851520	16663773184	0	16636084224	2544709	18959966208	1915092992	409870336	16635002880	11235504128
2026-09-25T09:34:06+04:00	ck4r2-whole-1m	1	4	20257927168	23528960000	3502211072	16661868544	0	16636084224	2544709	18930343936	1915092992	380248064	16635002880	11055038464
2026-09-25T09:34:17+04:00	ck4r2-whole-1m	1	4	20214411264	23528960000	3459760128	16661180416	0	16636084224	2544709	18923134976	1915092992	373039104	16635002880	9798537216
2026-09-25T09:34:27+04:00	ck4r2-whole-1m	1	4	20145233920	23528960000	3391680512	16658878464	0	16636084224	2544709	18906357760	1915092992	356261888	16635002880	11797352448
2026-09-25T09:34:37+04:00	ck4r2-whole-1m	1	4	20144979968	23528960000	3391680512	16658878464	0	16636084224	2544709	18906357760	1915092992	356261888	16635002880	11690614784
2026-09-25T09:34:48+04:00	ck4r2-whole-1m	1	4	20145197056	23528960000	3391680512	16658878464	0	16636084224	2544709	18906357760	1915092992	356261888	16635002880	9846046720
2026-09-25T09:34:58+04:00	ck4r2-whole-1m	1	4	20119298048	23528960000	3365859328	16658464768	0	16636084224	2544709	18903474176	1915092992	353378304	16635002880	12643098624
2026-09-25T09:35:08+04:00	ck4r2-whole-1m	1	4	20119531520	23528960000	3365859328	16658464768	0	16636084224	2544709	18903474176	1915092992	353378304	16635002880	12669833216
2026-09-25T09:35:18+04:00	ck4r2-whole-1m	1	4	20119289856	23528960000	3365859328	16658464768	0	16636084224	2544709	18903474176	1915092992	353378304	16635002880	12652580864
2026-09-25T09:35:29+04:00	ck4r2-whole-1m	1	4	20119400448	23528960000	3365974016	16658464768	0	16636084224	2544709	18903474176	1915092992	353378304	16635002880	12633792512
2026-09-25T09:35:39+04:00	ck4r2-whole-1m	1	4	20119490560	23528960000	3366121472	16658464768	0	16636084224	2544709	18903736320	1915355136	353378304	16635002880	12674383872
2026-09-25T09:35:49+04:00	ck4r2-whole-1m	1	4	20119728128	23528960000	3366277120	16658464768	0	16636084224	2544709	18903867392	1915486208	353378304	16635002880	12647473152
2026-09-25T09:35:59+04:00	ck4r2-whole-1m	1	4	20119760896	23528960000	3366436864	16658464768	0	16636084224	2544709	18903998464	1915617280	353378304	16635002880	12646383616
2026-09-25T09:36:10+04:00	ck4r2-whole-1m	1	4	20119769088	23528960000	3366592512	16658464768	0	16636084224	2544709	18904129536	1915748352	353378304	16635002880	10977107968
2026-09-25T09:36:20+04:00	ck4r2-whole-1m	1	4	20120457216	23528960000	3366772736	16658464768	0	16636084224	2544709	18904260608	1915879424	353378304	16635002880	10773680128
2026-09-25T09:36:30+04:00	ck4r2-whole-1m	1	4	20034605056	23528960000	3284275200	16657489920	0	16636084224	2544709	18901508096	1916141568	350363648	16635002880	10162139136
2026-09-25T09:36:41+04:00	ck4r2-whole-1m	1	4	20034973696	23528960000	3284434944	16657489920	0	16636084224	2544709	18901639168	1916272640	350363648	16635002880	12757766144
2026-09-25T09:36:51+04:00	ck4r2-whole-1m	1	4	20041728000	23528960000	3286376448	16662614016	0	16636084224	2544709	18903584768	1918218240	350363648	16635002880	10349596672
2026-09-25T09:37:01+04:00	ck4r2-whole-1m	1	4	19889418240	23528960000	3132182528	16662646784	0	16636084224	2544709	18888380416	1912582144	340795392	16635002880	10443870208
2026-09-25T09:37:12+04:00	ck4r2-whole-1m	1	4	19828215808	23528960000	3075567616	16659914752	0	16636084224	2544709	18848403456	1885188096	328212480	16635002880	9933012992
2026-09-25T09:37:22+04:00	ck4r2-whole-1m	1	4	19919048704	23528960000	3075592192	16750305280	0	16636084224	2544709	18899181568	1885065216	379113472	16635002880	7528157184
2026-09-25T09:37:32+04:00	ck4r2-whole-1m	1	4	19919278080	23528960000	3075592192	16750149632	0	16636084224	2544709	18886680576	1885065216	366612480	16635002880	12835717120
2026-09-25T09:37:42+04:00	ck4r2-whole-1m	1	4	19919011840	23528960000	3075592192	16750149632	0	16636084224	2544709	18886680576	1885065216	366612480	16635002880	12883488768
2026-09-25T09:37:53+04:00	ck4r2-whole-1m	1	4	19919785984	23528960000	3075592192	16750149632	0	16636084224	2544709	18886680576	1885065216	366612480	16635002880	12870123520
2026-09-25T09:38:03+04:00	ck4r2-whole-1m	1	4	19918766080	23528960000	3075592192	16750149632	0	16636084224	2544709	18886680576	1885065216	366612480	16635002880	12879765504
2026-09-25T09:38:13+04:00	ck4r2-whole-1m	1	4	19918766080	23528960000	3075592192	16750149632	0	16636084224	2544709	18886680576	1885065216	366612480	16635002880	12928360448
2026-09-25T09:38:24+04:00	ck4r2-whole-1m	1	4	19919290368	23528960000	3075592192	16750149632	0	16636084224	2544709	18886680576	1885065216	366612480	16635002880	12883689472
2026-09-25T09:38:34+04:00	ck4r2-whole-1m	1	4	19919020032	23528960000	3075592192	16750149632	0	16636084224	2544709	18886680576	1885065216	366612480	16635002880	12776054784
2026-09-25T09:38:44+04:00	ck4r2-whole-1m	1	4	19919011840	23528960000	3075592192	16750149632	0	16636084224	2544709	18886680576	1885065216	366612480	16635002880	12702801920
2026-09-25T09:38:55+04:00	ck4r2-whole-1m	1	4	19919384576	23528960000	3075690496	16750149632	0	16636084224	2544709	18886680576	1885065216	366612480	16635002880	12987396096
2026-09-25T09:39:05+04:00	ck4r2-whole-1m	1	4	19919101952	23528960000	3075846144	16750149632	0	16636084224	2544709	18886811648	1885196288	366612480	16635002880	12980465664
2026-09-25T09:39:15+04:00	ck4r2-whole-1m	1	4	19919515648	23528960000	3076022272	16750149632	0	16636084224	2544709	18886942720	1885327360	366612480	16635002880	12974985216
2026-09-25T09:39:25+04:00	ck4r2-whole-1m	1	4	19920314368	23528960000	3076161536	16750149632	0	16636084224	2544709	18887073792	1885458432	366612480	16635002880	12968226816
2026-09-25T09:39:36+04:00	ck4r2-whole-1m	1	4	19919589376	23528960000	3076292608	16750149632	0	16636084224	2544709	18887204864	1885589504	366612480	16635002880	12963786752
2026-09-25T09:39:46+04:00	ck4r2-whole-1m	1	4	19920044032	23528960000	3076452352	16750149632	0	16636084224	2544709	18887335936	1885720576	366612480	16635002880	12950028288
2026-09-25T09:39:56+04:00	ck4r2-whole-1m	1	4	19919970304	23528960000	3076620288	16750149632	0	16636084224	2544709	18887598080	1885982720	366612480	16635002880	12986347520
2026-09-25T09:40:06+04:00	ck4r2-whole-1m	1	4	19920662528	23528960000	3076759552	16750149632	0	16636084224	2544709	18887729152	1886113792	366612480	16635002880	12962504704
2026-09-25T09:40:17+04:00	ck4r2-whole-1m	1	4	19920633856	23528960000	3076915200	16750149632	0	16636084224	2544709	18887860224	1886244864	366612480	16635002880	12980928512
2026-09-25T09:40:27+04:00	ck4r2-whole-1m	1	4	19920613376	23528960000	3077058560	16750149632	0	16636084224	2544709	18887991296	1886375936	366612480	16635002880	12969517056
2026-09-25T09:40:37+04:00	ck4r2-whole-1m	1	4	19920826368	23528960000	3077206016	16750149632	0	16636084224	2544709	18888122368	1886507008	366612480	16635002880	12950020096
2026-09-25T09:40:48+04:00	ck4r2-whole-1m	1	4	19921498112	23528960000	3077361664	16750149632	0	16636084224	2544709	18888384512	1886769152	366612480	16635002880	12954714112
2026-09-25T09:40:58+04:00	ck4r2-whole-1m	1	4	19921162240	23528960000	3077496832	16750149632	0	16636084224	2544709	18888384512	1886769152	366612480	16635002880	12900679680
2026-09-25T09:41:08+04:00	ck4r2-whole-1m	1	4	19921334272	23528960000	3077656576	16750149632	0	16636084224	2544709	18888646656	1887031296	366612480	16635002880	12723740672
2026-09-25T09:41:18+04:00	ck4r2-whole-1m	1	4	19921010688	23528960000	3077804032	16750149632	0	16636084224	2544709	18888777728	1887162368	366612480	16635002880	11646087168
2026-09-25T09:41:29+04:00	ck4r2-whole-1m	1	4	19921608704	23528960000	3077951488	16750149632	0	16636084224	2544709	18888908800	1887293440	366612480	16635002880	11473649664
2026-09-25T09:41:39+04:00	ck4r2-whole-1m	1	4	19922014208	23528960000	3078086656	16750149632	0	16636084224	2544709	18889039872	1887424512	366612480	16635002880	12101804032
2026-09-25T09:41:49+04:00	ck4r2-whole-1m	1	4	19922259968	23528960000	3078221824	16750149632	0	16636084224	2544709	18889170944	1887555584	366612480	16635002880	11823173632
2026-09-25T09:42:00+04:00	ck4r2-whole-1m	1	4	19838226432	23528960000	2995277824	16748544000	0	16636084224	2544709	18845523968	1846267904	364253184	16635002880	10144362496
2026-09-25T09:42:10+04:00	ck4r2-whole-1m	1	4	19647451136	23528960000	2802905088	16747962368	0	16636084224	2544709	18743549952	1750978560	357568512	16635002880	13069619200
2026-09-25T09:42:20+04:00	ck4r2-whole-1m	1	4	19647410176	23528960000	2803040256	16747962368	0	16636084224	2544709	18743681024	1751109632	357568512	16635002880	13134471168
2026-09-25T09:42:30+04:00	ck4r2-whole-1m	1	4	19647578112	23528960000	2803200000	16747962368	0	16636084224	2544709	18743812096	1751240704	357568512	16635002880	13093871616
2026-09-25T09:42:41+04:00	ck4r2-whole-1m	1	4	19647447040	23528960000	2803331072	16747962368	0	16636084224	2544709	18743943168	1751371776	357568512	16635002880	13052133376
2026-09-25T09:42:51+04:00	ck4r2-whole-1m	1	4	19648077824	23528960000	2803470336	16747962368	0	16636084224	2544709	18743943168	1751371776	357568512	16635002880	13109538816
2026-09-25T09:43:01+04:00	ck4r2-whole-1m	1	4	19648499712	23528960000	2803625984	16747962368	0	16636084224	2544709	18743943168	1751371776	357568512	16635002880	13069651968
2026-09-25T09:43:12+04:00	ck4r2-whole-1m	1	4	19648417792	23528960000	2803761152	16747962368	0	16636084224	2544709	18744074240	1751502848	357568512	16635002880	13005623296
2026-09-25T09:43:22+04:00	ck4r2-whole-1m	1	4	19648266240	23528960000	2803896320	16747962368	0	16636084224	2544709	18744074240	1751502848	357568512	16635002880	13104635904
2026-09-25T09:43:32+04:00	ck4r2-whole-1m	1	4	19651137536	23528960000	2805211136	16749518848	0	16636084224	2544709	18745401344	1752829952	357568512	16635002880	13073354752
2026-09-25T09:43:43+04:00	ck4r2-whole-1m	1	4	19653947392	23528960000	2806263808	16751079424	0	16636084224	2544709	18746388480	1753845760	357539840	16635002880	13052751872
2026-09-25T09:43:53+04:00	ck4r2-whole-1m	1	4	19378384896	23528960000	2537185280	16744951808	0	16636084224	2544709	18601422848	1626836992	339582976	16635002880	13156716544
2026-09-25T09:44:03+04:00	ck4r2-whole-1m	1	4	19378384896	23528960000	2537185280	16744951808	0	16636084224	2544709	18601422848	1626836992	339582976	16635002880	13075599360
2026-09-25T09:44:14+04:00	ck4r2-whole-1m	1	4	19378384896	23528960000	2537185280	16744951808	0	16636084224	2544709	18601422848	1626836992	339582976	16635002880	13079851008
2026-09-25T09:44:24+04:00	ck4r2-whole-1m	1	4	19378393088	23528960000	2537185280	16744951808	0	16636084224	2544709	18601422848	1626836992	339582976	16635002880	13094424576
2026-09-25T09:44:34+04:00	ck4r2-whole-1m	1	4	19378909184	23528960000	2537185280	16744951808	0	16636084224	2544709	18601422848	1626836992	339582976	16635002880	13117968384
2026-09-25T09:44:44+04:00	ck4r2-whole-1m	1	4	19378954240	23528960000	2537185280	16744951808	0	16636084224	2544709	18601422848	1626836992	339582976	16635002880	13284360192
2026-09-25T09:44:55+04:00	ck4r2-whole-1m	1	4	19378900992	23528960000	2537185280	16744951808	0	16636084224	2544709	18601422848	1626836992	339582976	16635002880	13318778880
2026-09-25T09:45:05+04:00	ck4r2-whole-1m	1	4	19378565120	23528960000	2537185280	16744951808	0	16636084224	2544709	18601422848	1626836992	339582976	16635002880	13278728192
2026-09-25T09:45:15+04:00	ck4r2-whole-1m	1	4	19367321600	23528960000	2525503488	16744763392	0	16636084224	2544709	18595131392	1621331968	338796544	16635002880	13377183744
2026-09-25T09:45:26+04:00	ck4r2-whole-1m	1	4	19367567360	23528960000	2525503488	16744763392	0	16636084224	2544709	18595131392	1621331968	338796544	16635002880	13368659968
2026-09-25T09:45:36+04:00	ck4r2-whole-1m	1	4	19334746112	23528960000	2496622592	16743714816	0	16636084224	2544709	18580582400	1608749056	336830464	16635002880	13368963072
2026-09-25T09:45:46+04:00	ck4r2-whole-1m	1	4	19332644864	23528960000	2495299584	16742875136	0	16636084224	2544709	18575994880	1607831552	333160448	16635002880	13342396416
2026-09-25T09:45:56+04:00	ck4r2-whole-1m	1	4	19332919296	23528960000	2495299584	16742875136	0	16636084224	2544709	18575994880	1607831552	333160448	16635002880	13421740032
2026-09-25T09:46:07+04:00	ck4r2-whole-1m	1	4	19332751360	23528960000	2495406080	16742875136	0	16636084224	2544709	18575994880	1607831552	333160448	16635002880	13414084608
2026-09-25T09:46:17+04:00	ck4r2-whole-1m	1	4	19332894720	23528960000	2495537152	16742875136	0	16636084224	2544709	18576125952	1607962624	333160448	16635002880	13275025408
2026-09-25T09:46:27+04:00	ck4r2-whole-1m	1	4	19332788224	23528960000	2495688704	16742875136	0	16636084224	2544709	18576257024	1608093696	333160448	16635002880	13338275840
2026-09-25T09:46:38+04:00	ck4r2-whole-1m	1	4	19331231744	23528960000	2495549440	16741134336	0	16636084224	2544709	18572455936	1608224768	329228288	16635002880	13425561600
2026-09-25T09:46:48+04:00	ck4r2-whole-1m	1	4	19331342336	23528960000	2495700992	16741027840	0	16636084224	2544709	18571800576	1608355840	328441856	16635002880	13389881344
2026-09-25T09:46:58+04:00	ck4r2-whole-1m	1	4	19331112960	23528960000	2495803392	16740921344	0	16636084224	2544709	18571538432	1608486912	328048640	16635002880	13377556480
2026-09-25T09:47:08+04:00	ck4r2-whole-1m	1	4	19329716224	23528960000	2495922176	16739430400	0	16636084224	2544709	18565640192	1608486912	322150400	16635002880	13327872000
2026-09-25T09:47:19+04:00	ck4r2-whole-1m	1	4	19329724416	23528960000	2496012288	16739086336	0	16636084224	2544709	18563936256	1608486912	320446464	16635002880	13313126400
2026-09-25T09:47:29+04:00	ck4r2-whole-1m	1	4	19329355776	23528960000	2496163840	16739086336	0	16636084224	2544709	18564198400	1608749056	320446464	16635002880	13364842496
2026-09-25T09:47:39+04:00	ck4r2-whole-1m	1	4	19329765376	23528960000	2496315392	16739086336	0	16636084224	2544709	18564329472	1608880128	320446464	16635002880	13318983680
2026-09-25T09:47:50+04:00	ck4r2-whole-1m	1	4	19328921600	23528960000	2495934464	16738398208	0	16636084224	2544709	18558955520	1609011200	314941440	16635002880	13164453888
2026-09-25T09:48:00+04:00	ck4r2-whole-1m	1	4	19329200128	23528960000	2496090112	16738074624	0	16636084224	2544709	18558038016	1609142272	313892864	16635002880	13479211008
2026-09-25T09:48:10+04:00	ck4r2-whole-1m	1	4	19329318912	23528960000	2496237568	16738074624	0	16636084224	2544709	18558169088	1609273344	313892864	16635002880	13436342272
2026-09-25T09:48:20+04:00	ck4r2-whole-1m	1	4	19327688704	23528960000	2496233472	16737247232	0	16636084224	2544709	18554236928	1609535488	309698560	16635002880	13435224064
2026-09-25T09:48:31+04:00	ck4r2-whole-1m	1	4	19328147456	23528960000	2496368640	16737247232	0	16636084224	2544709	18554368000	1609666560	309698560	16635002880	13502402560
2026-09-25T09:48:41+04:00	ck4r2-whole-1m	1	4	19328319488	23528960000	2496532480	16737247232	0	16636084224	2544709	18554499072	1609797632	309698560	16635002880	12959031296
2026-09-25T09:48:51+04:00	ck4r2-whole-1m	1	4	19331420160	23528960000	2496544768	16740814848	0	16636084224	2544709	18546765824	1609928704	301834240	16635002880	11756236800
2026-09-25T09:49:02+04:00	ck4r2-whole-1m	1	4	19331817472	23528960000	2496679936	16740814848	0	16636084224	2544709	18546896896	1610059776	301834240	16635002880	11040075776
2026-09-25T09:49:12+04:00	ck4r2-whole-1m	1	4	19325595648	23528960000	2496815104	16734769152	0	16636084224	2544709	18536804352	1610190848	291610624	16635002880	13498064896
2026-09-25T09:49:22+04:00	ck4r2-whole-1m	1	4	19326517248	23528960000	2496946176	16734769152	0	16636084224	2544709	18536935424	1610321920	291610624	16635002880	13452075008
2026-09-25T09:49:32+04:00	ck4r2-whole-1m	1	4	19326640128	23528960000	2497118208	16734769152	0	16636084224	2544709	18537066496	1610452992	291610624	16635002880	13438779392
2026-09-25T09:49:43+04:00	ck4r2-whole-1m	1	4	19336933376	23528960000	2498256896	16744574976	0	16636084224	2544709	18542338048	1611661312	295673856	16635002880	13406466048
2026-09-25T09:49:53+04:00	ck4r2-whole-1m	1	4	19343704064	23528960000	2499612672	16749969408	0	16636084224	2544709	18546118656	1613074432	298041344	16635002880	13503385600
2026-09-25T09:50:03+04:00	ck4r2-whole-1m	1	4	19345784832	23528960000	2499817472	16751521792	0	16636084224	2544709	18546053120	1613074432	297975808	16635002880	13513285632
2026-09-25T09:50:13+04:00	ck4r2-whole-1m	1	4	19345793024	23528960000	2499817472	16751521792	0	16636084224	2544709	18546053120	1613074432	297975808	16635002880	13466607616
2026-09-25T09:50:24+04:00	ck4r2-whole-1m	1	4	19346280448	23528960000	2499817472	16751521792	0	16636084224	2544709	18546053120	1613074432	297975808	16635002880	13408251904
2026-09-25T09:50:34+04:00	ck4r2-whole-1m	1	4	19346305024	23528960000	2499817472	16751521792	0	16636084224	2544709	18546053120	1613074432	297975808	16635002880	13469335552
2026-09-25T09:50:44+04:00	ck4r2-whole-1m	1	4	19346010112	23528960000	2499817472	16751521792	0	16636084224	2544709	18546053120	1613074432	297975808	16635002880	13440602112
2026-09-25T09:50:55+04:00	ck4r2-whole-1m	1	4	19346341888	23528960000	2499817472	16751521792	0	16636084224	2544709	18546053120	1613074432	297975808	16635002880	13482102784
2026-09-25T09:51:05+04:00	ck4r2-whole-1m	1	4	19346276352	23528960000	2499817472	16751521792	0	16636084224	2544709	18546053120	1613074432	297975808	16635002880	13440544768
2026-09-25T09:51:15+04:00	ck4r2-whole-1m	1	4	19346055168	23528960000	2499817472	16751521792	0	16636084224	2544709	18546053120	1613074432	297975808	16635002880	13417746432
2026-09-25T09:51:25+04:00	ck4r2-whole-1m	1	4	19345559552	23528960000	2499817472	16751521792	0	16636084224	2544709	18546053120	1613074432	297975808	16635002880	13508706304
2026-09-25T09:51:36+04:00	ck4r2-whole-1m	1	4	19346305024	23528960000	2499817472	16751521792	0	16636084224	2544709	18546053120	1613074432	297975808	16635002880	13452632064
2026-09-25T09:51:46+04:00	ck4r2-whole-1m	1	4	19346255872	23528960000	2499817472	16751521792	0	16636084224	2544709	18546053120	1613074432	297975808	16635002880	12208631808
2026-09-25T09:51:56+04:00	ck4r2-whole-1m	1	4	19479658496	23528960000	2622861312	16751976448	0	16636084224	2544709	18668736512	1735757824	297975808	16635002880	10994995200
2026-09-25T09:52:06+04:00	ck4r2-whole-1m	1	4	19400421376	23528960000	2545410048	16749449216	0	16636084224	2544709	18585374720	1670877184	279494656	16635002880	13470715904
2026-09-25T09:52:17+04:00	ck4r2-whole-1m	1	4	19400421376	23528960000	2545410048	16749449216	0	16636084224	2544709	18585374720	1670877184	279494656	16635002880	13415460864
2026-09-25T09:52:27+04:00	ck4r2-whole-1m	1	4	19401154560	23528960000	2545410048	16749449216	0	16636084224	2544709	18585374720	1670877184	279494656	16635002880	13192712192
2026-09-25T09:52:37+04:00	ck4r2-whole-1m	1	4	19400683520	23528960000	2545410048	16749449216	0	16636084224	2544709	18585374720	1670877184	279494656	16635002880	13381918720
2026-09-25T09:52:48+04:00	ck4r2-whole-1m	1	4	19400904704	23528960000	2545410048	16749449216	0	16636084224	2544709	18585374720	1670877184	279494656	16635002880	12302827520
2026-09-25T09:52:58+04:00	ck4r2-whole-1m	1	4	19400945664	23528960000	2545410048	16749449216	0	16636084224	2544709	18585374720	1670877184	279494656	16635002880	11082792960
2026-09-25T09:53:08+04:00	ck4r2-whole-1m	1	4	19347550208	23528960000	2495442944	16746749952	0	16636084224	2544709	18519707648	1620938752	263766016	16635002880	12993687552
2026-09-25T09:53:18+04:00	ck4r2-whole-1m	1	4	19348049920	23528960000	2495442944	16746749952	0	16636084224	2544709	18519707648	1620938752	263766016	16635002880	13441253376
2026-09-25T09:53:29+04:00	ck4r2-whole-1m	1	4	19347730432	23528960000	2495442944	16746749952	0	16636084224	2544709	18519707648	1620938752	263766016	16635002880	13359652864
2026-09-25T09:53:39+04:00	ck4r2-whole-1m	1	4	19348185088	23528960000	2495442944	16746749952	0	16636084224	2544709	18519707648	1620938752	263766016	16635002880	13384826880
2026-09-25T09:53:49+04:00	ck4r2-whole-1m	1	4	19347615744	23528960000	2495442944	16746749952	0	16636084224	2544709	18519707648	1620938752	263766016	16635002880	13498597376
2026-09-25T09:53:59+04:00	ck4r2-whole-1m	1	4	19347570688	23528960000	2495442944	16746749952	0	16636084224	2544709	18519707648	1620938752	263766016	16635002880	13484363776
2026-09-25T09:54:10+04:00	ck4r2-whole-1m	1	4	19348021248	23528960000	2495442944	16746749952	0	16636084224	2544709	18519707648	1620938752	263766016	16635002880	13453373440
2026-09-25T09:54:20+04:00	ck4r2-whole-1m	1	4	19347980288	23528960000	2495442944	16746749952	0	16636084224	2544709	18519707648	1620938752	263766016	16635002880	11064246272
2026-09-25T09:54:30+04:00	ck4r2-whole-1m	1	4	19346378752	23528960000	2494926848	16745586688	0	16636084224	2544709	18513154048	1620938752	257212416	16635002880	11195727872
2026-09-25T09:54:41+04:00	ck4r2-whole-1m	1	4	19344805888	23528960000	2494873600	16743923712	0	16636084224	2544709	18497294336	1620938752	241352704	16635002880	13454659584
2026-09-25T09:54:51+04:00	ck4r2-whole-1m	1	4	19344076800	23528960000	2494873600	16743923712	0	16636084224	2544709	18497294336	1620938752	241352704	16635002880	13490675712
2026-09-25T09:55:01+04:00	ck4r2-whole-1m	1	4	19344531456	23528960000	2494873600	16743923712	0	16636084224	2544709	18497294336	1620938752	241352704	16635002880	13471965184
2026-09-25T09:55:11+04:00	ck4r2-whole-1m	1	4	19344728064	23528960000	2494873600	16743923712	0	16636084224	2544709	18497294336	1620938752	241352704	16635002880	13435858944
2026-09-25T09:55:22+04:00	ck4r2-whole-1m	1	4	19344932864	23528960000	2494873600	16743923712	0	16636084224	2544709	18497294336	1620938752	241352704	16635002880	13426094080
2026-09-25T09:55:32+04:00	ck4r2-whole-1m	1	4	19344875520	23528960000	2494873600	16743923712	0	16636084224	2544709	18497294336	1620938752	241352704	16635002880	13412356096
2026-09-25T09:55:42+04:00	ck4r2-whole-1m	1	4	19344334848	23528960000	2494873600	16743923712	0	16636084224	2544709	18497294336	1620938752	241352704	16635002880	13479415808
2026-09-25T09:55:52+04:00	ck4r2-whole-1m	1	4	19344744448	23528960000	2494873600	16743923712	0	16636084224	2544709	18497294336	1620938752	241352704	16635002880	13459910656
2026-09-25T09:56:03+04:00	ck4r2-whole-1m	1	4	19345145856	23528960000	2494877696	16744988672	0	16636084224	2544709	18497359872	1620938752	241418240	16635002880	13455097856
2026-09-25T09:56:13+04:00	ck4r2-whole-1m	1	4	19347345408	23528960000	2494918656	16747081728	0	16636084224	2544709	18497359872	1620938752	241418240	16635002880	13476294656
2026-09-25T09:56:23+04:00	ck4r2-whole-1m	1	4	19412832256	23528960000	2558607360	16748642304	0	16636084224	2544709	18497359872	1620938752	241418240	16635002880	13369708544
2026-09-25T09:56:33+04:00	ck4r2-whole-1m	1	4	19412836352	23528960000	2558607360	16748642304	0	16636084224	2544709	18497359872	1620938752	241418240	16635002880	13374275584
2026-09-25T09:56:44+04:00	ck4r2-whole-1m	1	4	19406131200	23528960000	2552922112	16747384832	0	16636084224	2544709	18483990528	1618055168	230932480	16635002880	10457460736
2026-09-25T09:56:54+04:00	ck4r2-whole-1m	1	4	19396313088	23528960000	2552782848	16738021376	0	16636084224	2544709	18447159296	1617924096	194232320	16635002880	10146480128
2026-09-25T09:57:04+04:00	ck4r2-whole-1m	1	4	19422556160	23528960000	2578743296	16737820672	0	16636080128	2544709	18338369536	1614254080	146915328	16577200128	7260311552
2026-09-25T09:57:25+04:00	ck4r2-mirror-1m	0	0	2284900352	2285424640	1582354432	675733504	0	77606912	2792291	942919680	508547072	357826560	77594624	30782582784
2026-09-25T09:57:35+04:00	ck4r2-mirror-1m	0	0	14161121280	14162432000	11874091008	2234077184	0	1488994304	2792291	12684087296	10807881728	388931584	1488977920	18799800320
2026-09-25T09:57:45+04:00	ck4r2-mirror-1m	0	0	14554738688	14594469888	12195672064	2302271488	0	1494622208	2792291	13007372288	11121598464	391290880	1494482944	18454851584
2026-09-25T09:57:55+04:00	ck4r2-mirror-1m	0	0	14645129216	16054345728	12870680576	1719791616	0	91627520	2792291	12388974592	11796488192	500998144	91488256	19276070912
2026-09-25T09:58:06+04:00	ck4r2-mirror-1m	0	0	14645133312	16054345728	12870680576	1719791616	0	91627520	2792291	12388974592	11796488192	500998144	91488256	19275620352
2026-09-25T09:58:16+04:00	ck4r2-mirror-1m	0	0	15129567232	16054345728	13156040704	1916350464	0	91627520	2792291	12682641408	12081897472	509255680	91488256	18967134208
2026-09-25T09:58:26+04:00	ck4r2-mirror-1m	1	0	15368572928	16054345728	13394489344	1916547072	0	91627520	2792291	12924338176	12320186368	512663552	91488256	18703716352
2026-09-25T09:58:36+04:00	ck4r2-mirror-1m	1	0	15631810560	16054345728	13636067328	1935998976	0	91627520	2792291	12927614976	12320317440	515809280	91488256	18558418944
2026-09-25T09:58:46+04:00	ck4r2-mirror-1m	1	0	15631810560	16054345728	13636067328	1935998976	0	91627520	2792291	12927614976	12320317440	515809280	91488256	18550673408
2026-09-25T09:58:57+04:00	ck4r2-mirror-1m	1	1	16157708288	16325271552	14155972608	1939423232	0	91627520	2792291	12931547136	12324249600	515809280	91488256	17393197056
2026-09-25T09:59:07+04:00	ck4r2-mirror-1m	1	1	16157523968	16325271552	14155972608	1939423232	0	91627520	2792291	12931547136	12324249600	515809280	91488256	16361156608
2026-09-25T09:59:17+04:00	ck4r2-mirror-1m	1	1	16157777920	16325271552	14155972608	1939423232	0	91627520	2792291	12931547136	12324249600	515809280	91488256	15415111680
2026-09-25T09:59:28+04:00	ck4r2-mirror-1m	1	1	16157786112	16325271552	14155972608	1939423232	0	91627520	2792291	12931547136	12324249600	515809280	91488256	18009382912
2026-09-25T09:59:38+04:00	ck4r2-mirror-1m	1	1	16157782016	16325271552	14155972608	1939423232	0	91627520	2792291	12931547136	12324249600	515809280	91488256	16826310656
2026-09-25T09:59:48+04:00	ck4r2-mirror-1m	1	1	16157773824	16325271552	14155972608	1939423232	0	91627520	2792291	12931547136	12324249600	515809280	91488256	16193294336
2026-09-25T09:59:58+04:00	ck4r2-mirror-1m	1	1	16157782016	16325271552	14155972608	1939423232	0	91627520	2792291	12931547136	12324249600	515809280	91488256	14994571264
2026-09-25T10:00:08+04:00	ck4r2-mirror-1m	1	1	16157786112	16325271552	14155972608	1939423232	0	91627520	2792291	12931547136	12324249600	515809280	91488256	17885573120
2026-09-25T10:00:19+04:00	ck4r2-mirror-1m	1	1	16157777920	16325271552	14155972608	1939423232	0	91627520	2792291	12931547136	12324249600	515809280	91488256	17876197376
2026-09-25T10:00:29+04:00	ck4r2-mirror-1m	1	1	16157786112	16325271552	14155976704	1939423232	0	91627520	2792291	12931547136	12324249600	515809280	91488256	17947136000
2026-09-25T10:00:39+04:00	ck4r2-mirror-1m	1	1	16157519872	16325271552	14155976704	1939423232	0	91627520	2792291	12931547136	12324249600	515809280	91488256	17861885952
2026-09-25T10:00:50+04:00	ck4r2-mirror-1m	1	1	16157523968	16325271552	14155976704	1939423232	0	91627520	2792291	12931547136	12324249600	515809280	91488256	17885245440
2026-09-25T10:01:00+04:00	ck4r2-mirror-1m	1	1	16157519872	16325271552	14155976704	1939423232	0	91627520	2792291	12931547136	12324249600	515809280	91488256	17905627136
2026-09-25T10:01:10+04:00	ck4r2-mirror-1m	1	1	16157519872	16325271552	14155976704	1939423232	0	91627520	2792291	12931547136	12324249600	515809280	91488256	17825361920
2026-09-25T10:01:21+04:00	ck4r2-mirror-1m	1	1	16157523968	16325271552	14155976704	1939423232	0	91627520	2792291	12931547136	12324249600	515809280	91488256	17940103168
2026-09-25T10:01:31+04:00	ck4r2-mirror-1m	1	1	16157782016	16325271552	14155976704	1939423232	0	91627520	2792291	12931547136	12324249600	515809280	91488256	17925906432
2026-09-25T10:01:41+04:00	ck4r2-mirror-1m	1	1	16157773824	16325271552	14155976704	1939423232	0	91627520	2792291	12931547136	12324249600	515809280	91488256	17906352128
2026-09-25T10:01:51+04:00	ck4r2-mirror-1m	1	1	16157523968	16325271552	14155976704	1939423232	0	91627520	2792291	12931547136	12324249600	515809280	91488256	17825951744
2026-09-25T10:02:02+04:00	ck4r2-mirror-1m	1	1	16157519872	16325271552	14155976704	1939423232	0	91627520	2792291	12931547136	12324249600	515809280	91488256	17855492096
2026-09-25T10:02:12+04:00	ck4r2-mirror-1m	1	1	16157523968	16325271552	14155976704	1939423232	0	91627520	2792291	12931547136	12324249600	515809280	91488256	17853550592
2026-09-25T10:02:22+04:00	ck4r2-mirror-1m	1	1	16157782016	16325271552	14155976704	1939423232	0	91627520	2792291	12931547136	12324249600	515809280	91488256	17808764928
2026-09-25T10:02:32+04:00	ck4r2-mirror-1m	1	1	16157523968	16325271552	14155976704	1939423232	0	91627520	2792291	12931547136	12324249600	515809280	91488256	17903005696
2026-09-25T10:02:42+04:00	ck4r2-mirror-1m	1	1	16157786112	16325271552	14155976704	1939423232	0	91627520	2792291	12931547136	12324249600	515809280	91488256	18055823360
2026-09-25T10:02:53+04:00	ck4r2-mirror-1m	1	1	16157523968	16325271552	14155976704	1939423232	0	91627520	2792291	12931547136	12324249600	515809280	91488256	18039422976
2026-09-25T10:03:03+04:00	ck4r2-mirror-1m	1	1	16157523968	16325271552	14155976704	1939423232	0	91627520	2792291	12931547136	12324249600	515809280	91488256	18007814144
2026-09-25T10:03:13+04:00	ck4r2-mirror-1m	1	1	16157523968	16325271552	14155976704	1939423232	0	91627520	2792291	12931547136	12324249600	515809280	91488256	16042168320
2026-09-25T10:03:23+04:00	ck4r2-mirror-1m	1	1	16157523968	16325271552	14155976704	1939423232	0	91627520	2792291	12931547136	12324249600	515809280	91488256	15932043264
2026-09-25T10:03:33+04:00	ck4r2-mirror-1m	1	1	16157523968	16325271552	14155976704	1939423232	0	91627520	2792291	12931547136	12324249600	515809280	91488256	17976045568
2026-09-25T10:03:44+04:00	ck4r2-mirror-1m	1	1	16157769728	16325271552	14155976704	1939423232	0	91627520	2792291	12931547136	12324249600	515809280	91488256	18028212224
2026-09-25T10:03:54+04:00	ck4r2-mirror-1m	1	1	16157523968	16325271552	14155976704	1939423232	0	91627520	2792291	12931547136	12324249600	515809280	91488256	18010808320
2026-09-25T10:04:04+04:00	ck4r2-mirror-1m	1	1	16157523968	16325271552	14155976704	1939423232	0	91627520	2792291	12931547136	12324249600	515809280	91488256	17978093568
2026-09-25T10:04:14+04:00	ck4r2-mirror-1m	1	1	16157523968	16325271552	14155976704	1939423232	0	91627520	2792291	12931547136	12324249600	515809280	91488256	18059575296
2026-09-25T10:04:25+04:00	ck4r2-mirror-1m	1	1	16157523968	16325271552	14155976704	1939423232	0	91627520	2792291	12931547136	12324249600	515809280	91488256	15658139648
2026-09-25T10:04:35+04:00	ck4r2-mirror-1m	1	1	16157528064	16325271552	14155976704	1939423232	0	91627520	2792291	12931547136	12324249600	515809280	91488256	15647449088
2026-09-25T10:04:45+04:00	ck4r2-mirror-1m	1	1	16157528064	16325271552	14155976704	1939423232	0	91627520	2792291	12931547136	12324249600	515809280	91488256	18064633856
2026-09-25T10:04:55+04:00	ck4r2-mirror-1m	1	1	16157532160	16325271552	14155976704	1939423232	0	91627520	2792291	12931547136	12324249600	515809280	91488256	18029305856
2026-09-25T10:05:05+04:00	ck4r2-mirror-1m	1	1	16157790208	16325271552	14155976704	1939423232	0	91627520	2792291	12931547136	12324249600	515809280	91488256	18006843392
2026-09-25T10:05:16+04:00	ck4r2-mirror-1m	1	1	16157790208	16325271552	14155976704	1939423232	0	91627520	2792291	12931547136	12324249600	515809280	91488256	17820344320
2026-09-25T10:05:26+04:00	ck4r2-mirror-1m	1	1	16157782016	16325271552	14155976704	1939423232	0	91627520	2792291	12931547136	12324249600	515809280	91488256	17801940992
2026-09-25T10:05:36+04:00	ck4r2-mirror-1m	1	1	16157528064	16325271552	14155976704	1939423232	0	91627520	2792291	12931547136	12324249600	515809280	91488256	15882203136
2026-09-25T10:05:46+04:00	ck4r2-mirror-1m	1	1	16157790208	16325271552	14155976704	1939423232	0	91627520	2792291	12931547136	12324249600	515809280	91488256	15485095936
2026-09-25T10:05:57+04:00	ck4r2-mirror-1m	1	1	16157532160	16325271552	14155976704	1939423232	0	91627520	2792291	12931547136	12324249600	515809280	91488256	17882161152
2026-09-25T10:06:07+04:00	ck4r2-mirror-1m	1	1	16157532160	16325271552	14155980800	1939423232	0	91627520	2792291	12931547136	12324249600	515809280	91488256	17857445888
2026-09-25T10:06:17+04:00	ck4r2-mirror-1m	1	1	16157790208	16325271552	14155980800	1939423232	0	91627520	2792291	12931547136	12324249600	515809280	91488256	17927700480
2026-09-25T10:06:27+04:00	ck4r2-mirror-1m	1	1	16157523968	16325271552	14155980800	1939423232	0	91627520	2792291	12931547136	12324249600	515809280	91488256	17864044544
2026-09-25T10:06:37+04:00	ck4r2-mirror-1m	1	1	16157790208	16325271552	14155980800	1939423232	0	91627520	2792291	12931547136	12324249600	515809280	91488256	17909854208
2026-09-25T10:06:48+04:00	ck4r2-mirror-1m	1	1	16157532160	16325271552	14155980800	1939423232	0	91627520	2792291	12931547136	12324249600	515809280	91488256	17900277760
2026-09-25T10:06:58+04:00	ck4r2-mirror-1m	1	1	16157532160	16325271552	14155980800	1939423232	0	91627520	2792291	12931547136	12324249600	515809280	91488256	17852375040
2026-09-25T10:07:08+04:00	ck4r2-mirror-1m	1	1	16157794304	16325271552	14155980800	1939423232	0	91627520	2792291	12931547136	12324249600	515809280	91488256	17868054528
2026-09-25T10:07:18+04:00	ck4r2-mirror-1m	1	1	16157790208	16325271552	14155980800	1939423232	0	91627520	2792291	12931547136	12324249600	515809280	91488256	17857556480
2026-09-25T10:07:28+04:00	ck4r2-mirror-1m	1	1	16157786112	16325271552	14155980800	1939423232	0	91627520	2792291	12931547136	12324249600	515809280	91488256	17899864064
2026-09-25T10:07:39+04:00	ck4r2-mirror-1m	1	1	16161566720	16325271552	14156656640	1942241280	0	91627520	2792291	12932464640	12325167104	515809280	91488256	17852477440
2026-09-25T10:07:49+04:00	ck4r2-mirror-1m	1	3	16347803648	16473997312	14324613120	1960091648	0	91627520	2792291	12934672384	12326326272	516857856	91488256	17661747200
2026-09-25T10:07:59+04:00	ck4r2-mirror-1m	1	3	16348065792	16473997312	14324613120	1960091648	0	91627520	2792291	12934672384	12326326272	516857856	91488256	17674891264
2026-09-25T10:08:10+04:00	ck4r2-mirror-1m	1	3	16347803648	16473997312	14324613120	1960091648	0	91627520	2792291	12934672384	12326326272	516857856	91488256	17649004544
2026-09-25T10:08:20+04:00	ck4r2-mirror-1m	1	3	16348053504	16473997312	14324613120	1960091648	0	91627520	2792291	12934672384	12326326272	516857856	91488256	17738903552
2026-09-25T10:08:30+04:00	ck4r2-mirror-1m	1	3	16348065792	16473997312	14324613120	1960091648	0	91627520	2792291	12934672384	12326326272	516857856	91488256	17810718720
2026-09-25T10:08:40+04:00	ck4r2-mirror-1m	1	3	16347807744	16473997312	14324613120	1960091648	0	91627520	2792291	12934672384	12326326272	516857856	91488256	16733593600
2026-09-25T10:08:51+04:00	ck4r2-mirror-1m	1	3	16348069888	16473997312	14324613120	1960091648	0	91627520	2792291	12934672384	12326326272	516857856	91488256	16292139008
2026-09-25T10:09:01+04:00	ck4r2-mirror-1m	1	3	16348053504	16473997312	14324613120	1960091648	0	91627520	2792291	12934672384	12326326272	516857856	91488256	16167526400
2026-09-25T10:09:11+04:00	ck4r2-mirror-1m	1	3	16347807744	16473997312	14324613120	1960091648	0	91627520	2792291	12934672384	12326326272	516857856	91488256	17716109312
2026-09-25T10:09:22+04:00	ck4r2-mirror-1m	1	3	16348065792	16473997312	14324613120	1960091648	0	91627520	2792291	12934672384	12326326272	516857856	91488256	17681276928
2026-09-25T10:09:32+04:00	ck4r2-mirror-1m	1	3	16347803648	16473997312	14324613120	1960091648	0	91627520	2792291	12934672384	12326326272	516857856	91488256	17738526720
2026-09-25T10:09:42+04:00	ck4r2-mirror-1m	1	3	16348069888	16473997312	14324613120	1960091648	0	91627520	2792291	12934672384	12326326272	516857856	91488256	17769177088
2026-09-25T10:09:52+04:00	ck4r2-mirror-1m	1	3	16347807744	16473997312	14324613120	1960091648	0	91627520	2792291	12934672384	12326326272	516857856	91488256	17704833024
2026-09-25T10:10:03+04:00	ck4r2-mirror-1m	1	3	16347803648	16473997312	14324613120	1960091648	0	91627520	2792291	12934672384	12326326272	516857856	91488256	17619795968
2026-09-25T10:10:13+04:00	ck4r2-mirror-1m	1	3	16347811840	16473997312	14324613120	1960091648	0	91627520	2792291	12934672384	12326326272	516857856	91488256	17772290048
2026-09-25T10:10:23+04:00	ck4r2-mirror-1m	1	3	16348069888	16473997312	14324613120	1960091648	0	91627520	2792291	12934672384	12326326272	516857856	91488256	17753415680
2026-09-25T10:10:33+04:00	ck4r2-mirror-1m	1	3	16348061696	16473997312	14324613120	1960091648	0	91627520	2792291	12934672384	12326326272	516857856	91488256	17721221120
2026-09-25T10:10:43+04:00	ck4r2-mirror-1m	1	3	16347811840	16473997312	14324613120	1960091648	0	91627520	2792291	12934672384	12326326272	516857856	91488256	17794514944
2026-09-25T10:10:54+04:00	ck4r2-mirror-1m	1	3	16347803648	16473997312	14324613120	1960091648	0	91627520	2792291	12934672384	12326326272	516857856	91488256	17703047168
2026-09-25T10:11:04+04:00	ck4r2-mirror-1m	1	3	16347803648	16473997312	14324613120	1960091648	0	91627520	2792291	12934672384	12326326272	516857856	91488256	17584279552
2026-09-25T10:11:14+04:00	ck4r2-mirror-1m	1	3	16347807744	16473997312	14324613120	1960091648	0	91627520	2792291	12934672384	12326326272	516857856	91488256	17683603456
2026-09-25T10:11:25+04:00	ck4r2-mirror-1m	1	3	16347803648	16473997312	14324613120	1960091648	0	91627520	2792291	12934672384	12326326272	516857856	91488256	17663352832
2026-09-25T10:11:35+04:00	ck4r2-mirror-1m	1	3	16348069888	16473997312	14324613120	1960091648	0	91627520	2792291	12934672384	12326326272	516857856	91488256	17734283264
2026-09-25T10:11:45+04:00	ck4r2-mirror-1m	1	3	16347807744	16473997312	14324613120	1960091648	0	91627520	2792291	12934672384	12326326272	516857856	91488256	17813966848
2026-09-25T10:11:55+04:00	ck4r2-mirror-1m	1	3	16347807744	16473997312	14324613120	1960091648	0	91627520	2792291	12934672384	12326326272	516857856	91488256	17874640896
2026-09-25T10:12:05+04:00	ck4r2-mirror-1m	1	3	16347811840	16473997312	14324613120	1960091648	0	91627520	2792291	12934672384	12326326272	516857856	91488256	17842864128
2026-09-25T10:12:16+04:00	ck4r2-mirror-1m	1	3	16348069888	16473997312	14324613120	1960091648	0	91627520	2792291	12934672384	12326326272	516857856	91488256	17870430208
2026-09-25T10:12:26+04:00	ck4r2-mirror-1m	1	3	16347807744	16473997312	14324613120	1960091648	0	91627520	2792291	12934672384	12326326272	516857856	91488256	17500975104
2026-09-25T10:12:36+04:00	ck4r2-mirror-1m	1	3	16348061696	16473997312	14324613120	1960091648	0	91627520	2792291	12934672384	12326326272	516857856	91488256	16214167552
2026-09-25T10:12:46+04:00	ck4r2-mirror-1m	1	3	16347807744	16473997312	14324613120	1960091648	0	91627520	2792291	12934672384	12326326272	516857856	91488256	16030220288
2026-09-25T10:12:56+04:00	ck4r2-mirror-1m	1	3	16347807744	16473997312	14324613120	1960091648	0	91627520	2792291	12934672384	12326326272	516857856	91488256	15447924736
2026-09-25T10:13:07+04:00	ck4r2-mirror-1m	1	3	16347807744	16473997312	14324613120	1960091648	0	91627520	2792291	12934672384	12326326272	516857856	91488256	17868808192
2026-09-25T10:13:17+04:00	ck4r2-mirror-1m	1	3	16347803648	16473997312	14324613120	1960091648	0	91627520	2792291	12934672384	12326326272	516857856	91488256	17861496832
2026-09-25T10:13:27+04:00	ck4r2-mirror-1m	1	3	16347803648	16473997312	14324613120	1960091648	0	91627520	2792291	12934672384	12326326272	516857856	91488256	17840762880
2026-09-25T10:13:38+04:00	ck4r2-mirror-1m	1	3	16347807744	16473997312	14324613120	1960091648	0	91627520	2792291	12934672384	12326326272	516857856	91488256	17742094336
2026-09-25T10:13:48+04:00	ck4r2-mirror-1m	1	3	16347807744	16473997312	14324613120	1960091648	0	91627520	2792291	12934672384	12326326272	516857856	91488256	17793232896
2026-09-25T10:13:58+04:00	ck4r2-mirror-1m	1	3	16348065792	16473997312	14324613120	1960091648	0	91627520	2792291	12934672384	12326326272	516857856	91488256	17876979712
2026-09-25T10:14:09+04:00	ck4r2-mirror-1m	1	3	16347807744	16473997312	14324613120	1960091648	0	91627520	2792291	12934672384	12326326272	516857856	91488256	17789861888
2026-09-25T10:14:19+04:00	ck4r2-mirror-1m	1	3	16348057600	16473997312	14324613120	1960091648	0	91627520	2792291	12934672384	12326326272	516857856	91488256	17816092672
2026-09-25T10:14:29+04:00	ck4r2-mirror-1m	1	3	16348057600	16473997312	14324613120	1960091648	0	91627520	2792291	12934672384	12326326272	516857856	91488256	17870946304
2026-09-25T10:14:39+04:00	ck4r2-mirror-1m	1	3	16348061696	16473997312	14324613120	1960091648	0	91627520	2792291	12934672384	12326326272	516857856	91488256	17865441280
2026-09-25T10:14:49+04:00	ck4r2-mirror-1m	1	3	16347803648	16473997312	14324613120	1960091648	0	91627520	2792291	12934672384	12326326272	516857856	91488256	17764470784
2026-09-25T10:15:00+04:00	ck4r2-mirror-1m	1	3	16347803648	16473997312	14324613120	1960091648	0	91627520	2792291	12934672384	12326326272	516857856	91488256	17709744128
2026-09-25T10:15:10+04:00	ck4r2-mirror-1m	1	3	16347803648	16473997312	14324613120	1960091648	0	91627520	2792291	12934672384	12326326272	516857856	91488256	17757851648
2026-09-25T10:15:20+04:00	ck4r2-mirror-1m	1	3	16347803648	16473997312	14324613120	1960091648	0	91627520	2792291	12934672384	12326326272	516857856	91488256	17720619008
2026-09-25T10:15:30+04:00	ck4r2-mirror-1m	1	3	16347803648	16473997312	14324613120	1960091648	0	91627520	2792291	12934672384	12326326272	516857856	91488256	17870356480
2026-09-25T10:15:41+04:00	ck4r2-mirror-1m	1	3	16348069888	16473997312	14324613120	1960091648	0	91627520	2792291	12934672384	12326326272	516857856	91488256	17693933568
2026-09-25T10:15:51+04:00	ck4r2-mirror-1m	1	3	16348065792	16473997312	14324613120	1960091648	0	91627520	2792291	12934672384	12326326272	516857856	91488256	17749078016
2026-09-25T10:16:01+04:00	ck4r2-mirror-1m	1	3	16348065792	16473997312	14324613120	1960091648	0	91627520	2792291	12934672384	12326326272	516857856	91488256	17951932416
2026-09-25T10:16:11+04:00	ck4r2-mirror-1m	1	3	16347811840	16473997312	14324613120	1960091648	0	91627520	2792291	12934672384	12326326272	516857856	91488256	17965502464
2026-09-25T10:16:21+04:00	ck4r2-mirror-1m	1	3	16347803648	16473997312	14324613120	1960091648	0	91627520	2792291	12934672384	12326326272	516857856	91488256	17721065472
2026-09-25T10:16:32+04:00	ck4r2-mirror-1m	1	4	15983251456	16473997312	13958148096	1962553344	0	91627520	2792291	12934717440	12326371328	516857856	91488256	18299834368
2026-09-25T10:16:42+04:00	ck4r2-mirror-1m	1	4	15987724288	16473997312	13958160384	1967210496	0	91627520	2792291	12934717440	12326371328	516857856	91488256	15312756736
2026-09-25T10:16:52+04:00	ck4r2-mirror-1m	1	4	15980326912	16473997312	13958160384	1959563264	0	91627520	2792291	12934717440	12326371328	516857856	91488256	16073961472
2026-09-25T10:17:03+04:00	ck4r2-mirror-1m	1	4	15893020672	16473997312	13958160384	1871982592	0	91627520	2792291	12934717440	12326371328	516857856	91488256	15453388800
2026-09-25T10:17:13+04:00	ck4r2-mirror-1m	1	4	15657738240	16473997312	13958160384	1633792000	0	91627520	2792291	12934717440	12326371328	516857856	91488256	12893028352
2026-09-25T10:17:23+04:00	ck4r2-mirror-1m	1	4	15619964928	16473997312	13958160384	1598672896	0	91627520	2792291	12934717440	12326371328	516857856	91488256	18499530752
2026-09-25T10:17:33+04:00	ck4r2-mirror-1m	1	4	15619444736	16473997312	13958160384	1598672896	0	91627520	2792291	12934717440	12326371328	516857856	91488256	18499719168
2026-09-25T10:17:44+04:00	ck4r2-mirror-1m	1	4	15619710976	16473997312	13958160384	1598672896	0	91627520	2792291	12934717440	12326371328	516857856	91488256	18480250880
2026-09-25T10:17:54+04:00	ck4r2-mirror-1m	1	4	15619448832	16473997312	13958160384	1598672896	0	91627520	2792291	12934717440	12326371328	516857856	91488256	18450128896
2026-09-25T10:18:04+04:00	ck4r2-mirror-1m	1	4	15619190784	16473997312	13958160384	1598672896	0	91627520	2792291	12934717440	12326371328	516857856	91488256	18531917824
2026-09-25T10:18:14+04:00	ck4r2-mirror-1m	1	4	15619710976	16473997312	13958160384	1598672896	0	91627520	2792291	12934717440	12326371328	516857856	91488256	18527657984
2026-09-25T10:18:24+04:00	ck4r2-mirror-1m	1	4	15619457024	16473997312	13958160384	1598672896	0	91627520	2792291	12934717440	12326371328	516857856	91488256	18386747392
2026-09-25T10:18:35+04:00	ck4r2-mirror-1m	1	4	15619448832	16473997312	13958160384	1598672896	0	91627520	2792291	12934717440	12326371328	516857856	91488256	18474835968
2026-09-25T10:18:45+04:00	ck4r2-mirror-1m	1	4	15619903488	16473997312	13958160384	1598672896	0	91627520	2792291	12934717440	12326371328	516857856	91488256	18464854016
2026-09-25T10:18:55+04:00	ck4r2-mirror-1m	1	4	15619338240	16473997312	13958160384	1598672896	0	91627520	2792291	12934717440	12326371328	516857856	91488256	18440536064
2026-09-25T10:19:05+04:00	ck4r2-mirror-1m	1	4	15619448832	16473997312	13958160384	1598672896	0	91627520	2792291	12934717440	12326371328	516857856	91488256	18415489024
2026-09-25T10:19:16+04:00	ck4r2-mirror-1m	1	4	15619448832	16473997312	13958160384	1598672896	0	91627520	2792291	12934717440	12326371328	516857856	91488256	18378379264
2026-09-25T10:19:26+04:00	ck4r2-mirror-1m	1	4	15619448832	16473997312	13958160384	1598672896	0	91627520	2792291	12934717440	12326371328	516857856	91488256	18269081600
2026-09-25T10:19:36+04:00	ck4r2-mirror-1m	1	4	15619448832	16473997312	13958160384	1598672896	0	91627520	2792291	12934717440	12326371328	516857856	91488256	18287828992
2026-09-25T10:19:46+04:00	ck4r2-mirror-1m	1	4	15619448832	16473997312	13958160384	1598672896	0	91627520	2792291	12934717440	12326371328	516857856	91488256	18346000384
2026-09-25T10:19:57+04:00	ck4r2-mirror-1m	1	4	15619694592	16473997312	13958160384	1598672896	0	91627520	2792291	12934717440	12326371328	516857856	91488256	18436886528
2026-09-25T10:20:07+04:00	ck4r2-mirror-1m	1	4	15619969024	16473997312	13958160384	1598672896	0	91627520	2792291	12934717440	12326371328	516857856	91488256	18397388800
2026-09-25T10:20:17+04:00	ck4r2-mirror-1m	1	4	15619891200	16473997312	13958160384	1598672896	0	91627520	2792291	12934717440	12326371328	516857856	91488256	18565873664
2026-09-25T10:20:27+04:00	ck4r2-mirror-1m	1	4	15619346432	16473997312	13958160384	1598672896	0	91627520	2792291	12934717440	12326371328	516857856	91488256	18528649216
2026-09-25T10:20:38+04:00	ck4r2-mirror-1m	1	4	15619768320	16473997312	13958160384	1598672896	0	91627520	2792291	12934717440	12326371328	516857856	91488256	18512388096
2026-09-25T10:20:48+04:00	ck4r2-mirror-1m	1	4	15619702784	16473997312	13958160384	1598672896	0	91627520	2792291	12934717440	12326371328	516857856	91488256	18592751616
2026-09-25T10:20:58+04:00	ck4r2-mirror-1m	1	4	15619719168	16473997312	13958160384	1598672896	0	91627520	2792291	12934717440	12326371328	516857856	91488256	18584805376
2026-09-25T10:21:08+04:00	ck4r2-mirror-1m	1	4	15619371008	16473997312	13958160384	1598672896	0	91627520	2792291	12934717440	12326371328	516857856	91488256	17643003904
2026-09-25T10:21:18+04:00	ck4r2-mirror-1m	1	4	15619727360	16473997312	13958160384	1598672896	0	91627520	2792291	12934717440	12326371328	516857856	91488256	15245922304
2026-09-25T10:21:29+04:00	ck4r2-mirror-1m	1	4	15619710976	16473997312	13958160384	1598672896	0	91627520	2792291	12934717440	12326371328	516857856	91488256	15189151744
2026-09-25T10:21:39+04:00	ck4r2-mirror-1m	1	4	15318040576	16473997312	13958160384	1297514496	0	91627520	2792291	12934717440	12326371328	516857856	91488256	13122138112
2026-09-25T10:21:49+04:00	ck4r2-mirror-1m	1	4	15318528000	16473997312	13958160384	1297514496	0	91627520	2792291	12934717440	12326371328	516857856	91488256	18507915264
2026-09-25T10:21:59+04:00	ck4r2-mirror-1m	1	4	15318028288	16473997312	13958160384	1297514496	0	91627520	2792291	12934717440	12326371328	516857856	91488256	18460733440
2026-09-25T10:22:10+04:00	ck4r2-mirror-1m	1	4	15318814720	16473997312	13958160384	1297514496	0	91627520	2792291	12934717440	12326371328	516857856	91488256	18423095296
2026-09-25T10:22:20+04:00	ck4r2-mirror-1m	1	4	15321423872	16473997312	13958160384	1300631552	0	91627520	2792291	12934762496	12326416384	516857856	91488256	18405875712
2026-09-25T10:22:31+04:00	ck4r2-mirror-1m	1	4	15326580736	16473997312	13958836224	1305313280	0	91627520	2792291	12934762496	12326416384	516857856	91488256	18423152640
2026-09-25T10:22:41+04:00	ck4r2-mirror-1m	1	4	15327891456	16473997312	13958836224	1306873856	0	91627520	2792291	12934762496	12326416384	516857856	91488256	18439487488
2026-09-25T10:22:51+04:00	ck4r2-mirror-1m	1	4	15329464320	16473997312	13958836224	1308430336	0	91627520	2792291	12935020544	12326674432	516857856	91488256	18407333888
2026-09-25T10:23:01+04:00	ck4r2-mirror-1m	1	4	15331266560	16473997312	13958836224	1309982720	0	91627520	2792291	12935020544	12326674432	516857856	91488256	18458951680
2026-09-25T10:23:12+04:00	ck4r2-mirror-1m	1	4	15331471360	16473997312	13958836224	1309982720	0	91627520	2792291	12935020544	12326674432	516857856	91488256	18435440640
2026-09-25T10:23:22+04:00	ck4r2-mirror-1m	1	4	15331762176	16473997312	13958836224	1309982720	0	91627520	2792291	12935020544	12326674432	516857856	91488256	18414784512
2026-09-25T10:23:32+04:00	ck4r2-mirror-1m	1	4	15331000320	16473997312	13958836224	1309982720	0	91627520	2792291	12935020544	12326674432	516857856	91488256	18363322368
2026-09-25T10:23:42+04:00	ck4r2-mirror-1m	1	4	15331524608	16473997312	13958836224	1309982720	0	91627520	2792291	12935020544	12326674432	516857856	91488256	18299678720
2026-09-25T10:23:53+04:00	ck4r2-mirror-1m	1	4	15331524608	16473997312	13958836224	1309982720	0	91627520	2792291	12935020544	12326674432	516857856	91488256	18382831616
2026-09-25T10:24:03+04:00	ck4r2-mirror-1m	1	4	15331258368	16473997312	13958836224	1309982720	0	91627520	2792291	12935020544	12326674432	516857856	91488256	18375589888
2026-09-25T10:24:13+04:00	ck4r2-mirror-1m	1	4	15331274752	16473997312	13958836224	1309982720	0	91627520	2792291	12935020544	12326674432	516857856	91488256	18459205632
2026-09-25T10:24:23+04:00	ck4r2-mirror-1m	1	4	15331213312	16473997312	13958836224	1309982720	0	91627520	2792291	12935020544	12326674432	516857856	91488256	18407190528
2026-09-25T10:24:34+04:00	ck4r2-mirror-1m	1	4	15331377152	16473997312	13958836224	1309982720	0	91627520	2792291	12935020544	12326674432	516857856	91488256	18608549888
2026-09-25T10:24:44+04:00	ck4r2-mirror-1m	1	4	15331340288	16473997312	13958836224	1309982720	0	91627520	2792291	12935020544	12326674432	516857856	91488256	18375483392
2026-09-25T10:24:54+04:00	ck4r2-mirror-1m	1	4	15331540992	16473997312	13958836224	1309982720	0	91627520	2792291	12935020544	12326674432	516857856	91488256	18567966720
2026-09-25T10:25:04+04:00	ck4r2-mirror-1m	1	4	15331229696	16473997312	13958836224	1309982720	0	91627520	2792291	12935020544	12326674432	516857856	91488256	18593705984
2026-09-25T10:25:14+04:00	ck4r2-mirror-1m	1	4	15331438592	16473997312	13958836224	1309982720	0	91627520	2792291	12935020544	12326674432	516857856	91488256	18594275328
2026-09-25T10:25:25+04:00	ck4r2-mirror-1m	1	4	15331483648	16473997312	13958836224	1309982720	0	91627520	2792291	12935020544	12326674432	516857856	91488256	18586173440
2026-09-25T10:25:35+04:00	ck4r2-mirror-1m	1	4	15331172352	16473997312	13958836224	1309982720	0	91627520	2792291	12935020544	12326674432	516857856	91488256	18600325120
2026-09-25T10:25:45+04:00	ck4r2-mirror-1m	1	4	15331364864	16473997312	13958836224	1309982720	0	91627520	2792291	12935020544	12326674432	516857856	91488256	18603343872
2026-09-25T10:25:55+04:00	ck4r2-mirror-1m	1	4	15331565568	16473997312	13958836224	1309982720	0	91627520	2792291	12935020544	12326674432	516857856	91488256	18611589120
2026-09-25T10:26:05+04:00	ck4r2-mirror-1m	1	4	15331254272	16473997312	13958836224	1309982720	0	91627520	2792291	12935020544	12326674432	516857856	91488256	18597539840
2026-09-25T10:26:16+04:00	ck4r2-mirror-1m	1	4	15331782656	16473997312	13958836224	1309982720	0	91627520	2792291	12935020544	12326674432	516857856	91488256	18114646016
2026-09-25T10:26:26+04:00	ck4r2-mirror-1m	1	4	15331549184	16473997312	13958836224	1309982720	0	91627520	2792291	12935020544	12326674432	516857856	91488256	18617327616
2026-09-25T10:26:36+04:00	ck4r2-mirror-1m	1	4	15331524608	16473997312	13958836224	1309982720	0	91627520	2792291	12935020544	12326674432	516857856	91488256	18603868160
2026-09-25T10:26:46+04:00	ck4r2-mirror-1m	1	4	15331512320	16473997312	13958836224	1309982720	0	91627520	2792291	12935020544	12326674432	516857856	91488256	18579111936
2026-09-25T10:26:57+04:00	ck4r2-mirror-1m	1	4	15331516416	16473997312	13958836224	1309982720	0	91627520	2792291	12935020544	12326674432	516857856	91488256	18589106176
2026-09-25T10:27:07+04:00	ck4r2-mirror-1m	1	4	15331303424	16473997312	13958873088	1309982720	0	91627520	2792291	12935020544	12326674432	516857856	91488256	18449391616
2026-09-25T10:27:17+04:00	ck4r2-mirror-1m	1	4	15331454976	16473997312	13959024640	1309982720	0	91627520	2792291	12935282688	12326936576	516857856	91488256	18435854336
2026-09-25T10:27:27+04:00	ck4r2-mirror-1m	1	4	15331586048	16473997312	13959151616	1309982720	0	91627520	2792291	12935413760	12327067648	516857856	91488256	18231648256
2026-09-25T10:27:37+04:00	ck4r2-mirror-1m	1	4	15331983360	16473997312	13959294976	1309982720	0	91627520	2792291	12935413760	12327067648	516857856	91488256	16899543040
2026-09-25T10:27:48+04:00	ck4r2-mirror-1m	1	4	15331876864	16473997312	13959446528	1309982720	0	91627520	2792291	12935544832	12327198720	516857856	91488256	14919938048
2026-09-25T10:27:58+04:00	ck4r2-mirror-1m	1	4	15299149824	16473997312	13959593984	1277382656	0	91627520	2792291	12935544832	12327198720	516857856	91488256	14484443136
2026-09-25T10:28:08+04:00	ck4r2-mirror-1m	1	4	15291543552	16473997312	13959716864	1269563392	0	91627520	2792291	12935675904	12327329792	516857856	91488256	14375968768
2026-09-25T10:28:19+04:00	ck4r2-mirror-1m	1	4	15097942016	16473997312	13959856128	1075699712	0	91627520	2792291	12933054464	12327460864	514105344	91488256	18341912576
2026-09-25T10:28:29+04:00	ck4r2-mirror-1m	1	4	15098392576	16473997312	13959995392	1075699712	0	91627520	2792291	12933054464	12327460864	514105344	91488256	18310774784
2026-09-25T10:28:39+04:00	ck4r2-mirror-1m	1	4	15098040320	16473997312	13960159232	1075699712	0	91627520	2792291	12933185536	12327591936	514105344	91488256	18310868992
2026-09-25T10:28:49+04:00	ck4r2-mirror-1m	1	4	15098433536	16473997312	13960298496	1075699712	0	91627520	2792291	12933316608	12327723008	514105344	91488256	18268938240
2026-09-25T10:29:00+04:00	ck4r2-mirror-1m	1	4	15098568704	16473997312	13960429568	1075699712	0	91627520	2792291	12933447680	12327854080	514105344	91488256	18206957568
2026-09-25T10:29:10+04:00	ck4r2-mirror-1m	1	4	15102402560	16473997312	13961969664	1077706752	0	91627520	2792291	12935241728	12329517056	514236416	91488256	18443800576
2026-09-25T10:29:20+04:00	ck4r2-mirror-1m	1	4	15103692800	16473997312	13961969664	1079263232	0	91627520	2792291	12935262208	12329537536	514236416	91488256	18422747136
2026-09-25T10:29:30+04:00	ck4r2-mirror-1m	1	4	15104180224	16473997312	13961969664	1079263232	0	91627520	2792291	12935262208	12329537536	514236416	91488256	18403643392
2026-09-25T10:29:40+04:00	ck4r2-mirror-1m	1	4	15103868928	16473997312	13961973760	1079263232	0	91627520	2792291	12935393280	12329668608	514236416	91488256	18267332608
2026-09-25T10:29:51+04:00	ck4r2-mirror-1m	1	4	15103778816	16473997312	13961973760	1079263232	0	91627520	2792291	12935393280	12329668608	514236416	91488256	18442330112
2026-09-25T10:30:01+04:00	ck4r2-mirror-1m	1	4	15103954944	16473997312	13961973760	1079263232	0	91627520	2792291	12935393280	12329668608	514236416	91488256	18429464576
2026-09-25T10:30:11+04:00	ck4r2-mirror-1m	1	4	15103672320	16473997312	13961977856	1079263232	0	91627520	2792291	12935393280	12329668608	514236416	91488256	18228211712
2026-09-25T10:30:21+04:00	ck4r2-mirror-1m	1	4	15103922176	16473997312	13961977856	1079263232	0	91627520	2792291	12935393280	12329668608	514236416	91488256	18434445312
2026-09-25T10:30:32+04:00	ck4r2-mirror-1m	1	4	15103950848	16473997312	13961977856	1079263232	0	91627520	2792291	12935393280	12329668608	514236416	91488256	18375593984
2026-09-25T10:30:42+04:00	ck4r2-mirror-1m	1	4	15103987712	16473997312	13961977856	1079263232	0	91627520	2792291	12935393280	12329668608	514236416	91488256	18463088640
2026-09-25T10:30:52+04:00	ck4r2-mirror-1m	1	4	15103832064	16473997312	13961977856	1079263232	0	91627520	2792291	12935393280	12329668608	514236416	91488256	18454544384
2026-09-25T10:31:02+04:00	ck4r2-mirror-1m	1	4	15104294912	16473997312	13962153984	1079263232	0	91627520	2792291	12935524352	12329799680	514236416	91488256	18438590464
2026-09-25T10:31:12+04:00	ck4r2-mirror-1m	1	4	15104126976	16473997312	13962174464	1079263232	0	91627520	2792291	12935524352	12329799680	514236416	91488256	16658845696
2026-09-25T10:31:23+04:00	ck4r2-mirror-1m	1	4	15104262144	16473997312	13962280960	1079263232	0	91627520	2792291	12935524352	12329799680	514236416	91488256	16516923392
2026-09-25T10:31:33+04:00	ck4r2-mirror-1m	1	4	15104581632	16473997312	13962383360	1079263232	0	91627520	2792291	12935524352	12329799680	514236416	91488256	16325206016
2026-09-25T10:31:43+04:00	ck4r2-mirror-1m	1	4	15104225280	16473997312	13962498048	1079263232	0	91627520	2792291	12935655424	12329930752	514236416	91488256	18338312192
2026-09-25T10:31:54+04:00	ck4r2-mirror-1m	1	4	15104827392	16473997312	13962600448	1079263232	0	91627520	2792291	12935786496	12330061824	514236416	91488256	18314678272
2026-09-25T10:32:04+04:00	ck4r2-mirror-1m	1	4	15104450560	16473997312	13962719232	1079263232	0	91627520	2792291	12935917568	12330192896	514236416	91488256	18273251328
2026-09-25T10:32:14+04:00	ck4r2-mirror-1m	1	4	15104811008	16473997312	13962821632	1079263232	0	91627520	2792291	12935917568	12330192896	514236416	91488256	18203889664
2026-09-25T10:32:24+04:00	ck4r2-mirror-1m	1	4	15104917504	16473997312	13962915840	1079263232	0	91627520	2792291	12936048640	12330323968	514236416	91488256	18260131840
2026-09-25T10:32:35+04:00	ck4r2-mirror-1m	1	4	15104647168	16473997312	13963022336	1079263232	0	91627520	2792291	12936048640	12330323968	514236416	91488256	18296156160
2026-09-25T10:32:45+04:00	ck4r2-mirror-1m	1	4	15105314816	16473997312	13963128832	1079263232	0	91627520	2792291	12936179712	12330455040	514236416	91488256	18245111808
2026-09-25T10:32:55+04:00	ck4r2-mirror-1m	1	4	15105458176	16473997312	13963227136	1079263232	0	91627520	2792291	12936310784	12330586112	514236416	91488256	18293731328
2026-09-25T10:33:05+04:00	ck4r2-mirror-1m	1	4	15105245184	16473997312	13963341824	1079263232	0	91627520	2792291	12936441856	12330717184	514236416	91488256	18269954048
2026-09-25T10:33:15+04:00	ck4r2-mirror-1m	1	4	15105437696	16473997312	13963448320	1079263232	0	91627520	2792291	12936572928	12330848256	514236416	91488256	18319962112
2026-09-25T10:33:26+04:00	ck4r2-mirror-1m	1	4	15105286144	16473997312	13963563008	1079263232	0	91627520	2792291	12936572928	12330848256	514236416	91488256	18275844096
2026-09-25T10:33:36+04:00	ck4r2-mirror-1m	1	4	15105400832	16473997312	13963673600	1079263232	0	91627520	2792291	12936966144	12331241472	514236416	91488256	18105995264
2026-09-25T10:33:46+04:00	ck4r2-mirror-1m	1	4	15105761280	16473997312	13963771904	1079263232	0	91627520	2792291	12936966144	12331241472	514236416	91488256	18181627904
2026-09-25T10:33:56+04:00	ck4r2-mirror-1m	1	4	15105601536	16473997312	13963874304	1079263232	0	91627520	2792291	12936966144	12331241472	514236416	91488256	18160185344
2026-09-25T10:34:07+04:00	ck4r2-mirror-1m	1	4	15105703936	16473997312	13963976704	1079263232	0	91627520	2792291	12937097216	12331372544	514236416	91488256	18287403008
2026-09-25T10:34:17+04:00	ck4r2-mirror-1m	1	4	15106019328	16473997312	13964083200	1079263232	0	91627520	2792291	12937228288	12331503616	514236416	91488256	18355408896
2026-09-25T10:34:27+04:00	ck4r2-mirror-1m	1	4	15106187264	16473997312	13964206080	1079263232	0	91627520	2792291	12937359360	12331634688	514236416	91488256	18201214976
2026-09-25T10:34:37+04:00	ck4r2-mirror-1m	1	4	15106215936	16473997312	13964308480	1079263232	0	91627520	2792291	12937359360	12331634688	514236416	91488256	17527533568
2026-09-25T10:34:48+04:00	ck4r2-mirror-1m	1	4	15105880064	16473997312	13964414976	1079263232	0	91627520	2792291	12937490432	12331765760	514236416	91488256	15744315392
2026-09-25T10:34:58+04:00	ck4r2-mirror-1m	1	4	15106613248	16473997312	13964521472	1079263232	0	91627520	2792291	12937621504	12331896832	514236416	91488256	15984394240
2026-09-25T10:35:08+04:00	ck4r2-mirror-1m	1	4	15106609152	16473997312	13964619776	1079263232	0	91627520	2792291	12937621504	12331896832	514236416	91488256	18271076352
2026-09-25T10:35:18+04:00	ck4r2-mirror-1m	1	4	15106465792	16473997312	13964738560	1079263232	0	91627520	2792291	12937752576	12332027904	514236416	91488256	18253131776
2026-09-25T10:35:28+04:00	ck4r2-mirror-1m	1	4	15107891200	16473997312	13966143488	1079263232	0	91627520	2792291	12939255808	12333531136	514236416	91488256	18206756864
2026-09-25T10:35:39+04:00	ck4r2-mirror-1m	1	4	15109459968	16473997312	13966147584	1080815616	0	91627520	2792291	12939259904	12333535232	514236416	91488256	18243366912
2026-09-25T10:35:49+04:00	ck4r2-mirror-1m	1	4	15111012352	16473997312	13966155776	1082368000	0	91627520	2792291	12939259904	12333535232	514236416	91488256	18285625344
2026-09-25T10:35:59+04:00	ck4r2-mirror-1m	1	4	15111016448	16473997312	13966155776	1082368000	0	91627520	2792291	12939259904	12333535232	514236416	91488256	18190913536
2026-09-25T10:36:09+04:00	ck4r2-mirror-1m	1	4	15111274496	16473997312	13966155776	1082368000	0	91627520	2792291	12939259904	12333535232	514236416	91488256	18178080768
2026-09-25T10:36:20+04:00	ck4r2-mirror-1m	1	4	15111258112	16473997312	13966155776	1082368000	0	91627520	2792291	12939259904	12333535232	514236416	91488256	18201427968
2026-09-25T10:36:30+04:00	ck4r2-mirror-1m	1	4	15110926336	16473997312	13966155776	1082368000	0	91627520	2792291	12939259904	12333535232	514236416	91488256	18237665280
2026-09-25T10:36:40+04:00	ck4r2-mirror-1m	1	4	15111397376	16473997312	13966155776	1082368000	0	91627520	2792291	12939259904	12333535232	514236416	91488256	18182660096
2026-09-25T10:36:50+04:00	ck4r2-mirror-1m	1	4	15111012352	16473997312	13966155776	1082368000	0	91627520	2792291	12939259904	12333535232	514236416	91488256	18185965568
2026-09-25T10:37:01+04:00	ck4r2-mirror-1m	1	4	15111012352	16473997312	13966155776	1082368000	0	91627520	2792291	12939259904	12333535232	514236416	91488256	18147340288
2026-09-25T10:37:11+04:00	ck4r2-mirror-1m	1	4	15110750208	16473997312	13966155776	1082368000	0	91627520	2792291	12939259904	12333535232	514236416	91488256	18131025920
2026-09-25T10:37:21+04:00	ck4r2-mirror-1m	1	4	15111020544	16473997312	13966163968	1082368000	0	91627520	2792291	12939259904	12333535232	514236416	91488256	18119434240
2026-09-25T10:37:31+04:00	ck4r2-mirror-1m	1	4	15110799360	16473997312	13966204928	1082368000	0	91627520	2792291	12939259904	12333535232	514236416	91488256	18172915712
2026-09-25T10:37:42+04:00	ck4r2-mirror-1m	1	4	15111110656	16473997312	13966307328	1082368000	0	91627520	2792291	12939259904	12333535232	514236416	91488256	18077728768
2026-09-25T10:37:52+04:00	ck4r2-mirror-1m	1	4	15111159808	16473997312	13966430208	1082368000	0	91627520	2792291	12939390976	12333666304	514236416	91488256	18121187328
2026-09-25T10:38:02+04:00	ck4r2-mirror-1m	1	4	15111360512	16473997312	13966585856	1082368000	0	91627520	2792291	12939522048	12333797376	514236416	91488256	17569886208
2026-09-25T10:38:12+04:00	ck4r2-mirror-1m	1	4	15111389184	16473997312	13966729216	1082368000	0	91627520	2792291	12939653120	12333928448	514236416	91488256	16684367872
2026-09-25T10:38:22+04:00	ck4r2-mirror-1m	1	4	15111847936	16473997312	13966868480	1082368000	0	91627520	2792291	12939784192	12334059520	514236416	91488256	15241216000
2026-09-25T10:38:33+04:00	ck4r2-mirror-1m	1	4	15112065024	16473997312	13967024128	1082368000	0	91627520	2792291	12940046336	12334321664	514236416	91488256	18376155136
2026-09-25T10:38:43+04:00	ck4r2-mirror-1m	1	4	15112482816	16473997312	13967171584	1082368000	0	91627520	2792291	12940177408	12334452736	514236416	91488256	18246062080
2026-09-25T10:38:53+04:00	ck4r2-mirror-1m	1	4	15112683520	16473997312	13967327232	1082368000	0	91627520	2792291	12940308480	12334583808	514236416	91488256	17801498624
2026-09-25T10:39:03+04:00	ck4r2-mirror-1m	1	4	15112364032	16473997312	13967454208	1082368000	0	91627520	2792291	12940439552	12334714880	514236416	91488256	16584347648
2026-09-25T10:39:14+04:00	ck4r2-mirror-1m	1	4	15112482816	16473997312	13967597568	1082368000	0	91627520	2792291	12940439552	12334714880	514236416	91488256	16369135616
2026-09-25T10:39:24+04:00	ck4r2-mirror-1m	1	4	15112343552	16473997312	13967745024	1082368000	0	91627520	2792291	12940570624	12334845952	514236416	91488256	15982510080
2026-09-25T10:39:34+04:00	ck4r2-mirror-1m	1	4	15112769536	16473997312	13967900672	1082368000	0	91627520	2792291	12940701696	12334977024	514236416	91488256	18318065664
2026-09-25T10:39:44+04:00	ck4r2-mirror-1m	1	4	15113150464	16473997312	13968039936	1082368000	0	91627520	2792291	12940832768	12335108096	514236416	91488256	18305355776
2026-09-25T10:39:54+04:00	ck4r2-mirror-1m	1	4	15113019392	16473997312	13968162816	1082368000	0	91627520	2792291	12940963840	12335239168	514236416	91488256	17924579328
2026-09-25T10:40:05+04:00	ck4r2-mirror-1m	1	4	15113187328	16473997312	13968326656	1082368000	0	91627520	2792291	12941225984	12335501312	514236416	91488256	16179859456
2026-09-25T10:40:15+04:00	ck4r2-mirror-1m	1	4	15113744384	16473997312	13968474112	1082368000	0	91627520	2792291	12941357056	12335632384	514236416	91488256	16261718016
2026-09-25T10:40:25+04:00	ck4r2-mirror-1m	1	4	15050469376	16473997312	13968613376	1018888192	0	91627520	2792291	12941357056	12335763456	514105344	91488256	18231549952
2026-09-25T10:40:35+04:00	ck4r2-mirror-1m	1	4	15050117120	16473997312	13968756736	1018888192	0	91627520	2792291	12941488128	12335894528	514105344	91488256	18210029568
2026-09-25T10:40:46+04:00	ck4r2-mirror-1m	1	4	15050784768	16473997312	13968891904	1018888192	0	91627520	2792291	12941619200	12336025600	514105344	91488256	18161782784
2026-09-25T10:40:56+04:00	ck4r2-mirror-1m	1	4	15050153984	16473997312	13969035264	1018888192	0	91627520	2792291	12941750272	12336156672	514105344	91488256	18206760960
2026-09-25T10:41:06+04:00	ck4r2-mirror-1m	1	4	15050321920	16473997312	13969178624	1018888192	0	91627520	2792291	12941881344	12336287744	514105344	91488256	18230910976
2026-09-25T10:41:16+04:00	ck4r2-mirror-1m	1	4	15050715136	16473997312	13969330176	1018888192	0	91627520	2792291	12942012416	12336418816	514105344	91488256	18161299456
2026-09-25T10:41:27+04:00	ck4r2-mirror-1m	1	4	15050850304	16473997312	13969469440	1018888192	0	91627520	2792291	12942274560	12336680960	514105344	91488256	18161967104
2026-09-25T10:41:37+04:00	ck4r2-mirror-1m	1	4	15051120640	16473997312	13969620992	1018888192	0	91627520	2792291	12942405632	12336812032	514105344	91488256	18202320896
2026-09-25T10:41:47+04:00	ck4r2-mirror-1m	1	4	15052435456	16473997312	13971296256	1018888192	0	91627520	2792291	12944048128	12338454528	514105344	91488256	18154524672
2026-09-25T10:41:57+04:00	ck4r2-mirror-1m	1	4	15055585280	16473997312	13971312640	1021997056	0	91627520	2792291	12944101376	12338507776	514105344	91488256	18213421056
2026-09-25T10:42:08+04:00	ck4r2-mirror-1m	1	4	15055839232	16473997312	13971312640	1021997056	0	91627520	2792291	12944101376	12338507776	514105344	91488256	18234662912
2026-09-25T10:42:18+04:00	ck4r2-mirror-1m	1	4	15113334784	16473997312	14027137024	1023569920	0	91627520	2792291	12944195584	12338601984	514105344	91488256	18113863680
2026-09-25T10:42:28+04:00	ck4r2-mirror-1m	1	4	15113089024	16473997312	14027137024	1023569920	0	91627520	2792291	12944195584	12338601984	514105344	91488256	18035478528
2026-09-25T10:42:38+04:00	ck4r2-mirror-1m	1	4	15113089024	16473997312	14027137024	1023569920	0	91627520	2792291	12944195584	12338601984	514105344	91488256	18060103680
2026-09-25T10:42:49+04:00	ck4r2-mirror-1m	1	4	15113089024	16473997312	14027137024	1023569920	0	91627520	2792291	12944195584	12338601984	514105344	91488256	18047070208
2026-09-25T10:42:59+04:00	ck4r2-mirror-1m	1	4	15138209792	16473997312	14048350208	1027301376	0	91627520	2792291	12944195584	12338601984	514105344	91488256	18126778368
2026-09-25T10:43:49+04:00	ck4r2-replay	0	0	1044148224	1044410368	993968128	41209856	0	12288	3094437	707276800	431239168	276037632	0	31483273216
2026-09-25T10:44:00+04:00	ck4r2-replay	0	0	19239526400	19239526400	1737076736	17413115904	0	17289150464	3094582	18339147776	663097344	388026368	17288548352	13372768256
2026-09-25T10:44:10+04:00	ck4r2-replay	1	0	20836868096	23539736576	2984976384	17758707712	0	16636084224	3094582	19050065920	1910616064	504156160	16635293696	11014488064
2026-09-25T10:44:21+04:00	ck4r2-replay	1	0	20532178944	23539736576	3226558464	17209421824	0	16636084224	3094582	18989641728	1910616064	443731968	16635293696	8448303104
2026-09-25T10:44:31+04:00	ck4r2-replay	1	0	20505686016	23539736576	3226558464	17182928896	0	16636084224	3094582	18985185280	1910616064	439275520	16635293696	8713867264
2026-09-25T10:44:42+04:00	ck4r2-replay	1	2	20245544960	23539736576	3102330880	17043365888	0	16636084224	3094582	19023712256	1910616064	477802496	16635293696	12711276544
2026-09-25T10:44:53+04:00	ck4r2-replay	1	2	20422942720	23539736576	3178708992	17144025088	0	16636084224	3094582	19106390016	1986609152	484487168	16635293696	12563443712
2026-09-25T10:45:03+04:00	ck4r2-replay	1	2	20709306368	23539736576	3448283136	17160298496	0	16636084224	3094582	19372130304	2251694080	485142528	16635293696	12296097792
