ts	unit	probes_done	pid	ppid	threads	rss	anon	thread_names
2026-09-25T16:37:57+04:00	ck5-whole-1	0	1673615	488	3	28385280	6045696	uv*1 tokio-rt-worker*1 main2*1 
2026-09-25T16:37:57+04:00	ck5-whole-1	0	1673654	1673615	22	710754304	431849472	ft*18 ZMQbg/Reaper*2 ZMQbg/IO/0*2 
2026-09-25T16:37:57+04:00	ck5-whole-1	0	1673767	1673654	1	12713984	5939200	python3*1 
2026-09-25T16:37:57+04:00	ck5-whole-1	0	1673768	1673654	24	917524480	499453952	python3*19 pt_gloo_runloop*2 pt_tcpstore_uv*1 cuda0000240000a*1 cuda-EvtHandlr*1 
2026-09-25T16:37:57+04:00	ck5-whole-1	0	1673769	1673654	23	905551872	629788672	python3*17 ZMQbg/Reaper*3 ZMQbg/IO/0*3 
2026-09-25T16:38:09+04:00	ck5-whole-1	0	1673615	488	2	14729216	6045696	uv*1 main2*1 
2026-09-25T16:38:09+04:00	ck5-whole-1	0	1673654	1673615	22	682995712	431849472	ft*18 ZMQbg/Reaper*2 ZMQbg/IO/0*2 
2026-09-25T16:38:09+04:00	ck5-whole-1	0	1673767	1673654	1	12693504	5939200	python3*1 
2026-09-25T16:38:09+04:00	ck5-whole-1	0	1673768	1673654	43	22389338112	664588288	python3*38 pt_gloo_runloop*2 pt_tcpstore_uv*1 cuda0000240000a*1 cuda-EvtHandlr*1 
2026-09-25T16:38:09+04:00	ck5-whole-1	0	1673769	1673654	23	879841280	629788672	python3*17 ZMQbg/Reaper*3 ZMQbg/IO/0*3 
2026-09-25T16:38:19+04:00	ck5-whole-1	0	1673615	488	2	14729216	6045696	uv*1 main2*1 
2026-09-25T16:38:19+04:00	ck5-whole-1	0	1673654	1673615	22	682594304	431853568	ft*18 ZMQbg/Reaper*2 ZMQbg/IO/0*2 
2026-09-25T16:38:19+04:00	ck5-whole-1	0	1673767	1673654	1	12689408	5939200	python3*1 
2026-09-25T16:38:19+04:00	ck5-whole-1	0	1673768	1673654	41	19026288640	660783104	python3*36 pt_gloo_runloop*2 pt_tcpstore_uv*1 cuda0000240000a*1 cuda-EvtHandlr*1 
2026-09-25T16:38:19+04:00	ck5-whole-1	0	1673769	1673654	23	879456256	629788672	python3*17 ZMQbg/Reaper*3 ZMQbg/IO/0*3 
2026-09-25T16:38:19+04:00	ck5-whole-1	0	1674998	1673768	1	4112384	245760	ninja*1 
2026-09-25T16:38:19+04:00	ck5-whole-1	0	1674999	1674998	1	1937408	106496	sh*1 
2026-09-25T16:38:20+04:00	ck5-whole-1	0	1675000	1674999	1	2842624	176128	c++*1 
2026-09-25T16:38:20+04:00	ck5-whole-1	0	1675001	1675000	1	1564893184	1539543040	cc1plus*1 
2026-09-25T16:38:30+04:00	ck5-whole-1	0	1673615	488	2	14729216	6045696	uv*1 main2*1 
2026-09-25T16:38:30+04:00	ck5-whole-1	0	1673654	1673615	22	682102784	431853568	ft*18 ZMQbg/Reaper*2 ZMQbg/IO/0*2 
2026-09-25T16:38:30+04:00	ck5-whole-1	0	1673767	1673654	1	12689408	5939200	python3*1 
2026-09-25T16:38:30+04:00	ck5-whole-1	0	1673768	1673654	41	19674599424	1156808704	python3*36 pt_gloo_runloop*2 pt_tcpstore_uv*1 cuda0000240000a*1 cuda-EvtHandlr*1 
2026-09-25T16:38:30+04:00	ck5-whole-1	0	1673769	1673654	23	878968832	629788672	python3*17 ZMQbg/Reaper*3 ZMQbg/IO/0*3 
2026-09-25T16:38:30+04:00	ck5-whole-1	0	1676046	1673768	1	4128768	241664	ninja*1 
2026-09-25T16:38:30+04:00	ck5-whole-1	0	1676047	1676046	1	1937408	106496	sh*1 
2026-09-25T16:38:30+04:00	ck5-whole-1	0	1676048	1676047	1	6332416	1863680	nvcc*1 
2026-09-25T16:38:30+04:00	ck5-whole-1	0	1676200	1676048	1	1941504	110592	sh*1 
2026-09-25T16:38:30+04:00	ck5-whole-1	0	1676201	1676200	1	2842624	172032	gcc*1 
2026-09-25T16:38:30+04:00	ck5-whole-1	0	1676202	1676201	1	259682304	234061824	cc1plus*1 
2026-09-25T16:38:41+04:00	ck5-whole-1	0	1673615	488	2	14729216	6045696	uv*1 main2*1 
2026-09-25T16:38:41+04:00	ck5-whole-1	0	1673654	1673615	39	927461376	671842304	ft*35 ZMQbg/Reaper*2 ZMQbg/IO/0*2 
2026-09-25T16:38:41+04:00	ck5-whole-1	0	1673767	1673654	1	12689408	5939200	python3*1 
2026-09-25T16:38:41+04:00	ck5-whole-1	0	1673768	1673654	45	19030732800	1908023296	python3*36 pt_gloo_runloop*2 ZMQbg/Reaper*2 ZMQbg/IO/0*2 pt_tcpstore_uv*1 cuda0000240000a*1 
2026-09-25T16:38:42+04:00	ck5-whole-1	0	1673769	1673654	39	881922048	630272000	python3*33 ZMQbg/Reaper*3 ZMQbg/IO/0*3 
2026-09-25T16:38:42+04:00	ck5-whole-1	0	1677117	1673768	1	4120576	245760	ninja*1 
2026-09-25T16:38:42+04:00	ck5-whole-1	0	1677120	1677117	1	1937408	106496	sh*1 
2026-09-25T16:38:42+04:00	ck5-whole-1	0	1677121	1677120	1	2797568	172032	c++*1 
2026-09-25T16:38:42+04:00	ck5-whole-1	0	1677124	1677121	1	184213504	159387648	cc1plus*1 
2026-09-25T16:38:52+04:00	ck5-whole-1	0	1673615	488	2	9871360	1187840	uv*1 main2*1 
2026-09-25T16:38:52+04:00	ck5-whole-1	0	1673654	1673615	39	916959232	669839360	ft*35 ZMQbg/Reaper*2 ZMQbg/IO/0*2 
2026-09-25T16:38:52+04:00	ck5-whole-1	0	1673767	1673654	1	12689408	5939200	python3*1 
2026-09-25T16:38:52+04:00	ck5-whole-1	0	1673768	1673654	45	19023265792	1908051968	python3*36 pt_gloo_runloop*2 ZMQbg/Reaper*2 ZMQbg/IO/0*2 pt_tcpstore_uv*1 cuda0000240000a*1 
2026-09-25T16:38:52+04:00	ck5-whole-1	0	1673769	1673654	39	873861120	630280192	python3*33 ZMQbg/Reaper*3 ZMQbg/IO/0*3 
2026-09-25T16:39:02+04:00	ck5-whole-1	0	1673615	488	2	9871360	1187840	uv*1 main2*1 
2026-09-25T16:39:02+04:00	ck5-whole-1	0	1673654	1673615	39	910970880	669839360	ft*35 ZMQbg/Reaper*2 ZMQbg/IO/0*2 
2026-09-25T16:39:03+04:00	ck5-whole-1	0	1673767	1673654	1	12689408	5939200	python3*1 
2026-09-25T16:39:03+04:00	ck5-whole-1	0	1673768	1673654	45	19015626752	1908051968	python3*36 pt_gloo_runloop*2 ZMQbg/Reaper*2 ZMQbg/IO/0*2 pt_tcpstore_uv*1 cuda0000240000a*1 
2026-09-25T16:39:03+04:00	ck5-whole-1	0	1673769	1673654	39	865755136	630280192	python3*33 ZMQbg/Reaper*3 ZMQbg/IO/0*3 
2026-09-25T16:39:14+04:00	ck5-whole-1	1	1673615	488	2	9871360	1187840	uv*1 main2*1 
2026-09-25T16:39:14+04:00	ck5-whole-1	1	1673654	1673615	57	845250560	606679040	ft*51 ZMQbg/Reaper*3 ZMQbg/IO/0*3 
2026-09-25T16:39:14+04:00	ck5-whole-1	1	1673767	1673654	1	12689408	5939200	python3*1 
2026-09-25T16:39:14+04:00	ck5-whole-1	1	1673768	1673654	45	19014623232	1908342784	python3*36 pt_gloo_runloop*2 ZMQbg/Reaper*2 ZMQbg/IO/0*2 pt_tcpstore_uv*1 cuda0000240000a*1 
2026-09-25T16:39:15+04:00	ck5-whole-1	1	1673769	1673654	57	866058240	630976512	python3*49 ZMQbg/Reaper*4 ZMQbg/IO/0*4 
2026-09-25T16:39:25+04:00	ck5-whole-1	3	1673615	488	2	9871360	1187840	uv*1 main2*1 
2026-09-25T16:39:25+04:00	ck5-whole-1	3	1673654	1673615	57	845254656	606683136	ft*51 ZMQbg/Reaper*3 ZMQbg/IO/0*3 
2026-09-25T16:39:25+04:00	ck5-whole-1	3	1673767	1673654	1	12689408	5939200	python3*1 
2026-09-25T16:39:25+04:00	ck5-whole-1	3	1673768	1673654	45	19015868416	1908670464	python3*36 pt_gloo_runloop*2 ZMQbg/Reaper*2 ZMQbg/IO/0*2 pt_tcpstore_uv*1 cuda0000240000a*1 
2026-09-25T16:39:26+04:00	ck5-whole-1	3	1673769	1673654	57	866078720	630996992	python3*49 ZMQbg/Reaper*4 ZMQbg/IO/0*4 
2026-09-25T16:39:36+04:00	ck5-whole-1	3	1673615	488	2	9871360	1187840	uv*1 main2*1 
2026-09-25T16:39:36+04:00	ck5-whole-1	3	1673654	1673615	57	845254656	606683136	ft*51 ZMQbg/Reaper*3 ZMQbg/IO/0*3 
2026-09-25T16:39:36+04:00	ck5-whole-1	3	1673767	1673654	1	12689408	5939200	python3*1 
2026-09-25T16:39:36+04:00	ck5-whole-1	3	1673768	1673654	45	19015868416	1908670464	python3*36 pt_gloo_runloop*2 ZMQbg/Reaper*2 ZMQbg/IO/0*2 pt_tcpstore_uv*1 cuda0000240000a*1 
2026-09-25T16:39:36+04:00	ck5-whole-1	3	1673769	1673654	57	866078720	630996992	python3*49 ZMQbg/Reaper*4 ZMQbg/IO/0*4 
2026-09-25T16:40:29+04:00	ck5-mirror-1	0	1692087	488	3	27463680	6021120	uv*1 tokio-rt-worker*1 main2*1 
2026-09-25T16:40:29+04:00	ck5-mirror-1	0	1692106	1692087	22	711135232	431702016	ft*18 ZMQbg/Reaper*2 ZMQbg/IO/0*2 
2026-09-25T16:40:29+04:00	ck5-mirror-1	0	1692742	1692106	1	12726272	5939200	python3*1 
2026-09-25T16:40:29+04:00	ck5-mirror-1	0	1692743	1692106	24	968339456	511623168	python3*19 pt_gloo_runloop*2 pt_tcpstore_uv*1 cuda0000240000a*1 cuda-EvtHandlr*1 
2026-09-25T16:40:29+04:00	ck5-mirror-1	0	1692744	1692106	23	903450624	629727232	python3*17 ZMQbg/Reaper*3 ZMQbg/IO/0*3 
2026-09-25T16:40:39+04:00	ck5-mirror-1	0	1692087	488	2	23764992	6021120	uv*1 main2*1 
2026-09-25T16:40:39+04:00	ck5-mirror-1	0	1692106	1692087	22	685387776	431702016	ft*18 ZMQbg/Reaper*2 ZMQbg/IO/0*2 
2026-09-25T16:40:39+04:00	ck5-mirror-1	0	1692742	1692106	1	12607488	5939200	python3*1 
2026-09-25T16:40:39+04:00	ck5-mirror-1	0	1692743	1692106	25	12902232064	11069984768	python3*20 pt_gloo_runloop*2 pt_tcpstore_uv*1 cuda0000240000a*1 cuda-EvtHandlr*1 
2026-09-25T16:40:39+04:00	ck5-mirror-1	0	1692744	1692106	23	878067712	629727232	python3*17 ZMQbg/Reaper*3 ZMQbg/IO/0*3 
2026-09-25T16:40:49+04:00	ck5-mirror-1	0	1692087	488	2	23764992	6021120	uv*1 main2*1 
2026-09-25T16:40:49+04:00	ck5-mirror-1	0	1692106	1692087	22	685387776	431702016	ft*18 ZMQbg/Reaper*2 ZMQbg/IO/0*2 
2026-09-25T16:40:49+04:00	ck5-mirror-1	0	1692742	1692106	1	12607488	5939200	python3*1 
2026-09-25T16:40:49+04:00	ck5-mirror-1	0	1692743	1692106	26	13034106880	11156221952	python3*21 pt_gloo_runloop*2 pt_tcpstore_uv*1 cuda0000240000a*1 cuda-EvtHandlr*1 
2026-09-25T16:40:49+04:00	ck5-mirror-1	0	1692744	1692106	23	878067712	629727232	python3*17 ZMQbg/Reaper*3 ZMQbg/IO/0*3 
2026-09-25T16:41:01+04:00	ck5-mirror-1	0	1692087	488	2	23764992	6021120	uv*1 main2*1 
2026-09-25T16:41:01+04:00	ck5-mirror-1	0	1692106	1692087	22	685387776	431702016	ft*18 ZMQbg/Reaper*2 ZMQbg/IO/0*2 
2026-09-25T16:41:01+04:00	ck5-mirror-1	0	1692742	1692106	1	12607488	5939200	python3*1 
2026-09-25T16:41:01+04:00	ck5-mirror-1	0	1692743	1692106	26	12394332160	11802836992	python3*21 pt_gloo_runloop*2 pt_tcpstore_uv*1 cuda0000240000a*1 cuda-EvtHandlr*1 
2026-09-25T16:41:01+04:00	ck5-mirror-1	0	1692744	1692106	23	878067712	629727232	python3*17 ZMQbg/Reaper*3 ZMQbg/IO/0*3 
2026-09-25T16:41:11+04:00	ck5-mirror-1	0	1692087	488	2	23764992	6021120	uv*1 main2*1 
2026-09-25T16:41:11+04:00	ck5-mirror-1	0	1692106	1692087	22	685387776	431702016	ft*18 ZMQbg/Reaper*2 ZMQbg/IO/0*2 
2026-09-25T16:41:11+04:00	ck5-mirror-1	0	1692742	1692106	1	12607488	5939200	python3*1 
2026-09-25T16:41:11+04:00	ck5-mirror-1	0	1692743	1692106	26	12566929408	11969396736	python3*21 pt_gloo_runloop*2 pt_tcpstore_uv*1 cuda0000240000a*1 cuda-EvtHandlr*1 
2026-09-25T16:41:11+04:00	ck5-mirror-1	0	1692744	1692106	23	878067712	629727232	python3*17 ZMQbg/Reaper*3 ZMQbg/IO/0*3 
2026-09-25T16:41:21+04:00	ck5-mirror-1	0	1692087	488	2	23764992	6021120	uv*1 main2*1 
2026-09-25T16:41:21+04:00	ck5-mirror-1	0	1692106	1692087	22	685387776	431702016	ft*18 ZMQbg/Reaper*2 ZMQbg/IO/0*2 
2026-09-25T16:41:21+04:00	ck5-mirror-1	0	1692742	1692106	1	12607488	5939200	python3*1 
2026-09-25T16:41:21+04:00	ck5-mirror-1	0	1692743	1692106	26	12680204288	12079489024	python3*21 pt_gloo_runloop*2 pt_tcpstore_uv*1 cuda0000240000a*1 cuda-EvtHandlr*1 
2026-09-25T16:41:21+04:00	ck5-mirror-1	0	1692744	1692106	23	878067712	629727232	python3*17 ZMQbg/Reaper*3 ZMQbg/IO/0*3 
2026-09-25T16:41:33+04:00	ck5-mirror-1	0	1692087	488	2	23764992	6021120	uv*1 main2*1 
2026-09-25T16:41:33+04:00	ck5-mirror-1	0	1692106	1692087	39	932102144	672739328	ft*35 ZMQbg/Reaper*2 ZMQbg/IO/0*2 
2026-09-25T16:41:33+04:00	ck5-mirror-1	0	1692742	1692106	1	12607488	5939200	python3*1 
2026-09-25T16:41:33+04:00	ck5-mirror-1	0	1692743	1692106	30	12934311936	12326879232	python3*21 pt_gloo_runloop*2 ZMQbg/Reaper*2 ZMQbg/IO/0*2 pt_tcpstore_uv*1 cuda0000240000a*1 
2026-09-25T16:41:33+04:00	ck5-mirror-1	0	1692744	1692106	39	881954816	630214656	python3*33 ZMQbg/Reaper*3 ZMQbg/IO/0*3 
2026-09-25T16:41:43+04:00	ck5-mirror-1	0	1692087	488	2	23764992	6021120	uv*1 main2*1 
2026-09-25T16:41:43+04:00	ck5-mirror-1	0	1692106	1692087	39	932106240	672743424	ft*35 ZMQbg/Reaper*2 ZMQbg/IO/0*2 
2026-09-25T16:41:43+04:00	ck5-mirror-1	0	1692742	1692106	1	12607488	5939200	python3*1 
2026-09-25T16:41:43+04:00	ck5-mirror-1	0	1692743	1692106	30	12934311936	12326879232	python3*21 pt_gloo_runloop*2 ZMQbg/Reaper*2 ZMQbg/IO/0*2 pt_tcpstore_uv*1 cuda0000240000a*1 
2026-09-25T16:41:43+04:00	ck5-mirror-1	0	1692744	1692106	39	881954816	630214656	python3*33 ZMQbg/Reaper*3 ZMQbg/IO/0*3 
2026-09-25T16:41:54+04:00	ck5-mirror-1	0	1692087	488	2	23764992	6021120	uv*1 main2*1 
2026-09-25T16:41:54+04:00	ck5-mirror-1	0	1692106	1692087	39	932110336	672747520	ft*35 ZMQbg/Reaper*2 ZMQbg/IO/0*2 
2026-09-25T16:41:54+04:00	ck5-mirror-1	0	1692742	1692106	1	12607488	5939200	python3*1 
2026-09-25T16:41:54+04:00	ck5-mirror-1	0	1692743	1692106	30	12934311936	12326879232	python3*21 pt_gloo_runloop*2 ZMQbg/Reaper*2 ZMQbg/IO/0*2 pt_tcpstore_uv*1 cuda0000240000a*1 
2026-09-25T16:41:54+04:00	ck5-mirror-1	0	1692744	1692106	39	881958912	630218752	python3*33 ZMQbg/Reaper*3 ZMQbg/IO/0*3 
2026-09-25T16:42:05+04:00	ck5-mirror-1	1	1692087	488	2	23764992	6021120	uv*1 main2*1 
2026-09-25T16:42:05+04:00	ck5-mirror-1	1	1692106	1692087	57	932450304	673087488	ft*51 ZMQbg/Reaper*3 ZMQbg/IO/0*3 
2026-09-25T16:42:05+04:00	ck5-mirror-1	1	1692742	1692106	1	12607488	5939200	python3*1 
2026-09-25T16:42:05+04:00	ck5-mirror-1	1	1692743	1692106	30	12934602752	12327170048	python3*21 pt_gloo_runloop*2 ZMQbg/Reaper*2 ZMQbg/IO/0*2 pt_tcpstore_uv*1 cuda0000240000a*1 
2026-09-25T16:42:05+04:00	ck5-mirror-1	1	1692744	1692106	57	882642944	630902784	python3*49 ZMQbg/Reaper*4 ZMQbg/IO/0*4 
2026-09-25T16:42:15+04:00	ck5-mirror-1	3	1692087	488	2	23764992	6021120	uv*1 main2*1 
2026-09-25T16:42:15+04:00	ck5-mirror-1	3	1692106	1692087	57	932458496	673095680	ft*51 ZMQbg/Reaper*3 ZMQbg/IO/0*3 
2026-09-25T16:42:15+04:00	ck5-mirror-1	3	1692742	1692106	1	12607488	5939200	python3*1 
2026-09-25T16:42:15+04:00	ck5-mirror-1	3	1692743	1692106	45	12935802880	12327424000	python3*36 pt_gloo_runloop*2 ZMQbg/Reaper*2 ZMQbg/IO/0*2 pt_tcpstore_uv*1 cuda0000240000a*1 
2026-09-25T16:42:16+04:00	ck5-mirror-1	3	1692744	1692106	57	882642944	630902784	python3*49 ZMQbg/Reaper*4 ZMQbg/IO/0*4 
2026-09-25T16:42:26+04:00	ck5-mirror-1	3	1692087	488	2	23764992	6021120	uv*1 main2*1 
2026-09-25T16:42:26+04:00	ck5-mirror-1	3	1692106	1692087	57	932458496	673095680	ft*51 ZMQbg/Reaper*3 ZMQbg/IO/0*3 
2026-09-25T16:42:26+04:00	ck5-mirror-1	3	1692742	1692106	1	12607488	5939200	python3*1 
2026-09-25T16:42:26+04:00	ck5-mirror-1	3	1692743	1692106	45	12935802880	12327424000	python3*36 pt_gloo_runloop*2 ZMQbg/Reaper*2 ZMQbg/IO/0*2 pt_tcpstore_uv*1 cuda0000240000a*1 
2026-09-25T16:42:26+04:00	ck5-mirror-1	3	1692744	1692106	57	882642944	630902784	python3*49 ZMQbg/Reaper*4 ZMQbg/IO/0*4 
2026-09-25T16:43:19+04:00	ck5-whole-2	0	1705596	488	3	26980352	6037504	uv*1 tokio-rt-worker*1 main2*1 
2026-09-25T16:43:19+04:00	ck5-whole-2	0	1705621	1705596	22	711659520	431554560	ft*18 ZMQbg/Reaper*2 ZMQbg/IO/0*2 
2026-09-25T16:43:19+04:00	ck5-whole-2	0	1705993	1705621	1	12734464	5943296	python3*1 
2026-09-25T16:43:19+04:00	ck5-whole-2	0	1705994	1705621	35	2918711296	660344832	python3*30 pt_gloo_runloop*2 pt_tcpstore_uv*1 cuda0000240000a*1 cuda-EvtHandlr*1 
2026-09-25T16:43:19+04:00	ck5-whole-2	0	1705995	1705621	23	903061504	629698560	python3*17 ZMQbg/Reaper*3 ZMQbg/IO/0*3 
2026-09-25T16:43:29+04:00	ck5-whole-2	0	1705596	488	2	27111424	6037504	uv*1 main2*1 
2026-09-25T16:43:29+04:00	ck5-whole-2	0	1705621	1705596	22	711659520	431554560	ft*18 ZMQbg/Reaper*2 ZMQbg/IO/0*2 
2026-09-25T16:43:29+04:00	ck5-whole-2	0	1705993	1705621	1	12734464	5943296	python3*1 
2026-09-25T16:43:29+04:00	ck5-whole-2	0	1705994	1705621	41	18525003776	1393254400	python3*36 pt_gloo_runloop*2 pt_tcpstore_uv*1 cuda0000240000a*1 cuda-EvtHandlr*1 
2026-09-25T16:43:29+04:00	ck5-whole-2	0	1705995	1705621	23	903061504	629698560	python3*17 ZMQbg/Reaper*3 ZMQbg/IO/0*3 
2026-09-25T16:43:41+04:00	ck5-whole-2	0	1705596	488	2	27111424	6037504	uv*1 main2*1 
2026-09-25T16:43:41+04:00	ck5-whole-2	0	1705621	1705596	39	958083072	672600064	ft*35 ZMQbg/Reaper*2 ZMQbg/IO/0*2 
2026-09-25T16:43:41+04:00	ck5-whole-2	0	1705993	1705621	1	12734464	5943296	python3*1 
2026-09-25T16:43:41+04:00	ck5-whole-2	0	1705994	1705621	45	19068915712	1915707392	python3*36 pt_gloo_runloop*2 ZMQbg/Reaper*2 ZMQbg/IO/0*2 pt_tcpstore_uv*1 cuda0000240000a*1 
2026-09-25T16:43:41+04:00	ck5-whole-2	0	1705995	1705621	39	906305536	630185984	python3*33 ZMQbg/Reaper*3 ZMQbg/IO/0*3 
2026-09-25T16:43:51+04:00	ck5-whole-2	0	1705596	488	2	27111424	6037504	uv*1 main2*1 
2026-09-25T16:43:51+04:00	ck5-whole-2	0	1705621	1705596	39	958083072	672600064	ft*35 ZMQbg/Reaper*2 ZMQbg/IO/0*2 
2026-09-25T16:43:51+04:00	ck5-whole-2	0	1705993	1705621	1	12734464	5943296	python3*1 
2026-09-25T16:43:51+04:00	ck5-whole-2	0	1705994	1705621	45	19068915712	1915707392	python3*36 pt_gloo_runloop*2 ZMQbg/Reaper*2 ZMQbg/IO/0*2 pt_tcpstore_uv*1 cuda0000240000a*1 
2026-09-25T16:43:52+04:00	ck5-whole-2	0	1705995	1705621	39	906305536	630185984	python3*33 ZMQbg/Reaper*3 ZMQbg/IO/0*3 
2026-09-25T16:44:02+04:00	ck5-whole-2	0	1705596	488	2	27111424	6037504	uv*1 main2*1 
2026-09-25T16:44:02+04:00	ck5-whole-2	0	1705621	1705596	39	958103552	672620544	ft*35 ZMQbg/Reaper*2 ZMQbg/IO/0*2 
2026-09-25T16:44:02+04:00	ck5-whole-2	0	1705993	1705621	1	12734464	5943296	python3*1 
2026-09-25T16:44:02+04:00	ck5-whole-2	0	1705994	1705621	45	19068915712	1915707392	python3*36 pt_gloo_runloop*2 ZMQbg/Reaper*2 ZMQbg/IO/0*2 pt_tcpstore_uv*1 cuda0000240000a*1 
2026-09-25T16:44:02+04:00	ck5-whole-2	0	1705995	1705621	39	906321920	630202368	python3*33 ZMQbg/Reaper*3 ZMQbg/IO/0*3 
2026-09-25T16:44:12+04:00	ck5-whole-2	1	1705596	488	2	27111424	6037504	uv*1 main2*1 
2026-09-25T16:44:12+04:00	ck5-whole-2	1	1705621	1705596	57	958427136	672944128	ft*51 ZMQbg/Reaper*3 ZMQbg/IO/0*3 
2026-09-25T16:44:12+04:00	ck5-whole-2	1	1705993	1705621	1	12734464	5943296	python3*1 
2026-09-25T16:44:12+04:00	ck5-whole-2	1	1705994	1705621	45	19069202432	1915994112	python3*36 pt_gloo_runloop*2 ZMQbg/Reaper*2 ZMQbg/IO/0*2 pt_tcpstore_uv*1 cuda0000240000a*1 
2026-09-25T16:44:14+04:00	ck5-whole-2	1	1705995	1705621	57	906993664	630874112	python3*49 ZMQbg/Reaper*4 ZMQbg/IO/0*4 
2026-09-25T16:44:24+04:00	ck5-whole-2	3	1705596	488	2	27111424	6037504	uv*1 main2*1 
2026-09-25T16:44:24+04:00	ck5-whole-2	3	1705621	1705596	57	958435328	672952320	ft*51 ZMQbg/Reaper*3 ZMQbg/IO/0*3 
2026-09-25T16:44:24+04:00	ck5-whole-2	3	1705993	1705621	1	12734464	5943296	python3*1 
2026-09-25T16:44:24+04:00	ck5-whole-2	3	1705994	1705621	45	19070287872	1916137472	python3*36 pt_gloo_runloop*2 ZMQbg/Reaper*2 ZMQbg/IO/0*2 pt_tcpstore_uv*1 cuda0000240000a*1 
2026-09-25T16:44:24+04:00	ck5-whole-2	3	1705995	1705621	57	906997760	630878208	python3*49 ZMQbg/Reaper*4 ZMQbg/IO/0*4 
2026-09-25T16:44:34+04:00	ck5-whole-2	4	1705596	488	2	27111424	6037504	uv*1 main2*1 
2026-09-25T16:44:34+04:00	ck5-whole-2	4	1705621	1705596	59	994770944	702455808	ft*52 ZMQbg/Reaper*3 ZMQbg/IO/0*3 cuda0000a40002a*1 
2026-09-25T16:44:34+04:00	ck5-whole-2	4	1705993	1705621	1	12734464	5943296	python3*1 
2026-09-25T16:44:34+04:00	ck5-whole-2	4	1705994	1705621	45	19070169088	1916018688	python3*36 pt_gloo_runloop*2 ZMQbg/Reaper*2 ZMQbg/IO/0*2 pt_tcpstore_uv*1 cuda0000240000a*1 
2026-09-25T16:44:35+04:00	ck5-whole-2	4	1705995	1705621	57	906997760	630878208	python3*49 ZMQbg/Reaper*4 ZMQbg/IO/0*4 
2026-09-25T16:45:16+04:00	ck5-mirror-2	0	1713947	488	3	25317376	6025216	uv*1 tokio-rt-worker*1 main2*1 
2026-09-25T16:45:16+04:00	ck5-mirror-2	0	1713967	1713947	16	501903360	280981504	ft*16 
2026-09-25T16:45:28+04:00	ck5-mirror-2	0	1713947	488	2	25448448	6025216	uv*1 main2*1 
2026-09-25T16:45:28+04:00	ck5-mirror-2	0	1713967	1713947	22	711876608	431538176	ft*18 ZMQbg/Reaper*2 ZMQbg/IO/0*2 
2026-09-25T16:45:28+04:00	ck5-mirror-2	0	1714159	1713967	1	12771328	5943296	python3*1 
2026-09-25T16:45:28+04:00	ck5-mirror-2	0	1714160	1713967	25	12944551936	11065434112	python3*20 pt_gloo_runloop*2 pt_tcpstore_uv*1 cuda0000240000a*1 cuda-EvtHandlr*1 
2026-09-25T16:45:28+04:00	ck5-mirror-2	0	1714161	1713967	23	902909952	629719040	python3*17 ZMQbg/Reaper*3 ZMQbg/IO/0*3 
2026-09-25T16:45:38+04:00	ck5-mirror-2	0	1713947	488	2	25448448	6025216	uv*1 main2*1 
2026-09-25T16:45:38+04:00	ck5-mirror-2	0	1713967	1713947	22	711876608	431538176	ft*18 ZMQbg/Reaper*2 ZMQbg/IO/0*2 
2026-09-25T16:45:38+04:00	ck5-mirror-2	0	1714159	1713967	1	12771328	5943296	python3*1 
2026-09-25T16:45:38+04:00	ck5-mirror-2	0	1714160	1713967	26	13045608448	11155910656	python3*21 pt_gloo_runloop*2 pt_tcpstore_uv*1 cuda0000240000a*1 cuda-EvtHandlr*1 
2026-09-25T16:45:38+04:00	ck5-mirror-2	0	1714161	1713967	23	902909952	629719040	python3*17 ZMQbg/Reaper*3 ZMQbg/IO/0*3 
2026-09-25T16:45:48+04:00	ck5-mirror-2	0	1713947	488	2	25448448	6025216	uv*1 main2*1 
2026-09-25T16:45:48+04:00	ck5-mirror-2	0	1713967	1713947	22	711876608	431538176	ft*18 ZMQbg/Reaper*2 ZMQbg/IO/0*2 
2026-09-25T16:45:48+04:00	ck5-mirror-2	0	1714159	1713967	1	12771328	5943296	python3*1 
2026-09-25T16:45:48+04:00	ck5-mirror-2	0	1714160	1713967	26	12390871040	11797426176	python3*21 pt_gloo_runloop*2 pt_tcpstore_uv*1 cuda0000240000a*1 cuda-EvtHandlr*1 
2026-09-25T16:45:48+04:00	ck5-mirror-2	0	1714161	1713967	23	902909952	629719040	python3*17 ZMQbg/Reaper*3 ZMQbg/IO/0*3 
2026-09-25T16:46:00+04:00	ck5-mirror-2	0	1713947	488	2	25448448	6025216	uv*1 main2*1 
2026-09-25T16:46:00+04:00	ck5-mirror-2	0	1713967	1713947	22	711876608	431538176	ft*18 ZMQbg/Reaper*2 ZMQbg/IO/0*2 
2026-09-25T16:46:00+04:00	ck5-mirror-2	0	1714159	1713967	1	12771328	5943296	python3*1 
2026-09-25T16:46:00+04:00	ck5-mirror-2	0	1714160	1713967	26	12568338432	11968978944	python3*21 pt_gloo_runloop*2 pt_tcpstore_uv*1 cuda0000240000a*1 cuda-EvtHandlr*1 
2026-09-25T16:46:00+04:00	ck5-mirror-2	0	1714161	1713967	23	902909952	629719040	python3*17 ZMQbg/Reaper*3 ZMQbg/IO/0*3 
2026-09-25T16:46:10+04:00	ck5-mirror-2	0	1713947	488	2	25448448	6025216	uv*1 main2*1 
2026-09-25T16:46:10+04:00	ck5-mirror-2	0	1713967	1713947	22	711876608	431538176	ft*18 ZMQbg/Reaper*2 ZMQbg/IO/0*2 
2026-09-25T16:46:10+04:00	ck5-mirror-2	0	1714159	1713967	1	12771328	5943296	python3*1 
2026-09-25T16:46:10+04:00	ck5-mirror-2	0	1714160	1713967	26	12681547776	12079054848	python3*21 pt_gloo_runloop*2 pt_tcpstore_uv*1 cuda0000240000a*1 cuda-EvtHandlr*1 
2026-09-25T16:46:10+04:00	ck5-mirror-2	0	1714161	1713967	23	902909952	629719040	python3*17 ZMQbg/Reaper*3 ZMQbg/IO/0*3 
2026-09-25T16:46:20+04:00	ck5-mirror-2	0	1713947	488	2	25448448	6025216	uv*1 main2*1 
2026-09-25T16:46:20+04:00	ck5-mirror-2	0	1713967	1713947	39	958308352	672591872	ft*35 ZMQbg/Reaper*2 ZMQbg/IO/0*2 
2026-09-25T16:46:20+04:00	ck5-mirror-2	0	1714159	1713967	1	12771328	5943296	python3*1 
2026-09-25T16:46:20+04:00	ck5-mirror-2	0	1714160	1713967	30	12934905856	12325986304	python3*21 pt_gloo_runloop*2 ZMQbg/Reaper*2 ZMQbg/IO/0*2 pt_tcpstore_uv*1 cuda0000240000a*1 
2026-09-25T16:46:20+04:00	ck5-mirror-2	0	1714161	1713967	39	906141696	630206464	python3*33 ZMQbg/Reaper*3 ZMQbg/IO/0*3 
2026-09-25T16:46:32+04:00	ck5-mirror-2	0	1713947	488	2	25448448	6025216	uv*1 main2*1 
2026-09-25T16:46:32+04:00	ck5-mirror-2	0	1713967	1713947	39	958308352	672591872	ft*35 ZMQbg/Reaper*2 ZMQbg/IO/0*2 
2026-09-25T16:46:32+04:00	ck5-mirror-2	0	1714159	1713967	1	12771328	5943296	python3*1 
2026-09-25T16:46:32+04:00	ck5-mirror-2	0	1714160	1713967	30	12934905856	12325986304	python3*21 pt_gloo_runloop*2 ZMQbg/Reaper*2 ZMQbg/IO/0*2 pt_tcpstore_uv*1 cuda0000240000a*1 
2026-09-25T16:46:32+04:00	ck5-mirror-2	0	1714161	1713967	39	906141696	630206464	python3*33 ZMQbg/Reaper*3 ZMQbg/IO/0*3 
2026-09-25T16:46:42+04:00	ck5-mirror-2	1	1713947	488	2	25448448	6025216	uv*1 main2*1 
2026-09-25T16:46:42+04:00	ck5-mirror-2	1	1713967	1713947	57	958652416	672935936	ft*51 ZMQbg/Reaper*3 ZMQbg/IO/0*3 
2026-09-25T16:46:42+04:00	ck5-mirror-2	1	1714159	1713967	1	12771328	5943296	python3*1 
2026-09-25T16:46:42+04:00	ck5-mirror-2	1	1714160	1713967	30	12935196672	12326277120	python3*21 pt_gloo_runloop*2 ZMQbg/Reaper*2 ZMQbg/IO/0*2 pt_tcpstore_uv*1 cuda0000240000a*1 
2026-09-25T16:46:42+04:00	ck5-mirror-2	1	1714161	1713967	57	906829824	630894592	python3*49 ZMQbg/Reaper*4 ZMQbg/IO/0*4 
2026-09-25T16:46:52+04:00	ck5-mirror-2	1	1713947	488	2	25448448	6025216	uv*1 main2*1 
2026-09-25T16:46:52+04:00	ck5-mirror-2	1	1713967	1713947	57	958652416	672935936	ft*51 ZMQbg/Reaper*3 ZMQbg/IO/0*3 
2026-09-25T16:46:52+04:00	ck5-mirror-2	1	1714159	1713967	1	12771328	5943296	python3*1 
2026-09-25T16:46:52+04:00	ck5-mirror-2	1	1714160	1713967	45	12935446528	12326526976	python3*36 pt_gloo_runloop*2 ZMQbg/Reaper*2 ZMQbg/IO/0*2 pt_tcpstore_uv*1 cuda0000240000a*1 
2026-09-25T16:46:52+04:00	ck5-mirror-2	1	1714161	1713967	57	906829824	630894592	python3*49 ZMQbg/Reaper*4 ZMQbg/IO/0*4 
2026-09-25T16:47:04+04:00	ck5-mirror-2	3	1713947	488	2	25448448	6025216	uv*1 main2*1 
2026-09-25T16:47:04+04:00	ck5-mirror-2	3	1713967	1713947	57	958652416	672935936	ft*51 ZMQbg/Reaper*3 ZMQbg/IO/0*3 
2026-09-25T16:47:04+04:00	ck5-mirror-2	3	1714159	1713967	1	12771328	5943296	python3*1 
2026-09-25T16:47:04+04:00	ck5-mirror-2	3	1714160	1713967	45	12936392704	12326535168	python3*36 pt_gloo_runloop*2 ZMQbg/Reaper*2 ZMQbg/IO/0*2 pt_tcpstore_uv*1 cuda0000240000a*1 
2026-09-25T16:47:04+04:00	ck5-mirror-2	3	1714161	1713967	57	906829824	630894592	python3*49 ZMQbg/Reaper*4 ZMQbg/IO/0*4 
2026-09-25T16:47:14+04:00	ck5-mirror-2	4	1713947	488	2	25448448	6025216	uv*1 main2*1 
2026-09-25T16:47:14+04:00	ck5-mirror-2	4	1713967	1713947	59	995016704	702509056	ft*52 ZMQbg/Reaper*3 ZMQbg/IO/0*3 cuda0000a40002a*1 
2026-09-25T16:47:14+04:00	ck5-mirror-2	4	1714159	1713967	1	12771328	5943296	python3*1 
2026-09-25T16:47:14+04:00	ck5-mirror-2	4	1714160	1713967	45	12936392704	12326535168	python3*36 pt_gloo_runloop*2 ZMQbg/Reaper*2 ZMQbg/IO/0*2 pt_tcpstore_uv*1 cuda0000240000a*1 
2026-09-25T16:47:15+04:00	ck5-mirror-2	4	1714161	1713967	57	906829824	630894592	python3*49 ZMQbg/Reaper*4 ZMQbg/IO/0*4 
2026-09-25T16:47:56+04:00	ck5-whole-3	0	1728281	488	3	26107904	6037504	uv*1 tokio-rt-worker*1 main2*1 
2026-09-25T16:47:56+04:00	ck5-whole-3	0	1728300	1728281	22	711766016	431484928	ft*18 ZMQbg/Reaper*2 ZMQbg/IO/0*2 
2026-09-25T16:47:56+04:00	ck5-whole-3	0	1728924	1728300	1	12791808	5939200	python3*1 
2026-09-25T16:47:56+04:00	ck5-whole-3	0	1728925	1728300	16	448479232	229605376	python3*16 
2026-09-25T16:47:56+04:00	ck5-whole-3	0	1728926	1728300	16	449880064	230940672	python3*16 
2026-09-25T16:48:06+04:00	ck5-whole-3	0	1728281	488	2	26238976	6037504	uv*1 main2*1 
2026-09-25T16:48:06+04:00	ck5-whole-3	0	1728300	1728281	22	711909376	431525888	ft*18 ZMQbg/Reaper*2 ZMQbg/IO/0*2 
2026-09-25T16:48:06+04:00	ck5-whole-3	0	1728924	1728300	1	12791808	5939200	python3*1 
2026-09-25T16:48:06+04:00	ck5-whole-3	0	1728925	1728300	43	9452343296	663392256	python3*38 pt_gloo_runloop*2 pt_tcpstore_uv*1 cuda0000240000a*1 cuda-EvtHandlr*1 
2026-09-25T16:48:07+04:00	ck5-whole-3	0	1728926	1728300	23	908795904	629809152	python3*17 ZMQbg/Reaper*3 ZMQbg/IO/0*3 
2026-09-25T16:48:18+04:00	ck5-whole-3	0	1728281	488	2	26046464	6037504	uv*1 main2*1 
2026-09-25T16:48:18+04:00	ck5-whole-3	0	1728300	1728281	22	707379200	431525888	ft*18 ZMQbg/Reaper*2 ZMQbg/IO/0*2 
2026-09-25T16:48:18+04:00	ck5-whole-3	0	1728924	1728300	1	12787712	5939200	python3*1 
2026-09-25T16:48:18+04:00	ck5-whole-3	0	1728925	1728300	42	22142562304	664338432	python3*37 pt_gloo_runloop*2 pt_tcpstore_uv*1 cuda0000240000a*1 cuda-EvtHandlr*1 
2026-09-25T16:48:18+04:00	ck5-whole-3	0	1728926	1728300	23	904069120	629809152	python3*17 ZMQbg/Reaper*3 ZMQbg/IO/0*3 
2026-09-25T16:48:28+04:00	ck5-whole-3	0	1728281	488	2	26046464	6037504	uv*1 main2*1 
2026-09-25T16:48:29+04:00	ck5-whole-3	0	1728300	1728281	39	954392576	672575488	ft*35 ZMQbg/Reaper*2 ZMQbg/IO/0*2 
2026-09-25T16:48:29+04:00	ck5-whole-3	0	1728924	1728300	1	12787712	5939200	python3*1 
2026-09-25T16:48:29+04:00	ck5-whole-3	0	1728925	1728300	45	19065085952	1906368512	python3*36 pt_gloo_runloop*2 ZMQbg/Reaper*2 ZMQbg/IO/0*2 pt_tcpstore_uv*1 cuda0000240000a*1 
2026-09-25T16:48:29+04:00	ck5-whole-3	0	1728926	1728300	39	908181504	630300672	python3*33 ZMQbg/Reaper*3 ZMQbg/IO/0*3 
2026-09-25T16:48:39+04:00	ck5-whole-3	0	1728281	488	2	26046464	6037504	uv*1 main2*1 
2026-09-25T16:48:39+04:00	ck5-whole-3	0	1728300	1728281	39	954392576	672575488	ft*35 ZMQbg/Reaper*2 ZMQbg/IO/0*2 
2026-09-25T16:48:39+04:00	ck5-whole-3	0	1728924	1728300	1	12787712	5939200	python3*1 
2026-09-25T16:48:39+04:00	ck5-whole-3	0	1728925	1728300	45	19065085952	1906368512	python3*36 pt_gloo_runloop*2 ZMQbg/Reaper*2 ZMQbg/IO/0*2 pt_tcpstore_uv*1 cuda0000240000a*1 
2026-09-25T16:48:39+04:00	ck5-whole-3	0	1728926	1728300	39	908181504	630300672	python3*33 ZMQbg/Reaper*3 ZMQbg/IO/0*3 
2026-09-25T16:48:51+04:00	ck5-whole-3	0	1728281	488	2	26046464	6037504	uv*1 main2*1 
2026-09-25T16:48:51+04:00	ck5-whole-3	0	1728300	1728281	39	954400768	672583680	ft*35 ZMQbg/Reaper*2 ZMQbg/IO/0*2 
2026-09-25T16:48:51+04:00	ck5-whole-3	0	1728924	1728300	1	12787712	5939200	python3*1 
2026-09-25T16:48:51+04:00	ck5-whole-3	0	1728925	1728300	45	19065090048	1906372608	python3*36 pt_gloo_runloop*2 ZMQbg/Reaper*2 ZMQbg/IO/0*2 pt_tcpstore_uv*1 cuda0000240000a*1 
2026-09-25T16:48:51+04:00	ck5-whole-3	0	1728926	1728300	39	908197888	630317056	python3*33 ZMQbg/Reaper*3 ZMQbg/IO/0*3 
2026-09-25T16:49:01+04:00	ck5-whole-3	1	1728281	488	2	26046464	6037504	uv*1 main2*1 
2026-09-25T16:49:01+04:00	ck5-whole-3	1	1728300	1728281	57	954736640	672919552	ft*51 ZMQbg/Reaper*3 ZMQbg/IO/0*3 
2026-09-25T16:49:01+04:00	ck5-whole-3	1	1728924	1728300	1	12787712	5939200	python3*1 
2026-09-25T16:49:01+04:00	ck5-whole-3	1	1728925	1728300	45	19065384960	1906667520	python3*36 pt_gloo_runloop*2 ZMQbg/Reaper*2 ZMQbg/IO/0*2 pt_tcpstore_uv*1 cuda0000240000a*1 
2026-09-25T16:49:02+04:00	ck5-whole-3	1	1728926	1728300	57	908869632	630988800	python3*49 ZMQbg/Reaper*4 ZMQbg/IO/0*4 
2026-09-25T16:49:12+04:00	ck5-whole-3	3	1728281	488	2	26046464	6037504	uv*1 main2*1 
2026-09-25T16:49:12+04:00	ck5-whole-3	3	1728300	1728281	57	954740736	672923648	ft*51 ZMQbg/Reaper*3 ZMQbg/IO/0*3 
2026-09-25T16:49:12+04:00	ck5-whole-3	3	1728924	1728300	1	12787712	5939200	python3*1 
2026-09-25T16:49:12+04:00	ck5-whole-3	3	1728925	1728300	45	19066535936	1906864128	python3*36 pt_gloo_runloop*2 ZMQbg/Reaper*2 ZMQbg/IO/0*2 pt_tcpstore_uv*1 cuda0000240000a*1 
2026-09-25T16:49:12+04:00	ck5-whole-3	3	1728926	1728300	57	908890112	631009280	python3*49 ZMQbg/Reaper*4 ZMQbg/IO/0*4 
2026-09-25T16:49:24+04:00	ck5-whole-3	4	1728281	488	2	26046464	6037504	uv*1 main2*1 
2026-09-25T16:49:24+04:00	ck5-whole-3	4	1728300	1728281	59	991645696	702455808	ft*52 ZMQbg/Reaper*3 ZMQbg/IO/0*3 cuda0000a40002a*1 
2026-09-25T16:49:24+04:00	ck5-whole-3	4	1728924	1728300	1	12787712	5939200	python3*1 
2026-09-25T16:49:24+04:00	ck5-whole-3	4	1728925	1728300	45	19066777600	1907105792	python3*36 pt_gloo_runloop*2 ZMQbg/Reaper*2 ZMQbg/IO/0*2 pt_tcpstore_uv*1 cuda0000240000a*1 
2026-09-25T16:49:24+04:00	ck5-whole-3	4	1728926	1728300	57	908890112	631009280	python3*49 ZMQbg/Reaper*4 ZMQbg/IO/0*4 
2026-09-25T16:50:06+04:00	ck5-mirror-3	0	1744045	488	3	25280512	6033408	uv*1 tokio-rt-worker*1 main2*1 
2026-09-25T16:50:06+04:00	ck5-mirror-3	0	1744065	1744045	16	451186688	230612992	ft*16 
2026-09-25T16:50:16+04:00	ck5-mirror-3	0	1744045	488	2	25411584	6033408	uv*1 main2*1 
2026-09-25T16:50:16+04:00	ck5-mirror-3	0	1744065	1744045	22	712597504	431529984	ft*18 ZMQbg/Reaper*2 ZMQbg/IO/0*2 
2026-09-25T16:50:16+04:00	ck5-mirror-3	0	1744281	1744065	1	12730368	5939200	python3*1 
2026-09-25T16:50:16+04:00	ck5-mirror-3	0	1744282	1744065	25	10658086912	8844353536	python3*20 pt_gloo_runloop*2 pt_tcpstore_uv*1 cuda0000240000a*1 cuda-EvtHandlr*1 
2026-09-25T16:50:16+04:00	ck5-mirror-3	0	1744283	1744065	23	907055104	629694464	python3*17 ZMQbg/Reaper*3 ZMQbg/IO/0*3 
2026-09-25T16:50:28+04:00	ck5-mirror-3	0	1744045	488	2	25403392	6033408	uv*1 main2*1 
2026-09-25T16:50:28+04:00	ck5-mirror-3	0	1744065	1744045	22	710656000	431529984	ft*18 ZMQbg/Reaper*2 ZMQbg/IO/0*2 
2026-09-25T16:50:28+04:00	ck5-mirror-3	0	1744281	1744065	1	12730368	5939200	python3*1 
2026-09-25T16:50:28+04:00	ck5-mirror-3	0	1744282	1744065	26	13047644160	11155918848	python3*21 pt_gloo_runloop*2 pt_tcpstore_uv*1 cuda0000240000a*1 cuda-EvtHandlr*1 
2026-09-25T16:50:28+04:00	ck5-mirror-3	0	1744283	1744065	23	905560064	629694464	python3*17 ZMQbg/Reaper*3 ZMQbg/IO/0*3 
2026-09-25T16:50:38+04:00	ck5-mirror-3	0	1744045	488	2	25403392	6033408	uv*1 main2*1 
2026-09-25T16:50:38+04:00	ck5-mirror-3	0	1744065	1744045	22	710656000	431529984	ft*18 ZMQbg/Reaper*2 ZMQbg/IO/0*2 
2026-09-25T16:50:38+04:00	ck5-mirror-3	0	1744281	1744065	1	12730368	5939200	python3*1 
2026-09-25T16:50:38+04:00	ck5-mirror-3	0	1744282	1744065	26	12393398272	11797475328	python3*21 pt_gloo_runloop*2 pt_tcpstore_uv*1 cuda0000240000a*1 cuda-EvtHandlr*1 
2026-09-25T16:50:38+04:00	ck5-mirror-3	0	1744283	1744065	23	905560064	629694464	python3*17 ZMQbg/Reaper*3 ZMQbg/IO/0*3 
2026-09-25T16:50:48+04:00	ck5-mirror-3	0	1744045	488	2	25403392	6033408	uv*1 main2*1 
2026-09-25T16:50:48+04:00	ck5-mirror-3	0	1744065	1744045	22	710656000	431529984	ft*18 ZMQbg/Reaper*2 ZMQbg/IO/0*2 
2026-09-25T16:50:48+04:00	ck5-mirror-3	0	1744281	1744065	1	12730368	5939200	python3*1 
2026-09-25T16:50:48+04:00	ck5-mirror-3	0	1744282	1744065	26	12564836352	11962966016	python3*21 pt_gloo_runloop*2 pt_tcpstore_uv*1 cuda0000240000a*1 cuda-EvtHandlr*1 
2026-09-25T16:50:49+04:00	ck5-mirror-3	0	1744283	1744065	23	905560064	629694464	python3*17 ZMQbg/Reaper*3 ZMQbg/IO/0*3 
2026-09-25T16:51:00+04:00	ck5-mirror-3	0	1744045	488	2	25403392	6033408	uv*1 main2*1 
2026-09-25T16:51:00+04:00	ck5-mirror-3	0	1744065	1744045	22	710656000	431529984	ft*18 ZMQbg/Reaper*2 ZMQbg/IO/0*2 
2026-09-25T16:51:00+04:00	ck5-mirror-3	0	1744281	1744065	1	12730368	5939200	python3*1 
2026-09-25T16:51:00+04:00	ck5-mirror-3	0	1744282	1744065	26	12678295552	12073119744	python3*21 pt_gloo_runloop*2 pt_tcpstore_uv*1 cuda0000240000a*1 cuda-EvtHandlr*1 
2026-09-25T16:51:00+04:00	ck5-mirror-3	0	1744283	1744065	23	905560064	629694464	python3*17 ZMQbg/Reaper*3 ZMQbg/IO/0*3 
2026-09-25T16:51:11+04:00	ck5-mirror-3	0	1744045	488	2	25403392	6033408	uv*1 main2*1 
2026-09-25T16:51:11+04:00	ck5-mirror-3	0	1744065	1744045	39	957239296	672591872	ft*35 ZMQbg/Reaper*2 ZMQbg/IO/0*2 
2026-09-25T16:51:11+04:00	ck5-mirror-3	0	1744281	1744065	1	12730368	5939200	python3*1 
2026-09-25T16:51:11+04:00	ck5-mirror-3	0	1744282	1744065	30	12931829760	12320169984	python3*21 pt_gloo_runloop*2 ZMQbg/Reaper*2 ZMQbg/IO/0*2 pt_tcpstore_uv*1 cuda0000240000a*1 
2026-09-25T16:51:11+04:00	ck5-mirror-3	0	1744283	1744065	39	908955648	630185984	python3*33 ZMQbg/Reaper*3 ZMQbg/IO/0*3 
2026-09-25T16:51:21+04:00	ck5-mirror-3	0	1744045	488	2	25403392	6033408	uv*1 main2*1 
2026-09-25T16:51:21+04:00	ck5-mirror-3	0	1744065	1744045	39	957239296	672591872	ft*35 ZMQbg/Reaper*2 ZMQbg/IO/0*2 
2026-09-25T16:51:21+04:00	ck5-mirror-3	0	1744281	1744065	1	12730368	5939200	python3*1 
2026-09-25T16:51:21+04:00	ck5-mirror-3	0	1744282	1744065	30	12931829760	12320169984	python3*21 pt_gloo_runloop*2 ZMQbg/Reaper*2 ZMQbg/IO/0*2 pt_tcpstore_uv*1 cuda0000240000a*1 
2026-09-25T16:51:21+04:00	ck5-mirror-3	0	1744283	1744065	39	908955648	630185984	python3*33 ZMQbg/Reaper*3 ZMQbg/IO/0*3 
2026-09-25T16:51:33+04:00	ck5-mirror-3	1	1744045	488	2	25403392	6033408	uv*1 main2*1 
2026-09-25T16:51:33+04:00	ck5-mirror-3	1	1744065	1744045	57	957575168	672927744	ft*51 ZMQbg/Reaper*3 ZMQbg/IO/0*3 
2026-09-25T16:51:33+04:00	ck5-mirror-3	1	1744281	1744065	1	12730368	5939200	python3*1 
2026-09-25T16:51:33+04:00	ck5-mirror-3	1	1744282	1744065	30	12932116480	12320456704	python3*21 pt_gloo_runloop*2 ZMQbg/Reaper*2 ZMQbg/IO/0*2 pt_tcpstore_uv*1 cuda0000240000a*1 
2026-09-25T16:51:33+04:00	ck5-mirror-3	1	1744283	1744065	57	909643776	630874112	python3*49 ZMQbg/Reaper*4 ZMQbg/IO/0*4 
2026-09-25T16:51:43+04:00	ck5-mirror-3	1	1744045	488	2	25403392	6033408	uv*1 main2*1 
2026-09-25T16:51:43+04:00	ck5-mirror-3	1	1744065	1744045	57	957575168	672927744	ft*51 ZMQbg/Reaper*3 ZMQbg/IO/0*3 
2026-09-25T16:51:43+04:00	ck5-mirror-3	1	1744281	1744065	1	12730368	5939200	python3*1 
2026-09-25T16:51:43+04:00	ck5-mirror-3	1	1744282	1744065	45	12932382720	12320710656	python3*36 pt_gloo_runloop*2 ZMQbg/Reaper*2 ZMQbg/IO/0*2 pt_tcpstore_uv*1 cuda0000240000a*1 
2026-09-25T16:51:43+04:00	ck5-mirror-3	1	1744283	1744065	57	909647872	630878208	python3*49 ZMQbg/Reaper*4 ZMQbg/IO/0*4 
2026-09-25T16:51:53+04:00	ck5-mirror-3	3	1744045	488	2	25403392	6033408	uv*1 main2*1 
2026-09-25T16:51:53+04:00	ck5-mirror-3	3	1744065	1744045	57	957575168	672927744	ft*51 ZMQbg/Reaper*3 ZMQbg/IO/0*3 
2026-09-25T16:51:53+04:00	ck5-mirror-3	3	1744281	1744065	1	12730368	5939200	python3*1 
2026-09-25T16:51:53+04:00	ck5-mirror-3	3	1744282	1744065	45	12933300224	12320714752	python3*36 pt_gloo_runloop*2 ZMQbg/Reaper*2 ZMQbg/IO/0*2 pt_tcpstore_uv*1 cuda0000240000a*1 
2026-09-25T16:51:54+04:00	ck5-mirror-3	3	1744283	1744065	57	909647872	630878208	python3*49 ZMQbg/Reaper*4 ZMQbg/IO/0*4 
2026-09-25T16:52:04+04:00	ck5-mirror-3	4	1744045	488	2	25403392	6033408	uv*1 main2*1 
2026-09-25T16:52:04+04:00	ck5-mirror-3	4	1744065	1744045	59	993849344	702455808	ft*52 ZMQbg/Reaper*3 ZMQbg/IO/0*3 cuda0000a40002a*1 
2026-09-25T16:52:04+04:00	ck5-mirror-3	4	1744281	1744065	1	12730368	5939200	python3*1 
2026-09-25T16:52:04+04:00	ck5-mirror-3	4	1744282	1744065	45	12933300224	12320714752	python3*36 pt_gloo_runloop*2 ZMQbg/Reaper*2 ZMQbg/IO/0*2 pt_tcpstore_uv*1 cuda0000240000a*1 
2026-09-25T16:52:04+04:00	ck5-mirror-3	4	1744283	1744065	57	909647872	630878208	python3*49 ZMQbg/Reaper*4 ZMQbg/IO/0*4 
2026-09-25T16:53:19+04:00	ck5-whole-1m	0	1758510	488	3	25505792	6045696	uv*1 tokio-rt-worker*1 main2*1 
2026-09-25T16:53:19+04:00	ck5-whole-1m	0	1758526	1758510	22	712691712	431751168	ft*18 ZMQbg/Reaper*2 ZMQbg/IO/0*2 
2026-09-25T16:53:19+04:00	ck5-whole-1m	0	1758661	1758526	1	12718080	5935104	python3*1 
2026-09-25T16:53:19+04:00	ck5-whole-1m	0	1758662	1758526	25	1127825408	570851328	python3*20 pt_gloo_runloop*2 pt_tcpstore_uv*1 cuda0000240000a*1 cuda-EvtHandlr*1 
2026-09-25T16:53:19+04:00	ck5-whole-1m	0	1758663	1758526	23	903180288	629686272	python3*17 ZMQbg/Reaper*3 ZMQbg/IO/0*3 
2026-09-25T16:53:29+04:00	ck5-whole-1m	0	1758510	488	2	25636864	6045696	uv*1 main2*1 
2026-09-25T16:53:29+04:00	ck5-whole-1m	0	1758526	1758510	22	712105984	431751168	ft*18 ZMQbg/Reaper*2 ZMQbg/IO/0*2 
2026-09-25T16:53:29+04:00	ck5-whole-1m	0	1758661	1758526	1	12718080	5935104	python3*1 
2026-09-25T16:53:29+04:00	ck5-whole-1m	0	1758662	1758526	41	19192672256	747544576	python3*36 pt_gloo_runloop*2 pt_tcpstore_uv*1 cuda0000240000a*1 cuda-EvtHandlr*1 
2026-09-25T16:53:30+04:00	ck5-whole-1m	0	1758663	1758526	23	902594560	629686272	python3*17 ZMQbg/Reaper*3 ZMQbg/IO/0*3 
2026-09-25T16:53:40+04:00	ck5-whole-1m	0	1758510	488	2	25636864	6045696	uv*1 main2*1 
2026-09-25T16:53:40+04:00	ck5-whole-1m	0	1758526	1758510	39	958758912	672804864	ft*35 ZMQbg/Reaper*2 ZMQbg/IO/0*2 
2026-09-25T16:53:40+04:00	ck5-whole-1m	0	1758661	1758526	1	12718080	5935104	python3*1 
2026-09-25T16:53:40+04:00	ck5-whole-1m	0	1758662	1758526	45	19063136256	1911390208	python3*36 pt_gloo_runloop*2 ZMQbg/Reaper*2 ZMQbg/IO/0*2 pt_tcpstore_uv*1 cuda0000240000a*1 
2026-09-25T16:53:40+04:00	ck5-whole-1m	0	1758663	1758526	39	906190848	630177792	python3*33 ZMQbg/Reaper*3 ZMQbg/IO/0*3 
2026-09-25T16:53:52+04:00	ck5-whole-1m	0	1758510	488	2	25636864	6045696	uv*1 main2*1 
2026-09-25T16:53:52+04:00	ck5-whole-1m	0	1758526	1758510	39	958758912	672804864	ft*35 ZMQbg/Reaper*2 ZMQbg/IO/0*2 
2026-09-25T16:53:52+04:00	ck5-whole-1m	0	1758661	1758526	1	12718080	5935104	python3*1 
2026-09-25T16:53:52+04:00	ck5-whole-1m	0	1758662	1758526	45	19063136256	1911390208	python3*36 pt_gloo_runloop*2 ZMQbg/Reaper*2 ZMQbg/IO/0*2 pt_tcpstore_uv*1 cuda0000240000a*1 
2026-09-25T16:53:52+04:00	ck5-whole-1m	0	1758663	1758526	39	906190848	630177792	python3*33 ZMQbg/Reaper*3 ZMQbg/IO/0*3 
2026-09-25T16:54:02+04:00	ck5-whole-1m	1	1758510	488	2	25636864	6045696	uv*1 main2*1 
2026-09-25T16:54:02+04:00	ck5-whole-1m	1	1758526	1758510	57	1142247424	856293376	ft*51 ZMQbg/Reaper*3 ZMQbg/IO/0*3 
2026-09-25T16:54:02+04:00	ck5-whole-1m	1	1758661	1758526	1	12718080	5935104	python3*1 
2026-09-25T16:54:02+04:00	ck5-whole-1m	1	1758662	1758526	45	19063140352	1911394304	python3*36 pt_gloo_runloop*2 ZMQbg/Reaper*2 ZMQbg/IO/0*2 pt_tcpstore_uv*1 cuda0000240000a*1 
2026-09-25T16:54:02+04:00	ck5-whole-1m	1	1758663	1758526	39	1014087680	739016704	python3*33 ZMQbg/Reaper*3 ZMQbg/IO/0*3 
2026-09-25T16:54:12+04:00	ck5-whole-1m	1	1758510	488	2	25636864	6045696	uv*1 main2*1 
2026-09-25T16:54:12+04:00	ck5-whole-1m	1	1758526	1758510	57	1142247424	856293376	ft*51 ZMQbg/Reaper*3 ZMQbg/IO/0*3 
2026-09-25T16:54:13+04:00	ck5-whole-1m	1	1758661	1758526	1	12718080	5935104	python3*1 
2026-09-25T16:54:13+04:00	ck5-whole-1m	1	1758662	1758526	45	19067113472	1915367424	python3*36 pt_gloo_runloop*2 ZMQbg/Reaper*2 ZMQbg/IO/0*2 pt_tcpstore_uv*1 cuda0000240000a*1 
2026-09-25T16:54:13+04:00	ck5-whole-1m	1	1758663	1758526	57	1054924800	778911744	python3*49 ZMQbg/Reaper*4 ZMQbg/IO/0*4 
2026-09-25T16:54:24+04:00	ck5-whole-1m	1	1758510	488	2	25636864	6045696	uv*1 main2*1 
2026-09-25T16:54:24+04:00	ck5-whole-1m	1	1758526	1758510	57	1142247424	856293376	ft*51 ZMQbg/Reaper*3 ZMQbg/IO/0*3 
2026-09-25T16:54:24+04:00	ck5-whole-1m	1	1758661	1758526	1	12718080	5935104	python3*1 
2026-09-25T16:54:24+04:00	ck5-whole-1m	1	1758662	1758526	45	19067113472	1915367424	python3*36 pt_gloo_runloop*2 ZMQbg/Reaper*2 ZMQbg/IO/0*2 pt_tcpstore_uv*1 cuda0000240000a*1 
2026-09-25T16:54:25+04:00	ck5-whole-1m	1	1758663	1758526	57	1054924800	778911744	python3*49 ZMQbg/Reaper*4 ZMQbg/IO/0*4 
2026-09-25T16:54:35+04:00	ck5-whole-1m	1	1758510	488	2	25636864	6045696	uv*1 main2*1 
2026-09-25T16:54:35+04:00	ck5-whole-1m	1	1758526	1758510	57	1142247424	856293376	ft*51 ZMQbg/Reaper*3 ZMQbg/IO/0*3 
2026-09-25T16:54:35+04:00	ck5-whole-1m	1	1758661	1758526	1	12718080	5935104	python3*1 
2026-09-25T16:54:35+04:00	ck5-whole-1m	1	1758662	1758526	45	19067113472	1915367424	python3*36 pt_gloo_runloop*2 ZMQbg/Reaper*2 ZMQbg/IO/0*2 pt_tcpstore_uv*1 cuda0000240000a*1 
2026-09-25T16:54:35+04:00	ck5-whole-1m	1	1758663	1758526	57	1054924800	778911744	python3*49 ZMQbg/Reaper*4 ZMQbg/IO/0*4 
2026-09-25T16:54:45+04:00	ck5-whole-1m	1	1758510	488	2	25636864	6045696	uv*1 main2*1 
2026-09-25T16:54:45+04:00	ck5-whole-1m	1	1758526	1758510	57	1141059584	856293376	ft*51 ZMQbg/Reaper*3 ZMQbg/IO/0*3 
2026-09-25T16:54:45+04:00	ck5-whole-1m	1	1758661	1758526	1	12718080	5935104	python3*1 
2026-09-25T16:54:45+04:00	ck5-whole-1m	1	1758662	1758526	45	19055951872	1915367424	python3*36 pt_gloo_runloop*2 ZMQbg/Reaper*2 ZMQbg/IO/0*2 pt_tcpstore_uv*1 cuda0000240000a*1 
2026-09-25T16:54:45+04:00	ck5-whole-1m	1	1758663	1758526	57	1053741056	778911744	python3*49 ZMQbg/Reaper*4 ZMQbg/IO/0*4 
2026-09-25T16:54:57+04:00	ck5-whole-1m	1	1758510	488	2	25636864	6045696	uv*1 main2*1 
2026-09-25T16:54:57+04:00	ck5-whole-1m	1	1758526	1758510	57	1141059584	856293376	ft*51 ZMQbg/Reaper*3 ZMQbg/IO/0*3 
2026-09-25T16:54:57+04:00	ck5-whole-1m	1	1758661	1758526	1	12718080	5935104	python3*1 
2026-09-25T16:54:57+04:00	ck5-whole-1m	1	1758662	1758526	45	19055951872	1915367424	python3*36 pt_gloo_runloop*2 ZMQbg/Reaper*2 ZMQbg/IO/0*2 pt_tcpstore_uv*1 cuda0000240000a*1 
2026-09-25T16:54:57+04:00	ck5-whole-1m	1	1758663	1758526	57	1053741056	778911744	python3*49 ZMQbg/Reaper*4 ZMQbg/IO/0*4 
2026-09-25T16:55:07+04:00	ck5-whole-1m	1	1758510	488	2	25636864	6045696	uv*1 main2*1 
2026-09-25T16:55:07+04:00	ck5-whole-1m	1	1758526	1758510	57	1141059584	856293376	ft*51 ZMQbg/Reaper*3 ZMQbg/IO/0*3 
2026-09-25T16:55:07+04:00	ck5-whole-1m	1	1758661	1758526	1	12718080	5935104	python3*1 
2026-09-25T16:55:07+04:00	ck5-whole-1m	1	1758662	1758526	45	19055951872	1915367424	python3*36 pt_gloo_runloop*2 ZMQbg/Reaper*2 ZMQbg/IO/0*2 pt_tcpstore_uv*1 cuda0000240000a*1 
2026-09-25T16:55:07+04:00	ck5-whole-1m	1	1758663	1758526	57	1053741056	778911744	python3*49 ZMQbg/Reaper*4 ZMQbg/IO/0*4 
2026-09-25T16:55:17+04:00	ck5-whole-1m	1	1758510	488	2	25636864	6045696	uv*1 main2*1 
2026-09-25T16:55:17+04:00	ck5-whole-1m	1	1758526	1758510	57	1139527680	856293376	ft*51 ZMQbg/Reaper*3 ZMQbg/IO/0*3 
2026-09-25T16:55:17+04:00	ck5-whole-1m	1	1758661	1758526	1	12713984	5935104	python3*1 
2026-09-25T16:55:17+04:00	ck5-whole-1m	1	1758662	1758526	45	19054108672	1915367424	python3*36 pt_gloo_runloop*2 ZMQbg/Reaper*2 ZMQbg/IO/0*2 pt_tcpstore_uv*1 cuda0000240000a*1 
2026-09-25T16:55:17+04:00	ck5-whole-1m	1	1758663	1758526	57	1052209152	778911744	python3*49 ZMQbg/Reaper*4 ZMQbg/IO/0*4 
2026-09-25T16:55:28+04:00	ck5-whole-1m	1	1758510	488	2	25636864	6045696	uv*1 main2*1 
2026-09-25T16:55:28+04:00	ck5-whole-1m	1	1758526	1758510	57	1136119808	856293376	ft*51 ZMQbg/Reaper*3 ZMQbg/IO/0*3 
2026-09-25T16:55:28+04:00	ck5-whole-1m	1	1758661	1758526	1	12705792	5935104	python3*1 
2026-09-25T16:55:28+04:00	ck5-whole-1m	1	1758662	1758526	45	19049713664	1915367424	python3*36 pt_gloo_runloop*2 ZMQbg/Reaper*2 ZMQbg/IO/0*2 pt_tcpstore_uv*1 cuda0000240000a*1 
2026-09-25T16:55:28+04:00	ck5-whole-1m	1	1758663	1758526	57	1048920064	778911744	python3*49 ZMQbg/Reaper*4 ZMQbg/IO/0*4 
2026-09-25T16:55:39+04:00	ck5-whole-1m	1	1758510	488	2	25636864	6045696	uv*1 main2*1 
2026-09-25T16:55:39+04:00	ck5-whole-1m	1	1758526	1758510	57	1136119808	856293376	ft*51 ZMQbg/Reaper*3 ZMQbg/IO/0*3 
2026-09-25T16:55:39+04:00	ck5-whole-1m	1	1758661	1758526	1	12705792	5935104	python3*1 
2026-09-25T16:55:39+04:00	ck5-whole-1m	1	1758662	1758526	45	19049713664	1915367424	python3*36 pt_gloo_runloop*2 ZMQbg/Reaper*2 ZMQbg/IO/0*2 pt_tcpstore_uv*1 cuda0000240000a*1 
2026-09-25T16:55:40+04:00	ck5-whole-1m	1	1758663	1758526	57	1048920064	778911744	python3*49 ZMQbg/Reaper*4 ZMQbg/IO/0*4 
2026-09-25T16:55:50+04:00	ck5-whole-1m	1	1758510	488	2	25636864	6045696	uv*1 main2*1 
2026-09-25T16:55:50+04:00	ck5-whole-1m	1	1758526	1758510	57	1136119808	856293376	ft*51 ZMQbg/Reaper*3 ZMQbg/IO/0*3 
2026-09-25T16:55:50+04:00	ck5-whole-1m	1	1758661	1758526	1	12705792	5935104	python3*1 
2026-09-25T16:55:50+04:00	ck5-whole-1m	1	1758662	1758526	45	19049717760	1915367424	python3*36 pt_gloo_runloop*2 ZMQbg/Reaper*2 ZMQbg/IO/0*2 pt_tcpstore_uv*1 cuda0000240000a*1 
2026-09-25T16:55:50+04:00	ck5-whole-1m	1	1758663	1758526	57	1048920064	778911744	python3*49 ZMQbg/Reaper*4 ZMQbg/IO/0*4 
2026-09-25T16:56:00+04:00	ck5-whole-1m	1	1758510	488	2	25636864	6045696	uv*1 main2*1 
2026-09-25T16:56:00+04:00	ck5-whole-1m	1	1758526	1758510	57	1136119808	856293376	ft*51 ZMQbg/Reaper*3 ZMQbg/IO/0*3 
2026-09-25T16:56:00+04:00	ck5-whole-1m	1	1758661	1758526	1	12705792	5935104	python3*1 
2026-09-25T16:56:00+04:00	ck5-whole-1m	1	1758662	1758526	45	19049717760	1915367424	python3*36 pt_gloo_runloop*2 ZMQbg/Reaper*2 ZMQbg/IO/0*2 pt_tcpstore_uv*1 cuda0000240000a*1 
2026-09-25T16:56:00+04:00	ck5-whole-1m	1	1758663	1758526	57	1048920064	778911744	python3*49 ZMQbg/Reaper*4 ZMQbg/IO/0*4 
2026-09-25T16:56:11+04:00	ck5-whole-1m	1	1758510	488	2	25636864	6045696	uv*1 main2*1 
2026-09-25T16:56:11+04:00	ck5-whole-1m	1	1758526	1758510	57	1136119808	856293376	ft*51 ZMQbg/Reaper*3 ZMQbg/IO/0*3 
2026-09-25T16:56:11+04:00	ck5-whole-1m	1	1758661	1758526	1	12705792	5935104	python3*1 
2026-09-25T16:56:12+04:00	ck5-whole-1m	1	1758662	1758526	45	19049717760	1915367424	python3*36 pt_gloo_runloop*2 ZMQbg/Reaper*2 ZMQbg/IO/0*2 pt_tcpstore_uv*1 cuda0000240000a*1 
2026-09-25T16:56:12+04:00	ck5-whole-1m	1	1758663	1758526	57	1048920064	778911744	python3*49 ZMQbg/Reaper*4 ZMQbg/IO/0*4 
2026-09-25T16:56:22+04:00	ck5-whole-1m	1	1758510	488	2	25636864	6045696	uv*1 main2*1 
2026-09-25T16:56:22+04:00	ck5-whole-1m	1	1758526	1758510	57	1136119808	856293376	ft*51 ZMQbg/Reaper*3 ZMQbg/IO/0*3 
2026-09-25T16:56:22+04:00	ck5-whole-1m	1	1758661	1758526	1	12705792	5935104	python3*1 
2026-09-25T16:56:22+04:00	ck5-whole-1m	1	1758662	1758526	45	19049717760	1915367424	python3*36 pt_gloo_runloop*2 ZMQbg/Reaper*2 ZMQbg/IO/0*2 pt_tcpstore_uv*1 cuda0000240000a*1 
2026-09-25T16:56:22+04:00	ck5-whole-1m	1	1758663	1758526	57	1048920064	778911744	python3*49 ZMQbg/Reaper*4 ZMQbg/IO/0*4 
2026-09-25T16:56:32+04:00	ck5-whole-1m	1	1758510	488	2	25636864	6045696	uv*1 main2*1 
2026-09-25T16:56:32+04:00	ck5-whole-1m	1	1758526	1758510	57	1136119808	856293376	ft*51 ZMQbg/Reaper*3 ZMQbg/IO/0*3 
2026-09-25T16:56:32+04:00	ck5-whole-1m	1	1758661	1758526	1	12705792	5935104	python3*1 
2026-09-25T16:56:32+04:00	ck5-whole-1m	1	1758662	1758526	45	19049717760	1915367424	python3*36 pt_gloo_runloop*2 ZMQbg/Reaper*2 ZMQbg/IO/0*2 pt_tcpstore_uv*1 cuda0000240000a*1 
2026-09-25T16:56:32+04:00	ck5-whole-1m	1	1758663	1758526	57	1048920064	778911744	python3*49 ZMQbg/Reaper*4 ZMQbg/IO/0*4 
2026-09-25T16:56:44+04:00	ck5-whole-1m	1	1758510	488	2	25636864	6045696	uv*1 main2*1 
2026-09-25T16:56:44+04:00	ck5-whole-1m	1	1758526	1758510	57	1136119808	856293376	ft*51 ZMQbg/Reaper*3 ZMQbg/IO/0*3 
2026-09-25T16:56:44+04:00	ck5-whole-1m	1	1758661	1758526	1	12705792	5935104	python3*1 
2026-09-25T16:56:44+04:00	ck5-whole-1m	1	1758662	1758526	45	19049717760	1915367424	python3*36 pt_gloo_runloop*2 ZMQbg/Reaper*2 ZMQbg/IO/0*2 pt_tcpstore_uv*1 cuda0000240000a*1 
2026-09-25T16:56:44+04:00	ck5-whole-1m	1	1758663	1758526	57	1048920064	778911744	python3*49 ZMQbg/Reaper*4 ZMQbg/IO/0*4 
2026-09-25T16:56:54+04:00	ck5-whole-1m	1	1758510	488	2	25636864	6045696	uv*1 main2*1 
2026-09-25T16:56:54+04:00	ck5-whole-1m	1	1758526	1758510	57	1136119808	856293376	ft*51 ZMQbg/Reaper*3 ZMQbg/IO/0*3 
2026-09-25T16:56:54+04:00	ck5-whole-1m	1	1758661	1758526	1	12705792	5935104	python3*1 
2026-09-25T16:56:54+04:00	ck5-whole-1m	1	1758662	1758526	45	19049717760	1915367424	python3*36 pt_gloo_runloop*2 ZMQbg/Reaper*2 ZMQbg/IO/0*2 pt_tcpstore_uv*1 cuda0000240000a*1 
2026-09-25T16:56:54+04:00	ck5-whole-1m	1	1758663	1758526	57	1048920064	778911744	python3*49 ZMQbg/Reaper*4 ZMQbg/IO/0*4 
2026-09-25T16:57:04+04:00	ck5-whole-1m	1	1758510	488	2	25636864	6045696	uv*1 main2*1 
2026-09-25T16:57:04+04:00	ck5-whole-1m	1	1758526	1758510	57	1136119808	856293376	ft*51 ZMQbg/Reaper*3 ZMQbg/IO/0*3 
2026-09-25T16:57:04+04:00	ck5-whole-1m	1	1758661	1758526	1	12705792	5935104	python3*1 
2026-09-25T16:57:04+04:00	ck5-whole-1m	1	1758662	1758526	45	19049717760	1915367424	python3*36 pt_gloo_runloop*2 ZMQbg/Reaper*2 ZMQbg/IO/0*2 pt_tcpstore_uv*1 cuda0000240000a*1 
2026-09-25T16:57:05+04:00	ck5-whole-1m	1	1758663	1758526	57	1048920064	778911744	python3*49 ZMQbg/Reaper*4 ZMQbg/IO/0*4 
2026-09-25T16:57:16+04:00	ck5-whole-1m	1	1758510	488	2	25636864	6045696	uv*1 main2*1 
2026-09-25T16:57:16+04:00	ck5-whole-1m	1	1758526	1758510	57	1136119808	856293376	ft*51 ZMQbg/Reaper*3 ZMQbg/IO/0*3 
2026-09-25T16:57:16+04:00	ck5-whole-1m	1	1758661	1758526	1	12705792	5935104	python3*1 
2026-09-25T16:57:16+04:00	ck5-whole-1m	1	1758662	1758526	45	19049717760	1915367424	python3*36 pt_gloo_runloop*2 ZMQbg/Reaper*2 ZMQbg/IO/0*2 pt_tcpstore_uv*1 cuda0000240000a*1 
2026-09-25T16:57:16+04:00	ck5-whole-1m	1	1758663	1758526	57	1048920064	778911744	python3*49 ZMQbg/Reaper*4 ZMQbg/IO/0*4 
2026-09-25T16:57:26+04:00	ck5-whole-1m	1	1758510	488	2	25636864	6045696	uv*1 main2*1 
2026-09-25T16:57:26+04:00	ck5-whole-1m	1	1758526	1758510	57	1136119808	856293376	ft*51 ZMQbg/Reaper*3 ZMQbg/IO/0*3 
2026-09-25T16:57:26+04:00	ck5-whole-1m	1	1758661	1758526	1	12705792	5935104	python3*1 
2026-09-25T16:57:26+04:00	ck5-whole-1m	1	1758662	1758526	45	19049717760	1915367424	python3*36 pt_gloo_runloop*2 ZMQbg/Reaper*2 ZMQbg/IO/0*2 pt_tcpstore_uv*1 cuda0000240000a*1 
2026-09-25T16:57:26+04:00	ck5-whole-1m	1	1758663	1758526	57	1048920064	778911744	python3*49 ZMQbg/Reaper*4 ZMQbg/IO/0*4 
2026-09-25T16:57:36+04:00	ck5-whole-1m	1	1758510	488	2	25636864	6045696	uv*1 main2*1 
2026-09-25T16:57:36+04:00	ck5-whole-1m	1	1758526	1758510	57	1136119808	856293376	ft*51 ZMQbg/Reaper*3 ZMQbg/IO/0*3 
2026-09-25T16:57:37+04:00	ck5-whole-1m	1	1758661	1758526	1	12705792	5935104	python3*1 
2026-09-25T16:57:37+04:00	ck5-whole-1m	1	1758662	1758526	45	19049717760	1915367424	python3*36 pt_gloo_runloop*2 ZMQbg/Reaper*2 ZMQbg/IO/0*2 pt_tcpstore_uv*1 cuda0000240000a*1 
2026-09-25T16:57:37+04:00	ck5-whole-1m	1	1758663	1758526	57	1048920064	778911744	python3*49 ZMQbg/Reaper*4 ZMQbg/IO/0*4 
2026-09-25T16:57:48+04:00	ck5-whole-1m	1	1758510	488	2	25636864	6045696	uv*1 main2*1 
2026-09-25T16:57:48+04:00	ck5-whole-1m	1	1758526	1758510	57	1136119808	856293376	ft*51 ZMQbg/Reaper*3 ZMQbg/IO/0*3 
2026-09-25T16:57:48+04:00	ck5-whole-1m	1	1758661	1758526	1	12705792	5935104	python3*1 
2026-09-25T16:57:48+04:00	ck5-whole-1m	1	1758662	1758526	45	19049717760	1915367424	python3*36 pt_gloo_runloop*2 ZMQbg/Reaper*2 ZMQbg/IO/0*2 pt_tcpstore_uv*1 cuda0000240000a*1 
2026-09-25T16:57:48+04:00	ck5-whole-1m	1	1758663	1758526	57	1048920064	778911744	python3*49 ZMQbg/Reaper*4 ZMQbg/IO/0*4 
2026-09-25T16:57:58+04:00	ck5-whole-1m	1	1758510	488	2	25636864	6045696	uv*1 main2*1 
2026-09-25T16:57:58+04:00	ck5-whole-1m	1	1758526	1758510	57	1136119808	856293376	ft*51 ZMQbg/Reaper*3 ZMQbg/IO/0*3 
2026-09-25T16:57:58+04:00	ck5-whole-1m	1	1758661	1758526	1	12705792	5935104	python3*1 
2026-09-25T16:57:58+04:00	ck5-whole-1m	1	1758662	1758526	45	19049717760	1915367424	python3*36 pt_gloo_runloop*2 ZMQbg/Reaper*2 ZMQbg/IO/0*2 pt_tcpstore_uv*1 cuda0000240000a*1 
2026-09-25T16:57:59+04:00	ck5-whole-1m	1	1758663	1758526	57	1048920064	778911744	python3*49 ZMQbg/Reaper*4 ZMQbg/IO/0*4 
2026-09-25T16:58:09+04:00	ck5-whole-1m	1	1758510	488	2	25636864	6045696	uv*1 main2*1 
2026-09-25T16:58:09+04:00	ck5-whole-1m	1	1758526	1758510	57	1136119808	856293376	ft*51 ZMQbg/Reaper*3 ZMQbg/IO/0*3 
2026-09-25T16:58:09+04:00	ck5-whole-1m	1	1758661	1758526	1	12705792	5935104	python3*1 
2026-09-25T16:58:09+04:00	ck5-whole-1m	1	1758662	1758526	45	19049717760	1915367424	python3*36 pt_gloo_runloop*2 ZMQbg/Reaper*2 ZMQbg/IO/0*2 pt_tcpstore_uv*1 cuda0000240000a*1 
2026-09-25T16:58:09+04:00	ck5-whole-1m	1	1758663	1758526	57	1048920064	778911744	python3*49 ZMQbg/Reaper*4 ZMQbg/IO/0*4 
2026-09-25T16:58:20+04:00	ck5-whole-1m	1	1758510	488	2	25636864	6045696	uv*1 main2*1 
2026-09-25T16:58:20+04:00	ck5-whole-1m	1	1758526	1758510	57	1136119808	856293376	ft*51 ZMQbg/Reaper*3 ZMQbg/IO/0*3 
2026-09-25T16:58:20+04:00	ck5-whole-1m	1	1758661	1758526	1	12705792	5935104	python3*1 
2026-09-25T16:58:20+04:00	ck5-whole-1m	1	1758662	1758526	45	19049717760	1915367424	python3*36 pt_gloo_runloop*2 ZMQbg/Reaper*2 ZMQbg/IO/0*2 pt_tcpstore_uv*1 cuda0000240000a*1 
2026-09-25T16:58:21+04:00	ck5-whole-1m	1	1758663	1758526	57	1048920064	778911744	python3*49 ZMQbg/Reaper*4 ZMQbg/IO/0*4 
2026-09-25T16:58:31+04:00	ck5-whole-1m	1	1758510	488	2	25636864	6045696	uv*1 main2*1 
2026-09-25T16:58:31+04:00	ck5-whole-1m	1	1758526	1758510	57	1136119808	856293376	ft*51 ZMQbg/Reaper*3 ZMQbg/IO/0*3 
2026-09-25T16:58:31+04:00	ck5-whole-1m	1	1758661	1758526	1	12705792	5935104	python3*1 
2026-09-25T16:58:31+04:00	ck5-whole-1m	1	1758662	1758526	45	19049717760	1915367424	python3*36 pt_gloo_runloop*2 ZMQbg/Reaper*2 ZMQbg/IO/0*2 pt_tcpstore_uv*1 cuda0000240000a*1 
2026-09-25T16:58:31+04:00	ck5-whole-1m	1	1758663	1758526	57	1048920064	778911744	python3*49 ZMQbg/Reaper*4 ZMQbg/IO/0*4 
2026-09-25T16:58:41+04:00	ck5-whole-1m	1	1758510	488	2	25636864	6045696	uv*1 main2*1 
2026-09-25T16:58:41+04:00	ck5-whole-1m	1	1758526	1758510	57	1136119808	856293376	ft*51 ZMQbg/Reaper*3 ZMQbg/IO/0*3 
2026-09-25T16:58:41+04:00	ck5-whole-1m	1	1758661	1758526	1	12705792	5935104	python3*1 
2026-09-25T16:58:41+04:00	ck5-whole-1m	1	1758662	1758526	45	19049717760	1915367424	python3*36 pt_gloo_runloop*2 ZMQbg/Reaper*2 ZMQbg/IO/0*2 pt_tcpstore_uv*1 cuda0000240000a*1 
2026-09-25T16:58:41+04:00	ck5-whole-1m	1	1758663	1758526	57	1048920064	778911744	python3*49 ZMQbg/Reaper*4 ZMQbg/IO/0*4 
2026-09-25T16:58:53+04:00	ck5-whole-1m	1	1758510	488	2	25636864	6045696	uv*1 main2*1 
2026-09-25T16:58:53+04:00	ck5-whole-1m	1	1758526	1758510	57	1136119808	856293376	ft*51 ZMQbg/Reaper*3 ZMQbg/IO/0*3 
2026-09-25T16:58:53+04:00	ck5-whole-1m	1	1758661	1758526	1	12705792	5935104	python3*1 
2026-09-25T16:58:53+04:00	ck5-whole-1m	1	1758662	1758526	45	19049717760	1915367424	python3*36 pt_gloo_runloop*2 ZMQbg/Reaper*2 ZMQbg/IO/0*2 pt_tcpstore_uv*1 cuda0000240000a*1 
2026-09-25T16:58:53+04:00	ck5-whole-1m	1	1758663	1758526	57	1048920064	778911744	python3*49 ZMQbg/Reaper*4 ZMQbg/IO/0*4 
2026-09-25T16:59:03+04:00	ck5-whole-1m	1	1758510	488	2	25636864	6045696	uv*1 main2*1 
2026-09-25T16:59:03+04:00	ck5-whole-1m	1	1758526	1758510	57	1136119808	856293376	ft*51 ZMQbg/Reaper*3 ZMQbg/IO/0*3 
2026-09-25T16:59:03+04:00	ck5-whole-1m	1	1758661	1758526	1	12705792	5935104	python3*1 
2026-09-25T16:59:03+04:00	ck5-whole-1m	1	1758662	1758526	45	19049717760	1915367424	python3*36 pt_gloo_runloop*2 ZMQbg/Reaper*2 ZMQbg/IO/0*2 pt_tcpstore_uv*1 cuda0000240000a*1 
2026-09-25T16:59:03+04:00	ck5-whole-1m	1	1758663	1758526	57	1048920064	778911744	python3*49 ZMQbg/Reaper*4 ZMQbg/IO/0*4 
2026-09-25T16:59:13+04:00	ck5-whole-1m	1	1758510	488	2	25636864	6045696	uv*1 main2*1 
2026-09-25T16:59:13+04:00	ck5-whole-1m	1	1758526	1758510	57	1136119808	856293376	ft*51 ZMQbg/Reaper*3 ZMQbg/IO/0*3 
2026-09-25T16:59:13+04:00	ck5-whole-1m	1	1758661	1758526	1	12705792	5935104	python3*1 
2026-09-25T16:59:13+04:00	ck5-whole-1m	1	1758662	1758526	45	19049717760	1915367424	python3*36 pt_gloo_runloop*2 ZMQbg/Reaper*2 ZMQbg/IO/0*2 pt_tcpstore_uv*1 cuda0000240000a*1 
2026-09-25T16:59:13+04:00	ck5-whole-1m	1	1758663	1758526	57	1048920064	778911744	python3*49 ZMQbg/Reaper*4 ZMQbg/IO/0*4 
2026-09-25T16:59:23+04:00	ck5-whole-1m	1	1758510	488	2	25636864	6045696	uv*1 main2*1 
2026-09-25T16:59:23+04:00	ck5-whole-1m	1	1758526	1758510	57	1136119808	856293376	ft*51 ZMQbg/Reaper*3 ZMQbg/IO/0*3 
2026-09-25T16:59:24+04:00	ck5-whole-1m	1	1758661	1758526	1	12705792	5935104	python3*1 
2026-09-25T16:59:24+04:00	ck5-whole-1m	1	1758662	1758526	45	19049717760	1915367424	python3*36 pt_gloo_runloop*2 ZMQbg/Reaper*2 ZMQbg/IO/0*2 pt_tcpstore_uv*1 cuda0000240000a*1 
2026-09-25T16:59:24+04:00	ck5-whole-1m	1	1758663	1758526	57	1048920064	778911744	python3*49 ZMQbg/Reaper*4 ZMQbg/IO/0*4 
2026-09-25T16:59:35+04:00	ck5-whole-1m	1	1758510	488	2	25636864	6045696	uv*1 main2*1 
2026-09-25T16:59:35+04:00	ck5-whole-1m	1	1758526	1758510	57	1136119808	856293376	ft*51 ZMQbg/Reaper*3 ZMQbg/IO/0*3 
2026-09-25T16:59:35+04:00	ck5-whole-1m	1	1758661	1758526	1	12705792	5935104	python3*1 
2026-09-25T16:59:35+04:00	ck5-whole-1m	1	1758662	1758526	45	19049717760	1915367424	python3*36 pt_gloo_runloop*2 ZMQbg/Reaper*2 ZMQbg/IO/0*2 pt_tcpstore_uv*1 cuda0000240000a*1 
2026-09-25T16:59:35+04:00	ck5-whole-1m	1	1758663	1758526	57	1048920064	778911744	python3*49 ZMQbg/Reaper*4 ZMQbg/IO/0*4 
2026-09-25T16:59:46+04:00	ck5-whole-1m	1	1758510	488	2	25636864	6045696	uv*1 main2*1 
2026-09-25T16:59:46+04:00	ck5-whole-1m	1	1758526	1758510	57	1136119808	856293376	ft*51 ZMQbg/Reaper*3 ZMQbg/IO/0*3 
2026-09-25T16:59:46+04:00	ck5-whole-1m	1	1758661	1758526	1	12705792	5935104	python3*1 
2026-09-25T16:59:46+04:00	ck5-whole-1m	1	1758662	1758526	45	19049717760	1915367424	python3*36 pt_gloo_runloop*2 ZMQbg/Reaper*2 ZMQbg/IO/0*2 pt_tcpstore_uv*1 cuda0000240000a*1 
2026-09-25T16:59:46+04:00	ck5-whole-1m	1	1758663	1758526	57	1048920064	778911744	python3*49 ZMQbg/Reaper*4 ZMQbg/IO/0*4 
2026-09-25T16:59:56+04:00	ck5-whole-1m	1	1758510	488	2	25636864	6045696	uv*1 main2*1 
2026-09-25T16:59:56+04:00	ck5-whole-1m	1	1758526	1758510	57	1136119808	856293376	ft*51 ZMQbg/Reaper*3 ZMQbg/IO/0*3 
2026-09-25T16:59:56+04:00	ck5-whole-1m	1	1758661	1758526	1	12705792	5935104	python3*1 
2026-09-25T16:59:56+04:00	ck5-whole-1m	1	1758662	1758526	45	19049717760	1915367424	python3*36 pt_gloo_runloop*2 ZMQbg/Reaper*2 ZMQbg/IO/0*2 pt_tcpstore_uv*1 cuda0000240000a*1 
2026-09-25T16:59:56+04:00	ck5-whole-1m	1	1758663	1758526	57	1048920064	778911744	python3*49 ZMQbg/Reaper*4 ZMQbg/IO/0*4 
2026-09-25T17:00:08+04:00	ck5-whole-1m	1	1758510	488	2	25636864	6045696	uv*1 main2*1 
2026-09-25T17:00:08+04:00	ck5-whole-1m	1	1758526	1758510	57	1136119808	856293376	ft*51 ZMQbg/Reaper*3 ZMQbg/IO/0*3 
2026-09-25T17:00:08+04:00	ck5-whole-1m	1	1758661	1758526	1	12705792	5935104	python3*1 
2026-09-25T17:00:08+04:00	ck5-whole-1m	1	1758662	1758526	45	19049717760	1915367424	python3*36 pt_gloo_runloop*2 ZMQbg/Reaper*2 ZMQbg/IO/0*2 pt_tcpstore_uv*1 cuda0000240000a*1 
2026-09-25T17:00:08+04:00	ck5-whole-1m	1	1758663	1758526	57	1048920064	778911744	python3*49 ZMQbg/Reaper*4 ZMQbg/IO/0*4 
2026-09-25T17:00:18+04:00	ck5-whole-1m	1	1758510	488	2	25636864	6045696	uv*1 main2*1 
2026-09-25T17:00:18+04:00	ck5-whole-1m	1	1758526	1758510	57	1136119808	856293376	ft*51 ZMQbg/Reaper*3 ZMQbg/IO/0*3 
2026-09-25T17:00:18+04:00	ck5-whole-1m	1	1758661	1758526	1	12705792	5935104	python3*1 
2026-09-25T17:00:18+04:00	ck5-whole-1m	1	1758662	1758526	45	19049717760	1915367424	python3*36 pt_gloo_runloop*2 ZMQbg/Reaper*2 ZMQbg/IO/0*2 pt_tcpstore_uv*1 cuda0000240000a*1 
2026-09-25T17:00:18+04:00	ck5-whole-1m	1	1758663	1758526	57	1048920064	778911744	python3*49 ZMQbg/Reaper*4 ZMQbg/IO/0*4 
2026-09-25T17:00:28+04:00	ck5-whole-1m	1	1758510	488	2	25636864	6045696	uv*1 main2*1 
2026-09-25T17:00:28+04:00	ck5-whole-1m	1	1758526	1758510	57	1136119808	856293376	ft*51 ZMQbg/Reaper*3 ZMQbg/IO/0*3 
2026-09-25T17:00:28+04:00	ck5-whole-1m	1	1758661	1758526	1	12705792	5935104	python3*1 
2026-09-25T17:00:28+04:00	ck5-whole-1m	1	1758662	1758526	45	19049717760	1915367424	python3*36 pt_gloo_runloop*2 ZMQbg/Reaper*2 ZMQbg/IO/0*2 pt_tcpstore_uv*1 cuda0000240000a*1 
2026-09-25T17:00:28+04:00	ck5-whole-1m	1	1758663	1758526	57	1048920064	778911744	python3*49 ZMQbg/Reaper*4 ZMQbg/IO/0*4 
2026-09-25T17:00:40+04:00	ck5-whole-1m	1	1758510	488	2	25636864	6045696	uv*1 main2*1 
2026-09-25T17:00:40+04:00	ck5-whole-1m	1	1758526	1758510	57	1136119808	856293376	ft*51 ZMQbg/Reaper*3 ZMQbg/IO/0*3 
2026-09-25T17:00:40+04:00	ck5-whole-1m	1	1758661	1758526	1	12705792	5935104	python3*1 
2026-09-25T17:00:40+04:00	ck5-whole-1m	1	1758662	1758526	45	19049717760	1915367424	python3*36 pt_gloo_runloop*2 ZMQbg/Reaper*2 ZMQbg/IO/0*2 pt_tcpstore_uv*1 cuda0000240000a*1 
2026-09-25T17:00:40+04:00	ck5-whole-1m	1	1758663	1758526	57	1048920064	778911744	python3*49 ZMQbg/Reaper*4 ZMQbg/IO/0*4 
2026-09-25T17:00:50+04:00	ck5-whole-1m	1	1758510	488	2	25636864	6045696	uv*1 main2*1 
2026-09-25T17:00:50+04:00	ck5-whole-1m	1	1758526	1758510	57	1136119808	856293376	ft*51 ZMQbg/Reaper*3 ZMQbg/IO/0*3 
2026-09-25T17:00:50+04:00	ck5-whole-1m	1	1758661	1758526	1	12705792	5935104	python3*1 
2026-09-25T17:00:50+04:00	ck5-whole-1m	1	1758662	1758526	45	19049717760	1915367424	python3*36 pt_gloo_runloop*2 ZMQbg/Reaper*2 ZMQbg/IO/0*2 pt_tcpstore_uv*1 cuda0000240000a*1 
2026-09-25T17:00:50+04:00	ck5-whole-1m	1	1758663	1758526	57	1048920064	778911744	python3*49 ZMQbg/Reaper*4 ZMQbg/IO/0*4 
2026-09-25T17:01:00+04:00	ck5-whole-1m	1	1758510	488	2	25636864	6045696	uv*1 main2*1 
2026-09-25T17:01:00+04:00	ck5-whole-1m	1	1758526	1758510	57	1136119808	856293376	ft*51 ZMQbg/Reaper*3 ZMQbg/IO/0*3 
2026-09-25T17:01:00+04:00	ck5-whole-1m	1	1758661	1758526	1	12705792	5935104	python3*1 
2026-09-25T17:01:00+04:00	ck5-whole-1m	1	1758662	1758526	45	19049717760	1915367424	python3*36 pt_gloo_runloop*2 ZMQbg/Reaper*2 ZMQbg/IO/0*2 pt_tcpstore_uv*1 cuda0000240000a*1 
2026-09-25T17:01:01+04:00	ck5-whole-1m	1	1758663	1758526	57	1048920064	778911744	python3*49 ZMQbg/Reaper*4 ZMQbg/IO/0*4 
2026-09-25T17:01:12+04:00	ck5-whole-1m	1	1758510	488	2	25636864	6045696	uv*1 main2*1 
2026-09-25T17:01:12+04:00	ck5-whole-1m	1	1758526	1758510	57	1136119808	856293376	ft*51 ZMQbg/Reaper*3 ZMQbg/IO/0*3 
2026-09-25T17:01:12+04:00	ck5-whole-1m	1	1758661	1758526	1	12705792	5935104	python3*1 
2026-09-25T17:01:12+04:00	ck5-whole-1m	1	1758662	1758526	45	19049717760	1915367424	python3*36 pt_gloo_runloop*2 ZMQbg/Reaper*2 ZMQbg/IO/0*2 pt_tcpstore_uv*1 cuda0000240000a*1 
2026-09-25T17:01:12+04:00	ck5-whole-1m	1	1758663	1758526	57	1048920064	778911744	python3*49 ZMQbg/Reaper*4 ZMQbg/IO/0*4 
2026-09-25T17:01:22+04:00	ck5-whole-1m	1	1758510	488	2	25636864	6045696	uv*1 main2*1 
2026-09-25T17:01:22+04:00	ck5-whole-1m	1	1758526	1758510	57	1136119808	856293376	ft*51 ZMQbg/Reaper*3 ZMQbg/IO/0*3 
2026-09-25T17:01:22+04:00	ck5-whole-1m	1	1758661	1758526	1	12705792	5935104	python3*1 
2026-09-25T17:01:22+04:00	ck5-whole-1m	1	1758662	1758526	45	19049717760	1915367424	python3*36 pt_gloo_runloop*2 ZMQbg/Reaper*2 ZMQbg/IO/0*2 pt_tcpstore_uv*1 cuda0000240000a*1 
2026-09-25T17:01:23+04:00	ck5-whole-1m	1	1758663	1758526	57	1048920064	778911744	python3*49 ZMQbg/Reaper*4 ZMQbg/IO/0*4 
2026-09-25T17:01:33+04:00	ck5-whole-1m	1	1758510	488	2	25632768	6045696	uv*1 main2*1 
2026-09-25T17:01:33+04:00	ck5-whole-1m	1	1758526	1758510	57	1131053056	856293376	ft*51 ZMQbg/Reaper*3 ZMQbg/IO/0*3 
2026-09-25T17:01:33+04:00	ck5-whole-1m	1	1758661	1758526	1	12705792	5935104	python3*1 
2026-09-25T17:01:33+04:00	ck5-whole-1m	1	1758662	1758526	45	19042910208	1915367424	python3*36 pt_gloo_runloop*2 ZMQbg/Reaper*2 ZMQbg/IO/0*2 pt_tcpstore_uv*1 cuda0000240000a*1 
2026-09-25T17:01:33+04:00	ck5-whole-1m	1	1758663	1758526	57	1043816448	778911744	python3*49 ZMQbg/Reaper*4 ZMQbg/IO/0*4 
2026-09-25T17:01:44+04:00	ck5-whole-1m	1	1758510	488	2	25628672	6045696	uv*1 main2*1 
2026-09-25T17:01:44+04:00	ck5-whole-1m	1	1758526	1758510	57	1125003264	856293376	ft*51 ZMQbg/Reaper*3 ZMQbg/IO/0*3 
2026-09-25T17:01:44+04:00	ck5-whole-1m	1	1758661	1758526	1	12705792	5935104	python3*1 
2026-09-25T17:01:44+04:00	ck5-whole-1m	1	1758662	1758526	45	19034042368	1915367424	python3*36 pt_gloo_runloop*2 ZMQbg/Reaper*2 ZMQbg/IO/0*2 pt_tcpstore_uv*1 cuda0000240000a*1 
2026-09-25T17:01:44+04:00	ck5-whole-1m	1	1758663	1758526	57	1038159872	778911744	python3*49 ZMQbg/Reaper*4 ZMQbg/IO/0*4 
2026-09-25T17:01:55+04:00	ck5-whole-1m	1	1758510	488	2	25628672	6045696	uv*1 main2*1 
2026-09-25T17:01:55+04:00	ck5-whole-1m	1	1758526	1758510	57	1125003264	856293376	ft*51 ZMQbg/Reaper*3 ZMQbg/IO/0*3 
2026-09-25T17:01:55+04:00	ck5-whole-1m	1	1758661	1758526	1	12705792	5935104	python3*1 
2026-09-25T17:01:55+04:00	ck5-whole-1m	1	1758662	1758526	45	19034042368	1915367424	python3*36 pt_gloo_runloop*2 ZMQbg/Reaper*2 ZMQbg/IO/0*2 pt_tcpstore_uv*1 cuda0000240000a*1 
2026-09-25T17:01:55+04:00	ck5-whole-1m	1	1758663	1758526	57	1038159872	778911744	python3*49 ZMQbg/Reaper*4 ZMQbg/IO/0*4 
2026-09-25T17:02:05+04:00	ck5-whole-1m	1	1758510	488	2	25628672	6045696	uv*1 main2*1 
2026-09-25T17:02:05+04:00	ck5-whole-1m	1	1758526	1758510	57	1125003264	856293376	ft*51 ZMQbg/Reaper*3 ZMQbg/IO/0*3 
2026-09-25T17:02:05+04:00	ck5-whole-1m	1	1758661	1758526	1	12705792	5935104	python3*1 
2026-09-25T17:02:05+04:00	ck5-whole-1m	1	1758662	1758526	45	19034042368	1915367424	python3*36 pt_gloo_runloop*2 ZMQbg/Reaper*2 ZMQbg/IO/0*2 pt_tcpstore_uv*1 cuda0000240000a*1 
2026-09-25T17:02:05+04:00	ck5-whole-1m	1	1758663	1758526	57	1038159872	778911744	python3*49 ZMQbg/Reaper*4 ZMQbg/IO/0*4 
2026-09-25T17:02:17+04:00	ck5-whole-1m	1	1758510	488	2	25628672	6045696	uv*1 main2*1 
2026-09-25T17:02:17+04:00	ck5-whole-1m	1	1758526	1758510	57	1125003264	856293376	ft*51 ZMQbg/Reaper*3 ZMQbg/IO/0*3 
2026-09-25T17:02:17+04:00	ck5-whole-1m	1	1758661	1758526	1	12705792	5935104	python3*1 
2026-09-25T17:02:17+04:00	ck5-whole-1m	1	1758662	1758526	45	19034042368	1915367424	python3*36 pt_gloo_runloop*2 ZMQbg/Reaper*2 ZMQbg/IO/0*2 pt_tcpstore_uv*1 cuda0000240000a*1 
2026-09-25T17:02:17+04:00	ck5-whole-1m	1	1758663	1758526	57	1038159872	778911744	python3*49 ZMQbg/Reaper*4 ZMQbg/IO/0*4 
2026-09-25T17:02:27+04:00	ck5-whole-1m	1	1758510	488	2	25628672	6045696	uv*1 main2*1 
2026-09-25T17:02:27+04:00	ck5-whole-1m	1	1758526	1758510	57	1125003264	856293376	ft*51 ZMQbg/Reaper*3 ZMQbg/IO/0*3 
2026-09-25T17:02:27+04:00	ck5-whole-1m	1	1758661	1758526	1	12705792	5935104	python3*1 
2026-09-25T17:02:27+04:00	ck5-whole-1m	1	1758662	1758526	45	19034103808	1915367424	python3*36 pt_gloo_runloop*2 ZMQbg/Reaper*2 ZMQbg/IO/0*2 pt_tcpstore_uv*1 cuda0000240000a*1 
2026-09-25T17:02:27+04:00	ck5-whole-1m	1	1758663	1758526	57	1038159872	778911744	python3*49 ZMQbg/Reaper*4 ZMQbg/IO/0*4 
2026-09-25T17:02:37+04:00	ck5-whole-1m	1	1758510	488	2	25628672	6045696	uv*1 main2*1 
2026-09-25T17:02:37+04:00	ck5-whole-1m	1	1758526	1758510	57	1125003264	856293376	ft*51 ZMQbg/Reaper*3 ZMQbg/IO/0*3 
2026-09-25T17:02:37+04:00	ck5-whole-1m	1	1758661	1758526	1	12705792	5935104	python3*1 
2026-09-25T17:02:37+04:00	ck5-whole-1m	1	1758662	1758526	45	19034103808	1915367424	python3*36 pt_gloo_runloop*2 ZMQbg/Reaper*2 ZMQbg/IO/0*2 pt_tcpstore_uv*1 cuda0000240000a*1 
2026-09-25T17:02:37+04:00	ck5-whole-1m	1	1758663	1758526	57	1038159872	778911744	python3*49 ZMQbg/Reaper*4 ZMQbg/IO/0*4 
2026-09-25T17:02:49+04:00	ck5-whole-1m	3	1758510	488	2	25628672	6045696	uv*1 main2*1 
2026-09-25T17:02:49+04:00	ck5-whole-1m	3	1758526	1758510	57	1355816960	1086935040	ft*51 ZMQbg/Reaper*3 ZMQbg/IO/0*3 
2026-09-25T17:02:49+04:00	ck5-whole-1m	3	1758661	1758526	1	12705792	5935104	python3*1 
2026-09-25T17:02:49+04:00	ck5-whole-1m	3	1758662	1758526	45	19036332032	1916420096	python3*36 pt_gloo_runloop*2 ZMQbg/Reaper*2 ZMQbg/IO/0*2 pt_tcpstore_uv*1 cuda0000240000a*1 
2026-09-25T17:02:49+04:00	ck5-whole-1m	3	1758663	1758526	57	985321472	727842816	python3*49 ZMQbg/Reaper*4 ZMQbg/IO/0*4 
2026-09-25T17:02:59+04:00	ck5-whole-1m	3	1758510	488	2	25628672	6045696	uv*1 main2*1 
2026-09-25T17:02:59+04:00	ck5-whole-1m	3	1758526	1758510	57	1230954496	963649536	ft*51 ZMQbg/Reaper*3 ZMQbg/IO/0*3 
2026-09-25T17:02:59+04:00	ck5-whole-1m	3	1758661	1758526	1	12705792	5935104	python3*1 
2026-09-25T17:02:59+04:00	ck5-whole-1m	3	1758662	1758526	45	19034439680	1916420096	python3*36 pt_gloo_runloop*2 ZMQbg/Reaper*2 ZMQbg/IO/0*2 pt_tcpstore_uv*1 cuda0000240000a*1 
2026-09-25T17:02:59+04:00	ck5-whole-1m	3	1758663	1758526	57	1268244480	1010384896	python3*49 ZMQbg/Reaper*4 ZMQbg/IO/0*4 
2026-09-25T17:03:09+04:00	ck5-whole-1m	3	1758510	488	2	25628672	6045696	uv*1 main2*1 
2026-09-25T17:03:09+04:00	ck5-whole-1m	3	1758526	1758510	57	1224900608	963649536	ft*51 ZMQbg/Reaper*3 ZMQbg/IO/0*3 
2026-09-25T17:03:09+04:00	ck5-whole-1m	3	1758661	1758526	1	12705792	5935104	python3*1 
2026-09-25T17:03:10+04:00	ck5-whole-1m	3	1758662	1758526	45	19027247104	1916420096	python3*36 pt_gloo_runloop*2 ZMQbg/Reaper*2 ZMQbg/IO/0*2 pt_tcpstore_uv*1 cuda0000240000a*1 
2026-09-25T17:03:10+04:00	ck5-whole-1m	3	1758663	1758526	57	1262338048	1010384896	python3*49 ZMQbg/Reaper*4 ZMQbg/IO/0*4 
2026-09-25T17:03:21+04:00	ck5-whole-1m	3	1758510	488	2	25628672	6045696	uv*1 main2*1 
2026-09-25T17:03:21+04:00	ck5-whole-1m	3	1758526	1758510	57	1224900608	963649536	ft*51 ZMQbg/Reaper*3 ZMQbg/IO/0*3 
2026-09-25T17:03:21+04:00	ck5-whole-1m	3	1758661	1758526	1	12705792	5935104	python3*1 
2026-09-25T17:03:21+04:00	ck5-whole-1m	3	1758662	1758526	45	19027247104	1916420096	python3*36 pt_gloo_runloop*2 ZMQbg/Reaper*2 ZMQbg/IO/0*2 pt_tcpstore_uv*1 cuda0000240000a*1 
2026-09-25T17:03:21+04:00	ck5-whole-1m	3	1758663	1758526	57	1262338048	1010384896	python3*49 ZMQbg/Reaper*4 ZMQbg/IO/0*4 
2026-09-25T17:03:31+04:00	ck5-whole-1m	3	1758510	488	2	25628672	6045696	uv*1 main2*1 
2026-09-25T17:03:31+04:00	ck5-whole-1m	3	1758526	1758510	57	1224900608	963649536	ft*51 ZMQbg/Reaper*3 ZMQbg/IO/0*3 
2026-09-25T17:03:31+04:00	ck5-whole-1m	3	1758661	1758526	1	12705792	5935104	python3*1 
2026-09-25T17:03:31+04:00	ck5-whole-1m	3	1758662	1758526	45	19027247104	1916420096	python3*36 pt_gloo_runloop*2 ZMQbg/Reaper*2 ZMQbg/IO/0*2 pt_tcpstore_uv*1 cuda0000240000a*1 
2026-09-25T17:03:32+04:00	ck5-whole-1m	3	1758663	1758526	57	1262338048	1010384896	python3*49 ZMQbg/Reaper*4 ZMQbg/IO/0*4 
2026-09-25T17:03:42+04:00	ck5-whole-1m	3	1758510	488	2	25628672	6045696	uv*1 main2*1 
2026-09-25T17:03:42+04:00	ck5-whole-1m	3	1758526	1758510	57	1224900608	963649536	ft*51 ZMQbg/Reaper*3 ZMQbg/IO/0*3 
2026-09-25T17:03:42+04:00	ck5-whole-1m	3	1758661	1758526	1	12705792	5935104	python3*1 
2026-09-25T17:03:42+04:00	ck5-whole-1m	3	1758662	1758526	45	19027247104	1916420096	python3*36 pt_gloo_runloop*2 ZMQbg/Reaper*2 ZMQbg/IO/0*2 pt_tcpstore_uv*1 cuda0000240000a*1 
2026-09-25T17:03:42+04:00	ck5-whole-1m	3	1758663	1758526	57	1262338048	1010384896	python3*49 ZMQbg/Reaper*4 ZMQbg/IO/0*4 
2026-09-25T17:03:52+04:00	ck5-whole-1m	3	1758510	488	2	25628672	6045696	uv*1 main2*1 
2026-09-25T17:03:52+04:00	ck5-whole-1m	3	1758526	1758510	57	1224900608	963649536	ft*51 ZMQbg/Reaper*3 ZMQbg/IO/0*3 
2026-09-25T17:03:52+04:00	ck5-whole-1m	3	1758661	1758526	1	12705792	5935104	python3*1 
2026-09-25T17:03:52+04:00	ck5-whole-1m	3	1758662	1758526	45	19027247104	1916420096	python3*36 pt_gloo_runloop*2 ZMQbg/Reaper*2 ZMQbg/IO/0*2 pt_tcpstore_uv*1 cuda0000240000a*1 
2026-09-25T17:03:52+04:00	ck5-whole-1m	3	1758663	1758526	57	1262338048	1010384896	python3*49 ZMQbg/Reaper*4 ZMQbg/IO/0*4 
2026-09-25T17:04:04+04:00	ck5-whole-1m	3	1758510	488	2	25628672	6045696	uv*1 main2*1 
2026-09-25T17:04:04+04:00	ck5-whole-1m	3	1758526	1758510	57	1224900608	963649536	ft*51 ZMQbg/Reaper*3 ZMQbg/IO/0*3 
2026-09-25T17:04:04+04:00	ck5-whole-1m	3	1758661	1758526	1	12705792	5935104	python3*1 
2026-09-25T17:04:04+04:00	ck5-whole-1m	3	1758662	1758526	45	19027247104	1916420096	python3*36 pt_gloo_runloop*2 ZMQbg/Reaper*2 ZMQbg/IO/0*2 pt_tcpstore_uv*1 cuda0000240000a*1 
2026-09-25T17:04:04+04:00	ck5-whole-1m	3	1758663	1758526	57	1262338048	1010384896	python3*49 ZMQbg/Reaper*4 ZMQbg/IO/0*4 
2026-09-25T17:04:14+04:00	ck5-whole-1m	3	1758510	488	2	25628672	6045696	uv*1 main2*1 
2026-09-25T17:04:14+04:00	ck5-whole-1m	3	1758526	1758510	57	1224900608	963649536	ft*51 ZMQbg/Reaper*3 ZMQbg/IO/0*3 
2026-09-25T17:04:14+04:00	ck5-whole-1m	3	1758661	1758526	1	12705792	5935104	python3*1 
2026-09-25T17:04:14+04:00	ck5-whole-1m	3	1758662	1758526	45	19027247104	1916420096	python3*36 pt_gloo_runloop*2 ZMQbg/Reaper*2 ZMQbg/IO/0*2 pt_tcpstore_uv*1 cuda0000240000a*1 
2026-09-25T17:04:14+04:00	ck5-whole-1m	3	1758663	1758526	57	1262338048	1010384896	python3*49 ZMQbg/Reaper*4 ZMQbg/IO/0*4 
2026-09-25T17:04:24+04:00	ck5-whole-1m	3	1758510	488	2	25628672	6045696	uv*1 main2*1 
2026-09-25T17:04:24+04:00	ck5-whole-1m	3	1758526	1758510	57	1224900608	963649536	ft*51 ZMQbg/Reaper*3 ZMQbg/IO/0*3 
2026-09-25T17:04:24+04:00	ck5-whole-1m	3	1758661	1758526	1	12705792	5935104	python3*1 
2026-09-25T17:04:24+04:00	ck5-whole-1m	3	1758662	1758526	45	19027247104	1916420096	python3*36 pt_gloo_runloop*2 ZMQbg/Reaper*2 ZMQbg/IO/0*2 pt_tcpstore_uv*1 cuda0000240000a*1 
2026-09-25T17:04:24+04:00	ck5-whole-1m	3	1758663	1758526	57	1262338048	1010384896	python3*49 ZMQbg/Reaper*4 ZMQbg/IO/0*4 
2026-09-25T17:04:36+04:00	ck5-whole-1m	3	1758510	488	2	25628672	6045696	uv*1 main2*1 
2026-09-25T17:04:36+04:00	ck5-whole-1m	3	1758526	1758510	57	1224900608	963649536	ft*51 ZMQbg/Reaper*3 ZMQbg/IO/0*3 
2026-09-25T17:04:36+04:00	ck5-whole-1m	3	1758661	1758526	1	12705792	5935104	python3*1 
2026-09-25T17:04:36+04:00	ck5-whole-1m	3	1758662	1758526	45	19027247104	1916420096	python3*36 pt_gloo_runloop*2 ZMQbg/Reaper*2 ZMQbg/IO/0*2 pt_tcpstore_uv*1 cuda0000240000a*1 
2026-09-25T17:04:36+04:00	ck5-whole-1m	3	1758663	1758526	57	1262338048	1010384896	python3*49 ZMQbg/Reaper*4 ZMQbg/IO/0*4 
2026-09-25T17:04:46+04:00	ck5-whole-1m	3	1758510	488	2	25628672	6045696	uv*1 main2*1 
2026-09-25T17:04:46+04:00	ck5-whole-1m	3	1758526	1758510	57	1224900608	963649536	ft*51 ZMQbg/Reaper*3 ZMQbg/IO/0*3 
2026-09-25T17:04:46+04:00	ck5-whole-1m	3	1758661	1758526	1	12705792	5935104	python3*1 
2026-09-25T17:04:46+04:00	ck5-whole-1m	3	1758662	1758526	45	19027247104	1916420096	python3*36 pt_gloo_runloop*2 ZMQbg/Reaper*2 ZMQbg/IO/0*2 pt_tcpstore_uv*1 cuda0000240000a*1 
2026-09-25T17:04:46+04:00	ck5-whole-1m	3	1758663	1758526	57	1262338048	1010384896	python3*49 ZMQbg/Reaper*4 ZMQbg/IO/0*4 
2026-09-25T17:04:57+04:00	ck5-whole-1m	3	1758510	488	2	25628672	6045696	uv*1 main2*1 
2026-09-25T17:04:57+04:00	ck5-whole-1m	3	1758526	1758510	57	1224900608	963649536	ft*51 ZMQbg/Reaper*3 ZMQbg/IO/0*3 
2026-09-25T17:04:57+04:00	ck5-whole-1m	3	1758661	1758526	1	12705792	5935104	python3*1 
2026-09-25T17:04:57+04:00	ck5-whole-1m	3	1758662	1758526	45	19027247104	1916420096	python3*36 pt_gloo_runloop*2 ZMQbg/Reaper*2 ZMQbg/IO/0*2 pt_tcpstore_uv*1 cuda0000240000a*1 
2026-09-25T17:04:57+04:00	ck5-whole-1m	3	1758663	1758526	57	1262338048	1010384896	python3*49 ZMQbg/Reaper*4 ZMQbg/IO/0*4 
2026-09-25T17:05:08+04:00	ck5-whole-1m	3	1758510	488	2	25628672	6045696	uv*1 main2*1 
2026-09-25T17:05:08+04:00	ck5-whole-1m	3	1758526	1758510	57	1224900608	963649536	ft*51 ZMQbg/Reaper*3 ZMQbg/IO/0*3 
2026-09-25T17:05:08+04:00	ck5-whole-1m	3	1758661	1758526	1	12705792	5935104	python3*1 
2026-09-25T17:05:08+04:00	ck5-whole-1m	3	1758662	1758526	45	19027247104	1916420096	python3*36 pt_gloo_runloop*2 ZMQbg/Reaper*2 ZMQbg/IO/0*2 pt_tcpstore_uv*1 cuda0000240000a*1 
2026-09-25T17:05:08+04:00	ck5-whole-1m	3	1758663	1758526	57	1262338048	1010384896	python3*49 ZMQbg/Reaper*4 ZMQbg/IO/0*4 
2026-09-25T17:05:18+04:00	ck5-whole-1m	3	1758510	488	2	25628672	6045696	uv*1 main2*1 
2026-09-25T17:05:19+04:00	ck5-whole-1m	3	1758526	1758510	57	1224900608	963649536	ft*51 ZMQbg/Reaper*3 ZMQbg/IO/0*3 
2026-09-25T17:05:19+04:00	ck5-whole-1m	3	1758661	1758526	1	12705792	5935104	python3*1 
2026-09-25T17:05:19+04:00	ck5-whole-1m	3	1758662	1758526	45	19027247104	1916420096	python3*36 pt_gloo_runloop*2 ZMQbg/Reaper*2 ZMQbg/IO/0*2 pt_tcpstore_uv*1 cuda0000240000a*1 
2026-09-25T17:05:19+04:00	ck5-whole-1m	3	1758663	1758526	57	1262338048	1010384896	python3*49 ZMQbg/Reaper*4 ZMQbg/IO/0*4 
2026-09-25T17:05:29+04:00	ck5-whole-1m	3	1758510	488	2	25628672	6045696	uv*1 main2*1 
2026-09-25T17:05:29+04:00	ck5-whole-1m	3	1758526	1758510	57	1224900608	963649536	ft*51 ZMQbg/Reaper*3 ZMQbg/IO/0*3 
2026-09-25T17:05:29+04:00	ck5-whole-1m	3	1758661	1758526	1	12705792	5935104	python3*1 
2026-09-25T17:05:29+04:00	ck5-whole-1m	3	1758662	1758526	45	19027247104	1916420096	python3*36 pt_gloo_runloop*2 ZMQbg/Reaper*2 ZMQbg/IO/0*2 pt_tcpstore_uv*1 cuda0000240000a*1 
2026-09-25T17:05:29+04:00	ck5-whole-1m	3	1758663	1758526	57	1262338048	1010384896	python3*49 ZMQbg/Reaper*4 ZMQbg/IO/0*4 
2026-09-25T17:05:40+04:00	ck5-whole-1m	3	1758510	488	2	25628672	6045696	uv*1 main2*1 
2026-09-25T17:05:40+04:00	ck5-whole-1m	3	1758526	1758510	57	1224900608	963649536	ft*51 ZMQbg/Reaper*3 ZMQbg/IO/0*3 
2026-09-25T17:05:41+04:00	ck5-whole-1m	3	1758661	1758526	1	12705792	5935104	python3*1 
2026-09-25T17:05:41+04:00	ck5-whole-1m	3	1758662	1758526	45	19027251200	1916420096	python3*36 pt_gloo_runloop*2 ZMQbg/Reaper*2 ZMQbg/IO/0*2 pt_tcpstore_uv*1 cuda0000240000a*1 
2026-09-25T17:05:41+04:00	ck5-whole-1m	3	1758663	1758526	57	1262338048	1010384896	python3*49 ZMQbg/Reaper*4 ZMQbg/IO/0*4 
2026-09-25T17:05:51+04:00	ck5-whole-1m	3	1758510	488	2	25628672	6045696	uv*1 main2*1 
2026-09-25T17:05:51+04:00	ck5-whole-1m	3	1758526	1758510	57	1224900608	963649536	ft*51 ZMQbg/Reaper*3 ZMQbg/IO/0*3 
2026-09-25T17:05:51+04:00	ck5-whole-1m	3	1758661	1758526	1	12705792	5935104	python3*1 
2026-09-25T17:05:51+04:00	ck5-whole-1m	3	1758662	1758526	45	19027251200	1916420096	python3*36 pt_gloo_runloop*2 ZMQbg/Reaper*2 ZMQbg/IO/0*2 pt_tcpstore_uv*1 cuda0000240000a*1 
2026-09-25T17:05:51+04:00	ck5-whole-1m	3	1758663	1758526	57	1262338048	1010384896	python3*49 ZMQbg/Reaper*4 ZMQbg/IO/0*4 
2026-09-25T17:06:01+04:00	ck5-whole-1m	3	1758510	488	2	25628672	6045696	uv*1 main2*1 
2026-09-25T17:06:01+04:00	ck5-whole-1m	3	1758526	1758510	57	1224900608	963649536	ft*51 ZMQbg/Reaper*3 ZMQbg/IO/0*3 
2026-09-25T17:06:01+04:00	ck5-whole-1m	3	1758661	1758526	1	12705792	5935104	python3*1 
2026-09-25T17:06:01+04:00	ck5-whole-1m	3	1758662	1758526	45	19027251200	1916420096	python3*36 pt_gloo_runloop*2 ZMQbg/Reaper*2 ZMQbg/IO/0*2 pt_tcpstore_uv*1 cuda0000240000a*1 
2026-09-25T17:06:01+04:00	ck5-whole-1m	3	1758663	1758526	57	1262338048	1010384896	python3*49 ZMQbg/Reaper*4 ZMQbg/IO/0*4 
2026-09-25T17:06:13+04:00	ck5-whole-1m	3	1758510	488	2	25628672	6045696	uv*1 main2*1 
2026-09-25T17:06:13+04:00	ck5-whole-1m	3	1758526	1758510	57	1222696960	963649536	ft*51 ZMQbg/Reaper*3 ZMQbg/IO/0*3 
2026-09-25T17:06:13+04:00	ck5-whole-1m	3	1758661	1758526	1	12705792	5935104	python3*1 
2026-09-25T17:06:13+04:00	ck5-whole-1m	3	1758662	1758526	45	19023138816	1916420096	python3*36 pt_gloo_runloop*2 ZMQbg/Reaper*2 ZMQbg/IO/0*2 pt_tcpstore_uv*1 cuda0000240000a*1 
2026-09-25T17:06:13+04:00	ck5-whole-1m	3	1758663	1758526	57	1260126208	1010384896	python3*49 ZMQbg/Reaper*4 ZMQbg/IO/0*4 
2026-09-25T17:06:23+04:00	ck5-whole-1m	3	1758510	488	2	25100288	6045696	uv*1 main2*1 
2026-09-25T17:06:23+04:00	ck5-whole-1m	3	1758526	1758510	57	1219526656	963649536	ft*51 ZMQbg/Reaper*3 ZMQbg/IO/0*3 
2026-09-25T17:06:23+04:00	ck5-whole-1m	3	1758661	1758526	1	12701696	5935104	python3*1 
2026-09-25T17:06:23+04:00	ck5-whole-1m	3	1758662	1758526	45	19014307840	1916420096	python3*36 pt_gloo_runloop*2 ZMQbg/Reaper*2 ZMQbg/IO/0*2 pt_tcpstore_uv*1 cuda0000240000a*1 
2026-09-25T17:06:23+04:00	ck5-whole-1m	3	1758663	1758526	57	1257041920	1010384896	python3*49 ZMQbg/Reaper*4 ZMQbg/IO/0*4 
2026-09-25T17:06:33+04:00	ck5-whole-1m	3	1758510	488	2	25100288	6045696	uv*1 main2*1 
2026-09-25T17:06:33+04:00	ck5-whole-1m	3	1758526	1758510	57	1219526656	963649536	ft*51 ZMQbg/Reaper*3 ZMQbg/IO/0*3 
2026-09-25T17:06:33+04:00	ck5-whole-1m	3	1758661	1758526	1	12701696	5935104	python3*1 
2026-09-25T17:06:33+04:00	ck5-whole-1m	3	1758662	1758526	45	19014328320	1916420096	python3*36 pt_gloo_runloop*2 ZMQbg/Reaper*2 ZMQbg/IO/0*2 pt_tcpstore_uv*1 cuda0000240000a*1 
2026-09-25T17:06:33+04:00	ck5-whole-1m	3	1758663	1758526	57	1257041920	1010384896	python3*49 ZMQbg/Reaper*4 ZMQbg/IO/0*4 
2026-09-25T17:06:45+04:00	ck5-whole-1m	3	1758510	488	2	25100288	6045696	uv*1 main2*1 
2026-09-25T17:06:45+04:00	ck5-whole-1m	3	1758526	1758510	57	1219526656	963649536	ft*51 ZMQbg/Reaper*3 ZMQbg/IO/0*3 
2026-09-25T17:06:45+04:00	ck5-whole-1m	3	1758661	1758526	1	12701696	5935104	python3*1 
2026-09-25T17:06:45+04:00	ck5-whole-1m	3	1758662	1758526	45	19014328320	1916420096	python3*36 pt_gloo_runloop*2 ZMQbg/Reaper*2 ZMQbg/IO/0*2 pt_tcpstore_uv*1 cuda0000240000a*1 
2026-09-25T17:06:45+04:00	ck5-whole-1m	3	1758663	1758526	57	1257041920	1010384896	python3*49 ZMQbg/Reaper*4 ZMQbg/IO/0*4 
2026-09-25T17:06:55+04:00	ck5-whole-1m	3	1758510	488	2	25100288	6045696	uv*1 main2*1 
2026-09-25T17:06:55+04:00	ck5-whole-1m	3	1758526	1758510	57	1219526656	963649536	ft*51 ZMQbg/Reaper*3 ZMQbg/IO/0*3 
2026-09-25T17:06:55+04:00	ck5-whole-1m	3	1758661	1758526	1	12701696	5935104	python3*1 
2026-09-25T17:06:55+04:00	ck5-whole-1m	3	1758662	1758526	45	19014344704	1916420096	python3*36 pt_gloo_runloop*2 ZMQbg/Reaper*2 ZMQbg/IO/0*2 pt_tcpstore_uv*1 cuda0000240000a*1 
2026-09-25T17:06:55+04:00	ck5-whole-1m	3	1758663	1758526	57	1257041920	1010384896	python3*49 ZMQbg/Reaper*4 ZMQbg/IO/0*4 
2026-09-25T17:07:06+04:00	ck5-whole-1m	3	1758510	488	2	25100288	6045696	uv*1 main2*1 
2026-09-25T17:07:06+04:00	ck5-whole-1m	3	1758526	1758510	57	1219526656	963649536	ft*51 ZMQbg/Reaper*3 ZMQbg/IO/0*3 
2026-09-25T17:07:06+04:00	ck5-whole-1m	3	1758661	1758526	1	12701696	5935104	python3*1 
2026-09-25T17:07:06+04:00	ck5-whole-1m	3	1758662	1758526	45	19014344704	1916420096	python3*36 pt_gloo_runloop*2 ZMQbg/Reaper*2 ZMQbg/IO/0*2 pt_tcpstore_uv*1 cuda0000240000a*1 
2026-09-25T17:07:06+04:00	ck5-whole-1m	3	1758663	1758526	57	1257041920	1010384896	python3*49 ZMQbg/Reaper*4 ZMQbg/IO/0*4 
2026-09-25T17:07:17+04:00	ck5-whole-1m	3	1758510	488	2	25100288	6045696	uv*1 main2*1 
2026-09-25T17:07:17+04:00	ck5-whole-1m	3	1758526	1758510	57	1219526656	963649536	ft*51 ZMQbg/Reaper*3 ZMQbg/IO/0*3 
2026-09-25T17:07:17+04:00	ck5-whole-1m	3	1758661	1758526	1	12701696	5935104	python3*1 
2026-09-25T17:07:17+04:00	ck5-whole-1m	3	1758662	1758526	45	19014344704	1916420096	python3*36 pt_gloo_runloop*2 ZMQbg/Reaper*2 ZMQbg/IO/0*2 pt_tcpstore_uv*1 cuda0000240000a*1 
2026-09-25T17:07:17+04:00	ck5-whole-1m	3	1758663	1758526	57	1257041920	1010384896	python3*49 ZMQbg/Reaper*4 ZMQbg/IO/0*4 
2026-09-25T17:07:28+04:00	ck5-whole-1m	3	1758510	488	2	25100288	6045696	uv*1 main2*1 
2026-09-25T17:07:28+04:00	ck5-whole-1m	3	1758526	1758510	57	1219526656	963649536	ft*51 ZMQbg/Reaper*3 ZMQbg/IO/0*3 
2026-09-25T17:07:28+04:00	ck5-whole-1m	3	1758661	1758526	1	12701696	5935104	python3*1 
2026-09-25T17:07:28+04:00	ck5-whole-1m	3	1758662	1758526	45	19014344704	1916420096	python3*36 pt_gloo_runloop*2 ZMQbg/Reaper*2 ZMQbg/IO/0*2 pt_tcpstore_uv*1 cuda0000240000a*1 
2026-09-25T17:07:28+04:00	ck5-whole-1m	3	1758663	1758526	57	1257041920	1010384896	python3*49 ZMQbg/Reaper*4 ZMQbg/IO/0*4 
2026-09-25T17:07:38+04:00	ck5-whole-1m	3	1758510	488	2	25100288	6045696	uv*1 main2*1 
2026-09-25T17:07:38+04:00	ck5-whole-1m	3	1758526	1758510	57	1219526656	963649536	ft*51 ZMQbg/Reaper*3 ZMQbg/IO/0*3 
2026-09-25T17:07:38+04:00	ck5-whole-1m	3	1758661	1758526	1	12701696	5935104	python3*1 
2026-09-25T17:07:38+04:00	ck5-whole-1m	3	1758662	1758526	45	19014344704	1916420096	python3*36 pt_gloo_runloop*2 ZMQbg/Reaper*2 ZMQbg/IO/0*2 pt_tcpstore_uv*1 cuda0000240000a*1 
2026-09-25T17:07:38+04:00	ck5-whole-1m	3	1758663	1758526	57	1257041920	1010384896	python3*49 ZMQbg/Reaper*4 ZMQbg/IO/0*4 
2026-09-25T17:07:48+04:00	ck5-whole-1m	3	1758510	488	2	25100288	6045696	uv*1 main2*1 
2026-09-25T17:07:48+04:00	ck5-whole-1m	3	1758526	1758510	57	1218359296	963649536	ft*51 ZMQbg/Reaper*3 ZMQbg/IO/0*3 
2026-09-25T17:07:48+04:00	ck5-whole-1m	3	1758661	1758526	1	12701696	5935104	python3*1 
2026-09-25T17:07:48+04:00	ck5-whole-1m	3	1758662	1758526	45	19008176128	1916420096	python3*36 pt_gloo_runloop*2 ZMQbg/Reaper*2 ZMQbg/IO/0*2 pt_tcpstore_uv*1 cuda0000240000a*1 
2026-09-25T17:07:48+04:00	ck5-whole-1m	3	1758663	1758526	57	1255952384	1010384896	python3*49 ZMQbg/Reaper*4 ZMQbg/IO/0*4 
2026-09-25T17:08:00+04:00	ck5-whole-1m	3	1758510	488	2	25100288	6045696	uv*1 main2*1 
2026-09-25T17:08:00+04:00	ck5-whole-1m	3	1758526	1758510	57	1218359296	963649536	ft*51 ZMQbg/Reaper*3 ZMQbg/IO/0*3 
2026-09-25T17:08:00+04:00	ck5-whole-1m	3	1758661	1758526	1	12701696	5935104	python3*1 
2026-09-25T17:08:00+04:00	ck5-whole-1m	3	1758662	1758526	45	19008176128	1916420096	python3*36 pt_gloo_runloop*2 ZMQbg/Reaper*2 ZMQbg/IO/0*2 pt_tcpstore_uv*1 cuda0000240000a*1 
2026-09-25T17:08:00+04:00	ck5-whole-1m	3	1758663	1758526	57	1255952384	1010384896	python3*49 ZMQbg/Reaper*4 ZMQbg/IO/0*4 
2026-09-25T17:08:11+04:00	ck5-whole-1m	3	1758510	488	2	25100288	6045696	uv*1 main2*1 
2026-09-25T17:08:11+04:00	ck5-whole-1m	3	1758526	1758510	57	1218359296	963649536	ft*51 ZMQbg/Reaper*3 ZMQbg/IO/0*3 
2026-09-25T17:08:11+04:00	ck5-whole-1m	3	1758661	1758526	1	12701696	5935104	python3*1 
2026-09-25T17:08:11+04:00	ck5-whole-1m	3	1758662	1758526	45	19008176128	1916420096	python3*36 pt_gloo_runloop*2 ZMQbg/Reaper*2 ZMQbg/IO/0*2 pt_tcpstore_uv*1 cuda0000240000a*1 
2026-09-25T17:08:11+04:00	ck5-whole-1m	3	1758663	1758526	57	1255952384	1010384896	python3*49 ZMQbg/Reaper*4 ZMQbg/IO/0*4 
2026-09-25T17:08:21+04:00	ck5-whole-1m	3	1758510	488	2	25100288	6045696	uv*1 main2*1 
2026-09-25T17:08:21+04:00	ck5-whole-1m	3	1758526	1758510	57	1218359296	963649536	ft*51 ZMQbg/Reaper*3 ZMQbg/IO/0*3 
2026-09-25T17:08:21+04:00	ck5-whole-1m	3	1758661	1758526	1	12701696	5935104	python3*1 
2026-09-25T17:08:21+04:00	ck5-whole-1m	3	1758662	1758526	45	19008176128	1916420096	python3*36 pt_gloo_runloop*2 ZMQbg/Reaper*2 ZMQbg/IO/0*2 pt_tcpstore_uv*1 cuda0000240000a*1 
2026-09-25T17:08:21+04:00	ck5-whole-1m	3	1758663	1758526	57	1255952384	1010384896	python3*49 ZMQbg/Reaper*4 ZMQbg/IO/0*4 
2026-09-25T17:08:33+04:00	ck5-whole-1m	3	1758510	488	2	25100288	6045696	uv*1 main2*1 
2026-09-25T17:08:33+04:00	ck5-whole-1m	3	1758526	1758510	57	1218359296	963649536	ft*51 ZMQbg/Reaper*3 ZMQbg/IO/0*3 
2026-09-25T17:08:33+04:00	ck5-whole-1m	3	1758661	1758526	1	12701696	5935104	python3*1 
2026-09-25T17:08:33+04:00	ck5-whole-1m	3	1758662	1758526	45	19008176128	1916420096	python3*36 pt_gloo_runloop*2 ZMQbg/Reaper*2 ZMQbg/IO/0*2 pt_tcpstore_uv*1 cuda0000240000a*1 
2026-09-25T17:08:33+04:00	ck5-whole-1m	3	1758663	1758526	57	1255952384	1010384896	python3*49 ZMQbg/Reaper*4 ZMQbg/IO/0*4 
2026-09-25T17:08:43+04:00	ck5-whole-1m	3	1758510	488	2	25100288	6045696	uv*1 main2*1 
2026-09-25T17:08:43+04:00	ck5-whole-1m	3	1758526	1758510	57	1218359296	963649536	ft*51 ZMQbg/Reaper*3 ZMQbg/IO/0*3 
2026-09-25T17:08:43+04:00	ck5-whole-1m	3	1758661	1758526	1	12701696	5935104	python3*1 
2026-09-25T17:08:43+04:00	ck5-whole-1m	3	1758662	1758526	45	19008176128	1916420096	python3*36 pt_gloo_runloop*2 ZMQbg/Reaper*2 ZMQbg/IO/0*2 pt_tcpstore_uv*1 cuda0000240000a*1 
2026-09-25T17:08:44+04:00	ck5-whole-1m	3	1758663	1758526	57	1255952384	1010384896	python3*49 ZMQbg/Reaper*4 ZMQbg/IO/0*4 
2026-09-25T17:08:54+04:00	ck5-whole-1m	3	1758510	488	2	25100288	6045696	uv*1 main2*1 
2026-09-25T17:08:54+04:00	ck5-whole-1m	3	1758526	1758510	57	1218359296	963649536	ft*51 ZMQbg/Reaper*3 ZMQbg/IO/0*3 
2026-09-25T17:08:54+04:00	ck5-whole-1m	3	1758661	1758526	1	12701696	5935104	python3*1 
2026-09-25T17:08:54+04:00	ck5-whole-1m	3	1758662	1758526	45	19008176128	1916420096	python3*36 pt_gloo_runloop*2 ZMQbg/Reaper*2 ZMQbg/IO/0*2 pt_tcpstore_uv*1 cuda0000240000a*1 
2026-09-25T17:08:54+04:00	ck5-whole-1m	3	1758663	1758526	57	1255952384	1010384896	python3*49 ZMQbg/Reaper*4 ZMQbg/IO/0*4 
2026-09-25T17:09:05+04:00	ck5-whole-1m	3	1758510	488	2	25100288	6045696	uv*1 main2*1 
2026-09-25T17:09:05+04:00	ck5-whole-1m	3	1758526	1758510	57	1218359296	963649536	ft*51 ZMQbg/Reaper*3 ZMQbg/IO/0*3 
2026-09-25T17:09:06+04:00	ck5-whole-1m	3	1758661	1758526	1	12701696	5935104	python3*1 
2026-09-25T17:09:06+04:00	ck5-whole-1m	3	1758662	1758526	45	19008176128	1916420096	python3*36 pt_gloo_runloop*2 ZMQbg/Reaper*2 ZMQbg/IO/0*2 pt_tcpstore_uv*1 cuda0000240000a*1 
2026-09-25T17:09:06+04:00	ck5-whole-1m	3	1758663	1758526	57	1255952384	1010384896	python3*49 ZMQbg/Reaper*4 ZMQbg/IO/0*4 
2026-09-25T17:09:16+04:00	ck5-whole-1m	3	1758510	488	2	25100288	6045696	uv*1 main2*1 
2026-09-25T17:09:16+04:00	ck5-whole-1m	3	1758526	1758510	57	1218359296	963649536	ft*51 ZMQbg/Reaper*3 ZMQbg/IO/0*3 
2026-09-25T17:09:16+04:00	ck5-whole-1m	3	1758661	1758526	1	12701696	5935104	python3*1 
2026-09-25T17:09:16+04:00	ck5-whole-1m	3	1758662	1758526	45	19008176128	1916420096	python3*36 pt_gloo_runloop*2 ZMQbg/Reaper*2 ZMQbg/IO/0*2 pt_tcpstore_uv*1 cuda0000240000a*1 
2026-09-25T17:09:16+04:00	ck5-whole-1m	3	1758663	1758526	57	1255952384	1010384896	python3*49 ZMQbg/Reaper*4 ZMQbg/IO/0*4 
2026-09-25T17:09:26+04:00	ck5-whole-1m	3	1758510	488	2	25100288	6045696	uv*1 main2*1 
2026-09-25T17:09:26+04:00	ck5-whole-1m	3	1758526	1758510	57	1218359296	963649536	ft*51 ZMQbg/Reaper*3 ZMQbg/IO/0*3 
2026-09-25T17:09:26+04:00	ck5-whole-1m	3	1758661	1758526	1	12701696	5935104	python3*1 
2026-09-25T17:09:26+04:00	ck5-whole-1m	3	1758662	1758526	45	19008176128	1916420096	python3*36 pt_gloo_runloop*2 ZMQbg/Reaper*2 ZMQbg/IO/0*2 pt_tcpstore_uv*1 cuda0000240000a*1 
2026-09-25T17:09:26+04:00	ck5-whole-1m	3	1758663	1758526	57	1255952384	1010384896	python3*49 ZMQbg/Reaper*4 ZMQbg/IO/0*4 
2026-09-25T17:09:38+04:00	ck5-whole-1m	3	1758510	488	2	25100288	6045696	uv*1 main2*1 
2026-09-25T17:09:38+04:00	ck5-whole-1m	3	1758526	1758510	57	1218359296	963649536	ft*51 ZMQbg/Reaper*3 ZMQbg/IO/0*3 
2026-09-25T17:09:38+04:00	ck5-whole-1m	3	1758661	1758526	1	12701696	5935104	python3*1 
2026-09-25T17:09:38+04:00	ck5-whole-1m	3	1758662	1758526	45	19008176128	1916420096	python3*36 pt_gloo_runloop*2 ZMQbg/Reaper*2 ZMQbg/IO/0*2 pt_tcpstore_uv*1 cuda0000240000a*1 
2026-09-25T17:09:38+04:00	ck5-whole-1m	3	1758663	1758526	57	1255952384	1010384896	python3*49 ZMQbg/Reaper*4 ZMQbg/IO/0*4 
2026-09-25T17:09:48+04:00	ck5-whole-1m	3	1758510	488	2	25100288	6045696	uv*1 main2*1 
2026-09-25T17:09:48+04:00	ck5-whole-1m	3	1758526	1758510	57	1218359296	963649536	ft*51 ZMQbg/Reaper*3 ZMQbg/IO/0*3 
2026-09-25T17:09:48+04:00	ck5-whole-1m	3	1758661	1758526	1	12701696	5935104	python3*1 
2026-09-25T17:09:48+04:00	ck5-whole-1m	3	1758662	1758526	45	19008176128	1916420096	python3*36 pt_gloo_runloop*2 ZMQbg/Reaper*2 ZMQbg/IO/0*2 pt_tcpstore_uv*1 cuda0000240000a*1 
2026-09-25T17:09:48+04:00	ck5-whole-1m	3	1758663	1758526	57	1255952384	1010384896	python3*49 ZMQbg/Reaper*4 ZMQbg/IO/0*4 
2026-09-25T17:09:58+04:00	ck5-whole-1m	3	1758510	488	2	25100288	6045696	uv*1 main2*1 
2026-09-25T17:09:58+04:00	ck5-whole-1m	3	1758526	1758510	57	1218359296	963649536	ft*51 ZMQbg/Reaper*3 ZMQbg/IO/0*3 
2026-09-25T17:09:58+04:00	ck5-whole-1m	3	1758661	1758526	1	12701696	5935104	python3*1 
2026-09-25T17:09:58+04:00	ck5-whole-1m	3	1758662	1758526	45	19008176128	1916420096	python3*36 pt_gloo_runloop*2 ZMQbg/Reaper*2 ZMQbg/IO/0*2 pt_tcpstore_uv*1 cuda0000240000a*1 
2026-09-25T17:09:59+04:00	ck5-whole-1m	3	1758663	1758526	57	1255952384	1010384896	python3*49 ZMQbg/Reaper*4 ZMQbg/IO/0*4 
2026-09-25T17:10:10+04:00	ck5-whole-1m	3	1758510	488	2	25100288	6045696	uv*1 main2*1 
2026-09-25T17:10:10+04:00	ck5-whole-1m	3	1758526	1758510	57	1218359296	963649536	ft*51 ZMQbg/Reaper*3 ZMQbg/IO/0*3 
2026-09-25T17:10:10+04:00	ck5-whole-1m	3	1758661	1758526	1	12701696	5935104	python3*1 
2026-09-25T17:10:10+04:00	ck5-whole-1m	3	1758662	1758526	45	19008176128	1916420096	python3*36 pt_gloo_runloop*2 ZMQbg/Reaper*2 ZMQbg/IO/0*2 pt_tcpstore_uv*1 cuda0000240000a*1 
2026-09-25T17:10:10+04:00	ck5-whole-1m	3	1758663	1758526	57	1255952384	1010384896	python3*49 ZMQbg/Reaper*4 ZMQbg/IO/0*4 
2026-09-25T17:10:21+04:00	ck5-whole-1m	3	1758510	488	2	25100288	6045696	uv*1 main2*1 
2026-09-25T17:10:21+04:00	ck5-whole-1m	3	1758526	1758510	57	1218359296	963649536	ft*51 ZMQbg/Reaper*3 ZMQbg/IO/0*3 
2026-09-25T17:10:21+04:00	ck5-whole-1m	3	1758661	1758526	1	12701696	5935104	python3*1 
2026-09-25T17:10:21+04:00	ck5-whole-1m	3	1758662	1758526	45	19008176128	1916420096	python3*36 pt_gloo_runloop*2 ZMQbg/Reaper*2 ZMQbg/IO/0*2 pt_tcpstore_uv*1 cuda0000240000a*1 
2026-09-25T17:10:21+04:00	ck5-whole-1m	3	1758663	1758526	57	1255952384	1010384896	python3*49 ZMQbg/Reaper*4 ZMQbg/IO/0*4 
2026-09-25T17:10:31+04:00	ck5-whole-1m	3	1758510	488	2	25100288	6045696	uv*1 main2*1 
2026-09-25T17:10:31+04:00	ck5-whole-1m	3	1758526	1758510	57	1218359296	963649536	ft*51 ZMQbg/Reaper*3 ZMQbg/IO/0*3 
2026-09-25T17:10:31+04:00	ck5-whole-1m	3	1758661	1758526	1	12701696	5935104	python3*1 
2026-09-25T17:10:31+04:00	ck5-whole-1m	3	1758662	1758526	45	19008176128	1916420096	python3*36 pt_gloo_runloop*2 ZMQbg/Reaper*2 ZMQbg/IO/0*2 pt_tcpstore_uv*1 cuda0000240000a*1 
2026-09-25T17:10:31+04:00	ck5-whole-1m	3	1758663	1758526	57	1255952384	1010384896	python3*49 ZMQbg/Reaper*4 ZMQbg/IO/0*4 
2026-09-25T17:10:43+04:00	ck5-whole-1m	3	1758510	488	2	25100288	6045696	uv*1 main2*1 
2026-09-25T17:10:43+04:00	ck5-whole-1m	3	1758526	1758510	57	1218359296	963649536	ft*51 ZMQbg/Reaper*3 ZMQbg/IO/0*3 
2026-09-25T17:10:43+04:00	ck5-whole-1m	3	1758661	1758526	1	12701696	5935104	python3*1 
2026-09-25T17:10:43+04:00	ck5-whole-1m	3	1758662	1758526	45	19008176128	1916420096	python3*36 pt_gloo_runloop*2 ZMQbg/Reaper*2 ZMQbg/IO/0*2 pt_tcpstore_uv*1 cuda0000240000a*1 
2026-09-25T17:10:43+04:00	ck5-whole-1m	3	1758663	1758526	57	1255952384	1010384896	python3*49 ZMQbg/Reaper*4 ZMQbg/IO/0*4 
2026-09-25T17:10:53+04:00	ck5-whole-1m	3	1758510	488	2	25100288	6045696	uv*1 main2*1 
2026-09-25T17:10:53+04:00	ck5-whole-1m	3	1758526	1758510	57	1218359296	963649536	ft*51 ZMQbg/Reaper*3 ZMQbg/IO/0*3 
2026-09-25T17:10:53+04:00	ck5-whole-1m	3	1758661	1758526	1	12701696	5935104	python3*1 
2026-09-25T17:10:53+04:00	ck5-whole-1m	3	1758662	1758526	45	19008176128	1916420096	python3*36 pt_gloo_runloop*2 ZMQbg/Reaper*2 ZMQbg/IO/0*2 pt_tcpstore_uv*1 cuda0000240000a*1 
2026-09-25T17:10:53+04:00	ck5-whole-1m	3	1758663	1758526	57	1255952384	1010384896	python3*49 ZMQbg/Reaper*4 ZMQbg/IO/0*4 
2026-09-25T17:11:03+04:00	ck5-whole-1m	3	1758510	488	2	25100288	6045696	uv*1 main2*1 
2026-09-25T17:11:03+04:00	ck5-whole-1m	3	1758526	1758510	57	1218359296	963649536	ft*51 ZMQbg/Reaper*3 ZMQbg/IO/0*3 
2026-09-25T17:11:03+04:00	ck5-whole-1m	3	1758661	1758526	1	12701696	5935104	python3*1 
2026-09-25T17:11:03+04:00	ck5-whole-1m	3	1758662	1758526	45	19008176128	1916420096	python3*36 pt_gloo_runloop*2 ZMQbg/Reaper*2 ZMQbg/IO/0*2 pt_tcpstore_uv*1 cuda0000240000a*1 
2026-09-25T17:11:03+04:00	ck5-whole-1m	3	1758663	1758526	57	1255952384	1010384896	python3*49 ZMQbg/Reaper*4 ZMQbg/IO/0*4 
2026-09-25T17:11:15+04:00	ck5-whole-1m	3	1758510	488	2	25100288	6045696	uv*1 main2*1 
2026-09-25T17:11:15+04:00	ck5-whole-1m	3	1758526	1758510	57	1218359296	963649536	ft*51 ZMQbg/Reaper*3 ZMQbg/IO/0*3 
2026-09-25T17:11:15+04:00	ck5-whole-1m	3	1758661	1758526	1	12701696	5935104	python3*1 
2026-09-25T17:11:15+04:00	ck5-whole-1m	3	1758662	1758526	45	19008176128	1916420096	python3*36 pt_gloo_runloop*2 ZMQbg/Reaper*2 ZMQbg/IO/0*2 pt_tcpstore_uv*1 cuda0000240000a*1 
2026-09-25T17:11:15+04:00	ck5-whole-1m	3	1758663	1758526	57	1255952384	1010384896	python3*49 ZMQbg/Reaper*4 ZMQbg/IO/0*4 
2026-09-25T17:11:25+04:00	ck5-whole-1m	3	1758510	488	2	25100288	6045696	uv*1 main2*1 
2026-09-25T17:11:25+04:00	ck5-whole-1m	3	1758526	1758510	57	1218359296	963649536	ft*51 ZMQbg/Reaper*3 ZMQbg/IO/0*3 
2026-09-25T17:11:25+04:00	ck5-whole-1m	3	1758661	1758526	1	12701696	5935104	python3*1 
2026-09-25T17:11:25+04:00	ck5-whole-1m	3	1758662	1758526	45	19008176128	1916420096	python3*36 pt_gloo_runloop*2 ZMQbg/Reaper*2 ZMQbg/IO/0*2 pt_tcpstore_uv*1 cuda0000240000a*1 
2026-09-25T17:11:26+04:00	ck5-whole-1m	3	1758663	1758526	57	1255952384	1010384896	python3*49 ZMQbg/Reaper*4 ZMQbg/IO/0*4 
2026-09-25T17:11:36+04:00	ck5-whole-1m	4	1758510	488	2	25092096	6045696	uv*1 main2*1 
2026-09-25T17:11:36+04:00	ck5-whole-1m	4	1758526	1758510	57	1219178496	963653632	ft*51 ZMQbg/Reaper*3 ZMQbg/IO/0*3 
2026-09-25T17:11:36+04:00	ck5-whole-1m	4	1758661	1758526	1	12701696	5935104	python3*1 
2026-09-25T17:11:36+04:00	ck5-whole-1m	4	1758662	1758526	45	18998300672	1916420096	python3*36 pt_gloo_runloop*2 ZMQbg/Reaper*2 ZMQbg/IO/0*2 pt_tcpstore_uv*1 cuda0000240000a*1 
2026-09-25T17:11:36+04:00	ck5-whole-1m	4	1758663	1758526	57	890494976	644014080	python3*49 ZMQbg/Reaper*4 ZMQbg/IO/0*4 
2026-09-25T17:11:48+04:00	ck5-whole-1m	4	1758510	488	2	25071616	6045696	uv*1 main2*1 
2026-09-25T17:11:48+04:00	ck5-whole-1m	4	1758526	1758510	57	1218961408	963653632	ft*51 ZMQbg/Reaper*3 ZMQbg/IO/0*3 
2026-09-25T17:11:48+04:00	ck5-whole-1m	4	1758661	1758526	1	12697600	5935104	python3*1 
2026-09-25T17:11:48+04:00	ck5-whole-1m	4	1758662	1758526	45	18996740096	1916420096	python3*36 pt_gloo_runloop*2 ZMQbg/Reaper*2 ZMQbg/IO/0*2 pt_tcpstore_uv*1 cuda0000240000a*1 
2026-09-25T17:11:48+04:00	ck5-whole-1m	4	1758663	1758526	57	890281984	644014080	python3*49 ZMQbg/Reaper*4 ZMQbg/IO/0*4 
2026-09-25T17:11:58+04:00	ck5-whole-1m	4	1758510	488	2	25071616	6045696	uv*1 main2*1 
2026-09-25T17:11:58+04:00	ck5-whole-1m	4	1758526	1758510	57	1218961408	963653632	ft*51 ZMQbg/Reaper*3 ZMQbg/IO/0*3 
2026-09-25T17:11:58+04:00	ck5-whole-1m	4	1758661	1758526	1	12697600	5935104	python3*1 
2026-09-25T17:11:58+04:00	ck5-whole-1m	4	1758662	1758526	45	18996740096	1916420096	python3*36 pt_gloo_runloop*2 ZMQbg/Reaper*2 ZMQbg/IO/0*2 pt_tcpstore_uv*1 cuda0000240000a*1 
2026-09-25T17:11:58+04:00	ck5-whole-1m	4	1758663	1758526	57	890281984	644014080	python3*49 ZMQbg/Reaper*4 ZMQbg/IO/0*4 
2026-09-25T17:12:08+04:00	ck5-whole-1m	4	1758510	488	2	25071616	6045696	uv*1 main2*1 
2026-09-25T17:12:08+04:00	ck5-whole-1m	4	1758526	1758510	57	1218969600	963661824	ft*51 ZMQbg/Reaper*3 ZMQbg/IO/0*3 
2026-09-25T17:12:08+04:00	ck5-whole-1m	4	1758661	1758526	1	12697600	5935104	python3*1 
2026-09-25T17:12:08+04:00	ck5-whole-1m	4	1758662	1758526	45	18996740096	1916420096	python3*36 pt_gloo_runloop*2 ZMQbg/Reaper*2 ZMQbg/IO/0*2 pt_tcpstore_uv*1 cuda0000240000a*1 
2026-09-25T17:12:09+04:00	ck5-whole-1m	4	1758663	1758526	57	890281984	644014080	python3*49 ZMQbg/Reaper*4 ZMQbg/IO/0*4 
2026-09-25T17:12:19+04:00	ck5-whole-1m	4	1758510	488	2	25059328	6045696	uv*1 main2*1 
2026-09-25T17:12:19+04:00	ck5-whole-1m	4	1758526	1758510	57	1218965504	963661824	ft*51 ZMQbg/Reaper*3 ZMQbg/IO/0*3 
2026-09-25T17:12:19+04:00	ck5-whole-1m	4	1758661	1758526	1	12697600	5935104	python3*1 
2026-09-25T17:12:19+04:00	ck5-whole-1m	4	1758662	1758526	45	18996027392	1916420096	python3*36 pt_gloo_runloop*2 ZMQbg/Reaper*2 ZMQbg/IO/0*2 pt_tcpstore_uv*1 cuda0000240000a*1 
2026-09-25T17:12:19+04:00	ck5-whole-1m	4	1758663	1758526	57	889962496	644014080	python3*49 ZMQbg/Reaper*4 ZMQbg/IO/0*4 
2026-09-25T17:12:31+04:00	ck5-whole-1m	4	1758510	488	2	25034752	6045696	uv*1 main2*1 
2026-09-25T17:12:31+04:00	ck5-whole-1m	4	1758526	1758510	57	1217503232	963661824	ft*51 ZMQbg/Reaper*3 ZMQbg/IO/0*3 
2026-09-25T17:12:31+04:00	ck5-whole-1m	4	1758661	1758526	1	12697600	5935104	python3*1 
2026-09-25T17:12:31+04:00	ck5-whole-1m	4	1758662	1758526	45	18988457984	1916420096	python3*36 pt_gloo_runloop*2 ZMQbg/Reaper*2 ZMQbg/IO/0*2 pt_tcpstore_uv*1 cuda0000240000a*1 
2026-09-25T17:12:31+04:00	ck5-whole-1m	4	1758663	1758526	57	888856576	644014080	python3*49 ZMQbg/Reaper*4 ZMQbg/IO/0*4 
2026-09-25T17:12:41+04:00	ck5-whole-1m	4	1758510	488	2	25034752	6045696	uv*1 main2*1 
2026-09-25T17:12:41+04:00	ck5-whole-1m	4	1758526	1758510	57	1217503232	963661824	ft*51 ZMQbg/Reaper*3 ZMQbg/IO/0*3 
2026-09-25T17:12:41+04:00	ck5-whole-1m	4	1758661	1758526	1	12697600	5935104	python3*1 
2026-09-25T17:12:41+04:00	ck5-whole-1m	4	1758662	1758526	45	18988457984	1916420096	python3*36 pt_gloo_runloop*2 ZMQbg/Reaper*2 ZMQbg/IO/0*2 pt_tcpstore_uv*1 cuda0000240000a*1 
2026-09-25T17:12:41+04:00	ck5-whole-1m	4	1758663	1758526	57	888856576	644014080	python3*49 ZMQbg/Reaper*4 ZMQbg/IO/0*4 
2026-09-25T17:12:51+04:00	ck5-whole-1m	4	1758510	488	2	25034752	6045696	uv*1 main2*1 
2026-09-25T17:12:51+04:00	ck5-whole-1m	4	1758526	1758510	57	1217503232	963661824	ft*51 ZMQbg/Reaper*3 ZMQbg/IO/0*3 
2026-09-25T17:12:51+04:00	ck5-whole-1m	4	1758661	1758526	1	12697600	5935104	python3*1 
2026-09-25T17:12:51+04:00	ck5-whole-1m	4	1758662	1758526	45	18988457984	1916420096	python3*36 pt_gloo_runloop*2 ZMQbg/Reaper*2 ZMQbg/IO/0*2 pt_tcpstore_uv*1 cuda0000240000a*1 
2026-09-25T17:12:51+04:00	ck5-whole-1m	4	1758663	1758526	57	888856576	644014080	python3*49 ZMQbg/Reaper*4 ZMQbg/IO/0*4 
2026-09-25T17:13:03+04:00	ck5-whole-1m	4	1758510	488	2	25034752	6045696	uv*1 main2*1 
2026-09-25T17:13:03+04:00	ck5-whole-1m	4	1758526	1758510	57	1217503232	963661824	ft*51 ZMQbg/Reaper*3 ZMQbg/IO/0*3 
2026-09-25T17:13:03+04:00	ck5-whole-1m	4	1758661	1758526	1	12697600	5935104	python3*1 
2026-09-25T17:13:03+04:00	ck5-whole-1m	4	1758662	1758526	45	18988457984	1916420096	python3*36 pt_gloo_runloop*2 ZMQbg/Reaper*2 ZMQbg/IO/0*2 pt_tcpstore_uv*1 cuda0000240000a*1 
2026-09-25T17:13:03+04:00	ck5-whole-1m	4	1758663	1758526	57	888856576	644014080	python3*49 ZMQbg/Reaper*4 ZMQbg/IO/0*4 
2026-09-25T17:13:14+04:00	ck5-whole-1m	4	1758510	488	2	25034752	6045696	uv*1 main2*1 
2026-09-25T17:13:14+04:00	ck5-whole-1m	4	1758526	1758510	57	1217503232	963661824	ft*51 ZMQbg/Reaper*3 ZMQbg/IO/0*3 
2026-09-25T17:13:14+04:00	ck5-whole-1m	4	1758661	1758526	1	12697600	5935104	python3*1 
2026-09-25T17:13:14+04:00	ck5-whole-1m	4	1758662	1758526	45	18988457984	1916420096	python3*36 pt_gloo_runloop*2 ZMQbg/Reaper*2 ZMQbg/IO/0*2 pt_tcpstore_uv*1 cuda0000240000a*1 
2026-09-25T17:13:14+04:00	ck5-whole-1m	4	1758663	1758526	57	888856576	644014080	python3*49 ZMQbg/Reaper*4 ZMQbg/IO/0*4 
2026-09-25T17:13:24+04:00	ck5-whole-1m	4	1758510	488	2	25034752	6045696	uv*1 main2*1 
2026-09-25T17:13:24+04:00	ck5-whole-1m	4	1758526	1758510	57	1217503232	963661824	ft*51 ZMQbg/Reaper*3 ZMQbg/IO/0*3 
2026-09-25T17:13:24+04:00	ck5-whole-1m	4	1758661	1758526	1	12697600	5935104	python3*1 
2026-09-25T17:13:24+04:00	ck5-whole-1m	4	1758662	1758526	45	18988457984	1916420096	python3*36 pt_gloo_runloop*2 ZMQbg/Reaper*2 ZMQbg/IO/0*2 pt_tcpstore_uv*1 cuda0000240000a*1 
2026-09-25T17:13:24+04:00	ck5-whole-1m	4	1758663	1758526	57	888856576	644014080	python3*49 ZMQbg/Reaper*4 ZMQbg/IO/0*4 
2026-09-25T17:13:36+04:00	ck5-whole-1m	4	1758510	488	2	25034752	6045696	uv*1 main2*1 
2026-09-25T17:13:36+04:00	ck5-whole-1m	4	1758526	1758510	57	1217503232	963661824	ft*51 ZMQbg/Reaper*3 ZMQbg/IO/0*3 
2026-09-25T17:13:36+04:00	ck5-whole-1m	4	1758661	1758526	1	12697600	5935104	python3*1 
2026-09-25T17:13:36+04:00	ck5-whole-1m	4	1758662	1758526	45	18988457984	1916420096	python3*36 pt_gloo_runloop*2 ZMQbg/Reaper*2 ZMQbg/IO/0*2 pt_tcpstore_uv*1 cuda0000240000a*1 
2026-09-25T17:13:36+04:00	ck5-whole-1m	4	1758663	1758526	57	888856576	644014080	python3*49 ZMQbg/Reaper*4 ZMQbg/IO/0*4 
2026-09-25T17:13:46+04:00	ck5-whole-1m	4	1758510	488	2	25034752	6045696	uv*1 main2*1 
2026-09-25T17:13:46+04:00	ck5-whole-1m	4	1758526	1758510	57	1217503232	963661824	ft*51 ZMQbg/Reaper*3 ZMQbg/IO/0*3 
2026-09-25T17:13:46+04:00	ck5-whole-1m	4	1758661	1758526	1	12697600	5935104	python3*1 
2026-09-25T17:13:46+04:00	ck5-whole-1m	4	1758662	1758526	45	18988457984	1916420096	python3*36 pt_gloo_runloop*2 ZMQbg/Reaper*2 ZMQbg/IO/0*2 pt_tcpstore_uv*1 cuda0000240000a*1 
2026-09-25T17:13:47+04:00	ck5-whole-1m	4	1758663	1758526	57	888856576	644014080	python3*49 ZMQbg/Reaper*4 ZMQbg/IO/0*4 
2026-09-25T17:13:57+04:00	ck5-whole-1m	4	1758510	488	2	25034752	6045696	uv*1 main2*1 
2026-09-25T17:13:57+04:00	ck5-whole-1m	4	1758526	1758510	57	1217503232	963661824	ft*51 ZMQbg/Reaper*3 ZMQbg/IO/0*3 
2026-09-25T17:13:57+04:00	ck5-whole-1m	4	1758661	1758526	1	12697600	5935104	python3*1 
2026-09-25T17:13:57+04:00	ck5-whole-1m	4	1758662	1758526	45	18988457984	1916420096	python3*36 pt_gloo_runloop*2 ZMQbg/Reaper*2 ZMQbg/IO/0*2 pt_tcpstore_uv*1 cuda0000240000a*1 
2026-09-25T17:13:57+04:00	ck5-whole-1m	4	1758663	1758526	57	888856576	644014080	python3*49 ZMQbg/Reaper*4 ZMQbg/IO/0*4 
2026-09-25T17:14:09+04:00	ck5-whole-1m	4	1758510	488	2	25034752	6045696	uv*1 main2*1 
2026-09-25T17:14:09+04:00	ck5-whole-1m	4	1758526	1758510	57	1217503232	963661824	ft*51 ZMQbg/Reaper*3 ZMQbg/IO/0*3 
2026-09-25T17:14:09+04:00	ck5-whole-1m	4	1758661	1758526	1	12697600	5935104	python3*1 
2026-09-25T17:14:09+04:00	ck5-whole-1m	4	1758662	1758526	45	18988457984	1916420096	python3*36 pt_gloo_runloop*2 ZMQbg/Reaper*2 ZMQbg/IO/0*2 pt_tcpstore_uv*1 cuda0000240000a*1 
2026-09-25T17:14:09+04:00	ck5-whole-1m	4	1758663	1758526	57	888856576	644014080	python3*49 ZMQbg/Reaper*4 ZMQbg/IO/0*4 
2026-09-25T17:14:19+04:00	ck5-whole-1m	4	1758510	488	2	25034752	6045696	uv*1 main2*1 
2026-09-25T17:14:19+04:00	ck5-whole-1m	4	1758526	1758510	57	1217503232	963661824	ft*51 ZMQbg/Reaper*3 ZMQbg/IO/0*3 
2026-09-25T17:14:19+04:00	ck5-whole-1m	4	1758661	1758526	1	12697600	5935104	python3*1 
2026-09-25T17:14:19+04:00	ck5-whole-1m	4	1758662	1758526	45	18988457984	1916420096	python3*36 pt_gloo_runloop*2 ZMQbg/Reaper*2 ZMQbg/IO/0*2 pt_tcpstore_uv*1 cuda0000240000a*1 
2026-09-25T17:14:19+04:00	ck5-whole-1m	4	1758663	1758526	57	888856576	644014080	python3*49 ZMQbg/Reaper*4 ZMQbg/IO/0*4 
2026-09-25T17:14:29+04:00	ck5-whole-1m	4	1758510	488	2	25034752	6045696	uv*1 main2*1 
2026-09-25T17:14:29+04:00	ck5-whole-1m	4	1758526	1758510	57	1217503232	963661824	ft*51 ZMQbg/Reaper*3 ZMQbg/IO/0*3 
2026-09-25T17:14:29+04:00	ck5-whole-1m	4	1758661	1758526	1	12697600	5935104	python3*1 
2026-09-25T17:14:29+04:00	ck5-whole-1m	4	1758662	1758526	45	18988457984	1916420096	python3*36 pt_gloo_runloop*2 ZMQbg/Reaper*2 ZMQbg/IO/0*2 pt_tcpstore_uv*1 cuda0000240000a*1 
2026-09-25T17:14:29+04:00	ck5-whole-1m	4	1758663	1758526	57	888856576	644014080	python3*49 ZMQbg/Reaper*4 ZMQbg/IO/0*4 
2026-09-25T17:14:41+04:00	ck5-whole-1m	4	1758510	488	2	25034752	6045696	uv*1 main2*1 
2026-09-25T17:14:41+04:00	ck5-whole-1m	4	1758526	1758510	57	1217503232	963661824	ft*51 ZMQbg/Reaper*3 ZMQbg/IO/0*3 
2026-09-25T17:14:41+04:00	ck5-whole-1m	4	1758661	1758526	1	12697600	5935104	python3*1 
2026-09-25T17:14:41+04:00	ck5-whole-1m	4	1758662	1758526	45	18988457984	1916420096	python3*36 pt_gloo_runloop*2 ZMQbg/Reaper*2 ZMQbg/IO/0*2 pt_tcpstore_uv*1 cuda0000240000a*1 
2026-09-25T17:14:41+04:00	ck5-whole-1m	4	1758663	1758526	57	888856576	644014080	python3*49 ZMQbg/Reaper*4 ZMQbg/IO/0*4 
2026-09-25T17:14:51+04:00	ck5-whole-1m	4	1758510	488	2	25034752	6045696	uv*1 main2*1 
2026-09-25T17:14:51+04:00	ck5-whole-1m	4	1758526	1758510	57	1217503232	963661824	ft*51 ZMQbg/Reaper*3 ZMQbg/IO/0*3 
2026-09-25T17:14:51+04:00	ck5-whole-1m	4	1758661	1758526	1	12697600	5935104	python3*1 
2026-09-25T17:14:51+04:00	ck5-whole-1m	4	1758662	1758526	45	18988457984	1916420096	python3*36 pt_gloo_runloop*2 ZMQbg/Reaper*2 ZMQbg/IO/0*2 pt_tcpstore_uv*1 cuda0000240000a*1 
2026-09-25T17:14:51+04:00	ck5-whole-1m	4	1758663	1758526	57	888856576	644014080	python3*49 ZMQbg/Reaper*4 ZMQbg/IO/0*4 
2026-09-25T17:15:01+04:00	ck5-whole-1m	4	1758510	488	2	25034752	6045696	uv*1 main2*1 
2026-09-25T17:15:01+04:00	ck5-whole-1m	4	1758526	1758510	57	1217503232	963661824	ft*51 ZMQbg/Reaper*3 ZMQbg/IO/0*3 
2026-09-25T17:15:02+04:00	ck5-whole-1m	4	1758661	1758526	1	12697600	5935104	python3*1 
2026-09-25T17:15:02+04:00	ck5-whole-1m	4	1758662	1758526	45	18988457984	1916420096	python3*36 pt_gloo_runloop*2 ZMQbg/Reaper*2 ZMQbg/IO/0*2 pt_tcpstore_uv*1 cuda0000240000a*1 
2026-09-25T17:15:02+04:00	ck5-whole-1m	4	1758663	1758526	57	888856576	644014080	python3*49 ZMQbg/Reaper*4 ZMQbg/IO/0*4 
2026-09-25T17:15:13+04:00	ck5-whole-1m	4	1758510	488	2	25034752	6045696	uv*1 main2*1 
2026-09-25T17:15:13+04:00	ck5-whole-1m	4	1758526	1758510	57	1217503232	963661824	ft*51 ZMQbg/Reaper*3 ZMQbg/IO/0*3 
2026-09-25T17:15:13+04:00	ck5-whole-1m	4	1758661	1758526	1	12697600	5935104	python3*1 
2026-09-25T17:15:13+04:00	ck5-whole-1m	4	1758662	1758526	45	18988457984	1916420096	python3*36 pt_gloo_runloop*2 ZMQbg/Reaper*2 ZMQbg/IO/0*2 pt_tcpstore_uv*1 cuda0000240000a*1 
2026-09-25T17:15:14+04:00	ck5-whole-1m	4	1758663	1758526	57	888856576	644014080	python3*49 ZMQbg/Reaper*4 ZMQbg/IO/0*4 
2026-09-25T17:15:24+04:00	ck5-whole-1m	4	1758510	488	2	25034752	6045696	uv*1 main2*1 
2026-09-25T17:15:24+04:00	ck5-whole-1m	4	1758526	1758510	57	1217503232	963661824	ft*51 ZMQbg/Reaper*3 ZMQbg/IO/0*3 
2026-09-25T17:15:24+04:00	ck5-whole-1m	4	1758661	1758526	1	12697600	5935104	python3*1 
2026-09-25T17:15:24+04:00	ck5-whole-1m	4	1758662	1758526	45	18988457984	1916420096	python3*36 pt_gloo_runloop*2 ZMQbg/Reaper*2 ZMQbg/IO/0*2 pt_tcpstore_uv*1 cuda0000240000a*1 
2026-09-25T17:15:24+04:00	ck5-whole-1m	4	1758663	1758526	57	888856576	644014080	python3*49 ZMQbg/Reaper*4 ZMQbg/IO/0*4 
2026-09-25T17:15:34+04:00	ck5-whole-1m	4	1758510	488	2	25034752	6045696	uv*1 main2*1 
2026-09-25T17:15:34+04:00	ck5-whole-1m	4	1758526	1758510	57	1217503232	963661824	ft*51 ZMQbg/Reaper*3 ZMQbg/IO/0*3 
2026-09-25T17:15:34+04:00	ck5-whole-1m	4	1758661	1758526	1	12697600	5935104	python3*1 
2026-09-25T17:15:34+04:00	ck5-whole-1m	4	1758662	1758526	45	18988457984	1916420096	python3*36 pt_gloo_runloop*2 ZMQbg/Reaper*2 ZMQbg/IO/0*2 pt_tcpstore_uv*1 cuda0000240000a*1 
2026-09-25T17:15:34+04:00	ck5-whole-1m	4	1758663	1758526	57	888856576	644014080	python3*49 ZMQbg/Reaper*4 ZMQbg/IO/0*4 
2026-09-25T17:15:46+04:00	ck5-whole-1m	4	1758510	488	2	25034752	6045696	uv*1 main2*1 
2026-09-25T17:15:46+04:00	ck5-whole-1m	4	1758526	1758510	57	1217503232	963661824	ft*51 ZMQbg/Reaper*3 ZMQbg/IO/0*3 
2026-09-25T17:15:46+04:00	ck5-whole-1m	4	1758661	1758526	1	12697600	5935104	python3*1 
2026-09-25T17:15:46+04:00	ck5-whole-1m	4	1758662	1758526	45	18988457984	1916420096	python3*36 pt_gloo_runloop*2 ZMQbg/Reaper*2 ZMQbg/IO/0*2 pt_tcpstore_uv*1 cuda0000240000a*1 
2026-09-25T17:15:46+04:00	ck5-whole-1m	4	1758663	1758526	57	888856576	644014080	python3*49 ZMQbg/Reaper*4 ZMQbg/IO/0*4 
2026-09-25T17:15:56+04:00	ck5-whole-1m	4	1758510	488	2	25034752	6045696	uv*1 main2*1 
2026-09-25T17:15:56+04:00	ck5-whole-1m	4	1758526	1758510	57	1217503232	963661824	ft*51 ZMQbg/Reaper*3 ZMQbg/IO/0*3 
2026-09-25T17:15:56+04:00	ck5-whole-1m	4	1758661	1758526	1	12697600	5935104	python3*1 
2026-09-25T17:15:56+04:00	ck5-whole-1m	4	1758662	1758526	45	18988457984	1916420096	python3*36 pt_gloo_runloop*2 ZMQbg/Reaper*2 ZMQbg/IO/0*2 pt_tcpstore_uv*1 cuda0000240000a*1 
2026-09-25T17:15:56+04:00	ck5-whole-1m	4	1758663	1758526	57	888856576	644014080	python3*49 ZMQbg/Reaper*4 ZMQbg/IO/0*4 
2026-09-25T17:16:06+04:00	ck5-whole-1m	4	1758510	488	2	25034752	6045696	uv*1 main2*1 
2026-09-25T17:16:06+04:00	ck5-whole-1m	4	1758526	1758510	57	1217503232	963661824	ft*51 ZMQbg/Reaper*3 ZMQbg/IO/0*3 
2026-09-25T17:16:06+04:00	ck5-whole-1m	4	1758661	1758526	1	12697600	5935104	python3*1 
2026-09-25T17:16:06+04:00	ck5-whole-1m	4	1758662	1758526	45	18988457984	1916420096	python3*36 pt_gloo_runloop*2 ZMQbg/Reaper*2 ZMQbg/IO/0*2 pt_tcpstore_uv*1 cuda0000240000a*1 
2026-09-25T17:16:07+04:00	ck5-whole-1m	4	1758663	1758526	57	888856576	644014080	python3*49 ZMQbg/Reaper*4 ZMQbg/IO/0*4 
2026-09-25T17:16:17+04:00	ck5-whole-1m	4	1758510	488	2	25034752	6045696	uv*1 main2*1 
2026-09-25T17:16:17+04:00	ck5-whole-1m	4	1758526	1758510	57	1217503232	963661824	ft*51 ZMQbg/Reaper*3 ZMQbg/IO/0*3 
2026-09-25T17:16:17+04:00	ck5-whole-1m	4	1758661	1758526	1	12697600	5935104	python3*1 
2026-09-25T17:16:17+04:00	ck5-whole-1m	4	1758662	1758526	45	18988457984	1916420096	python3*36 pt_gloo_runloop*2 ZMQbg/Reaper*2 ZMQbg/IO/0*2 pt_tcpstore_uv*1 cuda0000240000a*1 
2026-09-25T17:16:17+04:00	ck5-whole-1m	4	1758663	1758526	57	888856576	644014080	python3*49 ZMQbg/Reaper*4 ZMQbg/IO/0*4 
2026-09-25T17:16:28+04:00	ck5-whole-1m	4	1758510	488	2	25034752	6045696	uv*1 main2*1 
2026-09-25T17:16:28+04:00	ck5-whole-1m	4	1758526	1758510	57	1217503232	963661824	ft*51 ZMQbg/Reaper*3 ZMQbg/IO/0*3 
2026-09-25T17:16:28+04:00	ck5-whole-1m	4	1758661	1758526	1	12697600	5935104	python3*1 
2026-09-25T17:16:28+04:00	ck5-whole-1m	4	1758662	1758526	45	18988457984	1916420096	python3*36 pt_gloo_runloop*2 ZMQbg/Reaper*2 ZMQbg/IO/0*2 pt_tcpstore_uv*1 cuda0000240000a*1 
2026-09-25T17:16:29+04:00	ck5-whole-1m	4	1758663	1758526	57	888856576	644014080	python3*49 ZMQbg/Reaper*4 ZMQbg/IO/0*4 
2026-09-25T17:16:39+04:00	ck5-whole-1m	4	1758510	488	2	25034752	6045696	uv*1 main2*1 
2026-09-25T17:16:39+04:00	ck5-whole-1m	4	1758526	1758510	57	1217503232	963661824	ft*51 ZMQbg/Reaper*3 ZMQbg/IO/0*3 
2026-09-25T17:16:39+04:00	ck5-whole-1m	4	1758661	1758526	1	12697600	5935104	python3*1 
2026-09-25T17:16:39+04:00	ck5-whole-1m	4	1758662	1758526	45	18988457984	1916420096	python3*36 pt_gloo_runloop*2 ZMQbg/Reaper*2 ZMQbg/IO/0*2 pt_tcpstore_uv*1 cuda0000240000a*1 
2026-09-25T17:16:39+04:00	ck5-whole-1m	4	1758663	1758526	57	888856576	644014080	python3*49 ZMQbg/Reaper*4 ZMQbg/IO/0*4 
2026-09-25T17:16:49+04:00	ck5-whole-1m	4	1758510	488	2	25034752	6045696	uv*1 main2*1 
2026-09-25T17:16:49+04:00	ck5-whole-1m	4	1758526	1758510	57	1217503232	963661824	ft*51 ZMQbg/Reaper*3 ZMQbg/IO/0*3 
2026-09-25T17:16:49+04:00	ck5-whole-1m	4	1758661	1758526	1	12697600	5935104	python3*1 
2026-09-25T17:16:49+04:00	ck5-whole-1m	4	1758662	1758526	45	18988580864	1916542976	python3*36 pt_gloo_runloop*2 ZMQbg/Reaper*2 ZMQbg/IO/0*2 pt_tcpstore_uv*1 cuda0000240000a*1 
2026-09-25T17:16:49+04:00	ck5-whole-1m	4	1758663	1758526	57	888856576	644014080	python3*49 ZMQbg/Reaper*4 ZMQbg/IO/0*4 
2026-09-25T17:17:01+04:00	ck5-whole-1m	4	1758510	488	2	25034752	6045696	uv*1 main2*1 
2026-09-25T17:17:01+04:00	ck5-whole-1m	4	1758526	1758510	57	1217503232	963661824	ft*51 ZMQbg/Reaper*3 ZMQbg/IO/0*3 
2026-09-25T17:17:01+04:00	ck5-whole-1m	4	1758661	1758526	1	12697600	5935104	python3*1 
2026-09-25T17:17:01+04:00	ck5-whole-1m	4	1758662	1758526	45	18988736512	1916698624	python3*36 pt_gloo_runloop*2 ZMQbg/Reaper*2 ZMQbg/IO/0*2 pt_tcpstore_uv*1 cuda0000240000a*1 
2026-09-25T17:17:01+04:00	ck5-whole-1m	4	1758663	1758526	57	888856576	644014080	python3*49 ZMQbg/Reaper*4 ZMQbg/IO/0*4 
2026-09-25T17:17:11+04:00	ck5-whole-1m	4	1758510	488	2	25034752	6045696	uv*1 main2*1 
2026-09-25T17:17:11+04:00	ck5-whole-1m	4	1758526	1758510	57	1217503232	963661824	ft*51 ZMQbg/Reaper*3 ZMQbg/IO/0*3 
2026-09-25T17:17:11+04:00	ck5-whole-1m	4	1758661	1758526	1	12697600	5935104	python3*1 
2026-09-25T17:17:11+04:00	ck5-whole-1m	4	1758662	1758526	45	18989793280	1917755392	python3*36 pt_gloo_runloop*2 ZMQbg/Reaper*2 ZMQbg/IO/0*2 pt_tcpstore_uv*1 cuda0000240000a*1 
2026-09-25T17:17:11+04:00	ck5-whole-1m	4	1758663	1758526	57	888856576	644014080	python3*49 ZMQbg/Reaper*4 ZMQbg/IO/0*4 
2026-09-25T17:17:21+04:00	ck5-whole-1m	4	1758510	488	2	25034752	6045696	uv*1 main2*1 
2026-09-25T17:17:21+04:00	ck5-whole-1m	4	1758526	1758510	57	1217515520	963661824	ft*51 ZMQbg/Reaper*3 ZMQbg/IO/0*3 
2026-09-25T17:17:21+04:00	ck5-whole-1m	4	1758661	1758526	1	12697600	5935104	python3*1 
2026-09-25T17:17:21+04:00	ck5-whole-1m	4	1758662	1758526	45	18989793280	1917755392	python3*36 pt_gloo_runloop*2 ZMQbg/Reaper*2 ZMQbg/IO/0*2 pt_tcpstore_uv*1 cuda0000240000a*1 
2026-09-25T17:17:22+04:00	ck5-whole-1m	4	1758663	1758526	57	889569280	644714496	python3*49 ZMQbg/Reaper*4 ZMQbg/IO/0*4 
2026-09-25T17:17:33+04:00	ck5-whole-1m	4	1758510	488	2	25034752	6045696	uv*1 main2*1 
2026-09-25T17:17:33+04:00	ck5-whole-1m	4	1758526	1758510	57	1217515520	963661824	ft*51 ZMQbg/Reaper*3 ZMQbg/IO/0*3 
2026-09-25T17:17:33+04:00	ck5-whole-1m	4	1758661	1758526	1	12697600	5935104	python3*1 
2026-09-25T17:17:33+04:00	ck5-whole-1m	4	1758662	1758526	45	18990538752	1918500864	python3*36 pt_gloo_runloop*2 ZMQbg/Reaper*2 ZMQbg/IO/0*2 pt_tcpstore_uv*1 cuda0000240000a*1 
2026-09-25T17:17:33+04:00	ck5-whole-1m	4	1758663	1758526	57	889569280	644714496	python3*49 ZMQbg/Reaper*4 ZMQbg/IO/0*4 
2026-09-25T17:17:44+04:00	ck5-whole-1m	4	1758510	488	2	25034752	6045696	uv*1 main2*1 
2026-09-25T17:17:44+04:00	ck5-whole-1m	4	1758526	1758510	57	1217515520	963661824	ft*51 ZMQbg/Reaper*3 ZMQbg/IO/0*3 
2026-09-25T17:17:44+04:00	ck5-whole-1m	4	1758661	1758526	1	12697600	5935104	python3*1 
2026-09-25T17:17:44+04:00	ck5-whole-1m	4	1758662	1758526	45	18990538752	1918500864	python3*36 pt_gloo_runloop*2 ZMQbg/Reaper*2 ZMQbg/IO/0*2 pt_tcpstore_uv*1 cuda0000240000a*1 
2026-09-25T17:17:44+04:00	ck5-whole-1m	4	1758663	1758526	57	889569280	644714496	python3*49 ZMQbg/Reaper*4 ZMQbg/IO/0*4 
2026-09-25T17:17:54+04:00	ck5-whole-1m	4	1758510	488	2	25034752	6045696	uv*1 main2*1 
2026-09-25T17:17:54+04:00	ck5-whole-1m	4	1758526	1758510	57	1217515520	963661824	ft*51 ZMQbg/Reaper*3 ZMQbg/IO/0*3 
2026-09-25T17:17:54+04:00	ck5-whole-1m	4	1758661	1758526	1	12697600	5935104	python3*1 
2026-09-25T17:17:54+04:00	ck5-whole-1m	4	1758662	1758526	45	18990538752	1918500864	python3*36 pt_gloo_runloop*2 ZMQbg/Reaper*2 ZMQbg/IO/0*2 pt_tcpstore_uv*1 cuda0000240000a*1 
2026-09-25T17:17:54+04:00	ck5-whole-1m	4	1758663	1758526	57	889569280	644714496	python3*49 ZMQbg/Reaper*4 ZMQbg/IO/0*4 
2026-09-25T17:18:06+04:00	ck5-whole-1m	4	1758510	488	2	25034752	6045696	uv*1 main2*1 
2026-09-25T17:18:06+04:00	ck5-whole-1m	4	1758526	1758510	57	1217515520	963661824	ft*51 ZMQbg/Reaper*3 ZMQbg/IO/0*3 
2026-09-25T17:18:06+04:00	ck5-whole-1m	4	1758661	1758526	1	12697600	5935104	python3*1 
2026-09-25T17:18:06+04:00	ck5-whole-1m	4	1758662	1758526	45	18990538752	1918500864	python3*36 pt_gloo_runloop*2 ZMQbg/Reaper*2 ZMQbg/IO/0*2 pt_tcpstore_uv*1 cuda0000240000a*1 
2026-09-25T17:18:06+04:00	ck5-whole-1m	4	1758663	1758526	57	889569280	644714496	python3*49 ZMQbg/Reaper*4 ZMQbg/IO/0*4 
2026-09-25T17:18:16+04:00	ck5-whole-1m	4	1758510	488	2	25034752	6045696	uv*1 main2*1 
2026-09-25T17:18:16+04:00	ck5-whole-1m	4	1758526	1758510	57	1217515520	963661824	ft*51 ZMQbg/Reaper*3 ZMQbg/IO/0*3 
2026-09-25T17:18:16+04:00	ck5-whole-1m	4	1758661	1758526	1	12697600	5935104	python3*1 
2026-09-25T17:18:16+04:00	ck5-whole-1m	4	1758662	1758526	45	18990538752	1918500864	python3*36 pt_gloo_runloop*2 ZMQbg/Reaper*2 ZMQbg/IO/0*2 pt_tcpstore_uv*1 cuda0000240000a*1 
2026-09-25T17:18:16+04:00	ck5-whole-1m	4	1758663	1758526	57	889569280	644714496	python3*49 ZMQbg/Reaper*4 ZMQbg/IO/0*4 
2026-09-25T17:18:26+04:00	ck5-whole-1m	4	1758510	488	2	25034752	6045696	uv*1 main2*1 
2026-09-25T17:18:26+04:00	ck5-whole-1m	4	1758526	1758510	57	1217515520	963661824	ft*51 ZMQbg/Reaper*3 ZMQbg/IO/0*3 
2026-09-25T17:18:26+04:00	ck5-whole-1m	4	1758661	1758526	1	12697600	5935104	python3*1 
2026-09-25T17:18:26+04:00	ck5-whole-1m	4	1758662	1758526	45	18990538752	1918500864	python3*36 pt_gloo_runloop*2 ZMQbg/Reaper*2 ZMQbg/IO/0*2 pt_tcpstore_uv*1 cuda0000240000a*1 
2026-09-25T17:18:26+04:00	ck5-whole-1m	4	1758663	1758526	57	889569280	644714496	python3*49 ZMQbg/Reaper*4 ZMQbg/IO/0*4 
2026-09-25T17:18:38+04:00	ck5-whole-1m	4	1758510	488	2	25034752	6045696	uv*1 main2*1 
2026-09-25T17:18:38+04:00	ck5-whole-1m	4	1758526	1758510	57	1217515520	963661824	ft*51 ZMQbg/Reaper*3 ZMQbg/IO/0*3 
2026-09-25T17:18:38+04:00	ck5-whole-1m	4	1758661	1758526	1	12697600	5935104	python3*1 
2026-09-25T17:18:38+04:00	ck5-whole-1m	4	1758662	1758526	45	18990538752	1918500864	python3*36 pt_gloo_runloop*2 ZMQbg/Reaper*2 ZMQbg/IO/0*2 pt_tcpstore_uv*1 cuda0000240000a*1 
2026-09-25T17:18:38+04:00	ck5-whole-1m	4	1758663	1758526	57	889569280	644714496	python3*49 ZMQbg/Reaper*4 ZMQbg/IO/0*4 
2026-09-25T17:18:48+04:00	ck5-whole-1m	4	1758510	488	2	25034752	6045696	uv*1 main2*1 
2026-09-25T17:18:48+04:00	ck5-whole-1m	4	1758526	1758510	57	1217515520	963661824	ft*51 ZMQbg/Reaper*3 ZMQbg/IO/0*3 
2026-09-25T17:18:48+04:00	ck5-whole-1m	4	1758661	1758526	1	12697600	5935104	python3*1 
2026-09-25T17:18:48+04:00	ck5-whole-1m	4	1758662	1758526	45	18990538752	1918500864	python3*36 pt_gloo_runloop*2 ZMQbg/Reaper*2 ZMQbg/IO/0*2 pt_tcpstore_uv*1 cuda0000240000a*1 
2026-09-25T17:18:49+04:00	ck5-whole-1m	4	1758663	1758526	57	889569280	644714496	python3*49 ZMQbg/Reaper*4 ZMQbg/IO/0*4 
2026-09-25T17:18:59+04:00	ck5-whole-1m	4	1758510	488	2	25034752	6045696	uv*1 main2*1 
2026-09-25T17:18:59+04:00	ck5-whole-1m	4	1758526	1758510	57	1217515520	963661824	ft*51 ZMQbg/Reaper*3 ZMQbg/IO/0*3 
2026-09-25T17:18:59+04:00	ck5-whole-1m	4	1758661	1758526	1	12697600	5935104	python3*1 
2026-09-25T17:18:59+04:00	ck5-whole-1m	4	1758662	1758526	45	18990538752	1918500864	python3*36 pt_gloo_runloop*2 ZMQbg/Reaper*2 ZMQbg/IO/0*2 pt_tcpstore_uv*1 cuda0000240000a*1 
2026-09-25T17:18:59+04:00	ck5-whole-1m	4	1758663	1758526	57	889569280	644714496	python3*49 ZMQbg/Reaper*4 ZMQbg/IO/0*4 
2026-09-25T17:19:10+04:00	ck5-whole-1m	4	1758510	488	2	25034752	6045696	uv*1 main2*1 
2026-09-25T17:19:11+04:00	ck5-whole-1m	4	1758526	1758510	57	1217515520	963661824	ft*51 ZMQbg/Reaper*3 ZMQbg/IO/0*3 
2026-09-25T17:19:11+04:00	ck5-whole-1m	4	1758661	1758526	1	12697600	5935104	python3*1 
2026-09-25T17:19:11+04:00	ck5-whole-1m	4	1758662	1758526	45	18990538752	1918500864	python3*36 pt_gloo_runloop*2 ZMQbg/Reaper*2 ZMQbg/IO/0*2 pt_tcpstore_uv*1 cuda0000240000a*1 
2026-09-25T17:19:11+04:00	ck5-whole-1m	4	1758663	1758526	57	889569280	644714496	python3*49 ZMQbg/Reaper*4 ZMQbg/IO/0*4 
2026-09-25T17:19:21+04:00	ck5-whole-1m	4	1758510	488	2	25034752	6045696	uv*1 main2*1 
2026-09-25T17:19:21+04:00	ck5-whole-1m	4	1758526	1758510	57	1217515520	963661824	ft*51 ZMQbg/Reaper*3 ZMQbg/IO/0*3 
2026-09-25T17:19:21+04:00	ck5-whole-1m	4	1758661	1758526	1	12697600	5935104	python3*1 
2026-09-25T17:19:21+04:00	ck5-whole-1m	4	1758662	1758526	45	18990649344	1918611456	python3*36 pt_gloo_runloop*2 ZMQbg/Reaper*2 ZMQbg/IO/0*2 pt_tcpstore_uv*1 cuda0000240000a*1 
2026-09-25T17:19:21+04:00	ck5-whole-1m	4	1758663	1758526	57	889569280	644714496	python3*49 ZMQbg/Reaper*4 ZMQbg/IO/0*4 
2026-09-25T17:19:31+04:00	ck5-whole-1m	4	1758510	488	2	25034752	6045696	uv*1 main2*1 
2026-09-25T17:19:31+04:00	ck5-whole-1m	4	1758526	1758510	57	1217515520	963661824	ft*51 ZMQbg/Reaper*3 ZMQbg/IO/0*3 
2026-09-25T17:19:31+04:00	ck5-whole-1m	4	1758661	1758526	1	12697600	5935104	python3*1 
2026-09-25T17:19:31+04:00	ck5-whole-1m	4	1758662	1758526	45	18990817280	1918787584	python3*36 pt_gloo_runloop*2 ZMQbg/Reaper*2 ZMQbg/IO/0*2 pt_tcpstore_uv*1 cuda0000240000a*1 
2026-09-25T17:19:31+04:00	ck5-whole-1m	4	1758663	1758526	57	889569280	644714496	python3*49 ZMQbg/Reaper*4 ZMQbg/IO/0*4 
2026-09-25T17:19:43+04:00	ck5-whole-1m	4	1758510	488	2	25034752	6045696	uv*1 main2*1 
2026-09-25T17:19:43+04:00	ck5-whole-1m	4	1758526	1758510	57	1217515520	963661824	ft*51 ZMQbg/Reaper*3 ZMQbg/IO/0*3 
2026-09-25T17:19:43+04:00	ck5-whole-1m	4	1758661	1758526	1	12697600	5935104	python3*1 
2026-09-25T17:19:43+04:00	ck5-whole-1m	4	1758662	1758526	45	18990956544	1918935040	python3*36 pt_gloo_runloop*2 ZMQbg/Reaper*2 ZMQbg/IO/0*2 pt_tcpstore_uv*1 cuda0000240000a*1 
2026-09-25T17:19:43+04:00	ck5-whole-1m	4	1758663	1758526	57	889569280	644714496	python3*49 ZMQbg/Reaper*4 ZMQbg/IO/0*4 
2026-09-25T17:19:53+04:00	ck5-whole-1m	4	1758510	488	2	25034752	6045696	uv*1 main2*1 
2026-09-25T17:19:53+04:00	ck5-whole-1m	4	1758526	1758510	57	1217515520	963661824	ft*51 ZMQbg/Reaper*3 ZMQbg/IO/0*3 
2026-09-25T17:19:53+04:00	ck5-whole-1m	4	1758661	1758526	1	12697600	5935104	python3*1 
2026-09-25T17:19:53+04:00	ck5-whole-1m	4	1758662	1758526	45	18991120384	1919082496	python3*36 pt_gloo_runloop*2 ZMQbg/Reaper*2 ZMQbg/IO/0*2 pt_tcpstore_uv*1 cuda0000240000a*1 
2026-09-25T17:19:53+04:00	ck5-whole-1m	4	1758663	1758526	57	889569280	644714496	python3*49 ZMQbg/Reaper*4 ZMQbg/IO/0*4 
2026-09-25T17:20:03+04:00	ck5-whole-1m	4	1758510	488	2	25034752	6045696	uv*1 main2*1 
2026-09-25T17:20:03+04:00	ck5-whole-1m	4	1758526	1758510	57	1217515520	963661824	ft*51 ZMQbg/Reaper*3 ZMQbg/IO/0*3 
2026-09-25T17:20:03+04:00	ck5-whole-1m	4	1758661	1758526	1	12697600	5935104	python3*1 
2026-09-25T17:20:03+04:00	ck5-whole-1m	4	1758662	1758526	45	18991292416	1919254528	python3*36 pt_gloo_runloop*2 ZMQbg/Reaper*2 ZMQbg/IO/0*2 pt_tcpstore_uv*1 cuda0000240000a*1 
2026-09-25T17:20:04+04:00	ck5-whole-1m	4	1758663	1758526	57	889569280	644714496	python3*49 ZMQbg/Reaper*4 ZMQbg/IO/0*4 
2026-09-25T17:20:14+04:00	ck5-whole-1m	4	1758510	488	2	25034752	6045696	uv*1 main2*1 
2026-09-25T17:20:14+04:00	ck5-whole-1m	4	1758526	1758510	57	1217515520	963661824	ft*51 ZMQbg/Reaper*3 ZMQbg/IO/0*3 
2026-09-25T17:20:14+04:00	ck5-whole-1m	4	1758661	1758526	1	12697600	5935104	python3*1 
2026-09-25T17:20:14+04:00	ck5-whole-1m	4	1758662	1758526	45	18991448064	1919410176	python3*36 pt_gloo_runloop*2 ZMQbg/Reaper*2 ZMQbg/IO/0*2 pt_tcpstore_uv*1 cuda0000240000a*1 
2026-09-25T17:20:14+04:00	ck5-whole-1m	4	1758663	1758526	57	889569280	644714496	python3*49 ZMQbg/Reaper*4 ZMQbg/IO/0*4 
2026-09-25T17:20:25+04:00	ck5-whole-1m	4	1758510	488	2	25034752	6045696	uv*1 main2*1 
2026-09-25T17:20:25+04:00	ck5-whole-1m	4	1758526	1758510	57	1217515520	963661824	ft*51 ZMQbg/Reaper*3 ZMQbg/IO/0*3 
2026-09-25T17:20:26+04:00	ck5-whole-1m	4	1758661	1758526	1	12697600	5935104	python3*1 
2026-09-25T17:20:26+04:00	ck5-whole-1m	4	1758662	1758526	45	18991579136	1919565824	python3*36 pt_gloo_runloop*2 ZMQbg/Reaper*2 ZMQbg/IO/0*2 pt_tcpstore_uv*1 cuda0000240000a*1 
2026-09-25T17:20:26+04:00	ck5-whole-1m	4	1758663	1758526	57	889569280	644714496	python3*49 ZMQbg/Reaper*4 ZMQbg/IO/0*4 
2026-09-25T17:20:36+04:00	ck5-whole-1m	4	1758510	488	2	25034752	6045696	uv*1 main2*1 
2026-09-25T17:20:36+04:00	ck5-whole-1m	4	1758526	1758510	57	1217515520	963661824	ft*51 ZMQbg/Reaper*3 ZMQbg/IO/0*3 
2026-09-25T17:20:36+04:00	ck5-whole-1m	4	1758661	1758526	1	12697600	5935104	python3*1 
2026-09-25T17:20:36+04:00	ck5-whole-1m	4	1758662	1758526	45	18991767552	1919741952	python3*36 pt_gloo_runloop*2 ZMQbg/Reaper*2 ZMQbg/IO/0*2 pt_tcpstore_uv*1 cuda0000240000a*1 
2026-09-25T17:20:36+04:00	ck5-whole-1m	4	1758663	1758526	57	889569280	644714496	python3*49 ZMQbg/Reaper*4 ZMQbg/IO/0*4 
2026-09-25T17:20:46+04:00	ck5-whole-1m	4	1758510	488	2	25034752	6045696	uv*1 main2*1 
2026-09-25T17:20:46+04:00	ck5-whole-1m	4	1758526	1758510	57	1217515520	963661824	ft*51 ZMQbg/Reaper*3 ZMQbg/IO/0*3 
2026-09-25T17:20:46+04:00	ck5-whole-1m	4	1758661	1758526	1	12697600	5935104	python3*1 
2026-09-25T17:20:46+04:00	ck5-whole-1m	4	1758662	1758526	45	18991919104	1919889408	python3*36 pt_gloo_runloop*2 ZMQbg/Reaper*2 ZMQbg/IO/0*2 pt_tcpstore_uv*1 cuda0000240000a*1 
2026-09-25T17:20:46+04:00	ck5-whole-1m	4	1758663	1758526	57	889569280	644714496	python3*49 ZMQbg/Reaper*4 ZMQbg/IO/0*4 
2026-09-25T17:20:58+04:00	ck5-whole-1m	4	1758510	488	2	25034752	6045696	uv*1 main2*1 
2026-09-25T17:20:58+04:00	ck5-whole-1m	4	1758526	1758510	57	1217515520	963661824	ft*51 ZMQbg/Reaper*3 ZMQbg/IO/0*3 
2026-09-25T17:20:58+04:00	ck5-whole-1m	4	1758661	1758526	1	12697600	5935104	python3*1 
2026-09-25T17:20:58+04:00	ck5-whole-1m	4	1758662	1758526	45	18992091136	1920053248	python3*36 pt_gloo_runloop*2 ZMQbg/Reaper*2 ZMQbg/IO/0*2 pt_tcpstore_uv*1 cuda0000240000a*1 
2026-09-25T17:20:58+04:00	ck5-whole-1m	4	1758663	1758526	57	889569280	644714496	python3*49 ZMQbg/Reaper*4 ZMQbg/IO/0*4 
2026-09-25T17:21:08+04:00	ck5-whole-1m	4	1758510	488	2	25034752	6045696	uv*1 main2*1 
2026-09-25T17:21:08+04:00	ck5-whole-1m	4	1758526	1758510	57	1217515520	963661824	ft*51 ZMQbg/Reaper*3 ZMQbg/IO/0*3 
2026-09-25T17:21:08+04:00	ck5-whole-1m	4	1758661	1758526	1	12697600	5935104	python3*1 
2026-09-25T17:21:08+04:00	ck5-whole-1m	4	1758662	1758526	45	18992238592	1920200704	python3*36 pt_gloo_runloop*2 ZMQbg/Reaper*2 ZMQbg/IO/0*2 pt_tcpstore_uv*1 cuda0000240000a*1 
2026-09-25T17:21:08+04:00	ck5-whole-1m	4	1758663	1758526	57	889569280	644714496	python3*49 ZMQbg/Reaper*4 ZMQbg/IO/0*4 
2026-09-25T17:21:18+04:00	ck5-whole-1m	4	1758510	488	2	25034752	6045696	uv*1 main2*1 
2026-09-25T17:21:18+04:00	ck5-whole-1m	4	1758526	1758510	57	1217515520	963661824	ft*51 ZMQbg/Reaper*3 ZMQbg/IO/0*3 
2026-09-25T17:21:18+04:00	ck5-whole-1m	4	1758661	1758526	1	12697600	5935104	python3*1 
2026-09-25T17:21:18+04:00	ck5-whole-1m	4	1758662	1758526	45	18992398336	1920360448	python3*36 pt_gloo_runloop*2 ZMQbg/Reaper*2 ZMQbg/IO/0*2 pt_tcpstore_uv*1 cuda0000240000a*1 
2026-09-25T17:21:19+04:00	ck5-whole-1m	4	1758663	1758526	57	889569280	644714496	python3*49 ZMQbg/Reaper*4 ZMQbg/IO/0*4 
2026-09-25T17:21:30+04:00	ck5-whole-1m	4	1758510	488	2	25034752	6045696	uv*1 main2*1 
2026-09-25T17:21:30+04:00	ck5-whole-1m	4	1758526	1758510	57	1217515520	963661824	ft*51 ZMQbg/Reaper*3 ZMQbg/IO/0*3 
2026-09-25T17:21:30+04:00	ck5-whole-1m	4	1758661	1758526	1	12697600	5935104	python3*1 
2026-09-25T17:21:30+04:00	ck5-whole-1m	4	1758662	1758526	45	18992545792	1920507904	python3*36 pt_gloo_runloop*2 ZMQbg/Reaper*2 ZMQbg/IO/0*2 pt_tcpstore_uv*1 cuda0000240000a*1 
2026-09-25T17:21:30+04:00	ck5-whole-1m	4	1758663	1758526	57	889569280	644714496	python3*49 ZMQbg/Reaper*4 ZMQbg/IO/0*4 
2026-09-25T17:21:40+04:00	ck5-whole-1m	4	1758510	488	2	25034752	6045696	uv*1 main2*1 
2026-09-25T17:21:40+04:00	ck5-whole-1m	4	1758526	1758510	57	1217515520	963661824	ft*51 ZMQbg/Reaper*3 ZMQbg/IO/0*3 
2026-09-25T17:21:40+04:00	ck5-whole-1m	4	1758661	1758526	1	12697600	5935104	python3*1 
2026-09-25T17:21:41+04:00	ck5-whole-1m	4	1758662	1758526	45	18992697344	1920659456	python3*36 pt_gloo_runloop*2 ZMQbg/Reaper*2 ZMQbg/IO/0*2 pt_tcpstore_uv*1 cuda0000240000a*1 
2026-09-25T17:21:41+04:00	ck5-whole-1m	4	1758663	1758526	57	889569280	644714496	python3*49 ZMQbg/Reaper*4 ZMQbg/IO/0*4 
2026-09-25T17:21:51+04:00	ck5-whole-1m	4	1758510	488	2	25034752	6045696	uv*1 main2*1 
2026-09-25T17:21:51+04:00	ck5-whole-1m	4	1758526	1758510	57	1217515520	963661824	ft*51 ZMQbg/Reaper*3 ZMQbg/IO/0*3 
2026-09-25T17:21:51+04:00	ck5-whole-1m	4	1758661	1758526	1	12697600	5935104	python3*1 
2026-09-25T17:21:51+04:00	ck5-whole-1m	4	1758662	1758526	45	18992852992	1920815104	python3*36 pt_gloo_runloop*2 ZMQbg/Reaper*2 ZMQbg/IO/0*2 pt_tcpstore_uv*1 cuda0000240000a*1 
2026-09-25T17:21:51+04:00	ck5-whole-1m	4	1758663	1758526	57	889569280	644714496	python3*49 ZMQbg/Reaper*4 ZMQbg/IO/0*4 
2026-09-25T17:22:03+04:00	ck5-whole-1m	4	1758510	488	2	25034752	6045696	uv*1 main2*1 
2026-09-25T17:22:03+04:00	ck5-whole-1m	4	1758526	1758510	57	1217515520	963661824	ft*51 ZMQbg/Reaper*3 ZMQbg/IO/0*3 
2026-09-25T17:22:03+04:00	ck5-whole-1m	4	1758661	1758526	1	12697600	5935104	python3*1 
2026-09-25T17:22:03+04:00	ck5-whole-1m	4	1758662	1758526	45	18993012736	1920974848	python3*36 pt_gloo_runloop*2 ZMQbg/Reaper*2 ZMQbg/IO/0*2 pt_tcpstore_uv*1 cuda0000240000a*1 
2026-09-25T17:22:03+04:00	ck5-whole-1m	4	1758663	1758526	57	889569280	644714496	python3*49 ZMQbg/Reaper*4 ZMQbg/IO/0*4 
2026-09-25T17:22:13+04:00	ck5-whole-1m	4	1758510	488	2	25034752	6045696	uv*1 main2*1 
2026-09-25T17:22:13+04:00	ck5-whole-1m	4	1758526	1758510	57	1217515520	963661824	ft*51 ZMQbg/Reaper*3 ZMQbg/IO/0*3 
2026-09-25T17:22:13+04:00	ck5-whole-1m	4	1758661	1758526	1	12697600	5935104	python3*1 
2026-09-25T17:22:13+04:00	ck5-whole-1m	4	1758662	1758526	45	18993164288	1921126400	python3*36 pt_gloo_runloop*2 ZMQbg/Reaper*2 ZMQbg/IO/0*2 pt_tcpstore_uv*1 cuda0000240000a*1 
2026-09-25T17:22:13+04:00	ck5-whole-1m	4	1758663	1758526	57	889569280	644714496	python3*49 ZMQbg/Reaper*4 ZMQbg/IO/0*4 
2026-09-25T17:22:23+04:00	ck5-whole-1m	4	1758510	488	2	25034752	6045696	uv*1 main2*1 
2026-09-25T17:22:23+04:00	ck5-whole-1m	4	1758526	1758510	57	1217515520	963661824	ft*51 ZMQbg/Reaper*3 ZMQbg/IO/0*3 
2026-09-25T17:22:23+04:00	ck5-whole-1m	4	1758661	1758526	1	12697600	5935104	python3*1 
2026-09-25T17:22:23+04:00	ck5-whole-1m	4	1758662	1758526	45	18993324032	1921286144	python3*36 pt_gloo_runloop*2 ZMQbg/Reaper*2 ZMQbg/IO/0*2 pt_tcpstore_uv*1 cuda0000240000a*1 
2026-09-25T17:22:23+04:00	ck5-whole-1m	4	1758663	1758526	57	889569280	644714496	python3*49 ZMQbg/Reaper*4 ZMQbg/IO/0*4 
2026-09-25T17:22:35+04:00	ck5-whole-1m	4	1758510	488	2	25034752	6045696	uv*1 main2*1 
2026-09-25T17:22:35+04:00	ck5-whole-1m	4	1758526	1758510	57	1217515520	963661824	ft*51 ZMQbg/Reaper*3 ZMQbg/IO/0*3 
2026-09-25T17:22:35+04:00	ck5-whole-1m	4	1758661	1758526	1	12697600	5935104	python3*1 
2026-09-25T17:22:35+04:00	ck5-whole-1m	4	1758662	1758526	45	18993471488	1921454080	python3*36 pt_gloo_runloop*2 ZMQbg/Reaper*2 ZMQbg/IO/0*2 pt_tcpstore_uv*1 cuda0000240000a*1 
2026-09-25T17:22:35+04:00	ck5-whole-1m	4	1758663	1758526	57	889569280	644714496	python3*49 ZMQbg/Reaper*4 ZMQbg/IO/0*4 
2026-09-25T17:22:45+04:00	ck5-whole-1m	4	1758510	488	2	25034752	6045696	uv*1 main2*1 
2026-09-25T17:22:45+04:00	ck5-whole-1m	4	1758526	1758510	57	1217515520	963661824	ft*51 ZMQbg/Reaper*3 ZMQbg/IO/0*3 
2026-09-25T17:22:45+04:00	ck5-whole-1m	4	1758661	1758526	1	12697600	5935104	python3*1 
2026-09-25T17:22:45+04:00	ck5-whole-1m	4	1758662	1758526	45	18993635328	1921597440	python3*36 pt_gloo_runloop*2 ZMQbg/Reaper*2 ZMQbg/IO/0*2 pt_tcpstore_uv*1 cuda0000240000a*1 
2026-09-25T17:22:45+04:00	ck5-whole-1m	4	1758663	1758526	57	889569280	644714496	python3*49 ZMQbg/Reaper*4 ZMQbg/IO/0*4 
2026-09-25T17:22:55+04:00	ck5-whole-1m	4	1758510	488	2	25034752	6045696	uv*1 main2*1 
2026-09-25T17:22:55+04:00	ck5-whole-1m	4	1758526	1758510	57	1217515520	963661824	ft*51 ZMQbg/Reaper*3 ZMQbg/IO/0*3 
2026-09-25T17:22:55+04:00	ck5-whole-1m	4	1758661	1758526	1	12697600	5935104	python3*1 
2026-09-25T17:22:55+04:00	ck5-whole-1m	4	1758662	1758526	45	18993778688	1921740800	python3*36 pt_gloo_runloop*2 ZMQbg/Reaper*2 ZMQbg/IO/0*2 pt_tcpstore_uv*1 cuda0000240000a*1 
2026-09-25T17:22:56+04:00	ck5-whole-1m	4	1758663	1758526	57	889569280	644714496	python3*49 ZMQbg/Reaper*4 ZMQbg/IO/0*4 
2026-09-25T17:23:07+04:00	ck5-whole-1m	4	1758510	488	2	25034752	6045696	uv*1 main2*1 
2026-09-25T17:23:07+04:00	ck5-whole-1m	4	1758526	1758510	57	1217515520	963661824	ft*51 ZMQbg/Reaper*3 ZMQbg/IO/0*3 
2026-09-25T17:23:07+04:00	ck5-whole-1m	4	1758661	1758526	1	12697600	5935104	python3*1 
2026-09-25T17:23:07+04:00	ck5-whole-1m	4	1758662	1758526	45	18993942528	1921904640	python3*36 pt_gloo_runloop*2 ZMQbg/Reaper*2 ZMQbg/IO/0*2 pt_tcpstore_uv*1 cuda0000240000a*1 
2026-09-25T17:23:07+04:00	ck5-whole-1m	4	1758663	1758526	57	889569280	644714496	python3*49 ZMQbg/Reaper*4 ZMQbg/IO/0*4 
2026-09-25T17:23:18+04:00	ck5-whole-1m	4	1758510	488	2	25034752	6045696	uv*1 main2*1 
2026-09-25T17:23:18+04:00	ck5-whole-1m	4	1758526	1758510	57	1217515520	963661824	ft*51 ZMQbg/Reaper*3 ZMQbg/IO/0*3 
2026-09-25T17:23:18+04:00	ck5-whole-1m	4	1758661	1758526	1	12697600	5935104	python3*1 
2026-09-25T17:23:18+04:00	ck5-whole-1m	4	1758662	1758526	45	18994106368	1922068480	python3*36 pt_gloo_runloop*2 ZMQbg/Reaper*2 ZMQbg/IO/0*2 pt_tcpstore_uv*1 cuda0000240000a*1 
2026-09-25T17:23:18+04:00	ck5-whole-1m	4	1758663	1758526	57	889569280	644714496	python3*49 ZMQbg/Reaper*4 ZMQbg/IO/0*4 
2026-09-25T17:23:28+04:00	ck5-whole-1m	4	1758510	488	2	25034752	6045696	uv*1 main2*1 
2026-09-25T17:23:28+04:00	ck5-whole-1m	4	1758526	1758510	57	1217515520	963661824	ft*51 ZMQbg/Reaper*3 ZMQbg/IO/0*3 
2026-09-25T17:23:28+04:00	ck5-whole-1m	4	1758661	1758526	1	12697600	5935104	python3*1 
2026-09-25T17:23:28+04:00	ck5-whole-1m	4	1758662	1758526	45	18994253824	1922224128	python3*36 pt_gloo_runloop*2 ZMQbg/Reaper*2 ZMQbg/IO/0*2 pt_tcpstore_uv*1 cuda0000240000a*1 
2026-09-25T17:23:28+04:00	ck5-whole-1m	4	1758663	1758526	57	889569280	644714496	python3*49 ZMQbg/Reaper*4 ZMQbg/IO/0*4 
2026-09-25T17:23:40+04:00	ck5-whole-1m	4	1758510	488	2	25034752	6045696	uv*1 main2*1 
2026-09-25T17:23:40+04:00	ck5-whole-1m	4	1758526	1758510	57	1217515520	963661824	ft*51 ZMQbg/Reaper*3 ZMQbg/IO/0*3 
2026-09-25T17:23:40+04:00	ck5-whole-1m	4	1758661	1758526	1	12697600	5935104	python3*1 
2026-09-25T17:23:40+04:00	ck5-whole-1m	4	1758662	1758526	45	18995769344	1923731456	python3*36 pt_gloo_runloop*2 ZMQbg/Reaper*2 ZMQbg/IO/0*2 pt_tcpstore_uv*1 cuda0000240000a*1 
2026-09-25T17:23:40+04:00	ck5-whole-1m	4	1758663	1758526	57	889569280	644714496	python3*49 ZMQbg/Reaper*4 ZMQbg/IO/0*4 
2026-09-25T17:23:50+04:00	ck5-whole-1m	4	1758510	488	2	25034752	6045696	uv*1 main2*1 
2026-09-25T17:23:50+04:00	ck5-whole-1m	4	1758526	1758510	57	1217515520	963661824	ft*51 ZMQbg/Reaper*3 ZMQbg/IO/0*3 
2026-09-25T17:23:50+04:00	ck5-whole-1m	4	1758661	1758526	1	12697600	5935104	python3*1 
2026-09-25T17:23:50+04:00	ck5-whole-1m	4	1758662	1758526	45	18995769344	1923731456	python3*36 pt_gloo_runloop*2 ZMQbg/Reaper*2 ZMQbg/IO/0*2 pt_tcpstore_uv*1 cuda0000240000a*1 
2026-09-25T17:23:50+04:00	ck5-whole-1m	4	1758663	1758526	57	889569280	644714496	python3*49 ZMQbg/Reaper*4 ZMQbg/IO/0*4 
2026-09-25T17:24:00+04:00	ck5-whole-1m	4	1758510	488	2	25034752	6045696	uv*1 main2*1 
2026-09-25T17:24:00+04:00	ck5-whole-1m	4	1758526	1758510	57	1217515520	963661824	ft*51 ZMQbg/Reaper*3 ZMQbg/IO/0*3 
2026-09-25T17:24:00+04:00	ck5-whole-1m	4	1758661	1758526	1	12697600	5935104	python3*1 
2026-09-25T17:24:00+04:00	ck5-whole-1m	4	1758662	1758526	45	18995781632	1923743744	python3*36 pt_gloo_runloop*2 ZMQbg/Reaper*2 ZMQbg/IO/0*2 pt_tcpstore_uv*1 cuda0000240000a*1 
2026-09-25T17:24:00+04:00	ck5-whole-1m	4	1758663	1758526	57	889569280	644714496	python3*49 ZMQbg/Reaper*4 ZMQbg/IO/0*4 
2026-09-25T17:24:10+04:00	ck5-whole-1m	4	1758510	488	2	25034752	6045696	uv*1 main2*1 
2026-09-25T17:24:10+04:00	ck5-whole-1m	4	1758526	1758510	57	1217515520	963661824	ft*51 ZMQbg/Reaper*3 ZMQbg/IO/0*3 
2026-09-25T17:24:10+04:00	ck5-whole-1m	4	1758661	1758526	1	12697600	5935104	python3*1 
2026-09-25T17:24:10+04:00	ck5-whole-1m	4	1758662	1758526	45	18995781632	1923743744	python3*36 pt_gloo_runloop*2 ZMQbg/Reaper*2 ZMQbg/IO/0*2 pt_tcpstore_uv*1 cuda0000240000a*1 
2026-09-25T17:24:11+04:00	ck5-whole-1m	4	1758663	1758526	57	889569280	644714496	python3*49 ZMQbg/Reaper*4 ZMQbg/IO/0*4 
2026-09-25T17:24:22+04:00	ck5-whole-1m	4	1758510	488	2	25034752	6045696	uv*1 main2*1 
2026-09-25T17:24:22+04:00	ck5-whole-1m	4	1758526	1758510	57	1217515520	963661824	ft*51 ZMQbg/Reaper*3 ZMQbg/IO/0*3 
2026-09-25T17:24:22+04:00	ck5-whole-1m	4	1758661	1758526	1	12697600	5935104	python3*1 
2026-09-25T17:24:22+04:00	ck5-whole-1m	4	1758662	1758526	45	18995781632	1923743744	python3*36 pt_gloo_runloop*2 ZMQbg/Reaper*2 ZMQbg/IO/0*2 pt_tcpstore_uv*1 cuda0000240000a*1 
2026-09-25T17:24:22+04:00	ck5-whole-1m	4	1758663	1758526	57	889569280	644714496	python3*49 ZMQbg/Reaper*4 ZMQbg/IO/0*4 
2026-09-25T17:24:33+04:00	ck5-whole-1m	4	1758510	488	2	25034752	6045696	uv*1 main2*1 
2026-09-25T17:24:33+04:00	ck5-whole-1m	4	1758526	1758510	57	1217515520	963661824	ft*51 ZMQbg/Reaper*3 ZMQbg/IO/0*3 
2026-09-25T17:24:33+04:00	ck5-whole-1m	4	1758661	1758526	1	12697600	5935104	python3*1 
2026-09-25T17:24:33+04:00	ck5-whole-1m	4	1758662	1758526	45	18995781632	1923743744	python3*36 pt_gloo_runloop*2 ZMQbg/Reaper*2 ZMQbg/IO/0*2 pt_tcpstore_uv*1 cuda0000240000a*1 
2026-09-25T17:24:33+04:00	ck5-whole-1m	4	1758663	1758526	57	889569280	644714496	python3*49 ZMQbg/Reaper*4 ZMQbg/IO/0*4 
2026-09-25T17:24:43+04:00	ck5-whole-1m	4	1758510	488	2	25034752	6045696	uv*1 main2*1 
2026-09-25T17:24:43+04:00	ck5-whole-1m	4	1758526	1758510	57	1217515520	963661824	ft*51 ZMQbg/Reaper*3 ZMQbg/IO/0*3 
2026-09-25T17:24:43+04:00	ck5-whole-1m	4	1758661	1758526	1	12697600	5935104	python3*1 
2026-09-25T17:24:43+04:00	ck5-whole-1m	4	1758662	1758526	45	18995781632	1923743744	python3*36 pt_gloo_runloop*2 ZMQbg/Reaper*2 ZMQbg/IO/0*2 pt_tcpstore_uv*1 cuda0000240000a*1 
2026-09-25T17:24:43+04:00	ck5-whole-1m	4	1758663	1758526	57	889569280	644714496	python3*49 ZMQbg/Reaper*4 ZMQbg/IO/0*4 
2026-09-25T17:24:55+04:00	ck5-whole-1m	4	1758510	488	2	25034752	6045696	uv*1 main2*1 
2026-09-25T17:24:55+04:00	ck5-whole-1m	4	1758526	1758510	57	1217515520	963661824	ft*51 ZMQbg/Reaper*3 ZMQbg/IO/0*3 
2026-09-25T17:24:55+04:00	ck5-whole-1m	4	1758661	1758526	1	12697600	5935104	python3*1 
2026-09-25T17:24:55+04:00	ck5-whole-1m	4	1758662	1758526	45	18995781632	1923743744	python3*36 pt_gloo_runloop*2 ZMQbg/Reaper*2 ZMQbg/IO/0*2 pt_tcpstore_uv*1 cuda0000240000a*1 
2026-09-25T17:24:55+04:00	ck5-whole-1m	4	1758663	1758526	57	889569280	644714496	python3*49 ZMQbg/Reaper*4 ZMQbg/IO/0*4 
2026-09-25T17:25:05+04:00	ck5-whole-1m	4	1758510	488	2	25034752	6045696	uv*1 main2*1 
2026-09-25T17:25:05+04:00	ck5-whole-1m	4	1758526	1758510	57	1217515520	963661824	ft*51 ZMQbg/Reaper*3 ZMQbg/IO/0*3 
2026-09-25T17:25:05+04:00	ck5-whole-1m	4	1758661	1758526	1	12697600	5935104	python3*1 
2026-09-25T17:25:05+04:00	ck5-whole-1m	4	1758662	1758526	45	18995781632	1923743744	python3*36 pt_gloo_runloop*2 ZMQbg/Reaper*2 ZMQbg/IO/0*2 pt_tcpstore_uv*1 cuda0000240000a*1 
2026-09-25T17:25:05+04:00	ck5-whole-1m	4	1758663	1758526	57	889569280	644714496	python3*49 ZMQbg/Reaper*4 ZMQbg/IO/0*4 
2026-09-25T17:25:15+04:00	ck5-whole-1m	4	1758510	488	2	25034752	6045696	uv*1 main2*1 
2026-09-25T17:25:15+04:00	ck5-whole-1m	4	1758526	1758510	57	1217515520	963661824	ft*51 ZMQbg/Reaper*3 ZMQbg/IO/0*3 
2026-09-25T17:25:15+04:00	ck5-whole-1m	4	1758661	1758526	1	12697600	5935104	python3*1 
2026-09-25T17:25:15+04:00	ck5-whole-1m	4	1758662	1758526	45	18995781632	1923743744	python3*36 pt_gloo_runloop*2 ZMQbg/Reaper*2 ZMQbg/IO/0*2 pt_tcpstore_uv*1 cuda0000240000a*1 
2026-09-25T17:25:16+04:00	ck5-whole-1m	4	1758663	1758526	57	889569280	644714496	python3*49 ZMQbg/Reaper*4 ZMQbg/IO/0*4 
2026-09-25T17:25:27+04:00	ck5-whole-1m	4	1758510	488	2	25034752	6045696	uv*1 main2*1 
2026-09-25T17:25:27+04:00	ck5-whole-1m	4	1758526	1758510	57	1217515520	963661824	ft*51 ZMQbg/Reaper*3 ZMQbg/IO/0*3 
2026-09-25T17:25:27+04:00	ck5-whole-1m	4	1758661	1758526	1	12697600	5935104	python3*1 
2026-09-25T17:25:27+04:00	ck5-whole-1m	4	1758662	1758526	45	18995826688	1923796992	python3*36 pt_gloo_runloop*2 ZMQbg/Reaper*2 ZMQbg/IO/0*2 pt_tcpstore_uv*1 cuda0000240000a*1 
2026-09-25T17:25:27+04:00	ck5-whole-1m	4	1758663	1758526	57	889569280	644714496	python3*49 ZMQbg/Reaper*4 ZMQbg/IO/0*4 
2026-09-25T17:25:37+04:00	ck5-whole-1m	4	1758510	488	2	25034752	6045696	uv*1 main2*1 
2026-09-25T17:25:37+04:00	ck5-whole-1m	4	1758526	1758510	57	1217515520	963661824	ft*51 ZMQbg/Reaper*3 ZMQbg/IO/0*3 
2026-09-25T17:25:37+04:00	ck5-whole-1m	4	1758661	1758526	1	12697600	5935104	python3*1 
2026-09-25T17:25:37+04:00	ck5-whole-1m	4	1758662	1758526	45	18996043776	1924005888	python3*36 pt_gloo_runloop*2 ZMQbg/Reaper*2 ZMQbg/IO/0*2 pt_tcpstore_uv*1 cuda0000240000a*1 
2026-09-25T17:25:38+04:00	ck5-whole-1m	4	1758663	1758526	57	889569280	644714496	python3*49 ZMQbg/Reaper*4 ZMQbg/IO/0*4 
2026-09-25T17:25:48+04:00	ck5-whole-1m	4	1758510	488	2	25034752	6045696	uv*1 main2*1 
2026-09-25T17:25:48+04:00	ck5-whole-1m	4	1758526	1758510	57	1217515520	963661824	ft*51 ZMQbg/Reaper*3 ZMQbg/IO/0*3 
2026-09-25T17:25:48+04:00	ck5-whole-1m	4	1758661	1758526	1	12697600	5935104	python3*1 
2026-09-25T17:25:48+04:00	ck5-whole-1m	4	1758662	1758526	45	18996146176	1924108288	python3*36 pt_gloo_runloop*2 ZMQbg/Reaper*2 ZMQbg/IO/0*2 pt_tcpstore_uv*1 cuda0000240000a*1 
2026-09-25T17:25:48+04:00	ck5-whole-1m	4	1758663	1758526	57	889569280	644714496	python3*49 ZMQbg/Reaper*4 ZMQbg/IO/0*4 
2026-09-25T17:25:59+04:00	ck5-whole-1m	4	1758510	488	2	25034752	6045696	uv*1 main2*1 
2026-09-25T17:25:59+04:00	ck5-whole-1m	4	1758526	1758510	57	1217515520	963661824	ft*51 ZMQbg/Reaper*3 ZMQbg/IO/0*3 
2026-09-25T17:26:00+04:00	ck5-whole-1m	4	1758661	1758526	1	12697600	5935104	python3*1 
2026-09-25T17:26:00+04:00	ck5-whole-1m	4	1758662	1758526	45	18996293632	1924255744	python3*36 pt_gloo_runloop*2 ZMQbg/Reaper*2 ZMQbg/IO/0*2 pt_tcpstore_uv*1 cuda0000240000a*1 
2026-09-25T17:26:00+04:00	ck5-whole-1m	4	1758663	1758526	57	889569280	644714496	python3*49 ZMQbg/Reaper*4 ZMQbg/IO/0*4 
2026-09-25T17:26:10+04:00	ck5-whole-1m	4	1758510	488	2	25034752	6045696	uv*1 main2*1 
2026-09-25T17:26:10+04:00	ck5-whole-1m	4	1758526	1758510	57	1217515520	963661824	ft*51 ZMQbg/Reaper*3 ZMQbg/IO/0*3 
2026-09-25T17:26:10+04:00	ck5-whole-1m	4	1758661	1758526	1	12697600	5935104	python3*1 
2026-09-25T17:26:10+04:00	ck5-whole-1m	4	1758662	1758526	45	18996453376	1924415488	python3*36 pt_gloo_runloop*2 ZMQbg/Reaper*2 ZMQbg/IO/0*2 pt_tcpstore_uv*1 cuda0000240000a*1 
2026-09-25T17:26:10+04:00	ck5-whole-1m	4	1758663	1758526	57	889569280	644714496	python3*49 ZMQbg/Reaper*4 ZMQbg/IO/0*4 
2026-09-25T17:26:20+04:00	ck5-whole-1m	4	1758510	488	2	25034752	6045696	uv*1 main2*1 
2026-09-25T17:26:20+04:00	ck5-whole-1m	4	1758526	1758510	57	1217515520	963661824	ft*51 ZMQbg/Reaper*3 ZMQbg/IO/0*3 
2026-09-25T17:26:20+04:00	ck5-whole-1m	4	1758661	1758526	1	12697600	5935104	python3*1 
2026-09-25T17:26:20+04:00	ck5-whole-1m	4	1758662	1758526	45	18996617216	1924591616	python3*36 pt_gloo_runloop*2 ZMQbg/Reaper*2 ZMQbg/IO/0*2 pt_tcpstore_uv*1 cuda0000240000a*1 
2026-09-25T17:26:20+04:00	ck5-whole-1m	4	1758663	1758526	57	889569280	644714496	python3*49 ZMQbg/Reaper*4 ZMQbg/IO/0*4 
2026-09-25T17:26:32+04:00	ck5-whole-1m	4	1758510	488	2	25034752	6045696	uv*1 main2*1 
2026-09-25T17:26:32+04:00	ck5-whole-1m	4	1758526	1758510	57	1217515520	963661824	ft*51 ZMQbg/Reaper*3 ZMQbg/IO/0*3 
2026-09-25T17:26:32+04:00	ck5-whole-1m	4	1758661	1758526	1	12697600	5935104	python3*1 
2026-09-25T17:26:32+04:00	ck5-whole-1m	4	1758662	1758526	45	18996776960	1924739072	python3*36 pt_gloo_runloop*2 ZMQbg/Reaper*2 ZMQbg/IO/0*2 pt_tcpstore_uv*1 cuda0000240000a*1 
2026-09-25T17:26:32+04:00	ck5-whole-1m	4	1758663	1758526	57	889569280	644714496	python3*49 ZMQbg/Reaper*4 ZMQbg/IO/0*4 
2026-09-25T17:26:42+04:00	ck5-whole-1m	4	1758510	488	2	25034752	6045696	uv*1 main2*1 
2026-09-25T17:26:42+04:00	ck5-whole-1m	4	1758526	1758510	57	1217515520	963661824	ft*51 ZMQbg/Reaper*3 ZMQbg/IO/0*3 
2026-09-25T17:26:42+04:00	ck5-whole-1m	4	1758661	1758526	1	12697600	5935104	python3*1 
2026-09-25T17:26:42+04:00	ck5-whole-1m	4	1758662	1758526	45	18996944896	1924907008	python3*36 pt_gloo_runloop*2 ZMQbg/Reaper*2 ZMQbg/IO/0*2 pt_tcpstore_uv*1 cuda0000240000a*1 
2026-09-25T17:26:42+04:00	ck5-whole-1m	4	1758663	1758526	57	889569280	644714496	python3*49 ZMQbg/Reaper*4 ZMQbg/IO/0*4 
2026-09-25T17:26:52+04:00	ck5-whole-1m	4	1758510	488	2	25034752	6045696	uv*1 main2*1 
2026-09-25T17:26:52+04:00	ck5-whole-1m	4	1758526	1758510	57	1217515520	963661824	ft*51 ZMQbg/Reaper*3 ZMQbg/IO/0*3 
2026-09-25T17:26:52+04:00	ck5-whole-1m	4	1758661	1758526	1	12697600	5935104	python3*1 
2026-09-25T17:26:52+04:00	ck5-whole-1m	4	1758662	1758526	45	18997121024	1925083136	python3*36 pt_gloo_runloop*2 ZMQbg/Reaper*2 ZMQbg/IO/0*2 pt_tcpstore_uv*1 cuda0000240000a*1 
2026-09-25T17:26:53+04:00	ck5-whole-1m	4	1758663	1758526	57	889569280	644714496	python3*49 ZMQbg/Reaper*4 ZMQbg/IO/0*4 
2026-09-25T17:27:04+04:00	ck5-whole-1m	4	1758510	488	2	25034752	6045696	uv*1 main2*1 
2026-09-25T17:27:04+04:00	ck5-whole-1m	4	1758526	1758510	57	1217515520	963661824	ft*51 ZMQbg/Reaper*3 ZMQbg/IO/0*3 
2026-09-25T17:27:04+04:00	ck5-whole-1m	4	1758661	1758526	1	12697600	5935104	python3*1 
2026-09-25T17:27:04+04:00	ck5-whole-1m	4	1758662	1758526	45	18997280768	1925242880	python3*36 pt_gloo_runloop*2 ZMQbg/Reaper*2 ZMQbg/IO/0*2 pt_tcpstore_uv*1 cuda0000240000a*1 
2026-09-25T17:27:04+04:00	ck5-whole-1m	4	1758663	1758526	57	889569280	644714496	python3*49 ZMQbg/Reaper*4 ZMQbg/IO/0*4 
2026-09-25T17:27:14+04:00	ck5-whole-1m	4	1758510	488	2	25034752	6045696	uv*1 main2*1 
2026-09-25T17:27:14+04:00	ck5-whole-1m	4	1758526	1758510	57	1217515520	963661824	ft*51 ZMQbg/Reaper*3 ZMQbg/IO/0*3 
2026-09-25T17:27:15+04:00	ck5-whole-1m	4	1758661	1758526	1	12697600	5935104	python3*1 
2026-09-25T17:27:15+04:00	ck5-whole-1m	4	1758662	1758526	45	18997428224	1925390336	python3*36 pt_gloo_runloop*2 ZMQbg/Reaper*2 ZMQbg/IO/0*2 pt_tcpstore_uv*1 cuda0000240000a*1 
2026-09-25T17:27:15+04:00	ck5-whole-1m	4	1758663	1758526	57	889569280	644714496	python3*49 ZMQbg/Reaper*4 ZMQbg/IO/0*4 
2026-09-25T17:27:25+04:00	ck5-whole-1m	4	1758510	488	2	25034752	6045696	uv*1 main2*1 
2026-09-25T17:27:25+04:00	ck5-whole-1m	4	1758526	1758510	57	1217515520	963661824	ft*51 ZMQbg/Reaper*3 ZMQbg/IO/0*3 
2026-09-25T17:27:25+04:00	ck5-whole-1m	4	1758661	1758526	1	12697600	5935104	python3*1 
2026-09-25T17:27:25+04:00	ck5-whole-1m	4	1758662	1758526	45	18997587968	1925550080	python3*36 pt_gloo_runloop*2 ZMQbg/Reaper*2 ZMQbg/IO/0*2 pt_tcpstore_uv*1 cuda0000240000a*1 
2026-09-25T17:27:25+04:00	ck5-whole-1m	4	1758663	1758526	57	889569280	644714496	python3*49 ZMQbg/Reaper*4 ZMQbg/IO/0*4 
2026-09-25T17:27:37+04:00	ck5-whole-1m	4	1758510	488	2	25034752	6045696	uv*1 main2*1 
2026-09-25T17:27:37+04:00	ck5-whole-1m	4	1758526	1758510	57	1217515520	963661824	ft*51 ZMQbg/Reaper*3 ZMQbg/IO/0*3 
2026-09-25T17:27:37+04:00	ck5-whole-1m	4	1758661	1758526	1	12697600	5935104	python3*1 
2026-09-25T17:27:37+04:00	ck5-whole-1m	4	1758662	1758526	45	18997735424	1925701632	python3*36 pt_gloo_runloop*2 ZMQbg/Reaper*2 ZMQbg/IO/0*2 pt_tcpstore_uv*1 cuda0000240000a*1 
2026-09-25T17:27:37+04:00	ck5-whole-1m	4	1758663	1758526	57	889569280	644714496	python3*49 ZMQbg/Reaper*4 ZMQbg/IO/0*4 
2026-09-25T17:27:47+04:00	ck5-whole-1m	4	1758510	488	2	25034752	6045696	uv*1 main2*1 
2026-09-25T17:27:47+04:00	ck5-whole-1m	4	1758526	1758510	57	1217515520	963661824	ft*51 ZMQbg/Reaper*3 ZMQbg/IO/0*3 
2026-09-25T17:27:47+04:00	ck5-whole-1m	4	1758661	1758526	1	12697600	5935104	python3*1 
2026-09-25T17:27:47+04:00	ck5-whole-1m	4	1758662	1758526	45	18997895168	1925857280	python3*36 pt_gloo_runloop*2 ZMQbg/Reaper*2 ZMQbg/IO/0*2 pt_tcpstore_uv*1 cuda0000240000a*1 
2026-09-25T17:27:47+04:00	ck5-whole-1m	4	1758663	1758526	57	889569280	644714496	python3*49 ZMQbg/Reaper*4 ZMQbg/IO/0*4 
2026-09-25T17:27:57+04:00	ck5-whole-1m	4	1758510	488	2	25034752	6045696	uv*1 main2*1 
2026-09-25T17:27:57+04:00	ck5-whole-1m	4	1758526	1758510	57	1217515520	963661824	ft*51 ZMQbg/Reaper*3 ZMQbg/IO/0*3 
2026-09-25T17:27:57+04:00	ck5-whole-1m	4	1758661	1758526	1	12697600	5935104	python3*1 
2026-09-25T17:27:57+04:00	ck5-whole-1m	4	1758662	1758526	45	18998046720	1926008832	python3*36 pt_gloo_runloop*2 ZMQbg/Reaper*2 ZMQbg/IO/0*2 pt_tcpstore_uv*1 cuda0000240000a*1 
2026-09-25T17:27:57+04:00	ck5-whole-1m	4	1758663	1758526	57	889569280	644714496	python3*49 ZMQbg/Reaper*4 ZMQbg/IO/0*4 
2026-09-25T17:28:07+04:00	ck5-whole-1m	4	1758510	488	2	25034752	6045696	uv*1 main2*1 
2026-09-25T17:28:07+04:00	ck5-whole-1m	4	1758526	1758510	57	1217515520	963661824	ft*51 ZMQbg/Reaper*3 ZMQbg/IO/0*3 
2026-09-25T17:28:07+04:00	ck5-whole-1m	4	1758661	1758526	1	12697600	5935104	python3*1 
2026-09-25T17:28:07+04:00	ck5-whole-1m	4	1758662	1758526	45	18998198272	1926160384	python3*36 pt_gloo_runloop*2 ZMQbg/Reaper*2 ZMQbg/IO/0*2 pt_tcpstore_uv*1 cuda0000240000a*1 
2026-09-25T17:28:08+04:00	ck5-whole-1m	4	1758663	1758526	57	889569280	644714496	python3*49 ZMQbg/Reaper*4 ZMQbg/IO/0*4 
2026-09-25T17:28:19+04:00	ck5-whole-1m	4	1758510	488	2	25034752	6045696	uv*1 main2*1 
2026-09-25T17:28:19+04:00	ck5-whole-1m	4	1758526	1758510	57	1217515520	963661824	ft*51 ZMQbg/Reaper*3 ZMQbg/IO/0*3 
2026-09-25T17:28:19+04:00	ck5-whole-1m	4	1758661	1758526	1	12697600	5935104	python3*1 
2026-09-25T17:28:19+04:00	ck5-whole-1m	4	1758662	1758526	45	18998358016	1926320128	python3*36 pt_gloo_runloop*2 ZMQbg/Reaper*2 ZMQbg/IO/0*2 pt_tcpstore_uv*1 cuda0000240000a*1 
2026-09-25T17:28:19+04:00	ck5-whole-1m	4	1758663	1758526	57	889569280	644714496	python3*49 ZMQbg/Reaper*4 ZMQbg/IO/0*4 
2026-09-25T17:28:30+04:00	ck5-whole-1m	4	1758510	488	2	25034752	6045696	uv*1 main2*1 
2026-09-25T17:28:30+04:00	ck5-whole-1m	4	1758526	1758510	57	1217515520	963661824	ft*51 ZMQbg/Reaper*3 ZMQbg/IO/0*3 
2026-09-25T17:28:30+04:00	ck5-whole-1m	4	1758661	1758526	1	12697600	5935104	python3*1 
2026-09-25T17:28:30+04:00	ck5-whole-1m	4	1758662	1758526	45	18998513664	1926492160	python3*36 pt_gloo_runloop*2 ZMQbg/Reaper*2 ZMQbg/IO/0*2 pt_tcpstore_uv*1 cuda0000240000a*1 
2026-09-25T17:28:30+04:00	ck5-whole-1m	4	1758663	1758526	57	889569280	644714496	python3*49 ZMQbg/Reaper*4 ZMQbg/IO/0*4 
2026-09-25T17:28:40+04:00	ck5-whole-1m	4	1758510	488	2	25034752	6045696	uv*1 main2*1 
2026-09-25T17:28:40+04:00	ck5-whole-1m	4	1758526	1758510	57	1217515520	963661824	ft*51 ZMQbg/Reaper*3 ZMQbg/IO/0*3 
2026-09-25T17:28:40+04:00	ck5-whole-1m	4	1758661	1758526	1	12697600	5935104	python3*1 
2026-09-25T17:28:40+04:00	ck5-whole-1m	4	1758662	1758526	45	18998677504	1926639616	python3*36 pt_gloo_runloop*2 ZMQbg/Reaper*2 ZMQbg/IO/0*2 pt_tcpstore_uv*1 cuda0000240000a*1 
2026-09-25T17:28:40+04:00	ck5-whole-1m	4	1758663	1758526	57	889569280	644714496	python3*49 ZMQbg/Reaper*4 ZMQbg/IO/0*4 
2026-09-25T17:28:52+04:00	ck5-whole-1m	4	1758510	488	2	25034752	6045696	uv*1 main2*1 
2026-09-25T17:28:52+04:00	ck5-whole-1m	4	1758526	1758510	57	1217515520	963661824	ft*51 ZMQbg/Reaper*3 ZMQbg/IO/0*3 
2026-09-25T17:28:52+04:00	ck5-whole-1m	4	1758661	1758526	1	12697600	5935104	python3*1 
2026-09-25T17:28:52+04:00	ck5-whole-1m	4	1758662	1758526	45	18998820864	1926782976	python3*36 pt_gloo_runloop*2 ZMQbg/Reaper*2 ZMQbg/IO/0*2 pt_tcpstore_uv*1 cuda0000240000a*1 
2026-09-25T17:28:52+04:00	ck5-whole-1m	4	1758663	1758526	57	889569280	644714496	python3*49 ZMQbg/Reaper*4 ZMQbg/IO/0*4 
2026-09-25T17:29:02+04:00	ck5-whole-1m	4	1758510	488	2	25034752	6045696	uv*1 main2*1 
2026-09-25T17:29:02+04:00	ck5-whole-1m	4	1758526	1758510	57	1217515520	963661824	ft*51 ZMQbg/Reaper*3 ZMQbg/IO/0*3 
2026-09-25T17:29:02+04:00	ck5-whole-1m	4	1758661	1758526	1	12697600	5935104	python3*1 
2026-09-25T17:29:02+04:00	ck5-whole-1m	4	1758662	1758526	45	18998968320	1926930432	python3*36 pt_gloo_runloop*2 ZMQbg/Reaper*2 ZMQbg/IO/0*2 pt_tcpstore_uv*1 cuda0000240000a*1 
2026-09-25T17:29:02+04:00	ck5-whole-1m	4	1758663	1758526	57	889569280	644714496	python3*49 ZMQbg/Reaper*4 ZMQbg/IO/0*4 
2026-09-25T17:29:12+04:00	ck5-whole-1m	4	1758510	488	2	25034752	6045696	uv*1 main2*1 
2026-09-25T17:29:12+04:00	ck5-whole-1m	4	1758526	1758510	57	1217515520	963661824	ft*51 ZMQbg/Reaper*3 ZMQbg/IO/0*3 
2026-09-25T17:29:12+04:00	ck5-whole-1m	4	1758661	1758526	1	12697600	5935104	python3*1 
2026-09-25T17:29:12+04:00	ck5-whole-1m	4	1758662	1758526	45	18999144448	1927106560	python3*36 pt_gloo_runloop*2 ZMQbg/Reaper*2 ZMQbg/IO/0*2 pt_tcpstore_uv*1 cuda0000240000a*1 
2026-09-25T17:29:12+04:00	ck5-whole-1m	4	1758663	1758526	57	889569280	644714496	python3*49 ZMQbg/Reaper*4 ZMQbg/IO/0*4 
2026-09-25T17:29:24+04:00	ck5-whole-1m	4	1758510	488	2	25034752	6045696	uv*1 main2*1 
2026-09-25T17:29:24+04:00	ck5-whole-1m	4	1758526	1758510	57	1217515520	963661824	ft*51 ZMQbg/Reaper*3 ZMQbg/IO/0*3 
2026-09-25T17:29:24+04:00	ck5-whole-1m	4	1758661	1758526	1	12697600	5935104	python3*1 
2026-09-25T17:29:24+04:00	ck5-whole-1m	4	1758662	1758526	45	18999296000	1927258112	python3*36 pt_gloo_runloop*2 ZMQbg/Reaper*2 ZMQbg/IO/0*2 pt_tcpstore_uv*1 cuda0000240000a*1 
2026-09-25T17:29:24+04:00	ck5-whole-1m	4	1758663	1758526	57	889569280	644714496	python3*49 ZMQbg/Reaper*4 ZMQbg/IO/0*4 
2026-09-25T17:29:34+04:00	ck5-whole-1m	4	1758510	488	2	25034752	6045696	uv*1 main2*1 
2026-09-25T17:29:34+04:00	ck5-whole-1m	4	1758526	1758510	57	1217515520	963661824	ft*51 ZMQbg/Reaper*3 ZMQbg/IO/0*3 
2026-09-25T17:29:34+04:00	ck5-whole-1m	4	1758661	1758526	1	12697600	5935104	python3*1 
2026-09-25T17:29:34+04:00	ck5-whole-1m	4	1758662	1758526	45	18999439360	1927401472	python3*36 pt_gloo_runloop*2 ZMQbg/Reaper*2 ZMQbg/IO/0*2 pt_tcpstore_uv*1 cuda0000240000a*1 
2026-09-25T17:29:35+04:00	ck5-whole-1m	4	1758663	1758526	57	889569280	644714496	python3*49 ZMQbg/Reaper*4 ZMQbg/IO/0*4 
2026-09-25T17:29:45+04:00	ck5-whole-1m	4	1758510	488	2	25034752	6045696	uv*1 main2*1 
2026-09-25T17:29:45+04:00	ck5-whole-1m	4	1758526	1758510	57	1217515520	963661824	ft*51 ZMQbg/Reaper*3 ZMQbg/IO/0*3 
2026-09-25T17:29:45+04:00	ck5-whole-1m	4	1758661	1758526	1	12697600	5935104	python3*1 
2026-09-25T17:29:45+04:00	ck5-whole-1m	4	1758662	1758526	45	18999590912	1927553024	python3*36 pt_gloo_runloop*2 ZMQbg/Reaper*2 ZMQbg/IO/0*2 pt_tcpstore_uv*1 cuda0000240000a*1 
2026-09-25T17:29:45+04:00	ck5-whole-1m	4	1758663	1758526	57	889569280	644714496	python3*49 ZMQbg/Reaper*4 ZMQbg/IO/0*4 
2026-09-25T17:29:57+04:00	ck5-whole-1m	4	1758510	488	2	25034752	6045696	uv*1 main2*1 
2026-09-25T17:29:57+04:00	ck5-whole-1m	4	1758526	1758510	57	1217515520	963661824	ft*51 ZMQbg/Reaper*3 ZMQbg/IO/0*3 
2026-09-25T17:29:57+04:00	ck5-whole-1m	4	1758661	1758526	1	12697600	5935104	python3*1 
2026-09-25T17:29:57+04:00	ck5-whole-1m	4	1758662	1758526	45	19000983552	1928945664	python3*36 pt_gloo_runloop*2 ZMQbg/Reaper*2 ZMQbg/IO/0*2 pt_tcpstore_uv*1 cuda0000240000a*1 
2026-09-25T17:29:57+04:00	ck5-whole-1m	4	1758663	1758526	57	889569280	644714496	python3*49 ZMQbg/Reaper*4 ZMQbg/IO/0*4 
2026-09-25T17:30:07+04:00	ck5-whole-1m	4	1758510	488	2	25034752	6045696	uv*1 main2*1 
2026-09-25T17:30:07+04:00	ck5-whole-1m	4	1758526	1758510	57	1217515520	963661824	ft*51 ZMQbg/Reaper*3 ZMQbg/IO/0*3 
2026-09-25T17:30:07+04:00	ck5-whole-1m	4	1758661	1758526	1	12697600	5935104	python3*1 
2026-09-25T17:30:07+04:00	ck5-whole-1m	4	1758662	1758526	45	19000991744	1928953856	python3*36 pt_gloo_runloop*2 ZMQbg/Reaper*2 ZMQbg/IO/0*2 pt_tcpstore_uv*1 cuda0000240000a*1 
2026-09-25T17:30:07+04:00	ck5-whole-1m	4	1758663	1758526	57	889569280	644714496	python3*49 ZMQbg/Reaper*4 ZMQbg/IO/0*4 
2026-09-25T17:30:17+04:00	ck5-whole-1m	4	1758510	488	2	25034752	6045696	uv*1 main2*1 
2026-09-25T17:30:17+04:00	ck5-whole-1m	4	1758526	1758510	57	1217515520	963661824	ft*51 ZMQbg/Reaper*3 ZMQbg/IO/0*3 
2026-09-25T17:30:17+04:00	ck5-whole-1m	4	1758661	1758526	1	12697600	5935104	python3*1 
2026-09-25T17:30:17+04:00	ck5-whole-1m	4	1758662	1758526	45	19000991744	1928953856	python3*36 pt_gloo_runloop*2 ZMQbg/Reaper*2 ZMQbg/IO/0*2 pt_tcpstore_uv*1 cuda0000240000a*1 
2026-09-25T17:30:17+04:00	ck5-whole-1m	4	1758663	1758526	57	889569280	644714496	python3*49 ZMQbg/Reaper*4 ZMQbg/IO/0*4 
2026-09-25T17:30:29+04:00	ck5-whole-1m	4	1758510	488	2	25034752	6045696	uv*1 main2*1 
2026-09-25T17:30:29+04:00	ck5-whole-1m	4	1758526	1758510	57	1217515520	963661824	ft*51 ZMQbg/Reaper*3 ZMQbg/IO/0*3 
2026-09-25T17:30:29+04:00	ck5-whole-1m	4	1758661	1758526	1	12697600	5935104	python3*1 
2026-09-25T17:30:29+04:00	ck5-whole-1m	4	1758662	1758526	45	19000991744	1928953856	python3*36 pt_gloo_runloop*2 ZMQbg/Reaper*2 ZMQbg/IO/0*2 pt_tcpstore_uv*1 cuda0000240000a*1 
2026-09-25T17:30:29+04:00	ck5-whole-1m	4	1758663	1758526	57	889569280	644714496	python3*49 ZMQbg/Reaper*4 ZMQbg/IO/0*4 
2026-09-25T17:30:39+04:00	ck5-whole-1m	4	1758510	488	2	25034752	6045696	uv*1 main2*1 
2026-09-25T17:30:39+04:00	ck5-whole-1m	4	1758526	1758510	57	1217515520	963661824	ft*51 ZMQbg/Reaper*3 ZMQbg/IO/0*3 
2026-09-25T17:30:39+04:00	ck5-whole-1m	4	1758661	1758526	1	12697600	5935104	python3*1 
2026-09-25T17:30:39+04:00	ck5-whole-1m	4	1758662	1758526	45	19000991744	1928953856	python3*36 pt_gloo_runloop*2 ZMQbg/Reaper*2 ZMQbg/IO/0*2 pt_tcpstore_uv*1 cuda0000240000a*1 
2026-09-25T17:30:39+04:00	ck5-whole-1m	4	1758663	1758526	57	889569280	644714496	python3*49 ZMQbg/Reaper*4 ZMQbg/IO/0*4 
2026-09-25T17:30:49+04:00	ck5-whole-1m	4	1758510	488	2	24813568	6045696	uv*1 main2*1 
2026-09-25T17:30:49+04:00	ck5-whole-1m	4	1758526	1758510	57	1197260800	963661824	ft*51 ZMQbg/Reaper*3 ZMQbg/IO/0*3 
2026-09-25T17:30:49+04:00	ck5-whole-1m	4	1758661	1758526	1	12697600	5935104	python3*1 
2026-09-25T17:30:50+04:00	ck5-whole-1m	4	1758662	1758526	45	18974298112	1928953856	python3*36 pt_gloo_runloop*2 ZMQbg/Reaper*2 ZMQbg/IO/0*2 pt_tcpstore_uv*1 cuda0000240000a*1 
2026-09-25T17:30:50+04:00	ck5-whole-1m	4	1758663	1758526	57	869580800	644714496	python3*49 ZMQbg/Reaper*4 ZMQbg/IO/0*4 
2026-09-25T17:31:01+04:00	ck5-whole-1m	4	1758510	488	2	24813568	6045696	uv*1 main2*1 
2026-09-25T17:31:01+04:00	ck5-whole-1m	4	1758526	1758510	57	1197260800	963661824	ft*51 ZMQbg/Reaper*3 ZMQbg/IO/0*3 
2026-09-25T17:31:01+04:00	ck5-whole-1m	4	1758661	1758526	1	12697600	5935104	python3*1 
2026-09-25T17:31:01+04:00	ck5-whole-1m	4	1758662	1758526	45	18974298112	1928953856	python3*36 pt_gloo_runloop*2 ZMQbg/Reaper*2 ZMQbg/IO/0*2 pt_tcpstore_uv*1 cuda0000240000a*1 
2026-09-25T17:31:02+04:00	ck5-whole-1m	4	1758663	1758526	57	869580800	644714496	python3*49 ZMQbg/Reaper*4 ZMQbg/IO/0*4 
2026-09-25T17:31:12+04:00	ck5-whole-1m	4	1758510	488	2	24813568	6045696	uv*1 main2*1 
2026-09-25T17:31:12+04:00	ck5-whole-1m	4	1758526	1758510	57	1197260800	963661824	ft*51 ZMQbg/Reaper*3 ZMQbg/IO/0*3 
2026-09-25T17:31:12+04:00	ck5-whole-1m	4	1758661	1758526	1	12697600	5935104	python3*1 
2026-09-25T17:31:12+04:00	ck5-whole-1m	4	1758662	1758526	45	18974298112	1928953856	python3*36 pt_gloo_runloop*2 ZMQbg/Reaper*2 ZMQbg/IO/0*2 pt_tcpstore_uv*1 cuda0000240000a*1 
2026-09-25T17:31:12+04:00	ck5-whole-1m	4	1758663	1758526	57	869580800	644714496	python3*49 ZMQbg/Reaper*4 ZMQbg/IO/0*4 
2026-09-25T17:31:22+04:00	ck5-whole-1m	4	1758510	488	2	24813568	6045696	uv*1 main2*1 
2026-09-25T17:31:22+04:00	ck5-whole-1m	4	1758526	1758510	57	1197260800	963661824	ft*51 ZMQbg/Reaper*3 ZMQbg/IO/0*3 
2026-09-25T17:31:22+04:00	ck5-whole-1m	4	1758661	1758526	1	12697600	5935104	python3*1 
2026-09-25T17:31:22+04:00	ck5-whole-1m	4	1758662	1758526	45	18974298112	1928953856	python3*36 pt_gloo_runloop*2 ZMQbg/Reaper*2 ZMQbg/IO/0*2 pt_tcpstore_uv*1 cuda0000240000a*1 
2026-09-25T17:31:22+04:00	ck5-whole-1m	4	1758663	1758526	57	869580800	644714496	python3*49 ZMQbg/Reaper*4 ZMQbg/IO/0*4 
2026-09-25T17:31:34+04:00	ck5-whole-1m	4	1758510	488	2	24813568	6045696	uv*1 main2*1 
2026-09-25T17:31:34+04:00	ck5-whole-1m	4	1758526	1758510	57	1197260800	963661824	ft*51 ZMQbg/Reaper*3 ZMQbg/IO/0*3 
2026-09-25T17:31:34+04:00	ck5-whole-1m	4	1758661	1758526	1	12697600	5935104	python3*1 
2026-09-25T17:31:34+04:00	ck5-whole-1m	4	1758662	1758526	45	18974310400	1928966144	python3*36 pt_gloo_runloop*2 ZMQbg/Reaper*2 ZMQbg/IO/0*2 pt_tcpstore_uv*1 cuda0000240000a*1 
2026-09-25T17:31:34+04:00	ck5-whole-1m	4	1758663	1758526	57	869580800	644714496	python3*49 ZMQbg/Reaper*4 ZMQbg/IO/0*4 
2026-09-25T17:31:44+04:00	ck5-whole-1m	4	1758510	488	2	24813568	6045696	uv*1 main2*1 
2026-09-25T17:31:44+04:00	ck5-whole-1m	4	1758526	1758510	57	1197260800	963661824	ft*51 ZMQbg/Reaper*3 ZMQbg/IO/0*3 
2026-09-25T17:31:44+04:00	ck5-whole-1m	4	1758661	1758526	1	12697600	5935104	python3*1 
2026-09-25T17:31:44+04:00	ck5-whole-1m	4	1758662	1758526	45	18974470144	1929125888	python3*36 pt_gloo_runloop*2 ZMQbg/Reaper*2 ZMQbg/IO/0*2 pt_tcpstore_uv*1 cuda0000240000a*1 
2026-09-25T17:31:44+04:00	ck5-whole-1m	4	1758663	1758526	57	869580800	644714496	python3*49 ZMQbg/Reaper*4 ZMQbg/IO/0*4 
2026-09-25T17:31:54+04:00	ck5-whole-1m	4	1758510	488	2	24813568	6045696	uv*1 main2*1 
2026-09-25T17:31:54+04:00	ck5-whole-1m	4	1758526	1758510	57	1197260800	963661824	ft*51 ZMQbg/Reaper*3 ZMQbg/IO/0*3 
2026-09-25T17:31:54+04:00	ck5-whole-1m	4	1758661	1758526	1	12697600	5935104	python3*1 
2026-09-25T17:31:54+04:00	ck5-whole-1m	4	1758662	1758526	45	18974621696	1929277440	python3*36 pt_gloo_runloop*2 ZMQbg/Reaper*2 ZMQbg/IO/0*2 pt_tcpstore_uv*1 cuda0000240000a*1 
2026-09-25T17:31:55+04:00	ck5-whole-1m	4	1758663	1758526	57	869580800	644714496	python3*49 ZMQbg/Reaper*4 ZMQbg/IO/0*4 
2026-09-25T17:32:05+04:00	ck5-whole-1m	4	1758510	488	2	24813568	6045696	uv*1 main2*1 
2026-09-25T17:32:05+04:00	ck5-whole-1m	4	1758526	1758510	57	1197260800	963661824	ft*51 ZMQbg/Reaper*3 ZMQbg/IO/0*3 
2026-09-25T17:32:05+04:00	ck5-whole-1m	4	1758661	1758526	1	12697600	5935104	python3*1 
2026-09-25T17:32:05+04:00	ck5-whole-1m	4	1758662	1758526	45	18974777344	1929433088	python3*36 pt_gloo_runloop*2 ZMQbg/Reaper*2 ZMQbg/IO/0*2 pt_tcpstore_uv*1 cuda0000240000a*1 
2026-09-25T17:32:05+04:00	ck5-whole-1m	4	1758663	1758526	57	869580800	644714496	python3*49 ZMQbg/Reaper*4 ZMQbg/IO/0*4 
2026-09-25T17:32:17+04:00	ck5-whole-1m	4	1758510	488	2	24813568	6045696	uv*1 main2*1 
2026-09-25T17:32:17+04:00	ck5-whole-1m	4	1758526	1758510	57	1197260800	963661824	ft*51 ZMQbg/Reaper*3 ZMQbg/IO/0*3 
2026-09-25T17:32:17+04:00	ck5-whole-1m	4	1758661	1758526	1	12697600	5935104	python3*1 
2026-09-25T17:32:17+04:00	ck5-whole-1m	4	1758662	1758526	45	18974932992	1929588736	python3*36 pt_gloo_runloop*2 ZMQbg/Reaper*2 ZMQbg/IO/0*2 pt_tcpstore_uv*1 cuda0000240000a*1 
2026-09-25T17:32:17+04:00	ck5-whole-1m	4	1758663	1758526	57	869580800	644714496	python3*49 ZMQbg/Reaper*4 ZMQbg/IO/0*4 
2026-09-25T17:32:27+04:00	ck5-whole-1m	4	1758510	488	2	24813568	6045696	uv*1 main2*1 
2026-09-25T17:32:27+04:00	ck5-whole-1m	4	1758526	1758510	57	1197260800	963661824	ft*51 ZMQbg/Reaper*3 ZMQbg/IO/0*3 
2026-09-25T17:32:27+04:00	ck5-whole-1m	4	1758661	1758526	1	12697600	5935104	python3*1 
2026-09-25T17:32:27+04:00	ck5-whole-1m	4	1758662	1758526	45	18975109120	1929764864	python3*36 pt_gloo_runloop*2 ZMQbg/Reaper*2 ZMQbg/IO/0*2 pt_tcpstore_uv*1 cuda0000240000a*1 
2026-09-25T17:32:27+04:00	ck5-whole-1m	4	1758663	1758526	57	869580800	644714496	python3*49 ZMQbg/Reaper*4 ZMQbg/IO/0*4 
2026-09-25T17:32:37+04:00	ck5-whole-1m	4	1758510	488	2	24813568	6045696	uv*1 main2*1 
2026-09-25T17:32:37+04:00	ck5-whole-1m	4	1758526	1758510	57	1197260800	963661824	ft*51 ZMQbg/Reaper*3 ZMQbg/IO/0*3 
2026-09-25T17:32:37+04:00	ck5-whole-1m	4	1758661	1758526	1	12697600	5935104	python3*1 
2026-09-25T17:32:37+04:00	ck5-whole-1m	4	1758662	1758526	45	18975260672	1929924608	python3*36 pt_gloo_runloop*2 ZMQbg/Reaper*2 ZMQbg/IO/0*2 pt_tcpstore_uv*1 cuda0000240000a*1 
2026-09-25T17:32:37+04:00	ck5-whole-1m	4	1758663	1758526	57	869580800	644714496	python3*49 ZMQbg/Reaper*4 ZMQbg/IO/0*4 
2026-09-25T17:32:49+04:00	ck5-whole-1m	4	1758510	488	2	24813568	6045696	uv*1 main2*1 
2026-09-25T17:32:49+04:00	ck5-whole-1m	4	1758526	1758510	57	1197260800	963661824	ft*51 ZMQbg/Reaper*3 ZMQbg/IO/0*3 
2026-09-25T17:32:49+04:00	ck5-whole-1m	4	1758661	1758526	1	12697600	5935104	python3*1 
2026-09-25T17:32:49+04:00	ck5-whole-1m	4	1758662	1758526	45	18975432704	1930088448	python3*36 pt_gloo_runloop*2 ZMQbg/Reaper*2 ZMQbg/IO/0*2 pt_tcpstore_uv*1 cuda0000240000a*1 
2026-09-25T17:32:49+04:00	ck5-whole-1m	4	1758663	1758526	57	869580800	644714496	python3*49 ZMQbg/Reaper*4 ZMQbg/IO/0*4 
2026-09-25T17:32:59+04:00	ck5-whole-1m	4	1758510	488	2	24813568	6045696	uv*1 main2*1 
2026-09-25T17:32:59+04:00	ck5-whole-1m	4	1758526	1758510	57	1197260800	963661824	ft*51 ZMQbg/Reaper*3 ZMQbg/IO/0*3 
2026-09-25T17:32:59+04:00	ck5-whole-1m	4	1758661	1758526	1	12697600	5935104	python3*1 
2026-09-25T17:32:59+04:00	ck5-whole-1m	4	1758662	1758526	45	18975584256	1930244096	python3*36 pt_gloo_runloop*2 ZMQbg/Reaper*2 ZMQbg/IO/0*2 pt_tcpstore_uv*1 cuda0000240000a*1 
2026-09-25T17:33:00+04:00	ck5-whole-1m	4	1758663	1758526	57	869580800	644714496	python3*49 ZMQbg/Reaper*4 ZMQbg/IO/0*4 
2026-09-25T17:33:10+04:00	ck5-whole-1m	4	1758510	488	2	24813568	6045696	uv*1 main2*1 
2026-09-25T17:33:10+04:00	ck5-whole-1m	4	1758526	1758510	57	1197260800	963661824	ft*51 ZMQbg/Reaper*3 ZMQbg/IO/0*3 
2026-09-25T17:33:10+04:00	ck5-whole-1m	4	1758661	1758526	1	12697600	5935104	python3*1 
2026-09-25T17:33:10+04:00	ck5-whole-1m	4	1758662	1758526	45	18975739904	1930395648	python3*36 pt_gloo_runloop*2 ZMQbg/Reaper*2 ZMQbg/IO/0*2 pt_tcpstore_uv*1 cuda0000240000a*1 
2026-09-25T17:33:10+04:00	ck5-whole-1m	4	1758663	1758526	57	869580800	644714496	python3*49 ZMQbg/Reaper*4 ZMQbg/IO/0*4 
2026-09-25T17:33:22+04:00	ck5-whole-1m	4	1758510	488	2	24813568	6045696	uv*1 main2*1 
2026-09-25T17:33:22+04:00	ck5-whole-1m	4	1758526	1758510	57	1197260800	963661824	ft*51 ZMQbg/Reaper*3 ZMQbg/IO/0*3 
2026-09-25T17:33:22+04:00	ck5-whole-1m	4	1758661	1758526	1	12697600	5935104	python3*1 
2026-09-25T17:33:22+04:00	ck5-whole-1m	4	1758662	1758526	45	18975911936	1930571776	python3*36 pt_gloo_runloop*2 ZMQbg/Reaper*2 ZMQbg/IO/0*2 pt_tcpstore_uv*1 cuda0000240000a*1 
2026-09-25T17:33:22+04:00	ck5-whole-1m	4	1758663	1758526	57	869580800	644714496	python3*49 ZMQbg/Reaper*4 ZMQbg/IO/0*4 
2026-09-25T17:33:32+04:00	ck5-whole-1m	4	1758510	488	2	24813568	6045696	uv*1 main2*1 
2026-09-25T17:33:32+04:00	ck5-whole-1m	4	1758526	1758510	57	1197260800	963661824	ft*51 ZMQbg/Reaper*3 ZMQbg/IO/0*3 
2026-09-25T17:33:32+04:00	ck5-whole-1m	4	1758661	1758526	1	12697600	5935104	python3*1 
2026-09-25T17:33:32+04:00	ck5-whole-1m	4	1758662	1758526	45	18976067584	1930723328	python3*36 pt_gloo_runloop*2 ZMQbg/Reaper*2 ZMQbg/IO/0*2 pt_tcpstore_uv*1 cuda0000240000a*1 
2026-09-25T17:33:32+04:00	ck5-whole-1m	4	1758663	1758526	57	869580800	644714496	python3*49 ZMQbg/Reaper*4 ZMQbg/IO/0*4 
2026-09-25T17:33:42+04:00	ck5-whole-1m	4	1758510	488	2	24813568	6045696	uv*1 main2*1 
2026-09-25T17:33:42+04:00	ck5-whole-1m	4	1758526	1758510	57	1197260800	963661824	ft*51 ZMQbg/Reaper*3 ZMQbg/IO/0*3 
2026-09-25T17:33:42+04:00	ck5-whole-1m	4	1758661	1758526	1	12697600	5935104	python3*1 
2026-09-25T17:33:42+04:00	ck5-whole-1m	4	1758662	1758526	45	18976227328	1930883072	python3*36 pt_gloo_runloop*2 ZMQbg/Reaper*2 ZMQbg/IO/0*2 pt_tcpstore_uv*1 cuda0000240000a*1 
2026-09-25T17:33:42+04:00	ck5-whole-1m	4	1758663	1758526	57	869580800	644714496	python3*49 ZMQbg/Reaper*4 ZMQbg/IO/0*4 
2026-09-25T17:33:54+04:00	ck5-whole-1m	4	1758510	488	2	24813568	6045696	uv*1 main2*1 
2026-09-25T17:33:54+04:00	ck5-whole-1m	4	1758526	1758510	57	1197260800	963661824	ft*51 ZMQbg/Reaper*3 ZMQbg/IO/0*3 
2026-09-25T17:33:54+04:00	ck5-whole-1m	4	1758661	1758526	1	12697600	5935104	python3*1 
2026-09-25T17:33:54+04:00	ck5-whole-1m	4	1758662	1758526	45	18976378880	1931034624	python3*36 pt_gloo_runloop*2 ZMQbg/Reaper*2 ZMQbg/IO/0*2 pt_tcpstore_uv*1 cuda0000240000a*1 
2026-09-25T17:33:54+04:00	ck5-whole-1m	4	1758663	1758526	57	869580800	644714496	python3*49 ZMQbg/Reaper*4 ZMQbg/IO/0*4 
2026-09-25T17:34:04+04:00	ck5-whole-1m	4	1758510	488	2	24813568	6045696	uv*1 main2*1 
2026-09-25T17:34:04+04:00	ck5-whole-1m	4	1758526	1758510	57	1197260800	963661824	ft*51 ZMQbg/Reaper*3 ZMQbg/IO/0*3 
2026-09-25T17:34:05+04:00	ck5-whole-1m	4	1758661	1758526	1	12697600	5935104	python3*1 
2026-09-25T17:34:05+04:00	ck5-whole-1m	4	1758662	1758526	45	18976534528	1931190272	python3*36 pt_gloo_runloop*2 ZMQbg/Reaper*2 ZMQbg/IO/0*2 pt_tcpstore_uv*1 cuda0000240000a*1 
2026-09-25T17:34:05+04:00	ck5-whole-1m	4	1758663	1758526	57	869580800	644714496	python3*49 ZMQbg/Reaper*4 ZMQbg/IO/0*4 
2026-09-25T17:34:15+04:00	ck5-whole-1m	4	1758510	488	2	24813568	6045696	uv*1 main2*1 
2026-09-25T17:34:15+04:00	ck5-whole-1m	4	1758526	1758510	57	1197260800	963661824	ft*51 ZMQbg/Reaper*3 ZMQbg/IO/0*3 
2026-09-25T17:34:15+04:00	ck5-whole-1m	4	1758661	1758526	1	12697600	5935104	python3*1 
2026-09-25T17:34:15+04:00	ck5-whole-1m	4	1758662	1758526	45	18976681984	1931337728	python3*36 pt_gloo_runloop*2 ZMQbg/Reaper*2 ZMQbg/IO/0*2 pt_tcpstore_uv*1 cuda0000240000a*1 
2026-09-25T17:34:15+04:00	ck5-whole-1m	4	1758663	1758526	57	869580800	644714496	python3*49 ZMQbg/Reaper*4 ZMQbg/IO/0*4 
2026-09-25T17:34:27+04:00	ck5-whole-1m	4	1758510	488	2	24813568	6045696	uv*1 main2*1 
2026-09-25T17:34:27+04:00	ck5-whole-1m	4	1758526	1758510	57	1197260800	963661824	ft*51 ZMQbg/Reaper*3 ZMQbg/IO/0*3 
2026-09-25T17:34:27+04:00	ck5-whole-1m	4	1758661	1758526	1	12697600	5935104	python3*1 
2026-09-25T17:34:27+04:00	ck5-whole-1m	4	1758662	1758526	45	18976862208	1931517952	python3*36 pt_gloo_runloop*2 ZMQbg/Reaper*2 ZMQbg/IO/0*2 pt_tcpstore_uv*1 cuda0000240000a*1 
2026-09-25T17:34:27+04:00	ck5-whole-1m	4	1758663	1758526	57	869580800	644714496	python3*49 ZMQbg/Reaper*4 ZMQbg/IO/0*4 
2026-09-25T17:34:37+04:00	ck5-whole-1m	4	1758510	488	2	24813568	6045696	uv*1 main2*1 
2026-09-25T17:34:37+04:00	ck5-whole-1m	4	1758526	1758510	57	1197260800	963661824	ft*51 ZMQbg/Reaper*3 ZMQbg/IO/0*3 
2026-09-25T17:34:37+04:00	ck5-whole-1m	4	1758661	1758526	1	12697600	5935104	python3*1 
2026-09-25T17:34:37+04:00	ck5-whole-1m	4	1758662	1758526	45	18977009664	1931665408	python3*36 pt_gloo_runloop*2 ZMQbg/Reaper*2 ZMQbg/IO/0*2 pt_tcpstore_uv*1 cuda0000240000a*1 
2026-09-25T17:34:37+04:00	ck5-whole-1m	4	1758663	1758526	57	869580800	644714496	python3*49 ZMQbg/Reaper*4 ZMQbg/IO/0*4 
2026-09-25T17:34:47+04:00	ck5-whole-1m	4	1758510	488	2	24813568	6045696	uv*1 main2*1 
2026-09-25T17:34:47+04:00	ck5-whole-1m	4	1758526	1758510	57	1197260800	963661824	ft*51 ZMQbg/Reaper*3 ZMQbg/IO/0*3 
2026-09-25T17:34:47+04:00	ck5-whole-1m	4	1758661	1758526	1	12697600	5935104	python3*1 
2026-09-25T17:34:47+04:00	ck5-whole-1m	4	1758662	1758526	45	18977165312	1931821056	python3*36 pt_gloo_runloop*2 ZMQbg/Reaper*2 ZMQbg/IO/0*2 pt_tcpstore_uv*1 cuda0000240000a*1 
2026-09-25T17:34:47+04:00	ck5-whole-1m	4	1758663	1758526	57	869580800	644714496	python3*49 ZMQbg/Reaper*4 ZMQbg/IO/0*4 
2026-09-25T17:34:59+04:00	ck5-whole-1m	4	1758510	488	2	24813568	6045696	uv*1 main2*1 
2026-09-25T17:34:59+04:00	ck5-whole-1m	4	1758526	1758510	57	1197260800	963661824	ft*51 ZMQbg/Reaper*3 ZMQbg/IO/0*3 
2026-09-25T17:34:59+04:00	ck5-whole-1m	4	1758661	1758526	1	12697600	5935104	python3*1 
2026-09-25T17:34:59+04:00	ck5-whole-1m	4	1758662	1758526	45	18977329152	1931984896	python3*36 pt_gloo_runloop*2 ZMQbg/Reaper*2 ZMQbg/IO/0*2 pt_tcpstore_uv*1 cuda0000240000a*1 
2026-09-25T17:34:59+04:00	ck5-whole-1m	4	1758663	1758526	57	869580800	644714496	python3*49 ZMQbg/Reaper*4 ZMQbg/IO/0*4 
2026-09-25T17:35:09+04:00	ck5-whole-1m	4	1758510	488	2	24813568	6045696	uv*1 main2*1 
2026-09-25T17:35:09+04:00	ck5-whole-1m	4	1758526	1758510	57	1197260800	963661824	ft*51 ZMQbg/Reaper*3 ZMQbg/IO/0*3 
2026-09-25T17:35:09+04:00	ck5-whole-1m	4	1758661	1758526	1	12697600	5935104	python3*1 
2026-09-25T17:35:09+04:00	ck5-whole-1m	4	1758662	1758526	45	18977476608	1932132352	python3*36 pt_gloo_runloop*2 ZMQbg/Reaper*2 ZMQbg/IO/0*2 pt_tcpstore_uv*1 cuda0000240000a*1 
2026-09-25T17:35:10+04:00	ck5-whole-1m	4	1758663	1758526	57	869580800	644714496	python3*49 ZMQbg/Reaper*4 ZMQbg/IO/0*4 
2026-09-25T17:35:20+04:00	ck5-whole-1m	4	1758510	488	2	24813568	6045696	uv*1 main2*1 
2026-09-25T17:35:20+04:00	ck5-whole-1m	4	1758526	1758510	57	1197260800	963661824	ft*51 ZMQbg/Reaper*3 ZMQbg/IO/0*3 
2026-09-25T17:35:20+04:00	ck5-whole-1m	4	1758661	1758526	1	12697600	5935104	python3*1 
2026-09-25T17:35:20+04:00	ck5-whole-1m	4	1758662	1758526	45	18977628160	1932292096	python3*36 pt_gloo_runloop*2 ZMQbg/Reaper*2 ZMQbg/IO/0*2 pt_tcpstore_uv*1 cuda0000240000a*1 
2026-09-25T17:35:20+04:00	ck5-whole-1m	4	1758663	1758526	57	869580800	644714496	python3*49 ZMQbg/Reaper*4 ZMQbg/IO/0*4 
2026-09-25T17:35:32+04:00	ck5-whole-1m	4	1758510	488	2	24813568	6045696	uv*1 main2*1 
2026-09-25T17:35:32+04:00	ck5-whole-1m	4	1758526	1758510	57	1197260800	963661824	ft*51 ZMQbg/Reaper*3 ZMQbg/IO/0*3 
2026-09-25T17:35:32+04:00	ck5-whole-1m	4	1758661	1758526	1	12697600	5935104	python3*1 
2026-09-25T17:35:32+04:00	ck5-whole-1m	4	1758662	1758526	45	18977771520	1932427264	python3*36 pt_gloo_runloop*2 ZMQbg/Reaper*2 ZMQbg/IO/0*2 pt_tcpstore_uv*1 cuda0000240000a*1 
2026-09-25T17:35:32+04:00	ck5-whole-1m	4	1758663	1758526	57	869580800	644714496	python3*49 ZMQbg/Reaper*4 ZMQbg/IO/0*4 
2026-09-25T17:35:42+04:00	ck5-whole-1m	4	1758510	488	2	24760320	6045696	uv*1 main2*1 
2026-09-25T17:35:42+04:00	ck5-whole-1m	4	1758526	1758510	57	1183760384	963661824	ft*51 ZMQbg/Reaper*3 ZMQbg/IO/0*3 
2026-09-25T17:35:42+04:00	ck5-whole-1m	4	1758661	1758526	1	12697600	5935104	python3*1 
2026-09-25T17:35:42+04:00	ck5-whole-1m	4	1758662	1758526	45	18952560640	1932582912	python3*36 pt_gloo_runloop*2 ZMQbg/Reaper*2 ZMQbg/IO/0*2 pt_tcpstore_uv*1 cuda0000240000a*1 
2026-09-25T17:35:42+04:00	ck5-whole-1m	4	1758663	1758526	57	851746816	644714496	python3*49 ZMQbg/Reaper*4 ZMQbg/IO/0*4 
2026-09-25T17:35:52+04:00	ck5-whole-1m	4	1758510	488	2	24743936	6045696	uv*1 main2*1 
2026-09-25T17:35:52+04:00	ck5-whole-1m	4	1758526	1758510	57	1179295744	963661824	ft*51 ZMQbg/Reaper*3 ZMQbg/IO/0*3 
2026-09-25T17:35:52+04:00	ck5-whole-1m	4	1758661	1758526	1	12697600	5935104	python3*1 
2026-09-25T17:35:52+04:00	ck5-whole-1m	4	1758662	1758526	45	18952589312	1932742656	python3*36 pt_gloo_runloop*2 ZMQbg/Reaper*2 ZMQbg/IO/0*2 pt_tcpstore_uv*1 cuda0000240000a*1 
2026-09-25T17:35:52+04:00	ck5-whole-1m	4	1758663	1758526	57	851746816	644714496	python3*49 ZMQbg/Reaper*4 ZMQbg/IO/0*4 
2026-09-25T17:36:02+04:00	ck5-whole-1m	4	1758510	488	2	23949312	6045696	uv*1 main2*1 
2026-09-25T17:36:02+04:00	ck5-whole-1m	4	1758526	1758510	57	1159618560	963661824	ft*51 ZMQbg/Reaper*3 ZMQbg/IO/0*3 
2026-09-25T17:36:02+04:00	ck5-whole-1m	4	1758661	1758526	1	12697600	5935104	python3*1 
2026-09-25T17:36:03+04:00	ck5-whole-1m	4	1758662	1758526	45	18908082176	1934098432	python3*36 pt_gloo_runloop*2 ZMQbg/Reaper*2 ZMQbg/IO/0*2 pt_tcpstore_uv*1 cuda0000240000a*1 
2026-09-25T17:36:03+04:00	ck5-whole-1m	4	1758663	1758526	57	832675840	644714496	python3*49 ZMQbg/Reaper*4 ZMQbg/IO/0*4 
2026-09-25T17:36:14+04:00	ck5-whole-1m	4	1758510	488	2	23949312	6045696	uv*1 main2*1 
2026-09-25T17:36:15+04:00	ck5-whole-1m	4	1758526	1758510	57	1159618560	963661824	ft*51 ZMQbg/Reaper*3 ZMQbg/IO/0*3 
2026-09-25T17:36:15+04:00	ck5-whole-1m	4	1758661	1758526	1	12697600	5935104	python3*1 
2026-09-25T17:36:15+04:00	ck5-whole-1m	4	1758662	1758526	45	18908094464	1934110720	python3*36 pt_gloo_runloop*2 ZMQbg/Reaper*2 ZMQbg/IO/0*2 pt_tcpstore_uv*1 cuda0000240000a*1 
2026-09-25T17:36:15+04:00	ck5-whole-1m	4	1758663	1758526	57	832675840	644714496	python3*49 ZMQbg/Reaper*4 ZMQbg/IO/0*4 
2026-09-25T17:36:25+04:00	ck5-whole-1m	4	1758510	488	2	23949312	6045696	uv*1 main2*1 
2026-09-25T17:36:25+04:00	ck5-whole-1m	4	1758526	1758510	57	1169203200	973246464	ft*51 ZMQbg/Reaper*3 ZMQbg/IO/0*3 
2026-09-25T17:36:25+04:00	ck5-whole-1m	4	1758661	1758526	1	12697600	5935104	python3*1 
2026-09-25T17:36:25+04:00	ck5-whole-1m	4	1758662	1758526	45	18908094464	1934110720	python3*36 pt_gloo_runloop*2 ZMQbg/Reaper*2 ZMQbg/IO/0*2 pt_tcpstore_uv*1 cuda0000240000a*1 
2026-09-25T17:36:25+04:00	ck5-whole-1m	4	1758663	1758526	57	879955968	691994624	python3*49 ZMQbg/Reaper*4 ZMQbg/IO/0*4 
2026-09-25T17:36:35+04:00	ck5-whole-1m	4	1758510	488	2	23949312	6045696	uv*1 main2*1 
2026-09-25T17:36:35+04:00	ck5-whole-1m	4	1758526	1758510	57	1169203200	973246464	ft*51 ZMQbg/Reaper*3 ZMQbg/IO/0*3 
2026-09-25T17:36:35+04:00	ck5-whole-1m	4	1758661	1758526	1	12697600	5935104	python3*1 
2026-09-25T17:36:35+04:00	ck5-whole-1m	4	1758662	1758526	45	18908094464	1934110720	python3*36 pt_gloo_runloop*2 ZMQbg/Reaper*2 ZMQbg/IO/0*2 pt_tcpstore_uv*1 cuda0000240000a*1 
2026-09-25T17:36:35+04:00	ck5-whole-1m	4	1758663	1758526	57	879955968	691994624	python3*49 ZMQbg/Reaper*4 ZMQbg/IO/0*4 
2026-09-25T17:36:47+04:00	ck5-whole-1m	4	1758510	488	2	23949312	6045696	uv*1 main2*1 
2026-09-25T17:36:47+04:00	ck5-whole-1m	4	1758526	1758510	57	1169203200	973246464	ft*51 ZMQbg/Reaper*3 ZMQbg/IO/0*3 
2026-09-25T17:36:47+04:00	ck5-whole-1m	4	1758661	1758526	1	12697600	5935104	python3*1 
2026-09-25T17:36:47+04:00	ck5-whole-1m	4	1758662	1758526	45	18908094464	1934110720	python3*36 pt_gloo_runloop*2 ZMQbg/Reaper*2 ZMQbg/IO/0*2 pt_tcpstore_uv*1 cuda0000240000a*1 
2026-09-25T17:36:47+04:00	ck5-whole-1m	4	1758663	1758526	57	879955968	691994624	python3*49 ZMQbg/Reaper*4 ZMQbg/IO/0*4 
2026-09-25T17:36:57+04:00	ck5-whole-1m	4	1758510	488	2	23949312	6045696	uv*1 main2*1 
2026-09-25T17:36:57+04:00	ck5-whole-1m	4	1758526	1758510	57	1169203200	973246464	ft*51 ZMQbg/Reaper*3 ZMQbg/IO/0*3 
2026-09-25T17:36:57+04:00	ck5-whole-1m	4	1758661	1758526	1	12697600	5935104	python3*1 
2026-09-25T17:36:57+04:00	ck5-whole-1m	4	1758662	1758526	45	18908094464	1934110720	python3*36 pt_gloo_runloop*2 ZMQbg/Reaper*2 ZMQbg/IO/0*2 pt_tcpstore_uv*1 cuda0000240000a*1 
2026-09-25T17:36:58+04:00	ck5-whole-1m	4	1758663	1758526	57	879955968	691994624	python3*49 ZMQbg/Reaper*4 ZMQbg/IO/0*4 
2026-09-25T17:37:08+04:00	ck5-whole-1m	4	1758510	488	2	23949312	6045696	uv*1 main2*1 
2026-09-25T17:37:08+04:00	ck5-whole-1m	4	1758526	1758510	59	1199280128	994459648	ft*52 ZMQbg/Reaper*3 ZMQbg/IO/0*3 cuda0000a40002a*1 
2026-09-25T17:37:08+04:00	ck5-whole-1m	4	1758661	1758526	1	12697600	5935104	python3*1 
2026-09-25T17:37:08+04:00	ck5-whole-1m	4	1758662	1758526	45	18908094464	1934110720	python3*36 pt_gloo_runloop*2 ZMQbg/Reaper*2 ZMQbg/IO/0*2 pt_tcpstore_uv*1 cuda0000240000a*1 
2026-09-25T17:37:08+04:00	ck5-whole-1m	4	1758663	1758526	57	879955968	691994624	python3*49 ZMQbg/Reaper*4 ZMQbg/IO/0*4 
2026-09-25T17:50:41+04:00	ck5-mirror-1m	0	2048076	488	3	25346048	6021120	uv*1 tokio-rt-worker*1 main2*1 
2026-09-25T17:50:41+04:00	ck5-mirror-1m	0	2048092	2048076	16	640208896	368435200	ft*16 
2026-09-25T17:50:51+04:00	ck5-mirror-1m	0	2048076	488	2	25477120	6021120	uv*1 main2*1 
2026-09-25T17:50:51+04:00	ck5-mirror-1m	0	2048092	2048076	22	709136384	431620096	ft*18 ZMQbg/Reaper*2 ZMQbg/IO/0*2 
2026-09-25T17:50:51+04:00	ck5-mirror-1m	0	2048370	2048092	1	12763136	5939200	python3*1 
2026-09-25T17:50:51+04:00	ck5-mirror-1m	0	2048371	2048092	25	12944199680	11064877056	python3*20 pt_gloo_runloop*2 pt_tcpstore_uv*1 cuda0000240000a*1 cuda-EvtHandlr*1 
2026-09-25T17:50:51+04:00	ck5-mirror-1m	0	2048372	2048092	23	903647232	629719040	python3*17 ZMQbg/Reaper*3 ZMQbg/IO/0*3 
2026-09-25T17:51:01+04:00	ck5-mirror-1m	0	2048076	488	2	25477120	6021120	uv*1 main2*1 
2026-09-25T17:51:01+04:00	ck5-mirror-1m	0	2048092	2048076	22	709136384	431620096	ft*18 ZMQbg/Reaper*2 ZMQbg/IO/0*2 
2026-09-25T17:51:01+04:00	ck5-mirror-1m	0	2048370	2048092	1	12763136	5939200	python3*1 
2026-09-25T17:51:01+04:00	ck5-mirror-1m	0	2048371	2048092	26	13045612544	11155955712	python3*21 pt_gloo_runloop*2 pt_tcpstore_uv*1 cuda0000240000a*1 cuda-EvtHandlr*1 
2026-09-25T17:51:01+04:00	ck5-mirror-1m	0	2048372	2048092	23	903647232	629719040	python3*17 ZMQbg/Reaper*3 ZMQbg/IO/0*3 
2026-09-25T17:51:13+04:00	ck5-mirror-1m	0	2048076	488	2	25477120	6021120	uv*1 main2*1 
2026-09-25T17:51:13+04:00	ck5-mirror-1m	0	2048092	2048076	22	709136384	431620096	ft*18 ZMQbg/Reaper*2 ZMQbg/IO/0*2 
2026-09-25T17:51:13+04:00	ck5-mirror-1m	0	2048370	2048092	1	12763136	5939200	python3*1 
2026-09-25T17:51:13+04:00	ck5-mirror-1m	0	2048371	2048092	26	12394016768	11797438464	python3*21 pt_gloo_runloop*2 pt_tcpstore_uv*1 cuda0000240000a*1 cuda-EvtHandlr*1 
2026-09-25T17:51:13+04:00	ck5-mirror-1m	0	2048372	2048092	23	903647232	629719040	python3*17 ZMQbg/Reaper*3 ZMQbg/IO/0*3 
2026-09-25T17:51:23+04:00	ck5-mirror-1m	0	2048076	488	2	25477120	6021120	uv*1 main2*1 
2026-09-25T17:51:23+04:00	ck5-mirror-1m	0	2048092	2048076	22	709136384	431620096	ft*18 ZMQbg/Reaper*2 ZMQbg/IO/0*2 
2026-09-25T17:51:23+04:00	ck5-mirror-1m	0	2048370	2048092	1	12763136	5939200	python3*1 
2026-09-25T17:51:23+04:00	ck5-mirror-1m	0	2048371	2048092	26	12565069824	11962867712	python3*21 pt_gloo_runloop*2 pt_tcpstore_uv*1 cuda0000240000a*1 cuda-EvtHandlr*1 
2026-09-25T17:51:24+04:00	ck5-mirror-1m	0	2048372	2048092	23	903647232	629719040	python3*17 ZMQbg/Reaper*3 ZMQbg/IO/0*3 
2026-09-25T17:51:34+04:00	ck5-mirror-1m	0	2048076	488	2	25477120	6021120	uv*1 main2*1 
2026-09-25T17:51:34+04:00	ck5-mirror-1m	0	2048092	2048076	22	709197824	431636480	ft*18 ZMQbg/Reaper*2 ZMQbg/IO/0*2 
2026-09-25T17:51:34+04:00	ck5-mirror-1m	0	2048370	2048092	1	12763136	5939200	python3*1 
2026-09-25T17:51:34+04:00	ck5-mirror-1m	0	2048371	2048092	30	12920135680	12311420928	python3*21 pt_gloo_runloop*2 ZMQbg/Reaper*2 ZMQbg/IO/0*2 pt_tcpstore_uv*1 cuda0000240000a*1 
2026-09-25T17:51:34+04:00	ck5-mirror-1m	0	2048372	2048092	23	903737344	629764096	python3*17 ZMQbg/Reaper*3 ZMQbg/IO/0*3 
2026-09-25T17:51:46+04:00	ck5-mirror-1m	0	2048076	488	2	25477120	6021120	uv*1 main2*1 
2026-09-25T17:51:46+04:00	ck5-mirror-1m	0	2048092	2048076	39	955580416	672681984	ft*35 ZMQbg/Reaper*2 ZMQbg/IO/0*2 
2026-09-25T17:51:46+04:00	ck5-mirror-1m	0	2048370	2048092	1	12763136	5939200	python3*1 
2026-09-25T17:51:46+04:00	ck5-mirror-1m	0	2048371	2048092	30	12923285504	12311543808	python3*21 pt_gloo_runloop*2 ZMQbg/Reaper*2 ZMQbg/IO/0*2 pt_tcpstore_uv*1 cuda0000240000a*1 
2026-09-25T17:51:46+04:00	ck5-mirror-1m	0	2048372	2048092	39	907059200	630210560	python3*33 ZMQbg/Reaper*3 ZMQbg/IO/0*3 
2026-09-25T17:51:56+04:00	ck5-mirror-1m	0	2048076	488	2	25477120	6021120	uv*1 main2*1 
2026-09-25T17:51:56+04:00	ck5-mirror-1m	0	2048092	2048076	39	955580416	672681984	ft*35 ZMQbg/Reaper*2 ZMQbg/IO/0*2 
2026-09-25T17:51:56+04:00	ck5-mirror-1m	0	2048370	2048092	1	12763136	5939200	python3*1 
2026-09-25T17:51:56+04:00	ck5-mirror-1m	0	2048371	2048092	30	12923285504	12311543808	python3*21 pt_gloo_runloop*2 ZMQbg/Reaper*2 ZMQbg/IO/0*2 pt_tcpstore_uv*1 cuda0000240000a*1 
2026-09-25T17:51:56+04:00	ck5-mirror-1m	0	2048372	2048092	39	907059200	630210560	python3*33 ZMQbg/Reaper*3 ZMQbg/IO/0*3 
2026-09-25T17:52:06+04:00	ck5-mirror-1m	1	2048076	488	2	25477120	6021120	uv*1 main2*1 
2026-09-25T17:52:06+04:00	ck5-mirror-1m	1	2048092	2048076	57	1139097600	856199168	ft*51 ZMQbg/Reaper*3 ZMQbg/IO/0*3 
2026-09-25T17:52:06+04:00	ck5-mirror-1m	1	2048370	2048092	1	12763136	5939200	python3*1 
2026-09-25T17:52:06+04:00	ck5-mirror-1m	1	2048371	2048092	30	12927258624	12315516928	python3*21 pt_gloo_runloop*2 ZMQbg/Reaper*2 ZMQbg/IO/0*2 pt_tcpstore_uv*1 cuda0000240000a*1 
2026-09-25T17:52:06+04:00	ck5-mirror-1m	1	2048372	2048092	57	1239040000	962191360	python3*49 ZMQbg/Reaper*4 ZMQbg/IO/0*4 
2026-09-25T17:52:18+04:00	ck5-mirror-1m	1	2048076	488	2	25477120	6021120	uv*1 main2*1 
2026-09-25T17:52:18+04:00	ck5-mirror-1m	1	2048092	2048076	57	1139093504	856199168	ft*51 ZMQbg/Reaper*3 ZMQbg/IO/0*3 
2026-09-25T17:52:18+04:00	ck5-mirror-1m	1	2048370	2048092	1	12763136	5939200	python3*1 
2026-09-25T17:52:18+04:00	ck5-mirror-1m	1	2048371	2048092	30	12927217664	12315516928	python3*21 pt_gloo_runloop*2 ZMQbg/Reaper*2 ZMQbg/IO/0*2 pt_tcpstore_uv*1 cuda0000240000a*1 
2026-09-25T17:52:18+04:00	ck5-mirror-1m	1	2048372	2048092	57	1239035904	962191360	python3*49 ZMQbg/Reaper*4 ZMQbg/IO/0*4 
2026-09-25T17:52:28+04:00	ck5-mirror-1m	1	2048076	488	2	25477120	6021120	uv*1 main2*1 
2026-09-25T17:52:28+04:00	ck5-mirror-1m	1	2048092	2048076	57	1139019776	856199168	ft*51 ZMQbg/Reaper*3 ZMQbg/IO/0*3 
2026-09-25T17:52:28+04:00	ck5-mirror-1m	1	2048370	2048092	1	12763136	5939200	python3*1 
2026-09-25T17:52:28+04:00	ck5-mirror-1m	1	2048371	2048092	30	12926955520	12315516928	python3*21 pt_gloo_runloop*2 ZMQbg/Reaper*2 ZMQbg/IO/0*2 pt_tcpstore_uv*1 cuda0000240000a*1 
2026-09-25T17:52:28+04:00	ck5-mirror-1m	1	2048372	2048092	57	1238962176	962191360	python3*49 ZMQbg/Reaper*4 ZMQbg/IO/0*4 
2026-09-25T17:52:38+04:00	ck5-mirror-1m	1	2048076	488	2	25477120	6021120	uv*1 main2*1 
2026-09-25T17:52:38+04:00	ck5-mirror-1m	1	2048092	2048076	57	1139019776	856199168	ft*51 ZMQbg/Reaper*3 ZMQbg/IO/0*3 
2026-09-25T17:52:38+04:00	ck5-mirror-1m	1	2048370	2048092	1	12763136	5939200	python3*1 
2026-09-25T17:52:38+04:00	ck5-mirror-1m	1	2048371	2048092	30	12926955520	12315516928	python3*21 pt_gloo_runloop*2 ZMQbg/Reaper*2 ZMQbg/IO/0*2 pt_tcpstore_uv*1 cuda0000240000a*1 
2026-09-25T17:52:38+04:00	ck5-mirror-1m	1	2048372	2048092	57	1238962176	962191360	python3*49 ZMQbg/Reaper*4 ZMQbg/IO/0*4 
2026-09-25T17:52:50+04:00	ck5-mirror-1m	1	2048076	488	2	25477120	6021120	uv*1 main2*1 
2026-09-25T17:52:50+04:00	ck5-mirror-1m	1	2048092	2048076	57	1139019776	856199168	ft*51 ZMQbg/Reaper*3 ZMQbg/IO/0*3 
2026-09-25T17:52:50+04:00	ck5-mirror-1m	1	2048370	2048092	1	12763136	5939200	python3*1 
2026-09-25T17:52:50+04:00	ck5-mirror-1m	1	2048371	2048092	30	12926955520	12315516928	python3*21 pt_gloo_runloop*2 ZMQbg/Reaper*2 ZMQbg/IO/0*2 pt_tcpstore_uv*1 cuda0000240000a*1 
2026-09-25T17:52:50+04:00	ck5-mirror-1m	1	2048372	2048092	57	1238962176	962191360	python3*49 ZMQbg/Reaper*4 ZMQbg/IO/0*4 
2026-09-25T17:53:00+04:00	ck5-mirror-1m	1	2048076	488	2	25477120	6021120	uv*1 main2*1 
2026-09-25T17:53:00+04:00	ck5-mirror-1m	1	2048092	2048076	57	1138888704	856199168	ft*51 ZMQbg/Reaper*3 ZMQbg/IO/0*3 
2026-09-25T17:53:00+04:00	ck5-mirror-1m	1	2048370	2048092	1	12763136	5939200	python3*1 
2026-09-25T17:53:00+04:00	ck5-mirror-1m	1	2048371	2048092	30	12925669376	12315516928	python3*21 pt_gloo_runloop*2 ZMQbg/Reaper*2 ZMQbg/IO/0*2 pt_tcpstore_uv*1 cuda0000240000a*1 
2026-09-25T17:53:01+04:00	ck5-mirror-1m	1	2048372	2048092	57	1238831104	962191360	python3*49 ZMQbg/Reaper*4 ZMQbg/IO/0*4 
2026-09-25T17:53:11+04:00	ck5-mirror-1m	1	2048076	488	2	25477120	6021120	uv*1 main2*1 
2026-09-25T17:53:11+04:00	ck5-mirror-1m	1	2048092	2048076	57	1138728960	856199168	ft*51 ZMQbg/Reaper*3 ZMQbg/IO/0*3 
2026-09-25T17:53:11+04:00	ck5-mirror-1m	1	2048370	2048092	1	12763136	5939200	python3*1 
2026-09-25T17:53:11+04:00	ck5-mirror-1m	1	2048371	2048092	30	12925509632	12315516928	python3*21 pt_gloo_runloop*2 ZMQbg/Reaper*2 ZMQbg/IO/0*2 pt_tcpstore_uv*1 cuda0000240000a*1 
2026-09-25T17:53:11+04:00	ck5-mirror-1m	1	2048372	2048092	57	1238671360	962191360	python3*49 ZMQbg/Reaper*4 ZMQbg/IO/0*4 
2026-09-25T17:53:23+04:00	ck5-mirror-1m	1	2048076	488	2	25399296	6021120	uv*1 main2*1 
2026-09-25T17:53:23+04:00	ck5-mirror-1m	1	2048092	2048076	57	1138507776	856199168	ft*51 ZMQbg/Reaper*3 ZMQbg/IO/0*3 
2026-09-25T17:53:23+04:00	ck5-mirror-1m	1	2048370	2048092	1	12763136	5939200	python3*1 
2026-09-25T17:53:23+04:00	ck5-mirror-1m	1	2048371	2048092	30	12907012096	12315516928	python3*21 pt_gloo_runloop*2 ZMQbg/Reaper*2 ZMQbg/IO/0*2 pt_tcpstore_uv*1 cuda0000240000a*1 
2026-09-25T17:53:23+04:00	ck5-mirror-1m	1	2048372	2048092	57	1238577152	962191360	python3*49 ZMQbg/Reaper*4 ZMQbg/IO/0*4 
2026-09-25T17:53:33+04:00	ck5-mirror-1m	1	2048076	488	2	25399296	6021120	uv*1 main2*1 
2026-09-25T17:53:33+04:00	ck5-mirror-1m	1	2048092	2048076	57	1138507776	856199168	ft*51 ZMQbg/Reaper*3 ZMQbg/IO/0*3 
2026-09-25T17:53:33+04:00	ck5-mirror-1m	1	2048370	2048092	1	12763136	5939200	python3*1 
2026-09-25T17:53:33+04:00	ck5-mirror-1m	1	2048371	2048092	30	12907012096	12315516928	python3*21 pt_gloo_runloop*2 ZMQbg/Reaper*2 ZMQbg/IO/0*2 pt_tcpstore_uv*1 cuda0000240000a*1 
2026-09-25T17:53:33+04:00	ck5-mirror-1m	1	2048372	2048092	57	1238577152	962191360	python3*49 ZMQbg/Reaper*4 ZMQbg/IO/0*4 
2026-09-25T17:53:43+04:00	ck5-mirror-1m	1	2048076	488	2	25399296	6021120	uv*1 main2*1 
2026-09-25T17:53:43+04:00	ck5-mirror-1m	1	2048092	2048076	57	1138511872	856203264	ft*51 ZMQbg/Reaper*3 ZMQbg/IO/0*3 
2026-09-25T17:53:43+04:00	ck5-mirror-1m	1	2048370	2048092	1	12763136	5939200	python3*1 
2026-09-25T17:53:43+04:00	ck5-mirror-1m	1	2048371	2048092	30	12907012096	12315516928	python3*21 pt_gloo_runloop*2 ZMQbg/Reaper*2 ZMQbg/IO/0*2 pt_tcpstore_uv*1 cuda0000240000a*1 
2026-09-25T17:53:43+04:00	ck5-mirror-1m	1	2048372	2048092	57	1238577152	962191360	python3*49 ZMQbg/Reaper*4 ZMQbg/IO/0*4 
2026-09-25T17:53:55+04:00	ck5-mirror-1m	1	2048076	488	2	25399296	6021120	uv*1 main2*1 
2026-09-25T17:53:55+04:00	ck5-mirror-1m	1	2048092	2048076	57	1138511872	856203264	ft*51 ZMQbg/Reaper*3 ZMQbg/IO/0*3 
2026-09-25T17:53:55+04:00	ck5-mirror-1m	1	2048370	2048092	1	12763136	5939200	python3*1 
2026-09-25T17:53:55+04:00	ck5-mirror-1m	1	2048371	2048092	30	12907012096	12315516928	python3*21 pt_gloo_runloop*2 ZMQbg/Reaper*2 ZMQbg/IO/0*2 pt_tcpstore_uv*1 cuda0000240000a*1 
2026-09-25T17:53:55+04:00	ck5-mirror-1m	1	2048372	2048092	57	1238577152	962191360	python3*49 ZMQbg/Reaper*4 ZMQbg/IO/0*4 
2026-09-25T17:54:05+04:00	ck5-mirror-1m	1	2048076	488	2	25399296	6021120	uv*1 main2*1 
2026-09-25T17:54:05+04:00	ck5-mirror-1m	1	2048092	2048076	57	1138511872	856203264	ft*51 ZMQbg/Reaper*3 ZMQbg/IO/0*3 
2026-09-25T17:54:05+04:00	ck5-mirror-1m	1	2048370	2048092	1	12763136	5939200	python3*1 
2026-09-25T17:54:05+04:00	ck5-mirror-1m	1	2048371	2048092	30	12907012096	12315516928	python3*21 pt_gloo_runloop*2 ZMQbg/Reaper*2 ZMQbg/IO/0*2 pt_tcpstore_uv*1 cuda0000240000a*1 
2026-09-25T17:54:05+04:00	ck5-mirror-1m	1	2048372	2048092	57	1238577152	962191360	python3*49 ZMQbg/Reaper*4 ZMQbg/IO/0*4 
2026-09-25T17:54:15+04:00	ck5-mirror-1m	1	2048076	488	2	25399296	6021120	uv*1 main2*1 
2026-09-25T17:54:15+04:00	ck5-mirror-1m	1	2048092	2048076	57	1138511872	856203264	ft*51 ZMQbg/Reaper*3 ZMQbg/IO/0*3 
2026-09-25T17:54:15+04:00	ck5-mirror-1m	1	2048370	2048092	1	12763136	5939200	python3*1 
2026-09-25T17:54:15+04:00	ck5-mirror-1m	1	2048371	2048092	30	12907012096	12315516928	python3*21 pt_gloo_runloop*2 ZMQbg/Reaper*2 ZMQbg/IO/0*2 pt_tcpstore_uv*1 cuda0000240000a*1 
2026-09-25T17:54:16+04:00	ck5-mirror-1m	1	2048372	2048092	57	1238577152	962191360	python3*49 ZMQbg/Reaper*4 ZMQbg/IO/0*4 
2026-09-25T17:54:27+04:00	ck5-mirror-1m	1	2048076	488	2	25399296	6021120	uv*1 main2*1 
2026-09-25T17:54:27+04:00	ck5-mirror-1m	1	2048092	2048076	57	1138511872	856203264	ft*51 ZMQbg/Reaper*3 ZMQbg/IO/0*3 
2026-09-25T17:54:27+04:00	ck5-mirror-1m	1	2048370	2048092	1	12763136	5939200	python3*1 
2026-09-25T17:54:27+04:00	ck5-mirror-1m	1	2048371	2048092	30	12907012096	12315516928	python3*21 pt_gloo_runloop*2 ZMQbg/Reaper*2 ZMQbg/IO/0*2 pt_tcpstore_uv*1 cuda0000240000a*1 
2026-09-25T17:54:27+04:00	ck5-mirror-1m	1	2048372	2048092	57	1238577152	962191360	python3*49 ZMQbg/Reaper*4 ZMQbg/IO/0*4 
2026-09-25T17:54:38+04:00	ck5-mirror-1m	1	2048076	488	2	25399296	6021120	uv*1 main2*1 
2026-09-25T17:54:38+04:00	ck5-mirror-1m	1	2048092	2048076	57	1138511872	856203264	ft*51 ZMQbg/Reaper*3 ZMQbg/IO/0*3 
2026-09-25T17:54:38+04:00	ck5-mirror-1m	1	2048370	2048092	1	12763136	5939200	python3*1 
2026-09-25T17:54:38+04:00	ck5-mirror-1m	1	2048371	2048092	30	12907012096	12315516928	python3*21 pt_gloo_runloop*2 ZMQbg/Reaper*2 ZMQbg/IO/0*2 pt_tcpstore_uv*1 cuda0000240000a*1 
2026-09-25T17:54:38+04:00	ck5-mirror-1m	1	2048372	2048092	57	1238577152	962191360	python3*49 ZMQbg/Reaper*4 ZMQbg/IO/0*4 
2026-09-25T17:54:48+04:00	ck5-mirror-1m	1	2048076	488	2	25399296	6021120	uv*1 main2*1 
2026-09-25T17:54:48+04:00	ck5-mirror-1m	1	2048092	2048076	57	1138511872	856203264	ft*51 ZMQbg/Reaper*3 ZMQbg/IO/0*3 
2026-09-25T17:54:48+04:00	ck5-mirror-1m	1	2048370	2048092	1	12763136	5939200	python3*1 
2026-09-25T17:54:48+04:00	ck5-mirror-1m	1	2048371	2048092	30	12907012096	12315516928	python3*21 pt_gloo_runloop*2 ZMQbg/Reaper*2 ZMQbg/IO/0*2 pt_tcpstore_uv*1 cuda0000240000a*1 
2026-09-25T17:54:48+04:00	ck5-mirror-1m	1	2048372	2048092	57	1238577152	962191360	python3*49 ZMQbg/Reaper*4 ZMQbg/IO/0*4 
2026-09-25T17:54:58+04:00	ck5-mirror-1m	1	2048076	488	2	25399296	6021120	uv*1 main2*1 
2026-09-25T17:54:58+04:00	ck5-mirror-1m	1	2048092	2048076	57	1138511872	856203264	ft*51 ZMQbg/Reaper*3 ZMQbg/IO/0*3 
2026-09-25T17:54:58+04:00	ck5-mirror-1m	1	2048370	2048092	1	12763136	5939200	python3*1 
2026-09-25T17:54:58+04:00	ck5-mirror-1m	1	2048371	2048092	30	12907012096	12315516928	python3*21 pt_gloo_runloop*2 ZMQbg/Reaper*2 ZMQbg/IO/0*2 pt_tcpstore_uv*1 cuda0000240000a*1 
2026-09-25T17:54:58+04:00	ck5-mirror-1m	1	2048372	2048092	57	1238577152	962191360	python3*49 ZMQbg/Reaper*4 ZMQbg/IO/0*4 
2026-09-25T17:55:10+04:00	ck5-mirror-1m	1	2048076	488	2	25399296	6021120	uv*1 main2*1 
2026-09-25T17:55:10+04:00	ck5-mirror-1m	1	2048092	2048076	57	1138511872	856203264	ft*51 ZMQbg/Reaper*3 ZMQbg/IO/0*3 
2026-09-25T17:55:10+04:00	ck5-mirror-1m	1	2048370	2048092	1	12763136	5939200	python3*1 
2026-09-25T17:55:10+04:00	ck5-mirror-1m	1	2048371	2048092	30	12907012096	12315516928	python3*21 pt_gloo_runloop*2 ZMQbg/Reaper*2 ZMQbg/IO/0*2 pt_tcpstore_uv*1 cuda0000240000a*1 
2026-09-25T17:55:10+04:00	ck5-mirror-1m	1	2048372	2048092	57	1238577152	962191360	python3*49 ZMQbg/Reaper*4 ZMQbg/IO/0*4 
2026-09-25T17:55:20+04:00	ck5-mirror-1m	1	2048076	488	2	25399296	6021120	uv*1 main2*1 
2026-09-25T17:55:20+04:00	ck5-mirror-1m	1	2048092	2048076	57	1138511872	856203264	ft*51 ZMQbg/Reaper*3 ZMQbg/IO/0*3 
2026-09-25T17:55:20+04:00	ck5-mirror-1m	1	2048370	2048092	1	12763136	5939200	python3*1 
2026-09-25T17:55:20+04:00	ck5-mirror-1m	1	2048371	2048092	30	12907012096	12315516928	python3*21 pt_gloo_runloop*2 ZMQbg/Reaper*2 ZMQbg/IO/0*2 pt_tcpstore_uv*1 cuda0000240000a*1 
2026-09-25T17:55:20+04:00	ck5-mirror-1m	1	2048372	2048092	57	1238577152	962191360	python3*49 ZMQbg/Reaper*4 ZMQbg/IO/0*4 
2026-09-25T17:55:30+04:00	ck5-mirror-1m	1	2048076	488	2	25399296	6021120	uv*1 main2*1 
2026-09-25T17:55:30+04:00	ck5-mirror-1m	1	2048092	2048076	57	1138511872	856203264	ft*51 ZMQbg/Reaper*3 ZMQbg/IO/0*3 
2026-09-25T17:55:30+04:00	ck5-mirror-1m	1	2048370	2048092	1	12763136	5939200	python3*1 
2026-09-25T17:55:30+04:00	ck5-mirror-1m	1	2048371	2048092	30	12907012096	12315516928	python3*21 pt_gloo_runloop*2 ZMQbg/Reaper*2 ZMQbg/IO/0*2 pt_tcpstore_uv*1 cuda0000240000a*1 
2026-09-25T17:55:30+04:00	ck5-mirror-1m	1	2048372	2048092	57	1238577152	962191360	python3*49 ZMQbg/Reaper*4 ZMQbg/IO/0*4 
2026-09-25T17:55:42+04:00	ck5-mirror-1m	1	2048076	488	2	25399296	6021120	uv*1 main2*1 
2026-09-25T17:55:42+04:00	ck5-mirror-1m	1	2048092	2048076	57	1138511872	856203264	ft*51 ZMQbg/Reaper*3 ZMQbg/IO/0*3 
2026-09-25T17:55:42+04:00	ck5-mirror-1m	1	2048370	2048092	1	12763136	5939200	python3*1 
2026-09-25T17:55:42+04:00	ck5-mirror-1m	1	2048371	2048092	30	12907012096	12315516928	python3*21 pt_gloo_runloop*2 ZMQbg/Reaper*2 ZMQbg/IO/0*2 pt_tcpstore_uv*1 cuda0000240000a*1 
2026-09-25T17:55:42+04:00	ck5-mirror-1m	1	2048372	2048092	57	1238577152	962191360	python3*49 ZMQbg/Reaper*4 ZMQbg/IO/0*4 
2026-09-25T17:55:53+04:00	ck5-mirror-1m	1	2048076	488	2	25399296	6021120	uv*1 main2*1 
2026-09-25T17:55:53+04:00	ck5-mirror-1m	1	2048092	2048076	57	1138511872	856203264	ft*51 ZMQbg/Reaper*3 ZMQbg/IO/0*3 
2026-09-25T17:55:53+04:00	ck5-mirror-1m	1	2048370	2048092	1	12763136	5939200	python3*1 
2026-09-25T17:55:53+04:00	ck5-mirror-1m	1	2048371	2048092	30	12907012096	12315516928	python3*21 pt_gloo_runloop*2 ZMQbg/Reaper*2 ZMQbg/IO/0*2 pt_tcpstore_uv*1 cuda0000240000a*1 
2026-09-25T17:55:53+04:00	ck5-mirror-1m	1	2048372	2048092	57	1238577152	962191360	python3*49 ZMQbg/Reaper*4 ZMQbg/IO/0*4 
2026-09-25T17:56:03+04:00	ck5-mirror-1m	1	2048076	488	2	25399296	6021120	uv*1 main2*1 
2026-09-25T17:56:03+04:00	ck5-mirror-1m	1	2048092	2048076	57	1138511872	856203264	ft*51 ZMQbg/Reaper*3 ZMQbg/IO/0*3 
2026-09-25T17:56:03+04:00	ck5-mirror-1m	1	2048370	2048092	1	12763136	5939200	python3*1 
2026-09-25T17:56:03+04:00	ck5-mirror-1m	1	2048371	2048092	30	12907012096	12315516928	python3*21 pt_gloo_runloop*2 ZMQbg/Reaper*2 ZMQbg/IO/0*2 pt_tcpstore_uv*1 cuda0000240000a*1 
2026-09-25T17:56:03+04:00	ck5-mirror-1m	1	2048372	2048092	57	1238577152	962191360	python3*49 ZMQbg/Reaper*4 ZMQbg/IO/0*4 
2026-09-25T17:56:15+04:00	ck5-mirror-1m	1	2048076	488	2	25399296	6021120	uv*1 main2*1 
2026-09-25T17:56:15+04:00	ck5-mirror-1m	1	2048092	2048076	57	1138511872	856203264	ft*51 ZMQbg/Reaper*3 ZMQbg/IO/0*3 
2026-09-25T17:56:15+04:00	ck5-mirror-1m	1	2048370	2048092	1	12763136	5939200	python3*1 
2026-09-25T17:56:15+04:00	ck5-mirror-1m	1	2048371	2048092	30	12907012096	12315516928	python3*21 pt_gloo_runloop*2 ZMQbg/Reaper*2 ZMQbg/IO/0*2 pt_tcpstore_uv*1 cuda0000240000a*1 
2026-09-25T17:56:15+04:00	ck5-mirror-1m	1	2048372	2048092	57	1238577152	962191360	python3*49 ZMQbg/Reaper*4 ZMQbg/IO/0*4 
2026-09-25T17:56:25+04:00	ck5-mirror-1m	1	2048076	488	2	25399296	6021120	uv*1 main2*1 
2026-09-25T17:56:25+04:00	ck5-mirror-1m	1	2048092	2048076	57	1138511872	856203264	ft*51 ZMQbg/Reaper*3 ZMQbg/IO/0*3 
2026-09-25T17:56:25+04:00	ck5-mirror-1m	1	2048370	2048092	1	12763136	5939200	python3*1 
2026-09-25T17:56:25+04:00	ck5-mirror-1m	1	2048371	2048092	30	12907012096	12315516928	python3*21 pt_gloo_runloop*2 ZMQbg/Reaper*2 ZMQbg/IO/0*2 pt_tcpstore_uv*1 cuda0000240000a*1 
2026-09-25T17:56:25+04:00	ck5-mirror-1m	1	2048372	2048092	57	1238577152	962191360	python3*49 ZMQbg/Reaper*4 ZMQbg/IO/0*4 
2026-09-25T17:56:35+04:00	ck5-mirror-1m	1	2048076	488	2	25399296	6021120	uv*1 main2*1 
2026-09-25T17:56:35+04:00	ck5-mirror-1m	1	2048092	2048076	57	1138511872	856203264	ft*51 ZMQbg/Reaper*3 ZMQbg/IO/0*3 
2026-09-25T17:56:35+04:00	ck5-mirror-1m	1	2048370	2048092	1	12763136	5939200	python3*1 
2026-09-25T17:56:35+04:00	ck5-mirror-1m	1	2048371	2048092	30	12907012096	12315516928	python3*21 pt_gloo_runloop*2 ZMQbg/Reaper*2 ZMQbg/IO/0*2 pt_tcpstore_uv*1 cuda0000240000a*1 
2026-09-25T17:56:35+04:00	ck5-mirror-1m	1	2048372	2048092	57	1238577152	962191360	python3*49 ZMQbg/Reaper*4 ZMQbg/IO/0*4 
2026-09-25T17:56:47+04:00	ck5-mirror-1m	1	2048076	488	2	25399296	6021120	uv*1 main2*1 
2026-09-25T17:56:47+04:00	ck5-mirror-1m	1	2048092	2048076	57	1138511872	856203264	ft*51 ZMQbg/Reaper*3 ZMQbg/IO/0*3 
2026-09-25T17:56:47+04:00	ck5-mirror-1m	1	2048370	2048092	1	12763136	5939200	python3*1 
2026-09-25T17:56:47+04:00	ck5-mirror-1m	1	2048371	2048092	30	12907012096	12315516928	python3*21 pt_gloo_runloop*2 ZMQbg/Reaper*2 ZMQbg/IO/0*2 pt_tcpstore_uv*1 cuda0000240000a*1 
2026-09-25T17:56:47+04:00	ck5-mirror-1m	1	2048372	2048092	57	1238577152	962191360	python3*49 ZMQbg/Reaper*4 ZMQbg/IO/0*4 
2026-09-25T17:56:57+04:00	ck5-mirror-1m	1	2048076	488	2	25399296	6021120	uv*1 main2*1 
2026-09-25T17:56:57+04:00	ck5-mirror-1m	1	2048092	2048076	57	1138511872	856203264	ft*51 ZMQbg/Reaper*3 ZMQbg/IO/0*3 
2026-09-25T17:56:57+04:00	ck5-mirror-1m	1	2048370	2048092	1	12763136	5939200	python3*1 
2026-09-25T17:56:57+04:00	ck5-mirror-1m	1	2048371	2048092	30	12907012096	12315516928	python3*21 pt_gloo_runloop*2 ZMQbg/Reaper*2 ZMQbg/IO/0*2 pt_tcpstore_uv*1 cuda0000240000a*1 
2026-09-25T17:56:57+04:00	ck5-mirror-1m	1	2048372	2048092	57	1238577152	962191360	python3*49 ZMQbg/Reaper*4 ZMQbg/IO/0*4 
2026-09-25T17:57:08+04:00	ck5-mirror-1m	1	2048076	488	2	25399296	6021120	uv*1 main2*1 
2026-09-25T17:57:08+04:00	ck5-mirror-1m	1	2048092	2048076	57	1138511872	856203264	ft*51 ZMQbg/Reaper*3 ZMQbg/IO/0*3 
2026-09-25T17:57:08+04:00	ck5-mirror-1m	1	2048370	2048092	1	12763136	5939200	python3*1 
2026-09-25T17:57:08+04:00	ck5-mirror-1m	1	2048371	2048092	30	12907012096	12315516928	python3*21 pt_gloo_runloop*2 ZMQbg/Reaper*2 ZMQbg/IO/0*2 pt_tcpstore_uv*1 cuda0000240000a*1 
2026-09-25T17:57:08+04:00	ck5-mirror-1m	1	2048372	2048092	57	1238577152	962191360	python3*49 ZMQbg/Reaper*4 ZMQbg/IO/0*4 
2026-09-25T17:57:20+04:00	ck5-mirror-1m	1	2048076	488	2	25399296	6021120	uv*1 main2*1 
2026-09-25T17:57:20+04:00	ck5-mirror-1m	1	2048092	2048076	57	1138511872	856203264	ft*51 ZMQbg/Reaper*3 ZMQbg/IO/0*3 
2026-09-25T17:57:20+04:00	ck5-mirror-1m	1	2048370	2048092	1	12763136	5939200	python3*1 
2026-09-25T17:57:20+04:00	ck5-mirror-1m	1	2048371	2048092	30	12907012096	12315516928	python3*21 pt_gloo_runloop*2 ZMQbg/Reaper*2 ZMQbg/IO/0*2 pt_tcpstore_uv*1 cuda0000240000a*1 
2026-09-25T17:57:20+04:00	ck5-mirror-1m	1	2048372	2048092	57	1238577152	962191360	python3*49 ZMQbg/Reaper*4 ZMQbg/IO/0*4 
2026-09-25T17:57:30+04:00	ck5-mirror-1m	1	2048076	488	2	25399296	6021120	uv*1 main2*1 
2026-09-25T17:57:30+04:00	ck5-mirror-1m	1	2048092	2048076	57	1138511872	856203264	ft*51 ZMQbg/Reaper*3 ZMQbg/IO/0*3 
2026-09-25T17:57:30+04:00	ck5-mirror-1m	1	2048370	2048092	1	12763136	5939200	python3*1 
2026-09-25T17:57:30+04:00	ck5-mirror-1m	1	2048371	2048092	30	12907012096	12315516928	python3*21 pt_gloo_runloop*2 ZMQbg/Reaper*2 ZMQbg/IO/0*2 pt_tcpstore_uv*1 cuda0000240000a*1 
2026-09-25T17:57:30+04:00	ck5-mirror-1m	1	2048372	2048092	57	1238577152	962191360	python3*49 ZMQbg/Reaper*4 ZMQbg/IO/0*4 
2026-09-25T17:57:40+04:00	ck5-mirror-1m	1	2048076	488	2	25399296	6021120	uv*1 main2*1 
2026-09-25T17:57:40+04:00	ck5-mirror-1m	1	2048092	2048076	57	1138511872	856203264	ft*51 ZMQbg/Reaper*3 ZMQbg/IO/0*3 
2026-09-25T17:57:40+04:00	ck5-mirror-1m	1	2048370	2048092	1	12763136	5939200	python3*1 
2026-09-25T17:57:40+04:00	ck5-mirror-1m	1	2048371	2048092	30	12907012096	12315516928	python3*21 pt_gloo_runloop*2 ZMQbg/Reaper*2 ZMQbg/IO/0*2 pt_tcpstore_uv*1 cuda0000240000a*1 
2026-09-25T17:57:40+04:00	ck5-mirror-1m	1	2048372	2048092	57	1238577152	962191360	python3*49 ZMQbg/Reaper*4 ZMQbg/IO/0*4 
2026-09-25T17:57:52+04:00	ck5-mirror-1m	1	2048076	488	2	25399296	6021120	uv*1 main2*1 
2026-09-25T17:57:52+04:00	ck5-mirror-1m	1	2048092	2048076	57	1138511872	856203264	ft*51 ZMQbg/Reaper*3 ZMQbg/IO/0*3 
2026-09-25T17:57:52+04:00	ck5-mirror-1m	1	2048370	2048092	1	12763136	5939200	python3*1 
2026-09-25T17:57:52+04:00	ck5-mirror-1m	1	2048371	2048092	30	12907012096	12315516928	python3*21 pt_gloo_runloop*2 ZMQbg/Reaper*2 ZMQbg/IO/0*2 pt_tcpstore_uv*1 cuda0000240000a*1 
2026-09-25T17:57:52+04:00	ck5-mirror-1m	1	2048372	2048092	57	1238577152	962191360	python3*49 ZMQbg/Reaper*4 ZMQbg/IO/0*4 
2026-09-25T17:58:02+04:00	ck5-mirror-1m	1	2048076	488	2	25399296	6021120	uv*1 main2*1 
2026-09-25T17:58:02+04:00	ck5-mirror-1m	1	2048092	2048076	57	1138511872	856203264	ft*51 ZMQbg/Reaper*3 ZMQbg/IO/0*3 
2026-09-25T17:58:02+04:00	ck5-mirror-1m	1	2048370	2048092	1	12763136	5939200	python3*1 
2026-09-25T17:58:02+04:00	ck5-mirror-1m	1	2048371	2048092	30	12907012096	12315516928	python3*21 pt_gloo_runloop*2 ZMQbg/Reaper*2 ZMQbg/IO/0*2 pt_tcpstore_uv*1 cuda0000240000a*1 
2026-09-25T17:58:02+04:00	ck5-mirror-1m	1	2048372	2048092	57	1238577152	962191360	python3*49 ZMQbg/Reaper*4 ZMQbg/IO/0*4 
2026-09-25T17:58:12+04:00	ck5-mirror-1m	1	2048076	488	2	25399296	6021120	uv*1 main2*1 
2026-09-25T17:58:12+04:00	ck5-mirror-1m	1	2048092	2048076	57	1138511872	856203264	ft*51 ZMQbg/Reaper*3 ZMQbg/IO/0*3 
2026-09-25T17:58:12+04:00	ck5-mirror-1m	1	2048370	2048092	1	12763136	5939200	python3*1 
2026-09-25T17:58:12+04:00	ck5-mirror-1m	1	2048371	2048092	30	12907012096	12315516928	python3*21 pt_gloo_runloop*2 ZMQbg/Reaper*2 ZMQbg/IO/0*2 pt_tcpstore_uv*1 cuda0000240000a*1 
2026-09-25T17:58:12+04:00	ck5-mirror-1m	1	2048372	2048092	57	1238577152	962191360	python3*49 ZMQbg/Reaper*4 ZMQbg/IO/0*4 
2026-09-25T17:58:23+04:00	ck5-mirror-1m	1	2048076	488	2	25399296	6021120	uv*1 main2*1 
2026-09-25T17:58:23+04:00	ck5-mirror-1m	1	2048092	2048076	57	1138511872	856203264	ft*51 ZMQbg/Reaper*3 ZMQbg/IO/0*3 
2026-09-25T17:58:23+04:00	ck5-mirror-1m	1	2048370	2048092	1	12763136	5939200	python3*1 
2026-09-25T17:58:23+04:00	ck5-mirror-1m	1	2048371	2048092	30	12907012096	12315516928	python3*21 pt_gloo_runloop*2 ZMQbg/Reaper*2 ZMQbg/IO/0*2 pt_tcpstore_uv*1 cuda0000240000a*1 
2026-09-25T17:58:23+04:00	ck5-mirror-1m	1	2048372	2048092	57	1238577152	962191360	python3*49 ZMQbg/Reaper*4 ZMQbg/IO/0*4 
2026-09-25T17:58:35+04:00	ck5-mirror-1m	1	2048076	488	2	25399296	6021120	uv*1 main2*1 
2026-09-25T17:58:35+04:00	ck5-mirror-1m	1	2048092	2048076	57	1138511872	856203264	ft*51 ZMQbg/Reaper*3 ZMQbg/IO/0*3 
2026-09-25T17:58:35+04:00	ck5-mirror-1m	1	2048370	2048092	1	12763136	5939200	python3*1 
2026-09-25T17:58:35+04:00	ck5-mirror-1m	1	2048371	2048092	30	12907012096	12315516928	python3*21 pt_gloo_runloop*2 ZMQbg/Reaper*2 ZMQbg/IO/0*2 pt_tcpstore_uv*1 cuda0000240000a*1 
2026-09-25T17:58:35+04:00	ck5-mirror-1m	1	2048372	2048092	57	1238577152	962191360	python3*49 ZMQbg/Reaper*4 ZMQbg/IO/0*4 
2026-09-25T17:58:45+04:00	ck5-mirror-1m	1	2048076	488	2	25399296	6021120	uv*1 main2*1 
2026-09-25T17:58:45+04:00	ck5-mirror-1m	1	2048092	2048076	57	1138511872	856203264	ft*51 ZMQbg/Reaper*3 ZMQbg/IO/0*3 
2026-09-25T17:58:45+04:00	ck5-mirror-1m	1	2048370	2048092	1	12763136	5939200	python3*1 
2026-09-25T17:58:45+04:00	ck5-mirror-1m	1	2048371	2048092	30	12907012096	12315516928	python3*21 pt_gloo_runloop*2 ZMQbg/Reaper*2 ZMQbg/IO/0*2 pt_tcpstore_uv*1 cuda0000240000a*1 
2026-09-25T17:58:45+04:00	ck5-mirror-1m	1	2048372	2048092	57	1238577152	962191360	python3*49 ZMQbg/Reaper*4 ZMQbg/IO/0*4 
2026-09-25T17:58:55+04:00	ck5-mirror-1m	1	2048076	488	2	25399296	6021120	uv*1 main2*1 
2026-09-25T17:58:55+04:00	ck5-mirror-1m	1	2048092	2048076	57	1138511872	856203264	ft*51 ZMQbg/Reaper*3 ZMQbg/IO/0*3 
2026-09-25T17:58:55+04:00	ck5-mirror-1m	1	2048370	2048092	1	12763136	5939200	python3*1 
2026-09-25T17:58:55+04:00	ck5-mirror-1m	1	2048371	2048092	30	12907012096	12315516928	python3*21 pt_gloo_runloop*2 ZMQbg/Reaper*2 ZMQbg/IO/0*2 pt_tcpstore_uv*1 cuda0000240000a*1 
2026-09-25T17:58:55+04:00	ck5-mirror-1m	1	2048372	2048092	57	1238577152	962191360	python3*49 ZMQbg/Reaper*4 ZMQbg/IO/0*4 
2026-09-25T17:59:07+04:00	ck5-mirror-1m	1	2048076	488	2	25399296	6021120	uv*1 main2*1 
2026-09-25T17:59:07+04:00	ck5-mirror-1m	1	2048092	2048076	57	1138511872	856203264	ft*51 ZMQbg/Reaper*3 ZMQbg/IO/0*3 
2026-09-25T17:59:07+04:00	ck5-mirror-1m	1	2048370	2048092	1	12763136	5939200	python3*1 
2026-09-25T17:59:07+04:00	ck5-mirror-1m	1	2048371	2048092	30	12907012096	12315516928	python3*21 pt_gloo_runloop*2 ZMQbg/Reaper*2 ZMQbg/IO/0*2 pt_tcpstore_uv*1 cuda0000240000a*1 
2026-09-25T17:59:07+04:00	ck5-mirror-1m	1	2048372	2048092	57	1238577152	962191360	python3*49 ZMQbg/Reaper*4 ZMQbg/IO/0*4 
2026-09-25T17:59:17+04:00	ck5-mirror-1m	1	2048076	488	2	25399296	6021120	uv*1 main2*1 
2026-09-25T17:59:17+04:00	ck5-mirror-1m	1	2048092	2048076	57	1138511872	856203264	ft*51 ZMQbg/Reaper*3 ZMQbg/IO/0*3 
2026-09-25T17:59:17+04:00	ck5-mirror-1m	1	2048370	2048092	1	12763136	5939200	python3*1 
2026-09-25T17:59:17+04:00	ck5-mirror-1m	1	2048371	2048092	30	12907012096	12315516928	python3*21 pt_gloo_runloop*2 ZMQbg/Reaper*2 ZMQbg/IO/0*2 pt_tcpstore_uv*1 cuda0000240000a*1 
2026-09-25T17:59:17+04:00	ck5-mirror-1m	1	2048372	2048092	57	1238577152	962191360	python3*49 ZMQbg/Reaper*4 ZMQbg/IO/0*4 
2026-09-25T17:59:27+04:00	ck5-mirror-1m	1	2048076	488	2	25399296	6021120	uv*1 main2*1 
2026-09-25T17:59:27+04:00	ck5-mirror-1m	1	2048092	2048076	57	1138515968	856207360	ft*51 ZMQbg/Reaper*3 ZMQbg/IO/0*3 
2026-09-25T17:59:27+04:00	ck5-mirror-1m	1	2048370	2048092	1	12763136	5939200	python3*1 
2026-09-25T17:59:27+04:00	ck5-mirror-1m	1	2048371	2048092	30	12907012096	12315516928	python3*21 pt_gloo_runloop*2 ZMQbg/Reaper*2 ZMQbg/IO/0*2 pt_tcpstore_uv*1 cuda0000240000a*1 
2026-09-25T17:59:27+04:00	ck5-mirror-1m	1	2048372	2048092	57	1238577152	962191360	python3*49 ZMQbg/Reaper*4 ZMQbg/IO/0*4 
2026-09-25T17:59:39+04:00	ck5-mirror-1m	1	2048076	488	2	25399296	6021120	uv*1 main2*1 
2026-09-25T17:59:39+04:00	ck5-mirror-1m	1	2048092	2048076	57	1138515968	856207360	ft*51 ZMQbg/Reaper*3 ZMQbg/IO/0*3 
2026-09-25T17:59:39+04:00	ck5-mirror-1m	1	2048370	2048092	1	12763136	5939200	python3*1 
2026-09-25T17:59:39+04:00	ck5-mirror-1m	1	2048371	2048092	30	12907012096	12315516928	python3*21 pt_gloo_runloop*2 ZMQbg/Reaper*2 ZMQbg/IO/0*2 pt_tcpstore_uv*1 cuda0000240000a*1 
2026-09-25T17:59:39+04:00	ck5-mirror-1m	1	2048372	2048092	57	1238577152	962191360	python3*49 ZMQbg/Reaper*4 ZMQbg/IO/0*4 
2026-09-25T17:59:50+04:00	ck5-mirror-1m	1	2048076	488	2	25399296	6021120	uv*1 main2*1 
2026-09-25T17:59:50+04:00	ck5-mirror-1m	1	2048092	2048076	57	1138515968	856207360	ft*51 ZMQbg/Reaper*3 ZMQbg/IO/0*3 
2026-09-25T17:59:50+04:00	ck5-mirror-1m	1	2048370	2048092	1	12763136	5939200	python3*1 
2026-09-25T17:59:50+04:00	ck5-mirror-1m	1	2048371	2048092	30	12907012096	12315516928	python3*21 pt_gloo_runloop*2 ZMQbg/Reaper*2 ZMQbg/IO/0*2 pt_tcpstore_uv*1 cuda0000240000a*1 
2026-09-25T17:59:50+04:00	ck5-mirror-1m	1	2048372	2048092	57	1238577152	962191360	python3*49 ZMQbg/Reaper*4 ZMQbg/IO/0*4 
2026-09-25T18:00:00+04:00	ck5-mirror-1m	1	2048076	488	2	25399296	6021120	uv*1 main2*1 
2026-09-25T18:00:00+04:00	ck5-mirror-1m	1	2048092	2048076	57	1138515968	856207360	ft*51 ZMQbg/Reaper*3 ZMQbg/IO/0*3 
2026-09-25T18:00:00+04:00	ck5-mirror-1m	1	2048370	2048092	1	12763136	5939200	python3*1 
2026-09-25T18:00:00+04:00	ck5-mirror-1m	1	2048371	2048092	30	12907012096	12315516928	python3*21 pt_gloo_runloop*2 ZMQbg/Reaper*2 ZMQbg/IO/0*2 pt_tcpstore_uv*1 cuda0000240000a*1 
2026-09-25T18:00:00+04:00	ck5-mirror-1m	1	2048372	2048092	57	1238577152	962191360	python3*49 ZMQbg/Reaper*4 ZMQbg/IO/0*4 
2026-09-25T18:00:12+04:00	ck5-mirror-1m	1	2048076	488	2	25399296	6021120	uv*1 main2*1 
2026-09-25T18:00:12+04:00	ck5-mirror-1m	1	2048092	2048076	57	1138515968	856207360	ft*51 ZMQbg/Reaper*3 ZMQbg/IO/0*3 
2026-09-25T18:00:12+04:00	ck5-mirror-1m	1	2048370	2048092	1	12763136	5939200	python3*1 
2026-09-25T18:00:12+04:00	ck5-mirror-1m	1	2048371	2048092	30	12907012096	12315516928	python3*21 pt_gloo_runloop*2 ZMQbg/Reaper*2 ZMQbg/IO/0*2 pt_tcpstore_uv*1 cuda0000240000a*1 
2026-09-25T18:00:12+04:00	ck5-mirror-1m	1	2048372	2048092	57	1238577152	962191360	python3*49 ZMQbg/Reaper*4 ZMQbg/IO/0*4 
2026-09-25T18:00:22+04:00	ck5-mirror-1m	1	2048076	488	2	25399296	6021120	uv*1 main2*1 
2026-09-25T18:00:22+04:00	ck5-mirror-1m	1	2048092	2048076	57	1138515968	856207360	ft*51 ZMQbg/Reaper*3 ZMQbg/IO/0*3 
2026-09-25T18:00:22+04:00	ck5-mirror-1m	1	2048370	2048092	1	12763136	5939200	python3*1 
2026-09-25T18:00:22+04:00	ck5-mirror-1m	1	2048371	2048092	30	12907012096	12315516928	python3*21 pt_gloo_runloop*2 ZMQbg/Reaper*2 ZMQbg/IO/0*2 pt_tcpstore_uv*1 cuda0000240000a*1 
2026-09-25T18:00:22+04:00	ck5-mirror-1m	1	2048372	2048092	57	1238577152	962191360	python3*49 ZMQbg/Reaper*4 ZMQbg/IO/0*4 
2026-09-25T18:00:32+04:00	ck5-mirror-1m	1	2048076	488	2	25399296	6021120	uv*1 main2*1 
2026-09-25T18:00:32+04:00	ck5-mirror-1m	1	2048092	2048076	57	1138515968	856207360	ft*51 ZMQbg/Reaper*3 ZMQbg/IO/0*3 
2026-09-25T18:00:32+04:00	ck5-mirror-1m	1	2048370	2048092	1	12763136	5939200	python3*1 
2026-09-25T18:00:32+04:00	ck5-mirror-1m	1	2048371	2048092	30	12907012096	12315516928	python3*21 pt_gloo_runloop*2 ZMQbg/Reaper*2 ZMQbg/IO/0*2 pt_tcpstore_uv*1 cuda0000240000a*1 
2026-09-25T18:00:32+04:00	ck5-mirror-1m	1	2048372	2048092	57	1238577152	962191360	python3*49 ZMQbg/Reaper*4 ZMQbg/IO/0*4 
2026-09-25T18:00:44+04:00	ck5-mirror-1m	1	2048076	488	2	25399296	6021120	uv*1 main2*1 
2026-09-25T18:00:44+04:00	ck5-mirror-1m	1	2048092	2048076	57	1138515968	856207360	ft*51 ZMQbg/Reaper*3 ZMQbg/IO/0*3 
2026-09-25T18:00:44+04:00	ck5-mirror-1m	1	2048370	2048092	1	12763136	5939200	python3*1 
2026-09-25T18:00:44+04:00	ck5-mirror-1m	1	2048371	2048092	30	12907012096	12315516928	python3*21 pt_gloo_runloop*2 ZMQbg/Reaper*2 ZMQbg/IO/0*2 pt_tcpstore_uv*1 cuda0000240000a*1 
2026-09-25T18:00:44+04:00	ck5-mirror-1m	1	2048372	2048092	57	1238577152	962191360	python3*49 ZMQbg/Reaper*4 ZMQbg/IO/0*4 
2026-09-25T18:00:54+04:00	ck5-mirror-1m	3	2048076	488	2	25399296	6021120	uv*1 main2*1 
2026-09-25T18:00:54+04:00	ck5-mirror-1m	3	2048092	2048076	57	1368690688	1086369792	ft*51 ZMQbg/Reaper*3 ZMQbg/IO/0*3 
2026-09-25T18:00:54+04:00	ck5-mirror-1m	3	2048370	2048092	1	12763136	5939200	python3*1 
2026-09-25T18:00:54+04:00	ck5-mirror-1m	3	2048371	2048092	45	12909764608	12317245440	python3*36 pt_gloo_runloop*2 ZMQbg/Reaper*2 ZMQbg/IO/0*2 pt_tcpstore_uv*1 cuda0000240000a*1 
2026-09-25T18:00:55+04:00	ck5-mirror-1m	3	2048372	2048092	57	928210944	672993280	python3*49 ZMQbg/Reaper*4 ZMQbg/IO/0*4 
2026-09-25T18:01:05+04:00	ck5-mirror-1m	3	2048076	488	2	25399296	6021120	uv*1 main2*1 
2026-09-25T18:01:05+04:00	ck5-mirror-1m	3	2048092	2048076	57	1246502912	964182016	ft*51 ZMQbg/Reaper*3 ZMQbg/IO/0*3 
2026-09-25T18:01:05+04:00	ck5-mirror-1m	3	2048370	2048092	1	12763136	5939200	python3*1 
2026-09-25T18:01:05+04:00	ck5-mirror-1m	3	2048371	2048092	45	12909772800	12317253632	python3*36 pt_gloo_runloop*2 ZMQbg/Reaper*2 ZMQbg/IO/0*2 pt_tcpstore_uv*1 cuda0000240000a*1 
2026-09-25T18:01:05+04:00	ck5-mirror-1m	3	2048372	2048092	57	1287462912	1011060736	python3*49 ZMQbg/Reaper*4 ZMQbg/IO/0*4 
2026-09-25T18:01:17+04:00	ck5-mirror-1m	3	2048076	488	2	25399296	6021120	uv*1 main2*1 
2026-09-25T18:01:17+04:00	ck5-mirror-1m	3	2048092	2048076	57	1246502912	964182016	ft*51 ZMQbg/Reaper*3 ZMQbg/IO/0*3 
2026-09-25T18:01:17+04:00	ck5-mirror-1m	3	2048370	2048092	1	12763136	5939200	python3*1 
2026-09-25T18:01:17+04:00	ck5-mirror-1m	3	2048371	2048092	45	12909772800	12317253632	python3*36 pt_gloo_runloop*2 ZMQbg/Reaper*2 ZMQbg/IO/0*2 pt_tcpstore_uv*1 cuda0000240000a*1 
2026-09-25T18:01:17+04:00	ck5-mirror-1m	3	2048372	2048092	57	1287462912	1011060736	python3*49 ZMQbg/Reaper*4 ZMQbg/IO/0*4 
2026-09-25T18:01:27+04:00	ck5-mirror-1m	3	2048076	488	2	25399296	6021120	uv*1 main2*1 
2026-09-25T18:01:27+04:00	ck5-mirror-1m	3	2048092	2048076	57	1246502912	964182016	ft*51 ZMQbg/Reaper*3 ZMQbg/IO/0*3 
2026-09-25T18:01:27+04:00	ck5-mirror-1m	3	2048370	2048092	1	12763136	5939200	python3*1 
2026-09-25T18:01:27+04:00	ck5-mirror-1m	3	2048371	2048092	45	12909772800	12317253632	python3*36 pt_gloo_runloop*2 ZMQbg/Reaper*2 ZMQbg/IO/0*2 pt_tcpstore_uv*1 cuda0000240000a*1 
2026-09-25T18:01:27+04:00	ck5-mirror-1m	3	2048372	2048092	57	1287462912	1011060736	python3*49 ZMQbg/Reaper*4 ZMQbg/IO/0*4 
2026-09-25T18:01:37+04:00	ck5-mirror-1m	3	2048076	488	2	25399296	6021120	uv*1 main2*1 
2026-09-25T18:01:37+04:00	ck5-mirror-1m	3	2048092	2048076	57	1246502912	964182016	ft*51 ZMQbg/Reaper*3 ZMQbg/IO/0*3 
2026-09-25T18:01:37+04:00	ck5-mirror-1m	3	2048370	2048092	1	12763136	5939200	python3*1 
2026-09-25T18:01:37+04:00	ck5-mirror-1m	3	2048371	2048092	45	12909772800	12317253632	python3*36 pt_gloo_runloop*2 ZMQbg/Reaper*2 ZMQbg/IO/0*2 pt_tcpstore_uv*1 cuda0000240000a*1 
2026-09-25T18:01:37+04:00	ck5-mirror-1m	3	2048372	2048092	57	1287462912	1011060736	python3*49 ZMQbg/Reaper*4 ZMQbg/IO/0*4 
2026-09-25T18:01:47+04:00	ck5-mirror-1m	3	2048076	488	2	25399296	6021120	uv*1 main2*1 
2026-09-25T18:01:47+04:00	ck5-mirror-1m	3	2048092	2048076	57	1246502912	964182016	ft*51 ZMQbg/Reaper*3 ZMQbg/IO/0*3 
2026-09-25T18:01:47+04:00	ck5-mirror-1m	3	2048370	2048092	1	12763136	5939200	python3*1 
2026-09-25T18:01:47+04:00	ck5-mirror-1m	3	2048371	2048092	45	12909772800	12317253632	python3*36 pt_gloo_runloop*2 ZMQbg/Reaper*2 ZMQbg/IO/0*2 pt_tcpstore_uv*1 cuda0000240000a*1 
2026-09-25T18:01:49+04:00	ck5-mirror-1m	3	2048372	2048092	57	1287462912	1011060736	python3*49 ZMQbg/Reaper*4 ZMQbg/IO/0*4 
2026-09-25T18:01:59+04:00	ck5-mirror-1m	3	2048076	488	2	25399296	6021120	uv*1 main2*1 
2026-09-25T18:01:59+04:00	ck5-mirror-1m	3	2048092	2048076	57	1246502912	964182016	ft*51 ZMQbg/Reaper*3 ZMQbg/IO/0*3 
2026-09-25T18:01:59+04:00	ck5-mirror-1m	3	2048370	2048092	1	12763136	5939200	python3*1 
2026-09-25T18:01:59+04:00	ck5-mirror-1m	3	2048371	2048092	45	12909772800	12317253632	python3*36 pt_gloo_runloop*2 ZMQbg/Reaper*2 ZMQbg/IO/0*2 pt_tcpstore_uv*1 cuda0000240000a*1 
2026-09-25T18:01:59+04:00	ck5-mirror-1m	3	2048372	2048092	57	1287462912	1011060736	python3*49 ZMQbg/Reaper*4 ZMQbg/IO/0*4 
2026-09-25T18:02:09+04:00	ck5-mirror-1m	3	2048076	488	2	25399296	6021120	uv*1 main2*1 
2026-09-25T18:02:09+04:00	ck5-mirror-1m	3	2048092	2048076	57	1246502912	964182016	ft*51 ZMQbg/Reaper*3 ZMQbg/IO/0*3 
2026-09-25T18:02:09+04:00	ck5-mirror-1m	3	2048370	2048092	1	12763136	5939200	python3*1 
2026-09-25T18:02:09+04:00	ck5-mirror-1m	3	2048371	2048092	45	12909772800	12317253632	python3*36 pt_gloo_runloop*2 ZMQbg/Reaper*2 ZMQbg/IO/0*2 pt_tcpstore_uv*1 cuda0000240000a*1 
2026-09-25T18:02:09+04:00	ck5-mirror-1m	3	2048372	2048092	57	1287462912	1011060736	python3*49 ZMQbg/Reaper*4 ZMQbg/IO/0*4 
2026-09-25T18:02:19+04:00	ck5-mirror-1m	3	2048076	488	2	25399296	6021120	uv*1 main2*1 
2026-09-25T18:02:19+04:00	ck5-mirror-1m	3	2048092	2048076	57	1246502912	964182016	ft*51 ZMQbg/Reaper*3 ZMQbg/IO/0*3 
2026-09-25T18:02:19+04:00	ck5-mirror-1m	3	2048370	2048092	1	12763136	5939200	python3*1 
2026-09-25T18:02:19+04:00	ck5-mirror-1m	3	2048371	2048092	45	12909772800	12317253632	python3*36 pt_gloo_runloop*2 ZMQbg/Reaper*2 ZMQbg/IO/0*2 pt_tcpstore_uv*1 cuda0000240000a*1 
2026-09-25T18:02:20+04:00	ck5-mirror-1m	3	2048372	2048092	57	1287462912	1011060736	python3*49 ZMQbg/Reaper*4 ZMQbg/IO/0*4 
2026-09-25T18:02:31+04:00	ck5-mirror-1m	3	2048076	488	2	25399296	6021120	uv*1 main2*1 
2026-09-25T18:02:31+04:00	ck5-mirror-1m	3	2048092	2048076	57	1246502912	964182016	ft*51 ZMQbg/Reaper*3 ZMQbg/IO/0*3 
2026-09-25T18:02:31+04:00	ck5-mirror-1m	3	2048370	2048092	1	12763136	5939200	python3*1 
2026-09-25T18:02:31+04:00	ck5-mirror-1m	3	2048371	2048092	45	12909772800	12317253632	python3*36 pt_gloo_runloop*2 ZMQbg/Reaper*2 ZMQbg/IO/0*2 pt_tcpstore_uv*1 cuda0000240000a*1 
2026-09-25T18:02:31+04:00	ck5-mirror-1m	3	2048372	2048092	57	1287462912	1011060736	python3*49 ZMQbg/Reaper*4 ZMQbg/IO/0*4 
2026-09-25T18:02:42+04:00	ck5-mirror-1m	3	2048076	488	2	25399296	6021120	uv*1 main2*1 
2026-09-25T18:02:42+04:00	ck5-mirror-1m	3	2048092	2048076	57	1246502912	964182016	ft*51 ZMQbg/Reaper*3 ZMQbg/IO/0*3 
2026-09-25T18:02:42+04:00	ck5-mirror-1m	3	2048370	2048092	1	12763136	5939200	python3*1 
2026-09-25T18:02:42+04:00	ck5-mirror-1m	3	2048371	2048092	45	12909772800	12317253632	python3*36 pt_gloo_runloop*2 ZMQbg/Reaper*2 ZMQbg/IO/0*2 pt_tcpstore_uv*1 cuda0000240000a*1 
2026-09-25T18:02:42+04:00	ck5-mirror-1m	3	2048372	2048092	57	1287462912	1011060736	python3*49 ZMQbg/Reaper*4 ZMQbg/IO/0*4 
2026-09-25T18:02:52+04:00	ck5-mirror-1m	3	2048076	488	2	25399296	6021120	uv*1 main2*1 
2026-09-25T18:02:52+04:00	ck5-mirror-1m	3	2048092	2048076	57	1246502912	964182016	ft*51 ZMQbg/Reaper*3 ZMQbg/IO/0*3 
2026-09-25T18:02:52+04:00	ck5-mirror-1m	3	2048370	2048092	1	12763136	5939200	python3*1 
2026-09-25T18:02:52+04:00	ck5-mirror-1m	3	2048371	2048092	45	12909772800	12317253632	python3*36 pt_gloo_runloop*2 ZMQbg/Reaper*2 ZMQbg/IO/0*2 pt_tcpstore_uv*1 cuda0000240000a*1 
2026-09-25T18:02:52+04:00	ck5-mirror-1m	3	2048372	2048092	57	1287462912	1011060736	python3*49 ZMQbg/Reaper*4 ZMQbg/IO/0*4 
2026-09-25T18:03:04+04:00	ck5-mirror-1m	3	2048076	488	2	25399296	6021120	uv*1 main2*1 
2026-09-25T18:03:04+04:00	ck5-mirror-1m	3	2048092	2048076	57	1245794304	964182016	ft*51 ZMQbg/Reaper*3 ZMQbg/IO/0*3 
2026-09-25T18:03:04+04:00	ck5-mirror-1m	3	2048370	2048092	1	12763136	5939200	python3*1 
2026-09-25T18:03:04+04:00	ck5-mirror-1m	3	2048371	2048092	45	12908707840	12317253632	python3*36 pt_gloo_runloop*2 ZMQbg/Reaper*2 ZMQbg/IO/0*2 pt_tcpstore_uv*1 cuda0000240000a*1 
2026-09-25T18:03:04+04:00	ck5-mirror-1m	3	2048372	2048092	57	1286791168	1011060736	python3*49 ZMQbg/Reaper*4 ZMQbg/IO/0*4 
2026-09-25T18:03:14+04:00	ck5-mirror-1m	3	2048076	488	2	25399296	6021120	uv*1 main2*1 
2026-09-25T18:03:14+04:00	ck5-mirror-1m	3	2048092	2048076	57	1245782016	964182016	ft*51 ZMQbg/Reaper*3 ZMQbg/IO/0*3 
2026-09-25T18:03:14+04:00	ck5-mirror-1m	3	2048370	2048092	1	12763136	5939200	python3*1 
2026-09-25T18:03:14+04:00	ck5-mirror-1m	3	2048371	2048092	45	12908695552	12317253632	python3*36 pt_gloo_runloop*2 ZMQbg/Reaper*2 ZMQbg/IO/0*2 pt_tcpstore_uv*1 cuda0000240000a*1 
2026-09-25T18:03:14+04:00	ck5-mirror-1m	3	2048372	2048092	57	1286778880	1011060736	python3*49 ZMQbg/Reaper*4 ZMQbg/IO/0*4 
2026-09-25T18:03:24+04:00	ck5-mirror-1m	3	2048076	488	2	24662016	6021120	uv*1 main2*1 
2026-09-25T18:03:24+04:00	ck5-mirror-1m	3	2048092	2048076	57	1241341952	964182016	ft*51 ZMQbg/Reaper*3 ZMQbg/IO/0*3 
2026-09-25T18:03:24+04:00	ck5-mirror-1m	3	2048370	2048092	1	12759040	5939200	python3*1 
2026-09-25T18:03:24+04:00	ck5-mirror-1m	3	2048371	2048092	45	12897394688	12317253632	python3*36 pt_gloo_runloop*2 ZMQbg/Reaper*2 ZMQbg/IO/0*2 pt_tcpstore_uv*1 cuda0000240000a*1 
2026-09-25T18:03:24+04:00	ck5-mirror-1m	3	2048372	2048092	57	1282449408	1011060736	python3*49 ZMQbg/Reaper*4 ZMQbg/IO/0*4 
2026-09-25T18:03:36+04:00	ck5-mirror-1m	3	2048076	488	2	24662016	6021120	uv*1 main2*1 
2026-09-25T18:03:36+04:00	ck5-mirror-1m	3	2048092	2048076	57	1241341952	964182016	ft*51 ZMQbg/Reaper*3 ZMQbg/IO/0*3 
2026-09-25T18:03:36+04:00	ck5-mirror-1m	3	2048370	2048092	1	12759040	5939200	python3*1 
2026-09-25T18:03:36+04:00	ck5-mirror-1m	3	2048371	2048092	45	12897394688	12317253632	python3*36 pt_gloo_runloop*2 ZMQbg/Reaper*2 ZMQbg/IO/0*2 pt_tcpstore_uv*1 cuda0000240000a*1 
2026-09-25T18:03:36+04:00	ck5-mirror-1m	3	2048372	2048092	57	1282449408	1011060736	python3*49 ZMQbg/Reaper*4 ZMQbg/IO/0*4 
2026-09-25T18:03:46+04:00	ck5-mirror-1m	3	2048076	488	2	24662016	6021120	uv*1 main2*1 
2026-09-25T18:03:46+04:00	ck5-mirror-1m	3	2048092	2048076	57	1241341952	964182016	ft*51 ZMQbg/Reaper*3 ZMQbg/IO/0*3 
2026-09-25T18:03:46+04:00	ck5-mirror-1m	3	2048370	2048092	1	12759040	5939200	python3*1 
2026-09-25T18:03:46+04:00	ck5-mirror-1m	3	2048371	2048092	45	12897550336	12317253632	python3*36 pt_gloo_runloop*2 ZMQbg/Reaper*2 ZMQbg/IO/0*2 pt_tcpstore_uv*1 cuda0000240000a*1 
2026-09-25T18:03:47+04:00	ck5-mirror-1m	3	2048372	2048092	57	1282449408	1011060736	python3*49 ZMQbg/Reaper*4 ZMQbg/IO/0*4 
2026-09-25T18:03:57+04:00	ck5-mirror-1m	3	2048076	488	2	24662016	6021120	uv*1 main2*1 
2026-09-25T18:03:57+04:00	ck5-mirror-1m	3	2048092	2048076	57	1241341952	964182016	ft*51 ZMQbg/Reaper*3 ZMQbg/IO/0*3 
2026-09-25T18:03:57+04:00	ck5-mirror-1m	3	2048370	2048092	1	12759040	5939200	python3*1 
2026-09-25T18:03:57+04:00	ck5-mirror-1m	3	2048371	2048092	45	12897550336	12317253632	python3*36 pt_gloo_runloop*2 ZMQbg/Reaper*2 ZMQbg/IO/0*2 pt_tcpstore_uv*1 cuda0000240000a*1 
2026-09-25T18:03:57+04:00	ck5-mirror-1m	3	2048372	2048092	57	1282449408	1011060736	python3*49 ZMQbg/Reaper*4 ZMQbg/IO/0*4 
2026-09-25T18:04:09+04:00	ck5-mirror-1m	3	2048076	488	2	24662016	6021120	uv*1 main2*1 
2026-09-25T18:04:09+04:00	ck5-mirror-1m	3	2048092	2048076	57	1241341952	964182016	ft*51 ZMQbg/Reaper*3 ZMQbg/IO/0*3 
2026-09-25T18:04:09+04:00	ck5-mirror-1m	3	2048370	2048092	1	12759040	5939200	python3*1 
2026-09-25T18:04:09+04:00	ck5-mirror-1m	3	2048371	2048092	45	12897550336	12317253632	python3*36 pt_gloo_runloop*2 ZMQbg/Reaper*2 ZMQbg/IO/0*2 pt_tcpstore_uv*1 cuda0000240000a*1 
2026-09-25T18:04:09+04:00	ck5-mirror-1m	3	2048372	2048092	57	1282449408	1011060736	python3*49 ZMQbg/Reaper*4 ZMQbg/IO/0*4 
2026-09-25T18:04:19+04:00	ck5-mirror-1m	3	2048076	488	2	24662016	6021120	uv*1 main2*1 
2026-09-25T18:04:19+04:00	ck5-mirror-1m	3	2048092	2048076	57	1241341952	964182016	ft*51 ZMQbg/Reaper*3 ZMQbg/IO/0*3 
2026-09-25T18:04:19+04:00	ck5-mirror-1m	3	2048370	2048092	1	12759040	5939200	python3*1 
2026-09-25T18:04:19+04:00	ck5-mirror-1m	3	2048371	2048092	45	12897550336	12317253632	python3*36 pt_gloo_runloop*2 ZMQbg/Reaper*2 ZMQbg/IO/0*2 pt_tcpstore_uv*1 cuda0000240000a*1 
2026-09-25T18:04:19+04:00	ck5-mirror-1m	3	2048372	2048092	57	1282449408	1011060736	python3*49 ZMQbg/Reaper*4 ZMQbg/IO/0*4 
2026-09-25T18:04:29+04:00	ck5-mirror-1m	3	2048076	488	2	24662016	6021120	uv*1 main2*1 
2026-09-25T18:04:29+04:00	ck5-mirror-1m	3	2048092	2048076	57	1241341952	964182016	ft*51 ZMQbg/Reaper*3 ZMQbg/IO/0*3 
2026-09-25T18:04:29+04:00	ck5-mirror-1m	3	2048370	2048092	1	12759040	5939200	python3*1 
2026-09-25T18:04:29+04:00	ck5-mirror-1m	3	2048371	2048092	45	12897550336	12317253632	python3*36 pt_gloo_runloop*2 ZMQbg/Reaper*2 ZMQbg/IO/0*2 pt_tcpstore_uv*1 cuda0000240000a*1 
2026-09-25T18:04:29+04:00	ck5-mirror-1m	3	2048372	2048092	57	1282449408	1011060736	python3*49 ZMQbg/Reaper*4 ZMQbg/IO/0*4 
2026-09-25T18:04:41+04:00	ck5-mirror-1m	3	2048076	488	2	24662016	6021120	uv*1 main2*1 
2026-09-25T18:04:41+04:00	ck5-mirror-1m	3	2048092	2048076	57	1241341952	964182016	ft*51 ZMQbg/Reaper*3 ZMQbg/IO/0*3 
2026-09-25T18:04:41+04:00	ck5-mirror-1m	3	2048370	2048092	1	12759040	5939200	python3*1 
2026-09-25T18:04:41+04:00	ck5-mirror-1m	3	2048371	2048092	45	12897550336	12317253632	python3*36 pt_gloo_runloop*2 ZMQbg/Reaper*2 ZMQbg/IO/0*2 pt_tcpstore_uv*1 cuda0000240000a*1 
2026-09-25T18:04:41+04:00	ck5-mirror-1m	3	2048372	2048092	57	1282449408	1011060736	python3*49 ZMQbg/Reaper*4 ZMQbg/IO/0*4 
2026-09-25T18:04:51+04:00	ck5-mirror-1m	3	2048076	488	2	24662016	6021120	uv*1 main2*1 
2026-09-25T18:04:51+04:00	ck5-mirror-1m	3	2048092	2048076	57	1241341952	964182016	ft*51 ZMQbg/Reaper*3 ZMQbg/IO/0*3 
2026-09-25T18:04:51+04:00	ck5-mirror-1m	3	2048370	2048092	1	12759040	5939200	python3*1 
2026-09-25T18:04:51+04:00	ck5-mirror-1m	3	2048371	2048092	45	12897550336	12317253632	python3*36 pt_gloo_runloop*2 ZMQbg/Reaper*2 ZMQbg/IO/0*2 pt_tcpstore_uv*1 cuda0000240000a*1 
2026-09-25T18:04:51+04:00	ck5-mirror-1m	3	2048372	2048092	57	1282449408	1011060736	python3*49 ZMQbg/Reaper*4 ZMQbg/IO/0*4 
2026-09-25T18:05:01+04:00	ck5-mirror-1m	3	2048076	488	2	24662016	6021120	uv*1 main2*1 
2026-09-25T18:05:01+04:00	ck5-mirror-1m	3	2048092	2048076	57	1241341952	964182016	ft*51 ZMQbg/Reaper*3 ZMQbg/IO/0*3 
2026-09-25T18:05:01+04:00	ck5-mirror-1m	3	2048370	2048092	1	12759040	5939200	python3*1 
2026-09-25T18:05:01+04:00	ck5-mirror-1m	3	2048371	2048092	45	12897550336	12317253632	python3*36 pt_gloo_runloop*2 ZMQbg/Reaper*2 ZMQbg/IO/0*2 pt_tcpstore_uv*1 cuda0000240000a*1 
2026-09-25T18:05:01+04:00	ck5-mirror-1m	3	2048372	2048092	57	1282449408	1011060736	python3*49 ZMQbg/Reaper*4 ZMQbg/IO/0*4 
2026-09-25T18:05:13+04:00	ck5-mirror-1m	3	2048076	488	2	24662016	6021120	uv*1 main2*1 
2026-09-25T18:05:13+04:00	ck5-mirror-1m	3	2048092	2048076	57	1241341952	964182016	ft*51 ZMQbg/Reaper*3 ZMQbg/IO/0*3 
2026-09-25T18:05:13+04:00	ck5-mirror-1m	3	2048370	2048092	1	12759040	5939200	python3*1 
2026-09-25T18:05:13+04:00	ck5-mirror-1m	3	2048371	2048092	45	12897550336	12317253632	python3*36 pt_gloo_runloop*2 ZMQbg/Reaper*2 ZMQbg/IO/0*2 pt_tcpstore_uv*1 cuda0000240000a*1 
2026-09-25T18:05:13+04:00	ck5-mirror-1m	3	2048372	2048092	57	1282449408	1011060736	python3*49 ZMQbg/Reaper*4 ZMQbg/IO/0*4 
2026-09-25T18:05:23+04:00	ck5-mirror-1m	3	2048076	488	2	24662016	6021120	uv*1 main2*1 
2026-09-25T18:05:24+04:00	ck5-mirror-1m	3	2048092	2048076	57	1241341952	964182016	ft*51 ZMQbg/Reaper*3 ZMQbg/IO/0*3 
2026-09-25T18:05:24+04:00	ck5-mirror-1m	3	2048370	2048092	1	12759040	5939200	python3*1 
2026-09-25T18:05:24+04:00	ck5-mirror-1m	3	2048371	2048092	45	12897550336	12317253632	python3*36 pt_gloo_runloop*2 ZMQbg/Reaper*2 ZMQbg/IO/0*2 pt_tcpstore_uv*1 cuda0000240000a*1 
2026-09-25T18:05:24+04:00	ck5-mirror-1m	3	2048372	2048092	57	1282449408	1011060736	python3*49 ZMQbg/Reaper*4 ZMQbg/IO/0*4 
2026-09-25T18:05:34+04:00	ck5-mirror-1m	3	2048076	488	2	24662016	6021120	uv*1 main2*1 
2026-09-25T18:05:34+04:00	ck5-mirror-1m	3	2048092	2048076	57	1241341952	964182016	ft*51 ZMQbg/Reaper*3 ZMQbg/IO/0*3 
2026-09-25T18:05:34+04:00	ck5-mirror-1m	3	2048370	2048092	1	12759040	5939200	python3*1 
2026-09-25T18:05:34+04:00	ck5-mirror-1m	3	2048371	2048092	45	12897550336	12317253632	python3*36 pt_gloo_runloop*2 ZMQbg/Reaper*2 ZMQbg/IO/0*2 pt_tcpstore_uv*1 cuda0000240000a*1 
2026-09-25T18:05:34+04:00	ck5-mirror-1m	3	2048372	2048092	57	1282449408	1011060736	python3*49 ZMQbg/Reaper*4 ZMQbg/IO/0*4 
2026-09-25T18:05:44+04:00	ck5-mirror-1m	3	2048076	488	2	24662016	6021120	uv*1 main2*1 
2026-09-25T18:05:44+04:00	ck5-mirror-1m	3	2048092	2048076	57	1241341952	964182016	ft*51 ZMQbg/Reaper*3 ZMQbg/IO/0*3 
2026-09-25T18:05:44+04:00	ck5-mirror-1m	3	2048370	2048092	1	12759040	5939200	python3*1 
2026-09-25T18:05:44+04:00	ck5-mirror-1m	3	2048371	2048092	45	12897550336	12317253632	python3*36 pt_gloo_runloop*2 ZMQbg/Reaper*2 ZMQbg/IO/0*2 pt_tcpstore_uv*1 cuda0000240000a*1 
2026-09-25T18:05:44+04:00	ck5-mirror-1m	3	2048372	2048092	57	1282449408	1011060736	python3*49 ZMQbg/Reaper*4 ZMQbg/IO/0*4 
2026-09-25T18:05:56+04:00	ck5-mirror-1m	3	2048076	488	2	24662016	6021120	uv*1 main2*1 
2026-09-25T18:05:56+04:00	ck5-mirror-1m	3	2048092	2048076	57	1241341952	964182016	ft*51 ZMQbg/Reaper*3 ZMQbg/IO/0*3 
2026-09-25T18:05:56+04:00	ck5-mirror-1m	3	2048370	2048092	1	12759040	5939200	python3*1 
2026-09-25T18:05:56+04:00	ck5-mirror-1m	3	2048371	2048092	45	12897550336	12317253632	python3*36 pt_gloo_runloop*2 ZMQbg/Reaper*2 ZMQbg/IO/0*2 pt_tcpstore_uv*1 cuda0000240000a*1 
2026-09-25T18:05:56+04:00	ck5-mirror-1m	3	2048372	2048092	57	1282449408	1011060736	python3*49 ZMQbg/Reaper*4 ZMQbg/IO/0*4 
2026-09-25T18:06:06+04:00	ck5-mirror-1m	3	2048076	488	2	24662016	6021120	uv*1 main2*1 
2026-09-25T18:06:06+04:00	ck5-mirror-1m	3	2048092	2048076	57	1241341952	964182016	ft*51 ZMQbg/Reaper*3 ZMQbg/IO/0*3 
2026-09-25T18:06:06+04:00	ck5-mirror-1m	3	2048370	2048092	1	12759040	5939200	python3*1 
2026-09-25T18:06:06+04:00	ck5-mirror-1m	3	2048371	2048092	45	12897550336	12317253632	python3*36 pt_gloo_runloop*2 ZMQbg/Reaper*2 ZMQbg/IO/0*2 pt_tcpstore_uv*1 cuda0000240000a*1 
2026-09-25T18:06:06+04:00	ck5-mirror-1m	3	2048372	2048092	57	1282449408	1011060736	python3*49 ZMQbg/Reaper*4 ZMQbg/IO/0*4 
2026-09-25T18:06:16+04:00	ck5-mirror-1m	3	2048076	488	2	24662016	6021120	uv*1 main2*1 
2026-09-25T18:06:16+04:00	ck5-mirror-1m	3	2048092	2048076	57	1241341952	964182016	ft*51 ZMQbg/Reaper*3 ZMQbg/IO/0*3 
2026-09-25T18:06:16+04:00	ck5-mirror-1m	3	2048370	2048092	1	12759040	5939200	python3*1 
2026-09-25T18:06:16+04:00	ck5-mirror-1m	3	2048371	2048092	45	12897550336	12317253632	python3*36 pt_gloo_runloop*2 ZMQbg/Reaper*2 ZMQbg/IO/0*2 pt_tcpstore_uv*1 cuda0000240000a*1 
2026-09-25T18:06:16+04:00	ck5-mirror-1m	3	2048372	2048092	57	1282449408	1011060736	python3*49 ZMQbg/Reaper*4 ZMQbg/IO/0*4 
2026-09-25T18:06:28+04:00	ck5-mirror-1m	3	2048076	488	2	24662016	6021120	uv*1 main2*1 
2026-09-25T18:06:28+04:00	ck5-mirror-1m	3	2048092	2048076	57	1241341952	964182016	ft*51 ZMQbg/Reaper*3 ZMQbg/IO/0*3 
2026-09-25T18:06:28+04:00	ck5-mirror-1m	3	2048370	2048092	1	12759040	5939200	python3*1 
2026-09-25T18:06:28+04:00	ck5-mirror-1m	3	2048371	2048092	45	12897550336	12317253632	python3*36 pt_gloo_runloop*2 ZMQbg/Reaper*2 ZMQbg/IO/0*2 pt_tcpstore_uv*1 cuda0000240000a*1 
2026-09-25T18:06:28+04:00	ck5-mirror-1m	3	2048372	2048092	57	1282449408	1011060736	python3*49 ZMQbg/Reaper*4 ZMQbg/IO/0*4 
2026-09-25T18:06:38+04:00	ck5-mirror-1m	3	2048076	488	2	24662016	6021120	uv*1 main2*1 
2026-09-25T18:06:38+04:00	ck5-mirror-1m	3	2048092	2048076	57	1241341952	964182016	ft*51 ZMQbg/Reaper*3 ZMQbg/IO/0*3 
2026-09-25T18:06:38+04:00	ck5-mirror-1m	3	2048370	2048092	1	12759040	5939200	python3*1 
2026-09-25T18:06:38+04:00	ck5-mirror-1m	3	2048371	2048092	45	12897550336	12317253632	python3*36 pt_gloo_runloop*2 ZMQbg/Reaper*2 ZMQbg/IO/0*2 pt_tcpstore_uv*1 cuda0000240000a*1 
2026-09-25T18:06:39+04:00	ck5-mirror-1m	3	2048372	2048092	57	1282449408	1011060736	python3*49 ZMQbg/Reaper*4 ZMQbg/IO/0*4 
2026-09-25T18:06:49+04:00	ck5-mirror-1m	3	2048076	488	2	24662016	6021120	uv*1 main2*1 
2026-09-25T18:06:49+04:00	ck5-mirror-1m	3	2048092	2048076	57	1241341952	964182016	ft*51 ZMQbg/Reaper*3 ZMQbg/IO/0*3 
2026-09-25T18:06:49+04:00	ck5-mirror-1m	3	2048370	2048092	1	12759040	5939200	python3*1 
2026-09-25T18:06:49+04:00	ck5-mirror-1m	3	2048371	2048092	45	12897550336	12317253632	python3*36 pt_gloo_runloop*2 ZMQbg/Reaper*2 ZMQbg/IO/0*2 pt_tcpstore_uv*1 cuda0000240000a*1 
2026-09-25T18:06:49+04:00	ck5-mirror-1m	3	2048372	2048092	57	1282449408	1011060736	python3*49 ZMQbg/Reaper*4 ZMQbg/IO/0*4 
2026-09-25T18:07:01+04:00	ck5-mirror-1m	3	2048076	488	2	24662016	6021120	uv*1 main2*1 
2026-09-25T18:07:01+04:00	ck5-mirror-1m	3	2048092	2048076	57	1241341952	964182016	ft*51 ZMQbg/Reaper*3 ZMQbg/IO/0*3 
2026-09-25T18:07:01+04:00	ck5-mirror-1m	3	2048370	2048092	1	12759040	5939200	python3*1 
2026-09-25T18:07:01+04:00	ck5-mirror-1m	3	2048371	2048092	45	12897550336	12317253632	python3*36 pt_gloo_runloop*2 ZMQbg/Reaper*2 ZMQbg/IO/0*2 pt_tcpstore_uv*1 cuda0000240000a*1 
2026-09-25T18:07:01+04:00	ck5-mirror-1m	3	2048372	2048092	57	1282449408	1011060736	python3*49 ZMQbg/Reaper*4 ZMQbg/IO/0*4 
2026-09-25T18:07:11+04:00	ck5-mirror-1m	3	2048076	488	2	24662016	6021120	uv*1 main2*1 
2026-09-25T18:07:11+04:00	ck5-mirror-1m	3	2048092	2048076	57	1241341952	964182016	ft*51 ZMQbg/Reaper*3 ZMQbg/IO/0*3 
2026-09-25T18:07:11+04:00	ck5-mirror-1m	3	2048370	2048092	1	12759040	5939200	python3*1 
2026-09-25T18:07:11+04:00	ck5-mirror-1m	3	2048371	2048092	45	12897550336	12317253632	python3*36 pt_gloo_runloop*2 ZMQbg/Reaper*2 ZMQbg/IO/0*2 pt_tcpstore_uv*1 cuda0000240000a*1 
2026-09-25T18:07:11+04:00	ck5-mirror-1m	3	2048372	2048092	57	1282449408	1011060736	python3*49 ZMQbg/Reaper*4 ZMQbg/IO/0*4 
2026-09-25T18:07:21+04:00	ck5-mirror-1m	3	2048076	488	2	24662016	6021120	uv*1 main2*1 
2026-09-25T18:07:21+04:00	ck5-mirror-1m	3	2048092	2048076	57	1241341952	964182016	ft*51 ZMQbg/Reaper*3 ZMQbg/IO/0*3 
2026-09-25T18:07:21+04:00	ck5-mirror-1m	3	2048370	2048092	1	12759040	5939200	python3*1 
2026-09-25T18:07:21+04:00	ck5-mirror-1m	3	2048371	2048092	45	12897550336	12317253632	python3*36 pt_gloo_runloop*2 ZMQbg/Reaper*2 ZMQbg/IO/0*2 pt_tcpstore_uv*1 cuda0000240000a*1 
2026-09-25T18:07:21+04:00	ck5-mirror-1m	3	2048372	2048092	57	1282449408	1011060736	python3*49 ZMQbg/Reaper*4 ZMQbg/IO/0*4 
2026-09-25T18:07:33+04:00	ck5-mirror-1m	3	2048076	488	2	24662016	6021120	uv*1 main2*1 
2026-09-25T18:07:33+04:00	ck5-mirror-1m	3	2048092	2048076	57	1241341952	964182016	ft*51 ZMQbg/Reaper*3 ZMQbg/IO/0*3 
2026-09-25T18:07:33+04:00	ck5-mirror-1m	3	2048370	2048092	1	12759040	5939200	python3*1 
2026-09-25T18:07:33+04:00	ck5-mirror-1m	3	2048371	2048092	45	12897550336	12317253632	python3*36 pt_gloo_runloop*2 ZMQbg/Reaper*2 ZMQbg/IO/0*2 pt_tcpstore_uv*1 cuda0000240000a*1 
2026-09-25T18:07:33+04:00	ck5-mirror-1m	3	2048372	2048092	57	1282449408	1011060736	python3*49 ZMQbg/Reaper*4 ZMQbg/IO/0*4 
2026-09-25T18:07:43+04:00	ck5-mirror-1m	3	2048076	488	2	24662016	6021120	uv*1 main2*1 
2026-09-25T18:07:43+04:00	ck5-mirror-1m	3	2048092	2048076	57	1241341952	964182016	ft*51 ZMQbg/Reaper*3 ZMQbg/IO/0*3 
2026-09-25T18:07:43+04:00	ck5-mirror-1m	3	2048370	2048092	1	12759040	5939200	python3*1 
2026-09-25T18:07:43+04:00	ck5-mirror-1m	3	2048371	2048092	45	12897550336	12317253632	python3*36 pt_gloo_runloop*2 ZMQbg/Reaper*2 ZMQbg/IO/0*2 pt_tcpstore_uv*1 cuda0000240000a*1 
2026-09-25T18:07:44+04:00	ck5-mirror-1m	3	2048372	2048092	57	1282449408	1011060736	python3*49 ZMQbg/Reaper*4 ZMQbg/IO/0*4 
2026-09-25T18:07:54+04:00	ck5-mirror-1m	3	2048076	488	2	24662016	6021120	uv*1 main2*1 
2026-09-25T18:07:54+04:00	ck5-mirror-1m	3	2048092	2048076	57	1241341952	964182016	ft*51 ZMQbg/Reaper*3 ZMQbg/IO/0*3 
2026-09-25T18:07:54+04:00	ck5-mirror-1m	3	2048370	2048092	1	12759040	5939200	python3*1 
2026-09-25T18:07:54+04:00	ck5-mirror-1m	3	2048371	2048092	45	12897550336	12317253632	python3*36 pt_gloo_runloop*2 ZMQbg/Reaper*2 ZMQbg/IO/0*2 pt_tcpstore_uv*1 cuda0000240000a*1 
2026-09-25T18:07:54+04:00	ck5-mirror-1m	3	2048372	2048092	57	1282449408	1011060736	python3*49 ZMQbg/Reaper*4 ZMQbg/IO/0*4 
2026-09-25T18:08:05+04:00	ck5-mirror-1m	3	2048076	488	2	24662016	6021120	uv*1 main2*1 
2026-09-25T18:08:05+04:00	ck5-mirror-1m	3	2048092	2048076	57	1241341952	964182016	ft*51 ZMQbg/Reaper*3 ZMQbg/IO/0*3 
2026-09-25T18:08:05+04:00	ck5-mirror-1m	3	2048370	2048092	1	12759040	5939200	python3*1 
2026-09-25T18:08:05+04:00	ck5-mirror-1m	3	2048371	2048092	45	12897550336	12317253632	python3*36 pt_gloo_runloop*2 ZMQbg/Reaper*2 ZMQbg/IO/0*2 pt_tcpstore_uv*1 cuda0000240000a*1 
2026-09-25T18:08:05+04:00	ck5-mirror-1m	3	2048372	2048092	57	1282449408	1011060736	python3*49 ZMQbg/Reaper*4 ZMQbg/IO/0*4 
2026-09-25T18:08:15+04:00	ck5-mirror-1m	3	2048076	488	2	24662016	6021120	uv*1 main2*1 
2026-09-25T18:08:15+04:00	ck5-mirror-1m	3	2048092	2048076	57	1241341952	964182016	ft*51 ZMQbg/Reaper*3 ZMQbg/IO/0*3 
2026-09-25T18:08:15+04:00	ck5-mirror-1m	3	2048370	2048092	1	12759040	5939200	python3*1 
2026-09-25T18:08:15+04:00	ck5-mirror-1m	3	2048371	2048092	45	12897550336	12317253632	python3*36 pt_gloo_runloop*2 ZMQbg/Reaper*2 ZMQbg/IO/0*2 pt_tcpstore_uv*1 cuda0000240000a*1 
2026-09-25T18:08:16+04:00	ck5-mirror-1m	3	2048372	2048092	57	1282449408	1011060736	python3*49 ZMQbg/Reaper*4 ZMQbg/IO/0*4 
2026-09-25T18:08:26+04:00	ck5-mirror-1m	3	2048076	488	2	24662016	6021120	uv*1 main2*1 
2026-09-25T18:08:26+04:00	ck5-mirror-1m	3	2048092	2048076	57	1241341952	964182016	ft*51 ZMQbg/Reaper*3 ZMQbg/IO/0*3 
2026-09-25T18:08:26+04:00	ck5-mirror-1m	3	2048370	2048092	1	12759040	5939200	python3*1 
2026-09-25T18:08:26+04:00	ck5-mirror-1m	3	2048371	2048092	45	12897550336	12317253632	python3*36 pt_gloo_runloop*2 ZMQbg/Reaper*2 ZMQbg/IO/0*2 pt_tcpstore_uv*1 cuda0000240000a*1 
2026-09-25T18:08:26+04:00	ck5-mirror-1m	3	2048372	2048092	57	1282449408	1011060736	python3*49 ZMQbg/Reaper*4 ZMQbg/IO/0*4 
2026-09-25T18:08:38+04:00	ck5-mirror-1m	3	2048076	488	2	24662016	6021120	uv*1 main2*1 
2026-09-25T18:08:38+04:00	ck5-mirror-1m	3	2048092	2048076	57	1241341952	964182016	ft*51 ZMQbg/Reaper*3 ZMQbg/IO/0*3 
2026-09-25T18:08:38+04:00	ck5-mirror-1m	3	2048370	2048092	1	12759040	5939200	python3*1 
2026-09-25T18:08:38+04:00	ck5-mirror-1m	3	2048371	2048092	45	12897550336	12317253632	python3*36 pt_gloo_runloop*2 ZMQbg/Reaper*2 ZMQbg/IO/0*2 pt_tcpstore_uv*1 cuda0000240000a*1 
2026-09-25T18:08:38+04:00	ck5-mirror-1m	3	2048372	2048092	57	1282449408	1011060736	python3*49 ZMQbg/Reaper*4 ZMQbg/IO/0*4 
2026-09-25T18:08:48+04:00	ck5-mirror-1m	3	2048076	488	2	24662016	6021120	uv*1 main2*1 
2026-09-25T18:08:48+04:00	ck5-mirror-1m	3	2048092	2048076	57	1241341952	964182016	ft*51 ZMQbg/Reaper*3 ZMQbg/IO/0*3 
2026-09-25T18:08:48+04:00	ck5-mirror-1m	3	2048370	2048092	1	12759040	5939200	python3*1 
2026-09-25T18:08:48+04:00	ck5-mirror-1m	3	2048371	2048092	45	12897550336	12317253632	python3*36 pt_gloo_runloop*2 ZMQbg/Reaper*2 ZMQbg/IO/0*2 pt_tcpstore_uv*1 cuda0000240000a*1 
2026-09-25T18:08:48+04:00	ck5-mirror-1m	3	2048372	2048092	57	1282449408	1011060736	python3*49 ZMQbg/Reaper*4 ZMQbg/IO/0*4 
2026-09-25T18:08:58+04:00	ck5-mirror-1m	3	2048076	488	2	24662016	6021120	uv*1 main2*1 
2026-09-25T18:08:58+04:00	ck5-mirror-1m	3	2048092	2048076	57	1241341952	964182016	ft*51 ZMQbg/Reaper*3 ZMQbg/IO/0*3 
2026-09-25T18:08:58+04:00	ck5-mirror-1m	3	2048370	2048092	1	12759040	5939200	python3*1 
2026-09-25T18:08:58+04:00	ck5-mirror-1m	3	2048371	2048092	45	12897550336	12317253632	python3*36 pt_gloo_runloop*2 ZMQbg/Reaper*2 ZMQbg/IO/0*2 pt_tcpstore_uv*1 cuda0000240000a*1 
2026-09-25T18:08:58+04:00	ck5-mirror-1m	3	2048372	2048092	57	1282449408	1011060736	python3*49 ZMQbg/Reaper*4 ZMQbg/IO/0*4 
2026-09-25T18:09:08+04:00	ck5-mirror-1m	3	2048076	488	2	24662016	6021120	uv*1 main2*1 
2026-09-25T18:09:08+04:00	ck5-mirror-1m	3	2048092	2048076	57	1241341952	964182016	ft*51 ZMQbg/Reaper*3 ZMQbg/IO/0*3 
2026-09-25T18:09:08+04:00	ck5-mirror-1m	3	2048370	2048092	1	12759040	5939200	python3*1 
2026-09-25T18:09:08+04:00	ck5-mirror-1m	3	2048371	2048092	45	12897550336	12317253632	python3*36 pt_gloo_runloop*2 ZMQbg/Reaper*2 ZMQbg/IO/0*2 pt_tcpstore_uv*1 cuda0000240000a*1 
2026-09-25T18:09:08+04:00	ck5-mirror-1m	3	2048372	2048092	57	1282449408	1011060736	python3*49 ZMQbg/Reaper*4 ZMQbg/IO/0*4 
2026-09-25T18:09:20+04:00	ck5-mirror-1m	3	2048076	488	2	24662016	6021120	uv*1 main2*1 
2026-09-25T18:09:20+04:00	ck5-mirror-1m	3	2048092	2048076	57	1241341952	964182016	ft*51 ZMQbg/Reaper*3 ZMQbg/IO/0*3 
2026-09-25T18:09:20+04:00	ck5-mirror-1m	3	2048370	2048092	1	12759040	5939200	python3*1 
2026-09-25T18:09:20+04:00	ck5-mirror-1m	3	2048371	2048092	45	12897550336	12317253632	python3*36 pt_gloo_runloop*2 ZMQbg/Reaper*2 ZMQbg/IO/0*2 pt_tcpstore_uv*1 cuda0000240000a*1 
2026-09-25T18:09:20+04:00	ck5-mirror-1m	3	2048372	2048092	57	1282449408	1011060736	python3*49 ZMQbg/Reaper*4 ZMQbg/IO/0*4 
2026-09-25T18:09:30+04:00	ck5-mirror-1m	3	2048076	488	2	24662016	6021120	uv*1 main2*1 
2026-09-25T18:09:31+04:00	ck5-mirror-1m	3	2048092	2048076	57	1241341952	964182016	ft*51 ZMQbg/Reaper*3 ZMQbg/IO/0*3 
2026-09-25T18:09:31+04:00	ck5-mirror-1m	3	2048370	2048092	1	12759040	5939200	python3*1 
2026-09-25T18:09:31+04:00	ck5-mirror-1m	3	2048371	2048092	45	12897550336	12317253632	python3*36 pt_gloo_runloop*2 ZMQbg/Reaper*2 ZMQbg/IO/0*2 pt_tcpstore_uv*1 cuda0000240000a*1 
2026-09-25T18:09:31+04:00	ck5-mirror-1m	3	2048372	2048092	57	1282449408	1011060736	python3*49 ZMQbg/Reaper*4 ZMQbg/IO/0*4 
2026-09-25T18:09:41+04:00	ck5-mirror-1m	4	2048076	488	2	24662016	6021120	uv*1 main2*1 
2026-09-25T18:09:41+04:00	ck5-mirror-1m	4	2048092	2048076	57	1241481216	964194304	ft*51 ZMQbg/Reaper*3 ZMQbg/IO/0*3 
2026-09-25T18:09:41+04:00	ck5-mirror-1m	4	2048370	2048092	1	12759040	5939200	python3*1 
2026-09-25T18:09:41+04:00	ck5-mirror-1m	4	2048371	2048092	45	12897595392	12317253632	python3*36 pt_gloo_runloop*2 ZMQbg/Reaper*2 ZMQbg/IO/0*2 pt_tcpstore_uv*1 cuda0000240000a*1 
2026-09-25T18:09:41+04:00	ck5-mirror-1m	4	2048372	2048092	57	916189184	644669440	python3*49 ZMQbg/Reaper*4 ZMQbg/IO/0*4 
2026-09-25T18:09:53+04:00	ck5-mirror-1m	4	2048076	488	2	24662016	6021120	uv*1 main2*1 
2026-09-25T18:09:53+04:00	ck5-mirror-1m	4	2048092	2048076	57	1241481216	964194304	ft*51 ZMQbg/Reaper*3 ZMQbg/IO/0*3 
2026-09-25T18:09:53+04:00	ck5-mirror-1m	4	2048370	2048092	1	12759040	5939200	python3*1 
2026-09-25T18:09:53+04:00	ck5-mirror-1m	4	2048371	2048092	45	12897603584	12317253632	python3*36 pt_gloo_runloop*2 ZMQbg/Reaper*2 ZMQbg/IO/0*2 pt_tcpstore_uv*1 cuda0000240000a*1 
2026-09-25T18:09:53+04:00	ck5-mirror-1m	4	2048372	2048092	57	916189184	644669440	python3*49 ZMQbg/Reaper*4 ZMQbg/IO/0*4 
2026-09-25T18:10:03+04:00	ck5-mirror-1m	4	2048076	488	2	24662016	6021120	uv*1 main2*1 
2026-09-25T18:10:03+04:00	ck5-mirror-1m	4	2048092	2048076	57	1241481216	964194304	ft*51 ZMQbg/Reaper*3 ZMQbg/IO/0*3 
2026-09-25T18:10:03+04:00	ck5-mirror-1m	4	2048370	2048092	1	12759040	5939200	python3*1 
2026-09-25T18:10:03+04:00	ck5-mirror-1m	4	2048371	2048092	45	12897603584	12317253632	python3*36 pt_gloo_runloop*2 ZMQbg/Reaper*2 ZMQbg/IO/0*2 pt_tcpstore_uv*1 cuda0000240000a*1 
2026-09-25T18:10:03+04:00	ck5-mirror-1m	4	2048372	2048092	57	916189184	644669440	python3*49 ZMQbg/Reaper*4 ZMQbg/IO/0*4 
2026-09-25T18:10:13+04:00	ck5-mirror-1m	4	2048076	488	2	24662016	6021120	uv*1 main2*1 
2026-09-25T18:10:13+04:00	ck5-mirror-1m	4	2048092	2048076	57	1241481216	964194304	ft*51 ZMQbg/Reaper*3 ZMQbg/IO/0*3 
2026-09-25T18:10:13+04:00	ck5-mirror-1m	4	2048370	2048092	1	12759040	5939200	python3*1 
2026-09-25T18:10:13+04:00	ck5-mirror-1m	4	2048371	2048092	45	12897603584	12317253632	python3*36 pt_gloo_runloop*2 ZMQbg/Reaper*2 ZMQbg/IO/0*2 pt_tcpstore_uv*1 cuda0000240000a*1 
2026-09-25T18:10:13+04:00	ck5-mirror-1m	4	2048372	2048092	57	916189184	644669440	python3*49 ZMQbg/Reaper*4 ZMQbg/IO/0*4 
2026-09-25T18:10:25+04:00	ck5-mirror-1m	4	2048076	488	2	24662016	6021120	uv*1 main2*1 
2026-09-25T18:10:25+04:00	ck5-mirror-1m	4	2048092	2048076	57	1241481216	964194304	ft*51 ZMQbg/Reaper*3 ZMQbg/IO/0*3 
2026-09-25T18:10:25+04:00	ck5-mirror-1m	4	2048370	2048092	1	12759040	5939200	python3*1 
2026-09-25T18:10:25+04:00	ck5-mirror-1m	4	2048371	2048092	45	12897603584	12317253632	python3*36 pt_gloo_runloop*2 ZMQbg/Reaper*2 ZMQbg/IO/0*2 pt_tcpstore_uv*1 cuda0000240000a*1 
2026-09-25T18:10:25+04:00	ck5-mirror-1m	4	2048372	2048092	57	916189184	644669440	python3*49 ZMQbg/Reaper*4 ZMQbg/IO/0*4 
2026-09-25T18:10:35+04:00	ck5-mirror-1m	4	2048076	488	2	24662016	6021120	uv*1 main2*1 
2026-09-25T18:10:35+04:00	ck5-mirror-1m	4	2048092	2048076	57	1241481216	964194304	ft*51 ZMQbg/Reaper*3 ZMQbg/IO/0*3 
2026-09-25T18:10:35+04:00	ck5-mirror-1m	4	2048370	2048092	1	12759040	5939200	python3*1 
2026-09-25T18:10:36+04:00	ck5-mirror-1m	4	2048371	2048092	45	12897603584	12317253632	python3*36 pt_gloo_runloop*2 ZMQbg/Reaper*2 ZMQbg/IO/0*2 pt_tcpstore_uv*1 cuda0000240000a*1 
2026-09-25T18:10:36+04:00	ck5-mirror-1m	4	2048372	2048092	57	916189184	644669440	python3*49 ZMQbg/Reaper*4 ZMQbg/IO/0*4 
2026-09-25T18:10:46+04:00	ck5-mirror-1m	4	2048076	488	2	24662016	6021120	uv*1 main2*1 
2026-09-25T18:10:46+04:00	ck5-mirror-1m	4	2048092	2048076	57	1241481216	964194304	ft*51 ZMQbg/Reaper*3 ZMQbg/IO/0*3 
2026-09-25T18:10:46+04:00	ck5-mirror-1m	4	2048370	2048092	1	12759040	5939200	python3*1 
2026-09-25T18:10:46+04:00	ck5-mirror-1m	4	2048371	2048092	45	12897603584	12317253632	python3*36 pt_gloo_runloop*2 ZMQbg/Reaper*2 ZMQbg/IO/0*2 pt_tcpstore_uv*1 cuda0000240000a*1 
2026-09-25T18:10:46+04:00	ck5-mirror-1m	4	2048372	2048092	57	916189184	644669440	python3*49 ZMQbg/Reaper*4 ZMQbg/IO/0*4 
2026-09-25T18:10:58+04:00	ck5-mirror-1m	4	2048076	488	2	24662016	6021120	uv*1 main2*1 
2026-09-25T18:10:58+04:00	ck5-mirror-1m	4	2048092	2048076	57	1241481216	964194304	ft*51 ZMQbg/Reaper*3 ZMQbg/IO/0*3 
2026-09-25T18:10:58+04:00	ck5-mirror-1m	4	2048370	2048092	1	12759040	5939200	python3*1 
2026-09-25T18:10:58+04:00	ck5-mirror-1m	4	2048371	2048092	45	12897603584	12317253632	python3*36 pt_gloo_runloop*2 ZMQbg/Reaper*2 ZMQbg/IO/0*2 pt_tcpstore_uv*1 cuda0000240000a*1 
2026-09-25T18:10:58+04:00	ck5-mirror-1m	4	2048372	2048092	57	916189184	644669440	python3*49 ZMQbg/Reaper*4 ZMQbg/IO/0*4 
2026-09-25T18:11:08+04:00	ck5-mirror-1m	4	2048076	488	2	24662016	6021120	uv*1 main2*1 
2026-09-25T18:11:08+04:00	ck5-mirror-1m	4	2048092	2048076	57	1241481216	964194304	ft*51 ZMQbg/Reaper*3 ZMQbg/IO/0*3 
2026-09-25T18:11:08+04:00	ck5-mirror-1m	4	2048370	2048092	1	12759040	5939200	python3*1 
2026-09-25T18:11:08+04:00	ck5-mirror-1m	4	2048371	2048092	45	12897603584	12317253632	python3*36 pt_gloo_runloop*2 ZMQbg/Reaper*2 ZMQbg/IO/0*2 pt_tcpstore_uv*1 cuda0000240000a*1 
2026-09-25T18:11:08+04:00	ck5-mirror-1m	4	2048372	2048092	57	916189184	644669440	python3*49 ZMQbg/Reaper*4 ZMQbg/IO/0*4 
2026-09-25T18:11:18+04:00	ck5-mirror-1m	4	2048076	488	2	24662016	6021120	uv*1 main2*1 
2026-09-25T18:11:18+04:00	ck5-mirror-1m	4	2048092	2048076	57	1241481216	964194304	ft*51 ZMQbg/Reaper*3 ZMQbg/IO/0*3 
2026-09-25T18:11:18+04:00	ck5-mirror-1m	4	2048370	2048092	1	12759040	5939200	python3*1 
2026-09-25T18:11:18+04:00	ck5-mirror-1m	4	2048371	2048092	45	12897603584	12317253632	python3*36 pt_gloo_runloop*2 ZMQbg/Reaper*2 ZMQbg/IO/0*2 pt_tcpstore_uv*1 cuda0000240000a*1 
2026-09-25T18:11:18+04:00	ck5-mirror-1m	4	2048372	2048092	57	916189184	644669440	python3*49 ZMQbg/Reaper*4 ZMQbg/IO/0*4 
2026-09-25T18:11:30+04:00	ck5-mirror-1m	4	2048076	488	2	24662016	6021120	uv*1 main2*1 
2026-09-25T18:11:30+04:00	ck5-mirror-1m	4	2048092	2048076	57	1241481216	964194304	ft*51 ZMQbg/Reaper*3 ZMQbg/IO/0*3 
2026-09-25T18:11:30+04:00	ck5-mirror-1m	4	2048370	2048092	1	12759040	5939200	python3*1 
2026-09-25T18:11:30+04:00	ck5-mirror-1m	4	2048371	2048092	45	12897603584	12317253632	python3*36 pt_gloo_runloop*2 ZMQbg/Reaper*2 ZMQbg/IO/0*2 pt_tcpstore_uv*1 cuda0000240000a*1 
2026-09-25T18:11:30+04:00	ck5-mirror-1m	4	2048372	2048092	57	916189184	644669440	python3*49 ZMQbg/Reaper*4 ZMQbg/IO/0*4 
2026-09-25T18:11:40+04:00	ck5-mirror-1m	4	2048076	488	2	24662016	6021120	uv*1 main2*1 
2026-09-25T18:11:40+04:00	ck5-mirror-1m	4	2048092	2048076	57	1241481216	964194304	ft*51 ZMQbg/Reaper*3 ZMQbg/IO/0*3 
2026-09-25T18:11:40+04:00	ck5-mirror-1m	4	2048370	2048092	1	12759040	5939200	python3*1 
2026-09-25T18:11:40+04:00	ck5-mirror-1m	4	2048371	2048092	45	12897603584	12317253632	python3*36 pt_gloo_runloop*2 ZMQbg/Reaper*2 ZMQbg/IO/0*2 pt_tcpstore_uv*1 cuda0000240000a*1 
2026-09-25T18:11:40+04:00	ck5-mirror-1m	4	2048372	2048092	57	916189184	644669440	python3*49 ZMQbg/Reaper*4 ZMQbg/IO/0*4 
2026-09-25T18:11:50+04:00	ck5-mirror-1m	4	2048076	488	2	24662016	6021120	uv*1 main2*1 
2026-09-25T18:11:50+04:00	ck5-mirror-1m	4	2048092	2048076	57	1241481216	964194304	ft*51 ZMQbg/Reaper*3 ZMQbg/IO/0*3 
2026-09-25T18:11:50+04:00	ck5-mirror-1m	4	2048370	2048092	1	12759040	5939200	python3*1 
2026-09-25T18:11:50+04:00	ck5-mirror-1m	4	2048371	2048092	45	12897603584	12317253632	python3*36 pt_gloo_runloop*2 ZMQbg/Reaper*2 ZMQbg/IO/0*2 pt_tcpstore_uv*1 cuda0000240000a*1 
2026-09-25T18:11:50+04:00	ck5-mirror-1m	4	2048372	2048092	57	916189184	644669440	python3*49 ZMQbg/Reaper*4 ZMQbg/IO/0*4 
2026-09-25T18:12:02+04:00	ck5-mirror-1m	4	2048076	488	2	24662016	6021120	uv*1 main2*1 
2026-09-25T18:12:02+04:00	ck5-mirror-1m	4	2048092	2048076	57	1241481216	964194304	ft*51 ZMQbg/Reaper*3 ZMQbg/IO/0*3 
2026-09-25T18:12:02+04:00	ck5-mirror-1m	4	2048370	2048092	1	12759040	5939200	python3*1 
2026-09-25T18:12:02+04:00	ck5-mirror-1m	4	2048371	2048092	45	12897603584	12317253632	python3*36 pt_gloo_runloop*2 ZMQbg/Reaper*2 ZMQbg/IO/0*2 pt_tcpstore_uv*1 cuda0000240000a*1 
2026-09-25T18:12:02+04:00	ck5-mirror-1m	4	2048372	2048092	57	916189184	644669440	python3*49 ZMQbg/Reaper*4 ZMQbg/IO/0*4 
2026-09-25T18:12:12+04:00	ck5-mirror-1m	4	2048076	488	2	24662016	6021120	uv*1 main2*1 
2026-09-25T18:12:13+04:00	ck5-mirror-1m	4	2048092	2048076	57	1241481216	964194304	ft*51 ZMQbg/Reaper*3 ZMQbg/IO/0*3 
2026-09-25T18:12:13+04:00	ck5-mirror-1m	4	2048370	2048092	1	12759040	5939200	python3*1 
2026-09-25T18:12:13+04:00	ck5-mirror-1m	4	2048371	2048092	45	12897603584	12317253632	python3*36 pt_gloo_runloop*2 ZMQbg/Reaper*2 ZMQbg/IO/0*2 pt_tcpstore_uv*1 cuda0000240000a*1 
2026-09-25T18:12:13+04:00	ck5-mirror-1m	4	2048372	2048092	57	916189184	644669440	python3*49 ZMQbg/Reaper*4 ZMQbg/IO/0*4 
2026-09-25T18:12:23+04:00	ck5-mirror-1m	4	2048076	488	2	24662016	6021120	uv*1 main2*1 
2026-09-25T18:12:23+04:00	ck5-mirror-1m	4	2048092	2048076	57	1241481216	964194304	ft*51 ZMQbg/Reaper*3 ZMQbg/IO/0*3 
2026-09-25T18:12:23+04:00	ck5-mirror-1m	4	2048370	2048092	1	12759040	5939200	python3*1 
2026-09-25T18:12:23+04:00	ck5-mirror-1m	4	2048371	2048092	45	12897603584	12317253632	python3*36 pt_gloo_runloop*2 ZMQbg/Reaper*2 ZMQbg/IO/0*2 pt_tcpstore_uv*1 cuda0000240000a*1 
2026-09-25T18:12:23+04:00	ck5-mirror-1m	4	2048372	2048092	57	916189184	644669440	python3*49 ZMQbg/Reaper*4 ZMQbg/IO/0*4 
2026-09-25T18:12:35+04:00	ck5-mirror-1m	4	2048076	488	2	24662016	6021120	uv*1 main2*1 
2026-09-25T18:12:35+04:00	ck5-mirror-1m	4	2048092	2048076	57	1241481216	964194304	ft*51 ZMQbg/Reaper*3 ZMQbg/IO/0*3 
2026-09-25T18:12:35+04:00	ck5-mirror-1m	4	2048370	2048092	1	12759040	5939200	python3*1 
2026-09-25T18:12:35+04:00	ck5-mirror-1m	4	2048371	2048092	45	12897603584	12317253632	python3*36 pt_gloo_runloop*2 ZMQbg/Reaper*2 ZMQbg/IO/0*2 pt_tcpstore_uv*1 cuda0000240000a*1 
2026-09-25T18:12:35+04:00	ck5-mirror-1m	4	2048372	2048092	57	916189184	644669440	python3*49 ZMQbg/Reaper*4 ZMQbg/IO/0*4 
2026-09-25T18:12:45+04:00	ck5-mirror-1m	4	2048076	488	2	24662016	6021120	uv*1 main2*1 
2026-09-25T18:12:45+04:00	ck5-mirror-1m	4	2048092	2048076	57	1241481216	964194304	ft*51 ZMQbg/Reaper*3 ZMQbg/IO/0*3 
2026-09-25T18:12:45+04:00	ck5-mirror-1m	4	2048370	2048092	1	12759040	5939200	python3*1 
2026-09-25T18:12:45+04:00	ck5-mirror-1m	4	2048371	2048092	45	12897603584	12317253632	python3*36 pt_gloo_runloop*2 ZMQbg/Reaper*2 ZMQbg/IO/0*2 pt_tcpstore_uv*1 cuda0000240000a*1 
2026-09-25T18:12:45+04:00	ck5-mirror-1m	4	2048372	2048092	57	916189184	644669440	python3*49 ZMQbg/Reaper*4 ZMQbg/IO/0*4 
2026-09-25T18:12:55+04:00	ck5-mirror-1m	4	2048076	488	2	24662016	6021120	uv*1 main2*1 
2026-09-25T18:12:55+04:00	ck5-mirror-1m	4	2048092	2048076	57	1241481216	964194304	ft*51 ZMQbg/Reaper*3 ZMQbg/IO/0*3 
2026-09-25T18:12:55+04:00	ck5-mirror-1m	4	2048370	2048092	1	12759040	5939200	python3*1 
2026-09-25T18:12:55+04:00	ck5-mirror-1m	4	2048371	2048092	45	12897603584	12317253632	python3*36 pt_gloo_runloop*2 ZMQbg/Reaper*2 ZMQbg/IO/0*2 pt_tcpstore_uv*1 cuda0000240000a*1 
2026-09-25T18:12:55+04:00	ck5-mirror-1m	4	2048372	2048092	57	916189184	644669440	python3*49 ZMQbg/Reaper*4 ZMQbg/IO/0*4 
2026-09-25T18:13:05+04:00	ck5-mirror-1m	4	2048076	488	2	24662016	6021120	uv*1 main2*1 
2026-09-25T18:13:05+04:00	ck5-mirror-1m	4	2048092	2048076	57	1241481216	964194304	ft*51 ZMQbg/Reaper*3 ZMQbg/IO/0*3 
2026-09-25T18:13:05+04:00	ck5-mirror-1m	4	2048370	2048092	1	12759040	5939200	python3*1 
2026-09-25T18:13:05+04:00	ck5-mirror-1m	4	2048371	2048092	45	12897603584	12317253632	python3*36 pt_gloo_runloop*2 ZMQbg/Reaper*2 ZMQbg/IO/0*2 pt_tcpstore_uv*1 cuda0000240000a*1 
2026-09-25T18:13:05+04:00	ck5-mirror-1m	4	2048372	2048092	57	916189184	644669440	python3*49 ZMQbg/Reaper*4 ZMQbg/IO/0*4 
2026-09-25T18:13:17+04:00	ck5-mirror-1m	4	2048076	488	2	24662016	6021120	uv*1 main2*1 
2026-09-25T18:13:17+04:00	ck5-mirror-1m	4	2048092	2048076	57	1241481216	964194304	ft*51 ZMQbg/Reaper*3 ZMQbg/IO/0*3 
2026-09-25T18:13:17+04:00	ck5-mirror-1m	4	2048370	2048092	1	12759040	5939200	python3*1 
2026-09-25T18:13:17+04:00	ck5-mirror-1m	4	2048371	2048092	45	12897603584	12317253632	python3*36 pt_gloo_runloop*2 ZMQbg/Reaper*2 ZMQbg/IO/0*2 pt_tcpstore_uv*1 cuda0000240000a*1 
2026-09-25T18:13:17+04:00	ck5-mirror-1m	4	2048372	2048092	57	916189184	644669440	python3*49 ZMQbg/Reaper*4 ZMQbg/IO/0*4 
2026-09-25T18:13:27+04:00	ck5-mirror-1m	4	2048076	488	2	24662016	6021120	uv*1 main2*1 
2026-09-25T18:13:27+04:00	ck5-mirror-1m	4	2048092	2048076	57	1241481216	964194304	ft*51 ZMQbg/Reaper*3 ZMQbg/IO/0*3 
2026-09-25T18:13:27+04:00	ck5-mirror-1m	4	2048370	2048092	1	12759040	5939200	python3*1 
2026-09-25T18:13:27+04:00	ck5-mirror-1m	4	2048371	2048092	45	12897603584	12317253632	python3*36 pt_gloo_runloop*2 ZMQbg/Reaper*2 ZMQbg/IO/0*2 pt_tcpstore_uv*1 cuda0000240000a*1 
2026-09-25T18:13:28+04:00	ck5-mirror-1m	4	2048372	2048092	57	916189184	644669440	python3*49 ZMQbg/Reaper*4 ZMQbg/IO/0*4 
2026-09-25T18:13:38+04:00	ck5-mirror-1m	4	2048076	488	2	24662016	6021120	uv*1 main2*1 
2026-09-25T18:13:38+04:00	ck5-mirror-1m	4	2048092	2048076	57	1241481216	964194304	ft*51 ZMQbg/Reaper*3 ZMQbg/IO/0*3 
2026-09-25T18:13:38+04:00	ck5-mirror-1m	4	2048370	2048092	1	12759040	5939200	python3*1 
2026-09-25T18:13:38+04:00	ck5-mirror-1m	4	2048371	2048092	45	12897603584	12317253632	python3*36 pt_gloo_runloop*2 ZMQbg/Reaper*2 ZMQbg/IO/0*2 pt_tcpstore_uv*1 cuda0000240000a*1 
2026-09-25T18:13:38+04:00	ck5-mirror-1m	4	2048372	2048092	57	916189184	644669440	python3*49 ZMQbg/Reaper*4 ZMQbg/IO/0*4 
2026-09-25T18:13:50+04:00	ck5-mirror-1m	4	2048076	488	2	24662016	6021120	uv*1 main2*1 
2026-09-25T18:13:50+04:00	ck5-mirror-1m	4	2048092	2048076	57	1241481216	964194304	ft*51 ZMQbg/Reaper*3 ZMQbg/IO/0*3 
2026-09-25T18:13:50+04:00	ck5-mirror-1m	4	2048370	2048092	1	12759040	5939200	python3*1 
2026-09-25T18:13:50+04:00	ck5-mirror-1m	4	2048371	2048092	45	12897603584	12317253632	python3*36 pt_gloo_runloop*2 ZMQbg/Reaper*2 ZMQbg/IO/0*2 pt_tcpstore_uv*1 cuda0000240000a*1 
2026-09-25T18:13:50+04:00	ck5-mirror-1m	4	2048372	2048092	57	916189184	644669440	python3*49 ZMQbg/Reaper*4 ZMQbg/IO/0*4 
2026-09-25T18:14:00+04:00	ck5-mirror-1m	4	2048076	488	2	24662016	6021120	uv*1 main2*1 
2026-09-25T18:14:00+04:00	ck5-mirror-1m	4	2048092	2048076	57	1241481216	964194304	ft*51 ZMQbg/Reaper*3 ZMQbg/IO/0*3 
2026-09-25T18:14:00+04:00	ck5-mirror-1m	4	2048370	2048092	1	12759040	5939200	python3*1 
2026-09-25T18:14:00+04:00	ck5-mirror-1m	4	2048371	2048092	45	12897603584	12317253632	python3*36 pt_gloo_runloop*2 ZMQbg/Reaper*2 ZMQbg/IO/0*2 pt_tcpstore_uv*1 cuda0000240000a*1 
2026-09-25T18:14:00+04:00	ck5-mirror-1m	4	2048372	2048092	57	916189184	644669440	python3*49 ZMQbg/Reaper*4 ZMQbg/IO/0*4 
2026-09-25T18:14:10+04:00	ck5-mirror-1m	4	2048076	488	2	24662016	6021120	uv*1 main2*1 
2026-09-25T18:14:10+04:00	ck5-mirror-1m	4	2048092	2048076	57	1241481216	964194304	ft*51 ZMQbg/Reaper*3 ZMQbg/IO/0*3 
2026-09-25T18:14:10+04:00	ck5-mirror-1m	4	2048370	2048092	1	12759040	5939200	python3*1 
2026-09-25T18:14:10+04:00	ck5-mirror-1m	4	2048371	2048092	45	12897603584	12317253632	python3*36 pt_gloo_runloop*2 ZMQbg/Reaper*2 ZMQbg/IO/0*2 pt_tcpstore_uv*1 cuda0000240000a*1 
2026-09-25T18:14:10+04:00	ck5-mirror-1m	4	2048372	2048092	57	916189184	644669440	python3*49 ZMQbg/Reaper*4 ZMQbg/IO/0*4 
2026-09-25T18:14:22+04:00	ck5-mirror-1m	4	2048076	488	2	24662016	6021120	uv*1 main2*1 
2026-09-25T18:14:22+04:00	ck5-mirror-1m	4	2048092	2048076	57	1241481216	964194304	ft*51 ZMQbg/Reaper*3 ZMQbg/IO/0*3 
2026-09-25T18:14:22+04:00	ck5-mirror-1m	4	2048370	2048092	1	12759040	5939200	python3*1 
2026-09-25T18:14:22+04:00	ck5-mirror-1m	4	2048371	2048092	45	12897603584	12317253632	python3*36 pt_gloo_runloop*2 ZMQbg/Reaper*2 ZMQbg/IO/0*2 pt_tcpstore_uv*1 cuda0000240000a*1 
2026-09-25T18:14:22+04:00	ck5-mirror-1m	4	2048372	2048092	57	916189184	644669440	python3*49 ZMQbg/Reaper*4 ZMQbg/IO/0*4 
2026-09-25T18:14:32+04:00	ck5-mirror-1m	4	2048076	488	2	24662016	6021120	uv*1 main2*1 
2026-09-25T18:14:32+04:00	ck5-mirror-1m	4	2048092	2048076	57	1241481216	964194304	ft*51 ZMQbg/Reaper*3 ZMQbg/IO/0*3 
2026-09-25T18:14:32+04:00	ck5-mirror-1m	4	2048370	2048092	1	12759040	5939200	python3*1 
2026-09-25T18:14:32+04:00	ck5-mirror-1m	4	2048371	2048092	45	12897603584	12317253632	python3*36 pt_gloo_runloop*2 ZMQbg/Reaper*2 ZMQbg/IO/0*2 pt_tcpstore_uv*1 cuda0000240000a*1 
2026-09-25T18:14:32+04:00	ck5-mirror-1m	4	2048372	2048092	57	916189184	644669440	python3*49 ZMQbg/Reaper*4 ZMQbg/IO/0*4 
2026-09-25T18:14:42+04:00	ck5-mirror-1m	4	2048076	488	2	24662016	6021120	uv*1 main2*1 
2026-09-25T18:14:42+04:00	ck5-mirror-1m	4	2048092	2048076	57	1241481216	964194304	ft*51 ZMQbg/Reaper*3 ZMQbg/IO/0*3 
2026-09-25T18:14:42+04:00	ck5-mirror-1m	4	2048370	2048092	1	12759040	5939200	python3*1 
2026-09-25T18:14:42+04:00	ck5-mirror-1m	4	2048371	2048092	45	12897603584	12317253632	python3*36 pt_gloo_runloop*2 ZMQbg/Reaper*2 ZMQbg/IO/0*2 pt_tcpstore_uv*1 cuda0000240000a*1 
2026-09-25T18:14:43+04:00	ck5-mirror-1m	4	2048372	2048092	57	916189184	644669440	python3*49 ZMQbg/Reaper*4 ZMQbg/IO/0*4 
2026-09-25T18:14:54+04:00	ck5-mirror-1m	4	2048076	488	2	24662016	6021120	uv*1 main2*1 
2026-09-25T18:14:54+04:00	ck5-mirror-1m	4	2048092	2048076	57	1241481216	964194304	ft*51 ZMQbg/Reaper*3 ZMQbg/IO/0*3 
2026-09-25T18:14:54+04:00	ck5-mirror-1m	4	2048370	2048092	1	12759040	5939200	python3*1 
2026-09-25T18:14:54+04:00	ck5-mirror-1m	4	2048371	2048092	45	12897603584	12317253632	python3*36 pt_gloo_runloop*2 ZMQbg/Reaper*2 ZMQbg/IO/0*2 pt_tcpstore_uv*1 cuda0000240000a*1 
2026-09-25T18:14:54+04:00	ck5-mirror-1m	4	2048372	2048092	57	916189184	644669440	python3*49 ZMQbg/Reaper*4 ZMQbg/IO/0*4 
2026-09-25T18:15:05+04:00	ck5-mirror-1m	4	2048076	488	2	24662016	6021120	uv*1 main2*1 
2026-09-25T18:15:05+04:00	ck5-mirror-1m	4	2048092	2048076	57	1241481216	964194304	ft*51 ZMQbg/Reaper*3 ZMQbg/IO/0*3 
2026-09-25T18:15:05+04:00	ck5-mirror-1m	4	2048370	2048092	1	12759040	5939200	python3*1 
2026-09-25T18:15:05+04:00	ck5-mirror-1m	4	2048371	2048092	45	12897603584	12317253632	python3*36 pt_gloo_runloop*2 ZMQbg/Reaper*2 ZMQbg/IO/0*2 pt_tcpstore_uv*1 cuda0000240000a*1 
2026-09-25T18:15:05+04:00	ck5-mirror-1m	4	2048372	2048092	57	916189184	644669440	python3*49 ZMQbg/Reaper*4 ZMQbg/IO/0*4 
2026-09-25T18:15:15+04:00	ck5-mirror-1m	4	2048076	488	2	24662016	6021120	uv*1 main2*1 
2026-09-25T18:15:15+04:00	ck5-mirror-1m	4	2048092	2048076	57	1241481216	964194304	ft*51 ZMQbg/Reaper*3 ZMQbg/IO/0*3 
2026-09-25T18:15:15+04:00	ck5-mirror-1m	4	2048370	2048092	1	12759040	5939200	python3*1 
2026-09-25T18:15:15+04:00	ck5-mirror-1m	4	2048371	2048092	45	12897603584	12317253632	python3*36 pt_gloo_runloop*2 ZMQbg/Reaper*2 ZMQbg/IO/0*2 pt_tcpstore_uv*1 cuda0000240000a*1 
2026-09-25T18:15:15+04:00	ck5-mirror-1m	4	2048372	2048092	57	916189184	644669440	python3*49 ZMQbg/Reaper*4 ZMQbg/IO/0*4 
2026-09-25T18:15:27+04:00	ck5-mirror-1m	4	2048076	488	2	24662016	6021120	uv*1 main2*1 
2026-09-25T18:15:27+04:00	ck5-mirror-1m	4	2048092	2048076	57	1241481216	964194304	ft*51 ZMQbg/Reaper*3 ZMQbg/IO/0*3 
2026-09-25T18:15:27+04:00	ck5-mirror-1m	4	2048370	2048092	1	12759040	5939200	python3*1 
2026-09-25T18:15:27+04:00	ck5-mirror-1m	4	2048371	2048092	45	12896821248	12316471296	python3*36 pt_gloo_runloop*2 ZMQbg/Reaper*2 ZMQbg/IO/0*2 pt_tcpstore_uv*1 cuda0000240000a*1 
2026-09-25T18:15:27+04:00	ck5-mirror-1m	4	2048372	2048092	57	916189184	644669440	python3*49 ZMQbg/Reaper*4 ZMQbg/IO/0*4 
2026-09-25T18:15:37+04:00	ck5-mirror-1m	4	2048076	488	2	24662016	6021120	uv*1 main2*1 
2026-09-25T18:15:37+04:00	ck5-mirror-1m	4	2048092	2048076	57	1241481216	964194304	ft*51 ZMQbg/Reaper*3 ZMQbg/IO/0*3 
2026-09-25T18:15:37+04:00	ck5-mirror-1m	4	2048370	2048092	1	12759040	5939200	python3*1 
2026-09-25T18:15:37+04:00	ck5-mirror-1m	4	2048371	2048092	45	12896833536	12316483584	python3*36 pt_gloo_runloop*2 ZMQbg/Reaper*2 ZMQbg/IO/0*2 pt_tcpstore_uv*1 cuda0000240000a*1 
2026-09-25T18:15:37+04:00	ck5-mirror-1m	4	2048372	2048092	57	916193280	644673536	python3*49 ZMQbg/Reaper*4 ZMQbg/IO/0*4 
2026-09-25T18:15:47+04:00	ck5-mirror-1m	4	2048076	488	2	24428544	6021120	uv*1 main2*1 
2026-09-25T18:15:47+04:00	ck5-mirror-1m	4	2048092	2048076	57	1235030016	964194304	ft*51 ZMQbg/Reaper*3 ZMQbg/IO/0*3 
2026-09-25T18:15:47+04:00	ck5-mirror-1m	4	2048370	2048092	1	12759040	5939200	python3*1 
2026-09-25T18:15:47+04:00	ck5-mirror-1m	4	2048371	2048092	45	12873310208	12317265920	python3*36 pt_gloo_runloop*2 ZMQbg/Reaper*2 ZMQbg/IO/0*2 pt_tcpstore_uv*1 cuda0000240000a*1 
2026-09-25T18:15:47+04:00	ck5-mirror-1m	4	2048372	2048092	57	909910016	644673536	python3*49 ZMQbg/Reaper*4 ZMQbg/IO/0*4 
2026-09-25T18:15:59+04:00	ck5-mirror-1m	4	2048076	488	2	24281088	6021120	uv*1 main2*1 
2026-09-25T18:15:59+04:00	ck5-mirror-1m	4	2048092	2048076	57	1231187968	964194304	ft*51 ZMQbg/Reaper*3 ZMQbg/IO/0*3 
2026-09-25T18:15:59+04:00	ck5-mirror-1m	4	2048370	2048092	1	12759040	5939200	python3*1 
2026-09-25T18:15:59+04:00	ck5-mirror-1m	4	2048371	2048092	45	12863098880	12317265920	python3*36 pt_gloo_runloop*2 ZMQbg/Reaper*2 ZMQbg/IO/0*2 pt_tcpstore_uv*1 cuda0000240000a*1 
2026-09-25T18:15:59+04:00	ck5-mirror-1m	4	2048372	2048092	57	906108928	644673536	python3*49 ZMQbg/Reaper*4 ZMQbg/IO/0*4 
2026-09-25T18:16:10+04:00	ck5-mirror-1m	4	2048076	488	2	23777280	6021120	uv*1 main2*1 
2026-09-25T18:16:10+04:00	ck5-mirror-1m	4	2048092	2048076	57	1201053696	964194304	ft*51 ZMQbg/Reaper*3 ZMQbg/IO/0*3 
2026-09-25T18:16:10+04:00	ck5-mirror-1m	4	2048370	2048092	1	12759040	5939200	python3*1 
2026-09-25T18:16:10+04:00	ck5-mirror-1m	4	2048371	2048092	45	12814258176	12317265920	python3*36 pt_gloo_runloop*2 ZMQbg/Reaper*2 ZMQbg/IO/0*2 pt_tcpstore_uv*1 cuda0000240000a*1 
2026-09-25T18:16:10+04:00	ck5-mirror-1m	4	2048372	2048092	57	876466176	644673536	python3*49 ZMQbg/Reaper*4 ZMQbg/IO/0*4 
2026-09-25T18:16:20+04:00	ck5-mirror-1m	4	2048076	488	2	23777280	6021120	uv*1 main2*1 
2026-09-25T18:16:20+04:00	ck5-mirror-1m	4	2048092	2048076	57	1201053696	964194304	ft*51 ZMQbg/Reaper*3 ZMQbg/IO/0*3 
2026-09-25T18:16:20+04:00	ck5-mirror-1m	4	2048370	2048092	1	12759040	5939200	python3*1 
2026-09-25T18:16:20+04:00	ck5-mirror-1m	4	2048371	2048092	45	12814258176	12317265920	python3*36 pt_gloo_runloop*2 ZMQbg/Reaper*2 ZMQbg/IO/0*2 pt_tcpstore_uv*1 cuda0000240000a*1 
2026-09-25T18:16:20+04:00	ck5-mirror-1m	4	2048372	2048092	57	876466176	644673536	python3*49 ZMQbg/Reaper*4 ZMQbg/IO/0*4 
2026-09-25T18:16:30+04:00	ck5-mirror-1m	4	2048076	488	2	23777280	6021120	uv*1 main2*1 
2026-09-25T18:16:30+04:00	ck5-mirror-1m	4	2048092	2048076	57	1201053696	964194304	ft*51 ZMQbg/Reaper*3 ZMQbg/IO/0*3 
2026-09-25T18:16:30+04:00	ck5-mirror-1m	4	2048370	2048092	1	12759040	5939200	python3*1 
2026-09-25T18:16:30+04:00	ck5-mirror-1m	4	2048371	2048092	45	12814258176	12317265920	python3*36 pt_gloo_runloop*2 ZMQbg/Reaper*2 ZMQbg/IO/0*2 pt_tcpstore_uv*1 cuda0000240000a*1 
2026-09-25T18:16:30+04:00	ck5-mirror-1m	4	2048372	2048092	57	876466176	644673536	python3*49 ZMQbg/Reaper*4 ZMQbg/IO/0*4 
2026-09-25T18:16:42+04:00	ck5-mirror-1m	4	2048076	488	2	23777280	6021120	uv*1 main2*1 
2026-09-25T18:16:42+04:00	ck5-mirror-1m	4	2048092	2048076	57	1201053696	964194304	ft*51 ZMQbg/Reaper*3 ZMQbg/IO/0*3 
2026-09-25T18:16:42+04:00	ck5-mirror-1m	4	2048370	2048092	1	12759040	5939200	python3*1 
2026-09-25T18:16:42+04:00	ck5-mirror-1m	4	2048371	2048092	45	12814258176	12317265920	python3*36 pt_gloo_runloop*2 ZMQbg/Reaper*2 ZMQbg/IO/0*2 pt_tcpstore_uv*1 cuda0000240000a*1 
2026-09-25T18:16:42+04:00	ck5-mirror-1m	4	2048372	2048092	57	876466176	644673536	python3*49 ZMQbg/Reaper*4 ZMQbg/IO/0*4 
2026-09-25T18:16:52+04:00	ck5-mirror-1m	4	2048076	488	2	23777280	6021120	uv*1 main2*1 
2026-09-25T18:16:52+04:00	ck5-mirror-1m	4	2048092	2048076	57	1201053696	964194304	ft*51 ZMQbg/Reaper*3 ZMQbg/IO/0*3 
2026-09-25T18:16:53+04:00	ck5-mirror-1m	4	2048370	2048092	1	12759040	5939200	python3*1 
2026-09-25T18:16:53+04:00	ck5-mirror-1m	4	2048371	2048092	45	12814258176	12317265920	python3*36 pt_gloo_runloop*2 ZMQbg/Reaper*2 ZMQbg/IO/0*2 pt_tcpstore_uv*1 cuda0000240000a*1 
2026-09-25T18:16:53+04:00	ck5-mirror-1m	4	2048372	2048092	57	876466176	644673536	python3*49 ZMQbg/Reaper*4 ZMQbg/IO/0*4 
2026-09-25T18:17:03+04:00	ck5-mirror-1m	4	2048076	488	2	23777280	6021120	uv*1 main2*1 
2026-09-25T18:17:03+04:00	ck5-mirror-1m	4	2048092	2048076	57	1201053696	964194304	ft*51 ZMQbg/Reaper*3 ZMQbg/IO/0*3 
2026-09-25T18:17:03+04:00	ck5-mirror-1m	4	2048370	2048092	1	12759040	5939200	python3*1 
2026-09-25T18:17:03+04:00	ck5-mirror-1m	4	2048371	2048092	45	12814258176	12317265920	python3*36 pt_gloo_runloop*2 ZMQbg/Reaper*2 ZMQbg/IO/0*2 pt_tcpstore_uv*1 cuda0000240000a*1 
2026-09-25T18:17:03+04:00	ck5-mirror-1m	4	2048372	2048092	57	876466176	644673536	python3*49 ZMQbg/Reaper*4 ZMQbg/IO/0*4 
2026-09-25T18:17:15+04:00	ck5-mirror-1m	4	2048076	488	2	23777280	6021120	uv*1 main2*1 
2026-09-25T18:17:15+04:00	ck5-mirror-1m	4	2048092	2048076	57	1201053696	964194304	ft*51 ZMQbg/Reaper*3 ZMQbg/IO/0*3 
2026-09-25T18:17:15+04:00	ck5-mirror-1m	4	2048370	2048092	1	12759040	5939200	python3*1 
2026-09-25T18:17:15+04:00	ck5-mirror-1m	4	2048371	2048092	45	12814258176	12317265920	python3*36 pt_gloo_runloop*2 ZMQbg/Reaper*2 ZMQbg/IO/0*2 pt_tcpstore_uv*1 cuda0000240000a*1 
2026-09-25T18:17:15+04:00	ck5-mirror-1m	4	2048372	2048092	57	876466176	644673536	python3*49 ZMQbg/Reaper*4 ZMQbg/IO/0*4 
2026-09-25T18:17:25+04:00	ck5-mirror-1m	4	2048076	488	2	23777280	6021120	uv*1 main2*1 
2026-09-25T18:17:25+04:00	ck5-mirror-1m	4	2048092	2048076	57	1201053696	964194304	ft*51 ZMQbg/Reaper*3 ZMQbg/IO/0*3 
2026-09-25T18:17:25+04:00	ck5-mirror-1m	4	2048370	2048092	1	12759040	5939200	python3*1 
2026-09-25T18:17:25+04:00	ck5-mirror-1m	4	2048371	2048092	45	12814258176	12317265920	python3*36 pt_gloo_runloop*2 ZMQbg/Reaper*2 ZMQbg/IO/0*2 pt_tcpstore_uv*1 cuda0000240000a*1 
2026-09-25T18:17:25+04:00	ck5-mirror-1m	4	2048372	2048092	57	876466176	644673536	python3*49 ZMQbg/Reaper*4 ZMQbg/IO/0*4 
2026-09-25T18:17:35+04:00	ck5-mirror-1m	4	2048076	488	2	23777280	6021120	uv*1 main2*1 
2026-09-25T18:17:35+04:00	ck5-mirror-1m	4	2048092	2048076	57	1201053696	964194304	ft*51 ZMQbg/Reaper*3 ZMQbg/IO/0*3 
2026-09-25T18:17:35+04:00	ck5-mirror-1m	4	2048370	2048092	1	12759040	5939200	python3*1 
2026-09-25T18:17:35+04:00	ck5-mirror-1m	4	2048371	2048092	45	12814258176	12317265920	python3*36 pt_gloo_runloop*2 ZMQbg/Reaper*2 ZMQbg/IO/0*2 pt_tcpstore_uv*1 cuda0000240000a*1 
2026-09-25T18:17:35+04:00	ck5-mirror-1m	4	2048372	2048092	57	876466176	644673536	python3*49 ZMQbg/Reaper*4 ZMQbg/IO/0*4 
2026-09-25T18:17:47+04:00	ck5-mirror-1m	4	2048076	488	2	23777280	6021120	uv*1 main2*1 
2026-09-25T18:17:47+04:00	ck5-mirror-1m	4	2048092	2048076	57	1201053696	964194304	ft*51 ZMQbg/Reaper*3 ZMQbg/IO/0*3 
2026-09-25T18:17:47+04:00	ck5-mirror-1m	4	2048370	2048092	1	12759040	5939200	python3*1 
2026-09-25T18:17:47+04:00	ck5-mirror-1m	4	2048371	2048092	45	12814258176	12317265920	python3*36 pt_gloo_runloop*2 ZMQbg/Reaper*2 ZMQbg/IO/0*2 pt_tcpstore_uv*1 cuda0000240000a*1 
2026-09-25T18:17:47+04:00	ck5-mirror-1m	4	2048372	2048092	57	876466176	644673536	python3*49 ZMQbg/Reaper*4 ZMQbg/IO/0*4 
2026-09-25T18:17:57+04:00	ck5-mirror-1m	4	2048076	488	2	23777280	6021120	uv*1 main2*1 
2026-09-25T18:17:57+04:00	ck5-mirror-1m	4	2048092	2048076	57	1201053696	964194304	ft*51 ZMQbg/Reaper*3 ZMQbg/IO/0*3 
2026-09-25T18:17:58+04:00	ck5-mirror-1m	4	2048370	2048092	1	12759040	5939200	python3*1 
2026-09-25T18:17:58+04:00	ck5-mirror-1m	4	2048371	2048092	45	12814258176	12317265920	python3*36 pt_gloo_runloop*2 ZMQbg/Reaper*2 ZMQbg/IO/0*2 pt_tcpstore_uv*1 cuda0000240000a*1 
2026-09-25T18:17:58+04:00	ck5-mirror-1m	4	2048372	2048092	57	876466176	644673536	python3*49 ZMQbg/Reaper*4 ZMQbg/IO/0*4 
2026-09-25T18:18:08+04:00	ck5-mirror-1m	4	2048076	488	2	23777280	6021120	uv*1 main2*1 
2026-09-25T18:18:08+04:00	ck5-mirror-1m	4	2048092	2048076	57	1201053696	964194304	ft*51 ZMQbg/Reaper*3 ZMQbg/IO/0*3 
2026-09-25T18:18:08+04:00	ck5-mirror-1m	4	2048370	2048092	1	12759040	5939200	python3*1 
2026-09-25T18:18:08+04:00	ck5-mirror-1m	4	2048371	2048092	45	12814258176	12317265920	python3*36 pt_gloo_runloop*2 ZMQbg/Reaper*2 ZMQbg/IO/0*2 pt_tcpstore_uv*1 cuda0000240000a*1 
2026-09-25T18:18:08+04:00	ck5-mirror-1m	4	2048372	2048092	57	876466176	644673536	python3*49 ZMQbg/Reaper*4 ZMQbg/IO/0*4 
2026-09-25T18:18:20+04:00	ck5-mirror-1m	4	2048076	488	2	23777280	6021120	uv*1 main2*1 
2026-09-25T18:18:20+04:00	ck5-mirror-1m	4	2048092	2048076	57	1201053696	964194304	ft*51 ZMQbg/Reaper*3 ZMQbg/IO/0*3 
2026-09-25T18:18:20+04:00	ck5-mirror-1m	4	2048370	2048092	1	12759040	5939200	python3*1 
2026-09-25T18:18:20+04:00	ck5-mirror-1m	4	2048371	2048092	45	12814258176	12317265920	python3*36 pt_gloo_runloop*2 ZMQbg/Reaper*2 ZMQbg/IO/0*2 pt_tcpstore_uv*1 cuda0000240000a*1 
2026-09-25T18:18:20+04:00	ck5-mirror-1m	4	2048372	2048092	57	876466176	644673536	python3*49 ZMQbg/Reaper*4 ZMQbg/IO/0*4 
2026-09-25T18:18:30+04:00	ck5-mirror-1m	4	2048076	488	2	23777280	6021120	uv*1 main2*1 
2026-09-25T18:18:30+04:00	ck5-mirror-1m	4	2048092	2048076	57	1201053696	964194304	ft*51 ZMQbg/Reaper*3 ZMQbg/IO/0*3 
2026-09-25T18:18:30+04:00	ck5-mirror-1m	4	2048370	2048092	1	12759040	5939200	python3*1 
2026-09-25T18:18:30+04:00	ck5-mirror-1m	4	2048371	2048092	45	12814258176	12317265920	python3*36 pt_gloo_runloop*2 ZMQbg/Reaper*2 ZMQbg/IO/0*2 pt_tcpstore_uv*1 cuda0000240000a*1 
2026-09-25T18:18:30+04:00	ck5-mirror-1m	4	2048372	2048092	57	876466176	644673536	python3*49 ZMQbg/Reaper*4 ZMQbg/IO/0*4 
2026-09-25T18:18:40+04:00	ck5-mirror-1m	4	2048076	488	2	23777280	6021120	uv*1 main2*1 
2026-09-25T18:18:40+04:00	ck5-mirror-1m	4	2048092	2048076	57	1201053696	964194304	ft*51 ZMQbg/Reaper*3 ZMQbg/IO/0*3 
2026-09-25T18:18:40+04:00	ck5-mirror-1m	4	2048370	2048092	1	12759040	5939200	python3*1 
2026-09-25T18:18:40+04:00	ck5-mirror-1m	4	2048371	2048092	45	12814258176	12317265920	python3*36 pt_gloo_runloop*2 ZMQbg/Reaper*2 ZMQbg/IO/0*2 pt_tcpstore_uv*1 cuda0000240000a*1 
2026-09-25T18:18:40+04:00	ck5-mirror-1m	4	2048372	2048092	57	876466176	644673536	python3*49 ZMQbg/Reaper*4 ZMQbg/IO/0*4 
2026-09-25T18:18:53+04:00	ck5-mirror-1m	4	2048076	488	2	23777280	6021120	uv*1 main2*1 
2026-09-25T18:18:53+04:00	ck5-mirror-1m	4	2048092	2048076	57	1201053696	964194304	ft*51 ZMQbg/Reaper*3 ZMQbg/IO/0*3 
2026-09-25T18:18:53+04:00	ck5-mirror-1m	4	2048370	2048092	1	12759040	5939200	python3*1 
2026-09-25T18:18:53+04:00	ck5-mirror-1m	4	2048371	2048092	45	12814258176	12317265920	python3*36 pt_gloo_runloop*2 ZMQbg/Reaper*2 ZMQbg/IO/0*2 pt_tcpstore_uv*1 cuda0000240000a*1 
2026-09-25T18:18:53+04:00	ck5-mirror-1m	4	2048372	2048092	57	876466176	644673536	python3*49 ZMQbg/Reaper*4 ZMQbg/IO/0*4 
2026-09-25T18:19:03+04:00	ck5-mirror-1m	4	2048076	488	2	23777280	6021120	uv*1 main2*1 
2026-09-25T18:19:03+04:00	ck5-mirror-1m	4	2048092	2048076	57	1201053696	964194304	ft*51 ZMQbg/Reaper*3 ZMQbg/IO/0*3 
2026-09-25T18:19:03+04:00	ck5-mirror-1m	4	2048370	2048092	1	12759040	5939200	python3*1 
2026-09-25T18:19:03+04:00	ck5-mirror-1m	4	2048371	2048092	45	12814258176	12317265920	python3*36 pt_gloo_runloop*2 ZMQbg/Reaper*2 ZMQbg/IO/0*2 pt_tcpstore_uv*1 cuda0000240000a*1 
2026-09-25T18:19:03+04:00	ck5-mirror-1m	4	2048372	2048092	57	876466176	644673536	python3*49 ZMQbg/Reaper*4 ZMQbg/IO/0*4 
2026-09-25T18:19:13+04:00	ck5-mirror-1m	4	2048076	488	2	23777280	6021120	uv*1 main2*1 
2026-09-25T18:19:13+04:00	ck5-mirror-1m	4	2048092	2048076	57	1201053696	964194304	ft*51 ZMQbg/Reaper*3 ZMQbg/IO/0*3 
2026-09-25T18:19:13+04:00	ck5-mirror-1m	4	2048370	2048092	1	12759040	5939200	python3*1 
2026-09-25T18:19:13+04:00	ck5-mirror-1m	4	2048371	2048092	45	12814258176	12317265920	python3*36 pt_gloo_runloop*2 ZMQbg/Reaper*2 ZMQbg/IO/0*2 pt_tcpstore_uv*1 cuda0000240000a*1 
2026-09-25T18:19:13+04:00	ck5-mirror-1m	4	2048372	2048092	57	876466176	644673536	python3*49 ZMQbg/Reaper*4 ZMQbg/IO/0*4 
2026-09-25T18:19:25+04:00	ck5-mirror-1m	4	2048076	488	2	23777280	6021120	uv*1 main2*1 
2026-09-25T18:19:25+04:00	ck5-mirror-1m	4	2048092	2048076	57	1201053696	964194304	ft*51 ZMQbg/Reaper*3 ZMQbg/IO/0*3 
2026-09-25T18:19:25+04:00	ck5-mirror-1m	4	2048370	2048092	1	12759040	5939200	python3*1 
2026-09-25T18:19:25+04:00	ck5-mirror-1m	4	2048371	2048092	45	12814258176	12317265920	python3*36 pt_gloo_runloop*2 ZMQbg/Reaper*2 ZMQbg/IO/0*2 pt_tcpstore_uv*1 cuda0000240000a*1 
2026-09-25T18:19:25+04:00	ck5-mirror-1m	4	2048372	2048092	57	876466176	644673536	python3*49 ZMQbg/Reaper*4 ZMQbg/IO/0*4 
2026-09-25T18:19:35+04:00	ck5-mirror-1m	4	2048076	488	2	23777280	6021120	uv*1 main2*1 
2026-09-25T18:19:35+04:00	ck5-mirror-1m	4	2048092	2048076	57	1201053696	964194304	ft*51 ZMQbg/Reaper*3 ZMQbg/IO/0*3 
2026-09-25T18:19:35+04:00	ck5-mirror-1m	4	2048370	2048092	1	12759040	5939200	python3*1 
2026-09-25T18:19:35+04:00	ck5-mirror-1m	4	2048371	2048092	45	12814258176	12317265920	python3*36 pt_gloo_runloop*2 ZMQbg/Reaper*2 ZMQbg/IO/0*2 pt_tcpstore_uv*1 cuda0000240000a*1 
2026-09-25T18:19:35+04:00	ck5-mirror-1m	4	2048372	2048092	57	876466176	644673536	python3*49 ZMQbg/Reaper*4 ZMQbg/IO/0*4 
2026-09-25T18:19:45+04:00	ck5-mirror-1m	4	2048076	488	2	23777280	6021120	uv*1 main2*1 
2026-09-25T18:19:45+04:00	ck5-mirror-1m	4	2048092	2048076	57	1201053696	964194304	ft*51 ZMQbg/Reaper*3 ZMQbg/IO/0*3 
2026-09-25T18:19:46+04:00	ck5-mirror-1m	4	2048370	2048092	1	12759040	5939200	python3*1 
2026-09-25T18:19:46+04:00	ck5-mirror-1m	4	2048371	2048092	45	12814258176	12317265920	python3*36 pt_gloo_runloop*2 ZMQbg/Reaper*2 ZMQbg/IO/0*2 pt_tcpstore_uv*1 cuda0000240000a*1 
2026-09-25T18:19:46+04:00	ck5-mirror-1m	4	2048372	2048092	57	876466176	644673536	python3*49 ZMQbg/Reaper*4 ZMQbg/IO/0*4 
2026-09-25T18:19:56+04:00	ck5-mirror-1m	4	2048076	488	2	23777280	6021120	uv*1 main2*1 
2026-09-25T18:19:56+04:00	ck5-mirror-1m	4	2048092	2048076	57	1201053696	964194304	ft*51 ZMQbg/Reaper*3 ZMQbg/IO/0*3 
2026-09-25T18:19:56+04:00	ck5-mirror-1m	4	2048370	2048092	1	12759040	5939200	python3*1 
2026-09-25T18:19:56+04:00	ck5-mirror-1m	4	2048371	2048092	45	12814258176	12317265920	python3*36 pt_gloo_runloop*2 ZMQbg/Reaper*2 ZMQbg/IO/0*2 pt_tcpstore_uv*1 cuda0000240000a*1 
2026-09-25T18:19:56+04:00	ck5-mirror-1m	4	2048372	2048092	57	876466176	644673536	python3*49 ZMQbg/Reaper*4 ZMQbg/IO/0*4 
2026-09-25T18:20:08+04:00	ck5-mirror-1m	4	2048076	488	2	23777280	6021120	uv*1 main2*1 
2026-09-25T18:20:08+04:00	ck5-mirror-1m	4	2048092	2048076	57	1201053696	964194304	ft*51 ZMQbg/Reaper*3 ZMQbg/IO/0*3 
2026-09-25T18:20:08+04:00	ck5-mirror-1m	4	2048370	2048092	1	12759040	5939200	python3*1 
2026-09-25T18:20:08+04:00	ck5-mirror-1m	4	2048371	2048092	45	12814266368	12317274112	python3*36 pt_gloo_runloop*2 ZMQbg/Reaper*2 ZMQbg/IO/0*2 pt_tcpstore_uv*1 cuda0000240000a*1 
2026-09-25T18:20:08+04:00	ck5-mirror-1m	4	2048372	2048092	57	876466176	644673536	python3*49 ZMQbg/Reaper*4 ZMQbg/IO/0*4 
2026-09-25T18:20:18+04:00	ck5-mirror-1m	4	2048076	488	2	23777280	6021120	uv*1 main2*1 
2026-09-25T18:20:18+04:00	ck5-mirror-1m	4	2048092	2048076	57	1201053696	964194304	ft*51 ZMQbg/Reaper*3 ZMQbg/IO/0*3 
2026-09-25T18:20:18+04:00	ck5-mirror-1m	4	2048370	2048092	1	12759040	5939200	python3*1 
2026-09-25T18:20:18+04:00	ck5-mirror-1m	4	2048371	2048092	45	12814417920	12317425664	python3*36 pt_gloo_runloop*2 ZMQbg/Reaper*2 ZMQbg/IO/0*2 pt_tcpstore_uv*1 cuda0000240000a*1 
2026-09-25T18:20:18+04:00	ck5-mirror-1m	4	2048372	2048092	57	876466176	644673536	python3*49 ZMQbg/Reaper*4 ZMQbg/IO/0*4 
2026-09-25T18:20:28+04:00	ck5-mirror-1m	4	2048076	488	2	23777280	6021120	uv*1 main2*1 
2026-09-25T18:20:28+04:00	ck5-mirror-1m	4	2048092	2048076	57	1201053696	964194304	ft*51 ZMQbg/Reaper*3 ZMQbg/IO/0*3 
2026-09-25T18:20:28+04:00	ck5-mirror-1m	4	2048370	2048092	1	12759040	5939200	python3*1 
2026-09-25T18:20:28+04:00	ck5-mirror-1m	4	2048371	2048092	45	12814573568	12317581312	python3*36 pt_gloo_runloop*2 ZMQbg/Reaper*2 ZMQbg/IO/0*2 pt_tcpstore_uv*1 cuda0000240000a*1 
2026-09-25T18:20:28+04:00	ck5-mirror-1m	4	2048372	2048092	57	876466176	644673536	python3*49 ZMQbg/Reaper*4 ZMQbg/IO/0*4 
2026-09-25T18:20:40+04:00	ck5-mirror-1m	4	2048076	488	2	23777280	6021120	uv*1 main2*1 
2026-09-25T18:20:40+04:00	ck5-mirror-1m	4	2048092	2048076	57	1201053696	964194304	ft*51 ZMQbg/Reaper*3 ZMQbg/IO/0*3 
2026-09-25T18:20:40+04:00	ck5-mirror-1m	4	2048370	2048092	1	12759040	5939200	python3*1 
2026-09-25T18:20:40+04:00	ck5-mirror-1m	4	2048371	2048092	45	12814696448	12317704192	python3*36 pt_gloo_runloop*2 ZMQbg/Reaper*2 ZMQbg/IO/0*2 pt_tcpstore_uv*1 cuda0000240000a*1 
2026-09-25T18:20:40+04:00	ck5-mirror-1m	4	2048372	2048092	57	876466176	644673536	python3*49 ZMQbg/Reaper*4 ZMQbg/IO/0*4 
2026-09-25T18:20:50+04:00	ck5-mirror-1m	4	2048076	488	2	23777280	6021120	uv*1 main2*1 
2026-09-25T18:20:50+04:00	ck5-mirror-1m	4	2048092	2048076	57	1201053696	964194304	ft*51 ZMQbg/Reaper*3 ZMQbg/IO/0*3 
2026-09-25T18:20:50+04:00	ck5-mirror-1m	4	2048370	2048092	1	12759040	5939200	python3*1 
2026-09-25T18:20:50+04:00	ck5-mirror-1m	4	2048371	2048092	45	12814856192	12317863936	python3*36 pt_gloo_runloop*2 ZMQbg/Reaper*2 ZMQbg/IO/0*2 pt_tcpstore_uv*1 cuda0000240000a*1 
2026-09-25T18:20:51+04:00	ck5-mirror-1m	4	2048372	2048092	57	876466176	644673536	python3*49 ZMQbg/Reaper*4 ZMQbg/IO/0*4 
2026-09-25T18:21:01+04:00	ck5-mirror-1m	4	2048076	488	2	23777280	6021120	uv*1 main2*1 
2026-09-25T18:21:01+04:00	ck5-mirror-1m	4	2048092	2048076	57	1201053696	964194304	ft*51 ZMQbg/Reaper*3 ZMQbg/IO/0*3 
2026-09-25T18:21:01+04:00	ck5-mirror-1m	4	2048370	2048092	1	12759040	5939200	python3*1 
2026-09-25T18:21:01+04:00	ck5-mirror-1m	4	2048371	2048092	45	12815011840	12318019584	python3*36 pt_gloo_runloop*2 ZMQbg/Reaper*2 ZMQbg/IO/0*2 pt_tcpstore_uv*1 cuda0000240000a*1 
2026-09-25T18:21:01+04:00	ck5-mirror-1m	4	2048372	2048092	57	876466176	644673536	python3*49 ZMQbg/Reaper*4 ZMQbg/IO/0*4 
2026-09-25T18:21:13+04:00	ck5-mirror-1m	4	2048076	488	2	23777280	6021120	uv*1 main2*1 
2026-09-25T18:21:13+04:00	ck5-mirror-1m	4	2048092	2048076	57	1201053696	964194304	ft*51 ZMQbg/Reaper*3 ZMQbg/IO/0*3 
2026-09-25T18:21:13+04:00	ck5-mirror-1m	4	2048370	2048092	1	12759040	5939200	python3*1 
2026-09-25T18:21:13+04:00	ck5-mirror-1m	4	2048371	2048092	45	12815155200	12318162944	python3*36 pt_gloo_runloop*2 ZMQbg/Reaper*2 ZMQbg/IO/0*2 pt_tcpstore_uv*1 cuda0000240000a*1 
2026-09-25T18:21:13+04:00	ck5-mirror-1m	4	2048372	2048092	57	876466176	644673536	python3*49 ZMQbg/Reaper*4 ZMQbg/IO/0*4 
2026-09-25T18:21:23+04:00	ck5-mirror-1m	4	2048076	488	2	23777280	6021120	uv*1 main2*1 
2026-09-25T18:21:23+04:00	ck5-mirror-1m	4	2048092	2048076	57	1201053696	964194304	ft*51 ZMQbg/Reaper*3 ZMQbg/IO/0*3 
2026-09-25T18:21:23+04:00	ck5-mirror-1m	4	2048370	2048092	1	12759040	5939200	python3*1 
2026-09-25T18:21:23+04:00	ck5-mirror-1m	4	2048371	2048092	45	12815314944	12318322688	python3*36 pt_gloo_runloop*2 ZMQbg/Reaper*2 ZMQbg/IO/0*2 pt_tcpstore_uv*1 cuda0000240000a*1 
2026-09-25T18:21:23+04:00	ck5-mirror-1m	4	2048372	2048092	57	876466176	644673536	python3*49 ZMQbg/Reaper*4 ZMQbg/IO/0*4 
2026-09-25T18:21:33+04:00	ck5-mirror-1m	4	2048076	488	2	23777280	6021120	uv*1 main2*1 
2026-09-25T18:21:33+04:00	ck5-mirror-1m	4	2048092	2048076	57	1201053696	964194304	ft*51 ZMQbg/Reaper*3 ZMQbg/IO/0*3 
2026-09-25T18:21:33+04:00	ck5-mirror-1m	4	2048370	2048092	1	12759040	5939200	python3*1 
2026-09-25T18:21:33+04:00	ck5-mirror-1m	4	2048371	2048092	45	12815454208	12318461952	python3*36 pt_gloo_runloop*2 ZMQbg/Reaper*2 ZMQbg/IO/0*2 pt_tcpstore_uv*1 cuda0000240000a*1 
2026-09-25T18:21:33+04:00	ck5-mirror-1m	4	2048372	2048092	57	876466176	644673536	python3*49 ZMQbg/Reaper*4 ZMQbg/IO/0*4 
2026-09-25T18:21:45+04:00	ck5-mirror-1m	4	2048076	488	2	23326720	6021120	uv*1 main2*1 
2026-09-25T18:21:45+04:00	ck5-mirror-1m	4	2048092	2048076	57	1192534016	964194304	ft*51 ZMQbg/Reaper*3 ZMQbg/IO/0*3 
2026-09-25T18:21:45+04:00	ck5-mirror-1m	4	2048370	2048092	1	12759040	5939200	python3*1 
2026-09-25T18:21:45+04:00	ck5-mirror-1m	4	2048371	2048092	45	12803162112	12318613504	python3*36 pt_gloo_runloop*2 ZMQbg/Reaper*2 ZMQbg/IO/0*2 pt_tcpstore_uv*1 cuda0000240000a*1 
2026-09-25T18:21:45+04:00	ck5-mirror-1m	4	2048372	2048092	57	868020224	644673536	python3*49 ZMQbg/Reaper*4 ZMQbg/IO/0*4 
2026-09-25T18:21:55+04:00	ck5-mirror-1m	4	2048076	488	2	20275200	6021120	uv*1 main2*1 
2026-09-25T18:21:55+04:00	ck5-mirror-1m	4	2048092	2048076	57	1174675456	964194304	ft*51 ZMQbg/Reaper*3 ZMQbg/IO/0*3 
2026-09-25T18:21:55+04:00	ck5-mirror-1m	4	2048370	2048092	1	12759040	5939200	python3*1 
2026-09-25T18:21:55+04:00	ck5-mirror-1m	4	2048371	2048092	45	12781735936	12318769152	python3*36 pt_gloo_runloop*2 ZMQbg/Reaper*2 ZMQbg/IO/0*2 pt_tcpstore_uv*1 cuda0000240000a*1 
2026-09-25T18:21:56+04:00	ck5-mirror-1m	4	2048372	2048092	57	850288640	644673536	python3*49 ZMQbg/Reaper*4 ZMQbg/IO/0*4 
2026-09-25T18:22:06+04:00	ck5-mirror-1m	4	2048076	488	2	17784832	6021120	uv*1 main2*1 
2026-09-25T18:22:06+04:00	ck5-mirror-1m	4	2048092	2048076	57	1137483776	964194304	ft*51 ZMQbg/Reaper*3 ZMQbg/IO/0*3 
2026-09-25T18:22:06+04:00	ck5-mirror-1m	4	2048370	2048092	1	12750848	5939200	python3*1 
2026-09-25T18:22:06+04:00	ck5-mirror-1m	4	2048371	2048092	45	12729753600	12318928896	python3*36 pt_gloo_runloop*2 ZMQbg/Reaper*2 ZMQbg/IO/0*2 pt_tcpstore_uv*1 cuda0000240000a*1 
2026-09-25T18:22:06+04:00	ck5-mirror-1m	4	2048372	2048092	57	813473792	644673536	python3*49 ZMQbg/Reaper*4 ZMQbg/IO/0*4 
2026-09-25T18:22:18+04:00	ck5-mirror-1m	4	2048076	488	2	17784832	6021120	uv*1 main2*1 
2026-09-25T18:22:18+04:00	ck5-mirror-1m	4	2048092	2048076	57	1137848320	964194304	ft*51 ZMQbg/Reaper*3 ZMQbg/IO/0*3 
2026-09-25T18:22:18+04:00	ck5-mirror-1m	4	2048370	2048092	1	12750848	5939200	python3*1 
2026-09-25T18:22:18+04:00	ck5-mirror-1m	4	2048371	2048092	45	12733526016	12320374784	python3*36 pt_gloo_runloop*2 ZMQbg/Reaper*2 ZMQbg/IO/0*2 pt_tcpstore_uv*1 cuda0000240000a*1 
2026-09-25T18:22:18+04:00	ck5-mirror-1m	4	2048372	2048092	57	813760512	644673536	python3*49 ZMQbg/Reaper*4 ZMQbg/IO/0*4 
2026-09-25T18:22:28+04:00	ck5-mirror-1m	4	2048076	488	2	17784832	6021120	uv*1 main2*1 
2026-09-25T18:22:28+04:00	ck5-mirror-1m	4	2048092	2048076	57	1137848320	964194304	ft*51 ZMQbg/Reaper*3 ZMQbg/IO/0*3 
2026-09-25T18:22:28+04:00	ck5-mirror-1m	4	2048370	2048092	1	12750848	5939200	python3*1 
2026-09-25T18:22:28+04:00	ck5-mirror-1m	4	2048371	2048092	45	12733538304	12320387072	python3*36 pt_gloo_runloop*2 ZMQbg/Reaper*2 ZMQbg/IO/0*2 pt_tcpstore_uv*1 cuda0000240000a*1 
2026-09-25T18:22:28+04:00	ck5-mirror-1m	4	2048372	2048092	57	813760512	644673536	python3*49 ZMQbg/Reaper*4 ZMQbg/IO/0*4 
2026-09-25T18:22:38+04:00	ck5-mirror-1m	4	2048076	488	2	17784832	6021120	uv*1 main2*1 
2026-09-25T18:22:38+04:00	ck5-mirror-1m	4	2048092	2048076	57	1137848320	964194304	ft*51 ZMQbg/Reaper*3 ZMQbg/IO/0*3 
2026-09-25T18:22:38+04:00	ck5-mirror-1m	4	2048370	2048092	1	12750848	5939200	python3*1 
2026-09-25T18:22:38+04:00	ck5-mirror-1m	4	2048371	2048092	45	12733538304	12320387072	python3*36 pt_gloo_runloop*2 ZMQbg/Reaper*2 ZMQbg/IO/0*2 pt_tcpstore_uv*1 cuda0000240000a*1 
2026-09-25T18:22:39+04:00	ck5-mirror-1m	4	2048372	2048092	57	813760512	644673536	python3*49 ZMQbg/Reaper*4 ZMQbg/IO/0*4 
2026-09-25T18:22:51+04:00	ck5-mirror-1m	4	2048076	488	2	17784832	6021120	uv*1 main2*1 
2026-09-25T18:22:51+04:00	ck5-mirror-1m	4	2048092	2048076	57	1137848320	964194304	ft*51 ZMQbg/Reaper*3 ZMQbg/IO/0*3 
2026-09-25T18:22:51+04:00	ck5-mirror-1m	4	2048370	2048092	1	12750848	5939200	python3*1 
2026-09-25T18:22:51+04:00	ck5-mirror-1m	4	2048371	2048092	45	12733542400	12320391168	python3*36 pt_gloo_runloop*2 ZMQbg/Reaper*2 ZMQbg/IO/0*2 pt_tcpstore_uv*1 cuda0000240000a*1 
2026-09-25T18:22:51+04:00	ck5-mirror-1m	4	2048372	2048092	57	813760512	644673536	python3*49 ZMQbg/Reaper*4 ZMQbg/IO/0*4 
2026-09-25T18:23:01+04:00	ck5-mirror-1m	4	2048076	488	2	17784832	6021120	uv*1 main2*1 
2026-09-25T18:23:01+04:00	ck5-mirror-1m	4	2048092	2048076	57	1137848320	964194304	ft*51 ZMQbg/Reaper*3 ZMQbg/IO/0*3 
2026-09-25T18:23:01+04:00	ck5-mirror-1m	4	2048370	2048092	1	12750848	5939200	python3*1 
2026-09-25T18:23:01+04:00	ck5-mirror-1m	4	2048371	2048092	45	12733542400	12320391168	python3*36 pt_gloo_runloop*2 ZMQbg/Reaper*2 ZMQbg/IO/0*2 pt_tcpstore_uv*1 cuda0000240000a*1 
2026-09-25T18:23:01+04:00	ck5-mirror-1m	4	2048372	2048092	57	813760512	644673536	python3*49 ZMQbg/Reaper*4 ZMQbg/IO/0*4 
2026-09-25T18:23:11+04:00	ck5-mirror-1m	4	2048076	488	2	17784832	6021120	uv*1 main2*1 
2026-09-25T18:23:11+04:00	ck5-mirror-1m	4	2048092	2048076	57	1137848320	964194304	ft*51 ZMQbg/Reaper*3 ZMQbg/IO/0*3 
2026-09-25T18:23:11+04:00	ck5-mirror-1m	4	2048370	2048092	1	12750848	5939200	python3*1 
2026-09-25T18:23:11+04:00	ck5-mirror-1m	4	2048371	2048092	45	12733542400	12320391168	python3*36 pt_gloo_runloop*2 ZMQbg/Reaper*2 ZMQbg/IO/0*2 pt_tcpstore_uv*1 cuda0000240000a*1 
2026-09-25T18:23:11+04:00	ck5-mirror-1m	4	2048372	2048092	57	813760512	644673536	python3*49 ZMQbg/Reaper*4 ZMQbg/IO/0*4 
2026-09-25T18:23:22+04:00	ck5-mirror-1m	4	2048076	488	2	17784832	6021120	uv*1 main2*1 
2026-09-25T18:23:22+04:00	ck5-mirror-1m	4	2048092	2048076	57	1137848320	964194304	ft*51 ZMQbg/Reaper*3 ZMQbg/IO/0*3 
2026-09-25T18:23:22+04:00	ck5-mirror-1m	4	2048370	2048092	1	12750848	5939200	python3*1 
2026-09-25T18:23:22+04:00	ck5-mirror-1m	4	2048371	2048092	45	12733546496	12320395264	python3*36 pt_gloo_runloop*2 ZMQbg/Reaper*2 ZMQbg/IO/0*2 pt_tcpstore_uv*1 cuda0000240000a*1 
2026-09-25T18:23:22+04:00	ck5-mirror-1m	4	2048372	2048092	57	813760512	644673536	python3*49 ZMQbg/Reaper*4 ZMQbg/IO/0*4 
2026-09-25T18:23:33+04:00	ck5-mirror-1m	4	2048076	488	2	17784832	6021120	uv*1 main2*1 
2026-09-25T18:23:33+04:00	ck5-mirror-1m	4	2048092	2048076	57	1137848320	964194304	ft*51 ZMQbg/Reaper*3 ZMQbg/IO/0*3 
2026-09-25T18:23:33+04:00	ck5-mirror-1m	4	2048370	2048092	1	12750848	5939200	python3*1 
2026-09-25T18:23:33+04:00	ck5-mirror-1m	4	2048371	2048092	45	12733546496	12320395264	python3*36 pt_gloo_runloop*2 ZMQbg/Reaper*2 ZMQbg/IO/0*2 pt_tcpstore_uv*1 cuda0000240000a*1 
2026-09-25T18:23:33+04:00	ck5-mirror-1m	4	2048372	2048092	57	813760512	644673536	python3*49 ZMQbg/Reaper*4 ZMQbg/IO/0*4 
2026-09-25T18:23:43+04:00	ck5-mirror-1m	4	2048076	488	2	17784832	6021120	uv*1 main2*1 
2026-09-25T18:23:43+04:00	ck5-mirror-1m	4	2048092	2048076	57	1137848320	964194304	ft*51 ZMQbg/Reaper*3 ZMQbg/IO/0*3 
2026-09-25T18:23:43+04:00	ck5-mirror-1m	4	2048370	2048092	1	12750848	5939200	python3*1 
2026-09-25T18:23:43+04:00	ck5-mirror-1m	4	2048371	2048092	45	12733546496	12320395264	python3*36 pt_gloo_runloop*2 ZMQbg/Reaper*2 ZMQbg/IO/0*2 pt_tcpstore_uv*1 cuda0000240000a*1 
2026-09-25T18:23:43+04:00	ck5-mirror-1m	4	2048372	2048092	57	813760512	644673536	python3*49 ZMQbg/Reaper*4 ZMQbg/IO/0*4 
2026-09-25T18:23:53+04:00	ck5-mirror-1m	4	2048076	488	2	17784832	6021120	uv*1 main2*1 
2026-09-25T18:23:53+04:00	ck5-mirror-1m	4	2048092	2048076	57	1137848320	964194304	ft*51 ZMQbg/Reaper*3 ZMQbg/IO/0*3 
2026-09-25T18:23:53+04:00	ck5-mirror-1m	4	2048370	2048092	1	12750848	5939200	python3*1 
2026-09-25T18:23:53+04:00	ck5-mirror-1m	4	2048371	2048092	45	12733546496	12320395264	python3*36 pt_gloo_runloop*2 ZMQbg/Reaper*2 ZMQbg/IO/0*2 pt_tcpstore_uv*1 cuda0000240000a*1 
2026-09-25T18:23:53+04:00	ck5-mirror-1m	4	2048372	2048092	57	813760512	644673536	python3*49 ZMQbg/Reaper*4 ZMQbg/IO/0*4 
2026-09-25T18:24:04+04:00	ck5-mirror-1m	4	2048076	488	2	17784832	6021120	uv*1 main2*1 
2026-09-25T18:24:04+04:00	ck5-mirror-1m	4	2048092	2048076	57	1137848320	964194304	ft*51 ZMQbg/Reaper*3 ZMQbg/IO/0*3 
2026-09-25T18:24:04+04:00	ck5-mirror-1m	4	2048370	2048092	1	12750848	5939200	python3*1 
2026-09-25T18:24:04+04:00	ck5-mirror-1m	4	2048371	2048092	45	12733640704	12320489472	python3*36 pt_gloo_runloop*2 ZMQbg/Reaper*2 ZMQbg/IO/0*2 pt_tcpstore_uv*1 cuda0000240000a*1 
2026-09-25T18:24:04+04:00	ck5-mirror-1m	4	2048372	2048092	57	813760512	644673536	python3*49 ZMQbg/Reaper*4 ZMQbg/IO/0*4 
2026-09-25T18:24:14+04:00	ck5-mirror-1m	4	2048076	488	2	17784832	6021120	uv*1 main2*1 
2026-09-25T18:24:14+04:00	ck5-mirror-1m	4	2048092	2048076	57	1137848320	964194304	ft*51 ZMQbg/Reaper*3 ZMQbg/IO/0*3 
2026-09-25T18:24:14+04:00	ck5-mirror-1m	4	2048370	2048092	1	12750848	5939200	python3*1 
2026-09-25T18:24:14+04:00	ck5-mirror-1m	4	2048371	2048092	45	12733808640	12320657408	python3*36 pt_gloo_runloop*2 ZMQbg/Reaper*2 ZMQbg/IO/0*2 pt_tcpstore_uv*1 cuda0000240000a*1 
2026-09-25T18:24:14+04:00	ck5-mirror-1m	4	2048372	2048092	57	813760512	644673536	python3*49 ZMQbg/Reaper*4 ZMQbg/IO/0*4 
2026-09-25T18:24:24+04:00	ck5-mirror-1m	4	2048076	488	2	17784832	6021120	uv*1 main2*1 
2026-09-25T18:24:24+04:00	ck5-mirror-1m	4	2048092	2048076	57	1137848320	964194304	ft*51 ZMQbg/Reaper*3 ZMQbg/IO/0*3 
2026-09-25T18:24:24+04:00	ck5-mirror-1m	4	2048370	2048092	1	12750848	5939200	python3*1 
2026-09-25T18:24:24+04:00	ck5-mirror-1m	4	2048371	2048092	45	12733886464	12320735232	python3*36 pt_gloo_runloop*2 ZMQbg/Reaper*2 ZMQbg/IO/0*2 pt_tcpstore_uv*1 cuda0000240000a*1 
2026-09-25T18:24:24+04:00	ck5-mirror-1m	4	2048372	2048092	57	813760512	644673536	python3*49 ZMQbg/Reaper*4 ZMQbg/IO/0*4 
2026-09-25T18:24:36+04:00	ck5-mirror-1m	4	2048076	488	2	17784832	6021120	uv*1 main2*1 
2026-09-25T18:24:36+04:00	ck5-mirror-1m	4	2048092	2048076	57	1137848320	964194304	ft*51 ZMQbg/Reaper*3 ZMQbg/IO/0*3 
2026-09-25T18:24:36+04:00	ck5-mirror-1m	4	2048370	2048092	1	12750848	5939200	python3*1 
2026-09-25T18:24:36+04:00	ck5-mirror-1m	4	2048371	2048092	45	12733997056	12320845824	python3*36 pt_gloo_runloop*2 ZMQbg/Reaper*2 ZMQbg/IO/0*2 pt_tcpstore_uv*1 cuda0000240000a*1 
2026-09-25T18:24:36+04:00	ck5-mirror-1m	4	2048372	2048092	57	813760512	644673536	python3*49 ZMQbg/Reaper*4 ZMQbg/IO/0*4 
2026-09-25T18:24:46+04:00	ck5-mirror-1m	4	2048076	488	2	17784832	6021120	uv*1 main2*1 
2026-09-25T18:24:46+04:00	ck5-mirror-1m	4	2048092	2048076	57	1137848320	964194304	ft*51 ZMQbg/Reaper*3 ZMQbg/IO/0*3 
2026-09-25T18:24:46+04:00	ck5-mirror-1m	4	2048370	2048092	1	12750848	5939200	python3*1 
2026-09-25T18:24:46+04:00	ck5-mirror-1m	4	2048371	2048092	45	12734115840	12320964608	python3*36 pt_gloo_runloop*2 ZMQbg/Reaper*2 ZMQbg/IO/0*2 pt_tcpstore_uv*1 cuda0000240000a*1 
2026-09-25T18:24:46+04:00	ck5-mirror-1m	4	2048372	2048092	57	813760512	644673536	python3*49 ZMQbg/Reaper*4 ZMQbg/IO/0*4 
2026-09-25T18:24:56+04:00	ck5-mirror-1m	4	2048076	488	2	17784832	6021120	uv*1 main2*1 
2026-09-25T18:24:56+04:00	ck5-mirror-1m	4	2048092	2048076	57	1137848320	964194304	ft*51 ZMQbg/Reaper*3 ZMQbg/IO/0*3 
2026-09-25T18:24:56+04:00	ck5-mirror-1m	4	2048370	2048092	1	12750848	5939200	python3*1 
2026-09-25T18:24:56+04:00	ck5-mirror-1m	4	2048371	2048092	45	12734222336	12321071104	python3*36 pt_gloo_runloop*2 ZMQbg/Reaper*2 ZMQbg/IO/0*2 pt_tcpstore_uv*1 cuda0000240000a*1 
2026-09-25T18:24:56+04:00	ck5-mirror-1m	4	2048372	2048092	57	813760512	644673536	python3*49 ZMQbg/Reaper*4 ZMQbg/IO/0*4 
2026-09-25T18:25:08+04:00	ck5-mirror-1m	4	2048076	488	2	17784832	6021120	uv*1 main2*1 
2026-09-25T18:25:08+04:00	ck5-mirror-1m	4	2048092	2048076	57	1137848320	964194304	ft*51 ZMQbg/Reaper*3 ZMQbg/IO/0*3 
2026-09-25T18:25:08+04:00	ck5-mirror-1m	4	2048370	2048092	1	12750848	5939200	python3*1 
2026-09-25T18:25:08+04:00	ck5-mirror-1m	4	2048371	2048092	45	12734341120	12321189888	python3*36 pt_gloo_runloop*2 ZMQbg/Reaper*2 ZMQbg/IO/0*2 pt_tcpstore_uv*1 cuda0000240000a*1 
2026-09-25T18:25:08+04:00	ck5-mirror-1m	4	2048372	2048092	57	813760512	644673536	python3*49 ZMQbg/Reaper*4 ZMQbg/IO/0*4 
2026-09-25T18:25:18+04:00	ck5-mirror-1m	4	2048076	488	2	17784832	6021120	uv*1 main2*1 
2026-09-25T18:25:18+04:00	ck5-mirror-1m	4	2048092	2048076	57	1137848320	964194304	ft*51 ZMQbg/Reaper*3 ZMQbg/IO/0*3 
2026-09-25T18:25:18+04:00	ck5-mirror-1m	4	2048370	2048092	1	12750848	5939200	python3*1 
2026-09-25T18:25:18+04:00	ck5-mirror-1m	4	2048371	2048092	45	12734451712	12321300480	python3*36 pt_gloo_runloop*2 ZMQbg/Reaper*2 ZMQbg/IO/0*2 pt_tcpstore_uv*1 cuda0000240000a*1 
2026-09-25T18:25:19+04:00	ck5-mirror-1m	4	2048372	2048092	57	813760512	644673536	python3*49 ZMQbg/Reaper*4 ZMQbg/IO/0*4 
2026-09-25T18:25:29+04:00	ck5-mirror-1m	4	2048076	488	2	17784832	6021120	uv*1 main2*1 
2026-09-25T18:25:29+04:00	ck5-mirror-1m	4	2048092	2048076	57	1137848320	964194304	ft*51 ZMQbg/Reaper*3 ZMQbg/IO/0*3 
2026-09-25T18:25:29+04:00	ck5-mirror-1m	4	2048370	2048092	1	12750848	5939200	python3*1 
2026-09-25T18:25:29+04:00	ck5-mirror-1m	4	2048371	2048092	45	12734566400	12321415168	python3*36 pt_gloo_runloop*2 ZMQbg/Reaper*2 ZMQbg/IO/0*2 pt_tcpstore_uv*1 cuda0000240000a*1 
2026-09-25T18:25:29+04:00	ck5-mirror-1m	4	2048372	2048092	57	813760512	644673536	python3*49 ZMQbg/Reaper*4 ZMQbg/IO/0*4 
2026-09-25T18:25:41+04:00	ck5-mirror-1m	4	2048076	488	2	17784832	6021120	uv*1 main2*1 
2026-09-25T18:25:41+04:00	ck5-mirror-1m	4	2048092	2048076	57	1137848320	964194304	ft*51 ZMQbg/Reaper*3 ZMQbg/IO/0*3 
2026-09-25T18:25:41+04:00	ck5-mirror-1m	4	2048370	2048092	1	12750848	5939200	python3*1 
2026-09-25T18:25:41+04:00	ck5-mirror-1m	4	2048371	2048092	45	12734668800	12321517568	python3*36 pt_gloo_runloop*2 ZMQbg/Reaper*2 ZMQbg/IO/0*2 pt_tcpstore_uv*1 cuda0000240000a*1 
2026-09-25T18:25:41+04:00	ck5-mirror-1m	4	2048372	2048092	57	813760512	644673536	python3*49 ZMQbg/Reaper*4 ZMQbg/IO/0*4 
2026-09-25T18:25:51+04:00	ck5-mirror-1m	4	2048076	488	2	17784832	6021120	uv*1 main2*1 
2026-09-25T18:25:51+04:00	ck5-mirror-1m	4	2048092	2048076	57	1137848320	964194304	ft*51 ZMQbg/Reaper*3 ZMQbg/IO/0*3 
2026-09-25T18:25:51+04:00	ck5-mirror-1m	4	2048370	2048092	1	12750848	5939200	python3*1 
2026-09-25T18:25:51+04:00	ck5-mirror-1m	4	2048371	2048092	45	12734783488	12321632256	python3*36 pt_gloo_runloop*2 ZMQbg/Reaper*2 ZMQbg/IO/0*2 pt_tcpstore_uv*1 cuda0000240000a*1 
2026-09-25T18:25:51+04:00	ck5-mirror-1m	4	2048372	2048092	57	813760512	644673536	python3*49 ZMQbg/Reaper*4 ZMQbg/IO/0*4 
2026-09-25T18:26:01+04:00	ck5-mirror-1m	4	2048076	488	2	17784832	6021120	uv*1 main2*1 
2026-09-25T18:26:01+04:00	ck5-mirror-1m	4	2048092	2048076	57	1137848320	964194304	ft*51 ZMQbg/Reaper*3 ZMQbg/IO/0*3 
2026-09-25T18:26:01+04:00	ck5-mirror-1m	4	2048370	2048092	1	12750848	5939200	python3*1 
2026-09-25T18:26:01+04:00	ck5-mirror-1m	4	2048371	2048092	45	12734902272	12321751040	python3*36 pt_gloo_runloop*2 ZMQbg/Reaper*2 ZMQbg/IO/0*2 pt_tcpstore_uv*1 cuda0000240000a*1 
2026-09-25T18:26:01+04:00	ck5-mirror-1m	4	2048372	2048092	57	813760512	644673536	python3*49 ZMQbg/Reaper*4 ZMQbg/IO/0*4 
2026-09-25T18:26:13+04:00	ck5-mirror-1m	4	2048076	488	2	17784832	6021120	uv*1 main2*1 
2026-09-25T18:26:13+04:00	ck5-mirror-1m	4	2048092	2048076	57	1137848320	964194304	ft*51 ZMQbg/Reaper*3 ZMQbg/IO/0*3 
2026-09-25T18:26:13+04:00	ck5-mirror-1m	4	2048370	2048092	1	12750848	5939200	python3*1 
2026-09-25T18:26:13+04:00	ck5-mirror-1m	4	2048371	2048092	45	12735029248	12321878016	python3*36 pt_gloo_runloop*2 ZMQbg/Reaper*2 ZMQbg/IO/0*2 pt_tcpstore_uv*1 cuda0000240000a*1 
2026-09-25T18:26:13+04:00	ck5-mirror-1m	4	2048372	2048092	57	813760512	644673536	python3*49 ZMQbg/Reaper*4 ZMQbg/IO/0*4 
2026-09-25T18:26:23+04:00	ck5-mirror-1m	4	2048076	488	2	17784832	6021120	uv*1 main2*1 
2026-09-25T18:26:23+04:00	ck5-mirror-1m	4	2048092	2048076	57	1137848320	964194304	ft*51 ZMQbg/Reaper*3 ZMQbg/IO/0*3 
2026-09-25T18:26:23+04:00	ck5-mirror-1m	4	2048370	2048092	1	12750848	5939200	python3*1 
2026-09-25T18:26:23+04:00	ck5-mirror-1m	4	2048371	2048092	45	12735143936	12321992704	python3*36 pt_gloo_runloop*2 ZMQbg/Reaper*2 ZMQbg/IO/0*2 pt_tcpstore_uv*1 cuda0000240000a*1 
2026-09-25T18:26:23+04:00	ck5-mirror-1m	4	2048372	2048092	57	813760512	644673536	python3*49 ZMQbg/Reaper*4 ZMQbg/IO/0*4 
2026-09-25T18:26:33+04:00	ck5-mirror-1m	4	2048076	488	2	17784832	6021120	uv*1 main2*1 
2026-09-25T18:26:33+04:00	ck5-mirror-1m	4	2048092	2048076	57	1137848320	964194304	ft*51 ZMQbg/Reaper*3 ZMQbg/IO/0*3 
2026-09-25T18:26:33+04:00	ck5-mirror-1m	4	2048370	2048092	1	12750848	5939200	python3*1 
2026-09-25T18:26:33+04:00	ck5-mirror-1m	4	2048371	2048092	45	12735242240	12322091008	python3*36 pt_gloo_runloop*2 ZMQbg/Reaper*2 ZMQbg/IO/0*2 pt_tcpstore_uv*1 cuda0000240000a*1 
2026-09-25T18:26:33+04:00	ck5-mirror-1m	4	2048372	2048092	57	813760512	644673536	python3*49 ZMQbg/Reaper*4 ZMQbg/IO/0*4 
2026-09-25T18:26:45+04:00	ck5-mirror-1m	4	2048076	488	2	17784832	6021120	uv*1 main2*1 
2026-09-25T18:26:45+04:00	ck5-mirror-1m	4	2048092	2048076	57	1137848320	964194304	ft*51 ZMQbg/Reaper*3 ZMQbg/IO/0*3 
2026-09-25T18:26:45+04:00	ck5-mirror-1m	4	2048370	2048092	1	12750848	5939200	python3*1 
2026-09-25T18:26:45+04:00	ck5-mirror-1m	4	2048371	2048092	45	12735361024	12322209792	python3*36 pt_gloo_runloop*2 ZMQbg/Reaper*2 ZMQbg/IO/0*2 pt_tcpstore_uv*1 cuda0000240000a*1 
2026-09-25T18:26:45+04:00	ck5-mirror-1m	4	2048372	2048092	57	813760512	644673536	python3*49 ZMQbg/Reaper*4 ZMQbg/IO/0*4 
2026-09-25T18:26:56+04:00	ck5-mirror-1m	4	2048076	488	2	17784832	6021120	uv*1 main2*1 
2026-09-25T18:26:56+04:00	ck5-mirror-1m	4	2048092	2048076	57	1137848320	964194304	ft*51 ZMQbg/Reaper*3 ZMQbg/IO/0*3 
2026-09-25T18:26:56+04:00	ck5-mirror-1m	4	2048370	2048092	1	12750848	5939200	python3*1 
2026-09-25T18:26:56+04:00	ck5-mirror-1m	4	2048371	2048092	45	12735479808	12322328576	python3*36 pt_gloo_runloop*2 ZMQbg/Reaper*2 ZMQbg/IO/0*2 pt_tcpstore_uv*1 cuda0000240000a*1 
2026-09-25T18:26:56+04:00	ck5-mirror-1m	4	2048372	2048092	57	813760512	644673536	python3*49 ZMQbg/Reaper*4 ZMQbg/IO/0*4 
2026-09-25T18:27:06+04:00	ck5-mirror-1m	4	2048076	488	2	17784832	6021120	uv*1 main2*1 
2026-09-25T18:27:06+04:00	ck5-mirror-1m	4	2048092	2048076	57	1137848320	964194304	ft*51 ZMQbg/Reaper*3 ZMQbg/IO/0*3 
2026-09-25T18:27:06+04:00	ck5-mirror-1m	4	2048370	2048092	1	12750848	5939200	python3*1 
2026-09-25T18:27:06+04:00	ck5-mirror-1m	4	2048371	2048092	45	12735586304	12322435072	python3*36 pt_gloo_runloop*2 ZMQbg/Reaper*2 ZMQbg/IO/0*2 pt_tcpstore_uv*1 cuda0000240000a*1 
2026-09-25T18:27:06+04:00	ck5-mirror-1m	4	2048372	2048092	57	813760512	644673536	python3*49 ZMQbg/Reaper*4 ZMQbg/IO/0*4 
2026-09-25T18:27:16+04:00	ck5-mirror-1m	4	2048076	488	2	17784832	6021120	uv*1 main2*1 
2026-09-25T18:27:16+04:00	ck5-mirror-1m	4	2048092	2048076	57	1137848320	964194304	ft*51 ZMQbg/Reaper*3 ZMQbg/IO/0*3 
2026-09-25T18:27:16+04:00	ck5-mirror-1m	4	2048370	2048092	1	12750848	5939200	python3*1 
2026-09-25T18:27:16+04:00	ck5-mirror-1m	4	2048371	2048092	45	12735696896	12322545664	python3*36 pt_gloo_runloop*2 ZMQbg/Reaper*2 ZMQbg/IO/0*2 pt_tcpstore_uv*1 cuda0000240000a*1 
2026-09-25T18:27:16+04:00	ck5-mirror-1m	4	2048372	2048092	57	813760512	644673536	python3*49 ZMQbg/Reaper*4 ZMQbg/IO/0*4 
2026-09-25T18:27:28+04:00	ck5-mirror-1m	4	2048076	488	2	17784832	6021120	uv*1 main2*1 
2026-09-25T18:27:28+04:00	ck5-mirror-1m	4	2048092	2048076	57	1137848320	964194304	ft*51 ZMQbg/Reaper*3 ZMQbg/IO/0*3 
2026-09-25T18:27:28+04:00	ck5-mirror-1m	4	2048370	2048092	1	12750848	5939200	python3*1 
2026-09-25T18:27:28+04:00	ck5-mirror-1m	4	2048371	2048092	45	12735827968	12322676736	python3*36 pt_gloo_runloop*2 ZMQbg/Reaper*2 ZMQbg/IO/0*2 pt_tcpstore_uv*1 cuda0000240000a*1 
2026-09-25T18:27:28+04:00	ck5-mirror-1m	4	2048372	2048092	57	813760512	644673536	python3*49 ZMQbg/Reaper*4 ZMQbg/IO/0*4 
2026-09-25T18:27:38+04:00	ck5-mirror-1m	4	2048076	488	2	17784832	6021120	uv*1 main2*1 
2026-09-25T18:27:38+04:00	ck5-mirror-1m	4	2048092	2048076	57	1137848320	964194304	ft*51 ZMQbg/Reaper*3 ZMQbg/IO/0*3 
2026-09-25T18:27:38+04:00	ck5-mirror-1m	4	2048370	2048092	1	12750848	5939200	python3*1 
2026-09-25T18:27:38+04:00	ck5-mirror-1m	4	2048371	2048092	45	12735942656	12322791424	python3*36 pt_gloo_runloop*2 ZMQbg/Reaper*2 ZMQbg/IO/0*2 pt_tcpstore_uv*1 cuda0000240000a*1 
2026-09-25T18:27:38+04:00	ck5-mirror-1m	4	2048372	2048092	57	813760512	644673536	python3*49 ZMQbg/Reaper*4 ZMQbg/IO/0*4 
2026-09-25T18:27:48+04:00	ck5-mirror-1m	4	2048076	488	2	17784832	6021120	uv*1 main2*1 
2026-09-25T18:27:48+04:00	ck5-mirror-1m	4	2048092	2048076	57	1137848320	964194304	ft*51 ZMQbg/Reaper*3 ZMQbg/IO/0*3 
2026-09-25T18:27:48+04:00	ck5-mirror-1m	4	2048370	2048092	1	12750848	5939200	python3*1 
2026-09-25T18:27:48+04:00	ck5-mirror-1m	4	2048371	2048092	45	12736045056	12322893824	python3*36 pt_gloo_runloop*2 ZMQbg/Reaper*2 ZMQbg/IO/0*2 pt_tcpstore_uv*1 cuda0000240000a*1 
2026-09-25T18:27:48+04:00	ck5-mirror-1m	4	2048372	2048092	57	813760512	644673536	python3*49 ZMQbg/Reaper*4 ZMQbg/IO/0*4 
2026-09-25T18:28:00+04:00	ck5-mirror-1m	4	2048076	488	2	17784832	6021120	uv*1 main2*1 
2026-09-25T18:28:00+04:00	ck5-mirror-1m	4	2048092	2048076	57	1137848320	964194304	ft*51 ZMQbg/Reaper*3 ZMQbg/IO/0*3 
2026-09-25T18:28:00+04:00	ck5-mirror-1m	4	2048370	2048092	1	12750848	5939200	python3*1 
2026-09-25T18:28:00+04:00	ck5-mirror-1m	4	2048371	2048092	45	12736163840	12323012608	python3*36 pt_gloo_runloop*2 ZMQbg/Reaper*2 ZMQbg/IO/0*2 pt_tcpstore_uv*1 cuda0000240000a*1 
2026-09-25T18:28:00+04:00	ck5-mirror-1m	4	2048372	2048092	57	813760512	644673536	python3*49 ZMQbg/Reaper*4 ZMQbg/IO/0*4 
2026-09-25T18:28:10+04:00	ck5-mirror-1m	4	2048076	488	2	17784832	6021120	uv*1 main2*1 
2026-09-25T18:28:10+04:00	ck5-mirror-1m	4	2048092	2048076	57	1137848320	964194304	ft*51 ZMQbg/Reaper*3 ZMQbg/IO/0*3 
2026-09-25T18:28:10+04:00	ck5-mirror-1m	4	2048370	2048092	1	12750848	5939200	python3*1 
2026-09-25T18:28:10+04:00	ck5-mirror-1m	4	2048371	2048092	45	12736270336	12323119104	python3*36 pt_gloo_runloop*2 ZMQbg/Reaper*2 ZMQbg/IO/0*2 pt_tcpstore_uv*1 cuda0000240000a*1 
2026-09-25T18:28:11+04:00	ck5-mirror-1m	4	2048372	2048092	57	813760512	644673536	python3*49 ZMQbg/Reaper*4 ZMQbg/IO/0*4 
2026-09-25T18:28:21+04:00	ck5-mirror-1m	4	2048076	488	2	17784832	6021120	uv*1 main2*1 
2026-09-25T18:28:21+04:00	ck5-mirror-1m	4	2048092	2048076	57	1137848320	964194304	ft*51 ZMQbg/Reaper*3 ZMQbg/IO/0*3 
2026-09-25T18:28:21+04:00	ck5-mirror-1m	4	2048370	2048092	1	12750848	5939200	python3*1 
2026-09-25T18:28:21+04:00	ck5-mirror-1m	4	2048371	2048092	45	12736389120	12323237888	python3*36 pt_gloo_runloop*2 ZMQbg/Reaper*2 ZMQbg/IO/0*2 pt_tcpstore_uv*1 cuda0000240000a*1 
2026-09-25T18:28:21+04:00	ck5-mirror-1m	4	2048372	2048092	57	813760512	644673536	python3*49 ZMQbg/Reaper*4 ZMQbg/IO/0*4 
2026-09-25T18:28:33+04:00	ck5-mirror-1m	4	2048076	488	2	17784832	6021120	uv*1 main2*1 
2026-09-25T18:28:33+04:00	ck5-mirror-1m	4	2048092	2048076	57	1137848320	964194304	ft*51 ZMQbg/Reaper*3 ZMQbg/IO/0*3 
2026-09-25T18:28:33+04:00	ck5-mirror-1m	4	2048370	2048092	1	12750848	5939200	python3*1 
2026-09-25T18:28:33+04:00	ck5-mirror-1m	4	2048371	2048092	45	12737695744	12324544512	python3*36 pt_gloo_runloop*2 ZMQbg/Reaper*2 ZMQbg/IO/0*2 pt_tcpstore_uv*1 cuda0000240000a*1 
2026-09-25T18:28:33+04:00	ck5-mirror-1m	4	2048372	2048092	57	813760512	644673536	python3*49 ZMQbg/Reaper*4 ZMQbg/IO/0*4 
2026-09-25T18:28:43+04:00	ck5-mirror-1m	4	2048076	488	2	17784832	6021120	uv*1 main2*1 
2026-09-25T18:28:43+04:00	ck5-mirror-1m	4	2048092	2048076	57	1137848320	964194304	ft*51 ZMQbg/Reaper*3 ZMQbg/IO/0*3 
2026-09-25T18:28:43+04:00	ck5-mirror-1m	4	2048370	2048092	1	12750848	5939200	python3*1 
2026-09-25T18:28:43+04:00	ck5-mirror-1m	4	2048371	2048092	45	12737703936	12324552704	python3*36 pt_gloo_runloop*2 ZMQbg/Reaper*2 ZMQbg/IO/0*2 pt_tcpstore_uv*1 cuda0000240000a*1 
2026-09-25T18:28:43+04:00	ck5-mirror-1m	4	2048372	2048092	57	813760512	644673536	python3*49 ZMQbg/Reaper*4 ZMQbg/IO/0*4 
2026-09-25T18:28:53+04:00	ck5-mirror-1m	4	2048076	488	2	17784832	6021120	uv*1 main2*1 
2026-09-25T18:28:53+04:00	ck5-mirror-1m	4	2048092	2048076	57	1137848320	964194304	ft*51 ZMQbg/Reaper*3 ZMQbg/IO/0*3 
2026-09-25T18:28:53+04:00	ck5-mirror-1m	4	2048370	2048092	1	12750848	5939200	python3*1 
2026-09-25T18:28:53+04:00	ck5-mirror-1m	4	2048371	2048092	45	12737708032	12324556800	python3*36 pt_gloo_runloop*2 ZMQbg/Reaper*2 ZMQbg/IO/0*2 pt_tcpstore_uv*1 cuda0000240000a*1 
2026-09-25T18:28:53+04:00	ck5-mirror-1m	4	2048372	2048092	57	813760512	644673536	python3*49 ZMQbg/Reaper*4 ZMQbg/IO/0*4 
2026-09-25T18:29:05+04:00	ck5-mirror-1m	4	2048076	488	2	17784832	6021120	uv*1 main2*1 
2026-09-25T18:29:05+04:00	ck5-mirror-1m	4	2048092	2048076	57	1137848320	964194304	ft*51 ZMQbg/Reaper*3 ZMQbg/IO/0*3 
2026-09-25T18:29:05+04:00	ck5-mirror-1m	4	2048370	2048092	1	12750848	5939200	python3*1 
2026-09-25T18:29:05+04:00	ck5-mirror-1m	4	2048371	2048092	45	12737708032	12324556800	python3*36 pt_gloo_runloop*2 ZMQbg/Reaper*2 ZMQbg/IO/0*2 pt_tcpstore_uv*1 cuda0000240000a*1 
2026-09-25T18:29:05+04:00	ck5-mirror-1m	4	2048372	2048092	57	813760512	644673536	python3*49 ZMQbg/Reaper*4 ZMQbg/IO/0*4 
2026-09-25T18:29:15+04:00	ck5-mirror-1m	4	2048076	488	2	17784832	6021120	uv*1 main2*1 
2026-09-25T18:29:15+04:00	ck5-mirror-1m	4	2048092	2048076	57	1137848320	964194304	ft*51 ZMQbg/Reaper*3 ZMQbg/IO/0*3 
2026-09-25T18:29:15+04:00	ck5-mirror-1m	4	2048370	2048092	1	12750848	5939200	python3*1 
2026-09-25T18:29:15+04:00	ck5-mirror-1m	4	2048371	2048092	45	12737708032	12324556800	python3*36 pt_gloo_runloop*2 ZMQbg/Reaper*2 ZMQbg/IO/0*2 pt_tcpstore_uv*1 cuda0000240000a*1 
2026-09-25T18:29:15+04:00	ck5-mirror-1m	4	2048372	2048092	57	813760512	644673536	python3*49 ZMQbg/Reaper*4 ZMQbg/IO/0*4 
2026-09-25T18:29:25+04:00	ck5-mirror-1m	4	2048076	488	2	17784832	6021120	uv*1 main2*1 
2026-09-25T18:29:25+04:00	ck5-mirror-1m	4	2048092	2048076	57	1137848320	964194304	ft*51 ZMQbg/Reaper*3 ZMQbg/IO/0*3 
2026-09-25T18:29:25+04:00	ck5-mirror-1m	4	2048370	2048092	1	12750848	5939200	python3*1 
2026-09-25T18:29:25+04:00	ck5-mirror-1m	4	2048371	2048092	45	12737708032	12324556800	python3*36 pt_gloo_runloop*2 ZMQbg/Reaper*2 ZMQbg/IO/0*2 pt_tcpstore_uv*1 cuda0000240000a*1 
2026-09-25T18:29:25+04:00	ck5-mirror-1m	4	2048372	2048092	57	813760512	644673536	python3*49 ZMQbg/Reaper*4 ZMQbg/IO/0*4 
2026-09-25T18:29:37+04:00	ck5-mirror-1m	4	2048076	488	2	17784832	6021120	uv*1 main2*1 
2026-09-25T18:29:37+04:00	ck5-mirror-1m	4	2048092	2048076	57	1127669760	964194304	ft*51 ZMQbg/Reaper*3 ZMQbg/IO/0*3 
2026-09-25T18:29:37+04:00	ck5-mirror-1m	4	2048370	2048092	1	12750848	5939200	python3*1 
2026-09-25T18:29:37+04:00	ck5-mirror-1m	4	2048371	2048092	45	12722266112	12324556800	python3*36 pt_gloo_runloop*2 ZMQbg/Reaper*2 ZMQbg/IO/0*2 pt_tcpstore_uv*1 cuda0000240000a*1 
2026-09-25T18:29:37+04:00	ck5-mirror-1m	4	2048372	2048092	57	803745792	644673536	python3*49 ZMQbg/Reaper*4 ZMQbg/IO/0*4 
2026-09-25T18:29:48+04:00	ck5-mirror-1m	4	2048076	488	2	17784832	6021120	uv*1 main2*1 
2026-09-25T18:29:48+04:00	ck5-mirror-1m	4	2048092	2048076	57	1127669760	964194304	ft*51 ZMQbg/Reaper*3 ZMQbg/IO/0*3 
2026-09-25T18:29:48+04:00	ck5-mirror-1m	4	2048370	2048092	1	12750848	5939200	python3*1 
2026-09-25T18:29:48+04:00	ck5-mirror-1m	4	2048371	2048092	45	12722266112	12324556800	python3*36 pt_gloo_runloop*2 ZMQbg/Reaper*2 ZMQbg/IO/0*2 pt_tcpstore_uv*1 cuda0000240000a*1 
2026-09-25T18:29:48+04:00	ck5-mirror-1m	4	2048372	2048092	57	803745792	644673536	python3*49 ZMQbg/Reaper*4 ZMQbg/IO/0*4 
2026-09-25T18:29:58+04:00	ck5-mirror-1m	4	2048076	488	2	17784832	6021120	uv*1 main2*1 
2026-09-25T18:29:58+04:00	ck5-mirror-1m	4	2048092	2048076	57	1127669760	964194304	ft*51 ZMQbg/Reaper*3 ZMQbg/IO/0*3 
2026-09-25T18:29:58+04:00	ck5-mirror-1m	4	2048370	2048092	1	12750848	5939200	python3*1 
2026-09-25T18:29:58+04:00	ck5-mirror-1m	4	2048371	2048092	45	12722266112	12324556800	python3*36 pt_gloo_runloop*2 ZMQbg/Reaper*2 ZMQbg/IO/0*2 pt_tcpstore_uv*1 cuda0000240000a*1 
2026-09-25T18:29:58+04:00	ck5-mirror-1m	4	2048372	2048092	57	803745792	644673536	python3*49 ZMQbg/Reaper*4 ZMQbg/IO/0*4 
2026-09-25T18:30:10+04:00	ck5-mirror-1m	4	2048076	488	2	17784832	6021120	uv*1 main2*1 
2026-09-25T18:30:10+04:00	ck5-mirror-1m	4	2048092	2048076	57	1127669760	964194304	ft*51 ZMQbg/Reaper*3 ZMQbg/IO/0*3 
2026-09-25T18:30:10+04:00	ck5-mirror-1m	4	2048370	2048092	1	12750848	5939200	python3*1 
2026-09-25T18:30:10+04:00	ck5-mirror-1m	4	2048371	2048092	45	12722266112	12324556800	python3*36 pt_gloo_runloop*2 ZMQbg/Reaper*2 ZMQbg/IO/0*2 pt_tcpstore_uv*1 cuda0000240000a*1 
2026-09-25T18:30:10+04:00	ck5-mirror-1m	4	2048372	2048092	57	803745792	644673536	python3*49 ZMQbg/Reaper*4 ZMQbg/IO/0*4 
2026-09-25T18:30:20+04:00	ck5-mirror-1m	4	2048076	488	2	17784832	6021120	uv*1 main2*1 
2026-09-25T18:30:20+04:00	ck5-mirror-1m	4	2048092	2048076	57	1127669760	964194304	ft*51 ZMQbg/Reaper*3 ZMQbg/IO/0*3 
2026-09-25T18:30:20+04:00	ck5-mirror-1m	4	2048370	2048092	1	12750848	5939200	python3*1 
2026-09-25T18:30:20+04:00	ck5-mirror-1m	4	2048371	2048092	45	12722266112	12324556800	python3*36 pt_gloo_runloop*2 ZMQbg/Reaper*2 ZMQbg/IO/0*2 pt_tcpstore_uv*1 cuda0000240000a*1 
2026-09-25T18:30:20+04:00	ck5-mirror-1m	4	2048372	2048092	57	803745792	644673536	python3*49 ZMQbg/Reaper*4 ZMQbg/IO/0*4 
2026-09-25T18:30:30+04:00	ck5-mirror-1m	4	2048076	488	2	17784832	6021120	uv*1 main2*1 
2026-09-25T18:30:30+04:00	ck5-mirror-1m	4	2048092	2048076	57	1127669760	964194304	ft*51 ZMQbg/Reaper*3 ZMQbg/IO/0*3 
2026-09-25T18:30:30+04:00	ck5-mirror-1m	4	2048370	2048092	1	12750848	5939200	python3*1 
2026-09-25T18:30:30+04:00	ck5-mirror-1m	4	2048371	2048092	45	12722851840	12324655104	python3*36 pt_gloo_runloop*2 ZMQbg/Reaper*2 ZMQbg/IO/0*2 pt_tcpstore_uv*1 cuda0000240000a*1 
2026-09-25T18:30:30+04:00	ck5-mirror-1m	4	2048372	2048092	57	803745792	644673536	python3*49 ZMQbg/Reaper*4 ZMQbg/IO/0*4 
2026-09-25T18:30:40+04:00	ck5-mirror-1m	4	2048076	488	2	17784832	6021120	uv*1 main2*1 
2026-09-25T18:30:40+04:00	ck5-mirror-1m	4	2048092	2048076	57	1127669760	964194304	ft*51 ZMQbg/Reaper*3 ZMQbg/IO/0*3 
2026-09-25T18:30:40+04:00	ck5-mirror-1m	4	2048370	2048092	1	12750848	5939200	python3*1 
2026-09-25T18:30:40+04:00	ck5-mirror-1m	4	2048371	2048092	45	12722913280	12324716544	python3*36 pt_gloo_runloop*2 ZMQbg/Reaper*2 ZMQbg/IO/0*2 pt_tcpstore_uv*1 cuda0000240000a*1 
2026-09-25T18:30:40+04:00	ck5-mirror-1m	4	2048372	2048092	57	803745792	644673536	python3*49 ZMQbg/Reaper*4 ZMQbg/IO/0*4 
2026-09-25T18:30:52+04:00	ck5-mirror-1m	4	2048076	488	2	17784832	6021120	uv*1 main2*1 
2026-09-25T18:30:52+04:00	ck5-mirror-1m	4	2048092	2048076	57	1127669760	964194304	ft*51 ZMQbg/Reaper*3 ZMQbg/IO/0*3 
2026-09-25T18:30:52+04:00	ck5-mirror-1m	4	2048370	2048092	1	12750848	5939200	python3*1 
2026-09-25T18:30:52+04:00	ck5-mirror-1m	4	2048371	2048092	45	12723052544	12324855808	python3*36 pt_gloo_runloop*2 ZMQbg/Reaper*2 ZMQbg/IO/0*2 pt_tcpstore_uv*1 cuda0000240000a*1 
2026-09-25T18:30:52+04:00	ck5-mirror-1m	4	2048372	2048092	57	803745792	644673536	python3*49 ZMQbg/Reaper*4 ZMQbg/IO/0*4 
2026-09-25T18:31:03+04:00	ck5-mirror-1m	4	2048076	488	2	17784832	6021120	uv*1 main2*1 
2026-09-25T18:31:03+04:00	ck5-mirror-1m	4	2048092	2048076	57	1127669760	964194304	ft*51 ZMQbg/Reaper*3 ZMQbg/IO/0*3 
2026-09-25T18:31:03+04:00	ck5-mirror-1m	4	2048370	2048092	1	12750848	5939200	python3*1 
2026-09-25T18:31:03+04:00	ck5-mirror-1m	4	2048371	2048092	45	12723208192	12325011456	python3*36 pt_gloo_runloop*2 ZMQbg/Reaper*2 ZMQbg/IO/0*2 pt_tcpstore_uv*1 cuda0000240000a*1 
2026-09-25T18:31:03+04:00	ck5-mirror-1m	4	2048372	2048092	57	803745792	644673536	python3*49 ZMQbg/Reaper*4 ZMQbg/IO/0*4 
2026-09-25T18:31:13+04:00	ck5-mirror-1m	4	2048076	488	2	17784832	6021120	uv*1 main2*1 
2026-09-25T18:31:13+04:00	ck5-mirror-1m	4	2048092	2048076	57	1127669760	964194304	ft*51 ZMQbg/Reaper*3 ZMQbg/IO/0*3 
2026-09-25T18:31:13+04:00	ck5-mirror-1m	4	2048370	2048092	1	12750848	5939200	python3*1 
2026-09-25T18:31:13+04:00	ck5-mirror-1m	4	2048371	2048092	45	12723359744	12325163008	python3*36 pt_gloo_runloop*2 ZMQbg/Reaper*2 ZMQbg/IO/0*2 pt_tcpstore_uv*1 cuda0000240000a*1 
2026-09-25T18:31:13+04:00	ck5-mirror-1m	4	2048372	2048092	57	803745792	644673536	python3*49 ZMQbg/Reaper*4 ZMQbg/IO/0*4 
2026-09-25T18:31:25+04:00	ck5-mirror-1m	4	2048076	488	2	17780736	6021120	uv*1 main2*1 
2026-09-25T18:31:25+04:00	ck5-mirror-1m	4	2048092	2048076	57	1121964032	964194304	ft*51 ZMQbg/Reaper*3 ZMQbg/IO/0*3 
2026-09-25T18:31:25+04:00	ck5-mirror-1m	4	2048370	2048092	1	12750848	5939200	python3*1 
2026-09-25T18:31:25+04:00	ck5-mirror-1m	4	2048371	2048092	45	12714749952	12325322752	python3*36 pt_gloo_runloop*2 ZMQbg/Reaper*2 ZMQbg/IO/0*2 pt_tcpstore_uv*1 cuda0000240000a*1 
2026-09-25T18:31:25+04:00	ck5-mirror-1m	4	2048372	2048092	57	798224384	644673536	python3*49 ZMQbg/Reaper*4 ZMQbg/IO/0*4 
2026-09-25T18:31:35+04:00	ck5-mirror-1m	4	2048076	488	2	17780736	6021120	uv*1 main2*1 
2026-09-25T18:31:35+04:00	ck5-mirror-1m	4	2048092	2048076	57	1121964032	964194304	ft*51 ZMQbg/Reaper*3 ZMQbg/IO/0*3 
2026-09-25T18:31:35+04:00	ck5-mirror-1m	4	2048370	2048092	1	12750848	5939200	python3*1 
2026-09-25T18:31:35+04:00	ck5-mirror-1m	4	2048371	2048092	45	12714893312	12325466112	python3*36 pt_gloo_runloop*2 ZMQbg/Reaper*2 ZMQbg/IO/0*2 pt_tcpstore_uv*1 cuda0000240000a*1 
2026-09-25T18:31:35+04:00	ck5-mirror-1m	4	2048372	2048092	57	798224384	644673536	python3*49 ZMQbg/Reaper*4 ZMQbg/IO/0*4 
2026-09-25T18:31:45+04:00	ck5-mirror-1m	4	2048076	488	2	17780736	6021120	uv*1 main2*1 
2026-09-25T18:31:45+04:00	ck5-mirror-1m	4	2048092	2048076	57	1121964032	964194304	ft*51 ZMQbg/Reaper*3 ZMQbg/IO/0*3 
2026-09-25T18:31:45+04:00	ck5-mirror-1m	4	2048370	2048092	1	12750848	5939200	python3*1 
2026-09-25T18:31:45+04:00	ck5-mirror-1m	4	2048371	2048092	45	12715048960	12325621760	python3*36 pt_gloo_runloop*2 ZMQbg/Reaper*2 ZMQbg/IO/0*2 pt_tcpstore_uv*1 cuda0000240000a*1 
2026-09-25T18:31:45+04:00	ck5-mirror-1m	4	2048372	2048092	57	798224384	644673536	python3*49 ZMQbg/Reaper*4 ZMQbg/IO/0*4 
2026-09-25T18:31:57+04:00	ck5-mirror-1m	4	2048076	488	2	17764352	6021120	uv*1 main2*1 
2026-09-25T18:31:57+04:00	ck5-mirror-1m	4	2048092	2048076	57	1119498240	964194304	ft*51 ZMQbg/Reaper*3 ZMQbg/IO/0*3 
2026-09-25T18:31:57+04:00	ck5-mirror-1m	4	2048370	2048092	1	12750848	5939200	python3*1 
2026-09-25T18:31:57+04:00	ck5-mirror-1m	4	2048371	2048092	45	12711116800	12325785600	python3*36 pt_gloo_runloop*2 ZMQbg/Reaper*2 ZMQbg/IO/0*2 pt_tcpstore_uv*1 cuda0000240000a*1 
2026-09-25T18:31:57+04:00	ck5-mirror-1m	4	2048372	2048092	57	795901952	644673536	python3*49 ZMQbg/Reaper*4 ZMQbg/IO/0*4 
2026-09-25T18:32:07+04:00	ck5-mirror-1m	4	2048076	488	2	17764352	6021120	uv*1 main2*1 
2026-09-25T18:32:07+04:00	ck5-mirror-1m	4	2048092	2048076	57	1119498240	964194304	ft*51 ZMQbg/Reaper*3 ZMQbg/IO/0*3 
2026-09-25T18:32:07+04:00	ck5-mirror-1m	4	2048370	2048092	1	12750848	5939200	python3*1 
2026-09-25T18:32:07+04:00	ck5-mirror-1m	4	2048371	2048092	45	12711272448	12325941248	python3*36 pt_gloo_runloop*2 ZMQbg/Reaper*2 ZMQbg/IO/0*2 pt_tcpstore_uv*1 cuda0000240000a*1 
2026-09-25T18:32:07+04:00	ck5-mirror-1m	4	2048372	2048092	57	795901952	644673536	python3*49 ZMQbg/Reaper*4 ZMQbg/IO/0*4 
2026-09-25T18:32:17+04:00	ck5-mirror-1m	4	2048076	488	2	17764352	6021120	uv*1 main2*1 
2026-09-25T18:32:17+04:00	ck5-mirror-1m	4	2048092	2048076	57	1119498240	964194304	ft*51 ZMQbg/Reaper*3 ZMQbg/IO/0*3 
2026-09-25T18:32:17+04:00	ck5-mirror-1m	4	2048370	2048092	1	12750848	5939200	python3*1 
2026-09-25T18:32:17+04:00	ck5-mirror-1m	4	2048371	2048092	45	12711395328	12326064128	python3*36 pt_gloo_runloop*2 ZMQbg/Reaper*2 ZMQbg/IO/0*2 pt_tcpstore_uv*1 cuda0000240000a*1 
2026-09-25T18:32:18+04:00	ck5-mirror-1m	4	2048372	2048092	57	795901952	644673536	python3*49 ZMQbg/Reaper*4 ZMQbg/IO/0*4 
2026-09-25T18:32:29+04:00	ck5-mirror-1m	4	2048076	488	2	17764352	6021120	uv*1 main2*1 
2026-09-25T18:32:29+04:00	ck5-mirror-1m	4	2048092	2048076	57	1119498240	964194304	ft*51 ZMQbg/Reaper*3 ZMQbg/IO/0*3 
2026-09-25T18:32:29+04:00	ck5-mirror-1m	4	2048370	2048092	1	12750848	5939200	python3*1 
2026-09-25T18:32:29+04:00	ck5-mirror-1m	4	2048371	2048092	45	12711550976	12326219776	python3*36 pt_gloo_runloop*2 ZMQbg/Reaper*2 ZMQbg/IO/0*2 pt_tcpstore_uv*1 cuda0000240000a*1 
2026-09-25T18:32:29+04:00	ck5-mirror-1m	4	2048372	2048092	57	795901952	644673536	python3*49 ZMQbg/Reaper*4 ZMQbg/IO/0*4 
2026-09-25T18:32:39+04:00	ck5-mirror-1m	4	2048076	488	2	17764352	6021120	uv*1 main2*1 
2026-09-25T18:32:39+04:00	ck5-mirror-1m	4	2048092	2048076	57	1119498240	964194304	ft*51 ZMQbg/Reaper*3 ZMQbg/IO/0*3 
2026-09-25T18:32:39+04:00	ck5-mirror-1m	4	2048370	2048092	1	12750848	5939200	python3*1 
2026-09-25T18:32:40+04:00	ck5-mirror-1m	4	2048371	2048092	45	12711710720	12326379520	python3*36 pt_gloo_runloop*2 ZMQbg/Reaper*2 ZMQbg/IO/0*2 pt_tcpstore_uv*1 cuda0000240000a*1 
2026-09-25T18:32:40+04:00	ck5-mirror-1m	4	2048372	2048092	57	795901952	644673536	python3*49 ZMQbg/Reaper*4 ZMQbg/IO/0*4 
2026-09-25T18:32:50+04:00	ck5-mirror-1m	4	2048076	488	2	17764352	6021120	uv*1 main2*1 
2026-09-25T18:32:50+04:00	ck5-mirror-1m	4	2048092	2048076	57	1119498240	964194304	ft*51 ZMQbg/Reaper*3 ZMQbg/IO/0*3 
2026-09-25T18:32:50+04:00	ck5-mirror-1m	4	2048370	2048092	1	12750848	5939200	python3*1 
2026-09-25T18:32:50+04:00	ck5-mirror-1m	4	2048371	2048092	45	12711870464	12326539264	python3*36 pt_gloo_runloop*2 ZMQbg/Reaper*2 ZMQbg/IO/0*2 pt_tcpstore_uv*1 cuda0000240000a*1 
2026-09-25T18:32:50+04:00	ck5-mirror-1m	4	2048372	2048092	57	795901952	644673536	python3*49 ZMQbg/Reaper*4 ZMQbg/IO/0*4 
2026-09-25T18:33:02+04:00	ck5-mirror-1m	4	2048076	488	2	17764352	6021120	uv*1 main2*1 
2026-09-25T18:33:02+04:00	ck5-mirror-1m	4	2048092	2048076	57	1119498240	964194304	ft*51 ZMQbg/Reaper*3 ZMQbg/IO/0*3 
2026-09-25T18:33:02+04:00	ck5-mirror-1m	4	2048370	2048092	1	12750848	5939200	python3*1 
2026-09-25T18:33:02+04:00	ck5-mirror-1m	4	2048371	2048092	45	12712026112	12326694912	python3*36 pt_gloo_runloop*2 ZMQbg/Reaper*2 ZMQbg/IO/0*2 pt_tcpstore_uv*1 cuda0000240000a*1 
2026-09-25T18:33:02+04:00	ck5-mirror-1m	4	2048372	2048092	57	795901952	644673536	python3*49 ZMQbg/Reaper*4 ZMQbg/IO/0*4 
2026-09-25T18:33:12+04:00	ck5-mirror-1m	4	2048076	488	2	17760256	6021120	uv*1 main2*1 
2026-09-25T18:33:12+04:00	ck5-mirror-1m	4	2048092	2048076	57	1118896128	964194304	ft*51 ZMQbg/Reaper*3 ZMQbg/IO/0*3 
2026-09-25T18:33:12+04:00	ck5-mirror-1m	4	2048370	2048092	1	12750848	5939200	python3*1 
2026-09-25T18:33:12+04:00	ck5-mirror-1m	4	2048371	2048092	45	12711358464	12326846464	python3*36 pt_gloo_runloop*2 ZMQbg/Reaper*2 ZMQbg/IO/0*2 pt_tcpstore_uv*1 cuda0000240000a*1 
2026-09-25T18:33:12+04:00	ck5-mirror-1m	4	2048372	2048092	57	795299840	644673536	python3*49 ZMQbg/Reaper*4 ZMQbg/IO/0*4 
2026-09-25T18:33:22+04:00	ck5-mirror-1m	4	2048076	488	2	17760256	6021120	uv*1 main2*1 
2026-09-25T18:33:22+04:00	ck5-mirror-1m	4	2048092	2048076	57	1118199808	964194304	ft*51 ZMQbg/Reaper*3 ZMQbg/IO/0*3 
2026-09-25T18:33:22+04:00	ck5-mirror-1m	4	2048370	2048092	1	12750848	5939200	python3*1 
2026-09-25T18:33:22+04:00	ck5-mirror-1m	4	2048371	2048092	45	12710408192	12327002112	python3*36 pt_gloo_runloop*2 ZMQbg/Reaper*2 ZMQbg/IO/0*2 pt_tcpstore_uv*1 cuda0000240000a*1 
2026-09-25T18:33:22+04:00	ck5-mirror-1m	4	2048372	2048092	57	794603520	644673536	python3*49 ZMQbg/Reaper*4 ZMQbg/IO/0*4 
2026-09-25T18:33:34+04:00	ck5-mirror-1m	4	2048076	488	2	17760256	6021120	uv*1 main2*1 
2026-09-25T18:33:34+04:00	ck5-mirror-1m	4	2048092	2048076	57	1118199808	964194304	ft*51 ZMQbg/Reaper*3 ZMQbg/IO/0*3 
2026-09-25T18:33:34+04:00	ck5-mirror-1m	4	2048370	2048092	1	12750848	5939200	python3*1 
2026-09-25T18:33:34+04:00	ck5-mirror-1m	4	2048371	2048092	45	12710547456	12327141376	python3*36 pt_gloo_runloop*2 ZMQbg/Reaper*2 ZMQbg/IO/0*2 pt_tcpstore_uv*1 cuda0000240000a*1 
2026-09-25T18:33:34+04:00	ck5-mirror-1m	4	2048372	2048092	57	794603520	644673536	python3*49 ZMQbg/Reaper*4 ZMQbg/IO/0*4 
2026-09-25T18:33:44+04:00	ck5-mirror-1m	4	2048076	488	2	17760256	6021120	uv*1 main2*1 
2026-09-25T18:33:44+04:00	ck5-mirror-1m	4	2048092	2048076	57	1118199808	964194304	ft*51 ZMQbg/Reaper*3 ZMQbg/IO/0*3 
2026-09-25T18:33:44+04:00	ck5-mirror-1m	4	2048370	2048092	1	12750848	5939200	python3*1 
2026-09-25T18:33:44+04:00	ck5-mirror-1m	4	2048371	2048092	45	12710711296	12327305216	python3*36 pt_gloo_runloop*2 ZMQbg/Reaper*2 ZMQbg/IO/0*2 pt_tcpstore_uv*1 cuda0000240000a*1 
2026-09-25T18:33:44+04:00	ck5-mirror-1m	4	2048372	2048092	57	794603520	644673536	python3*49 ZMQbg/Reaper*4 ZMQbg/IO/0*4 
2026-09-25T18:33:54+04:00	ck5-mirror-1m	4	2048076	488	2	17747968	6021120	uv*1 main2*1 
2026-09-25T18:33:54+04:00	ck5-mirror-1m	4	2048092	2048076	57	1117552640	964194304	ft*51 ZMQbg/Reaper*3 ZMQbg/IO/0*3 
2026-09-25T18:33:54+04:00	ck5-mirror-1m	4	2048370	2048092	1	12750848	5939200	python3*1 
2026-09-25T18:33:54+04:00	ck5-mirror-1m	4	2048371	2048092	45	12709842944	12327448576	python3*36 pt_gloo_runloop*2 ZMQbg/Reaper*2 ZMQbg/IO/0*2 pt_tcpstore_uv*1 cuda0000240000a*1 
2026-09-25T18:33:54+04:00	ck5-mirror-1m	4	2048372	2048092	57	793960448	644673536	python3*49 ZMQbg/Reaper*4 ZMQbg/IO/0*4 
2026-09-25T18:34:04+04:00	ck5-mirror-1m	4	2048076	488	2	17682432	6021120	uv*1 main2*1 
2026-09-25T18:34:04+04:00	ck5-mirror-1m	4	2048092	2048076	57	1116958720	964194304	ft*51 ZMQbg/Reaper*3 ZMQbg/IO/0*3 
2026-09-25T18:34:04+04:00	ck5-mirror-1m	4	2048370	2048092	1	12750848	5939200	python3*1 
2026-09-25T18:34:04+04:00	ck5-mirror-1m	4	2048371	2048092	45	12709048320	12327604224	python3*36 pt_gloo_runloop*2 ZMQbg/Reaper*2 ZMQbg/IO/0*2 pt_tcpstore_uv*1 cuda0000240000a*1 
2026-09-25T18:34:04+04:00	ck5-mirror-1m	4	2048372	2048092	57	793387008	644673536	python3*49 ZMQbg/Reaper*4 ZMQbg/IO/0*4 
2026-09-25T18:34:16+04:00	ck5-mirror-1m	4	2048076	488	2	17682432	6021120	uv*1 main2*1 
2026-09-25T18:34:16+04:00	ck5-mirror-1m	4	2048092	2048076	57	1116958720	964194304	ft*51 ZMQbg/Reaper*3 ZMQbg/IO/0*3 
2026-09-25T18:34:16+04:00	ck5-mirror-1m	4	2048370	2048092	1	12750848	5939200	python3*1 
2026-09-25T18:34:16+04:00	ck5-mirror-1m	4	2048371	2048092	45	12709212160	12327768064	python3*36 pt_gloo_runloop*2 ZMQbg/Reaper*2 ZMQbg/IO/0*2 pt_tcpstore_uv*1 cuda0000240000a*1 
2026-09-25T18:34:16+04:00	ck5-mirror-1m	4	2048372	2048092	57	793387008	644673536	python3*49 ZMQbg/Reaper*4 ZMQbg/IO/0*4 
2026-09-25T18:34:26+04:00	ck5-mirror-1m	4	2048076	488	2	17682432	6021120	uv*1 main2*1 
2026-09-25T18:34:26+04:00	ck5-mirror-1m	4	2048092	2048076	57	1116958720	964194304	ft*51 ZMQbg/Reaper*3 ZMQbg/IO/0*3 
2026-09-25T18:34:26+04:00	ck5-mirror-1m	4	2048370	2048092	1	12750848	5939200	python3*1 
2026-09-25T18:34:26+04:00	ck5-mirror-1m	4	2048371	2048092	45	12709330944	12327886848	python3*36 pt_gloo_runloop*2 ZMQbg/Reaper*2 ZMQbg/IO/0*2 pt_tcpstore_uv*1 cuda0000240000a*1 
2026-09-25T18:34:26+04:00	ck5-mirror-1m	4	2048372	2048092	57	793387008	644673536	python3*49 ZMQbg/Reaper*4 ZMQbg/IO/0*4 
2026-09-25T18:34:37+04:00	ck5-mirror-1m	4	2048076	488	2	17682432	6021120	uv*1 main2*1 
2026-09-25T18:34:37+04:00	ck5-mirror-1m	4	2048092	2048076	57	1116958720	964194304	ft*51 ZMQbg/Reaper*3 ZMQbg/IO/0*3 
2026-09-25T18:34:37+04:00	ck5-mirror-1m	4	2048370	2048092	1	12750848	5939200	python3*1 
2026-09-25T18:34:37+04:00	ck5-mirror-1m	4	2048371	2048092	45	12709486592	12328042496	python3*36 pt_gloo_runloop*2 ZMQbg/Reaper*2 ZMQbg/IO/0*2 pt_tcpstore_uv*1 cuda0000240000a*1 
2026-09-25T18:34:37+04:00	ck5-mirror-1m	4	2048372	2048092	57	793387008	644673536	python3*49 ZMQbg/Reaper*4 ZMQbg/IO/0*4 
2026-09-25T18:34:48+04:00	ck5-mirror-1m	4	2048076	488	2	17682432	6021120	uv*1 main2*1 
2026-09-25T18:34:48+04:00	ck5-mirror-1m	4	2048092	2048076	57	1117192192	964194304	ft*51 ZMQbg/Reaper*3 ZMQbg/IO/0*3 
2026-09-25T18:34:48+04:00	ck5-mirror-1m	4	2048370	2048092	1	12750848	5939200	python3*1 
2026-09-25T18:34:48+04:00	ck5-mirror-1m	4	2048371	2048092	45	12711956480	12329693184	python3*36 pt_gloo_runloop*2 ZMQbg/Reaper*2 ZMQbg/IO/0*2 pt_tcpstore_uv*1 cuda0000240000a*1 
2026-09-25T18:34:48+04:00	ck5-mirror-1m	4	2048372	2048092	57	793616384	644673536	python3*49 ZMQbg/Reaper*4 ZMQbg/IO/0*4 
2026-09-25T18:34:59+04:00	ck5-mirror-1m	4	2048076	488	2	17682432	6021120	uv*1 main2*1 
2026-09-25T18:34:59+04:00	ck5-mirror-1m	4	2048092	2048076	57	1117224960	964194304	ft*51 ZMQbg/Reaper*3 ZMQbg/IO/0*3 
2026-09-25T18:34:59+04:00	ck5-mirror-1m	4	2048370	2048092	1	12750848	5939200	python3*1 
2026-09-25T18:34:59+04:00	ck5-mirror-1m	4	2048371	2048092	45	12711968768	12329705472	python3*36 pt_gloo_runloop*2 ZMQbg/Reaper*2 ZMQbg/IO/0*2 pt_tcpstore_uv*1 cuda0000240000a*1 
2026-09-25T18:34:59+04:00	ck5-mirror-1m	4	2048372	2048092	57	793661440	644673536	python3*49 ZMQbg/Reaper*4 ZMQbg/IO/0*4 
2026-09-25T18:35:09+04:00	ck5-mirror-1m	4	2048076	488	2	17682432	6021120	uv*1 main2*1 
2026-09-25T18:35:09+04:00	ck5-mirror-1m	4	2048092	2048076	57	1117224960	964194304	ft*51 ZMQbg/Reaper*3 ZMQbg/IO/0*3 
2026-09-25T18:35:09+04:00	ck5-mirror-1m	4	2048370	2048092	1	12750848	5939200	python3*1 
2026-09-25T18:35:09+04:00	ck5-mirror-1m	4	2048371	2048092	45	12711968768	12329705472	python3*36 pt_gloo_runloop*2 ZMQbg/Reaper*2 ZMQbg/IO/0*2 pt_tcpstore_uv*1 cuda0000240000a*1 
2026-09-25T18:35:09+04:00	ck5-mirror-1m	4	2048372	2048092	57	793661440	644673536	python3*49 ZMQbg/Reaper*4 ZMQbg/IO/0*4 
2026-09-25T18:35:21+04:00	ck5-mirror-1m	4	2048076	488	2	17682432	6021120	uv*1 main2*1 
2026-09-25T18:35:21+04:00	ck5-mirror-1m	4	2048092	2048076	57	1130135552	977104896	ft*51 ZMQbg/Reaper*3 ZMQbg/IO/0*3 
2026-09-25T18:35:21+04:00	ck5-mirror-1m	4	2048370	2048092	1	12750848	5939200	python3*1 
2026-09-25T18:35:21+04:00	ck5-mirror-1m	4	2048371	2048092	45	12711968768	12329705472	python3*36 pt_gloo_runloop*2 ZMQbg/Reaper*2 ZMQbg/IO/0*2 pt_tcpstore_uv*1 cuda0000240000a*1 
2026-09-25T18:35:21+04:00	ck5-mirror-1m	4	2048372	2048092	57	840798208	691810304	python3*49 ZMQbg/Reaper*4 ZMQbg/IO/0*4 
2026-09-25T18:35:31+04:00	ck5-mirror-1m	4	2048076	488	2	17682432	6021120	uv*1 main2*1 
2026-09-25T18:35:31+04:00	ck5-mirror-1m	4	2048092	2048076	57	1130135552	977104896	ft*51 ZMQbg/Reaper*3 ZMQbg/IO/0*3 
2026-09-25T18:35:31+04:00	ck5-mirror-1m	4	2048370	2048092	1	12750848	5939200	python3*1 
2026-09-25T18:35:31+04:00	ck5-mirror-1m	4	2048371	2048092	45	12711968768	12329705472	python3*36 pt_gloo_runloop*2 ZMQbg/Reaper*2 ZMQbg/IO/0*2 pt_tcpstore_uv*1 cuda0000240000a*1 
2026-09-25T18:35:31+04:00	ck5-mirror-1m	4	2048372	2048092	57	840798208	691810304	python3*49 ZMQbg/Reaper*4 ZMQbg/IO/0*4 
2026-09-25T18:35:41+04:00	ck5-mirror-1m	4	2048076	488	2	17682432	6021120	uv*1 main2*1 
2026-09-25T18:35:41+04:00	ck5-mirror-1m	4	2048092	2048076	57	1130135552	977104896	ft*51 ZMQbg/Reaper*3 ZMQbg/IO/0*3 
2026-09-25T18:35:41+04:00	ck5-mirror-1m	4	2048370	2048092	1	12750848	5939200	python3*1 
2026-09-25T18:35:41+04:00	ck5-mirror-1m	4	2048371	2048092	45	12711968768	12329705472	python3*36 pt_gloo_runloop*2 ZMQbg/Reaper*2 ZMQbg/IO/0*2 pt_tcpstore_uv*1 cuda0000240000a*1 
2026-09-25T18:35:41+04:00	ck5-mirror-1m	4	2048372	2048092	57	840798208	691810304	python3*49 ZMQbg/Reaper*4 ZMQbg/IO/0*4 
2026-09-25T18:35:53+04:00	ck5-mirror-1m	4	2048076	488	2	17682432	6021120	uv*1 main2*1 
2026-09-25T18:35:53+04:00	ck5-mirror-1m	4	2048092	2048076	57	1130135552	977104896	ft*51 ZMQbg/Reaper*3 ZMQbg/IO/0*3 
2026-09-25T18:35:53+04:00	ck5-mirror-1m	4	2048370	2048092	1	12750848	5939200	python3*1 
2026-09-25T18:35:53+04:00	ck5-mirror-1m	4	2048371	2048092	45	12711968768	12329705472	python3*36 pt_gloo_runloop*2 ZMQbg/Reaper*2 ZMQbg/IO/0*2 pt_tcpstore_uv*1 cuda0000240000a*1 
2026-09-25T18:35:53+04:00	ck5-mirror-1m	4	2048372	2048092	57	840798208	691810304	python3*49 ZMQbg/Reaper*4 ZMQbg/IO/0*4 
2026-09-25T18:36:45+04:00	ck5-nat-whole-1	0	2303210	488	3	24797184	6025216	uv*1 tokio-rt-worker*1 main2*1 
2026-09-25T18:36:45+04:00	ck5-nat-whole-1	0	2303226	2303210	22	702910464	431591424	ft*18 ZMQbg/Reaper*2 ZMQbg/IO/0*2 
2026-09-25T18:36:45+04:00	ck5-nat-whole-1	0	2303412	2303226	1	12709888	5939200	python3*1 
2026-09-25T18:36:45+04:00	ck5-nat-whole-1	0	2303413	2303226	16	452792320	238718976	python3*16 
2026-09-25T18:36:45+04:00	ck5-nat-whole-1	0	2303414	2303226	16	454545408	241541120	python3*16 
2026-09-25T18:36:57+04:00	ck5-nat-whole-1	0	2303210	488	2	24412160	6025216	uv*1 main2*1 
2026-09-25T18:36:57+04:00	ck5-nat-whole-1	0	2303226	2303210	22	698433536	431632384	ft*18 ZMQbg/Reaper*2 ZMQbg/IO/0*2 
2026-09-25T18:36:57+04:00	ck5-nat-whole-1	0	2303412	2303226	1	12709888	5939200	python3*1 
2026-09-25T18:36:57+04:00	ck5-nat-whole-1	0	2303413	2303226	43	18216980480	663855104	python3*38 pt_gloo_runloop*2 pt_tcpstore_uv*1 cuda0000240000a*1 cuda-EvtHandlr*1 
2026-09-25T18:36:57+04:00	ck5-nat-whole-1	0	2303414	2303226	23	893329408	629698560	python3*17 ZMQbg/Reaper*3 ZMQbg/IO/0*3 
2026-09-25T18:37:07+04:00	ck5-nat-whole-1	0	2303210	488	2	24154112	6025216	uv*1 main2*1 
2026-09-25T18:37:07+04:00	ck5-nat-whole-1	0	2303226	2303210	22	691671040	431648768	ft*18 ZMQbg/Reaper*2 ZMQbg/IO/0*2 
2026-09-25T18:37:07+04:00	ck5-nat-whole-1	0	2303412	2303226	1	12709888	5939200	python3*1 
2026-09-25T18:37:07+04:00	ck5-nat-whole-1	0	2303413	2303226	45	19053121536	1911197696	python3*36 pt_gloo_runloop*2 ZMQbg/Reaper*2 ZMQbg/IO/0*2 pt_tcpstore_uv*1 cuda0000240000a*1 
2026-09-25T18:37:07+04:00	ck5-nat-whole-1	0	2303414	2303226	23	886329344	629743616	python3*17 ZMQbg/Reaper*3 ZMQbg/IO/0*3 
2026-09-25T18:37:18+04:00	ck5-nat-whole-1	0	2303210	488	2	24154112	6025216	uv*1 main2*1 
2026-09-25T18:37:18+04:00	ck5-nat-whole-1	0	2303226	2303210	39	940412928	672673792	ft*35 ZMQbg/Reaper*2 ZMQbg/IO/0*2 
2026-09-25T18:37:18+04:00	ck5-nat-whole-1	0	2303412	2303226	1	12709888	5939200	python3*1 
2026-09-25T18:37:18+04:00	ck5-nat-whole-1	0	2303413	2303226	45	19056480256	1911283712	python3*36 pt_gloo_runloop*2 ZMQbg/Reaper*2 ZMQbg/IO/0*2 pt_tcpstore_uv*1 cuda0000240000a*1 
2026-09-25T18:37:18+04:00	ck5-nat-whole-1	0	2303414	2303226	39	892420096	630190080	python3*33 ZMQbg/Reaper*3 ZMQbg/IO/0*3 
2026-09-25T18:37:28+04:00	ck5-nat-whole-1	0	2303210	488	2	24154112	6025216	uv*1 main2*1 
2026-09-25T18:37:28+04:00	ck5-nat-whole-1	0	2303226	2303210	39	940412928	672673792	ft*35 ZMQbg/Reaper*2 ZMQbg/IO/0*2 
2026-09-25T18:37:28+04:00	ck5-nat-whole-1	0	2303412	2303226	1	12709888	5939200	python3*1 
2026-09-25T18:37:28+04:00	ck5-nat-whole-1	0	2303413	2303226	45	19056480256	1911283712	python3*36 pt_gloo_runloop*2 ZMQbg/Reaper*2 ZMQbg/IO/0*2 pt_tcpstore_uv*1 cuda0000240000a*1 
2026-09-25T18:37:28+04:00	ck5-nat-whole-1	0	2303414	2303226	39	892420096	630190080	python3*33 ZMQbg/Reaper*3 ZMQbg/IO/0*3 
2026-09-25T18:37:40+04:00	ck5-nat-whole-1	2	2303210	488	2	24154112	6025216	uv*1 main2*1 
2026-09-25T18:37:40+04:00	ck5-nat-whole-1	2	2303226	2303210	41	977416192	702078976	ft*36 ZMQbg/Reaper*2 ZMQbg/IO/0*2 cuda00008800023*1 
2026-09-25T18:37:40+04:00	ck5-nat-whole-1	2	2303412	2303226	1	12709888	5939200	python3*1 
2026-09-25T18:37:40+04:00	ck5-nat-whole-1	2	2303413	2303226	45	19104227328	1911316480	python3*36 pt_gloo_runloop*2 ZMQbg/Reaper*2 ZMQbg/IO/0*2 pt_tcpstore_uv*1 cuda0000240000a*1 
2026-09-25T18:37:40+04:00	ck5-nat-whole-1	2	2303414	2303226	39	892452864	630222848	python3*33 ZMQbg/Reaper*3 ZMQbg/IO/0*3 
2026-09-25T18:37:50+04:00	ck5-nat-whole-1	2	2303210	488	2	24154112	6025216	uv*1 main2*1 
2026-09-25T18:37:50+04:00	ck5-nat-whole-1	2	2303226	2303210	41	977416192	702078976	ft*36 ZMQbg/Reaper*2 ZMQbg/IO/0*2 cuda00008800023*1 
2026-09-25T18:37:50+04:00	ck5-nat-whole-1	2	2303412	2303226	1	12709888	5939200	python3*1 
2026-09-25T18:37:50+04:00	ck5-nat-whole-1	2	2303413	2303226	45	19104227328	1911316480	python3*36 pt_gloo_runloop*2 ZMQbg/Reaper*2 ZMQbg/IO/0*2 pt_tcpstore_uv*1 cuda0000240000a*1 
2026-09-25T18:37:51+04:00	ck5-nat-whole-1	2	2303414	2303226	39	892452864	630222848	python3*33 ZMQbg/Reaper*3 ZMQbg/IO/0*3 
2026-09-25T18:38:01+04:00	ck5-nat-whole-1	2	2303210	488	2	24154112	6025216	uv*1 main2*1 
2026-09-25T18:38:01+04:00	ck5-nat-whole-1	2	2303226	2303210	41	977477632	702140416	ft*36 ZMQbg/Reaper*2 ZMQbg/IO/0*2 cuda00008800023*1 
2026-09-25T18:38:01+04:00	ck5-nat-whole-1	2	2303412	2303226	1	12709888	5939200	python3*1 
2026-09-25T18:38:01+04:00	ck5-nat-whole-1	2	2303413	2303226	45	19104243712	1911332864	python3*36 pt_gloo_runloop*2 ZMQbg/Reaper*2 ZMQbg/IO/0*2 pt_tcpstore_uv*1 cuda0000240000a*1 
2026-09-25T18:38:01+04:00	ck5-nat-whole-1	2	2303414	2303226	39	892452864	630222848	python3*33 ZMQbg/Reaper*3 ZMQbg/IO/0*3 
2026-09-25T18:38:13+04:00	ck5-nat-whole-1	2	2303210	488	2	24154112	6025216	uv*1 main2*1 
2026-09-25T18:38:13+04:00	ck5-nat-whole-1	2	2303226	2303210	41	977477632	702140416	ft*36 ZMQbg/Reaper*2 ZMQbg/IO/0*2 cuda00008800023*1 
2026-09-25T18:38:13+04:00	ck5-nat-whole-1	2	2303412	2303226	1	12709888	5939200	python3*1 
2026-09-25T18:38:13+04:00	ck5-nat-whole-1	2	2303413	2303226	45	19104243712	1911332864	python3*36 pt_gloo_runloop*2 ZMQbg/Reaper*2 ZMQbg/IO/0*2 pt_tcpstore_uv*1 cuda0000240000a*1 
2026-09-25T18:38:13+04:00	ck5-nat-whole-1	2	2303414	2303226	39	892452864	630222848	python3*33 ZMQbg/Reaper*3 ZMQbg/IO/0*3 
2026-09-25T18:38:23+04:00	ck5-nat-whole-1	2	2303210	488	2	24154112	6025216	uv*1 main2*1 
2026-09-25T18:38:23+04:00	ck5-nat-whole-1	2	2303226	2303210	41	977518592	702181376	ft*36 ZMQbg/Reaper*2 ZMQbg/IO/0*2 cuda00008800023*1 
2026-09-25T18:38:23+04:00	ck5-nat-whole-1	2	2303412	2303226	1	12709888	5939200	python3*1 
2026-09-25T18:38:23+04:00	ck5-nat-whole-1	2	2303413	2303226	45	19104247808	1911336960	python3*36 pt_gloo_runloop*2 ZMQbg/Reaper*2 ZMQbg/IO/0*2 pt_tcpstore_uv*1 cuda0000240000a*1 
2026-09-25T18:38:23+04:00	ck5-nat-whole-1	2	2303414	2303226	39	892452864	630222848	python3*33 ZMQbg/Reaper*3 ZMQbg/IO/0*3 
2026-09-25T18:38:33+04:00	ck5-nat-whole-1	2	2303210	488	2	24154112	6025216	uv*1 main2*1 
2026-09-25T18:38:33+04:00	ck5-nat-whole-1	2	2303226	2303210	41	977518592	702181376	ft*36 ZMQbg/Reaper*2 ZMQbg/IO/0*2 cuda00008800023*1 
2026-09-25T18:38:33+04:00	ck5-nat-whole-1	2	2303412	2303226	1	12709888	5939200	python3*1 
2026-09-25T18:38:33+04:00	ck5-nat-whole-1	2	2303413	2303226	45	19104247808	1911336960	python3*36 pt_gloo_runloop*2 ZMQbg/Reaper*2 ZMQbg/IO/0*2 pt_tcpstore_uv*1 cuda0000240000a*1 
2026-09-25T18:38:34+04:00	ck5-nat-whole-1	2	2303414	2303226	39	892452864	630222848	python3*33 ZMQbg/Reaper*3 ZMQbg/IO/0*3 
2026-09-25T18:38:46+04:00	ck5-nat-whole-1	2	2303210	488	2	24154112	6025216	uv*1 main2*1 
2026-09-25T18:38:46+04:00	ck5-nat-whole-1	2	2303226	2303210	41	977526784	702189568	ft*36 ZMQbg/Reaper*2 ZMQbg/IO/0*2 cuda00008800023*1 
2026-09-25T18:38:46+04:00	ck5-nat-whole-1	2	2303412	2303226	1	12709888	5939200	python3*1 
2026-09-25T18:38:46+04:00	ck5-nat-whole-1	2	2303413	2303226	45	19104251904	1911341056	python3*36 pt_gloo_runloop*2 ZMQbg/Reaper*2 ZMQbg/IO/0*2 pt_tcpstore_uv*1 cuda0000240000a*1 
2026-09-25T18:38:46+04:00	ck5-nat-whole-1	2	2303414	2303226	39	892452864	630222848	python3*33 ZMQbg/Reaper*3 ZMQbg/IO/0*3 
2026-09-25T18:38:56+04:00	ck5-nat-whole-1	2	2303210	488	2	24154112	6025216	uv*1 main2*1 
2026-09-25T18:38:56+04:00	ck5-nat-whole-1	2	2303226	2303210	41	977526784	702189568	ft*36 ZMQbg/Reaper*2 ZMQbg/IO/0*2 cuda00008800023*1 
2026-09-25T18:38:56+04:00	ck5-nat-whole-1	2	2303412	2303226	1	12709888	5939200	python3*1 
2026-09-25T18:38:56+04:00	ck5-nat-whole-1	2	2303413	2303226	45	19104251904	1911341056	python3*36 pt_gloo_runloop*2 ZMQbg/Reaper*2 ZMQbg/IO/0*2 pt_tcpstore_uv*1 cuda0000240000a*1 
2026-09-25T18:38:56+04:00	ck5-nat-whole-1	2	2303414	2303226	39	892452864	630222848	python3*33 ZMQbg/Reaper*3 ZMQbg/IO/0*3 
2026-09-25T18:39:06+04:00	ck5-nat-whole-1	2	2303210	488	2	24154112	6025216	uv*1 main2*1 
2026-09-25T18:39:06+04:00	ck5-nat-whole-1	2	2303226	2303210	41	977776640	702439424	ft*36 ZMQbg/Reaper*2 ZMQbg/IO/0*2 cuda00008800023*1 
2026-09-25T18:39:06+04:00	ck5-nat-whole-1	2	2303412	2303226	1	12709888	5939200	python3*1 
2026-09-25T18:39:06+04:00	ck5-nat-whole-1	2	2303413	2303226	45	19104301056	1911390208	python3*36 pt_gloo_runloop*2 ZMQbg/Reaper*2 ZMQbg/IO/0*2 pt_tcpstore_uv*1 cuda0000240000a*1 
2026-09-25T18:39:06+04:00	ck5-nat-whole-1	2	2303414	2303226	42	892551168	630321152	python3*34 ZMQbg/Reaper*4 ZMQbg/IO/0*4 
2026-09-25T18:39:18+04:00	ck5-nat-whole-1	2	2303210	488	2	24154112	6025216	uv*1 main2*1 
2026-09-25T18:39:18+04:00	ck5-nat-whole-1	2	2303226	2303210	41	977776640	702439424	ft*36 ZMQbg/Reaper*2 ZMQbg/IO/0*2 cuda00008800023*1 
2026-09-25T18:39:18+04:00	ck5-nat-whole-1	2	2303412	2303226	1	12709888	5939200	python3*1 
2026-09-25T18:39:18+04:00	ck5-nat-whole-1	2	2303413	2303226	45	19104301056	1911390208	python3*36 pt_gloo_runloop*2 ZMQbg/Reaper*2 ZMQbg/IO/0*2 pt_tcpstore_uv*1 cuda0000240000a*1 
2026-09-25T18:39:18+04:00	ck5-nat-whole-1	2	2303414	2303226	42	892551168	630321152	python3*34 ZMQbg/Reaper*4 ZMQbg/IO/0*4 
2026-09-25T18:40:10+04:00	ck5-nat-mirror-1	0	2314278	488	3	25473024	6041600	uv*1 tokio-rt-worker*1 main2*1 
2026-09-25T18:40:10+04:00	ck5-nat-mirror-1	0	2314294	2314278	22	710615040	431665152	ft*18 ZMQbg/Reaper*2 ZMQbg/IO/0*2 
2026-09-25T18:40:10+04:00	ck5-nat-mirror-1	0	2314460	2314294	1	12775424	5939200	python3*1 
2026-09-25T18:40:10+04:00	ck5-nat-mirror-1	0	2314461	2314294	25	1117790208	570732544	python3*20 pt_gloo_runloop*2 pt_tcpstore_uv*1 cuda0000240000a*1 cuda-EvtHandlr*1 
2026-09-25T18:40:10+04:00	ck5-nat-mirror-1	0	2314462	2314294	23	904564736	629714944	python3*17 ZMQbg/Reaper*3 ZMQbg/IO/0*3 
2026-09-25T18:40:22+04:00	ck5-nat-mirror-1	0	2314278	488	2	25604096	6041600	uv*1 main2*1 
2026-09-25T18:40:22+04:00	ck5-nat-mirror-1	0	2314294	2314278	22	710615040	431665152	ft*18 ZMQbg/Reaper*2 ZMQbg/IO/0*2 
2026-09-25T18:40:22+04:00	ck5-nat-mirror-1	0	2314460	2314294	1	12775424	5939200	python3*1 
2026-09-25T18:40:22+04:00	ck5-nat-mirror-1	0	2314461	2314294	25	12962803712	11069870080	python3*20 pt_gloo_runloop*2 pt_tcpstore_uv*1 cuda0000240000a*1 cuda-EvtHandlr*1 
2026-09-25T18:40:22+04:00	ck5-nat-mirror-1	0	2314462	2314294	23	904564736	629714944	python3*17 ZMQbg/Reaper*3 ZMQbg/IO/0*3 
2026-09-25T18:40:33+04:00	ck5-nat-mirror-1	0	2314278	488	2	25604096	6041600	uv*1 main2*1 
2026-09-25T18:40:33+04:00	ck5-nat-mirror-1	0	2314294	2314278	22	710615040	431665152	ft*18 ZMQbg/Reaper*2 ZMQbg/IO/0*2 
2026-09-25T18:40:33+04:00	ck5-nat-mirror-1	0	2314460	2314294	1	12775424	5939200	python3*1 
2026-09-25T18:40:33+04:00	ck5-nat-mirror-1	0	2314461	2314294	26	13349289984	11371143168	python3*21 pt_gloo_runloop*2 pt_tcpstore_uv*1 cuda0000240000a*1 cuda-EvtHandlr*1 
2026-09-25T18:40:33+04:00	ck5-nat-mirror-1	0	2314462	2314294	23	904564736	629714944	python3*17 ZMQbg/Reaper*3 ZMQbg/IO/0*3 
2026-09-25T18:40:43+04:00	ck5-nat-mirror-1	0	2314278	488	2	25604096	6041600	uv*1 main2*1 
2026-09-25T18:40:43+04:00	ck5-nat-mirror-1	0	2314294	2314278	22	710615040	431665152	ft*18 ZMQbg/Reaper*2 ZMQbg/IO/0*2 
2026-09-25T18:40:43+04:00	ck5-nat-mirror-1	0	2314460	2314294	1	12775424	5939200	python3*1 
2026-09-25T18:40:43+04:00	ck5-nat-mirror-1	0	2314461	2314294	26	12399419392	11797274624	python3*21 pt_gloo_runloop*2 pt_tcpstore_uv*1 cuda0000240000a*1 cuda-EvtHandlr*1 
2026-09-25T18:40:43+04:00	ck5-nat-mirror-1	0	2314462	2314294	23	904564736	629714944	python3*17 ZMQbg/Reaper*3 ZMQbg/IO/0*3 
2026-09-25T18:40:55+04:00	ck5-nat-mirror-1	0	2314278	488	2	25604096	6041600	uv*1 main2*1 
2026-09-25T18:40:55+04:00	ck5-nat-mirror-1	0	2314294	2314278	22	710615040	431665152	ft*18 ZMQbg/Reaper*2 ZMQbg/IO/0*2 
2026-09-25T18:40:55+04:00	ck5-nat-mirror-1	0	2314460	2314294	1	12775424	5939200	python3*1 
2026-09-25T18:40:55+04:00	ck5-nat-mirror-1	0	2314461	2314294	26	12686065664	12075634688	python3*21 pt_gloo_runloop*2 pt_tcpstore_uv*1 cuda0000240000a*1 cuda-EvtHandlr*1 
2026-09-25T18:40:55+04:00	ck5-nat-mirror-1	0	2314462	2314294	23	904564736	629714944	python3*17 ZMQbg/Reaper*3 ZMQbg/IO/0*3 
2026-09-25T18:41:05+04:00	ck5-nat-mirror-1	0	2314278	488	2	25604096	6041600	uv*1 main2*1 
2026-09-25T18:41:05+04:00	ck5-nat-mirror-1	0	2314294	2314278	39	957263872	672702464	ft*35 ZMQbg/Reaper*2 ZMQbg/IO/0*2 
2026-09-25T18:41:05+04:00	ck5-nat-mirror-1	0	2314460	2314294	1	12775424	5939200	python3*1 
2026-09-25T18:41:05+04:00	ck5-nat-mirror-1	0	2314461	2314294	30	12942491648	12325756928	python3*21 pt_gloo_runloop*2 ZMQbg/Reaper*2 ZMQbg/IO/0*2 pt_tcpstore_uv*1 cuda0000240000a*1 
2026-09-25T18:41:05+04:00	ck5-nat-mirror-1	0	2314462	2314294	39	908058624	630198272	python3*33 ZMQbg/Reaper*3 ZMQbg/IO/0*3 
2026-09-25T18:41:15+04:00	ck5-nat-mirror-1	0	2314278	488	2	25604096	6041600	uv*1 main2*1 
2026-09-25T18:41:15+04:00	ck5-nat-mirror-1	0	2314294	2314278	39	957272064	672710656	ft*35 ZMQbg/Reaper*2 ZMQbg/IO/0*2 
2026-09-25T18:41:15+04:00	ck5-nat-mirror-1	0	2314460	2314294	1	12775424	5939200	python3*1 
2026-09-25T18:41:15+04:00	ck5-nat-mirror-1	0	2314461	2314294	30	12943265792	12325761024	python3*21 pt_gloo_runloop*2 ZMQbg/Reaper*2 ZMQbg/IO/0*2 pt_tcpstore_uv*1 cuda0000240000a*1 
2026-09-25T18:41:15+04:00	ck5-nat-mirror-1	0	2314462	2314294	39	908066816	630206464	python3*33 ZMQbg/Reaper*3 ZMQbg/IO/0*3 
2026-09-25T18:41:25+04:00	ck5-nat-mirror-1	0	2314278	488	2	25604096	6041600	uv*1 main2*1 
2026-09-25T18:41:25+04:00	ck5-nat-mirror-1	0	2314294	2314278	39	957272064	672710656	ft*35 ZMQbg/Reaper*2 ZMQbg/IO/0*2 
2026-09-25T18:41:26+04:00	ck5-nat-mirror-1	0	2314460	2314294	1	12775424	5939200	python3*1 
2026-09-25T18:41:26+04:00	ck5-nat-mirror-1	0	2314461	2314294	30	12943265792	12325761024	python3*21 pt_gloo_runloop*2 ZMQbg/Reaper*2 ZMQbg/IO/0*2 pt_tcpstore_uv*1 cuda0000240000a*1 
2026-09-25T18:41:26+04:00	ck5-nat-mirror-1	0	2314462	2314294	39	908066816	630206464	python3*33 ZMQbg/Reaper*3 ZMQbg/IO/0*3 
2026-09-25T18:41:38+04:00	ck5-nat-mirror-1	2	2314278	488	2	25604096	6041600	uv*1 main2*1 
2026-09-25T18:41:38+04:00	ck5-nat-mirror-1	2	2314294	2314278	41	993566720	702169088	ft*36 ZMQbg/Reaper*2 ZMQbg/IO/0*2 cuda00008800023*1 
2026-09-25T18:41:38+04:00	ck5-nat-mirror-1	2	2314460	2314294	1	12775424	5939200	python3*1 
2026-09-25T18:41:38+04:00	ck5-nat-mirror-1	2	2314461	2314294	30	12943269888	12325765120	python3*21 pt_gloo_runloop*2 ZMQbg/Reaper*2 ZMQbg/IO/0*2 pt_tcpstore_uv*1 cuda0000240000a*1 
2026-09-25T18:41:38+04:00	ck5-nat-mirror-1	2	2314462	2314294	39	908099584	630239232	python3*33 ZMQbg/Reaper*3 ZMQbg/IO/0*3 
2026-09-25T18:41:48+04:00	ck5-nat-mirror-1	2	2314278	488	2	25604096	6041600	uv*1 main2*1 
2026-09-25T18:41:48+04:00	ck5-nat-mirror-1	2	2314294	2314278	41	993566720	702169088	ft*36 ZMQbg/Reaper*2 ZMQbg/IO/0*2 cuda00008800023*1 
2026-09-25T18:41:48+04:00	ck5-nat-mirror-1	2	2314460	2314294	1	12775424	5939200	python3*1 
2026-09-25T18:41:48+04:00	ck5-nat-mirror-1	2	2314461	2314294	30	12943269888	12325765120	python3*21 pt_gloo_runloop*2 ZMQbg/Reaper*2 ZMQbg/IO/0*2 pt_tcpstore_uv*1 cuda0000240000a*1 
2026-09-25T18:41:48+04:00	ck5-nat-mirror-1	2	2314462	2314294	39	908099584	630239232	python3*33 ZMQbg/Reaper*3 ZMQbg/IO/0*3 
2026-09-25T18:41:58+04:00	ck5-nat-mirror-1	2	2314278	488	2	25604096	6041600	uv*1 main2*1 
2026-09-25T18:41:58+04:00	ck5-nat-mirror-1	2	2314294	2314278	41	993644544	702246912	ft*36 ZMQbg/Reaper*2 ZMQbg/IO/0*2 cuda00008800023*1 
2026-09-25T18:41:58+04:00	ck5-nat-mirror-1	2	2314460	2314294	1	12775424	5939200	python3*1 
2026-09-25T18:41:58+04:00	ck5-nat-mirror-1	2	2314461	2314294	30	12943269888	12325765120	python3*21 pt_gloo_runloop*2 ZMQbg/Reaper*2 ZMQbg/IO/0*2 pt_tcpstore_uv*1 cuda0000240000a*1 
2026-09-25T18:41:58+04:00	ck5-nat-mirror-1	2	2314462	2314294	39	908099584	630239232	python3*33 ZMQbg/Reaper*3 ZMQbg/IO/0*3 
2026-09-25T18:42:10+04:00	ck5-nat-mirror-1	2	2314278	488	2	25604096	6041600	uv*1 main2*1 
2026-09-25T18:42:10+04:00	ck5-nat-mirror-1	2	2314294	2314278	41	993644544	702246912	ft*36 ZMQbg/Reaper*2 ZMQbg/IO/0*2 cuda00008800023*1 
2026-09-25T18:42:10+04:00	ck5-nat-mirror-1	2	2314460	2314294	1	12775424	5939200	python3*1 
2026-09-25T18:42:10+04:00	ck5-nat-mirror-1	2	2314461	2314294	30	12943269888	12325765120	python3*21 pt_gloo_runloop*2 ZMQbg/Reaper*2 ZMQbg/IO/0*2 pt_tcpstore_uv*1 cuda0000240000a*1 
2026-09-25T18:42:10+04:00	ck5-nat-mirror-1	2	2314462	2314294	39	908099584	630239232	python3*33 ZMQbg/Reaper*3 ZMQbg/IO/0*3 
2026-09-25T18:42:20+04:00	ck5-nat-mirror-1	2	2314278	488	2	25604096	6041600	uv*1 main2*1 
2026-09-25T18:42:20+04:00	ck5-nat-mirror-1	2	2314294	2314278	41	993677312	702279680	ft*36 ZMQbg/Reaper*2 ZMQbg/IO/0*2 cuda00008800023*1 
2026-09-25T18:42:20+04:00	ck5-nat-mirror-1	2	2314460	2314294	1	12775424	5939200	python3*1 
2026-09-25T18:42:20+04:00	ck5-nat-mirror-1	2	2314461	2314294	30	12943269888	12325765120	python3*21 pt_gloo_runloop*2 ZMQbg/Reaper*2 ZMQbg/IO/0*2 pt_tcpstore_uv*1 cuda0000240000a*1 
2026-09-25T18:42:20+04:00	ck5-nat-mirror-1	2	2314462	2314294	39	908099584	630239232	python3*33 ZMQbg/Reaper*3 ZMQbg/IO/0*3 
2026-09-25T18:42:31+04:00	ck5-nat-mirror-1	2	2314278	488	2	25604096	6041600	uv*1 main2*1 
2026-09-25T18:42:31+04:00	ck5-nat-mirror-1	2	2314294	2314278	41	993677312	702279680	ft*36 ZMQbg/Reaper*2 ZMQbg/IO/0*2 cuda00008800023*1 
2026-09-25T18:42:31+04:00	ck5-nat-mirror-1	2	2314460	2314294	1	12775424	5939200	python3*1 
2026-09-25T18:42:31+04:00	ck5-nat-mirror-1	2	2314461	2314294	30	12943269888	12325765120	python3*21 pt_gloo_runloop*2 ZMQbg/Reaper*2 ZMQbg/IO/0*2 pt_tcpstore_uv*1 cuda0000240000a*1 
2026-09-25T18:42:31+04:00	ck5-nat-mirror-1	2	2314462	2314294	39	908099584	630239232	python3*33 ZMQbg/Reaper*3 ZMQbg/IO/0*3 
2026-09-25T18:42:43+04:00	ck5-nat-mirror-1	2	2314278	488	2	25604096	6041600	uv*1 main2*1 
2026-09-25T18:42:43+04:00	ck5-nat-mirror-1	2	2314294	2314278	41	993681408	702283776	ft*36 ZMQbg/Reaper*2 ZMQbg/IO/0*2 cuda00008800023*1 
2026-09-25T18:42:43+04:00	ck5-nat-mirror-1	2	2314460	2314294	1	12775424	5939200	python3*1 
2026-09-25T18:42:43+04:00	ck5-nat-mirror-1	2	2314461	2314294	30	12943269888	12325765120	python3*21 pt_gloo_runloop*2 ZMQbg/Reaper*2 ZMQbg/IO/0*2 pt_tcpstore_uv*1 cuda0000240000a*1 
2026-09-25T18:42:43+04:00	ck5-nat-mirror-1	2	2314462	2314294	39	908099584	630239232	python3*33 ZMQbg/Reaper*3 ZMQbg/IO/0*3 
2026-09-25T18:42:53+04:00	ck5-nat-mirror-1	2	2314278	488	2	25604096	6041600	uv*1 main2*1 
2026-09-25T18:42:53+04:00	ck5-nat-mirror-1	2	2314294	2314278	41	993681408	702283776	ft*36 ZMQbg/Reaper*2 ZMQbg/IO/0*2 cuda00008800023*1 
2026-09-25T18:42:53+04:00	ck5-nat-mirror-1	2	2314460	2314294	1	12775424	5939200	python3*1 
2026-09-25T18:42:53+04:00	ck5-nat-mirror-1	2	2314461	2314294	30	12943269888	12325765120	python3*21 pt_gloo_runloop*2 ZMQbg/Reaper*2 ZMQbg/IO/0*2 pt_tcpstore_uv*1 cuda0000240000a*1 
2026-09-25T18:42:53+04:00	ck5-nat-mirror-1	2	2314462	2314294	39	908099584	630239232	python3*33 ZMQbg/Reaper*3 ZMQbg/IO/0*3 
2026-09-25T18:43:03+04:00	ck5-nat-mirror-1	2	2314278	488	2	25604096	6041600	uv*1 main2*1 
2026-09-25T18:43:03+04:00	ck5-nat-mirror-1	2	2314294	2314278	41	993935360	702537728	ft*36 ZMQbg/Reaper*2 ZMQbg/IO/0*2 cuda00008800023*1 
2026-09-25T18:43:03+04:00	ck5-nat-mirror-1	2	2314460	2314294	1	12775424	5939200	python3*1 
2026-09-25T18:43:03+04:00	ck5-nat-mirror-1	2	2314461	2314294	30	12943314944	12325810176	python3*21 pt_gloo_runloop*2 ZMQbg/Reaper*2 ZMQbg/IO/0*2 pt_tcpstore_uv*1 cuda0000240000a*1 
2026-09-25T18:43:03+04:00	ck5-nat-mirror-1	2	2314462	2314294	42	908210176	630349824	python3*34 ZMQbg/Reaper*4 ZMQbg/IO/0*4 
2026-09-25T18:43:15+04:00	ck5-nat-mirror-1	2	2314278	488	2	25604096	6041600	uv*1 main2*1 
2026-09-25T18:43:15+04:00	ck5-nat-mirror-1	2	2314294	2314278	41	993935360	702537728	ft*36 ZMQbg/Reaper*2 ZMQbg/IO/0*2 cuda00008800023*1 
2026-09-25T18:43:15+04:00	ck5-nat-mirror-1	2	2314460	2314294	1	12775424	5939200	python3*1 
2026-09-25T18:43:15+04:00	ck5-nat-mirror-1	2	2314461	2314294	30	12943314944	12325810176	python3*21 pt_gloo_runloop*2 ZMQbg/Reaper*2 ZMQbg/IO/0*2 pt_tcpstore_uv*1 cuda0000240000a*1 
2026-09-25T18:43:15+04:00	ck5-nat-mirror-1	2	2314462	2314294	42	908210176	630349824	python3*34 ZMQbg/Reaper*4 ZMQbg/IO/0*4 
2026-09-25T18:44:07+04:00	ck5-nat-whole-2	0	2335159	488	3	25464832	6025216	uv*1 tokio-rt-worker*1 main2*1 
2026-09-25T18:44:07+04:00	ck5-nat-whole-2	0	2335181	2335159	22	710942720	431579136	ft*18 ZMQbg/Reaper*2 ZMQbg/IO/0*2 
2026-09-25T18:44:07+04:00	ck5-nat-whole-2	0	2335624	2335181	1	12730368	5939200	python3*1 
2026-09-25T18:44:07+04:00	ck5-nat-whole-2	0	2335625	2335181	25	1597661184	571236352	python3*20 pt_gloo_runloop*2 pt_tcpstore_uv*1 cuda0000240000a*1 cuda-EvtHandlr*1 
2026-09-25T18:44:07+04:00	ck5-nat-whole-2	0	2335626	2335181	23	908402688	629776384	python3*17 ZMQbg/Reaper*3 ZMQbg/IO/0*3 
2026-09-25T18:44:19+04:00	ck5-nat-whole-2	0	2335159	488	2	25485312	6025216	uv*1 main2*1 
2026-09-25T18:44:19+04:00	ck5-nat-whole-2	0	2335181	2335159	22	678502400	431579136	ft*18 ZMQbg/Reaper*2 ZMQbg/IO/0*2 
2026-09-25T18:44:19+04:00	ck5-nat-whole-2	0	2335624	2335181	1	12632064	5939200	python3*1 
2026-09-25T18:44:19+04:00	ck5-nat-whole-2	0	2335625	2335181	43	22102405120	664387584	python3*38 pt_gloo_runloop*2 pt_tcpstore_uv*1 cuda0000240000a*1 cuda-EvtHandlr*1 
2026-09-25T18:44:19+04:00	ck5-nat-whole-2	0	2335626	2335181	23	876023808	629776384	python3*17 ZMQbg/Reaper*3 ZMQbg/IO/0*3 
2026-09-25T18:44:29+04:00	ck5-nat-whole-2	0	2335159	488	2	25456640	6025216	uv*1 main2*1 
2026-09-25T18:44:29+04:00	ck5-nat-whole-2	0	2335181	2335159	22	677228544	431579136	ft*18 ZMQbg/Reaper*2 ZMQbg/IO/0*2 
2026-09-25T18:44:29+04:00	ck5-nat-whole-2	0	2335624	2335181	1	12632064	5939200	python3*1 
2026-09-25T18:44:29+04:00	ck5-nat-whole-2	0	2335625	2335181	41	18792247296	1668579328	python3*36 pt_gloo_runloop*2 pt_tcpstore_uv*1 cuda0000240000a*1 cuda-EvtHandlr*1 
2026-09-25T18:44:30+04:00	ck5-nat-whole-2	0	2335626	2335181	23	874782720	629776384	python3*17 ZMQbg/Reaper*3 ZMQbg/IO/0*3 
2026-09-25T18:44:40+04:00	ck5-nat-whole-2	0	2335159	488	2	25456640	6025216	uv*1 main2*1 
2026-09-25T18:44:40+04:00	ck5-nat-whole-2	0	2335181	2335159	39	924266496	672624640	ft*35 ZMQbg/Reaper*2 ZMQbg/IO/0*2 
2026-09-25T18:44:40+04:00	ck5-nat-whole-2	0	2335624	2335181	1	12632064	5939200	python3*1 
2026-09-25T18:44:40+04:00	ck5-nat-whole-2	0	2335625	2335181	45	19047116800	1916436480	python3*36 pt_gloo_runloop*2 ZMQbg/Reaper*2 ZMQbg/IO/0*2 pt_tcpstore_uv*1 cuda0000240000a*1 
2026-09-25T18:44:40+04:00	ck5-nat-whole-2	0	2335626	2335181	39	878604288	630267904	python3*33 ZMQbg/Reaper*3 ZMQbg/IO/0*3 
2026-09-25T18:44:50+04:00	ck5-nat-whole-2	0	2335159	488	2	25456640	6025216	uv*1 main2*1 
2026-09-25T18:44:50+04:00	ck5-nat-whole-2	0	2335181	2335159	39	924266496	672624640	ft*35 ZMQbg/Reaper*2 ZMQbg/IO/0*2 
2026-09-25T18:44:50+04:00	ck5-nat-whole-2	0	2335624	2335181	1	12632064	5939200	python3*1 
2026-09-25T18:44:50+04:00	ck5-nat-whole-2	0	2335625	2335181	45	19047116800	1916436480	python3*36 pt_gloo_runloop*2 ZMQbg/Reaper*2 ZMQbg/IO/0*2 pt_tcpstore_uv*1 cuda0000240000a*1 
2026-09-25T18:44:50+04:00	ck5-nat-whole-2	0	2335626	2335181	39	878604288	630267904	python3*33 ZMQbg/Reaper*3 ZMQbg/IO/0*3 
2026-09-25T18:45:02+04:00	ck5-nat-whole-2	2	2335159	488	2	25456640	6025216	uv*1 main2*1 
2026-09-25T18:45:02+04:00	ck5-nat-whole-2	2	2335181	2335159	41	960544768	702062592	ft*36 ZMQbg/Reaper*2 ZMQbg/IO/0*2 cuda00008800023*1 
2026-09-25T18:45:02+04:00	ck5-nat-whole-2	2	2335624	2335181	1	12632064	5939200	python3*1 
2026-09-25T18:45:02+04:00	ck5-nat-whole-2	2	2335625	2335181	45	19047133184	1916452864	python3*36 pt_gloo_runloop*2 ZMQbg/Reaper*2 ZMQbg/IO/0*2 pt_tcpstore_uv*1 cuda0000240000a*1 
2026-09-25T18:45:02+04:00	ck5-nat-whole-2	2	2335626	2335181	39	878637056	630300672	python3*33 ZMQbg/Reaper*3 ZMQbg/IO/0*3 
2026-09-25T18:45:12+04:00	ck5-nat-whole-2	2	2335159	488	2	25456640	6025216	uv*1 main2*1 
2026-09-25T18:45:13+04:00	ck5-nat-whole-2	2	2335181	2335159	41	960552960	702070784	ft*36 ZMQbg/Reaper*2 ZMQbg/IO/0*2 cuda00008800023*1 
2026-09-25T18:45:13+04:00	ck5-nat-whole-2	2	2335624	2335181	1	12632064	5939200	python3*1 
2026-09-25T18:45:13+04:00	ck5-nat-whole-2	2	2335625	2335181	45	19047133184	1916452864	python3*36 pt_gloo_runloop*2 ZMQbg/Reaper*2 ZMQbg/IO/0*2 pt_tcpstore_uv*1 cuda0000240000a*1 
2026-09-25T18:45:13+04:00	ck5-nat-whole-2	2	2335626	2335181	39	878637056	630300672	python3*33 ZMQbg/Reaper*3 ZMQbg/IO/0*3 
2026-09-25T18:45:23+04:00	ck5-nat-whole-2	2	2335159	488	2	25456640	6025216	uv*1 main2*1 
2026-09-25T18:45:23+04:00	ck5-nat-whole-2	2	2335181	2335159	41	960606208	702124032	ft*36 ZMQbg/Reaper*2 ZMQbg/IO/0*2 cuda00008800023*1 
2026-09-25T18:45:23+04:00	ck5-nat-whole-2	2	2335624	2335181	1	12632064	5939200	python3*1 
2026-09-25T18:45:23+04:00	ck5-nat-whole-2	2	2335625	2335181	45	19047137280	1916456960	python3*36 pt_gloo_runloop*2 ZMQbg/Reaper*2 ZMQbg/IO/0*2 pt_tcpstore_uv*1 cuda0000240000a*1 
2026-09-25T18:45:23+04:00	ck5-nat-whole-2	2	2335626	2335181	39	878637056	630300672	python3*33 ZMQbg/Reaper*3 ZMQbg/IO/0*3 
2026-09-25T18:45:35+04:00	ck5-nat-whole-2	2	2335159	488	2	25456640	6025216	uv*1 main2*1 
2026-09-25T18:45:35+04:00	ck5-nat-whole-2	2	2335181	2335159	41	960606208	702124032	ft*36 ZMQbg/Reaper*2 ZMQbg/IO/0*2 cuda00008800023*1 
2026-09-25T18:45:35+04:00	ck5-nat-whole-2	2	2335624	2335181	1	12632064	5939200	python3*1 
2026-09-25T18:45:35+04:00	ck5-nat-whole-2	2	2335625	2335181	45	19047137280	1916456960	python3*36 pt_gloo_runloop*2 ZMQbg/Reaper*2 ZMQbg/IO/0*2 pt_tcpstore_uv*1 cuda0000240000a*1 
2026-09-25T18:45:35+04:00	ck5-nat-whole-2	2	2335626	2335181	39	878637056	630300672	python3*33 ZMQbg/Reaper*3 ZMQbg/IO/0*3 
2026-09-25T18:45:45+04:00	ck5-nat-whole-2	2	2335159	488	2	25456640	6025216	uv*1 main2*1 
2026-09-25T18:45:45+04:00	ck5-nat-whole-2	2	2335181	2335159	41	960659456	702177280	ft*36 ZMQbg/Reaper*2 ZMQbg/IO/0*2 cuda00008800023*1 
2026-09-25T18:45:45+04:00	ck5-nat-whole-2	2	2335624	2335181	1	12632064	5939200	python3*1 
2026-09-25T18:45:45+04:00	ck5-nat-whole-2	2	2335625	2335181	45	19047141376	1916461056	python3*36 pt_gloo_runloop*2 ZMQbg/Reaper*2 ZMQbg/IO/0*2 pt_tcpstore_uv*1 cuda0000240000a*1 
2026-09-25T18:45:45+04:00	ck5-nat-whole-2	2	2335626	2335181	39	878637056	630300672	python3*33 ZMQbg/Reaper*3 ZMQbg/IO/0*3 
2026-09-25T18:45:55+04:00	ck5-nat-whole-2	2	2335159	488	2	25456640	6025216	uv*1 main2*1 
2026-09-25T18:45:55+04:00	ck5-nat-whole-2	2	2335181	2335159	41	960659456	702177280	ft*36 ZMQbg/Reaper*2 ZMQbg/IO/0*2 cuda00008800023*1 
2026-09-25T18:45:55+04:00	ck5-nat-whole-2	2	2335624	2335181	1	12632064	5939200	python3*1 
2026-09-25T18:45:55+04:00	ck5-nat-whole-2	2	2335625	2335181	45	19047141376	1916461056	python3*36 pt_gloo_runloop*2 ZMQbg/Reaper*2 ZMQbg/IO/0*2 pt_tcpstore_uv*1 cuda0000240000a*1 
2026-09-25T18:45:56+04:00	ck5-nat-whole-2	2	2335626	2335181	39	878637056	630300672	python3*33 ZMQbg/Reaper*3 ZMQbg/IO/0*3 
2026-09-25T18:46:07+04:00	ck5-nat-whole-2	2	2335159	488	2	25456640	6025216	uv*1 main2*1 
2026-09-25T18:46:07+04:00	ck5-nat-whole-2	2	2335181	2335159	41	960663552	702181376	ft*36 ZMQbg/Reaper*2 ZMQbg/IO/0*2 cuda00008800023*1 
2026-09-25T18:46:07+04:00	ck5-nat-whole-2	2	2335624	2335181	1	12632064	5939200	python3*1 
2026-09-25T18:46:07+04:00	ck5-nat-whole-2	2	2335625	2335181	45	19047145472	1916465152	python3*36 pt_gloo_runloop*2 ZMQbg/Reaper*2 ZMQbg/IO/0*2 pt_tcpstore_uv*1 cuda0000240000a*1 
2026-09-25T18:46:07+04:00	ck5-nat-whole-2	2	2335626	2335181	39	878637056	630300672	python3*33 ZMQbg/Reaper*3 ZMQbg/IO/0*3 
2026-09-25T18:46:18+04:00	ck5-nat-whole-2	2	2335159	488	2	25456640	6025216	uv*1 main2*1 
2026-09-25T18:46:18+04:00	ck5-nat-whole-2	2	2335181	2335159	41	960663552	702181376	ft*36 ZMQbg/Reaper*2 ZMQbg/IO/0*2 cuda00008800023*1 
2026-09-25T18:46:18+04:00	ck5-nat-whole-2	2	2335624	2335181	1	12632064	5939200	python3*1 
2026-09-25T18:46:18+04:00	ck5-nat-whole-2	2	2335625	2335181	45	19047145472	1916465152	python3*36 pt_gloo_runloop*2 ZMQbg/Reaper*2 ZMQbg/IO/0*2 pt_tcpstore_uv*1 cuda0000240000a*1 
2026-09-25T18:46:18+04:00	ck5-nat-whole-2	2	2335626	2335181	39	878637056	630300672	python3*33 ZMQbg/Reaper*3 ZMQbg/IO/0*3 
2026-09-25T18:46:28+04:00	ck5-nat-whole-2	2	2335159	488	2	25456640	6025216	uv*1 main2*1 
2026-09-25T18:46:28+04:00	ck5-nat-whole-2	2	2335181	2335159	41	960598016	702435328	ft*36 ZMQbg/Reaper*2 ZMQbg/IO/0*2 cuda00008800023*1 
2026-09-25T18:46:28+04:00	ck5-nat-whole-2	2	2335624	2335181	1	12632064	5939200	python3*1 
2026-09-25T18:46:28+04:00	ck5-nat-whole-2	2	2335625	2335181	45	19046850560	1916514304	python3*36 pt_gloo_runloop*2 ZMQbg/Reaper*2 ZMQbg/IO/0*2 pt_tcpstore_uv*1 cuda0000240000a*1 
2026-09-25T18:46:28+04:00	ck5-nat-whole-2	2	2335626	2335181	42	878411776	630394880	python3*34 ZMQbg/Reaper*4 ZMQbg/IO/0*4 
2026-09-25T18:46:40+04:00	ck5-nat-whole-2	2	2335159	488	2	23728128	6025216	uv*1 main2*1 
2026-09-25T18:46:40+04:00	ck5-nat-whole-2	2	2335181	2335159	41	954011648	702435328	ft*36 ZMQbg/Reaper*2 ZMQbg/IO/0*2 cuda00008800023*1 
2026-09-25T18:46:40+04:00	ck5-nat-whole-2	2	2335624	2335181	1	12619776	5939200	python3*1 
2026-09-25T18:46:40+04:00	ck5-nat-whole-2	2	2335625	2335181	45	19039137792	1916514304	python3*36 pt_gloo_runloop*2 ZMQbg/Reaper*2 ZMQbg/IO/0*2 pt_tcpstore_uv*1 cuda0000240000a*1 
2026-09-25T18:46:40+04:00	ck5-nat-whole-2	2	2335626	2335181	42	871825408	630394880	python3*34 ZMQbg/Reaper*4 ZMQbg/IO/0*4 
2026-09-25T18:47:32+04:00	ck5-nat-mirror-2	0	2353414	488	3	24641536	6037504	uv*1 tokio-rt-worker*1 main2*1 
2026-09-25T18:47:32+04:00	ck5-nat-mirror-2	0	2353430	2353414	22	710406144	431599616	ft*18 ZMQbg/Reaper*2 ZMQbg/IO/0*2 
2026-09-25T18:47:32+04:00	ck5-nat-mirror-2	0	2353565	2353430	1	12693504	5939200	python3*1 
2026-09-25T18:47:32+04:00	ck5-nat-mirror-2	0	2353566	2353430	16	523988992	306053120	python3*16 
2026-09-25T18:47:32+04:00	ck5-nat-mirror-2	0	2353567	2353430	16	523857920	306339840	python3*16 
2026-09-25T18:47:44+04:00	ck5-nat-mirror-2	0	2353414	488	2	24768512	6037504	uv*1 main2*1 
2026-09-25T18:47:44+04:00	ck5-nat-mirror-2	0	2353430	2353414	22	709140480	431640576	ft*18 ZMQbg/Reaper*2 ZMQbg/IO/0*2 
2026-09-25T18:47:44+04:00	ck5-nat-mirror-2	0	2353565	2353430	1	12693504	5939200	python3*1 
2026-09-25T18:47:44+04:00	ck5-nat-mirror-2	0	2353566	2353430	25	12960301056	11069669376	python3*20 pt_gloo_runloop*2 pt_tcpstore_uv*1 cuda0000240000a*1 cuda-EvtHandlr*1 
2026-09-25T18:47:44+04:00	ck5-nat-mirror-2	0	2353567	2353430	23	901918720	629714944	python3*17 ZMQbg/Reaper*3 ZMQbg/IO/0*3 
2026-09-25T18:47:54+04:00	ck5-nat-mirror-2	0	2353414	488	2	24768512	6037504	uv*1 main2*1 
2026-09-25T18:47:54+04:00	ck5-nat-mirror-2	0	2353430	2353414	22	709140480	431640576	ft*18 ZMQbg/Reaper*2 ZMQbg/IO/0*2 
2026-09-25T18:47:54+04:00	ck5-nat-mirror-2	0	2353565	2353430	1	12693504	5939200	python3*1 
2026-09-25T18:47:54+04:00	ck5-nat-mirror-2	0	2353566	2353430	26	13049905152	11155730432	python3*21 pt_gloo_runloop*2 pt_tcpstore_uv*1 cuda0000240000a*1 cuda-EvtHandlr*1 
2026-09-25T18:47:54+04:00	ck5-nat-mirror-2	0	2353567	2353430	23	901918720	629714944	python3*17 ZMQbg/Reaper*3 ZMQbg/IO/0*3 
2026-09-25T18:48:04+04:00	ck5-nat-mirror-2	0	2353414	488	2	24768512	6037504	uv*1 main2*1 
2026-09-25T18:48:04+04:00	ck5-nat-mirror-2	0	2353430	2353414	22	709140480	431640576	ft*18 ZMQbg/Reaper*2 ZMQbg/IO/0*2 
2026-09-25T18:48:04+04:00	ck5-nat-mirror-2	0	2353565	2353430	1	12693504	5939200	python3*1 
2026-09-25T18:48:04+04:00	ck5-nat-mirror-2	0	2353566	2353430	26	12394926080	11797262336	python3*21 pt_gloo_runloop*2 pt_tcpstore_uv*1 cuda0000240000a*1 cuda-EvtHandlr*1 
2026-09-25T18:48:04+04:00	ck5-nat-mirror-2	0	2353567	2353430	23	901918720	629714944	python3*17 ZMQbg/Reaper*3 ZMQbg/IO/0*3 
2026-09-25T18:48:14+04:00	ck5-nat-mirror-2	0	2353414	488	2	24768512	6037504	uv*1 main2*1 
2026-09-25T18:48:14+04:00	ck5-nat-mirror-2	0	2353430	2353414	22	709140480	431640576	ft*18 ZMQbg/Reaper*2 ZMQbg/IO/0*2 
2026-09-25T18:48:14+04:00	ck5-nat-mirror-2	0	2353565	2353430	1	12693504	5939200	python3*1 
2026-09-25T18:48:14+04:00	ck5-nat-mirror-2	0	2353566	2353430	26	12572012544	11968868352	python3*21 pt_gloo_runloop*2 pt_tcpstore_uv*1 cuda0000240000a*1 cuda-EvtHandlr*1 
2026-09-25T18:48:16+04:00	ck5-nat-mirror-2	0	2353567	2353430	23	901918720	629714944	python3*17 ZMQbg/Reaper*3 ZMQbg/IO/0*3 
2026-09-25T18:48:26+04:00	ck5-nat-mirror-2	0	2353414	488	2	24768512	6037504	uv*1 main2*1 
2026-09-25T18:48:26+04:00	ck5-nat-mirror-2	0	2353430	2353414	22	709140480	431640576	ft*18 ZMQbg/Reaper*2 ZMQbg/IO/0*2 
2026-09-25T18:48:26+04:00	ck5-nat-mirror-2	0	2353565	2353430	1	12693504	5939200	python3*1 
2026-09-25T18:48:26+04:00	ck5-nat-mirror-2	0	2353566	2353430	26	12685357056	12079546368	python3*21 pt_gloo_runloop*2 pt_tcpstore_uv*1 cuda0000240000a*1 cuda-EvtHandlr*1 
2026-09-25T18:48:26+04:00	ck5-nat-mirror-2	0	2353567	2353430	23	901918720	629714944	python3*17 ZMQbg/Reaper*3 ZMQbg/IO/0*3 
2026-09-25T18:48:36+04:00	ck5-nat-mirror-2	0	2353414	488	2	24768512	6037504	uv*1 main2*1 
2026-09-25T18:48:36+04:00	ck5-nat-mirror-2	0	2353430	2353414	39	955891712	672694272	ft*35 ZMQbg/Reaper*2 ZMQbg/IO/0*2 
2026-09-25T18:48:36+04:00	ck5-nat-mirror-2	0	2353565	2353430	1	12693504	5939200	python3*1 
2026-09-25T18:48:36+04:00	ck5-nat-mirror-2	0	2353566	2353430	30	12938928128	12325920768	python3*21 pt_gloo_runloop*2 ZMQbg/Reaper*2 ZMQbg/IO/0*2 pt_tcpstore_uv*1 cuda0000240000a*1 
2026-09-25T18:48:36+04:00	ck5-nat-mirror-2	0	2353567	2353430	39	905404416	630206464	python3*33 ZMQbg/Reaper*3 ZMQbg/IO/0*3 
2026-09-25T18:48:47+04:00	ck5-nat-mirror-2	0	2353414	488	2	24768512	6037504	uv*1 main2*1 
2026-09-25T18:48:47+04:00	ck5-nat-mirror-2	0	2353430	2353414	39	955891712	672694272	ft*35 ZMQbg/Reaper*2 ZMQbg/IO/0*2 
2026-09-25T18:48:47+04:00	ck5-nat-mirror-2	0	2353565	2353430	1	12693504	5939200	python3*1 
2026-09-25T18:48:47+04:00	ck5-nat-mirror-2	0	2353566	2353430	30	12938928128	12325920768	python3*21 pt_gloo_runloop*2 ZMQbg/Reaper*2 ZMQbg/IO/0*2 pt_tcpstore_uv*1 cuda0000240000a*1 
2026-09-25T18:48:47+04:00	ck5-nat-mirror-2	0	2353567	2353430	39	905404416	630206464	python3*33 ZMQbg/Reaper*3 ZMQbg/IO/0*3 
2026-09-25T18:48:58+04:00	ck5-nat-mirror-2	2	2353414	488	2	24768512	6037504	uv*1 main2*1 
2026-09-25T18:48:58+04:00	ck5-nat-mirror-2	2	2353430	2353414	41	992309248	702119936	ft*36 ZMQbg/Reaper*2 ZMQbg/IO/0*2 cuda00008800023*1 
2026-09-25T18:48:59+04:00	ck5-nat-mirror-2	2	2353565	2353430	1	12693504	5939200	python3*1 
2026-09-25T18:48:59+04:00	ck5-nat-mirror-2	2	2353566	2353430	30	12938932224	12325924864	python3*21 pt_gloo_runloop*2 ZMQbg/Reaper*2 ZMQbg/IO/0*2 pt_tcpstore_uv*1 cuda0000240000a*1 
2026-09-25T18:48:59+04:00	ck5-nat-mirror-2	2	2353567	2353430	39	905437184	630239232	python3*33 ZMQbg/Reaper*3 ZMQbg/IO/0*3 
2026-09-25T18:49:09+04:00	ck5-nat-mirror-2	2	2353414	488	2	24768512	6037504	uv*1 main2*1 
2026-09-25T18:49:09+04:00	ck5-nat-mirror-2	2	2353430	2353414	41	992313344	702124032	ft*36 ZMQbg/Reaper*2 ZMQbg/IO/0*2 cuda00008800023*1 
2026-09-25T18:49:09+04:00	ck5-nat-mirror-2	2	2353565	2353430	1	12693504	5939200	python3*1 
2026-09-25T18:49:09+04:00	ck5-nat-mirror-2	2	2353566	2353430	30	12938932224	12325924864	python3*21 pt_gloo_runloop*2 ZMQbg/Reaper*2 ZMQbg/IO/0*2 pt_tcpstore_uv*1 cuda0000240000a*1 
2026-09-25T18:49:09+04:00	ck5-nat-mirror-2	2	2353567	2353430	39	905437184	630239232	python3*33 ZMQbg/Reaper*3 ZMQbg/IO/0*3 
2026-09-25T18:49:19+04:00	ck5-nat-mirror-2	2	2353414	488	2	24768512	6037504	uv*1 main2*1 
2026-09-25T18:49:19+04:00	ck5-nat-mirror-2	2	2353430	2353414	41	992387072	702197760	ft*36 ZMQbg/Reaper*2 ZMQbg/IO/0*2 cuda00008800023*1 
2026-09-25T18:49:19+04:00	ck5-nat-mirror-2	2	2353565	2353430	1	12693504	5939200	python3*1 
2026-09-25T18:49:19+04:00	ck5-nat-mirror-2	2	2353566	2353430	30	12938932224	12325924864	python3*21 pt_gloo_runloop*2 ZMQbg/Reaper*2 ZMQbg/IO/0*2 pt_tcpstore_uv*1 cuda0000240000a*1 
2026-09-25T18:49:19+04:00	ck5-nat-mirror-2	2	2353567	2353430	39	905437184	630239232	python3*33 ZMQbg/Reaper*3 ZMQbg/IO/0*3 
2026-09-25T18:49:31+04:00	ck5-nat-mirror-2	2	2353414	488	2	24768512	6037504	uv*1 main2*1 
2026-09-25T18:49:31+04:00	ck5-nat-mirror-2	2	2353430	2353414	41	992387072	702197760	ft*36 ZMQbg/Reaper*2 ZMQbg/IO/0*2 cuda00008800023*1 
2026-09-25T18:49:31+04:00	ck5-nat-mirror-2	2	2353565	2353430	1	12693504	5939200	python3*1 
2026-09-25T18:49:31+04:00	ck5-nat-mirror-2	2	2353566	2353430	30	12938932224	12325924864	python3*21 pt_gloo_runloop*2 ZMQbg/Reaper*2 ZMQbg/IO/0*2 pt_tcpstore_uv*1 cuda0000240000a*1 
2026-09-25T18:49:31+04:00	ck5-nat-mirror-2	2	2353567	2353430	39	905437184	630239232	python3*33 ZMQbg/Reaper*3 ZMQbg/IO/0*3 
2026-09-25T18:49:41+04:00	ck5-nat-mirror-2	2	2353414	488	2	24768512	6037504	uv*1 main2*1 
2026-09-25T18:49:41+04:00	ck5-nat-mirror-2	2	2353430	2353414	41	992419840	702230528	ft*36 ZMQbg/Reaper*2 ZMQbg/IO/0*2 cuda00008800023*1 
2026-09-25T18:49:41+04:00	ck5-nat-mirror-2	2	2353565	2353430	1	12693504	5939200	python3*1 
2026-09-25T18:49:41+04:00	ck5-nat-mirror-2	2	2353566	2353430	30	12938932224	12325924864	python3*21 pt_gloo_runloop*2 ZMQbg/Reaper*2 ZMQbg/IO/0*2 pt_tcpstore_uv*1 cuda0000240000a*1 
2026-09-25T18:49:41+04:00	ck5-nat-mirror-2	2	2353567	2353430	39	905437184	630239232	python3*33 ZMQbg/Reaper*3 ZMQbg/IO/0*3 
2026-09-25T18:49:51+04:00	ck5-nat-mirror-2	2	2353414	488	2	24768512	6037504	uv*1 main2*1 
2026-09-25T18:49:51+04:00	ck5-nat-mirror-2	2	2353430	2353414	41	992419840	702230528	ft*36 ZMQbg/Reaper*2 ZMQbg/IO/0*2 cuda00008800023*1 
2026-09-25T18:49:51+04:00	ck5-nat-mirror-2	2	2353565	2353430	1	12693504	5939200	python3*1 
2026-09-25T18:49:51+04:00	ck5-nat-mirror-2	2	2353566	2353430	30	12938932224	12325924864	python3*21 pt_gloo_runloop*2 ZMQbg/Reaper*2 ZMQbg/IO/0*2 pt_tcpstore_uv*1 cuda0000240000a*1 
2026-09-25T18:49:51+04:00	ck5-nat-mirror-2	2	2353567	2353430	39	905437184	630239232	python3*33 ZMQbg/Reaper*3 ZMQbg/IO/0*3 
2026-09-25T18:50:03+04:00	ck5-nat-mirror-2	2	2353414	488	2	24768512	6037504	uv*1 main2*1 
2026-09-25T18:50:03+04:00	ck5-nat-mirror-2	2	2353430	2353414	41	992423936	702234624	ft*36 ZMQbg/Reaper*2 ZMQbg/IO/0*2 cuda00008800023*1 
2026-09-25T18:50:03+04:00	ck5-nat-mirror-2	2	2353565	2353430	1	12693504	5939200	python3*1 
2026-09-25T18:50:03+04:00	ck5-nat-mirror-2	2	2353566	2353430	30	12938932224	12325924864	python3*21 pt_gloo_runloop*2 ZMQbg/Reaper*2 ZMQbg/IO/0*2 pt_tcpstore_uv*1 cuda0000240000a*1 
2026-09-25T18:50:03+04:00	ck5-nat-mirror-2	2	2353567	2353430	39	905437184	630239232	python3*33 ZMQbg/Reaper*3 ZMQbg/IO/0*3 
2026-09-25T18:50:13+04:00	ck5-nat-mirror-2	2	2353414	488	2	24768512	6037504	uv*1 main2*1 
2026-09-25T18:50:13+04:00	ck5-nat-mirror-2	2	2353430	2353414	41	992423936	702234624	ft*36 ZMQbg/Reaper*2 ZMQbg/IO/0*2 cuda00008800023*1 
2026-09-25T18:50:13+04:00	ck5-nat-mirror-2	2	2353565	2353430	1	12693504	5939200	python3*1 
2026-09-25T18:50:13+04:00	ck5-nat-mirror-2	2	2353566	2353430	30	12938932224	12325924864	python3*21 pt_gloo_runloop*2 ZMQbg/Reaper*2 ZMQbg/IO/0*2 pt_tcpstore_uv*1 cuda0000240000a*1 
2026-09-25T18:50:14+04:00	ck5-nat-mirror-2	2	2353567	2353430	39	905437184	630239232	python3*33 ZMQbg/Reaper*3 ZMQbg/IO/0*3 
2026-09-25T18:50:24+04:00	ck5-nat-mirror-2	2	2353414	488	2	24768512	6037504	uv*1 main2*1 
2026-09-25T18:50:24+04:00	ck5-nat-mirror-2	2	2353430	2353414	41	992681984	702492672	ft*36 ZMQbg/Reaper*2 ZMQbg/IO/0*2 cuda00008800023*1 
2026-09-25T18:50:24+04:00	ck5-nat-mirror-2	2	2353565	2353430	1	12693504	5939200	python3*1 
2026-09-25T18:50:24+04:00	ck5-nat-mirror-2	2	2353566	2353430	30	12938977280	12325969920	python3*21 pt_gloo_runloop*2 ZMQbg/Reaper*2 ZMQbg/IO/0*2 pt_tcpstore_uv*1 cuda0000240000a*1 
2026-09-25T18:50:24+04:00	ck5-nat-mirror-2	2	2353567	2353430	42	905531392	630333440	python3*34 ZMQbg/Reaper*4 ZMQbg/IO/0*4 
2026-09-25T18:50:36+04:00	ck5-nat-mirror-2	2	2353414	488	2	24768512	6037504	uv*1 main2*1 
2026-09-25T18:50:36+04:00	ck5-nat-mirror-2	2	2353430	2353414	41	992681984	702492672	ft*36 ZMQbg/Reaper*2 ZMQbg/IO/0*2 cuda00008800023*1 
2026-09-25T18:50:36+04:00	ck5-nat-mirror-2	2	2353565	2353430	1	12693504	5939200	python3*1 
2026-09-25T18:50:36+04:00	ck5-nat-mirror-2	2	2353566	2353430	30	12938977280	12325969920	python3*21 pt_gloo_runloop*2 ZMQbg/Reaper*2 ZMQbg/IO/0*2 pt_tcpstore_uv*1 cuda0000240000a*1 
2026-09-25T18:50:36+04:00	ck5-nat-mirror-2	2	2353567	2353430	42	905531392	630333440	python3*34 ZMQbg/Reaper*4 ZMQbg/IO/0*4 
2026-09-25T18:50:46+04:00	ck5-nat-mirror-2	2	2353414	488	2	24768512	6037504	uv*1 main2*1 
2026-09-25T18:50:46+04:00	ck5-nat-mirror-2	2	2353430	2353414	41	992911360	702722048	ft*36 ZMQbg/Reaper*2 ZMQbg/IO/0*2 cuda00008800023*1 
2026-09-25T18:50:46+04:00	ck5-nat-mirror-2	2	2353565	2353430	1	12693504	5939200	python3*1 
2026-09-25T18:50:46+04:00	ck5-nat-mirror-2	2	2353566	2353430	30	12938977280	12325969920	python3*21 pt_gloo_runloop*2 ZMQbg/Reaper*2 ZMQbg/IO/0*2 pt_tcpstore_uv*1 cuda0000240000a*1 
2026-09-25T18:50:46+04:00	ck5-nat-mirror-2	2	2353567	2353430	42	905531392	630333440	python3*34 ZMQbg/Reaper*4 ZMQbg/IO/0*4 
2026-09-25T18:51:28+04:00	ck5-replay	0	2369201	488	3	24731648	6025216	uv*1 tokio-rt-worker*1 main2*1 
2026-09-25T18:51:28+04:00	ck5-replay	0	2369223	2369201	1	22265856	12754944	ft*1 
2026-09-25T18:51:38+04:00	ck5-replay	0	2369201	488	2	24862720	6025216	uv*1 main2*1 
2026-09-25T18:51:38+04:00	ck5-replay	0	2369223	2369201	22	710983680	431599616	ft*18 ZMQbg/Reaper*2 ZMQbg/IO/0*2 
2026-09-25T18:51:40+04:00	ck5-replay	0	2369626	2369223	1	12709888	5935104	python3*1 
2026-09-25T18:51:40+04:00	ck5-replay	0	2369627	2369223	43	8544055296	663371776	python3*38 pt_gloo_runloop*2 pt_tcpstore_uv*1 cuda0000240000a*1 cuda-EvtHandlr*1 
2026-09-25T18:51:40+04:00	ck5-replay	0	2369628	2369223	23	903053312	629714944	python3*17 ZMQbg/Reaper*3 ZMQbg/IO/0*3 
2026-09-25T18:51:50+04:00	ck5-replay	0	2369201	488	2	24862720	6025216	uv*1 main2*1 
2026-09-25T18:51:50+04:00	ck5-replay	0	2369223	2369201	22	708853760	431599616	ft*18 ZMQbg/Reaper*2 ZMQbg/IO/0*2 
2026-09-25T18:51:50+04:00	ck5-replay	0	2369626	2369223	1	12709888	5935104	python3*1 
2026-09-25T18:51:50+04:00	ck5-replay	0	2369627	2369223	41	18817634304	1667637248	python3*36 pt_gloo_runloop*2 pt_tcpstore_uv*1 cuda0000240000a*1 cuda-EvtHandlr*1 
2026-09-25T18:51:50+04:00	ck5-replay	0	2369628	2369223	23	900968448	629714944	python3*17 ZMQbg/Reaper*3 ZMQbg/IO/0*3 
2026-09-25T18:52:00+04:00	ck5-replay	0	2369201	488	2	24862720	6025216	uv*1 main2*1 
2026-09-25T18:52:00+04:00	ck5-replay	0	2369223	2369201	39	955617280	672645120	ft*35 ZMQbg/Reaper*2 ZMQbg/IO/0*2 
2026-09-25T18:52:00+04:00	ck5-replay	0	2369626	2369223	1	12709888	5935104	python3*1 
2026-09-25T18:52:00+04:00	ck5-replay	0	2369627	2369223	45	19076636672	1919987712	python3*36 pt_gloo_runloop*2 ZMQbg/Reaper*2 ZMQbg/IO/0*2 pt_tcpstore_uv*1 cuda0000240000a*1 
2026-09-25T18:52:00+04:00	ck5-replay	0	2369628	2369223	39	904454144	630202368	python3*33 ZMQbg/Reaper*3 ZMQbg/IO/0*3 
2026-09-25T18:52:10+04:00	ck5-replay	0	2369201	488	2	24862720	6025216	uv*1 main2*1 
2026-09-25T18:52:10+04:00	ck5-replay	0	2369223	2369201	39	955617280	672645120	ft*35 ZMQbg/Reaper*2 ZMQbg/IO/0*2 
2026-09-25T18:52:11+04:00	ck5-replay	0	2369626	2369223	1	12709888	5935104	python3*1 
2026-09-25T18:52:11+04:00	ck5-replay	0	2369627	2369223	45	19076636672	1919987712	python3*36 pt_gloo_runloop*2 ZMQbg/Reaper*2 ZMQbg/IO/0*2 pt_tcpstore_uv*1 cuda0000240000a*1 
2026-09-25T18:52:11+04:00	ck5-replay	0	2369628	2369223	39	904454144	630202368	python3*33 ZMQbg/Reaper*3 ZMQbg/IO/0*3 
2026-09-25T18:52:22+04:00	ck5-replay	2	2369201	488	2	24862720	6025216	uv*1 main2*1 
2026-09-25T18:52:22+04:00	ck5-replay	2	2369223	2369201	42	955711488	672739328	ft*36 ZMQbg/Reaper*3 ZMQbg/IO/0*3 
2026-09-25T18:52:22+04:00	ck5-replay	2	2369626	2369223	1	12709888	5935104	python3*1 
2026-09-25T18:52:23+04:00	ck5-replay	2	2369627	2369223	45	19076681728	1920032768	python3*36 pt_gloo_runloop*2 ZMQbg/Reaper*2 ZMQbg/IO/0*2 pt_tcpstore_uv*1 cuda0000240000a*1 
2026-09-25T18:52:23+04:00	ck5-replay	2	2369628	2369223	42	905351168	630362112	python3*34 ZMQbg/Reaper*4 ZMQbg/IO/0*4 
2026-09-25T18:52:33+04:00	ck5-replay	2	2369201	488	2	24862720	6025216	uv*1 main2*1 
2026-09-25T18:52:33+04:00	ck5-replay	2	2369223	2369201	42	956870656	672768000	ft*36 ZMQbg/Reaper*3 ZMQbg/IO/0*3 
2026-09-25T18:52:33+04:00	ck5-replay	2	2369626	2369223	1	12709888	5935104	python3*1 
2026-09-25T18:52:33+04:00	ck5-replay	2	2369627	2369223	45	19202420736	1991622656	python3*36 pt_gloo_runloop*2 ZMQbg/Reaper*2 ZMQbg/IO/0*2 pt_tcpstore_uv*1 cuda0000240000a*1 
2026-09-25T18:52:33+04:00	ck5-replay	2	2369628	2369223	57	905678848	630689792	python3*49 ZMQbg/Reaper*4 ZMQbg/IO/0*4 
2026-09-25T18:52:43+04:00	ck5-replay	2	2369201	488	2	24862720	6025216	uv*1 main2*1 
2026-09-25T18:52:43+04:00	ck5-replay	2	2369223	2369201	57	961089536	676986880	ft*51 ZMQbg/Reaper*3 ZMQbg/IO/0*3 
2026-09-25T18:52:43+04:00	ck5-replay	2	2369626	2369223	1	12709888	5935104	python3*1 
2026-09-25T18:52:43+04:00	ck5-replay	2	2369627	2369223	45	19463249920	2251759616	python3*36 pt_gloo_runloop*2 ZMQbg/Reaper*2 ZMQbg/IO/0*2 pt_tcpstore_uv*1 cuda0000240000a*1 
2026-09-25T18:52:43+04:00	ck5-replay	2	2369628	2369223	57	905682944	630693888	python3*49 ZMQbg/Reaper*4 ZMQbg/IO/0*4 
