ts	unit	probes_done	pid	ppid	threads	rss	anon	thread_names
2026-09-25T00:52:48+04:00	nx-whole-1	0	493825	488	3	24649728	6021120	uv*1 tokio-rt-worker*1 main2*1 
2026-09-25T00:52:48+04:00	nx-whole-1	0	493841	493825	22	711090176	432619520	ft*18 ZMQbg/Reaper*2 ZMQbg/IO/0*2 
2026-09-25T00:52:48+04:00	nx-whole-1	0	494060	493841	1	12808192	5935104	python3*1 
2026-09-25T00:52:48+04:00	nx-whole-1	0	494061	493841	24	895963136	475365376	python3*19 pt_gloo_runloop*2 pt_tcpstore_uv*1 cuda0000240000a*1 cuda-EvtHandlr*1 
2026-09-25T00:52:48+04:00	nx-whole-1	0	494062	493841	22	829321216	556470272	python3*16 ZMQbg/Reaper*3 ZMQbg/IO/0*3 
2026-09-25T00:52:59+04:00	nx-whole-1	0	493825	488	2	24780800	6021120	uv*1 main2*1 
2026-09-25T00:52:59+04:00	nx-whole-1	0	493841	493825	22	711155712	432619520	ft*18 ZMQbg/Reaper*2 ZMQbg/IO/0*2 
2026-09-25T00:52:59+04:00	nx-whole-1	0	494060	493841	1	12808192	5935104	python3*1 
2026-09-25T00:52:59+04:00	nx-whole-1	0	494061	493841	43	6803066880	663371776	python3*38 pt_gloo_runloop*2 pt_tcpstore_uv*1 cuda0000240000a*1 cuda-EvtHandlr*1 
2026-09-25T00:52:59+04:00	nx-whole-1	0	494062	493841	23	903061504	629796864	python3*17 ZMQbg/Reaper*3 ZMQbg/IO/0*3 
2026-09-25T00:53:11+04:00	nx-whole-1	0	493825	488	2	24780800	6021120	uv*1 main2*1 
2026-09-25T00:53:11+04:00	nx-whole-1	0	493841	493825	22	711155712	432619520	ft*18 ZMQbg/Reaper*2 ZMQbg/IO/0*2 
2026-09-25T00:53:11+04:00	nx-whole-1	0	494060	493841	1	12808192	5935104	python3*1 
2026-09-25T00:53:11+04:00	nx-whole-1	0	494061	493841	43	8911273984	663474176	python3*38 pt_gloo_runloop*2 pt_tcpstore_uv*1 cuda0000240000a*1 cuda-EvtHandlr*1 
2026-09-25T00:53:11+04:00	nx-whole-1	0	494062	493841	23	903061504	629796864	python3*17 ZMQbg/Reaper*3 ZMQbg/IO/0*3 
2026-09-25T00:53:21+04:00	nx-whole-1	0	493825	488	2	24780800	6021120	uv*1 main2*1 
2026-09-25T00:53:21+04:00	nx-whole-1	0	493841	493825	22	711155712	432619520	ft*18 ZMQbg/Reaper*2 ZMQbg/IO/0*2 
2026-09-25T00:53:21+04:00	nx-whole-1	0	494060	493841	1	12808192	5935104	python3*1 
2026-09-25T00:53:21+04:00	nx-whole-1	0	494061	493841	43	11413028864	663613440	python3*38 pt_gloo_runloop*2 pt_tcpstore_uv*1 cuda0000240000a*1 cuda-EvtHandlr*1 
2026-09-25T00:53:21+04:00	nx-whole-1	0	494062	493841	23	903061504	629796864	python3*17 ZMQbg/Reaper*3 ZMQbg/IO/0*3 
2026-09-25T00:53:32+04:00	nx-whole-1	0	493825	488	2	24780800	6021120	uv*1 main2*1 
2026-09-25T00:53:32+04:00	nx-whole-1	0	493841	493825	22	711155712	432619520	ft*18 ZMQbg/Reaper*2 ZMQbg/IO/0*2 
2026-09-25T00:53:32+04:00	nx-whole-1	0	494060	493841	1	12808192	5935104	python3*1 
2026-09-25T00:53:32+04:00	nx-whole-1	0	494061	493841	43	13960028160	663703552	python3*38 pt_gloo_runloop*2 pt_tcpstore_uv*1 cuda0000240000a*1 cuda-EvtHandlr*1 
2026-09-25T00:53:32+04:00	nx-whole-1	0	494062	493841	23	903061504	629796864	python3*17 ZMQbg/Reaper*3 ZMQbg/IO/0*3 
2026-09-25T00:53:44+04:00	nx-whole-1	0	493825	488	2	24780800	6021120	uv*1 main2*1 
2026-09-25T00:53:44+04:00	nx-whole-1	0	493841	493825	22	711155712	432619520	ft*18 ZMQbg/Reaper*2 ZMQbg/IO/0*2 
2026-09-25T00:53:44+04:00	nx-whole-1	0	494060	493841	1	12808192	5935104	python3*1 
2026-09-25T00:53:44+04:00	nx-whole-1	0	494061	493841	43	16528936960	663855104	python3*38 pt_gloo_runloop*2 pt_tcpstore_uv*1 cuda0000240000a*1 cuda-EvtHandlr*1 
2026-09-25T00:53:44+04:00	nx-whole-1	0	494062	493841	23	903061504	629796864	python3*17 ZMQbg/Reaper*3 ZMQbg/IO/0*3 
2026-09-25T00:53:54+04:00	nx-whole-1	0	493825	488	2	24780800	6021120	uv*1 main2*1 
2026-09-25T00:53:54+04:00	nx-whole-1	0	493841	493825	22	711155712	432619520	ft*18 ZMQbg/Reaper*2 ZMQbg/IO/0*2 
2026-09-25T00:53:55+04:00	nx-whole-1	0	494060	493841	1	12808192	5935104	python3*1 
2026-09-25T00:53:55+04:00	nx-whole-1	0	494061	493841	43	19143491584	664027136	python3*38 pt_gloo_runloop*2 pt_tcpstore_uv*1 cuda0000240000a*1 cuda-EvtHandlr*1 
2026-09-25T00:53:55+04:00	nx-whole-1	0	494062	493841	23	903061504	629796864	python3*17 ZMQbg/Reaper*3 ZMQbg/IO/0*3 
2026-09-25T00:54:05+04:00	nx-whole-1	0	493825	488	2	24506368	6021120	uv*1 main2*1 
2026-09-25T00:54:05+04:00	nx-whole-1	0	493841	493825	22	705568768	432619520	ft*18 ZMQbg/Reaper*2 ZMQbg/IO/0*2 
2026-09-25T00:54:05+04:00	nx-whole-1	0	494060	493841	1	12808192	5935104	python3*1 
2026-09-25T00:54:05+04:00	nx-whole-1	0	494061	493841	42	22511697920	664518656	python3*37 pt_gloo_runloop*2 pt_tcpstore_uv*1 cuda0000240000a*1 cuda-EvtHandlr*1 
2026-09-25T00:54:05+04:00	nx-whole-1	0	494062	493841	23	897458176	629796864	python3*17 ZMQbg/Reaper*3 ZMQbg/IO/0*3 
2026-09-25T00:54:15+04:00	nx-whole-1	0	493825	488	2	24506368	6021120	uv*1 main2*1 
2026-09-25T00:54:15+04:00	nx-whole-1	0	493841	493825	22	705568768	432619520	ft*18 ZMQbg/Reaper*2 ZMQbg/IO/0*2 
2026-09-25T00:54:15+04:00	nx-whole-1	0	494060	493841	1	12808192	5935104	python3*1 
2026-09-25T00:54:15+04:00	nx-whole-1	0	494061	493841	41	19088404480	660586496	python3*36 pt_gloo_runloop*2 pt_tcpstore_uv*1 cuda0000240000a*1 cuda-EvtHandlr*1 
2026-09-25T00:54:16+04:00	nx-whole-1	0	494062	493841	23	897458176	629796864	python3*17 ZMQbg/Reaper*3 ZMQbg/IO/0*3 
2026-09-25T00:54:16+04:00	nx-whole-1	0	499697	494061	1	4128768	237568	ninja*1 
2026-09-25T00:54:16+04:00	nx-whole-1	0	499698	499697	1	1941504	110592	sh*1 
2026-09-25T00:54:16+04:00	nx-whole-1	0	499699	499698	1	2879488	176128	c++*1 
2026-09-25T00:54:16+04:00	nx-whole-1	0	499700	499699	1	1596854272	1570295808	cc1plus*1 
2026-09-25T00:54:28+04:00	nx-whole-1	0	493825	488	2	24506368	6021120	uv*1 main2*1 
2026-09-25T00:54:29+04:00	nx-whole-1	0	493841	493825	22	705568768	432619520	ft*18 ZMQbg/Reaper*2 ZMQbg/IO/0*2 
2026-09-25T00:54:29+04:00	nx-whole-1	0	494060	493841	1	12808192	5935104	python3*1 
2026-09-25T00:54:29+04:00	nx-whole-1	0	494061	493841	41	19979800576	1388822528	python3*36 pt_gloo_runloop*2 pt_tcpstore_uv*1 cuda0000240000a*1 cuda-EvtHandlr*1 
2026-09-25T00:54:29+04:00	nx-whole-1	0	494062	493841	23	897458176	629796864	python3*17 ZMQbg/Reaper*3 ZMQbg/IO/0*3 
2026-09-25T00:54:39+04:00	nx-whole-1	0	493825	488	2	24506368	6021120	uv*1 main2*1 
2026-09-25T00:54:39+04:00	nx-whole-1	0	493841	493825	39	950984704	672612352	ft*35 ZMQbg/Reaper*2 ZMQbg/IO/0*2 
2026-09-25T00:54:39+04:00	nx-whole-1	0	494060	493841	1	12808192	5935104	python3*1 
2026-09-25T00:54:39+04:00	nx-whole-1	0	494061	493841	45	19135053824	1932828672	python3*36 pt_gloo_runloop*2 ZMQbg/Reaper*2 ZMQbg/IO/0*2 pt_tcpstore_uv*1 cuda0000240000a*1 
2026-09-25T00:54:39+04:00	nx-whole-1	0	494062	493841	39	900673536	630288384	python3*33 ZMQbg/Reaper*3 ZMQbg/IO/0*3 
2026-09-25T00:54:49+04:00	nx-whole-1	0	493825	488	2	24506368	6021120	uv*1 main2*1 
2026-09-25T00:54:49+04:00	nx-whole-1	0	493841	493825	39	950988800	672616448	ft*35 ZMQbg/Reaper*2 ZMQbg/IO/0*2 
2026-09-25T00:54:49+04:00	nx-whole-1	0	494060	493841	1	12808192	5935104	python3*1 
2026-09-25T00:54:49+04:00	nx-whole-1	0	494061	493841	45	19135053824	1932828672	python3*36 pt_gloo_runloop*2 ZMQbg/Reaper*2 ZMQbg/IO/0*2 pt_tcpstore_uv*1 cuda0000240000a*1 
2026-09-25T00:54:50+04:00	nx-whole-1	0	494062	493841	39	900673536	630288384	python3*33 ZMQbg/Reaper*3 ZMQbg/IO/0*3 
2026-09-25T00:55:02+04:00	nx-whole-1	0	493825	488	2	24100864	6021120	uv*1 main2*1 
2026-09-25T00:55:02+04:00	nx-whole-1	0	493841	493825	39	950317056	672616448	ft*35 ZMQbg/Reaper*2 ZMQbg/IO/0*2 
2026-09-25T00:55:02+04:00	nx-whole-1	0	494060	493841	1	12808192	5935104	python3*1 
2026-09-25T00:55:02+04:00	nx-whole-1	0	494061	493841	45	19128492032	1932832768	python3*36 pt_gloo_runloop*2 ZMQbg/Reaper*2 ZMQbg/IO/0*2 pt_tcpstore_uv*1 cuda0000240000a*1 
2026-09-25T00:55:02+04:00	nx-whole-1	0	494062	493841	39	900390912	630312960	python3*33 ZMQbg/Reaper*3 ZMQbg/IO/0*3 
2026-09-25T00:55:12+04:00	nx-whole-1	1	493825	488	2	24100864	6021120	uv*1 main2*1 
2026-09-25T00:55:12+04:00	nx-whole-1	1	493841	493825	57	950661120	672960512	ft*51 ZMQbg/Reaper*3 ZMQbg/IO/0*3 
2026-09-25T00:55:13+04:00	nx-whole-1	1	494060	493841	1	12808192	5935104	python3*1 
2026-09-25T00:55:13+04:00	nx-whole-1	1	494061	493841	45	19128778752	1933119488	python3*36 pt_gloo_runloop*2 ZMQbg/Reaper*2 ZMQbg/IO/0*2 pt_tcpstore_uv*1 cuda0000240000a*1 
2026-09-25T00:55:13+04:00	nx-whole-1	1	494062	493841	57	901062656	630984704	python3*49 ZMQbg/Reaper*4 ZMQbg/IO/0*4 
2026-09-25T00:55:23+04:00	nx-whole-1	3	493825	488	2	24100864	6021120	uv*1 main2*1 
2026-09-25T00:55:23+04:00	nx-whole-1	3	493841	493825	57	950673408	672972800	ft*51 ZMQbg/Reaper*3 ZMQbg/IO/0*3 
2026-09-25T00:55:23+04:00	nx-whole-1	3	494060	493841	1	12808192	5935104	python3*1 
2026-09-25T00:55:23+04:00	nx-whole-1	3	494061	493841	45	19129978880	1933438976	python3*36 pt_gloo_runloop*2 ZMQbg/Reaper*2 ZMQbg/IO/0*2 pt_tcpstore_uv*1 cuda0000240000a*1 
2026-09-25T00:55:24+04:00	nx-whole-1	3	494062	493841	57	901066752	630988800	python3*49 ZMQbg/Reaper*4 ZMQbg/IO/0*4 
2026-09-25T00:55:36+04:00	nx-whole-1	3	493825	488	2	24100864	6021120	uv*1 main2*1 
2026-09-25T00:55:36+04:00	nx-whole-1	3	493841	493825	57	950673408	672972800	ft*51 ZMQbg/Reaper*3 ZMQbg/IO/0*3 
2026-09-25T00:55:36+04:00	nx-whole-1	3	494060	493841	1	12808192	5935104	python3*1 
2026-09-25T00:55:36+04:00	nx-whole-1	3	494061	493841	45	19129978880	1933438976	python3*36 pt_gloo_runloop*2 ZMQbg/Reaper*2 ZMQbg/IO/0*2 pt_tcpstore_uv*1 cuda0000240000a*1 
2026-09-25T00:55:36+04:00	nx-whole-1	3	494062	493841	57	901066752	630988800	python3*49 ZMQbg/Reaper*4 ZMQbg/IO/0*4 
2026-09-25T00:56:29+04:00	nx-mirror-1	0	507801	488	3	23883776	6017024	uv*1 tokio-rt-worker*1 main2*1 
2026-09-25T00:56:29+04:00	nx-mirror-1	0	507817	507801	22	710201344	431464448	ft*18 ZMQbg/Reaper*2 ZMQbg/IO/0*2 
2026-09-25T00:56:29+04:00	nx-mirror-1	0	507970	507817	1	12767232	5939200	python3*1 
2026-09-25T00:56:29+04:00	nx-mirror-1	0	507971	507817	25	2341388288	571723776	python3*20 pt_gloo_runloop*2 pt_tcpstore_uv*1 cuda0000240000a*1 cuda-EvtHandlr*1 
2026-09-25T00:56:29+04:00	nx-mirror-1	0	507972	507817	23	901681152	629792768	python3*17 ZMQbg/Reaper*3 ZMQbg/IO/0*3 
2026-09-25T00:56:42+04:00	nx-mirror-1	0	507801	488	2	14733312	6017024	uv*1 main2*1 
2026-09-25T00:56:42+04:00	nx-mirror-1	0	507817	507801	22	592584704	431464448	ft*18 ZMQbg/Reaper*2 ZMQbg/IO/0*2 
2026-09-25T00:56:42+04:00	nx-mirror-1	0	507970	507817	1	12730368	5939200	python3*1 
2026-09-25T00:56:42+04:00	nx-mirror-1	0	507971	507817	25	12855668736	11122413568	python3*20 pt_gloo_runloop*2 pt_tcpstore_uv*1 cuda0000240000a*1 cuda-EvtHandlr*1 
2026-09-25T00:56:42+04:00	nx-mirror-1	0	507972	507817	23	787169280	629792768	python3*17 ZMQbg/Reaper*3 ZMQbg/IO/0*3 
2026-09-25T00:56:52+04:00	nx-mirror-1	0	507801	488	2	14733312	6017024	uv*1 main2*1 
2026-09-25T00:56:52+04:00	nx-mirror-1	0	507817	507801	22	592584704	431464448	ft*18 ZMQbg/Reaper*2 ZMQbg/IO/0*2 
2026-09-25T00:56:52+04:00	nx-mirror-1	0	507970	507817	1	12730368	5939200	python3*1 
2026-09-25T00:56:52+04:00	nx-mirror-1	0	507971	507817	26	13424275456	11558596608	python3*21 pt_gloo_runloop*2 pt_tcpstore_uv*1 cuda0000240000a*1 cuda-EvtHandlr*1 
2026-09-25T00:56:52+04:00	nx-mirror-1	0	507972	507817	23	787169280	629792768	python3*17 ZMQbg/Reaper*3 ZMQbg/IO/0*3 
2026-09-25T00:56:52+04:00	nx-mirror-1	0	509533	507971	1	4116480	249856	ninja*1 
2026-09-25T00:56:52+04:00	nx-mirror-1	0	509534	509533	1	1937408	106496	sh*1 
2026-09-25T00:56:52+04:00	nx-mirror-1	0	509535	509534	1	6352896	1863680	nvcc*1 
2026-09-25T00:56:52+04:00	nx-mirror-1	0	509544	509535	1	1945600	114688	sh*1 
2026-09-25T00:56:52+04:00	nx-mirror-1	0	509545	509544	1	314064896	303013888	cudafe++*1 
2026-09-25T00:57:03+04:00	nx-mirror-1	0	507801	488	2	14733312	6017024	uv*1 main2*1 
2026-09-25T00:57:03+04:00	nx-mirror-1	0	507817	507801	22	592584704	431464448	ft*18 ZMQbg/Reaper*2 ZMQbg/IO/0*2 
2026-09-25T00:57:03+04:00	nx-mirror-1	0	507970	507817	1	12730368	5939200	python3*1 
2026-09-25T00:57:03+04:00	nx-mirror-1	0	507971	507817	26	12267749376	11797475328	python3*21 pt_gloo_runloop*2 pt_tcpstore_uv*1 cuda0000240000a*1 cuda-EvtHandlr*1 
2026-09-25T00:57:03+04:00	nx-mirror-1	0	507972	507817	23	787169280	629792768	python3*17 ZMQbg/Reaper*3 ZMQbg/IO/0*3 
2026-09-25T00:57:15+04:00	nx-mirror-1	0	507801	488	2	14733312	6017024	uv*1 main2*1 
2026-09-25T00:57:15+04:00	nx-mirror-1	0	507817	507801	22	592584704	431464448	ft*18 ZMQbg/Reaper*2 ZMQbg/IO/0*2 
2026-09-25T00:57:16+04:00	nx-mirror-1	0	507970	507817	1	12730368	5939200	python3*1 
2026-09-25T00:57:16+04:00	nx-mirror-1	0	507971	507817	26	12444884992	11968434176	python3*21 pt_gloo_runloop*2 pt_tcpstore_uv*1 cuda0000240000a*1 cuda-EvtHandlr*1 
2026-09-25T00:57:16+04:00	nx-mirror-1	0	507972	507817	23	787169280	629792768	python3*17 ZMQbg/Reaper*3 ZMQbg/IO/0*3 
2026-09-25T00:57:26+04:00	nx-mirror-1	0	507801	488	2	14733312	6017024	uv*1 main2*1 
2026-09-25T00:57:26+04:00	nx-mirror-1	0	507817	507801	22	593027072	431484928	ft*18 ZMQbg/Reaper*2 ZMQbg/IO/0*2 
2026-09-25T00:57:26+04:00	nx-mirror-1	0	507970	507817	1	12730368	5939200	python3*1 
2026-09-25T00:57:26+04:00	nx-mirror-1	0	507971	507817	30	12797034496	12313722880	python3*21 pt_gloo_runloop*2 ZMQbg/Reaper*2 ZMQbg/IO/0*2 pt_tcpstore_uv*1 cuda0000240000a*1 
2026-09-25T00:57:26+04:00	nx-mirror-1	0	507972	507817	23	787759104	629837824	python3*17 ZMQbg/Reaper*3 ZMQbg/IO/0*3 
2026-09-25T00:57:36+04:00	nx-mirror-1	0	507801	488	2	14733312	6017024	uv*1 main2*1 
2026-09-25T00:57:36+04:00	nx-mirror-1	0	507817	507801	39	840855552	672542720	ft*35 ZMQbg/Reaper*2 ZMQbg/IO/0*2 
2026-09-25T00:57:36+04:00	nx-mirror-1	0	507970	507817	1	12730368	5939200	python3*1 
2026-09-25T00:57:36+04:00	nx-mirror-1	0	507971	507817	30	12800512000	12313817088	python3*21 pt_gloo_runloop*2 ZMQbg/Reaper*2 ZMQbg/IO/0*2 pt_tcpstore_uv*1 cuda0000240000a*1 
2026-09-25T00:57:36+04:00	nx-mirror-1	0	507972	507817	39	793243648	630284288	python3*33 ZMQbg/Reaper*3 ZMQbg/IO/0*3 
2026-09-25T00:57:49+04:00	nx-mirror-1	0	507801	488	2	14733312	6017024	uv*1 main2*1 
2026-09-25T00:57:49+04:00	nx-mirror-1	0	507817	507801	39	840855552	672542720	ft*35 ZMQbg/Reaper*2 ZMQbg/IO/0*2 
2026-09-25T00:57:49+04:00	nx-mirror-1	0	507970	507817	1	12730368	5939200	python3*1 
2026-09-25T00:57:49+04:00	nx-mirror-1	0	507971	507817	30	12800512000	12313817088	python3*21 pt_gloo_runloop*2 ZMQbg/Reaper*2 ZMQbg/IO/0*2 pt_tcpstore_uv*1 cuda0000240000a*1 
2026-09-25T00:57:49+04:00	nx-mirror-1	0	507972	507817	39	793243648	630284288	python3*33 ZMQbg/Reaper*3 ZMQbg/IO/0*3 
2026-09-25T00:57:59+04:00	nx-mirror-1	1	507801	488	2	14733312	6017024	uv*1 main2*1 
2026-09-25T00:57:59+04:00	nx-mirror-1	1	507817	507801	57	841256960	672886784	ft*51 ZMQbg/Reaper*3 ZMQbg/IO/0*3 
2026-09-25T00:57:59+04:00	nx-mirror-1	1	507970	507817	1	12730368	5939200	python3*1 
2026-09-25T00:57:59+04:00	nx-mirror-1	1	507971	507817	30	12800802816	12314107904	python3*21 pt_gloo_runloop*2 ZMQbg/Reaper*2 ZMQbg/IO/0*2 pt_tcpstore_uv*1 cuda0000240000a*1 
2026-09-25T00:57:59+04:00	nx-mirror-1	1	507972	507817	57	793989120	630972416	python3*49 ZMQbg/Reaper*4 ZMQbg/IO/0*4 
2026-09-25T00:58:10+04:00	nx-mirror-1	1	507801	488	2	14733312	6017024	uv*1 main2*1 
2026-09-25T00:58:10+04:00	nx-mirror-1	1	507817	507801	57	841265152	672894976	ft*51 ZMQbg/Reaper*3 ZMQbg/IO/0*3 
2026-09-25T00:58:10+04:00	nx-mirror-1	1	507970	507817	1	12730368	5939200	python3*1 
2026-09-25T00:58:10+04:00	nx-mirror-1	1	507971	507817	45	12801056768	12314361856	python3*36 pt_gloo_runloop*2 ZMQbg/Reaper*2 ZMQbg/IO/0*2 pt_tcpstore_uv*1 cuda0000240000a*1 
2026-09-25T00:58:10+04:00	nx-mirror-1	1	507972	507817	57	793989120	630972416	python3*49 ZMQbg/Reaper*4 ZMQbg/IO/0*4 
2026-09-25T00:58:20+04:00	nx-mirror-1	3	507801	488	2	14733312	6017024	uv*1 main2*1 
2026-09-25T00:58:20+04:00	nx-mirror-1	3	507817	507801	57	841265152	672894976	ft*51 ZMQbg/Reaper*3 ZMQbg/IO/0*3 
2026-09-25T00:58:20+04:00	nx-mirror-1	3	507970	507817	1	12730368	5939200	python3*1 
2026-09-25T00:58:20+04:00	nx-mirror-1	3	507971	507817	45	12801990656	12314365952	python3*36 pt_gloo_runloop*2 ZMQbg/Reaper*2 ZMQbg/IO/0*2 pt_tcpstore_uv*1 cuda0000240000a*1 
2026-09-25T00:58:23+04:00	nx-mirror-1	3	507972	507817	57	793989120	630972416	python3*49 ZMQbg/Reaper*4 ZMQbg/IO/0*4 
2026-09-25T00:58:33+04:00	nx-mirror-1	4	507801	488	2	14733312	6017024	uv*1 main2*1 
2026-09-25T00:58:33+04:00	nx-mirror-1	4	507817	507801	59	879362048	702468096	ft*52 ZMQbg/Reaper*3 ZMQbg/IO/0*3 cuda0000a40002a*1 
2026-09-25T00:58:33+04:00	nx-mirror-1	4	507970	507817	1	12730368	5939200	python3*1 
2026-09-25T00:58:33+04:00	nx-mirror-1	4	507971	507817	45	12801990656	12314365952	python3*36 pt_gloo_runloop*2 ZMQbg/Reaper*2 ZMQbg/IO/0*2 pt_tcpstore_uv*1 cuda0000240000a*1 
2026-09-25T00:58:33+04:00	nx-mirror-1	4	507972	507817	57	793989120	630972416	python3*49 ZMQbg/Reaper*4 ZMQbg/IO/0*4 
2026-09-25T00:59:16+04:00	nx-whole-2	0	523934	488	3	26189824	6004736	uv*1 tokio-rt-worker*1 main2*1 
2026-09-25T00:59:16+04:00	nx-whole-2	0	523963	523934	16	524185600	303775744	ft*16 
2026-09-25T00:59:26+04:00	nx-whole-2	0	523934	488	2	26320896	6004736	uv*1 main2*1 
2026-09-25T00:59:26+04:00	nx-whole-2	0	523963	523934	22	709828608	431579136	ft*18 ZMQbg/Reaper*2 ZMQbg/IO/0*2 
2026-09-25T00:59:26+04:00	nx-whole-2	0	524690	523963	1	12808192	5939200	python3*1 
2026-09-25T00:59:27+04:00	nx-whole-2	0	524693	523963	42	5908291584	663035904	python3*37 pt_gloo_runloop*2 pt_tcpstore_uv*1 cuda0000240000a*1 cuda-EvtHandlr*1 
2026-09-25T00:59:27+04:00	nx-whole-2	0	524694	523963	23	907083776	629682176	python3*17 ZMQbg/Reaper*3 ZMQbg/IO/0*3 
2026-09-25T00:59:40+04:00	nx-whole-2	0	523934	488	2	26320896	6004736	uv*1 main2*1 
2026-09-25T00:59:40+04:00	nx-whole-2	0	523963	523934	22	709828608	431579136	ft*18 ZMQbg/Reaper*2 ZMQbg/IO/0*2 
2026-09-25T00:59:40+04:00	nx-whole-2	0	524690	523963	1	12808192	5939200	python3*1 
2026-09-25T00:59:40+04:00	nx-whole-2	0	524693	523963	43	7827935232	663306240	python3*38 pt_gloo_runloop*2 pt_tcpstore_uv*1 cuda0000240000a*1 cuda-EvtHandlr*1 
2026-09-25T00:59:40+04:00	nx-whole-2	0	524694	523963	23	907083776	629682176	python3*17 ZMQbg/Reaper*3 ZMQbg/IO/0*3 
2026-09-25T00:59:50+04:00	nx-whole-2	0	523934	488	2	26320896	6004736	uv*1 main2*1 
2026-09-25T00:59:50+04:00	nx-whole-2	0	523963	523934	22	709828608	431579136	ft*18 ZMQbg/Reaper*2 ZMQbg/IO/0*2 
2026-09-25T00:59:50+04:00	nx-whole-2	0	524690	523963	1	12808192	5939200	python3*1 
2026-09-25T00:59:50+04:00	nx-whole-2	0	524693	523963	43	9916350464	663416832	python3*38 pt_gloo_runloop*2 pt_tcpstore_uv*1 cuda0000240000a*1 cuda-EvtHandlr*1 
2026-09-25T00:59:50+04:00	nx-whole-2	0	524694	523963	23	907083776	629682176	python3*17 ZMQbg/Reaper*3 ZMQbg/IO/0*3 
2026-09-25T01:00:00+04:00	nx-whole-2	0	523934	488	2	26320896	6004736	uv*1 main2*1 
2026-09-25T01:00:00+04:00	nx-whole-2	0	523963	523934	22	709828608	431579136	ft*18 ZMQbg/Reaper*2 ZMQbg/IO/0*2 
2026-09-25T01:00:00+04:00	nx-whole-2	0	524690	523963	1	12808192	5939200	python3*1 
2026-09-25T01:00:00+04:00	nx-whole-2	0	524693	523963	43	11785629696	663502848	python3*38 pt_gloo_runloop*2 pt_tcpstore_uv*1 cuda0000240000a*1 cuda-EvtHandlr*1 
2026-09-25T01:00:00+04:00	nx-whole-2	0	524694	523963	23	907083776	629682176	python3*17 ZMQbg/Reaper*3 ZMQbg/IO/0*3 
2026-09-25T01:00:13+04:00	nx-whole-2	0	523934	488	2	26320896	6004736	uv*1 main2*1 
2026-09-25T01:00:13+04:00	nx-whole-2	0	523963	523934	22	709828608	431579136	ft*18 ZMQbg/Reaper*2 ZMQbg/IO/0*2 
2026-09-25T01:00:13+04:00	nx-whole-2	0	524690	523963	1	12808192	5939200	python3*1 
2026-09-25T01:00:13+04:00	nx-whole-2	0	524693	523963	43	14105460736	663613440	python3*38 pt_gloo_runloop*2 pt_tcpstore_uv*1 cuda0000240000a*1 cuda-EvtHandlr*1 
2026-09-25T01:00:13+04:00	nx-whole-2	0	524694	523963	23	907083776	629682176	python3*17 ZMQbg/Reaper*3 ZMQbg/IO/0*3 
2026-09-25T01:00:23+04:00	nx-whole-2	0	523934	488	2	26320896	6004736	uv*1 main2*1 
2026-09-25T01:00:23+04:00	nx-whole-2	0	523963	523934	22	709832704	431583232	ft*18 ZMQbg/Reaper*2 ZMQbg/IO/0*2 
2026-09-25T01:00:23+04:00	nx-whole-2	0	524690	523963	1	12808192	5939200	python3*1 
2026-09-25T01:00:23+04:00	nx-whole-2	0	524693	523963	43	16162742272	663695360	python3*38 pt_gloo_runloop*2 pt_tcpstore_uv*1 cuda0000240000a*1 cuda-EvtHandlr*1 
2026-09-25T01:00:23+04:00	nx-whole-2	0	524694	523963	23	907083776	629682176	python3*17 ZMQbg/Reaper*3 ZMQbg/IO/0*3 
2026-09-25T01:00:34+04:00	nx-whole-2	0	523934	488	2	26320896	6004736	uv*1 main2*1 
2026-09-25T01:00:34+04:00	nx-whole-2	0	523963	523934	22	709832704	431583232	ft*18 ZMQbg/Reaper*2 ZMQbg/IO/0*2 
2026-09-25T01:00:34+04:00	nx-whole-2	0	524690	523963	1	12808192	5939200	python3*1 
2026-09-25T01:00:34+04:00	nx-whole-2	0	524693	523963	43	18605125632	663818240	python3*38 pt_gloo_runloop*2 pt_tcpstore_uv*1 cuda0000240000a*1 cuda-EvtHandlr*1 
2026-09-25T01:00:34+04:00	nx-whole-2	0	524694	523963	23	907083776	629682176	python3*17 ZMQbg/Reaper*3 ZMQbg/IO/0*3 
2026-09-25T01:00:47+04:00	nx-whole-2	0	523934	488	2	26320896	6004736	uv*1 main2*1 
2026-09-25T01:00:47+04:00	nx-whole-2	0	523963	523934	22	709832704	431583232	ft*18 ZMQbg/Reaper*2 ZMQbg/IO/0*2 
2026-09-25T01:00:47+04:00	nx-whole-2	0	524690	523963	1	12808192	5939200	python3*1 
2026-09-25T01:00:47+04:00	nx-whole-2	0	524693	523963	42	22117945344	664354816	python3*37 pt_gloo_runloop*2 pt_tcpstore_uv*1 cuda0000240000a*1 cuda-EvtHandlr*1 
2026-09-25T01:00:47+04:00	nx-whole-2	0	524694	523963	23	907083776	629682176	python3*17 ZMQbg/Reaper*3 ZMQbg/IO/0*3 
2026-09-25T01:00:57+04:00	nx-whole-2	0	523934	488	2	26320896	6004736	uv*1 main2*1 
2026-09-25T01:00:57+04:00	nx-whole-2	0	523963	523934	22	709832704	431583232	ft*18 ZMQbg/Reaper*2 ZMQbg/IO/0*2 
2026-09-25T01:00:57+04:00	nx-whole-2	0	524690	523963	1	12808192	5939200	python3*1 
2026-09-25T01:00:57+04:00	nx-whole-2	0	524693	523963	42	22182305792	664387584	python3*37 pt_gloo_runloop*2 pt_tcpstore_uv*1 cuda0000240000a*1 cuda-EvtHandlr*1 
2026-09-25T01:00:58+04:00	nx-whole-2	0	524694	523963	23	907083776	629682176	python3*17 ZMQbg/Reaper*3 ZMQbg/IO/0*3 
2026-09-25T01:01:08+04:00	nx-whole-2	0	523934	488	2	26320896	6004736	uv*1 main2*1 
2026-09-25T01:01:08+04:00	nx-whole-2	0	523963	523934	22	709832704	431583232	ft*18 ZMQbg/Reaper*2 ZMQbg/IO/0*2 
2026-09-25T01:01:08+04:00	nx-whole-2	0	524690	523963	1	12808192	5939200	python3*1 
2026-09-25T01:01:08+04:00	nx-whole-2	0	524693	523963	41	18817536000	1658327040	python3*36 pt_gloo_runloop*2 pt_tcpstore_uv*1 cuda0000240000a*1 cuda-EvtHandlr*1 
2026-09-25T01:01:08+04:00	nx-whole-2	0	524694	523963	23	907083776	629682176	python3*17 ZMQbg/Reaper*3 ZMQbg/IO/0*3 
2026-09-25T01:01:20+04:00	nx-whole-2	0	523934	488	2	26320896	6004736	uv*1 main2*1 
2026-09-25T01:01:20+04:00	nx-whole-2	0	523963	523934	40	956301312	672661504	ft*36 ZMQbg/Reaper*2 ZMQbg/IO/0*2 
2026-09-25T01:01:21+04:00	nx-whole-2	0	524690	523963	1	12808192	5939200	python3*1 
2026-09-25T01:01:21+04:00	nx-whole-2	0	524693	523963	45	19076263936	1910456320	python3*36 pt_gloo_runloop*2 ZMQbg/Reaper*2 ZMQbg/IO/0*2 pt_tcpstore_uv*1 cuda0000240000a*1 
2026-09-25T01:01:21+04:00	nx-whole-2	0	524694	523963	39	910303232	630173696	python3*33 ZMQbg/Reaper*3 ZMQbg/IO/0*3 
2026-09-25T01:01:31+04:00	nx-whole-2	0	523934	488	2	26320896	6004736	uv*1 main2*1 
2026-09-25T01:01:31+04:00	nx-whole-2	0	523963	523934	40	956301312	672661504	ft*36 ZMQbg/Reaper*2 ZMQbg/IO/0*2 
2026-09-25T01:01:31+04:00	nx-whole-2	0	524690	523963	1	12808192	5939200	python3*1 
2026-09-25T01:01:31+04:00	nx-whole-2	0	524693	523963	45	19076263936	1910456320	python3*36 pt_gloo_runloop*2 ZMQbg/Reaper*2 ZMQbg/IO/0*2 pt_tcpstore_uv*1 cuda0000240000a*1 
2026-09-25T01:01:31+04:00	nx-whole-2	0	524694	523963	39	910303232	630173696	python3*33 ZMQbg/Reaper*3 ZMQbg/IO/0*3 
2026-09-25T01:01:41+04:00	nx-whole-2	0	523934	488	2	26320896	6004736	uv*1 main2*1 
2026-09-25T01:01:41+04:00	nx-whole-2	0	523963	523934	40	956325888	672686080	ft*36 ZMQbg/Reaper*2 ZMQbg/IO/0*2 
2026-09-25T01:01:41+04:00	nx-whole-2	0	524690	523963	1	12808192	5939200	python3*1 
2026-09-25T01:01:41+04:00	nx-whole-2	0	524693	523963	45	19076268032	1910460416	python3*36 pt_gloo_runloop*2 ZMQbg/Reaper*2 ZMQbg/IO/0*2 pt_tcpstore_uv*1 cuda0000240000a*1 
2026-09-25T01:01:42+04:00	nx-whole-2	0	524694	523963	39	910319616	630190080	python3*33 ZMQbg/Reaper*3 ZMQbg/IO/0*3 
2026-09-25T01:01:55+04:00	nx-whole-2	1	523934	488	2	26320896	6004736	uv*1 main2*1 
2026-09-25T01:01:55+04:00	nx-whole-2	1	523963	523934	58	956645376	673005568	ft*52 ZMQbg/Reaper*3 ZMQbg/IO/0*3 
2026-09-25T01:01:55+04:00	nx-whole-2	1	524690	523963	1	12808192	5939200	python3*1 
2026-09-25T01:01:55+04:00	nx-whole-2	1	524693	523963	45	19076554752	1910747136	python3*36 pt_gloo_runloop*2 ZMQbg/Reaper*2 ZMQbg/IO/0*2 pt_tcpstore_uv*1 cuda0000240000a*1 
2026-09-25T01:01:55+04:00	nx-whole-2	1	524694	523963	57	910991360	630861824	python3*49 ZMQbg/Reaper*4 ZMQbg/IO/0*4 
2026-09-25T01:02:05+04:00	nx-whole-2	3	523934	488	2	26320896	6004736	uv*1 main2*1 
2026-09-25T01:02:05+04:00	nx-whole-2	3	523963	523934	58	956653568	673013760	ft*52 ZMQbg/Reaper*3 ZMQbg/IO/0*3 
2026-09-25T01:02:05+04:00	nx-whole-2	3	524690	523963	1	12808192	5939200	python3*1 
2026-09-25T01:02:05+04:00	nx-whole-2	3	524693	523963	45	19076599808	1909866496	python3*36 pt_gloo_runloop*2 ZMQbg/Reaper*2 ZMQbg/IO/0*2 pt_tcpstore_uv*1 cuda0000240000a*1 
2026-09-25T01:02:06+04:00	nx-whole-2	3	524694	523963	57	910995456	630865920	python3*49 ZMQbg/Reaper*4 ZMQbg/IO/0*4 
2026-09-25T01:02:16+04:00	nx-whole-2	4	523934	488	2	26320896	6004736	uv*1 main2*1 
2026-09-25T01:02:16+04:00	nx-whole-2	4	523963	523934	60	992817152	702431232	ft*53 ZMQbg/Reaper*3 ZMQbg/IO/0*3 cuda0000a40002a*1 
2026-09-25T01:02:16+04:00	nx-whole-2	4	524690	523963	1	12808192	5939200	python3*1 
2026-09-25T01:02:16+04:00	nx-whole-2	4	524693	523963	45	19076775936	1910042624	python3*36 pt_gloo_runloop*2 ZMQbg/Reaper*2 ZMQbg/IO/0*2 pt_tcpstore_uv*1 cuda0000240000a*1 
2026-09-25T01:02:16+04:00	nx-whole-2	4	524694	523963	57	910995456	630865920	python3*49 ZMQbg/Reaper*4 ZMQbg/IO/0*4 
2026-09-25T01:03:11+04:00	nx-mirror-2	0	545085	488	3	27090944	6029312	uv*1 tokio-rt-worker*1 main2*1 
2026-09-25T01:03:11+04:00	nx-mirror-2	0	545101	545085	22	710623232	431575040	ft*18 ZMQbg/Reaper*2 ZMQbg/IO/0*2 
2026-09-25T01:03:11+04:00	nx-mirror-2	0	545233	545101	1	12804096	5939200	python3*1 
2026-09-25T01:03:11+04:00	nx-mirror-2	0	545234	545101	25	9344544768	7544848384	python3*20 pt_gloo_runloop*2 pt_tcpstore_uv*1 cuda0000240000a*1 cuda-EvtHandlr*1 
2026-09-25T01:03:11+04:00	nx-mirror-2	0	545235	545101	23	901627904	629682176	python3*17 ZMQbg/Reaper*3 ZMQbg/IO/0*3 
2026-09-25T01:03:21+04:00	nx-mirror-2	0	545085	488	2	27222016	6029312	uv*1 main2*1 
2026-09-25T01:03:21+04:00	nx-mirror-2	0	545101	545085	22	710623232	431575040	ft*18 ZMQbg/Reaper*2 ZMQbg/IO/0*2 
2026-09-25T01:03:21+04:00	nx-mirror-2	0	545233	545101	1	12804096	5939200	python3*1 
2026-09-25T01:03:21+04:00	nx-mirror-2	0	545234	545101	26	13049528320	11155939328	python3*21 pt_gloo_runloop*2 pt_tcpstore_uv*1 cuda0000240000a*1 cuda-EvtHandlr*1 
2026-09-25T01:03:21+04:00	nx-mirror-2	0	545235	545101	23	901627904	629682176	python3*17 ZMQbg/Reaper*3 ZMQbg/IO/0*3 
2026-09-25T01:03:31+04:00	nx-mirror-2	0	545085	488	2	27222016	6029312	uv*1 main2*1 
2026-09-25T01:03:32+04:00	nx-mirror-2	0	545101	545085	22	710623232	431575040	ft*18 ZMQbg/Reaper*2 ZMQbg/IO/0*2 
2026-09-25T01:03:32+04:00	nx-mirror-2	0	545233	545101	1	12804096	5939200	python3*1 
2026-09-25T01:03:32+04:00	nx-mirror-2	0	545234	545101	26	12398039040	11797475328	python3*21 pt_gloo_runloop*2 pt_tcpstore_uv*1 cuda0000240000a*1 cuda-EvtHandlr*1 
2026-09-25T01:03:32+04:00	nx-mirror-2	0	545235	545101	23	901627904	629682176	python3*17 ZMQbg/Reaper*3 ZMQbg/IO/0*3 
2026-09-25T01:03:45+04:00	nx-mirror-2	0	545085	488	2	27222016	6029312	uv*1 main2*1 
2026-09-25T01:03:45+04:00	nx-mirror-2	0	545101	545085	22	710623232	431575040	ft*18 ZMQbg/Reaper*2 ZMQbg/IO/0*2 
2026-09-25T01:03:45+04:00	nx-mirror-2	0	545233	545101	1	12804096	5939200	python3*1 
2026-09-25T01:03:45+04:00	nx-mirror-2	0	545234	545101	26	12578545664	11972411392	python3*21 pt_gloo_runloop*2 pt_tcpstore_uv*1 cuda0000240000a*1 cuda-EvtHandlr*1 
2026-09-25T01:03:45+04:00	nx-mirror-2	0	545235	545101	23	901627904	629682176	python3*17 ZMQbg/Reaper*3 ZMQbg/IO/0*3 
2026-09-25T01:03:55+04:00	nx-mirror-2	0	545085	488	2	27222016	6029312	uv*1 main2*1 
2026-09-25T01:03:55+04:00	nx-mirror-2	0	545101	545085	23	847495168	568135680	ft*19 ZMQbg/Reaper*2 ZMQbg/IO/0*2 
2026-09-25T01:03:55+04:00	nx-mirror-2	0	545233	545101	1	12804096	5939200	python3*1 
2026-09-25T01:03:55+04:00	nx-mirror-2	0	545234	545101	30	12930498560	12318027776	python3*21 pt_gloo_runloop*2 ZMQbg/Reaper*2 ZMQbg/IO/0*2 pt_tcpstore_uv*1 cuda0000240000a*1 
2026-09-25T01:03:55+04:00	nx-mirror-2	0	545235	545101	23	901718016	629727232	python3*17 ZMQbg/Reaper*3 ZMQbg/IO/0*3 
2026-09-25T01:04:05+04:00	nx-mirror-2	0	545085	488	2	27222016	6029312	uv*1 main2*1 
2026-09-25T01:04:05+04:00	nx-mirror-2	0	545101	545085	39	957079552	672641024	ft*35 ZMQbg/Reaper*2 ZMQbg/IO/0*2 
2026-09-25T01:04:05+04:00	nx-mirror-2	0	545233	545101	1	12804096	5939200	python3*1 
2026-09-25T01:04:05+04:00	nx-mirror-2	0	545234	545101	30	12933824512	12318121984	python3*21 pt_gloo_runloop*2 ZMQbg/Reaper*2 ZMQbg/IO/0*2 pt_tcpstore_uv*1 cuda0000240000a*1 
2026-09-25T01:04:05+04:00	nx-mirror-2	0	545235	545101	39	904855552	630177792	python3*33 ZMQbg/Reaper*3 ZMQbg/IO/0*3 
2026-09-25T01:04:18+04:00	nx-mirror-2	0	545085	488	2	27222016	6029312	uv*1 main2*1 
2026-09-25T01:04:18+04:00	nx-mirror-2	0	545101	545085	39	957079552	672641024	ft*35 ZMQbg/Reaper*2 ZMQbg/IO/0*2 
2026-09-25T01:04:18+04:00	nx-mirror-2	0	545233	545101	1	12804096	5939200	python3*1 
2026-09-25T01:04:18+04:00	nx-mirror-2	0	545234	545101	30	12933824512	12318121984	python3*21 pt_gloo_runloop*2 ZMQbg/Reaper*2 ZMQbg/IO/0*2 pt_tcpstore_uv*1 cuda0000240000a*1 
2026-09-25T01:04:18+04:00	nx-mirror-2	0	545235	545101	39	904855552	630177792	python3*33 ZMQbg/Reaper*3 ZMQbg/IO/0*3 
2026-09-25T01:04:28+04:00	nx-mirror-2	1	545085	488	2	27222016	6029312	uv*1 main2*1 
2026-09-25T01:04:28+04:00	nx-mirror-2	1	545101	545085	57	957423616	672985088	ft*51 ZMQbg/Reaper*3 ZMQbg/IO/0*3 
2026-09-25T01:04:28+04:00	nx-mirror-2	1	545233	545101	1	12804096	5939200	python3*1 
2026-09-25T01:04:28+04:00	nx-mirror-2	1	545234	545101	30	12934115328	12318412800	python3*21 pt_gloo_runloop*2 ZMQbg/Reaper*2 ZMQbg/IO/0*2 pt_tcpstore_uv*1 cuda0000240000a*1 
2026-09-25T01:04:29+04:00	nx-mirror-2	1	545235	545101	57	905543680	630865920	python3*49 ZMQbg/Reaper*4 ZMQbg/IO/0*4 
2026-09-25T01:04:39+04:00	nx-mirror-2	2	545085	488	2	27222016	6029312	uv*1 main2*1 
2026-09-25T01:04:39+04:00	nx-mirror-2	2	545101	545085	57	957423616	672985088	ft*51 ZMQbg/Reaper*3 ZMQbg/IO/0*3 
2026-09-25T01:04:39+04:00	nx-mirror-2	2	545233	545101	1	12804096	5939200	python3*1 
2026-09-25T01:04:39+04:00	nx-mirror-2	2	545234	545101	45	12935299072	12318670848	python3*36 pt_gloo_runloop*2 ZMQbg/Reaper*2 ZMQbg/IO/0*2 pt_tcpstore_uv*1 cuda0000240000a*1 
2026-09-25T01:04:39+04:00	nx-mirror-2	2	545235	545101	57	905543680	630865920	python3*49 ZMQbg/Reaper*4 ZMQbg/IO/0*4 
2026-09-25T01:04:52+04:00	nx-mirror-2	3	545085	488	2	27222016	6029312	uv*1 main2*1 
2026-09-25T01:04:52+04:00	nx-mirror-2	3	545101	545085	57	957423616	672985088	ft*51 ZMQbg/Reaper*3 ZMQbg/IO/0*3 
2026-09-25T01:04:52+04:00	nx-mirror-2	3	545233	545101	1	12804096	5939200	python3*1 
2026-09-25T01:04:52+04:00	nx-mirror-2	3	545234	545101	45	12935299072	12318670848	python3*36 pt_gloo_runloop*2 ZMQbg/Reaper*2 ZMQbg/IO/0*2 pt_tcpstore_uv*1 cuda0000240000a*1 
2026-09-25T01:04:52+04:00	nx-mirror-2	3	545235	545101	57	905543680	630865920	python3*49 ZMQbg/Reaper*4 ZMQbg/IO/0*4 
2026-09-25T01:05:45+04:00	nx-whole-3	0	555450	488	3	26746880	6029312	uv*1 tokio-rt-worker*1 main2*1 
2026-09-25T01:05:45+04:00	nx-whole-3	0	555466	555450	22	710602752	431468544	ft*18 ZMQbg/Reaper*2 ZMQbg/IO/0*2 
2026-09-25T01:05:45+04:00	nx-whole-3	0	555646	555466	1	12775424	5939200	python3*1 
2026-09-25T01:05:45+04:00	nx-whole-3	0	555647	555466	25	1136132096	571199488	python3*20 pt_gloo_runloop*2 pt_tcpstore_uv*1 cuda0000240000a*1 cuda-EvtHandlr*1 
2026-09-25T01:05:46+04:00	nx-whole-3	0	555648	555466	23	901353472	629673984	python3*17 ZMQbg/Reaper*3 ZMQbg/IO/0*3 
2026-09-25T01:05:56+04:00	nx-whole-3	0	555450	488	2	26877952	6029312	uv*1 main2*1 
2026-09-25T01:05:56+04:00	nx-whole-3	0	555466	555450	22	710602752	431468544	ft*18 ZMQbg/Reaper*2 ZMQbg/IO/0*2 
2026-09-25T01:05:56+04:00	nx-whole-3	0	555646	555466	1	12775424	5939200	python3*1 
2026-09-25T01:05:56+04:00	nx-whole-3	0	555647	555466	43	7629643776	663396352	python3*38 pt_gloo_runloop*2 pt_tcpstore_uv*1 cuda0000240000a*1 cuda-EvtHandlr*1 
2026-09-25T01:05:56+04:00	nx-whole-3	0	555648	555466	23	901353472	629673984	python3*17 ZMQbg/Reaper*3 ZMQbg/IO/0*3 
2026-09-25T01:06:06+04:00	nx-whole-3	0	555450	488	2	26877952	6029312	uv*1 main2*1 
2026-09-25T01:06:06+04:00	nx-whole-3	0	555466	555450	22	710602752	431468544	ft*18 ZMQbg/Reaper*2 ZMQbg/IO/0*2 
2026-09-25T01:06:06+04:00	nx-whole-3	0	555646	555466	1	12775424	5939200	python3*1 
2026-09-25T01:06:06+04:00	nx-whole-3	0	555647	555466	43	9965228032	663412736	python3*38 pt_gloo_runloop*2 pt_tcpstore_uv*1 cuda0000240000a*1 cuda-EvtHandlr*1 
2026-09-25T01:06:06+04:00	nx-whole-3	0	555648	555466	23	901353472	629673984	python3*17 ZMQbg/Reaper*3 ZMQbg/IO/0*3 
2026-09-25T01:06:19+04:00	nx-whole-3	0	555450	488	2	26877952	6029312	uv*1 main2*1 
2026-09-25T01:06:19+04:00	nx-whole-3	0	555466	555450	22	710602752	431468544	ft*18 ZMQbg/Reaper*2 ZMQbg/IO/0*2 
2026-09-25T01:06:19+04:00	nx-whole-3	0	555646	555466	1	12775424	5939200	python3*1 
2026-09-25T01:06:19+04:00	nx-whole-3	0	555647	555466	43	12081872896	663502848	python3*38 pt_gloo_runloop*2 pt_tcpstore_uv*1 cuda0000240000a*1 cuda-EvtHandlr*1 
2026-09-25T01:06:20+04:00	nx-whole-3	0	555648	555466	23	901353472	629673984	python3*17 ZMQbg/Reaper*3 ZMQbg/IO/0*3 
2026-09-25T01:06:30+04:00	nx-whole-3	0	555450	488	2	26877952	6029312	uv*1 main2*1 
2026-09-25T01:06:30+04:00	nx-whole-3	0	555466	555450	22	710602752	431468544	ft*18 ZMQbg/Reaper*2 ZMQbg/IO/0*2 
2026-09-25T01:06:30+04:00	nx-whole-3	0	555646	555466	1	12775424	5939200	python3*1 
2026-09-25T01:06:30+04:00	nx-whole-3	0	555647	555466	43	14313426944	663601152	python3*38 pt_gloo_runloop*2 pt_tcpstore_uv*1 cuda0000240000a*1 cuda-EvtHandlr*1 
2026-09-25T01:06:30+04:00	nx-whole-3	0	555648	555466	23	901353472	629673984	python3*17 ZMQbg/Reaper*3 ZMQbg/IO/0*3 
2026-09-25T01:06:40+04:00	nx-whole-3	0	555450	488	2	26877952	6029312	uv*1 main2*1 
2026-09-25T01:06:40+04:00	nx-whole-3	0	555466	555450	22	710606848	431472640	ft*18 ZMQbg/Reaper*2 ZMQbg/IO/0*2 
2026-09-25T01:06:40+04:00	nx-whole-3	0	555646	555466	1	12775424	5939200	python3*1 
2026-09-25T01:06:40+04:00	nx-whole-3	0	555647	555466	43	16885616640	663691264	python3*38 pt_gloo_runloop*2 pt_tcpstore_uv*1 cuda0000240000a*1 cuda-EvtHandlr*1 
2026-09-25T01:06:40+04:00	nx-whole-3	0	555648	555466	23	901353472	629673984	python3*17 ZMQbg/Reaper*3 ZMQbg/IO/0*3 
2026-09-25T01:06:53+04:00	nx-whole-3	0	555450	488	2	26877952	6029312	uv*1 main2*1 
2026-09-25T01:06:53+04:00	nx-whole-3	0	555466	555450	22	710606848	431472640	ft*18 ZMQbg/Reaper*2 ZMQbg/IO/0*2 
2026-09-25T01:06:53+04:00	nx-whole-3	0	555646	555466	1	12775424	5939200	python3*1 
2026-09-25T01:06:53+04:00	nx-whole-3	0	555647	555466	43	22526705664	664309760	python3*38 pt_gloo_runloop*2 pt_tcpstore_uv*1 cuda0000240000a*1 cuda-EvtHandlr*1 
2026-09-25T01:06:53+04:00	nx-whole-3	0	555648	555466	23	901353472	629673984	python3*17 ZMQbg/Reaper*3 ZMQbg/IO/0*3 
2026-09-25T01:07:03+04:00	nx-whole-3	0	555450	488	2	26877952	6029312	uv*1 main2*1 
2026-09-25T01:07:03+04:00	nx-whole-3	0	555466	555450	22	710606848	431472640	ft*18 ZMQbg/Reaper*2 ZMQbg/IO/0*2 
2026-09-25T01:07:03+04:00	nx-whole-3	0	555646	555466	1	12775424	5939200	python3*1 
2026-09-25T01:07:03+04:00	nx-whole-3	0	555647	555466	41	19182743552	744148992	python3*36 pt_gloo_runloop*2 pt_tcpstore_uv*1 cuda0000240000a*1 cuda-EvtHandlr*1 
2026-09-25T01:07:04+04:00	nx-whole-3	0	555648	555466	23	901353472	629673984	python3*17 ZMQbg/Reaper*3 ZMQbg/IO/0*3 
2026-09-25T01:07:14+04:00	nx-whole-3	0	555450	488	2	26877952	6029312	uv*1 main2*1 
2026-09-25T01:07:14+04:00	nx-whole-3	0	555466	555450	39	957059072	672534528	ft*35 ZMQbg/Reaper*2 ZMQbg/IO/0*2 
2026-09-25T01:07:14+04:00	nx-whole-3	0	555646	555466	1	12775424	5939200	python3*1 
2026-09-25T01:07:14+04:00	nx-whole-3	0	555647	555466	45	19068461056	1907634176	python3*36 pt_gloo_runloop*2 ZMQbg/Reaper*2 ZMQbg/IO/0*2 pt_tcpstore_uv*1 cuda0000240000a*1 
2026-09-25T01:07:14+04:00	nx-whole-3	0	555648	555466	39	904609792	630169600	python3*33 ZMQbg/Reaper*3 ZMQbg/IO/0*3 
2026-09-25T01:07:27+04:00	nx-whole-3	0	555450	488	2	26877952	6029312	uv*1 main2*1 
2026-09-25T01:07:27+04:00	nx-whole-3	0	555466	555450	39	957059072	672534528	ft*35 ZMQbg/Reaper*2 ZMQbg/IO/0*2 
2026-09-25T01:07:27+04:00	nx-whole-3	0	555646	555466	1	12775424	5939200	python3*1 
2026-09-25T01:07:27+04:00	nx-whole-3	0	555647	555466	45	19068461056	1907634176	python3*36 pt_gloo_runloop*2 ZMQbg/Reaper*2 ZMQbg/IO/0*2 pt_tcpstore_uv*1 cuda0000240000a*1 
2026-09-25T01:07:27+04:00	nx-whole-3	0	555648	555466	39	904609792	630169600	python3*33 ZMQbg/Reaper*3 ZMQbg/IO/0*3 
2026-09-25T01:07:37+04:00	nx-whole-3	0	555450	488	2	26877952	6029312	uv*1 main2*1 
2026-09-25T01:07:37+04:00	nx-whole-3	0	555466	555450	39	957063168	672538624	ft*35 ZMQbg/Reaper*2 ZMQbg/IO/0*2 
2026-09-25T01:07:37+04:00	nx-whole-3	0	555646	555466	1	12775424	5939200	python3*1 
2026-09-25T01:07:37+04:00	nx-whole-3	0	555647	555466	45	19068461056	1907634176	python3*36 pt_gloo_runloop*2 ZMQbg/Reaper*2 ZMQbg/IO/0*2 pt_tcpstore_uv*1 cuda0000240000a*1 
2026-09-25T01:07:37+04:00	nx-whole-3	0	555648	555466	39	904617984	630177792	python3*33 ZMQbg/Reaper*3 ZMQbg/IO/0*3 
2026-09-25T01:07:47+04:00	nx-whole-3	1	555450	488	2	26877952	6029312	uv*1 main2*1 
2026-09-25T01:07:47+04:00	nx-whole-3	1	555466	555450	57	957403136	672878592	ft*51 ZMQbg/Reaper*3 ZMQbg/IO/0*3 
2026-09-25T01:07:47+04:00	nx-whole-3	1	555646	555466	1	12775424	5939200	python3*1 
2026-09-25T01:07:47+04:00	nx-whole-3	1	555647	555466	45	19068751872	1907924992	python3*36 pt_gloo_runloop*2 ZMQbg/Reaper*2 ZMQbg/IO/0*2 pt_tcpstore_uv*1 cuda0000240000a*1 
2026-09-25T01:07:48+04:00	nx-whole-3	1	555648	555466	57	905314304	630874112	python3*49 ZMQbg/Reaper*4 ZMQbg/IO/0*4 
2026-09-25T01:08:00+04:00	nx-whole-3	3	555450	488	2	26877952	6029312	uv*1 main2*1 
2026-09-25T01:08:00+04:00	nx-whole-3	3	555466	555450	57	957411328	672886784	ft*51 ZMQbg/Reaper*3 ZMQbg/IO/0*3 
2026-09-25T01:08:00+04:00	nx-whole-3	3	555646	555466	1	12775424	5939200	python3*1 
2026-09-25T01:08:00+04:00	nx-whole-3	3	555647	555466	45	19069632512	1907879936	python3*36 pt_gloo_runloop*2 ZMQbg/Reaper*2 ZMQbg/IO/0*2 pt_tcpstore_uv*1 cuda0000240000a*1 
2026-09-25T01:08:01+04:00	nx-whole-3	3	555648	555466	57	905314304	630874112	python3*49 ZMQbg/Reaper*4 ZMQbg/IO/0*4 
2026-09-25T01:08:11+04:00	nx-whole-3	3	555450	488	2	26877952	6029312	uv*1 main2*1 
2026-09-25T01:08:11+04:00	nx-whole-3	3	555466	555450	57	957411328	672886784	ft*51 ZMQbg/Reaper*3 ZMQbg/IO/0*3 
2026-09-25T01:08:11+04:00	nx-whole-3	3	555646	555466	1	12775424	5939200	python3*1 
2026-09-25T01:08:11+04:00	nx-whole-3	3	555647	555466	45	19069632512	1907879936	python3*36 pt_gloo_runloop*2 ZMQbg/Reaper*2 ZMQbg/IO/0*2 pt_tcpstore_uv*1 cuda0000240000a*1 
2026-09-25T01:08:11+04:00	nx-whole-3	3	555648	555466	57	905314304	630874112	python3*49 ZMQbg/Reaper*4 ZMQbg/IO/0*4 
2026-09-25T01:09:04+04:00	nx-mirror-3	0	568796	488	3	26583040	6041600	uv*1 tokio-rt-worker*1 main2*1 
2026-09-25T01:09:04+04:00	nx-mirror-3	0	568812	568796	22	710557696	431566848	ft*18 ZMQbg/Reaper*2 ZMQbg/IO/0*2 
2026-09-25T01:09:04+04:00	nx-mirror-3	0	569044	568812	1	12783616	5939200	python3*1 
2026-09-25T01:09:04+04:00	nx-mirror-3	0	569045	568812	25	2554261504	691240960	python3*20 pt_gloo_runloop*2 pt_tcpstore_uv*1 cuda0000240000a*1 cuda-EvtHandlr*1 
2026-09-25T01:09:04+04:00	nx-mirror-3	0	569046	568812	23	905134080	629682176	python3*17 ZMQbg/Reaper*3 ZMQbg/IO/0*3 
2026-09-25T01:09:16+04:00	nx-mirror-3	0	568796	488	2	26714112	6041600	uv*1 main2*1 
2026-09-25T01:09:16+04:00	nx-mirror-3	0	568812	568796	22	710557696	431566848	ft*18 ZMQbg/Reaper*2 ZMQbg/IO/0*2 
2026-09-25T01:09:16+04:00	nx-mirror-3	0	569044	568812	1	12783616	5939200	python3*1 
2026-09-25T01:09:16+04:00	nx-mirror-3	0	569045	568812	25	13017751552	11122458624	python3*20 pt_gloo_runloop*2 pt_tcpstore_uv*1 cuda0000240000a*1 cuda-EvtHandlr*1 
2026-09-25T01:09:16+04:00	nx-mirror-3	0	569046	568812	23	905134080	629682176	python3*17 ZMQbg/Reaper*3 ZMQbg/IO/0*3 
2026-09-25T01:09:26+04:00	nx-mirror-3	0	568796	488	2	26714112	6041600	uv*1 main2*1 
2026-09-25T01:09:26+04:00	nx-mirror-3	0	568812	568796	22	710557696	431566848	ft*18 ZMQbg/Reaper*2 ZMQbg/IO/0*2 
2026-09-25T01:09:26+04:00	nx-mirror-3	0	569044	568812	1	12783616	5939200	python3*1 
2026-09-25T01:09:26+04:00	nx-mirror-3	0	569045	568812	26	12402139136	11797446656	python3*21 pt_gloo_runloop*2 pt_tcpstore_uv*1 cuda0000240000a*1 cuda-EvtHandlr*1 
2026-09-25T01:09:27+04:00	nx-mirror-3	0	569046	568812	23	905134080	629682176	python3*17 ZMQbg/Reaper*3 ZMQbg/IO/0*3 
2026-09-25T01:09:37+04:00	nx-mirror-3	0	568796	488	2	26714112	6041600	uv*1 main2*1 
2026-09-25T01:09:37+04:00	nx-mirror-3	0	568812	568796	22	710557696	431566848	ft*18 ZMQbg/Reaper*2 ZMQbg/IO/0*2 
2026-09-25T01:09:37+04:00	nx-mirror-3	0	569044	568812	1	12783616	5939200	python3*1 
2026-09-25T01:09:37+04:00	nx-mirror-3	0	569045	568812	26	12581732352	11971465216	python3*21 pt_gloo_runloop*2 pt_tcpstore_uv*1 cuda0000240000a*1 cuda-EvtHandlr*1 
2026-09-25T01:09:37+04:00	nx-mirror-3	0	569046	568812	23	905134080	629682176	python3*17 ZMQbg/Reaper*3 ZMQbg/IO/0*3 
2026-09-25T01:09:49+04:00	nx-mirror-3	0	568796	488	2	26714112	6041600	uv*1 main2*1 
2026-09-25T01:09:49+04:00	nx-mirror-3	0	568812	568796	22	710557696	431566848	ft*18 ZMQbg/Reaper*2 ZMQbg/IO/0*2 
2026-09-25T01:09:49+04:00	nx-mirror-3	0	569044	568812	1	12783616	5939200	python3*1 
2026-09-25T01:09:49+04:00	nx-mirror-3	0	569045	568812	26	12692541440	12079284224	python3*21 pt_gloo_runloop*2 pt_tcpstore_uv*1 cuda0000240000a*1 cuda-EvtHandlr*1 
2026-09-25T01:09:49+04:00	nx-mirror-3	0	569046	568812	23	905134080	629682176	python3*17 ZMQbg/Reaper*3 ZMQbg/IO/0*3 
2026-09-25T01:10:00+04:00	nx-mirror-3	0	568796	488	2	26714112	6041600	uv*1 main2*1 
2026-09-25T01:10:00+04:00	nx-mirror-3	0	568812	568796	39	957009920	672628736	ft*35 ZMQbg/Reaper*2 ZMQbg/IO/0*2 
2026-09-25T01:10:00+04:00	nx-mirror-3	0	569044	568812	1	12783616	5939200	python3*1 
2026-09-25T01:10:00+04:00	nx-mirror-3	0	569045	568812	30	12937900032	12317995008	python3*21 pt_gloo_runloop*2 ZMQbg/Reaper*2 ZMQbg/IO/0*2 pt_tcpstore_uv*1 cuda0000240000a*1 
2026-09-25T01:10:00+04:00	nx-mirror-3	0	569046	568812	39	908365824	630173696	python3*33 ZMQbg/Reaper*3 ZMQbg/IO/0*3 
2026-09-25T01:10:10+04:00	nx-mirror-3	0	568796	488	2	26714112	6041600	uv*1 main2*1 
2026-09-25T01:10:10+04:00	nx-mirror-3	0	568812	568796	39	957009920	672628736	ft*35 ZMQbg/Reaper*2 ZMQbg/IO/0*2 
2026-09-25T01:10:10+04:00	nx-mirror-3	0	569044	568812	1	12783616	5939200	python3*1 
2026-09-25T01:10:10+04:00	nx-mirror-3	0	569045	568812	30	12937900032	12317995008	python3*21 pt_gloo_runloop*2 ZMQbg/Reaper*2 ZMQbg/IO/0*2 pt_tcpstore_uv*1 cuda0000240000a*1 
2026-09-25T01:10:10+04:00	nx-mirror-3	0	569046	568812	39	908365824	630173696	python3*33 ZMQbg/Reaper*3 ZMQbg/IO/0*3 
2026-09-25T01:10:23+04:00	nx-mirror-3	0	568796	488	2	26714112	6041600	uv*1 main2*1 
2026-09-25T01:10:23+04:00	nx-mirror-3	0	568812	568796	39	957018112	672636928	ft*35 ZMQbg/Reaper*2 ZMQbg/IO/0*2 
2026-09-25T01:10:23+04:00	nx-mirror-3	0	569044	568812	1	12783616	5939200	python3*1 
2026-09-25T01:10:23+04:00	nx-mirror-3	0	569045	568812	30	12937904128	12317999104	python3*21 pt_gloo_runloop*2 ZMQbg/Reaper*2 ZMQbg/IO/0*2 pt_tcpstore_uv*1 cuda0000240000a*1 
2026-09-25T01:10:23+04:00	nx-mirror-3	0	569046	568812	39	908382208	630190080	python3*33 ZMQbg/Reaper*3 ZMQbg/IO/0*3 
2026-09-25T01:10:33+04:00	nx-mirror-3	1	568796	488	2	26714112	6041600	uv*1 main2*1 
2026-09-25T01:10:33+04:00	nx-mirror-3	1	568812	568796	57	957353984	672972800	ft*51 ZMQbg/Reaper*3 ZMQbg/IO/0*3 
2026-09-25T01:10:33+04:00	nx-mirror-3	1	569044	568812	1	12783616	5939200	python3*1 
2026-09-25T01:10:33+04:00	nx-mirror-3	1	569045	568812	30	12938194944	12318289920	python3*21 pt_gloo_runloop*2 ZMQbg/Reaper*2 ZMQbg/IO/0*2 pt_tcpstore_uv*1 cuda0000240000a*1 
2026-09-25T01:10:33+04:00	nx-mirror-3	1	569046	568812	57	909053952	630861824	python3*49 ZMQbg/Reaper*4 ZMQbg/IO/0*4 
2026-09-25T01:10:43+04:00	nx-mirror-3	3	568796	488	2	26714112	6041600	uv*1 main2*1 
2026-09-25T01:10:43+04:00	nx-mirror-3	3	568812	568796	57	957353984	672972800	ft*51 ZMQbg/Reaper*3 ZMQbg/IO/0*3 
2026-09-25T01:10:43+04:00	nx-mirror-3	3	569044	568812	1	12783616	5939200	python3*1 
2026-09-25T01:10:43+04:00	nx-mirror-3	3	569045	568812	45	12939374592	12318543872	python3*36 pt_gloo_runloop*2 ZMQbg/Reaper*2 ZMQbg/IO/0*2 pt_tcpstore_uv*1 cuda0000240000a*1 
2026-09-25T01:10:43+04:00	nx-mirror-3	3	569046	568812	57	909053952	630861824	python3*49 ZMQbg/Reaper*4 ZMQbg/IO/0*4 
2026-09-25T01:10:56+04:00	nx-mirror-3	3	568796	488	2	26714112	6041600	uv*1 main2*1 
2026-09-25T01:10:56+04:00	nx-mirror-3	3	568812	568796	57	957353984	672972800	ft*51 ZMQbg/Reaper*3 ZMQbg/IO/0*3 
2026-09-25T01:10:56+04:00	nx-mirror-3	3	569044	568812	1	12783616	5939200	python3*1 
2026-09-25T01:10:56+04:00	nx-mirror-3	3	569045	568812	45	12939374592	12318543872	python3*36 pt_gloo_runloop*2 ZMQbg/Reaper*2 ZMQbg/IO/0*2 pt_tcpstore_uv*1 cuda0000240000a*1 
2026-09-25T01:10:56+04:00	nx-mirror-3	3	569046	568812	57	909053952	630861824	python3*49 ZMQbg/Reaper*4 ZMQbg/IO/0*4 
2026-09-25T01:12:31+04:00	ck4n-whole-1m	0	583709	488	3	27082752	6045696	uv*1 tokio-rt-worker*1 main2*1 
2026-09-25T01:12:31+04:00	ck4n-whole-1m	0	583725	583709	1	358494208	177831936	ft*1 
2026-09-25T01:12:44+04:00	ck4n-whole-1m	0	583709	488	2	27213824	6045696	uv*1 main2*1 
2026-09-25T01:12:44+04:00	ck4n-whole-1m	0	583725	583709	22	710660096	431558656	ft*18 ZMQbg/Reaper*2 ZMQbg/IO/0*2 
2026-09-25T01:12:44+04:00	ck4n-whole-1m	0	583912	583725	1	12722176	5939200	python3*1 
2026-09-25T01:12:44+04:00	ck4n-whole-1m	0	583913	583725	42	6187544576	663076864	python3*37 pt_gloo_runloop*2 pt_tcpstore_uv*1 cuda0000240000a*1 cuda-EvtHandlr*1 
2026-09-25T01:12:44+04:00	ck4n-whole-1m	0	583914	583725	23	905478144	629706752	python3*17 ZMQbg/Reaper*3 ZMQbg/IO/0*3 
2026-09-25T01:12:54+04:00	ck4n-whole-1m	0	583709	488	2	27213824	6045696	uv*1 main2*1 
2026-09-25T01:12:54+04:00	ck4n-whole-1m	0	583725	583709	22	710660096	431558656	ft*18 ZMQbg/Reaper*2 ZMQbg/IO/0*2 
2026-09-25T01:12:54+04:00	ck4n-whole-1m	0	583912	583725	1	12722176	5939200	python3*1 
2026-09-25T01:12:54+04:00	ck4n-whole-1m	0	583913	583725	43	8709242880	663388160	python3*38 pt_gloo_runloop*2 pt_tcpstore_uv*1 cuda0000240000a*1 cuda-EvtHandlr*1 
2026-09-25T01:12:54+04:00	ck4n-whole-1m	0	583914	583725	23	905478144	629706752	python3*17 ZMQbg/Reaper*3 ZMQbg/IO/0*3 
2026-09-25T01:13:05+04:00	ck4n-whole-1m	0	583709	488	2	27213824	6045696	uv*1 main2*1 
2026-09-25T01:13:05+04:00	ck4n-whole-1m	0	583725	583709	22	710660096	431558656	ft*18 ZMQbg/Reaper*2 ZMQbg/IO/0*2 
2026-09-25T01:13:05+04:00	ck4n-whole-1m	0	583912	583725	1	12722176	5939200	python3*1 
2026-09-25T01:13:05+04:00	ck4n-whole-1m	0	583913	583725	43	11143589888	663486464	python3*38 pt_gloo_runloop*2 pt_tcpstore_uv*1 cuda0000240000a*1 cuda-EvtHandlr*1 
2026-09-25T01:13:05+04:00	ck4n-whole-1m	0	583914	583725	23	905478144	629706752	python3*17 ZMQbg/Reaper*3 ZMQbg/IO/0*3 
2026-09-25T01:13:17+04:00	ck4n-whole-1m	0	583709	488	2	27213824	6045696	uv*1 main2*1 
2026-09-25T01:13:17+04:00	ck4n-whole-1m	0	583725	583709	22	710660096	431558656	ft*18 ZMQbg/Reaper*2 ZMQbg/IO/0*2 
2026-09-25T01:13:17+04:00	ck4n-whole-1m	0	583912	583725	1	12722176	5939200	python3*1 
2026-09-25T01:13:17+04:00	ck4n-whole-1m	0	583913	583725	43	13639663616	663605248	python3*38 pt_gloo_runloop*2 pt_tcpstore_uv*1 cuda0000240000a*1 cuda-EvtHandlr*1 
2026-09-25T01:13:18+04:00	ck4n-whole-1m	0	583914	583725	23	905478144	629706752	python3*17 ZMQbg/Reaper*3 ZMQbg/IO/0*3 
2026-09-25T01:13:28+04:00	ck4n-whole-1m	0	583709	488	2	27213824	6045696	uv*1 main2*1 
2026-09-25T01:13:28+04:00	ck4n-whole-1m	0	583725	583709	22	710660096	431558656	ft*18 ZMQbg/Reaper*2 ZMQbg/IO/0*2 
2026-09-25T01:13:28+04:00	ck4n-whole-1m	0	583912	583725	1	12722176	5939200	python3*1 
2026-09-25T01:13:28+04:00	ck4n-whole-1m	0	583913	583725	41	19099598848	661475328	python3*36 pt_gloo_runloop*2 pt_tcpstore_uv*1 cuda0000240000a*1 cuda-EvtHandlr*1 
2026-09-25T01:13:28+04:00	ck4n-whole-1m	0	583914	583725	23	905478144	629706752	python3*17 ZMQbg/Reaper*3 ZMQbg/IO/0*3 
2026-09-25T01:13:38+04:00	ck4n-whole-1m	0	583709	488	2	27213824	6045696	uv*1 main2*1 
2026-09-25T01:13:38+04:00	ck4n-whole-1m	0	583725	583709	39	957095936	672604160	ft*35 ZMQbg/Reaper*2 ZMQbg/IO/0*2 
2026-09-25T01:13:38+04:00	ck4n-whole-1m	0	583912	583725	1	12722176	5939200	python3*1 
2026-09-25T01:13:38+04:00	ck4n-whole-1m	0	583913	583725	45	19071033344	1907630080	python3*36 pt_gloo_runloop*2 ZMQbg/Reaper*2 ZMQbg/IO/0*2 pt_tcpstore_uv*1 cuda0000240000a*1 
2026-09-25T01:13:38+04:00	ck4n-whole-1m	0	583914	583725	39	908701696	630190080	python3*33 ZMQbg/Reaper*3 ZMQbg/IO/0*3 
2026-09-25T01:13:52+04:00	ck4n-whole-1m	0	583709	488	2	27213824	6045696	uv*1 main2*1 
2026-09-25T01:13:52+04:00	ck4n-whole-1m	0	583725	583709	39	957104128	672612352	ft*35 ZMQbg/Reaper*2 ZMQbg/IO/0*2 
2026-09-25T01:13:52+04:00	ck4n-whole-1m	0	583912	583725	1	12722176	5939200	python3*1 
2026-09-25T01:13:52+04:00	ck4n-whole-1m	0	583913	583725	45	19071807488	1907634176	python3*36 pt_gloo_runloop*2 ZMQbg/Reaper*2 ZMQbg/IO/0*2 pt_tcpstore_uv*1 cuda0000240000a*1 
2026-09-25T01:13:52+04:00	ck4n-whole-1m	0	583914	583725	39	908709888	630198272	python3*33 ZMQbg/Reaper*3 ZMQbg/IO/0*3 
2026-09-25T01:14:02+04:00	ck4n-whole-1m	0	583709	488	2	27213824	6045696	uv*1 main2*1 
2026-09-25T01:14:02+04:00	ck4n-whole-1m	0	583725	583709	39	957104128	672612352	ft*35 ZMQbg/Reaper*2 ZMQbg/IO/0*2 
2026-09-25T01:14:02+04:00	ck4n-whole-1m	0	583912	583725	1	12722176	5939200	python3*1 
2026-09-25T01:14:02+04:00	ck4n-whole-1m	0	583913	583725	45	19071807488	1907634176	python3*36 pt_gloo_runloop*2 ZMQbg/Reaper*2 ZMQbg/IO/0*2 pt_tcpstore_uv*1 cuda0000240000a*1 
2026-09-25T01:14:02+04:00	ck4n-whole-1m	0	583914	583725	39	908709888	630198272	python3*33 ZMQbg/Reaper*3 ZMQbg/IO/0*3 
2026-09-25T01:14:12+04:00	ck4n-whole-1m	1	583709	488	2	27213824	6045696	uv*1 main2*1 
2026-09-25T01:14:12+04:00	ck4n-whole-1m	1	583725	583709	57	1139810304	855318528	ft*51 ZMQbg/Reaper*3 ZMQbg/IO/0*3 
2026-09-25T01:14:12+04:00	ck4n-whole-1m	1	583912	583725	1	12722176	5939200	python3*1 
2026-09-25T01:14:12+04:00	ck4n-whole-1m	1	583913	583725	45	19075776512	1911603200	python3*36 pt_gloo_runloop*2 ZMQbg/Reaper*2 ZMQbg/IO/0*2 pt_tcpstore_uv*1 cuda0000240000a*1 
2026-09-25T01:14:13+04:00	ck4n-whole-1m	1	583914	583725	57	1241010176	962498560	python3*49 ZMQbg/Reaper*4 ZMQbg/IO/0*4 
2026-09-25T01:14:25+04:00	ck4n-whole-1m	1	583709	488	2	27213824	6045696	uv*1 main2*1 
2026-09-25T01:14:25+04:00	ck4n-whole-1m	1	583725	583709	57	1139806208	855318528	ft*51 ZMQbg/Reaper*3 ZMQbg/IO/0*3 
2026-09-25T01:14:25+04:00	ck4n-whole-1m	1	583912	583725	1	12722176	5939200	python3*1 
2026-09-25T01:14:25+04:00	ck4n-whole-1m	1	583913	583725	45	19075772416	1911603200	python3*36 pt_gloo_runloop*2 ZMQbg/Reaper*2 ZMQbg/IO/0*2 pt_tcpstore_uv*1 cuda0000240000a*1 
2026-09-25T01:14:26+04:00	ck4n-whole-1m	1	583914	583725	57	1241006080	962498560	python3*49 ZMQbg/Reaper*4 ZMQbg/IO/0*4 
2026-09-25T01:14:36+04:00	ck4n-whole-1m	1	583709	488	2	27213824	6045696	uv*1 main2*1 
2026-09-25T01:14:36+04:00	ck4n-whole-1m	1	583725	583709	57	1139806208	855318528	ft*51 ZMQbg/Reaper*3 ZMQbg/IO/0*3 
2026-09-25T01:14:36+04:00	ck4n-whole-1m	1	583912	583725	1	12722176	5939200	python3*1 
2026-09-25T01:14:36+04:00	ck4n-whole-1m	1	583913	583725	45	19075772416	1911603200	python3*36 pt_gloo_runloop*2 ZMQbg/Reaper*2 ZMQbg/IO/0*2 pt_tcpstore_uv*1 cuda0000240000a*1 
2026-09-25T01:14:36+04:00	ck4n-whole-1m	1	583914	583725	57	1241006080	962498560	python3*49 ZMQbg/Reaper*4 ZMQbg/IO/0*4 
2026-09-25T01:14:46+04:00	ck4n-whole-1m	1	583709	488	2	27213824	6045696	uv*1 main2*1 
2026-09-25T01:14:46+04:00	ck4n-whole-1m	1	583725	583709	57	1139806208	855318528	ft*51 ZMQbg/Reaper*3 ZMQbg/IO/0*3 
2026-09-25T01:14:46+04:00	ck4n-whole-1m	1	583912	583725	1	12722176	5939200	python3*1 
2026-09-25T01:14:46+04:00	ck4n-whole-1m	1	583913	583725	45	19075772416	1911603200	python3*36 pt_gloo_runloop*2 ZMQbg/Reaper*2 ZMQbg/IO/0*2 pt_tcpstore_uv*1 cuda0000240000a*1 
2026-09-25T01:14:46+04:00	ck4n-whole-1m	1	583914	583725	57	1241006080	962498560	python3*49 ZMQbg/Reaper*4 ZMQbg/IO/0*4 
2026-09-25T01:14:58+04:00	ck4n-whole-1m	1	583709	488	2	27213824	6045696	uv*1 main2*1 
2026-09-25T01:14:58+04:00	ck4n-whole-1m	1	583725	583709	57	1139806208	855318528	ft*51 ZMQbg/Reaper*3 ZMQbg/IO/0*3 
2026-09-25T01:14:58+04:00	ck4n-whole-1m	1	583912	583725	1	12722176	5939200	python3*1 
2026-09-25T01:14:58+04:00	ck4n-whole-1m	1	583913	583725	45	19075772416	1911603200	python3*36 pt_gloo_runloop*2 ZMQbg/Reaper*2 ZMQbg/IO/0*2 pt_tcpstore_uv*1 cuda0000240000a*1 
2026-09-25T01:14:58+04:00	ck4n-whole-1m	1	583914	583725	57	1241006080	962498560	python3*49 ZMQbg/Reaper*4 ZMQbg/IO/0*4 
2026-09-25T01:15:08+04:00	ck4n-whole-1m	1	583709	488	2	27213824	6045696	uv*1 main2*1 
2026-09-25T01:15:08+04:00	ck4n-whole-1m	1	583725	583709	57	1139740672	855318528	ft*51 ZMQbg/Reaper*3 ZMQbg/IO/0*3 
2026-09-25T01:15:08+04:00	ck4n-whole-1m	1	583912	583725	1	12722176	5939200	python3*1 
2026-09-25T01:15:09+04:00	ck4n-whole-1m	1	583913	583725	45	19075674112	1911603200	python3*36 pt_gloo_runloop*2 ZMQbg/Reaper*2 ZMQbg/IO/0*2 pt_tcpstore_uv*1 cuda0000240000a*1 
2026-09-25T01:15:09+04:00	ck4n-whole-1m	1	583914	583725	57	1240940544	962498560	python3*49 ZMQbg/Reaper*4 ZMQbg/IO/0*4 
2026-09-25T01:15:19+04:00	ck4n-whole-1m	1	583709	488	2	27213824	6045696	uv*1 main2*1 
2026-09-25T01:15:19+04:00	ck4n-whole-1m	1	583725	583709	57	1139740672	855318528	ft*51 ZMQbg/Reaper*3 ZMQbg/IO/0*3 
2026-09-25T01:15:19+04:00	ck4n-whole-1m	1	583912	583725	1	12722176	5939200	python3*1 
2026-09-25T01:15:19+04:00	ck4n-whole-1m	1	583913	583725	45	19075674112	1911603200	python3*36 pt_gloo_runloop*2 ZMQbg/Reaper*2 ZMQbg/IO/0*2 pt_tcpstore_uv*1 cuda0000240000a*1 
2026-09-25T01:15:19+04:00	ck4n-whole-1m	1	583914	583725	57	1240940544	962498560	python3*49 ZMQbg/Reaper*4 ZMQbg/IO/0*4 
2026-09-25T01:15:32+04:00	ck4n-whole-1m	1	583709	488	2	27213824	6045696	uv*1 main2*1 
2026-09-25T01:15:32+04:00	ck4n-whole-1m	1	583725	583709	57	1139740672	855318528	ft*51 ZMQbg/Reaper*3 ZMQbg/IO/0*3 
2026-09-25T01:15:32+04:00	ck4n-whole-1m	1	583912	583725	1	12722176	5939200	python3*1 
2026-09-25T01:15:32+04:00	ck4n-whole-1m	1	583913	583725	45	19075674112	1911603200	python3*36 pt_gloo_runloop*2 ZMQbg/Reaper*2 ZMQbg/IO/0*2 pt_tcpstore_uv*1 cuda0000240000a*1 
2026-09-25T01:15:32+04:00	ck4n-whole-1m	1	583914	583725	57	1240940544	962498560	python3*49 ZMQbg/Reaper*4 ZMQbg/IO/0*4 
2026-09-25T01:15:42+04:00	ck4n-whole-1m	1	583709	488	2	27213824	6045696	uv*1 main2*1 
2026-09-25T01:15:42+04:00	ck4n-whole-1m	1	583725	583709	57	1139740672	855318528	ft*51 ZMQbg/Reaper*3 ZMQbg/IO/0*3 
2026-09-25T01:15:42+04:00	ck4n-whole-1m	1	583912	583725	1	12722176	5939200	python3*1 
2026-09-25T01:15:42+04:00	ck4n-whole-1m	1	583913	583725	45	19075674112	1911603200	python3*36 pt_gloo_runloop*2 ZMQbg/Reaper*2 ZMQbg/IO/0*2 pt_tcpstore_uv*1 cuda0000240000a*1 
2026-09-25T01:15:42+04:00	ck4n-whole-1m	1	583914	583725	57	1240940544	962498560	python3*49 ZMQbg/Reaper*4 ZMQbg/IO/0*4 
2026-09-25T01:15:52+04:00	ck4n-whole-1m	1	583709	488	2	27213824	6045696	uv*1 main2*1 
2026-09-25T01:15:52+04:00	ck4n-whole-1m	1	583725	583709	57	1139740672	855318528	ft*51 ZMQbg/Reaper*3 ZMQbg/IO/0*3 
2026-09-25T01:15:52+04:00	ck4n-whole-1m	1	583912	583725	1	12722176	5939200	python3*1 
2026-09-25T01:15:52+04:00	ck4n-whole-1m	1	583913	583725	45	19075674112	1911603200	python3*36 pt_gloo_runloop*2 ZMQbg/Reaper*2 ZMQbg/IO/0*2 pt_tcpstore_uv*1 cuda0000240000a*1 
2026-09-25T01:15:52+04:00	ck4n-whole-1m	1	583914	583725	57	1240940544	962498560	python3*49 ZMQbg/Reaper*4 ZMQbg/IO/0*4 
2026-09-25T01:16:05+04:00	ck4n-whole-1m	1	583709	488	2	27213824	6045696	uv*1 main2*1 
2026-09-25T01:16:05+04:00	ck4n-whole-1m	1	583725	583709	57	1139744768	855322624	ft*51 ZMQbg/Reaper*3 ZMQbg/IO/0*3 
2026-09-25T01:16:05+04:00	ck4n-whole-1m	1	583912	583725	1	12722176	5939200	python3*1 
2026-09-25T01:16:05+04:00	ck4n-whole-1m	1	583913	583725	45	19075674112	1911603200	python3*36 pt_gloo_runloop*2 ZMQbg/Reaper*2 ZMQbg/IO/0*2 pt_tcpstore_uv*1 cuda0000240000a*1 
2026-09-25T01:16:05+04:00	ck4n-whole-1m	1	583914	583725	57	1240940544	962498560	python3*49 ZMQbg/Reaper*4 ZMQbg/IO/0*4 
2026-09-25T01:16:15+04:00	ck4n-whole-1m	1	583709	488	2	27213824	6045696	uv*1 main2*1 
2026-09-25T01:16:15+04:00	ck4n-whole-1m	1	583725	583709	57	1139744768	855322624	ft*51 ZMQbg/Reaper*3 ZMQbg/IO/0*3 
2026-09-25T01:16:15+04:00	ck4n-whole-1m	1	583912	583725	1	12722176	5939200	python3*1 
2026-09-25T01:16:15+04:00	ck4n-whole-1m	1	583913	583725	45	19075674112	1911603200	python3*36 pt_gloo_runloop*2 ZMQbg/Reaper*2 ZMQbg/IO/0*2 pt_tcpstore_uv*1 cuda0000240000a*1 
2026-09-25T01:16:16+04:00	ck4n-whole-1m	1	583914	583725	57	1240940544	962498560	python3*49 ZMQbg/Reaper*4 ZMQbg/IO/0*4 
2026-09-25T01:16:26+04:00	ck4n-whole-1m	1	583709	488	2	27213824	6045696	uv*1 main2*1 
2026-09-25T01:16:26+04:00	ck4n-whole-1m	1	583725	583709	57	1139744768	855322624	ft*51 ZMQbg/Reaper*3 ZMQbg/IO/0*3 
2026-09-25T01:16:26+04:00	ck4n-whole-1m	1	583912	583725	1	12722176	5939200	python3*1 
2026-09-25T01:16:26+04:00	ck4n-whole-1m	1	583913	583725	45	19075674112	1911603200	python3*36 pt_gloo_runloop*2 ZMQbg/Reaper*2 ZMQbg/IO/0*2 pt_tcpstore_uv*1 cuda0000240000a*1 
2026-09-25T01:16:26+04:00	ck4n-whole-1m	1	583914	583725	57	1240940544	962498560	python3*49 ZMQbg/Reaper*4 ZMQbg/IO/0*4 
2026-09-25T01:16:36+04:00	ck4n-whole-1m	1	583709	488	2	27213824	6045696	uv*1 main2*1 
2026-09-25T01:16:36+04:00	ck4n-whole-1m	1	583725	583709	57	1139744768	855322624	ft*51 ZMQbg/Reaper*3 ZMQbg/IO/0*3 
2026-09-25T01:16:36+04:00	ck4n-whole-1m	1	583912	583725	1	12722176	5939200	python3*1 
2026-09-25T01:16:36+04:00	ck4n-whole-1m	1	583913	583725	45	19075674112	1911603200	python3*36 pt_gloo_runloop*2 ZMQbg/Reaper*2 ZMQbg/IO/0*2 pt_tcpstore_uv*1 cuda0000240000a*1 
2026-09-25T01:16:36+04:00	ck4n-whole-1m	1	583914	583725	57	1240940544	962498560	python3*49 ZMQbg/Reaper*4 ZMQbg/IO/0*4 
2026-09-25T01:16:49+04:00	ck4n-whole-1m	1	583709	488	2	27213824	6045696	uv*1 main2*1 
2026-09-25T01:16:49+04:00	ck4n-whole-1m	1	583725	583709	57	1139744768	855322624	ft*51 ZMQbg/Reaper*3 ZMQbg/IO/0*3 
2026-09-25T01:16:49+04:00	ck4n-whole-1m	1	583912	583725	1	12722176	5939200	python3*1 
2026-09-25T01:16:49+04:00	ck4n-whole-1m	1	583913	583725	45	19075674112	1911603200	python3*36 pt_gloo_runloop*2 ZMQbg/Reaper*2 ZMQbg/IO/0*2 pt_tcpstore_uv*1 cuda0000240000a*1 
2026-09-25T01:16:50+04:00	ck4n-whole-1m	1	583914	583725	57	1240940544	962498560	python3*49 ZMQbg/Reaper*4 ZMQbg/IO/0*4 
2026-09-25T01:17:00+04:00	ck4n-whole-1m	1	583709	488	2	27213824	6045696	uv*1 main2*1 
2026-09-25T01:17:00+04:00	ck4n-whole-1m	1	583725	583709	57	1139744768	855322624	ft*51 ZMQbg/Reaper*3 ZMQbg/IO/0*3 
2026-09-25T01:17:00+04:00	ck4n-whole-1m	1	583912	583725	1	12722176	5939200	python3*1 
2026-09-25T01:17:00+04:00	ck4n-whole-1m	1	583913	583725	45	19075674112	1911603200	python3*36 pt_gloo_runloop*2 ZMQbg/Reaper*2 ZMQbg/IO/0*2 pt_tcpstore_uv*1 cuda0000240000a*1 
2026-09-25T01:17:00+04:00	ck4n-whole-1m	1	583914	583725	57	1240940544	962498560	python3*49 ZMQbg/Reaper*4 ZMQbg/IO/0*4 
2026-09-25T01:17:10+04:00	ck4n-whole-1m	1	583709	488	2	27213824	6045696	uv*1 main2*1 
2026-09-25T01:17:10+04:00	ck4n-whole-1m	1	583725	583709	57	1139744768	855322624	ft*51 ZMQbg/Reaper*3 ZMQbg/IO/0*3 
2026-09-25T01:17:10+04:00	ck4n-whole-1m	1	583912	583725	1	12722176	5939200	python3*1 
2026-09-25T01:17:10+04:00	ck4n-whole-1m	1	583913	583725	45	19075674112	1911603200	python3*36 pt_gloo_runloop*2 ZMQbg/Reaper*2 ZMQbg/IO/0*2 pt_tcpstore_uv*1 cuda0000240000a*1 
2026-09-25T01:17:10+04:00	ck4n-whole-1m	1	583914	583725	57	1240940544	962498560	python3*49 ZMQbg/Reaper*4 ZMQbg/IO/0*4 
2026-09-25T01:17:23+04:00	ck4n-whole-1m	1	583709	488	2	27213824	6045696	uv*1 main2*1 
2026-09-25T01:17:23+04:00	ck4n-whole-1m	1	583725	583709	57	1136254976	855322624	ft*51 ZMQbg/Reaper*3 ZMQbg/IO/0*3 
2026-09-25T01:17:23+04:00	ck4n-whole-1m	1	583912	583725	1	12722176	5939200	python3*1 
2026-09-25T01:17:23+04:00	ck4n-whole-1m	1	583913	583725	45	19071209472	1911603200	python3*36 pt_gloo_runloop*2 ZMQbg/Reaper*2 ZMQbg/IO/0*2 pt_tcpstore_uv*1 cuda0000240000a*1 
2026-09-25T01:17:23+04:00	ck4n-whole-1m	1	583914	583725	57	1237454848	962498560	python3*49 ZMQbg/Reaper*4 ZMQbg/IO/0*4 
2026-09-25T01:17:33+04:00	ck4n-whole-1m	1	583709	488	2	27213824	6045696	uv*1 main2*1 
2026-09-25T01:17:33+04:00	ck4n-whole-1m	1	583725	583709	57	1136254976	855322624	ft*51 ZMQbg/Reaper*3 ZMQbg/IO/0*3 
2026-09-25T01:17:33+04:00	ck4n-whole-1m	1	583912	583725	1	12722176	5939200	python3*1 
2026-09-25T01:17:33+04:00	ck4n-whole-1m	1	583913	583725	45	19071209472	1911603200	python3*36 pt_gloo_runloop*2 ZMQbg/Reaper*2 ZMQbg/IO/0*2 pt_tcpstore_uv*1 cuda0000240000a*1 
2026-09-25T01:17:33+04:00	ck4n-whole-1m	1	583914	583725	57	1237454848	962498560	python3*49 ZMQbg/Reaper*4 ZMQbg/IO/0*4 
2026-09-25T01:17:43+04:00	ck4n-whole-1m	1	583709	488	2	27213824	6045696	uv*1 main2*1 
2026-09-25T01:17:43+04:00	ck4n-whole-1m	1	583725	583709	57	1136254976	855322624	ft*51 ZMQbg/Reaper*3 ZMQbg/IO/0*3 
2026-09-25T01:17:43+04:00	ck4n-whole-1m	1	583912	583725	1	12722176	5939200	python3*1 
2026-09-25T01:17:43+04:00	ck4n-whole-1m	1	583913	583725	45	19071209472	1911603200	python3*36 pt_gloo_runloop*2 ZMQbg/Reaper*2 ZMQbg/IO/0*2 pt_tcpstore_uv*1 cuda0000240000a*1 
2026-09-25T01:17:44+04:00	ck4n-whole-1m	1	583914	583725	57	1237454848	962498560	python3*49 ZMQbg/Reaper*4 ZMQbg/IO/0*4 
2026-09-25T01:17:56+04:00	ck4n-whole-1m	1	583709	488	2	27213824	6045696	uv*1 main2*1 
2026-09-25T01:17:56+04:00	ck4n-whole-1m	1	583725	583709	57	1136254976	855322624	ft*51 ZMQbg/Reaper*3 ZMQbg/IO/0*3 
2026-09-25T01:17:56+04:00	ck4n-whole-1m	1	583912	583725	1	12722176	5939200	python3*1 
2026-09-25T01:17:56+04:00	ck4n-whole-1m	1	583913	583725	45	19071209472	1911603200	python3*36 pt_gloo_runloop*2 ZMQbg/Reaper*2 ZMQbg/IO/0*2 pt_tcpstore_uv*1 cuda0000240000a*1 
2026-09-25T01:17:57+04:00	ck4n-whole-1m	1	583914	583725	57	1237454848	962498560	python3*49 ZMQbg/Reaper*4 ZMQbg/IO/0*4 
2026-09-25T01:18:07+04:00	ck4n-whole-1m	1	583709	488	2	27213824	6045696	uv*1 main2*1 
2026-09-25T01:18:07+04:00	ck4n-whole-1m	1	583725	583709	57	1136254976	855322624	ft*51 ZMQbg/Reaper*3 ZMQbg/IO/0*3 
2026-09-25T01:18:07+04:00	ck4n-whole-1m	1	583912	583725	1	12722176	5939200	python3*1 
2026-09-25T01:18:07+04:00	ck4n-whole-1m	1	583913	583725	45	19071209472	1911603200	python3*36 pt_gloo_runloop*2 ZMQbg/Reaper*2 ZMQbg/IO/0*2 pt_tcpstore_uv*1 cuda0000240000a*1 
2026-09-25T01:18:07+04:00	ck4n-whole-1m	1	583914	583725	57	1237454848	962498560	python3*49 ZMQbg/Reaper*4 ZMQbg/IO/0*4 
2026-09-25T01:18:17+04:00	ck4n-whole-1m	1	583709	488	2	27213824	6045696	uv*1 main2*1 
2026-09-25T01:18:17+04:00	ck4n-whole-1m	1	583725	583709	57	1136254976	855322624	ft*51 ZMQbg/Reaper*3 ZMQbg/IO/0*3 
2026-09-25T01:18:17+04:00	ck4n-whole-1m	1	583912	583725	1	12722176	5939200	python3*1 
2026-09-25T01:18:17+04:00	ck4n-whole-1m	1	583913	583725	45	19071209472	1911603200	python3*36 pt_gloo_runloop*2 ZMQbg/Reaper*2 ZMQbg/IO/0*2 pt_tcpstore_uv*1 cuda0000240000a*1 
2026-09-25T01:18:17+04:00	ck4n-whole-1m	1	583914	583725	57	1237454848	962498560	python3*49 ZMQbg/Reaper*4 ZMQbg/IO/0*4 
2026-09-25T01:18:30+04:00	ck4n-whole-1m	1	583709	488	2	27213824	6045696	uv*1 main2*1 
2026-09-25T01:18:30+04:00	ck4n-whole-1m	1	583725	583709	57	1136254976	855322624	ft*51 ZMQbg/Reaper*3 ZMQbg/IO/0*3 
2026-09-25T01:18:30+04:00	ck4n-whole-1m	1	583912	583725	1	12722176	5939200	python3*1 
2026-09-25T01:18:30+04:00	ck4n-whole-1m	1	583913	583725	45	19071209472	1911603200	python3*36 pt_gloo_runloop*2 ZMQbg/Reaper*2 ZMQbg/IO/0*2 pt_tcpstore_uv*1 cuda0000240000a*1 
2026-09-25T01:18:30+04:00	ck4n-whole-1m	1	583914	583725	57	1237454848	962498560	python3*49 ZMQbg/Reaper*4 ZMQbg/IO/0*4 
2026-09-25T01:18:40+04:00	ck4n-whole-1m	1	583709	488	2	27213824	6045696	uv*1 main2*1 
2026-09-25T01:18:40+04:00	ck4n-whole-1m	1	583725	583709	57	1136254976	855322624	ft*51 ZMQbg/Reaper*3 ZMQbg/IO/0*3 
2026-09-25T01:18:40+04:00	ck4n-whole-1m	1	583912	583725	1	12722176	5939200	python3*1 
2026-09-25T01:18:40+04:00	ck4n-whole-1m	1	583913	583725	45	19071209472	1911603200	python3*36 pt_gloo_runloop*2 ZMQbg/Reaper*2 ZMQbg/IO/0*2 pt_tcpstore_uv*1 cuda0000240000a*1 
2026-09-25T01:18:40+04:00	ck4n-whole-1m	1	583914	583725	57	1237454848	962498560	python3*49 ZMQbg/Reaper*4 ZMQbg/IO/0*4 
2026-09-25T01:18:51+04:00	ck4n-whole-1m	1	583709	488	2	27213824	6045696	uv*1 main2*1 
2026-09-25T01:18:51+04:00	ck4n-whole-1m	1	583725	583709	57	1136254976	855322624	ft*51 ZMQbg/Reaper*3 ZMQbg/IO/0*3 
2026-09-25T01:18:51+04:00	ck4n-whole-1m	1	583912	583725	1	12722176	5939200	python3*1 
2026-09-25T01:18:51+04:00	ck4n-whole-1m	1	583913	583725	45	19071209472	1911603200	python3*36 pt_gloo_runloop*2 ZMQbg/Reaper*2 ZMQbg/IO/0*2 pt_tcpstore_uv*1 cuda0000240000a*1 
2026-09-25T01:18:51+04:00	ck4n-whole-1m	1	583914	583725	57	1237454848	962498560	python3*49 ZMQbg/Reaper*4 ZMQbg/IO/0*4 
2026-09-25T01:19:04+04:00	ck4n-whole-1m	1	583709	488	2	27213824	6045696	uv*1 main2*1 
2026-09-25T01:19:04+04:00	ck4n-whole-1m	1	583725	583709	57	1136254976	855322624	ft*51 ZMQbg/Reaper*3 ZMQbg/IO/0*3 
2026-09-25T01:19:04+04:00	ck4n-whole-1m	1	583912	583725	1	12722176	5939200	python3*1 
2026-09-25T01:19:04+04:00	ck4n-whole-1m	1	583913	583725	45	19071209472	1911603200	python3*36 pt_gloo_runloop*2 ZMQbg/Reaper*2 ZMQbg/IO/0*2 pt_tcpstore_uv*1 cuda0000240000a*1 
2026-09-25T01:19:04+04:00	ck4n-whole-1m	1	583914	583725	57	1237454848	962498560	python3*49 ZMQbg/Reaper*4 ZMQbg/IO/0*4 
2026-09-25T01:19:14+04:00	ck4n-whole-1m	1	583709	488	2	27213824	6045696	uv*1 main2*1 
2026-09-25T01:19:14+04:00	ck4n-whole-1m	1	583725	583709	57	1136254976	855322624	ft*51 ZMQbg/Reaper*3 ZMQbg/IO/0*3 
2026-09-25T01:19:14+04:00	ck4n-whole-1m	1	583912	583725	1	12722176	5939200	python3*1 
2026-09-25T01:19:14+04:00	ck4n-whole-1m	1	583913	583725	45	19071209472	1911603200	python3*36 pt_gloo_runloop*2 ZMQbg/Reaper*2 ZMQbg/IO/0*2 pt_tcpstore_uv*1 cuda0000240000a*1 
2026-09-25T01:19:14+04:00	ck4n-whole-1m	1	583914	583725	57	1237454848	962498560	python3*49 ZMQbg/Reaper*4 ZMQbg/IO/0*4 
2026-09-25T01:19:24+04:00	ck4n-whole-1m	1	583709	488	2	27213824	6045696	uv*1 main2*1 
2026-09-25T01:19:24+04:00	ck4n-whole-1m	1	583725	583709	57	1136254976	855322624	ft*51 ZMQbg/Reaper*3 ZMQbg/IO/0*3 
2026-09-25T01:19:24+04:00	ck4n-whole-1m	1	583912	583725	1	12722176	5939200	python3*1 
2026-09-25T01:19:24+04:00	ck4n-whole-1m	1	583913	583725	45	19071209472	1911603200	python3*36 pt_gloo_runloop*2 ZMQbg/Reaper*2 ZMQbg/IO/0*2 pt_tcpstore_uv*1 cuda0000240000a*1 
2026-09-25T01:19:24+04:00	ck4n-whole-1m	1	583914	583725	57	1237454848	962498560	python3*49 ZMQbg/Reaper*4 ZMQbg/IO/0*4 
2026-09-25T01:19:37+04:00	ck4n-whole-1m	1	583709	488	2	27213824	6045696	uv*1 main2*1 
2026-09-25T01:19:37+04:00	ck4n-whole-1m	1	583725	583709	57	1136254976	855322624	ft*51 ZMQbg/Reaper*3 ZMQbg/IO/0*3 
2026-09-25T01:19:37+04:00	ck4n-whole-1m	1	583912	583725	1	12722176	5939200	python3*1 
2026-09-25T01:19:37+04:00	ck4n-whole-1m	1	583913	583725	45	19071209472	1911603200	python3*36 pt_gloo_runloop*2 ZMQbg/Reaper*2 ZMQbg/IO/0*2 pt_tcpstore_uv*1 cuda0000240000a*1 
2026-09-25T01:19:37+04:00	ck4n-whole-1m	1	583914	583725	57	1237454848	962498560	python3*49 ZMQbg/Reaper*4 ZMQbg/IO/0*4 
2026-09-25T01:19:47+04:00	ck4n-whole-1m	1	583709	488	2	27213824	6045696	uv*1 main2*1 
2026-09-25T01:19:47+04:00	ck4n-whole-1m	1	583725	583709	57	1136254976	855322624	ft*51 ZMQbg/Reaper*3 ZMQbg/IO/0*3 
2026-09-25T01:19:47+04:00	ck4n-whole-1m	1	583912	583725	1	12722176	5939200	python3*1 
2026-09-25T01:19:47+04:00	ck4n-whole-1m	1	583913	583725	45	19071209472	1911603200	python3*36 pt_gloo_runloop*2 ZMQbg/Reaper*2 ZMQbg/IO/0*2 pt_tcpstore_uv*1 cuda0000240000a*1 
2026-09-25T01:19:48+04:00	ck4n-whole-1m	1	583914	583725	57	1237454848	962498560	python3*49 ZMQbg/Reaper*4 ZMQbg/IO/0*4 
2026-09-25T01:19:58+04:00	ck4n-whole-1m	1	583709	488	2	27213824	6045696	uv*1 main2*1 
2026-09-25T01:19:58+04:00	ck4n-whole-1m	1	583725	583709	57	1136254976	855322624	ft*51 ZMQbg/Reaper*3 ZMQbg/IO/0*3 
2026-09-25T01:19:58+04:00	ck4n-whole-1m	1	583912	583725	1	12722176	5939200	python3*1 
2026-09-25T01:19:58+04:00	ck4n-whole-1m	1	583913	583725	45	19071209472	1911603200	python3*36 pt_gloo_runloop*2 ZMQbg/Reaper*2 ZMQbg/IO/0*2 pt_tcpstore_uv*1 cuda0000240000a*1 
2026-09-25T01:19:58+04:00	ck4n-whole-1m	1	583914	583725	57	1237454848	962498560	python3*49 ZMQbg/Reaper*4 ZMQbg/IO/0*4 
2026-09-25T01:20:11+04:00	ck4n-whole-1m	1	583709	488	2	27213824	6045696	uv*1 main2*1 
2026-09-25T01:20:11+04:00	ck4n-whole-1m	1	583725	583709	57	1136254976	855322624	ft*51 ZMQbg/Reaper*3 ZMQbg/IO/0*3 
2026-09-25T01:20:11+04:00	ck4n-whole-1m	1	583912	583725	1	12722176	5939200	python3*1 
2026-09-25T01:20:11+04:00	ck4n-whole-1m	1	583913	583725	45	19071209472	1911603200	python3*36 pt_gloo_runloop*2 ZMQbg/Reaper*2 ZMQbg/IO/0*2 pt_tcpstore_uv*1 cuda0000240000a*1 
2026-09-25T01:20:11+04:00	ck4n-whole-1m	1	583914	583725	57	1237454848	962498560	python3*49 ZMQbg/Reaper*4 ZMQbg/IO/0*4 
2026-09-25T01:20:21+04:00	ck4n-whole-1m	1	583709	488	2	27213824	6045696	uv*1 main2*1 
2026-09-25T01:20:21+04:00	ck4n-whole-1m	1	583725	583709	57	1136254976	855322624	ft*51 ZMQbg/Reaper*3 ZMQbg/IO/0*3 
2026-09-25T01:20:21+04:00	ck4n-whole-1m	1	583912	583725	1	12722176	5939200	python3*1 
2026-09-25T01:20:21+04:00	ck4n-whole-1m	1	583913	583725	45	19071209472	1911603200	python3*36 pt_gloo_runloop*2 ZMQbg/Reaper*2 ZMQbg/IO/0*2 pt_tcpstore_uv*1 cuda0000240000a*1 
2026-09-25T01:20:21+04:00	ck4n-whole-1m	1	583914	583725	57	1237454848	962498560	python3*49 ZMQbg/Reaper*4 ZMQbg/IO/0*4 
2026-09-25T01:20:31+04:00	ck4n-whole-1m	1	583709	488	2	27213824	6045696	uv*1 main2*1 
2026-09-25T01:20:31+04:00	ck4n-whole-1m	1	583725	583709	57	1136254976	855322624	ft*51 ZMQbg/Reaper*3 ZMQbg/IO/0*3 
2026-09-25T01:20:31+04:00	ck4n-whole-1m	1	583912	583725	1	12722176	5939200	python3*1 
2026-09-25T01:20:31+04:00	ck4n-whole-1m	1	583913	583725	45	19071209472	1911603200	python3*36 pt_gloo_runloop*2 ZMQbg/Reaper*2 ZMQbg/IO/0*2 pt_tcpstore_uv*1 cuda0000240000a*1 
2026-09-25T01:20:31+04:00	ck4n-whole-1m	1	583914	583725	57	1237454848	962498560	python3*49 ZMQbg/Reaper*4 ZMQbg/IO/0*4 
2026-09-25T01:20:42+04:00	ck4n-whole-1m	1	583709	488	2	27213824	6045696	uv*1 main2*1 
2026-09-25T01:20:42+04:00	ck4n-whole-1m	1	583725	583709	57	1136254976	855322624	ft*51 ZMQbg/Reaper*3 ZMQbg/IO/0*3 
2026-09-25T01:20:42+04:00	ck4n-whole-1m	1	583912	583725	1	12722176	5939200	python3*1 
2026-09-25T01:20:42+04:00	ck4n-whole-1m	1	583913	583725	45	19071209472	1911603200	python3*36 pt_gloo_runloop*2 ZMQbg/Reaper*2 ZMQbg/IO/0*2 pt_tcpstore_uv*1 cuda0000240000a*1 
2026-09-25T01:20:42+04:00	ck4n-whole-1m	1	583914	583725	57	1237454848	962498560	python3*49 ZMQbg/Reaper*4 ZMQbg/IO/0*4 
2026-09-25T01:20:55+04:00	ck4n-whole-1m	1	583709	488	2	27213824	6045696	uv*1 main2*1 
2026-09-25T01:20:55+04:00	ck4n-whole-1m	1	583725	583709	57	1136254976	855322624	ft*51 ZMQbg/Reaper*3 ZMQbg/IO/0*3 
2026-09-25T01:20:55+04:00	ck4n-whole-1m	1	583912	583725	1	12722176	5939200	python3*1 
2026-09-25T01:20:55+04:00	ck4n-whole-1m	1	583913	583725	45	19071209472	1911603200	python3*36 pt_gloo_runloop*2 ZMQbg/Reaper*2 ZMQbg/IO/0*2 pt_tcpstore_uv*1 cuda0000240000a*1 
2026-09-25T01:20:55+04:00	ck4n-whole-1m	1	583914	583725	57	1237454848	962498560	python3*49 ZMQbg/Reaper*4 ZMQbg/IO/0*4 
2026-09-25T01:21:05+04:00	ck4n-whole-1m	1	583709	488	2	27213824	6045696	uv*1 main2*1 
2026-09-25T01:21:05+04:00	ck4n-whole-1m	1	583725	583709	57	1136254976	855322624	ft*51 ZMQbg/Reaper*3 ZMQbg/IO/0*3 
2026-09-25T01:21:05+04:00	ck4n-whole-1m	1	583912	583725	1	12722176	5939200	python3*1 
2026-09-25T01:21:05+04:00	ck4n-whole-1m	1	583913	583725	45	19071209472	1911603200	python3*36 pt_gloo_runloop*2 ZMQbg/Reaper*2 ZMQbg/IO/0*2 pt_tcpstore_uv*1 cuda0000240000a*1 
2026-09-25T01:21:05+04:00	ck4n-whole-1m	1	583914	583725	57	1237454848	962498560	python3*49 ZMQbg/Reaper*4 ZMQbg/IO/0*4 
2026-09-25T01:21:15+04:00	ck4n-whole-1m	1	583709	488	2	27213824	6045696	uv*1 main2*1 
2026-09-25T01:21:15+04:00	ck4n-whole-1m	1	583725	583709	57	1136254976	855322624	ft*51 ZMQbg/Reaper*3 ZMQbg/IO/0*3 
2026-09-25T01:21:15+04:00	ck4n-whole-1m	1	583912	583725	1	12722176	5939200	python3*1 
2026-09-25T01:21:15+04:00	ck4n-whole-1m	1	583913	583725	45	19071209472	1911603200	python3*36 pt_gloo_runloop*2 ZMQbg/Reaper*2 ZMQbg/IO/0*2 pt_tcpstore_uv*1 cuda0000240000a*1 
2026-09-25T01:21:15+04:00	ck4n-whole-1m	1	583914	583725	57	1237454848	962498560	python3*49 ZMQbg/Reaper*4 ZMQbg/IO/0*4 
2026-09-25T01:21:28+04:00	ck4n-whole-1m	1	583709	488	2	27213824	6045696	uv*1 main2*1 
2026-09-25T01:21:28+04:00	ck4n-whole-1m	1	583725	583709	57	1136254976	855322624	ft*51 ZMQbg/Reaper*3 ZMQbg/IO/0*3 
2026-09-25T01:21:28+04:00	ck4n-whole-1m	1	583912	583725	1	12722176	5939200	python3*1 
2026-09-25T01:21:28+04:00	ck4n-whole-1m	1	583913	583725	45	19071209472	1911603200	python3*36 pt_gloo_runloop*2 ZMQbg/Reaper*2 ZMQbg/IO/0*2 pt_tcpstore_uv*1 cuda0000240000a*1 
2026-09-25T01:21:29+04:00	ck4n-whole-1m	1	583914	583725	57	1237454848	962498560	python3*49 ZMQbg/Reaper*4 ZMQbg/IO/0*4 
2026-09-25T01:21:39+04:00	ck4n-whole-1m	1	583709	488	2	27213824	6045696	uv*1 main2*1 
2026-09-25T01:21:39+04:00	ck4n-whole-1m	1	583725	583709	57	1136254976	855322624	ft*51 ZMQbg/Reaper*3 ZMQbg/IO/0*3 
2026-09-25T01:21:39+04:00	ck4n-whole-1m	1	583912	583725	1	12722176	5939200	python3*1 
2026-09-25T01:21:39+04:00	ck4n-whole-1m	1	583913	583725	45	19071209472	1911603200	python3*36 pt_gloo_runloop*2 ZMQbg/Reaper*2 ZMQbg/IO/0*2 pt_tcpstore_uv*1 cuda0000240000a*1 
2026-09-25T01:21:39+04:00	ck4n-whole-1m	1	583914	583725	57	1237454848	962498560	python3*49 ZMQbg/Reaper*4 ZMQbg/IO/0*4 
2026-09-25T01:21:49+04:00	ck4n-whole-1m	1	583709	488	2	27213824	6045696	uv*1 main2*1 
2026-09-25T01:21:49+04:00	ck4n-whole-1m	1	583725	583709	57	1136254976	855322624	ft*51 ZMQbg/Reaper*3 ZMQbg/IO/0*3 
2026-09-25T01:21:49+04:00	ck4n-whole-1m	1	583912	583725	1	12722176	5939200	python3*1 
2026-09-25T01:21:49+04:00	ck4n-whole-1m	1	583913	583725	45	19071209472	1911603200	python3*36 pt_gloo_runloop*2 ZMQbg/Reaper*2 ZMQbg/IO/0*2 pt_tcpstore_uv*1 cuda0000240000a*1 
2026-09-25T01:21:49+04:00	ck4n-whole-1m	1	583914	583725	57	1237454848	962498560	python3*49 ZMQbg/Reaper*4 ZMQbg/IO/0*4 
2026-09-25T01:22:02+04:00	ck4n-whole-1m	1	583709	488	2	27213824	6045696	uv*1 main2*1 
2026-09-25T01:22:02+04:00	ck4n-whole-1m	1	583725	583709	57	1136254976	855322624	ft*51 ZMQbg/Reaper*3 ZMQbg/IO/0*3 
2026-09-25T01:22:02+04:00	ck4n-whole-1m	1	583912	583725	1	12722176	5939200	python3*1 
2026-09-25T01:22:02+04:00	ck4n-whole-1m	1	583913	583725	45	19071209472	1911603200	python3*36 pt_gloo_runloop*2 ZMQbg/Reaper*2 ZMQbg/IO/0*2 pt_tcpstore_uv*1 cuda0000240000a*1 
2026-09-25T01:22:02+04:00	ck4n-whole-1m	1	583914	583725	57	1237454848	962498560	python3*49 ZMQbg/Reaper*4 ZMQbg/IO/0*4 
2026-09-25T01:22:12+04:00	ck4n-whole-1m	1	583709	488	2	27213824	6045696	uv*1 main2*1 
2026-09-25T01:22:12+04:00	ck4n-whole-1m	1	583725	583709	57	1136254976	855322624	ft*51 ZMQbg/Reaper*3 ZMQbg/IO/0*3 
2026-09-25T01:22:13+04:00	ck4n-whole-1m	1	583912	583725	1	12722176	5939200	python3*1 
2026-09-25T01:22:13+04:00	ck4n-whole-1m	1	583913	583725	45	19071209472	1911603200	python3*36 pt_gloo_runloop*2 ZMQbg/Reaper*2 ZMQbg/IO/0*2 pt_tcpstore_uv*1 cuda0000240000a*1 
2026-09-25T01:22:13+04:00	ck4n-whole-1m	1	583914	583725	57	1237454848	962498560	python3*49 ZMQbg/Reaper*4 ZMQbg/IO/0*4 
2026-09-25T01:22:23+04:00	ck4n-whole-1m	1	583709	488	2	27213824	6045696	uv*1 main2*1 
2026-09-25T01:22:23+04:00	ck4n-whole-1m	1	583725	583709	57	1136254976	855322624	ft*51 ZMQbg/Reaper*3 ZMQbg/IO/0*3 
2026-09-25T01:22:23+04:00	ck4n-whole-1m	1	583912	583725	1	12722176	5939200	python3*1 
2026-09-25T01:22:23+04:00	ck4n-whole-1m	1	583913	583725	45	19071209472	1911603200	python3*36 pt_gloo_runloop*2 ZMQbg/Reaper*2 ZMQbg/IO/0*2 pt_tcpstore_uv*1 cuda0000240000a*1 
2026-09-25T01:22:23+04:00	ck4n-whole-1m	1	583914	583725	57	1237454848	962498560	python3*49 ZMQbg/Reaper*4 ZMQbg/IO/0*4 
2026-09-25T01:22:36+04:00	ck4n-whole-1m	1	583709	488	2	27213824	6045696	uv*1 main2*1 
2026-09-25T01:22:36+04:00	ck4n-whole-1m	1	583725	583709	57	1136254976	855322624	ft*51 ZMQbg/Reaper*3 ZMQbg/IO/0*3 
2026-09-25T01:22:36+04:00	ck4n-whole-1m	1	583912	583725	1	12722176	5939200	python3*1 
2026-09-25T01:22:36+04:00	ck4n-whole-1m	1	583913	583725	45	19071209472	1911603200	python3*36 pt_gloo_runloop*2 ZMQbg/Reaper*2 ZMQbg/IO/0*2 pt_tcpstore_uv*1 cuda0000240000a*1 
2026-09-25T01:22:36+04:00	ck4n-whole-1m	1	583914	583725	57	1237454848	962498560	python3*49 ZMQbg/Reaper*4 ZMQbg/IO/0*4 
2026-09-25T01:22:46+04:00	ck4n-whole-1m	1	583709	488	2	27213824	6045696	uv*1 main2*1 
2026-09-25T01:22:46+04:00	ck4n-whole-1m	1	583725	583709	57	1136254976	855322624	ft*51 ZMQbg/Reaper*3 ZMQbg/IO/0*3 
2026-09-25T01:22:46+04:00	ck4n-whole-1m	1	583912	583725	1	12722176	5939200	python3*1 
2026-09-25T01:22:46+04:00	ck4n-whole-1m	1	583913	583725	45	19071209472	1911603200	python3*36 pt_gloo_runloop*2 ZMQbg/Reaper*2 ZMQbg/IO/0*2 pt_tcpstore_uv*1 cuda0000240000a*1 
2026-09-25T01:22:47+04:00	ck4n-whole-1m	1	583914	583725	57	1237454848	962498560	python3*49 ZMQbg/Reaper*4 ZMQbg/IO/0*4 
2026-09-25T01:22:57+04:00	ck4n-whole-1m	1	583709	488	2	27213824	6045696	uv*1 main2*1 
2026-09-25T01:22:57+04:00	ck4n-whole-1m	1	583725	583709	57	1136254976	855322624	ft*51 ZMQbg/Reaper*3 ZMQbg/IO/0*3 
2026-09-25T01:22:57+04:00	ck4n-whole-1m	1	583912	583725	1	12722176	5939200	python3*1 
2026-09-25T01:22:57+04:00	ck4n-whole-1m	1	583913	583725	45	19071209472	1911603200	python3*36 pt_gloo_runloop*2 ZMQbg/Reaper*2 ZMQbg/IO/0*2 pt_tcpstore_uv*1 cuda0000240000a*1 
2026-09-25T01:22:57+04:00	ck4n-whole-1m	1	583914	583725	57	1237454848	962498560	python3*49 ZMQbg/Reaper*4 ZMQbg/IO/0*4 
2026-09-25T01:23:09+04:00	ck4n-whole-1m	1	583709	488	2	27213824	6045696	uv*1 main2*1 
2026-09-25T01:23:09+04:00	ck4n-whole-1m	1	583725	583709	57	1136254976	855322624	ft*51 ZMQbg/Reaper*3 ZMQbg/IO/0*3 
2026-09-25T01:23:09+04:00	ck4n-whole-1m	1	583912	583725	1	12722176	5939200	python3*1 
2026-09-25T01:23:09+04:00	ck4n-whole-1m	1	583913	583725	45	19071209472	1911603200	python3*36 pt_gloo_runloop*2 ZMQbg/Reaper*2 ZMQbg/IO/0*2 pt_tcpstore_uv*1 cuda0000240000a*1 
2026-09-25T01:23:10+04:00	ck4n-whole-1m	1	583914	583725	57	1237454848	962498560	python3*49 ZMQbg/Reaper*4 ZMQbg/IO/0*4 
2026-09-25T01:23:20+04:00	ck4n-whole-1m	1	583709	488	2	27213824	6045696	uv*1 main2*1 
2026-09-25T01:23:20+04:00	ck4n-whole-1m	1	583725	583709	57	1136254976	855322624	ft*51 ZMQbg/Reaper*3 ZMQbg/IO/0*3 
2026-09-25T01:23:20+04:00	ck4n-whole-1m	1	583912	583725	1	12722176	5939200	python3*1 
2026-09-25T01:23:20+04:00	ck4n-whole-1m	1	583913	583725	45	19071209472	1911603200	python3*36 pt_gloo_runloop*2 ZMQbg/Reaper*2 ZMQbg/IO/0*2 pt_tcpstore_uv*1 cuda0000240000a*1 
2026-09-25T01:23:20+04:00	ck4n-whole-1m	1	583914	583725	57	1237454848	962498560	python3*49 ZMQbg/Reaper*4 ZMQbg/IO/0*4 
2026-09-25T01:23:30+04:00	ck4n-whole-1m	1	583709	488	2	27213824	6045696	uv*1 main2*1 
2026-09-25T01:23:30+04:00	ck4n-whole-1m	1	583725	583709	57	1136254976	855322624	ft*51 ZMQbg/Reaper*3 ZMQbg/IO/0*3 
2026-09-25T01:23:30+04:00	ck4n-whole-1m	1	583912	583725	1	12722176	5939200	python3*1 
2026-09-25T01:23:30+04:00	ck4n-whole-1m	1	583913	583725	45	19071209472	1911603200	python3*36 pt_gloo_runloop*2 ZMQbg/Reaper*2 ZMQbg/IO/0*2 pt_tcpstore_uv*1 cuda0000240000a*1 
2026-09-25T01:23:30+04:00	ck4n-whole-1m	1	583914	583725	57	1237454848	962498560	python3*49 ZMQbg/Reaper*4 ZMQbg/IO/0*4 
2026-09-25T01:23:43+04:00	ck4n-whole-1m	1	583709	488	2	27213824	6045696	uv*1 main2*1 
2026-09-25T01:23:43+04:00	ck4n-whole-1m	1	583725	583709	57	1136254976	855322624	ft*51 ZMQbg/Reaper*3 ZMQbg/IO/0*3 
2026-09-25T01:23:43+04:00	ck4n-whole-1m	1	583912	583725	1	12722176	5939200	python3*1 
2026-09-25T01:23:43+04:00	ck4n-whole-1m	1	583913	583725	45	19071209472	1911603200	python3*36 pt_gloo_runloop*2 ZMQbg/Reaper*2 ZMQbg/IO/0*2 pt_tcpstore_uv*1 cuda0000240000a*1 
2026-09-25T01:23:43+04:00	ck4n-whole-1m	1	583914	583725	57	1237454848	962498560	python3*49 ZMQbg/Reaper*4 ZMQbg/IO/0*4 
2026-09-25T01:23:54+04:00	ck4n-whole-1m	1	583709	488	2	27213824	6045696	uv*1 main2*1 
2026-09-25T01:23:54+04:00	ck4n-whole-1m	1	583725	583709	57	1136254976	855322624	ft*51 ZMQbg/Reaper*3 ZMQbg/IO/0*3 
2026-09-25T01:23:54+04:00	ck4n-whole-1m	1	583912	583725	1	12722176	5939200	python3*1 
2026-09-25T01:23:54+04:00	ck4n-whole-1m	1	583913	583725	45	19071209472	1911603200	python3*36 pt_gloo_runloop*2 ZMQbg/Reaper*2 ZMQbg/IO/0*2 pt_tcpstore_uv*1 cuda0000240000a*1 
2026-09-25T01:23:54+04:00	ck4n-whole-1m	1	583914	583725	57	1237454848	962498560	python3*49 ZMQbg/Reaper*4 ZMQbg/IO/0*4 
2026-09-25T01:24:04+04:00	ck4n-whole-1m	1	583709	488	2	27213824	6045696	uv*1 main2*1 
2026-09-25T01:24:04+04:00	ck4n-whole-1m	1	583725	583709	57	1136254976	855322624	ft*51 ZMQbg/Reaper*3 ZMQbg/IO/0*3 
2026-09-25T01:24:04+04:00	ck4n-whole-1m	1	583912	583725	1	12722176	5939200	python3*1 
2026-09-25T01:24:04+04:00	ck4n-whole-1m	1	583913	583725	45	19071209472	1911603200	python3*36 pt_gloo_runloop*2 ZMQbg/Reaper*2 ZMQbg/IO/0*2 pt_tcpstore_uv*1 cuda0000240000a*1 
2026-09-25T01:24:04+04:00	ck4n-whole-1m	1	583914	583725	57	1237454848	962498560	python3*49 ZMQbg/Reaper*4 ZMQbg/IO/0*4 
2026-09-25T01:24:17+04:00	ck4n-whole-1m	1	583709	488	2	27213824	6045696	uv*1 main2*1 
2026-09-25T01:24:17+04:00	ck4n-whole-1m	1	583725	583709	57	1136259072	855326720	ft*51 ZMQbg/Reaper*3 ZMQbg/IO/0*3 
2026-09-25T01:24:17+04:00	ck4n-whole-1m	1	583912	583725	1	12722176	5939200	python3*1 
2026-09-25T01:24:17+04:00	ck4n-whole-1m	1	583913	583725	45	19071209472	1911603200	python3*36 pt_gloo_runloop*2 ZMQbg/Reaper*2 ZMQbg/IO/0*2 pt_tcpstore_uv*1 cuda0000240000a*1 
2026-09-25T01:24:17+04:00	ck4n-whole-1m	1	583914	583725	57	1237454848	962498560	python3*49 ZMQbg/Reaper*4 ZMQbg/IO/0*4 
2026-09-25T01:24:27+04:00	ck4n-whole-1m	1	583709	488	2	27213824	6045696	uv*1 main2*1 
2026-09-25T01:24:27+04:00	ck4n-whole-1m	1	583725	583709	57	1136259072	855326720	ft*51 ZMQbg/Reaper*3 ZMQbg/IO/0*3 
2026-09-25T01:24:27+04:00	ck4n-whole-1m	1	583912	583725	1	12722176	5939200	python3*1 
2026-09-25T01:24:27+04:00	ck4n-whole-1m	1	583913	583725	45	19071209472	1911603200	python3*36 pt_gloo_runloop*2 ZMQbg/Reaper*2 ZMQbg/IO/0*2 pt_tcpstore_uv*1 cuda0000240000a*1 
2026-09-25T01:24:27+04:00	ck4n-whole-1m	1	583914	583725	57	1237454848	962498560	python3*49 ZMQbg/Reaper*4 ZMQbg/IO/0*4 
2026-09-25T01:24:37+04:00	ck4n-whole-1m	1	583709	488	2	27213824	6045696	uv*1 main2*1 
2026-09-25T01:24:37+04:00	ck4n-whole-1m	1	583725	583709	57	1136259072	855326720	ft*51 ZMQbg/Reaper*3 ZMQbg/IO/0*3 
2026-09-25T01:24:37+04:00	ck4n-whole-1m	1	583912	583725	1	12722176	5939200	python3*1 
2026-09-25T01:24:37+04:00	ck4n-whole-1m	1	583913	583725	45	19071209472	1911603200	python3*36 pt_gloo_runloop*2 ZMQbg/Reaper*2 ZMQbg/IO/0*2 pt_tcpstore_uv*1 cuda0000240000a*1 
2026-09-25T01:24:38+04:00	ck4n-whole-1m	1	583914	583725	57	1237454848	962498560	python3*49 ZMQbg/Reaper*4 ZMQbg/IO/0*4 
2026-09-25T01:24:51+04:00	ck4n-whole-1m	1	583709	488	2	27213824	6045696	uv*1 main2*1 
2026-09-25T01:24:51+04:00	ck4n-whole-1m	1	583725	583709	57	1136259072	855326720	ft*51 ZMQbg/Reaper*3 ZMQbg/IO/0*3 
2026-09-25T01:24:51+04:00	ck4n-whole-1m	1	583912	583725	1	12722176	5939200	python3*1 
2026-09-25T01:24:51+04:00	ck4n-whole-1m	1	583913	583725	45	19071209472	1911603200	python3*36 pt_gloo_runloop*2 ZMQbg/Reaper*2 ZMQbg/IO/0*2 pt_tcpstore_uv*1 cuda0000240000a*1 
2026-09-25T01:24:51+04:00	ck4n-whole-1m	1	583914	583725	57	1237454848	962498560	python3*49 ZMQbg/Reaper*4 ZMQbg/IO/0*4 
2026-09-25T01:25:01+04:00	ck4n-whole-1m	1	583709	488	2	27213824	6045696	uv*1 main2*1 
2026-09-25T01:25:01+04:00	ck4n-whole-1m	1	583725	583709	57	1136259072	855326720	ft*51 ZMQbg/Reaper*3 ZMQbg/IO/0*3 
2026-09-25T01:25:01+04:00	ck4n-whole-1m	1	583912	583725	1	12722176	5939200	python3*1 
2026-09-25T01:25:01+04:00	ck4n-whole-1m	1	583913	583725	45	19071209472	1911603200	python3*36 pt_gloo_runloop*2 ZMQbg/Reaper*2 ZMQbg/IO/0*2 pt_tcpstore_uv*1 cuda0000240000a*1 
2026-09-25T01:25:01+04:00	ck4n-whole-1m	1	583914	583725	57	1237454848	962498560	python3*49 ZMQbg/Reaper*4 ZMQbg/IO/0*4 
2026-09-25T01:25:11+04:00	ck4n-whole-1m	1	583709	488	2	27213824	6045696	uv*1 main2*1 
2026-09-25T01:25:11+04:00	ck4n-whole-1m	1	583725	583709	57	1136259072	855326720	ft*51 ZMQbg/Reaper*3 ZMQbg/IO/0*3 
2026-09-25T01:25:11+04:00	ck4n-whole-1m	1	583912	583725	1	12722176	5939200	python3*1 
2026-09-25T01:25:11+04:00	ck4n-whole-1m	1	583913	583725	45	19071209472	1911603200	python3*36 pt_gloo_runloop*2 ZMQbg/Reaper*2 ZMQbg/IO/0*2 pt_tcpstore_uv*1 cuda0000240000a*1 
2026-09-25T01:25:12+04:00	ck4n-whole-1m	1	583914	583725	57	1237454848	962498560	python3*49 ZMQbg/Reaper*4 ZMQbg/IO/0*4 
2026-09-25T01:25:22+04:00	ck4n-whole-1m	1	583709	488	2	27213824	6045696	uv*1 main2*1 
2026-09-25T01:25:22+04:00	ck4n-whole-1m	1	583725	583709	57	1136259072	855326720	ft*51 ZMQbg/Reaper*3 ZMQbg/IO/0*3 
2026-09-25T01:25:22+04:00	ck4n-whole-1m	1	583912	583725	1	12722176	5939200	python3*1 
2026-09-25T01:25:22+04:00	ck4n-whole-1m	1	583913	583725	45	19071209472	1911603200	python3*36 pt_gloo_runloop*2 ZMQbg/Reaper*2 ZMQbg/IO/0*2 pt_tcpstore_uv*1 cuda0000240000a*1 
2026-09-25T01:25:22+04:00	ck4n-whole-1m	1	583914	583725	57	1237454848	962498560	python3*49 ZMQbg/Reaper*4 ZMQbg/IO/0*4 
2026-09-25T01:25:35+04:00	ck4n-whole-1m	1	583709	488	2	27213824	6045696	uv*1 main2*1 
2026-09-25T01:25:35+04:00	ck4n-whole-1m	1	583725	583709	57	1136259072	855326720	ft*51 ZMQbg/Reaper*3 ZMQbg/IO/0*3 
2026-09-25T01:25:35+04:00	ck4n-whole-1m	1	583912	583725	1	12722176	5939200	python3*1 
2026-09-25T01:25:35+04:00	ck4n-whole-1m	1	583913	583725	45	19071209472	1911603200	python3*36 pt_gloo_runloop*2 ZMQbg/Reaper*2 ZMQbg/IO/0*2 pt_tcpstore_uv*1 cuda0000240000a*1 
2026-09-25T01:25:35+04:00	ck4n-whole-1m	1	583914	583725	57	1237454848	962498560	python3*49 ZMQbg/Reaper*4 ZMQbg/IO/0*4 
2026-09-25T01:25:45+04:00	ck4n-whole-1m	1	583709	488	2	27213824	6045696	uv*1 main2*1 
2026-09-25T01:25:45+04:00	ck4n-whole-1m	1	583725	583709	57	1136259072	855326720	ft*51 ZMQbg/Reaper*3 ZMQbg/IO/0*3 
2026-09-25T01:25:45+04:00	ck4n-whole-1m	1	583912	583725	1	12722176	5939200	python3*1 
2026-09-25T01:25:45+04:00	ck4n-whole-1m	1	583913	583725	45	19071209472	1911603200	python3*36 pt_gloo_runloop*2 ZMQbg/Reaper*2 ZMQbg/IO/0*2 pt_tcpstore_uv*1 cuda0000240000a*1 
2026-09-25T01:25:45+04:00	ck4n-whole-1m	1	583914	583725	57	1237454848	962498560	python3*49 ZMQbg/Reaper*4 ZMQbg/IO/0*4 
2026-09-25T01:25:55+04:00	ck4n-whole-1m	1	583709	488	2	27213824	6045696	uv*1 main2*1 
2026-09-25T01:25:55+04:00	ck4n-whole-1m	1	583725	583709	57	1136259072	855326720	ft*51 ZMQbg/Reaper*3 ZMQbg/IO/0*3 
2026-09-25T01:25:55+04:00	ck4n-whole-1m	1	583912	583725	1	12722176	5939200	python3*1 
2026-09-25T01:25:55+04:00	ck4n-whole-1m	1	583913	583725	45	19071209472	1911603200	python3*36 pt_gloo_runloop*2 ZMQbg/Reaper*2 ZMQbg/IO/0*2 pt_tcpstore_uv*1 cuda0000240000a*1 
2026-09-25T01:25:56+04:00	ck4n-whole-1m	1	583914	583725	57	1237454848	962498560	python3*49 ZMQbg/Reaper*4 ZMQbg/IO/0*4 
2026-09-25T01:26:09+04:00	ck4n-whole-1m	1	583709	488	2	27213824	6045696	uv*1 main2*1 
2026-09-25T01:26:09+04:00	ck4n-whole-1m	1	583725	583709	57	1136259072	855326720	ft*51 ZMQbg/Reaper*3 ZMQbg/IO/0*3 
2026-09-25T01:26:09+04:00	ck4n-whole-1m	1	583912	583725	1	12722176	5939200	python3*1 
2026-09-25T01:26:09+04:00	ck4n-whole-1m	1	583913	583725	45	19071209472	1911603200	python3*36 pt_gloo_runloop*2 ZMQbg/Reaper*2 ZMQbg/IO/0*2 pt_tcpstore_uv*1 cuda0000240000a*1 
2026-09-25T01:26:09+04:00	ck4n-whole-1m	1	583914	583725	57	1237454848	962498560	python3*49 ZMQbg/Reaper*4 ZMQbg/IO/0*4 
2026-09-25T01:26:19+04:00	ck4n-whole-1m	1	583709	488	2	27213824	6045696	uv*1 main2*1 
2026-09-25T01:26:19+04:00	ck4n-whole-1m	1	583725	583709	57	1136259072	855326720	ft*51 ZMQbg/Reaper*3 ZMQbg/IO/0*3 
2026-09-25T01:26:19+04:00	ck4n-whole-1m	1	583912	583725	1	12722176	5939200	python3*1 
2026-09-25T01:26:19+04:00	ck4n-whole-1m	1	583913	583725	45	19071209472	1911603200	python3*36 pt_gloo_runloop*2 ZMQbg/Reaper*2 ZMQbg/IO/0*2 pt_tcpstore_uv*1 cuda0000240000a*1 
2026-09-25T01:26:19+04:00	ck4n-whole-1m	1	583914	583725	57	1237454848	962498560	python3*49 ZMQbg/Reaper*4 ZMQbg/IO/0*4 
2026-09-25T01:26:29+04:00	ck4n-whole-1m	1	583709	488	2	27213824	6045696	uv*1 main2*1 
2026-09-25T01:26:29+04:00	ck4n-whole-1m	1	583725	583709	57	1136259072	855326720	ft*51 ZMQbg/Reaper*3 ZMQbg/IO/0*3 
2026-09-25T01:26:29+04:00	ck4n-whole-1m	1	583912	583725	1	12722176	5939200	python3*1 
2026-09-25T01:26:29+04:00	ck4n-whole-1m	1	583913	583725	45	19071209472	1911603200	python3*36 pt_gloo_runloop*2 ZMQbg/Reaper*2 ZMQbg/IO/0*2 pt_tcpstore_uv*1 cuda0000240000a*1 
2026-09-25T01:26:29+04:00	ck4n-whole-1m	1	583914	583725	57	1237454848	962498560	python3*49 ZMQbg/Reaper*4 ZMQbg/IO/0*4 
2026-09-25T01:26:42+04:00	ck4n-whole-1m	1	583709	488	2	27213824	6045696	uv*1 main2*1 
2026-09-25T01:26:42+04:00	ck4n-whole-1m	1	583725	583709	57	1136259072	855326720	ft*51 ZMQbg/Reaper*3 ZMQbg/IO/0*3 
2026-09-25T01:26:42+04:00	ck4n-whole-1m	1	583912	583725	1	12722176	5939200	python3*1 
2026-09-25T01:26:42+04:00	ck4n-whole-1m	1	583913	583725	45	19071209472	1911603200	python3*36 pt_gloo_runloop*2 ZMQbg/Reaper*2 ZMQbg/IO/0*2 pt_tcpstore_uv*1 cuda0000240000a*1 
2026-09-25T01:26:43+04:00	ck4n-whole-1m	1	583914	583725	57	1237454848	962498560	python3*49 ZMQbg/Reaper*4 ZMQbg/IO/0*4 
2026-09-25T01:26:53+04:00	ck4n-whole-1m	1	583709	488	2	27213824	6045696	uv*1 main2*1 
2026-09-25T01:26:53+04:00	ck4n-whole-1m	1	583725	583709	57	1136259072	855326720	ft*51 ZMQbg/Reaper*3 ZMQbg/IO/0*3 
2026-09-25T01:26:53+04:00	ck4n-whole-1m	1	583912	583725	1	12722176	5939200	python3*1 
2026-09-25T01:26:53+04:00	ck4n-whole-1m	1	583913	583725	45	19071209472	1911603200	python3*36 pt_gloo_runloop*2 ZMQbg/Reaper*2 ZMQbg/IO/0*2 pt_tcpstore_uv*1 cuda0000240000a*1 
2026-09-25T01:26:53+04:00	ck4n-whole-1m	1	583914	583725	57	1237454848	962498560	python3*49 ZMQbg/Reaper*4 ZMQbg/IO/0*4 
2026-09-25T01:27:03+04:00	ck4n-whole-1m	1	583709	488	2	27213824	6045696	uv*1 main2*1 
2026-09-25T01:27:03+04:00	ck4n-whole-1m	1	583725	583709	57	1136259072	855326720	ft*51 ZMQbg/Reaper*3 ZMQbg/IO/0*3 
2026-09-25T01:27:03+04:00	ck4n-whole-1m	1	583912	583725	1	12722176	5939200	python3*1 
2026-09-25T01:27:03+04:00	ck4n-whole-1m	1	583913	583725	45	19071209472	1911603200	python3*36 pt_gloo_runloop*2 ZMQbg/Reaper*2 ZMQbg/IO/0*2 pt_tcpstore_uv*1 cuda0000240000a*1 
2026-09-25T01:27:03+04:00	ck4n-whole-1m	1	583914	583725	57	1237454848	962498560	python3*49 ZMQbg/Reaper*4 ZMQbg/IO/0*4 
2026-09-25T01:27:16+04:00	ck4n-whole-1m	1	583709	488	2	27213824	6045696	uv*1 main2*1 
2026-09-25T01:27:16+04:00	ck4n-whole-1m	1	583725	583709	57	1005543424	724594688	ft*51 ZMQbg/Reaper*3 ZMQbg/IO/0*3 
2026-09-25T01:27:16+04:00	ck4n-whole-1m	1	583912	583725	1	12722176	5939200	python3*1 
2026-09-25T01:27:16+04:00	ck4n-whole-1m	1	583913	583725	45	19101085696	1941483520	python3*36 pt_gloo_runloop*2 ZMQbg/Reaper*2 ZMQbg/IO/0*2 pt_tcpstore_uv*1 cuda0000240000a*1 
2026-09-25T01:27:16+04:00	ck4n-whole-1m	1	583914	583725	57	1237495808	962498560	python3*49 ZMQbg/Reaper*4 ZMQbg/IO/0*4 
2026-09-25T01:27:27+04:00	ck4n-whole-1m	3	583709	488	2	27213824	6045696	uv*1 main2*1 
2026-09-25T01:27:27+04:00	ck4n-whole-1m	3	583725	583709	57	1244209152	963260416	ft*51 ZMQbg/Reaper*3 ZMQbg/IO/0*3 
2026-09-25T01:27:27+04:00	ck4n-whole-1m	3	583912	583725	1	12722176	5939200	python3*1 
2026-09-25T01:27:27+04:00	ck4n-whole-1m	3	583913	583725	45	19081723904	1920876544	python3*36 pt_gloo_runloop*2 ZMQbg/Reaper*2 ZMQbg/IO/0*2 pt_tcpstore_uv*1 cuda0000240000a*1 
2026-09-25T01:27:27+04:00	ck4n-whole-1m	3	583914	583725	57	1206435840	931438592	python3*49 ZMQbg/Reaper*4 ZMQbg/IO/0*4 
2026-09-25T01:27:37+04:00	ck4n-whole-1m	3	583709	488	2	27213824	6045696	uv*1 main2*1 
2026-09-25T01:27:37+04:00	ck4n-whole-1m	3	583725	583709	57	1244209152	963260416	ft*51 ZMQbg/Reaper*3 ZMQbg/IO/0*3 
2026-09-25T01:27:37+04:00	ck4n-whole-1m	3	583912	583725	1	12722176	5939200	python3*1 
2026-09-25T01:27:37+04:00	ck4n-whole-1m	3	583913	583725	45	19081723904	1920876544	python3*36 pt_gloo_runloop*2 ZMQbg/Reaper*2 ZMQbg/IO/0*2 pt_tcpstore_uv*1 cuda0000240000a*1 
2026-09-25T01:27:37+04:00	ck4n-whole-1m	3	583914	583725	57	1206435840	931438592	python3*49 ZMQbg/Reaper*4 ZMQbg/IO/0*4 
2026-09-25T01:27:50+04:00	ck4n-whole-1m	3	583709	488	2	27213824	6045696	uv*1 main2*1 
2026-09-25T01:27:50+04:00	ck4n-whole-1m	3	583725	583709	57	1244209152	963260416	ft*51 ZMQbg/Reaper*3 ZMQbg/IO/0*3 
2026-09-25T01:27:50+04:00	ck4n-whole-1m	3	583912	583725	1	12722176	5939200	python3*1 
2026-09-25T01:27:50+04:00	ck4n-whole-1m	3	583913	583725	45	19081723904	1920876544	python3*36 pt_gloo_runloop*2 ZMQbg/Reaper*2 ZMQbg/IO/0*2 pt_tcpstore_uv*1 cuda0000240000a*1 
2026-09-25T01:27:51+04:00	ck4n-whole-1m	3	583914	583725	57	1206435840	931438592	python3*49 ZMQbg/Reaper*4 ZMQbg/IO/0*4 
2026-09-25T01:28:01+04:00	ck4n-whole-1m	3	583709	488	2	27213824	6045696	uv*1 main2*1 
2026-09-25T01:28:01+04:00	ck4n-whole-1m	3	583725	583709	57	1244209152	963260416	ft*51 ZMQbg/Reaper*3 ZMQbg/IO/0*3 
2026-09-25T01:28:01+04:00	ck4n-whole-1m	3	583912	583725	1	12722176	5939200	python3*1 
2026-09-25T01:28:01+04:00	ck4n-whole-1m	3	583913	583725	45	19081723904	1920876544	python3*36 pt_gloo_runloop*2 ZMQbg/Reaper*2 ZMQbg/IO/0*2 pt_tcpstore_uv*1 cuda0000240000a*1 
2026-09-25T01:28:01+04:00	ck4n-whole-1m	3	583914	583725	57	1206435840	931438592	python3*49 ZMQbg/Reaper*4 ZMQbg/IO/0*4 
2026-09-25T01:28:11+04:00	ck4n-whole-1m	3	583709	488	2	27213824	6045696	uv*1 main2*1 
2026-09-25T01:28:11+04:00	ck4n-whole-1m	3	583725	583709	57	1244209152	963260416	ft*51 ZMQbg/Reaper*3 ZMQbg/IO/0*3 
2026-09-25T01:28:11+04:00	ck4n-whole-1m	3	583912	583725	1	12722176	5939200	python3*1 
2026-09-25T01:28:11+04:00	ck4n-whole-1m	3	583913	583725	45	19081723904	1920876544	python3*36 pt_gloo_runloop*2 ZMQbg/Reaper*2 ZMQbg/IO/0*2 pt_tcpstore_uv*1 cuda0000240000a*1 
2026-09-25T01:28:11+04:00	ck4n-whole-1m	3	583914	583725	57	1206435840	931438592	python3*49 ZMQbg/Reaper*4 ZMQbg/IO/0*4 
2026-09-25T01:28:24+04:00	ck4n-whole-1m	3	583709	488	2	27213824	6045696	uv*1 main2*1 
2026-09-25T01:28:24+04:00	ck4n-whole-1m	3	583725	583709	57	1244209152	963260416	ft*51 ZMQbg/Reaper*3 ZMQbg/IO/0*3 
2026-09-25T01:28:24+04:00	ck4n-whole-1m	3	583912	583725	1	12722176	5939200	python3*1 
2026-09-25T01:28:24+04:00	ck4n-whole-1m	3	583913	583725	45	19081723904	1920876544	python3*36 pt_gloo_runloop*2 ZMQbg/Reaper*2 ZMQbg/IO/0*2 pt_tcpstore_uv*1 cuda0000240000a*1 
2026-09-25T01:28:24+04:00	ck4n-whole-1m	3	583914	583725	57	1206435840	931438592	python3*49 ZMQbg/Reaper*4 ZMQbg/IO/0*4 
2026-09-25T01:28:35+04:00	ck4n-whole-1m	3	583709	488	2	27213824	6045696	uv*1 main2*1 
2026-09-25T01:28:35+04:00	ck4n-whole-1m	3	583725	583709	57	1244209152	963260416	ft*51 ZMQbg/Reaper*3 ZMQbg/IO/0*3 
2026-09-25T01:28:35+04:00	ck4n-whole-1m	3	583912	583725	1	12722176	5939200	python3*1 
2026-09-25T01:28:35+04:00	ck4n-whole-1m	3	583913	583725	45	19081723904	1920876544	python3*36 pt_gloo_runloop*2 ZMQbg/Reaper*2 ZMQbg/IO/0*2 pt_tcpstore_uv*1 cuda0000240000a*1 
2026-09-25T01:28:35+04:00	ck4n-whole-1m	3	583914	583725	57	1206435840	931438592	python3*49 ZMQbg/Reaper*4 ZMQbg/IO/0*4 
2026-09-25T01:28:45+04:00	ck4n-whole-1m	3	583709	488	2	27213824	6045696	uv*1 main2*1 
2026-09-25T01:28:45+04:00	ck4n-whole-1m	3	583725	583709	57	1244209152	963260416	ft*51 ZMQbg/Reaper*3 ZMQbg/IO/0*3 
2026-09-25T01:28:45+04:00	ck4n-whole-1m	3	583912	583725	1	12722176	5939200	python3*1 
2026-09-25T01:28:45+04:00	ck4n-whole-1m	3	583913	583725	45	19081723904	1920876544	python3*36 pt_gloo_runloop*2 ZMQbg/Reaper*2 ZMQbg/IO/0*2 pt_tcpstore_uv*1 cuda0000240000a*1 
2026-09-25T01:28:45+04:00	ck4n-whole-1m	3	583914	583725	57	1206435840	931438592	python3*49 ZMQbg/Reaper*4 ZMQbg/IO/0*4 
2026-09-25T01:28:58+04:00	ck4n-whole-1m	3	583709	488	2	27213824	6045696	uv*1 main2*1 
2026-09-25T01:28:58+04:00	ck4n-whole-1m	3	583725	583709	57	1244209152	963260416	ft*51 ZMQbg/Reaper*3 ZMQbg/IO/0*3 
2026-09-25T01:28:58+04:00	ck4n-whole-1m	3	583912	583725	1	12722176	5939200	python3*1 
2026-09-25T01:28:58+04:00	ck4n-whole-1m	3	583913	583725	45	19081723904	1920876544	python3*36 pt_gloo_runloop*2 ZMQbg/Reaper*2 ZMQbg/IO/0*2 pt_tcpstore_uv*1 cuda0000240000a*1 
2026-09-25T01:28:58+04:00	ck4n-whole-1m	3	583914	583725	57	1206435840	931438592	python3*49 ZMQbg/Reaper*4 ZMQbg/IO/0*4 
2026-09-25T01:29:08+04:00	ck4n-whole-1m	3	583709	488	2	27213824	6045696	uv*1 main2*1 
2026-09-25T01:29:08+04:00	ck4n-whole-1m	3	583725	583709	57	1244209152	963260416	ft*51 ZMQbg/Reaper*3 ZMQbg/IO/0*3 
2026-09-25T01:29:08+04:00	ck4n-whole-1m	3	583912	583725	1	12722176	5939200	python3*1 
2026-09-25T01:29:08+04:00	ck4n-whole-1m	3	583913	583725	45	19081723904	1920876544	python3*36 pt_gloo_runloop*2 ZMQbg/Reaper*2 ZMQbg/IO/0*2 pt_tcpstore_uv*1 cuda0000240000a*1 
2026-09-25T01:29:09+04:00	ck4n-whole-1m	3	583914	583725	57	1206435840	931438592	python3*49 ZMQbg/Reaper*4 ZMQbg/IO/0*4 
2026-09-25T01:29:19+04:00	ck4n-whole-1m	3	583709	488	2	27213824	6045696	uv*1 main2*1 
2026-09-25T01:29:19+04:00	ck4n-whole-1m	3	583725	583709	57	1244209152	963260416	ft*51 ZMQbg/Reaper*3 ZMQbg/IO/0*3 
2026-09-25T01:29:19+04:00	ck4n-whole-1m	3	583912	583725	1	12722176	5939200	python3*1 
2026-09-25T01:29:19+04:00	ck4n-whole-1m	3	583913	583725	45	19081723904	1920876544	python3*36 pt_gloo_runloop*2 ZMQbg/Reaper*2 ZMQbg/IO/0*2 pt_tcpstore_uv*1 cuda0000240000a*1 
2026-09-25T01:29:19+04:00	ck4n-whole-1m	3	583914	583725	57	1206435840	931438592	python3*49 ZMQbg/Reaper*4 ZMQbg/IO/0*4 
2026-09-25T01:29:29+04:00	ck4n-whole-1m	3	583709	488	2	27213824	6045696	uv*1 main2*1 
2026-09-25T01:29:29+04:00	ck4n-whole-1m	3	583725	583709	57	1244209152	963260416	ft*51 ZMQbg/Reaper*3 ZMQbg/IO/0*3 
2026-09-25T01:29:29+04:00	ck4n-whole-1m	3	583912	583725	1	12722176	5939200	python3*1 
2026-09-25T01:29:29+04:00	ck4n-whole-1m	3	583913	583725	45	19081723904	1920876544	python3*36 pt_gloo_runloop*2 ZMQbg/Reaper*2 ZMQbg/IO/0*2 pt_tcpstore_uv*1 cuda0000240000a*1 
2026-09-25T01:29:29+04:00	ck4n-whole-1m	3	583914	583725	57	1206435840	931438592	python3*49 ZMQbg/Reaper*4 ZMQbg/IO/0*4 
2026-09-25T01:29:42+04:00	ck4n-whole-1m	3	583709	488	2	27213824	6045696	uv*1 main2*1 
2026-09-25T01:29:42+04:00	ck4n-whole-1m	3	583725	583709	57	1244209152	963260416	ft*51 ZMQbg/Reaper*3 ZMQbg/IO/0*3 
2026-09-25T01:29:42+04:00	ck4n-whole-1m	3	583912	583725	1	12722176	5939200	python3*1 
2026-09-25T01:29:42+04:00	ck4n-whole-1m	3	583913	583725	45	19081723904	1920876544	python3*36 pt_gloo_runloop*2 ZMQbg/Reaper*2 ZMQbg/IO/0*2 pt_tcpstore_uv*1 cuda0000240000a*1 
2026-09-25T01:29:42+04:00	ck4n-whole-1m	3	583914	583725	57	1206435840	931438592	python3*49 ZMQbg/Reaper*4 ZMQbg/IO/0*4 
2026-09-25T01:29:53+04:00	ck4n-whole-1m	3	583709	488	2	27213824	6045696	uv*1 main2*1 
2026-09-25T01:29:53+04:00	ck4n-whole-1m	3	583725	583709	57	1244209152	963260416	ft*51 ZMQbg/Reaper*3 ZMQbg/IO/0*3 
2026-09-25T01:29:53+04:00	ck4n-whole-1m	3	583912	583725	1	12722176	5939200	python3*1 
2026-09-25T01:29:53+04:00	ck4n-whole-1m	3	583913	583725	45	19081723904	1920876544	python3*36 pt_gloo_runloop*2 ZMQbg/Reaper*2 ZMQbg/IO/0*2 pt_tcpstore_uv*1 cuda0000240000a*1 
2026-09-25T01:29:53+04:00	ck4n-whole-1m	3	583914	583725	57	1206435840	931438592	python3*49 ZMQbg/Reaper*4 ZMQbg/IO/0*4 
2026-09-25T01:30:03+04:00	ck4n-whole-1m	3	583709	488	2	27213824	6045696	uv*1 main2*1 
2026-09-25T01:30:03+04:00	ck4n-whole-1m	3	583725	583709	57	1244209152	963260416	ft*51 ZMQbg/Reaper*3 ZMQbg/IO/0*3 
2026-09-25T01:30:03+04:00	ck4n-whole-1m	3	583912	583725	1	12722176	5939200	python3*1 
2026-09-25T01:30:03+04:00	ck4n-whole-1m	3	583913	583725	45	19081723904	1920876544	python3*36 pt_gloo_runloop*2 ZMQbg/Reaper*2 ZMQbg/IO/0*2 pt_tcpstore_uv*1 cuda0000240000a*1 
2026-09-25T01:30:03+04:00	ck4n-whole-1m	3	583914	583725	57	1206435840	931438592	python3*49 ZMQbg/Reaper*4 ZMQbg/IO/0*4 
2026-09-25T01:30:16+04:00	ck4n-whole-1m	3	583709	488	2	27213824	6045696	uv*1 main2*1 
2026-09-25T01:30:16+04:00	ck4n-whole-1m	3	583725	583709	57	1244209152	963260416	ft*51 ZMQbg/Reaper*3 ZMQbg/IO/0*3 
2026-09-25T01:30:16+04:00	ck4n-whole-1m	3	583912	583725	1	12722176	5939200	python3*1 
2026-09-25T01:30:16+04:00	ck4n-whole-1m	3	583913	583725	45	19081723904	1920876544	python3*36 pt_gloo_runloop*2 ZMQbg/Reaper*2 ZMQbg/IO/0*2 pt_tcpstore_uv*1 cuda0000240000a*1 
2026-09-25T01:30:16+04:00	ck4n-whole-1m	3	583914	583725	57	1206435840	931438592	python3*49 ZMQbg/Reaper*4 ZMQbg/IO/0*4 
2026-09-25T01:30:26+04:00	ck4n-whole-1m	3	583709	488	2	27213824	6045696	uv*1 main2*1 
2026-09-25T01:30:26+04:00	ck4n-whole-1m	3	583725	583709	57	1244209152	963260416	ft*51 ZMQbg/Reaper*3 ZMQbg/IO/0*3 
2026-09-25T01:30:26+04:00	ck4n-whole-1m	3	583912	583725	1	12722176	5939200	python3*1 
2026-09-25T01:30:26+04:00	ck4n-whole-1m	3	583913	583725	45	19081723904	1920876544	python3*36 pt_gloo_runloop*2 ZMQbg/Reaper*2 ZMQbg/IO/0*2 pt_tcpstore_uv*1 cuda0000240000a*1 
2026-09-25T01:30:27+04:00	ck4n-whole-1m	3	583914	583725	57	1206435840	931438592	python3*49 ZMQbg/Reaper*4 ZMQbg/IO/0*4 
2026-09-25T01:30:37+04:00	ck4n-whole-1m	3	583709	488	2	27213824	6045696	uv*1 main2*1 
2026-09-25T01:30:37+04:00	ck4n-whole-1m	3	583725	583709	57	1244209152	963260416	ft*51 ZMQbg/Reaper*3 ZMQbg/IO/0*3 
2026-09-25T01:30:37+04:00	ck4n-whole-1m	3	583912	583725	1	12722176	5939200	python3*1 
2026-09-25T01:30:37+04:00	ck4n-whole-1m	3	583913	583725	45	19081723904	1920876544	python3*36 pt_gloo_runloop*2 ZMQbg/Reaper*2 ZMQbg/IO/0*2 pt_tcpstore_uv*1 cuda0000240000a*1 
2026-09-25T01:30:37+04:00	ck4n-whole-1m	3	583914	583725	57	1206435840	931438592	python3*49 ZMQbg/Reaper*4 ZMQbg/IO/0*4 
2026-09-25T01:30:50+04:00	ck4n-whole-1m	3	583709	488	2	27213824	6045696	uv*1 main2*1 
2026-09-25T01:30:50+04:00	ck4n-whole-1m	3	583725	583709	57	1244102656	963260416	ft*51 ZMQbg/Reaper*3 ZMQbg/IO/0*3 
2026-09-25T01:30:50+04:00	ck4n-whole-1m	3	583912	583725	1	12722176	5939200	python3*1 
2026-09-25T01:30:50+04:00	ck4n-whole-1m	3	583913	583725	45	19081351168	1920876544	python3*36 pt_gloo_runloop*2 ZMQbg/Reaper*2 ZMQbg/IO/0*2 pt_tcpstore_uv*1 cuda0000240000a*1 
2026-09-25T01:30:50+04:00	ck4n-whole-1m	3	583914	583725	57	1206329344	931438592	python3*49 ZMQbg/Reaper*4 ZMQbg/IO/0*4 
2026-09-25T01:31:00+04:00	ck4n-whole-1m	3	583709	488	2	27213824	6045696	uv*1 main2*1 
2026-09-25T01:31:00+04:00	ck4n-whole-1m	3	583725	583709	57	1244102656	963260416	ft*51 ZMQbg/Reaper*3 ZMQbg/IO/0*3 
2026-09-25T01:31:00+04:00	ck4n-whole-1m	3	583912	583725	1	12722176	5939200	python3*1 
2026-09-25T01:31:00+04:00	ck4n-whole-1m	3	583913	583725	45	19081351168	1920876544	python3*36 pt_gloo_runloop*2 ZMQbg/Reaper*2 ZMQbg/IO/0*2 pt_tcpstore_uv*1 cuda0000240000a*1 
2026-09-25T01:31:00+04:00	ck4n-whole-1m	3	583914	583725	57	1206329344	931438592	python3*49 ZMQbg/Reaper*4 ZMQbg/IO/0*4 
2026-09-25T01:31:10+04:00	ck4n-whole-1m	3	583709	488	2	27213824	6045696	uv*1 main2*1 
2026-09-25T01:31:10+04:00	ck4n-whole-1m	3	583725	583709	57	1244102656	963260416	ft*51 ZMQbg/Reaper*3 ZMQbg/IO/0*3 
2026-09-25T01:31:10+04:00	ck4n-whole-1m	3	583912	583725	1	12722176	5939200	python3*1 
2026-09-25T01:31:10+04:00	ck4n-whole-1m	3	583913	583725	45	19081351168	1920876544	python3*36 pt_gloo_runloop*2 ZMQbg/Reaper*2 ZMQbg/IO/0*2 pt_tcpstore_uv*1 cuda0000240000a*1 
2026-09-25T01:31:11+04:00	ck4n-whole-1m	3	583914	583725	57	1206329344	931438592	python3*49 ZMQbg/Reaper*4 ZMQbg/IO/0*4 
2026-09-25T01:31:24+04:00	ck4n-whole-1m	3	583709	488	2	27213824	6045696	uv*1 main2*1 
2026-09-25T01:31:24+04:00	ck4n-whole-1m	3	583725	583709	57	1244102656	963260416	ft*51 ZMQbg/Reaper*3 ZMQbg/IO/0*3 
2026-09-25T01:31:24+04:00	ck4n-whole-1m	3	583912	583725	1	12722176	5939200	python3*1 
2026-09-25T01:31:24+04:00	ck4n-whole-1m	3	583913	583725	45	19081351168	1920876544	python3*36 pt_gloo_runloop*2 ZMQbg/Reaper*2 ZMQbg/IO/0*2 pt_tcpstore_uv*1 cuda0000240000a*1 
2026-09-25T01:31:24+04:00	ck4n-whole-1m	3	583914	583725	57	1206329344	931438592	python3*49 ZMQbg/Reaper*4 ZMQbg/IO/0*4 
2026-09-25T01:31:34+04:00	ck4n-whole-1m	3	583709	488	2	27213824	6045696	uv*1 main2*1 
2026-09-25T01:31:34+04:00	ck4n-whole-1m	3	583725	583709	57	1244102656	963260416	ft*51 ZMQbg/Reaper*3 ZMQbg/IO/0*3 
2026-09-25T01:31:34+04:00	ck4n-whole-1m	3	583912	583725	1	12722176	5939200	python3*1 
2026-09-25T01:31:34+04:00	ck4n-whole-1m	3	583913	583725	45	19081351168	1920876544	python3*36 pt_gloo_runloop*2 ZMQbg/Reaper*2 ZMQbg/IO/0*2 pt_tcpstore_uv*1 cuda0000240000a*1 
2026-09-25T01:31:34+04:00	ck4n-whole-1m	3	583914	583725	57	1206329344	931438592	python3*49 ZMQbg/Reaper*4 ZMQbg/IO/0*4 
2026-09-25T01:31:44+04:00	ck4n-whole-1m	3	583709	488	2	27213824	6045696	uv*1 main2*1 
2026-09-25T01:31:44+04:00	ck4n-whole-1m	3	583725	583709	57	1244102656	963260416	ft*51 ZMQbg/Reaper*3 ZMQbg/IO/0*3 
2026-09-25T01:31:44+04:00	ck4n-whole-1m	3	583912	583725	1	12722176	5939200	python3*1 
2026-09-25T01:31:44+04:00	ck4n-whole-1m	3	583913	583725	45	19081351168	1920876544	python3*36 pt_gloo_runloop*2 ZMQbg/Reaper*2 ZMQbg/IO/0*2 pt_tcpstore_uv*1 cuda0000240000a*1 
2026-09-25T01:31:44+04:00	ck4n-whole-1m	3	583914	583725	57	1206329344	931438592	python3*49 ZMQbg/Reaper*4 ZMQbg/IO/0*4 
2026-09-25T01:31:55+04:00	ck4n-whole-1m	3	583709	488	2	27213824	6045696	uv*1 main2*1 
2026-09-25T01:31:55+04:00	ck4n-whole-1m	3	583725	583709	57	1244102656	963260416	ft*51 ZMQbg/Reaper*3 ZMQbg/IO/0*3 
2026-09-25T01:31:55+04:00	ck4n-whole-1m	3	583912	583725	1	12722176	5939200	python3*1 
2026-09-25T01:31:55+04:00	ck4n-whole-1m	3	583913	583725	45	19081351168	1920876544	python3*36 pt_gloo_runloop*2 ZMQbg/Reaper*2 ZMQbg/IO/0*2 pt_tcpstore_uv*1 cuda0000240000a*1 
2026-09-25T01:31:55+04:00	ck4n-whole-1m	3	583914	583725	57	1206329344	931438592	python3*49 ZMQbg/Reaper*4 ZMQbg/IO/0*4 
2026-09-25T01:32:05+04:00	ck4n-whole-1m	3	583709	488	2	27213824	6045696	uv*1 main2*1 
2026-09-25T01:32:05+04:00	ck4n-whole-1m	3	583725	583709	57	1244102656	963260416	ft*51 ZMQbg/Reaper*3 ZMQbg/IO/0*3 
2026-09-25T01:32:05+04:00	ck4n-whole-1m	3	583912	583725	1	12722176	5939200	python3*1 
2026-09-25T01:32:05+04:00	ck4n-whole-1m	3	583913	583725	45	19081351168	1920876544	python3*36 pt_gloo_runloop*2 ZMQbg/Reaper*2 ZMQbg/IO/0*2 pt_tcpstore_uv*1 cuda0000240000a*1 
2026-09-25T01:32:05+04:00	ck4n-whole-1m	3	583914	583725	57	1206329344	931438592	python3*49 ZMQbg/Reaper*4 ZMQbg/IO/0*4 
2026-09-25T01:32:16+04:00	ck4n-whole-1m	3	583709	488	2	27213824	6045696	uv*1 main2*1 
2026-09-25T01:32:16+04:00	ck4n-whole-1m	3	583725	583709	57	1244102656	963260416	ft*51 ZMQbg/Reaper*3 ZMQbg/IO/0*3 
2026-09-25T01:32:16+04:00	ck4n-whole-1m	3	583912	583725	1	12722176	5939200	python3*1 
2026-09-25T01:32:16+04:00	ck4n-whole-1m	3	583913	583725	45	19081351168	1920876544	python3*36 pt_gloo_runloop*2 ZMQbg/Reaper*2 ZMQbg/IO/0*2 pt_tcpstore_uv*1 cuda0000240000a*1 
2026-09-25T01:32:16+04:00	ck4n-whole-1m	3	583914	583725	57	1206329344	931438592	python3*49 ZMQbg/Reaper*4 ZMQbg/IO/0*4 
2026-09-25T01:32:28+04:00	ck4n-whole-1m	3	583709	488	2	27213824	6045696	uv*1 main2*1 
2026-09-25T01:32:28+04:00	ck4n-whole-1m	3	583725	583709	57	1244102656	963260416	ft*51 ZMQbg/Reaper*3 ZMQbg/IO/0*3 
2026-09-25T01:32:28+04:00	ck4n-whole-1m	3	583912	583725	1	12722176	5939200	python3*1 
2026-09-25T01:32:28+04:00	ck4n-whole-1m	3	583913	583725	45	19081351168	1920876544	python3*36 pt_gloo_runloop*2 ZMQbg/Reaper*2 ZMQbg/IO/0*2 pt_tcpstore_uv*1 cuda0000240000a*1 
2026-09-25T01:32:28+04:00	ck4n-whole-1m	3	583914	583725	57	1206329344	931438592	python3*49 ZMQbg/Reaper*4 ZMQbg/IO/0*4 
2026-09-25T01:32:38+04:00	ck4n-whole-1m	3	583709	488	2	27213824	6045696	uv*1 main2*1 
2026-09-25T01:32:38+04:00	ck4n-whole-1m	3	583725	583709	57	1244102656	963260416	ft*51 ZMQbg/Reaper*3 ZMQbg/IO/0*3 
2026-09-25T01:32:38+04:00	ck4n-whole-1m	3	583912	583725	1	12722176	5939200	python3*1 
2026-09-25T01:32:38+04:00	ck4n-whole-1m	3	583913	583725	45	19081351168	1920876544	python3*36 pt_gloo_runloop*2 ZMQbg/Reaper*2 ZMQbg/IO/0*2 pt_tcpstore_uv*1 cuda0000240000a*1 
2026-09-25T01:32:38+04:00	ck4n-whole-1m	3	583914	583725	57	1206329344	931438592	python3*49 ZMQbg/Reaper*4 ZMQbg/IO/0*4 
2026-09-25T01:32:48+04:00	ck4n-whole-1m	3	583709	488	2	27213824	6045696	uv*1 main2*1 
2026-09-25T01:32:48+04:00	ck4n-whole-1m	3	583725	583709	57	1244102656	963260416	ft*51 ZMQbg/Reaper*3 ZMQbg/IO/0*3 
2026-09-25T01:32:49+04:00	ck4n-whole-1m	3	583912	583725	1	12722176	5939200	python3*1 
2026-09-25T01:32:49+04:00	ck4n-whole-1m	3	583913	583725	45	19081351168	1920876544	python3*36 pt_gloo_runloop*2 ZMQbg/Reaper*2 ZMQbg/IO/0*2 pt_tcpstore_uv*1 cuda0000240000a*1 
2026-09-25T01:32:49+04:00	ck4n-whole-1m	3	583914	583725	57	1206329344	931438592	python3*49 ZMQbg/Reaper*4 ZMQbg/IO/0*4 
2026-09-25T01:33:02+04:00	ck4n-whole-1m	3	583709	488	2	27213824	6045696	uv*1 main2*1 
2026-09-25T01:33:02+04:00	ck4n-whole-1m	3	583725	583709	57	1244102656	963260416	ft*51 ZMQbg/Reaper*3 ZMQbg/IO/0*3 
2026-09-25T01:33:02+04:00	ck4n-whole-1m	3	583912	583725	1	12722176	5939200	python3*1 
2026-09-25T01:33:02+04:00	ck4n-whole-1m	3	583913	583725	45	19081351168	1920876544	python3*36 pt_gloo_runloop*2 ZMQbg/Reaper*2 ZMQbg/IO/0*2 pt_tcpstore_uv*1 cuda0000240000a*1 
2026-09-25T01:33:02+04:00	ck4n-whole-1m	3	583914	583725	57	1206329344	931438592	python3*49 ZMQbg/Reaper*4 ZMQbg/IO/0*4 
2026-09-25T01:33:12+04:00	ck4n-whole-1m	3	583709	488	2	27213824	6045696	uv*1 main2*1 
2026-09-25T01:33:12+04:00	ck4n-whole-1m	3	583725	583709	57	1244102656	963260416	ft*51 ZMQbg/Reaper*3 ZMQbg/IO/0*3 
2026-09-25T01:33:12+04:00	ck4n-whole-1m	3	583912	583725	1	12722176	5939200	python3*1 
2026-09-25T01:33:12+04:00	ck4n-whole-1m	3	583913	583725	45	19081351168	1920876544	python3*36 pt_gloo_runloop*2 ZMQbg/Reaper*2 ZMQbg/IO/0*2 pt_tcpstore_uv*1 cuda0000240000a*1 
2026-09-25T01:33:12+04:00	ck4n-whole-1m	3	583914	583725	57	1206329344	931438592	python3*49 ZMQbg/Reaper*4 ZMQbg/IO/0*4 
2026-09-25T01:33:22+04:00	ck4n-whole-1m	3	583709	488	2	27213824	6045696	uv*1 main2*1 
2026-09-25T01:33:22+04:00	ck4n-whole-1m	3	583725	583709	57	1244102656	963260416	ft*51 ZMQbg/Reaper*3 ZMQbg/IO/0*3 
2026-09-25T01:33:22+04:00	ck4n-whole-1m	3	583912	583725	1	12722176	5939200	python3*1 
2026-09-25T01:33:22+04:00	ck4n-whole-1m	3	583913	583725	45	19081351168	1920876544	python3*36 pt_gloo_runloop*2 ZMQbg/Reaper*2 ZMQbg/IO/0*2 pt_tcpstore_uv*1 cuda0000240000a*1 
2026-09-25T01:33:22+04:00	ck4n-whole-1m	3	583914	583725	57	1206329344	931438592	python3*49 ZMQbg/Reaper*4 ZMQbg/IO/0*4 
2026-09-25T01:33:35+04:00	ck4n-whole-1m	3	583709	488	2	27213824	6045696	uv*1 main2*1 
2026-09-25T01:33:35+04:00	ck4n-whole-1m	3	583725	583709	57	1244102656	963260416	ft*51 ZMQbg/Reaper*3 ZMQbg/IO/0*3 
2026-09-25T01:33:35+04:00	ck4n-whole-1m	3	583912	583725	1	12722176	5939200	python3*1 
2026-09-25T01:33:35+04:00	ck4n-whole-1m	3	583913	583725	45	19081351168	1920876544	python3*36 pt_gloo_runloop*2 ZMQbg/Reaper*2 ZMQbg/IO/0*2 pt_tcpstore_uv*1 cuda0000240000a*1 
2026-09-25T01:33:36+04:00	ck4n-whole-1m	3	583914	583725	57	1206329344	931438592	python3*49 ZMQbg/Reaper*4 ZMQbg/IO/0*4 
2026-09-25T01:33:46+04:00	ck4n-whole-1m	3	583709	488	2	27213824	6045696	uv*1 main2*1 
2026-09-25T01:33:46+04:00	ck4n-whole-1m	3	583725	583709	57	1244102656	963260416	ft*51 ZMQbg/Reaper*3 ZMQbg/IO/0*3 
2026-09-25T01:33:46+04:00	ck4n-whole-1m	3	583912	583725	1	12722176	5939200	python3*1 
2026-09-25T01:33:46+04:00	ck4n-whole-1m	3	583913	583725	45	19081351168	1920876544	python3*36 pt_gloo_runloop*2 ZMQbg/Reaper*2 ZMQbg/IO/0*2 pt_tcpstore_uv*1 cuda0000240000a*1 
2026-09-25T01:33:46+04:00	ck4n-whole-1m	3	583914	583725	57	1206329344	931438592	python3*49 ZMQbg/Reaper*4 ZMQbg/IO/0*4 
2026-09-25T01:33:56+04:00	ck4n-whole-1m	3	583709	488	2	27213824	6045696	uv*1 main2*1 
2026-09-25T01:33:56+04:00	ck4n-whole-1m	3	583725	583709	57	1244102656	963260416	ft*51 ZMQbg/Reaper*3 ZMQbg/IO/0*3 
2026-09-25T01:33:56+04:00	ck4n-whole-1m	3	583912	583725	1	12722176	5939200	python3*1 
2026-09-25T01:33:56+04:00	ck4n-whole-1m	3	583913	583725	45	19081351168	1920876544	python3*36 pt_gloo_runloop*2 ZMQbg/Reaper*2 ZMQbg/IO/0*2 pt_tcpstore_uv*1 cuda0000240000a*1 
2026-09-25T01:33:56+04:00	ck4n-whole-1m	3	583914	583725	57	1206329344	931438592	python3*49 ZMQbg/Reaper*4 ZMQbg/IO/0*4 
2026-09-25T01:34:06+04:00	ck4n-whole-1m	3	583709	488	2	27213824	6045696	uv*1 main2*1 
2026-09-25T01:34:06+04:00	ck4n-whole-1m	3	583725	583709	57	1244102656	963260416	ft*51 ZMQbg/Reaper*3 ZMQbg/IO/0*3 
2026-09-25T01:34:06+04:00	ck4n-whole-1m	3	583912	583725	1	12722176	5939200	python3*1 
2026-09-25T01:34:06+04:00	ck4n-whole-1m	3	583913	583725	45	19081351168	1920876544	python3*36 pt_gloo_runloop*2 ZMQbg/Reaper*2 ZMQbg/IO/0*2 pt_tcpstore_uv*1 cuda0000240000a*1 
2026-09-25T01:34:06+04:00	ck4n-whole-1m	3	583914	583725	57	1206329344	931438592	python3*49 ZMQbg/Reaper*4 ZMQbg/IO/0*4 
2026-09-25T01:34:19+04:00	ck4n-whole-1m	3	583709	488	2	27213824	6045696	uv*1 main2*1 
2026-09-25T01:34:19+04:00	ck4n-whole-1m	3	583725	583709	57	1244102656	963260416	ft*51 ZMQbg/Reaper*3 ZMQbg/IO/0*3 
2026-09-25T01:34:19+04:00	ck4n-whole-1m	3	583912	583725	1	12722176	5939200	python3*1 
2026-09-25T01:34:19+04:00	ck4n-whole-1m	3	583913	583725	45	19081351168	1920876544	python3*36 pt_gloo_runloop*2 ZMQbg/Reaper*2 ZMQbg/IO/0*2 pt_tcpstore_uv*1 cuda0000240000a*1 
2026-09-25T01:34:20+04:00	ck4n-whole-1m	3	583914	583725	57	1206329344	931438592	python3*49 ZMQbg/Reaper*4 ZMQbg/IO/0*4 
2026-09-25T01:34:30+04:00	ck4n-whole-1m	3	583709	488	2	27213824	6045696	uv*1 main2*1 
2026-09-25T01:34:30+04:00	ck4n-whole-1m	3	583725	583709	57	1244102656	963260416	ft*51 ZMQbg/Reaper*3 ZMQbg/IO/0*3 
2026-09-25T01:34:30+04:00	ck4n-whole-1m	3	583912	583725	1	12722176	5939200	python3*1 
2026-09-25T01:34:30+04:00	ck4n-whole-1m	3	583913	583725	45	19081351168	1920876544	python3*36 pt_gloo_runloop*2 ZMQbg/Reaper*2 ZMQbg/IO/0*2 pt_tcpstore_uv*1 cuda0000240000a*1 
2026-09-25T01:34:30+04:00	ck4n-whole-1m	3	583914	583725	57	1206329344	931438592	python3*49 ZMQbg/Reaper*4 ZMQbg/IO/0*4 
2026-09-25T01:34:40+04:00	ck4n-whole-1m	3	583709	488	2	27213824	6045696	uv*1 main2*1 
2026-09-25T01:34:40+04:00	ck4n-whole-1m	3	583725	583709	57	1244102656	963260416	ft*51 ZMQbg/Reaper*3 ZMQbg/IO/0*3 
2026-09-25T01:34:40+04:00	ck4n-whole-1m	3	583912	583725	1	12722176	5939200	python3*1 
2026-09-25T01:34:40+04:00	ck4n-whole-1m	3	583913	583725	45	19081351168	1920876544	python3*36 pt_gloo_runloop*2 ZMQbg/Reaper*2 ZMQbg/IO/0*2 pt_tcpstore_uv*1 cuda0000240000a*1 
2026-09-25T01:34:40+04:00	ck4n-whole-1m	3	583914	583725	57	1206329344	931438592	python3*49 ZMQbg/Reaper*4 ZMQbg/IO/0*4 
2026-09-25T01:34:53+04:00	ck4n-whole-1m	3	583709	488	2	27213824	6045696	uv*1 main2*1 
2026-09-25T01:34:53+04:00	ck4n-whole-1m	3	583725	583709	57	1244102656	963260416	ft*51 ZMQbg/Reaper*3 ZMQbg/IO/0*3 
2026-09-25T01:34:53+04:00	ck4n-whole-1m	3	583912	583725	1	12722176	5939200	python3*1 
2026-09-25T01:34:53+04:00	ck4n-whole-1m	3	583913	583725	45	19081351168	1920876544	python3*36 pt_gloo_runloop*2 ZMQbg/Reaper*2 ZMQbg/IO/0*2 pt_tcpstore_uv*1 cuda0000240000a*1 
2026-09-25T01:34:53+04:00	ck4n-whole-1m	3	583914	583725	57	1206329344	931438592	python3*49 ZMQbg/Reaper*4 ZMQbg/IO/0*4 
2026-09-25T01:35:03+04:00	ck4n-whole-1m	3	583709	488	2	27213824	6045696	uv*1 main2*1 
2026-09-25T01:35:03+04:00	ck4n-whole-1m	3	583725	583709	57	1244102656	963260416	ft*51 ZMQbg/Reaper*3 ZMQbg/IO/0*3 
2026-09-25T01:35:03+04:00	ck4n-whole-1m	3	583912	583725	1	12722176	5939200	python3*1 
2026-09-25T01:35:03+04:00	ck4n-whole-1m	3	583913	583725	45	19081351168	1920876544	python3*36 pt_gloo_runloop*2 ZMQbg/Reaper*2 ZMQbg/IO/0*2 pt_tcpstore_uv*1 cuda0000240000a*1 
2026-09-25T01:35:03+04:00	ck4n-whole-1m	3	583914	583725	57	1206329344	931438592	python3*49 ZMQbg/Reaper*4 ZMQbg/IO/0*4 
2026-09-25T01:35:13+04:00	ck4n-whole-1m	3	583709	488	2	27213824	6045696	uv*1 main2*1 
2026-09-25T01:35:13+04:00	ck4n-whole-1m	3	583725	583709	57	1244102656	963260416	ft*51 ZMQbg/Reaper*3 ZMQbg/IO/0*3 
2026-09-25T01:35:13+04:00	ck4n-whole-1m	3	583912	583725	1	12722176	5939200	python3*1 
2026-09-25T01:35:13+04:00	ck4n-whole-1m	3	583913	583725	45	19081351168	1920876544	python3*36 pt_gloo_runloop*2 ZMQbg/Reaper*2 ZMQbg/IO/0*2 pt_tcpstore_uv*1 cuda0000240000a*1 
2026-09-25T01:35:13+04:00	ck4n-whole-1m	3	583914	583725	57	1206329344	931438592	python3*49 ZMQbg/Reaper*4 ZMQbg/IO/0*4 
2026-09-25T01:35:26+04:00	ck4n-whole-1m	3	583709	488	2	27213824	6045696	uv*1 main2*1 
2026-09-25T01:35:26+04:00	ck4n-whole-1m	3	583725	583709	57	1244102656	963260416	ft*51 ZMQbg/Reaper*3 ZMQbg/IO/0*3 
2026-09-25T01:35:26+04:00	ck4n-whole-1m	3	583912	583725	1	12722176	5939200	python3*1 
2026-09-25T01:35:26+04:00	ck4n-whole-1m	3	583913	583725	45	19081351168	1920876544	python3*36 pt_gloo_runloop*2 ZMQbg/Reaper*2 ZMQbg/IO/0*2 pt_tcpstore_uv*1 cuda0000240000a*1 
2026-09-25T01:35:26+04:00	ck4n-whole-1m	3	583914	583725	57	1206329344	931438592	python3*49 ZMQbg/Reaper*4 ZMQbg/IO/0*4 
2026-09-25T01:35:36+04:00	ck4n-whole-1m	3	583709	488	2	27213824	6045696	uv*1 main2*1 
2026-09-25T01:35:36+04:00	ck4n-whole-1m	3	583725	583709	57	1244102656	963260416	ft*51 ZMQbg/Reaper*3 ZMQbg/IO/0*3 
2026-09-25T01:35:36+04:00	ck4n-whole-1m	3	583912	583725	1	12722176	5939200	python3*1 
2026-09-25T01:35:36+04:00	ck4n-whole-1m	3	583913	583725	45	19081351168	1920876544	python3*36 pt_gloo_runloop*2 ZMQbg/Reaper*2 ZMQbg/IO/0*2 pt_tcpstore_uv*1 cuda0000240000a*1 
2026-09-25T01:35:36+04:00	ck4n-whole-1m	3	583914	583725	57	1206329344	931438592	python3*49 ZMQbg/Reaper*4 ZMQbg/IO/0*4 
2026-09-25T01:35:46+04:00	ck4n-whole-1m	3	583709	488	2	27213824	6045696	uv*1 main2*1 
2026-09-25T01:35:46+04:00	ck4n-whole-1m	3	583725	583709	57	1243217920	963260416	ft*51 ZMQbg/Reaper*3 ZMQbg/IO/0*3 
2026-09-25T01:35:46+04:00	ck4n-whole-1m	3	583912	583725	1	12722176	5939200	python3*1 
2026-09-25T01:35:46+04:00	ck4n-whole-1m	3	583913	583725	45	19079815168	1920876544	python3*36 pt_gloo_runloop*2 ZMQbg/Reaper*2 ZMQbg/IO/0*2 pt_tcpstore_uv*1 cuda0000240000a*1 
2026-09-25T01:35:47+04:00	ck4n-whole-1m	3	583914	583725	57	1205456896	931438592	python3*49 ZMQbg/Reaper*4 ZMQbg/IO/0*4 
2026-09-25T01:36:00+04:00	ck4n-whole-1m	3	583709	488	2	27213824	6045696	uv*1 main2*1 
2026-09-25T01:36:00+04:00	ck4n-whole-1m	3	583725	583709	57	1243217920	963260416	ft*51 ZMQbg/Reaper*3 ZMQbg/IO/0*3 
2026-09-25T01:36:00+04:00	ck4n-whole-1m	3	583912	583725	1	12722176	5939200	python3*1 
2026-09-25T01:36:00+04:00	ck4n-whole-1m	3	583913	583725	45	19079815168	1920876544	python3*36 pt_gloo_runloop*2 ZMQbg/Reaper*2 ZMQbg/IO/0*2 pt_tcpstore_uv*1 cuda0000240000a*1 
2026-09-25T01:36:00+04:00	ck4n-whole-1m	3	583914	583725	57	1205456896	931438592	python3*49 ZMQbg/Reaper*4 ZMQbg/IO/0*4 
2026-09-25T01:36:10+04:00	ck4n-whole-1m	3	583709	488	2	27213824	6045696	uv*1 main2*1 
2026-09-25T01:36:10+04:00	ck4n-whole-1m	3	583725	583709	57	1243217920	963260416	ft*51 ZMQbg/Reaper*3 ZMQbg/IO/0*3 
2026-09-25T01:36:10+04:00	ck4n-whole-1m	3	583912	583725	1	12722176	5939200	python3*1 
2026-09-25T01:36:10+04:00	ck4n-whole-1m	3	583913	583725	45	19079815168	1920876544	python3*36 pt_gloo_runloop*2 ZMQbg/Reaper*2 ZMQbg/IO/0*2 pt_tcpstore_uv*1 cuda0000240000a*1 
2026-09-25T01:36:10+04:00	ck4n-whole-1m	3	583914	583725	57	1205456896	931438592	python3*49 ZMQbg/Reaper*4 ZMQbg/IO/0*4 
2026-09-25T01:36:20+04:00	ck4n-whole-1m	3	583709	488	2	27213824	6045696	uv*1 main2*1 
2026-09-25T01:36:20+04:00	ck4n-whole-1m	3	583725	583709	57	1243217920	963260416	ft*51 ZMQbg/Reaper*3 ZMQbg/IO/0*3 
2026-09-25T01:36:20+04:00	ck4n-whole-1m	3	583912	583725	1	12722176	5939200	python3*1 
2026-09-25T01:36:20+04:00	ck4n-whole-1m	3	583913	583725	45	19079815168	1920876544	python3*36 pt_gloo_runloop*2 ZMQbg/Reaper*2 ZMQbg/IO/0*2 pt_tcpstore_uv*1 cuda0000240000a*1 
2026-09-25T01:36:20+04:00	ck4n-whole-1m	3	583914	583725	57	1205456896	931438592	python3*49 ZMQbg/Reaper*4 ZMQbg/IO/0*4 
2026-09-25T01:36:33+04:00	ck4n-whole-1m	3	583709	488	2	27213824	6045696	uv*1 main2*1 
2026-09-25T01:36:33+04:00	ck4n-whole-1m	3	583725	583709	57	1243217920	963260416	ft*51 ZMQbg/Reaper*3 ZMQbg/IO/0*3 
2026-09-25T01:36:33+04:00	ck4n-whole-1m	3	583912	583725	1	12722176	5939200	python3*1 
2026-09-25T01:36:33+04:00	ck4n-whole-1m	3	583913	583725	45	19079815168	1920876544	python3*36 pt_gloo_runloop*2 ZMQbg/Reaper*2 ZMQbg/IO/0*2 pt_tcpstore_uv*1 cuda0000240000a*1 
2026-09-25T01:36:33+04:00	ck4n-whole-1m	3	583914	583725	57	1205456896	931438592	python3*49 ZMQbg/Reaper*4 ZMQbg/IO/0*4 
2026-09-25T01:36:43+04:00	ck4n-whole-1m	3	583709	488	2	27213824	6045696	uv*1 main2*1 
2026-09-25T01:36:43+04:00	ck4n-whole-1m	3	583725	583709	57	1243217920	963260416	ft*51 ZMQbg/Reaper*3 ZMQbg/IO/0*3 
2026-09-25T01:36:43+04:00	ck4n-whole-1m	3	583912	583725	1	12722176	5939200	python3*1 
2026-09-25T01:36:43+04:00	ck4n-whole-1m	3	583913	583725	45	19079815168	1920876544	python3*36 pt_gloo_runloop*2 ZMQbg/Reaper*2 ZMQbg/IO/0*2 pt_tcpstore_uv*1 cuda0000240000a*1 
2026-09-25T01:36:44+04:00	ck4n-whole-1m	3	583914	583725	57	1205456896	931438592	python3*49 ZMQbg/Reaper*4 ZMQbg/IO/0*4 
2026-09-25T01:36:54+04:00	ck4n-whole-1m	3	583709	488	2	27213824	6045696	uv*1 main2*1 
2026-09-25T01:36:54+04:00	ck4n-whole-1m	3	583725	583709	57	1243217920	963260416	ft*51 ZMQbg/Reaper*3 ZMQbg/IO/0*3 
2026-09-25T01:36:54+04:00	ck4n-whole-1m	3	583912	583725	1	12722176	5939200	python3*1 
2026-09-25T01:36:54+04:00	ck4n-whole-1m	3	583913	583725	45	19079815168	1920876544	python3*36 pt_gloo_runloop*2 ZMQbg/Reaper*2 ZMQbg/IO/0*2 pt_tcpstore_uv*1 cuda0000240000a*1 
2026-09-25T01:36:54+04:00	ck4n-whole-1m	3	583914	583725	57	1205456896	931438592	python3*49 ZMQbg/Reaper*4 ZMQbg/IO/0*4 
2026-09-25T01:37:06+04:00	ck4n-whole-1m	3	583709	488	2	27213824	6045696	uv*1 main2*1 
2026-09-25T01:37:06+04:00	ck4n-whole-1m	3	583725	583709	57	1243217920	963260416	ft*51 ZMQbg/Reaper*3 ZMQbg/IO/0*3 
2026-09-25T01:37:07+04:00	ck4n-whole-1m	3	583912	583725	1	12722176	5939200	python3*1 
2026-09-25T01:37:07+04:00	ck4n-whole-1m	3	583913	583725	45	19079815168	1920876544	python3*36 pt_gloo_runloop*2 ZMQbg/Reaper*2 ZMQbg/IO/0*2 pt_tcpstore_uv*1 cuda0000240000a*1 
2026-09-25T01:37:07+04:00	ck4n-whole-1m	3	583914	583725	57	1205456896	931438592	python3*49 ZMQbg/Reaper*4 ZMQbg/IO/0*4 
2026-09-25T01:37:17+04:00	ck4n-whole-1m	3	583709	488	2	27213824	6045696	uv*1 main2*1 
2026-09-25T01:37:17+04:00	ck4n-whole-1m	3	583725	583709	57	1243217920	963260416	ft*51 ZMQbg/Reaper*3 ZMQbg/IO/0*3 
2026-09-25T01:37:17+04:00	ck4n-whole-1m	3	583912	583725	1	12722176	5939200	python3*1 
2026-09-25T01:37:17+04:00	ck4n-whole-1m	3	583913	583725	45	19079815168	1920876544	python3*36 pt_gloo_runloop*2 ZMQbg/Reaper*2 ZMQbg/IO/0*2 pt_tcpstore_uv*1 cuda0000240000a*1 
2026-09-25T01:37:17+04:00	ck4n-whole-1m	3	583914	583725	57	1205456896	931438592	python3*49 ZMQbg/Reaper*4 ZMQbg/IO/0*4 
2026-09-25T01:37:27+04:00	ck4n-whole-1m	3	583709	488	2	27213824	6045696	uv*1 main2*1 
2026-09-25T01:37:27+04:00	ck4n-whole-1m	3	583725	583709	57	1243217920	963260416	ft*51 ZMQbg/Reaper*3 ZMQbg/IO/0*3 
2026-09-25T01:37:27+04:00	ck4n-whole-1m	3	583912	583725	1	12722176	5939200	python3*1 
2026-09-25T01:37:27+04:00	ck4n-whole-1m	3	583913	583725	45	19079815168	1920876544	python3*36 pt_gloo_runloop*2 ZMQbg/Reaper*2 ZMQbg/IO/0*2 pt_tcpstore_uv*1 cuda0000240000a*1 
2026-09-25T01:37:27+04:00	ck4n-whole-1m	3	583914	583725	57	1205456896	931438592	python3*49 ZMQbg/Reaper*4 ZMQbg/IO/0*4 
2026-09-25T01:37:40+04:00	ck4n-whole-1m	3	583709	488	2	27213824	6045696	uv*1 main2*1 
2026-09-25T01:37:40+04:00	ck4n-whole-1m	3	583725	583709	57	1243217920	963260416	ft*51 ZMQbg/Reaper*3 ZMQbg/IO/0*3 
2026-09-25T01:37:40+04:00	ck4n-whole-1m	3	583912	583725	1	12722176	5939200	python3*1 
2026-09-25T01:37:40+04:00	ck4n-whole-1m	3	583913	583725	45	19079815168	1920876544	python3*36 pt_gloo_runloop*2 ZMQbg/Reaper*2 ZMQbg/IO/0*2 pt_tcpstore_uv*1 cuda0000240000a*1 
2026-09-25T01:37:40+04:00	ck4n-whole-1m	3	583914	583725	57	1205456896	931438592	python3*49 ZMQbg/Reaper*4 ZMQbg/IO/0*4 
2026-09-25T01:37:50+04:00	ck4n-whole-1m	3	583709	488	2	27213824	6045696	uv*1 main2*1 
2026-09-25T01:37:50+04:00	ck4n-whole-1m	3	583725	583709	57	1243217920	963260416	ft*51 ZMQbg/Reaper*3 ZMQbg/IO/0*3 
2026-09-25T01:37:50+04:00	ck4n-whole-1m	3	583912	583725	1	12722176	5939200	python3*1 
2026-09-25T01:37:50+04:00	ck4n-whole-1m	3	583913	583725	45	19079815168	1920876544	python3*36 pt_gloo_runloop*2 ZMQbg/Reaper*2 ZMQbg/IO/0*2 pt_tcpstore_uv*1 cuda0000240000a*1 
2026-09-25T01:37:50+04:00	ck4n-whole-1m	3	583914	583725	57	1205456896	931438592	python3*49 ZMQbg/Reaper*4 ZMQbg/IO/0*4 
2026-09-25T01:38:01+04:00	ck4n-whole-1m	3	583709	488	2	27213824	6045696	uv*1 main2*1 
2026-09-25T01:38:01+04:00	ck4n-whole-1m	3	583725	583709	57	1243217920	963260416	ft*51 ZMQbg/Reaper*3 ZMQbg/IO/0*3 
2026-09-25T01:38:01+04:00	ck4n-whole-1m	3	583912	583725	1	12722176	5939200	python3*1 
2026-09-25T01:38:01+04:00	ck4n-whole-1m	3	583913	583725	45	19079815168	1920876544	python3*36 pt_gloo_runloop*2 ZMQbg/Reaper*2 ZMQbg/IO/0*2 pt_tcpstore_uv*1 cuda0000240000a*1 
2026-09-25T01:38:01+04:00	ck4n-whole-1m	3	583914	583725	57	1205456896	931438592	python3*49 ZMQbg/Reaper*4 ZMQbg/IO/0*4 
2026-09-25T01:38:11+04:00	ck4n-whole-1m	3	583709	488	2	27213824	6045696	uv*1 main2*1 
2026-09-25T01:38:11+04:00	ck4n-whole-1m	3	583725	583709	57	1243217920	963260416	ft*51 ZMQbg/Reaper*3 ZMQbg/IO/0*3 
2026-09-25T01:38:11+04:00	ck4n-whole-1m	3	583912	583725	1	12722176	5939200	python3*1 
2026-09-25T01:38:11+04:00	ck4n-whole-1m	3	583913	583725	45	19079815168	1920876544	python3*36 pt_gloo_runloop*2 ZMQbg/Reaper*2 ZMQbg/IO/0*2 pt_tcpstore_uv*1 cuda0000240000a*1 
2026-09-25T01:38:11+04:00	ck4n-whole-1m	3	583914	583725	57	1205456896	931438592	python3*49 ZMQbg/Reaper*4 ZMQbg/IO/0*4 
2026-09-25T01:38:24+04:00	ck4n-whole-1m	3	583709	488	2	27213824	6045696	uv*1 main2*1 
2026-09-25T01:38:24+04:00	ck4n-whole-1m	3	583725	583709	57	1243217920	963260416	ft*51 ZMQbg/Reaper*3 ZMQbg/IO/0*3 
2026-09-25T01:38:24+04:00	ck4n-whole-1m	3	583912	583725	1	12722176	5939200	python3*1 
2026-09-25T01:38:24+04:00	ck4n-whole-1m	3	583913	583725	45	19079815168	1920876544	python3*36 pt_gloo_runloop*2 ZMQbg/Reaper*2 ZMQbg/IO/0*2 pt_tcpstore_uv*1 cuda0000240000a*1 
2026-09-25T01:38:24+04:00	ck4n-whole-1m	3	583914	583725	57	1205456896	931438592	python3*49 ZMQbg/Reaper*4 ZMQbg/IO/0*4 
2026-09-25T01:38:34+04:00	ck4n-whole-1m	3	583709	488	2	27213824	6045696	uv*1 main2*1 
2026-09-25T01:38:34+04:00	ck4n-whole-1m	3	583725	583709	57	1243217920	963260416	ft*51 ZMQbg/Reaper*3 ZMQbg/IO/0*3 
2026-09-25T01:38:34+04:00	ck4n-whole-1m	3	583912	583725	1	12722176	5939200	python3*1 
2026-09-25T01:38:34+04:00	ck4n-whole-1m	3	583913	583725	45	19079815168	1920876544	python3*36 pt_gloo_runloop*2 ZMQbg/Reaper*2 ZMQbg/IO/0*2 pt_tcpstore_uv*1 cuda0000240000a*1 
2026-09-25T01:38:34+04:00	ck4n-whole-1m	3	583914	583725	57	1205456896	931438592	python3*49 ZMQbg/Reaper*4 ZMQbg/IO/0*4 
2026-09-25T01:38:44+04:00	ck4n-whole-1m	3	583709	488	2	27213824	6045696	uv*1 main2*1 
2026-09-25T01:38:44+04:00	ck4n-whole-1m	3	583725	583709	57	1240522752	963260416	ft*51 ZMQbg/Reaper*3 ZMQbg/IO/0*3 
2026-09-25T01:38:44+04:00	ck4n-whole-1m	3	583912	583725	1	12722176	5939200	python3*1 
2026-09-25T01:38:44+04:00	ck4n-whole-1m	3	583913	583725	45	19075936256	1920876544	python3*36 pt_gloo_runloop*2 ZMQbg/Reaper*2 ZMQbg/IO/0*2 pt_tcpstore_uv*1 cuda0000240000a*1 
2026-09-25T01:38:45+04:00	ck4n-whole-1m	3	583914	583725	57	1202864128	931438592	python3*49 ZMQbg/Reaper*4 ZMQbg/IO/0*4 
2026-09-25T01:38:57+04:00	ck4n-whole-1m	3	583709	488	2	27213824	6045696	uv*1 main2*1 
2026-09-25T01:38:57+04:00	ck4n-whole-1m	3	583725	583709	57	1226366976	963260416	ft*51 ZMQbg/Reaper*3 ZMQbg/IO/0*3 
2026-09-25T01:38:57+04:00	ck4n-whole-1m	3	583912	583725	1	12722176	5939200	python3*1 
2026-09-25T01:38:57+04:00	ck4n-whole-1m	3	583913	583725	45	19061514240	1920876544	python3*36 pt_gloo_runloop*2 ZMQbg/Reaper*2 ZMQbg/IO/0*2 pt_tcpstore_uv*1 cuda0000240000a*1 
2026-09-25T01:38:57+04:00	ck4n-whole-1m	3	583914	583725	57	1188773888	931438592	python3*49 ZMQbg/Reaper*4 ZMQbg/IO/0*4 
2026-09-25T01:39:08+04:00	ck4n-whole-1m	3	583709	488	2	27136000	6045696	uv*1 main2*1 
2026-09-25T01:39:08+04:00	ck4n-whole-1m	3	583725	583709	57	1219747840	963260416	ft*51 ZMQbg/Reaper*3 ZMQbg/IO/0*3 
2026-09-25T01:39:08+04:00	ck4n-whole-1m	3	583912	583725	1	12701696	5939200	python3*1 
2026-09-25T01:39:08+04:00	ck4n-whole-1m	3	583913	583725	45	19050823680	1920876544	python3*36 pt_gloo_runloop*2 ZMQbg/Reaper*2 ZMQbg/IO/0*2 pt_tcpstore_uv*1 cuda0000240000a*1 
2026-09-25T01:39:08+04:00	ck4n-whole-1m	3	583914	583725	57	1182404608	931438592	python3*49 ZMQbg/Reaper*4 ZMQbg/IO/0*4 
2026-09-25T01:39:18+04:00	ck4n-whole-1m	3	583709	488	2	27127808	6045696	uv*1 main2*1 
2026-09-25T01:39:18+04:00	ck4n-whole-1m	3	583725	583709	57	1215782912	963260416	ft*51 ZMQbg/Reaper*3 ZMQbg/IO/0*3 
2026-09-25T01:39:18+04:00	ck4n-whole-1m	3	583912	583725	1	12701696	5939200	python3*1 
2026-09-25T01:39:18+04:00	ck4n-whole-1m	3	583913	583725	45	19045449728	1920876544	python3*36 pt_gloo_runloop*2 ZMQbg/Reaper*2 ZMQbg/IO/0*2 pt_tcpstore_uv*1 cuda0000240000a*1 
2026-09-25T01:39:18+04:00	ck4n-whole-1m	3	583914	583725	57	1178447872	931438592	python3*49 ZMQbg/Reaper*4 ZMQbg/IO/0*4 
2026-09-25T01:39:31+04:00	ck4n-whole-1m	3	583709	488	2	27127808	6045696	uv*1 main2*1 
2026-09-25T01:39:31+04:00	ck4n-whole-1m	3	583725	583709	57	1215782912	963260416	ft*51 ZMQbg/Reaper*3 ZMQbg/IO/0*3 
2026-09-25T01:39:31+04:00	ck4n-whole-1m	3	583912	583725	1	12701696	5939200	python3*1 
2026-09-25T01:39:31+04:00	ck4n-whole-1m	3	583913	583725	45	19045449728	1920876544	python3*36 pt_gloo_runloop*2 ZMQbg/Reaper*2 ZMQbg/IO/0*2 pt_tcpstore_uv*1 cuda0000240000a*1 
2026-09-25T01:39:31+04:00	ck4n-whole-1m	3	583914	583725	57	1178447872	931438592	python3*49 ZMQbg/Reaper*4 ZMQbg/IO/0*4 
2026-09-25T01:39:41+04:00	ck4n-whole-1m	3	583709	488	2	27127808	6045696	uv*1 main2*1 
2026-09-25T01:39:41+04:00	ck4n-whole-1m	3	583725	583709	57	1215782912	963260416	ft*51 ZMQbg/Reaper*3 ZMQbg/IO/0*3 
2026-09-25T01:39:41+04:00	ck4n-whole-1m	3	583912	583725	1	12701696	5939200	python3*1 
2026-09-25T01:39:41+04:00	ck4n-whole-1m	3	583913	583725	45	19045449728	1920876544	python3*36 pt_gloo_runloop*2 ZMQbg/Reaper*2 ZMQbg/IO/0*2 pt_tcpstore_uv*1 cuda0000240000a*1 
2026-09-25T01:39:41+04:00	ck4n-whole-1m	3	583914	583725	57	1178447872	931438592	python3*49 ZMQbg/Reaper*4 ZMQbg/IO/0*4 
2026-09-25T01:39:51+04:00	ck4n-whole-1m	3	583709	488	2	27127808	6045696	uv*1 main2*1 
2026-09-25T01:39:51+04:00	ck4n-whole-1m	3	583725	583709	57	1215782912	963260416	ft*51 ZMQbg/Reaper*3 ZMQbg/IO/0*3 
2026-09-25T01:39:51+04:00	ck4n-whole-1m	3	583912	583725	1	12701696	5939200	python3*1 
2026-09-25T01:39:51+04:00	ck4n-whole-1m	3	583913	583725	45	19045449728	1920876544	python3*36 pt_gloo_runloop*2 ZMQbg/Reaper*2 ZMQbg/IO/0*2 pt_tcpstore_uv*1 cuda0000240000a*1 
2026-09-25T01:39:52+04:00	ck4n-whole-1m	3	583914	583725	57	1178447872	931438592	python3*49 ZMQbg/Reaper*4 ZMQbg/IO/0*4 
2026-09-25T01:40:04+04:00	ck4n-whole-1m	3	583709	488	2	27127808	6045696	uv*1 main2*1 
2026-09-25T01:40:04+04:00	ck4n-whole-1m	3	583725	583709	57	1215782912	963260416	ft*51 ZMQbg/Reaper*3 ZMQbg/IO/0*3 
2026-09-25T01:40:04+04:00	ck4n-whole-1m	3	583912	583725	1	12701696	5939200	python3*1 
2026-09-25T01:40:04+04:00	ck4n-whole-1m	3	583913	583725	45	19045449728	1920876544	python3*36 pt_gloo_runloop*2 ZMQbg/Reaper*2 ZMQbg/IO/0*2 pt_tcpstore_uv*1 cuda0000240000a*1 
2026-09-25T01:40:05+04:00	ck4n-whole-1m	3	583914	583725	57	1178447872	931438592	python3*49 ZMQbg/Reaper*4 ZMQbg/IO/0*4 
2026-09-25T01:40:15+04:00	ck4n-whole-1m	3	583709	488	2	27127808	6045696	uv*1 main2*1 
2026-09-25T01:40:15+04:00	ck4n-whole-1m	3	583725	583709	57	1215782912	963260416	ft*51 ZMQbg/Reaper*3 ZMQbg/IO/0*3 
2026-09-25T01:40:15+04:00	ck4n-whole-1m	3	583912	583725	1	12701696	5939200	python3*1 
2026-09-25T01:40:15+04:00	ck4n-whole-1m	3	583913	583725	45	19045449728	1920876544	python3*36 pt_gloo_runloop*2 ZMQbg/Reaper*2 ZMQbg/IO/0*2 pt_tcpstore_uv*1 cuda0000240000a*1 
2026-09-25T01:40:15+04:00	ck4n-whole-1m	3	583914	583725	57	1178447872	931438592	python3*49 ZMQbg/Reaper*4 ZMQbg/IO/0*4 
2026-09-25T01:40:25+04:00	ck4n-whole-1m	3	583709	488	2	27127808	6045696	uv*1 main2*1 
2026-09-25T01:40:25+04:00	ck4n-whole-1m	3	583725	583709	57	1215782912	963260416	ft*51 ZMQbg/Reaper*3 ZMQbg/IO/0*3 
2026-09-25T01:40:25+04:00	ck4n-whole-1m	3	583912	583725	1	12701696	5939200	python3*1 
2026-09-25T01:40:25+04:00	ck4n-whole-1m	3	583913	583725	45	19045449728	1920876544	python3*36 pt_gloo_runloop*2 ZMQbg/Reaper*2 ZMQbg/IO/0*2 pt_tcpstore_uv*1 cuda0000240000a*1 
2026-09-25T01:40:25+04:00	ck4n-whole-1m	3	583914	583725	57	1178447872	931438592	python3*49 ZMQbg/Reaper*4 ZMQbg/IO/0*4 
2026-09-25T01:40:38+04:00	ck4n-whole-1m	4	583709	488	2	27127808	6045696	uv*1 main2*1 
2026-09-25T01:40:38+04:00	ck4n-whole-1m	4	583725	583709	57	1215787008	963264512	ft*51 ZMQbg/Reaper*3 ZMQbg/IO/0*3 
2026-09-25T01:40:38+04:00	ck4n-whole-1m	4	583912	583725	1	12701696	5939200	python3*1 
2026-09-25T01:40:38+04:00	ck4n-whole-1m	4	583913	583725	45	19045490688	1920917504	python3*36 pt_gloo_runloop*2 ZMQbg/Reaper*2 ZMQbg/IO/0*2 pt_tcpstore_uv*1 cuda0000240000a*1 
2026-09-25T01:40:38+04:00	ck4n-whole-1m	4	583914	583725	57	1178447872	931438592	python3*49 ZMQbg/Reaper*4 ZMQbg/IO/0*4 
2026-09-25T01:40:48+04:00	ck4n-whole-1m	4	583709	488	2	27127808	6045696	uv*1 main2*1 
2026-09-25T01:40:48+04:00	ck4n-whole-1m	4	583725	583709	57	1215787008	963264512	ft*51 ZMQbg/Reaper*3 ZMQbg/IO/0*3 
2026-09-25T01:40:48+04:00	ck4n-whole-1m	4	583912	583725	1	12701696	5939200	python3*1 
2026-09-25T01:40:48+04:00	ck4n-whole-1m	4	583913	583725	45	19045498880	1920925696	python3*36 pt_gloo_runloop*2 ZMQbg/Reaper*2 ZMQbg/IO/0*2 pt_tcpstore_uv*1 cuda0000240000a*1 
2026-09-25T01:40:48+04:00	ck4n-whole-1m	4	583914	583725	57	1178447872	931438592	python3*49 ZMQbg/Reaper*4 ZMQbg/IO/0*4 
2026-09-25T01:40:59+04:00	ck4n-whole-1m	4	583709	488	2	27127808	6045696	uv*1 main2*1 
2026-09-25T01:40:59+04:00	ck4n-whole-1m	4	583725	583709	57	1215787008	963264512	ft*51 ZMQbg/Reaper*3 ZMQbg/IO/0*3 
2026-09-25T01:40:59+04:00	ck4n-whole-1m	4	583912	583725	1	12701696	5939200	python3*1 
2026-09-25T01:40:59+04:00	ck4n-whole-1m	4	583913	583725	45	19045498880	1920925696	python3*36 pt_gloo_runloop*2 ZMQbg/Reaper*2 ZMQbg/IO/0*2 pt_tcpstore_uv*1 cuda0000240000a*1 
2026-09-25T01:40:59+04:00	ck4n-whole-1m	4	583914	583725	57	1178447872	931438592	python3*49 ZMQbg/Reaper*4 ZMQbg/IO/0*4 
2026-09-25T01:41:11+04:00	ck4n-whole-1m	4	583709	488	2	27127808	6045696	uv*1 main2*1 
2026-09-25T01:41:11+04:00	ck4n-whole-1m	4	583725	583709	57	1215787008	963264512	ft*51 ZMQbg/Reaper*3 ZMQbg/IO/0*3 
2026-09-25T01:41:11+04:00	ck4n-whole-1m	4	583912	583725	1	12701696	5939200	python3*1 
2026-09-25T01:41:11+04:00	ck4n-whole-1m	4	583913	583725	45	19045498880	1920925696	python3*36 pt_gloo_runloop*2 ZMQbg/Reaper*2 ZMQbg/IO/0*2 pt_tcpstore_uv*1 cuda0000240000a*1 
2026-09-25T01:41:12+04:00	ck4n-whole-1m	4	583914	583725	57	1178447872	931438592	python3*49 ZMQbg/Reaper*4 ZMQbg/IO/0*4 
2026-09-25T01:41:22+04:00	ck4n-whole-1m	4	583709	488	2	27127808	6045696	uv*1 main2*1 
2026-09-25T01:41:22+04:00	ck4n-whole-1m	4	583725	583709	57	1215787008	963264512	ft*51 ZMQbg/Reaper*3 ZMQbg/IO/0*3 
2026-09-25T01:41:22+04:00	ck4n-whole-1m	4	583912	583725	1	12701696	5939200	python3*1 
2026-09-25T01:41:22+04:00	ck4n-whole-1m	4	583913	583725	45	19045498880	1920925696	python3*36 pt_gloo_runloop*2 ZMQbg/Reaper*2 ZMQbg/IO/0*2 pt_tcpstore_uv*1 cuda0000240000a*1 
2026-09-25T01:41:22+04:00	ck4n-whole-1m	4	583914	583725	57	1178447872	931438592	python3*49 ZMQbg/Reaper*4 ZMQbg/IO/0*4 
2026-09-25T01:41:32+04:00	ck4n-whole-1m	4	583709	488	2	27127808	6045696	uv*1 main2*1 
2026-09-25T01:41:32+04:00	ck4n-whole-1m	4	583725	583709	57	1215787008	963264512	ft*51 ZMQbg/Reaper*3 ZMQbg/IO/0*3 
2026-09-25T01:41:32+04:00	ck4n-whole-1m	4	583912	583725	1	12701696	5939200	python3*1 
2026-09-25T01:41:32+04:00	ck4n-whole-1m	4	583913	583725	45	19045498880	1920925696	python3*36 pt_gloo_runloop*2 ZMQbg/Reaper*2 ZMQbg/IO/0*2 pt_tcpstore_uv*1 cuda0000240000a*1 
2026-09-25T01:41:32+04:00	ck4n-whole-1m	4	583914	583725	57	1178447872	931438592	python3*49 ZMQbg/Reaper*4 ZMQbg/IO/0*4 
2026-09-25T01:41:45+04:00	ck4n-whole-1m	4	583709	488	2	27127808	6045696	uv*1 main2*1 
2026-09-25T01:41:45+04:00	ck4n-whole-1m	4	583725	583709	57	1215795200	963272704	ft*51 ZMQbg/Reaper*3 ZMQbg/IO/0*3 
2026-09-25T01:41:45+04:00	ck4n-whole-1m	4	583912	583725	1	12701696	5939200	python3*1 
2026-09-25T01:41:45+04:00	ck4n-whole-1m	4	583913	583725	45	19045498880	1920925696	python3*36 pt_gloo_runloop*2 ZMQbg/Reaper*2 ZMQbg/IO/0*2 pt_tcpstore_uv*1 cuda0000240000a*1 
2026-09-25T01:41:45+04:00	ck4n-whole-1m	4	583914	583725	57	1178447872	931438592	python3*49 ZMQbg/Reaper*4 ZMQbg/IO/0*4 
2026-09-25T01:41:55+04:00	ck4n-whole-1m	4	583709	488	2	27127808	6045696	uv*1 main2*1 
2026-09-25T01:41:55+04:00	ck4n-whole-1m	4	583725	583709	57	1215795200	963272704	ft*51 ZMQbg/Reaper*3 ZMQbg/IO/0*3 
2026-09-25T01:41:55+04:00	ck4n-whole-1m	4	583912	583725	1	12701696	5939200	python3*1 
2026-09-25T01:41:55+04:00	ck4n-whole-1m	4	583913	583725	45	19045498880	1920925696	python3*36 pt_gloo_runloop*2 ZMQbg/Reaper*2 ZMQbg/IO/0*2 pt_tcpstore_uv*1 cuda0000240000a*1 
2026-09-25T01:41:55+04:00	ck4n-whole-1m	4	583914	583725	57	1178447872	931438592	python3*49 ZMQbg/Reaper*4 ZMQbg/IO/0*4 
2026-09-25T01:42:06+04:00	ck4n-whole-1m	4	583709	488	2	27127808	6045696	uv*1 main2*1 
2026-09-25T01:42:06+04:00	ck4n-whole-1m	4	583725	583709	57	1215795200	963272704	ft*51 ZMQbg/Reaper*3 ZMQbg/IO/0*3 
2026-09-25T01:42:06+04:00	ck4n-whole-1m	4	583912	583725	1	12701696	5939200	python3*1 
2026-09-25T01:42:06+04:00	ck4n-whole-1m	4	583913	583725	45	19045498880	1920925696	python3*36 pt_gloo_runloop*2 ZMQbg/Reaper*2 ZMQbg/IO/0*2 pt_tcpstore_uv*1 cuda0000240000a*1 
2026-09-25T01:42:06+04:00	ck4n-whole-1m	4	583914	583725	57	1178447872	931438592	python3*49 ZMQbg/Reaper*4 ZMQbg/IO/0*4 
2026-09-25T01:42:19+04:00	ck4n-whole-1m	4	583709	488	2	27127808	6045696	uv*1 main2*1 
2026-09-25T01:42:19+04:00	ck4n-whole-1m	4	583725	583709	57	1215795200	963272704	ft*51 ZMQbg/Reaper*3 ZMQbg/IO/0*3 
2026-09-25T01:42:19+04:00	ck4n-whole-1m	4	583912	583725	1	12701696	5939200	python3*1 
2026-09-25T01:42:19+04:00	ck4n-whole-1m	4	583913	583725	45	19045498880	1920925696	python3*36 pt_gloo_runloop*2 ZMQbg/Reaper*2 ZMQbg/IO/0*2 pt_tcpstore_uv*1 cuda0000240000a*1 
2026-09-25T01:42:19+04:00	ck4n-whole-1m	4	583914	583725	57	1178447872	931438592	python3*49 ZMQbg/Reaper*4 ZMQbg/IO/0*4 
2026-09-25T01:42:29+04:00	ck4n-whole-1m	4	583709	488	2	27127808	6045696	uv*1 main2*1 
2026-09-25T01:42:29+04:00	ck4n-whole-1m	4	583725	583709	57	1215795200	963272704	ft*51 ZMQbg/Reaper*3 ZMQbg/IO/0*3 
2026-09-25T01:42:29+04:00	ck4n-whole-1m	4	583912	583725	1	12701696	5939200	python3*1 
2026-09-25T01:42:29+04:00	ck4n-whole-1m	4	583913	583725	45	19045498880	1920925696	python3*36 pt_gloo_runloop*2 ZMQbg/Reaper*2 ZMQbg/IO/0*2 pt_tcpstore_uv*1 cuda0000240000a*1 
2026-09-25T01:42:29+04:00	ck4n-whole-1m	4	583914	583725	57	1178447872	931438592	python3*49 ZMQbg/Reaper*4 ZMQbg/IO/0*4 
2026-09-25T01:42:39+04:00	ck4n-whole-1m	4	583709	488	2	27127808	6045696	uv*1 main2*1 
2026-09-25T01:42:39+04:00	ck4n-whole-1m	4	583725	583709	57	1215795200	963272704	ft*51 ZMQbg/Reaper*3 ZMQbg/IO/0*3 
2026-09-25T01:42:39+04:00	ck4n-whole-1m	4	583912	583725	1	12701696	5939200	python3*1 
2026-09-25T01:42:39+04:00	ck4n-whole-1m	4	583913	583725	45	19045498880	1920925696	python3*36 pt_gloo_runloop*2 ZMQbg/Reaper*2 ZMQbg/IO/0*2 pt_tcpstore_uv*1 cuda0000240000a*1 
2026-09-25T01:42:39+04:00	ck4n-whole-1m	4	583914	583725	57	1178447872	931438592	python3*49 ZMQbg/Reaper*4 ZMQbg/IO/0*4 
2026-09-25T01:42:49+04:00	ck4n-whole-1m	4	583709	488	2	27127808	6045696	uv*1 main2*1 
2026-09-25T01:42:49+04:00	ck4n-whole-1m	4	583725	583709	57	1215795200	963272704	ft*51 ZMQbg/Reaper*3 ZMQbg/IO/0*3 
2026-09-25T01:42:49+04:00	ck4n-whole-1m	4	583912	583725	1	12701696	5939200	python3*1 
2026-09-25T01:42:49+04:00	ck4n-whole-1m	4	583913	583725	45	19045498880	1920925696	python3*36 pt_gloo_runloop*2 ZMQbg/Reaper*2 ZMQbg/IO/0*2 pt_tcpstore_uv*1 cuda0000240000a*1 
2026-09-25T01:42:50+04:00	ck4n-whole-1m	4	583914	583725	57	1178447872	931438592	python3*49 ZMQbg/Reaper*4 ZMQbg/IO/0*4 
2026-09-25T01:43:03+04:00	ck4n-whole-1m	4	583709	488	2	27127808	6045696	uv*1 main2*1 
2026-09-25T01:43:03+04:00	ck4n-whole-1m	4	583725	583709	57	1215795200	963272704	ft*51 ZMQbg/Reaper*3 ZMQbg/IO/0*3 
2026-09-25T01:43:03+04:00	ck4n-whole-1m	4	583912	583725	1	12701696	5939200	python3*1 
2026-09-25T01:43:03+04:00	ck4n-whole-1m	4	583913	583725	45	19045498880	1920925696	python3*36 pt_gloo_runloop*2 ZMQbg/Reaper*2 ZMQbg/IO/0*2 pt_tcpstore_uv*1 cuda0000240000a*1 
2026-09-25T01:43:03+04:00	ck4n-whole-1m	4	583914	583725	57	1178447872	931438592	python3*49 ZMQbg/Reaper*4 ZMQbg/IO/0*4 
2026-09-25T01:43:13+04:00	ck4n-whole-1m	4	583709	488	2	27127808	6045696	uv*1 main2*1 
2026-09-25T01:43:13+04:00	ck4n-whole-1m	4	583725	583709	57	1215795200	963272704	ft*51 ZMQbg/Reaper*3 ZMQbg/IO/0*3 
2026-09-25T01:43:13+04:00	ck4n-whole-1m	4	583912	583725	1	12701696	5939200	python3*1 
2026-09-25T01:43:13+04:00	ck4n-whole-1m	4	583913	583725	45	19045498880	1920925696	python3*36 pt_gloo_runloop*2 ZMQbg/Reaper*2 ZMQbg/IO/0*2 pt_tcpstore_uv*1 cuda0000240000a*1 
2026-09-25T01:43:13+04:00	ck4n-whole-1m	4	583914	583725	57	1178447872	931438592	python3*49 ZMQbg/Reaper*4 ZMQbg/IO/0*4 
2026-09-25T01:43:23+04:00	ck4n-whole-1m	4	583709	488	2	27127808	6045696	uv*1 main2*1 
2026-09-25T01:43:23+04:00	ck4n-whole-1m	4	583725	583709	57	1215795200	963272704	ft*51 ZMQbg/Reaper*3 ZMQbg/IO/0*3 
2026-09-25T01:43:23+04:00	ck4n-whole-1m	4	583912	583725	1	12701696	5939200	python3*1 
2026-09-25T01:43:23+04:00	ck4n-whole-1m	4	583913	583725	45	19045498880	1920925696	python3*36 pt_gloo_runloop*2 ZMQbg/Reaper*2 ZMQbg/IO/0*2 pt_tcpstore_uv*1 cuda0000240000a*1 
2026-09-25T01:43:23+04:00	ck4n-whole-1m	4	583914	583725	57	1178447872	931438592	python3*49 ZMQbg/Reaper*4 ZMQbg/IO/0*4 
2026-09-25T01:43:36+04:00	ck4n-whole-1m	4	583709	488	2	27127808	6045696	uv*1 main2*1 
2026-09-25T01:43:36+04:00	ck4n-whole-1m	4	583725	583709	57	1215795200	963272704	ft*51 ZMQbg/Reaper*3 ZMQbg/IO/0*3 
2026-09-25T01:43:36+04:00	ck4n-whole-1m	4	583912	583725	1	12701696	5939200	python3*1 
2026-09-25T01:43:36+04:00	ck4n-whole-1m	4	583913	583725	45	19045498880	1920925696	python3*36 pt_gloo_runloop*2 ZMQbg/Reaper*2 ZMQbg/IO/0*2 pt_tcpstore_uv*1 cuda0000240000a*1 
2026-09-25T01:43:37+04:00	ck4n-whole-1m	4	583914	583725	57	1178447872	931438592	python3*49 ZMQbg/Reaper*4 ZMQbg/IO/0*4 
2026-09-25T01:43:47+04:00	ck4n-whole-1m	4	583709	488	2	27127808	6045696	uv*1 main2*1 
2026-09-25T01:43:47+04:00	ck4n-whole-1m	4	583725	583709	57	1215795200	963272704	ft*51 ZMQbg/Reaper*3 ZMQbg/IO/0*3 
2026-09-25T01:43:47+04:00	ck4n-whole-1m	4	583912	583725	1	12701696	5939200	python3*1 
2026-09-25T01:43:47+04:00	ck4n-whole-1m	4	583913	583725	45	19045498880	1920925696	python3*36 pt_gloo_runloop*2 ZMQbg/Reaper*2 ZMQbg/IO/0*2 pt_tcpstore_uv*1 cuda0000240000a*1 
2026-09-25T01:43:47+04:00	ck4n-whole-1m	4	583914	583725	57	1178447872	931438592	python3*49 ZMQbg/Reaper*4 ZMQbg/IO/0*4 
2026-09-25T01:43:57+04:00	ck4n-whole-1m	4	583709	488	2	27127808	6045696	uv*1 main2*1 
2026-09-25T01:43:57+04:00	ck4n-whole-1m	4	583725	583709	57	1215795200	963272704	ft*51 ZMQbg/Reaper*3 ZMQbg/IO/0*3 
2026-09-25T01:43:57+04:00	ck4n-whole-1m	4	583912	583725	1	12701696	5939200	python3*1 
2026-09-25T01:43:57+04:00	ck4n-whole-1m	4	583913	583725	45	19045498880	1920925696	python3*36 pt_gloo_runloop*2 ZMQbg/Reaper*2 ZMQbg/IO/0*2 pt_tcpstore_uv*1 cuda0000240000a*1 
2026-09-25T01:43:57+04:00	ck4n-whole-1m	4	583914	583725	57	1178447872	931438592	python3*49 ZMQbg/Reaper*4 ZMQbg/IO/0*4 
2026-09-25T01:44:10+04:00	ck4n-whole-1m	4	583709	488	2	27127808	6045696	uv*1 main2*1 
2026-09-25T01:44:10+04:00	ck4n-whole-1m	4	583725	583709	57	1215795200	963272704	ft*51 ZMQbg/Reaper*3 ZMQbg/IO/0*3 
2026-09-25T01:44:10+04:00	ck4n-whole-1m	4	583912	583725	1	12701696	5939200	python3*1 
2026-09-25T01:44:10+04:00	ck4n-whole-1m	4	583913	583725	45	19045498880	1920925696	python3*36 pt_gloo_runloop*2 ZMQbg/Reaper*2 ZMQbg/IO/0*2 pt_tcpstore_uv*1 cuda0000240000a*1 
2026-09-25T01:44:10+04:00	ck4n-whole-1m	4	583914	583725	57	1178447872	931438592	python3*49 ZMQbg/Reaper*4 ZMQbg/IO/0*4 
2026-09-25T01:44:21+04:00	ck4n-whole-1m	4	583709	488	2	27127808	6045696	uv*1 main2*1 
2026-09-25T01:44:21+04:00	ck4n-whole-1m	4	583725	583709	57	1215795200	963272704	ft*51 ZMQbg/Reaper*3 ZMQbg/IO/0*3 
2026-09-25T01:44:21+04:00	ck4n-whole-1m	4	583912	583725	1	12701696	5939200	python3*1 
2026-09-25T01:44:21+04:00	ck4n-whole-1m	4	583913	583725	45	19045580800	1921007616	python3*36 pt_gloo_runloop*2 ZMQbg/Reaper*2 ZMQbg/IO/0*2 pt_tcpstore_uv*1 cuda0000240000a*1 
2026-09-25T01:44:21+04:00	ck4n-whole-1m	4	583914	583725	57	1178447872	931438592	python3*49 ZMQbg/Reaper*4 ZMQbg/IO/0*4 
2026-09-25T01:44:31+04:00	ck4n-whole-1m	4	583709	488	2	27127808	6045696	uv*1 main2*1 
2026-09-25T01:44:31+04:00	ck4n-whole-1m	4	583725	583709	57	1215795200	963272704	ft*51 ZMQbg/Reaper*3 ZMQbg/IO/0*3 
2026-09-25T01:44:31+04:00	ck4n-whole-1m	4	583912	583725	1	12701696	5939200	python3*1 
2026-09-25T01:44:31+04:00	ck4n-whole-1m	4	583913	583725	45	19045683200	1921110016	python3*36 pt_gloo_runloop*2 ZMQbg/Reaper*2 ZMQbg/IO/0*2 pt_tcpstore_uv*1 cuda0000240000a*1 
2026-09-25T01:44:31+04:00	ck4n-whole-1m	4	583914	583725	57	1178447872	931438592	python3*49 ZMQbg/Reaper*4 ZMQbg/IO/0*4 
2026-09-25T01:44:44+04:00	ck4n-whole-1m	4	583709	488	2	27127808	6045696	uv*1 main2*1 
2026-09-25T01:44:44+04:00	ck4n-whole-1m	4	583725	583709	57	1215795200	963272704	ft*51 ZMQbg/Reaper*3 ZMQbg/IO/0*3 
2026-09-25T01:44:44+04:00	ck4n-whole-1m	4	583912	583725	1	12701696	5939200	python3*1 
2026-09-25T01:44:44+04:00	ck4n-whole-1m	4	583913	583725	45	19045847040	1921282048	python3*36 pt_gloo_runloop*2 ZMQbg/Reaper*2 ZMQbg/IO/0*2 pt_tcpstore_uv*1 cuda0000240000a*1 
2026-09-25T01:44:44+04:00	ck4n-whole-1m	4	583914	583725	57	1178447872	931438592	python3*49 ZMQbg/Reaper*4 ZMQbg/IO/0*4 
2026-09-25T01:44:54+04:00	ck4n-whole-1m	4	583709	488	2	27127808	6045696	uv*1 main2*1 
2026-09-25T01:44:54+04:00	ck4n-whole-1m	4	583725	583709	57	1215795200	963272704	ft*51 ZMQbg/Reaper*3 ZMQbg/IO/0*3 
2026-09-25T01:44:54+04:00	ck4n-whole-1m	4	583912	583725	1	12701696	5939200	python3*1 
2026-09-25T01:44:54+04:00	ck4n-whole-1m	4	583913	583725	45	19046010880	1921441792	python3*36 pt_gloo_runloop*2 ZMQbg/Reaper*2 ZMQbg/IO/0*2 pt_tcpstore_uv*1 cuda0000240000a*1 
2026-09-25T01:44:55+04:00	ck4n-whole-1m	4	583914	583725	57	1178447872	931438592	python3*49 ZMQbg/Reaper*4 ZMQbg/IO/0*4 
2026-09-25T01:45:05+04:00	ck4n-whole-1m	4	583709	488	2	27127808	6045696	uv*1 main2*1 
2026-09-25T01:45:05+04:00	ck4n-whole-1m	4	583725	583709	57	1215795200	963272704	ft*51 ZMQbg/Reaper*3 ZMQbg/IO/0*3 
2026-09-25T01:45:05+04:00	ck4n-whole-1m	4	583912	583725	1	12701696	5939200	python3*1 
2026-09-25T01:45:05+04:00	ck4n-whole-1m	4	583913	583725	45	19046199296	1921626112	python3*36 pt_gloo_runloop*2 ZMQbg/Reaper*2 ZMQbg/IO/0*2 pt_tcpstore_uv*1 cuda0000240000a*1 
2026-09-25T01:45:05+04:00	ck4n-whole-1m	4	583914	583725	57	1178447872	931438592	python3*49 ZMQbg/Reaper*4 ZMQbg/IO/0*4 
2026-09-25T01:45:18+04:00	ck4n-whole-1m	4	583709	488	2	27127808	6045696	uv*1 main2*1 
2026-09-25T01:45:18+04:00	ck4n-whole-1m	4	583725	583709	57	1215795200	963272704	ft*51 ZMQbg/Reaper*3 ZMQbg/IO/0*3 
2026-09-25T01:45:18+04:00	ck4n-whole-1m	4	583912	583725	1	12701696	5939200	python3*1 
2026-09-25T01:45:18+04:00	ck4n-whole-1m	4	583913	583725	45	19046371328	1921798144	python3*36 pt_gloo_runloop*2 ZMQbg/Reaper*2 ZMQbg/IO/0*2 pt_tcpstore_uv*1 cuda0000240000a*1 
2026-09-25T01:45:18+04:00	ck4n-whole-1m	4	583914	583725	57	1178447872	931438592	python3*49 ZMQbg/Reaper*4 ZMQbg/IO/0*4 
2026-09-25T01:45:28+04:00	ck4n-whole-1m	4	583709	488	2	27127808	6045696	uv*1 main2*1 
2026-09-25T01:45:28+04:00	ck4n-whole-1m	4	583725	583709	57	1215795200	963272704	ft*51 ZMQbg/Reaper*3 ZMQbg/IO/0*3 
2026-09-25T01:45:28+04:00	ck4n-whole-1m	4	583912	583725	1	12701696	5939200	python3*1 
2026-09-25T01:45:28+04:00	ck4n-whole-1m	4	583913	583725	45	19046531072	1921957888	python3*36 pt_gloo_runloop*2 ZMQbg/Reaper*2 ZMQbg/IO/0*2 pt_tcpstore_uv*1 cuda0000240000a*1 
2026-09-25T01:45:28+04:00	ck4n-whole-1m	4	583914	583725	57	1178447872	931438592	python3*49 ZMQbg/Reaper*4 ZMQbg/IO/0*4 
2026-09-25T01:45:38+04:00	ck4n-whole-1m	4	583709	488	2	27127808	6045696	uv*1 main2*1 
2026-09-25T01:45:38+04:00	ck4n-whole-1m	4	583725	583709	57	1215795200	963272704	ft*51 ZMQbg/Reaper*3 ZMQbg/IO/0*3 
2026-09-25T01:45:38+04:00	ck4n-whole-1m	4	583912	583725	1	12701696	5939200	python3*1 
2026-09-25T01:45:38+04:00	ck4n-whole-1m	4	583913	583725	45	19046699008	1922125824	python3*36 pt_gloo_runloop*2 ZMQbg/Reaper*2 ZMQbg/IO/0*2 pt_tcpstore_uv*1 cuda0000240000a*1 
2026-09-25T01:45:39+04:00	ck4n-whole-1m	4	583914	583725	57	1178447872	931438592	python3*49 ZMQbg/Reaper*4 ZMQbg/IO/0*4 
2026-09-25T01:45:52+04:00	ck4n-whole-1m	4	583709	488	2	27127808	6045696	uv*1 main2*1 
2026-09-25T01:45:52+04:00	ck4n-whole-1m	4	583725	583709	57	1215795200	963272704	ft*51 ZMQbg/Reaper*3 ZMQbg/IO/0*3 
2026-09-25T01:45:52+04:00	ck4n-whole-1m	4	583912	583725	1	12701696	5939200	python3*1 
2026-09-25T01:45:52+04:00	ck4n-whole-1m	4	583913	583725	45	19046871040	1922297856	python3*36 pt_gloo_runloop*2 ZMQbg/Reaper*2 ZMQbg/IO/0*2 pt_tcpstore_uv*1 cuda0000240000a*1 
2026-09-25T01:45:52+04:00	ck4n-whole-1m	4	583914	583725	57	1178447872	931438592	python3*49 ZMQbg/Reaper*4 ZMQbg/IO/0*4 
2026-09-25T01:46:02+04:00	ck4n-whole-1m	4	583709	488	2	27127808	6045696	uv*1 main2*1 
2026-09-25T01:46:02+04:00	ck4n-whole-1m	4	583725	583709	57	1215795200	963272704	ft*51 ZMQbg/Reaper*3 ZMQbg/IO/0*3 
2026-09-25T01:46:02+04:00	ck4n-whole-1m	4	583912	583725	1	12701696	5939200	python3*1 
2026-09-25T01:46:02+04:00	ck4n-whole-1m	4	583913	583725	45	19048964096	1924390912	python3*36 pt_gloo_runloop*2 ZMQbg/Reaper*2 ZMQbg/IO/0*2 pt_tcpstore_uv*1 cuda0000240000a*1 
2026-09-25T01:46:02+04:00	ck4n-whole-1m	4	583914	583725	57	1178447872	931438592	python3*49 ZMQbg/Reaper*4 ZMQbg/IO/0*4 
2026-09-25T01:46:12+04:00	ck4n-whole-1m	4	583709	488	2	27127808	6045696	uv*1 main2*1 
2026-09-25T01:46:12+04:00	ck4n-whole-1m	4	583725	583709	57	1215795200	963272704	ft*51 ZMQbg/Reaper*3 ZMQbg/IO/0*3 
2026-09-25T01:46:12+04:00	ck4n-whole-1m	4	583912	583725	1	12701696	5939200	python3*1 
2026-09-25T01:46:12+04:00	ck4n-whole-1m	4	583913	583725	45	19048968192	1924395008	python3*36 pt_gloo_runloop*2 ZMQbg/Reaper*2 ZMQbg/IO/0*2 pt_tcpstore_uv*1 cuda0000240000a*1 
2026-09-25T01:46:13+04:00	ck4n-whole-1m	4	583914	583725	57	1178451968	931442688	python3*49 ZMQbg/Reaper*4 ZMQbg/IO/0*4 
2026-09-25T01:46:26+04:00	ck4n-whole-1m	4	583709	488	2	27127808	6045696	uv*1 main2*1 
2026-09-25T01:46:26+04:00	ck4n-whole-1m	4	583725	583709	57	1215795200	963272704	ft*51 ZMQbg/Reaper*3 ZMQbg/IO/0*3 
2026-09-25T01:46:26+04:00	ck4n-whole-1m	4	583912	583725	1	12701696	5939200	python3*1 
2026-09-25T01:46:26+04:00	ck4n-whole-1m	4	583913	583725	45	19048972288	1924399104	python3*36 pt_gloo_runloop*2 ZMQbg/Reaper*2 ZMQbg/IO/0*2 pt_tcpstore_uv*1 cuda0000240000a*1 
2026-09-25T01:46:26+04:00	ck4n-whole-1m	4	583914	583725	57	1179262976	932253696	python3*49 ZMQbg/Reaper*4 ZMQbg/IO/0*4 
2026-09-25T01:46:36+04:00	ck4n-whole-1m	4	583709	488	2	27127808	6045696	uv*1 main2*1 
2026-09-25T01:46:36+04:00	ck4n-whole-1m	4	583725	583709	57	1215795200	963272704	ft*51 ZMQbg/Reaper*3 ZMQbg/IO/0*3 
2026-09-25T01:46:36+04:00	ck4n-whole-1m	4	583912	583725	1	12701696	5939200	python3*1 
2026-09-25T01:46:36+04:00	ck4n-whole-1m	4	583913	583725	45	19048386560	1923813376	python3*36 pt_gloo_runloop*2 ZMQbg/Reaper*2 ZMQbg/IO/0*2 pt_tcpstore_uv*1 cuda0000240000a*1 
2026-09-25T01:46:36+04:00	ck4n-whole-1m	4	583914	583725	57	1179262976	932253696	python3*49 ZMQbg/Reaper*4 ZMQbg/IO/0*4 
2026-09-25T01:46:46+04:00	ck4n-whole-1m	4	583709	488	2	27127808	6045696	uv*1 main2*1 
2026-09-25T01:46:46+04:00	ck4n-whole-1m	4	583725	583709	57	1215795200	963272704	ft*51 ZMQbg/Reaper*3 ZMQbg/IO/0*3 
2026-09-25T01:46:46+04:00	ck4n-whole-1m	4	583912	583725	1	12701696	5939200	python3*1 
2026-09-25T01:46:46+04:00	ck4n-whole-1m	4	583913	583725	45	19048386560	1923813376	python3*36 pt_gloo_runloop*2 ZMQbg/Reaper*2 ZMQbg/IO/0*2 pt_tcpstore_uv*1 cuda0000240000a*1 
2026-09-25T01:46:46+04:00	ck4n-whole-1m	4	583914	583725	57	1179262976	932253696	python3*49 ZMQbg/Reaper*4 ZMQbg/IO/0*4 
2026-09-25T01:46:56+04:00	ck4n-whole-1m	4	583709	488	2	27127808	6045696	uv*1 main2*1 
2026-09-25T01:46:56+04:00	ck4n-whole-1m	4	583725	583709	57	1215795200	963272704	ft*51 ZMQbg/Reaper*3 ZMQbg/IO/0*3 
2026-09-25T01:47:00+04:00	ck4n-whole-1m	4	583912	583725	1	12701696	5939200	python3*1 
2026-09-25T01:47:00+04:00	ck4n-whole-1m	4	583913	583725	45	19048456192	1923883008	python3*36 pt_gloo_runloop*2 ZMQbg/Reaper*2 ZMQbg/IO/0*2 pt_tcpstore_uv*1 cuda0000240000a*1 
2026-09-25T01:47:00+04:00	ck4n-whole-1m	4	583914	583725	57	1179262976	932253696	python3*49 ZMQbg/Reaper*4 ZMQbg/IO/0*4 
2026-09-25T01:47:10+04:00	ck4n-whole-1m	4	583709	488	2	27127808	6045696	uv*1 main2*1 
2026-09-25T01:47:10+04:00	ck4n-whole-1m	4	583725	583709	57	1215795200	963272704	ft*51 ZMQbg/Reaper*3 ZMQbg/IO/0*3 
2026-09-25T01:47:10+04:00	ck4n-whole-1m	4	583912	583725	1	12701696	5939200	python3*1 
2026-09-25T01:47:10+04:00	ck4n-whole-1m	4	583913	583725	45	19048456192	1923883008	python3*36 pt_gloo_runloop*2 ZMQbg/Reaper*2 ZMQbg/IO/0*2 pt_tcpstore_uv*1 cuda0000240000a*1 
2026-09-25T01:47:10+04:00	ck4n-whole-1m	4	583914	583725	57	1179262976	932253696	python3*49 ZMQbg/Reaper*4 ZMQbg/IO/0*4 
2026-09-25T01:47:20+04:00	ck4n-whole-1m	4	583709	488	2	27127808	6045696	uv*1 main2*1 
2026-09-25T01:47:20+04:00	ck4n-whole-1m	4	583725	583709	57	1215795200	963272704	ft*51 ZMQbg/Reaper*3 ZMQbg/IO/0*3 
2026-09-25T01:47:20+04:00	ck4n-whole-1m	4	583912	583725	1	12701696	5939200	python3*1 
2026-09-25T01:47:20+04:00	ck4n-whole-1m	4	583913	583725	45	19048456192	1923883008	python3*36 pt_gloo_runloop*2 ZMQbg/Reaper*2 ZMQbg/IO/0*2 pt_tcpstore_uv*1 cuda0000240000a*1 
2026-09-25T01:47:20+04:00	ck4n-whole-1m	4	583914	583725	57	1179262976	932253696	python3*49 ZMQbg/Reaper*4 ZMQbg/IO/0*4 
2026-09-25T01:47:31+04:00	ck4n-whole-1m	4	583709	488	2	27127808	6045696	uv*1 main2*1 
2026-09-25T01:47:31+04:00	ck4n-whole-1m	4	583725	583709	57	1215795200	963272704	ft*51 ZMQbg/Reaper*3 ZMQbg/IO/0*3 
2026-09-25T01:47:31+04:00	ck4n-whole-1m	4	583912	583725	1	12701696	5939200	python3*1 
2026-09-25T01:47:31+04:00	ck4n-whole-1m	4	583913	583725	45	19048456192	1923883008	python3*36 pt_gloo_runloop*2 ZMQbg/Reaper*2 ZMQbg/IO/0*2 pt_tcpstore_uv*1 cuda0000240000a*1 
2026-09-25T01:47:31+04:00	ck4n-whole-1m	4	583914	583725	57	1179262976	932253696	python3*49 ZMQbg/Reaper*4 ZMQbg/IO/0*4 
2026-09-25T01:47:44+04:00	ck4n-whole-1m	4	583709	488	2	27127808	6045696	uv*1 main2*1 
2026-09-25T01:47:44+04:00	ck4n-whole-1m	4	583725	583709	57	1215795200	963272704	ft*51 ZMQbg/Reaper*3 ZMQbg/IO/0*3 
2026-09-25T01:47:44+04:00	ck4n-whole-1m	4	583912	583725	1	12701696	5939200	python3*1 
2026-09-25T01:47:44+04:00	ck4n-whole-1m	4	583913	583725	45	19048456192	1923883008	python3*36 pt_gloo_runloop*2 ZMQbg/Reaper*2 ZMQbg/IO/0*2 pt_tcpstore_uv*1 cuda0000240000a*1 
2026-09-25T01:47:44+04:00	ck4n-whole-1m	4	583914	583725	57	1179262976	932253696	python3*49 ZMQbg/Reaper*4 ZMQbg/IO/0*4 
2026-09-25T01:47:54+04:00	ck4n-whole-1m	4	583709	488	2	27127808	6045696	uv*1 main2*1 
2026-09-25T01:47:54+04:00	ck4n-whole-1m	4	583725	583709	57	1215795200	963272704	ft*51 ZMQbg/Reaper*3 ZMQbg/IO/0*3 
2026-09-25T01:47:54+04:00	ck4n-whole-1m	4	583912	583725	1	12701696	5939200	python3*1 
2026-09-25T01:47:54+04:00	ck4n-whole-1m	4	583913	583725	45	19048456192	1923883008	python3*36 pt_gloo_runloop*2 ZMQbg/Reaper*2 ZMQbg/IO/0*2 pt_tcpstore_uv*1 cuda0000240000a*1 
2026-09-25T01:47:54+04:00	ck4n-whole-1m	4	583914	583725	57	1179262976	932253696	python3*49 ZMQbg/Reaper*4 ZMQbg/IO/0*4 
2026-09-25T01:48:04+04:00	ck4n-whole-1m	4	583709	488	2	27127808	6045696	uv*1 main2*1 
2026-09-25T01:48:04+04:00	ck4n-whole-1m	4	583725	583709	57	1215795200	963272704	ft*51 ZMQbg/Reaper*3 ZMQbg/IO/0*3 
2026-09-25T01:48:04+04:00	ck4n-whole-1m	4	583912	583725	1	12701696	5939200	python3*1 
2026-09-25T01:48:04+04:00	ck4n-whole-1m	4	583913	583725	45	19048456192	1923883008	python3*36 pt_gloo_runloop*2 ZMQbg/Reaper*2 ZMQbg/IO/0*2 pt_tcpstore_uv*1 cuda0000240000a*1 
2026-09-25T01:48:05+04:00	ck4n-whole-1m	4	583914	583725	57	1179262976	932253696	python3*49 ZMQbg/Reaper*4 ZMQbg/IO/0*4 
2026-09-25T01:48:18+04:00	ck4n-whole-1m	4	583709	488	2	27127808	6045696	uv*1 main2*1 
2026-09-25T01:48:18+04:00	ck4n-whole-1m	4	583725	583709	57	1215795200	963272704	ft*51 ZMQbg/Reaper*3 ZMQbg/IO/0*3 
2026-09-25T01:48:18+04:00	ck4n-whole-1m	4	583912	583725	1	12701696	5939200	python3*1 
2026-09-25T01:48:18+04:00	ck4n-whole-1m	4	583913	583725	45	19048521728	1923948544	python3*36 pt_gloo_runloop*2 ZMQbg/Reaper*2 ZMQbg/IO/0*2 pt_tcpstore_uv*1 cuda0000240000a*1 
2026-09-25T01:48:18+04:00	ck4n-whole-1m	4	583914	583725	57	1179262976	932253696	python3*49 ZMQbg/Reaper*4 ZMQbg/IO/0*4 
2026-09-25T01:48:28+04:00	ck4n-whole-1m	4	583709	488	2	27127808	6045696	uv*1 main2*1 
2026-09-25T01:48:28+04:00	ck4n-whole-1m	4	583725	583709	57	1215795200	963272704	ft*51 ZMQbg/Reaper*3 ZMQbg/IO/0*3 
2026-09-25T01:48:28+04:00	ck4n-whole-1m	4	583912	583725	1	12701696	5939200	python3*1 
2026-09-25T01:48:28+04:00	ck4n-whole-1m	4	583913	583725	45	19048677376	1924104192	python3*36 pt_gloo_runloop*2 ZMQbg/Reaper*2 ZMQbg/IO/0*2 pt_tcpstore_uv*1 cuda0000240000a*1 
2026-09-25T01:48:28+04:00	ck4n-whole-1m	4	583914	583725	57	1179262976	932253696	python3*49 ZMQbg/Reaper*4 ZMQbg/IO/0*4 
2026-09-25T01:48:38+04:00	ck4n-whole-1m	4	583709	488	2	27127808	6045696	uv*1 main2*1 
2026-09-25T01:48:38+04:00	ck4n-whole-1m	4	583725	583709	57	1215795200	963272704	ft*51 ZMQbg/Reaper*3 ZMQbg/IO/0*3 
2026-09-25T01:48:38+04:00	ck4n-whole-1m	4	583912	583725	1	12701696	5939200	python3*1 
2026-09-25T01:48:38+04:00	ck4n-whole-1m	4	583913	583725	45	19048853504	1924280320	python3*36 pt_gloo_runloop*2 ZMQbg/Reaper*2 ZMQbg/IO/0*2 pt_tcpstore_uv*1 cuda0000240000a*1 
2026-09-25T01:48:39+04:00	ck4n-whole-1m	4	583914	583725	57	1179262976	932253696	python3*49 ZMQbg/Reaper*4 ZMQbg/IO/0*4 
2026-09-25T01:48:52+04:00	ck4n-whole-1m	4	583709	488	2	27127808	6045696	uv*1 main2*1 
2026-09-25T01:48:52+04:00	ck4n-whole-1m	4	583725	583709	57	1215795200	963272704	ft*51 ZMQbg/Reaper*3 ZMQbg/IO/0*3 
2026-09-25T01:48:52+04:00	ck4n-whole-1m	4	583912	583725	1	12701696	5939200	python3*1 
2026-09-25T01:48:52+04:00	ck4n-whole-1m	4	583913	583725	45	19049086976	1924513792	python3*36 pt_gloo_runloop*2 ZMQbg/Reaper*2 ZMQbg/IO/0*2 pt_tcpstore_uv*1 cuda0000240000a*1 
2026-09-25T01:48:52+04:00	ck4n-whole-1m	4	583914	583725	57	1179262976	932253696	python3*49 ZMQbg/Reaper*4 ZMQbg/IO/0*4 
2026-09-25T01:49:02+04:00	ck4n-whole-1m	4	583709	488	2	27127808	6045696	uv*1 main2*1 
2026-09-25T01:49:02+04:00	ck4n-whole-1m	4	583725	583709	57	1215795200	963272704	ft*51 ZMQbg/Reaper*3 ZMQbg/IO/0*3 
2026-09-25T01:49:02+04:00	ck4n-whole-1m	4	583912	583725	1	12701696	5939200	python3*1 
2026-09-25T01:49:02+04:00	ck4n-whole-1m	4	583913	583725	45	19049197568	1924624384	python3*36 pt_gloo_runloop*2 ZMQbg/Reaper*2 ZMQbg/IO/0*2 pt_tcpstore_uv*1 cuda0000240000a*1 
2026-09-25T01:49:02+04:00	ck4n-whole-1m	4	583914	583725	57	1179262976	932253696	python3*49 ZMQbg/Reaper*4 ZMQbg/IO/0*4 
2026-09-25T01:49:12+04:00	ck4n-whole-1m	4	583709	488	2	27127808	6045696	uv*1 main2*1 
2026-09-25T01:49:12+04:00	ck4n-whole-1m	4	583725	583709	57	1215795200	963272704	ft*51 ZMQbg/Reaper*3 ZMQbg/IO/0*3 
2026-09-25T01:49:12+04:00	ck4n-whole-1m	4	583912	583725	1	12701696	5939200	python3*1 
2026-09-25T01:49:12+04:00	ck4n-whole-1m	4	583913	583725	45	19049349120	1924775936	python3*36 pt_gloo_runloop*2 ZMQbg/Reaper*2 ZMQbg/IO/0*2 pt_tcpstore_uv*1 cuda0000240000a*1 
2026-09-25T01:49:13+04:00	ck4n-whole-1m	4	583914	583725	57	1179262976	932253696	python3*49 ZMQbg/Reaper*4 ZMQbg/IO/0*4 
2026-09-25T01:49:26+04:00	ck4n-whole-1m	4	583709	488	2	27127808	6045696	uv*1 main2*1 
2026-09-25T01:49:26+04:00	ck4n-whole-1m	4	583725	583709	57	1215795200	963272704	ft*51 ZMQbg/Reaper*3 ZMQbg/IO/0*3 
2026-09-25T01:49:26+04:00	ck4n-whole-1m	4	583912	583725	1	12701696	5939200	python3*1 
2026-09-25T01:49:26+04:00	ck4n-whole-1m	4	583913	583725	45	19049529344	1924956160	python3*36 pt_gloo_runloop*2 ZMQbg/Reaper*2 ZMQbg/IO/0*2 pt_tcpstore_uv*1 cuda0000240000a*1 
2026-09-25T01:49:26+04:00	ck4n-whole-1m	4	583914	583725	57	1179262976	932253696	python3*49 ZMQbg/Reaper*4 ZMQbg/IO/0*4 
2026-09-25T01:49:36+04:00	ck4n-whole-1m	4	583709	488	2	27127808	6045696	uv*1 main2*1 
2026-09-25T01:49:36+04:00	ck4n-whole-1m	4	583725	583709	57	1215795200	963272704	ft*51 ZMQbg/Reaper*3 ZMQbg/IO/0*3 
2026-09-25T01:49:36+04:00	ck4n-whole-1m	4	583912	583725	1	12701696	5939200	python3*1 
2026-09-25T01:49:36+04:00	ck4n-whole-1m	4	583913	583725	45	19049705472	1925132288	python3*36 pt_gloo_runloop*2 ZMQbg/Reaper*2 ZMQbg/IO/0*2 pt_tcpstore_uv*1 cuda0000240000a*1 
2026-09-25T01:49:36+04:00	ck4n-whole-1m	4	583914	583725	57	1179262976	932253696	python3*49 ZMQbg/Reaper*4 ZMQbg/IO/0*4 
2026-09-25T01:49:46+04:00	ck4n-whole-1m	4	583709	488	2	27127808	6045696	uv*1 main2*1 
2026-09-25T01:49:46+04:00	ck4n-whole-1m	4	583725	583709	57	1215795200	963272704	ft*51 ZMQbg/Reaper*3 ZMQbg/IO/0*3 
2026-09-25T01:49:46+04:00	ck4n-whole-1m	4	583912	583725	1	12701696	5939200	python3*1 
2026-09-25T01:49:46+04:00	ck4n-whole-1m	4	583913	583725	45	19049852928	1925279744	python3*36 pt_gloo_runloop*2 ZMQbg/Reaper*2 ZMQbg/IO/0*2 pt_tcpstore_uv*1 cuda0000240000a*1 
2026-09-25T01:49:46+04:00	ck4n-whole-1m	4	583914	583725	57	1179262976	932253696	python3*49 ZMQbg/Reaper*4 ZMQbg/IO/0*4 
2026-09-25T01:50:00+04:00	ck4n-whole-1m	4	583709	488	2	27127808	6045696	uv*1 main2*1 
2026-09-25T01:50:00+04:00	ck4n-whole-1m	4	583725	583709	57	1215795200	963272704	ft*51 ZMQbg/Reaper*3 ZMQbg/IO/0*3 
2026-09-25T01:50:00+04:00	ck4n-whole-1m	4	583912	583725	1	12701696	5939200	python3*1 
2026-09-25T01:50:00+04:00	ck4n-whole-1m	4	583913	583725	45	19050008576	1925435392	python3*36 pt_gloo_runloop*2 ZMQbg/Reaper*2 ZMQbg/IO/0*2 pt_tcpstore_uv*1 cuda0000240000a*1 
2026-09-25T01:50:00+04:00	ck4n-whole-1m	4	583914	583725	57	1179262976	932253696	python3*49 ZMQbg/Reaper*4 ZMQbg/IO/0*4 
2026-09-25T01:50:10+04:00	ck4n-whole-1m	4	583709	488	2	27127808	6045696	uv*1 main2*1 
2026-09-25T01:50:10+04:00	ck4n-whole-1m	4	583725	583709	57	1215795200	963272704	ft*51 ZMQbg/Reaper*3 ZMQbg/IO/0*3 
2026-09-25T01:50:10+04:00	ck4n-whole-1m	4	583912	583725	1	12701696	5939200	python3*1 
2026-09-25T01:50:10+04:00	ck4n-whole-1m	4	583913	583725	45	19050184704	1925611520	python3*36 pt_gloo_runloop*2 ZMQbg/Reaper*2 ZMQbg/IO/0*2 pt_tcpstore_uv*1 cuda0000240000a*1 
2026-09-25T01:50:10+04:00	ck4n-whole-1m	4	583914	583725	57	1179262976	932253696	python3*49 ZMQbg/Reaper*4 ZMQbg/IO/0*4 
2026-09-25T01:50:20+04:00	ck4n-whole-1m	4	583709	488	2	27127808	6045696	uv*1 main2*1 
2026-09-25T01:50:20+04:00	ck4n-whole-1m	4	583725	583709	57	1215795200	963272704	ft*51 ZMQbg/Reaper*3 ZMQbg/IO/0*3 
2026-09-25T01:50:20+04:00	ck4n-whole-1m	4	583912	583725	1	12701696	5939200	python3*1 
2026-09-25T01:50:20+04:00	ck4n-whole-1m	4	583913	583725	45	19050336256	1925763072	python3*36 pt_gloo_runloop*2 ZMQbg/Reaper*2 ZMQbg/IO/0*2 pt_tcpstore_uv*1 cuda0000240000a*1 
2026-09-25T01:50:20+04:00	ck4n-whole-1m	4	583914	583725	57	1179262976	932253696	python3*49 ZMQbg/Reaper*4 ZMQbg/IO/0*4 
2026-09-25T01:50:34+04:00	ck4n-whole-1m	4	583709	488	2	27127808	6045696	uv*1 main2*1 
2026-09-25T01:50:34+04:00	ck4n-whole-1m	4	583725	583709	57	1215795200	963272704	ft*51 ZMQbg/Reaper*3 ZMQbg/IO/0*3 
2026-09-25T01:50:34+04:00	ck4n-whole-1m	4	583912	583725	1	12701696	5939200	python3*1 
2026-09-25T01:50:34+04:00	ck4n-whole-1m	4	583913	583725	45	19050496000	1925922816	python3*36 pt_gloo_runloop*2 ZMQbg/Reaper*2 ZMQbg/IO/0*2 pt_tcpstore_uv*1 cuda0000240000a*1 
2026-09-25T01:50:34+04:00	ck4n-whole-1m	4	583914	583725	57	1179262976	932253696	python3*49 ZMQbg/Reaper*4 ZMQbg/IO/0*4 
2026-09-25T01:50:44+04:00	ck4n-whole-1m	4	583709	488	2	27127808	6045696	uv*1 main2*1 
2026-09-25T01:50:44+04:00	ck4n-whole-1m	4	583725	583709	57	1215795200	963272704	ft*51 ZMQbg/Reaper*3 ZMQbg/IO/0*3 
2026-09-25T01:50:44+04:00	ck4n-whole-1m	4	583912	583725	1	12701696	5939200	python3*1 
2026-09-25T01:50:44+04:00	ck4n-whole-1m	4	583913	583725	45	19050672128	1926098944	python3*36 pt_gloo_runloop*2 ZMQbg/Reaper*2 ZMQbg/IO/0*2 pt_tcpstore_uv*1 cuda0000240000a*1 
2026-09-25T01:50:44+04:00	ck4n-whole-1m	4	583914	583725	57	1179262976	932253696	python3*49 ZMQbg/Reaper*4 ZMQbg/IO/0*4 
2026-09-25T01:50:54+04:00	ck4n-whole-1m	4	583709	488	2	27127808	6045696	uv*1 main2*1 
2026-09-25T01:50:54+04:00	ck4n-whole-1m	4	583725	583709	57	1215795200	963272704	ft*51 ZMQbg/Reaper*3 ZMQbg/IO/0*3 
2026-09-25T01:50:54+04:00	ck4n-whole-1m	4	583912	583725	1	12701696	5939200	python3*1 
2026-09-25T01:50:54+04:00	ck4n-whole-1m	4	583913	583725	45	19050844160	1926270976	python3*36 pt_gloo_runloop*2 ZMQbg/Reaper*2 ZMQbg/IO/0*2 pt_tcpstore_uv*1 cuda0000240000a*1 
2026-09-25T01:50:54+04:00	ck4n-whole-1m	4	583914	583725	57	1179262976	932253696	python3*49 ZMQbg/Reaper*4 ZMQbg/IO/0*4 
2026-09-25T01:51:08+04:00	ck4n-whole-1m	4	583709	488	2	27127808	6045696	uv*1 main2*1 
2026-09-25T01:51:08+04:00	ck4n-whole-1m	4	583725	583709	57	1215795200	963272704	ft*51 ZMQbg/Reaper*3 ZMQbg/IO/0*3 
2026-09-25T01:51:08+04:00	ck4n-whole-1m	4	583912	583725	1	12701696	5939200	python3*1 
2026-09-25T01:51:08+04:00	ck4n-whole-1m	4	583913	583725	45	19050999808	1926426624	python3*36 pt_gloo_runloop*2 ZMQbg/Reaper*2 ZMQbg/IO/0*2 pt_tcpstore_uv*1 cuda0000240000a*1 
2026-09-25T01:51:08+04:00	ck4n-whole-1m	4	583914	583725	57	1179262976	932253696	python3*49 ZMQbg/Reaper*4 ZMQbg/IO/0*4 
2026-09-25T01:51:18+04:00	ck4n-whole-1m	4	583709	488	2	27127808	6045696	uv*1 main2*1 
2026-09-25T01:51:18+04:00	ck4n-whole-1m	4	583725	583709	57	1215795200	963272704	ft*51 ZMQbg/Reaper*3 ZMQbg/IO/0*3 
2026-09-25T01:51:18+04:00	ck4n-whole-1m	4	583912	583725	1	12701696	5939200	python3*1 
2026-09-25T01:51:18+04:00	ck4n-whole-1m	4	583913	583725	45	19051180032	1926606848	python3*36 pt_gloo_runloop*2 ZMQbg/Reaper*2 ZMQbg/IO/0*2 pt_tcpstore_uv*1 cuda0000240000a*1 
2026-09-25T01:51:18+04:00	ck4n-whole-1m	4	583914	583725	57	1179262976	932253696	python3*49 ZMQbg/Reaper*4 ZMQbg/IO/0*4 
2026-09-25T01:51:28+04:00	ck4n-whole-1m	4	583709	488	2	27127808	6045696	uv*1 main2*1 
2026-09-25T01:51:28+04:00	ck4n-whole-1m	4	583725	583709	57	1215795200	963272704	ft*51 ZMQbg/Reaper*3 ZMQbg/IO/0*3 
2026-09-25T01:51:28+04:00	ck4n-whole-1m	4	583912	583725	1	12701696	5939200	python3*1 
2026-09-25T01:51:28+04:00	ck4n-whole-1m	4	583913	583725	45	19051335680	1926762496	python3*36 pt_gloo_runloop*2 ZMQbg/Reaper*2 ZMQbg/IO/0*2 pt_tcpstore_uv*1 cuda0000240000a*1 
2026-09-25T01:51:28+04:00	ck4n-whole-1m	4	583914	583725	57	1179262976	932253696	python3*49 ZMQbg/Reaper*4 ZMQbg/IO/0*4 
2026-09-25T01:51:38+04:00	ck4n-whole-1m	4	583709	488	2	27127808	6045696	uv*1 main2*1 
2026-09-25T01:51:38+04:00	ck4n-whole-1m	4	583725	583709	57	1215795200	963272704	ft*51 ZMQbg/Reaper*3 ZMQbg/IO/0*3 
2026-09-25T01:51:38+04:00	ck4n-whole-1m	4	583912	583725	1	12701696	5939200	python3*1 
2026-09-25T01:51:38+04:00	ck4n-whole-1m	4	583913	583725	45	19051483136	1926909952	python3*36 pt_gloo_runloop*2 ZMQbg/Reaper*2 ZMQbg/IO/0*2 pt_tcpstore_uv*1 cuda0000240000a*1 
2026-09-25T01:51:39+04:00	ck4n-whole-1m	4	583914	583725	57	1179262976	932253696	python3*49 ZMQbg/Reaper*4 ZMQbg/IO/0*4 
2026-09-25T01:51:52+04:00	ck4n-whole-1m	4	583709	488	2	27127808	6045696	uv*1 main2*1 
2026-09-25T01:51:52+04:00	ck4n-whole-1m	4	583725	583709	57	1215795200	963272704	ft*51 ZMQbg/Reaper*3 ZMQbg/IO/0*3 
2026-09-25T01:51:52+04:00	ck4n-whole-1m	4	583912	583725	1	12701696	5939200	python3*1 
2026-09-25T01:51:52+04:00	ck4n-whole-1m	4	583913	583725	45	19051638784	1927065600	python3*36 pt_gloo_runloop*2 ZMQbg/Reaper*2 ZMQbg/IO/0*2 pt_tcpstore_uv*1 cuda0000240000a*1 
2026-09-25T01:51:52+04:00	ck4n-whole-1m	4	583914	583725	57	1179262976	932253696	python3*49 ZMQbg/Reaper*4 ZMQbg/IO/0*4 
2026-09-25T01:52:02+04:00	ck4n-whole-1m	4	583709	488	2	27127808	6045696	uv*1 main2*1 
2026-09-25T01:52:02+04:00	ck4n-whole-1m	4	583725	583709	57	1215795200	963272704	ft*51 ZMQbg/Reaper*3 ZMQbg/IO/0*3 
2026-09-25T01:52:02+04:00	ck4n-whole-1m	4	583912	583725	1	12701696	5939200	python3*1 
2026-09-25T01:52:02+04:00	ck4n-whole-1m	4	583913	583725	45	19051810816	1927237632	python3*36 pt_gloo_runloop*2 ZMQbg/Reaper*2 ZMQbg/IO/0*2 pt_tcpstore_uv*1 cuda0000240000a*1 
2026-09-25T01:52:02+04:00	ck4n-whole-1m	4	583914	583725	57	1179262976	932253696	python3*49 ZMQbg/Reaper*4 ZMQbg/IO/0*4 
2026-09-25T01:52:12+04:00	ck4n-whole-1m	4	583709	488	2	27127808	6045696	uv*1 main2*1 
2026-09-25T01:52:12+04:00	ck4n-whole-1m	4	583725	583709	57	1215795200	963272704	ft*51 ZMQbg/Reaper*3 ZMQbg/IO/0*3 
2026-09-25T01:52:12+04:00	ck4n-whole-1m	4	583912	583725	1	12701696	5939200	python3*1 
2026-09-25T01:52:12+04:00	ck4n-whole-1m	4	583913	583725	45	19051966464	1927393280	python3*36 pt_gloo_runloop*2 ZMQbg/Reaper*2 ZMQbg/IO/0*2 pt_tcpstore_uv*1 cuda0000240000a*1 
2026-09-25T01:52:13+04:00	ck4n-whole-1m	4	583914	583725	57	1179262976	932253696	python3*49 ZMQbg/Reaper*4 ZMQbg/IO/0*4 
2026-09-25T01:52:26+04:00	ck4n-whole-1m	4	583709	488	2	26079232	6045696	uv*1 main2*1 
2026-09-25T01:52:26+04:00	ck4n-whole-1m	4	583725	583709	57	1213071360	963272704	ft*51 ZMQbg/Reaper*3 ZMQbg/IO/0*3 
2026-09-25T01:52:26+04:00	ck4n-whole-1m	4	583912	583725	1	12697600	5939200	python3*1 
2026-09-25T01:52:26+04:00	ck4n-whole-1m	4	583913	583725	45	19040628736	1927548928	python3*36 pt_gloo_runloop*2 ZMQbg/Reaper*2 ZMQbg/IO/0*2 pt_tcpstore_uv*1 cuda0000240000a*1 
2026-09-25T01:52:26+04:00	ck4n-whole-1m	4	583914	583725	57	1176584192	932253696	python3*49 ZMQbg/Reaper*4 ZMQbg/IO/0*4 
2026-09-25T01:52:36+04:00	ck4n-whole-1m	4	583709	488	2	26079232	6045696	uv*1 main2*1 
2026-09-25T01:52:36+04:00	ck4n-whole-1m	4	583725	583709	57	1213071360	963272704	ft*51 ZMQbg/Reaper*3 ZMQbg/IO/0*3 
2026-09-25T01:52:36+04:00	ck4n-whole-1m	4	583912	583725	1	12697600	5939200	python3*1 
2026-09-25T01:52:36+04:00	ck4n-whole-1m	4	583913	583725	45	19040804864	1927708672	python3*36 pt_gloo_runloop*2 ZMQbg/Reaper*2 ZMQbg/IO/0*2 pt_tcpstore_uv*1 cuda0000240000a*1 
2026-09-25T01:52:36+04:00	ck4n-whole-1m	4	583914	583725	57	1176584192	932253696	python3*49 ZMQbg/Reaper*4 ZMQbg/IO/0*4 
2026-09-25T01:52:46+04:00	ck4n-whole-1m	4	583709	488	2	26079232	6045696	uv*1 main2*1 
2026-09-25T01:52:46+04:00	ck4n-whole-1m	4	583725	583709	57	1213071360	963272704	ft*51 ZMQbg/Reaper*3 ZMQbg/IO/0*3 
2026-09-25T01:52:46+04:00	ck4n-whole-1m	4	583912	583725	1	12697600	5939200	python3*1 
2026-09-25T01:52:46+04:00	ck4n-whole-1m	4	583913	583725	45	19040964608	1927868416	python3*36 pt_gloo_runloop*2 ZMQbg/Reaper*2 ZMQbg/IO/0*2 pt_tcpstore_uv*1 cuda0000240000a*1 
2026-09-25T01:52:46+04:00	ck4n-whole-1m	4	583914	583725	57	1176584192	932253696	python3*49 ZMQbg/Reaper*4 ZMQbg/IO/0*4 
2026-09-25T01:52:59+04:00	ck4n-whole-1m	4	583709	488	2	26079232	6045696	uv*1 main2*1 
2026-09-25T01:52:59+04:00	ck4n-whole-1m	4	583725	583709	57	1213071360	963272704	ft*51 ZMQbg/Reaper*3 ZMQbg/IO/0*3 
2026-09-25T01:52:59+04:00	ck4n-whole-1m	4	583912	583725	1	12697600	5939200	python3*1 
2026-09-25T01:52:59+04:00	ck4n-whole-1m	4	583913	583725	45	19041103872	1928019968	python3*36 pt_gloo_runloop*2 ZMQbg/Reaper*2 ZMQbg/IO/0*2 pt_tcpstore_uv*1 cuda0000240000a*1 
2026-09-25T01:52:59+04:00	ck4n-whole-1m	4	583914	583725	57	1176584192	932253696	python3*49 ZMQbg/Reaper*4 ZMQbg/IO/0*4 
2026-09-25T01:53:10+04:00	ck4n-whole-1m	4	583709	488	2	26079232	6045696	uv*1 main2*1 
2026-09-25T01:53:10+04:00	ck4n-whole-1m	4	583725	583709	57	1213120512	963272704	ft*51 ZMQbg/Reaper*3 ZMQbg/IO/0*3 
2026-09-25T01:53:10+04:00	ck4n-whole-1m	4	583912	583725	1	12697600	5939200	python3*1 
2026-09-25T01:53:10+04:00	ck4n-whole-1m	4	583913	583725	45	19042213888	1929101312	python3*36 pt_gloo_runloop*2 ZMQbg/Reaper*2 ZMQbg/IO/0*2 pt_tcpstore_uv*1 cuda0000240000a*1 
2026-09-25T01:53:10+04:00	ck4n-whole-1m	4	583914	583725	57	1176629248	932253696	python3*49 ZMQbg/Reaper*4 ZMQbg/IO/0*4 
2026-09-25T01:53:20+04:00	ck4n-whole-1m	4	583709	488	2	26079232	6045696	uv*1 main2*1 
2026-09-25T01:53:20+04:00	ck4n-whole-1m	4	583725	583709	57	1213120512	963272704	ft*51 ZMQbg/Reaper*3 ZMQbg/IO/0*3 
2026-09-25T01:53:20+04:00	ck4n-whole-1m	4	583912	583725	1	12697600	5939200	python3*1 
2026-09-25T01:53:20+04:00	ck4n-whole-1m	4	583913	583725	45	19042213888	1929101312	python3*36 pt_gloo_runloop*2 ZMQbg/Reaper*2 ZMQbg/IO/0*2 pt_tcpstore_uv*1 cuda0000240000a*1 
2026-09-25T01:53:20+04:00	ck4n-whole-1m	4	583914	583725	57	1176629248	932253696	python3*49 ZMQbg/Reaper*4 ZMQbg/IO/0*4 
2026-09-25T01:53:29+04:00	ck4n-whole-1m	4	583709	488	2	26079232	6045696	uv*1 main2*1 
2026-09-25T01:53:29+04:00	ck4n-whole-1m	4	583725	583709	57	1213120512	963272704	ft*51 ZMQbg/Reaper*3 ZMQbg/IO/0*3 
2026-09-25T01:53:29+04:00	ck4n-whole-1m	4	583912	583725	1	12697600	5939200	python3*1 
2026-09-25T01:53:29+04:00	ck4n-whole-1m	4	583913	583725	45	19042312192	1929195520	python3*36 pt_gloo_runloop*2 ZMQbg/Reaper*2 ZMQbg/IO/0*2 pt_tcpstore_uv*1 cuda0000240000a*1 
2026-09-25T01:53:30+04:00	ck4n-whole-1m	4	583914	583725	57	1176629248	932253696	python3*49 ZMQbg/Reaper*4 ZMQbg/IO/0*4 
2026-09-25T01:53:40+04:00	ck4n-whole-1m	4	583709	488	2	26079232	6045696	uv*1 main2*1 
2026-09-25T01:53:40+04:00	ck4n-whole-1m	4	583725	583709	57	1213120512	963272704	ft*51 ZMQbg/Reaper*3 ZMQbg/IO/0*3 
2026-09-25T01:53:40+04:00	ck4n-whole-1m	4	583912	583725	1	12697600	5939200	python3*1 
2026-09-25T01:53:40+04:00	ck4n-whole-1m	4	583913	583725	45	19042312192	1929195520	python3*36 pt_gloo_runloop*2 ZMQbg/Reaper*2 ZMQbg/IO/0*2 pt_tcpstore_uv*1 cuda0000240000a*1 
2026-09-25T01:53:40+04:00	ck4n-whole-1m	4	583914	583725	57	1176629248	932253696	python3*49 ZMQbg/Reaper*4 ZMQbg/IO/0*4 
2026-09-25T01:53:50+04:00	ck4n-whole-1m	4	583709	488	2	26079232	6045696	uv*1 main2*1 
2026-09-25T01:53:50+04:00	ck4n-whole-1m	4	583725	583709	57	1213120512	963272704	ft*51 ZMQbg/Reaper*3 ZMQbg/IO/0*3 
2026-09-25T01:53:50+04:00	ck4n-whole-1m	4	583912	583725	1	12697600	5939200	python3*1 
2026-09-25T01:53:50+04:00	ck4n-whole-1m	4	583913	583725	45	19042316288	1929199616	python3*36 pt_gloo_runloop*2 ZMQbg/Reaper*2 ZMQbg/IO/0*2 pt_tcpstore_uv*1 cuda0000240000a*1 
2026-09-25T01:53:50+04:00	ck4n-whole-1m	4	583914	583725	57	1176629248	932253696	python3*49 ZMQbg/Reaper*4 ZMQbg/IO/0*4 
2026-09-25T01:54:02+04:00	ck4n-whole-1m	4	583709	488	2	26079232	6045696	uv*1 main2*1 
2026-09-25T01:54:02+04:00	ck4n-whole-1m	4	583725	583709	57	1213120512	963272704	ft*51 ZMQbg/Reaper*3 ZMQbg/IO/0*3 
2026-09-25T01:54:02+04:00	ck4n-whole-1m	4	583912	583725	1	12697600	5939200	python3*1 
2026-09-25T01:54:02+04:00	ck4n-whole-1m	4	583913	583725	45	19042316288	1929199616	python3*36 pt_gloo_runloop*2 ZMQbg/Reaper*2 ZMQbg/IO/0*2 pt_tcpstore_uv*1 cuda0000240000a*1 
2026-09-25T01:54:02+04:00	ck4n-whole-1m	4	583914	583725	57	1176629248	932253696	python3*49 ZMQbg/Reaper*4 ZMQbg/IO/0*4 
2026-09-25T01:54:12+04:00	ck4n-whole-1m	4	583709	488	2	26079232	6045696	uv*1 main2*1 
2026-09-25T01:54:12+04:00	ck4n-whole-1m	4	583725	583709	57	1213120512	963272704	ft*51 ZMQbg/Reaper*3 ZMQbg/IO/0*3 
2026-09-25T01:54:12+04:00	ck4n-whole-1m	4	583912	583725	1	12697600	5939200	python3*1 
2026-09-25T01:54:12+04:00	ck4n-whole-1m	4	583913	583725	45	19042316288	1929199616	python3*36 pt_gloo_runloop*2 ZMQbg/Reaper*2 ZMQbg/IO/0*2 pt_tcpstore_uv*1 cuda0000240000a*1 
2026-09-25T01:54:12+04:00	ck4n-whole-1m	4	583914	583725	57	1176629248	932253696	python3*49 ZMQbg/Reaper*4 ZMQbg/IO/0*4 
2026-09-25T01:54:23+04:00	ck4n-whole-1m	4	583709	488	2	26021888	6045696	uv*1 main2*1 
2026-09-25T01:54:23+04:00	ck4n-whole-1m	4	583725	583709	57	1212051456	963272704	ft*51 ZMQbg/Reaper*3 ZMQbg/IO/0*3 
2026-09-25T01:54:23+04:00	ck4n-whole-1m	4	583912	583725	1	12697600	5939200	python3*1 
2026-09-25T01:54:23+04:00	ck4n-whole-1m	4	583913	583725	45	19041140736	1929199616	python3*36 pt_gloo_runloop*2 ZMQbg/Reaper*2 ZMQbg/IO/0*2 pt_tcpstore_uv*1 cuda0000240000a*1 
2026-09-25T01:54:23+04:00	ck4n-whole-1m	4	583914	583725	57	1175609344	932253696	python3*49 ZMQbg/Reaper*4 ZMQbg/IO/0*4 
2026-09-25T01:54:34+04:00	ck4n-whole-1m	4	583709	488	2	26021888	6045696	uv*1 main2*1 
2026-09-25T01:54:34+04:00	ck4n-whole-1m	4	583725	583709	57	1212051456	963272704	ft*51 ZMQbg/Reaper*3 ZMQbg/IO/0*3 
2026-09-25T01:54:34+04:00	ck4n-whole-1m	4	583912	583725	1	12697600	5939200	python3*1 
2026-09-25T01:54:34+04:00	ck4n-whole-1m	4	583913	583725	45	19041140736	1929199616	python3*36 pt_gloo_runloop*2 ZMQbg/Reaper*2 ZMQbg/IO/0*2 pt_tcpstore_uv*1 cuda0000240000a*1 
2026-09-25T01:54:34+04:00	ck4n-whole-1m	4	583914	583725	57	1175609344	932253696	python3*49 ZMQbg/Reaper*4 ZMQbg/IO/0*4 
2026-09-25T01:54:44+04:00	ck4n-whole-1m	4	583709	488	2	26021888	6045696	uv*1 main2*1 
2026-09-25T01:54:44+04:00	ck4n-whole-1m	4	583725	583709	57	1212051456	963272704	ft*51 ZMQbg/Reaper*3 ZMQbg/IO/0*3 
2026-09-25T01:54:44+04:00	ck4n-whole-1m	4	583912	583725	1	12697600	5939200	python3*1 
2026-09-25T01:54:44+04:00	ck4n-whole-1m	4	583913	583725	45	19041140736	1929199616	python3*36 pt_gloo_runloop*2 ZMQbg/Reaper*2 ZMQbg/IO/0*2 pt_tcpstore_uv*1 cuda0000240000a*1 
2026-09-25T01:54:44+04:00	ck4n-whole-1m	4	583914	583725	57	1175609344	932253696	python3*49 ZMQbg/Reaper*4 ZMQbg/IO/0*4 
2026-09-25T01:54:54+04:00	ck4n-whole-1m	4	583709	488	2	26021888	6045696	uv*1 main2*1 
2026-09-25T01:54:54+04:00	ck4n-whole-1m	4	583725	583709	57	1212051456	963272704	ft*51 ZMQbg/Reaper*3 ZMQbg/IO/0*3 
2026-09-25T01:54:54+04:00	ck4n-whole-1m	4	583912	583725	1	12697600	5939200	python3*1 
2026-09-25T01:54:54+04:00	ck4n-whole-1m	4	583913	583725	45	19041140736	1929199616	python3*36 pt_gloo_runloop*2 ZMQbg/Reaper*2 ZMQbg/IO/0*2 pt_tcpstore_uv*1 cuda0000240000a*1 
2026-09-25T01:54:55+04:00	ck4n-whole-1m	4	583914	583725	57	1175609344	932253696	python3*49 ZMQbg/Reaper*4 ZMQbg/IO/0*4 
2026-09-25T01:55:07+04:00	ck4n-whole-1m	4	583709	488	2	26021888	6045696	uv*1 main2*1 
2026-09-25T01:55:07+04:00	ck4n-whole-1m	4	583725	583709	57	1212051456	963272704	ft*51 ZMQbg/Reaper*3 ZMQbg/IO/0*3 
2026-09-25T01:55:07+04:00	ck4n-whole-1m	4	583912	583725	1	12697600	5939200	python3*1 
2026-09-25T01:55:07+04:00	ck4n-whole-1m	4	583913	583725	45	19041181696	1929240576	python3*36 pt_gloo_runloop*2 ZMQbg/Reaper*2 ZMQbg/IO/0*2 pt_tcpstore_uv*1 cuda0000240000a*1 
2026-09-25T01:55:07+04:00	ck4n-whole-1m	4	583914	583725	57	1175609344	932253696	python3*49 ZMQbg/Reaper*4 ZMQbg/IO/0*4 
2026-09-25T01:55:17+04:00	ck4n-whole-1m	4	583709	488	2	26021888	6045696	uv*1 main2*1 
2026-09-25T01:55:17+04:00	ck4n-whole-1m	4	583725	583709	57	1212051456	963272704	ft*51 ZMQbg/Reaper*3 ZMQbg/IO/0*3 
2026-09-25T01:55:17+04:00	ck4n-whole-1m	4	583912	583725	1	12697600	5939200	python3*1 
2026-09-25T01:55:17+04:00	ck4n-whole-1m	4	583913	583725	45	19041316864	1929375744	python3*36 pt_gloo_runloop*2 ZMQbg/Reaper*2 ZMQbg/IO/0*2 pt_tcpstore_uv*1 cuda0000240000a*1 
2026-09-25T01:55:18+04:00	ck4n-whole-1m	4	583914	583725	57	1175609344	932253696	python3*49 ZMQbg/Reaper*4 ZMQbg/IO/0*4 
2026-09-25T01:55:28+04:00	ck4n-whole-1m	4	583709	488	2	26021888	6045696	uv*1 main2*1 
2026-09-25T01:55:28+04:00	ck4n-whole-1m	4	583725	583709	57	1212051456	963272704	ft*51 ZMQbg/Reaper*3 ZMQbg/IO/0*3 
2026-09-25T01:55:28+04:00	ck4n-whole-1m	4	583912	583725	1	12697600	5939200	python3*1 
2026-09-25T01:55:28+04:00	ck4n-whole-1m	4	583913	583725	45	19041468416	1929543680	python3*36 pt_gloo_runloop*2 ZMQbg/Reaper*2 ZMQbg/IO/0*2 pt_tcpstore_uv*1 cuda0000240000a*1 
2026-09-25T01:55:28+04:00	ck4n-whole-1m	4	583914	583725	57	1175609344	932253696	python3*49 ZMQbg/Reaper*4 ZMQbg/IO/0*4 
2026-09-25T01:55:38+04:00	ck4n-whole-1m	4	583709	488	2	26021888	6045696	uv*1 main2*1 
2026-09-25T01:55:38+04:00	ck4n-whole-1m	4	583725	583709	57	1212051456	963272704	ft*51 ZMQbg/Reaper*3 ZMQbg/IO/0*3 
2026-09-25T01:55:38+04:00	ck4n-whole-1m	4	583912	583725	1	12697600	5939200	python3*1 
2026-09-25T01:55:38+04:00	ck4n-whole-1m	4	583913	583725	45	19041685504	1929744384	python3*36 pt_gloo_runloop*2 ZMQbg/Reaper*2 ZMQbg/IO/0*2 pt_tcpstore_uv*1 cuda0000240000a*1 
2026-09-25T01:55:40+04:00	ck4n-whole-1m	4	583914	583725	57	1175609344	932253696	python3*49 ZMQbg/Reaper*4 ZMQbg/IO/0*4 
2026-09-25T01:55:50+04:00	ck4n-whole-1m	4	583709	488	2	26021888	6045696	uv*1 main2*1 
2026-09-25T01:55:50+04:00	ck4n-whole-1m	4	583725	583709	57	1212051456	963272704	ft*51 ZMQbg/Reaper*3 ZMQbg/IO/0*3 
2026-09-25T01:55:50+04:00	ck4n-whole-1m	4	583912	583725	1	12697600	5939200	python3*1 
2026-09-25T01:55:50+04:00	ck4n-whole-1m	4	583913	583725	45	19041759232	1929842688	python3*36 pt_gloo_runloop*2 ZMQbg/Reaper*2 ZMQbg/IO/0*2 pt_tcpstore_uv*1 cuda0000240000a*1 
2026-09-25T01:55:50+04:00	ck4n-whole-1m	4	583914	583725	57	1175609344	932253696	python3*49 ZMQbg/Reaper*4 ZMQbg/IO/0*4 
2026-09-25T01:56:00+04:00	ck4n-whole-1m	4	583709	488	2	26021888	6045696	uv*1 main2*1 
2026-09-25T01:56:00+04:00	ck4n-whole-1m	4	583725	583709	57	1212051456	963272704	ft*51 ZMQbg/Reaper*3 ZMQbg/IO/0*3 
2026-09-25T01:56:00+04:00	ck4n-whole-1m	4	583912	583725	1	12697600	5939200	python3*1 
2026-09-25T01:56:00+04:00	ck4n-whole-1m	4	583913	583725	45	19041918976	1929977856	python3*36 pt_gloo_runloop*2 ZMQbg/Reaper*2 ZMQbg/IO/0*2 pt_tcpstore_uv*1 cuda0000240000a*1 
2026-09-25T01:56:00+04:00	ck4n-whole-1m	4	583914	583725	57	1175609344	932253696	python3*49 ZMQbg/Reaper*4 ZMQbg/IO/0*4 
2026-09-25T01:56:10+04:00	ck4n-whole-1m	4	583709	488	2	26021888	6045696	uv*1 main2*1 
2026-09-25T01:56:10+04:00	ck4n-whole-1m	4	583725	583709	57	1212051456	963272704	ft*51 ZMQbg/Reaper*3 ZMQbg/IO/0*3 
2026-09-25T01:56:10+04:00	ck4n-whole-1m	4	583912	583725	1	12697600	5939200	python3*1 
2026-09-25T01:56:10+04:00	ck4n-whole-1m	4	583913	583725	45	19042066432	1930125312	python3*36 pt_gloo_runloop*2 ZMQbg/Reaper*2 ZMQbg/IO/0*2 pt_tcpstore_uv*1 cuda0000240000a*1 
2026-09-25T01:56:11+04:00	ck4n-whole-1m	4	583914	583725	57	1175609344	932253696	python3*49 ZMQbg/Reaper*4 ZMQbg/IO/0*4 
2026-09-25T01:56:23+04:00	ck4n-whole-1m	4	583709	488	2	26021888	6045696	uv*1 main2*1 
2026-09-25T01:56:23+04:00	ck4n-whole-1m	4	583725	583709	57	1212051456	963272704	ft*51 ZMQbg/Reaper*3 ZMQbg/IO/0*3 
2026-09-25T01:56:23+04:00	ck4n-whole-1m	4	583912	583725	1	12697600	5939200	python3*1 
2026-09-25T01:56:23+04:00	ck4n-whole-1m	4	583913	583725	45	19042226176	1930285056	python3*36 pt_gloo_runloop*2 ZMQbg/Reaper*2 ZMQbg/IO/0*2 pt_tcpstore_uv*1 cuda0000240000a*1 
2026-09-25T01:56:23+04:00	ck4n-whole-1m	4	583914	583725	57	1175609344	932253696	python3*49 ZMQbg/Reaper*4 ZMQbg/IO/0*4 
2026-09-25T01:56:33+04:00	ck4n-whole-1m	4	583709	488	2	26021888	6045696	uv*1 main2*1 
2026-09-25T01:56:33+04:00	ck4n-whole-1m	4	583725	583709	57	1212051456	963272704	ft*51 ZMQbg/Reaper*3 ZMQbg/IO/0*3 
2026-09-25T01:56:33+04:00	ck4n-whole-1m	4	583912	583725	1	12697600	5939200	python3*1 
2026-09-25T01:56:33+04:00	ck4n-whole-1m	4	583913	583725	45	19042357248	1930416128	python3*36 pt_gloo_runloop*2 ZMQbg/Reaper*2 ZMQbg/IO/0*2 pt_tcpstore_uv*1 cuda0000240000a*1 
2026-09-25T01:56:33+04:00	ck4n-whole-1m	4	583914	583725	57	1175609344	932253696	python3*49 ZMQbg/Reaper*4 ZMQbg/IO/0*4 
2026-09-25T01:56:44+04:00	ck4n-whole-1m	4	583709	488	2	26021888	6045696	uv*1 main2*1 
2026-09-25T01:56:44+04:00	ck4n-whole-1m	4	583725	583709	57	1212051456	963272704	ft*51 ZMQbg/Reaper*3 ZMQbg/IO/0*3 
2026-09-25T01:56:44+04:00	ck4n-whole-1m	4	583912	583725	1	12697600	5939200	python3*1 
2026-09-25T01:56:44+04:00	ck4n-whole-1m	4	583913	583725	45	19042484224	1930543104	python3*36 pt_gloo_runloop*2 ZMQbg/Reaper*2 ZMQbg/IO/0*2 pt_tcpstore_uv*1 cuda0000240000a*1 
2026-09-25T01:56:44+04:00	ck4n-whole-1m	4	583914	583725	57	1175609344	932253696	python3*49 ZMQbg/Reaper*4 ZMQbg/IO/0*4 
2026-09-25T01:56:55+04:00	ck4n-whole-1m	4	583709	488	2	26021888	6045696	uv*1 main2*1 
2026-09-25T01:56:55+04:00	ck4n-whole-1m	4	583725	583709	57	1212051456	963272704	ft*51 ZMQbg/Reaper*3 ZMQbg/IO/0*3 
2026-09-25T01:56:55+04:00	ck4n-whole-1m	4	583912	583725	1	12697600	5939200	python3*1 
2026-09-25T01:56:55+04:00	ck4n-whole-1m	4	583913	583725	45	19042623488	1930682368	python3*36 pt_gloo_runloop*2 ZMQbg/Reaper*2 ZMQbg/IO/0*2 pt_tcpstore_uv*1 cuda0000240000a*1 
2026-09-25T01:56:56+04:00	ck4n-whole-1m	4	583914	583725	57	1175609344	932253696	python3*49 ZMQbg/Reaper*4 ZMQbg/IO/0*4 
2026-09-25T01:57:06+04:00	ck4n-whole-1m	4	583709	488	2	26021888	6045696	uv*1 main2*1 
2026-09-25T01:57:06+04:00	ck4n-whole-1m	4	583725	583709	57	1212051456	963272704	ft*51 ZMQbg/Reaper*3 ZMQbg/IO/0*3 
2026-09-25T01:57:06+04:00	ck4n-whole-1m	4	583912	583725	1	12697600	5939200	python3*1 
2026-09-25T01:57:06+04:00	ck4n-whole-1m	4	583913	583725	45	19042779136	1930838016	python3*36 pt_gloo_runloop*2 ZMQbg/Reaper*2 ZMQbg/IO/0*2 pt_tcpstore_uv*1 cuda0000240000a*1 
2026-09-25T01:57:06+04:00	ck4n-whole-1m	4	583914	583725	57	1175609344	932253696	python3*49 ZMQbg/Reaper*4 ZMQbg/IO/0*4 
2026-09-25T01:57:16+04:00	ck4n-whole-1m	4	583709	488	2	26021888	6045696	uv*1 main2*1 
2026-09-25T01:57:16+04:00	ck4n-whole-1m	4	583725	583709	57	1212051456	963272704	ft*51 ZMQbg/Reaper*3 ZMQbg/IO/0*3 
2026-09-25T01:57:16+04:00	ck4n-whole-1m	4	583912	583725	1	12697600	5939200	python3*1 
2026-09-25T01:57:16+04:00	ck4n-whole-1m	4	583913	583725	45	19042922496	1930981376	python3*36 pt_gloo_runloop*2 ZMQbg/Reaper*2 ZMQbg/IO/0*2 pt_tcpstore_uv*1 cuda0000240000a*1 
2026-09-25T01:57:16+04:00	ck4n-whole-1m	4	583914	583725	57	1175609344	932253696	python3*49 ZMQbg/Reaper*4 ZMQbg/IO/0*4 
2026-09-25T01:57:29+04:00	ck4n-whole-1m	4	583709	488	2	26021888	6045696	uv*1 main2*1 
2026-09-25T01:57:29+04:00	ck4n-whole-1m	4	583725	583709	57	1212051456	963272704	ft*51 ZMQbg/Reaper*3 ZMQbg/IO/0*3 
2026-09-25T01:57:29+04:00	ck4n-whole-1m	4	583912	583725	1	12697600	5939200	python3*1 
2026-09-25T01:57:29+04:00	ck4n-whole-1m	4	583913	583725	45	19043057664	1931124736	python3*36 pt_gloo_runloop*2 ZMQbg/Reaper*2 ZMQbg/IO/0*2 pt_tcpstore_uv*1 cuda0000240000a*1 
2026-09-25T01:57:29+04:00	ck4n-whole-1m	4	583914	583725	57	1175609344	932253696	python3*49 ZMQbg/Reaper*4 ZMQbg/IO/0*4 
2026-09-25T01:57:39+04:00	ck4n-whole-1m	4	583709	488	2	26017792	6045696	uv*1 main2*1 
2026-09-25T01:57:39+04:00	ck4n-whole-1m	4	583725	583709	57	1211858944	963272704	ft*51 ZMQbg/Reaper*3 ZMQbg/IO/0*3 
2026-09-25T01:57:39+04:00	ck4n-whole-1m	4	583912	583725	1	12697600	5939200	python3*1 
2026-09-25T01:57:39+04:00	ck4n-whole-1m	4	583913	583725	45	19042918400	1931272192	python3*36 pt_gloo_runloop*2 ZMQbg/Reaper*2 ZMQbg/IO/0*2 pt_tcpstore_uv*1 cuda0000240000a*1 
2026-09-25T01:57:39+04:00	ck4n-whole-1m	4	583914	583725	57	1175425024	932253696	python3*49 ZMQbg/Reaper*4 ZMQbg/IO/0*4 
2026-09-25T01:57:49+04:00	ck4n-whole-1m	4	583709	488	2	26017792	6045696	uv*1 main2*1 
2026-09-25T01:57:49+04:00	ck4n-whole-1m	4	583725	583709	57	1211858944	963272704	ft*51 ZMQbg/Reaper*3 ZMQbg/IO/0*3 
2026-09-25T01:57:49+04:00	ck4n-whole-1m	4	583912	583725	1	12697600	5939200	python3*1 
2026-09-25T01:57:49+04:00	ck4n-whole-1m	4	583913	583725	45	19043053568	1931407360	python3*36 pt_gloo_runloop*2 ZMQbg/Reaper*2 ZMQbg/IO/0*2 pt_tcpstore_uv*1 cuda0000240000a*1 
2026-09-25T01:57:49+04:00	ck4n-whole-1m	4	583914	583725	57	1175425024	932253696	python3*49 ZMQbg/Reaper*4 ZMQbg/IO/0*4 
2026-09-25T01:58:02+04:00	ck4n-whole-1m	4	583709	488	2	26017792	6045696	uv*1 main2*1 
2026-09-25T01:58:02+04:00	ck4n-whole-1m	4	583725	583709	57	1211858944	963272704	ft*51 ZMQbg/Reaper*3 ZMQbg/IO/0*3 
2026-09-25T01:58:02+04:00	ck4n-whole-1m	4	583912	583725	1	12697600	5939200	python3*1 
2026-09-25T01:58:02+04:00	ck4n-whole-1m	4	583913	583725	45	19043205120	1931558912	python3*36 pt_gloo_runloop*2 ZMQbg/Reaper*2 ZMQbg/IO/0*2 pt_tcpstore_uv*1 cuda0000240000a*1 
2026-09-25T01:58:02+04:00	ck4n-whole-1m	4	583914	583725	57	1175425024	932253696	python3*49 ZMQbg/Reaper*4 ZMQbg/IO/0*4 
2026-09-25T01:58:12+04:00	ck4n-whole-1m	4	583709	488	2	26017792	6045696	uv*1 main2*1 
2026-09-25T01:58:12+04:00	ck4n-whole-1m	4	583725	583709	57	1211858944	963272704	ft*51 ZMQbg/Reaper*3 ZMQbg/IO/0*3 
2026-09-25T01:58:12+04:00	ck4n-whole-1m	4	583912	583725	1	12697600	5939200	python3*1 
2026-09-25T01:58:12+04:00	ck4n-whole-1m	4	583913	583725	45	19043397632	1931751424	python3*36 pt_gloo_runloop*2 ZMQbg/Reaper*2 ZMQbg/IO/0*2 pt_tcpstore_uv*1 cuda0000240000a*1 
2026-09-25T01:58:12+04:00	ck4n-whole-1m	4	583914	583725	57	1175425024	932253696	python3*49 ZMQbg/Reaper*4 ZMQbg/IO/0*4 
2026-09-25T01:58:23+04:00	ck4n-whole-1m	4	583709	488	2	26017792	6045696	uv*1 main2*1 
2026-09-25T01:58:23+04:00	ck4n-whole-1m	4	583725	583709	57	1211858944	963272704	ft*51 ZMQbg/Reaper*3 ZMQbg/IO/0*3 
2026-09-25T01:58:23+04:00	ck4n-whole-1m	4	583912	583725	1	12697600	5939200	python3*1 
2026-09-25T01:58:23+04:00	ck4n-whole-1m	4	583913	583725	45	19043532800	1931898880	python3*36 pt_gloo_runloop*2 ZMQbg/Reaper*2 ZMQbg/IO/0*2 pt_tcpstore_uv*1 cuda0000240000a*1 
2026-09-25T01:58:23+04:00	ck4n-whole-1m	4	583914	583725	57	1175425024	932253696	python3*49 ZMQbg/Reaper*4 ZMQbg/IO/0*4 
2026-09-25T01:58:35+04:00	ck4n-whole-1m	4	583709	488	2	26017792	6045696	uv*1 main2*1 
2026-09-25T01:58:35+04:00	ck4n-whole-1m	4	583725	583709	57	1211379712	963272704	ft*51 ZMQbg/Reaper*3 ZMQbg/IO/0*3 
2026-09-25T01:58:35+04:00	ck4n-whole-1m	4	583912	583725	1	12697600	5939200	python3*1 
2026-09-25T01:58:35+04:00	ck4n-whole-1m	4	583913	583725	45	19043270656	1932034048	python3*36 pt_gloo_runloop*2 ZMQbg/Reaper*2 ZMQbg/IO/0*2 pt_tcpstore_uv*1 cuda0000240000a*1 
2026-09-25T01:58:35+04:00	ck4n-whole-1m	4	583914	583725	57	1175052288	932253696	python3*49 ZMQbg/Reaper*4 ZMQbg/IO/0*4 
2026-09-25T01:58:46+04:00	ck4n-whole-1m	4	583709	488	2	26017792	6045696	uv*1 main2*1 
2026-09-25T01:58:46+04:00	ck4n-whole-1m	4	583725	583709	57	1211379712	963272704	ft*51 ZMQbg/Reaper*3 ZMQbg/IO/0*3 
2026-09-25T01:58:46+04:00	ck4n-whole-1m	4	583912	583725	1	12697600	5939200	python3*1 
2026-09-25T01:58:46+04:00	ck4n-whole-1m	4	583913	583725	45	19043418112	1932181504	python3*36 pt_gloo_runloop*2 ZMQbg/Reaper*2 ZMQbg/IO/0*2 pt_tcpstore_uv*1 cuda0000240000a*1 
2026-09-25T01:58:46+04:00	ck4n-whole-1m	4	583914	583725	57	1175052288	932253696	python3*49 ZMQbg/Reaper*4 ZMQbg/IO/0*4 
2026-09-25T01:58:56+04:00	ck4n-whole-1m	4	583709	488	2	26017792	6045696	uv*1 main2*1 
2026-09-25T01:58:56+04:00	ck4n-whole-1m	4	583725	583709	57	1211379712	963272704	ft*51 ZMQbg/Reaper*3 ZMQbg/IO/0*3 
2026-09-25T01:58:56+04:00	ck4n-whole-1m	4	583912	583725	1	12697600	5939200	python3*1 
2026-09-25T01:58:56+04:00	ck4n-whole-1m	4	583913	583725	45	19043553280	1932316672	python3*36 pt_gloo_runloop*2 ZMQbg/Reaper*2 ZMQbg/IO/0*2 pt_tcpstore_uv*1 cuda0000240000a*1 
2026-09-25T01:58:56+04:00	ck4n-whole-1m	4	583914	583725	57	1175052288	932253696	python3*49 ZMQbg/Reaper*4 ZMQbg/IO/0*4 
2026-09-25T01:59:09+04:00	ck4n-whole-1m	4	583709	488	2	26017792	6045696	uv*1 main2*1 
2026-09-25T01:59:09+04:00	ck4n-whole-1m	4	583725	583709	57	1211379712	963272704	ft*51 ZMQbg/Reaper*3 ZMQbg/IO/0*3 
2026-09-25T01:59:09+04:00	ck4n-whole-1m	4	583912	583725	1	12697600	5939200	python3*1 
2026-09-25T01:59:09+04:00	ck4n-whole-1m	4	583913	583725	45	19043700736	1932464128	python3*36 pt_gloo_runloop*2 ZMQbg/Reaper*2 ZMQbg/IO/0*2 pt_tcpstore_uv*1 cuda0000240000a*1 
2026-09-25T01:59:09+04:00	ck4n-whole-1m	4	583914	583725	57	1175052288	932253696	python3*49 ZMQbg/Reaper*4 ZMQbg/IO/0*4 
2026-09-25T01:59:19+04:00	ck4n-whole-1m	4	583709	488	2	26017792	6045696	uv*1 main2*1 
2026-09-25T01:59:19+04:00	ck4n-whole-1m	4	583725	583709	57	1211379712	963272704	ft*51 ZMQbg/Reaper*3 ZMQbg/IO/0*3 
2026-09-25T01:59:19+04:00	ck4n-whole-1m	4	583912	583725	1	12697600	5939200	python3*1 
2026-09-25T01:59:19+04:00	ck4n-whole-1m	4	583913	583725	45	19043852288	1932615680	python3*36 pt_gloo_runloop*2 ZMQbg/Reaper*2 ZMQbg/IO/0*2 pt_tcpstore_uv*1 cuda0000240000a*1 
2026-09-25T01:59:19+04:00	ck4n-whole-1m	4	583914	583725	57	1175052288	932253696	python3*49 ZMQbg/Reaper*4 ZMQbg/IO/0*4 
2026-09-25T01:59:29+04:00	ck4n-whole-1m	4	583709	488	2	26017792	6045696	uv*1 main2*1 
2026-09-25T01:59:29+04:00	ck4n-whole-1m	4	583725	583709	57	1211379712	963272704	ft*51 ZMQbg/Reaper*3 ZMQbg/IO/0*3 
2026-09-25T01:59:29+04:00	ck4n-whole-1m	4	583912	583725	1	12697600	5939200	python3*1 
2026-09-25T01:59:29+04:00	ck4n-whole-1m	4	583913	583725	45	19043983360	1932746752	python3*36 pt_gloo_runloop*2 ZMQbg/Reaper*2 ZMQbg/IO/0*2 pt_tcpstore_uv*1 cuda0000240000a*1 
2026-09-25T01:59:29+04:00	ck4n-whole-1m	4	583914	583725	57	1175052288	932253696	python3*49 ZMQbg/Reaper*4 ZMQbg/IO/0*4 
2026-09-25T01:59:42+04:00	ck4n-whole-1m	4	583709	488	2	26017792	6045696	uv*1 main2*1 
2026-09-25T01:59:42+04:00	ck4n-whole-1m	4	583725	583709	57	1211379712	963272704	ft*51 ZMQbg/Reaper*3 ZMQbg/IO/0*3 
2026-09-25T01:59:42+04:00	ck4n-whole-1m	4	583912	583725	1	12697600	5939200	python3*1 
2026-09-25T01:59:42+04:00	ck4n-whole-1m	4	583913	583725	45	19044147200	1932910592	python3*36 pt_gloo_runloop*2 ZMQbg/Reaper*2 ZMQbg/IO/0*2 pt_tcpstore_uv*1 cuda0000240000a*1 
2026-09-25T01:59:42+04:00	ck4n-whole-1m	4	583914	583725	57	1175052288	932253696	python3*49 ZMQbg/Reaper*4 ZMQbg/IO/0*4 
2026-09-25T01:59:52+04:00	ck4n-whole-1m	4	583709	488	2	26017792	6045696	uv*1 main2*1 
2026-09-25T01:59:52+04:00	ck4n-whole-1m	4	583725	583709	57	1211379712	963272704	ft*51 ZMQbg/Reaper*3 ZMQbg/IO/0*3 
2026-09-25T01:59:52+04:00	ck4n-whole-1m	4	583912	583725	1	12697600	5939200	python3*1 
2026-09-25T01:59:52+04:00	ck4n-whole-1m	4	583913	583725	45	19044282368	1933045760	python3*36 pt_gloo_runloop*2 ZMQbg/Reaper*2 ZMQbg/IO/0*2 pt_tcpstore_uv*1 cuda0000240000a*1 
2026-09-25T01:59:52+04:00	ck4n-whole-1m	4	583914	583725	57	1175052288	932253696	python3*49 ZMQbg/Reaper*4 ZMQbg/IO/0*4 
2026-09-25T02:00:02+04:00	ck4n-whole-1m	4	583709	488	2	26017792	6045696	uv*1 main2*1 
2026-09-25T02:00:02+04:00	ck4n-whole-1m	4	583725	583709	57	1211379712	963272704	ft*51 ZMQbg/Reaper*3 ZMQbg/IO/0*3 
2026-09-25T02:00:03+04:00	ck4n-whole-1m	4	583912	583725	1	12697600	5939200	python3*1 
2026-09-25T02:00:03+04:00	ck4n-whole-1m	4	583913	583725	45	19044433920	1933197312	python3*36 pt_gloo_runloop*2 ZMQbg/Reaper*2 ZMQbg/IO/0*2 pt_tcpstore_uv*1 cuda0000240000a*1 
2026-09-25T02:00:03+04:00	ck4n-whole-1m	4	583914	583725	57	1175052288	932253696	python3*49 ZMQbg/Reaper*4 ZMQbg/IO/0*4 
2026-09-25T02:00:13+04:00	ck4n-whole-1m	4	583709	488	2	26017792	6045696	uv*1 main2*1 
2026-09-25T02:00:13+04:00	ck4n-whole-1m	4	583725	583709	57	1212403712	963272704	ft*51 ZMQbg/Reaper*3 ZMQbg/IO/0*3 
2026-09-25T02:00:13+04:00	ck4n-whole-1m	4	583912	583725	1	12697600	5939200	python3*1 
2026-09-25T02:00:13+04:00	ck4n-whole-1m	4	583913	583725	45	19046043648	1934344192	python3*36 pt_gloo_runloop*2 ZMQbg/Reaper*2 ZMQbg/IO/0*2 pt_tcpstore_uv*1 cuda0000240000a*1 
2026-09-25T02:00:13+04:00	ck4n-whole-1m	4	583914	583725	57	1175560192	932253696	python3*49 ZMQbg/Reaper*4 ZMQbg/IO/0*4 
2026-09-25T02:00:26+04:00	ck4n-whole-1m	4	583709	488	2	26017792	6045696	uv*1 main2*1 
2026-09-25T02:00:26+04:00	ck4n-whole-1m	4	583725	583709	57	1212403712	963272704	ft*51 ZMQbg/Reaper*3 ZMQbg/IO/0*3 
2026-09-25T02:00:26+04:00	ck4n-whole-1m	4	583912	583725	1	12697600	5939200	python3*1 
2026-09-25T02:00:26+04:00	ck4n-whole-1m	4	583913	583725	45	19046043648	1934344192	python3*36 pt_gloo_runloop*2 ZMQbg/Reaper*2 ZMQbg/IO/0*2 pt_tcpstore_uv*1 cuda0000240000a*1 
2026-09-25T02:00:26+04:00	ck4n-whole-1m	4	583914	583725	57	1175560192	932253696	python3*49 ZMQbg/Reaper*4 ZMQbg/IO/0*4 
2026-09-25T02:00:36+04:00	ck4n-whole-1m	4	583709	488	2	26017792	6045696	uv*1 main2*1 
2026-09-25T02:00:36+04:00	ck4n-whole-1m	4	583725	583709	57	1212403712	963272704	ft*51 ZMQbg/Reaper*3 ZMQbg/IO/0*3 
2026-09-25T02:00:36+04:00	ck4n-whole-1m	4	583912	583725	1	12697600	5939200	python3*1 
2026-09-25T02:00:36+04:00	ck4n-whole-1m	4	583913	583725	45	19046375424	1934356480	python3*36 pt_gloo_runloop*2 ZMQbg/Reaper*2 ZMQbg/IO/0*2 pt_tcpstore_uv*1 cuda0000240000a*1 
2026-09-25T02:00:36+04:00	ck4n-whole-1m	4	583914	583725	57	1175560192	932253696	python3*49 ZMQbg/Reaper*4 ZMQbg/IO/0*4 
2026-09-25T02:00:46+04:00	ck4n-whole-1m	4	583709	488	2	26017792	6045696	uv*1 main2*1 
2026-09-25T02:00:46+04:00	ck4n-whole-1m	4	583725	583709	57	1212403712	963272704	ft*51 ZMQbg/Reaper*3 ZMQbg/IO/0*3 
2026-09-25T02:00:46+04:00	ck4n-whole-1m	4	583912	583725	1	12697600	5939200	python3*1 
2026-09-25T02:00:46+04:00	ck4n-whole-1m	4	583913	583725	45	19046375424	1934356480	python3*36 pt_gloo_runloop*2 ZMQbg/Reaper*2 ZMQbg/IO/0*2 pt_tcpstore_uv*1 cuda0000240000a*1 
2026-09-25T02:00:46+04:00	ck4n-whole-1m	4	583914	583725	57	1175560192	932253696	python3*49 ZMQbg/Reaper*4 ZMQbg/IO/0*4 
2026-09-25T02:00:59+04:00	ck4n-whole-1m	4	583709	488	2	26017792	6045696	uv*1 main2*1 
2026-09-25T02:00:59+04:00	ck4n-whole-1m	4	583725	583709	57	1212403712	963272704	ft*51 ZMQbg/Reaper*3 ZMQbg/IO/0*3 
2026-09-25T02:00:59+04:00	ck4n-whole-1m	4	583912	583725	1	12697600	5939200	python3*1 
2026-09-25T02:00:59+04:00	ck4n-whole-1m	4	583913	583725	45	19046383616	1934364672	python3*36 pt_gloo_runloop*2 ZMQbg/Reaper*2 ZMQbg/IO/0*2 pt_tcpstore_uv*1 cuda0000240000a*1 
2026-09-25T02:00:59+04:00	ck4n-whole-1m	4	583914	583725	57	1175560192	932253696	python3*49 ZMQbg/Reaper*4 ZMQbg/IO/0*4 
2026-09-25T02:01:09+04:00	ck4n-whole-1m	4	583709	488	2	26017792	6045696	uv*1 main2*1 
2026-09-25T02:01:09+04:00	ck4n-whole-1m	4	583725	583709	57	1212403712	963272704	ft*51 ZMQbg/Reaper*3 ZMQbg/IO/0*3 
2026-09-25T02:01:09+04:00	ck4n-whole-1m	4	583912	583725	1	12697600	5939200	python3*1 
2026-09-25T02:01:09+04:00	ck4n-whole-1m	4	583913	583725	45	19046383616	1934364672	python3*36 pt_gloo_runloop*2 ZMQbg/Reaper*2 ZMQbg/IO/0*2 pt_tcpstore_uv*1 cuda0000240000a*1 
2026-09-25T02:01:10+04:00	ck4n-whole-1m	4	583914	583725	57	1175560192	932253696	python3*49 ZMQbg/Reaper*4 ZMQbg/IO/0*4 
2026-09-25T02:01:20+04:00	ck4n-whole-1m	4	583709	488	2	26017792	6045696	uv*1 main2*1 
2026-09-25T02:01:20+04:00	ck4n-whole-1m	4	583725	583709	57	1212403712	963272704	ft*51 ZMQbg/Reaper*3 ZMQbg/IO/0*3 
2026-09-25T02:01:20+04:00	ck4n-whole-1m	4	583912	583725	1	12697600	5939200	python3*1 
2026-09-25T02:01:20+04:00	ck4n-whole-1m	4	583913	583725	45	19046633472	1934614528	python3*36 pt_gloo_runloop*2 ZMQbg/Reaper*2 ZMQbg/IO/0*2 pt_tcpstore_uv*1 cuda0000240000a*1 
2026-09-25T02:01:20+04:00	ck4n-whole-1m	4	583914	583725	57	1175560192	932253696	python3*49 ZMQbg/Reaper*4 ZMQbg/IO/0*4 
2026-09-25T02:01:32+04:00	ck4n-whole-1m	4	583709	488	2	26017792	6045696	uv*1 main2*1 
2026-09-25T02:01:32+04:00	ck4n-whole-1m	4	583725	583709	57	1212403712	963272704	ft*51 ZMQbg/Reaper*3 ZMQbg/IO/0*3 
2026-09-25T02:01:32+04:00	ck4n-whole-1m	4	583912	583725	1	12697600	5939200	python3*1 
2026-09-25T02:01:32+04:00	ck4n-whole-1m	4	583913	583725	45	19046719488	1934700544	python3*36 pt_gloo_runloop*2 ZMQbg/Reaper*2 ZMQbg/IO/0*2 pt_tcpstore_uv*1 cuda0000240000a*1 
2026-09-25T02:01:33+04:00	ck4n-whole-1m	4	583914	583725	57	1175560192	932253696	python3*49 ZMQbg/Reaper*4 ZMQbg/IO/0*4 
2026-09-25T02:01:43+04:00	ck4n-whole-1m	4	583709	488	2	26017792	6045696	uv*1 main2*1 
2026-09-25T02:01:43+04:00	ck4n-whole-1m	4	583725	583709	57	1212403712	963272704	ft*51 ZMQbg/Reaper*3 ZMQbg/IO/0*3 
2026-09-25T02:01:43+04:00	ck4n-whole-1m	4	583912	583725	1	12697600	5939200	python3*1 
2026-09-25T02:01:43+04:00	ck4n-whole-1m	4	583913	583725	45	19046719488	1934700544	python3*36 pt_gloo_runloop*2 ZMQbg/Reaper*2 ZMQbg/IO/0*2 pt_tcpstore_uv*1 cuda0000240000a*1 
2026-09-25T02:01:43+04:00	ck4n-whole-1m	4	583914	583725	57	1175560192	932253696	python3*49 ZMQbg/Reaper*4 ZMQbg/IO/0*4 
2026-09-25T02:01:53+04:00	ck4n-whole-1m	4	583709	488	2	26017792	6045696	uv*1 main2*1 
2026-09-25T02:01:53+04:00	ck4n-whole-1m	4	583725	583709	57	1226014720	976883712	ft*51 ZMQbg/Reaper*3 ZMQbg/IO/0*3 
2026-09-25T02:01:53+04:00	ck4n-whole-1m	4	583912	583725	1	12697600	5939200	python3*1 
2026-09-25T02:01:53+04:00	ck4n-whole-1m	4	583913	583725	45	19046744064	1934725120	python3*36 pt_gloo_runloop*2 ZMQbg/Reaper*2 ZMQbg/IO/0*2 pt_tcpstore_uv*1 cuda0000240000a*1 
2026-09-25T02:01:53+04:00	ck4n-whole-1m	4	583914	583725	57	1183715328	940408832	python3*49 ZMQbg/Reaper*4 ZMQbg/IO/0*4 
2026-09-25T02:02:06+04:00	ck4n-whole-1m	4	583709	488	2	26017792	6045696	uv*1 main2*1 
2026-09-25T02:02:06+04:00	ck4n-whole-1m	4	583725	583709	57	1226014720	976883712	ft*51 ZMQbg/Reaper*3 ZMQbg/IO/0*3 
2026-09-25T02:02:06+04:00	ck4n-whole-1m	4	583912	583725	1	12697600	5939200	python3*1 
2026-09-25T02:02:06+04:00	ck4n-whole-1m	4	583913	583725	45	19046744064	1934725120	python3*36 pt_gloo_runloop*2 ZMQbg/Reaper*2 ZMQbg/IO/0*2 pt_tcpstore_uv*1 cuda0000240000a*1 
2026-09-25T02:02:06+04:00	ck4n-whole-1m	4	583914	583725	57	1183715328	940408832	python3*49 ZMQbg/Reaper*4 ZMQbg/IO/0*4 
2026-09-25T02:02:16+04:00	ck4n-whole-1m	4	583709	488	2	26017792	6045696	uv*1 main2*1 
2026-09-25T02:02:16+04:00	ck4n-whole-1m	4	583725	583709	57	1226014720	976883712	ft*51 ZMQbg/Reaper*3 ZMQbg/IO/0*3 
2026-09-25T02:02:16+04:00	ck4n-whole-1m	4	583912	583725	1	12697600	5939200	python3*1 
2026-09-25T02:02:16+04:00	ck4n-whole-1m	4	583913	583725	45	19046744064	1934725120	python3*36 pt_gloo_runloop*2 ZMQbg/Reaper*2 ZMQbg/IO/0*2 pt_tcpstore_uv*1 cuda0000240000a*1 
2026-09-25T02:02:16+04:00	ck4n-whole-1m	4	583914	583725	57	1183715328	940408832	python3*49 ZMQbg/Reaper*4 ZMQbg/IO/0*4 
2026-09-25T02:02:26+04:00	ck4n-whole-1m	4	583709	488	2	26017792	6045696	uv*1 main2*1 
2026-09-25T02:02:26+04:00	ck4n-whole-1m	4	583725	583709	57	1226014720	976883712	ft*51 ZMQbg/Reaper*3 ZMQbg/IO/0*3 
2026-09-25T02:02:26+04:00	ck4n-whole-1m	4	583912	583725	1	12697600	5939200	python3*1 
2026-09-25T02:02:26+04:00	ck4n-whole-1m	4	583913	583725	45	19046744064	1934725120	python3*36 pt_gloo_runloop*2 ZMQbg/Reaper*2 ZMQbg/IO/0*2 pt_tcpstore_uv*1 cuda0000240000a*1 
2026-09-25T02:02:27+04:00	ck4n-whole-1m	4	583914	583725	57	1183715328	940408832	python3*49 ZMQbg/Reaper*4 ZMQbg/IO/0*4 
2026-09-25T02:02:39+04:00	ck4n-whole-1m	4	583709	488	2	26017792	6045696	uv*1 main2*1 
2026-09-25T02:02:39+04:00	ck4n-whole-1m	4	583725	583709	57	1226014720	976883712	ft*51 ZMQbg/Reaper*3 ZMQbg/IO/0*3 
2026-09-25T02:02:39+04:00	ck4n-whole-1m	4	583912	583725	1	12697600	5939200	python3*1 
2026-09-25T02:02:39+04:00	ck4n-whole-1m	4	583913	583725	45	19046744064	1934725120	python3*36 pt_gloo_runloop*2 ZMQbg/Reaper*2 ZMQbg/IO/0*2 pt_tcpstore_uv*1 cuda0000240000a*1 
2026-09-25T02:02:40+04:00	ck4n-whole-1m	4	583914	583725	57	1183715328	940408832	python3*49 ZMQbg/Reaper*4 ZMQbg/IO/0*4 
2026-09-25T02:03:00+04:00	ck4n-mirror-1m	0	816698	488	3	26550272	6008832	uv*1 tokio-rt-worker*1 main2*1 
2026-09-25T02:03:00+04:00	ck4n-mirror-1m	0	816714	816698	22	707538944	431628288	ft*18 ZMQbg/Reaper*2 ZMQbg/IO/0*2 
2026-09-25T02:03:00+04:00	ck4n-mirror-1m	0	816923	816714	1	12795904	5943296	python3*1 
2026-09-25T02:03:00+04:00	ck4n-mirror-1m	0	816924	816714	16	416030720	210173952	python3*16 
2026-09-25T02:03:00+04:00	ck4n-mirror-1m	0	816925	816714	16	423682048	213958656	python3*16 
2026-09-25T02:03:12+04:00	ck4n-mirror-1m	0	816698	488	2	26669056	6008832	uv*1 main2*1 
2026-09-25T02:03:12+04:00	ck4n-mirror-1m	0	816714	816698	22	690237440	431669248	ft*18 ZMQbg/Reaper*2 ZMQbg/IO/0*2 
2026-09-25T02:03:12+04:00	ck4n-mirror-1m	0	816923	816714	1	12795904	5943296	python3*1 
2026-09-25T02:03:12+04:00	ck4n-mirror-1m	0	816924	816714	25	12938956800	11069906944	python3*20 pt_gloo_runloop*2 pt_tcpstore_uv*1 cuda0000240000a*1 cuda-EvtHandlr*1 
2026-09-25T02:03:12+04:00	ck4n-mirror-1m	0	816925	816714	23	882282496	629796864	python3*17 ZMQbg/Reaper*3 ZMQbg/IO/0*3 
2026-09-25T02:03:22+04:00	ck4n-mirror-1m	0	816698	488	2	26669056	6008832	uv*1 main2*1 
2026-09-25T02:03:22+04:00	ck4n-mirror-1m	0	816714	816698	22	690237440	431669248	ft*18 ZMQbg/Reaper*2 ZMQbg/IO/0*2 
2026-09-25T02:03:23+04:00	ck4n-mirror-1m	0	816923	816714	1	12795904	5943296	python3*1 
2026-09-25T02:03:23+04:00	ck4n-mirror-1m	0	816924	816714	26	13028671488	11155963904	python3*21 pt_gloo_runloop*2 pt_tcpstore_uv*1 cuda0000240000a*1 cuda-EvtHandlr*1 
2026-09-25T02:03:23+04:00	ck4n-mirror-1m	0	816925	816714	23	882282496	629796864	python3*17 ZMQbg/Reaper*3 ZMQbg/IO/0*3 
2026-09-25T02:03:33+04:00	ck4n-mirror-1m	0	816698	488	2	26669056	6008832	uv*1 main2*1 
2026-09-25T02:03:33+04:00	ck4n-mirror-1m	0	816714	816698	22	690237440	431669248	ft*18 ZMQbg/Reaper*2 ZMQbg/IO/0*2 
2026-09-25T02:03:33+04:00	ck4n-mirror-1m	0	816923	816714	1	12795904	5943296	python3*1 
2026-09-25T02:03:33+04:00	ck4n-mirror-1m	0	816924	816714	26	12378140672	11797504000	python3*21 pt_gloo_runloop*2 pt_tcpstore_uv*1 cuda0000240000a*1 cuda-EvtHandlr*1 
2026-09-25T02:03:33+04:00	ck4n-mirror-1m	0	816925	816714	23	882282496	629796864	python3*17 ZMQbg/Reaper*3 ZMQbg/IO/0*3 
2026-09-25T02:03:45+04:00	ck4n-mirror-1m	0	816698	488	2	26669056	6008832	uv*1 main2*1 
2026-09-25T02:03:45+04:00	ck4n-mirror-1m	0	816714	816698	22	690237440	431669248	ft*18 ZMQbg/Reaper*2 ZMQbg/IO/0*2 
2026-09-25T02:03:45+04:00	ck4n-mirror-1m	0	816923	816714	1	12795904	5943296	python3*1 
2026-09-25T02:03:45+04:00	ck4n-mirror-1m	0	816924	816714	26	12554752000	11968593920	python3*21 pt_gloo_runloop*2 pt_tcpstore_uv*1 cuda0000240000a*1 cuda-EvtHandlr*1 
2026-09-25T02:03:45+04:00	ck4n-mirror-1m	0	816925	816714	23	882282496	629796864	python3*17 ZMQbg/Reaper*3 ZMQbg/IO/0*3 
2026-09-25T02:03:55+04:00	ck4n-mirror-1m	0	816698	488	2	26669056	6008832	uv*1 main2*1 
2026-09-25T02:03:55+04:00	ck4n-mirror-1m	0	816714	816698	22	690237440	431669248	ft*18 ZMQbg/Reaper*2 ZMQbg/IO/0*2 
2026-09-25T02:03:55+04:00	ck4n-mirror-1m	0	816923	816714	1	12795904	5943296	python3*1 
2026-09-25T02:03:55+04:00	ck4n-mirror-1m	0	816924	816714	26	12664631296	12075577344	python3*21 pt_gloo_runloop*2 pt_tcpstore_uv*1 cuda0000240000a*1 cuda-EvtHandlr*1 
2026-09-25T02:03:55+04:00	ck4n-mirror-1m	0	816925	816714	23	882282496	629796864	python3*17 ZMQbg/Reaper*3 ZMQbg/IO/0*3 
2026-09-25T02:04:05+04:00	ck4n-mirror-1m	0	816698	488	2	26669056	6008832	uv*1 main2*1 
2026-09-25T02:04:05+04:00	ck4n-mirror-1m	0	816714	816698	39	936771584	672731136	ft*35 ZMQbg/Reaper*2 ZMQbg/IO/0*2 
2026-09-25T02:04:06+04:00	ck4n-mirror-1m	0	816923	816714	1	12795904	5943296	python3*1 
2026-09-25T02:04:06+04:00	ck4n-mirror-1m	0	816924	816714	30	12918362112	12322639872	python3*21 pt_gloo_runloop*2 ZMQbg/Reaper*2 ZMQbg/IO/0*2 pt_tcpstore_uv*1 cuda0000240000a*1 
2026-09-25T02:04:06+04:00	ck4n-mirror-1m	0	816925	816714	39	885608448	630288384	python3*33 ZMQbg/Reaper*3 ZMQbg/IO/0*3 
2026-09-25T02:04:16+04:00	ck4n-mirror-1m	0	816698	488	2	26669056	6008832	uv*1 main2*1 
2026-09-25T02:04:16+04:00	ck4n-mirror-1m	0	816714	816698	39	936771584	672731136	ft*35 ZMQbg/Reaper*2 ZMQbg/IO/0*2 
2026-09-25T02:04:16+04:00	ck4n-mirror-1m	0	816923	816714	1	12795904	5943296	python3*1 
2026-09-25T02:04:16+04:00	ck4n-mirror-1m	0	816924	816714	30	12918362112	12322639872	python3*21 pt_gloo_runloop*2 ZMQbg/Reaper*2 ZMQbg/IO/0*2 pt_tcpstore_uv*1 cuda0000240000a*1 
2026-09-25T02:04:16+04:00	ck4n-mirror-1m	0	816925	816714	39	885608448	630288384	python3*33 ZMQbg/Reaper*3 ZMQbg/IO/0*3 
2026-09-25T02:04:28+04:00	ck4n-mirror-1m	1	816698	488	2	26669056	6008832	uv*1 main2*1 
2026-09-25T02:04:28+04:00	ck4n-mirror-1m	1	816714	816698	39	1274982400	1010941952	ft*35 ZMQbg/Reaper*2 ZMQbg/IO/0*2 
2026-09-25T02:04:28+04:00	ck4n-mirror-1m	1	816923	816714	1	12795904	5943296	python3*1 
2026-09-25T02:04:28+04:00	ck4n-mirror-1m	1	816924	816714	30	12918366208	12322643968	python3*21 pt_gloo_runloop*2 ZMQbg/Reaper*2 ZMQbg/IO/0*2 pt_tcpstore_uv*1 cuda0000240000a*1 
2026-09-25T02:04:28+04:00	ck4n-mirror-1m	1	816925	816714	39	885624832	630304768	python3*33 ZMQbg/Reaper*3 ZMQbg/IO/0*3 
2026-09-25T02:04:38+04:00	ck4n-mirror-1m	1	816698	488	2	26669056	6008832	uv*1 main2*1 
2026-09-25T02:04:38+04:00	ck4n-mirror-1m	1	816714	816698	57	1120305152	856264704	ft*51 ZMQbg/Reaper*3 ZMQbg/IO/0*3 
2026-09-25T02:04:39+04:00	ck4n-mirror-1m	1	816923	816714	1	12795904	5943296	python3*1 
2026-09-25T02:04:39+04:00	ck4n-mirror-1m	1	816924	816714	30	12922335232	12326612992	python3*21 pt_gloo_runloop*2 ZMQbg/Reaper*2 ZMQbg/IO/0*2 pt_tcpstore_uv*1 cuda0000240000a*1 
2026-09-25T02:04:39+04:00	ck4n-mirror-1m	1	816925	816714	57	1217802240	962482176	python3*49 ZMQbg/Reaper*4 ZMQbg/IO/0*4 
2026-09-25T02:04:49+04:00	ck4n-mirror-1m	1	816698	488	2	26669056	6008832	uv*1 main2*1 
2026-09-25T02:04:49+04:00	ck4n-mirror-1m	1	816714	816698	57	1120305152	856264704	ft*51 ZMQbg/Reaper*3 ZMQbg/IO/0*3 
2026-09-25T02:04:49+04:00	ck4n-mirror-1m	1	816923	816714	1	12795904	5943296	python3*1 
2026-09-25T02:04:49+04:00	ck4n-mirror-1m	1	816924	816714	30	12922335232	12326612992	python3*21 pt_gloo_runloop*2 ZMQbg/Reaper*2 ZMQbg/IO/0*2 pt_tcpstore_uv*1 cuda0000240000a*1 
2026-09-25T02:04:49+04:00	ck4n-mirror-1m	1	816925	816714	57	1217802240	962482176	python3*49 ZMQbg/Reaper*4 ZMQbg/IO/0*4 
2026-09-25T02:05:01+04:00	ck4n-mirror-1m	1	816698	488	2	26669056	6008832	uv*1 main2*1 
2026-09-25T02:05:01+04:00	ck4n-mirror-1m	1	816714	816698	57	1120305152	856264704	ft*51 ZMQbg/Reaper*3 ZMQbg/IO/0*3 
2026-09-25T02:05:01+04:00	ck4n-mirror-1m	1	816923	816714	1	12795904	5943296	python3*1 
2026-09-25T02:05:01+04:00	ck4n-mirror-1m	1	816924	816714	30	12922335232	12326612992	python3*21 pt_gloo_runloop*2 ZMQbg/Reaper*2 ZMQbg/IO/0*2 pt_tcpstore_uv*1 cuda0000240000a*1 
2026-09-25T02:05:01+04:00	ck4n-mirror-1m	1	816925	816714	57	1217802240	962482176	python3*49 ZMQbg/Reaper*4 ZMQbg/IO/0*4 
2026-09-25T02:05:11+04:00	ck4n-mirror-1m	1	816698	488	2	26669056	6008832	uv*1 main2*1 
2026-09-25T02:05:11+04:00	ck4n-mirror-1m	1	816714	816698	57	1120305152	856264704	ft*51 ZMQbg/Reaper*3 ZMQbg/IO/0*3 
2026-09-25T02:05:11+04:00	ck4n-mirror-1m	1	816923	816714	1	12795904	5943296	python3*1 
2026-09-25T02:05:11+04:00	ck4n-mirror-1m	1	816924	816714	30	12922335232	12326612992	python3*21 pt_gloo_runloop*2 ZMQbg/Reaper*2 ZMQbg/IO/0*2 pt_tcpstore_uv*1 cuda0000240000a*1 
2026-09-25T02:05:11+04:00	ck4n-mirror-1m	1	816925	816714	57	1217802240	962482176	python3*49 ZMQbg/Reaper*4 ZMQbg/IO/0*4 
2026-09-25T02:05:22+04:00	ck4n-mirror-1m	1	816698	488	2	26669056	6008832	uv*1 main2*1 
2026-09-25T02:05:22+04:00	ck4n-mirror-1m	1	816714	816698	57	1120305152	856264704	ft*51 ZMQbg/Reaper*3 ZMQbg/IO/0*3 
2026-09-25T02:05:22+04:00	ck4n-mirror-1m	1	816923	816714	1	12795904	5943296	python3*1 
2026-09-25T02:05:22+04:00	ck4n-mirror-1m	1	816924	816714	30	12922335232	12326612992	python3*21 pt_gloo_runloop*2 ZMQbg/Reaper*2 ZMQbg/IO/0*2 pt_tcpstore_uv*1 cuda0000240000a*1 
2026-09-25T02:05:22+04:00	ck4n-mirror-1m	1	816925	816714	57	1217802240	962482176	python3*49 ZMQbg/Reaper*4 ZMQbg/IO/0*4 
2026-09-25T02:05:34+04:00	ck4n-mirror-1m	1	816698	488	2	26669056	6008832	uv*1 main2*1 
2026-09-25T02:05:34+04:00	ck4n-mirror-1m	1	816714	816698	57	1120305152	856264704	ft*51 ZMQbg/Reaper*3 ZMQbg/IO/0*3 
2026-09-25T02:05:34+04:00	ck4n-mirror-1m	1	816923	816714	1	12795904	5943296	python3*1 
2026-09-25T02:05:34+04:00	ck4n-mirror-1m	1	816924	816714	30	12922335232	12326612992	python3*21 pt_gloo_runloop*2 ZMQbg/Reaper*2 ZMQbg/IO/0*2 pt_tcpstore_uv*1 cuda0000240000a*1 
2026-09-25T02:05:34+04:00	ck4n-mirror-1m	1	816925	816714	57	1217802240	962482176	python3*49 ZMQbg/Reaper*4 ZMQbg/IO/0*4 
2026-09-25T02:05:44+04:00	ck4n-mirror-1m	1	816698	488	2	26669056	6008832	uv*1 main2*1 
2026-09-25T02:05:44+04:00	ck4n-mirror-1m	1	816714	816698	57	1120305152	856264704	ft*51 ZMQbg/Reaper*3 ZMQbg/IO/0*3 
2026-09-25T02:05:44+04:00	ck4n-mirror-1m	1	816923	816714	1	12795904	5943296	python3*1 
2026-09-25T02:05:44+04:00	ck4n-mirror-1m	1	816924	816714	30	12922335232	12326612992	python3*21 pt_gloo_runloop*2 ZMQbg/Reaper*2 ZMQbg/IO/0*2 pt_tcpstore_uv*1 cuda0000240000a*1 
2026-09-25T02:05:44+04:00	ck4n-mirror-1m	1	816925	816714	57	1217802240	962482176	python3*49 ZMQbg/Reaper*4 ZMQbg/IO/0*4 
2026-09-25T02:05:54+04:00	ck4n-mirror-1m	1	816698	488	2	26669056	6008832	uv*1 main2*1 
2026-09-25T02:05:54+04:00	ck4n-mirror-1m	1	816714	816698	57	1120305152	856264704	ft*51 ZMQbg/Reaper*3 ZMQbg/IO/0*3 
2026-09-25T02:05:54+04:00	ck4n-mirror-1m	1	816923	816714	1	12795904	5943296	python3*1 
2026-09-25T02:05:54+04:00	ck4n-mirror-1m	1	816924	816714	30	12922335232	12326612992	python3*21 pt_gloo_runloop*2 ZMQbg/Reaper*2 ZMQbg/IO/0*2 pt_tcpstore_uv*1 cuda0000240000a*1 
2026-09-25T02:05:55+04:00	ck4n-mirror-1m	1	816925	816714	57	1217802240	962482176	python3*49 ZMQbg/Reaper*4 ZMQbg/IO/0*4 
2026-09-25T02:06:07+04:00	ck4n-mirror-1m	1	816698	488	2	26669056	6008832	uv*1 main2*1 
2026-09-25T02:06:07+04:00	ck4n-mirror-1m	1	816714	816698	57	1120305152	856264704	ft*51 ZMQbg/Reaper*3 ZMQbg/IO/0*3 
2026-09-25T02:06:07+04:00	ck4n-mirror-1m	1	816923	816714	1	12795904	5943296	python3*1 
2026-09-25T02:06:07+04:00	ck4n-mirror-1m	1	816924	816714	30	12922335232	12326612992	python3*21 pt_gloo_runloop*2 ZMQbg/Reaper*2 ZMQbg/IO/0*2 pt_tcpstore_uv*1 cuda0000240000a*1 
2026-09-25T02:06:07+04:00	ck4n-mirror-1m	1	816925	816714	57	1217802240	962482176	python3*49 ZMQbg/Reaper*4 ZMQbg/IO/0*4 
2026-09-25T02:06:17+04:00	ck4n-mirror-1m	1	816698	488	2	26669056	6008832	uv*1 main2*1 
2026-09-25T02:06:17+04:00	ck4n-mirror-1m	1	816714	816698	57	1120305152	856264704	ft*51 ZMQbg/Reaper*3 ZMQbg/IO/0*3 
2026-09-25T02:06:17+04:00	ck4n-mirror-1m	1	816923	816714	1	12795904	5943296	python3*1 
2026-09-25T02:06:17+04:00	ck4n-mirror-1m	1	816924	816714	30	12922335232	12326612992	python3*21 pt_gloo_runloop*2 ZMQbg/Reaper*2 ZMQbg/IO/0*2 pt_tcpstore_uv*1 cuda0000240000a*1 
2026-09-25T02:06:17+04:00	ck4n-mirror-1m	1	816925	816714	57	1217802240	962482176	python3*49 ZMQbg/Reaper*4 ZMQbg/IO/0*4 
2026-09-25T02:06:27+04:00	ck4n-mirror-1m	1	816698	488	2	26669056	6008832	uv*1 main2*1 
2026-09-25T02:06:27+04:00	ck4n-mirror-1m	1	816714	816698	57	1120305152	856264704	ft*51 ZMQbg/Reaper*3 ZMQbg/IO/0*3 
2026-09-25T02:06:27+04:00	ck4n-mirror-1m	1	816923	816714	1	12795904	5943296	python3*1 
2026-09-25T02:06:27+04:00	ck4n-mirror-1m	1	816924	816714	30	12922335232	12326612992	python3*21 pt_gloo_runloop*2 ZMQbg/Reaper*2 ZMQbg/IO/0*2 pt_tcpstore_uv*1 cuda0000240000a*1 
2026-09-25T02:06:28+04:00	ck4n-mirror-1m	1	816925	816714	57	1217802240	962482176	python3*49 ZMQbg/Reaper*4 ZMQbg/IO/0*4 
2026-09-25T02:06:40+04:00	ck4n-mirror-1m	1	816698	488	2	26669056	6008832	uv*1 main2*1 
2026-09-25T02:06:40+04:00	ck4n-mirror-1m	1	816714	816698	57	1120305152	856264704	ft*51 ZMQbg/Reaper*3 ZMQbg/IO/0*3 
2026-09-25T02:06:40+04:00	ck4n-mirror-1m	1	816923	816714	1	12795904	5943296	python3*1 
2026-09-25T02:06:40+04:00	ck4n-mirror-1m	1	816924	816714	30	12922335232	12326612992	python3*21 pt_gloo_runloop*2 ZMQbg/Reaper*2 ZMQbg/IO/0*2 pt_tcpstore_uv*1 cuda0000240000a*1 
2026-09-25T02:06:40+04:00	ck4n-mirror-1m	1	816925	816714	57	1217802240	962482176	python3*49 ZMQbg/Reaper*4 ZMQbg/IO/0*4 
2026-09-25T02:06:50+04:00	ck4n-mirror-1m	1	816698	488	2	26669056	6008832	uv*1 main2*1 
2026-09-25T02:06:50+04:00	ck4n-mirror-1m	1	816714	816698	57	1120305152	856264704	ft*51 ZMQbg/Reaper*3 ZMQbg/IO/0*3 
2026-09-25T02:06:50+04:00	ck4n-mirror-1m	1	816923	816714	1	12795904	5943296	python3*1 
2026-09-25T02:06:50+04:00	ck4n-mirror-1m	1	816924	816714	30	12922335232	12326612992	python3*21 pt_gloo_runloop*2 ZMQbg/Reaper*2 ZMQbg/IO/0*2 pt_tcpstore_uv*1 cuda0000240000a*1 
2026-09-25T02:06:50+04:00	ck4n-mirror-1m	1	816925	816714	57	1217802240	962482176	python3*49 ZMQbg/Reaper*4 ZMQbg/IO/0*4 
2026-09-25T02:07:01+04:00	ck4n-mirror-1m	1	816698	488	2	26669056	6008832	uv*1 main2*1 
2026-09-25T02:07:01+04:00	ck4n-mirror-1m	1	816714	816698	57	1120305152	856264704	ft*51 ZMQbg/Reaper*3 ZMQbg/IO/0*3 
2026-09-25T02:07:01+04:00	ck4n-mirror-1m	1	816923	816714	1	12795904	5943296	python3*1 
2026-09-25T02:07:01+04:00	ck4n-mirror-1m	1	816924	816714	30	12922335232	12326612992	python3*21 pt_gloo_runloop*2 ZMQbg/Reaper*2 ZMQbg/IO/0*2 pt_tcpstore_uv*1 cuda0000240000a*1 
2026-09-25T02:07:01+04:00	ck4n-mirror-1m	1	816925	816714	57	1217802240	962482176	python3*49 ZMQbg/Reaper*4 ZMQbg/IO/0*4 
2026-09-25T02:07:13+04:00	ck4n-mirror-1m	1	816698	488	2	26669056	6008832	uv*1 main2*1 
2026-09-25T02:07:13+04:00	ck4n-mirror-1m	1	816714	816698	57	1120305152	856264704	ft*51 ZMQbg/Reaper*3 ZMQbg/IO/0*3 
2026-09-25T02:07:13+04:00	ck4n-mirror-1m	1	816923	816714	1	12795904	5943296	python3*1 
2026-09-25T02:07:13+04:00	ck4n-mirror-1m	1	816924	816714	30	12922335232	12326612992	python3*21 pt_gloo_runloop*2 ZMQbg/Reaper*2 ZMQbg/IO/0*2 pt_tcpstore_uv*1 cuda0000240000a*1 
2026-09-25T02:07:13+04:00	ck4n-mirror-1m	1	816925	816714	57	1217802240	962482176	python3*49 ZMQbg/Reaper*4 ZMQbg/IO/0*4 
2026-09-25T02:07:23+04:00	ck4n-mirror-1m	1	816698	488	2	26669056	6008832	uv*1 main2*1 
2026-09-25T02:07:23+04:00	ck4n-mirror-1m	1	816714	816698	57	1120305152	856264704	ft*51 ZMQbg/Reaper*3 ZMQbg/IO/0*3 
2026-09-25T02:07:23+04:00	ck4n-mirror-1m	1	816923	816714	1	12795904	5943296	python3*1 
2026-09-25T02:07:23+04:00	ck4n-mirror-1m	1	816924	816714	30	12922335232	12326612992	python3*21 pt_gloo_runloop*2 ZMQbg/Reaper*2 ZMQbg/IO/0*2 pt_tcpstore_uv*1 cuda0000240000a*1 
2026-09-25T02:07:24+04:00	ck4n-mirror-1m	1	816925	816714	57	1217802240	962482176	python3*49 ZMQbg/Reaper*4 ZMQbg/IO/0*4 
2026-09-25T02:07:34+04:00	ck4n-mirror-1m	1	816698	488	2	26669056	6008832	uv*1 main2*1 
2026-09-25T02:07:34+04:00	ck4n-mirror-1m	1	816714	816698	57	1120305152	856264704	ft*51 ZMQbg/Reaper*3 ZMQbg/IO/0*3 
2026-09-25T02:07:34+04:00	ck4n-mirror-1m	1	816923	816714	1	12795904	5943296	python3*1 
2026-09-25T02:07:34+04:00	ck4n-mirror-1m	1	816924	816714	30	12922335232	12326612992	python3*21 pt_gloo_runloop*2 ZMQbg/Reaper*2 ZMQbg/IO/0*2 pt_tcpstore_uv*1 cuda0000240000a*1 
2026-09-25T02:07:34+04:00	ck4n-mirror-1m	1	816925	816714	57	1217802240	962482176	python3*49 ZMQbg/Reaper*4 ZMQbg/IO/0*4 
2026-09-25T02:07:44+04:00	ck4n-mirror-1m	1	816698	488	2	26669056	6008832	uv*1 main2*1 
2026-09-25T02:07:44+04:00	ck4n-mirror-1m	1	816714	816698	57	1120305152	856264704	ft*51 ZMQbg/Reaper*3 ZMQbg/IO/0*3 
2026-09-25T02:07:44+04:00	ck4n-mirror-1m	1	816923	816714	1	12795904	5943296	python3*1 
2026-09-25T02:07:44+04:00	ck4n-mirror-1m	1	816924	816714	30	12922335232	12326612992	python3*21 pt_gloo_runloop*2 ZMQbg/Reaper*2 ZMQbg/IO/0*2 pt_tcpstore_uv*1 cuda0000240000a*1 
2026-09-25T02:07:46+04:00	ck4n-mirror-1m	1	816925	816714	57	1217802240	962482176	python3*49 ZMQbg/Reaper*4 ZMQbg/IO/0*4 
2026-09-25T02:07:56+04:00	ck4n-mirror-1m	1	816698	488	2	26669056	6008832	uv*1 main2*1 
2026-09-25T02:07:56+04:00	ck4n-mirror-1m	1	816714	816698	57	1120305152	856264704	ft*51 ZMQbg/Reaper*3 ZMQbg/IO/0*3 
2026-09-25T02:07:57+04:00	ck4n-mirror-1m	1	816923	816714	1	12795904	5943296	python3*1 
2026-09-25T02:07:57+04:00	ck4n-mirror-1m	1	816924	816714	30	12922335232	12326612992	python3*21 pt_gloo_runloop*2 ZMQbg/Reaper*2 ZMQbg/IO/0*2 pt_tcpstore_uv*1 cuda0000240000a*1 
2026-09-25T02:07:57+04:00	ck4n-mirror-1m	1	816925	816714	57	1217802240	962482176	python3*49 ZMQbg/Reaper*4 ZMQbg/IO/0*4 
2026-09-25T02:08:07+04:00	ck4n-mirror-1m	1	816698	488	2	26669056	6008832	uv*1 main2*1 
2026-09-25T02:08:07+04:00	ck4n-mirror-1m	1	816714	816698	57	1120305152	856264704	ft*51 ZMQbg/Reaper*3 ZMQbg/IO/0*3 
2026-09-25T02:08:07+04:00	ck4n-mirror-1m	1	816923	816714	1	12795904	5943296	python3*1 
2026-09-25T02:08:07+04:00	ck4n-mirror-1m	1	816924	816714	30	12922335232	12326612992	python3*21 pt_gloo_runloop*2 ZMQbg/Reaper*2 ZMQbg/IO/0*2 pt_tcpstore_uv*1 cuda0000240000a*1 
2026-09-25T02:08:07+04:00	ck4n-mirror-1m	1	816925	816714	57	1217802240	962482176	python3*49 ZMQbg/Reaper*4 ZMQbg/IO/0*4 
2026-09-25T02:08:17+04:00	ck4n-mirror-1m	1	816698	488	2	26669056	6008832	uv*1 main2*1 
2026-09-25T02:08:17+04:00	ck4n-mirror-1m	1	816714	816698	57	1120305152	856264704	ft*51 ZMQbg/Reaper*3 ZMQbg/IO/0*3 
2026-09-25T02:08:17+04:00	ck4n-mirror-1m	1	816923	816714	1	12795904	5943296	python3*1 
2026-09-25T02:08:17+04:00	ck4n-mirror-1m	1	816924	816714	30	12922335232	12326612992	python3*21 pt_gloo_runloop*2 ZMQbg/Reaper*2 ZMQbg/IO/0*2 pt_tcpstore_uv*1 cuda0000240000a*1 
2026-09-25T02:08:17+04:00	ck4n-mirror-1m	1	816925	816714	57	1217802240	962482176	python3*49 ZMQbg/Reaper*4 ZMQbg/IO/0*4 
2026-09-25T02:08:30+04:00	ck4n-mirror-1m	1	816698	488	2	26669056	6008832	uv*1 main2*1 
2026-09-25T02:08:30+04:00	ck4n-mirror-1m	1	816714	816698	57	1120305152	856264704	ft*51 ZMQbg/Reaper*3 ZMQbg/IO/0*3 
2026-09-25T02:08:30+04:00	ck4n-mirror-1m	1	816923	816714	1	12795904	5943296	python3*1 
2026-09-25T02:08:30+04:00	ck4n-mirror-1m	1	816924	816714	30	12922335232	12326612992	python3*21 pt_gloo_runloop*2 ZMQbg/Reaper*2 ZMQbg/IO/0*2 pt_tcpstore_uv*1 cuda0000240000a*1 
2026-09-25T02:08:30+04:00	ck4n-mirror-1m	1	816925	816714	57	1217802240	962482176	python3*49 ZMQbg/Reaper*4 ZMQbg/IO/0*4 
2026-09-25T02:08:40+04:00	ck4n-mirror-1m	1	816698	488	2	26669056	6008832	uv*1 main2*1 
2026-09-25T02:08:40+04:00	ck4n-mirror-1m	1	816714	816698	57	1120305152	856264704	ft*51 ZMQbg/Reaper*3 ZMQbg/IO/0*3 
2026-09-25T02:08:40+04:00	ck4n-mirror-1m	1	816923	816714	1	12795904	5943296	python3*1 
2026-09-25T02:08:40+04:00	ck4n-mirror-1m	1	816924	816714	30	12922335232	12326612992	python3*21 pt_gloo_runloop*2 ZMQbg/Reaper*2 ZMQbg/IO/0*2 pt_tcpstore_uv*1 cuda0000240000a*1 
2026-09-25T02:08:40+04:00	ck4n-mirror-1m	1	816925	816714	57	1217802240	962482176	python3*49 ZMQbg/Reaper*4 ZMQbg/IO/0*4 
2026-09-25T02:08:50+04:00	ck4n-mirror-1m	1	816698	488	2	26669056	6008832	uv*1 main2*1 
2026-09-25T02:08:50+04:00	ck4n-mirror-1m	1	816714	816698	57	1120305152	856264704	ft*51 ZMQbg/Reaper*3 ZMQbg/IO/0*3 
2026-09-25T02:08:50+04:00	ck4n-mirror-1m	1	816923	816714	1	12795904	5943296	python3*1 
2026-09-25T02:08:50+04:00	ck4n-mirror-1m	1	816924	816714	30	12922335232	12326612992	python3*21 pt_gloo_runloop*2 ZMQbg/Reaper*2 ZMQbg/IO/0*2 pt_tcpstore_uv*1 cuda0000240000a*1 
2026-09-25T02:08:50+04:00	ck4n-mirror-1m	1	816925	816714	57	1217802240	962482176	python3*49 ZMQbg/Reaper*4 ZMQbg/IO/0*4 
2026-09-25T02:09:02+04:00	ck4n-mirror-1m	1	816698	488	2	26669056	6008832	uv*1 main2*1 
2026-09-25T02:09:02+04:00	ck4n-mirror-1m	1	816714	816698	57	1120305152	856264704	ft*51 ZMQbg/Reaper*3 ZMQbg/IO/0*3 
2026-09-25T02:09:02+04:00	ck4n-mirror-1m	1	816923	816714	1	12795904	5943296	python3*1 
2026-09-25T02:09:02+04:00	ck4n-mirror-1m	1	816924	816714	30	12922335232	12326612992	python3*21 pt_gloo_runloop*2 ZMQbg/Reaper*2 ZMQbg/IO/0*2 pt_tcpstore_uv*1 cuda0000240000a*1 
2026-09-25T02:09:03+04:00	ck4n-mirror-1m	1	816925	816714	57	1217802240	962482176	python3*49 ZMQbg/Reaper*4 ZMQbg/IO/0*4 
2026-09-25T02:09:13+04:00	ck4n-mirror-1m	1	816698	488	2	26669056	6008832	uv*1 main2*1 
2026-09-25T02:09:13+04:00	ck4n-mirror-1m	1	816714	816698	57	1120305152	856264704	ft*51 ZMQbg/Reaper*3 ZMQbg/IO/0*3 
2026-09-25T02:09:13+04:00	ck4n-mirror-1m	1	816923	816714	1	12795904	5943296	python3*1 
2026-09-25T02:09:13+04:00	ck4n-mirror-1m	1	816924	816714	30	12922335232	12326612992	python3*21 pt_gloo_runloop*2 ZMQbg/Reaper*2 ZMQbg/IO/0*2 pt_tcpstore_uv*1 cuda0000240000a*1 
2026-09-25T02:09:13+04:00	ck4n-mirror-1m	1	816925	816714	57	1217802240	962482176	python3*49 ZMQbg/Reaper*4 ZMQbg/IO/0*4 
2026-09-25T02:09:23+04:00	ck4n-mirror-1m	1	816698	488	2	26669056	6008832	uv*1 main2*1 
2026-09-25T02:09:23+04:00	ck4n-mirror-1m	1	816714	816698	57	1120305152	856264704	ft*51 ZMQbg/Reaper*3 ZMQbg/IO/0*3 
2026-09-25T02:09:23+04:00	ck4n-mirror-1m	1	816923	816714	1	12795904	5943296	python3*1 
2026-09-25T02:09:23+04:00	ck4n-mirror-1m	1	816924	816714	30	12922335232	12326612992	python3*21 pt_gloo_runloop*2 ZMQbg/Reaper*2 ZMQbg/IO/0*2 pt_tcpstore_uv*1 cuda0000240000a*1 
2026-09-25T02:09:23+04:00	ck4n-mirror-1m	1	816925	816714	57	1217802240	962482176	python3*49 ZMQbg/Reaper*4 ZMQbg/IO/0*4 
2026-09-25T02:09:35+04:00	ck4n-mirror-1m	1	816698	488	2	26669056	6008832	uv*1 main2*1 
2026-09-25T02:09:35+04:00	ck4n-mirror-1m	1	816714	816698	57	1120305152	856264704	ft*51 ZMQbg/Reaper*3 ZMQbg/IO/0*3 
2026-09-25T02:09:35+04:00	ck4n-mirror-1m	1	816923	816714	1	12795904	5943296	python3*1 
2026-09-25T02:09:35+04:00	ck4n-mirror-1m	1	816924	816714	30	12922335232	12326612992	python3*21 pt_gloo_runloop*2 ZMQbg/Reaper*2 ZMQbg/IO/0*2 pt_tcpstore_uv*1 cuda0000240000a*1 
2026-09-25T02:09:35+04:00	ck4n-mirror-1m	1	816925	816714	57	1217802240	962482176	python3*49 ZMQbg/Reaper*4 ZMQbg/IO/0*4 
2026-09-25T02:09:45+04:00	ck4n-mirror-1m	1	816698	488	2	26669056	6008832	uv*1 main2*1 
2026-09-25T02:09:46+04:00	ck4n-mirror-1m	1	816714	816698	57	1120305152	856264704	ft*51 ZMQbg/Reaper*3 ZMQbg/IO/0*3 
2026-09-25T02:09:46+04:00	ck4n-mirror-1m	1	816923	816714	1	12795904	5943296	python3*1 
2026-09-25T02:09:46+04:00	ck4n-mirror-1m	1	816924	816714	30	12922335232	12326612992	python3*21 pt_gloo_runloop*2 ZMQbg/Reaper*2 ZMQbg/IO/0*2 pt_tcpstore_uv*1 cuda0000240000a*1 
2026-09-25T02:09:46+04:00	ck4n-mirror-1m	1	816925	816714	57	1217802240	962482176	python3*49 ZMQbg/Reaper*4 ZMQbg/IO/0*4 
2026-09-25T02:09:56+04:00	ck4n-mirror-1m	1	816698	488	2	26669056	6008832	uv*1 main2*1 
2026-09-25T02:09:56+04:00	ck4n-mirror-1m	1	816714	816698	57	1120305152	856264704	ft*51 ZMQbg/Reaper*3 ZMQbg/IO/0*3 
2026-09-25T02:09:56+04:00	ck4n-mirror-1m	1	816923	816714	1	12795904	5943296	python3*1 
2026-09-25T02:09:56+04:00	ck4n-mirror-1m	1	816924	816714	30	12922335232	12326612992	python3*21 pt_gloo_runloop*2 ZMQbg/Reaper*2 ZMQbg/IO/0*2 pt_tcpstore_uv*1 cuda0000240000a*1 
2026-09-25T02:09:56+04:00	ck4n-mirror-1m	1	816925	816714	57	1217802240	962482176	python3*49 ZMQbg/Reaper*4 ZMQbg/IO/0*4 
2026-09-25T02:10:08+04:00	ck4n-mirror-1m	1	816698	488	2	26669056	6008832	uv*1 main2*1 
2026-09-25T02:10:08+04:00	ck4n-mirror-1m	1	816714	816698	57	1120305152	856264704	ft*51 ZMQbg/Reaper*3 ZMQbg/IO/0*3 
2026-09-25T02:10:08+04:00	ck4n-mirror-1m	1	816923	816714	1	12795904	5943296	python3*1 
2026-09-25T02:10:08+04:00	ck4n-mirror-1m	1	816924	816714	30	12922335232	12326612992	python3*21 pt_gloo_runloop*2 ZMQbg/Reaper*2 ZMQbg/IO/0*2 pt_tcpstore_uv*1 cuda0000240000a*1 
2026-09-25T02:10:08+04:00	ck4n-mirror-1m	1	816925	816714	57	1217802240	962482176	python3*49 ZMQbg/Reaper*4 ZMQbg/IO/0*4 
2026-09-25T02:10:18+04:00	ck4n-mirror-1m	1	816698	488	2	26669056	6008832	uv*1 main2*1 
2026-09-25T02:10:18+04:00	ck4n-mirror-1m	1	816714	816698	57	1120305152	856264704	ft*51 ZMQbg/Reaper*3 ZMQbg/IO/0*3 
2026-09-25T02:10:19+04:00	ck4n-mirror-1m	1	816923	816714	1	12795904	5943296	python3*1 
2026-09-25T02:10:19+04:00	ck4n-mirror-1m	1	816924	816714	30	12922335232	12326612992	python3*21 pt_gloo_runloop*2 ZMQbg/Reaper*2 ZMQbg/IO/0*2 pt_tcpstore_uv*1 cuda0000240000a*1 
2026-09-25T02:10:19+04:00	ck4n-mirror-1m	1	816925	816714	57	1217802240	962482176	python3*49 ZMQbg/Reaper*4 ZMQbg/IO/0*4 
2026-09-25T02:10:29+04:00	ck4n-mirror-1m	1	816698	488	2	26669056	6008832	uv*1 main2*1 
2026-09-25T02:10:29+04:00	ck4n-mirror-1m	1	816714	816698	57	1120305152	856264704	ft*51 ZMQbg/Reaper*3 ZMQbg/IO/0*3 
2026-09-25T02:10:29+04:00	ck4n-mirror-1m	1	816923	816714	1	12795904	5943296	python3*1 
2026-09-25T02:10:29+04:00	ck4n-mirror-1m	1	816924	816714	30	12922335232	12326612992	python3*21 pt_gloo_runloop*2 ZMQbg/Reaper*2 ZMQbg/IO/0*2 pt_tcpstore_uv*1 cuda0000240000a*1 
2026-09-25T02:10:29+04:00	ck4n-mirror-1m	1	816925	816714	57	1217802240	962482176	python3*49 ZMQbg/Reaper*4 ZMQbg/IO/0*4 
2026-09-25T02:10:41+04:00	ck4n-mirror-1m	1	816698	488	2	26669056	6008832	uv*1 main2*1 
2026-09-25T02:10:41+04:00	ck4n-mirror-1m	1	816714	816698	57	1120305152	856264704	ft*51 ZMQbg/Reaper*3 ZMQbg/IO/0*3 
2026-09-25T02:10:41+04:00	ck4n-mirror-1m	1	816923	816714	1	12795904	5943296	python3*1 
2026-09-25T02:10:41+04:00	ck4n-mirror-1m	1	816924	816714	30	12922335232	12326612992	python3*21 pt_gloo_runloop*2 ZMQbg/Reaper*2 ZMQbg/IO/0*2 pt_tcpstore_uv*1 cuda0000240000a*1 
2026-09-25T02:10:41+04:00	ck4n-mirror-1m	1	816925	816714	57	1217802240	962482176	python3*49 ZMQbg/Reaper*4 ZMQbg/IO/0*4 
2026-09-25T02:10:51+04:00	ck4n-mirror-1m	1	816698	488	2	26669056	6008832	uv*1 main2*1 
2026-09-25T02:10:51+04:00	ck4n-mirror-1m	1	816714	816698	57	1120305152	856264704	ft*51 ZMQbg/Reaper*3 ZMQbg/IO/0*3 
2026-09-25T02:10:51+04:00	ck4n-mirror-1m	1	816923	816714	1	12795904	5943296	python3*1 
2026-09-25T02:10:51+04:00	ck4n-mirror-1m	1	816924	816714	30	12922335232	12326612992	python3*21 pt_gloo_runloop*2 ZMQbg/Reaper*2 ZMQbg/IO/0*2 pt_tcpstore_uv*1 cuda0000240000a*1 
2026-09-25T02:10:51+04:00	ck4n-mirror-1m	1	816925	816714	57	1217802240	962482176	python3*49 ZMQbg/Reaper*4 ZMQbg/IO/0*4 
2026-09-25T02:11:02+04:00	ck4n-mirror-1m	1	816698	488	2	26669056	6008832	uv*1 main2*1 
2026-09-25T02:11:02+04:00	ck4n-mirror-1m	1	816714	816698	57	1120305152	856264704	ft*51 ZMQbg/Reaper*3 ZMQbg/IO/0*3 
2026-09-25T02:11:02+04:00	ck4n-mirror-1m	1	816923	816714	1	12795904	5943296	python3*1 
2026-09-25T02:11:02+04:00	ck4n-mirror-1m	1	816924	816714	30	12922335232	12326612992	python3*21 pt_gloo_runloop*2 ZMQbg/Reaper*2 ZMQbg/IO/0*2 pt_tcpstore_uv*1 cuda0000240000a*1 
2026-09-25T02:11:02+04:00	ck4n-mirror-1m	1	816925	816714	57	1217802240	962482176	python3*49 ZMQbg/Reaper*4 ZMQbg/IO/0*4 
2026-09-25T02:11:14+04:00	ck4n-mirror-1m	1	816698	488	2	26669056	6008832	uv*1 main2*1 
2026-09-25T02:11:14+04:00	ck4n-mirror-1m	1	816714	816698	57	1120305152	856264704	ft*51 ZMQbg/Reaper*3 ZMQbg/IO/0*3 
2026-09-25T02:11:14+04:00	ck4n-mirror-1m	1	816923	816714	1	12795904	5943296	python3*1 
2026-09-25T02:11:14+04:00	ck4n-mirror-1m	1	816924	816714	30	12922335232	12326612992	python3*21 pt_gloo_runloop*2 ZMQbg/Reaper*2 ZMQbg/IO/0*2 pt_tcpstore_uv*1 cuda0000240000a*1 
2026-09-25T02:11:14+04:00	ck4n-mirror-1m	1	816925	816714	57	1217802240	962482176	python3*49 ZMQbg/Reaper*4 ZMQbg/IO/0*4 
2026-09-25T02:11:24+04:00	ck4n-mirror-1m	1	816698	488	2	26669056	6008832	uv*1 main2*1 
2026-09-25T02:11:24+04:00	ck4n-mirror-1m	1	816714	816698	57	1120305152	856264704	ft*51 ZMQbg/Reaper*3 ZMQbg/IO/0*3 
2026-09-25T02:11:24+04:00	ck4n-mirror-1m	1	816923	816714	1	12795904	5943296	python3*1 
2026-09-25T02:11:24+04:00	ck4n-mirror-1m	1	816924	816714	30	12922335232	12326612992	python3*21 pt_gloo_runloop*2 ZMQbg/Reaper*2 ZMQbg/IO/0*2 pt_tcpstore_uv*1 cuda0000240000a*1 
2026-09-25T02:11:24+04:00	ck4n-mirror-1m	1	816925	816714	57	1217802240	962482176	python3*49 ZMQbg/Reaper*4 ZMQbg/IO/0*4 
2026-09-25T02:11:34+04:00	ck4n-mirror-1m	1	816698	488	2	26669056	6008832	uv*1 main2*1 
2026-09-25T02:11:34+04:00	ck4n-mirror-1m	1	816714	816698	57	1120305152	856264704	ft*51 ZMQbg/Reaper*3 ZMQbg/IO/0*3 
2026-09-25T02:11:34+04:00	ck4n-mirror-1m	1	816923	816714	1	12795904	5943296	python3*1 
2026-09-25T02:11:34+04:00	ck4n-mirror-1m	1	816924	816714	30	12922335232	12326612992	python3*21 pt_gloo_runloop*2 ZMQbg/Reaper*2 ZMQbg/IO/0*2 pt_tcpstore_uv*1 cuda0000240000a*1 
2026-09-25T02:11:35+04:00	ck4n-mirror-1m	1	816925	816714	57	1217802240	962482176	python3*49 ZMQbg/Reaper*4 ZMQbg/IO/0*4 
2026-09-25T02:11:45+04:00	ck4n-mirror-1m	1	816698	488	2	26669056	6008832	uv*1 main2*1 
2026-09-25T02:11:45+04:00	ck4n-mirror-1m	1	816714	816698	57	1120305152	856264704	ft*51 ZMQbg/Reaper*3 ZMQbg/IO/0*3 
2026-09-25T02:11:45+04:00	ck4n-mirror-1m	1	816923	816714	1	12795904	5943296	python3*1 
2026-09-25T02:11:45+04:00	ck4n-mirror-1m	1	816924	816714	30	12922335232	12326612992	python3*21 pt_gloo_runloop*2 ZMQbg/Reaper*2 ZMQbg/IO/0*2 pt_tcpstore_uv*1 cuda0000240000a*1 
2026-09-25T02:11:45+04:00	ck4n-mirror-1m	1	816925	816714	57	1217802240	962482176	python3*49 ZMQbg/Reaper*4 ZMQbg/IO/0*4 
2026-09-25T02:11:57+04:00	ck4n-mirror-1m	1	816698	488	2	26669056	6008832	uv*1 main2*1 
2026-09-25T02:11:58+04:00	ck4n-mirror-1m	1	816714	816698	57	1120305152	856264704	ft*51 ZMQbg/Reaper*3 ZMQbg/IO/0*3 
2026-09-25T02:11:58+04:00	ck4n-mirror-1m	1	816923	816714	1	12795904	5943296	python3*1 
2026-09-25T02:11:58+04:00	ck4n-mirror-1m	1	816924	816714	30	12922335232	12326612992	python3*21 pt_gloo_runloop*2 ZMQbg/Reaper*2 ZMQbg/IO/0*2 pt_tcpstore_uv*1 cuda0000240000a*1 
2026-09-25T02:11:58+04:00	ck4n-mirror-1m	1	816925	816714	57	1217802240	962482176	python3*49 ZMQbg/Reaper*4 ZMQbg/IO/0*4 
2026-09-25T02:12:08+04:00	ck4n-mirror-1m	1	816698	488	2	26669056	6008832	uv*1 main2*1 
2026-09-25T02:12:08+04:00	ck4n-mirror-1m	1	816714	816698	57	1120305152	856264704	ft*51 ZMQbg/Reaper*3 ZMQbg/IO/0*3 
2026-09-25T02:12:08+04:00	ck4n-mirror-1m	1	816923	816714	1	12795904	5943296	python3*1 
2026-09-25T02:12:08+04:00	ck4n-mirror-1m	1	816924	816714	30	12922335232	12326612992	python3*21 pt_gloo_runloop*2 ZMQbg/Reaper*2 ZMQbg/IO/0*2 pt_tcpstore_uv*1 cuda0000240000a*1 
2026-09-25T02:12:08+04:00	ck4n-mirror-1m	1	816925	816714	57	1217802240	962482176	python3*49 ZMQbg/Reaper*4 ZMQbg/IO/0*4 
2026-09-25T02:12:18+04:00	ck4n-mirror-1m	1	816698	488	2	26669056	6008832	uv*1 main2*1 
2026-09-25T02:12:18+04:00	ck4n-mirror-1m	1	816714	816698	57	1120305152	856264704	ft*51 ZMQbg/Reaper*3 ZMQbg/IO/0*3 
2026-09-25T02:12:18+04:00	ck4n-mirror-1m	1	816923	816714	1	12795904	5943296	python3*1 
2026-09-25T02:12:18+04:00	ck4n-mirror-1m	1	816924	816714	30	12922335232	12326612992	python3*21 pt_gloo_runloop*2 ZMQbg/Reaper*2 ZMQbg/IO/0*2 pt_tcpstore_uv*1 cuda0000240000a*1 
2026-09-25T02:12:18+04:00	ck4n-mirror-1m	1	816925	816714	57	1217802240	962482176	python3*49 ZMQbg/Reaper*4 ZMQbg/IO/0*4 
2026-09-25T02:12:31+04:00	ck4n-mirror-1m	1	816698	488	2	26669056	6008832	uv*1 main2*1 
2026-09-25T02:12:31+04:00	ck4n-mirror-1m	1	816714	816698	57	1120305152	856264704	ft*51 ZMQbg/Reaper*3 ZMQbg/IO/0*3 
2026-09-25T02:12:31+04:00	ck4n-mirror-1m	1	816923	816714	1	12795904	5943296	python3*1 
2026-09-25T02:12:31+04:00	ck4n-mirror-1m	1	816924	816714	30	12922335232	12326612992	python3*21 pt_gloo_runloop*2 ZMQbg/Reaper*2 ZMQbg/IO/0*2 pt_tcpstore_uv*1 cuda0000240000a*1 
2026-09-25T02:12:31+04:00	ck4n-mirror-1m	1	816925	816714	57	1217802240	962482176	python3*49 ZMQbg/Reaper*4 ZMQbg/IO/0*4 
2026-09-25T02:12:41+04:00	ck4n-mirror-1m	1	816698	488	2	26669056	6008832	uv*1 main2*1 
2026-09-25T02:12:41+04:00	ck4n-mirror-1m	1	816714	816698	57	1120305152	856264704	ft*51 ZMQbg/Reaper*3 ZMQbg/IO/0*3 
2026-09-25T02:12:41+04:00	ck4n-mirror-1m	1	816923	816714	1	12795904	5943296	python3*1 
2026-09-25T02:12:41+04:00	ck4n-mirror-1m	1	816924	816714	30	12922335232	12326612992	python3*21 pt_gloo_runloop*2 ZMQbg/Reaper*2 ZMQbg/IO/0*2 pt_tcpstore_uv*1 cuda0000240000a*1 
2026-09-25T02:12:41+04:00	ck4n-mirror-1m	1	816925	816714	57	1217802240	962482176	python3*49 ZMQbg/Reaper*4 ZMQbg/IO/0*4 
2026-09-25T02:12:51+04:00	ck4n-mirror-1m	1	816698	488	2	26669056	6008832	uv*1 main2*1 
2026-09-25T02:12:51+04:00	ck4n-mirror-1m	1	816714	816698	57	1120305152	856264704	ft*51 ZMQbg/Reaper*3 ZMQbg/IO/0*3 
2026-09-25T02:12:51+04:00	ck4n-mirror-1m	1	816923	816714	1	12795904	5943296	python3*1 
2026-09-25T02:12:51+04:00	ck4n-mirror-1m	1	816924	816714	30	12922335232	12326612992	python3*21 pt_gloo_runloop*2 ZMQbg/Reaper*2 ZMQbg/IO/0*2 pt_tcpstore_uv*1 cuda0000240000a*1 
2026-09-25T02:12:51+04:00	ck4n-mirror-1m	1	816925	816714	57	1217802240	962482176	python3*49 ZMQbg/Reaper*4 ZMQbg/IO/0*4 
2026-09-25T02:13:04+04:00	ck4n-mirror-1m	1	816698	488	2	26669056	6008832	uv*1 main2*1 
2026-09-25T02:13:04+04:00	ck4n-mirror-1m	1	816714	816698	57	1120305152	856264704	ft*51 ZMQbg/Reaper*3 ZMQbg/IO/0*3 
2026-09-25T02:13:04+04:00	ck4n-mirror-1m	1	816923	816714	1	12795904	5943296	python3*1 
2026-09-25T02:13:04+04:00	ck4n-mirror-1m	1	816924	816714	30	12922335232	12326612992	python3*21 pt_gloo_runloop*2 ZMQbg/Reaper*2 ZMQbg/IO/0*2 pt_tcpstore_uv*1 cuda0000240000a*1 
2026-09-25T02:13:04+04:00	ck4n-mirror-1m	1	816925	816714	57	1217802240	962482176	python3*49 ZMQbg/Reaper*4 ZMQbg/IO/0*4 
2026-09-25T02:13:14+04:00	ck4n-mirror-1m	1	816698	488	2	26669056	6008832	uv*1 main2*1 
2026-09-25T02:13:14+04:00	ck4n-mirror-1m	1	816714	816698	57	1120305152	856264704	ft*51 ZMQbg/Reaper*3 ZMQbg/IO/0*3 
2026-09-25T02:13:14+04:00	ck4n-mirror-1m	1	816923	816714	1	12795904	5943296	python3*1 
2026-09-25T02:13:14+04:00	ck4n-mirror-1m	1	816924	816714	30	12922335232	12326612992	python3*21 pt_gloo_runloop*2 ZMQbg/Reaper*2 ZMQbg/IO/0*2 pt_tcpstore_uv*1 cuda0000240000a*1 
2026-09-25T02:13:14+04:00	ck4n-mirror-1m	1	816925	816714	57	1217802240	962482176	python3*49 ZMQbg/Reaper*4 ZMQbg/IO/0*4 
2026-09-25T02:13:24+04:00	ck4n-mirror-1m	1	816698	488	2	26669056	6008832	uv*1 main2*1 
2026-09-25T02:13:24+04:00	ck4n-mirror-1m	1	816714	816698	57	1120305152	856264704	ft*51 ZMQbg/Reaper*3 ZMQbg/IO/0*3 
2026-09-25T02:13:24+04:00	ck4n-mirror-1m	1	816923	816714	1	12795904	5943296	python3*1 
2026-09-25T02:13:24+04:00	ck4n-mirror-1m	1	816924	816714	30	12922335232	12326612992	python3*21 pt_gloo_runloop*2 ZMQbg/Reaper*2 ZMQbg/IO/0*2 pt_tcpstore_uv*1 cuda0000240000a*1 
2026-09-25T02:13:24+04:00	ck4n-mirror-1m	1	816925	816714	57	1217802240	962482176	python3*49 ZMQbg/Reaper*4 ZMQbg/IO/0*4 
2026-09-25T02:13:37+04:00	ck4n-mirror-1m	1	816698	488	2	26669056	6008832	uv*1 main2*1 
2026-09-25T02:13:37+04:00	ck4n-mirror-1m	1	816714	816698	57	1120305152	856264704	ft*51 ZMQbg/Reaper*3 ZMQbg/IO/0*3 
2026-09-25T02:13:37+04:00	ck4n-mirror-1m	1	816923	816714	1	12795904	5943296	python3*1 
2026-09-25T02:13:37+04:00	ck4n-mirror-1m	1	816924	816714	30	12922335232	12326612992	python3*21 pt_gloo_runloop*2 ZMQbg/Reaper*2 ZMQbg/IO/0*2 pt_tcpstore_uv*1 cuda0000240000a*1 
2026-09-25T02:13:37+04:00	ck4n-mirror-1m	1	816925	816714	57	1217802240	962482176	python3*49 ZMQbg/Reaper*4 ZMQbg/IO/0*4 
2026-09-25T02:13:47+04:00	ck4n-mirror-1m	1	816698	488	2	26669056	6008832	uv*1 main2*1 
2026-09-25T02:13:47+04:00	ck4n-mirror-1m	1	816714	816698	57	1120305152	856264704	ft*51 ZMQbg/Reaper*3 ZMQbg/IO/0*3 
2026-09-25T02:13:47+04:00	ck4n-mirror-1m	1	816923	816714	1	12795904	5943296	python3*1 
2026-09-25T02:13:47+04:00	ck4n-mirror-1m	1	816924	816714	30	12922335232	12326612992	python3*21 pt_gloo_runloop*2 ZMQbg/Reaper*2 ZMQbg/IO/0*2 pt_tcpstore_uv*1 cuda0000240000a*1 
2026-09-25T02:13:47+04:00	ck4n-mirror-1m	1	816925	816714	57	1217802240	962482176	python3*49 ZMQbg/Reaper*4 ZMQbg/IO/0*4 
2026-09-25T02:13:57+04:00	ck4n-mirror-1m	1	816698	488	2	26669056	6008832	uv*1 main2*1 
2026-09-25T02:13:57+04:00	ck4n-mirror-1m	1	816714	816698	57	1120305152	856264704	ft*51 ZMQbg/Reaper*3 ZMQbg/IO/0*3 
2026-09-25T02:13:57+04:00	ck4n-mirror-1m	1	816923	816714	1	12795904	5943296	python3*1 
2026-09-25T02:13:57+04:00	ck4n-mirror-1m	1	816924	816714	30	12922335232	12326612992	python3*21 pt_gloo_runloop*2 ZMQbg/Reaper*2 ZMQbg/IO/0*2 pt_tcpstore_uv*1 cuda0000240000a*1 
2026-09-25T02:13:57+04:00	ck4n-mirror-1m	1	816925	816714	57	1217802240	962482176	python3*49 ZMQbg/Reaper*4 ZMQbg/IO/0*4 
2026-09-25T02:14:09+04:00	ck4n-mirror-1m	1	816698	488	2	26669056	6008832	uv*1 main2*1 
2026-09-25T02:14:09+04:00	ck4n-mirror-1m	1	816714	816698	57	1120305152	856264704	ft*51 ZMQbg/Reaper*3 ZMQbg/IO/0*3 
2026-09-25T02:14:09+04:00	ck4n-mirror-1m	1	816923	816714	1	12795904	5943296	python3*1 
2026-09-25T02:14:09+04:00	ck4n-mirror-1m	1	816924	816714	30	12922335232	12326612992	python3*21 pt_gloo_runloop*2 ZMQbg/Reaper*2 ZMQbg/IO/0*2 pt_tcpstore_uv*1 cuda0000240000a*1 
2026-09-25T02:14:10+04:00	ck4n-mirror-1m	1	816925	816714	57	1217802240	962482176	python3*49 ZMQbg/Reaper*4 ZMQbg/IO/0*4 
2026-09-25T02:14:20+04:00	ck4n-mirror-1m	1	816698	488	2	26669056	6008832	uv*1 main2*1 
2026-09-25T02:14:20+04:00	ck4n-mirror-1m	1	816714	816698	57	1120305152	856264704	ft*51 ZMQbg/Reaper*3 ZMQbg/IO/0*3 
2026-09-25T02:14:20+04:00	ck4n-mirror-1m	1	816923	816714	1	12795904	5943296	python3*1 
2026-09-25T02:14:20+04:00	ck4n-mirror-1m	1	816924	816714	30	12922335232	12326612992	python3*21 pt_gloo_runloop*2 ZMQbg/Reaper*2 ZMQbg/IO/0*2 pt_tcpstore_uv*1 cuda0000240000a*1 
2026-09-25T02:14:20+04:00	ck4n-mirror-1m	1	816925	816714	57	1217802240	962482176	python3*49 ZMQbg/Reaper*4 ZMQbg/IO/0*4 
2026-09-25T02:14:30+04:00	ck4n-mirror-1m	1	816698	488	2	26669056	6008832	uv*1 main2*1 
2026-09-25T02:14:30+04:00	ck4n-mirror-1m	1	816714	816698	57	1120305152	856264704	ft*51 ZMQbg/Reaper*3 ZMQbg/IO/0*3 
2026-09-25T02:14:30+04:00	ck4n-mirror-1m	1	816923	816714	1	12795904	5943296	python3*1 
2026-09-25T02:14:30+04:00	ck4n-mirror-1m	1	816924	816714	30	12922335232	12326612992	python3*21 pt_gloo_runloop*2 ZMQbg/Reaper*2 ZMQbg/IO/0*2 pt_tcpstore_uv*1 cuda0000240000a*1 
2026-09-25T02:14:30+04:00	ck4n-mirror-1m	1	816925	816714	57	1217802240	962482176	python3*49 ZMQbg/Reaper*4 ZMQbg/IO/0*4 
2026-09-25T02:14:42+04:00	ck4n-mirror-1m	1	816698	488	2	26669056	6008832	uv*1 main2*1 
2026-09-25T02:14:42+04:00	ck4n-mirror-1m	1	816714	816698	57	1120305152	856264704	ft*51 ZMQbg/Reaper*3 ZMQbg/IO/0*3 
2026-09-25T02:14:42+04:00	ck4n-mirror-1m	1	816923	816714	1	12795904	5943296	python3*1 
2026-09-25T02:14:42+04:00	ck4n-mirror-1m	1	816924	816714	30	12922335232	12326612992	python3*21 pt_gloo_runloop*2 ZMQbg/Reaper*2 ZMQbg/IO/0*2 pt_tcpstore_uv*1 cuda0000240000a*1 
2026-09-25T02:14:42+04:00	ck4n-mirror-1m	1	816925	816714	57	1217802240	962482176	python3*49 ZMQbg/Reaper*4 ZMQbg/IO/0*4 
2026-09-25T02:14:52+04:00	ck4n-mirror-1m	1	816698	488	2	26669056	6008832	uv*1 main2*1 
2026-09-25T02:14:52+04:00	ck4n-mirror-1m	1	816714	816698	57	1120305152	856264704	ft*51 ZMQbg/Reaper*3 ZMQbg/IO/0*3 
2026-09-25T02:14:53+04:00	ck4n-mirror-1m	1	816923	816714	1	12795904	5943296	python3*1 
2026-09-25T02:14:53+04:00	ck4n-mirror-1m	1	816924	816714	30	12922335232	12326612992	python3*21 pt_gloo_runloop*2 ZMQbg/Reaper*2 ZMQbg/IO/0*2 pt_tcpstore_uv*1 cuda0000240000a*1 
2026-09-25T02:14:53+04:00	ck4n-mirror-1m	1	816925	816714	57	1217802240	962482176	python3*49 ZMQbg/Reaper*4 ZMQbg/IO/0*4 
2026-09-25T02:15:03+04:00	ck4n-mirror-1m	1	816698	488	2	26669056	6008832	uv*1 main2*1 
2026-09-25T02:15:03+04:00	ck4n-mirror-1m	1	816714	816698	57	1120305152	856264704	ft*51 ZMQbg/Reaper*3 ZMQbg/IO/0*3 
2026-09-25T02:15:03+04:00	ck4n-mirror-1m	1	816923	816714	1	12795904	5943296	python3*1 
2026-09-25T02:15:03+04:00	ck4n-mirror-1m	1	816924	816714	30	12922335232	12326612992	python3*21 pt_gloo_runloop*2 ZMQbg/Reaper*2 ZMQbg/IO/0*2 pt_tcpstore_uv*1 cuda0000240000a*1 
2026-09-25T02:15:03+04:00	ck4n-mirror-1m	1	816925	816714	57	1217802240	962482176	python3*49 ZMQbg/Reaper*4 ZMQbg/IO/0*4 
2026-09-25T02:15:13+04:00	ck4n-mirror-1m	1	816698	488	2	26669056	6008832	uv*1 main2*1 
2026-09-25T02:15:13+04:00	ck4n-mirror-1m	1	816714	816698	57	1120305152	856264704	ft*51 ZMQbg/Reaper*3 ZMQbg/IO/0*3 
2026-09-25T02:15:13+04:00	ck4n-mirror-1m	1	816923	816714	1	12795904	5943296	python3*1 
2026-09-25T02:15:13+04:00	ck4n-mirror-1m	1	816924	816714	30	12922335232	12326612992	python3*21 pt_gloo_runloop*2 ZMQbg/Reaper*2 ZMQbg/IO/0*2 pt_tcpstore_uv*1 cuda0000240000a*1 
2026-09-25T02:15:13+04:00	ck4n-mirror-1m	1	816925	816714	57	1217802240	962482176	python3*49 ZMQbg/Reaper*4 ZMQbg/IO/0*4 
2026-09-25T02:15:25+04:00	ck4n-mirror-1m	1	816698	488	2	26669056	6008832	uv*1 main2*1 
2026-09-25T02:15:25+04:00	ck4n-mirror-1m	1	816714	816698	57	1120305152	856264704	ft*51 ZMQbg/Reaper*3 ZMQbg/IO/0*3 
2026-09-25T02:15:25+04:00	ck4n-mirror-1m	1	816923	816714	1	12795904	5943296	python3*1 
2026-09-25T02:15:25+04:00	ck4n-mirror-1m	1	816924	816714	30	12922335232	12326612992	python3*21 pt_gloo_runloop*2 ZMQbg/Reaper*2 ZMQbg/IO/0*2 pt_tcpstore_uv*1 cuda0000240000a*1 
2026-09-25T02:15:25+04:00	ck4n-mirror-1m	1	816925	816714	57	1217802240	962482176	python3*49 ZMQbg/Reaper*4 ZMQbg/IO/0*4 
2026-09-25T02:15:36+04:00	ck4n-mirror-1m	1	816698	488	2	26669056	6008832	uv*1 main2*1 
2026-09-25T02:15:36+04:00	ck4n-mirror-1m	1	816714	816698	57	1120305152	856264704	ft*51 ZMQbg/Reaper*3 ZMQbg/IO/0*3 
2026-09-25T02:15:36+04:00	ck4n-mirror-1m	1	816923	816714	1	12795904	5943296	python3*1 
2026-09-25T02:15:36+04:00	ck4n-mirror-1m	1	816924	816714	30	12922335232	12326612992	python3*21 pt_gloo_runloop*2 ZMQbg/Reaper*2 ZMQbg/IO/0*2 pt_tcpstore_uv*1 cuda0000240000a*1 
2026-09-25T02:15:36+04:00	ck4n-mirror-1m	1	816925	816714	57	1217802240	962482176	python3*49 ZMQbg/Reaper*4 ZMQbg/IO/0*4 
2026-09-25T02:15:46+04:00	ck4n-mirror-1m	1	816698	488	2	26669056	6008832	uv*1 main2*1 
2026-09-25T02:15:46+04:00	ck4n-mirror-1m	1	816714	816698	57	1120305152	856264704	ft*51 ZMQbg/Reaper*3 ZMQbg/IO/0*3 
2026-09-25T02:15:46+04:00	ck4n-mirror-1m	1	816923	816714	1	12795904	5943296	python3*1 
2026-09-25T02:15:46+04:00	ck4n-mirror-1m	1	816924	816714	30	12922335232	12326612992	python3*21 pt_gloo_runloop*2 ZMQbg/Reaper*2 ZMQbg/IO/0*2 pt_tcpstore_uv*1 cuda0000240000a*1 
2026-09-25T02:15:46+04:00	ck4n-mirror-1m	1	816925	816714	57	1217802240	962482176	python3*49 ZMQbg/Reaper*4 ZMQbg/IO/0*4 
2026-09-25T02:15:58+04:00	ck4n-mirror-1m	1	816698	488	2	26669056	6008832	uv*1 main2*1 
2026-09-25T02:15:58+04:00	ck4n-mirror-1m	1	816714	816698	57	1120305152	856264704	ft*51 ZMQbg/Reaper*3 ZMQbg/IO/0*3 
2026-09-25T02:15:58+04:00	ck4n-mirror-1m	1	816923	816714	1	12795904	5943296	python3*1 
2026-09-25T02:15:58+04:00	ck4n-mirror-1m	1	816924	816714	30	12922335232	12326612992	python3*21 pt_gloo_runloop*2 ZMQbg/Reaper*2 ZMQbg/IO/0*2 pt_tcpstore_uv*1 cuda0000240000a*1 
2026-09-25T02:15:58+04:00	ck4n-mirror-1m	1	816925	816714	57	1217802240	962482176	python3*49 ZMQbg/Reaper*4 ZMQbg/IO/0*4 
2026-09-25T02:16:08+04:00	ck4n-mirror-1m	1	816698	488	2	26669056	6008832	uv*1 main2*1 
2026-09-25T02:16:08+04:00	ck4n-mirror-1m	1	816714	816698	57	1120305152	856264704	ft*51 ZMQbg/Reaper*3 ZMQbg/IO/0*3 
2026-09-25T02:16:08+04:00	ck4n-mirror-1m	1	816923	816714	1	12795904	5943296	python3*1 
2026-09-25T02:16:08+04:00	ck4n-mirror-1m	1	816924	816714	30	12922335232	12326612992	python3*21 pt_gloo_runloop*2 ZMQbg/Reaper*2 ZMQbg/IO/0*2 pt_tcpstore_uv*1 cuda0000240000a*1 
2026-09-25T02:16:09+04:00	ck4n-mirror-1m	1	816925	816714	57	1217802240	962482176	python3*49 ZMQbg/Reaper*4 ZMQbg/IO/0*4 
2026-09-25T02:16:19+04:00	ck4n-mirror-1m	1	816698	488	2	26669056	6008832	uv*1 main2*1 
2026-09-25T02:16:19+04:00	ck4n-mirror-1m	1	816714	816698	57	1120305152	856264704	ft*51 ZMQbg/Reaper*3 ZMQbg/IO/0*3 
2026-09-25T02:16:19+04:00	ck4n-mirror-1m	1	816923	816714	1	12795904	5943296	python3*1 
2026-09-25T02:16:19+04:00	ck4n-mirror-1m	1	816924	816714	30	12922335232	12326612992	python3*21 pt_gloo_runloop*2 ZMQbg/Reaper*2 ZMQbg/IO/0*2 pt_tcpstore_uv*1 cuda0000240000a*1 
2026-09-25T02:16:19+04:00	ck4n-mirror-1m	1	816925	816714	57	1217802240	962482176	python3*49 ZMQbg/Reaper*4 ZMQbg/IO/0*4 
2026-09-25T02:16:31+04:00	ck4n-mirror-1m	1	816698	488	2	26669056	6008832	uv*1 main2*1 
2026-09-25T02:16:31+04:00	ck4n-mirror-1m	1	816714	816698	57	1120305152	856264704	ft*51 ZMQbg/Reaper*3 ZMQbg/IO/0*3 
2026-09-25T02:16:31+04:00	ck4n-mirror-1m	1	816923	816714	1	12795904	5943296	python3*1 
2026-09-25T02:16:31+04:00	ck4n-mirror-1m	1	816924	816714	30	12922335232	12326612992	python3*21 pt_gloo_runloop*2 ZMQbg/Reaper*2 ZMQbg/IO/0*2 pt_tcpstore_uv*1 cuda0000240000a*1 
2026-09-25T02:16:31+04:00	ck4n-mirror-1m	1	816925	816714	57	1217802240	962482176	python3*49 ZMQbg/Reaper*4 ZMQbg/IO/0*4 
2026-09-25T02:16:41+04:00	ck4n-mirror-1m	1	816698	488	2	26669056	6008832	uv*1 main2*1 
2026-09-25T02:16:41+04:00	ck4n-mirror-1m	1	816714	816698	57	1120305152	856264704	ft*51 ZMQbg/Reaper*3 ZMQbg/IO/0*3 
2026-09-25T02:16:41+04:00	ck4n-mirror-1m	1	816923	816714	1	12795904	5943296	python3*1 
2026-09-25T02:16:41+04:00	ck4n-mirror-1m	1	816924	816714	30	12922335232	12326612992	python3*21 pt_gloo_runloop*2 ZMQbg/Reaper*2 ZMQbg/IO/0*2 pt_tcpstore_uv*1 cuda0000240000a*1 
2026-09-25T02:16:41+04:00	ck4n-mirror-1m	1	816925	816714	57	1217802240	962482176	python3*49 ZMQbg/Reaper*4 ZMQbg/IO/0*4 
2026-09-25T02:16:52+04:00	ck4n-mirror-1m	1	816698	488	2	26669056	6008832	uv*1 main2*1 
2026-09-25T02:16:52+04:00	ck4n-mirror-1m	1	816714	816698	57	1120305152	856264704	ft*51 ZMQbg/Reaper*3 ZMQbg/IO/0*3 
2026-09-25T02:16:52+04:00	ck4n-mirror-1m	1	816923	816714	1	12795904	5943296	python3*1 
2026-09-25T02:16:52+04:00	ck4n-mirror-1m	1	816924	816714	30	12922335232	12326612992	python3*21 pt_gloo_runloop*2 ZMQbg/Reaper*2 ZMQbg/IO/0*2 pt_tcpstore_uv*1 cuda0000240000a*1 
2026-09-25T02:16:52+04:00	ck4n-mirror-1m	1	816925	816714	57	1217802240	962482176	python3*49 ZMQbg/Reaper*4 ZMQbg/IO/0*4 
2026-09-25T02:17:04+04:00	ck4n-mirror-1m	1	816698	488	2	26669056	6008832	uv*1 main2*1 
2026-09-25T02:17:04+04:00	ck4n-mirror-1m	1	816714	816698	57	1120305152	856264704	ft*51 ZMQbg/Reaper*3 ZMQbg/IO/0*3 
2026-09-25T02:17:04+04:00	ck4n-mirror-1m	1	816923	816714	1	12795904	5943296	python3*1 
2026-09-25T02:17:04+04:00	ck4n-mirror-1m	1	816924	816714	30	12922335232	12326612992	python3*21 pt_gloo_runloop*2 ZMQbg/Reaper*2 ZMQbg/IO/0*2 pt_tcpstore_uv*1 cuda0000240000a*1 
2026-09-25T02:17:04+04:00	ck4n-mirror-1m	1	816925	816714	57	1217802240	962482176	python3*49 ZMQbg/Reaper*4 ZMQbg/IO/0*4 
2026-09-25T02:17:14+04:00	ck4n-mirror-1m	1	816698	488	2	26669056	6008832	uv*1 main2*1 
2026-09-25T02:17:14+04:00	ck4n-mirror-1m	1	816714	816698	57	1120305152	856264704	ft*51 ZMQbg/Reaper*3 ZMQbg/IO/0*3 
2026-09-25T02:17:14+04:00	ck4n-mirror-1m	1	816923	816714	1	12795904	5943296	python3*1 
2026-09-25T02:17:14+04:00	ck4n-mirror-1m	1	816924	816714	30	12922335232	12326612992	python3*21 pt_gloo_runloop*2 ZMQbg/Reaper*2 ZMQbg/IO/0*2 pt_tcpstore_uv*1 cuda0000240000a*1 
2026-09-25T02:17:14+04:00	ck4n-mirror-1m	1	816925	816714	57	1217802240	962482176	python3*49 ZMQbg/Reaper*4 ZMQbg/IO/0*4 
2026-09-25T02:17:24+04:00	ck4n-mirror-1m	1	816698	488	2	26669056	6008832	uv*1 main2*1 
2026-09-25T02:17:24+04:00	ck4n-mirror-1m	1	816714	816698	57	1120305152	856264704	ft*51 ZMQbg/Reaper*3 ZMQbg/IO/0*3 
2026-09-25T02:17:24+04:00	ck4n-mirror-1m	1	816923	816714	1	12795904	5943296	python3*1 
2026-09-25T02:17:24+04:00	ck4n-mirror-1m	1	816924	816714	30	12922335232	12326612992	python3*21 pt_gloo_runloop*2 ZMQbg/Reaper*2 ZMQbg/IO/0*2 pt_tcpstore_uv*1 cuda0000240000a*1 
2026-09-25T02:17:25+04:00	ck4n-mirror-1m	1	816925	816714	57	1217802240	962482176	python3*49 ZMQbg/Reaper*4 ZMQbg/IO/0*4 
2026-09-25T02:17:37+04:00	ck4n-mirror-1m	1	816698	488	2	26669056	6008832	uv*1 main2*1 
2026-09-25T02:17:37+04:00	ck4n-mirror-1m	1	816714	816698	57	1120305152	856264704	ft*51 ZMQbg/Reaper*3 ZMQbg/IO/0*3 
2026-09-25T02:17:37+04:00	ck4n-mirror-1m	1	816923	816714	1	12795904	5943296	python3*1 
2026-09-25T02:17:37+04:00	ck4n-mirror-1m	1	816924	816714	30	12922335232	12326612992	python3*21 pt_gloo_runloop*2 ZMQbg/Reaper*2 ZMQbg/IO/0*2 pt_tcpstore_uv*1 cuda0000240000a*1 
2026-09-25T02:17:37+04:00	ck4n-mirror-1m	1	816925	816714	57	1217802240	962482176	python3*49 ZMQbg/Reaper*4 ZMQbg/IO/0*4 
2026-09-25T02:17:47+04:00	ck4n-mirror-1m	3	816698	488	2	26669056	6008832	uv*1 main2*1 
2026-09-25T02:17:47+04:00	ck4n-mirror-1m	3	816714	816698	57	1228378112	964337664	ft*51 ZMQbg/Reaper*3 ZMQbg/IO/0*3 
2026-09-25T02:17:47+04:00	ck4n-mirror-1m	3	816923	816714	1	12795904	5943296	python3*1 
2026-09-25T02:17:47+04:00	ck4n-mirror-1m	3	816924	816714	45	12924583936	12327985152	python3*36 pt_gloo_runloop*2 ZMQbg/Reaper*2 ZMQbg/IO/0*2 pt_tcpstore_uv*1 cuda0000240000a*1 
2026-09-25T02:17:47+04:00	ck4n-mirror-1m	3	816925	816714	57	1104891904	851193856	python3*49 ZMQbg/Reaper*4 ZMQbg/IO/0*4 
2026-09-25T02:17:57+04:00	ck4n-mirror-1m	3	816698	488	2	26669056	6008832	uv*1 main2*1 
2026-09-25T02:17:57+04:00	ck4n-mirror-1m	3	816714	816698	57	1228378112	964337664	ft*51 ZMQbg/Reaper*3 ZMQbg/IO/0*3 
2026-09-25T02:17:57+04:00	ck4n-mirror-1m	3	816923	816714	1	12795904	5943296	python3*1 
2026-09-25T02:17:57+04:00	ck4n-mirror-1m	3	816924	816714	45	12924583936	12327985152	python3*36 pt_gloo_runloop*2 ZMQbg/Reaper*2 ZMQbg/IO/0*2 pt_tcpstore_uv*1 cuda0000240000a*1 
2026-09-25T02:17:58+04:00	ck4n-mirror-1m	3	816925	816714	57	1266688000	1011367936	python3*49 ZMQbg/Reaper*4 ZMQbg/IO/0*4 
2026-09-25T02:18:10+04:00	ck4n-mirror-1m	3	816698	488	2	26669056	6008832	uv*1 main2*1 
2026-09-25T02:18:10+04:00	ck4n-mirror-1m	3	816714	816698	57	1228378112	964337664	ft*51 ZMQbg/Reaper*3 ZMQbg/IO/0*3 
2026-09-25T02:18:10+04:00	ck4n-mirror-1m	3	816923	816714	1	12795904	5943296	python3*1 
2026-09-25T02:18:10+04:00	ck4n-mirror-1m	3	816924	816714	45	12924583936	12327985152	python3*36 pt_gloo_runloop*2 ZMQbg/Reaper*2 ZMQbg/IO/0*2 pt_tcpstore_uv*1 cuda0000240000a*1 
2026-09-25T02:18:10+04:00	ck4n-mirror-1m	3	816925	816714	57	1266688000	1011367936	python3*49 ZMQbg/Reaper*4 ZMQbg/IO/0*4 
2026-09-25T02:18:20+04:00	ck4n-mirror-1m	3	816698	488	2	26669056	6008832	uv*1 main2*1 
2026-09-25T02:18:20+04:00	ck4n-mirror-1m	3	816714	816698	57	1228378112	964337664	ft*51 ZMQbg/Reaper*3 ZMQbg/IO/0*3 
2026-09-25T02:18:20+04:00	ck4n-mirror-1m	3	816923	816714	1	12795904	5943296	python3*1 
2026-09-25T02:18:20+04:00	ck4n-mirror-1m	3	816924	816714	45	12924583936	12327985152	python3*36 pt_gloo_runloop*2 ZMQbg/Reaper*2 ZMQbg/IO/0*2 pt_tcpstore_uv*1 cuda0000240000a*1 
2026-09-25T02:18:20+04:00	ck4n-mirror-1m	3	816925	816714	57	1266688000	1011367936	python3*49 ZMQbg/Reaper*4 ZMQbg/IO/0*4 
2026-09-25T02:18:30+04:00	ck4n-mirror-1m	3	816698	488	2	26669056	6008832	uv*1 main2*1 
2026-09-25T02:18:30+04:00	ck4n-mirror-1m	3	816714	816698	57	1228378112	964337664	ft*51 ZMQbg/Reaper*3 ZMQbg/IO/0*3 
2026-09-25T02:18:30+04:00	ck4n-mirror-1m	3	816923	816714	1	12795904	5943296	python3*1 
2026-09-25T02:18:30+04:00	ck4n-mirror-1m	3	816924	816714	45	12924583936	12327985152	python3*36 pt_gloo_runloop*2 ZMQbg/Reaper*2 ZMQbg/IO/0*2 pt_tcpstore_uv*1 cuda0000240000a*1 
2026-09-25T02:18:30+04:00	ck4n-mirror-1m	3	816925	816714	57	1266688000	1011367936	python3*49 ZMQbg/Reaper*4 ZMQbg/IO/0*4 
2026-09-25T02:18:41+04:00	ck4n-mirror-1m	3	816698	488	2	26669056	6008832	uv*1 main2*1 
2026-09-25T02:18:41+04:00	ck4n-mirror-1m	3	816714	816698	57	1228378112	964337664	ft*51 ZMQbg/Reaper*3 ZMQbg/IO/0*3 
2026-09-25T02:18:41+04:00	ck4n-mirror-1m	3	816923	816714	1	12795904	5943296	python3*1 
2026-09-25T02:18:41+04:00	ck4n-mirror-1m	3	816924	816714	45	12924583936	12327985152	python3*36 pt_gloo_runloop*2 ZMQbg/Reaper*2 ZMQbg/IO/0*2 pt_tcpstore_uv*1 cuda0000240000a*1 
2026-09-25T02:18:41+04:00	ck4n-mirror-1m	3	816925	816714	57	1266688000	1011367936	python3*49 ZMQbg/Reaper*4 ZMQbg/IO/0*4 
2026-09-25T02:18:53+04:00	ck4n-mirror-1m	3	816698	488	2	26669056	6008832	uv*1 main2*1 
2026-09-25T02:18:53+04:00	ck4n-mirror-1m	3	816714	816698	57	1228378112	964337664	ft*51 ZMQbg/Reaper*3 ZMQbg/IO/0*3 
2026-09-25T02:18:53+04:00	ck4n-mirror-1m	3	816923	816714	1	12795904	5943296	python3*1 
2026-09-25T02:18:53+04:00	ck4n-mirror-1m	3	816924	816714	45	12924583936	12327985152	python3*36 pt_gloo_runloop*2 ZMQbg/Reaper*2 ZMQbg/IO/0*2 pt_tcpstore_uv*1 cuda0000240000a*1 
2026-09-25T02:18:53+04:00	ck4n-mirror-1m	3	816925	816714	57	1266688000	1011367936	python3*49 ZMQbg/Reaper*4 ZMQbg/IO/0*4 
2026-09-25T02:19:03+04:00	ck4n-mirror-1m	3	816698	488	2	26669056	6008832	uv*1 main2*1 
2026-09-25T02:19:03+04:00	ck4n-mirror-1m	3	816714	816698	57	1228378112	964337664	ft*51 ZMQbg/Reaper*3 ZMQbg/IO/0*3 
2026-09-25T02:19:03+04:00	ck4n-mirror-1m	3	816923	816714	1	12795904	5943296	python3*1 
2026-09-25T02:19:03+04:00	ck4n-mirror-1m	3	816924	816714	45	12924583936	12327985152	python3*36 pt_gloo_runloop*2 ZMQbg/Reaper*2 ZMQbg/IO/0*2 pt_tcpstore_uv*1 cuda0000240000a*1 
2026-09-25T02:19:03+04:00	ck4n-mirror-1m	3	816925	816714	57	1266688000	1011367936	python3*49 ZMQbg/Reaper*4 ZMQbg/IO/0*4 
2026-09-25T02:19:13+04:00	ck4n-mirror-1m	3	816698	488	2	26669056	6008832	uv*1 main2*1 
2026-09-25T02:19:13+04:00	ck4n-mirror-1m	3	816714	816698	57	1228378112	964337664	ft*51 ZMQbg/Reaper*3 ZMQbg/IO/0*3 
2026-09-25T02:19:13+04:00	ck4n-mirror-1m	3	816923	816714	1	12795904	5943296	python3*1 
2026-09-25T02:19:13+04:00	ck4n-mirror-1m	3	816924	816714	45	12924583936	12327985152	python3*36 pt_gloo_runloop*2 ZMQbg/Reaper*2 ZMQbg/IO/0*2 pt_tcpstore_uv*1 cuda0000240000a*1 
2026-09-25T02:19:14+04:00	ck4n-mirror-1m	3	816925	816714	57	1266688000	1011367936	python3*49 ZMQbg/Reaper*4 ZMQbg/IO/0*4 
2026-09-25T02:19:26+04:00	ck4n-mirror-1m	3	816698	488	2	26669056	6008832	uv*1 main2*1 
2026-09-25T02:19:26+04:00	ck4n-mirror-1m	3	816714	816698	57	1228378112	964337664	ft*51 ZMQbg/Reaper*3 ZMQbg/IO/0*3 
2026-09-25T02:19:26+04:00	ck4n-mirror-1m	3	816923	816714	1	12795904	5943296	python3*1 
2026-09-25T02:19:26+04:00	ck4n-mirror-1m	3	816924	816714	45	12924583936	12327985152	python3*36 pt_gloo_runloop*2 ZMQbg/Reaper*2 ZMQbg/IO/0*2 pt_tcpstore_uv*1 cuda0000240000a*1 
2026-09-25T02:19:26+04:00	ck4n-mirror-1m	3	816925	816714	57	1266688000	1011367936	python3*49 ZMQbg/Reaper*4 ZMQbg/IO/0*4 
2026-09-25T02:19:36+04:00	ck4n-mirror-1m	3	816698	488	2	26669056	6008832	uv*1 main2*1 
2026-09-25T02:19:36+04:00	ck4n-mirror-1m	3	816714	816698	57	1228378112	964337664	ft*51 ZMQbg/Reaper*3 ZMQbg/IO/0*3 
2026-09-25T02:19:36+04:00	ck4n-mirror-1m	3	816923	816714	1	12795904	5943296	python3*1 
2026-09-25T02:19:36+04:00	ck4n-mirror-1m	3	816924	816714	45	12924583936	12327985152	python3*36 pt_gloo_runloop*2 ZMQbg/Reaper*2 ZMQbg/IO/0*2 pt_tcpstore_uv*1 cuda0000240000a*1 
2026-09-25T02:19:36+04:00	ck4n-mirror-1m	3	816925	816714	57	1266688000	1011367936	python3*49 ZMQbg/Reaper*4 ZMQbg/IO/0*4 
2026-09-25T02:19:46+04:00	ck4n-mirror-1m	3	816698	488	2	26669056	6008832	uv*1 main2*1 
2026-09-25T02:19:46+04:00	ck4n-mirror-1m	3	816714	816698	57	1228378112	964337664	ft*51 ZMQbg/Reaper*3 ZMQbg/IO/0*3 
2026-09-25T02:19:46+04:00	ck4n-mirror-1m	3	816923	816714	1	12795904	5943296	python3*1 
2026-09-25T02:19:46+04:00	ck4n-mirror-1m	3	816924	816714	45	12924583936	12327985152	python3*36 pt_gloo_runloop*2 ZMQbg/Reaper*2 ZMQbg/IO/0*2 pt_tcpstore_uv*1 cuda0000240000a*1 
2026-09-25T02:19:46+04:00	ck4n-mirror-1m	3	816925	816714	57	1266688000	1011367936	python3*49 ZMQbg/Reaper*4 ZMQbg/IO/0*4 
2026-09-25T02:19:59+04:00	ck4n-mirror-1m	3	816698	488	2	26669056	6008832	uv*1 main2*1 
2026-09-25T02:19:59+04:00	ck4n-mirror-1m	3	816714	816698	57	1228378112	964337664	ft*51 ZMQbg/Reaper*3 ZMQbg/IO/0*3 
2026-09-25T02:19:59+04:00	ck4n-mirror-1m	3	816923	816714	1	12795904	5943296	python3*1 
2026-09-25T02:19:59+04:00	ck4n-mirror-1m	3	816924	816714	45	12924583936	12327985152	python3*36 pt_gloo_runloop*2 ZMQbg/Reaper*2 ZMQbg/IO/0*2 pt_tcpstore_uv*1 cuda0000240000a*1 
2026-09-25T02:19:59+04:00	ck4n-mirror-1m	3	816925	816714	57	1266688000	1011367936	python3*49 ZMQbg/Reaper*4 ZMQbg/IO/0*4 
2026-09-25T02:20:09+04:00	ck4n-mirror-1m	3	816698	488	2	26669056	6008832	uv*1 main2*1 
2026-09-25T02:20:09+04:00	ck4n-mirror-1m	3	816714	816698	57	1228378112	964337664	ft*51 ZMQbg/Reaper*3 ZMQbg/IO/0*3 
2026-09-25T02:20:09+04:00	ck4n-mirror-1m	3	816923	816714	1	12795904	5943296	python3*1 
2026-09-25T02:20:09+04:00	ck4n-mirror-1m	3	816924	816714	45	12924583936	12327985152	python3*36 pt_gloo_runloop*2 ZMQbg/Reaper*2 ZMQbg/IO/0*2 pt_tcpstore_uv*1 cuda0000240000a*1 
2026-09-25T02:20:09+04:00	ck4n-mirror-1m	3	816925	816714	57	1266688000	1011367936	python3*49 ZMQbg/Reaper*4 ZMQbg/IO/0*4 
2026-09-25T02:20:19+04:00	ck4n-mirror-1m	3	816698	488	2	26669056	6008832	uv*1 main2*1 
2026-09-25T02:20:19+04:00	ck4n-mirror-1m	3	816714	816698	57	1228378112	964337664	ft*51 ZMQbg/Reaper*3 ZMQbg/IO/0*3 
2026-09-25T02:20:19+04:00	ck4n-mirror-1m	3	816923	816714	1	12795904	5943296	python3*1 
2026-09-25T02:20:19+04:00	ck4n-mirror-1m	3	816924	816714	45	12924583936	12327985152	python3*36 pt_gloo_runloop*2 ZMQbg/Reaper*2 ZMQbg/IO/0*2 pt_tcpstore_uv*1 cuda0000240000a*1 
2026-09-25T02:20:19+04:00	ck4n-mirror-1m	3	816925	816714	57	1266688000	1011367936	python3*49 ZMQbg/Reaper*4 ZMQbg/IO/0*4 
2026-09-25T02:20:32+04:00	ck4n-mirror-1m	3	816698	488	2	26669056	6008832	uv*1 main2*1 
2026-09-25T02:20:32+04:00	ck4n-mirror-1m	3	816714	816698	57	1228378112	964337664	ft*51 ZMQbg/Reaper*3 ZMQbg/IO/0*3 
2026-09-25T02:20:32+04:00	ck4n-mirror-1m	3	816923	816714	1	12795904	5943296	python3*1 
2026-09-25T02:20:32+04:00	ck4n-mirror-1m	3	816924	816714	45	12924583936	12327985152	python3*36 pt_gloo_runloop*2 ZMQbg/Reaper*2 ZMQbg/IO/0*2 pt_tcpstore_uv*1 cuda0000240000a*1 
2026-09-25T02:20:32+04:00	ck4n-mirror-1m	3	816925	816714	57	1266688000	1011367936	python3*49 ZMQbg/Reaper*4 ZMQbg/IO/0*4 
2026-09-25T02:20:42+04:00	ck4n-mirror-1m	3	816698	488	2	26669056	6008832	uv*1 main2*1 
2026-09-25T02:20:42+04:00	ck4n-mirror-1m	3	816714	816698	57	1228378112	964337664	ft*51 ZMQbg/Reaper*3 ZMQbg/IO/0*3 
2026-09-25T02:20:42+04:00	ck4n-mirror-1m	3	816923	816714	1	12795904	5943296	python3*1 
2026-09-25T02:20:42+04:00	ck4n-mirror-1m	3	816924	816714	45	12924583936	12327985152	python3*36 pt_gloo_runloop*2 ZMQbg/Reaper*2 ZMQbg/IO/0*2 pt_tcpstore_uv*1 cuda0000240000a*1 
2026-09-25T02:20:42+04:00	ck4n-mirror-1m	3	816925	816714	57	1266688000	1011367936	python3*49 ZMQbg/Reaper*4 ZMQbg/IO/0*4 
2026-09-25T02:20:52+04:00	ck4n-mirror-1m	3	816698	488	2	26669056	6008832	uv*1 main2*1 
2026-09-25T02:20:52+04:00	ck4n-mirror-1m	3	816714	816698	57	1228378112	964337664	ft*51 ZMQbg/Reaper*3 ZMQbg/IO/0*3 
2026-09-25T02:20:52+04:00	ck4n-mirror-1m	3	816923	816714	1	12795904	5943296	python3*1 
2026-09-25T02:20:52+04:00	ck4n-mirror-1m	3	816924	816714	45	12924583936	12327985152	python3*36 pt_gloo_runloop*2 ZMQbg/Reaper*2 ZMQbg/IO/0*2 pt_tcpstore_uv*1 cuda0000240000a*1 
2026-09-25T02:20:52+04:00	ck4n-mirror-1m	3	816925	816714	57	1266688000	1011367936	python3*49 ZMQbg/Reaper*4 ZMQbg/IO/0*4 
2026-09-25T02:21:04+04:00	ck4n-mirror-1m	3	816698	488	2	26669056	6008832	uv*1 main2*1 
2026-09-25T02:21:04+04:00	ck4n-mirror-1m	3	816714	816698	57	1228378112	964337664	ft*51 ZMQbg/Reaper*3 ZMQbg/IO/0*3 
2026-09-25T02:21:04+04:00	ck4n-mirror-1m	3	816923	816714	1	12795904	5943296	python3*1 
2026-09-25T02:21:04+04:00	ck4n-mirror-1m	3	816924	816714	45	12924583936	12327985152	python3*36 pt_gloo_runloop*2 ZMQbg/Reaper*2 ZMQbg/IO/0*2 pt_tcpstore_uv*1 cuda0000240000a*1 
2026-09-25T02:21:04+04:00	ck4n-mirror-1m	3	816925	816714	57	1266688000	1011367936	python3*49 ZMQbg/Reaper*4 ZMQbg/IO/0*4 
2026-09-25T02:21:14+04:00	ck4n-mirror-1m	3	816698	488	2	26669056	6008832	uv*1 main2*1 
2026-09-25T02:21:14+04:00	ck4n-mirror-1m	3	816714	816698	57	1228378112	964337664	ft*51 ZMQbg/Reaper*3 ZMQbg/IO/0*3 
2026-09-25T02:21:15+04:00	ck4n-mirror-1m	3	816923	816714	1	12795904	5943296	python3*1 
2026-09-25T02:21:15+04:00	ck4n-mirror-1m	3	816924	816714	45	12924583936	12327985152	python3*36 pt_gloo_runloop*2 ZMQbg/Reaper*2 ZMQbg/IO/0*2 pt_tcpstore_uv*1 cuda0000240000a*1 
2026-09-25T02:21:15+04:00	ck4n-mirror-1m	3	816925	816714	57	1266688000	1011367936	python3*49 ZMQbg/Reaper*4 ZMQbg/IO/0*4 
2026-09-25T02:21:25+04:00	ck4n-mirror-1m	3	816698	488	2	26669056	6008832	uv*1 main2*1 
2026-09-25T02:21:25+04:00	ck4n-mirror-1m	3	816714	816698	57	1228378112	964337664	ft*51 ZMQbg/Reaper*3 ZMQbg/IO/0*3 
2026-09-25T02:21:25+04:00	ck4n-mirror-1m	3	816923	816714	1	12795904	5943296	python3*1 
2026-09-25T02:21:25+04:00	ck4n-mirror-1m	3	816924	816714	45	12924583936	12327985152	python3*36 pt_gloo_runloop*2 ZMQbg/Reaper*2 ZMQbg/IO/0*2 pt_tcpstore_uv*1 cuda0000240000a*1 
2026-09-25T02:21:25+04:00	ck4n-mirror-1m	3	816925	816714	57	1266688000	1011367936	python3*49 ZMQbg/Reaper*4 ZMQbg/IO/0*4 
2026-09-25T02:21:37+04:00	ck4n-mirror-1m	3	816698	488	2	26669056	6008832	uv*1 main2*1 
2026-09-25T02:21:37+04:00	ck4n-mirror-1m	3	816714	816698	57	1228378112	964337664	ft*51 ZMQbg/Reaper*3 ZMQbg/IO/0*3 
2026-09-25T02:21:37+04:00	ck4n-mirror-1m	3	816923	816714	1	12795904	5943296	python3*1 
2026-09-25T02:21:37+04:00	ck4n-mirror-1m	3	816924	816714	45	12924583936	12327985152	python3*36 pt_gloo_runloop*2 ZMQbg/Reaper*2 ZMQbg/IO/0*2 pt_tcpstore_uv*1 cuda0000240000a*1 
2026-09-25T02:21:37+04:00	ck4n-mirror-1m	3	816925	816714	57	1266688000	1011367936	python3*49 ZMQbg/Reaper*4 ZMQbg/IO/0*4 
2026-09-25T02:21:47+04:00	ck4n-mirror-1m	3	816698	488	2	26669056	6008832	uv*1 main2*1 
2026-09-25T02:21:48+04:00	ck4n-mirror-1m	3	816714	816698	57	1228378112	964337664	ft*51 ZMQbg/Reaper*3 ZMQbg/IO/0*3 
2026-09-25T02:21:48+04:00	ck4n-mirror-1m	3	816923	816714	1	12795904	5943296	python3*1 
2026-09-25T02:21:48+04:00	ck4n-mirror-1m	3	816924	816714	45	12924583936	12327985152	python3*36 pt_gloo_runloop*2 ZMQbg/Reaper*2 ZMQbg/IO/0*2 pt_tcpstore_uv*1 cuda0000240000a*1 
2026-09-25T02:21:48+04:00	ck4n-mirror-1m	3	816925	816714	57	1266688000	1011367936	python3*49 ZMQbg/Reaper*4 ZMQbg/IO/0*4 
2026-09-25T02:21:58+04:00	ck4n-mirror-1m	3	816698	488	2	26669056	6008832	uv*1 main2*1 
2026-09-25T02:21:58+04:00	ck4n-mirror-1m	3	816714	816698	57	1228378112	964337664	ft*51 ZMQbg/Reaper*3 ZMQbg/IO/0*3 
2026-09-25T02:21:58+04:00	ck4n-mirror-1m	3	816923	816714	1	12795904	5943296	python3*1 
2026-09-25T02:21:58+04:00	ck4n-mirror-1m	3	816924	816714	45	12924583936	12327985152	python3*36 pt_gloo_runloop*2 ZMQbg/Reaper*2 ZMQbg/IO/0*2 pt_tcpstore_uv*1 cuda0000240000a*1 
2026-09-25T02:21:58+04:00	ck4n-mirror-1m	3	816925	816714	57	1266688000	1011367936	python3*49 ZMQbg/Reaper*4 ZMQbg/IO/0*4 
2026-09-25T02:22:11+04:00	ck4n-mirror-1m	3	816698	488	2	26669056	6008832	uv*1 main2*1 
2026-09-25T02:22:11+04:00	ck4n-mirror-1m	3	816714	816698	57	1228378112	964337664	ft*51 ZMQbg/Reaper*3 ZMQbg/IO/0*3 
2026-09-25T02:22:11+04:00	ck4n-mirror-1m	3	816923	816714	1	12795904	5943296	python3*1 
2026-09-25T02:22:11+04:00	ck4n-mirror-1m	3	816924	816714	45	12924583936	12327985152	python3*36 pt_gloo_runloop*2 ZMQbg/Reaper*2 ZMQbg/IO/0*2 pt_tcpstore_uv*1 cuda0000240000a*1 
2026-09-25T02:22:11+04:00	ck4n-mirror-1m	3	816925	816714	57	1266688000	1011367936	python3*49 ZMQbg/Reaper*4 ZMQbg/IO/0*4 
2026-09-25T02:22:21+04:00	ck4n-mirror-1m	3	816698	488	2	26669056	6008832	uv*1 main2*1 
2026-09-25T02:22:21+04:00	ck4n-mirror-1m	3	816714	816698	57	1228378112	964337664	ft*51 ZMQbg/Reaper*3 ZMQbg/IO/0*3 
2026-09-25T02:22:21+04:00	ck4n-mirror-1m	3	816923	816714	1	12795904	5943296	python3*1 
2026-09-25T02:22:21+04:00	ck4n-mirror-1m	3	816924	816714	45	12924583936	12327985152	python3*36 pt_gloo_runloop*2 ZMQbg/Reaper*2 ZMQbg/IO/0*2 pt_tcpstore_uv*1 cuda0000240000a*1 
2026-09-25T02:22:21+04:00	ck4n-mirror-1m	3	816925	816714	57	1266688000	1011367936	python3*49 ZMQbg/Reaper*4 ZMQbg/IO/0*4 
2026-09-25T02:22:31+04:00	ck4n-mirror-1m	3	816698	488	2	26669056	6008832	uv*1 main2*1 
2026-09-25T02:22:31+04:00	ck4n-mirror-1m	3	816714	816698	57	1228378112	964337664	ft*51 ZMQbg/Reaper*3 ZMQbg/IO/0*3 
2026-09-25T02:22:31+04:00	ck4n-mirror-1m	3	816923	816714	1	12795904	5943296	python3*1 
2026-09-25T02:22:31+04:00	ck4n-mirror-1m	3	816924	816714	45	12924583936	12327985152	python3*36 pt_gloo_runloop*2 ZMQbg/Reaper*2 ZMQbg/IO/0*2 pt_tcpstore_uv*1 cuda0000240000a*1 
2026-09-25T02:22:31+04:00	ck4n-mirror-1m	3	816925	816714	57	1266688000	1011367936	python3*49 ZMQbg/Reaper*4 ZMQbg/IO/0*4 
2026-09-25T02:22:42+04:00	ck4n-mirror-1m	3	816698	488	2	26669056	6008832	uv*1 main2*1 
2026-09-25T02:22:42+04:00	ck4n-mirror-1m	3	816714	816698	57	1228378112	964337664	ft*51 ZMQbg/Reaper*3 ZMQbg/IO/0*3 
2026-09-25T02:22:42+04:00	ck4n-mirror-1m	3	816923	816714	1	12795904	5943296	python3*1 
2026-09-25T02:22:42+04:00	ck4n-mirror-1m	3	816924	816714	45	12924583936	12327985152	python3*36 pt_gloo_runloop*2 ZMQbg/Reaper*2 ZMQbg/IO/0*2 pt_tcpstore_uv*1 cuda0000240000a*1 
2026-09-25T02:22:42+04:00	ck4n-mirror-1m	3	816925	816714	57	1266688000	1011367936	python3*49 ZMQbg/Reaper*4 ZMQbg/IO/0*4 
2026-09-25T02:22:54+04:00	ck4n-mirror-1m	3	816698	488	2	26669056	6008832	uv*1 main2*1 
2026-09-25T02:22:54+04:00	ck4n-mirror-1m	3	816714	816698	57	1228378112	964337664	ft*51 ZMQbg/Reaper*3 ZMQbg/IO/0*3 
2026-09-25T02:22:54+04:00	ck4n-mirror-1m	3	816923	816714	1	12795904	5943296	python3*1 
2026-09-25T02:22:54+04:00	ck4n-mirror-1m	3	816924	816714	45	12924583936	12327985152	python3*36 pt_gloo_runloop*2 ZMQbg/Reaper*2 ZMQbg/IO/0*2 pt_tcpstore_uv*1 cuda0000240000a*1 
2026-09-25T02:22:55+04:00	ck4n-mirror-1m	3	816925	816714	57	1266688000	1011367936	python3*49 ZMQbg/Reaper*4 ZMQbg/IO/0*4 
2026-09-25T02:23:05+04:00	ck4n-mirror-1m	3	816698	488	2	26669056	6008832	uv*1 main2*1 
2026-09-25T02:23:05+04:00	ck4n-mirror-1m	3	816714	816698	57	1228378112	964337664	ft*51 ZMQbg/Reaper*3 ZMQbg/IO/0*3 
2026-09-25T02:23:05+04:00	ck4n-mirror-1m	3	816923	816714	1	12795904	5943296	python3*1 
2026-09-25T02:23:05+04:00	ck4n-mirror-1m	3	816924	816714	45	12924583936	12327985152	python3*36 pt_gloo_runloop*2 ZMQbg/Reaper*2 ZMQbg/IO/0*2 pt_tcpstore_uv*1 cuda0000240000a*1 
2026-09-25T02:23:05+04:00	ck4n-mirror-1m	3	816925	816714	57	1266688000	1011367936	python3*49 ZMQbg/Reaper*4 ZMQbg/IO/0*4 
2026-09-25T02:23:15+04:00	ck4n-mirror-1m	3	816698	488	2	26669056	6008832	uv*1 main2*1 
2026-09-25T02:23:15+04:00	ck4n-mirror-1m	3	816714	816698	57	1228378112	964337664	ft*51 ZMQbg/Reaper*3 ZMQbg/IO/0*3 
2026-09-25T02:23:15+04:00	ck4n-mirror-1m	3	816923	816714	1	12795904	5943296	python3*1 
2026-09-25T02:23:15+04:00	ck4n-mirror-1m	3	816924	816714	45	12924583936	12327985152	python3*36 pt_gloo_runloop*2 ZMQbg/Reaper*2 ZMQbg/IO/0*2 pt_tcpstore_uv*1 cuda0000240000a*1 
2026-09-25T02:23:15+04:00	ck4n-mirror-1m	3	816925	816714	57	1266688000	1011367936	python3*49 ZMQbg/Reaper*4 ZMQbg/IO/0*4 
2026-09-25T02:23:27+04:00	ck4n-mirror-1m	3	816698	488	2	26669056	6008832	uv*1 main2*1 
2026-09-25T02:23:27+04:00	ck4n-mirror-1m	3	816714	816698	57	1228378112	964337664	ft*51 ZMQbg/Reaper*3 ZMQbg/IO/0*3 
2026-09-25T02:23:27+04:00	ck4n-mirror-1m	3	816923	816714	1	12795904	5943296	python3*1 
2026-09-25T02:23:27+04:00	ck4n-mirror-1m	3	816924	816714	45	12924583936	12327985152	python3*36 pt_gloo_runloop*2 ZMQbg/Reaper*2 ZMQbg/IO/0*2 pt_tcpstore_uv*1 cuda0000240000a*1 
2026-09-25T02:23:28+04:00	ck4n-mirror-1m	3	816925	816714	57	1266688000	1011367936	python3*49 ZMQbg/Reaper*4 ZMQbg/IO/0*4 
2026-09-25T02:23:38+04:00	ck4n-mirror-1m	3	816698	488	2	26669056	6008832	uv*1 main2*1 
2026-09-25T02:23:38+04:00	ck4n-mirror-1m	3	816714	816698	57	1228378112	964337664	ft*51 ZMQbg/Reaper*3 ZMQbg/IO/0*3 
2026-09-25T02:23:38+04:00	ck4n-mirror-1m	3	816923	816714	1	12795904	5943296	python3*1 
2026-09-25T02:23:38+04:00	ck4n-mirror-1m	3	816924	816714	45	12924583936	12327985152	python3*36 pt_gloo_runloop*2 ZMQbg/Reaper*2 ZMQbg/IO/0*2 pt_tcpstore_uv*1 cuda0000240000a*1 
2026-09-25T02:23:38+04:00	ck4n-mirror-1m	3	816925	816714	57	1266688000	1011367936	python3*49 ZMQbg/Reaper*4 ZMQbg/IO/0*4 
2026-09-25T02:23:48+04:00	ck4n-mirror-1m	3	816698	488	2	26669056	6008832	uv*1 main2*1 
2026-09-25T02:23:48+04:00	ck4n-mirror-1m	3	816714	816698	57	1228378112	964337664	ft*51 ZMQbg/Reaper*3 ZMQbg/IO/0*3 
2026-09-25T02:23:48+04:00	ck4n-mirror-1m	3	816923	816714	1	12795904	5943296	python3*1 
2026-09-25T02:23:48+04:00	ck4n-mirror-1m	3	816924	816714	45	12924583936	12327985152	python3*36 pt_gloo_runloop*2 ZMQbg/Reaper*2 ZMQbg/IO/0*2 pt_tcpstore_uv*1 cuda0000240000a*1 
2026-09-25T02:23:48+04:00	ck4n-mirror-1m	3	816925	816714	57	1266688000	1011367936	python3*49 ZMQbg/Reaper*4 ZMQbg/IO/0*4 
2026-09-25T02:24:00+04:00	ck4n-mirror-1m	3	816698	488	2	26669056	6008832	uv*1 main2*1 
2026-09-25T02:24:00+04:00	ck4n-mirror-1m	3	816714	816698	57	1228378112	964337664	ft*51 ZMQbg/Reaper*3 ZMQbg/IO/0*3 
2026-09-25T02:24:00+04:00	ck4n-mirror-1m	3	816923	816714	1	12795904	5943296	python3*1 
2026-09-25T02:24:00+04:00	ck4n-mirror-1m	3	816924	816714	45	12924583936	12327985152	python3*36 pt_gloo_runloop*2 ZMQbg/Reaper*2 ZMQbg/IO/0*2 pt_tcpstore_uv*1 cuda0000240000a*1 
2026-09-25T02:24:01+04:00	ck4n-mirror-1m	3	816925	816714	57	1266688000	1011367936	python3*49 ZMQbg/Reaper*4 ZMQbg/IO/0*4 
2026-09-25T02:24:11+04:00	ck4n-mirror-1m	3	816698	488	2	26669056	6008832	uv*1 main2*1 
2026-09-25T02:24:11+04:00	ck4n-mirror-1m	3	816714	816698	57	1228378112	964337664	ft*51 ZMQbg/Reaper*3 ZMQbg/IO/0*3 
2026-09-25T02:24:11+04:00	ck4n-mirror-1m	3	816923	816714	1	12795904	5943296	python3*1 
2026-09-25T02:24:11+04:00	ck4n-mirror-1m	3	816924	816714	45	12924583936	12327985152	python3*36 pt_gloo_runloop*2 ZMQbg/Reaper*2 ZMQbg/IO/0*2 pt_tcpstore_uv*1 cuda0000240000a*1 
2026-09-25T02:24:11+04:00	ck4n-mirror-1m	3	816925	816714	57	1266688000	1011367936	python3*49 ZMQbg/Reaper*4 ZMQbg/IO/0*4 
2026-09-25T02:24:21+04:00	ck4n-mirror-1m	3	816698	488	2	26669056	6008832	uv*1 main2*1 
2026-09-25T02:24:21+04:00	ck4n-mirror-1m	3	816714	816698	57	1228378112	964337664	ft*51 ZMQbg/Reaper*3 ZMQbg/IO/0*3 
2026-09-25T02:24:21+04:00	ck4n-mirror-1m	3	816923	816714	1	12795904	5943296	python3*1 
2026-09-25T02:24:21+04:00	ck4n-mirror-1m	3	816924	816714	45	12924583936	12327985152	python3*36 pt_gloo_runloop*2 ZMQbg/Reaper*2 ZMQbg/IO/0*2 pt_tcpstore_uv*1 cuda0000240000a*1 
2026-09-25T02:24:21+04:00	ck4n-mirror-1m	3	816925	816714	57	1266688000	1011367936	python3*49 ZMQbg/Reaper*4 ZMQbg/IO/0*4 
2026-09-25T02:24:33+04:00	ck4n-mirror-1m	3	816698	488	2	26669056	6008832	uv*1 main2*1 
2026-09-25T02:24:33+04:00	ck4n-mirror-1m	3	816714	816698	57	1228378112	964337664	ft*51 ZMQbg/Reaper*3 ZMQbg/IO/0*3 
2026-09-25T02:24:33+04:00	ck4n-mirror-1m	3	816923	816714	1	12795904	5943296	python3*1 
2026-09-25T02:24:33+04:00	ck4n-mirror-1m	3	816924	816714	45	12924583936	12327985152	python3*36 pt_gloo_runloop*2 ZMQbg/Reaper*2 ZMQbg/IO/0*2 pt_tcpstore_uv*1 cuda0000240000a*1 
2026-09-25T02:24:34+04:00	ck4n-mirror-1m	3	816925	816714	57	1266688000	1011367936	python3*49 ZMQbg/Reaper*4 ZMQbg/IO/0*4 
2026-09-25T02:24:44+04:00	ck4n-mirror-1m	3	816698	488	2	26669056	6008832	uv*1 main2*1 
2026-09-25T02:24:44+04:00	ck4n-mirror-1m	3	816714	816698	57	1228378112	964337664	ft*51 ZMQbg/Reaper*3 ZMQbg/IO/0*3 
2026-09-25T02:24:44+04:00	ck4n-mirror-1m	3	816923	816714	1	12795904	5943296	python3*1 
2026-09-25T02:24:44+04:00	ck4n-mirror-1m	3	816924	816714	45	12924583936	12327985152	python3*36 pt_gloo_runloop*2 ZMQbg/Reaper*2 ZMQbg/IO/0*2 pt_tcpstore_uv*1 cuda0000240000a*1 
2026-09-25T02:24:44+04:00	ck4n-mirror-1m	3	816925	816714	57	1266688000	1011367936	python3*49 ZMQbg/Reaper*4 ZMQbg/IO/0*4 
2026-09-25T02:24:54+04:00	ck4n-mirror-1m	3	816698	488	2	26669056	6008832	uv*1 main2*1 
2026-09-25T02:24:54+04:00	ck4n-mirror-1m	3	816714	816698	57	1228378112	964337664	ft*51 ZMQbg/Reaper*3 ZMQbg/IO/0*3 
2026-09-25T02:24:54+04:00	ck4n-mirror-1m	3	816923	816714	1	12795904	5943296	python3*1 
2026-09-25T02:24:54+04:00	ck4n-mirror-1m	3	816924	816714	45	12924583936	12327985152	python3*36 pt_gloo_runloop*2 ZMQbg/Reaper*2 ZMQbg/IO/0*2 pt_tcpstore_uv*1 cuda0000240000a*1 
2026-09-25T02:24:54+04:00	ck4n-mirror-1m	3	816925	816714	57	1266688000	1011367936	python3*49 ZMQbg/Reaper*4 ZMQbg/IO/0*4 
2026-09-25T02:25:07+04:00	ck4n-mirror-1m	3	816698	488	2	26669056	6008832	uv*1 main2*1 
2026-09-25T02:25:07+04:00	ck4n-mirror-1m	3	816714	816698	57	1228378112	964337664	ft*51 ZMQbg/Reaper*3 ZMQbg/IO/0*3 
2026-09-25T02:25:07+04:00	ck4n-mirror-1m	3	816923	816714	1	12795904	5943296	python3*1 
2026-09-25T02:25:07+04:00	ck4n-mirror-1m	3	816924	816714	45	12924583936	12327985152	python3*36 pt_gloo_runloop*2 ZMQbg/Reaper*2 ZMQbg/IO/0*2 pt_tcpstore_uv*1 cuda0000240000a*1 
2026-09-25T02:25:07+04:00	ck4n-mirror-1m	3	816925	816714	57	1266688000	1011367936	python3*49 ZMQbg/Reaper*4 ZMQbg/IO/0*4 
2026-09-25T02:25:17+04:00	ck4n-mirror-1m	3	816698	488	2	26669056	6008832	uv*1 main2*1 
2026-09-25T02:25:17+04:00	ck4n-mirror-1m	3	816714	816698	57	1228378112	964337664	ft*51 ZMQbg/Reaper*3 ZMQbg/IO/0*3 
2026-09-25T02:25:17+04:00	ck4n-mirror-1m	3	816923	816714	1	12795904	5943296	python3*1 
2026-09-25T02:25:17+04:00	ck4n-mirror-1m	3	816924	816714	45	12924583936	12327985152	python3*36 pt_gloo_runloop*2 ZMQbg/Reaper*2 ZMQbg/IO/0*2 pt_tcpstore_uv*1 cuda0000240000a*1 
2026-09-25T02:25:17+04:00	ck4n-mirror-1m	3	816925	816714	57	1266688000	1011367936	python3*49 ZMQbg/Reaper*4 ZMQbg/IO/0*4 
2026-09-25T02:25:27+04:00	ck4n-mirror-1m	3	816698	488	2	26669056	6008832	uv*1 main2*1 
2026-09-25T02:25:27+04:00	ck4n-mirror-1m	3	816714	816698	57	1228378112	964337664	ft*51 ZMQbg/Reaper*3 ZMQbg/IO/0*3 
2026-09-25T02:25:27+04:00	ck4n-mirror-1m	3	816923	816714	1	12795904	5943296	python3*1 
2026-09-25T02:25:27+04:00	ck4n-mirror-1m	3	816924	816714	45	12924583936	12327985152	python3*36 pt_gloo_runloop*2 ZMQbg/Reaper*2 ZMQbg/IO/0*2 pt_tcpstore_uv*1 cuda0000240000a*1 
2026-09-25T02:25:27+04:00	ck4n-mirror-1m	3	816925	816714	57	1266688000	1011367936	python3*49 ZMQbg/Reaper*4 ZMQbg/IO/0*4 
2026-09-25T02:25:40+04:00	ck4n-mirror-1m	3	816698	488	2	26669056	6008832	uv*1 main2*1 
2026-09-25T02:25:40+04:00	ck4n-mirror-1m	3	816714	816698	57	1228378112	964337664	ft*51 ZMQbg/Reaper*3 ZMQbg/IO/0*3 
2026-09-25T02:25:40+04:00	ck4n-mirror-1m	3	816923	816714	1	12795904	5943296	python3*1 
2026-09-25T02:25:40+04:00	ck4n-mirror-1m	3	816924	816714	45	12924583936	12327985152	python3*36 pt_gloo_runloop*2 ZMQbg/Reaper*2 ZMQbg/IO/0*2 pt_tcpstore_uv*1 cuda0000240000a*1 
2026-09-25T02:25:40+04:00	ck4n-mirror-1m	3	816925	816714	57	1266688000	1011367936	python3*49 ZMQbg/Reaper*4 ZMQbg/IO/0*4 
2026-09-25T02:25:50+04:00	ck4n-mirror-1m	3	816698	488	2	26669056	6008832	uv*1 main2*1 
2026-09-25T02:25:50+04:00	ck4n-mirror-1m	3	816714	816698	57	1228378112	964337664	ft*51 ZMQbg/Reaper*3 ZMQbg/IO/0*3 
2026-09-25T02:25:50+04:00	ck4n-mirror-1m	3	816923	816714	1	12795904	5943296	python3*1 
2026-09-25T02:25:50+04:00	ck4n-mirror-1m	3	816924	816714	45	12924583936	12327985152	python3*36 pt_gloo_runloop*2 ZMQbg/Reaper*2 ZMQbg/IO/0*2 pt_tcpstore_uv*1 cuda0000240000a*1 
2026-09-25T02:25:50+04:00	ck4n-mirror-1m	3	816925	816714	57	1266688000	1011367936	python3*49 ZMQbg/Reaper*4 ZMQbg/IO/0*4 
2026-09-25T02:26:00+04:00	ck4n-mirror-1m	3	816698	488	2	26669056	6008832	uv*1 main2*1 
2026-09-25T02:26:00+04:00	ck4n-mirror-1m	3	816714	816698	57	1228378112	964337664	ft*51 ZMQbg/Reaper*3 ZMQbg/IO/0*3 
2026-09-25T02:26:00+04:00	ck4n-mirror-1m	3	816923	816714	1	12795904	5943296	python3*1 
2026-09-25T02:26:00+04:00	ck4n-mirror-1m	3	816924	816714	45	12924583936	12327985152	python3*36 pt_gloo_runloop*2 ZMQbg/Reaper*2 ZMQbg/IO/0*2 pt_tcpstore_uv*1 cuda0000240000a*1 
2026-09-25T02:26:00+04:00	ck4n-mirror-1m	3	816925	816714	57	1266688000	1011367936	python3*49 ZMQbg/Reaper*4 ZMQbg/IO/0*4 
2026-09-25T02:26:10+04:00	ck4n-mirror-1m	3	816698	488	2	26669056	6008832	uv*1 main2*1 
2026-09-25T02:26:10+04:00	ck4n-mirror-1m	3	816714	816698	57	1228378112	964337664	ft*51 ZMQbg/Reaper*3 ZMQbg/IO/0*3 
2026-09-25T02:26:10+04:00	ck4n-mirror-1m	3	816923	816714	1	12795904	5943296	python3*1 
2026-09-25T02:26:10+04:00	ck4n-mirror-1m	3	816924	816714	45	12924583936	12327985152	python3*36 pt_gloo_runloop*2 ZMQbg/Reaper*2 ZMQbg/IO/0*2 pt_tcpstore_uv*1 cuda0000240000a*1 
2026-09-25T02:26:11+04:00	ck4n-mirror-1m	3	816925	816714	57	1266688000	1011367936	python3*49 ZMQbg/Reaper*4 ZMQbg/IO/0*4 
2026-09-25T02:26:24+04:00	ck4n-mirror-1m	3	816698	488	2	26669056	6008832	uv*1 main2*1 
2026-09-25T02:26:24+04:00	ck4n-mirror-1m	3	816714	816698	57	1228378112	964337664	ft*51 ZMQbg/Reaper*3 ZMQbg/IO/0*3 
2026-09-25T02:26:24+04:00	ck4n-mirror-1m	3	816923	816714	1	12795904	5943296	python3*1 
2026-09-25T02:26:24+04:00	ck4n-mirror-1m	3	816924	816714	45	12924583936	12327985152	python3*36 pt_gloo_runloop*2 ZMQbg/Reaper*2 ZMQbg/IO/0*2 pt_tcpstore_uv*1 cuda0000240000a*1 
2026-09-25T02:26:24+04:00	ck4n-mirror-1m	3	816925	816714	57	1266688000	1011367936	python3*49 ZMQbg/Reaper*4 ZMQbg/IO/0*4 
2026-09-25T02:26:34+04:00	ck4n-mirror-1m	3	816698	488	2	26669056	6008832	uv*1 main2*1 
2026-09-25T02:26:34+04:00	ck4n-mirror-1m	3	816714	816698	57	1228378112	964337664	ft*51 ZMQbg/Reaper*3 ZMQbg/IO/0*3 
2026-09-25T02:26:34+04:00	ck4n-mirror-1m	3	816923	816714	1	12795904	5943296	python3*1 
2026-09-25T02:26:34+04:00	ck4n-mirror-1m	3	816924	816714	45	12924583936	12327985152	python3*36 pt_gloo_runloop*2 ZMQbg/Reaper*2 ZMQbg/IO/0*2 pt_tcpstore_uv*1 cuda0000240000a*1 
2026-09-25T02:26:34+04:00	ck4n-mirror-1m	3	816925	816714	57	1266688000	1011367936	python3*49 ZMQbg/Reaper*4 ZMQbg/IO/0*4 
2026-09-25T02:26:44+04:00	ck4n-mirror-1m	3	816698	488	2	26669056	6008832	uv*1 main2*1 
2026-09-25T02:26:44+04:00	ck4n-mirror-1m	3	816714	816698	57	1228378112	964337664	ft*51 ZMQbg/Reaper*3 ZMQbg/IO/0*3 
2026-09-25T02:26:44+04:00	ck4n-mirror-1m	3	816923	816714	1	12795904	5943296	python3*1 
2026-09-25T02:26:44+04:00	ck4n-mirror-1m	3	816924	816714	45	12924583936	12327985152	python3*36 pt_gloo_runloop*2 ZMQbg/Reaper*2 ZMQbg/IO/0*2 pt_tcpstore_uv*1 cuda0000240000a*1 
2026-09-25T02:26:44+04:00	ck4n-mirror-1m	3	816925	816714	57	1266688000	1011367936	python3*49 ZMQbg/Reaper*4 ZMQbg/IO/0*4 
2026-09-25T02:26:57+04:00	ck4n-mirror-1m	3	816698	488	2	26669056	6008832	uv*1 main2*1 
2026-09-25T02:26:57+04:00	ck4n-mirror-1m	3	816714	816698	57	1228378112	964337664	ft*51 ZMQbg/Reaper*3 ZMQbg/IO/0*3 
2026-09-25T02:26:57+04:00	ck4n-mirror-1m	3	816923	816714	1	12795904	5943296	python3*1 
2026-09-25T02:26:57+04:00	ck4n-mirror-1m	3	816924	816714	45	12924583936	12327985152	python3*36 pt_gloo_runloop*2 ZMQbg/Reaper*2 ZMQbg/IO/0*2 pt_tcpstore_uv*1 cuda0000240000a*1 
2026-09-25T02:26:57+04:00	ck4n-mirror-1m	3	816925	816714	57	1266688000	1011367936	python3*49 ZMQbg/Reaper*4 ZMQbg/IO/0*4 
2026-09-25T02:27:07+04:00	ck4n-mirror-1m	3	816698	488	2	26669056	6008832	uv*1 main2*1 
2026-09-25T02:27:07+04:00	ck4n-mirror-1m	3	816714	816698	57	1228378112	964337664	ft*51 ZMQbg/Reaper*3 ZMQbg/IO/0*3 
2026-09-25T02:27:07+04:00	ck4n-mirror-1m	3	816923	816714	1	12795904	5943296	python3*1 
2026-09-25T02:27:07+04:00	ck4n-mirror-1m	3	816924	816714	45	12924583936	12327985152	python3*36 pt_gloo_runloop*2 ZMQbg/Reaper*2 ZMQbg/IO/0*2 pt_tcpstore_uv*1 cuda0000240000a*1 
2026-09-25T02:27:08+04:00	ck4n-mirror-1m	3	816925	816714	57	1266688000	1011367936	python3*49 ZMQbg/Reaper*4 ZMQbg/IO/0*4 
2026-09-25T02:27:18+04:00	ck4n-mirror-1m	3	816698	488	2	26669056	6008832	uv*1 main2*1 
2026-09-25T02:27:18+04:00	ck4n-mirror-1m	3	816714	816698	57	1228378112	964337664	ft*51 ZMQbg/Reaper*3 ZMQbg/IO/0*3 
2026-09-25T02:27:18+04:00	ck4n-mirror-1m	3	816923	816714	1	12795904	5943296	python3*1 
2026-09-25T02:27:18+04:00	ck4n-mirror-1m	3	816924	816714	45	12924583936	12327985152	python3*36 pt_gloo_runloop*2 ZMQbg/Reaper*2 ZMQbg/IO/0*2 pt_tcpstore_uv*1 cuda0000240000a*1 
2026-09-25T02:27:18+04:00	ck4n-mirror-1m	3	816925	816714	57	1266688000	1011367936	python3*49 ZMQbg/Reaper*4 ZMQbg/IO/0*4 
2026-09-25T02:27:30+04:00	ck4n-mirror-1m	3	816698	488	2	26669056	6008832	uv*1 main2*1 
2026-09-25T02:27:30+04:00	ck4n-mirror-1m	3	816714	816698	57	1228378112	964337664	ft*51 ZMQbg/Reaper*3 ZMQbg/IO/0*3 
2026-09-25T02:27:30+04:00	ck4n-mirror-1m	3	816923	816714	1	12795904	5943296	python3*1 
2026-09-25T02:27:30+04:00	ck4n-mirror-1m	3	816924	816714	45	12924583936	12327985152	python3*36 pt_gloo_runloop*2 ZMQbg/Reaper*2 ZMQbg/IO/0*2 pt_tcpstore_uv*1 cuda0000240000a*1 
2026-09-25T02:27:30+04:00	ck4n-mirror-1m	3	816925	816714	57	1266688000	1011367936	python3*49 ZMQbg/Reaper*4 ZMQbg/IO/0*4 
2026-09-25T02:27:41+04:00	ck4n-mirror-1m	3	816698	488	2	26669056	6008832	uv*1 main2*1 
2026-09-25T02:27:41+04:00	ck4n-mirror-1m	3	816714	816698	57	1228378112	964337664	ft*51 ZMQbg/Reaper*3 ZMQbg/IO/0*3 
2026-09-25T02:27:41+04:00	ck4n-mirror-1m	3	816923	816714	1	12795904	5943296	python3*1 
2026-09-25T02:27:41+04:00	ck4n-mirror-1m	3	816924	816714	45	12924583936	12327985152	python3*36 pt_gloo_runloop*2 ZMQbg/Reaper*2 ZMQbg/IO/0*2 pt_tcpstore_uv*1 cuda0000240000a*1 
2026-09-25T02:27:41+04:00	ck4n-mirror-1m	3	816925	816714	57	1266688000	1011367936	python3*49 ZMQbg/Reaper*4 ZMQbg/IO/0*4 
2026-09-25T02:27:51+04:00	ck4n-mirror-1m	3	816698	488	2	26669056	6008832	uv*1 main2*1 
2026-09-25T02:27:51+04:00	ck4n-mirror-1m	3	816714	816698	57	1228378112	964337664	ft*51 ZMQbg/Reaper*3 ZMQbg/IO/0*3 
2026-09-25T02:27:51+04:00	ck4n-mirror-1m	3	816923	816714	1	12795904	5943296	python3*1 
2026-09-25T02:27:51+04:00	ck4n-mirror-1m	3	816924	816714	45	12924583936	12327985152	python3*36 pt_gloo_runloop*2 ZMQbg/Reaper*2 ZMQbg/IO/0*2 pt_tcpstore_uv*1 cuda0000240000a*1 
2026-09-25T02:27:51+04:00	ck4n-mirror-1m	3	816925	816714	57	1266688000	1011367936	python3*49 ZMQbg/Reaper*4 ZMQbg/IO/0*4 
2026-09-25T02:28:04+04:00	ck4n-mirror-1m	3	816698	488	2	26669056	6008832	uv*1 main2*1 
2026-09-25T02:28:04+04:00	ck4n-mirror-1m	3	816714	816698	57	1228378112	964337664	ft*51 ZMQbg/Reaper*3 ZMQbg/IO/0*3 
2026-09-25T02:28:04+04:00	ck4n-mirror-1m	3	816923	816714	1	12795904	5943296	python3*1 
2026-09-25T02:28:04+04:00	ck4n-mirror-1m	3	816924	816714	45	12924583936	12327985152	python3*36 pt_gloo_runloop*2 ZMQbg/Reaper*2 ZMQbg/IO/0*2 pt_tcpstore_uv*1 cuda0000240000a*1 
2026-09-25T02:28:04+04:00	ck4n-mirror-1m	3	816925	816714	57	1266688000	1011367936	python3*49 ZMQbg/Reaper*4 ZMQbg/IO/0*4 
2026-09-25T02:28:14+04:00	ck4n-mirror-1m	3	816698	488	2	26669056	6008832	uv*1 main2*1 
2026-09-25T02:28:14+04:00	ck4n-mirror-1m	3	816714	816698	57	1228378112	964337664	ft*51 ZMQbg/Reaper*3 ZMQbg/IO/0*3 
2026-09-25T02:28:14+04:00	ck4n-mirror-1m	3	816923	816714	1	12795904	5943296	python3*1 
2026-09-25T02:28:14+04:00	ck4n-mirror-1m	3	816924	816714	45	12924583936	12327985152	python3*36 pt_gloo_runloop*2 ZMQbg/Reaper*2 ZMQbg/IO/0*2 pt_tcpstore_uv*1 cuda0000240000a*1 
2026-09-25T02:28:15+04:00	ck4n-mirror-1m	3	816925	816714	57	1266688000	1011367936	python3*49 ZMQbg/Reaper*4 ZMQbg/IO/0*4 
2026-09-25T02:28:25+04:00	ck4n-mirror-1m	3	816698	488	2	26669056	6008832	uv*1 main2*1 
2026-09-25T02:28:25+04:00	ck4n-mirror-1m	3	816714	816698	57	1228378112	964337664	ft*51 ZMQbg/Reaper*3 ZMQbg/IO/0*3 
2026-09-25T02:28:25+04:00	ck4n-mirror-1m	3	816923	816714	1	12795904	5943296	python3*1 
2026-09-25T02:28:25+04:00	ck4n-mirror-1m	3	816924	816714	45	12924583936	12327985152	python3*36 pt_gloo_runloop*2 ZMQbg/Reaper*2 ZMQbg/IO/0*2 pt_tcpstore_uv*1 cuda0000240000a*1 
2026-09-25T02:28:25+04:00	ck4n-mirror-1m	3	816925	816714	57	1266688000	1011367936	python3*49 ZMQbg/Reaper*4 ZMQbg/IO/0*4 
2026-09-25T02:28:37+04:00	ck4n-mirror-1m	3	816698	488	2	26669056	6008832	uv*1 main2*1 
2026-09-25T02:28:37+04:00	ck4n-mirror-1m	3	816714	816698	57	1228378112	964337664	ft*51 ZMQbg/Reaper*3 ZMQbg/IO/0*3 
2026-09-25T02:28:37+04:00	ck4n-mirror-1m	3	816923	816714	1	12795904	5943296	python3*1 
2026-09-25T02:28:37+04:00	ck4n-mirror-1m	3	816924	816714	45	12924583936	12327985152	python3*36 pt_gloo_runloop*2 ZMQbg/Reaper*2 ZMQbg/IO/0*2 pt_tcpstore_uv*1 cuda0000240000a*1 
2026-09-25T02:28:37+04:00	ck4n-mirror-1m	3	816925	816714	57	1266688000	1011367936	python3*49 ZMQbg/Reaper*4 ZMQbg/IO/0*4 
2026-09-25T02:28:47+04:00	ck4n-mirror-1m	3	816698	488	2	26669056	6008832	uv*1 main2*1 
2026-09-25T02:28:47+04:00	ck4n-mirror-1m	3	816714	816698	57	1228378112	964337664	ft*51 ZMQbg/Reaper*3 ZMQbg/IO/0*3 
2026-09-25T02:28:47+04:00	ck4n-mirror-1m	3	816923	816714	1	12795904	5943296	python3*1 
2026-09-25T02:28:47+04:00	ck4n-mirror-1m	3	816924	816714	45	12924583936	12327985152	python3*36 pt_gloo_runloop*2 ZMQbg/Reaper*2 ZMQbg/IO/0*2 pt_tcpstore_uv*1 cuda0000240000a*1 
2026-09-25T02:28:47+04:00	ck4n-mirror-1m	3	816925	816714	57	1266688000	1011367936	python3*49 ZMQbg/Reaper*4 ZMQbg/IO/0*4 
2026-09-25T02:28:57+04:00	ck4n-mirror-1m	3	816698	488	2	26669056	6008832	uv*1 main2*1 
2026-09-25T02:28:57+04:00	ck4n-mirror-1m	3	816714	816698	57	1228378112	964337664	ft*51 ZMQbg/Reaper*3 ZMQbg/IO/0*3 
2026-09-25T02:28:57+04:00	ck4n-mirror-1m	3	816923	816714	1	12795904	5943296	python3*1 
2026-09-25T02:28:57+04:00	ck4n-mirror-1m	3	816924	816714	45	12924583936	12327985152	python3*36 pt_gloo_runloop*2 ZMQbg/Reaper*2 ZMQbg/IO/0*2 pt_tcpstore_uv*1 cuda0000240000a*1 
2026-09-25T02:28:57+04:00	ck4n-mirror-1m	3	816925	816714	57	1266688000	1011367936	python3*49 ZMQbg/Reaper*4 ZMQbg/IO/0*4 
2026-09-25T02:29:11+04:00	ck4n-mirror-1m	3	816698	488	2	26669056	6008832	uv*1 main2*1 
2026-09-25T02:29:11+04:00	ck4n-mirror-1m	3	816714	816698	57	1228378112	964337664	ft*51 ZMQbg/Reaper*3 ZMQbg/IO/0*3 
2026-09-25T02:29:11+04:00	ck4n-mirror-1m	3	816923	816714	1	12795904	5943296	python3*1 
2026-09-25T02:29:11+04:00	ck4n-mirror-1m	3	816924	816714	45	12924583936	12327985152	python3*36 pt_gloo_runloop*2 ZMQbg/Reaper*2 ZMQbg/IO/0*2 pt_tcpstore_uv*1 cuda0000240000a*1 
2026-09-25T02:29:11+04:00	ck4n-mirror-1m	3	816925	816714	57	1266688000	1011367936	python3*49 ZMQbg/Reaper*4 ZMQbg/IO/0*4 
2026-09-25T02:29:21+04:00	ck4n-mirror-1m	3	816698	488	2	26669056	6008832	uv*1 main2*1 
2026-09-25T02:29:21+04:00	ck4n-mirror-1m	3	816714	816698	57	1228378112	964337664	ft*51 ZMQbg/Reaper*3 ZMQbg/IO/0*3 
2026-09-25T02:29:21+04:00	ck4n-mirror-1m	3	816923	816714	1	12795904	5943296	python3*1 
2026-09-25T02:29:21+04:00	ck4n-mirror-1m	3	816924	816714	45	12924583936	12327985152	python3*36 pt_gloo_runloop*2 ZMQbg/Reaper*2 ZMQbg/IO/0*2 pt_tcpstore_uv*1 cuda0000240000a*1 
2026-09-25T02:29:21+04:00	ck4n-mirror-1m	3	816925	816714	57	1266688000	1011367936	python3*49 ZMQbg/Reaper*4 ZMQbg/IO/0*4 
2026-09-25T02:29:31+04:00	ck4n-mirror-1m	3	816698	488	2	26669056	6008832	uv*1 main2*1 
2026-09-25T02:29:31+04:00	ck4n-mirror-1m	3	816714	816698	57	1228378112	964337664	ft*51 ZMQbg/Reaper*3 ZMQbg/IO/0*3 
2026-09-25T02:29:32+04:00	ck4n-mirror-1m	3	816923	816714	1	12795904	5943296	python3*1 
2026-09-25T02:29:32+04:00	ck4n-mirror-1m	3	816924	816714	45	12924583936	12327985152	python3*36 pt_gloo_runloop*2 ZMQbg/Reaper*2 ZMQbg/IO/0*2 pt_tcpstore_uv*1 cuda0000240000a*1 
2026-09-25T02:29:32+04:00	ck4n-mirror-1m	3	816925	816714	57	1266688000	1011367936	python3*49 ZMQbg/Reaper*4 ZMQbg/IO/0*4 
2026-09-25T02:29:44+04:00	ck4n-mirror-1m	3	816698	488	2	26669056	6008832	uv*1 main2*1 
2026-09-25T02:29:44+04:00	ck4n-mirror-1m	3	816714	816698	57	1228378112	964337664	ft*51 ZMQbg/Reaper*3 ZMQbg/IO/0*3 
2026-09-25T02:29:44+04:00	ck4n-mirror-1m	3	816923	816714	1	12795904	5943296	python3*1 
2026-09-25T02:29:44+04:00	ck4n-mirror-1m	3	816924	816714	45	12924583936	12327985152	python3*36 pt_gloo_runloop*2 ZMQbg/Reaper*2 ZMQbg/IO/0*2 pt_tcpstore_uv*1 cuda0000240000a*1 
2026-09-25T02:29:44+04:00	ck4n-mirror-1m	3	816925	816714	57	1266688000	1011367936	python3*49 ZMQbg/Reaper*4 ZMQbg/IO/0*4 
2026-09-25T02:29:54+04:00	ck4n-mirror-1m	3	816698	488	2	26669056	6008832	uv*1 main2*1 
2026-09-25T02:29:54+04:00	ck4n-mirror-1m	3	816714	816698	57	1228378112	964337664	ft*51 ZMQbg/Reaper*3 ZMQbg/IO/0*3 
2026-09-25T02:29:54+04:00	ck4n-mirror-1m	3	816923	816714	1	12795904	5943296	python3*1 
2026-09-25T02:29:54+04:00	ck4n-mirror-1m	3	816924	816714	45	12924583936	12327985152	python3*36 pt_gloo_runloop*2 ZMQbg/Reaper*2 ZMQbg/IO/0*2 pt_tcpstore_uv*1 cuda0000240000a*1 
2026-09-25T02:29:54+04:00	ck4n-mirror-1m	3	816925	816714	57	1266688000	1011367936	python3*49 ZMQbg/Reaper*4 ZMQbg/IO/0*4 
2026-09-25T02:30:04+04:00	ck4n-mirror-1m	3	816698	488	2	26669056	6008832	uv*1 main2*1 
2026-09-25T02:30:04+04:00	ck4n-mirror-1m	3	816714	816698	57	1228378112	964337664	ft*51 ZMQbg/Reaper*3 ZMQbg/IO/0*3 
2026-09-25T02:30:05+04:00	ck4n-mirror-1m	3	816923	816714	1	12795904	5943296	python3*1 
2026-09-25T02:30:05+04:00	ck4n-mirror-1m	3	816924	816714	45	12924583936	12327985152	python3*36 pt_gloo_runloop*2 ZMQbg/Reaper*2 ZMQbg/IO/0*2 pt_tcpstore_uv*1 cuda0000240000a*1 
2026-09-25T02:30:05+04:00	ck4n-mirror-1m	3	816925	816714	57	1266688000	1011367936	python3*49 ZMQbg/Reaper*4 ZMQbg/IO/0*4 
2026-09-25T02:30:15+04:00	ck4n-mirror-1m	3	816698	488	2	26669056	6008832	uv*1 main2*1 
2026-09-25T02:30:15+04:00	ck4n-mirror-1m	3	816714	816698	57	1228378112	964337664	ft*51 ZMQbg/Reaper*3 ZMQbg/IO/0*3 
2026-09-25T02:30:15+04:00	ck4n-mirror-1m	3	816923	816714	1	12795904	5943296	python3*1 
2026-09-25T02:30:15+04:00	ck4n-mirror-1m	3	816924	816714	45	12924583936	12327985152	python3*36 pt_gloo_runloop*2 ZMQbg/Reaper*2 ZMQbg/IO/0*2 pt_tcpstore_uv*1 cuda0000240000a*1 
2026-09-25T02:30:15+04:00	ck4n-mirror-1m	3	816925	816714	57	1266688000	1011367936	python3*49 ZMQbg/Reaper*4 ZMQbg/IO/0*4 
2026-09-25T02:30:28+04:00	ck4n-mirror-1m	3	816698	488	2	26669056	6008832	uv*1 main2*1 
2026-09-25T02:30:28+04:00	ck4n-mirror-1m	3	816714	816698	57	1228378112	964337664	ft*51 ZMQbg/Reaper*3 ZMQbg/IO/0*3 
2026-09-25T02:30:28+04:00	ck4n-mirror-1m	3	816923	816714	1	12795904	5943296	python3*1 
2026-09-25T02:30:28+04:00	ck4n-mirror-1m	3	816924	816714	45	12924583936	12327985152	python3*36 pt_gloo_runloop*2 ZMQbg/Reaper*2 ZMQbg/IO/0*2 pt_tcpstore_uv*1 cuda0000240000a*1 
2026-09-25T02:30:29+04:00	ck4n-mirror-1m	3	816925	816714	57	1266688000	1011367936	python3*49 ZMQbg/Reaper*4 ZMQbg/IO/0*4 
2026-09-25T02:30:39+04:00	ck4n-mirror-1m	3	816698	488	2	26669056	6008832	uv*1 main2*1 
2026-09-25T02:30:39+04:00	ck4n-mirror-1m	3	816714	816698	57	1228378112	964337664	ft*51 ZMQbg/Reaper*3 ZMQbg/IO/0*3 
2026-09-25T02:30:39+04:00	ck4n-mirror-1m	3	816923	816714	1	12795904	5943296	python3*1 
2026-09-25T02:30:39+04:00	ck4n-mirror-1m	3	816924	816714	45	12924583936	12327985152	python3*36 pt_gloo_runloop*2 ZMQbg/Reaper*2 ZMQbg/IO/0*2 pt_tcpstore_uv*1 cuda0000240000a*1 
2026-09-25T02:30:39+04:00	ck4n-mirror-1m	3	816925	816714	57	1266688000	1011367936	python3*49 ZMQbg/Reaper*4 ZMQbg/IO/0*4 
2026-09-25T02:30:49+04:00	ck4n-mirror-1m	3	816698	488	2	26669056	6008832	uv*1 main2*1 
2026-09-25T02:30:49+04:00	ck4n-mirror-1m	3	816714	816698	57	1228378112	964337664	ft*51 ZMQbg/Reaper*3 ZMQbg/IO/0*3 
2026-09-25T02:30:49+04:00	ck4n-mirror-1m	3	816923	816714	1	12795904	5943296	python3*1 
2026-09-25T02:30:49+04:00	ck4n-mirror-1m	3	816924	816714	45	12924583936	12327985152	python3*36 pt_gloo_runloop*2 ZMQbg/Reaper*2 ZMQbg/IO/0*2 pt_tcpstore_uv*1 cuda0000240000a*1 
2026-09-25T02:30:49+04:00	ck4n-mirror-1m	3	816925	816714	57	1266688000	1011367936	python3*49 ZMQbg/Reaper*4 ZMQbg/IO/0*4 
2026-09-25T02:31:02+04:00	ck4n-mirror-1m	4	816698	488	2	26669056	6008832	uv*1 main2*1 
2026-09-25T02:31:02+04:00	ck4n-mirror-1m	4	816714	816698	57	1228382208	964341760	ft*51 ZMQbg/Reaper*3 ZMQbg/IO/0*3 
2026-09-25T02:31:02+04:00	ck4n-mirror-1m	4	816923	816714	1	12795904	5943296	python3*1 
2026-09-25T02:31:02+04:00	ck4n-mirror-1m	4	816924	816714	45	12924641280	12328042496	python3*36 pt_gloo_runloop*2 ZMQbg/Reaper*2 ZMQbg/IO/0*2 pt_tcpstore_uv*1 cuda0000240000a*1 
2026-09-25T02:31:02+04:00	ck4n-mirror-1m	4	816925	816714	57	900317184	644997120	python3*49 ZMQbg/Reaper*4 ZMQbg/IO/0*4 
2026-09-25T02:31:12+04:00	ck4n-mirror-1m	4	816698	488	2	26669056	6008832	uv*1 main2*1 
2026-09-25T02:31:12+04:00	ck4n-mirror-1m	4	816714	816698	57	1228390400	964349952	ft*51 ZMQbg/Reaper*3 ZMQbg/IO/0*3 
2026-09-25T02:31:12+04:00	ck4n-mirror-1m	4	816923	816714	1	12795904	5943296	python3*1 
2026-09-25T02:31:12+04:00	ck4n-mirror-1m	4	816924	816714	45	12924641280	12328042496	python3*36 pt_gloo_runloop*2 ZMQbg/Reaper*2 ZMQbg/IO/0*2 pt_tcpstore_uv*1 cuda0000240000a*1 
2026-09-25T02:31:13+04:00	ck4n-mirror-1m	4	816925	816714	57	900317184	644997120	python3*49 ZMQbg/Reaper*4 ZMQbg/IO/0*4 
2026-09-25T02:31:23+04:00	ck4n-mirror-1m	4	816698	488	2	26669056	6008832	uv*1 main2*1 
2026-09-25T02:31:23+04:00	ck4n-mirror-1m	4	816714	816698	57	1228394496	964354048	ft*51 ZMQbg/Reaper*3 ZMQbg/IO/0*3 
2026-09-25T02:31:23+04:00	ck4n-mirror-1m	4	816923	816714	1	12795904	5943296	python3*1 
2026-09-25T02:31:23+04:00	ck4n-mirror-1m	4	816924	816714	45	12924641280	12328042496	python3*36 pt_gloo_runloop*2 ZMQbg/Reaper*2 ZMQbg/IO/0*2 pt_tcpstore_uv*1 cuda0000240000a*1 
2026-09-25T02:31:23+04:00	ck4n-mirror-1m	4	816925	816714	57	900317184	644997120	python3*49 ZMQbg/Reaper*4 ZMQbg/IO/0*4 
2026-09-25T02:31:36+04:00	ck4n-mirror-1m	4	816698	488	2	26669056	6008832	uv*1 main2*1 
2026-09-25T02:31:36+04:00	ck4n-mirror-1m	4	816714	816698	57	1228394496	964354048	ft*51 ZMQbg/Reaper*3 ZMQbg/IO/0*3 
2026-09-25T02:31:36+04:00	ck4n-mirror-1m	4	816923	816714	1	12795904	5943296	python3*1 
2026-09-25T02:31:36+04:00	ck4n-mirror-1m	4	816924	816714	45	12924641280	12328042496	python3*36 pt_gloo_runloop*2 ZMQbg/Reaper*2 ZMQbg/IO/0*2 pt_tcpstore_uv*1 cuda0000240000a*1 
2026-09-25T02:31:36+04:00	ck4n-mirror-1m	4	816925	816714	57	900317184	644997120	python3*49 ZMQbg/Reaper*4 ZMQbg/IO/0*4 
2026-09-25T02:31:46+04:00	ck4n-mirror-1m	4	816698	488	2	26669056	6008832	uv*1 main2*1 
2026-09-25T02:31:46+04:00	ck4n-mirror-1m	4	816714	816698	57	1228394496	964354048	ft*51 ZMQbg/Reaper*3 ZMQbg/IO/0*3 
2026-09-25T02:31:46+04:00	ck4n-mirror-1m	4	816923	816714	1	12795904	5943296	python3*1 
2026-09-25T02:31:46+04:00	ck4n-mirror-1m	4	816924	816714	45	12924641280	12328042496	python3*36 pt_gloo_runloop*2 ZMQbg/Reaper*2 ZMQbg/IO/0*2 pt_tcpstore_uv*1 cuda0000240000a*1 
2026-09-25T02:31:46+04:00	ck4n-mirror-1m	4	816925	816714	57	900317184	644997120	python3*49 ZMQbg/Reaper*4 ZMQbg/IO/0*4 
2026-09-25T02:31:56+04:00	ck4n-mirror-1m	4	816698	488	2	26669056	6008832	uv*1 main2*1 
2026-09-25T02:31:56+04:00	ck4n-mirror-1m	4	816714	816698	57	1228394496	964354048	ft*51 ZMQbg/Reaper*3 ZMQbg/IO/0*3 
2026-09-25T02:31:56+04:00	ck4n-mirror-1m	4	816923	816714	1	12795904	5943296	python3*1 
2026-09-25T02:31:56+04:00	ck4n-mirror-1m	4	816924	816714	45	12924641280	12328042496	python3*36 pt_gloo_runloop*2 ZMQbg/Reaper*2 ZMQbg/IO/0*2 pt_tcpstore_uv*1 cuda0000240000a*1 
2026-09-25T02:31:57+04:00	ck4n-mirror-1m	4	816925	816714	57	900317184	644997120	python3*49 ZMQbg/Reaper*4 ZMQbg/IO/0*4 
2026-09-25T02:32:10+04:00	ck4n-mirror-1m	4	816698	488	2	26669056	6008832	uv*1 main2*1 
2026-09-25T02:32:10+04:00	ck4n-mirror-1m	4	816714	816698	57	1228394496	964354048	ft*51 ZMQbg/Reaper*3 ZMQbg/IO/0*3 
2026-09-25T02:32:10+04:00	ck4n-mirror-1m	4	816923	816714	1	12795904	5943296	python3*1 
2026-09-25T02:32:10+04:00	ck4n-mirror-1m	4	816924	816714	45	12924641280	12328042496	python3*36 pt_gloo_runloop*2 ZMQbg/Reaper*2 ZMQbg/IO/0*2 pt_tcpstore_uv*1 cuda0000240000a*1 
2026-09-25T02:32:10+04:00	ck4n-mirror-1m	4	816925	816714	57	900317184	644997120	python3*49 ZMQbg/Reaper*4 ZMQbg/IO/0*4 
2026-09-25T02:32:20+04:00	ck4n-mirror-1m	4	816698	488	2	26669056	6008832	uv*1 main2*1 
2026-09-25T02:32:20+04:00	ck4n-mirror-1m	4	816714	816698	57	1228394496	964354048	ft*51 ZMQbg/Reaper*3 ZMQbg/IO/0*3 
2026-09-25T02:32:20+04:00	ck4n-mirror-1m	4	816923	816714	1	12795904	5943296	python3*1 
2026-09-25T02:32:20+04:00	ck4n-mirror-1m	4	816924	816714	45	12924641280	12328042496	python3*36 pt_gloo_runloop*2 ZMQbg/Reaper*2 ZMQbg/IO/0*2 pt_tcpstore_uv*1 cuda0000240000a*1 
2026-09-25T02:32:20+04:00	ck4n-mirror-1m	4	816925	816714	57	900317184	644997120	python3*49 ZMQbg/Reaper*4 ZMQbg/IO/0*4 
2026-09-25T02:32:30+04:00	ck4n-mirror-1m	4	816698	488	2	26669056	6008832	uv*1 main2*1 
2026-09-25T02:32:30+04:00	ck4n-mirror-1m	4	816714	816698	57	1228394496	964354048	ft*51 ZMQbg/Reaper*3 ZMQbg/IO/0*3 
2026-09-25T02:32:30+04:00	ck4n-mirror-1m	4	816923	816714	1	12795904	5943296	python3*1 
2026-09-25T02:32:30+04:00	ck4n-mirror-1m	4	816924	816714	45	12924641280	12328042496	python3*36 pt_gloo_runloop*2 ZMQbg/Reaper*2 ZMQbg/IO/0*2 pt_tcpstore_uv*1 cuda0000240000a*1 
2026-09-25T02:32:30+04:00	ck4n-mirror-1m	4	816925	816714	57	900317184	644997120	python3*49 ZMQbg/Reaper*4 ZMQbg/IO/0*4 
2026-09-25T02:32:43+04:00	ck4n-mirror-1m	4	816698	488	2	26669056	6008832	uv*1 main2*1 
2026-09-25T02:32:44+04:00	ck4n-mirror-1m	4	816714	816698	57	1228394496	964354048	ft*51 ZMQbg/Reaper*3 ZMQbg/IO/0*3 
2026-09-25T02:32:44+04:00	ck4n-mirror-1m	4	816923	816714	1	12795904	5943296	python3*1 
2026-09-25T02:32:44+04:00	ck4n-mirror-1m	4	816924	816714	45	12924641280	12328042496	python3*36 pt_gloo_runloop*2 ZMQbg/Reaper*2 ZMQbg/IO/0*2 pt_tcpstore_uv*1 cuda0000240000a*1 
2026-09-25T02:32:44+04:00	ck4n-mirror-1m	4	816925	816714	57	900317184	644997120	python3*49 ZMQbg/Reaper*4 ZMQbg/IO/0*4 
2026-09-25T02:32:54+04:00	ck4n-mirror-1m	4	816698	488	2	26669056	6008832	uv*1 main2*1 
2026-09-25T02:32:54+04:00	ck4n-mirror-1m	4	816714	816698	57	1228394496	964354048	ft*51 ZMQbg/Reaper*3 ZMQbg/IO/0*3 
2026-09-25T02:32:54+04:00	ck4n-mirror-1m	4	816923	816714	1	12795904	5943296	python3*1 
2026-09-25T02:32:54+04:00	ck4n-mirror-1m	4	816924	816714	45	12924641280	12328042496	python3*36 pt_gloo_runloop*2 ZMQbg/Reaper*2 ZMQbg/IO/0*2 pt_tcpstore_uv*1 cuda0000240000a*1 
2026-09-25T02:32:54+04:00	ck4n-mirror-1m	4	816925	816714	57	900317184	644997120	python3*49 ZMQbg/Reaper*4 ZMQbg/IO/0*4 
2026-09-25T02:33:04+04:00	ck4n-mirror-1m	4	816698	488	2	26669056	6008832	uv*1 main2*1 
2026-09-25T02:33:04+04:00	ck4n-mirror-1m	4	816714	816698	57	1228394496	964354048	ft*51 ZMQbg/Reaper*3 ZMQbg/IO/0*3 
2026-09-25T02:33:04+04:00	ck4n-mirror-1m	4	816923	816714	1	12795904	5943296	python3*1 
2026-09-25T02:33:04+04:00	ck4n-mirror-1m	4	816924	816714	45	12924641280	12328042496	python3*36 pt_gloo_runloop*2 ZMQbg/Reaper*2 ZMQbg/IO/0*2 pt_tcpstore_uv*1 cuda0000240000a*1 
2026-09-25T02:33:04+04:00	ck4n-mirror-1m	4	816925	816714	57	900317184	644997120	python3*49 ZMQbg/Reaper*4 ZMQbg/IO/0*4 
2026-09-25T02:33:17+04:00	ck4n-mirror-1m	4	816698	488	2	26669056	6008832	uv*1 main2*1 
2026-09-25T02:33:17+04:00	ck4n-mirror-1m	4	816714	816698	57	1228394496	964354048	ft*51 ZMQbg/Reaper*3 ZMQbg/IO/0*3 
2026-09-25T02:33:17+04:00	ck4n-mirror-1m	4	816923	816714	1	12795904	5943296	python3*1 
2026-09-25T02:33:17+04:00	ck4n-mirror-1m	4	816924	816714	45	12924641280	12328042496	python3*36 pt_gloo_runloop*2 ZMQbg/Reaper*2 ZMQbg/IO/0*2 pt_tcpstore_uv*1 cuda0000240000a*1 
2026-09-25T02:33:17+04:00	ck4n-mirror-1m	4	816925	816714	57	900317184	644997120	python3*49 ZMQbg/Reaper*4 ZMQbg/IO/0*4 
2026-09-25T02:33:27+04:00	ck4n-mirror-1m	4	816698	488	2	26669056	6008832	uv*1 main2*1 
2026-09-25T02:33:27+04:00	ck4n-mirror-1m	4	816714	816698	57	1228394496	964354048	ft*51 ZMQbg/Reaper*3 ZMQbg/IO/0*3 
2026-09-25T02:33:28+04:00	ck4n-mirror-1m	4	816923	816714	1	12795904	5943296	python3*1 
2026-09-25T02:33:28+04:00	ck4n-mirror-1m	4	816924	816714	45	12924641280	12328042496	python3*36 pt_gloo_runloop*2 ZMQbg/Reaper*2 ZMQbg/IO/0*2 pt_tcpstore_uv*1 cuda0000240000a*1 
2026-09-25T02:33:28+04:00	ck4n-mirror-1m	4	816925	816714	57	900317184	644997120	python3*49 ZMQbg/Reaper*4 ZMQbg/IO/0*4 
2026-09-25T02:33:38+04:00	ck4n-mirror-1m	4	816698	488	2	26669056	6008832	uv*1 main2*1 
2026-09-25T02:33:38+04:00	ck4n-mirror-1m	4	816714	816698	57	1228394496	964354048	ft*51 ZMQbg/Reaper*3 ZMQbg/IO/0*3 
2026-09-25T02:33:38+04:00	ck4n-mirror-1m	4	816923	816714	1	12795904	5943296	python3*1 
2026-09-25T02:33:38+04:00	ck4n-mirror-1m	4	816924	816714	45	12924641280	12328042496	python3*36 pt_gloo_runloop*2 ZMQbg/Reaper*2 ZMQbg/IO/0*2 pt_tcpstore_uv*1 cuda0000240000a*1 
2026-09-25T02:33:38+04:00	ck4n-mirror-1m	4	816925	816714	57	900317184	644997120	python3*49 ZMQbg/Reaper*4 ZMQbg/IO/0*4 
2026-09-25T02:33:48+04:00	ck4n-mirror-1m	4	816698	488	2	26669056	6008832	uv*1 main2*1 
2026-09-25T02:33:48+04:00	ck4n-mirror-1m	4	816714	816698	57	1228394496	964354048	ft*51 ZMQbg/Reaper*3 ZMQbg/IO/0*3 
2026-09-25T02:33:48+04:00	ck4n-mirror-1m	4	816923	816714	1	12795904	5943296	python3*1 
2026-09-25T02:33:48+04:00	ck4n-mirror-1m	4	816924	816714	45	12924641280	12328042496	python3*36 pt_gloo_runloop*2 ZMQbg/Reaper*2 ZMQbg/IO/0*2 pt_tcpstore_uv*1 cuda0000240000a*1 
2026-09-25T02:33:48+04:00	ck4n-mirror-1m	4	816925	816714	57	900317184	644997120	python3*49 ZMQbg/Reaper*4 ZMQbg/IO/0*4 
2026-09-25T02:34:01+04:00	ck4n-mirror-1m	4	816698	488	2	26669056	6008832	uv*1 main2*1 
2026-09-25T02:34:01+04:00	ck4n-mirror-1m	4	816714	816698	57	1228394496	964354048	ft*51 ZMQbg/Reaper*3 ZMQbg/IO/0*3 
2026-09-25T02:34:01+04:00	ck4n-mirror-1m	4	816923	816714	1	12795904	5943296	python3*1 
2026-09-25T02:34:01+04:00	ck4n-mirror-1m	4	816924	816714	45	12924641280	12328042496	python3*36 pt_gloo_runloop*2 ZMQbg/Reaper*2 ZMQbg/IO/0*2 pt_tcpstore_uv*1 cuda0000240000a*1 
2026-09-25T02:34:01+04:00	ck4n-mirror-1m	4	816925	816714	57	900317184	644997120	python3*49 ZMQbg/Reaper*4 ZMQbg/IO/0*4 
2026-09-25T02:34:11+04:00	ck4n-mirror-1m	4	816698	488	2	26669056	6008832	uv*1 main2*1 
2026-09-25T02:34:11+04:00	ck4n-mirror-1m	4	816714	816698	57	1228394496	964354048	ft*51 ZMQbg/Reaper*3 ZMQbg/IO/0*3 
2026-09-25T02:34:11+04:00	ck4n-mirror-1m	4	816923	816714	1	12795904	5943296	python3*1 
2026-09-25T02:34:11+04:00	ck4n-mirror-1m	4	816924	816714	45	12924641280	12328042496	python3*36 pt_gloo_runloop*2 ZMQbg/Reaper*2 ZMQbg/IO/0*2 pt_tcpstore_uv*1 cuda0000240000a*1 
2026-09-25T02:34:11+04:00	ck4n-mirror-1m	4	816925	816714	57	900317184	644997120	python3*49 ZMQbg/Reaper*4 ZMQbg/IO/0*4 
2026-09-25T02:34:22+04:00	ck4n-mirror-1m	4	816698	488	2	26669056	6008832	uv*1 main2*1 
2026-09-25T02:34:22+04:00	ck4n-mirror-1m	4	816714	816698	57	1228394496	964354048	ft*51 ZMQbg/Reaper*3 ZMQbg/IO/0*3 
2026-09-25T02:34:22+04:00	ck4n-mirror-1m	4	816923	816714	1	12795904	5943296	python3*1 
2026-09-25T02:34:22+04:00	ck4n-mirror-1m	4	816924	816714	45	12924641280	12328042496	python3*36 pt_gloo_runloop*2 ZMQbg/Reaper*2 ZMQbg/IO/0*2 pt_tcpstore_uv*1 cuda0000240000a*1 
2026-09-25T02:34:22+04:00	ck4n-mirror-1m	4	816925	816714	57	900317184	644997120	python3*49 ZMQbg/Reaper*4 ZMQbg/IO/0*4 
2026-09-25T02:34:34+04:00	ck4n-mirror-1m	4	816698	488	2	26669056	6008832	uv*1 main2*1 
2026-09-25T02:34:34+04:00	ck4n-mirror-1m	4	816714	816698	57	1228394496	964354048	ft*51 ZMQbg/Reaper*3 ZMQbg/IO/0*3 
2026-09-25T02:34:34+04:00	ck4n-mirror-1m	4	816923	816714	1	12795904	5943296	python3*1 
2026-09-25T02:34:34+04:00	ck4n-mirror-1m	4	816924	816714	45	12924641280	12328042496	python3*36 pt_gloo_runloop*2 ZMQbg/Reaper*2 ZMQbg/IO/0*2 pt_tcpstore_uv*1 cuda0000240000a*1 
2026-09-25T02:34:34+04:00	ck4n-mirror-1m	4	816925	816714	57	900317184	644997120	python3*49 ZMQbg/Reaper*4 ZMQbg/IO/0*4 
2026-09-25T02:34:44+04:00	ck4n-mirror-1m	4	816698	488	2	26669056	6008832	uv*1 main2*1 
2026-09-25T02:34:44+04:00	ck4n-mirror-1m	4	816714	816698	57	1228394496	964354048	ft*51 ZMQbg/Reaper*3 ZMQbg/IO/0*3 
2026-09-25T02:34:44+04:00	ck4n-mirror-1m	4	816923	816714	1	12795904	5943296	python3*1 
2026-09-25T02:34:44+04:00	ck4n-mirror-1m	4	816924	816714	45	12924641280	12328042496	python3*36 pt_gloo_runloop*2 ZMQbg/Reaper*2 ZMQbg/IO/0*2 pt_tcpstore_uv*1 cuda0000240000a*1 
2026-09-25T02:34:44+04:00	ck4n-mirror-1m	4	816925	816714	57	900317184	644997120	python3*49 ZMQbg/Reaper*4 ZMQbg/IO/0*4 
2026-09-25T02:34:54+04:00	ck4n-mirror-1m	4	816698	488	2	26669056	6008832	uv*1 main2*1 
2026-09-25T02:34:54+04:00	ck4n-mirror-1m	4	816714	816698	57	1228394496	964354048	ft*51 ZMQbg/Reaper*3 ZMQbg/IO/0*3 
2026-09-25T02:34:54+04:00	ck4n-mirror-1m	4	816923	816714	1	12795904	5943296	python3*1 
2026-09-25T02:34:54+04:00	ck4n-mirror-1m	4	816924	816714	45	12924641280	12328042496	python3*36 pt_gloo_runloop*2 ZMQbg/Reaper*2 ZMQbg/IO/0*2 pt_tcpstore_uv*1 cuda0000240000a*1 
2026-09-25T02:34:54+04:00	ck4n-mirror-1m	4	816925	816714	57	900317184	644997120	python3*49 ZMQbg/Reaper*4 ZMQbg/IO/0*4 
2026-09-25T02:35:08+04:00	ck4n-mirror-1m	4	816698	488	2	26669056	6008832	uv*1 main2*1 
2026-09-25T02:35:08+04:00	ck4n-mirror-1m	4	816714	816698	57	1228394496	964354048	ft*51 ZMQbg/Reaper*3 ZMQbg/IO/0*3 
2026-09-25T02:35:08+04:00	ck4n-mirror-1m	4	816923	816714	1	12795904	5943296	python3*1 
2026-09-25T02:35:08+04:00	ck4n-mirror-1m	4	816924	816714	45	12924641280	12328042496	python3*36 pt_gloo_runloop*2 ZMQbg/Reaper*2 ZMQbg/IO/0*2 pt_tcpstore_uv*1 cuda0000240000a*1 
2026-09-25T02:35:08+04:00	ck4n-mirror-1m	4	816925	816714	57	900317184	644997120	python3*49 ZMQbg/Reaper*4 ZMQbg/IO/0*4 
2026-09-25T02:35:18+04:00	ck4n-mirror-1m	4	816698	488	2	26669056	6008832	uv*1 main2*1 
2026-09-25T02:35:18+04:00	ck4n-mirror-1m	4	816714	816698	57	1228394496	964354048	ft*51 ZMQbg/Reaper*3 ZMQbg/IO/0*3 
2026-09-25T02:35:18+04:00	ck4n-mirror-1m	4	816923	816714	1	12795904	5943296	python3*1 
2026-09-25T02:35:18+04:00	ck4n-mirror-1m	4	816924	816714	45	12924641280	12328042496	python3*36 pt_gloo_runloop*2 ZMQbg/Reaper*2 ZMQbg/IO/0*2 pt_tcpstore_uv*1 cuda0000240000a*1 
2026-09-25T02:35:18+04:00	ck4n-mirror-1m	4	816925	816714	57	900317184	644997120	python3*49 ZMQbg/Reaper*4 ZMQbg/IO/0*4 
2026-09-25T02:35:28+04:00	ck4n-mirror-1m	4	816698	488	2	26669056	6008832	uv*1 main2*1 
2026-09-25T02:35:28+04:00	ck4n-mirror-1m	4	816714	816698	57	1228394496	964354048	ft*51 ZMQbg/Reaper*3 ZMQbg/IO/0*3 
2026-09-25T02:35:28+04:00	ck4n-mirror-1m	4	816923	816714	1	12795904	5943296	python3*1 
2026-09-25T02:35:28+04:00	ck4n-mirror-1m	4	816924	816714	45	12924641280	12328042496	python3*36 pt_gloo_runloop*2 ZMQbg/Reaper*2 ZMQbg/IO/0*2 pt_tcpstore_uv*1 cuda0000240000a*1 
2026-09-25T02:35:28+04:00	ck4n-mirror-1m	4	816925	816714	57	900317184	644997120	python3*49 ZMQbg/Reaper*4 ZMQbg/IO/0*4 
2026-09-25T02:35:41+04:00	ck4n-mirror-1m	4	816698	488	2	26669056	6008832	uv*1 main2*1 
2026-09-25T02:35:41+04:00	ck4n-mirror-1m	4	816714	816698	57	1228394496	964354048	ft*51 ZMQbg/Reaper*3 ZMQbg/IO/0*3 
2026-09-25T02:35:41+04:00	ck4n-mirror-1m	4	816923	816714	1	12795904	5943296	python3*1 
2026-09-25T02:35:41+04:00	ck4n-mirror-1m	4	816924	816714	45	12924641280	12328042496	python3*36 pt_gloo_runloop*2 ZMQbg/Reaper*2 ZMQbg/IO/0*2 pt_tcpstore_uv*1 cuda0000240000a*1 
2026-09-25T02:35:41+04:00	ck4n-mirror-1m	4	816925	816714	57	900317184	644997120	python3*49 ZMQbg/Reaper*4 ZMQbg/IO/0*4 
2026-09-25T02:35:51+04:00	ck4n-mirror-1m	4	816698	488	2	26669056	6008832	uv*1 main2*1 
2026-09-25T02:35:51+04:00	ck4n-mirror-1m	4	816714	816698	57	1228394496	964354048	ft*51 ZMQbg/Reaper*3 ZMQbg/IO/0*3 
2026-09-25T02:35:52+04:00	ck4n-mirror-1m	4	816923	816714	1	12795904	5943296	python3*1 
2026-09-25T02:35:52+04:00	ck4n-mirror-1m	4	816924	816714	45	12924641280	12328042496	python3*36 pt_gloo_runloop*2 ZMQbg/Reaper*2 ZMQbg/IO/0*2 pt_tcpstore_uv*1 cuda0000240000a*1 
2026-09-25T02:35:52+04:00	ck4n-mirror-1m	4	816925	816714	57	900317184	644997120	python3*49 ZMQbg/Reaper*4 ZMQbg/IO/0*4 
2026-09-25T02:36:02+04:00	ck4n-mirror-1m	4	816698	488	2	26669056	6008832	uv*1 main2*1 
2026-09-25T02:36:02+04:00	ck4n-mirror-1m	4	816714	816698	57	1228394496	964354048	ft*51 ZMQbg/Reaper*3 ZMQbg/IO/0*3 
2026-09-25T02:36:02+04:00	ck4n-mirror-1m	4	816923	816714	1	12795904	5943296	python3*1 
2026-09-25T02:36:02+04:00	ck4n-mirror-1m	4	816924	816714	45	12924641280	12328042496	python3*36 pt_gloo_runloop*2 ZMQbg/Reaper*2 ZMQbg/IO/0*2 pt_tcpstore_uv*1 cuda0000240000a*1 
2026-09-25T02:36:02+04:00	ck4n-mirror-1m	4	816925	816714	57	900317184	644997120	python3*49 ZMQbg/Reaper*4 ZMQbg/IO/0*4 
2026-09-25T02:36:15+04:00	ck4n-mirror-1m	4	816698	488	2	26669056	6008832	uv*1 main2*1 
2026-09-25T02:36:15+04:00	ck4n-mirror-1m	4	816714	816698	57	1228394496	964354048	ft*51 ZMQbg/Reaper*3 ZMQbg/IO/0*3 
2026-09-25T02:36:15+04:00	ck4n-mirror-1m	4	816923	816714	1	12795904	5943296	python3*1 
2026-09-25T02:36:15+04:00	ck4n-mirror-1m	4	816924	816714	45	12924641280	12328042496	python3*36 pt_gloo_runloop*2 ZMQbg/Reaper*2 ZMQbg/IO/0*2 pt_tcpstore_uv*1 cuda0000240000a*1 
2026-09-25T02:36:15+04:00	ck4n-mirror-1m	4	816925	816714	57	900317184	644997120	python3*49 ZMQbg/Reaper*4 ZMQbg/IO/0*4 
2026-09-25T02:36:25+04:00	ck4n-mirror-1m	4	816698	488	2	26669056	6008832	uv*1 main2*1 
2026-09-25T02:36:25+04:00	ck4n-mirror-1m	4	816714	816698	57	1228394496	964354048	ft*51 ZMQbg/Reaper*3 ZMQbg/IO/0*3 
2026-09-25T02:36:25+04:00	ck4n-mirror-1m	4	816923	816714	1	12795904	5943296	python3*1 
2026-09-25T02:36:25+04:00	ck4n-mirror-1m	4	816924	816714	45	12924641280	12328042496	python3*36 pt_gloo_runloop*2 ZMQbg/Reaper*2 ZMQbg/IO/0*2 pt_tcpstore_uv*1 cuda0000240000a*1 
2026-09-25T02:36:25+04:00	ck4n-mirror-1m	4	816925	816714	57	900317184	644997120	python3*49 ZMQbg/Reaper*4 ZMQbg/IO/0*4 
2026-09-25T02:36:35+04:00	ck4n-mirror-1m	4	816698	488	2	26669056	6008832	uv*1 main2*1 
2026-09-25T02:36:35+04:00	ck4n-mirror-1m	4	816714	816698	57	1228394496	964354048	ft*51 ZMQbg/Reaper*3 ZMQbg/IO/0*3 
2026-09-25T02:36:35+04:00	ck4n-mirror-1m	4	816923	816714	1	12795904	5943296	python3*1 
2026-09-25T02:36:35+04:00	ck4n-mirror-1m	4	816924	816714	45	12924641280	12328042496	python3*36 pt_gloo_runloop*2 ZMQbg/Reaper*2 ZMQbg/IO/0*2 pt_tcpstore_uv*1 cuda0000240000a*1 
2026-09-25T02:36:35+04:00	ck4n-mirror-1m	4	816925	816714	57	900317184	644997120	python3*49 ZMQbg/Reaper*4 ZMQbg/IO/0*4 
2026-09-25T02:36:49+04:00	ck4n-mirror-1m	4	816698	488	2	26669056	6008832	uv*1 main2*1 
2026-09-25T02:36:49+04:00	ck4n-mirror-1m	4	816714	816698	57	1228394496	964354048	ft*51 ZMQbg/Reaper*3 ZMQbg/IO/0*3 
2026-09-25T02:36:49+04:00	ck4n-mirror-1m	4	816923	816714	1	12795904	5943296	python3*1 
2026-09-25T02:36:49+04:00	ck4n-mirror-1m	4	816924	816714	45	12924121088	12327522304	python3*36 pt_gloo_runloop*2 ZMQbg/Reaper*2 ZMQbg/IO/0*2 pt_tcpstore_uv*1 cuda0000240000a*1 
2026-09-25T02:36:49+04:00	ck4n-mirror-1m	4	816925	816714	57	900317184	644997120	python3*49 ZMQbg/Reaper*4 ZMQbg/IO/0*4 
2026-09-25T02:36:59+04:00	ck4n-mirror-1m	4	816698	488	2	26669056	6008832	uv*1 main2*1 
2026-09-25T02:36:59+04:00	ck4n-mirror-1m	4	816714	816698	57	1228394496	964354048	ft*51 ZMQbg/Reaper*3 ZMQbg/IO/0*3 
2026-09-25T02:36:59+04:00	ck4n-mirror-1m	4	816923	816714	1	12795904	5943296	python3*1 
2026-09-25T02:36:59+04:00	ck4n-mirror-1m	4	816924	816714	45	12924125184	12327526400	python3*36 pt_gloo_runloop*2 ZMQbg/Reaper*2 ZMQbg/IO/0*2 pt_tcpstore_uv*1 cuda0000240000a*1 
2026-09-25T02:36:59+04:00	ck4n-mirror-1m	4	816925	816714	57	900321280	645001216	python3*49 ZMQbg/Reaper*4 ZMQbg/IO/0*4 
2026-09-25T02:37:09+04:00	ck4n-mirror-1m	4	816698	488	2	26669056	6008832	uv*1 main2*1 
2026-09-25T02:37:09+04:00	ck4n-mirror-1m	4	816714	816698	57	1228394496	964354048	ft*51 ZMQbg/Reaper*3 ZMQbg/IO/0*3 
2026-09-25T02:37:09+04:00	ck4n-mirror-1m	4	816923	816714	1	12795904	5943296	python3*1 
2026-09-25T02:37:09+04:00	ck4n-mirror-1m	4	816924	816714	45	12924125184	12327526400	python3*36 pt_gloo_runloop*2 ZMQbg/Reaper*2 ZMQbg/IO/0*2 pt_tcpstore_uv*1 cuda0000240000a*1 
2026-09-25T02:37:09+04:00	ck4n-mirror-1m	4	816925	816714	57	900321280	645001216	python3*49 ZMQbg/Reaper*4 ZMQbg/IO/0*4 
2026-09-25T02:37:19+04:00	ck4n-mirror-1m	4	816698	488	2	26669056	6008832	uv*1 main2*1 
2026-09-25T02:37:19+04:00	ck4n-mirror-1m	4	816714	816698	57	1228394496	964354048	ft*51 ZMQbg/Reaper*3 ZMQbg/IO/0*3 
2026-09-25T02:37:19+04:00	ck4n-mirror-1m	4	816923	816714	1	12795904	5943296	python3*1 
2026-09-25T02:37:19+04:00	ck4n-mirror-1m	4	816924	816714	45	12924432384	12327833600	python3*36 pt_gloo_runloop*2 ZMQbg/Reaper*2 ZMQbg/IO/0*2 pt_tcpstore_uv*1 cuda0000240000a*1 
2026-09-25T02:37:19+04:00	ck4n-mirror-1m	4	816925	816714	57	900321280	645001216	python3*49 ZMQbg/Reaper*4 ZMQbg/IO/0*4 
2026-09-25T02:37:32+04:00	ck4n-mirror-1m	4	816698	488	2	26669056	6008832	uv*1 main2*1 
2026-09-25T02:37:32+04:00	ck4n-mirror-1m	4	816714	816698	57	1228394496	964354048	ft*51 ZMQbg/Reaper*3 ZMQbg/IO/0*3 
2026-09-25T02:37:32+04:00	ck4n-mirror-1m	4	816923	816714	1	12795904	5943296	python3*1 
2026-09-25T02:37:32+04:00	ck4n-mirror-1m	4	816924	816714	45	12924432384	12327866368	python3*36 pt_gloo_runloop*2 ZMQbg/Reaper*2 ZMQbg/IO/0*2 pt_tcpstore_uv*1 cuda0000240000a*1 
2026-09-25T02:37:33+04:00	ck4n-mirror-1m	4	816925	816714	57	900321280	645001216	python3*49 ZMQbg/Reaper*4 ZMQbg/IO/0*4 
2026-09-25T02:37:43+04:00	ck4n-mirror-1m	4	816698	488	2	26669056	6008832	uv*1 main2*1 
2026-09-25T02:37:43+04:00	ck4n-mirror-1m	4	816714	816698	57	1228394496	964354048	ft*51 ZMQbg/Reaper*3 ZMQbg/IO/0*3 
2026-09-25T02:37:43+04:00	ck4n-mirror-1m	4	816923	816714	1	12795904	5943296	python3*1 
2026-09-25T02:37:43+04:00	ck4n-mirror-1m	4	816924	816714	45	12924465152	12327866368	python3*36 pt_gloo_runloop*2 ZMQbg/Reaper*2 ZMQbg/IO/0*2 pt_tcpstore_uv*1 cuda0000240000a*1 
2026-09-25T02:37:43+04:00	ck4n-mirror-1m	4	816925	816714	57	900321280	645001216	python3*49 ZMQbg/Reaper*4 ZMQbg/IO/0*4 
2026-09-25T02:37:53+04:00	ck4n-mirror-1m	4	816698	488	2	26669056	6008832	uv*1 main2*1 
2026-09-25T02:37:53+04:00	ck4n-mirror-1m	4	816714	816698	57	1228394496	964354048	ft*51 ZMQbg/Reaper*3 ZMQbg/IO/0*3 
2026-09-25T02:37:53+04:00	ck4n-mirror-1m	4	816923	816714	1	12795904	5943296	python3*1 
2026-09-25T02:37:53+04:00	ck4n-mirror-1m	4	816924	816714	45	12924465152	12327866368	python3*36 pt_gloo_runloop*2 ZMQbg/Reaper*2 ZMQbg/IO/0*2 pt_tcpstore_uv*1 cuda0000240000a*1 
2026-09-25T02:37:53+04:00	ck4n-mirror-1m	4	816925	816714	57	900321280	645001216	python3*49 ZMQbg/Reaper*4 ZMQbg/IO/0*4 
2026-09-25T02:38:06+04:00	ck4n-mirror-1m	4	816698	488	2	26669056	6008832	uv*1 main2*1 
2026-09-25T02:38:06+04:00	ck4n-mirror-1m	4	816714	816698	57	1228394496	964354048	ft*51 ZMQbg/Reaper*3 ZMQbg/IO/0*3 
2026-09-25T02:38:06+04:00	ck4n-mirror-1m	4	816923	816714	1	12795904	5943296	python3*1 
2026-09-25T02:38:06+04:00	ck4n-mirror-1m	4	816924	816714	45	12924465152	12327866368	python3*36 pt_gloo_runloop*2 ZMQbg/Reaper*2 ZMQbg/IO/0*2 pt_tcpstore_uv*1 cuda0000240000a*1 
2026-09-25T02:38:06+04:00	ck4n-mirror-1m	4	816925	816714	57	900321280	645001216	python3*49 ZMQbg/Reaper*4 ZMQbg/IO/0*4 
2026-09-25T02:38:16+04:00	ck4n-mirror-1m	4	816698	488	2	26669056	6008832	uv*1 main2*1 
2026-09-25T02:38:16+04:00	ck4n-mirror-1m	4	816714	816698	57	1228394496	964354048	ft*51 ZMQbg/Reaper*3 ZMQbg/IO/0*3 
2026-09-25T02:38:16+04:00	ck4n-mirror-1m	4	816923	816714	1	12795904	5943296	python3*1 
2026-09-25T02:38:16+04:00	ck4n-mirror-1m	4	816924	816714	45	12924465152	12327866368	python3*36 pt_gloo_runloop*2 ZMQbg/Reaper*2 ZMQbg/IO/0*2 pt_tcpstore_uv*1 cuda0000240000a*1 
2026-09-25T02:38:16+04:00	ck4n-mirror-1m	4	816925	816714	57	900321280	645001216	python3*49 ZMQbg/Reaper*4 ZMQbg/IO/0*4 
2026-09-25T02:38:26+04:00	ck4n-mirror-1m	4	816698	488	2	26669056	6008832	uv*1 main2*1 
2026-09-25T02:38:26+04:00	ck4n-mirror-1m	4	816714	816698	57	1228394496	964354048	ft*51 ZMQbg/Reaper*3 ZMQbg/IO/0*3 
2026-09-25T02:38:27+04:00	ck4n-mirror-1m	4	816923	816714	1	12795904	5943296	python3*1 
2026-09-25T02:38:27+04:00	ck4n-mirror-1m	4	816924	816714	45	12924465152	12327866368	python3*36 pt_gloo_runloop*2 ZMQbg/Reaper*2 ZMQbg/IO/0*2 pt_tcpstore_uv*1 cuda0000240000a*1 
2026-09-25T02:38:27+04:00	ck4n-mirror-1m	4	816925	816714	57	900321280	645001216	python3*49 ZMQbg/Reaper*4 ZMQbg/IO/0*4 
2026-09-25T02:38:40+04:00	ck4n-mirror-1m	4	816698	488	2	26669056	6008832	uv*1 main2*1 
2026-09-25T02:38:40+04:00	ck4n-mirror-1m	4	816714	816698	57	1228394496	964354048	ft*51 ZMQbg/Reaper*3 ZMQbg/IO/0*3 
2026-09-25T02:38:40+04:00	ck4n-mirror-1m	4	816923	816714	1	12795904	5943296	python3*1 
2026-09-25T02:38:40+04:00	ck4n-mirror-1m	4	816924	816714	45	12924465152	12327866368	python3*36 pt_gloo_runloop*2 ZMQbg/Reaper*2 ZMQbg/IO/0*2 pt_tcpstore_uv*1 cuda0000240000a*1 
2026-09-25T02:38:40+04:00	ck4n-mirror-1m	4	816925	816714	57	900321280	645001216	python3*49 ZMQbg/Reaper*4 ZMQbg/IO/0*4 
2026-09-25T02:38:50+04:00	ck4n-mirror-1m	4	816698	488	2	26669056	6008832	uv*1 main2*1 
2026-09-25T02:38:50+04:00	ck4n-mirror-1m	4	816714	816698	57	1228394496	964354048	ft*51 ZMQbg/Reaper*3 ZMQbg/IO/0*3 
2026-09-25T02:38:50+04:00	ck4n-mirror-1m	4	816923	816714	1	12795904	5943296	python3*1 
2026-09-25T02:38:50+04:00	ck4n-mirror-1m	4	816924	816714	45	12924465152	12327866368	python3*36 pt_gloo_runloop*2 ZMQbg/Reaper*2 ZMQbg/IO/0*2 pt_tcpstore_uv*1 cuda0000240000a*1 
2026-09-25T02:38:50+04:00	ck4n-mirror-1m	4	816925	816714	57	900321280	645001216	python3*49 ZMQbg/Reaper*4 ZMQbg/IO/0*4 
2026-09-25T02:39:00+04:00	ck4n-mirror-1m	4	816698	488	2	26669056	6008832	uv*1 main2*1 
2026-09-25T02:39:00+04:00	ck4n-mirror-1m	4	816714	816698	57	1228394496	964354048	ft*51 ZMQbg/Reaper*3 ZMQbg/IO/0*3 
2026-09-25T02:39:00+04:00	ck4n-mirror-1m	4	816923	816714	1	12795904	5943296	python3*1 
2026-09-25T02:39:00+04:00	ck4n-mirror-1m	4	816924	816714	45	12924465152	12327866368	python3*36 pt_gloo_runloop*2 ZMQbg/Reaper*2 ZMQbg/IO/0*2 pt_tcpstore_uv*1 cuda0000240000a*1 
2026-09-25T02:39:00+04:00	ck4n-mirror-1m	4	816925	816714	57	900321280	645001216	python3*49 ZMQbg/Reaper*4 ZMQbg/IO/0*4 
2026-09-25T02:39:13+04:00	ck4n-mirror-1m	4	816698	488	2	26669056	6008832	uv*1 main2*1 
2026-09-25T02:39:13+04:00	ck4n-mirror-1m	4	816714	816698	57	1228394496	964354048	ft*51 ZMQbg/Reaper*3 ZMQbg/IO/0*3 
2026-09-25T02:39:13+04:00	ck4n-mirror-1m	4	816923	816714	1	12795904	5943296	python3*1 
2026-09-25T02:39:13+04:00	ck4n-mirror-1m	4	816924	816714	45	12924465152	12327866368	python3*36 pt_gloo_runloop*2 ZMQbg/Reaper*2 ZMQbg/IO/0*2 pt_tcpstore_uv*1 cuda0000240000a*1 
2026-09-25T02:39:14+04:00	ck4n-mirror-1m	4	816925	816714	57	900321280	645001216	python3*49 ZMQbg/Reaper*4 ZMQbg/IO/0*4 
2026-09-25T02:39:24+04:00	ck4n-mirror-1m	4	816698	488	2	26669056	6008832	uv*1 main2*1 
2026-09-25T02:39:24+04:00	ck4n-mirror-1m	4	816714	816698	57	1228394496	964354048	ft*51 ZMQbg/Reaper*3 ZMQbg/IO/0*3 
2026-09-25T02:39:24+04:00	ck4n-mirror-1m	4	816923	816714	1	12795904	5943296	python3*1 
2026-09-25T02:39:24+04:00	ck4n-mirror-1m	4	816924	816714	45	12924465152	12327866368	python3*36 pt_gloo_runloop*2 ZMQbg/Reaper*2 ZMQbg/IO/0*2 pt_tcpstore_uv*1 cuda0000240000a*1 
2026-09-25T02:39:24+04:00	ck4n-mirror-1m	4	816925	816714	57	900321280	645001216	python3*49 ZMQbg/Reaper*4 ZMQbg/IO/0*4 
2026-09-25T02:39:34+04:00	ck4n-mirror-1m	4	816698	488	2	26669056	6008832	uv*1 main2*1 
2026-09-25T02:39:34+04:00	ck4n-mirror-1m	4	816714	816698	57	1228394496	964354048	ft*51 ZMQbg/Reaper*3 ZMQbg/IO/0*3 
2026-09-25T02:39:34+04:00	ck4n-mirror-1m	4	816923	816714	1	12795904	5943296	python3*1 
2026-09-25T02:39:34+04:00	ck4n-mirror-1m	4	816924	816714	45	12924465152	12327866368	python3*36 pt_gloo_runloop*2 ZMQbg/Reaper*2 ZMQbg/IO/0*2 pt_tcpstore_uv*1 cuda0000240000a*1 
2026-09-25T02:39:34+04:00	ck4n-mirror-1m	4	816925	816714	57	900321280	645001216	python3*49 ZMQbg/Reaper*4 ZMQbg/IO/0*4 
2026-09-25T02:39:47+04:00	ck4n-mirror-1m	4	816698	488	2	26669056	6008832	uv*1 main2*1 
2026-09-25T02:39:47+04:00	ck4n-mirror-1m	4	816714	816698	57	1228394496	964354048	ft*51 ZMQbg/Reaper*3 ZMQbg/IO/0*3 
2026-09-25T02:39:47+04:00	ck4n-mirror-1m	4	816923	816714	1	12795904	5943296	python3*1 
2026-09-25T02:39:47+04:00	ck4n-mirror-1m	4	816924	816714	45	12924465152	12327866368	python3*36 pt_gloo_runloop*2 ZMQbg/Reaper*2 ZMQbg/IO/0*2 pt_tcpstore_uv*1 cuda0000240000a*1 
2026-09-25T02:39:47+04:00	ck4n-mirror-1m	4	816925	816714	57	900321280	645001216	python3*49 ZMQbg/Reaper*4 ZMQbg/IO/0*4 
2026-09-25T02:39:57+04:00	ck4n-mirror-1m	4	816698	488	2	26669056	6008832	uv*1 main2*1 
2026-09-25T02:39:57+04:00	ck4n-mirror-1m	4	816714	816698	57	1228394496	964354048	ft*51 ZMQbg/Reaper*3 ZMQbg/IO/0*3 
2026-09-25T02:39:57+04:00	ck4n-mirror-1m	4	816923	816714	1	12795904	5943296	python3*1 
2026-09-25T02:39:57+04:00	ck4n-mirror-1m	4	816924	816714	45	12924465152	12327866368	python3*36 pt_gloo_runloop*2 ZMQbg/Reaper*2 ZMQbg/IO/0*2 pt_tcpstore_uv*1 cuda0000240000a*1 
2026-09-25T02:39:57+04:00	ck4n-mirror-1m	4	816925	816714	57	900321280	645001216	python3*49 ZMQbg/Reaper*4 ZMQbg/IO/0*4 
2026-09-25T02:40:07+04:00	ck4n-mirror-1m	4	816698	488	2	26669056	6008832	uv*1 main2*1 
2026-09-25T02:40:07+04:00	ck4n-mirror-1m	4	816714	816698	57	1228394496	964354048	ft*51 ZMQbg/Reaper*3 ZMQbg/IO/0*3 
2026-09-25T02:40:07+04:00	ck4n-mirror-1m	4	816923	816714	1	12795904	5943296	python3*1 
2026-09-25T02:40:08+04:00	ck4n-mirror-1m	4	816924	816714	45	12924465152	12327866368	python3*36 pt_gloo_runloop*2 ZMQbg/Reaper*2 ZMQbg/IO/0*2 pt_tcpstore_uv*1 cuda0000240000a*1 
2026-09-25T02:40:08+04:00	ck4n-mirror-1m	4	816925	816714	57	900321280	645001216	python3*49 ZMQbg/Reaper*4 ZMQbg/IO/0*4 
2026-09-25T02:40:21+04:00	ck4n-mirror-1m	4	816698	488	2	26669056	6008832	uv*1 main2*1 
2026-09-25T02:40:21+04:00	ck4n-mirror-1m	4	816714	816698	57	1228394496	964354048	ft*51 ZMQbg/Reaper*3 ZMQbg/IO/0*3 
2026-09-25T02:40:21+04:00	ck4n-mirror-1m	4	816923	816714	1	12795904	5943296	python3*1 
2026-09-25T02:40:21+04:00	ck4n-mirror-1m	4	816924	816714	45	12924465152	12327866368	python3*36 pt_gloo_runloop*2 ZMQbg/Reaper*2 ZMQbg/IO/0*2 pt_tcpstore_uv*1 cuda0000240000a*1 
2026-09-25T02:40:21+04:00	ck4n-mirror-1m	4	816925	816714	57	900321280	645001216	python3*49 ZMQbg/Reaper*4 ZMQbg/IO/0*4 
2026-09-25T02:40:31+04:00	ck4n-mirror-1m	4	816698	488	2	26669056	6008832	uv*1 main2*1 
2026-09-25T02:40:31+04:00	ck4n-mirror-1m	4	816714	816698	57	1228394496	964354048	ft*51 ZMQbg/Reaper*3 ZMQbg/IO/0*3 
2026-09-25T02:40:31+04:00	ck4n-mirror-1m	4	816923	816714	1	12795904	5943296	python3*1 
2026-09-25T02:40:31+04:00	ck4n-mirror-1m	4	816924	816714	45	12924465152	12327866368	python3*36 pt_gloo_runloop*2 ZMQbg/Reaper*2 ZMQbg/IO/0*2 pt_tcpstore_uv*1 cuda0000240000a*1 
2026-09-25T02:40:31+04:00	ck4n-mirror-1m	4	816925	816714	57	900321280	645001216	python3*49 ZMQbg/Reaper*4 ZMQbg/IO/0*4 
2026-09-25T02:40:41+04:00	ck4n-mirror-1m	4	816698	488	2	26669056	6008832	uv*1 main2*1 
2026-09-25T02:40:41+04:00	ck4n-mirror-1m	4	816714	816698	57	1228394496	964354048	ft*51 ZMQbg/Reaper*3 ZMQbg/IO/0*3 
2026-09-25T02:40:41+04:00	ck4n-mirror-1m	4	816923	816714	1	12795904	5943296	python3*1 
2026-09-25T02:40:41+04:00	ck4n-mirror-1m	4	816924	816714	45	12924465152	12327866368	python3*36 pt_gloo_runloop*2 ZMQbg/Reaper*2 ZMQbg/IO/0*2 pt_tcpstore_uv*1 cuda0000240000a*1 
2026-09-25T02:40:41+04:00	ck4n-mirror-1m	4	816925	816714	57	900321280	645001216	python3*49 ZMQbg/Reaper*4 ZMQbg/IO/0*4 
2026-09-25T02:40:54+04:00	ck4n-mirror-1m	4	816698	488	2	26669056	6008832	uv*1 main2*1 
2026-09-25T02:40:54+04:00	ck4n-mirror-1m	4	816714	816698	57	1228394496	964354048	ft*51 ZMQbg/Reaper*3 ZMQbg/IO/0*3 
2026-09-25T02:40:54+04:00	ck4n-mirror-1m	4	816923	816714	1	12795904	5943296	python3*1 
2026-09-25T02:40:54+04:00	ck4n-mirror-1m	4	816924	816714	45	12924465152	12327866368	python3*36 pt_gloo_runloop*2 ZMQbg/Reaper*2 ZMQbg/IO/0*2 pt_tcpstore_uv*1 cuda0000240000a*1 
2026-09-25T02:40:55+04:00	ck4n-mirror-1m	4	816925	816714	57	900321280	645001216	python3*49 ZMQbg/Reaper*4 ZMQbg/IO/0*4 
2026-09-25T02:41:05+04:00	ck4n-mirror-1m	4	816698	488	2	26669056	6008832	uv*1 main2*1 
2026-09-25T02:41:05+04:00	ck4n-mirror-1m	4	816714	816698	57	1228394496	964354048	ft*51 ZMQbg/Reaper*3 ZMQbg/IO/0*3 
2026-09-25T02:41:05+04:00	ck4n-mirror-1m	4	816923	816714	1	12795904	5943296	python3*1 
2026-09-25T02:41:05+04:00	ck4n-mirror-1m	4	816924	816714	45	12924465152	12327866368	python3*36 pt_gloo_runloop*2 ZMQbg/Reaper*2 ZMQbg/IO/0*2 pt_tcpstore_uv*1 cuda0000240000a*1 
2026-09-25T02:41:05+04:00	ck4n-mirror-1m	4	816925	816714	57	900321280	645001216	python3*49 ZMQbg/Reaper*4 ZMQbg/IO/0*4 
2026-09-25T02:41:15+04:00	ck4n-mirror-1m	4	816698	488	2	26669056	6008832	uv*1 main2*1 
2026-09-25T02:41:15+04:00	ck4n-mirror-1m	4	816714	816698	57	1228394496	964354048	ft*51 ZMQbg/Reaper*3 ZMQbg/IO/0*3 
2026-09-25T02:41:15+04:00	ck4n-mirror-1m	4	816923	816714	1	12795904	5943296	python3*1 
2026-09-25T02:41:15+04:00	ck4n-mirror-1m	4	816924	816714	45	12924465152	12327866368	python3*36 pt_gloo_runloop*2 ZMQbg/Reaper*2 ZMQbg/IO/0*2 pt_tcpstore_uv*1 cuda0000240000a*1 
2026-09-25T02:41:15+04:00	ck4n-mirror-1m	4	816925	816714	57	900321280	645001216	python3*49 ZMQbg/Reaper*4 ZMQbg/IO/0*4 
2026-09-25T02:41:25+04:00	ck4n-mirror-1m	4	816698	488	2	26669056	6008832	uv*1 main2*1 
2026-09-25T02:41:25+04:00	ck4n-mirror-1m	4	816714	816698	57	1228394496	964354048	ft*51 ZMQbg/Reaper*3 ZMQbg/IO/0*3 
2026-09-25T02:41:25+04:00	ck4n-mirror-1m	4	816923	816714	1	12795904	5943296	python3*1 
2026-09-25T02:41:25+04:00	ck4n-mirror-1m	4	816924	816714	45	12924579840	12327981056	python3*36 pt_gloo_runloop*2 ZMQbg/Reaper*2 ZMQbg/IO/0*2 pt_tcpstore_uv*1 cuda0000240000a*1 
2026-09-25T02:41:25+04:00	ck4n-mirror-1m	4	816925	816714	57	900321280	645001216	python3*49 ZMQbg/Reaper*4 ZMQbg/IO/0*4 
2026-09-25T02:41:38+04:00	ck4n-mirror-1m	4	816698	488	2	26669056	6008832	uv*1 main2*1 
2026-09-25T02:41:38+04:00	ck4n-mirror-1m	4	816714	816698	57	1228394496	964354048	ft*51 ZMQbg/Reaper*3 ZMQbg/IO/0*3 
2026-09-25T02:41:38+04:00	ck4n-mirror-1m	4	816923	816714	1	12795904	5943296	python3*1 
2026-09-25T02:41:38+04:00	ck4n-mirror-1m	4	816924	816714	45	12924735488	12328136704	python3*36 pt_gloo_runloop*2 ZMQbg/Reaper*2 ZMQbg/IO/0*2 pt_tcpstore_uv*1 cuda0000240000a*1 
2026-09-25T02:41:38+04:00	ck4n-mirror-1m	4	816925	816714	57	900321280	645001216	python3*49 ZMQbg/Reaper*4 ZMQbg/IO/0*4 
2026-09-25T02:41:49+04:00	ck4n-mirror-1m	4	816698	488	2	26669056	6008832	uv*1 main2*1 
2026-09-25T02:41:49+04:00	ck4n-mirror-1m	4	816714	816698	57	1228394496	964354048	ft*51 ZMQbg/Reaper*3 ZMQbg/IO/0*3 
2026-09-25T02:41:49+04:00	ck4n-mirror-1m	4	816923	816714	1	12795904	5943296	python3*1 
2026-09-25T02:41:49+04:00	ck4n-mirror-1m	4	816924	816714	45	12924891136	12328292352	python3*36 pt_gloo_runloop*2 ZMQbg/Reaper*2 ZMQbg/IO/0*2 pt_tcpstore_uv*1 cuda0000240000a*1 
2026-09-25T02:41:49+04:00	ck4n-mirror-1m	4	816925	816714	57	900321280	645001216	python3*49 ZMQbg/Reaper*4 ZMQbg/IO/0*4 
2026-09-25T02:41:59+04:00	ck4n-mirror-1m	4	816698	488	2	26669056	6008832	uv*1 main2*1 
2026-09-25T02:41:59+04:00	ck4n-mirror-1m	4	816714	816698	57	1228394496	964354048	ft*51 ZMQbg/Reaper*3 ZMQbg/IO/0*3 
2026-09-25T02:41:59+04:00	ck4n-mirror-1m	4	816923	816714	1	12795904	5943296	python3*1 
2026-09-25T02:41:59+04:00	ck4n-mirror-1m	4	816924	816714	45	12925046784	12328448000	python3*36 pt_gloo_runloop*2 ZMQbg/Reaper*2 ZMQbg/IO/0*2 pt_tcpstore_uv*1 cuda0000240000a*1 
2026-09-25T02:41:59+04:00	ck4n-mirror-1m	4	816925	816714	57	900321280	645001216	python3*49 ZMQbg/Reaper*4 ZMQbg/IO/0*4 
2026-09-25T02:42:12+04:00	ck4n-mirror-1m	4	816698	488	2	26669056	6008832	uv*1 main2*1 
2026-09-25T02:42:12+04:00	ck4n-mirror-1m	4	816714	816698	57	1228394496	964354048	ft*51 ZMQbg/Reaper*3 ZMQbg/IO/0*3 
2026-09-25T02:42:12+04:00	ck4n-mirror-1m	4	816923	816714	1	12795904	5943296	python3*1 
2026-09-25T02:42:12+04:00	ck4n-mirror-1m	4	816924	816714	45	12925202432	12328603648	python3*36 pt_gloo_runloop*2 ZMQbg/Reaper*2 ZMQbg/IO/0*2 pt_tcpstore_uv*1 cuda0000240000a*1 
2026-09-25T02:42:12+04:00	ck4n-mirror-1m	4	816925	816714	57	900321280	645001216	python3*49 ZMQbg/Reaper*4 ZMQbg/IO/0*4 
2026-09-25T02:42:22+04:00	ck4n-mirror-1m	4	816698	488	2	26669056	6008832	uv*1 main2*1 
2026-09-25T02:42:22+04:00	ck4n-mirror-1m	4	816714	816698	57	1228394496	964354048	ft*51 ZMQbg/Reaper*3 ZMQbg/IO/0*3 
2026-09-25T02:42:22+04:00	ck4n-mirror-1m	4	816923	816714	1	12795904	5943296	python3*1 
2026-09-25T02:42:22+04:00	ck4n-mirror-1m	4	816924	816714	45	12925353984	12328755200	python3*36 pt_gloo_runloop*2 ZMQbg/Reaper*2 ZMQbg/IO/0*2 pt_tcpstore_uv*1 cuda0000240000a*1 
2026-09-25T02:42:23+04:00	ck4n-mirror-1m	4	816925	816714	57	900321280	645001216	python3*49 ZMQbg/Reaper*4 ZMQbg/IO/0*4 
2026-09-25T02:42:33+04:00	ck4n-mirror-1m	4	816698	488	2	26669056	6008832	uv*1 main2*1 
2026-09-25T02:42:33+04:00	ck4n-mirror-1m	4	816714	816698	57	1228394496	964354048	ft*51 ZMQbg/Reaper*3 ZMQbg/IO/0*3 
2026-09-25T02:42:33+04:00	ck4n-mirror-1m	4	816923	816714	1	12795904	5943296	python3*1 
2026-09-25T02:42:33+04:00	ck4n-mirror-1m	4	816924	816714	45	12925497344	12328898560	python3*36 pt_gloo_runloop*2 ZMQbg/Reaper*2 ZMQbg/IO/0*2 pt_tcpstore_uv*1 cuda0000240000a*1 
2026-09-25T02:42:33+04:00	ck4n-mirror-1m	4	816925	816714	57	900321280	645001216	python3*49 ZMQbg/Reaper*4 ZMQbg/IO/0*4 
2026-09-25T02:42:46+04:00	ck4n-mirror-1m	4	816698	488	2	26669056	6008832	uv*1 main2*1 
2026-09-25T02:42:46+04:00	ck4n-mirror-1m	4	816714	816698	57	1228279808	964354048	ft*51 ZMQbg/Reaper*3 ZMQbg/IO/0*3 
2026-09-25T02:42:46+04:00	ck4n-mirror-1m	4	816923	816714	1	12795904	5943296	python3*1 
2026-09-25T02:42:46+04:00	ck4n-mirror-1m	4	816924	816714	45	12924243968	12329054208	python3*36 pt_gloo_runloop*2 ZMQbg/Reaper*2 ZMQbg/IO/0*2 pt_tcpstore_uv*1 cuda0000240000a*1 
2026-09-25T02:42:46+04:00	ck4n-mirror-1m	4	816925	816714	57	900235264	645001216	python3*49 ZMQbg/Reaper*4 ZMQbg/IO/0*4 
2026-09-25T02:42:56+04:00	ck4n-mirror-1m	4	816698	488	2	26669056	6008832	uv*1 main2*1 
2026-09-25T02:42:56+04:00	ck4n-mirror-1m	4	816714	816698	57	1226866688	964354048	ft*51 ZMQbg/Reaper*3 ZMQbg/IO/0*3 
2026-09-25T02:42:56+04:00	ck4n-mirror-1m	4	816923	816714	1	12791808	5943296	python3*1 
2026-09-25T02:42:56+04:00	ck4n-mirror-1m	4	816924	816714	45	12920082432	12329213952	python3*36 pt_gloo_runloop*2 ZMQbg/Reaper*2 ZMQbg/IO/0*2 pt_tcpstore_uv*1 cuda0000240000a*1 
2026-09-25T02:42:56+04:00	ck4n-mirror-1m	4	816925	816714	57	898891776	645001216	python3*49 ZMQbg/Reaper*4 ZMQbg/IO/0*4 
2026-09-25T02:43:06+04:00	ck4n-mirror-1m	4	816698	488	2	26484736	6008832	uv*1 main2*1 
2026-09-25T02:43:06+04:00	ck4n-mirror-1m	4	816714	816698	57	1226833920	964354048	ft*51 ZMQbg/Reaper*3 ZMQbg/IO/0*3 
2026-09-25T02:43:06+04:00	ck4n-mirror-1m	4	816923	816714	1	12791808	5943296	python3*1 
2026-09-25T02:43:06+04:00	ck4n-mirror-1m	4	816924	816714	45	12920176640	12329340928	python3*36 pt_gloo_runloop*2 ZMQbg/Reaper*2 ZMQbg/IO/0*2 pt_tcpstore_uv*1 cuda0000240000a*1 
2026-09-25T02:43:07+04:00	ck4n-mirror-1m	4	816925	816714	57	898863104	645001216	python3*49 ZMQbg/Reaper*4 ZMQbg/IO/0*4 
2026-09-25T02:43:20+04:00	ck4n-mirror-1m	4	816698	488	2	25600000	6008832	uv*1 main2*1 
2026-09-25T02:43:20+04:00	ck4n-mirror-1m	4	816714	816698	57	1226674176	964354048	ft*51 ZMQbg/Reaper*3 ZMQbg/IO/0*3 
2026-09-25T02:43:20+04:00	ck4n-mirror-1m	4	816923	816714	1	12783616	5943296	python3*1 
2026-09-25T02:43:20+04:00	ck4n-mirror-1m	4	816924	816714	45	12920143872	12329492480	python3*36 pt_gloo_runloop*2 ZMQbg/Reaper*2 ZMQbg/IO/0*2 pt_tcpstore_uv*1 cuda0000240000a*1 
2026-09-25T02:43:20+04:00	ck4n-mirror-1m	4	816925	816714	57	898830336	645001216	python3*49 ZMQbg/Reaper*4 ZMQbg/IO/0*4 
2026-09-25T02:43:30+04:00	ck4n-mirror-1m	4	816698	488	2	25600000	6008832	uv*1 main2*1 
2026-09-25T02:43:30+04:00	ck4n-mirror-1m	4	816714	816698	57	1226674176	964354048	ft*51 ZMQbg/Reaper*3 ZMQbg/IO/0*3 
2026-09-25T02:43:30+04:00	ck4n-mirror-1m	4	816923	816714	1	12783616	5943296	python3*1 
2026-09-25T02:43:30+04:00	ck4n-mirror-1m	4	816924	816714	45	12920299520	12329648128	python3*36 pt_gloo_runloop*2 ZMQbg/Reaper*2 ZMQbg/IO/0*2 pt_tcpstore_uv*1 cuda0000240000a*1 
2026-09-25T02:43:30+04:00	ck4n-mirror-1m	4	816925	816714	57	898830336	645001216	python3*49 ZMQbg/Reaper*4 ZMQbg/IO/0*4 
2026-09-25T02:43:40+04:00	ck4n-mirror-1m	4	816698	488	2	25600000	6008832	uv*1 main2*1 
2026-09-25T02:43:40+04:00	ck4n-mirror-1m	4	816714	816698	57	1226674176	964354048	ft*51 ZMQbg/Reaper*3 ZMQbg/IO/0*3 
2026-09-25T02:43:40+04:00	ck4n-mirror-1m	4	816923	816714	1	12783616	5943296	python3*1 
2026-09-25T02:43:40+04:00	ck4n-mirror-1m	4	816924	816714	45	12920463360	12329811968	python3*36 pt_gloo_runloop*2 ZMQbg/Reaper*2 ZMQbg/IO/0*2 pt_tcpstore_uv*1 cuda0000240000a*1 
2026-09-25T02:43:40+04:00	ck4n-mirror-1m	4	816925	816714	57	898830336	645001216	python3*49 ZMQbg/Reaper*4 ZMQbg/IO/0*4 
2026-09-25T02:43:54+04:00	ck4n-mirror-1m	4	816698	488	2	25600000	6008832	uv*1 main2*1 
2026-09-25T02:43:54+04:00	ck4n-mirror-1m	4	816714	816698	57	1226674176	964354048	ft*51 ZMQbg/Reaper*3 ZMQbg/IO/0*3 
2026-09-25T02:43:54+04:00	ck4n-mirror-1m	4	816923	816714	1	12783616	5943296	python3*1 
2026-09-25T02:43:54+04:00	ck4n-mirror-1m	4	816924	816714	45	12920623104	12329971712	python3*36 pt_gloo_runloop*2 ZMQbg/Reaper*2 ZMQbg/IO/0*2 pt_tcpstore_uv*1 cuda0000240000a*1 
2026-09-25T02:43:54+04:00	ck4n-mirror-1m	4	816925	816714	57	898830336	645001216	python3*49 ZMQbg/Reaper*4 ZMQbg/IO/0*4 
2026-09-25T02:44:04+04:00	ck4n-mirror-1m	4	816698	488	2	25600000	6008832	uv*1 main2*1 
2026-09-25T02:44:04+04:00	ck4n-mirror-1m	4	816714	816698	57	1226690560	964354048	ft*51 ZMQbg/Reaper*3 ZMQbg/IO/0*3 
2026-09-25T02:44:04+04:00	ck4n-mirror-1m	4	816923	816714	1	12783616	5943296	python3*1 
2026-09-25T02:44:04+04:00	ck4n-mirror-1m	4	816924	816714	45	12921798656	12331122688	python3*36 pt_gloo_runloop*2 ZMQbg/Reaper*2 ZMQbg/IO/0*2 pt_tcpstore_uv*1 cuda0000240000a*1 
2026-09-25T02:44:04+04:00	ck4n-mirror-1m	4	816925	816714	57	898854912	645001216	python3*49 ZMQbg/Reaper*4 ZMQbg/IO/0*4 
2026-09-25T02:44:14+04:00	ck4n-mirror-1m	4	816698	488	2	25600000	6008832	uv*1 main2*1 
2026-09-25T02:44:14+04:00	ck4n-mirror-1m	4	816714	816698	57	1226690560	964354048	ft*51 ZMQbg/Reaper*3 ZMQbg/IO/0*3 
2026-09-25T02:44:14+04:00	ck4n-mirror-1m	4	816923	816714	1	12783616	5943296	python3*1 
2026-09-25T02:44:14+04:00	ck4n-mirror-1m	4	816924	816714	45	12921769984	12331094016	python3*36 pt_gloo_runloop*2 ZMQbg/Reaper*2 ZMQbg/IO/0*2 pt_tcpstore_uv*1 cuda0000240000a*1 
2026-09-25T02:44:14+04:00	ck4n-mirror-1m	4	816925	816714	57	898854912	645001216	python3*49 ZMQbg/Reaper*4 ZMQbg/IO/0*4 
2026-09-25T02:44:27+04:00	ck4n-mirror-1m	4	816698	488	2	25600000	6008832	uv*1 main2*1 
2026-09-25T02:44:27+04:00	ck4n-mirror-1m	4	816714	816698	57	1226690560	964354048	ft*51 ZMQbg/Reaper*3 ZMQbg/IO/0*3 
2026-09-25T02:44:27+04:00	ck4n-mirror-1m	4	816923	816714	1	12783616	5943296	python3*1 
2026-09-25T02:44:27+04:00	ck4n-mirror-1m	4	816924	816714	45	12921769984	12331094016	python3*36 pt_gloo_runloop*2 ZMQbg/Reaper*2 ZMQbg/IO/0*2 pt_tcpstore_uv*1 cuda0000240000a*1 
2026-09-25T02:44:28+04:00	ck4n-mirror-1m	4	816925	816714	57	898854912	645001216	python3*49 ZMQbg/Reaper*4 ZMQbg/IO/0*4 
2026-09-25T02:44:38+04:00	ck4n-mirror-1m	4	816698	488	2	25600000	6008832	uv*1 main2*1 
2026-09-25T02:44:38+04:00	ck4n-mirror-1m	4	816714	816698	57	1226690560	964354048	ft*51 ZMQbg/Reaper*3 ZMQbg/IO/0*3 
2026-09-25T02:44:38+04:00	ck4n-mirror-1m	4	816923	816714	1	12783616	5943296	python3*1 
2026-09-25T02:44:38+04:00	ck4n-mirror-1m	4	816924	816714	45	12921794560	12331118592	python3*36 pt_gloo_runloop*2 ZMQbg/Reaper*2 ZMQbg/IO/0*2 pt_tcpstore_uv*1 cuda0000240000a*1 
2026-09-25T02:44:38+04:00	ck4n-mirror-1m	4	816925	816714	57	898854912	645001216	python3*49 ZMQbg/Reaper*4 ZMQbg/IO/0*4 
2026-09-25T02:44:48+04:00	ck4n-mirror-1m	4	816698	488	2	25600000	6008832	uv*1 main2*1 
2026-09-25T02:44:48+04:00	ck4n-mirror-1m	4	816714	816698	57	1226690560	964354048	ft*51 ZMQbg/Reaper*3 ZMQbg/IO/0*3 
2026-09-25T02:44:48+04:00	ck4n-mirror-1m	4	816923	816714	1	12783616	5943296	python3*1 
2026-09-25T02:44:48+04:00	ck4n-mirror-1m	4	816924	816714	45	12921794560	12331118592	python3*36 pt_gloo_runloop*2 ZMQbg/Reaper*2 ZMQbg/IO/0*2 pt_tcpstore_uv*1 cuda0000240000a*1 
2026-09-25T02:44:48+04:00	ck4n-mirror-1m	4	816925	816714	57	898854912	645001216	python3*49 ZMQbg/Reaper*4 ZMQbg/IO/0*4 
2026-09-25T02:44:58+04:00	ck4n-mirror-1m	4	816698	488	2	25600000	6008832	uv*1 main2*1 
2026-09-25T02:44:58+04:00	ck4n-mirror-1m	4	816714	816698	57	1226690560	964354048	ft*51 ZMQbg/Reaper*3 ZMQbg/IO/0*3 
2026-09-25T02:44:58+04:00	ck4n-mirror-1m	4	816923	816714	1	12783616	5943296	python3*1 
2026-09-25T02:44:58+04:00	ck4n-mirror-1m	4	816924	816714	45	12921794560	12331118592	python3*36 pt_gloo_runloop*2 ZMQbg/Reaper*2 ZMQbg/IO/0*2 pt_tcpstore_uv*1 cuda0000240000a*1 
2026-09-25T02:44:58+04:00	ck4n-mirror-1m	4	816925	816714	57	898854912	645001216	python3*49 ZMQbg/Reaper*4 ZMQbg/IO/0*4 
2026-09-25T02:45:11+04:00	ck4n-mirror-1m	4	816698	488	2	25600000	6008832	uv*1 main2*1 
2026-09-25T02:45:11+04:00	ck4n-mirror-1m	4	816714	816698	57	1226690560	964354048	ft*51 ZMQbg/Reaper*3 ZMQbg/IO/0*3 
2026-09-25T02:45:11+04:00	ck4n-mirror-1m	4	816923	816714	1	12783616	5943296	python3*1 
2026-09-25T02:45:11+04:00	ck4n-mirror-1m	4	816924	816714	45	12921794560	12331118592	python3*36 pt_gloo_runloop*2 ZMQbg/Reaper*2 ZMQbg/IO/0*2 pt_tcpstore_uv*1 cuda0000240000a*1 
2026-09-25T02:45:11+04:00	ck4n-mirror-1m	4	816925	816714	57	898854912	645001216	python3*49 ZMQbg/Reaper*4 ZMQbg/IO/0*4 
2026-09-25T02:45:22+04:00	ck4n-mirror-1m	4	816698	488	2	25600000	6008832	uv*1 main2*1 
2026-09-25T02:45:22+04:00	ck4n-mirror-1m	4	816714	816698	57	1226690560	964354048	ft*51 ZMQbg/Reaper*3 ZMQbg/IO/0*3 
2026-09-25T02:45:22+04:00	ck4n-mirror-1m	4	816923	816714	1	12783616	5943296	python3*1 
2026-09-25T02:45:22+04:00	ck4n-mirror-1m	4	816924	816714	45	12921794560	12331118592	python3*36 pt_gloo_runloop*2 ZMQbg/Reaper*2 ZMQbg/IO/0*2 pt_tcpstore_uv*1 cuda0000240000a*1 
2026-09-25T02:45:22+04:00	ck4n-mirror-1m	4	816925	816714	57	898854912	645001216	python3*49 ZMQbg/Reaper*4 ZMQbg/IO/0*4 
2026-09-25T02:45:32+04:00	ck4n-mirror-1m	4	816698	488	2	25600000	6008832	uv*1 main2*1 
2026-09-25T02:45:32+04:00	ck4n-mirror-1m	4	816714	816698	57	1226690560	964354048	ft*51 ZMQbg/Reaper*3 ZMQbg/IO/0*3 
2026-09-25T02:45:32+04:00	ck4n-mirror-1m	4	816923	816714	1	12783616	5943296	python3*1 
2026-09-25T02:45:32+04:00	ck4n-mirror-1m	4	816924	816714	45	12921794560	12331118592	python3*36 pt_gloo_runloop*2 ZMQbg/Reaper*2 ZMQbg/IO/0*2 pt_tcpstore_uv*1 cuda0000240000a*1 
2026-09-25T02:45:32+04:00	ck4n-mirror-1m	4	816925	816714	57	898854912	645001216	python3*49 ZMQbg/Reaper*4 ZMQbg/IO/0*4 
2026-09-25T02:45:45+04:00	ck4n-mirror-1m	4	816698	488	2	25600000	6008832	uv*1 main2*1 
2026-09-25T02:45:45+04:00	ck4n-mirror-1m	4	816714	816698	57	1226690560	964354048	ft*51 ZMQbg/Reaper*3 ZMQbg/IO/0*3 
2026-09-25T02:45:45+04:00	ck4n-mirror-1m	4	816923	816714	1	12783616	5943296	python3*1 
2026-09-25T02:45:45+04:00	ck4n-mirror-1m	4	816924	816714	45	12921794560	12331118592	python3*36 pt_gloo_runloop*2 ZMQbg/Reaper*2 ZMQbg/IO/0*2 pt_tcpstore_uv*1 cuda0000240000a*1 
2026-09-25T02:45:45+04:00	ck4n-mirror-1m	4	816925	816714	57	898854912	645001216	python3*49 ZMQbg/Reaper*4 ZMQbg/IO/0*4 
2026-09-25T02:45:55+04:00	ck4n-mirror-1m	4	816698	488	2	25600000	6008832	uv*1 main2*1 
2026-09-25T02:45:55+04:00	ck4n-mirror-1m	4	816714	816698	57	1226690560	964354048	ft*51 ZMQbg/Reaper*3 ZMQbg/IO/0*3 
2026-09-25T02:45:55+04:00	ck4n-mirror-1m	4	816923	816714	1	12783616	5943296	python3*1 
2026-09-25T02:45:55+04:00	ck4n-mirror-1m	4	816924	816714	45	12921798656	12331122688	python3*36 pt_gloo_runloop*2 ZMQbg/Reaper*2 ZMQbg/IO/0*2 pt_tcpstore_uv*1 cuda0000240000a*1 
2026-09-25T02:45:55+04:00	ck4n-mirror-1m	4	816925	816714	57	898854912	645001216	python3*49 ZMQbg/Reaper*4 ZMQbg/IO/0*4 
2026-09-25T02:46:06+04:00	ck4n-mirror-1m	4	816698	488	2	25600000	6008832	uv*1 main2*1 
2026-09-25T02:46:06+04:00	ck4n-mirror-1m	4	816714	816698	57	1226690560	964354048	ft*51 ZMQbg/Reaper*3 ZMQbg/IO/0*3 
2026-09-25T02:46:06+04:00	ck4n-mirror-1m	4	816923	816714	1	12783616	5943296	python3*1 
2026-09-25T02:46:06+04:00	ck4n-mirror-1m	4	816924	816714	45	12921954304	12331278336	python3*36 pt_gloo_runloop*2 ZMQbg/Reaper*2 ZMQbg/IO/0*2 pt_tcpstore_uv*1 cuda0000240000a*1 
2026-09-25T02:46:06+04:00	ck4n-mirror-1m	4	816925	816714	57	898854912	645001216	python3*49 ZMQbg/Reaper*4 ZMQbg/IO/0*4 
2026-09-25T02:46:19+04:00	ck4n-mirror-1m	4	816698	488	2	25600000	6008832	uv*1 main2*1 
2026-09-25T02:46:19+04:00	ck4n-mirror-1m	4	816714	816698	57	1226690560	964354048	ft*51 ZMQbg/Reaper*3 ZMQbg/IO/0*3 
2026-09-25T02:46:19+04:00	ck4n-mirror-1m	4	816923	816714	1	12783616	5943296	python3*1 
2026-09-25T02:46:19+04:00	ck4n-mirror-1m	4	816924	816714	45	12922101760	12331425792	python3*36 pt_gloo_runloop*2 ZMQbg/Reaper*2 ZMQbg/IO/0*2 pt_tcpstore_uv*1 cuda0000240000a*1 
2026-09-25T02:46:19+04:00	ck4n-mirror-1m	4	816925	816714	57	898854912	645001216	python3*49 ZMQbg/Reaper*4 ZMQbg/IO/0*4 
2026-09-25T02:46:29+04:00	ck4n-mirror-1m	4	816698	488	2	25600000	6008832	uv*1 main2*1 
2026-09-25T02:46:29+04:00	ck4n-mirror-1m	4	816714	816698	57	1226690560	964354048	ft*51 ZMQbg/Reaper*3 ZMQbg/IO/0*3 
2026-09-25T02:46:29+04:00	ck4n-mirror-1m	4	816923	816714	1	12783616	5943296	python3*1 
2026-09-25T02:46:29+04:00	ck4n-mirror-1m	4	816924	816714	45	12922232832	12331556864	python3*36 pt_gloo_runloop*2 ZMQbg/Reaper*2 ZMQbg/IO/0*2 pt_tcpstore_uv*1 cuda0000240000a*1 
2026-09-25T02:46:29+04:00	ck4n-mirror-1m	4	816925	816714	57	898854912	645001216	python3*49 ZMQbg/Reaper*4 ZMQbg/IO/0*4 
2026-09-25T02:46:39+04:00	ck4n-mirror-1m	4	816698	488	2	25600000	6008832	uv*1 main2*1 
2026-09-25T02:46:39+04:00	ck4n-mirror-1m	4	816714	816698	57	1226690560	964354048	ft*51 ZMQbg/Reaper*3 ZMQbg/IO/0*3 
2026-09-25T02:46:39+04:00	ck4n-mirror-1m	4	816923	816714	1	12783616	5943296	python3*1 
2026-09-25T02:46:39+04:00	ck4n-mirror-1m	4	816924	816714	45	12922454016	12331778048	python3*36 pt_gloo_runloop*2 ZMQbg/Reaper*2 ZMQbg/IO/0*2 pt_tcpstore_uv*1 cuda0000240000a*1 
2026-09-25T02:46:40+04:00	ck4n-mirror-1m	4	816925	816714	57	898854912	645001216	python3*49 ZMQbg/Reaper*4 ZMQbg/IO/0*4 
2026-09-25T02:46:53+04:00	ck4n-mirror-1m	4	816698	488	2	25600000	6008832	uv*1 main2*1 
2026-09-25T02:46:53+04:00	ck4n-mirror-1m	4	816714	816698	57	1226690560	964354048	ft*51 ZMQbg/Reaper*3 ZMQbg/IO/0*3 
2026-09-25T02:46:53+04:00	ck4n-mirror-1m	4	816923	816714	1	12783616	5943296	python3*1 
2026-09-25T02:46:53+04:00	ck4n-mirror-1m	4	816924	816714	45	12922540032	12331864064	python3*36 pt_gloo_runloop*2 ZMQbg/Reaper*2 ZMQbg/IO/0*2 pt_tcpstore_uv*1 cuda0000240000a*1 
2026-09-25T02:46:53+04:00	ck4n-mirror-1m	4	816925	816714	57	898854912	645001216	python3*49 ZMQbg/Reaper*4 ZMQbg/IO/0*4 
2026-09-25T02:47:03+04:00	ck4n-mirror-1m	4	816698	488	2	25600000	6008832	uv*1 main2*1 
2026-09-25T02:47:03+04:00	ck4n-mirror-1m	4	816714	816698	57	1226690560	964354048	ft*51 ZMQbg/Reaper*3 ZMQbg/IO/0*3 
2026-09-25T02:47:03+04:00	ck4n-mirror-1m	4	816923	816714	1	12783616	5943296	python3*1 
2026-09-25T02:47:03+04:00	ck4n-mirror-1m	4	816924	816714	45	12922630144	12331954176	python3*36 pt_gloo_runloop*2 ZMQbg/Reaper*2 ZMQbg/IO/0*2 pt_tcpstore_uv*1 cuda0000240000a*1 
2026-09-25T02:47:03+04:00	ck4n-mirror-1m	4	816925	816714	57	898854912	645001216	python3*49 ZMQbg/Reaper*4 ZMQbg/IO/0*4 
2026-09-25T02:47:13+04:00	ck4n-mirror-1m	4	816698	488	2	25600000	6008832	uv*1 main2*1 
2026-09-25T02:47:13+04:00	ck4n-mirror-1m	4	816714	816698	57	1226690560	964354048	ft*51 ZMQbg/Reaper*3 ZMQbg/IO/0*3 
2026-09-25T02:47:13+04:00	ck4n-mirror-1m	4	816923	816714	1	12783616	5943296	python3*1 
2026-09-25T02:47:13+04:00	ck4n-mirror-1m	4	816924	816714	45	12922732544	12332056576	python3*36 pt_gloo_runloop*2 ZMQbg/Reaper*2 ZMQbg/IO/0*2 pt_tcpstore_uv*1 cuda0000240000a*1 
2026-09-25T02:47:13+04:00	ck4n-mirror-1m	4	816925	816714	57	898854912	645001216	python3*49 ZMQbg/Reaper*4 ZMQbg/IO/0*4 
2026-09-25T02:47:27+04:00	ck4n-mirror-1m	4	816698	488	2	25600000	6008832	uv*1 main2*1 
2026-09-25T02:47:27+04:00	ck4n-mirror-1m	4	816714	816698	57	1226690560	964354048	ft*51 ZMQbg/Reaper*3 ZMQbg/IO/0*3 
2026-09-25T02:47:27+04:00	ck4n-mirror-1m	4	816923	816714	1	12783616	5943296	python3*1 
2026-09-25T02:47:27+04:00	ck4n-mirror-1m	4	816924	816714	45	12922826752	12332150784	python3*36 pt_gloo_runloop*2 ZMQbg/Reaper*2 ZMQbg/IO/0*2 pt_tcpstore_uv*1 cuda0000240000a*1 
2026-09-25T02:47:27+04:00	ck4n-mirror-1m	4	816925	816714	57	898854912	645001216	python3*49 ZMQbg/Reaper*4 ZMQbg/IO/0*4 
2026-09-25T02:47:37+04:00	ck4n-mirror-1m	4	816698	488	2	25600000	6008832	uv*1 main2*1 
2026-09-25T02:47:37+04:00	ck4n-mirror-1m	4	816714	816698	57	1226690560	964354048	ft*51 ZMQbg/Reaper*3 ZMQbg/IO/0*3 
2026-09-25T02:47:37+04:00	ck4n-mirror-1m	4	816923	816714	1	12783616	5943296	python3*1 
2026-09-25T02:47:37+04:00	ck4n-mirror-1m	4	816924	816714	45	12922925056	12332249088	python3*36 pt_gloo_runloop*2 ZMQbg/Reaper*2 ZMQbg/IO/0*2 pt_tcpstore_uv*1 cuda0000240000a*1 
2026-09-25T02:47:37+04:00	ck4n-mirror-1m	4	816925	816714	57	898854912	645001216	python3*49 ZMQbg/Reaper*4 ZMQbg/IO/0*4 
2026-09-25T02:47:47+04:00	ck4n-mirror-1m	4	816698	488	2	25600000	6008832	uv*1 main2*1 
2026-09-25T02:47:47+04:00	ck4n-mirror-1m	4	816714	816698	57	1226690560	964354048	ft*51 ZMQbg/Reaper*3 ZMQbg/IO/0*3 
2026-09-25T02:47:47+04:00	ck4n-mirror-1m	4	816923	816714	1	12783616	5943296	python3*1 
2026-09-25T02:47:47+04:00	ck4n-mirror-1m	4	816924	816714	45	12923011072	12332335104	python3*36 pt_gloo_runloop*2 ZMQbg/Reaper*2 ZMQbg/IO/0*2 pt_tcpstore_uv*1 cuda0000240000a*1 
2026-09-25T02:47:47+04:00	ck4n-mirror-1m	4	816925	816714	57	898854912	645001216	python3*49 ZMQbg/Reaper*4 ZMQbg/IO/0*4 
2026-09-25T02:48:00+04:00	ck4n-mirror-1m	4	816698	488	2	25600000	6008832	uv*1 main2*1 
2026-09-25T02:48:00+04:00	ck4n-mirror-1m	4	816714	816698	57	1226690560	964354048	ft*51 ZMQbg/Reaper*3 ZMQbg/IO/0*3 
2026-09-25T02:48:00+04:00	ck4n-mirror-1m	4	816923	816714	1	12783616	5943296	python3*1 
2026-09-25T02:48:00+04:00	ck4n-mirror-1m	4	816924	816714	45	12923105280	12332429312	python3*36 pt_gloo_runloop*2 ZMQbg/Reaper*2 ZMQbg/IO/0*2 pt_tcpstore_uv*1 cuda0000240000a*1 
2026-09-25T02:48:00+04:00	ck4n-mirror-1m	4	816925	816714	57	898854912	645001216	python3*49 ZMQbg/Reaper*4 ZMQbg/IO/0*4 
2026-09-25T02:48:10+04:00	ck4n-mirror-1m	4	816698	488	2	25600000	6008832	uv*1 main2*1 
2026-09-25T02:48:10+04:00	ck4n-mirror-1m	4	816714	816698	57	1226690560	964354048	ft*51 ZMQbg/Reaper*3 ZMQbg/IO/0*3 
2026-09-25T02:48:10+04:00	ck4n-mirror-1m	4	816923	816714	1	12783616	5943296	python3*1 
2026-09-25T02:48:10+04:00	ck4n-mirror-1m	4	816924	816714	45	12923207680	12332544000	python3*36 pt_gloo_runloop*2 ZMQbg/Reaper*2 ZMQbg/IO/0*2 pt_tcpstore_uv*1 cuda0000240000a*1 
2026-09-25T02:48:11+04:00	ck4n-mirror-1m	4	816925	816714	57	898854912	645001216	python3*49 ZMQbg/Reaper*4 ZMQbg/IO/0*4 
2026-09-25T02:48:21+04:00	ck4n-mirror-1m	4	816698	488	2	25600000	6008832	uv*1 main2*1 
2026-09-25T02:48:21+04:00	ck4n-mirror-1m	4	816714	816698	57	1226690560	964354048	ft*51 ZMQbg/Reaper*3 ZMQbg/IO/0*3 
2026-09-25T02:48:21+04:00	ck4n-mirror-1m	4	816923	816714	1	12783616	5943296	python3*1 
2026-09-25T02:48:21+04:00	ck4n-mirror-1m	4	816924	816714	45	12923330560	12332654592	python3*36 pt_gloo_runloop*2 ZMQbg/Reaper*2 ZMQbg/IO/0*2 pt_tcpstore_uv*1 cuda0000240000a*1 
2026-09-25T02:48:21+04:00	ck4n-mirror-1m	4	816925	816714	57	898854912	645001216	python3*49 ZMQbg/Reaper*4 ZMQbg/IO/0*4 
2026-09-25T02:48:31+04:00	ck4n-mirror-1m	4	816698	488	2	25600000	6008832	uv*1 main2*1 
2026-09-25T02:48:31+04:00	ck4n-mirror-1m	4	816714	816698	57	1226690560	964354048	ft*51 ZMQbg/Reaper*3 ZMQbg/IO/0*3 
2026-09-25T02:48:31+04:00	ck4n-mirror-1m	4	816923	816714	1	12783616	5943296	python3*1 
2026-09-25T02:48:31+04:00	ck4n-mirror-1m	4	816924	816714	45	12923432960	12332777472	python3*36 pt_gloo_runloop*2 ZMQbg/Reaper*2 ZMQbg/IO/0*2 pt_tcpstore_uv*1 cuda0000240000a*1 
2026-09-25T02:48:31+04:00	ck4n-mirror-1m	4	816925	816714	57	898854912	645001216	python3*49 ZMQbg/Reaper*4 ZMQbg/IO/0*4 
2026-09-25T02:48:44+04:00	ck4n-mirror-1m	4	816698	488	2	25600000	6008832	uv*1 main2*1 
2026-09-25T02:48:44+04:00	ck4n-mirror-1m	4	816714	816698	57	1226690560	964354048	ft*51 ZMQbg/Reaper*3 ZMQbg/IO/0*3 
2026-09-25T02:48:44+04:00	ck4n-mirror-1m	4	816923	816714	1	12783616	5943296	python3*1 
2026-09-25T02:48:44+04:00	ck4n-mirror-1m	4	816924	816714	45	12923531264	12332855296	python3*36 pt_gloo_runloop*2 ZMQbg/Reaper*2 ZMQbg/IO/0*2 pt_tcpstore_uv*1 cuda0000240000a*1 
2026-09-25T02:48:45+04:00	ck4n-mirror-1m	4	816925	816714	57	898854912	645001216	python3*49 ZMQbg/Reaper*4 ZMQbg/IO/0*4 
2026-09-25T02:48:55+04:00	ck4n-mirror-1m	4	816698	488	2	25600000	6008832	uv*1 main2*1 
2026-09-25T02:48:55+04:00	ck4n-mirror-1m	4	816714	816698	57	1226690560	964354048	ft*51 ZMQbg/Reaper*3 ZMQbg/IO/0*3 
2026-09-25T02:48:55+04:00	ck4n-mirror-1m	4	816923	816714	1	12783616	5943296	python3*1 
2026-09-25T02:48:55+04:00	ck4n-mirror-1m	4	816924	816714	45	12923650048	12332974080	python3*36 pt_gloo_runloop*2 ZMQbg/Reaper*2 ZMQbg/IO/0*2 pt_tcpstore_uv*1 cuda0000240000a*1 
2026-09-25T02:48:55+04:00	ck4n-mirror-1m	4	816925	816714	57	898854912	645001216	python3*49 ZMQbg/Reaper*4 ZMQbg/IO/0*4 
2026-09-25T02:49:05+04:00	ck4n-mirror-1m	4	816698	488	2	25600000	6008832	uv*1 main2*1 
2026-09-25T02:49:05+04:00	ck4n-mirror-1m	4	816714	816698	57	1226690560	964354048	ft*51 ZMQbg/Reaper*3 ZMQbg/IO/0*3 
2026-09-25T02:49:05+04:00	ck4n-mirror-1m	4	816923	816714	1	12783616	5943296	python3*1 
2026-09-25T02:49:05+04:00	ck4n-mirror-1m	4	816924	816714	45	12923764736	12333088768	python3*36 pt_gloo_runloop*2 ZMQbg/Reaper*2 ZMQbg/IO/0*2 pt_tcpstore_uv*1 cuda0000240000a*1 
2026-09-25T02:49:05+04:00	ck4n-mirror-1m	4	816925	816714	57	898854912	645001216	python3*49 ZMQbg/Reaper*4 ZMQbg/IO/0*4 
2026-09-25T02:49:17+04:00	ck4n-mirror-1m	4	816698	488	2	25600000	6008832	uv*1 main2*1 
2026-09-25T02:49:17+04:00	ck4n-mirror-1m	4	816714	816698	57	1226690560	964354048	ft*51 ZMQbg/Reaper*3 ZMQbg/IO/0*3 
2026-09-25T02:49:17+04:00	ck4n-mirror-1m	4	816923	816714	1	12783616	5943296	python3*1 
2026-09-25T02:49:17+04:00	ck4n-mirror-1m	4	816924	816714	45	12923883520	12333207552	python3*36 pt_gloo_runloop*2 ZMQbg/Reaper*2 ZMQbg/IO/0*2 pt_tcpstore_uv*1 cuda0000240000a*1 
2026-09-25T02:49:17+04:00	ck4n-mirror-1m	4	816925	816714	57	898854912	645001216	python3*49 ZMQbg/Reaper*4 ZMQbg/IO/0*4 
2026-09-25T02:49:27+04:00	ck4n-mirror-1m	4	816698	488	2	25600000	6008832	uv*1 main2*1 
2026-09-25T02:49:27+04:00	ck4n-mirror-1m	4	816714	816698	57	1226690560	964354048	ft*51 ZMQbg/Reaper*3 ZMQbg/IO/0*3 
2026-09-25T02:49:27+04:00	ck4n-mirror-1m	4	816923	816714	1	12783616	5943296	python3*1 
2026-09-25T02:49:27+04:00	ck4n-mirror-1m	4	816924	816714	45	12923985920	12333309952	python3*36 pt_gloo_runloop*2 ZMQbg/Reaper*2 ZMQbg/IO/0*2 pt_tcpstore_uv*1 cuda0000240000a*1 
2026-09-25T02:49:28+04:00	ck4n-mirror-1m	4	816925	816714	57	898854912	645001216	python3*49 ZMQbg/Reaper*4 ZMQbg/IO/0*4 
2026-09-25T02:49:38+04:00	ck4n-mirror-1m	4	816698	488	2	25600000	6008832	uv*1 main2*1 
2026-09-25T02:49:38+04:00	ck4n-mirror-1m	4	816714	816698	57	1226690560	964354048	ft*51 ZMQbg/Reaper*3 ZMQbg/IO/0*3 
2026-09-25T02:49:38+04:00	ck4n-mirror-1m	4	816923	816714	1	12783616	5943296	python3*1 
2026-09-25T02:49:38+04:00	ck4n-mirror-1m	4	816924	816714	45	12924100608	12333424640	python3*36 pt_gloo_runloop*2 ZMQbg/Reaper*2 ZMQbg/IO/0*2 pt_tcpstore_uv*1 cuda0000240000a*1 
2026-09-25T02:49:38+04:00	ck4n-mirror-1m	4	816925	816714	57	898854912	645001216	python3*49 ZMQbg/Reaper*4 ZMQbg/IO/0*4 
2026-09-25T02:49:51+04:00	ck4n-mirror-1m	4	816698	488	2	25600000	6008832	uv*1 main2*1 
2026-09-25T02:49:51+04:00	ck4n-mirror-1m	4	816714	816698	57	1226690560	964354048	ft*51 ZMQbg/Reaper*3 ZMQbg/IO/0*3 
2026-09-25T02:49:51+04:00	ck4n-mirror-1m	4	816923	816714	1	12783616	5943296	python3*1 
2026-09-25T02:49:51+04:00	ck4n-mirror-1m	4	816924	816714	45	12924211200	12333535232	python3*36 pt_gloo_runloop*2 ZMQbg/Reaper*2 ZMQbg/IO/0*2 pt_tcpstore_uv*1 cuda0000240000a*1 
2026-09-25T02:49:51+04:00	ck4n-mirror-1m	4	816925	816714	57	898854912	645001216	python3*49 ZMQbg/Reaper*4 ZMQbg/IO/0*4 
2026-09-25T02:50:02+04:00	ck4n-mirror-1m	4	816698	488	2	25600000	6008832	uv*1 main2*1 
2026-09-25T02:50:02+04:00	ck4n-mirror-1m	4	816714	816698	57	1226690560	964354048	ft*51 ZMQbg/Reaper*3 ZMQbg/IO/0*3 
2026-09-25T02:50:02+04:00	ck4n-mirror-1m	4	816923	816714	1	12783616	5943296	python3*1 
2026-09-25T02:50:02+04:00	ck4n-mirror-1m	4	816924	816714	45	12924297216	12333621248	python3*36 pt_gloo_runloop*2 ZMQbg/Reaper*2 ZMQbg/IO/0*2 pt_tcpstore_uv*1 cuda0000240000a*1 
2026-09-25T02:50:02+04:00	ck4n-mirror-1m	4	816925	816714	57	898854912	645001216	python3*49 ZMQbg/Reaper*4 ZMQbg/IO/0*4 
2026-09-25T02:50:12+04:00	ck4n-mirror-1m	4	816698	488	2	25600000	6008832	uv*1 main2*1 
2026-09-25T02:50:12+04:00	ck4n-mirror-1m	4	816714	816698	57	1226690560	964354048	ft*51 ZMQbg/Reaper*3 ZMQbg/IO/0*3 
2026-09-25T02:50:12+04:00	ck4n-mirror-1m	4	816923	816714	1	12783616	5943296	python3*1 
2026-09-25T02:50:12+04:00	ck4n-mirror-1m	4	816924	816714	45	12924416000	12333740032	python3*36 pt_gloo_runloop*2 ZMQbg/Reaper*2 ZMQbg/IO/0*2 pt_tcpstore_uv*1 cuda0000240000a*1 
2026-09-25T02:50:12+04:00	ck4n-mirror-1m	4	816925	816714	57	898854912	645001216	python3*49 ZMQbg/Reaper*4 ZMQbg/IO/0*4 
2026-09-25T02:50:24+04:00	ck4n-mirror-1m	4	816698	488	2	25600000	6008832	uv*1 main2*1 
2026-09-25T02:50:24+04:00	ck4n-mirror-1m	4	816714	816698	57	1226690560	964354048	ft*51 ZMQbg/Reaper*3 ZMQbg/IO/0*3 
2026-09-25T02:50:24+04:00	ck4n-mirror-1m	4	816923	816714	1	12783616	5943296	python3*1 
2026-09-25T02:50:24+04:00	ck4n-mirror-1m	4	816924	816714	45	12924522496	12333846528	python3*36 pt_gloo_runloop*2 ZMQbg/Reaper*2 ZMQbg/IO/0*2 pt_tcpstore_uv*1 cuda0000240000a*1 
2026-09-25T02:50:24+04:00	ck4n-mirror-1m	4	816925	816714	57	898854912	645001216	python3*49 ZMQbg/Reaper*4 ZMQbg/IO/0*4 
2026-09-25T02:50:34+04:00	ck4n-mirror-1m	4	816698	488	2	25600000	6008832	uv*1 main2*1 
2026-09-25T02:50:34+04:00	ck4n-mirror-1m	4	816714	816698	57	1226690560	964354048	ft*51 ZMQbg/Reaper*3 ZMQbg/IO/0*3 
2026-09-25T02:50:34+04:00	ck4n-mirror-1m	4	816923	816714	1	12783616	5943296	python3*1 
2026-09-25T02:50:34+04:00	ck4n-mirror-1m	4	816924	816714	45	12924645376	12333969408	python3*36 pt_gloo_runloop*2 ZMQbg/Reaper*2 ZMQbg/IO/0*2 pt_tcpstore_uv*1 cuda0000240000a*1 
2026-09-25T02:50:34+04:00	ck4n-mirror-1m	4	816925	816714	57	898854912	645001216	python3*49 ZMQbg/Reaper*4 ZMQbg/IO/0*4 
2026-09-25T02:50:44+04:00	ck4n-mirror-1m	4	816698	488	2	25600000	6008832	uv*1 main2*1 
2026-09-25T02:50:44+04:00	ck4n-mirror-1m	4	816714	816698	57	1226690560	964354048	ft*51 ZMQbg/Reaper*3 ZMQbg/IO/0*3 
2026-09-25T02:50:44+04:00	ck4n-mirror-1m	4	816923	816714	1	12783616	5943296	python3*1 
2026-09-25T02:50:44+04:00	ck4n-mirror-1m	4	816924	816714	45	12924747776	12334071808	python3*36 pt_gloo_runloop*2 ZMQbg/Reaper*2 ZMQbg/IO/0*2 pt_tcpstore_uv*1 cuda0000240000a*1 
2026-09-25T02:50:44+04:00	ck4n-mirror-1m	4	816925	816714	57	898854912	645001216	python3*49 ZMQbg/Reaper*4 ZMQbg/IO/0*4 
2026-09-25T02:50:58+04:00	ck4n-mirror-1m	4	816698	488	2	25600000	6008832	uv*1 main2*1 
2026-09-25T02:50:58+04:00	ck4n-mirror-1m	4	816714	816698	57	1226690560	964354048	ft*51 ZMQbg/Reaper*3 ZMQbg/IO/0*3 
2026-09-25T02:50:58+04:00	ck4n-mirror-1m	4	816923	816714	1	12783616	5943296	python3*1 
2026-09-25T02:50:58+04:00	ck4n-mirror-1m	4	816924	816714	45	12924846080	12334170112	python3*36 pt_gloo_runloop*2 ZMQbg/Reaper*2 ZMQbg/IO/0*2 pt_tcpstore_uv*1 cuda0000240000a*1 
2026-09-25T02:50:58+04:00	ck4n-mirror-1m	4	816925	816714	57	898854912	645001216	python3*49 ZMQbg/Reaper*4 ZMQbg/IO/0*4 
2026-09-25T02:51:08+04:00	ck4n-mirror-1m	4	816698	488	2	25600000	6008832	uv*1 main2*1 
2026-09-25T02:51:08+04:00	ck4n-mirror-1m	4	816714	816698	57	1226690560	964354048	ft*51 ZMQbg/Reaper*3 ZMQbg/IO/0*3 
2026-09-25T02:51:08+04:00	ck4n-mirror-1m	4	816923	816714	1	12783616	5943296	python3*1 
2026-09-25T02:51:08+04:00	ck4n-mirror-1m	4	816924	816714	45	12924952576	12334276608	python3*36 pt_gloo_runloop*2 ZMQbg/Reaper*2 ZMQbg/IO/0*2 pt_tcpstore_uv*1 cuda0000240000a*1 
2026-09-25T02:51:08+04:00	ck4n-mirror-1m	4	816925	816714	57	898854912	645001216	python3*49 ZMQbg/Reaper*4 ZMQbg/IO/0*4 
2026-09-25T02:51:18+04:00	ck4n-mirror-1m	4	816698	488	2	25600000	6008832	uv*1 main2*1 
2026-09-25T02:51:18+04:00	ck4n-mirror-1m	4	816714	816698	57	1226690560	964354048	ft*51 ZMQbg/Reaper*3 ZMQbg/IO/0*3 
2026-09-25T02:51:18+04:00	ck4n-mirror-1m	4	816923	816714	1	12783616	5943296	python3*1 
2026-09-25T02:51:18+04:00	ck4n-mirror-1m	4	816924	816714	45	12926132224	12335456256	python3*36 pt_gloo_runloop*2 ZMQbg/Reaper*2 ZMQbg/IO/0*2 pt_tcpstore_uv*1 cuda0000240000a*1 
2026-09-25T02:51:18+04:00	ck4n-mirror-1m	4	816925	816714	57	898854912	645001216	python3*49 ZMQbg/Reaper*4 ZMQbg/IO/0*4 
2026-09-25T02:51:31+04:00	ck4n-mirror-1m	4	816698	488	2	25600000	6008832	uv*1 main2*1 
2026-09-25T02:51:31+04:00	ck4n-mirror-1m	4	816714	816698	57	1226690560	964354048	ft*51 ZMQbg/Reaper*3 ZMQbg/IO/0*3 
2026-09-25T02:51:31+04:00	ck4n-mirror-1m	4	816923	816714	1	12783616	5943296	python3*1 
2026-09-25T02:51:31+04:00	ck4n-mirror-1m	4	816924	816714	45	12926132224	12335456256	python3*36 pt_gloo_runloop*2 ZMQbg/Reaper*2 ZMQbg/IO/0*2 pt_tcpstore_uv*1 cuda0000240000a*1 
2026-09-25T02:51:31+04:00	ck4n-mirror-1m	4	816925	816714	57	898854912	645001216	python3*49 ZMQbg/Reaper*4 ZMQbg/IO/0*4 
2026-09-25T02:51:41+04:00	ck4n-mirror-1m	4	816698	488	2	25600000	6008832	uv*1 main2*1 
2026-09-25T02:51:41+04:00	ck4n-mirror-1m	4	816714	816698	57	1226690560	964354048	ft*51 ZMQbg/Reaper*3 ZMQbg/IO/0*3 
2026-09-25T02:51:41+04:00	ck4n-mirror-1m	4	816923	816714	1	12783616	5943296	python3*1 
2026-09-25T02:51:41+04:00	ck4n-mirror-1m	4	816924	816714	45	12926124032	12335448064	python3*36 pt_gloo_runloop*2 ZMQbg/Reaper*2 ZMQbg/IO/0*2 pt_tcpstore_uv*1 cuda0000240000a*1 
2026-09-25T02:51:41+04:00	ck4n-mirror-1m	4	816925	816714	57	898854912	645001216	python3*49 ZMQbg/Reaper*4 ZMQbg/IO/0*4 
2026-09-25T02:51:51+04:00	ck4n-mirror-1m	4	816698	488	2	25600000	6008832	uv*1 main2*1 
2026-09-25T02:51:51+04:00	ck4n-mirror-1m	4	816714	816698	57	1226690560	964354048	ft*51 ZMQbg/Reaper*3 ZMQbg/IO/0*3 
2026-09-25T02:51:51+04:00	ck4n-mirror-1m	4	816923	816714	1	12783616	5943296	python3*1 
2026-09-25T02:51:51+04:00	ck4n-mirror-1m	4	816924	816714	45	12926128128	12335452160	python3*36 pt_gloo_runloop*2 ZMQbg/Reaper*2 ZMQbg/IO/0*2 pt_tcpstore_uv*1 cuda0000240000a*1 
2026-09-25T02:51:51+04:00	ck4n-mirror-1m	4	816925	816714	57	898854912	645001216	python3*49 ZMQbg/Reaper*4 ZMQbg/IO/0*4 
2026-09-25T02:52:05+04:00	ck4n-mirror-1m	4	816698	488	2	25600000	6008832	uv*1 main2*1 
2026-09-25T02:52:05+04:00	ck4n-mirror-1m	4	816714	816698	57	1226690560	964354048	ft*51 ZMQbg/Reaper*3 ZMQbg/IO/0*3 
2026-09-25T02:52:05+04:00	ck4n-mirror-1m	4	816923	816714	1	12783616	5943296	python3*1 
2026-09-25T02:52:05+04:00	ck4n-mirror-1m	4	816924	816714	45	12926156800	12335480832	python3*36 pt_gloo_runloop*2 ZMQbg/Reaper*2 ZMQbg/IO/0*2 pt_tcpstore_uv*1 cuda0000240000a*1 
2026-09-25T02:52:05+04:00	ck4n-mirror-1m	4	816925	816714	57	898854912	645001216	python3*49 ZMQbg/Reaper*4 ZMQbg/IO/0*4 
2026-09-25T02:52:15+04:00	ck4n-mirror-1m	4	816698	488	2	25600000	6008832	uv*1 main2*1 
2026-09-25T02:52:15+04:00	ck4n-mirror-1m	4	816714	816698	57	1226690560	964354048	ft*51 ZMQbg/Reaper*3 ZMQbg/IO/0*3 
2026-09-25T02:52:15+04:00	ck4n-mirror-1m	4	816923	816714	1	12783616	5943296	python3*1 
2026-09-25T02:52:15+04:00	ck4n-mirror-1m	4	816924	816714	45	12926451712	12335775744	python3*36 pt_gloo_runloop*2 ZMQbg/Reaper*2 ZMQbg/IO/0*2 pt_tcpstore_uv*1 cuda0000240000a*1 
2026-09-25T02:52:15+04:00	ck4n-mirror-1m	4	816925	816714	57	898854912	645001216	python3*49 ZMQbg/Reaper*4 ZMQbg/IO/0*4 
2026-09-25T02:52:25+04:00	ck4n-mirror-1m	4	816698	488	2	25600000	6008832	uv*1 main2*1 
2026-09-25T02:52:25+04:00	ck4n-mirror-1m	4	816714	816698	57	1226690560	964354048	ft*51 ZMQbg/Reaper*3 ZMQbg/IO/0*3 
2026-09-25T02:52:25+04:00	ck4n-mirror-1m	4	816923	816714	1	12783616	5943296	python3*1 
2026-09-25T02:52:25+04:00	ck4n-mirror-1m	4	816924	816714	45	12926451712	12335775744	python3*36 pt_gloo_runloop*2 ZMQbg/Reaper*2 ZMQbg/IO/0*2 pt_tcpstore_uv*1 cuda0000240000a*1 
2026-09-25T02:52:25+04:00	ck4n-mirror-1m	4	816925	816714	57	898854912	645001216	python3*49 ZMQbg/Reaper*4 ZMQbg/IO/0*4 
2026-09-25T02:52:35+04:00	ck4n-mirror-1m	4	816698	488	2	25600000	6008832	uv*1 main2*1 
2026-09-25T02:52:35+04:00	ck4n-mirror-1m	4	816714	816698	57	1226690560	964354048	ft*51 ZMQbg/Reaper*3 ZMQbg/IO/0*3 
2026-09-25T02:52:35+04:00	ck4n-mirror-1m	4	816923	816714	1	12783616	5943296	python3*1 
2026-09-25T02:52:35+04:00	ck4n-mirror-1m	4	816924	816714	45	12926488576	12335812608	python3*36 pt_gloo_runloop*2 ZMQbg/Reaper*2 ZMQbg/IO/0*2 pt_tcpstore_uv*1 cuda0000240000a*1 
2026-09-25T02:52:36+04:00	ck4n-mirror-1m	4	816925	816714	57	898854912	645001216	python3*49 ZMQbg/Reaper*4 ZMQbg/IO/0*4 
2026-09-25T02:52:49+04:00	ck4n-mirror-1m	4	816698	488	2	25600000	6008832	uv*1 main2*1 
2026-09-25T02:52:49+04:00	ck4n-mirror-1m	4	816714	816698	57	1226690560	964354048	ft*51 ZMQbg/Reaper*3 ZMQbg/IO/0*3 
2026-09-25T02:52:49+04:00	ck4n-mirror-1m	4	816923	816714	1	12783616	5943296	python3*1 
2026-09-25T02:52:49+04:00	ck4n-mirror-1m	4	816924	816714	45	12926488576	12335812608	python3*36 pt_gloo_runloop*2 ZMQbg/Reaper*2 ZMQbg/IO/0*2 pt_tcpstore_uv*1 cuda0000240000a*1 
2026-09-25T02:52:49+04:00	ck4n-mirror-1m	4	816925	816714	57	898854912	645001216	python3*49 ZMQbg/Reaper*4 ZMQbg/IO/0*4 
2026-09-25T02:52:59+04:00	ck4n-mirror-1m	4	816698	488	2	25600000	6008832	uv*1 main2*1 
2026-09-25T02:52:59+04:00	ck4n-mirror-1m	4	816714	816698	57	1238704128	976367616	ft*51 ZMQbg/Reaper*3 ZMQbg/IO/0*3 
2026-09-25T02:52:59+04:00	ck4n-mirror-1m	4	816923	816714	1	12783616	5943296	python3*1 
2026-09-25T02:52:59+04:00	ck4n-mirror-1m	4	816924	816714	45	12926525440	12335849472	python3*36 pt_gloo_runloop*2 ZMQbg/Reaper*2 ZMQbg/IO/0*2 pt_tcpstore_uv*1 cuda0000240000a*1 
2026-09-25T02:52:59+04:00	ck4n-mirror-1m	4	816925	816714	57	945991680	692137984	python3*49 ZMQbg/Reaper*4 ZMQbg/IO/0*4 
2026-09-25T02:53:09+04:00	ck4n-mirror-1m	4	816698	488	2	25600000	6008832	uv*1 main2*1 
2026-09-25T02:53:09+04:00	ck4n-mirror-1m	4	816714	816698	57	1238704128	976367616	ft*51 ZMQbg/Reaper*3 ZMQbg/IO/0*3 
2026-09-25T02:53:09+04:00	ck4n-mirror-1m	4	816923	816714	1	12783616	5943296	python3*1 
2026-09-25T02:53:09+04:00	ck4n-mirror-1m	4	816924	816714	45	12926525440	12335849472	python3*36 pt_gloo_runloop*2 ZMQbg/Reaper*2 ZMQbg/IO/0*2 pt_tcpstore_uv*1 cuda0000240000a*1 
2026-09-25T02:53:09+04:00	ck4n-mirror-1m	4	816925	816714	57	945991680	692137984	python3*49 ZMQbg/Reaper*4 ZMQbg/IO/0*4 
2026-09-25T02:53:23+04:00	ck4n-mirror-1m	4	816698	488	2	25600000	6008832	uv*1 main2*1 
2026-09-25T02:53:23+04:00	ck4n-mirror-1m	4	816714	816698	57	1238704128	976367616	ft*51 ZMQbg/Reaper*3 ZMQbg/IO/0*3 
2026-09-25T02:53:23+04:00	ck4n-mirror-1m	4	816923	816714	1	12783616	5943296	python3*1 
2026-09-25T02:53:23+04:00	ck4n-mirror-1m	4	816924	816714	45	12926525440	12335849472	python3*36 pt_gloo_runloop*2 ZMQbg/Reaper*2 ZMQbg/IO/0*2 pt_tcpstore_uv*1 cuda0000240000a*1 
2026-09-25T02:53:23+04:00	ck4n-mirror-1m	4	816925	816714	57	945991680	692137984	python3*49 ZMQbg/Reaper*4 ZMQbg/IO/0*4 
2026-09-25T02:53:33+04:00	ck4n-mirror-1m	4	816698	488	2	25600000	6008832	uv*1 main2*1 
2026-09-25T02:53:33+04:00	ck4n-mirror-1m	4	816714	816698	57	1238704128	976367616	ft*51 ZMQbg/Reaper*3 ZMQbg/IO/0*3 
2026-09-25T02:53:33+04:00	ck4n-mirror-1m	4	816923	816714	1	12783616	5943296	python3*1 
2026-09-25T02:53:33+04:00	ck4n-mirror-1m	4	816924	816714	45	12926525440	12335849472	python3*36 pt_gloo_runloop*2 ZMQbg/Reaper*2 ZMQbg/IO/0*2 pt_tcpstore_uv*1 cuda0000240000a*1 
2026-09-25T02:53:33+04:00	ck4n-mirror-1m	4	816925	816714	57	945991680	692137984	python3*49 ZMQbg/Reaper*4 ZMQbg/IO/0*4 
2026-09-25T02:53:43+04:00	ck4n-mirror-1m	4	816698	488	2	25600000	6008832	uv*1 main2*1 
2026-09-25T02:53:43+04:00	ck4n-mirror-1m	4	816714	816698	57	1238704128	976367616	ft*51 ZMQbg/Reaper*3 ZMQbg/IO/0*3 
2026-09-25T02:53:43+04:00	ck4n-mirror-1m	4	816923	816714	1	12783616	5943296	python3*1 
2026-09-25T02:53:43+04:00	ck4n-mirror-1m	4	816924	816714	45	12926525440	12335849472	python3*36 pt_gloo_runloop*2 ZMQbg/Reaper*2 ZMQbg/IO/0*2 pt_tcpstore_uv*1 cuda0000240000a*1 
2026-09-25T02:53:43+04:00	ck4n-mirror-1m	4	816925	816714	57	945991680	692137984	python3*49 ZMQbg/Reaper*4 ZMQbg/IO/0*4 
