ts	unit	probes_done	pid	ppid	threads	rss	anon	thread_names
2026-09-28T08:58:00+04:00	ck9s-replay	0	1210704	363	2	26374144	6062080	uv*1 main2*1 
2026-09-28T08:58:00+04:00	ck9s-replay	0	1210721	1210704	22	703963136	422760448	ft*18 ZMQbg/Reaper*2 ZMQbg/IO/0*2 
2026-09-28T08:58:00+04:00	ck9s-replay	0	1210816	1210721	1	12771328	5943296	python3*1 
2026-09-28T08:58:00+04:00	ck9s-replay	0	1210817	1210721	41	14201663488	1001926656	python3*36 pt_gloo_runloop*2 pt_tcpstore_uv*1 cuda0000240000a*1 cuda-EvtHandlr*1 
2026-09-28T08:58:01+04:00	ck9s-replay	0	1210818	1210721	23	883646464	607350784	python3*17 ZMQbg/Reaper*3 ZMQbg/IO/0*3 
2026-09-28T08:58:11+04:00	ck9s-replay	0	1210704	363	2	25989120	6062080	uv*1 main2*1 
2026-09-28T08:58:11+04:00	ck9s-replay	0	1210721	1210704	22	679149568	422760448	ft*18 ZMQbg/Reaper*2 ZMQbg/IO/0*2 
2026-09-28T08:58:11+04:00	ck9s-replay	0	1210816	1210721	1	12759040	5943296	python3*1 
2026-09-28T08:58:11+04:00	ck9s-replay	0	1210817	1210721	41	23143837696	1002377216	python3*36 pt_gloo_runloop*2 pt_tcpstore_uv*1 cuda0000240000a*1 cuda-EvtHandlr*1 
2026-09-28T08:58:11+04:00	ck9s-replay	0	1210818	1210721	23	858255360	607350784	python3*17 ZMQbg/Reaper*3 ZMQbg/IO/0*3 
2026-09-28T08:58:21+04:00	ck9s-replay	0	1210704	363	2	19828736	28672	uv*1 main2*1 
2026-09-28T08:58:21+04:00	ck9s-replay	0	1210721	1210704	22	593461248	363057152	ft*18 ZMQbg/Reaper*2 ZMQbg/IO/0*2 
2026-09-28T08:58:21+04:00	ck9s-replay	0	1210816	1210721	1	12738560	5943296	python3*1 
2026-09-28T08:58:21+04:00	ck9s-replay	0	1210817	1210721	41	23716577280	1248468992	python3*36 pt_gloo_runloop*2 pt_tcpstore_uv*1 cuda0000240000a*1 cuda-EvtHandlr*1 
2026-09-28T08:58:21+04:00	ck9s-replay	0	1210818	1210721	23	833470464	607350784	python3*17 ZMQbg/Reaper*3 ZMQbg/IO/0*3 
2026-09-28T08:58:21+04:00	ck9s-replay	0	1213003	1210817	1	4780032	774144	ninja*1 
2026-09-28T08:58:21+04:00	ck9s-replay	0	1213004	1213003	1	1941504	118784	sh*1 
2026-09-28T08:58:21+04:00	ck9s-replay	0	1213005	1213003	1	1941504	118784	sh*1 
2026-09-28T08:58:21+04:00	ck9s-replay	0	1213006	1213004	1	6385664	1921024	nvcc*1 
2026-09-28T08:58:21+04:00	ck9s-replay	0	1213007	1213005	1	6336512	1855488	nvcc*1 
2026-09-28T08:58:21+04:00	ck9s-replay	0	1213069	1213007	1	1941504	118784	sh*1 
2026-09-28T08:58:21+04:00	ck9s-replay	0	1213070	1213069	1	2879488	180224	gcc*1 
2026-09-28T08:58:21+04:00	ck9s-replay	0	1213071	1213070	1	400920576	375603200	cc1plus*1 
2026-09-28T08:58:21+04:00	ck9s-replay	0	1213101	1213006	1	1933312	110592	sh*1 
2026-09-28T08:58:21+04:00	ck9s-replay	0	1213102	1213101	1	303710208	259166208	cicc*1 
2026-09-28T08:58:31+04:00	ck9s-replay	0	1210704	363	2	19828736	28672	uv*1 main2*1 
2026-09-28T08:58:31+04:00	ck9s-replay	0	1210721	1210704	22	593473536	363069440	ft*18 ZMQbg/Reaper*2 ZMQbg/IO/0*2 
2026-09-28T08:58:31+04:00	ck9s-replay	0	1210816	1210721	1	12738560	5943296	python3*1 
2026-09-28T08:58:31+04:00	ck9s-replay	0	1210817	1210721	41	23716577280	1248468992	python3*36 pt_gloo_runloop*2 pt_tcpstore_uv*1 cuda0000240000a*1 cuda-EvtHandlr*1 
2026-09-28T08:58:32+04:00	ck9s-replay	0	1210818	1210721	23	833470464	607350784	python3*17 ZMQbg/Reaper*3 ZMQbg/IO/0*3 
2026-09-28T08:58:32+04:00	ck9s-replay	0	1213003	1210817	1	4808704	802816	ninja*1 
2026-09-28T08:58:32+04:00	ck9s-replay	0	1213004	1213003	1	1941504	118784	sh*1 
2026-09-28T08:58:32+04:00	ck9s-replay	0	1213006	1213004	1	6385664	1921024	nvcc*1 
2026-09-28T08:58:32+04:00	ck9s-replay	0	1213852	1213006	1	1937408	118784	sh*1 
2026-09-28T08:58:32+04:00	ck9s-replay	0	1213853	1213852	1	2879488	180224	gcc*1 
2026-09-28T08:58:32+04:00	ck9s-replay	0	1213854	1213853	1	410341376	384110592	cc1plus*1 
2026-09-28T08:58:45+04:00	ck9s-replay	0	1210704	363	2	12312576	28672	uv*1 main2*1 
2026-09-28T08:58:45+04:00	ck9s-replay	0	1210721	1210704	22	583782400	363073536	ft*18 ZMQbg/Reaper*2 ZMQbg/IO/0*2 
2026-09-28T08:58:45+04:00	ck9s-replay	0	1210816	1210721	1	12738560	5943296	python3*1 
2026-09-28T08:58:45+04:00	ck9s-replay	0	1210817	1210721	41	22365442048	1533833216	python3*36 pt_gloo_runloop*2 pt_tcpstore_uv*1 cuda0000240000a*1 cuda-EvtHandlr*1 
2026-09-28T08:58:46+04:00	ck9s-replay	0	1210818	1210721	23	823775232	607350784	python3*17 ZMQbg/Reaper*3 ZMQbg/IO/0*3 
2026-09-28T08:58:46+04:00	ck9s-replay	0	1214397	1210817	1	5140480	1134592	ninja*1 
2026-09-28T08:58:46+04:00	ck9s-replay	0	1214398	1214397	1	1945600	122880	sh*1 
2026-09-28T08:58:46+04:00	ck9s-replay	0	1214399	1214397	1	1945600	122880	sh*1 
2026-09-28T08:58:46+04:00	ck9s-replay	0	1214400	1214397	1	1945600	122880	sh*1 
2026-09-28T08:58:46+04:00	ck9s-replay	0	1214401	1214398	1	6467584	2035712	nvcc*1 
2026-09-28T08:58:46+04:00	ck9s-replay	0	1214402	1214397	1	1949696	126976	sh*1 
2026-09-28T08:58:46+04:00	ck9s-replay	0	1214403	1214399	1	6516736	2035712	nvcc*1 
2026-09-28T08:58:46+04:00	ck9s-replay	0	1214405	1214400	1	6496256	2039808	nvcc*1 
2026-09-28T08:58:46+04:00	ck9s-replay	0	1214407	1214402	1	6545408	2035712	nvcc*1 
2026-09-28T08:58:46+04:00	ck9s-replay	0	1215021	1214401	1	1945600	122880	sh*1 
2026-09-28T08:58:46+04:00	ck9s-replay	0	1215022	1215021	1	2883584	184320	gcc*1 
2026-09-28T08:58:46+04:00	ck9s-replay	0	1215023	1215022	1	197021696	179187712	cc1plus*1 
2026-09-28T08:58:46+04:00	ck9s-replay	0	1215026	1214407	1	1941504	118784	sh*1 
2026-09-28T08:58:46+04:00	ck9s-replay	0	1215027	1215026	1	2883584	184320	gcc*1 
2026-09-28T08:58:46+04:00	ck9s-replay	0	1215028	1215027	1	186105856	169504768	cc1plus*1 
2026-09-28T08:58:46+04:00	ck9s-replay	0	1215034	1214403	1	1941504	118784	sh*1 
2026-09-28T08:58:46+04:00	ck9s-replay	0	1215035	1215034	1	2883584	184320	gcc*1 
2026-09-28T08:58:46+04:00	ck9s-replay	0	1215036	1215035	1	187793408	170438656	cc1plus*1 
2026-09-28T08:58:56+04:00	ck9s-replay	0	1210704	363	2	12312576	28672	uv*1 main2*1 
2026-09-28T08:58:56+04:00	ck9s-replay	0	1210721	1210704	22	583782400	363073536	ft*18 ZMQbg/Reaper*2 ZMQbg/IO/0*2 
2026-09-28T08:58:56+04:00	ck9s-replay	0	1210816	1210721	1	12738560	5943296	python3*1 
2026-09-28T08:58:56+04:00	ck9s-replay	0	1210817	1210721	41	22629908480	1791574016	python3*36 pt_gloo_runloop*2 pt_tcpstore_uv*1 cuda0000240000a*1 cuda-EvtHandlr*1 
2026-09-28T08:58:56+04:00	ck9s-replay	0	1210818	1210721	23	823775232	607350784	python3*17 ZMQbg/Reaper*3 ZMQbg/IO/0*3 
2026-09-28T08:58:56+04:00	ck9s-replay	0	1215759	1210817	1	4648960	671744	ninja*1 
2026-09-28T08:58:56+04:00	ck9s-replay	0	1215760	1215759	1	1937408	114688	sh*1 
2026-09-28T08:58:56+04:00	ck9s-replay	0	1215762	1215760	1	6324224	1859584	nvcc*1 
2026-09-28T08:58:56+04:00	ck9s-replay	0	1215884	1215762	1	1941504		sh*1 
2026-09-28T08:59:06+04:00	ck9s-replay	0	1210704	363	2	12312576	28672	uv*1 main2*1 
2026-09-28T08:59:06+04:00	ck9s-replay	0	1210721	1210704	39	792408064	564609024	ft*35 ZMQbg/Reaper*2 ZMQbg/IO/0*2 
2026-09-28T08:59:06+04:00	ck9s-replay	0	1210816	1210721	1	12738560	5943296	python3*1 
2026-09-28T08:59:06+04:00	ck9s-replay	0	1210817	1210721	45	22876332032	2028552192	python3*36 pt_gloo_runloop*2 ZMQbg/Reaper*2 ZMQbg/IO/0*2 pt_tcpstore_uv*1 cuda0000240000a*1 
2026-09-28T08:59:06+04:00	ck9s-replay	0	1210818	1210721	39	829489152	608165888	python3*33 ZMQbg/Reaper*3 ZMQbg/IO/0*3 
2026-09-28T08:59:20+04:00	ck9s-replay	0	1210704	363	2	12312576	28672	uv*1 main2*1 
2026-09-28T08:59:20+04:00	ck9s-replay	0	1210721	1210704	39	792408064	564609024	ft*35 ZMQbg/Reaper*2 ZMQbg/IO/0*2 
2026-09-28T08:59:20+04:00	ck9s-replay	0	1210816	1210721	1	12738560	5943296	python3*1 
2026-09-28T08:59:20+04:00	ck9s-replay	0	1210817	1210721	45	22876332032	2028552192	python3*36 pt_gloo_runloop*2 ZMQbg/Reaper*2 ZMQbg/IO/0*2 pt_tcpstore_uv*1 cuda0000240000a*1 
2026-09-28T08:59:20+04:00	ck9s-replay	0	1210818	1210721	39	829489152	608165888	python3*33 ZMQbg/Reaper*3 ZMQbg/IO/0*3 
2026-09-28T08:59:31+04:00	ck9s-replay	0	1210704	363	2	12312576	28672	uv*1 main2*1 
2026-09-28T08:59:31+04:00	ck9s-replay	0	1210721	1210704	39	792473600	564674560	ft*35 ZMQbg/Reaper*2 ZMQbg/IO/0*2 
2026-09-28T08:59:31+04:00	ck9s-replay	0	1210816	1210721	1	12738560	5943296	python3*1 
2026-09-28T08:59:31+04:00	ck9s-replay	0	1210817	1210721	45	22876487680	2028707840	python3*36 pt_gloo_runloop*2 ZMQbg/Reaper*2 ZMQbg/IO/0*2 pt_tcpstore_uv*1 cuda0000240000a*1 
2026-09-28T08:59:31+04:00	ck9s-replay	0	1210818	1210721	39	829505536	608182272	python3*33 ZMQbg/Reaper*3 ZMQbg/IO/0*3 
2026-09-28T08:59:41+04:00	ck9s-replay	0	1210704	363	2	12312576	28672	uv*1 main2*1 
2026-09-28T08:59:41+04:00	ck9s-replay	0	1210721	1210704	42	744755200	531279872	ft*36 ZMQbg/Reaper*3 ZMQbg/IO/0*3 
2026-09-28T08:59:41+04:00	ck9s-replay	0	1210816	1210721	1	12738560	5943296	python3*1 
2026-09-28T08:59:41+04:00	ck9s-replay	0	1210817	1210721	45	22859546624	2029297664	python3*36 pt_gloo_runloop*2 ZMQbg/Reaper*2 ZMQbg/IO/0*2 pt_tcpstore_uv*1 cuda0000240000a*1 
2026-09-28T08:59:41+04:00	ck9s-replay	0	1210818	1210721	57	815538176	608665600	python3*49 ZMQbg/Reaper*4 ZMQbg/IO/0*4 
2026-09-28T08:59:55+04:00	ck9s-replay	0	1210704	363	2	12312576	28672	uv*1 main2*1 
2026-09-28T08:59:55+04:00	ck9s-replay	0	1210721	1210704	57	745332736	533270528	ft*51 ZMQbg/Reaper*3 ZMQbg/IO/0*3 
2026-09-28T08:59:55+04:00	ck9s-replay	0	1210816	1210721	1	12738560	5943296	python3*1 
2026-09-28T08:59:55+04:00	ck9s-replay	0	1210817	1210721	45	23788732416	2954047488	python3*36 pt_gloo_runloop*2 ZMQbg/Reaper*2 ZMQbg/IO/0*2 pt_tcpstore_uv*1 cuda0000240000a*1 
2026-09-28T08:59:55+04:00	ck9s-replay	0	1210818	1210721	57	813858816	608681984	python3*49 ZMQbg/Reaper*4 ZMQbg/IO/0*4 
2026-09-28T09:00:05+04:00	ck9s-replay	0	1210704	363	2	12292096	20480	uv*1 main2*1 
2026-09-28T09:00:05+04:00	ck9s-replay	0	1210721	1210704	57	776003584	577191936	ft*51 ZMQbg/Reaper*3 ZMQbg/IO/0*3 
2026-09-28T09:00:05+04:00	ck9s-replay	0	1210816	1210721	1	12738560	5943296	python3*1 
2026-09-28T09:00:05+04:00	ck9s-replay	0	1210817	1210721	45	23810830336	2989318144	python3*36 pt_gloo_runloop*2 ZMQbg/Reaper*2 ZMQbg/IO/0*2 pt_tcpstore_uv*1 cuda0000240000a*1 
2026-09-28T09:00:05+04:00	ck9s-replay	0	1210818	1210721	57	800784384	608686080	python3*49 ZMQbg/Reaper*4 ZMQbg/IO/0*4 
2026-09-28T09:00:29+04:00	cn-s2	0	1227242	363	3	26140672	6049792	uv*1 tokio-rt-worker*1 main2*1 
2026-09-28T09:00:29+04:00	cn-s2	0	1227278	1227242	22	702615552	422764544	ft*18 ZMQbg/Reaper*2 ZMQbg/IO/0*2 
2026-09-28T09:00:29+04:00	cn-s2	0	1227798	1227278	1	12779520	5943296	python3*1 
2026-09-28T09:00:29+04:00	cn-s2	0	1227799	1227278	25	3392892928	810754048	python3*20 pt_gloo_runloop*2 pt_tcpstore_uv*1 cuda0000240000a*1 cuda-EvtHandlr*1 
2026-09-28T09:00:29+04:00	cn-s2	0	1227800	1227278	23	880136192	606588928	python3*17 ZMQbg/Reaper*3 ZMQbg/IO/0*3 
2026-09-28T09:00:39+04:00	cn-s2	0	1227242	363	2	26271744	6049792	uv*1 main2*1 
2026-09-28T09:00:39+04:00	cn-s2	0	1227278	1227242	22	702619648	422768640	ft*18 ZMQbg/Reaper*2 ZMQbg/IO/0*2 
2026-09-28T09:00:39+04:00	cn-s2	0	1227798	1227278	1	12779520	5943296	python3*1 
2026-09-28T09:00:39+04:00	cn-s2	0	1227799	1227278	40	17549557760	15417196544	python3*35 pt_gloo_runloop*2 pt_tcpstore_uv*1 cuda0000240000a*1 cuda-EvtHandlr*1 
2026-09-28T09:00:39+04:00	cn-s2	0	1227800	1227278	23	880136192	606588928	python3*17 ZMQbg/Reaper*3 ZMQbg/IO/0*3 
2026-09-28T09:00:50+04:00	cn-s2	0	1227242	363	2	26271744	6049792	uv*1 main2*1 
2026-09-28T09:00:50+04:00	cn-s2	0	1227278	1227242	22	702619648	422768640	ft*18 ZMQbg/Reaper*2 ZMQbg/IO/0*2 
2026-09-28T09:00:50+04:00	cn-s2	0	1227798	1227278	1	12779520	5943296	python3*1 
2026-09-28T09:00:50+04:00	cn-s2	0	1227799	1227278	41	17584168960	15447969792	python3*36 pt_gloo_runloop*2 pt_tcpstore_uv*1 cuda0000240000a*1 cuda-EvtHandlr*1 
2026-09-28T09:00:50+04:00	cn-s2	0	1227800	1227278	23	880136192	606588928	python3*17 ZMQbg/Reaper*3 ZMQbg/IO/0*3 
2026-09-28T09:01:03+04:00	cn-s2	0	1227242	363	2	26271744	6049792	uv*1 main2*1 
2026-09-28T09:01:03+04:00	cn-s2	0	1227278	1227242	22	702619648	422768640	ft*18 ZMQbg/Reaper*2 ZMQbg/IO/0*2 
2026-09-28T09:01:03+04:00	cn-s2	0	1227798	1227278	1	12779520	5943296	python3*1 
2026-09-28T09:01:03+04:00	cn-s2	0	1227799	1227278	41	16353492992	15756062720	python3*36 pt_gloo_runloop*2 pt_tcpstore_uv*1 cuda0000240000a*1 cuda-EvtHandlr*1 
2026-09-28T09:01:04+04:00	cn-s2	0	1227800	1227278	23	880136192	606588928	python3*17 ZMQbg/Reaper*3 ZMQbg/IO/0*3 
2026-09-28T09:01:14+04:00	cn-s2	0	1227242	363	2	26271744	6049792	uv*1 main2*1 
2026-09-28T09:01:14+04:00	cn-s2	0	1227278	1227242	22	702623744	422772736	ft*18 ZMQbg/Reaper*2 ZMQbg/IO/0*2 
2026-09-28T09:01:14+04:00	cn-s2	0	1227798	1227278	1	12779520	5943296	python3*1 
2026-09-28T09:01:14+04:00	cn-s2	0	1227799	1227278	41	16616083456	16007495680	python3*36 pt_gloo_runloop*2 pt_tcpstore_uv*1 cuda0000240000a*1 cuda-EvtHandlr*1 
2026-09-28T09:01:14+04:00	cn-s2	0	1227800	1227278	23	880136192	606588928	python3*17 ZMQbg/Reaper*3 ZMQbg/IO/0*3 
2026-09-28T09:01:24+04:00	cn-s2	0	1227242	363	2	26271744	6049792	uv*1 main2*1 
2026-09-28T09:01:24+04:00	cn-s2	0	1227278	1227242	22	702623744	422772736	ft*18 ZMQbg/Reaper*2 ZMQbg/IO/0*2 
2026-09-28T09:01:24+04:00	cn-s2	0	1227798	1227278	1	12779520	5943296	python3*1 
2026-09-28T09:01:24+04:00	cn-s2	0	1227799	1227278	41	16882204672	16267145216	python3*36 pt_gloo_runloop*2 pt_tcpstore_uv*1 cuda0000240000a*1 cuda-EvtHandlr*1 
2026-09-28T09:01:24+04:00	cn-s2	0	1227800	1227278	23	880136192	606588928	python3*17 ZMQbg/Reaper*3 ZMQbg/IO/0*3 
2026-09-28T09:01:38+04:00	cn-s2	0	1227242	363	2	26271744	6049792	uv*1 main2*1 
2026-09-28T09:01:38+04:00	cn-s2	0	1227278	1227242	22	702685184	422789120	ft*18 ZMQbg/Reaper*2 ZMQbg/IO/0*2 
2026-09-28T09:01:38+04:00	cn-s2	0	1227798	1227278	1	12779520	5943296	python3*1 
2026-09-28T09:01:38+04:00	cn-s2	0	1227799	1227278	45	17064062976	16445489152	python3*36 pt_gloo_runloop*2 ZMQbg/Reaper*2 ZMQbg/IO/0*2 pt_tcpstore_uv*1 cuda0000240000a*1 
2026-09-28T09:01:38+04:00	cn-s2	0	1227800	1227278	23	880226304	606633984	python3*17 ZMQbg/Reaper*3 ZMQbg/IO/0*3 
2026-09-28T09:01:48+04:00	cn-s2	0	1227242	363	2	26271744	6049792	uv*1 main2*1 
2026-09-28T09:01:48+04:00	cn-s2	0	1227278	1227242	39	992489472	706629632	ft*35 ZMQbg/Reaper*2 ZMQbg/IO/0*2 
2026-09-28T09:01:48+04:00	cn-s2	0	1227798	1227278	1	12779520	5943296	python3*1 
2026-09-28T09:01:48+04:00	cn-s2	0	1227799	1227278	45	17081507840	16459210752	python3*36 pt_gloo_runloop*2 ZMQbg/Reaper*2 ZMQbg/IO/0*2 pt_tcpstore_uv*1 cuda0000240000a*1 
2026-09-28T09:01:48+04:00	cn-s2	0	1227800	1227278	39	883900416	607105024	python3*33 ZMQbg/Reaper*3 ZMQbg/IO/0*3 
2026-09-28T09:01:58+04:00	cn-s2	0	1227242	363	2	26271744	6049792	uv*1 main2*1 
2026-09-28T09:01:58+04:00	cn-s2	0	1227278	1227242	39	992489472	706629632	ft*35 ZMQbg/Reaper*2 ZMQbg/IO/0*2 
2026-09-28T09:01:58+04:00	cn-s2	0	1227798	1227278	1	12779520	5943296	python3*1 
2026-09-28T09:01:59+04:00	cn-s2	0	1227799	1227278	45	17081507840	16459210752	python3*36 pt_gloo_runloop*2 ZMQbg/Reaper*2 ZMQbg/IO/0*2 pt_tcpstore_uv*1 cuda0000240000a*1 
2026-09-28T09:01:59+04:00	cn-s2	0	1227800	1227278	39	883900416	607105024	python3*33 ZMQbg/Reaper*3 ZMQbg/IO/0*3 
2026-09-28T09:02:12+04:00	cn-s2	0	1227242	363	2	26271744	6049792	uv*1 main2*1 
2026-09-28T09:02:12+04:00	cn-s2	0	1227278	1227242	57	1061785600	775925760	ft*51 ZMQbg/Reaper*3 ZMQbg/IO/0*3 
2026-09-28T09:02:12+04:00	cn-s2	0	1227798	1227278	1	12779520	5943296	python3*1 
2026-09-28T09:02:12+04:00	cn-s2	0	1227799	1227278	45	17082535936	16460238848	python3*36 pt_gloo_runloop*2 ZMQbg/Reaper*2 ZMQbg/IO/0*2 pt_tcpstore_uv*1 cuda0000240000a*1 
2026-09-28T09:02:12+04:00	cn-s2	0	1227800	1227278	57	946749440	669954048	python3*49 ZMQbg/Reaper*4 ZMQbg/IO/0*4 
2026-09-28T09:02:22+04:00	cn-s2	0	1227242	363	2	26271744	6049792	uv*1 main2*1 
2026-09-28T09:02:22+04:00	cn-s2	0	1227278	1227242	57	1061785600	775925760	ft*51 ZMQbg/Reaper*3 ZMQbg/IO/0*3 
2026-09-28T09:02:22+04:00	cn-s2	0	1227798	1227278	1	12779520	5943296	python3*1 
2026-09-28T09:02:22+04:00	cn-s2	0	1227799	1227278	45	17082535936	16460238848	python3*36 pt_gloo_runloop*2 ZMQbg/Reaper*2 ZMQbg/IO/0*2 pt_tcpstore_uv*1 cuda0000240000a*1 
2026-09-28T09:02:23+04:00	cn-s2	0	1227800	1227278	57	946749440	669954048	python3*49 ZMQbg/Reaper*4 ZMQbg/IO/0*4 
2026-09-28T09:02:33+04:00	cn-s2	0	1227242	363	2	26271744	6049792	uv*1 main2*1 
2026-09-28T09:02:33+04:00	cn-s2	0	1227278	1227242	57	1061785600	775925760	ft*51 ZMQbg/Reaper*3 ZMQbg/IO/0*3 
2026-09-28T09:02:33+04:00	cn-s2	0	1227798	1227278	1	12779520	5943296	python3*1 
2026-09-28T09:02:33+04:00	cn-s2	0	1227799	1227278	45	17082535936	16460238848	python3*36 pt_gloo_runloop*2 ZMQbg/Reaper*2 ZMQbg/IO/0*2 pt_tcpstore_uv*1 cuda0000240000a*1 
2026-09-28T09:02:33+04:00	cn-s2	0	1227800	1227278	57	946749440	669954048	python3*49 ZMQbg/Reaper*4 ZMQbg/IO/0*4 
2026-09-28T09:02:46+04:00	cn-s2	0	1227242	363	2	26271744	6049792	uv*1 main2*1 
2026-09-28T09:02:46+04:00	cn-s2	0	1227278	1227242	57	1061785600	775925760	ft*51 ZMQbg/Reaper*3 ZMQbg/IO/0*3 
2026-09-28T09:02:46+04:00	cn-s2	0	1227798	1227278	1	12779520	5943296	python3*1 
2026-09-28T09:02:46+04:00	cn-s2	0	1227799	1227278	45	17082535936	16460238848	python3*36 pt_gloo_runloop*2 ZMQbg/Reaper*2 ZMQbg/IO/0*2 pt_tcpstore_uv*1 cuda0000240000a*1 
2026-09-28T09:02:47+04:00	cn-s2	0	1227800	1227278	57	946749440	669954048	python3*49 ZMQbg/Reaper*4 ZMQbg/IO/0*4 
2026-09-28T09:02:57+04:00	cn-s2	0	1227242	363	2	26271744	6049792	uv*1 main2*1 
2026-09-28T09:02:57+04:00	cn-s2	0	1227278	1227242	57	1061785600	775925760	ft*51 ZMQbg/Reaper*3 ZMQbg/IO/0*3 
2026-09-28T09:02:57+04:00	cn-s2	0	1227798	1227278	1	12779520	5943296	python3*1 
2026-09-28T09:02:57+04:00	cn-s2	0	1227799	1227278	45	17082535936	16460238848	python3*36 pt_gloo_runloop*2 ZMQbg/Reaper*2 ZMQbg/IO/0*2 pt_tcpstore_uv*1 cuda0000240000a*1 
2026-09-28T09:02:57+04:00	cn-s2	0	1227800	1227278	57	946749440	669954048	python3*49 ZMQbg/Reaper*4 ZMQbg/IO/0*4 
2026-09-28T09:03:07+04:00	cn-s2	0	1227242	363	2	26271744	6049792	uv*1 main2*1 
2026-09-28T09:03:07+04:00	cn-s2	0	1227278	1227242	57	1061785600	775925760	ft*51 ZMQbg/Reaper*3 ZMQbg/IO/0*3 
2026-09-28T09:03:07+04:00	cn-s2	0	1227798	1227278	1	12779520	5943296	python3*1 
2026-09-28T09:03:07+04:00	cn-s2	0	1227799	1227278	45	17082535936	16460238848	python3*36 pt_gloo_runloop*2 ZMQbg/Reaper*2 ZMQbg/IO/0*2 pt_tcpstore_uv*1 cuda0000240000a*1 
2026-09-28T09:03:07+04:00	cn-s2	0	1227800	1227278	57	946749440	669954048	python3*49 ZMQbg/Reaper*4 ZMQbg/IO/0*4 
2026-09-28T09:03:17+04:00	cn-s2	0	1227242	363	2	26271744	6049792	uv*1 main2*1 
2026-09-28T09:03:17+04:00	cn-s2	0	1227278	1227242	57	1061785600	775925760	ft*51 ZMQbg/Reaper*3 ZMQbg/IO/0*3 
2026-09-28T09:03:17+04:00	cn-s2	0	1227798	1227278	1	12779520	5943296	python3*1 
2026-09-28T09:03:17+04:00	cn-s2	0	1227799	1227278	45	17082535936	16460238848	python3*36 pt_gloo_runloop*2 ZMQbg/Reaper*2 ZMQbg/IO/0*2 pt_tcpstore_uv*1 cuda0000240000a*1 
2026-09-28T09:03:17+04:00	cn-s2	0	1227800	1227278	57	946749440	669954048	python3*49 ZMQbg/Reaper*4 ZMQbg/IO/0*4 
2026-09-28T09:03:30+04:00	cn-s2	0	1227242	363	2	26271744	6049792	uv*1 main2*1 
2026-09-28T09:03:30+04:00	cn-s2	0	1227278	1227242	57	1062871040	777011200	ft*51 ZMQbg/Reaper*3 ZMQbg/IO/0*3 
2026-09-28T09:03:30+04:00	cn-s2	0	1227798	1227278	1	12779520	5943296	python3*1 
2026-09-28T09:03:30+04:00	cn-s2	0	1227799	1227278	45	17153548288	16529412096	python3*36 pt_gloo_runloop*2 ZMQbg/Reaper*2 ZMQbg/IO/0*2 pt_tcpstore_uv*1 cuda0000240000a*1 
2026-09-28T09:03:30+04:00	cn-s2	0	1227800	1227278	57	973377536	696582144	python3*49 ZMQbg/Reaper*4 ZMQbg/IO/0*4 
2026-09-28T09:03:40+04:00	cn-s2	0	1227242	363	2	26271744	6049792	uv*1 main2*1 
2026-09-28T09:03:40+04:00	cn-s2	0	1227278	1227242	57	1062871040	777011200	ft*51 ZMQbg/Reaper*3 ZMQbg/IO/0*3 
2026-09-28T09:03:40+04:00	cn-s2	0	1227798	1227278	1	12779520	5943296	python3*1 
2026-09-28T09:03:40+04:00	cn-s2	0	1227799	1227278	45	17153548288	16529412096	python3*36 pt_gloo_runloop*2 ZMQbg/Reaper*2 ZMQbg/IO/0*2 pt_tcpstore_uv*1 cuda0000240000a*1 
2026-09-28T09:03:41+04:00	cn-s2	0	1227800	1227278	57	973377536	696582144	python3*49 ZMQbg/Reaper*4 ZMQbg/IO/0*4 
2026-09-28T09:03:51+04:00	cn-s2	0	1227242	363	2	26271744	6049792	uv*1 main2*1 
2026-09-28T09:03:51+04:00	cn-s2	0	1227278	1227242	57	1062871040	777011200	ft*51 ZMQbg/Reaper*3 ZMQbg/IO/0*3 
2026-09-28T09:03:51+04:00	cn-s2	0	1227798	1227278	1	12779520	5943296	python3*1 
2026-09-28T09:03:51+04:00	cn-s2	0	1227799	1227278	45	17153548288	16529412096	python3*36 pt_gloo_runloop*2 ZMQbg/Reaper*2 ZMQbg/IO/0*2 pt_tcpstore_uv*1 cuda0000240000a*1 
2026-09-28T09:03:51+04:00	cn-s2	0	1227800	1227278	57	973377536	696582144	python3*49 ZMQbg/Reaper*4 ZMQbg/IO/0*4 
2026-09-28T09:04:04+04:00	cn-s2	0	1227242	363	2	26271744	6049792	uv*1 main2*1 
2026-09-28T09:04:05+04:00	cn-s2	0	1227278	1227242	57	1062871040	777011200	ft*51 ZMQbg/Reaper*3 ZMQbg/IO/0*3 
2026-09-28T09:04:05+04:00	cn-s2	0	1227798	1227278	1	12779520	5943296	python3*1 
2026-09-28T09:04:05+04:00	cn-s2	0	1227799	1227278	45	17153548288	16529412096	python3*36 pt_gloo_runloop*2 ZMQbg/Reaper*2 ZMQbg/IO/0*2 pt_tcpstore_uv*1 cuda0000240000a*1 
2026-09-28T09:04:05+04:00	cn-s2	0	1227800	1227278	57	973377536	696582144	python3*49 ZMQbg/Reaper*4 ZMQbg/IO/0*4 
2026-09-28T09:04:15+04:00	cn-s2	0	1227242	363	2	26271744	6049792	uv*1 main2*1 
2026-09-28T09:04:15+04:00	cn-s2	0	1227278	1227242	57	1062871040	777011200	ft*51 ZMQbg/Reaper*3 ZMQbg/IO/0*3 
2026-09-28T09:04:15+04:00	cn-s2	0	1227798	1227278	1	12779520	5943296	python3*1 
2026-09-28T09:04:15+04:00	cn-s2	0	1227799	1227278	45	17153548288	16529412096	python3*36 pt_gloo_runloop*2 ZMQbg/Reaper*2 ZMQbg/IO/0*2 pt_tcpstore_uv*1 cuda0000240000a*1 
2026-09-28T09:04:15+04:00	cn-s2	0	1227800	1227278	57	973377536	696582144	python3*49 ZMQbg/Reaper*4 ZMQbg/IO/0*4 
2026-09-28T09:04:25+04:00	cn-s2	0	1227242	363	2	26271744	6049792	uv*1 main2*1 
2026-09-28T09:04:25+04:00	cn-s2	0	1227278	1227242	57	1062871040	777011200	ft*51 ZMQbg/Reaper*3 ZMQbg/IO/0*3 
2026-09-28T09:04:25+04:00	cn-s2	0	1227798	1227278	1	12779520	5943296	python3*1 
2026-09-28T09:04:25+04:00	cn-s2	0	1227799	1227278	45	17153548288	16529412096	python3*36 pt_gloo_runloop*2 ZMQbg/Reaper*2 ZMQbg/IO/0*2 pt_tcpstore_uv*1 cuda0000240000a*1 
2026-09-28T09:04:25+04:00	cn-s2	0	1227800	1227278	57	973377536	696582144	python3*49 ZMQbg/Reaper*4 ZMQbg/IO/0*4 
2026-09-28T09:04:38+04:00	cn-s2	0	1227242	363	2	26271744	6049792	uv*1 main2*1 
2026-09-28T09:04:38+04:00	cn-s2	0	1227278	1227242	57	1062871040	777011200	ft*51 ZMQbg/Reaper*3 ZMQbg/IO/0*3 
2026-09-28T09:04:38+04:00	cn-s2	0	1227798	1227278	1	12779520	5943296	python3*1 
2026-09-28T09:04:38+04:00	cn-s2	0	1227799	1227278	45	17153548288	16529412096	python3*36 pt_gloo_runloop*2 ZMQbg/Reaper*2 ZMQbg/IO/0*2 pt_tcpstore_uv*1 cuda0000240000a*1 
2026-09-28T09:04:38+04:00	cn-s2	0	1227800	1227278	57	973377536	696582144	python3*49 ZMQbg/Reaper*4 ZMQbg/IO/0*4 
2026-09-28T09:04:48+04:00	cn-s2	0	1227242	363	2	26271744	6049792	uv*1 main2*1 
2026-09-28T09:04:48+04:00	cn-s2	0	1227278	1227242	57	1062875136	777015296	ft*51 ZMQbg/Reaper*3 ZMQbg/IO/0*3 
2026-09-28T09:04:48+04:00	cn-s2	0	1227798	1227278	1	12779520	5943296	python3*1 
2026-09-28T09:04:48+04:00	cn-s2	0	1227799	1227278	45	17153548288	16529412096	python3*36 pt_gloo_runloop*2 ZMQbg/Reaper*2 ZMQbg/IO/0*2 pt_tcpstore_uv*1 cuda0000240000a*1 
2026-09-28T09:04:48+04:00	cn-s2	0	1227800	1227278	57	973377536	696582144	python3*49 ZMQbg/Reaper*4 ZMQbg/IO/0*4 
2026-09-28T09:05:45+04:00	ck9e2-whole-256k	0	1248564	363	3	26906624	6049792	uv*1 tokio-rt-worker*1 main2*1 
2026-09-28T09:05:45+04:00	ck9e2-whole-256k	0	1248581	1248564	22	703660032	422768640	ft*18 ZMQbg/Reaper*2 ZMQbg/IO/0*2 
2026-09-28T09:05:45+04:00	ck9e2-whole-256k	0	1248694	1248581	1	12783616	5939200	python3*1 
2026-09-28T09:05:45+04:00	ck9e2-whole-256k	0	1248695	1248581	41	5454602240	985513984	python3*36 pt_gloo_runloop*2 pt_tcpstore_uv*1 cuda0000240000a*1 cuda-EvtHandlr*1 
2026-09-28T09:05:45+04:00	ck9e2-whole-256k	0	1248696	1248581	23	881004544	607367168	python3*17 ZMQbg/Reaper*3 ZMQbg/IO/0*3 
2026-09-28T09:05:55+04:00	ck9e2-whole-256k	0	1248564	363	2	27037696	6049792	uv*1 main2*1 
2026-09-28T09:05:55+04:00	ck9e2-whole-256k	0	1248581	1248564	22	703397888	422776832	ft*18 ZMQbg/Reaper*2 ZMQbg/IO/0*2 
2026-09-28T09:05:55+04:00	ck9e2-whole-256k	0	1248694	1248581	1	12783616	5939200	python3*1 
2026-09-28T09:05:56+04:00	ck9e2-whole-256k	0	1248695	1248581	41	15939932160	986042368	python3*36 pt_gloo_runloop*2 pt_tcpstore_uv*1 cuda0000240000a*1 cuda-EvtHandlr*1 
2026-09-28T09:05:56+04:00	ck9e2-whole-256k	0	1248696	1248581	23	880566272	607367168	python3*17 ZMQbg/Reaper*3 ZMQbg/IO/0*3 
2026-09-28T09:06:06+04:00	ck9e2-whole-256k	0	1248564	363	2	23179264	6049792	uv*1 main2*1 
2026-09-28T09:06:06+04:00	ck9e2-whole-256k	0	1248581	1248564	22	629362688	422780928	ft*18 ZMQbg/Reaper*2 ZMQbg/IO/0*2 
2026-09-28T09:06:06+04:00	ck9e2-whole-256k	0	1248694	1248581	1	12754944	5939200	python3*1 
2026-09-28T09:06:06+04:00	ck9e2-whole-256k	0	1248695	1248581	41	23637348352	1222471680	python3*36 pt_gloo_runloop*2 pt_tcpstore_uv*1 cuda0000240000a*1 cuda-EvtHandlr*1 
2026-09-28T09:06:06+04:00	ck9e2-whole-256k	0	1248696	1248581	23	807387136	607367168	python3*17 ZMQbg/Reaper*3 ZMQbg/IO/0*3 
2026-09-28T09:06:06+04:00	ck9e2-whole-256k	0	1249911	1248695	1	4599808	630784	ninja*1 
2026-09-28T09:06:06+04:00	ck9e2-whole-256k	0	1249912	1249911	1	1929216	106496	sh*1 
2026-09-28T09:06:06+04:00	ck9e2-whole-256k	0	1249913	1249912	1	6324224	1863680	nvcc*1 
2026-09-28T09:06:06+04:00	ck9e2-whole-256k	0	1249922	1249913	1	1933312	110592	sh*1 
2026-09-28T09:06:06+04:00	ck9e2-whole-256k	0	1249923	1249922	1	239710208	229072896	cudafe++*1 
2026-09-28T09:06:20+04:00	ck9e2-whole-256k	0	1248564	363	2	17195008	69632	uv*1 main2*1 
2026-09-28T09:06:20+04:00	ck9e2-whole-256k	0	1248581	1248564	22	620007424	414621696	ft*18 ZMQbg/Reaper*2 ZMQbg/IO/0*2 
2026-09-28T09:06:20+04:00	ck9e2-whole-256k	0	1248694	1248581	1	12754944	5939200	python3*1 
2026-09-28T09:06:20+04:00	ck9e2-whole-256k	0	1248695	1248581	45	22551330816	1755238400	python3*36 pt_gloo_runloop*2 ZMQbg/Reaper*2 ZMQbg/IO/0*2 pt_tcpstore_uv*1 cuda0000240000a*1 
2026-09-28T09:06:20+04:00	ck9e2-whole-256k	0	1248696	1248581	23	806879232	607412224	python3*17 ZMQbg/Reaper*3 ZMQbg/IO/0*3 
2026-09-28T09:06:30+04:00	ck9e2-whole-256k	0	1248564	363	2	17195008	69632	uv*1 main2*1 
2026-09-28T09:06:30+04:00	ck9e2-whole-256k	0	1248581	1248564	39	827846656	616173568	ft*35 ZMQbg/Reaper*2 ZMQbg/IO/0*2 
2026-09-28T09:06:30+04:00	ck9e2-whole-256k	0	1248694	1248581	1	12754944	5939200	python3*1 
2026-09-28T09:06:30+04:00	ck9e2-whole-256k	0	1248695	1248581	45	22555545600	1755389952	python3*36 pt_gloo_runloop*2 ZMQbg/Reaper*2 ZMQbg/IO/0*2 pt_tcpstore_uv*1 cuda0000240000a*1 
2026-09-28T09:06:30+04:00	ck9e2-whole-256k	0	1248696	1248581	39	811634688	608178176	python3*33 ZMQbg/Reaper*3 ZMQbg/IO/0*3 
2026-09-28T09:06:40+04:00	ck9e2-whole-256k	0	1248564	363	2	17195008	69632	uv*1 main2*1 
2026-09-28T09:06:40+04:00	ck9e2-whole-256k	0	1248581	1248564	39	827846656	616173568	ft*35 ZMQbg/Reaper*2 ZMQbg/IO/0*2 
2026-09-28T09:06:40+04:00	ck9e2-whole-256k	0	1248694	1248581	1	12754944	5939200	python3*1 
2026-09-28T09:06:40+04:00	ck9e2-whole-256k	0	1248695	1248581	45	22555545600	1755389952	python3*36 pt_gloo_runloop*2 ZMQbg/Reaper*2 ZMQbg/IO/0*2 pt_tcpstore_uv*1 cuda0000240000a*1 
2026-09-28T09:06:41+04:00	ck9e2-whole-256k	0	1248696	1248581	39	811634688	608178176	python3*33 ZMQbg/Reaper*3 ZMQbg/IO/0*3 
2026-09-28T09:06:51+04:00	ck9e2-whole-256k	1	1248564	363	2	17195008	69632	uv*1 main2*1 
2026-09-28T09:06:51+04:00	ck9e2-whole-256k	1	1248581	1248564	57	903192576	691494912	ft*51 ZMQbg/Reaper*3 ZMQbg/IO/0*3 
2026-09-28T09:06:51+04:00	ck9e2-whole-256k	1	1248694	1248581	1	12754944	5939200	python3*1 
2026-09-28T09:06:51+04:00	ck9e2-whole-256k	1	1248695	1248581	45	22556606464	1756434432	python3*36 pt_gloo_runloop*2 ZMQbg/Reaper*2 ZMQbg/IO/0*2 pt_tcpstore_uv*1 cuda0000240000a*1 
2026-09-28T09:06:51+04:00	ck9e2-whole-256k	1	1248696	1248581	57	827277312	623796224	python3*49 ZMQbg/Reaper*4 ZMQbg/IO/0*4 
2026-09-28T09:07:04+04:00	ck9e2-whole-256k	1	1248564	363	2	17195008	69632	uv*1 main2*1 
2026-09-28T09:07:04+04:00	ck9e2-whole-256k	1	1248581	1248564	57	903192576	691494912	ft*51 ZMQbg/Reaper*3 ZMQbg/IO/0*3 
2026-09-28T09:07:04+04:00	ck9e2-whole-256k	1	1248694	1248581	1	12754944	5939200	python3*1 
2026-09-28T09:07:04+04:00	ck9e2-whole-256k	1	1248695	1248581	45	22556667904	1756495872	python3*36 pt_gloo_runloop*2 ZMQbg/Reaper*2 ZMQbg/IO/0*2 pt_tcpstore_uv*1 cuda0000240000a*1 
2026-09-28T09:07:05+04:00	ck9e2-whole-256k	1	1248696	1248581	57	827277312	623796224	python3*49 ZMQbg/Reaper*4 ZMQbg/IO/0*4 
2026-09-28T09:07:15+04:00	ck9e2-whole-256k	1	1248564	363	2	17195008	69632	uv*1 main2*1 
2026-09-28T09:07:15+04:00	ck9e2-whole-256k	1	1248581	1248564	57	903192576	691494912	ft*51 ZMQbg/Reaper*3 ZMQbg/IO/0*3 
2026-09-28T09:07:15+04:00	ck9e2-whole-256k	1	1248694	1248581	1	12754944	5939200	python3*1 
2026-09-28T09:07:15+04:00	ck9e2-whole-256k	1	1248695	1248581	45	22556880896	1756708864	python3*36 pt_gloo_runloop*2 ZMQbg/Reaper*2 ZMQbg/IO/0*2 pt_tcpstore_uv*1 cuda0000240000a*1 
2026-09-28T09:07:15+04:00	ck9e2-whole-256k	1	1248696	1248581	57	827277312	623796224	python3*49 ZMQbg/Reaper*4 ZMQbg/IO/0*4 
2026-09-28T09:07:25+04:00	ck9e2-whole-256k	1	1248564	363	2	17195008	69632	uv*1 main2*1 
2026-09-28T09:07:25+04:00	ck9e2-whole-256k	1	1248581	1248564	57	903192576	691494912	ft*51 ZMQbg/Reaper*3 ZMQbg/IO/0*3 
2026-09-28T09:07:25+04:00	ck9e2-whole-256k	1	1248694	1248581	1	12754944	5939200	python3*1 
2026-09-28T09:07:25+04:00	ck9e2-whole-256k	1	1248695	1248581	45	22556880896	1756708864	python3*36 pt_gloo_runloop*2 ZMQbg/Reaper*2 ZMQbg/IO/0*2 pt_tcpstore_uv*1 cuda0000240000a*1 
2026-09-28T09:07:25+04:00	ck9e2-whole-256k	1	1248696	1248581	57	827277312	623796224	python3*49 ZMQbg/Reaper*4 ZMQbg/IO/0*4 
2026-09-28T09:07:39+04:00	ck9e2-whole-256k	1	1248564	363	2	17195008	69632	uv*1 main2*1 
2026-09-28T09:07:39+04:00	ck9e2-whole-256k	1	1248581	1248564	57	903192576	691494912	ft*51 ZMQbg/Reaper*3 ZMQbg/IO/0*3 
2026-09-28T09:07:39+04:00	ck9e2-whole-256k	1	1248694	1248581	1	12754944	5939200	python3*1 
2026-09-28T09:07:39+04:00	ck9e2-whole-256k	1	1248695	1248581	45	22556897280	1756725248	python3*36 pt_gloo_runloop*2 ZMQbg/Reaper*2 ZMQbg/IO/0*2 pt_tcpstore_uv*1 cuda0000240000a*1 
2026-09-28T09:07:39+04:00	ck9e2-whole-256k	1	1248696	1248581	57	827277312	623796224	python3*49 ZMQbg/Reaper*4 ZMQbg/IO/0*4 
2026-09-28T09:07:49+04:00	ck9e2-whole-256k	1	1248564	363	2	17195008	69632	uv*1 main2*1 
2026-09-28T09:07:49+04:00	ck9e2-whole-256k	1	1248581	1248564	57	903192576	691494912	ft*51 ZMQbg/Reaper*3 ZMQbg/IO/0*3 
2026-09-28T09:07:49+04:00	ck9e2-whole-256k	1	1248694	1248581	1	12754944	5939200	python3*1 
2026-09-28T09:07:49+04:00	ck9e2-whole-256k	1	1248695	1248581	45	22556897280	1756725248	python3*36 pt_gloo_runloop*2 ZMQbg/Reaper*2 ZMQbg/IO/0*2 pt_tcpstore_uv*1 cuda0000240000a*1 
2026-09-28T09:07:49+04:00	ck9e2-whole-256k	1	1248696	1248581	57	827277312	623796224	python3*49 ZMQbg/Reaper*4 ZMQbg/IO/0*4 
2026-09-28T09:07:59+04:00	ck9e2-whole-256k	1	1248564	363	2	17195008	69632	uv*1 main2*1 
2026-09-28T09:07:59+04:00	ck9e2-whole-256k	1	1248581	1248564	57	903192576	691494912	ft*51 ZMQbg/Reaper*3 ZMQbg/IO/0*3 
2026-09-28T09:07:59+04:00	ck9e2-whole-256k	1	1248694	1248581	1	12754944	5939200	python3*1 
2026-09-28T09:07:59+04:00	ck9e2-whole-256k	1	1248695	1248581	45	22572863488	1771974656	python3*36 pt_gloo_runloop*2 ZMQbg/Reaper*2 ZMQbg/IO/0*2 pt_tcpstore_uv*1 cuda0000240000a*1 
2026-09-28T09:07:59+04:00	ck9e2-whole-256k	1	1248696	1248581	57	827277312	623796224	python3*49 ZMQbg/Reaper*4 ZMQbg/IO/0*4 
2026-09-28T09:08:13+04:00	ck9e2-whole-256k	3	1248564	363	2	17195008	69632	uv*1 main2*1 
2026-09-28T09:08:13+04:00	ck9e2-whole-256k	3	1248581	1248564	57	903356416	691658752	ft*51 ZMQbg/Reaper*3 ZMQbg/IO/0*3 
2026-09-28T09:08:13+04:00	ck9e2-whole-256k	3	1248694	1248581	1	12754944	5939200	python3*1 
2026-09-28T09:08:13+04:00	ck9e2-whole-256k	3	1248695	1248581	45	22619381760	1817378816	python3*36 pt_gloo_runloop*2 ZMQbg/Reaper*2 ZMQbg/IO/0*2 pt_tcpstore_uv*1 cuda0000240000a*1 
2026-09-28T09:08:13+04:00	ck9e2-whole-256k	3	1248696	1248581	57	827281408	623800320	python3*49 ZMQbg/Reaper*4 ZMQbg/IO/0*4 
2026-09-28T09:08:23+04:00	ck9e2-whole-256k	3	1248564	363	2	17195008	69632	uv*1 main2*1 
2026-09-28T09:08:23+04:00	ck9e2-whole-256k	3	1248581	1248564	57	903356416	691658752	ft*51 ZMQbg/Reaper*3 ZMQbg/IO/0*3 
2026-09-28T09:08:23+04:00	ck9e2-whole-256k	3	1248694	1248581	1	12754944	5939200	python3*1 
2026-09-28T09:08:23+04:00	ck9e2-whole-256k	3	1248695	1248581	45	22619381760	1817378816	python3*36 pt_gloo_runloop*2 ZMQbg/Reaper*2 ZMQbg/IO/0*2 pt_tcpstore_uv*1 cuda0000240000a*1 
2026-09-28T09:08:24+04:00	ck9e2-whole-256k	3	1248696	1248581	57	827281408	623800320	python3*49 ZMQbg/Reaper*4 ZMQbg/IO/0*4 
2026-09-28T09:08:34+04:00	ck9e2-whole-256k	3	1248564	363	2	17195008	69632	uv*1 main2*1 
2026-09-28T09:08:34+04:00	ck9e2-whole-256k	3	1248581	1248564	57	903356416	691658752	ft*51 ZMQbg/Reaper*3 ZMQbg/IO/0*3 
2026-09-28T09:08:34+04:00	ck9e2-whole-256k	3	1248694	1248581	1	12754944	5939200	python3*1 
2026-09-28T09:08:34+04:00	ck9e2-whole-256k	3	1248695	1248581	45	22619381760	1817378816	python3*36 pt_gloo_runloop*2 ZMQbg/Reaper*2 ZMQbg/IO/0*2 pt_tcpstore_uv*1 cuda0000240000a*1 
2026-09-28T09:08:34+04:00	ck9e2-whole-256k	3	1248696	1248581	57	827281408	623800320	python3*49 ZMQbg/Reaper*4 ZMQbg/IO/0*4 
2026-09-28T09:08:47+04:00	ck9e2-whole-256k	3	1248564	363	2	17195008	69632	uv*1 main2*1 
2026-09-28T09:08:47+04:00	ck9e2-whole-256k	3	1248581	1248564	57	903356416	691658752	ft*51 ZMQbg/Reaper*3 ZMQbg/IO/0*3 
2026-09-28T09:08:47+04:00	ck9e2-whole-256k	3	1248694	1248581	1	12754944	5939200	python3*1 
2026-09-28T09:08:47+04:00	ck9e2-whole-256k	3	1248695	1248581	45	22619381760	1817378816	python3*36 pt_gloo_runloop*2 ZMQbg/Reaper*2 ZMQbg/IO/0*2 pt_tcpstore_uv*1 cuda0000240000a*1 
2026-09-28T09:08:47+04:00	ck9e2-whole-256k	3	1248696	1248581	57	827281408	623800320	python3*49 ZMQbg/Reaper*4 ZMQbg/IO/0*4 
2026-09-28T09:08:57+04:00	ck9e2-whole-256k	3	1248564	363	2	17195008	69632	uv*1 main2*1 
2026-09-28T09:08:57+04:00	ck9e2-whole-256k	3	1248581	1248564	57	903356416	691658752	ft*51 ZMQbg/Reaper*3 ZMQbg/IO/0*3 
2026-09-28T09:08:58+04:00	ck9e2-whole-256k	3	1248694	1248581	1	12754944	5939200	python3*1 
2026-09-28T09:08:58+04:00	ck9e2-whole-256k	3	1248695	1248581	45	22619381760	1817378816	python3*36 pt_gloo_runloop*2 ZMQbg/Reaper*2 ZMQbg/IO/0*2 pt_tcpstore_uv*1 cuda0000240000a*1 
2026-09-28T09:08:58+04:00	ck9e2-whole-256k	3	1248696	1248581	57	827281408	623800320	python3*49 ZMQbg/Reaper*4 ZMQbg/IO/0*4 
2026-09-28T09:09:08+04:00	ck9e2-whole-256k	3	1248564	363	2	17195008	69632	uv*1 main2*1 
2026-09-28T09:09:08+04:00	ck9e2-whole-256k	3	1248581	1248564	57	903356416	691658752	ft*51 ZMQbg/Reaper*3 ZMQbg/IO/0*3 
2026-09-28T09:09:08+04:00	ck9e2-whole-256k	3	1248694	1248581	1	12754944	5939200	python3*1 
2026-09-28T09:09:08+04:00	ck9e2-whole-256k	3	1248695	1248581	45	22619381760	1817378816	python3*36 pt_gloo_runloop*2 ZMQbg/Reaper*2 ZMQbg/IO/0*2 pt_tcpstore_uv*1 cuda0000240000a*1 
2026-09-28T09:09:08+04:00	ck9e2-whole-256k	3	1248696	1248581	57	827281408	623800320	python3*49 ZMQbg/Reaper*4 ZMQbg/IO/0*4 
2026-09-28T09:09:21+04:00	ck9e2-whole-256k	4	1248564	363	2	17195008	69632	uv*1 main2*1 
2026-09-28T09:09:21+04:00	ck9e2-whole-256k	4	1248581	1248564	57	903630848	691933184	ft*51 ZMQbg/Reaper*3 ZMQbg/IO/0*3 
2026-09-28T09:09:21+04:00	ck9e2-whole-256k	4	1248694	1248581	1	12754944	5939200	python3*1 
2026-09-28T09:09:21+04:00	ck9e2-whole-256k	4	1248695	1248581	45	22627770368	1825767424	python3*36 pt_gloo_runloop*2 ZMQbg/Reaper*2 ZMQbg/IO/0*2 pt_tcpstore_uv*1 cuda0000240000a*1 
2026-09-28T09:09:21+04:00	ck9e2-whole-256k	4	1248696	1248581	57	827281408	623800320	python3*49 ZMQbg/Reaper*4 ZMQbg/IO/0*4 
2026-09-28T09:09:32+04:00	ck9e2-whole-256k	4	1248564	363	2	17195008	69632	uv*1 main2*1 
2026-09-28T09:09:32+04:00	ck9e2-whole-256k	4	1248581	1248564	57	903733248	692035584	ft*51 ZMQbg/Reaper*3 ZMQbg/IO/0*3 
2026-09-28T09:09:32+04:00	ck9e2-whole-256k	4	1248694	1248581	1	12754944	5939200	python3*1 
2026-09-28T09:09:32+04:00	ck9e2-whole-256k	4	1248695	1248581	45	22628765696	1825767424	python3*36 pt_gloo_runloop*2 ZMQbg/Reaper*2 ZMQbg/IO/0*2 pt_tcpstore_uv*1 cuda0000240000a*1 
2026-09-28T09:09:32+04:00	ck9e2-whole-256k	4	1248696	1248581	57	827281408	623800320	python3*49 ZMQbg/Reaper*4 ZMQbg/IO/0*4 
2026-09-28T09:09:42+04:00	ck9e2-whole-256k	4	1248564	363	2	17195008	69632	uv*1 main2*1 
2026-09-28T09:09:42+04:00	ck9e2-whole-256k	4	1248581	1248564	57	903733248	692035584	ft*51 ZMQbg/Reaper*3 ZMQbg/IO/0*3 
2026-09-28T09:09:42+04:00	ck9e2-whole-256k	4	1248694	1248581	1	12754944	5939200	python3*1 
2026-09-28T09:09:42+04:00	ck9e2-whole-256k	4	1248695	1248581	45	22628765696	1825767424	python3*36 pt_gloo_runloop*2 ZMQbg/Reaper*2 ZMQbg/IO/0*2 pt_tcpstore_uv*1 cuda0000240000a*1 
2026-09-28T09:09:42+04:00	ck9e2-whole-256k	4	1248696	1248581	57	827281408	623800320	python3*49 ZMQbg/Reaper*4 ZMQbg/IO/0*4 
2026-09-28T09:09:55+04:00	ck9e2-whole-256k	4	1248564	363	2	17195008	69632	uv*1 main2*1 
2026-09-28T09:09:55+04:00	ck9e2-whole-256k	4	1248581	1248564	57	903733248	692035584	ft*51 ZMQbg/Reaper*3 ZMQbg/IO/0*3 
2026-09-28T09:09:55+04:00	ck9e2-whole-256k	4	1248694	1248581	1	12754944	5939200	python3*1 
2026-09-28T09:09:55+04:00	ck9e2-whole-256k	4	1248695	1248581	45	22628765696	1825767424	python3*36 pt_gloo_runloop*2 ZMQbg/Reaper*2 ZMQbg/IO/0*2 pt_tcpstore_uv*1 cuda0000240000a*1 
2026-09-28T09:09:55+04:00	ck9e2-whole-256k	4	1248696	1248581	57	827281408	623800320	python3*49 ZMQbg/Reaper*4 ZMQbg/IO/0*4 
2026-09-28T09:10:05+04:00	ck9e2-whole-256k	4	1248564	363	2	17195008	69632	uv*1 main2*1 
2026-09-28T09:10:05+04:00	ck9e2-whole-256k	4	1248581	1248564	57	903733248	692035584	ft*51 ZMQbg/Reaper*3 ZMQbg/IO/0*3 
2026-09-28T09:10:06+04:00	ck9e2-whole-256k	4	1248694	1248581	1	12754944	5939200	python3*1 
2026-09-28T09:10:06+04:00	ck9e2-whole-256k	4	1248695	1248581	45	22628765696	1825767424	python3*36 pt_gloo_runloop*2 ZMQbg/Reaper*2 ZMQbg/IO/0*2 pt_tcpstore_uv*1 cuda0000240000a*1 
2026-09-28T09:10:06+04:00	ck9e2-whole-256k	4	1248696	1248581	57	827281408	623800320	python3*49 ZMQbg/Reaper*4 ZMQbg/IO/0*4 
2026-09-28T09:10:16+04:00	ck9e2-whole-256k	4	1248564	363	2	17195008	69632	uv*1 main2*1 
2026-09-28T09:10:16+04:00	ck9e2-whole-256k	4	1248581	1248564	57	903733248	692035584	ft*51 ZMQbg/Reaper*3 ZMQbg/IO/0*3 
2026-09-28T09:10:16+04:00	ck9e2-whole-256k	4	1248694	1248581	1	12754944	5939200	python3*1 
2026-09-28T09:10:16+04:00	ck9e2-whole-256k	4	1248695	1248581	45	22628765696	1825767424	python3*36 pt_gloo_runloop*2 ZMQbg/Reaper*2 ZMQbg/IO/0*2 pt_tcpstore_uv*1 cuda0000240000a*1 
2026-09-28T09:10:16+04:00	ck9e2-whole-256k	4	1248696	1248581	57	827281408	623800320	python3*49 ZMQbg/Reaper*4 ZMQbg/IO/0*4 
2026-09-28T09:10:29+04:00	ck9e2-whole-256k	4	1248564	363	2	17195008	69632	uv*1 main2*1 
2026-09-28T09:10:29+04:00	ck9e2-whole-256k	4	1248581	1248564	57	903733248	692035584	ft*51 ZMQbg/Reaper*3 ZMQbg/IO/0*3 
2026-09-28T09:10:29+04:00	ck9e2-whole-256k	4	1248694	1248581	1	12754944	5939200	python3*1 
2026-09-28T09:10:29+04:00	ck9e2-whole-256k	4	1248695	1248581	45	22628765696	1825767424	python3*36 pt_gloo_runloop*2 ZMQbg/Reaper*2 ZMQbg/IO/0*2 pt_tcpstore_uv*1 cuda0000240000a*1 
2026-09-28T09:10:29+04:00	ck9e2-whole-256k	4	1248696	1248581	57	827281408	623800320	python3*49 ZMQbg/Reaper*4 ZMQbg/IO/0*4 
2026-09-28T09:10:39+04:00	ck9e2-whole-256k	4	1248564	363	2	17195008	69632	uv*1 main2*1 
2026-09-28T09:10:39+04:00	ck9e2-whole-256k	4	1248581	1248564	57	903733248	692035584	ft*51 ZMQbg/Reaper*3 ZMQbg/IO/0*3 
2026-09-28T09:10:39+04:00	ck9e2-whole-256k	4	1248694	1248581	1	12754944	5939200	python3*1 
2026-09-28T09:10:39+04:00	ck9e2-whole-256k	4	1248695	1248581	45	22628765696	1825767424	python3*36 pt_gloo_runloop*2 ZMQbg/Reaper*2 ZMQbg/IO/0*2 pt_tcpstore_uv*1 cuda0000240000a*1 
2026-09-28T09:10:40+04:00	ck9e2-whole-256k	4	1248696	1248581	57	827281408	623800320	python3*49 ZMQbg/Reaper*4 ZMQbg/IO/0*4 
2026-09-28T09:10:50+04:00	ck9e2-whole-256k	4	1248564	363	2	17195008	69632	uv*1 main2*1 
2026-09-28T09:10:50+04:00	ck9e2-whole-256k	4	1248581	1248564	57	903733248	692035584	ft*51 ZMQbg/Reaper*3 ZMQbg/IO/0*3 
2026-09-28T09:10:50+04:00	ck9e2-whole-256k	4	1248694	1248581	1	12754944	5939200	python3*1 
2026-09-28T09:10:50+04:00	ck9e2-whole-256k	4	1248695	1248581	45	22628765696	1825767424	python3*36 pt_gloo_runloop*2 ZMQbg/Reaper*2 ZMQbg/IO/0*2 pt_tcpstore_uv*1 cuda0000240000a*1 
2026-09-28T09:10:50+04:00	ck9e2-whole-256k	4	1248696	1248581	57	827281408	623800320	python3*49 ZMQbg/Reaper*4 ZMQbg/IO/0*4 
2026-09-28T09:11:03+04:00	ck9e2-whole-256k	4	1248564	363	2	17195008	69632	uv*1 main2*1 
2026-09-28T09:11:03+04:00	ck9e2-whole-256k	4	1248581	1248564	57	903733248	692035584	ft*51 ZMQbg/Reaper*3 ZMQbg/IO/0*3 
2026-09-28T09:11:03+04:00	ck9e2-whole-256k	4	1248694	1248581	1	12754944	5939200	python3*1 
2026-09-28T09:11:03+04:00	ck9e2-whole-256k	4	1248695	1248581	45	22628765696	1825767424	python3*36 pt_gloo_runloop*2 ZMQbg/Reaper*2 ZMQbg/IO/0*2 pt_tcpstore_uv*1 cuda0000240000a*1 
2026-09-28T09:11:03+04:00	ck9e2-whole-256k	4	1248696	1248581	57	827281408	623800320	python3*49 ZMQbg/Reaper*4 ZMQbg/IO/0*4 
2026-09-28T09:11:13+04:00	ck9e2-whole-256k	4	1248564	363	2	17195008	69632	uv*1 main2*1 
2026-09-28T09:11:13+04:00	ck9e2-whole-256k	4	1248581	1248564	57	903733248	692035584	ft*51 ZMQbg/Reaper*3 ZMQbg/IO/0*3 
2026-09-28T09:11:13+04:00	ck9e2-whole-256k	4	1248694	1248581	1	12754944	5939200	python3*1 
2026-09-28T09:11:13+04:00	ck9e2-whole-256k	4	1248695	1248581	45	22628765696	1825767424	python3*36 pt_gloo_runloop*2 ZMQbg/Reaper*2 ZMQbg/IO/0*2 pt_tcpstore_uv*1 cuda0000240000a*1 
2026-09-28T09:11:14+04:00	ck9e2-whole-256k	4	1248696	1248581	57	827281408	623800320	python3*49 ZMQbg/Reaper*4 ZMQbg/IO/0*4 
2026-09-28T09:11:24+04:00	ck9e2-whole-256k	4	1248564	363	2	17195008	69632	uv*1 main2*1 
2026-09-28T09:11:24+04:00	ck9e2-whole-256k	4	1248581	1248564	57	903733248	692035584	ft*51 ZMQbg/Reaper*3 ZMQbg/IO/0*3 
2026-09-28T09:11:24+04:00	ck9e2-whole-256k	4	1248694	1248581	1	12754944	5939200	python3*1 
2026-09-28T09:11:24+04:00	ck9e2-whole-256k	4	1248695	1248581	45	22628765696	1825767424	python3*36 pt_gloo_runloop*2 ZMQbg/Reaper*2 ZMQbg/IO/0*2 pt_tcpstore_uv*1 cuda0000240000a*1 
2026-09-28T09:11:24+04:00	ck9e2-whole-256k	4	1248696	1248581	57	827281408	623800320	python3*49 ZMQbg/Reaper*4 ZMQbg/IO/0*4 
2026-09-28T09:11:34+04:00	ck9e2-whole-256k	4	1248564	363	2	17195008	69632	uv*1 main2*1 
2026-09-28T09:11:34+04:00	ck9e2-whole-256k	4	1248581	1248564	57	903733248	692035584	ft*51 ZMQbg/Reaper*3 ZMQbg/IO/0*3 
2026-09-28T09:11:34+04:00	ck9e2-whole-256k	4	1248694	1248581	1	12754944	5939200	python3*1 
2026-09-28T09:11:34+04:00	ck9e2-whole-256k	4	1248695	1248581	45	22628765696	1825767424	python3*36 pt_gloo_runloop*2 ZMQbg/Reaper*2 ZMQbg/IO/0*2 pt_tcpstore_uv*1 cuda0000240000a*1 
2026-09-28T09:11:34+04:00	ck9e2-whole-256k	4	1248696	1248581	57	827281408	623800320	python3*49 ZMQbg/Reaper*4 ZMQbg/IO/0*4 
2026-09-28T09:11:47+04:00	ck9e2-whole-256k	4	1248564	363	2	17195008	69632	uv*1 main2*1 
2026-09-28T09:11:47+04:00	ck9e2-whole-256k	4	1248581	1248564	57	903733248	692035584	ft*51 ZMQbg/Reaper*3 ZMQbg/IO/0*3 
2026-09-28T09:11:48+04:00	ck9e2-whole-256k	4	1248694	1248581	1	12754944	5939200	python3*1 
2026-09-28T09:11:48+04:00	ck9e2-whole-256k	4	1248695	1248581	45	22628765696	1825767424	python3*36 pt_gloo_runloop*2 ZMQbg/Reaper*2 ZMQbg/IO/0*2 pt_tcpstore_uv*1 cuda0000240000a*1 
2026-09-28T09:11:48+04:00	ck9e2-whole-256k	4	1248696	1248581	57	827281408	623800320	python3*49 ZMQbg/Reaper*4 ZMQbg/IO/0*4 
2026-09-28T09:11:58+04:00	ck9e2-whole-256k	4	1248564	363	2	17195008	69632	uv*1 main2*1 
2026-09-28T09:11:58+04:00	ck9e2-whole-256k	4	1248581	1248564	57	903733248	692035584	ft*51 ZMQbg/Reaper*3 ZMQbg/IO/0*3 
2026-09-28T09:11:58+04:00	ck9e2-whole-256k	4	1248694	1248581	1	12754944	5939200	python3*1 
2026-09-28T09:11:58+04:00	ck9e2-whole-256k	4	1248695	1248581	45	22628765696	1825767424	python3*36 pt_gloo_runloop*2 ZMQbg/Reaper*2 ZMQbg/IO/0*2 pt_tcpstore_uv*1 cuda0000240000a*1 
2026-09-28T09:11:58+04:00	ck9e2-whole-256k	4	1248696	1248581	57	827281408	623800320	python3*49 ZMQbg/Reaper*4 ZMQbg/IO/0*4 
2026-09-28T09:12:08+04:00	ck9e2-whole-256k	4	1248564	363	2	17195008	69632	uv*1 main2*1 
2026-09-28T09:12:08+04:00	ck9e2-whole-256k	4	1248581	1248564	57	903733248	692035584	ft*51 ZMQbg/Reaper*3 ZMQbg/IO/0*3 
2026-09-28T09:12:08+04:00	ck9e2-whole-256k	4	1248694	1248581	1	12754944	5939200	python3*1 
2026-09-28T09:12:08+04:00	ck9e2-whole-256k	4	1248695	1248581	45	22628765696	1825767424	python3*36 pt_gloo_runloop*2 ZMQbg/Reaper*2 ZMQbg/IO/0*2 pt_tcpstore_uv*1 cuda0000240000a*1 
2026-09-28T09:12:08+04:00	ck9e2-whole-256k	4	1248696	1248581	57	827281408	623800320	python3*49 ZMQbg/Reaper*4 ZMQbg/IO/0*4 
2026-09-28T09:12:21+04:00	ck9e2-whole-256k	4	1248564	363	2	17195008	69632	uv*1 main2*1 
2026-09-28T09:12:21+04:00	ck9e2-whole-256k	4	1248581	1248564	57	903733248	692035584	ft*51 ZMQbg/Reaper*3 ZMQbg/IO/0*3 
2026-09-28T09:12:21+04:00	ck9e2-whole-256k	4	1248694	1248581	1	12754944	5939200	python3*1 
2026-09-28T09:12:21+04:00	ck9e2-whole-256k	4	1248695	1248581	45	22628765696	1825767424	python3*36 pt_gloo_runloop*2 ZMQbg/Reaper*2 ZMQbg/IO/0*2 pt_tcpstore_uv*1 cuda0000240000a*1 
2026-09-28T09:12:22+04:00	ck9e2-whole-256k	4	1248696	1248581	57	827281408	623800320	python3*49 ZMQbg/Reaper*4 ZMQbg/IO/0*4 
2026-09-28T09:12:32+04:00	ck9e2-whole-256k	4	1248564	363	2	17195008	69632	uv*1 main2*1 
2026-09-28T09:12:32+04:00	ck9e2-whole-256k	4	1248581	1248564	57	903733248	692035584	ft*51 ZMQbg/Reaper*3 ZMQbg/IO/0*3 
2026-09-28T09:12:32+04:00	ck9e2-whole-256k	4	1248694	1248581	1	12754944	5939200	python3*1 
2026-09-28T09:12:32+04:00	ck9e2-whole-256k	4	1248695	1248581	45	22628765696	1825767424	python3*36 pt_gloo_runloop*2 ZMQbg/Reaper*2 ZMQbg/IO/0*2 pt_tcpstore_uv*1 cuda0000240000a*1 
2026-09-28T09:12:32+04:00	ck9e2-whole-256k	4	1248696	1248581	57	827281408	623800320	python3*49 ZMQbg/Reaper*4 ZMQbg/IO/0*4 
2026-09-28T09:12:42+04:00	ck9e2-whole-256k	4	1248564	363	2	17195008	69632	uv*1 main2*1 
2026-09-28T09:12:42+04:00	ck9e2-whole-256k	4	1248581	1248564	57	903733248	692035584	ft*51 ZMQbg/Reaper*3 ZMQbg/IO/0*3 
2026-09-28T09:12:42+04:00	ck9e2-whole-256k	4	1248694	1248581	1	12754944	5939200	python3*1 
2026-09-28T09:12:42+04:00	ck9e2-whole-256k	4	1248695	1248581	45	22628765696	1825767424	python3*36 pt_gloo_runloop*2 ZMQbg/Reaper*2 ZMQbg/IO/0*2 pt_tcpstore_uv*1 cuda0000240000a*1 
2026-09-28T09:12:42+04:00	ck9e2-whole-256k	4	1248696	1248581	57	827281408	623800320	python3*49 ZMQbg/Reaper*4 ZMQbg/IO/0*4 
2026-09-28T09:12:55+04:00	ck9e2-whole-256k	4	1248564	363	2	17195008	69632	uv*1 main2*1 
2026-09-28T09:12:55+04:00	ck9e2-whole-256k	4	1248581	1248564	57	903733248	692035584	ft*51 ZMQbg/Reaper*3 ZMQbg/IO/0*3 
2026-09-28T09:12:55+04:00	ck9e2-whole-256k	4	1248694	1248581	1	12754944	5939200	python3*1 
2026-09-28T09:12:55+04:00	ck9e2-whole-256k	4	1248695	1248581	45	22628765696	1825767424	python3*36 pt_gloo_runloop*2 ZMQbg/Reaper*2 ZMQbg/IO/0*2 pt_tcpstore_uv*1 cuda0000240000a*1 
2026-09-28T09:12:56+04:00	ck9e2-whole-256k	4	1248696	1248581	57	827281408	623800320	python3*49 ZMQbg/Reaper*4 ZMQbg/IO/0*4 
2026-09-28T09:13:06+04:00	ck9e2-whole-256k	4	1248564	363	2	17195008	69632	uv*1 main2*1 
2026-09-28T09:13:06+04:00	ck9e2-whole-256k	4	1248581	1248564	57	903733248	692035584	ft*51 ZMQbg/Reaper*3 ZMQbg/IO/0*3 
2026-09-28T09:13:06+04:00	ck9e2-whole-256k	4	1248694	1248581	1	12754944	5939200	python3*1 
2026-09-28T09:13:06+04:00	ck9e2-whole-256k	4	1248695	1248581	45	22628765696	1825767424	python3*36 pt_gloo_runloop*2 ZMQbg/Reaper*2 ZMQbg/IO/0*2 pt_tcpstore_uv*1 cuda0000240000a*1 
2026-09-28T09:13:06+04:00	ck9e2-whole-256k	4	1248696	1248581	57	827281408	623800320	python3*49 ZMQbg/Reaper*4 ZMQbg/IO/0*4 
2026-09-28T09:13:16+04:00	ck9e2-whole-256k	4	1248564	363	2	17195008	69632	uv*1 main2*1 
2026-09-28T09:13:16+04:00	ck9e2-whole-256k	4	1248581	1248564	57	903733248	692035584	ft*51 ZMQbg/Reaper*3 ZMQbg/IO/0*3 
2026-09-28T09:13:16+04:00	ck9e2-whole-256k	4	1248694	1248581	1	12754944	5939200	python3*1 
2026-09-28T09:13:16+04:00	ck9e2-whole-256k	4	1248695	1248581	45	22628765696	1825767424	python3*36 pt_gloo_runloop*2 ZMQbg/Reaper*2 ZMQbg/IO/0*2 pt_tcpstore_uv*1 cuda0000240000a*1 
2026-09-28T09:13:16+04:00	ck9e2-whole-256k	4	1248696	1248581	57	827281408	623800320	python3*49 ZMQbg/Reaper*4 ZMQbg/IO/0*4 
2026-09-28T09:13:29+04:00	ck9e2-whole-256k	4	1248564	363	2	17195008	69632	uv*1 main2*1 
2026-09-28T09:13:29+04:00	ck9e2-whole-256k	4	1248581	1248564	57	903733248	692035584	ft*51 ZMQbg/Reaper*3 ZMQbg/IO/0*3 
2026-09-28T09:13:29+04:00	ck9e2-whole-256k	4	1248694	1248581	1	12754944	5939200	python3*1 
2026-09-28T09:13:29+04:00	ck9e2-whole-256k	4	1248695	1248581	45	22628765696	1825767424	python3*36 pt_gloo_runloop*2 ZMQbg/Reaper*2 ZMQbg/IO/0*2 pt_tcpstore_uv*1 cuda0000240000a*1 
2026-09-28T09:13:30+04:00	ck9e2-whole-256k	4	1248696	1248581	57	827281408	623800320	python3*49 ZMQbg/Reaper*4 ZMQbg/IO/0*4 
2026-09-28T09:13:40+04:00	ck9e2-whole-256k	4	1248564	363	2	17195008	69632	uv*1 main2*1 
2026-09-28T09:13:40+04:00	ck9e2-whole-256k	4	1248581	1248564	57	903733248	692035584	ft*51 ZMQbg/Reaper*3 ZMQbg/IO/0*3 
2026-09-28T09:13:40+04:00	ck9e2-whole-256k	4	1248694	1248581	1	12754944	5939200	python3*1 
2026-09-28T09:13:40+04:00	ck9e2-whole-256k	4	1248695	1248581	45	22628765696	1825767424	python3*36 pt_gloo_runloop*2 ZMQbg/Reaper*2 ZMQbg/IO/0*2 pt_tcpstore_uv*1 cuda0000240000a*1 
2026-09-28T09:13:40+04:00	ck9e2-whole-256k	4	1248696	1248581	57	827281408	623800320	python3*49 ZMQbg/Reaper*4 ZMQbg/IO/0*4 
2026-09-28T09:13:50+04:00	ck9e2-whole-256k	4	1248564	363	2	17195008	69632	uv*1 main2*1 
2026-09-28T09:13:50+04:00	ck9e2-whole-256k	4	1248581	1248564	57	903733248	692035584	ft*51 ZMQbg/Reaper*3 ZMQbg/IO/0*3 
2026-09-28T09:13:50+04:00	ck9e2-whole-256k	4	1248694	1248581	1	12754944	5939200	python3*1 
2026-09-28T09:13:50+04:00	ck9e2-whole-256k	4	1248695	1248581	45	22628765696	1825767424	python3*36 pt_gloo_runloop*2 ZMQbg/Reaper*2 ZMQbg/IO/0*2 pt_tcpstore_uv*1 cuda0000240000a*1 
2026-09-28T09:13:50+04:00	ck9e2-whole-256k	4	1248696	1248581	57	827281408	623800320	python3*49 ZMQbg/Reaper*4 ZMQbg/IO/0*4 
2026-09-28T09:14:03+04:00	ck9e2-whole-256k	4	1248564	363	2	17195008	69632	uv*1 main2*1 
2026-09-28T09:14:03+04:00	ck9e2-whole-256k	4	1248581	1248564	57	903741440	692043776	ft*51 ZMQbg/Reaper*3 ZMQbg/IO/0*3 
2026-09-28T09:14:03+04:00	ck9e2-whole-256k	4	1248694	1248581	1	12754944	5939200	python3*1 
2026-09-28T09:14:03+04:00	ck9e2-whole-256k	4	1248695	1248581	45	22628765696	1825767424	python3*36 pt_gloo_runloop*2 ZMQbg/Reaper*2 ZMQbg/IO/0*2 pt_tcpstore_uv*1 cuda0000240000a*1 
2026-09-28T09:14:04+04:00	ck9e2-whole-256k	4	1248696	1248581	57	827281408	623800320	python3*49 ZMQbg/Reaper*4 ZMQbg/IO/0*4 
2026-09-28T09:14:14+04:00	ck9e2-whole-256k	4	1248564	363	2	17195008	69632	uv*1 main2*1 
2026-09-28T09:14:14+04:00	ck9e2-whole-256k	4	1248581	1248564	57	896991232	692043776	ft*51 ZMQbg/Reaper*3 ZMQbg/IO/0*3 
2026-09-28T09:14:14+04:00	ck9e2-whole-256k	4	1248694	1248581	1	12754944	5939200	python3*1 
2026-09-28T09:14:14+04:00	ck9e2-whole-256k	4	1248695	1248581	45	22620524544	1825767424	python3*36 pt_gloo_runloop*2 ZMQbg/Reaper*2 ZMQbg/IO/0*2 pt_tcpstore_uv*1 cuda0000240000a*1 
2026-09-28T09:14:14+04:00	ck9e2-whole-256k	4	1248696	1248581	57	820682752	623800320	python3*49 ZMQbg/Reaper*4 ZMQbg/IO/0*4 
2026-09-28T09:14:24+04:00	ck9e2-whole-256k	4	1248564	363	2	17195008	69632	uv*1 main2*1 
2026-09-28T09:14:24+04:00	ck9e2-whole-256k	4	1248581	1248564	57	896991232	692043776	ft*51 ZMQbg/Reaper*3 ZMQbg/IO/0*3 
2026-09-28T09:14:24+04:00	ck9e2-whole-256k	4	1248694	1248581	1	12754944	5939200	python3*1 
2026-09-28T09:14:24+04:00	ck9e2-whole-256k	4	1248695	1248581	45	22620524544	1825767424	python3*36 pt_gloo_runloop*2 ZMQbg/Reaper*2 ZMQbg/IO/0*2 pt_tcpstore_uv*1 cuda0000240000a*1 
2026-09-28T09:14:24+04:00	ck9e2-whole-256k	4	1248696	1248581	57	820682752	623800320	python3*49 ZMQbg/Reaper*4 ZMQbg/IO/0*4 
2026-09-28T09:14:37+04:00	ck9e2-whole-256k	4	1248564	363	2	17195008	69632	uv*1 main2*1 
2026-09-28T09:14:38+04:00	ck9e2-whole-256k	4	1248581	1248564	57	894341120	692043776	ft*51 ZMQbg/Reaper*3 ZMQbg/IO/0*3 
2026-09-28T09:14:38+04:00	ck9e2-whole-256k	4	1248694	1248581	1	12754944	5939200	python3*1 
2026-09-28T09:14:38+04:00	ck9e2-whole-256k	4	1248695	1248581	45	22617894912	1825767424	python3*36 pt_gloo_runloop*2 ZMQbg/Reaper*2 ZMQbg/IO/0*2 pt_tcpstore_uv*1 cuda0000240000a*1 
2026-09-28T09:14:38+04:00	ck9e2-whole-256k	4	1248696	1248581	57	818057216	623800320	python3*49 ZMQbg/Reaper*4 ZMQbg/IO/0*4 
2026-09-28T09:14:48+04:00	ck9e2-whole-256k	4	1248564	363	2	17195008	69632	uv*1 main2*1 
2026-09-28T09:14:48+04:00	ck9e2-whole-256k	4	1248581	1248564	57	894341120	692043776	ft*51 ZMQbg/Reaper*3 ZMQbg/IO/0*3 
2026-09-28T09:14:48+04:00	ck9e2-whole-256k	4	1248694	1248581	1	12754944	5939200	python3*1 
2026-09-28T09:14:48+04:00	ck9e2-whole-256k	4	1248695	1248581	45	22617894912	1825767424	python3*36 pt_gloo_runloop*2 ZMQbg/Reaper*2 ZMQbg/IO/0*2 pt_tcpstore_uv*1 cuda0000240000a*1 
2026-09-28T09:14:48+04:00	ck9e2-whole-256k	4	1248696	1248581	57	818057216	623800320	python3*49 ZMQbg/Reaper*4 ZMQbg/IO/0*4 
2026-09-28T09:14:58+04:00	ck9e2-whole-256k	4	1248564	363	2	17195008	69632	uv*1 main2*1 
2026-09-28T09:14:58+04:00	ck9e2-whole-256k	4	1248581	1248564	57	894058496	692043776	ft*51 ZMQbg/Reaper*3 ZMQbg/IO/0*3 
2026-09-28T09:14:58+04:00	ck9e2-whole-256k	4	1248694	1248581	1	12754944	5939200	python3*1 
2026-09-28T09:14:58+04:00	ck9e2-whole-256k	4	1248695	1248581	45	22617583616	1825767424	python3*36 pt_gloo_runloop*2 ZMQbg/Reaper*2 ZMQbg/IO/0*2 pt_tcpstore_uv*1 cuda0000240000a*1 
2026-09-28T09:14:58+04:00	ck9e2-whole-256k	4	1248696	1248581	57	817790976	623800320	python3*49 ZMQbg/Reaper*4 ZMQbg/IO/0*4 
2026-09-28T09:15:11+04:00	ck9e2-whole-256k	4	1248564	363	2	17195008	69632	uv*1 main2*1 
2026-09-28T09:15:11+04:00	ck9e2-whole-256k	4	1248581	1248564	57	893751296	692043776	ft*51 ZMQbg/Reaper*3 ZMQbg/IO/0*3 
2026-09-28T09:15:11+04:00	ck9e2-whole-256k	4	1248694	1248581	1	12754944	5939200	python3*1 
2026-09-28T09:15:11+04:00	ck9e2-whole-256k	4	1248695	1248581	45	22617350144	1825873920	python3*36 pt_gloo_runloop*2 ZMQbg/Reaper*2 ZMQbg/IO/0*2 pt_tcpstore_uv*1 cuda0000240000a*1 
2026-09-28T09:15:12+04:00	ck9e2-whole-256k	4	1248696	1248581	57	817504256	623800320	python3*49 ZMQbg/Reaper*4 ZMQbg/IO/0*4 
2026-09-28T09:15:22+04:00	ck9e2-whole-256k	4	1248564	363	2	17195008	69632	uv*1 main2*1 
2026-09-28T09:15:22+04:00	ck9e2-whole-256k	4	1248581	1248564	57	892915712	692043776	ft*51 ZMQbg/Reaper*3 ZMQbg/IO/0*3 
2026-09-28T09:15:22+04:00	ck9e2-whole-256k	4	1248694	1248581	1	12754944	5939200	python3*1 
2026-09-28T09:15:22+04:00	ck9e2-whole-256k	4	1248695	1248581	45	22616580096	1826017280	python3*36 pt_gloo_runloop*2 ZMQbg/Reaper*2 ZMQbg/IO/0*2 pt_tcpstore_uv*1 cuda0000240000a*1 
2026-09-28T09:15:22+04:00	ck9e2-whole-256k	4	1248696	1248581	57	816726016	623800320	python3*49 ZMQbg/Reaper*4 ZMQbg/IO/0*4 
2026-09-28T09:15:32+04:00	ck9e2-whole-256k	4	1248564	363	2	17195008	69632	uv*1 main2*1 
2026-09-28T09:15:32+04:00	ck9e2-whole-256k	4	1248581	1248564	57	892915712	692043776	ft*51 ZMQbg/Reaper*3 ZMQbg/IO/0*3 
2026-09-28T09:15:32+04:00	ck9e2-whole-256k	4	1248694	1248581	1	12754944	5939200	python3*1 
2026-09-28T09:15:32+04:00	ck9e2-whole-256k	4	1248695	1248581	45	22616727552	1826164736	python3*36 pt_gloo_runloop*2 ZMQbg/Reaper*2 ZMQbg/IO/0*2 pt_tcpstore_uv*1 cuda0000240000a*1 
2026-09-28T09:15:32+04:00	ck9e2-whole-256k	4	1248696	1248581	57	816726016	623800320	python3*49 ZMQbg/Reaper*4 ZMQbg/IO/0*4 
2026-09-28T09:15:42+04:00	ck9e2-whole-256k	4	1248564	363	2	17195008	69632	uv*1 main2*1 
2026-09-28T09:15:42+04:00	ck9e2-whole-256k	4	1248581	1248564	57	892956672	692084736	ft*51 ZMQbg/Reaper*3 ZMQbg/IO/0*3 
2026-09-28T09:15:42+04:00	ck9e2-whole-256k	4	1248694	1248581	1	12754944	5939200	python3*1 
2026-09-28T09:15:42+04:00	ck9e2-whole-256k	4	1248695	1248581	45	22617841664	1827278848	python3*36 pt_gloo_runloop*2 ZMQbg/Reaper*2 ZMQbg/IO/0*2 pt_tcpstore_uv*1 cuda0000240000a*1 
2026-09-28T09:15:42+04:00	ck9e2-whole-256k	4	1248696	1248581	57	816734208	623808512	python3*49 ZMQbg/Reaper*4 ZMQbg/IO/0*4 
2026-09-28T09:15:56+04:00	ck9e2-whole-256k	4	1248564	363	2	17195008	69632	uv*1 main2*1 
2026-09-28T09:15:56+04:00	ck9e2-whole-256k	4	1248581	1248564	57	892977152	692105216	ft*51 ZMQbg/Reaper*3 ZMQbg/IO/0*3 
2026-09-28T09:15:56+04:00	ck9e2-whole-256k	4	1248694	1248581	1	12754944	5939200	python3*1 
2026-09-28T09:15:56+04:00	ck9e2-whole-256k	4	1248695	1248581	45	22617858048	1827295232	python3*36 pt_gloo_runloop*2 ZMQbg/Reaper*2 ZMQbg/IO/0*2 pt_tcpstore_uv*1 cuda0000240000a*1 
2026-09-28T09:15:56+04:00	ck9e2-whole-256k	4	1248696	1248581	57	838811648	645885952	python3*49 ZMQbg/Reaper*4 ZMQbg/IO/0*4 
2026-09-28T09:16:06+04:00	ck9e2-whole-256k	4	1248564	363	2	17195008	69632	uv*1 main2*1 
2026-09-28T09:16:06+04:00	ck9e2-whole-256k	4	1248581	1248564	57	892977152	692105216	ft*51 ZMQbg/Reaper*3 ZMQbg/IO/0*3 
2026-09-28T09:16:06+04:00	ck9e2-whole-256k	4	1248694	1248581	1	12754944	5939200	python3*1 
2026-09-28T09:16:06+04:00	ck9e2-whole-256k	4	1248695	1248581	45	22618497024	1827868672	python3*36 pt_gloo_runloop*2 ZMQbg/Reaper*2 ZMQbg/IO/0*2 pt_tcpstore_uv*1 cuda0000240000a*1 
2026-09-28T09:16:06+04:00	ck9e2-whole-256k	4	1248696	1248581	57	838930432	646004736	python3*49 ZMQbg/Reaper*4 ZMQbg/IO/0*4 
2026-09-28T09:16:16+04:00	ck9e2-whole-256k	4	1248564	363	2	17195008	69632	uv*1 main2*1 
2026-09-28T09:16:16+04:00	ck9e2-whole-256k	4	1248581	1248564	57	893513728	692727808	ft*51 ZMQbg/Reaper*3 ZMQbg/IO/0*3 
2026-09-28T09:16:16+04:00	ck9e2-whole-256k	4	1248694	1248581	1	12754944	5939200	python3*1 
2026-09-28T09:16:16+04:00	ck9e2-whole-256k	4	1248695	1248581	45	22618341376	1827868672	python3*36 pt_gloo_runloop*2 ZMQbg/Reaper*2 ZMQbg/IO/0*2 pt_tcpstore_uv*1 cuda0000240000a*1 
2026-09-28T09:16:16+04:00	ck9e2-whole-256k	4	1248696	1248581	57	838844416	646004736	python3*49 ZMQbg/Reaper*4 ZMQbg/IO/0*4 
2026-09-28T09:16:30+04:00	ck9e2-whole-256k	4	1248564	363	2	17195008	69632	uv*1 main2*1 
2026-09-28T09:16:30+04:00	ck9e2-whole-256k	4	1248581	1248564	57	893526016	692740096	ft*51 ZMQbg/Reaper*3 ZMQbg/IO/0*3 
2026-09-28T09:16:30+04:00	ck9e2-whole-256k	4	1248694	1248581	1	12754944	5939200	python3*1 
2026-09-28T09:16:30+04:00	ck9e2-whole-256k	4	1248695	1248581	45	22618341376	1827868672	python3*36 pt_gloo_runloop*2 ZMQbg/Reaper*2 ZMQbg/IO/0*2 pt_tcpstore_uv*1 cuda0000240000a*1 
2026-09-28T09:16:30+04:00	ck9e2-whole-256k	4	1248696	1248581	57	839241728	646402048	python3*49 ZMQbg/Reaper*4 ZMQbg/IO/0*4 
2026-09-28T09:16:40+04:00	ck9e2-whole-256k	4	1248564	363	2	17195008	69632	uv*1 main2*1 
2026-09-28T09:16:40+04:00	ck9e2-whole-256k	4	1248581	1248564	57	893526016	692740096	ft*51 ZMQbg/Reaper*3 ZMQbg/IO/0*3 
2026-09-28T09:16:41+04:00	ck9e2-whole-256k	4	1248694	1248581	1	12754944	5939200	python3*1 
2026-09-28T09:16:41+04:00	ck9e2-whole-256k	4	1248695	1248581	45	22618341376	1827868672	python3*36 pt_gloo_runloop*2 ZMQbg/Reaper*2 ZMQbg/IO/0*2 pt_tcpstore_uv*1 cuda0000240000a*1 
2026-09-28T09:16:41+04:00	ck9e2-whole-256k	4	1248696	1248581	57	839241728	646402048	python3*49 ZMQbg/Reaper*4 ZMQbg/IO/0*4 
2026-09-28T09:16:51+04:00	ck9e2-whole-256k	4	1248564	363	2	17195008	69632	uv*1 main2*1 
2026-09-28T09:16:51+04:00	ck9e2-whole-256k	4	1248581	1248564	57	893419520	692740096	ft*51 ZMQbg/Reaper*3 ZMQbg/IO/0*3 
2026-09-28T09:16:51+04:00	ck9e2-whole-256k	4	1248694	1248581	1	12754944	5939200	python3*1 
2026-09-28T09:16:51+04:00	ck9e2-whole-256k	4	1248695	1248581	45	22618189824	1827868672	python3*36 pt_gloo_runloop*2 ZMQbg/Reaper*2 ZMQbg/IO/0*2 pt_tcpstore_uv*1 cuda0000240000a*1 
2026-09-28T09:16:51+04:00	ck9e2-whole-256k	4	1248696	1248581	57	839135232	646402048	python3*49 ZMQbg/Reaper*4 ZMQbg/IO/0*4 
2026-09-28T09:17:05+04:00	ck9e2-whole-256k	4	1248564	363	2	17195008	69632	uv*1 main2*1 
2026-09-28T09:17:05+04:00	ck9e2-whole-256k	4	1248581	1248564	57	893419520	692740096	ft*51 ZMQbg/Reaper*3 ZMQbg/IO/0*3 
2026-09-28T09:17:05+04:00	ck9e2-whole-256k	4	1248694	1248581	1	12754944	5939200	python3*1 
2026-09-28T09:17:05+04:00	ck9e2-whole-256k	4	1248695	1248581	45	22618189824	1827868672	python3*36 pt_gloo_runloop*2 ZMQbg/Reaper*2 ZMQbg/IO/0*2 pt_tcpstore_uv*1 cuda0000240000a*1 
2026-09-28T09:17:05+04:00	ck9e2-whole-256k	4	1248696	1248581	57	839135232	646402048	python3*49 ZMQbg/Reaper*4 ZMQbg/IO/0*4 
2026-09-28T09:17:15+04:00	ck9e2-whole-256k	4	1248564	363	2	17195008	69632	uv*1 main2*1 
2026-09-28T09:17:15+04:00	ck9e2-whole-256k	4	1248581	1248564	57	893419520	692740096	ft*51 ZMQbg/Reaper*3 ZMQbg/IO/0*3 
2026-09-28T09:17:15+04:00	ck9e2-whole-256k	4	1248694	1248581	1	12754944	5939200	python3*1 
2026-09-28T09:17:15+04:00	ck9e2-whole-256k	4	1248695	1248581	45	22617976832	1827868672	python3*36 pt_gloo_runloop*2 ZMQbg/Reaper*2 ZMQbg/IO/0*2 pt_tcpstore_uv*1 cuda0000240000a*1 
2026-09-28T09:17:15+04:00	ck9e2-whole-256k	4	1248696	1248581	57	838963200	646402048	python3*49 ZMQbg/Reaper*4 ZMQbg/IO/0*4 
2026-09-28T09:17:25+04:00	ck9e2-whole-256k	4	1248564	363	2	17195008	69632	uv*1 main2*1 
2026-09-28T09:17:25+04:00	ck9e2-whole-256k	4	1248581	1248564	57	893095936	692740096	ft*51 ZMQbg/Reaper*3 ZMQbg/IO/0*3 
2026-09-28T09:17:25+04:00	ck9e2-whole-256k	4	1248694	1248581	1	12754944	5939200	python3*1 
2026-09-28T09:17:25+04:00	ck9e2-whole-256k	4	1248695	1248581	45	22617628672	1827868672	python3*36 pt_gloo_runloop*2 ZMQbg/Reaper*2 ZMQbg/IO/0*2 pt_tcpstore_uv*1 cuda0000240000a*1 
2026-09-28T09:17:25+04:00	ck9e2-whole-256k	4	1248696	1248581	57	838823936	646402048	python3*49 ZMQbg/Reaper*4 ZMQbg/IO/0*4 
2026-09-28T09:17:39+04:00	ck9e2-whole-256k	4	1248564	363	2	17195008	69632	uv*1 main2*1 
2026-09-28T09:17:39+04:00	ck9e2-whole-256k	4	1248581	1248564	57	893095936	692740096	ft*51 ZMQbg/Reaper*3 ZMQbg/IO/0*3 
2026-09-28T09:17:39+04:00	ck9e2-whole-256k	4	1248694	1248581	1	12754944	5939200	python3*1 
2026-09-28T09:17:39+04:00	ck9e2-whole-256k	4	1248695	1248581	45	22617628672	1827868672	python3*36 pt_gloo_runloop*2 ZMQbg/Reaper*2 ZMQbg/IO/0*2 pt_tcpstore_uv*1 cuda0000240000a*1 
2026-09-28T09:17:39+04:00	ck9e2-whole-256k	4	1248696	1248581	57	838823936	646402048	python3*49 ZMQbg/Reaper*4 ZMQbg/IO/0*4 
2026-09-28T09:17:49+04:00	ck9e2-whole-256k	4	1248564	363	2	17195008	69632	uv*1 main2*1 
2026-09-28T09:17:49+04:00	ck9e2-whole-256k	4	1248581	1248564	57	893095936	692740096	ft*51 ZMQbg/Reaper*3 ZMQbg/IO/0*3 
2026-09-28T09:17:49+04:00	ck9e2-whole-256k	4	1248694	1248581	1	12754944	5939200	python3*1 
2026-09-28T09:17:49+04:00	ck9e2-whole-256k	4	1248695	1248581	45	22617628672	1827868672	python3*36 pt_gloo_runloop*2 ZMQbg/Reaper*2 ZMQbg/IO/0*2 pt_tcpstore_uv*1 cuda0000240000a*1 
2026-09-28T09:17:49+04:00	ck9e2-whole-256k	4	1248696	1248581	57	838823936	646402048	python3*49 ZMQbg/Reaper*4 ZMQbg/IO/0*4 
2026-09-28T09:17:59+04:00	ck9e2-whole-256k	4	1248564	363	2	17195008	69632	uv*1 main2*1 
2026-09-28T09:17:59+04:00	ck9e2-whole-256k	4	1248581	1248564	57	893095936	692740096	ft*51 ZMQbg/Reaper*3 ZMQbg/IO/0*3 
2026-09-28T09:17:59+04:00	ck9e2-whole-256k	4	1248694	1248581	1	12754944	5939200	python3*1 
2026-09-28T09:17:59+04:00	ck9e2-whole-256k	4	1248695	1248581	45	22617628672	1827868672	python3*36 pt_gloo_runloop*2 ZMQbg/Reaper*2 ZMQbg/IO/0*2 pt_tcpstore_uv*1 cuda0000240000a*1 
2026-09-28T09:18:00+04:00	ck9e2-whole-256k	4	1248696	1248581	57	838823936	646402048	python3*49 ZMQbg/Reaper*4 ZMQbg/IO/0*4 
2026-09-28T09:18:13+04:00	ck9e2-whole-256k	4	1248564	363	2	17195008	69632	uv*1 main2*1 
2026-09-28T09:18:13+04:00	ck9e2-whole-256k	4	1248581	1248564	57	893095936	692740096	ft*51 ZMQbg/Reaper*3 ZMQbg/IO/0*3 
2026-09-28T09:18:13+04:00	ck9e2-whole-256k	4	1248694	1248581	1	12754944	5939200	python3*1 
2026-09-28T09:18:13+04:00	ck9e2-whole-256k	4	1248695	1248581	45	22617628672	1827868672	python3*36 pt_gloo_runloop*2 ZMQbg/Reaper*2 ZMQbg/IO/0*2 pt_tcpstore_uv*1 cuda0000240000a*1 
2026-09-28T09:18:13+04:00	ck9e2-whole-256k	4	1248696	1248581	57	838823936	646402048	python3*49 ZMQbg/Reaper*4 ZMQbg/IO/0*4 
2026-09-28T09:18:23+04:00	ck9e2-whole-256k	4	1248564	363	2	17195008	69632	uv*1 main2*1 
2026-09-28T09:18:23+04:00	ck9e2-whole-256k	4	1248581	1248564	57	893095936	692740096	ft*51 ZMQbg/Reaper*3 ZMQbg/IO/0*3 
2026-09-28T09:18:23+04:00	ck9e2-whole-256k	4	1248694	1248581	1	12754944	5939200	python3*1 
2026-09-28T09:18:23+04:00	ck9e2-whole-256k	4	1248695	1248581	45	22617628672	1827868672	python3*36 pt_gloo_runloop*2 ZMQbg/Reaper*2 ZMQbg/IO/0*2 pt_tcpstore_uv*1 cuda0000240000a*1 
2026-09-28T09:18:23+04:00	ck9e2-whole-256k	4	1248696	1248581	57	838823936	646402048	python3*49 ZMQbg/Reaper*4 ZMQbg/IO/0*4 
2026-09-28T09:18:34+04:00	ck9e2-whole-256k	4	1248564	363	2	17195008	69632	uv*1 main2*1 
2026-09-28T09:18:34+04:00	ck9e2-whole-256k	4	1248581	1248564	57	893095936	692740096	ft*51 ZMQbg/Reaper*3 ZMQbg/IO/0*3 
2026-09-28T09:18:34+04:00	ck9e2-whole-256k	4	1248694	1248581	1	12754944	5939200	python3*1 
2026-09-28T09:18:34+04:00	ck9e2-whole-256k	4	1248695	1248581	45	22617661440	1827901440	python3*36 pt_gloo_runloop*2 ZMQbg/Reaper*2 ZMQbg/IO/0*2 pt_tcpstore_uv*1 cuda0000240000a*1 
2026-09-28T09:18:34+04:00	ck9e2-whole-256k	4	1248696	1248581	57	838823936	646402048	python3*49 ZMQbg/Reaper*4 ZMQbg/IO/0*4 
2026-09-28T09:18:47+04:00	ck9e2-whole-256k	4	1248564	363	2	17195008	69632	uv*1 main2*1 
2026-09-28T09:18:47+04:00	ck9e2-whole-256k	4	1248581	1248564	57	893095936	692740096	ft*51 ZMQbg/Reaper*3 ZMQbg/IO/0*3 
2026-09-28T09:18:47+04:00	ck9e2-whole-256k	4	1248694	1248581	1	12754944	5939200	python3*1 
2026-09-28T09:18:47+04:00	ck9e2-whole-256k	4	1248695	1248581	45	22617808896	1828048896	python3*36 pt_gloo_runloop*2 ZMQbg/Reaper*2 ZMQbg/IO/0*2 pt_tcpstore_uv*1 cuda0000240000a*1 
2026-09-28T09:18:47+04:00	ck9e2-whole-256k	4	1248696	1248581	57	838823936	646402048	python3*49 ZMQbg/Reaper*4 ZMQbg/IO/0*4 
2026-09-28T09:18:58+04:00	ck9e2-whole-256k	4	1248564	363	2	17195008	69632	uv*1 main2*1 
2026-09-28T09:18:58+04:00	ck9e2-whole-256k	4	1248581	1248564	57	893095936	692740096	ft*51 ZMQbg/Reaper*3 ZMQbg/IO/0*3 
2026-09-28T09:18:58+04:00	ck9e2-whole-256k	4	1248694	1248581	1	12754944	5939200	python3*1 
2026-09-28T09:18:58+04:00	ck9e2-whole-256k	4	1248695	1248581	45	22617944064	1828184064	python3*36 pt_gloo_runloop*2 ZMQbg/Reaper*2 ZMQbg/IO/0*2 pt_tcpstore_uv*1 cuda0000240000a*1 
2026-09-28T09:18:58+04:00	ck9e2-whole-256k	4	1248696	1248581	57	838823936	646402048	python3*49 ZMQbg/Reaper*4 ZMQbg/IO/0*4 
2026-09-28T09:19:08+04:00	ck9e2-whole-256k	4	1248564	363	2	17195008	69632	uv*1 main2*1 
2026-09-28T09:19:08+04:00	ck9e2-whole-256k	4	1248581	1248564	57	893095936	692740096	ft*51 ZMQbg/Reaper*3 ZMQbg/IO/0*3 
2026-09-28T09:19:08+04:00	ck9e2-whole-256k	4	1248694	1248581	1	12754944	5939200	python3*1 
2026-09-28T09:19:08+04:00	ck9e2-whole-256k	4	1248695	1248581	45	22618087424	1828327424	python3*36 pt_gloo_runloop*2 ZMQbg/Reaper*2 ZMQbg/IO/0*2 pt_tcpstore_uv*1 cuda0000240000a*1 
2026-09-28T09:19:08+04:00	ck9e2-whole-256k	4	1248696	1248581	57	838823936	646402048	python3*49 ZMQbg/Reaper*4 ZMQbg/IO/0*4 
2026-09-28T09:19:21+04:00	ck9e2-whole-256k	4	1248564	363	2	17195008	69632	uv*1 main2*1 
2026-09-28T09:19:21+04:00	ck9e2-whole-256k	4	1248581	1248564	57	893095936	692740096	ft*51 ZMQbg/Reaper*3 ZMQbg/IO/0*3 
2026-09-28T09:19:21+04:00	ck9e2-whole-256k	4	1248694	1248581	1	12754944	5939200	python3*1 
2026-09-28T09:19:22+04:00	ck9e2-whole-256k	4	1248695	1248581	45	22618202112	1828442112	python3*36 pt_gloo_runloop*2 ZMQbg/Reaper*2 ZMQbg/IO/0*2 pt_tcpstore_uv*1 cuda0000240000a*1 
2026-09-28T09:19:22+04:00	ck9e2-whole-256k	4	1248696	1248581	57	838823936	646402048	python3*49 ZMQbg/Reaper*4 ZMQbg/IO/0*4 
2026-09-28T09:19:32+04:00	ck9e2-whole-256k	4	1248564	363	2	17195008	69632	uv*1 main2*1 
2026-09-28T09:19:32+04:00	ck9e2-whole-256k	4	1248581	1248564	57	893095936	692740096	ft*51 ZMQbg/Reaper*3 ZMQbg/IO/0*3 
2026-09-28T09:19:32+04:00	ck9e2-whole-256k	4	1248694	1248581	1	12754944	5939200	python3*1 
2026-09-28T09:19:32+04:00	ck9e2-whole-256k	4	1248695	1248581	45	22618337280	1828577280	python3*36 pt_gloo_runloop*2 ZMQbg/Reaper*2 ZMQbg/IO/0*2 pt_tcpstore_uv*1 cuda0000240000a*1 
2026-09-28T09:19:32+04:00	ck9e2-whole-256k	4	1248696	1248581	57	838823936	646402048	python3*49 ZMQbg/Reaper*4 ZMQbg/IO/0*4 
2026-09-28T09:19:42+04:00	ck9e2-whole-256k	4	1248564	363	2	17195008	69632	uv*1 main2*1 
2026-09-28T09:19:42+04:00	ck9e2-whole-256k	4	1248581	1248564	57	893095936	692740096	ft*51 ZMQbg/Reaper*3 ZMQbg/IO/0*3 
2026-09-28T09:19:42+04:00	ck9e2-whole-256k	4	1248694	1248581	1	12754944	5939200	python3*1 
2026-09-28T09:19:42+04:00	ck9e2-whole-256k	4	1248695	1248581	45	22618480640	1828720640	python3*36 pt_gloo_runloop*2 ZMQbg/Reaper*2 ZMQbg/IO/0*2 pt_tcpstore_uv*1 cuda0000240000a*1 
2026-09-28T09:19:42+04:00	ck9e2-whole-256k	4	1248696	1248581	57	838823936	646402048	python3*49 ZMQbg/Reaper*4 ZMQbg/IO/0*4 
2026-09-28T09:19:52+04:00	ck9e2-whole-256k	4	1248564	363	2	17195008	69632	uv*1 main2*1 
2026-09-28T09:19:52+04:00	ck9e2-whole-256k	4	1248581	1248564	57	893095936	692740096	ft*51 ZMQbg/Reaper*3 ZMQbg/IO/0*3 
2026-09-28T09:19:52+04:00	ck9e2-whole-256k	4	1248694	1248581	1	12754944	5939200	python3*1 
2026-09-28T09:19:52+04:00	ck9e2-whole-256k	4	1248695	1248581	45	22618615808	1828855808	python3*36 pt_gloo_runloop*2 ZMQbg/Reaper*2 ZMQbg/IO/0*2 pt_tcpstore_uv*1 cuda0000240000a*1 
2026-09-28T09:19:52+04:00	ck9e2-whole-256k	4	1248696	1248581	57	838823936	646402048	python3*49 ZMQbg/Reaper*4 ZMQbg/IO/0*4 
2026-09-28T09:20:06+04:00	ck9e2-whole-256k	4	1248564	363	2	17195008	69632	uv*1 main2*1 
2026-09-28T09:20:06+04:00	ck9e2-whole-256k	4	1248581	1248564	57	893095936	692740096	ft*51 ZMQbg/Reaper*3 ZMQbg/IO/0*3 
2026-09-28T09:20:06+04:00	ck9e2-whole-256k	4	1248694	1248581	1	12754944	5939200	python3*1 
2026-09-28T09:20:06+04:00	ck9e2-whole-256k	4	1248695	1248581	45	22619140096	1829380096	python3*36 pt_gloo_runloop*2 ZMQbg/Reaper*2 ZMQbg/IO/0*2 pt_tcpstore_uv*1 cuda0000240000a*1 
2026-09-28T09:20:06+04:00	ck9e2-whole-256k	4	1248696	1248581	57	838823936	646402048	python3*49 ZMQbg/Reaper*4 ZMQbg/IO/0*4 
2026-09-28T09:20:16+04:00	ck9e2-whole-256k	4	1248564	363	2	17195008	69632	uv*1 main2*1 
2026-09-28T09:20:16+04:00	ck9e2-whole-256k	4	1248581	1248564	57	893095936	692740096	ft*51 ZMQbg/Reaper*3 ZMQbg/IO/0*3 
2026-09-28T09:20:16+04:00	ck9e2-whole-256k	4	1248694	1248581	1	12754944	5939200	python3*1 
2026-09-28T09:20:16+04:00	ck9e2-whole-256k	4	1248695	1248581	45	22619144192	1829384192	python3*36 pt_gloo_runloop*2 ZMQbg/Reaper*2 ZMQbg/IO/0*2 pt_tcpstore_uv*1 cuda0000240000a*1 
2026-09-28T09:20:17+04:00	ck9e2-whole-256k	4	1248696	1248581	57	838823936	646402048	python3*49 ZMQbg/Reaper*4 ZMQbg/IO/0*4 
2026-09-28T09:20:27+04:00	ck9e2-whole-256k	4	1248564	363	2	17195008	69632	uv*1 main2*1 
2026-09-28T09:20:27+04:00	ck9e2-whole-256k	4	1248581	1248564	57	893095936	692740096	ft*51 ZMQbg/Reaper*3 ZMQbg/IO/0*3 
2026-09-28T09:20:27+04:00	ck9e2-whole-256k	4	1248694	1248581	1	12754944	5939200	python3*1 
2026-09-28T09:20:27+04:00	ck9e2-whole-256k	4	1248695	1248581	45	22619148288	1829388288	python3*36 pt_gloo_runloop*2 ZMQbg/Reaper*2 ZMQbg/IO/0*2 pt_tcpstore_uv*1 cuda0000240000a*1 
2026-09-28T09:20:27+04:00	ck9e2-whole-256k	4	1248696	1248581	57	838823936	646402048	python3*49 ZMQbg/Reaper*4 ZMQbg/IO/0*4 
2026-09-28T09:20:40+04:00	ck9e2-whole-256k	4	1248564	363	2	17195008	69632	uv*1 main2*1 
2026-09-28T09:20:40+04:00	ck9e2-whole-256k	4	1248581	1248564	57	893095936	692740096	ft*51 ZMQbg/Reaper*3 ZMQbg/IO/0*3 
2026-09-28T09:20:40+04:00	ck9e2-whole-256k	4	1248694	1248581	1	12754944	5939200	python3*1 
2026-09-28T09:20:40+04:00	ck9e2-whole-256k	4	1248695	1248581	45	22619148288	1829388288	python3*36 pt_gloo_runloop*2 ZMQbg/Reaper*2 ZMQbg/IO/0*2 pt_tcpstore_uv*1 cuda0000240000a*1 
2026-09-28T09:20:41+04:00	ck9e2-whole-256k	4	1248696	1248581	57	838823936	646402048	python3*49 ZMQbg/Reaper*4 ZMQbg/IO/0*4 
2026-09-28T09:20:51+04:00	ck9e2-whole-256k	4	1248564	363	2	17195008	69632	uv*1 main2*1 
2026-09-28T09:20:51+04:00	ck9e2-whole-256k	4	1248581	1248564	57	893095936	692740096	ft*51 ZMQbg/Reaper*3 ZMQbg/IO/0*3 
2026-09-28T09:20:51+04:00	ck9e2-whole-256k	4	1248694	1248581	1	12754944	5939200	python3*1 
2026-09-28T09:20:51+04:00	ck9e2-whole-256k	4	1248695	1248581	45	22619275264	1829515264	python3*36 pt_gloo_runloop*2 ZMQbg/Reaper*2 ZMQbg/IO/0*2 pt_tcpstore_uv*1 cuda0000240000a*1 
2026-09-28T09:20:51+04:00	ck9e2-whole-256k	4	1248696	1248581	57	838823936	646402048	python3*49 ZMQbg/Reaper*4 ZMQbg/IO/0*4 
2026-09-28T09:21:01+04:00	ck9e2-whole-256k	4	1248564	363	2	17195008	69632	uv*1 main2*1 
2026-09-28T09:21:01+04:00	ck9e2-whole-256k	4	1248581	1248564	57	893095936	692740096	ft*51 ZMQbg/Reaper*3 ZMQbg/IO/0*3 
2026-09-28T09:21:01+04:00	ck9e2-whole-256k	4	1248694	1248581	1	12754944	5939200	python3*1 
2026-09-28T09:21:01+04:00	ck9e2-whole-256k	4	1248695	1248581	45	22619430912	1829670912	python3*36 pt_gloo_runloop*2 ZMQbg/Reaper*2 ZMQbg/IO/0*2 pt_tcpstore_uv*1 cuda0000240000a*1 
2026-09-28T09:21:01+04:00	ck9e2-whole-256k	4	1248696	1248581	57	838823936	646402048	python3*49 ZMQbg/Reaper*4 ZMQbg/IO/0*4 
2026-09-28T09:21:15+04:00	ck9e2-whole-256k	4	1248564	363	2	17195008	69632	uv*1 main2*1 
2026-09-28T09:21:15+04:00	ck9e2-whole-256k	4	1248581	1248564	57	893095936	692740096	ft*51 ZMQbg/Reaper*3 ZMQbg/IO/0*3 
2026-09-28T09:21:15+04:00	ck9e2-whole-256k	4	1248694	1248581	1	12754944	5939200	python3*1 
2026-09-28T09:21:15+04:00	ck9e2-whole-256k	4	1248695	1248581	45	22619553792	1829793792	python3*36 pt_gloo_runloop*2 ZMQbg/Reaper*2 ZMQbg/IO/0*2 pt_tcpstore_uv*1 cuda0000240000a*1 
2026-09-28T09:21:15+04:00	ck9e2-whole-256k	4	1248696	1248581	57	838823936	646402048	python3*49 ZMQbg/Reaper*4 ZMQbg/IO/0*4 
2026-09-28T09:21:25+04:00	ck9e2-whole-256k	4	1248564	363	2	17080320	69632	uv*1 main2*1 
2026-09-28T09:21:25+04:00	ck9e2-whole-256k	4	1248581	1248564	57	892997632	692740096	ft*51 ZMQbg/Reaper*3 ZMQbg/IO/0*3 
2026-09-28T09:21:25+04:00	ck9e2-whole-256k	4	1248694	1248581	1	12754944	5939200	python3*1 
2026-09-28T09:21:25+04:00	ck9e2-whole-256k	4	1248695	1248581	45	22619512832	1829933056	python3*36 pt_gloo_runloop*2 ZMQbg/Reaper*2 ZMQbg/IO/0*2 pt_tcpstore_uv*1 cuda0000240000a*1 
2026-09-28T09:21:25+04:00	ck9e2-whole-256k	4	1248696	1248581	57	838729728	646402048	python3*49 ZMQbg/Reaper*4 ZMQbg/IO/0*4 
2026-09-28T09:21:35+04:00	ck9e2-whole-256k	4	1248564	363	2	17010688	69632	uv*1 main2*1 
2026-09-28T09:21:35+04:00	ck9e2-whole-256k	4	1248581	1248564	57	860393472	665006080	ft*51 ZMQbg/Reaper*3 ZMQbg/IO/0*3 
2026-09-28T09:21:35+04:00	ck9e2-whole-256k	4	1248694	1248581	1	12738560	5939200	python3*1 
2026-09-28T09:21:35+04:00	ck9e2-whole-256k	4	1248695	1248581	45	22611312640	1830060032	python3*36 pt_gloo_runloop*2 ZMQbg/Reaper*2 ZMQbg/IO/0*2 pt_tcpstore_uv*1 cuda0000240000a*1 
2026-09-28T09:21:36+04:00	ck9e2-whole-256k	4	1248696	1248581	57	834154496	646402048	python3*49 ZMQbg/Reaper*4 ZMQbg/IO/0*4 
2026-09-28T09:21:49+04:00	ck9e2-whole-256k	4	1248564	363	2	17010688	69632	uv*1 main2*1 
2026-09-28T09:21:49+04:00	ck9e2-whole-256k	4	1248581	1248564	57	733777920	546861056	ft*51 ZMQbg/Reaper*3 ZMQbg/IO/0*3 
2026-09-28T09:21:49+04:00	ck9e2-whole-256k	4	1248694	1248581	1	12738560	5939200	python3*1 
2026-09-28T09:21:49+04:00	ck9e2-whole-256k	4	1248695	1248581	45	22597464064	1830182912	python3*36 pt_gloo_runloop*2 ZMQbg/Reaper*2 ZMQbg/IO/0*2 pt_tcpstore_uv*1 cuda0000240000a*1 
2026-09-28T09:21:49+04:00	ck9e2-whole-256k	4	1248696	1248581	57	826126336	646402048	python3*49 ZMQbg/Reaper*4 ZMQbg/IO/0*4 
2026-09-28T09:21:59+04:00	ck9e2-whole-256k	4	1248564	363	2	16908288	24576	uv*1 main2*1 
2026-09-28T09:22:00+04:00	ck9e2-whole-256k	4	1248581	1248564	57	687869952	505266176	ft*51 ZMQbg/Reaper*3 ZMQbg/IO/0*3 
2026-09-28T09:22:00+04:00	ck9e2-whole-256k	4	1248694	1248581	1	12734464	5939200	python3*1 
2026-09-28T09:22:00+04:00	ck9e2-whole-256k	4	1248695	1248581	45	22587355136	1830330368	python3*36 pt_gloo_runloop*2 ZMQbg/Reaper*2 ZMQbg/IO/0*2 pt_tcpstore_uv*1 cuda0000240000a*1 
2026-09-28T09:22:00+04:00	ck9e2-whole-256k	4	1248696	1248581	57	821739520	646402048	python3*49 ZMQbg/Reaper*4 ZMQbg/IO/0*4 
2026-09-28T09:22:10+04:00	ck9e2-whole-256k	4	1248564	363	2	16805888	20480	uv*1 main2*1 
2026-09-28T09:22:10+04:00	ck9e2-whole-256k	4	1248581	1248564	57	670711808	491405312	ft*51 ZMQbg/Reaper*3 ZMQbg/IO/0*3 
2026-09-28T09:22:10+04:00	ck9e2-whole-256k	4	1248694	1248581	1	12722176	5939200	python3*1 
2026-09-28T09:22:10+04:00	ck9e2-whole-256k	4	1248695	1248581	45	22583349248	1830445056	python3*36 pt_gloo_runloop*2 ZMQbg/Reaper*2 ZMQbg/IO/0*2 pt_tcpstore_uv*1 cuda0000240000a*1 
2026-09-28T09:22:10+04:00	ck9e2-whole-256k	4	1248696	1248581	57	818909184	646402048	python3*49 ZMQbg/Reaper*4 ZMQbg/IO/0*4 
2026-09-28T09:22:24+04:00	ck9e2-whole-256k	4	1248564	363	2	16805888	20480	uv*1 main2*1 
2026-09-28T09:22:24+04:00	ck9e2-whole-256k	4	1248581	1248564	57	670711808	491405312	ft*51 ZMQbg/Reaper*3 ZMQbg/IO/0*3 
2026-09-28T09:22:24+04:00	ck9e2-whole-256k	4	1248694	1248581	1	12722176	5939200	python3*1 
2026-09-28T09:22:24+04:00	ck9e2-whole-256k	4	1248695	1248581	45	22583492608	1830588416	python3*36 pt_gloo_runloop*2 ZMQbg/Reaper*2 ZMQbg/IO/0*2 pt_tcpstore_uv*1 cuda0000240000a*1 
2026-09-28T09:22:24+04:00	ck9e2-whole-256k	4	1248696	1248581	57	818909184	646402048	python3*49 ZMQbg/Reaper*4 ZMQbg/IO/0*4 
2026-09-28T09:22:34+04:00	ck9e2-whole-256k	4	1248564	363	2	16805888	20480	uv*1 main2*1 
2026-09-28T09:22:34+04:00	ck9e2-whole-256k	4	1248581	1248564	57	670711808	491405312	ft*51 ZMQbg/Reaper*3 ZMQbg/IO/0*3 
2026-09-28T09:22:34+04:00	ck9e2-whole-256k	4	1248694	1248581	1	12722176	5939200	python3*1 
2026-09-28T09:22:34+04:00	ck9e2-whole-256k	4	1248695	1248581	45	22583611392	1830707200	python3*36 pt_gloo_runloop*2 ZMQbg/Reaper*2 ZMQbg/IO/0*2 pt_tcpstore_uv*1 cuda0000240000a*1 
2026-09-28T09:22:34+04:00	ck9e2-whole-256k	4	1248696	1248581	57	818909184	646402048	python3*49 ZMQbg/Reaper*4 ZMQbg/IO/0*4 
2026-09-28T09:22:44+04:00	ck9e2-whole-256k	4	1248564	363	2	16805888	20480	uv*1 main2*1 
2026-09-28T09:22:44+04:00	ck9e2-whole-256k	4	1248581	1248564	57	670711808	491405312	ft*51 ZMQbg/Reaper*3 ZMQbg/IO/0*3 
2026-09-28T09:22:44+04:00	ck9e2-whole-256k	4	1248694	1248581	1	12722176	5939200	python3*1 
2026-09-28T09:22:44+04:00	ck9e2-whole-256k	4	1248695	1248581	45	22583738368	1830834176	python3*36 pt_gloo_runloop*2 ZMQbg/Reaper*2 ZMQbg/IO/0*2 pt_tcpstore_uv*1 cuda0000240000a*1 
2026-09-28T09:22:44+04:00	ck9e2-whole-256k	4	1248696	1248581	57	818909184	646402048	python3*49 ZMQbg/Reaper*4 ZMQbg/IO/0*4 
2026-09-28T09:22:58+04:00	ck9e2-whole-256k	4	1248564	363	2	16805888	20480	uv*1 main2*1 
2026-09-28T09:22:58+04:00	ck9e2-whole-256k	4	1248581	1248564	57	670711808	491405312	ft*51 ZMQbg/Reaper*3 ZMQbg/IO/0*3 
2026-09-28T09:22:58+04:00	ck9e2-whole-256k	4	1248694	1248581	1	12722176	5939200	python3*1 
2026-09-28T09:22:58+04:00	ck9e2-whole-256k	4	1248695	1248581	45	22583853056	1830948864	python3*36 pt_gloo_runloop*2 ZMQbg/Reaper*2 ZMQbg/IO/0*2 pt_tcpstore_uv*1 cuda0000240000a*1 
2026-09-28T09:22:58+04:00	ck9e2-whole-256k	4	1248696	1248581	57	818909184	646402048	python3*49 ZMQbg/Reaper*4 ZMQbg/IO/0*4 
2026-09-28T09:23:08+04:00	ck9e2-whole-256k	4	1248564	363	2	16805888	20480	uv*1 main2*1 
2026-09-28T09:23:08+04:00	ck9e2-whole-256k	4	1248581	1248564	57	670711808	491405312	ft*51 ZMQbg/Reaper*3 ZMQbg/IO/0*3 
2026-09-28T09:23:08+04:00	ck9e2-whole-256k	4	1248694	1248581	1	12722176	5939200	python3*1 
2026-09-28T09:23:08+04:00	ck9e2-whole-256k	4	1248695	1248581	45	22583988224	1831084032	python3*36 pt_gloo_runloop*2 ZMQbg/Reaper*2 ZMQbg/IO/0*2 pt_tcpstore_uv*1 cuda0000240000a*1 
2026-09-28T09:23:08+04:00	ck9e2-whole-256k	4	1248696	1248581	57	818909184	646402048	python3*49 ZMQbg/Reaper*4 ZMQbg/IO/0*4 
2026-09-28T09:23:18+04:00	ck9e2-whole-256k	4	1248564	363	2	16805888	20480	uv*1 main2*1 
2026-09-28T09:23:18+04:00	ck9e2-whole-256k	4	1248581	1248564	57	670711808	491405312	ft*51 ZMQbg/Reaper*3 ZMQbg/IO/0*3 
2026-09-28T09:23:18+04:00	ck9e2-whole-256k	4	1248694	1248581	1	12722176	5939200	python3*1 
2026-09-28T09:23:18+04:00	ck9e2-whole-256k	4	1248695	1248581	45	22584102912	1831198720	python3*36 pt_gloo_runloop*2 ZMQbg/Reaper*2 ZMQbg/IO/0*2 pt_tcpstore_uv*1 cuda0000240000a*1 
2026-09-28T09:23:19+04:00	ck9e2-whole-256k	4	1248696	1248581	57	818909184	646402048	python3*49 ZMQbg/Reaper*4 ZMQbg/IO/0*4 
2026-09-28T09:23:32+04:00	ck9e2-whole-256k	4	1248564	363	2	16805888	20480	uv*1 main2*1 
2026-09-28T09:23:32+04:00	ck9e2-whole-256k	4	1248581	1248564	57	670711808	491405312	ft*51 ZMQbg/Reaper*3 ZMQbg/IO/0*3 
2026-09-28T09:23:32+04:00	ck9e2-whole-256k	4	1248694	1248581	1	12722176	5939200	python3*1 
2026-09-28T09:23:32+04:00	ck9e2-whole-256k	4	1248695	1248581	45	22584242176	1831350272	python3*36 pt_gloo_runloop*2 ZMQbg/Reaper*2 ZMQbg/IO/0*2 pt_tcpstore_uv*1 cuda0000240000a*1 
2026-09-28T09:23:32+04:00	ck9e2-whole-256k	4	1248696	1248581	57	818909184	646402048	python3*49 ZMQbg/Reaper*4 ZMQbg/IO/0*4 
2026-09-28T09:23:42+04:00	ck9e2-whole-256k	4	1248564	363	2	16805888	20480	uv*1 main2*1 
2026-09-28T09:23:42+04:00	ck9e2-whole-256k	4	1248581	1248564	57	670711808	491405312	ft*51 ZMQbg/Reaper*3 ZMQbg/IO/0*3 
2026-09-28T09:23:42+04:00	ck9e2-whole-256k	4	1248694	1248581	1	12722176	5939200	python3*1 
2026-09-28T09:23:42+04:00	ck9e2-whole-256k	4	1248695	1248581	45	22584373248	1831469056	python3*36 pt_gloo_runloop*2 ZMQbg/Reaper*2 ZMQbg/IO/0*2 pt_tcpstore_uv*1 cuda0000240000a*1 
2026-09-28T09:23:43+04:00	ck9e2-whole-256k	4	1248696	1248581	57	818909184	646402048	python3*49 ZMQbg/Reaper*4 ZMQbg/IO/0*4 
2026-09-28T09:23:53+04:00	ck9e2-whole-256k	4	1248564	363	2	16805888	20480	uv*1 main2*1 
2026-09-28T09:23:53+04:00	ck9e2-whole-256k	4	1248581	1248564	57	670711808	491405312	ft*51 ZMQbg/Reaper*3 ZMQbg/IO/0*3 
2026-09-28T09:23:53+04:00	ck9e2-whole-256k	4	1248694	1248581	1	12722176	5939200	python3*1 
2026-09-28T09:23:53+04:00	ck9e2-whole-256k	4	1248695	1248581	45	22585077760	1836736512	python3*36 pt_gloo_runloop*2 ZMQbg/Reaper*2 ZMQbg/IO/0*2 pt_tcpstore_uv*1 cuda0000240000a*1 
2026-09-28T09:23:53+04:00	ck9e2-whole-256k	4	1248696	1248581	57	818909184	646406144	python3*49 ZMQbg/Reaper*4 ZMQbg/IO/0*4 
2026-09-28T09:24:03+04:00	ck9e2-whole-256k	4	1248564	363	2	16805888	20480	uv*1 main2*1 
2026-09-28T09:24:03+04:00	ck9e2-whole-256k	4	1248581	1248564	57	672169984	492630016	ft*51 ZMQbg/Reaper*3 ZMQbg/IO/0*3 
2026-09-28T09:24:03+04:00	ck9e2-whole-256k	4	1248694	1248581	1	12722176	5939200	python3*1 
2026-09-28T09:24:03+04:00	ck9e2-whole-256k	4	1248695	1248581	45	22586994688	1833095168	python3*36 pt_gloo_runloop*2 ZMQbg/Reaper*2 ZMQbg/IO/0*2 pt_tcpstore_uv*1 cuda0000240000a*1 
2026-09-28T09:24:07+04:00	ck9e2-whole-256k	4	1248696	1248581	57	819036160	646406144	python3*49 ZMQbg/Reaper*4 ZMQbg/IO/0*4 
2026-09-28T09:24:17+04:00	ck9e2-whole-256k	4	1248564	363	2	16805888	20480	uv*1 main2*1 
2026-09-28T09:24:17+04:00	ck9e2-whole-256k	4	1248581	1248564	57	672169984	492630016	ft*51 ZMQbg/Reaper*3 ZMQbg/IO/0*3 
2026-09-28T09:24:17+04:00	ck9e2-whole-256k	4	1248694	1248581	1	12722176	5939200	python3*1 
2026-09-28T09:24:17+04:00	ck9e2-whole-256k	4	1248695	1248581	45	22586994688	1833095168	python3*36 pt_gloo_runloop*2 ZMQbg/Reaper*2 ZMQbg/IO/0*2 pt_tcpstore_uv*1 cuda0000240000a*1 
2026-09-28T09:24:17+04:00	ck9e2-whole-256k	4	1248696	1248581	57	819036160	646406144	python3*49 ZMQbg/Reaper*4 ZMQbg/IO/0*4 
2026-09-28T09:24:27+04:00	ck9e2-whole-256k	4	1248564	363	2	16121856	20480	uv*1 main2*1 
2026-09-28T09:24:27+04:00	ck9e2-whole-256k	4	1248581	1248564	57	665247744	486490112	ft*51 ZMQbg/Reaper*3 ZMQbg/IO/0*3 
2026-09-28T09:24:27+04:00	ck9e2-whole-256k	4	1248694	1248581	1	12722176	5939200	python3*1 
2026-09-28T09:24:27+04:00	ck9e2-whole-256k	4	1248695	1248581	45	22585634816	1833095168	python3*36 pt_gloo_runloop*2 ZMQbg/Reaper*2 ZMQbg/IO/0*2 pt_tcpstore_uv*1 cuda0000240000a*1 
2026-09-28T09:24:27+04:00	ck9e2-whole-256k	4	1248696	1248581	57	818266112	646406144	python3*49 ZMQbg/Reaper*4 ZMQbg/IO/0*4 
2026-09-28T09:24:37+04:00	ck9e2-whole-256k	4	1248564	363	2	14405632	20480	uv*1 main2*1 
2026-09-28T09:24:37+04:00	ck9e2-whole-256k	4	1248581	1248564	57	594317312	426184704	ft*51 ZMQbg/Reaper*3 ZMQbg/IO/0*3 
2026-09-28T09:24:37+04:00	ck9e2-whole-256k	4	1248694	1248581	1	12718080	5939200	python3*1 
2026-09-28T09:24:37+04:00	ck9e2-whole-256k	4	1248695	1248581	45	22569988096	1833095168	python3*36 pt_gloo_runloop*2 ZMQbg/Reaper*2 ZMQbg/IO/0*2 pt_tcpstore_uv*1 cuda0000240000a*1 
2026-09-28T09:24:37+04:00	ck9e2-whole-256k	4	1248696	1248581	57	807706624	646406144	python3*49 ZMQbg/Reaper*4 ZMQbg/IO/0*4 
2026-09-28T09:24:51+04:00	ck9e2-whole-256k	4	1248564	363	2	14381056	20480	uv*1 main2*1 
2026-09-28T09:24:51+04:00	ck9e2-whole-256k	4	1248581	1248564	57	592396288	426184704	ft*51 ZMQbg/Reaper*3 ZMQbg/IO/0*3 
2026-09-28T09:24:51+04:00	ck9e2-whole-256k	4	1248694	1248581	1	12718080	5939200	python3*1 
2026-09-28T09:24:51+04:00	ck9e2-whole-256k	4	1248695	1248581	45	22567424000	1833095168	python3*36 pt_gloo_runloop*2 ZMQbg/Reaper*2 ZMQbg/IO/0*2 pt_tcpstore_uv*1 cuda0000240000a*1 
2026-09-28T09:24:51+04:00	ck9e2-whole-256k	4	1248696	1248581	57	806199296	646406144	python3*49 ZMQbg/Reaper*4 ZMQbg/IO/0*4 
2026-09-28T09:25:01+04:00	ck9e2-whole-256k	4	1248564	363	2	14381056	20480	uv*1 main2*1 
2026-09-28T09:25:01+04:00	ck9e2-whole-256k	4	1248581	1248564	57	592396288	426184704	ft*51 ZMQbg/Reaper*3 ZMQbg/IO/0*3 
2026-09-28T09:25:01+04:00	ck9e2-whole-256k	4	1248694	1248581	1	12718080	5939200	python3*1 
2026-09-28T09:25:01+04:00	ck9e2-whole-256k	4	1248695	1248581	45	22567424000	1833095168	python3*36 pt_gloo_runloop*2 ZMQbg/Reaper*2 ZMQbg/IO/0*2 pt_tcpstore_uv*1 cuda0000240000a*1 
2026-09-28T09:25:02+04:00	ck9e2-whole-256k	4	1248696	1248581	57	806199296	646406144	python3*49 ZMQbg/Reaper*4 ZMQbg/IO/0*4 
2026-09-28T09:25:12+04:00	ck9e2-whole-256k	4	1248564	363	2	14381056	20480	uv*1 main2*1 
2026-09-28T09:25:12+04:00	ck9e2-whole-256k	4	1248581	1248564	57	592396288	426184704	ft*51 ZMQbg/Reaper*3 ZMQbg/IO/0*3 
2026-09-28T09:25:12+04:00	ck9e2-whole-256k	4	1248694	1248581	1	12718080	5939200	python3*1 
2026-09-28T09:25:12+04:00	ck9e2-whole-256k	4	1248695	1248581	45	22567424000	1833095168	python3*36 pt_gloo_runloop*2 ZMQbg/Reaper*2 ZMQbg/IO/0*2 pt_tcpstore_uv*1 cuda0000240000a*1 
2026-09-28T09:25:12+04:00	ck9e2-whole-256k	4	1248696	1248581	57	806199296	646406144	python3*49 ZMQbg/Reaper*4 ZMQbg/IO/0*4 
2026-09-28T09:25:25+04:00	ck9e2-whole-256k	4	1248564	363	2	14381056	20480	uv*1 main2*1 
2026-09-28T09:25:25+04:00	ck9e2-whole-256k	4	1248581	1248564	57	592396288	426184704	ft*51 ZMQbg/Reaper*3 ZMQbg/IO/0*3 
2026-09-28T09:25:25+04:00	ck9e2-whole-256k	4	1248694	1248581	1	12718080	5939200	python3*1 
2026-09-28T09:25:25+04:00	ck9e2-whole-256k	4	1248695	1248581	45	22567424000	1833095168	python3*36 pt_gloo_runloop*2 ZMQbg/Reaper*2 ZMQbg/IO/0*2 pt_tcpstore_uv*1 cuda0000240000a*1 
2026-09-28T09:25:25+04:00	ck9e2-whole-256k	4	1248696	1248581	57	806199296	646406144	python3*49 ZMQbg/Reaper*4 ZMQbg/IO/0*4 
2026-09-28T09:25:36+04:00	ck9e2-whole-256k	4	1248564	363	2	14381056	20480	uv*1 main2*1 
2026-09-28T09:25:36+04:00	ck9e2-whole-256k	4	1248581	1248564	57	592396288	426184704	ft*51 ZMQbg/Reaper*3 ZMQbg/IO/0*3 
2026-09-28T09:25:36+04:00	ck9e2-whole-256k	4	1248694	1248581	1	12718080	5939200	python3*1 
2026-09-28T09:25:36+04:00	ck9e2-whole-256k	4	1248695	1248581	45	22567424000	1833095168	python3*36 pt_gloo_runloop*2 ZMQbg/Reaper*2 ZMQbg/IO/0*2 pt_tcpstore_uv*1 cuda0000240000a*1 
2026-09-28T09:25:36+04:00	ck9e2-whole-256k	4	1248696	1248581	57	806199296	646406144	python3*49 ZMQbg/Reaper*4 ZMQbg/IO/0*4 
2026-09-28T09:25:46+04:00	ck9e2-whole-256k	4	1248564	363	2	14381056	20480	uv*1 main2*1 
2026-09-28T09:25:46+04:00	ck9e2-whole-256k	4	1248581	1248564	57	592396288	426184704	ft*51 ZMQbg/Reaper*3 ZMQbg/IO/0*3 
2026-09-28T09:25:46+04:00	ck9e2-whole-256k	4	1248694	1248581	1	12718080	5939200	python3*1 
2026-09-28T09:25:46+04:00	ck9e2-whole-256k	4	1248695	1248581	45	22567424000	1833095168	python3*36 pt_gloo_runloop*2 ZMQbg/Reaper*2 ZMQbg/IO/0*2 pt_tcpstore_uv*1 cuda0000240000a*1 
2026-09-28T09:25:46+04:00	ck9e2-whole-256k	4	1248696	1248581	57	806199296	646406144	python3*49 ZMQbg/Reaper*4 ZMQbg/IO/0*4 
2026-09-28T09:26:00+04:00	ck9e2-whole-256k	4	1248564	363	2	14381056	20480	uv*1 main2*1 
2026-09-28T09:26:00+04:00	ck9e2-whole-256k	4	1248581	1248564	57	592396288	426184704	ft*51 ZMQbg/Reaper*3 ZMQbg/IO/0*3 
2026-09-28T09:26:00+04:00	ck9e2-whole-256k	4	1248694	1248581	1	12718080	5939200	python3*1 
2026-09-28T09:26:00+04:00	ck9e2-whole-256k	4	1248695	1248581	45	22567424000	1833095168	python3*36 pt_gloo_runloop*2 ZMQbg/Reaper*2 ZMQbg/IO/0*2 pt_tcpstore_uv*1 cuda0000240000a*1 
2026-09-28T09:26:00+04:00	ck9e2-whole-256k	4	1248696	1248581	57	806199296	646406144	python3*49 ZMQbg/Reaper*4 ZMQbg/IO/0*4 
2026-09-28T09:26:10+04:00	ck9e2-whole-256k	4	1248564	363	2	14381056	20480	uv*1 main2*1 
2026-09-28T09:26:10+04:00	ck9e2-whole-256k	4	1248581	1248564	57	592396288	426184704	ft*51 ZMQbg/Reaper*3 ZMQbg/IO/0*3 
2026-09-28T09:26:10+04:00	ck9e2-whole-256k	4	1248694	1248581	1	12718080	5939200	python3*1 
2026-09-28T09:26:10+04:00	ck9e2-whole-256k	4	1248695	1248581	45	22567424000	1833095168	python3*36 pt_gloo_runloop*2 ZMQbg/Reaper*2 ZMQbg/IO/0*2 pt_tcpstore_uv*1 cuda0000240000a*1 
2026-09-28T09:26:10+04:00	ck9e2-whole-256k	4	1248696	1248581	57	806199296	646406144	python3*49 ZMQbg/Reaper*4 ZMQbg/IO/0*4 
2026-09-28T09:26:20+04:00	ck9e2-whole-256k	4	1248564	363	2	14381056	20480	uv*1 main2*1 
2026-09-28T09:26:20+04:00	ck9e2-whole-256k	4	1248581	1248564	57	592396288	426184704	ft*51 ZMQbg/Reaper*3 ZMQbg/IO/0*3 
2026-09-28T09:26:20+04:00	ck9e2-whole-256k	4	1248694	1248581	1	12718080	5939200	python3*1 
2026-09-28T09:26:20+04:00	ck9e2-whole-256k	4	1248695	1248581	45	22567424000	1833095168	python3*36 pt_gloo_runloop*2 ZMQbg/Reaper*2 ZMQbg/IO/0*2 pt_tcpstore_uv*1 cuda0000240000a*1 
2026-09-28T09:26:21+04:00	ck9e2-whole-256k	4	1248696	1248581	57	806199296	646406144	python3*49 ZMQbg/Reaper*4 ZMQbg/IO/0*4 
2026-09-28T09:26:34+04:00	ck9e2-whole-256k	4	1248564	363	2	14381056	20480	uv*1 main2*1 
2026-09-28T09:26:34+04:00	ck9e2-whole-256k	4	1248581	1248564	57	592396288	426184704	ft*51 ZMQbg/Reaper*3 ZMQbg/IO/0*3 
2026-09-28T09:26:34+04:00	ck9e2-whole-256k	4	1248694	1248581	1	12718080	5939200	python3*1 
2026-09-28T09:26:34+04:00	ck9e2-whole-256k	4	1248695	1248581	45	22567424000	1833095168	python3*36 pt_gloo_runloop*2 ZMQbg/Reaper*2 ZMQbg/IO/0*2 pt_tcpstore_uv*1 cuda0000240000a*1 
2026-09-28T09:26:34+04:00	ck9e2-whole-256k	4	1248696	1248581	57	806199296	646406144	python3*49 ZMQbg/Reaper*4 ZMQbg/IO/0*4 
2026-09-28T09:26:44+04:00	ck9e2-whole-256k	4	1248564	363	2	14381056	20480	uv*1 main2*1 
2026-09-28T09:26:44+04:00	ck9e2-whole-256k	4	1248581	1248564	57	565235712	400027648	ft*51 ZMQbg/Reaper*3 ZMQbg/IO/0*3 
2026-09-28T09:26:44+04:00	ck9e2-whole-256k	4	1248694	1248581	1	12718080	5939200	python3*1 
2026-09-28T09:26:44+04:00	ck9e2-whole-256k	4	1248695	1248581	45	22566215680	1833168896	python3*36 pt_gloo_runloop*2 ZMQbg/Reaper*2 ZMQbg/IO/0*2 pt_tcpstore_uv*1 cuda0000240000a*1 
2026-09-28T09:26:44+04:00	ck9e2-whole-256k	4	1248696	1248581	57	805224448	646406144	python3*49 ZMQbg/Reaper*4 ZMQbg/IO/0*4 
2026-09-28T09:26:54+04:00	ck9e2-whole-256k	4	1248564	363	2	14344192	20480	uv*1 main2*1 
2026-09-28T09:26:54+04:00	ck9e2-whole-256k	4	1248581	1248564	57	564060160	400027648	ft*51 ZMQbg/Reaper*3 ZMQbg/IO/0*3 
2026-09-28T09:26:54+04:00	ck9e2-whole-256k	4	1248694	1248581	1	12718080	5939200	python3*1 
2026-09-28T09:26:54+04:00	ck9e2-whole-256k	4	1248695	1248581	45	22564618240	1833259008	python3*36 pt_gloo_runloop*2 ZMQbg/Reaper*2 ZMQbg/IO/0*2 pt_tcpstore_uv*1 cuda0000240000a*1 
2026-09-28T09:26:55+04:00	ck9e2-whole-256k	4	1248696	1248581	57	804089856	646406144	python3*49 ZMQbg/Reaper*4 ZMQbg/IO/0*4 
2026-09-28T09:27:08+04:00	ck9e2-whole-256k	4	1248564	363	2	14344192	20480	uv*1 main2*1 
2026-09-28T09:27:08+04:00	ck9e2-whole-256k	4	1248581	1248564	57	564060160	400027648	ft*51 ZMQbg/Reaper*3 ZMQbg/IO/0*3 
2026-09-28T09:27:08+04:00	ck9e2-whole-256k	4	1248694	1248581	1	12718080	5939200	python3*1 
2026-09-28T09:27:08+04:00	ck9e2-whole-256k	4	1248695	1248581	45	22564732928	1833373696	python3*36 pt_gloo_runloop*2 ZMQbg/Reaper*2 ZMQbg/IO/0*2 pt_tcpstore_uv*1 cuda0000240000a*1 
2026-09-28T09:27:08+04:00	ck9e2-whole-256k	4	1248696	1248581	57	804089856	646406144	python3*49 ZMQbg/Reaper*4 ZMQbg/IO/0*4 
2026-09-28T09:27:19+04:00	ck9e2-whole-256k	4	1248564	363	2	14344192	20480	uv*1 main2*1 
2026-09-28T09:27:19+04:00	ck9e2-whole-256k	4	1248581	1248564	57	564060160	400027648	ft*51 ZMQbg/Reaper*3 ZMQbg/IO/0*3 
2026-09-28T09:27:19+04:00	ck9e2-whole-256k	4	1248694	1248581	1	12718080	5939200	python3*1 
2026-09-28T09:27:19+04:00	ck9e2-whole-256k	4	1248695	1248581	45	22564831232	1833472000	python3*36 pt_gloo_runloop*2 ZMQbg/Reaper*2 ZMQbg/IO/0*2 pt_tcpstore_uv*1 cuda0000240000a*1 
2026-09-28T09:27:19+04:00	ck9e2-whole-256k	4	1248696	1248581	57	804089856	646406144	python3*49 ZMQbg/Reaper*4 ZMQbg/IO/0*4 
2026-09-28T09:27:29+04:00	ck9e2-whole-256k	4	1248564	363	2	14344192	20480	uv*1 main2*1 
2026-09-28T09:27:29+04:00	ck9e2-whole-256k	4	1248581	1248564	57	564060160	400027648	ft*51 ZMQbg/Reaper*3 ZMQbg/IO/0*3 
2026-09-28T09:27:29+04:00	ck9e2-whole-256k	4	1248694	1248581	1	12718080	5939200	python3*1 
2026-09-28T09:27:29+04:00	ck9e2-whole-256k	4	1248695	1248581	45	22564925440	1833566208	python3*36 pt_gloo_runloop*2 ZMQbg/Reaper*2 ZMQbg/IO/0*2 pt_tcpstore_uv*1 cuda0000240000a*1 
2026-09-28T09:27:29+04:00	ck9e2-whole-256k	4	1248696	1248581	57	804089856	646406144	python3*49 ZMQbg/Reaper*4 ZMQbg/IO/0*4 
2026-09-28T09:27:43+04:00	ck9e2-whole-256k	4	1248564	363	2	14344192	20480	uv*1 main2*1 
2026-09-28T09:27:43+04:00	ck9e2-whole-256k	4	1248581	1248564	57	564060160	400027648	ft*51 ZMQbg/Reaper*3 ZMQbg/IO/0*3 
2026-09-28T09:27:43+04:00	ck9e2-whole-256k	4	1248694	1248581	1	12718080	5939200	python3*1 
2026-09-28T09:27:43+04:00	ck9e2-whole-256k	4	1248695	1248581	45	22565044224	1833684992	python3*36 pt_gloo_runloop*2 ZMQbg/Reaper*2 ZMQbg/IO/0*2 pt_tcpstore_uv*1 cuda0000240000a*1 
2026-09-28T09:27:43+04:00	ck9e2-whole-256k	4	1248696	1248581	57	804089856	646406144	python3*49 ZMQbg/Reaper*4 ZMQbg/IO/0*4 
2026-09-28T09:27:53+04:00	ck9e2-whole-256k	4	1248564	363	2	13414400	20480	uv*1 main2*1 
2026-09-28T09:27:53+04:00	ck9e2-whole-256k	4	1248581	1248564	57	560513024	399953920	ft*51 ZMQbg/Reaper*3 ZMQbg/IO/0*3 
2026-09-28T09:27:53+04:00	ck9e2-whole-256k	4	1248694	1248581	1	6823936	45056	python3*1 
2026-09-28T09:27:53+04:00	ck9e2-whole-256k	4	1248695	1248581	45	22547939328	1825398784	python3*36 pt_gloo_runloop*2 ZMQbg/Reaper*2 ZMQbg/IO/0*2 pt_tcpstore_uv*1 cuda0000240000a*1 
2026-09-28T09:27:53+04:00	ck9e2-whole-256k	4	1248696	1248581	57	787861504	633544704	python3*49 ZMQbg/Reaper*4 ZMQbg/IO/0*4 
2026-09-28T09:28:03+04:00	ck9e2-whole-256k	4	1248564	363	2	13414400	20480	uv*1 main2*1 
2026-09-28T09:28:03+04:00	ck9e2-whole-256k	4	1248581	1248564	57	560513024	399953920	ft*51 ZMQbg/Reaper*3 ZMQbg/IO/0*3 
2026-09-28T09:28:03+04:00	ck9e2-whole-256k	4	1248694	1248581	1	6823936	45056	python3*1 
2026-09-28T09:28:03+04:00	ck9e2-whole-256k	4	1248695	1248581	45	22548062208	1825521664	python3*36 pt_gloo_runloop*2 ZMQbg/Reaper*2 ZMQbg/IO/0*2 pt_tcpstore_uv*1 cuda0000240000a*1 
2026-09-28T09:28:03+04:00	ck9e2-whole-256k	4	1248696	1248581	57	787861504	633544704	python3*49 ZMQbg/Reaper*4 ZMQbg/IO/0*4 
2026-09-28T09:28:17+04:00	ck9e2-whole-256k	4	1248564	363	2	13414400	20480	uv*1 main2*1 
2026-09-28T09:28:17+04:00	ck9e2-whole-256k	4	1248581	1248564	57	560513024	399953920	ft*51 ZMQbg/Reaper*3 ZMQbg/IO/0*3 
2026-09-28T09:28:17+04:00	ck9e2-whole-256k	4	1248694	1248581	1	6823936	45056	python3*1 
2026-09-28T09:28:17+04:00	ck9e2-whole-256k	4	1248695	1248581	45	22548160512	1825619968	python3*36 pt_gloo_runloop*2 ZMQbg/Reaper*2 ZMQbg/IO/0*2 pt_tcpstore_uv*1 cuda0000240000a*1 
2026-09-28T09:28:17+04:00	ck9e2-whole-256k	4	1248696	1248581	57	787861504	633544704	python3*49 ZMQbg/Reaper*4 ZMQbg/IO/0*4 
2026-09-28T09:28:27+04:00	ck9e2-whole-256k	4	1248564	363	2	13414400	20480	uv*1 main2*1 
2026-09-28T09:28:27+04:00	ck9e2-whole-256k	4	1248581	1248564	57	560513024	399953920	ft*51 ZMQbg/Reaper*3 ZMQbg/IO/0*3 
2026-09-28T09:28:27+04:00	ck9e2-whole-256k	4	1248694	1248581	1	6823936	45056	python3*1 
2026-09-28T09:28:27+04:00	ck9e2-whole-256k	4	1248695	1248581	45	22548721664	1826181120	python3*36 pt_gloo_runloop*2 ZMQbg/Reaper*2 ZMQbg/IO/0*2 pt_tcpstore_uv*1 cuda0000240000a*1 
2026-09-28T09:28:28+04:00	ck9e2-whole-256k	4	1248696	1248581	57	787861504	633544704	python3*49 ZMQbg/Reaper*4 ZMQbg/IO/0*4 
2026-09-28T09:28:38+04:00	ck9e2-whole-256k	4	1248564	363	2	13414400	20480	uv*1 main2*1 
2026-09-28T09:28:38+04:00	ck9e2-whole-256k	4	1248581	1248564	57	560513024	399953920	ft*51 ZMQbg/Reaper*3 ZMQbg/IO/0*3 
2026-09-28T09:28:38+04:00	ck9e2-whole-256k	4	1248694	1248581	1	6823936	45056	python3*1 
2026-09-28T09:28:38+04:00	ck9e2-whole-256k	4	1248695	1248581	45	22548721664	1826181120	python3*36 pt_gloo_runloop*2 ZMQbg/Reaper*2 ZMQbg/IO/0*2 pt_tcpstore_uv*1 cuda0000240000a*1 
2026-09-28T09:28:38+04:00	ck9e2-whole-256k	4	1248696	1248581	57	787861504	633544704	python3*49 ZMQbg/Reaper*4 ZMQbg/IO/0*4 
2026-09-28T09:28:48+04:00	ck9e2-whole-256k	4	1248564	363	2	13414400	20480	uv*1 main2*1 
2026-09-28T09:28:48+04:00	ck9e2-whole-256k	4	1248581	1248564	57	560513024	399953920	ft*51 ZMQbg/Reaper*3 ZMQbg/IO/0*3 
2026-09-28T09:28:48+04:00	ck9e2-whole-256k	4	1248694	1248581	1	6823936	45056	python3*1 
2026-09-28T09:28:48+04:00	ck9e2-whole-256k	4	1248695	1248581	45	22548721664	1826181120	python3*36 pt_gloo_runloop*2 ZMQbg/Reaper*2 ZMQbg/IO/0*2 pt_tcpstore_uv*1 cuda0000240000a*1 
2026-09-28T09:28:48+04:00	ck9e2-whole-256k	4	1248696	1248581	57	787861504	633544704	python3*49 ZMQbg/Reaper*4 ZMQbg/IO/0*4 
2026-09-28T09:29:02+04:00	ck9e2-whole-256k	4	1248564	363	2	13414400	20480	uv*1 main2*1 
2026-09-28T09:29:02+04:00	ck9e2-whole-256k	4	1248581	1248564	57	560513024	399953920	ft*51 ZMQbg/Reaper*3 ZMQbg/IO/0*3 
2026-09-28T09:29:02+04:00	ck9e2-whole-256k	4	1248694	1248581	1	6823936	45056	python3*1 
2026-09-28T09:29:02+04:00	ck9e2-whole-256k	4	1248695	1248581	45	22548733952	1826193408	python3*36 pt_gloo_runloop*2 ZMQbg/Reaper*2 ZMQbg/IO/0*2 pt_tcpstore_uv*1 cuda0000240000a*1 
2026-09-28T09:29:02+04:00	ck9e2-whole-256k	4	1248696	1248581	57	787861504	633544704	python3*49 ZMQbg/Reaper*4 ZMQbg/IO/0*4 
2026-09-28T09:29:12+04:00	ck9e2-whole-256k	4	1248564	363	2	13414400	20480	uv*1 main2*1 
2026-09-28T09:29:12+04:00	ck9e2-whole-256k	4	1248581	1248564	57	560513024	399953920	ft*51 ZMQbg/Reaper*3 ZMQbg/IO/0*3 
2026-09-28T09:29:12+04:00	ck9e2-whole-256k	4	1248694	1248581	1	6823936	45056	python3*1 
2026-09-28T09:29:12+04:00	ck9e2-whole-256k	4	1248695	1248581	45	22548738048	1826197504	python3*36 pt_gloo_runloop*2 ZMQbg/Reaper*2 ZMQbg/IO/0*2 pt_tcpstore_uv*1 cuda0000240000a*1 
2026-09-28T09:29:12+04:00	ck9e2-whole-256k	4	1248696	1248581	57	787861504	633544704	python3*49 ZMQbg/Reaper*4 ZMQbg/IO/0*4 
2026-09-28T09:29:22+04:00	ck9e2-whole-256k	4	1248564	363	2	13414400	20480	uv*1 main2*1 
2026-09-28T09:29:22+04:00	ck9e2-whole-256k	4	1248581	1248564	57	560513024	399953920	ft*51 ZMQbg/Reaper*3 ZMQbg/IO/0*3 
2026-09-28T09:29:22+04:00	ck9e2-whole-256k	4	1248694	1248581	1	6823936	45056	python3*1 
2026-09-28T09:29:22+04:00	ck9e2-whole-256k	4	1248695	1248581	45	22548803584	1826263040	python3*36 pt_gloo_runloop*2 ZMQbg/Reaper*2 ZMQbg/IO/0*2 pt_tcpstore_uv*1 cuda0000240000a*1 
2026-09-28T09:29:22+04:00	ck9e2-whole-256k	4	1248696	1248581	57	787861504	633544704	python3*49 ZMQbg/Reaper*4 ZMQbg/IO/0*4 
2026-09-28T09:29:36+04:00	ck9e2-whole-256k	4	1248564	363	2	12247040	20480	uv*1 main2*1 
2026-09-28T09:29:36+04:00	ck9e2-whole-256k	4	1248581	1248564	57	555413504	399953920	ft*51 ZMQbg/Reaper*3 ZMQbg/IO/0*3 
2026-09-28T09:29:36+04:00	ck9e2-whole-256k	4	1248694	1248581	1	6795264	45056	python3*1 
2026-09-28T09:29:36+04:00	ck9e2-whole-256k	4	1248695	1248581	45	22536237056	1820839936	python3*36 pt_gloo_runloop*2 ZMQbg/Reaper*2 ZMQbg/IO/0*2 pt_tcpstore_uv*1 cuda0000240000a*1 
2026-09-28T09:29:36+04:00	ck9e2-whole-256k	4	1248696	1248581	57	777015296	627367936	python3*49 ZMQbg/Reaper*4 ZMQbg/IO/0*4 
2026-09-28T09:29:46+04:00	ck9e2-whole-256k	4	1248564	363	2	12226560	20480	uv*1 main2*1 
2026-09-28T09:29:46+04:00	ck9e2-whole-256k	4	1248581	1248564	57	553844736	399953920	ft*51 ZMQbg/Reaper*3 ZMQbg/IO/0*3 
2026-09-28T09:29:46+04:00	ck9e2-whole-256k	4	1248694	1248581	1	6795264	45056	python3*1 
2026-09-28T09:29:46+04:00	ck9e2-whole-256k	4	1248695	1248581	45	22527352832	1809481728	python3*36 pt_gloo_runloop*2 ZMQbg/Reaper*2 ZMQbg/IO/0*2 pt_tcpstore_uv*1 cuda0000240000a*1 
2026-09-28T09:29:47+04:00	ck9e2-whole-256k	4	1248696	1248581	57	763478016	615743488	python3*49 ZMQbg/Reaper*4 ZMQbg/IO/0*4 
2026-09-28T09:29:57+04:00	ck9e2-whole-256k	4	1248564	363	2	12214272	20480	uv*1 main2*1 
2026-09-28T09:29:57+04:00	ck9e2-whole-256k	4	1248581	1248564	57	552235008	399953920	ft*51 ZMQbg/Reaper*3 ZMQbg/IO/0*3 
2026-09-28T09:29:57+04:00	ck9e2-whole-256k	4	1248694	1248581	1	6795264	45056	python3*1 
2026-09-28T09:29:57+04:00	ck9e2-whole-256k	4	1248695	1248581	45	22516682752	1804431360	python3*36 pt_gloo_runloop*2 ZMQbg/Reaper*2 ZMQbg/IO/0*2 pt_tcpstore_uv*1 cuda0000240000a*1 
2026-09-28T09:29:57+04:00	ck9e2-whole-256k	4	1248696	1248581	57	757080064	610291712	python3*49 ZMQbg/Reaper*4 ZMQbg/IO/0*4 
2026-09-28T09:30:10+04:00	ck9e2-whole-256k	4	1248564	363	2	12214272	20480	uv*1 main2*1 
2026-09-28T09:30:10+04:00	ck9e2-whole-256k	4	1248581	1248564	57	552235008	399953920	ft*51 ZMQbg/Reaper*3 ZMQbg/IO/0*3 
2026-09-28T09:30:10+04:00	ck9e2-whole-256k	4	1248694	1248581	1	6795264	45056	python3*1 
2026-09-28T09:30:10+04:00	ck9e2-whole-256k	4	1248695	1248581	45	22516781056	1804529664	python3*36 pt_gloo_runloop*2 ZMQbg/Reaper*2 ZMQbg/IO/0*2 pt_tcpstore_uv*1 cuda0000240000a*1 
2026-09-28T09:30:10+04:00	ck9e2-whole-256k	4	1248696	1248581	57	757080064	610291712	python3*49 ZMQbg/Reaper*4 ZMQbg/IO/0*4 
2026-09-28T09:30:20+04:00	ck9e2-whole-256k	4	1248564	363	2	12214272	20480	uv*1 main2*1 
2026-09-28T09:30:20+04:00	ck9e2-whole-256k	4	1248581	1248564	57	552235008	399953920	ft*51 ZMQbg/Reaper*3 ZMQbg/IO/0*3 
2026-09-28T09:30:20+04:00	ck9e2-whole-256k	4	1248694	1248581	1	6795264	45056	python3*1 
2026-09-28T09:30:20+04:00	ck9e2-whole-256k	4	1248695	1248581	45	22516887552	1804636160	python3*36 pt_gloo_runloop*2 ZMQbg/Reaper*2 ZMQbg/IO/0*2 pt_tcpstore_uv*1 cuda0000240000a*1 
2026-09-28T09:30:21+04:00	ck9e2-whole-256k	4	1248696	1248581	57	757080064	610291712	python3*49 ZMQbg/Reaper*4 ZMQbg/IO/0*4 
2026-09-28T09:30:31+04:00	ck9e2-whole-256k	4	1248564	363	2	12214272	20480	uv*1 main2*1 
2026-09-28T09:30:31+04:00	ck9e2-whole-256k	4	1248581	1248564	57	552235008	399953920	ft*51 ZMQbg/Reaper*3 ZMQbg/IO/0*3 
2026-09-28T09:30:31+04:00	ck9e2-whole-256k	4	1248694	1248581	1	6795264	45056	python3*1 
2026-09-28T09:30:31+04:00	ck9e2-whole-256k	4	1248695	1248581	45	22517010432	1804759040	python3*36 pt_gloo_runloop*2 ZMQbg/Reaper*2 ZMQbg/IO/0*2 pt_tcpstore_uv*1 cuda0000240000a*1 
2026-09-28T09:30:31+04:00	ck9e2-whole-256k	4	1248696	1248581	57	757080064	610291712	python3*49 ZMQbg/Reaper*4 ZMQbg/IO/0*4 
2026-09-28T09:30:44+04:00	ck9e2-whole-256k	4	1248564	363	2	12214272	20480	uv*1 main2*1 
2026-09-28T09:30:44+04:00	ck9e2-whole-256k	4	1248581	1248564	57	552235008	399953920	ft*51 ZMQbg/Reaper*3 ZMQbg/IO/0*3 
2026-09-28T09:30:44+04:00	ck9e2-whole-256k	4	1248694	1248581	1	6795264	45056	python3*1 
2026-09-28T09:30:44+04:00	ck9e2-whole-256k	4	1248695	1248581	45	22517108736	1804857344	python3*36 pt_gloo_runloop*2 ZMQbg/Reaper*2 ZMQbg/IO/0*2 pt_tcpstore_uv*1 cuda0000240000a*1 
2026-09-28T09:30:44+04:00	ck9e2-whole-256k	4	1248696	1248581	57	757080064	610291712	python3*49 ZMQbg/Reaper*4 ZMQbg/IO/0*4 
2026-09-28T09:30:55+04:00	ck9e2-whole-256k	4	1248564	363	2	12214272	20480	uv*1 main2*1 
2026-09-28T09:30:55+04:00	ck9e2-whole-256k	4	1248581	1248564	57	552235008	399953920	ft*51 ZMQbg/Reaper*3 ZMQbg/IO/0*3 
2026-09-28T09:30:55+04:00	ck9e2-whole-256k	4	1248694	1248581	1	6795264	45056	python3*1 
2026-09-28T09:30:55+04:00	ck9e2-whole-256k	4	1248695	1248581	45	22517211136	1804959744	python3*36 pt_gloo_runloop*2 ZMQbg/Reaper*2 ZMQbg/IO/0*2 pt_tcpstore_uv*1 cuda0000240000a*1 
2026-09-28T09:30:55+04:00	ck9e2-whole-256k	4	1248696	1248581	57	757080064	610291712	python3*49 ZMQbg/Reaper*4 ZMQbg/IO/0*4 
2026-09-28T09:31:05+04:00	ck9e2-whole-256k	4	1248564	363	2	12214272	20480	uv*1 main2*1 
2026-09-28T09:31:05+04:00	ck9e2-whole-256k	4	1248581	1248564	57	552235008	399953920	ft*51 ZMQbg/Reaper*3 ZMQbg/IO/0*3 
2026-09-28T09:31:05+04:00	ck9e2-whole-256k	4	1248694	1248581	1	6795264	45056	python3*1 
2026-09-28T09:31:05+04:00	ck9e2-whole-256k	4	1248695	1248581	45	22517313536	1805062144	python3*36 pt_gloo_runloop*2 ZMQbg/Reaper*2 ZMQbg/IO/0*2 pt_tcpstore_uv*1 cuda0000240000a*1 
2026-09-28T09:31:05+04:00	ck9e2-whole-256k	4	1248696	1248581	57	757080064	610291712	python3*49 ZMQbg/Reaper*4 ZMQbg/IO/0*4 
2026-09-28T09:31:18+04:00	ck9e2-whole-256k	4	1248564	363	2	12214272	20480	uv*1 main2*1 
2026-09-28T09:31:18+04:00	ck9e2-whole-256k	4	1248581	1248564	57	552235008	399953920	ft*51 ZMQbg/Reaper*3 ZMQbg/IO/0*3 
2026-09-28T09:31:18+04:00	ck9e2-whole-256k	4	1248694	1248581	1	6795264	45056	python3*1 
2026-09-28T09:31:18+04:00	ck9e2-whole-256k	4	1248695	1248581	45	22517403648	1805152256	python3*36 pt_gloo_runloop*2 ZMQbg/Reaper*2 ZMQbg/IO/0*2 pt_tcpstore_uv*1 cuda0000240000a*1 
2026-09-28T09:31:19+04:00	ck9e2-whole-256k	4	1248696	1248581	57	757080064	610291712	python3*49 ZMQbg/Reaper*4 ZMQbg/IO/0*4 
2026-09-28T09:31:29+04:00	ck9e2-whole-256k	4	1248564	363	2	12214272	20480	uv*1 main2*1 
2026-09-28T09:31:29+04:00	ck9e2-whole-256k	4	1248581	1248564	57	552235008	399953920	ft*51 ZMQbg/Reaper*3 ZMQbg/IO/0*3 
2026-09-28T09:31:29+04:00	ck9e2-whole-256k	4	1248694	1248581	1	6795264	45056	python3*1 
2026-09-28T09:31:29+04:00	ck9e2-whole-256k	4	1248695	1248581	45	22517497856	1805246464	python3*36 pt_gloo_runloop*2 ZMQbg/Reaper*2 ZMQbg/IO/0*2 pt_tcpstore_uv*1 cuda0000240000a*1 
2026-09-28T09:31:29+04:00	ck9e2-whole-256k	4	1248696	1248581	57	757080064	610291712	python3*49 ZMQbg/Reaper*4 ZMQbg/IO/0*4 
2026-09-28T09:31:39+04:00	ck9e2-whole-256k	4	1248564	363	2	12214272	20480	uv*1 main2*1 
2026-09-28T09:31:39+04:00	ck9e2-whole-256k	4	1248581	1248564	57	552235008	399953920	ft*51 ZMQbg/Reaper*3 ZMQbg/IO/0*3 
2026-09-28T09:31:39+04:00	ck9e2-whole-256k	4	1248694	1248581	1	6795264	45056	python3*1 
2026-09-28T09:31:39+04:00	ck9e2-whole-256k	4	1248695	1248581	45	22517596160	1805344768	python3*36 pt_gloo_runloop*2 ZMQbg/Reaper*2 ZMQbg/IO/0*2 pt_tcpstore_uv*1 cuda0000240000a*1 
2026-09-28T09:31:39+04:00	ck9e2-whole-256k	4	1248696	1248581	57	757080064	610291712	python3*49 ZMQbg/Reaper*4 ZMQbg/IO/0*4 
2026-09-28T09:31:52+04:00	ck9e2-whole-256k	4	1248564	363	2	12214272	20480	uv*1 main2*1 
2026-09-28T09:31:52+04:00	ck9e2-whole-256k	4	1248581	1248564	57	552235008	399953920	ft*51 ZMQbg/Reaper*3 ZMQbg/IO/0*3 
2026-09-28T09:31:52+04:00	ck9e2-whole-256k	4	1248694	1248581	1	6795264	45056	python3*1 
2026-09-28T09:31:52+04:00	ck9e2-whole-256k	4	1248695	1248581	45	22517690368	1805443072	python3*36 pt_gloo_runloop*2 ZMQbg/Reaper*2 ZMQbg/IO/0*2 pt_tcpstore_uv*1 cuda0000240000a*1 
2026-09-28T09:31:53+04:00	ck9e2-whole-256k	4	1248696	1248581	57	757080064	610291712	python3*49 ZMQbg/Reaper*4 ZMQbg/IO/0*4 
2026-09-28T09:32:03+04:00	ck9e2-whole-256k	4	1248564	363	2	12214272	20480	uv*1 main2*1 
2026-09-28T09:32:03+04:00	ck9e2-whole-256k	4	1248581	1248564	57	552235008	399953920	ft*51 ZMQbg/Reaper*3 ZMQbg/IO/0*3 
2026-09-28T09:32:03+04:00	ck9e2-whole-256k	4	1248694	1248581	1	6795264	45056	python3*1 
2026-09-28T09:32:03+04:00	ck9e2-whole-256k	4	1248695	1248581	45	22517809152	1805557760	python3*36 pt_gloo_runloop*2 ZMQbg/Reaper*2 ZMQbg/IO/0*2 pt_tcpstore_uv*1 cuda0000240000a*1 
2026-09-28T09:32:03+04:00	ck9e2-whole-256k	4	1248696	1248581	57	757080064	610291712	python3*49 ZMQbg/Reaper*4 ZMQbg/IO/0*4 
2026-09-28T09:32:13+04:00	ck9e2-whole-256k	4	1248564	363	2	12214272	20480	uv*1 main2*1 
2026-09-28T09:32:13+04:00	ck9e2-whole-256k	4	1248581	1248564	57	552235008	399953920	ft*51 ZMQbg/Reaper*3 ZMQbg/IO/0*3 
2026-09-28T09:32:13+04:00	ck9e2-whole-256k	4	1248694	1248581	1	6795264	45056	python3*1 
2026-09-28T09:32:13+04:00	ck9e2-whole-256k	4	1248695	1248581	45	22517903360	1805651968	python3*36 pt_gloo_runloop*2 ZMQbg/Reaper*2 ZMQbg/IO/0*2 pt_tcpstore_uv*1 cuda0000240000a*1 
2026-09-28T09:32:13+04:00	ck9e2-whole-256k	4	1248696	1248581	57	757080064	610291712	python3*49 ZMQbg/Reaper*4 ZMQbg/IO/0*4 
2026-09-28T09:32:27+04:00	ck9e2-whole-256k	4	1248564	363	2	12214272	20480	uv*1 main2*1 
2026-09-28T09:32:27+04:00	ck9e2-whole-256k	4	1248581	1248564	57	552235008	399953920	ft*51 ZMQbg/Reaper*3 ZMQbg/IO/0*3 
2026-09-28T09:32:27+04:00	ck9e2-whole-256k	4	1248694	1248581	1	6795264	45056	python3*1 
2026-09-28T09:32:27+04:00	ck9e2-whole-256k	4	1248695	1248581	45	22518009856	1805758464	python3*36 pt_gloo_runloop*2 ZMQbg/Reaper*2 ZMQbg/IO/0*2 pt_tcpstore_uv*1 cuda0000240000a*1 
2026-09-28T09:32:27+04:00	ck9e2-whole-256k	4	1248696	1248581	57	757080064	610291712	python3*49 ZMQbg/Reaper*4 ZMQbg/IO/0*4 
2026-09-28T09:32:37+04:00	ck9e2-whole-256k	4	1248564	363	2	12210176	20480	uv*1 main2*1 
2026-09-28T09:32:37+04:00	ck9e2-whole-256k	4	1248581	1248564	57	551886848	399953920	ft*51 ZMQbg/Reaper*3 ZMQbg/IO/0*3 
2026-09-28T09:32:37+04:00	ck9e2-whole-256k	4	1248694	1248581	1	6795264	45056	python3*1 
2026-09-28T09:32:37+04:00	ck9e2-whole-256k	4	1248695	1248581	45	22514814976	1802940416	python3*36 pt_gloo_runloop*2 ZMQbg/Reaper*2 ZMQbg/IO/0*2 pt_tcpstore_uv*1 cuda0000240000a*1 
2026-09-28T09:32:37+04:00	ck9e2-whole-256k	4	1248696	1248581	57	754028544	607584256	python3*49 ZMQbg/Reaper*4 ZMQbg/IO/0*4 
2026-09-28T09:32:47+04:00	ck9e2-whole-256k	4	1248564	363	2	12210176	20480	uv*1 main2*1 
2026-09-28T09:32:47+04:00	ck9e2-whole-256k	4	1248581	1248564	57	551886848	399953920	ft*51 ZMQbg/Reaper*3 ZMQbg/IO/0*3 
2026-09-28T09:32:47+04:00	ck9e2-whole-256k	4	1248694	1248581	1	6795264	45056	python3*1 
2026-09-28T09:32:47+04:00	ck9e2-whole-256k	4	1248695	1248581	45	22514925568	1803042816	python3*36 pt_gloo_runloop*2 ZMQbg/Reaper*2 ZMQbg/IO/0*2 pt_tcpstore_uv*1 cuda0000240000a*1 
2026-09-28T09:32:47+04:00	ck9e2-whole-256k	4	1248696	1248581	57	754028544	607584256	python3*49 ZMQbg/Reaper*4 ZMQbg/IO/0*4 
2026-09-28T09:32:57+04:00	ck9e2-whole-256k	4	1248564	363	2	12210176	20480	uv*1 main2*1 
2026-09-28T09:32:57+04:00	ck9e2-whole-256k	4	1248581	1248564	57	551886848	399953920	ft*51 ZMQbg/Reaper*3 ZMQbg/IO/0*3 
2026-09-28T09:32:57+04:00	ck9e2-whole-256k	4	1248694	1248581	1	6795264	45056	python3*1 
2026-09-28T09:32:57+04:00	ck9e2-whole-256k	4	1248695	1248581	45	22515032064	1803149312	python3*36 pt_gloo_runloop*2 ZMQbg/Reaper*2 ZMQbg/IO/0*2 pt_tcpstore_uv*1 cuda0000240000a*1 
2026-09-28T09:32:58+04:00	ck9e2-whole-256k	4	1248696	1248581	57	754028544	607584256	python3*49 ZMQbg/Reaper*4 ZMQbg/IO/0*4 
2026-09-28T09:33:11+04:00	ck9e2-whole-256k	4	1248564	363	2	12210176	20480	uv*1 main2*1 
2026-09-28T09:33:11+04:00	ck9e2-whole-256k	4	1248581	1248564	57	551886848	399953920	ft*51 ZMQbg/Reaper*3 ZMQbg/IO/0*3 
2026-09-28T09:33:11+04:00	ck9e2-whole-256k	4	1248694	1248581	1	6795264	45056	python3*1 
2026-09-28T09:33:11+04:00	ck9e2-whole-256k	4	1248695	1248581	45	22515138560	1803255808	python3*36 pt_gloo_runloop*2 ZMQbg/Reaper*2 ZMQbg/IO/0*2 pt_tcpstore_uv*1 cuda0000240000a*1 
2026-09-28T09:33:11+04:00	ck9e2-whole-256k	4	1248696	1248581	57	754028544	607584256	python3*49 ZMQbg/Reaper*4 ZMQbg/IO/0*4 
2026-09-28T09:33:21+04:00	ck9e2-whole-256k	4	1248564	363	2	12210176	20480	uv*1 main2*1 
2026-09-28T09:33:21+04:00	ck9e2-whole-256k	4	1248581	1248564	57	553086976	401154048	ft*51 ZMQbg/Reaper*3 ZMQbg/IO/0*3 
2026-09-28T09:33:21+04:00	ck9e2-whole-256k	4	1248694	1248581	1	6795264	45056	python3*1 
2026-09-28T09:33:21+04:00	ck9e2-whole-256k	4	1248695	1248581	45	22516932608	1804881920	python3*36 pt_gloo_runloop*2 ZMQbg/Reaper*2 ZMQbg/IO/0*2 pt_tcpstore_uv*1 cuda0000240000a*1 
2026-09-28T09:33:22+04:00	ck9e2-whole-256k	4	1248696	1248581	57	754028544	607584256	python3*49 ZMQbg/Reaper*4 ZMQbg/IO/0*4 
2026-09-28T09:33:32+04:00	ck9e2-whole-256k	4	1248564	363	2	12210176	20480	uv*1 main2*1 
2026-09-28T09:33:32+04:00	ck9e2-whole-256k	4	1248581	1248564	57	554102784	402169856	ft*51 ZMQbg/Reaper*3 ZMQbg/IO/0*3 
2026-09-28T09:33:32+04:00	ck9e2-whole-256k	4	1248694	1248581	1	6795264	45056	python3*1 
2026-09-28T09:33:32+04:00	ck9e2-whole-256k	4	1248695	1248581	45	22516932608	1804881920	python3*36 pt_gloo_runloop*2 ZMQbg/Reaper*2 ZMQbg/IO/0*2 pt_tcpstore_uv*1 cuda0000240000a*1 
2026-09-28T09:33:32+04:00	ck9e2-whole-256k	4	1248696	1248581	57	754028544	607584256	python3*49 ZMQbg/Reaper*4 ZMQbg/IO/0*4 
2026-09-28T09:33:46+04:00	ck9e2-whole-256k	4	1248564	363	2	12210176	20480	uv*1 main2*1 
2026-09-28T09:33:46+04:00	ck9e2-whole-256k	4	1248581	1248564	57	554565632	402632704	ft*51 ZMQbg/Reaper*3 ZMQbg/IO/0*3 
2026-09-28T09:33:46+04:00	ck9e2-whole-256k	4	1248694	1248581	1	6795264	45056	python3*1 
2026-09-28T09:33:46+04:00	ck9e2-whole-256k	4	1248695	1248581	45	22516940800	1804881920	python3*36 pt_gloo_runloop*2 ZMQbg/Reaper*2 ZMQbg/IO/0*2 pt_tcpstore_uv*1 cuda0000240000a*1 
2026-09-28T09:33:46+04:00	ck9e2-whole-256k	4	1248696	1248581	57	754028544	607584256	python3*49 ZMQbg/Reaper*4 ZMQbg/IO/0*4 
2026-09-28T09:33:56+04:00	ck9e2-whole-256k	4	1248564	363	2	12210176	20480	uv*1 main2*1 
2026-09-28T09:33:56+04:00	ck9e2-whole-256k	4	1248581	1248564	57	554569728	402636800	ft*51 ZMQbg/Reaper*3 ZMQbg/IO/0*3 
2026-09-28T09:33:56+04:00	ck9e2-whole-256k	4	1248694	1248581	1	6795264	45056	python3*1 
2026-09-28T09:33:56+04:00	ck9e2-whole-256k	4	1248695	1248581	45	22516940800	1804881920	python3*36 pt_gloo_runloop*2 ZMQbg/Reaper*2 ZMQbg/IO/0*2 pt_tcpstore_uv*1 cuda0000240000a*1 
2026-09-28T09:33:56+04:00	ck9e2-whole-256k	4	1248696	1248581	57	754028544	607584256	python3*49 ZMQbg/Reaper*4 ZMQbg/IO/0*4 
2026-09-28T09:34:06+04:00	ck9e2-whole-256k	4	1248564	363	2	12210176	20480	uv*1 main2*1 
2026-09-28T09:34:06+04:00	ck9e2-whole-256k	4	1248581	1248564	57	554569728	402636800	ft*51 ZMQbg/Reaper*3 ZMQbg/IO/0*3 
2026-09-28T09:34:06+04:00	ck9e2-whole-256k	4	1248694	1248581	1	6795264	45056	python3*1 
2026-09-28T09:34:06+04:00	ck9e2-whole-256k	4	1248695	1248581	45	22516940800	1804881920	python3*36 pt_gloo_runloop*2 ZMQbg/Reaper*2 ZMQbg/IO/0*2 pt_tcpstore_uv*1 cuda0000240000a*1 
2026-09-28T09:34:06+04:00	ck9e2-whole-256k	4	1248696	1248581	57	754028544	607584256	python3*49 ZMQbg/Reaper*4 ZMQbg/IO/0*4 
2026-09-28T09:34:20+04:00	ck9e2-whole-256k	4	1248564	363	2	12210176	20480	uv*1 main2*1 
2026-09-28T09:34:20+04:00	ck9e2-whole-256k	4	1248581	1248564	57	582963200	431030272	ft*51 ZMQbg/Reaper*3 ZMQbg/IO/0*3 
2026-09-28T09:34:20+04:00	ck9e2-whole-256k	4	1248694	1248581	1	6795264	45056	python3*1 
2026-09-28T09:34:20+04:00	ck9e2-whole-256k	4	1248695	1248581	45	22516977664	1804886016	python3*36 pt_gloo_runloop*2 ZMQbg/Reaper*2 ZMQbg/IO/0*2 pt_tcpstore_uv*1 cuda0000240000a*1 
2026-09-28T09:34:20+04:00	ck9e2-whole-256k	4	1248696	1248581	57	738615296	592171008	python3*49 ZMQbg/Reaper*4 ZMQbg/IO/0*4 
2026-09-28T09:34:30+04:00	ck9e2-whole-256k	4	1248564	363	2	12210176	20480	uv*1 main2*1 
2026-09-28T09:34:30+04:00	ck9e2-whole-256k	4	1248581	1248564	57	582963200	431030272	ft*51 ZMQbg/Reaper*3 ZMQbg/IO/0*3 
2026-09-28T09:34:30+04:00	ck9e2-whole-256k	4	1248694	1248581	1	6795264	45056	python3*1 
2026-09-28T09:34:30+04:00	ck9e2-whole-256k	4	1248695	1248581	45	22516977664	1804886016	python3*36 pt_gloo_runloop*2 ZMQbg/Reaper*2 ZMQbg/IO/0*2 pt_tcpstore_uv*1 cuda0000240000a*1 
2026-09-28T09:34:31+04:00	ck9e2-whole-256k	4	1248696	1248581	57	738615296	592171008	python3*49 ZMQbg/Reaper*4 ZMQbg/IO/0*4 
2026-09-28T09:34:41+04:00	ck9e2-whole-256k	4	1248564	363	2	12210176	20480	uv*1 main2*1 
2026-09-28T09:34:41+04:00	ck9e2-whole-256k	4	1248581	1248564	57	582963200	431030272	ft*51 ZMQbg/Reaper*3 ZMQbg/IO/0*3 
2026-09-28T09:34:41+04:00	ck9e2-whole-256k	4	1248694	1248581	1	6795264	45056	python3*1 
2026-09-28T09:34:41+04:00	ck9e2-whole-256k	4	1248695	1248581	45	22516977664	1804886016	python3*36 pt_gloo_runloop*2 ZMQbg/Reaper*2 ZMQbg/IO/0*2 pt_tcpstore_uv*1 cuda0000240000a*1 
2026-09-28T09:34:41+04:00	ck9e2-whole-256k	4	1248696	1248581	57	738615296	592171008	python3*49 ZMQbg/Reaper*4 ZMQbg/IO/0*4 
2026-09-28T09:34:54+04:00	ck9e2-whole-256k	4	1248564	363	2	12210176	20480	uv*1 main2*1 
2026-09-28T09:34:54+04:00	ck9e2-whole-256k	4	1248581	1248564	57	582963200	431030272	ft*51 ZMQbg/Reaper*3 ZMQbg/IO/0*3 
2026-09-28T09:34:54+04:00	ck9e2-whole-256k	4	1248694	1248581	1	6795264	45056	python3*1 
2026-09-28T09:34:54+04:00	ck9e2-whole-256k	4	1248695	1248581	45	22516977664	1804886016	python3*36 pt_gloo_runloop*2 ZMQbg/Reaper*2 ZMQbg/IO/0*2 pt_tcpstore_uv*1 cuda0000240000a*1 
2026-09-28T09:34:55+04:00	ck9e2-whole-256k	4	1248696	1248581	57	738615296	592171008	python3*49 ZMQbg/Reaper*4 ZMQbg/IO/0*4 
2026-09-28T09:35:05+04:00	ck9e2-whole-256k	4	1248564	363	2	12210176	20480	uv*1 main2*1 
2026-09-28T09:35:05+04:00	ck9e2-whole-256k	4	1248581	1248564	57	663891968	511959040	ft*51 ZMQbg/Reaper*3 ZMQbg/IO/0*3 
2026-09-28T09:35:05+04:00	ck9e2-whole-256k	4	1248694	1248581	1	6795264	45056	python3*1 
2026-09-28T09:35:05+04:00	ck9e2-whole-256k	4	1248695	1248581	45	22528319488	1816227840	python3*36 pt_gloo_runloop*2 ZMQbg/Reaper*2 ZMQbg/IO/0*2 pt_tcpstore_uv*1 cuda0000240000a*1 
2026-09-28T09:35:05+04:00	ck9e2-whole-256k	4	1248696	1248581	57	738615296	592171008	python3*49 ZMQbg/Reaper*4 ZMQbg/IO/0*4 
2026-09-28T09:41:25+04:00	cn-w2	0	1358729	363	3	27439104	6041600	uv*1 tokio-rt-worker*1 main2*1 
2026-09-28T09:41:25+04:00	cn-w2	0	1358792	1358729	22	701726720	422633472	ft*18 ZMQbg/Reaper*2 ZMQbg/IO/0*2 
2026-09-28T09:41:25+04:00	cn-w2	0	1358970	1358792	1	12836864	5939200	python3*1 
2026-09-28T09:41:25+04:00	cn-w2	0	1358971	1358792	20	817876992	481116160	python3*18 cuda0000240000a*1 cuda-EvtHandlr*1 
2026-09-28T09:41:25+04:00	cn-w2	0	1358972	1358792	22	831545344	563830784	python3*16 ZMQbg/Reaper*3 ZMQbg/IO/0*3 
2026-09-28T09:41:35+04:00	cn-w2	0	1358729	363	2	27570176	6041600	uv*1 main2*1 
2026-09-28T09:41:35+04:00	cn-w2	0	1358792	1358729	22	701931520	422768640	ft*18 ZMQbg/Reaper*2 ZMQbg/IO/0*2 
2026-09-28T09:41:35+04:00	cn-w2	0	1358970	1358792	1	12836864	5939200	python3*1 
2026-09-28T09:41:35+04:00	cn-w2	0	1358971	1358792	41	3479531520	999432192	python3*36 pt_gloo_runloop*2 pt_tcpstore_uv*1 cuda0000240000a*1 cuda-EvtHandlr*1 
2026-09-28T09:41:35+04:00	cn-w2	0	1358972	1358792	23	879771648	607412224	python3*17 ZMQbg/Reaper*3 ZMQbg/IO/0*3 
2026-09-28T09:41:45+04:00	cn-w2	0	1358729	363	2	27570176	6041600	uv*1 main2*1 
2026-09-28T09:41:46+04:00	cn-w2	0	1358792	1358729	22	701931520	422768640	ft*18 ZMQbg/Reaper*2 ZMQbg/IO/0*2 
2026-09-28T09:41:46+04:00	cn-w2	0	1358970	1358792	1	12836864	5939200	python3*1 
2026-09-28T09:41:46+04:00	cn-w2	0	1358971	1358792	41	4811337728	999534592	python3*36 pt_gloo_runloop*2 pt_tcpstore_uv*1 cuda0000240000a*1 cuda-EvtHandlr*1 
2026-09-28T09:41:46+04:00	cn-w2	0	1358972	1358792	23	879771648	607412224	python3*17 ZMQbg/Reaper*3 ZMQbg/IO/0*3 
2026-09-28T09:41:59+04:00	cn-w2	0	1358729	363	2	27570176	6041600	uv*1 main2*1 
2026-09-28T09:41:59+04:00	cn-w2	0	1358792	1358729	22	701935616	422772736	ft*18 ZMQbg/Reaper*2 ZMQbg/IO/0*2 
2026-09-28T09:41:59+04:00	cn-w2	0	1358970	1358792	1	12836864	5939200	python3*1 
2026-09-28T09:41:59+04:00	cn-w2	0	1358971	1358792	41	6079508480	999583744	python3*36 pt_gloo_runloop*2 pt_tcpstore_uv*1 cuda0000240000a*1 cuda-EvtHandlr*1 
2026-09-28T09:41:59+04:00	cn-w2	0	1358972	1358792	23	879771648	607412224	python3*17 ZMQbg/Reaper*3 ZMQbg/IO/0*3 
2026-09-28T09:42:10+04:00	cn-w2	0	1358729	363	2	27570176	6041600	uv*1 main2*1 
2026-09-28T09:42:10+04:00	cn-w2	0	1358792	1358729	22	701935616	422772736	ft*18 ZMQbg/Reaper*2 ZMQbg/IO/0*2 
2026-09-28T09:42:10+04:00	cn-w2	0	1358970	1358792	1	12836864	5939200	python3*1 
2026-09-28T09:42:10+04:00	cn-w2	0	1358971	1358792	41	6650187776	999608320	python3*36 pt_gloo_runloop*2 pt_tcpstore_uv*1 cuda0000240000a*1 cuda-EvtHandlr*1 
2026-09-28T09:42:10+04:00	cn-w2	0	1358972	1358792	23	879771648	607412224	python3*17 ZMQbg/Reaper*3 ZMQbg/IO/0*3 
2026-09-28T09:42:20+04:00	cn-w2	0	1358729	363	2	27570176	6041600	uv*1 main2*1 
2026-09-28T09:42:20+04:00	cn-w2	0	1358792	1358729	22	701939712	422776832	ft*18 ZMQbg/Reaper*2 ZMQbg/IO/0*2 
2026-09-28T09:42:20+04:00	cn-w2	0	1358970	1358792	1	12836864	5939200	python3*1 
2026-09-28T09:42:20+04:00	cn-w2	0	1358971	1358792	41	6998945792	999632896	python3*36 pt_gloo_runloop*2 pt_tcpstore_uv*1 cuda0000240000a*1 cuda-EvtHandlr*1 
2026-09-28T09:42:20+04:00	cn-w2	0	1358972	1358792	23	879771648	607412224	python3*17 ZMQbg/Reaper*3 ZMQbg/IO/0*3 
2026-09-28T09:42:30+04:00	cn-w2	0	1358729	363	2	27570176	6041600	uv*1 main2*1 
2026-09-28T09:42:30+04:00	cn-w2	0	1358792	1358729	22	701939712	422776832	ft*18 ZMQbg/Reaper*2 ZMQbg/IO/0*2 
2026-09-28T09:42:30+04:00	cn-w2	0	1358970	1358792	1	12836864	5939200	python3*1 
2026-09-28T09:42:30+04:00	cn-w2	0	1358971	1358792	41	7316004864	999661568	python3*36 pt_gloo_runloop*2 pt_tcpstore_uv*1 cuda0000240000a*1 cuda-EvtHandlr*1 
2026-09-28T09:42:30+04:00	cn-w2	0	1358972	1358792	23	879771648	607412224	python3*17 ZMQbg/Reaper*3 ZMQbg/IO/0*3 
2026-09-28T09:42:44+04:00	cn-w2	0	1358729	363	2	27570176	6041600	uv*1 main2*1 
2026-09-28T09:42:44+04:00	cn-w2	0	1358792	1358729	22	701939712	422776832	ft*18 ZMQbg/Reaper*2 ZMQbg/IO/0*2 
2026-09-28T09:42:44+04:00	cn-w2	0	1358970	1358792	1	12836864	5939200	python3*1 
2026-09-28T09:42:44+04:00	cn-w2	0	1358971	1358792	41	7759872000	999686144	python3*36 pt_gloo_runloop*2 pt_tcpstore_uv*1 cuda0000240000a*1 cuda-EvtHandlr*1 
2026-09-28T09:42:44+04:00	cn-w2	0	1358972	1358792	23	879771648	607412224	python3*17 ZMQbg/Reaper*3 ZMQbg/IO/0*3 
2026-09-28T09:42:54+04:00	cn-w2	0	1358729	363	2	27570176	6041600	uv*1 main2*1 
2026-09-28T09:42:54+04:00	cn-w2	0	1358792	1358729	22	701710336	422776832	ft*18 ZMQbg/Reaper*2 ZMQbg/IO/0*2 
2026-09-28T09:42:54+04:00	cn-w2	0	1358970	1358792	1	12836864	5939200	python3*1 
2026-09-28T09:42:54+04:00	cn-w2	0	1358971	1358792	41	11405635584	999862272	python3*36 pt_gloo_runloop*2 pt_tcpstore_uv*1 cuda0000240000a*1 cuda-EvtHandlr*1 
2026-09-28T09:42:54+04:00	cn-w2	0	1358972	1358792	23	879538176	607412224	python3*17 ZMQbg/Reaper*3 ZMQbg/IO/0*3 
2026-09-28T09:43:04+04:00	cn-w2	0	1358729	363	2	24375296	6041600	uv*1 main2*1 
2026-09-28T09:43:04+04:00	cn-w2	0	1358792	1358729	22	697696256	422776832	ft*18 ZMQbg/Reaper*2 ZMQbg/IO/0*2 
2026-09-28T09:43:04+04:00	cn-w2	0	1358970	1358792	1	12836864	5939200	python3*1 
2026-09-28T09:43:04+04:00	cn-w2	0	1358971	1358792	41	19894960128	1000288256	python3*36 pt_gloo_runloop*2 pt_tcpstore_uv*1 cuda0000240000a*1 cuda-EvtHandlr*1 
2026-09-28T09:43:05+04:00	cn-w2	0	1358972	1358792	23	875474944	607412224	python3*17 ZMQbg/Reaper*3 ZMQbg/IO/0*3 
2026-09-28T09:43:18+04:00	cn-w2	0	1358729	363	2	24211456	6041600	uv*1 main2*1 
2026-09-28T09:43:18+04:00	cn-w2	0	1358792	1358729	22	635461632	422776832	ft*18 ZMQbg/Reaper*2 ZMQbg/IO/0*2 
2026-09-28T09:43:18+04:00	cn-w2	0	1358970	1358792	1	12820480	5939200	python3*1 
2026-09-28T09:43:18+04:00	cn-w2	0	1358971	1358792	41	23693004800	1236590592	python3*36 pt_gloo_runloop*2 pt_tcpstore_uv*1 cuda0000240000a*1 cuda-EvtHandlr*1 
2026-09-28T09:43:19+04:00	cn-w2	0	1358972	1358792	23	813809664	607412224	python3*17 ZMQbg/Reaper*3 ZMQbg/IO/0*3 
2026-09-28T09:43:19+04:00	cn-w2	0	1366895	1358971	1	4636672	630784	ninja*1 
2026-09-28T09:43:19+04:00	cn-w2	0	1366896	1366895	1	1925120	106496	sh*1 
2026-09-28T09:43:19+04:00	cn-w2	0	1366897	1366896	1	6340608	1863680	nvcc*1 
2026-09-28T09:43:19+04:00	cn-w2	0	1366983	1366897	1	1929216	110592	sh*1 
2026-09-28T09:43:19+04:00	cn-w2	0	1366984	1366983	1	244428800	217366528	cicc*1 
2026-09-28T09:43:29+04:00	cn-w2	0	1358729	363	2	24211456	6041600	uv*1 main2*1 
2026-09-28T09:43:29+04:00	cn-w2	0	1358792	1358729	22	620933120	422776832	ft*18 ZMQbg/Reaper*2 ZMQbg/IO/0*2 
2026-09-28T09:43:29+04:00	cn-w2	0	1358970	1358792	1	12820480	5939200	python3*1 
2026-09-28T09:43:29+04:00	cn-w2	0	1358971	1358792	41	23687802880	1247318016	python3*36 pt_gloo_runloop*2 pt_tcpstore_uv*1 cuda0000240000a*1 cuda-EvtHandlr*1 
2026-09-28T09:43:29+04:00	cn-w2	0	1358972	1358792	23	799301632	607412224	python3*17 ZMQbg/Reaper*3 ZMQbg/IO/0*3 
2026-09-28T09:43:29+04:00	cn-w2	0	1367215	1358971	1	4780032	802816	ninja*1 
2026-09-28T09:43:29+04:00	cn-w2	0	1367216	1367215	1	1937408	118784	sh*1 
2026-09-28T09:43:29+04:00	cn-w2	0	1367218	1367216	1	6385664	1912832	nvcc*1 
2026-09-28T09:43:29+04:00	cn-w2	0	1367484	1367218	1	1929216	110592	sh*1 
2026-09-28T09:43:29+04:00	cn-w2	0	1367485	1367484	1	173289472	151728128	ptxas*1 
2026-09-28T09:43:39+04:00	cn-w2	0	1358729	363	2	24211456	6041600	uv*1 main2*1 
2026-09-28T09:43:39+04:00	cn-w2	0	1358792	1358729	22	620933120	422776832	ft*18 ZMQbg/Reaper*2 ZMQbg/IO/0*2 
2026-09-28T09:43:39+04:00	cn-w2	0	1358970	1358792	1	12820480	5939200	python3*1 
2026-09-28T09:43:39+04:00	cn-w2	0	1358971	1358792	41	22304755712	1506529280	python3*36 pt_gloo_runloop*2 pt_tcpstore_uv*1 cuda0000240000a*1 cuda-EvtHandlr*1 
2026-09-28T09:43:39+04:00	cn-w2	0	1358972	1358792	23	799301632	607412224	python3*17 ZMQbg/Reaper*3 ZMQbg/IO/0*3 
2026-09-28T09:43:53+04:00	cn-w2	0	1358729	363	2	24211456	6041600	uv*1 main2*1 
2026-09-28T09:43:53+04:00	cn-w2	0	1358792	1358729	22	617455616	422776832	ft*18 ZMQbg/Reaper*2 ZMQbg/IO/0*2 
2026-09-28T09:43:53+04:00	cn-w2	0	1358970	1358792	1	12820480	5939200	python3*1 
2026-09-28T09:43:53+04:00	cn-w2	0	1358971	1358792	41	22495862784	1678393344	python3*36 pt_gloo_runloop*2 pt_tcpstore_uv*1 cuda0000240000a*1 cuda-EvtHandlr*1 
2026-09-28T09:43:53+04:00	cn-w2	0	1358972	1358792	23	795840512	607412224	python3*17 ZMQbg/Reaper*3 ZMQbg/IO/0*3 
2026-09-28T09:44:03+04:00	cn-w2	0	1358729	363	2	24211456	6041600	uv*1 main2*1 
2026-09-28T09:44:03+04:00	cn-w2	0	1358792	1358729	22	617521152	422793216	ft*18 ZMQbg/Reaper*2 ZMQbg/IO/0*2 
2026-09-28T09:44:03+04:00	cn-w2	0	1358970	1358792	1	12820480	5939200	python3*1 
2026-09-28T09:44:03+04:00	cn-w2	0	1358971	1358792	45	22834823168	2010787840	python3*36 pt_gloo_runloop*2 ZMQbg/Reaper*2 ZMQbg/IO/0*2 pt_tcpstore_uv*1 cuda0000240000a*1 
2026-09-28T09:44:04+04:00	cn-w2	0	1358972	1358792	23	796000256	607457280	python3*17 ZMQbg/Reaper*3 ZMQbg/IO/0*3 
2026-09-28T09:44:14+04:00	cn-w2	0	1358729	363	2	24211456	6041600	uv*1 main2*1 
2026-09-28T09:44:14+04:00	cn-w2	0	1358792	1358729	39	908050432	706637824	ft*35 ZMQbg/Reaper*2 ZMQbg/IO/0*2 
2026-09-28T09:44:14+04:00	cn-w2	0	1358970	1358792	1	12820480	5939200	python3*1 
2026-09-28T09:44:14+04:00	cn-w2	0	1358971	1358792	45	22853812224	2024935424	python3*36 pt_gloo_runloop*2 ZMQbg/Reaper*2 ZMQbg/IO/0*2 pt_tcpstore_uv*1 cuda0000240000a*1 
2026-09-28T09:44:14+04:00	cn-w2	0	1358972	1358792	39	800952320	608231424	python3*33 ZMQbg/Reaper*3 ZMQbg/IO/0*3 
2026-09-28T09:44:28+04:00	cn-w2	0	1358729	363	2	24211456	6041600	uv*1 main2*1 
2026-09-28T09:44:28+04:00	cn-w2	0	1358792	1358729	39	908050432	706637824	ft*35 ZMQbg/Reaper*2 ZMQbg/IO/0*2 
2026-09-28T09:44:28+04:00	cn-w2	0	1358970	1358792	1	12820480	5939200	python3*1 
2026-09-28T09:44:28+04:00	cn-w2	0	1358971	1358792	45	22853812224	2024935424	python3*36 pt_gloo_runloop*2 ZMQbg/Reaper*2 ZMQbg/IO/0*2 pt_tcpstore_uv*1 cuda0000240000a*1 
2026-09-28T09:44:28+04:00	cn-w2	0	1358972	1358792	39	800952320	608231424	python3*33 ZMQbg/Reaper*3 ZMQbg/IO/0*3 
2026-09-28T09:44:38+04:00	cn-w2	0	1358729	363	2	24211456	6041600	uv*1 main2*1 
2026-09-28T09:44:38+04:00	cn-w2	0	1358792	1358729	39	974274560	779149312	ft*35 ZMQbg/Reaper*2 ZMQbg/IO/0*2 
2026-09-28T09:44:38+04:00	cn-w2	0	1358970	1358792	1	12820480	5939200	python3*1 
2026-09-28T09:44:38+04:00	cn-w2	0	1358971	1358792	45	22853861376	2024984576	python3*36 pt_gloo_runloop*2 ZMQbg/Reaper*2 ZMQbg/IO/0*2 pt_tcpstore_uv*1 cuda0000240000a*1 
2026-09-28T09:44:38+04:00	cn-w2	0	1358972	1358792	39	802140160	620732416	python3*33 ZMQbg/Reaper*3 ZMQbg/IO/0*3 
2026-09-28T09:44:48+04:00	cn-w2	0	1358729	363	2	24211456	6041600	uv*1 main2*1 
2026-09-28T09:44:48+04:00	cn-w2	0	1358792	1358729	57	977539072	776024064	ft*51 ZMQbg/Reaper*3 ZMQbg/IO/0*3 
2026-09-28T09:44:48+04:00	cn-w2	0	1358970	1358792	1	12820480	5939200	python3*1 
2026-09-28T09:44:48+04:00	cn-w2	0	1358971	1358792	45	22854852608	2025975808	python3*36 pt_gloo_runloop*2 ZMQbg/Reaper*2 ZMQbg/IO/0*2 pt_tcpstore_uv*1 cuda0000240000a*1 
2026-09-28T09:44:49+04:00	cn-w2	0	1358972	1358792	57	863006720	670212096	python3*49 ZMQbg/Reaper*4 ZMQbg/IO/0*4 
2026-09-28T09:45:02+04:00	cn-w2	0	1358729	363	2	24211456	6041600	uv*1 main2*1 
2026-09-28T09:45:02+04:00	cn-w2	0	1358792	1358729	57	977539072	776024064	ft*51 ZMQbg/Reaper*3 ZMQbg/IO/0*3 
2026-09-28T09:45:02+04:00	cn-w2	0	1358970	1358792	1	12820480	5939200	python3*1 
2026-09-28T09:45:02+04:00	cn-w2	0	1358971	1358792	45	22854852608	2025975808	python3*36 pt_gloo_runloop*2 ZMQbg/Reaper*2 ZMQbg/IO/0*2 pt_tcpstore_uv*1 cuda0000240000a*1 
2026-09-28T09:45:02+04:00	cn-w2	0	1358972	1358792	57	863006720	670212096	python3*49 ZMQbg/Reaper*4 ZMQbg/IO/0*4 
2026-09-28T09:45:13+04:00	cn-w2	0	1358729	363	2	24211456	6041600	uv*1 main2*1 
2026-09-28T09:45:13+04:00	cn-w2	0	1358792	1358729	57	977539072	776024064	ft*51 ZMQbg/Reaper*3 ZMQbg/IO/0*3 
2026-09-28T09:45:13+04:00	cn-w2	0	1358970	1358792	1	12820480	5939200	python3*1 
2026-09-28T09:45:13+04:00	cn-w2	0	1358971	1358792	45	22854852608	2025975808	python3*36 pt_gloo_runloop*2 ZMQbg/Reaper*2 ZMQbg/IO/0*2 pt_tcpstore_uv*1 cuda0000240000a*1 
2026-09-28T09:45:13+04:00	cn-w2	0	1358972	1358792	57	863006720	670212096	python3*49 ZMQbg/Reaper*4 ZMQbg/IO/0*4 
2026-09-28T09:45:23+04:00	cn-w2	0	1358729	363	2	24211456	6041600	uv*1 main2*1 
2026-09-28T09:45:23+04:00	cn-w2	0	1358792	1358729	57	977539072	776024064	ft*51 ZMQbg/Reaper*3 ZMQbg/IO/0*3 
2026-09-28T09:45:23+04:00	cn-w2	0	1358970	1358792	1	12820480	5939200	python3*1 
2026-09-28T09:45:23+04:00	cn-w2	0	1358971	1358792	45	22854852608	2025975808	python3*36 pt_gloo_runloop*2 ZMQbg/Reaper*2 ZMQbg/IO/0*2 pt_tcpstore_uv*1 cuda0000240000a*1 
2026-09-28T09:45:23+04:00	cn-w2	0	1358972	1358792	57	863006720	670212096	python3*49 ZMQbg/Reaper*4 ZMQbg/IO/0*4 
2026-09-28T09:45:37+04:00	cn-w2	0	1358729	363	2	24211456	6041600	uv*1 main2*1 
2026-09-28T09:45:37+04:00	cn-w2	0	1358792	1358729	57	977539072	776024064	ft*51 ZMQbg/Reaper*3 ZMQbg/IO/0*3 
2026-09-28T09:45:37+04:00	cn-w2	0	1358970	1358792	1	12820480	5939200	python3*1 
2026-09-28T09:45:37+04:00	cn-w2	0	1358971	1358792	45	22854852608	2025975808	python3*36 pt_gloo_runloop*2 ZMQbg/Reaper*2 ZMQbg/IO/0*2 pt_tcpstore_uv*1 cuda0000240000a*1 
2026-09-28T09:45:37+04:00	cn-w2	0	1358972	1358792	57	863006720	670212096	python3*49 ZMQbg/Reaper*4 ZMQbg/IO/0*4 
2026-09-28T09:45:47+04:00	cn-w2	0	1358729	363	2	24211456	6041600	uv*1 main2*1 
2026-09-28T09:45:47+04:00	cn-w2	0	1358792	1358729	57	977539072	776024064	ft*51 ZMQbg/Reaper*3 ZMQbg/IO/0*3 
2026-09-28T09:45:47+04:00	cn-w2	0	1358970	1358792	1	12820480	5939200	python3*1 
2026-09-28T09:45:47+04:00	cn-w2	0	1358971	1358792	45	22854852608	2025975808	python3*36 pt_gloo_runloop*2 ZMQbg/Reaper*2 ZMQbg/IO/0*2 pt_tcpstore_uv*1 cuda0000240000a*1 
2026-09-28T09:45:47+04:00	cn-w2	0	1358972	1358792	57	863006720	670212096	python3*49 ZMQbg/Reaper*4 ZMQbg/IO/0*4 
2026-09-28T09:45:57+04:00	cn-w2	0	1358729	363	2	24211456	6041600	uv*1 main2*1 
2026-09-28T09:45:57+04:00	cn-w2	0	1358792	1358729	57	977575936	776040448	ft*51 ZMQbg/Reaper*3 ZMQbg/IO/0*3 
2026-09-28T09:45:57+04:00	cn-w2	0	1358970	1358792	1	12820480	5939200	python3*1 
2026-09-28T09:45:57+04:00	cn-w2	0	1358971	1358792	45	22903525376	2072772608	python3*36 pt_gloo_runloop*2 ZMQbg/Reaper*2 ZMQbg/IO/0*2 pt_tcpstore_uv*1 cuda0000240000a*1 
2026-09-28T09:45:58+04:00	cn-w2	0	1358972	1358792	57	863006720	670212096	python3*49 ZMQbg/Reaper*4 ZMQbg/IO/0*4 
2026-09-28T09:46:11+04:00	cn-w2	0	1358729	363	2	24211456	6041600	uv*1 main2*1 
2026-09-28T09:46:11+04:00	cn-w2	0	1358792	1358729	57	977625088	776089600	ft*51 ZMQbg/Reaper*3 ZMQbg/IO/0*3 
2026-09-28T09:46:11+04:00	cn-w2	0	1358970	1358792	1	12820480	5939200	python3*1 
2026-09-28T09:46:11+04:00	cn-w2	0	1358971	1358792	45	22903525376	2072772608	python3*36 pt_gloo_runloop*2 ZMQbg/Reaper*2 ZMQbg/IO/0*2 pt_tcpstore_uv*1 cuda0000240000a*1 
2026-09-28T09:46:11+04:00	cn-w2	0	1358972	1358792	57	815931392	623136768	python3*49 ZMQbg/Reaper*4 ZMQbg/IO/0*4 
2026-09-28T09:46:21+04:00	cn-w2	0	1358729	363	2	24211456	6041600	uv*1 main2*1 
2026-09-28T09:46:21+04:00	cn-w2	0	1358792	1358729	57	977625088	776089600	ft*51 ZMQbg/Reaper*3 ZMQbg/IO/0*3 
2026-09-28T09:46:21+04:00	cn-w2	0	1358970	1358792	1	12820480	5939200	python3*1 
2026-09-28T09:46:22+04:00	cn-w2	0	1358971	1358792	45	22903525376	2072772608	python3*36 pt_gloo_runloop*2 ZMQbg/Reaper*2 ZMQbg/IO/0*2 pt_tcpstore_uv*1 cuda0000240000a*1 
2026-09-28T09:46:22+04:00	cn-w2	0	1358972	1358792	57	815931392	623136768	python3*49 ZMQbg/Reaper*4 ZMQbg/IO/0*4 
2026-09-28T09:46:32+04:00	cn-w2	0	1358729	363	2	24211456	6041600	uv*1 main2*1 
2026-09-28T09:46:32+04:00	cn-w2	0	1358792	1358729	57	977625088	776089600	ft*51 ZMQbg/Reaper*3 ZMQbg/IO/0*3 
2026-09-28T09:46:32+04:00	cn-w2	0	1358970	1358792	1	12820480	5939200	python3*1 
2026-09-28T09:46:32+04:00	cn-w2	0	1358971	1358792	45	22903525376	2072772608	python3*36 pt_gloo_runloop*2 ZMQbg/Reaper*2 ZMQbg/IO/0*2 pt_tcpstore_uv*1 cuda0000240000a*1 
2026-09-28T09:46:32+04:00	cn-w2	0	1358972	1358792	57	815931392	623136768	python3*49 ZMQbg/Reaper*4 ZMQbg/IO/0*4 
2026-09-28T09:46:45+04:00	cn-w2	0	1358729	363	2	24211456	6041600	uv*1 main2*1 
2026-09-28T09:46:45+04:00	cn-w2	0	1358792	1358729	57	977625088	776089600	ft*51 ZMQbg/Reaper*3 ZMQbg/IO/0*3 
2026-09-28T09:46:46+04:00	cn-w2	0	1358970	1358792	1	12820480	5939200	python3*1 
2026-09-28T09:46:46+04:00	cn-w2	0	1358971	1358792	45	22903525376	2072772608	python3*36 pt_gloo_runloop*2 ZMQbg/Reaper*2 ZMQbg/IO/0*2 pt_tcpstore_uv*1 cuda0000240000a*1 
2026-09-28T09:46:46+04:00	cn-w2	0	1358972	1358792	57	815931392	623136768	python3*49 ZMQbg/Reaper*4 ZMQbg/IO/0*4 
2026-09-28T09:46:56+04:00	cn-w2	0	1358729	363	2	24211456	6041600	uv*1 main2*1 
2026-09-28T09:46:56+04:00	cn-w2	0	1358792	1358729	57	977625088	776089600	ft*51 ZMQbg/Reaper*3 ZMQbg/IO/0*3 
2026-09-28T09:46:56+04:00	cn-w2	0	1358970	1358792	1	12820480	5939200	python3*1 
2026-09-28T09:46:56+04:00	cn-w2	0	1358971	1358792	45	22903525376	2072772608	python3*36 pt_gloo_runloop*2 ZMQbg/Reaper*2 ZMQbg/IO/0*2 pt_tcpstore_uv*1 cuda0000240000a*1 
2026-09-28T09:46:56+04:00	cn-w2	0	1358972	1358792	57	815931392	623136768	python3*49 ZMQbg/Reaper*4 ZMQbg/IO/0*4 
2026-09-28T09:47:06+04:00	cn-w2	0	1358729	363	2	23900160	6041600	uv*1 main2*1 
2026-09-28T09:47:06+04:00	cn-w2	0	1358792	1358729	57	967798784	776089600	ft*51 ZMQbg/Reaper*3 ZMQbg/IO/0*3 
2026-09-28T09:47:06+04:00	cn-w2	0	1358970	1358792	1	12820480	5939200	python3*1 
2026-09-28T09:47:06+04:00	cn-w2	0	1358971	1358792	45	22893473792	2072772608	python3*36 pt_gloo_runloop*2 ZMQbg/Reaper*2 ZMQbg/IO/0*2 pt_tcpstore_uv*1 cuda0000240000a*1 
2026-09-28T09:47:06+04:00	cn-w2	0	1358972	1358792	57	806133760	623136768	python3*49 ZMQbg/Reaper*4 ZMQbg/IO/0*4 
2026-09-28T09:47:16+04:00	cn-w2	0	1358729	363	2	23879680	6041600	uv*1 main2*1 
2026-09-28T09:47:16+04:00	cn-w2	0	1358792	1358729	57	952807424	776089600	ft*51 ZMQbg/Reaper*3 ZMQbg/IO/0*3 
2026-09-28T09:47:16+04:00	cn-w2	0	1358970	1358792	1	12820480	5939200	python3*1 
2026-09-28T09:47:16+04:00	cn-w2	0	1358971	1358792	45	22878736384	2073821184	python3*36 pt_gloo_runloop*2 ZMQbg/Reaper*2 ZMQbg/IO/0*2 pt_tcpstore_uv*1 cuda0000240000a*1 
2026-09-28T09:47:17+04:00	cn-w2	0	1358972	1358792	57	791576576	623136768	python3*49 ZMQbg/Reaper*4 ZMQbg/IO/0*4 
2026-09-28T09:48:14+04:00	ck9e2-mirror-256k	0	1381022	363	3	26316800	6066176	uv*1 tokio-rt-worker*1 main2*1 
2026-09-28T09:48:14+04:00	ck9e2-mirror-256k	0	1381056	1381022	22	701227008	422723584	ft*18 ZMQbg/Reaper*2 ZMQbg/IO/0*2 
2026-09-28T09:48:14+04:00	ck9e2-mirror-256k	0	1381209	1381056	1	12783616	5943296	python3*1 
2026-09-28T09:48:14+04:00	ck9e2-mirror-256k	0	1381210	1381056	25	2911641600	807211008	python3*20 pt_gloo_runloop*2 pt_tcpstore_uv*1 cuda0000240000a*1 cuda-EvtHandlr*1 
2026-09-28T09:48:14+04:00	ck9e2-mirror-256k	0	1381211	1381056	23	879734784	606584832	python3*17 ZMQbg/Reaper*3 ZMQbg/IO/0*3 
2026-09-28T09:48:24+04:00	ck9e2-mirror-256k	0	1381022	363	2	26447872	6066176	uv*1 main2*1 
2026-09-28T09:48:24+04:00	ck9e2-mirror-256k	0	1381056	1381022	22	701239296	422735872	ft*18 ZMQbg/Reaper*2 ZMQbg/IO/0*2 
2026-09-28T09:48:24+04:00	ck9e2-mirror-256k	0	1381209	1381056	1	12783616	5943296	python3*1 
2026-09-28T09:48:24+04:00	ck9e2-mirror-256k	0	1381210	1381056	40	17491120128	15355105280	python3*35 pt_gloo_runloop*2 pt_tcpstore_uv*1 cuda0000240000a*1 cuda-EvtHandlr*1 
2026-09-28T09:48:24+04:00	ck9e2-mirror-256k	0	1381211	1381056	23	879734784	606584832	python3*17 ZMQbg/Reaper*3 ZMQbg/IO/0*3 
2026-09-28T09:48:38+04:00	ck9e2-mirror-256k	0	1381022	363	2	26447872	6066176	uv*1 main2*1 
2026-09-28T09:48:38+04:00	ck9e2-mirror-256k	0	1381056	1381022	22	701247488	422744064	ft*18 ZMQbg/Reaper*2 ZMQbg/IO/0*2 
2026-09-28T09:48:38+04:00	ck9e2-mirror-256k	0	1381209	1381056	1	12783616	5943296	python3*1 
2026-09-28T09:48:38+04:00	ck9e2-mirror-256k	0	1381210	1381056	41	17589444608	15449051136	python3*36 pt_gloo_runloop*2 pt_tcpstore_uv*1 cuda0000240000a*1 cuda-EvtHandlr*1 
2026-09-28T09:48:38+04:00	ck9e2-mirror-256k	0	1381211	1381056	23	879734784	606584832	python3*17 ZMQbg/Reaper*3 ZMQbg/IO/0*3 
2026-09-28T09:48:48+04:00	ck9e2-mirror-256k	0	1381022	363	2	26447872	6066176	uv*1 main2*1 
2026-09-28T09:48:48+04:00	ck9e2-mirror-256k	0	1381056	1381022	22	701247488	422744064	ft*18 ZMQbg/Reaper*2 ZMQbg/IO/0*2 
2026-09-28T09:48:48+04:00	ck9e2-mirror-256k	0	1381209	1381056	1	12783616	5943296	python3*1 
2026-09-28T09:48:48+04:00	ck9e2-mirror-256k	0	1381210	1381056	41	17951092736	15714738176	python3*36 pt_gloo_runloop*2 pt_tcpstore_uv*1 cuda0000240000a*1 cuda-EvtHandlr*1 
2026-09-28T09:48:48+04:00	ck9e2-mirror-256k	0	1381211	1381056	23	879734784	606584832	python3*17 ZMQbg/Reaper*3 ZMQbg/IO/0*3 
2026-09-28T09:48:48+04:00	ck9e2-mirror-256k	0	1382808	1381210	1	4608000	630784	ninja*1 
2026-09-28T09:48:48+04:00	ck9e2-mirror-256k	0	1382809	1382808	1	1916928	106496	sh*1 
2026-09-28T09:48:48+04:00	ck9e2-mirror-256k	0	1382810					nvcc*1 
2026-09-28T09:48:58+04:00	ck9e2-mirror-256k	0	1381022	363	2	26447872	6066176	uv*1 main2*1 
2026-09-28T09:48:58+04:00	ck9e2-mirror-256k	0	1381056	1381022	22	701247488	422744064	ft*18 ZMQbg/Reaper*2 ZMQbg/IO/0*2 
2026-09-28T09:48:58+04:00	ck9e2-mirror-256k	0	1381209	1381056	1	12783616	5943296	python3*1 
2026-09-28T09:48:58+04:00	ck9e2-mirror-256k	0	1381210	1381056	41	16360046592	15757557760	python3*36 pt_gloo_runloop*2 pt_tcpstore_uv*1 cuda0000240000a*1 cuda-EvtHandlr*1 
2026-09-28T09:48:58+04:00	ck9e2-mirror-256k	0	1381211	1381056	23	879734784	606584832	python3*17 ZMQbg/Reaper*3 ZMQbg/IO/0*3 
2026-09-28T09:49:12+04:00	ck9e2-mirror-256k	0	1381022	363	2	26447872	6066176	uv*1 main2*1 
2026-09-28T09:49:12+04:00	ck9e2-mirror-256k	0	1381056	1381022	22	701247488	422744064	ft*18 ZMQbg/Reaper*2 ZMQbg/IO/0*2 
2026-09-28T09:49:12+04:00	ck9e2-mirror-256k	0	1381209	1381056	1	12783616	5943296	python3*1 
2026-09-28T09:49:12+04:00	ck9e2-mirror-256k	0	1381210	1381056	41	16622985216	16009072640	python3*36 pt_gloo_runloop*2 pt_tcpstore_uv*1 cuda0000240000a*1 cuda-EvtHandlr*1 
2026-09-28T09:49:12+04:00	ck9e2-mirror-256k	0	1381211	1381056	23	879734784	606584832	python3*17 ZMQbg/Reaper*3 ZMQbg/IO/0*3 
2026-09-28T09:49:22+04:00	ck9e2-mirror-256k	0	1381022	363	2	26447872	6066176	uv*1 main2*1 
2026-09-28T09:49:22+04:00	ck9e2-mirror-256k	0	1381056	1381022	22	701251584	422748160	ft*18 ZMQbg/Reaper*2 ZMQbg/IO/0*2 
2026-09-28T09:49:22+04:00	ck9e2-mirror-256k	0	1381209	1381056	1	12783616	5943296	python3*1 
2026-09-28T09:49:22+04:00	ck9e2-mirror-256k	0	1381210	1381056	41	16635928576	16021430272	python3*36 pt_gloo_runloop*2 pt_tcpstore_uv*1 cuda0000240000a*1 cuda-EvtHandlr*1 
2026-09-28T09:49:22+04:00	ck9e2-mirror-256k	0	1381211	1381056	23	879734784	606584832	python3*17 ZMQbg/Reaper*3 ZMQbg/IO/0*3 
2026-09-28T09:49:32+04:00	ck9e2-mirror-256k	0	1381022	363	2	26447872	6066176	uv*1 main2*1 
2026-09-28T09:49:32+04:00	ck9e2-mirror-256k	0	1381056	1381022	22	701313024	422764544	ft*18 ZMQbg/Reaper*2 ZMQbg/IO/0*2 
2026-09-28T09:49:32+04:00	ck9e2-mirror-256k	0	1381209	1381056	1	12783616	5943296	python3*1 
2026-09-28T09:49:32+04:00	ck9e2-mirror-256k	0	1381210	1381056	45	16843603968	16225484800	python3*36 pt_gloo_runloop*2 ZMQbg/Reaper*2 ZMQbg/IO/0*2 pt_tcpstore_uv*1 cuda0000240000a*1 
2026-09-28T09:49:33+04:00	ck9e2-mirror-256k	0	1381211	1381056	23	879824896	606629888	python3*17 ZMQbg/Reaper*3 ZMQbg/IO/0*3 
2026-09-28T09:49:46+04:00	ck9e2-mirror-256k	0	1381022	363	2	26447872	6066176	uv*1 main2*1 
2026-09-28T09:49:46+04:00	ck9e2-mirror-256k	0	1381056	1381022	39	905654272	621125632	ft*35 ZMQbg/Reaper*2 ZMQbg/IO/0*2 
2026-09-28T09:49:46+04:00	ck9e2-mirror-256k	0	1381209	1381056	1	12783616	5943296	python3*1 
2026-09-28T09:49:46+04:00	ck9e2-mirror-256k	0	1381210	1381056	45	16847933440	16226115584	python3*36 pt_gloo_runloop*2 ZMQbg/Reaper*2 ZMQbg/IO/0*2 pt_tcpstore_uv*1 cuda0000240000a*1 
2026-09-28T09:49:46+04:00	ck9e2-mirror-256k	0	1381211	1381056	39	883830784	607379456	python3*33 ZMQbg/Reaper*3 ZMQbg/IO/0*3 
2026-09-28T09:49:56+04:00	ck9e2-mirror-256k	0	1381022	363	2	26447872	6066176	uv*1 main2*1 
2026-09-28T09:49:56+04:00	ck9e2-mirror-256k	0	1381056	1381022	39	905654272	621125632	ft*35 ZMQbg/Reaper*2 ZMQbg/IO/0*2 
2026-09-28T09:49:56+04:00	ck9e2-mirror-256k	0	1381209	1381056	1	12783616	5943296	python3*1 
2026-09-28T09:49:56+04:00	ck9e2-mirror-256k	0	1381210	1381056	45	16847933440	16226115584	python3*36 pt_gloo_runloop*2 ZMQbg/Reaper*2 ZMQbg/IO/0*2 pt_tcpstore_uv*1 cuda0000240000a*1 
2026-09-28T09:49:57+04:00	ck9e2-mirror-256k	0	1381211	1381056	39	883830784	607379456	python3*33 ZMQbg/Reaper*3 ZMQbg/IO/0*3 
2026-09-28T09:50:07+04:00	ck9e2-mirror-256k	1	1381022	363	2	26447872	6066176	uv*1 main2*1 
2026-09-28T09:50:07+04:00	ck9e2-mirror-256k	1	1381056	1381022	57	979341312	694812672	ft*51 ZMQbg/Reaper*3 ZMQbg/IO/0*3 
2026-09-28T09:50:07+04:00	ck9e2-mirror-256k	1	1381209	1381056	1	12783616	5943296	python3*1 
2026-09-28T09:50:07+04:00	ck9e2-mirror-256k	1	1381210	1381056	45	16849084416	16227266560	python3*36 pt_gloo_runloop*2 ZMQbg/Reaper*2 ZMQbg/IO/0*2 pt_tcpstore_uv*1 cuda0000240000a*1 
2026-09-28T09:50:07+04:00	ck9e2-mirror-256k	1	1381211	1381056	57	947314688	670863360	python3*49 ZMQbg/Reaper*4 ZMQbg/IO/0*4 
2026-09-28T09:50:21+04:00	ck9e2-mirror-256k	1	1381022	363	2	26447872	6066176	uv*1 main2*1 
2026-09-28T09:50:21+04:00	ck9e2-mirror-256k	1	1381056	1381022	57	979341312	694812672	ft*51 ZMQbg/Reaper*3 ZMQbg/IO/0*3 
2026-09-28T09:50:21+04:00	ck9e2-mirror-256k	1	1381209	1381056	1	12783616	5943296	python3*1 
2026-09-28T09:50:21+04:00	ck9e2-mirror-256k	1	1381210	1381056	45	16849084416	16227266560	python3*36 pt_gloo_runloop*2 ZMQbg/Reaper*2 ZMQbg/IO/0*2 pt_tcpstore_uv*1 cuda0000240000a*1 
2026-09-28T09:50:21+04:00	ck9e2-mirror-256k	1	1381211	1381056	57	947314688	670863360	python3*49 ZMQbg/Reaper*4 ZMQbg/IO/0*4 
2026-09-28T09:50:31+04:00	ck9e2-mirror-256k	1	1381022	363	2	26447872	6066176	uv*1 main2*1 
2026-09-28T09:50:31+04:00	ck9e2-mirror-256k	1	1381056	1381022	57	979341312	694812672	ft*51 ZMQbg/Reaper*3 ZMQbg/IO/0*3 
2026-09-28T09:50:31+04:00	ck9e2-mirror-256k	1	1381209	1381056	1	12783616	5943296	python3*1 
2026-09-28T09:50:31+04:00	ck9e2-mirror-256k	1	1381210	1381056	45	16849084416	16227266560	python3*36 pt_gloo_runloop*2 ZMQbg/Reaper*2 ZMQbg/IO/0*2 pt_tcpstore_uv*1 cuda0000240000a*1 
2026-09-28T09:50:31+04:00	ck9e2-mirror-256k	1	1381211	1381056	57	947314688	670863360	python3*49 ZMQbg/Reaper*4 ZMQbg/IO/0*4 
2026-09-28T09:50:41+04:00	ck9e2-mirror-256k	1	1381022	363	2	26447872	6066176	uv*1 main2*1 
2026-09-28T09:50:41+04:00	ck9e2-mirror-256k	1	1381056	1381022	57	979341312	694812672	ft*51 ZMQbg/Reaper*3 ZMQbg/IO/0*3 
2026-09-28T09:50:41+04:00	ck9e2-mirror-256k	1	1381209	1381056	1	12783616	5943296	python3*1 
2026-09-28T09:50:41+04:00	ck9e2-mirror-256k	1	1381210	1381056	45	16849084416	16227266560	python3*36 pt_gloo_runloop*2 ZMQbg/Reaper*2 ZMQbg/IO/0*2 pt_tcpstore_uv*1 cuda0000240000a*1 
2026-09-28T09:50:41+04:00	ck9e2-mirror-256k	1	1381211	1381056	57	947314688	670863360	python3*49 ZMQbg/Reaper*4 ZMQbg/IO/0*4 
2026-09-28T09:50:51+04:00	ck9e2-mirror-256k	1	1381022	363	2	26447872	6066176	uv*1 main2*1 
2026-09-28T09:50:51+04:00	ck9e2-mirror-256k	1	1381056	1381022	57	979341312	694812672	ft*51 ZMQbg/Reaper*3 ZMQbg/IO/0*3 
2026-09-28T09:50:51+04:00	ck9e2-mirror-256k	1	1381209	1381056	1	12783616	5943296	python3*1 
2026-09-28T09:50:51+04:00	ck9e2-mirror-256k	1	1381210	1381056	45	16849092608	16227274752	python3*36 pt_gloo_runloop*2 ZMQbg/Reaper*2 ZMQbg/IO/0*2 pt_tcpstore_uv*1 cuda0000240000a*1 
2026-09-28T09:50:51+04:00	ck9e2-mirror-256k	1	1381211	1381056	57	947314688	670863360	python3*49 ZMQbg/Reaper*4 ZMQbg/IO/0*4 
2026-09-28T09:51:05+04:00	ck9e2-mirror-256k	1	1381022	363	2	26447872	6066176	uv*1 main2*1 
2026-09-28T09:51:05+04:00	ck9e2-mirror-256k	1	1381056	1381022	57	979341312	694812672	ft*51 ZMQbg/Reaper*3 ZMQbg/IO/0*3 
2026-09-28T09:51:05+04:00	ck9e2-mirror-256k	1	1381209	1381056	1	12783616	5943296	python3*1 
2026-09-28T09:51:05+04:00	ck9e2-mirror-256k	1	1381210	1381056	45	16849092608	16227274752	python3*36 pt_gloo_runloop*2 ZMQbg/Reaper*2 ZMQbg/IO/0*2 pt_tcpstore_uv*1 cuda0000240000a*1 
2026-09-28T09:51:05+04:00	ck9e2-mirror-256k	1	1381211	1381056	57	947314688	670863360	python3*49 ZMQbg/Reaper*4 ZMQbg/IO/0*4 
2026-09-28T09:51:15+04:00	ck9e2-mirror-256k	1	1381022	363	2	26447872	6066176	uv*1 main2*1 
2026-09-28T09:51:15+04:00	ck9e2-mirror-256k	1	1381056	1381022	57	979341312	694812672	ft*51 ZMQbg/Reaper*3 ZMQbg/IO/0*3 
2026-09-28T09:51:15+04:00	ck9e2-mirror-256k	1	1381209	1381056	1	12783616	5943296	python3*1 
2026-09-28T09:51:15+04:00	ck9e2-mirror-256k	1	1381210	1381056	45	16849092608	16227274752	python3*36 pt_gloo_runloop*2 ZMQbg/Reaper*2 ZMQbg/IO/0*2 pt_tcpstore_uv*1 cuda0000240000a*1 
2026-09-28T09:51:15+04:00	ck9e2-mirror-256k	1	1381211	1381056	57	947314688	670863360	python3*49 ZMQbg/Reaper*4 ZMQbg/IO/0*4 
2026-09-28T09:51:25+04:00	ck9e2-mirror-256k	3	1381022	363	2	26447872	6066176	uv*1 main2*1 
2026-09-28T09:51:25+04:00	ck9e2-mirror-256k	3	1381056	1381022	57	980541440	696012800	ft*51 ZMQbg/Reaper*3 ZMQbg/IO/0*3 
2026-09-28T09:51:25+04:00	ck9e2-mirror-256k	3	1381209	1381056	1	12783616	5943296	python3*1 
2026-09-28T09:51:25+04:00	ck9e2-mirror-256k	3	1381210	1381056	45	16910376960	16286756864	python3*36 pt_gloo_runloop*2 ZMQbg/Reaper*2 ZMQbg/IO/0*2 pt_tcpstore_uv*1 cuda0000240000a*1 
2026-09-28T09:51:26+04:00	ck9e2-mirror-256k	3	1381211	1381056	57	972914688	696463360	python3*49 ZMQbg/Reaper*4 ZMQbg/IO/0*4 
2026-09-28T09:51:39+04:00	ck9e2-mirror-256k	3	1381022	363	2	26447872	6066176	uv*1 main2*1 
2026-09-28T09:51:39+04:00	ck9e2-mirror-256k	3	1381056	1381022	57	980541440	696012800	ft*51 ZMQbg/Reaper*3 ZMQbg/IO/0*3 
2026-09-28T09:51:39+04:00	ck9e2-mirror-256k	3	1381209	1381056	1	12783616	5943296	python3*1 
2026-09-28T09:51:39+04:00	ck9e2-mirror-256k	3	1381210	1381056	45	16910376960	16286756864	python3*36 pt_gloo_runloop*2 ZMQbg/Reaper*2 ZMQbg/IO/0*2 pt_tcpstore_uv*1 cuda0000240000a*1 
2026-09-28T09:51:39+04:00	ck9e2-mirror-256k	3	1381211	1381056	57	972914688	696463360	python3*49 ZMQbg/Reaper*4 ZMQbg/IO/0*4 
2026-09-28T09:51:49+04:00	ck9e2-mirror-256k	3	1381022	363	2	26447872	6066176	uv*1 main2*1 
2026-09-28T09:51:49+04:00	ck9e2-mirror-256k	3	1381056	1381022	57	980541440	696012800	ft*51 ZMQbg/Reaper*3 ZMQbg/IO/0*3 
2026-09-28T09:51:49+04:00	ck9e2-mirror-256k	3	1381209	1381056	1	12783616	5943296	python3*1 
2026-09-28T09:51:49+04:00	ck9e2-mirror-256k	3	1381210	1381056	45	16910376960	16286756864	python3*36 pt_gloo_runloop*2 ZMQbg/Reaper*2 ZMQbg/IO/0*2 pt_tcpstore_uv*1 cuda0000240000a*1 
2026-09-28T09:51:49+04:00	ck9e2-mirror-256k	3	1381211	1381056	57	972914688	696463360	python3*49 ZMQbg/Reaper*4 ZMQbg/IO/0*4 
2026-09-28T09:52:00+04:00	ck9e2-mirror-256k	3	1381022	363	2	26447872	6066176	uv*1 main2*1 
2026-09-28T09:52:00+04:00	ck9e2-mirror-256k	3	1381056	1381022	57	980541440	696012800	ft*51 ZMQbg/Reaper*3 ZMQbg/IO/0*3 
2026-09-28T09:52:00+04:00	ck9e2-mirror-256k	3	1381209	1381056	1	12783616	5943296	python3*1 
2026-09-28T09:52:00+04:00	ck9e2-mirror-256k	3	1381210	1381056	45	16910376960	16286756864	python3*36 pt_gloo_runloop*2 ZMQbg/Reaper*2 ZMQbg/IO/0*2 pt_tcpstore_uv*1 cuda0000240000a*1 
2026-09-28T09:52:00+04:00	ck9e2-mirror-256k	3	1381211	1381056	57	972914688	696463360	python3*49 ZMQbg/Reaper*4 ZMQbg/IO/0*4 
2026-09-28T09:52:13+04:00	ck9e2-mirror-256k	3	1381022	363	2	26447872	6066176	uv*1 main2*1 
2026-09-28T09:52:13+04:00	ck9e2-mirror-256k	3	1381056	1381022	57	980541440	696012800	ft*51 ZMQbg/Reaper*3 ZMQbg/IO/0*3 
2026-09-28T09:52:13+04:00	ck9e2-mirror-256k	3	1381209	1381056	1	12783616	5943296	python3*1 
2026-09-28T09:52:13+04:00	ck9e2-mirror-256k	3	1381210	1381056	45	16910376960	16286756864	python3*36 pt_gloo_runloop*2 ZMQbg/Reaper*2 ZMQbg/IO/0*2 pt_tcpstore_uv*1 cuda0000240000a*1 
2026-09-28T09:52:13+04:00	ck9e2-mirror-256k	3	1381211	1381056	57	972914688	696463360	python3*49 ZMQbg/Reaper*4 ZMQbg/IO/0*4 
2026-09-28T09:52:23+04:00	ck9e2-mirror-256k	3	1381022	363	2	26447872	6066176	uv*1 main2*1 
2026-09-28T09:52:23+04:00	ck9e2-mirror-256k	3	1381056	1381022	57	980541440	696012800	ft*51 ZMQbg/Reaper*3 ZMQbg/IO/0*3 
2026-09-28T09:52:23+04:00	ck9e2-mirror-256k	3	1381209	1381056	1	12783616	5943296	python3*1 
2026-09-28T09:52:23+04:00	ck9e2-mirror-256k	3	1381210	1381056	45	16910376960	16286756864	python3*36 pt_gloo_runloop*2 ZMQbg/Reaper*2 ZMQbg/IO/0*2 pt_tcpstore_uv*1 cuda0000240000a*1 
2026-09-28T09:52:23+04:00	ck9e2-mirror-256k	3	1381211	1381056	57	972914688	696463360	python3*49 ZMQbg/Reaper*4 ZMQbg/IO/0*4 
2026-09-28T09:52:33+04:00	ck9e2-mirror-256k	3	1381022	363	2	26447872	6066176	uv*1 main2*1 
2026-09-28T09:52:33+04:00	ck9e2-mirror-256k	3	1381056	1381022	57	980541440	696012800	ft*51 ZMQbg/Reaper*3 ZMQbg/IO/0*3 
2026-09-28T09:52:33+04:00	ck9e2-mirror-256k	3	1381209	1381056	1	12783616	5943296	python3*1 
2026-09-28T09:52:33+04:00	ck9e2-mirror-256k	3	1381210	1381056	45	16910376960	16286756864	python3*36 pt_gloo_runloop*2 ZMQbg/Reaper*2 ZMQbg/IO/0*2 pt_tcpstore_uv*1 cuda0000240000a*1 
2026-09-28T09:52:33+04:00	ck9e2-mirror-256k	3	1381211	1381056	57	972914688	696463360	python3*49 ZMQbg/Reaper*4 ZMQbg/IO/0*4 
2026-09-28T09:52:47+04:00	ck9e2-mirror-256k	4	1381022	363	2	26447872	6066176	uv*1 main2*1 
2026-09-28T09:52:47+04:00	ck9e2-mirror-256k	4	1381056	1381022	57	980905984	696377344	ft*51 ZMQbg/Reaper*3 ZMQbg/IO/0*3 
2026-09-28T09:52:47+04:00	ck9e2-mirror-256k	4	1381209	1381056	1	12783616	5943296	python3*1 
2026-09-28T09:52:47+04:00	ck9e2-mirror-256k	4	1381210	1381056	45	16919404544	16295165952	python3*36 pt_gloo_runloop*2 ZMQbg/Reaper*2 ZMQbg/IO/0*2 pt_tcpstore_uv*1 cuda0000240000a*1 
2026-09-28T09:52:47+04:00	ck9e2-mirror-256k	4	1381211	1381056	57	972914688	696463360	python3*49 ZMQbg/Reaper*4 ZMQbg/IO/0*4 
2026-09-28T09:52:57+04:00	ck9e2-mirror-256k	4	1381022	363	2	26447872	6066176	uv*1 main2*1 
2026-09-28T09:52:57+04:00	ck9e2-mirror-256k	4	1381056	1381022	57	980905984	696377344	ft*51 ZMQbg/Reaper*3 ZMQbg/IO/0*3 
2026-09-28T09:52:57+04:00	ck9e2-mirror-256k	4	1381209	1381056	1	12783616	5943296	python3*1 
2026-09-28T09:52:57+04:00	ck9e2-mirror-256k	4	1381210	1381056	45	16919404544	16295165952	python3*36 pt_gloo_runloop*2 ZMQbg/Reaper*2 ZMQbg/IO/0*2 pt_tcpstore_uv*1 cuda0000240000a*1 
2026-09-28T09:52:57+04:00	ck9e2-mirror-256k	4	1381211	1381056	57	972914688	696463360	python3*49 ZMQbg/Reaper*4 ZMQbg/IO/0*4 
2026-09-28T09:53:07+04:00	ck9e2-mirror-256k	4	1381022	363	2	26447872	6066176	uv*1 main2*1 
2026-09-28T09:53:07+04:00	ck9e2-mirror-256k	4	1381056	1381022	57	980905984	696377344	ft*51 ZMQbg/Reaper*3 ZMQbg/IO/0*3 
2026-09-28T09:53:07+04:00	ck9e2-mirror-256k	4	1381209	1381056	1	12783616	5943296	python3*1 
2026-09-28T09:53:07+04:00	ck9e2-mirror-256k	4	1381210	1381056	45	16919404544	16295165952	python3*36 pt_gloo_runloop*2 ZMQbg/Reaper*2 ZMQbg/IO/0*2 pt_tcpstore_uv*1 cuda0000240000a*1 
2026-09-28T09:53:08+04:00	ck9e2-mirror-256k	4	1381211	1381056	57	972914688	696463360	python3*49 ZMQbg/Reaper*4 ZMQbg/IO/0*4 
2026-09-28T09:53:21+04:00	ck9e2-mirror-256k	4	1381022	363	2	26447872	6066176	uv*1 main2*1 
2026-09-28T09:53:21+04:00	ck9e2-mirror-256k	4	1381056	1381022	57	980905984	696377344	ft*51 ZMQbg/Reaper*3 ZMQbg/IO/0*3 
2026-09-28T09:53:21+04:00	ck9e2-mirror-256k	4	1381209	1381056	1	12783616	5943296	python3*1 
2026-09-28T09:53:21+04:00	ck9e2-mirror-256k	4	1381210	1381056	45	16919404544	16295165952	python3*36 pt_gloo_runloop*2 ZMQbg/Reaper*2 ZMQbg/IO/0*2 pt_tcpstore_uv*1 cuda0000240000a*1 
2026-09-28T09:53:21+04:00	ck9e2-mirror-256k	4	1381211	1381056	57	972914688	696463360	python3*49 ZMQbg/Reaper*4 ZMQbg/IO/0*4 
2026-09-28T09:53:31+04:00	ck9e2-mirror-256k	4	1381022	363	2	26447872	6066176	uv*1 main2*1 
2026-09-28T09:53:31+04:00	ck9e2-mirror-256k	4	1381056	1381022	57	980905984	696377344	ft*51 ZMQbg/Reaper*3 ZMQbg/IO/0*3 
2026-09-28T09:53:32+04:00	ck9e2-mirror-256k	4	1381209	1381056	1	12783616	5943296	python3*1 
2026-09-28T09:53:32+04:00	ck9e2-mirror-256k	4	1381210	1381056	45	16919404544	16295165952	python3*36 pt_gloo_runloop*2 ZMQbg/Reaper*2 ZMQbg/IO/0*2 pt_tcpstore_uv*1 cuda0000240000a*1 
2026-09-28T09:53:32+04:00	ck9e2-mirror-256k	4	1381211	1381056	57	972914688	696463360	python3*49 ZMQbg/Reaper*4 ZMQbg/IO/0*4 
2026-09-28T09:53:42+04:00	ck9e2-mirror-256k	4	1381022	363	2	26447872	6066176	uv*1 main2*1 
2026-09-28T09:53:42+04:00	ck9e2-mirror-256k	4	1381056	1381022	57	980905984	696377344	ft*51 ZMQbg/Reaper*3 ZMQbg/IO/0*3 
2026-09-28T09:53:42+04:00	ck9e2-mirror-256k	4	1381209	1381056	1	12783616	5943296	python3*1 
2026-09-28T09:53:42+04:00	ck9e2-mirror-256k	4	1381210	1381056	45	16919404544	16295165952	python3*36 pt_gloo_runloop*2 ZMQbg/Reaper*2 ZMQbg/IO/0*2 pt_tcpstore_uv*1 cuda0000240000a*1 
2026-09-28T09:53:42+04:00	ck9e2-mirror-256k	4	1381211	1381056	57	972914688	696463360	python3*49 ZMQbg/Reaper*4 ZMQbg/IO/0*4 
2026-09-28T09:53:55+04:00	ck9e2-mirror-256k	4	1381022	363	2	26447872	6066176	uv*1 main2*1 
2026-09-28T09:53:55+04:00	ck9e2-mirror-256k	4	1381056	1381022	57	980905984	696377344	ft*51 ZMQbg/Reaper*3 ZMQbg/IO/0*3 
2026-09-28T09:53:55+04:00	ck9e2-mirror-256k	4	1381209	1381056	1	12783616	5943296	python3*1 
2026-09-28T09:53:55+04:00	ck9e2-mirror-256k	4	1381210	1381056	45	16919404544	16295165952	python3*36 pt_gloo_runloop*2 ZMQbg/Reaper*2 ZMQbg/IO/0*2 pt_tcpstore_uv*1 cuda0000240000a*1 
2026-09-28T09:53:55+04:00	ck9e2-mirror-256k	4	1381211	1381056	57	972914688	696463360	python3*49 ZMQbg/Reaper*4 ZMQbg/IO/0*4 
2026-09-28T09:54:06+04:00	ck9e2-mirror-256k	4	1381022	363	2	26447872	6066176	uv*1 main2*1 
2026-09-28T09:54:06+04:00	ck9e2-mirror-256k	4	1381056	1381022	57	980905984	696377344	ft*51 ZMQbg/Reaper*3 ZMQbg/IO/0*3 
2026-09-28T09:54:06+04:00	ck9e2-mirror-256k	4	1381209	1381056	1	12783616	5943296	python3*1 
2026-09-28T09:54:06+04:00	ck9e2-mirror-256k	4	1381210	1381056	45	16919404544	16295165952	python3*36 pt_gloo_runloop*2 ZMQbg/Reaper*2 ZMQbg/IO/0*2 pt_tcpstore_uv*1 cuda0000240000a*1 
2026-09-28T09:54:06+04:00	ck9e2-mirror-256k	4	1381211	1381056	57	972914688	696463360	python3*49 ZMQbg/Reaper*4 ZMQbg/IO/0*4 
2026-09-28T09:54:16+04:00	ck9e2-mirror-256k	4	1381022	363	2	26447872	6066176	uv*1 main2*1 
2026-09-28T09:54:16+04:00	ck9e2-mirror-256k	4	1381056	1381022	57	980905984	696377344	ft*51 ZMQbg/Reaper*3 ZMQbg/IO/0*3 
2026-09-28T09:54:16+04:00	ck9e2-mirror-256k	4	1381209	1381056	1	12783616	5943296	python3*1 
2026-09-28T09:54:16+04:00	ck9e2-mirror-256k	4	1381210	1381056	45	16919404544	16295165952	python3*36 pt_gloo_runloop*2 ZMQbg/Reaper*2 ZMQbg/IO/0*2 pt_tcpstore_uv*1 cuda0000240000a*1 
2026-09-28T09:54:16+04:00	ck9e2-mirror-256k	4	1381211	1381056	57	972914688	696463360	python3*49 ZMQbg/Reaper*4 ZMQbg/IO/0*4 
2026-09-28T09:54:26+04:00	ck9e2-mirror-256k	4	1381022	363	2	26447872	6066176	uv*1 main2*1 
2026-09-28T09:54:26+04:00	ck9e2-mirror-256k	4	1381056	1381022	57	980905984	696377344	ft*51 ZMQbg/Reaper*3 ZMQbg/IO/0*3 
2026-09-28T09:54:26+04:00	ck9e2-mirror-256k	4	1381209	1381056	1	12783616	5943296	python3*1 
2026-09-28T09:54:26+04:00	ck9e2-mirror-256k	4	1381210	1381056	45	16919404544	16295165952	python3*36 pt_gloo_runloop*2 ZMQbg/Reaper*2 ZMQbg/IO/0*2 pt_tcpstore_uv*1 cuda0000240000a*1 
2026-09-28T09:54:26+04:00	ck9e2-mirror-256k	4	1381211	1381056	57	972914688	696463360	python3*49 ZMQbg/Reaper*4 ZMQbg/IO/0*4 
2026-09-28T09:54:40+04:00	ck9e2-mirror-256k	4	1381022	363	2	26447872	6066176	uv*1 main2*1 
2026-09-28T09:54:40+04:00	ck9e2-mirror-256k	4	1381056	1381022	57	980905984	696377344	ft*51 ZMQbg/Reaper*3 ZMQbg/IO/0*3 
2026-09-28T09:54:40+04:00	ck9e2-mirror-256k	4	1381209	1381056	1	12783616	5943296	python3*1 
2026-09-28T09:54:40+04:00	ck9e2-mirror-256k	4	1381210	1381056	45	16919404544	16295165952	python3*36 pt_gloo_runloop*2 ZMQbg/Reaper*2 ZMQbg/IO/0*2 pt_tcpstore_uv*1 cuda0000240000a*1 
2026-09-28T09:54:40+04:00	ck9e2-mirror-256k	4	1381211	1381056	57	972914688	696463360	python3*49 ZMQbg/Reaper*4 ZMQbg/IO/0*4 
2026-09-28T09:54:50+04:00	ck9e2-mirror-256k	4	1381022	363	2	26447872	6066176	uv*1 main2*1 
2026-09-28T09:54:50+04:00	ck9e2-mirror-256k	4	1381056	1381022	57	980905984	696377344	ft*51 ZMQbg/Reaper*3 ZMQbg/IO/0*3 
2026-09-28T09:54:50+04:00	ck9e2-mirror-256k	4	1381209	1381056	1	12783616	5943296	python3*1 
2026-09-28T09:54:50+04:00	ck9e2-mirror-256k	4	1381210	1381056	45	16919404544	16295165952	python3*36 pt_gloo_runloop*2 ZMQbg/Reaper*2 ZMQbg/IO/0*2 pt_tcpstore_uv*1 cuda0000240000a*1 
2026-09-28T09:54:50+04:00	ck9e2-mirror-256k	4	1381211	1381056	57	972914688	696463360	python3*49 ZMQbg/Reaper*4 ZMQbg/IO/0*4 
2026-09-28T09:55:00+04:00	ck9e2-mirror-256k	4	1381022	363	2	26447872	6066176	uv*1 main2*1 
2026-09-28T09:55:00+04:00	ck9e2-mirror-256k	4	1381056	1381022	57	980905984	696377344	ft*51 ZMQbg/Reaper*3 ZMQbg/IO/0*3 
2026-09-28T09:55:00+04:00	ck9e2-mirror-256k	4	1381209	1381056	1	12783616	5943296	python3*1 
2026-09-28T09:55:00+04:00	ck9e2-mirror-256k	4	1381210	1381056	45	16919404544	16295165952	python3*36 pt_gloo_runloop*2 ZMQbg/Reaper*2 ZMQbg/IO/0*2 pt_tcpstore_uv*1 cuda0000240000a*1 
2026-09-28T09:55:00+04:00	ck9e2-mirror-256k	4	1381211	1381056	57	972914688	696463360	python3*49 ZMQbg/Reaper*4 ZMQbg/IO/0*4 
2026-09-28T09:55:14+04:00	ck9e2-mirror-256k	4	1381022	363	2	26447872	6066176	uv*1 main2*1 
2026-09-28T09:55:14+04:00	ck9e2-mirror-256k	4	1381056	1381022	57	980905984	696377344	ft*51 ZMQbg/Reaper*3 ZMQbg/IO/0*3 
2026-09-28T09:55:14+04:00	ck9e2-mirror-256k	4	1381209	1381056	1	12783616	5943296	python3*1 
2026-09-28T09:55:14+04:00	ck9e2-mirror-256k	4	1381210	1381056	45	16919404544	16295165952	python3*36 pt_gloo_runloop*2 ZMQbg/Reaper*2 ZMQbg/IO/0*2 pt_tcpstore_uv*1 cuda0000240000a*1 
2026-09-28T09:55:14+04:00	ck9e2-mirror-256k	4	1381211	1381056	57	972914688	696463360	python3*49 ZMQbg/Reaper*4 ZMQbg/IO/0*4 
2026-09-28T09:55:24+04:00	ck9e2-mirror-256k	4	1381022	363	2	26447872	6066176	uv*1 main2*1 
2026-09-28T09:55:24+04:00	ck9e2-mirror-256k	4	1381056	1381022	57	980905984	696377344	ft*51 ZMQbg/Reaper*3 ZMQbg/IO/0*3 
2026-09-28T09:55:24+04:00	ck9e2-mirror-256k	4	1381209	1381056	1	12783616	5943296	python3*1 
2026-09-28T09:55:24+04:00	ck9e2-mirror-256k	4	1381210	1381056	45	16919404544	16295165952	python3*36 pt_gloo_runloop*2 ZMQbg/Reaper*2 ZMQbg/IO/0*2 pt_tcpstore_uv*1 cuda0000240000a*1 
2026-09-28T09:55:24+04:00	ck9e2-mirror-256k	4	1381211	1381056	57	972914688	696463360	python3*49 ZMQbg/Reaper*4 ZMQbg/IO/0*4 
2026-09-28T09:55:34+04:00	ck9e2-mirror-256k	4	1381022	363	2	26447872	6066176	uv*1 main2*1 
2026-09-28T09:55:34+04:00	ck9e2-mirror-256k	4	1381056	1381022	57	980905984	696377344	ft*51 ZMQbg/Reaper*3 ZMQbg/IO/0*3 
2026-09-28T09:55:34+04:00	ck9e2-mirror-256k	4	1381209	1381056	1	12783616	5943296	python3*1 
2026-09-28T09:55:34+04:00	ck9e2-mirror-256k	4	1381210	1381056	45	16919412736	16295174144	python3*36 pt_gloo_runloop*2 ZMQbg/Reaper*2 ZMQbg/IO/0*2 pt_tcpstore_uv*1 cuda0000240000a*1 
2026-09-28T09:55:34+04:00	ck9e2-mirror-256k	4	1381211	1381056	57	972914688	696463360	python3*49 ZMQbg/Reaper*4 ZMQbg/IO/0*4 
2026-09-28T09:55:48+04:00	ck9e2-mirror-256k	4	1381022	363	2	26447872	6066176	uv*1 main2*1 
2026-09-28T09:55:48+04:00	ck9e2-mirror-256k	4	1381056	1381022	57	980905984	696377344	ft*51 ZMQbg/Reaper*3 ZMQbg/IO/0*3 
2026-09-28T09:55:48+04:00	ck9e2-mirror-256k	4	1381209	1381056	1	12783616	5943296	python3*1 
2026-09-28T09:55:48+04:00	ck9e2-mirror-256k	4	1381210	1381056	45	16919552000	16295313408	python3*36 pt_gloo_runloop*2 ZMQbg/Reaper*2 ZMQbg/IO/0*2 pt_tcpstore_uv*1 cuda0000240000a*1 
2026-09-28T09:55:48+04:00	ck9e2-mirror-256k	4	1381211	1381056	57	972914688	696463360	python3*49 ZMQbg/Reaper*4 ZMQbg/IO/0*4 
2026-09-28T09:55:58+04:00	ck9e2-mirror-256k	4	1381022	363	2	26447872	6066176	uv*1 main2*1 
2026-09-28T09:55:58+04:00	ck9e2-mirror-256k	4	1381056	1381022	57	980905984	696377344	ft*51 ZMQbg/Reaper*3 ZMQbg/IO/0*3 
2026-09-28T09:55:58+04:00	ck9e2-mirror-256k	4	1381209	1381056	1	12783616	5943296	python3*1 
2026-09-28T09:55:58+04:00	ck9e2-mirror-256k	4	1381210	1381056	45	16919711744	16295473152	python3*36 pt_gloo_runloop*2 ZMQbg/Reaper*2 ZMQbg/IO/0*2 pt_tcpstore_uv*1 cuda0000240000a*1 
2026-09-28T09:55:58+04:00	ck9e2-mirror-256k	4	1381211	1381056	57	972914688	696463360	python3*49 ZMQbg/Reaper*4 ZMQbg/IO/0*4 
2026-09-28T09:56:08+04:00	ck9e2-mirror-256k	4	1381022	363	2	26447872	6066176	uv*1 main2*1 
2026-09-28T09:56:09+04:00	ck9e2-mirror-256k	4	1381056	1381022	57	980905984	696377344	ft*51 ZMQbg/Reaper*3 ZMQbg/IO/0*3 
2026-09-28T09:56:09+04:00	ck9e2-mirror-256k	4	1381209	1381056	1	12783616	5943296	python3*1 
2026-09-28T09:56:09+04:00	ck9e2-mirror-256k	4	1381210	1381056	45	16919842816	16295604224	python3*36 pt_gloo_runloop*2 ZMQbg/Reaper*2 ZMQbg/IO/0*2 pt_tcpstore_uv*1 cuda0000240000a*1 
2026-09-28T09:56:09+04:00	ck9e2-mirror-256k	4	1381211	1381056	57	972914688	696463360	python3*49 ZMQbg/Reaper*4 ZMQbg/IO/0*4 
2026-09-28T09:56:22+04:00	ck9e2-mirror-256k	4	1381022	363	2	26447872	6066176	uv*1 main2*1 
2026-09-28T09:56:22+04:00	ck9e2-mirror-256k	4	1381056	1381022	57	980905984	696377344	ft*51 ZMQbg/Reaper*3 ZMQbg/IO/0*3 
2026-09-28T09:56:22+04:00	ck9e2-mirror-256k	4	1381209	1381056	1	12783616	5943296	python3*1 
2026-09-28T09:56:22+04:00	ck9e2-mirror-256k	4	1381210	1381056	45	16920002560	16295763968	python3*36 pt_gloo_runloop*2 ZMQbg/Reaper*2 ZMQbg/IO/0*2 pt_tcpstore_uv*1 cuda0000240000a*1 
2026-09-28T09:56:22+04:00	ck9e2-mirror-256k	4	1381211	1381056	57	972914688	696463360	python3*49 ZMQbg/Reaper*4 ZMQbg/IO/0*4 
2026-09-28T09:56:33+04:00	ck9e2-mirror-256k	4	1381022	363	2	26447872	6066176	uv*1 main2*1 
2026-09-28T09:56:33+04:00	ck9e2-mirror-256k	4	1381056	1381022	57	980905984	696377344	ft*51 ZMQbg/Reaper*3 ZMQbg/IO/0*3 
2026-09-28T09:56:33+04:00	ck9e2-mirror-256k	4	1381209	1381056	1	12783616	5943296	python3*1 
2026-09-28T09:56:33+04:00	ck9e2-mirror-256k	4	1381210	1381056	45	16920150016	16295911424	python3*36 pt_gloo_runloop*2 ZMQbg/Reaper*2 ZMQbg/IO/0*2 pt_tcpstore_uv*1 cuda0000240000a*1 
2026-09-28T09:56:33+04:00	ck9e2-mirror-256k	4	1381211	1381056	57	972914688	696463360	python3*49 ZMQbg/Reaper*4 ZMQbg/IO/0*4 
2026-09-28T09:56:43+04:00	ck9e2-mirror-256k	4	1381022	363	2	26447872	6066176	uv*1 main2*1 
2026-09-28T09:56:43+04:00	ck9e2-mirror-256k	4	1381056	1381022	57	980905984	696377344	ft*51 ZMQbg/Reaper*3 ZMQbg/IO/0*3 
2026-09-28T09:56:43+04:00	ck9e2-mirror-256k	4	1381209	1381056	1	12783616	5943296	python3*1 
2026-09-28T09:56:43+04:00	ck9e2-mirror-256k	4	1381210	1381056	45	16920289280	16296050688	python3*36 pt_gloo_runloop*2 ZMQbg/Reaper*2 ZMQbg/IO/0*2 pt_tcpstore_uv*1 cuda0000240000a*1 
2026-09-28T09:56:43+04:00	ck9e2-mirror-256k	4	1381211	1381056	57	972914688	696463360	python3*49 ZMQbg/Reaper*4 ZMQbg/IO/0*4 
2026-09-28T09:56:57+04:00	ck9e2-mirror-256k	4	1381022	363	2	26447872	6066176	uv*1 main2*1 
2026-09-28T09:56:57+04:00	ck9e2-mirror-256k	4	1381056	1381022	57	980905984	696377344	ft*51 ZMQbg/Reaper*3 ZMQbg/IO/0*3 
2026-09-28T09:56:57+04:00	ck9e2-mirror-256k	4	1381209	1381056	1	12783616	5943296	python3*1 
2026-09-28T09:56:57+04:00	ck9e2-mirror-256k	4	1381210	1381056	45	16920428544	16296189952	python3*36 pt_gloo_runloop*2 ZMQbg/Reaper*2 ZMQbg/IO/0*2 pt_tcpstore_uv*1 cuda0000240000a*1 
2026-09-28T09:56:57+04:00	ck9e2-mirror-256k	4	1381211	1381056	57	972914688	696463360	python3*49 ZMQbg/Reaper*4 ZMQbg/IO/0*4 
2026-09-28T09:57:07+04:00	ck9e2-mirror-256k	4	1381022	363	2	26447872	6066176	uv*1 main2*1 
2026-09-28T09:57:07+04:00	ck9e2-mirror-256k	4	1381056	1381022	57	980905984	696377344	ft*51 ZMQbg/Reaper*3 ZMQbg/IO/0*3 
2026-09-28T09:57:07+04:00	ck9e2-mirror-256k	4	1381209	1381056	1	12783616	5943296	python3*1 
2026-09-28T09:57:07+04:00	ck9e2-mirror-256k	4	1381210	1381056	45	16920580096	16296341504	python3*36 pt_gloo_runloop*2 ZMQbg/Reaper*2 ZMQbg/IO/0*2 pt_tcpstore_uv*1 cuda0000240000a*1 
2026-09-28T09:57:07+04:00	ck9e2-mirror-256k	4	1381211	1381056	57	972914688	696463360	python3*49 ZMQbg/Reaper*4 ZMQbg/IO/0*4 
2026-09-28T09:57:17+04:00	ck9e2-mirror-256k	4	1381022	363	2	26447872	6066176	uv*1 main2*1 
2026-09-28T09:57:17+04:00	ck9e2-mirror-256k	4	1381056	1381022	57	980905984	696377344	ft*51 ZMQbg/Reaper*3 ZMQbg/IO/0*3 
2026-09-28T09:57:17+04:00	ck9e2-mirror-256k	4	1381209	1381056	1	12783616	5943296	python3*1 
2026-09-28T09:57:17+04:00	ck9e2-mirror-256k	4	1381210	1381056	45	16920723456	16296484864	python3*36 pt_gloo_runloop*2 ZMQbg/Reaper*2 ZMQbg/IO/0*2 pt_tcpstore_uv*1 cuda0000240000a*1 
2026-09-28T09:57:17+04:00	ck9e2-mirror-256k	4	1381211	1381056	57	972914688	696463360	python3*49 ZMQbg/Reaper*4 ZMQbg/IO/0*4 
2026-09-28T09:57:31+04:00	ck9e2-mirror-256k	4	1381022	363	2	26447872	6066176	uv*1 main2*1 
2026-09-28T09:57:31+04:00	ck9e2-mirror-256k	4	1381056	1381022	57	980905984	696377344	ft*51 ZMQbg/Reaper*3 ZMQbg/IO/0*3 
2026-09-28T09:57:31+04:00	ck9e2-mirror-256k	4	1381209	1381056	1	12783616	5943296	python3*1 
2026-09-28T09:57:31+04:00	ck9e2-mirror-256k	4	1381210	1381056	45	16920879104	16296640512	python3*36 pt_gloo_runloop*2 ZMQbg/Reaper*2 ZMQbg/IO/0*2 pt_tcpstore_uv*1 cuda0000240000a*1 
2026-09-28T09:57:31+04:00	ck9e2-mirror-256k	4	1381211	1381056	57	972914688	696463360	python3*49 ZMQbg/Reaper*4 ZMQbg/IO/0*4 
2026-09-28T09:57:41+04:00	ck9e2-mirror-256k	4	1381022	363	2	26447872	6066176	uv*1 main2*1 
2026-09-28T09:57:41+04:00	ck9e2-mirror-256k	4	1381056	1381022	57	980905984	696377344	ft*51 ZMQbg/Reaper*3 ZMQbg/IO/0*3 
2026-09-28T09:57:41+04:00	ck9e2-mirror-256k	4	1381209	1381056	1	12783616	5943296	python3*1 
2026-09-28T09:57:41+04:00	ck9e2-mirror-256k	4	1381210	1381056	45	16921767936	16297529344	python3*36 pt_gloo_runloop*2 ZMQbg/Reaper*2 ZMQbg/IO/0*2 pt_tcpstore_uv*1 cuda0000240000a*1 
2026-09-28T09:57:41+04:00	ck9e2-mirror-256k	4	1381211	1381056	57	972914688	696463360	python3*49 ZMQbg/Reaper*4 ZMQbg/IO/0*4 
2026-09-28T09:57:51+04:00	ck9e2-mirror-256k	4	1381022	363	2	26447872	6066176	uv*1 main2*1 
2026-09-28T09:57:51+04:00	ck9e2-mirror-256k	4	1381056	1381022	57	980905984	696377344	ft*51 ZMQbg/Reaper*3 ZMQbg/IO/0*3 
2026-09-28T09:57:51+04:00	ck9e2-mirror-256k	4	1381209	1381056	1	12783616	5943296	python3*1 
2026-09-28T09:57:51+04:00	ck9e2-mirror-256k	4	1381210	1381056	45	16921767936	16297529344	python3*36 pt_gloo_runloop*2 ZMQbg/Reaper*2 ZMQbg/IO/0*2 pt_tcpstore_uv*1 cuda0000240000a*1 
2026-09-28T09:57:51+04:00	ck9e2-mirror-256k	4	1381211	1381056	57	972914688	696463360	python3*49 ZMQbg/Reaper*4 ZMQbg/IO/0*4 
2026-09-28T09:58:01+04:00	ck9e2-mirror-256k	4	1381022	363	2	26447872	6066176	uv*1 main2*1 
2026-09-28T09:58:01+04:00	ck9e2-mirror-256k	4	1381056	1381022	57	980905984	696377344	ft*51 ZMQbg/Reaper*3 ZMQbg/IO/0*3 
2026-09-28T09:58:01+04:00	ck9e2-mirror-256k	4	1381209	1381056	1	12783616	5943296	python3*1 
2026-09-28T09:58:01+04:00	ck9e2-mirror-256k	4	1381210	1381056	45	16921772032	16297533440	python3*36 pt_gloo_runloop*2 ZMQbg/Reaper*2 ZMQbg/IO/0*2 pt_tcpstore_uv*1 cuda0000240000a*1 
2026-09-28T09:58:01+04:00	ck9e2-mirror-256k	4	1381211	1381056	57	972914688	696463360	python3*49 ZMQbg/Reaper*4 ZMQbg/IO/0*4 
2026-09-28T09:58:15+04:00	ck9e2-mirror-256k	4	1381022	363	2	26447872	6066176	uv*1 main2*1 
2026-09-28T09:58:15+04:00	ck9e2-mirror-256k	4	1381056	1381022	57	980905984	696377344	ft*51 ZMQbg/Reaper*3 ZMQbg/IO/0*3 
2026-09-28T09:58:15+04:00	ck9e2-mirror-256k	4	1381209	1381056	1	12783616	5943296	python3*1 
2026-09-28T09:58:15+04:00	ck9e2-mirror-256k	4	1381210	1381056	45	16921776128	16297537536	python3*36 pt_gloo_runloop*2 ZMQbg/Reaper*2 ZMQbg/IO/0*2 pt_tcpstore_uv*1 cuda0000240000a*1 
2026-09-28T09:58:15+04:00	ck9e2-mirror-256k	4	1381211	1381056	57	972914688	696463360	python3*49 ZMQbg/Reaper*4 ZMQbg/IO/0*4 
2026-09-28T09:58:25+04:00	ck9e2-mirror-256k	4	1381022	363	2	26447872	6066176	uv*1 main2*1 
2026-09-28T09:58:25+04:00	ck9e2-mirror-256k	4	1381056	1381022	57	980905984	696377344	ft*51 ZMQbg/Reaper*3 ZMQbg/IO/0*3 
2026-09-28T09:58:25+04:00	ck9e2-mirror-256k	4	1381209	1381056	1	12783616	5943296	python3*1 
2026-09-28T09:58:25+04:00	ck9e2-mirror-256k	4	1381210	1381056	45	16921776128	16297537536	python3*36 pt_gloo_runloop*2 ZMQbg/Reaper*2 ZMQbg/IO/0*2 pt_tcpstore_uv*1 cuda0000240000a*1 
2026-09-28T09:58:25+04:00	ck9e2-mirror-256k	4	1381211	1381056	57	972914688	696463360	python3*49 ZMQbg/Reaper*4 ZMQbg/IO/0*4 
2026-09-28T09:58:35+04:00	ck9e2-mirror-256k	4	1381022	363	2	26447872	6066176	uv*1 main2*1 
2026-09-28T09:58:35+04:00	ck9e2-mirror-256k	4	1381056	1381022	57	980905984	696377344	ft*51 ZMQbg/Reaper*3 ZMQbg/IO/0*3 
2026-09-28T09:58:35+04:00	ck9e2-mirror-256k	4	1381209	1381056	1	12783616	5943296	python3*1 
2026-09-28T09:58:35+04:00	ck9e2-mirror-256k	4	1381210	1381056	45	16921776128	16297537536	python3*36 pt_gloo_runloop*2 ZMQbg/Reaper*2 ZMQbg/IO/0*2 pt_tcpstore_uv*1 cuda0000240000a*1 
2026-09-28T09:58:36+04:00	ck9e2-mirror-256k	4	1381211	1381056	57	972914688	696463360	python3*49 ZMQbg/Reaper*4 ZMQbg/IO/0*4 
2026-09-28T09:58:49+04:00	ck9e2-mirror-256k	4	1381022	363	2	26447872	6066176	uv*1 main2*1 
2026-09-28T09:58:49+04:00	ck9e2-mirror-256k	4	1381056	1381022	57	980905984	696377344	ft*51 ZMQbg/Reaper*3 ZMQbg/IO/0*3 
2026-09-28T09:58:49+04:00	ck9e2-mirror-256k	4	1381209	1381056	1	12783616	5943296	python3*1 
2026-09-28T09:58:49+04:00	ck9e2-mirror-256k	4	1381210	1381056	45	16921882624	16297644032	python3*36 pt_gloo_runloop*2 ZMQbg/Reaper*2 ZMQbg/IO/0*2 pt_tcpstore_uv*1 cuda0000240000a*1 
2026-09-28T09:58:49+04:00	ck9e2-mirror-256k	4	1381211	1381056	57	972914688	696463360	python3*49 ZMQbg/Reaper*4 ZMQbg/IO/0*4 
2026-09-28T09:59:00+04:00	ck9e2-mirror-256k	4	1381022	363	2	26447872	6066176	uv*1 main2*1 
2026-09-28T09:59:00+04:00	ck9e2-mirror-256k	4	1381056	1381022	57	980905984	696377344	ft*51 ZMQbg/Reaper*3 ZMQbg/IO/0*3 
2026-09-28T09:59:00+04:00	ck9e2-mirror-256k	4	1381209	1381056	1	12783616	5943296	python3*1 
2026-09-28T09:59:00+04:00	ck9e2-mirror-256k	4	1381210	1381056	45	16921989120	16297750528	python3*36 pt_gloo_runloop*2 ZMQbg/Reaper*2 ZMQbg/IO/0*2 pt_tcpstore_uv*1 cuda0000240000a*1 
2026-09-28T09:59:00+04:00	ck9e2-mirror-256k	4	1381211	1381056	57	972914688	696463360	python3*49 ZMQbg/Reaper*4 ZMQbg/IO/0*4 
2026-09-28T09:59:10+04:00	ck9e2-mirror-256k	4	1381022	363	2	26447872	6066176	uv*1 main2*1 
2026-09-28T09:59:10+04:00	ck9e2-mirror-256k	4	1381056	1381022	57	980905984	696377344	ft*51 ZMQbg/Reaper*3 ZMQbg/IO/0*3 
2026-09-28T09:59:10+04:00	ck9e2-mirror-256k	4	1381209	1381056	1	12783616	5943296	python3*1 
2026-09-28T09:59:10+04:00	ck9e2-mirror-256k	4	1381210	1381056	45	16922124288	16297885696	python3*36 pt_gloo_runloop*2 ZMQbg/Reaper*2 ZMQbg/IO/0*2 pt_tcpstore_uv*1 cuda0000240000a*1 
2026-09-28T09:59:10+04:00	ck9e2-mirror-256k	4	1381211	1381056	57	972914688	696463360	python3*49 ZMQbg/Reaper*4 ZMQbg/IO/0*4 
2026-09-28T09:59:23+04:00	ck9e2-mirror-256k	4	1381022	363	2	26447872	6066176	uv*1 main2*1 
2026-09-28T09:59:23+04:00	ck9e2-mirror-256k	4	1381056	1381022	57	980905984	696377344	ft*51 ZMQbg/Reaper*3 ZMQbg/IO/0*3 
2026-09-28T09:59:23+04:00	ck9e2-mirror-256k	4	1381209	1381056	1	12783616	5943296	python3*1 
2026-09-28T09:59:23+04:00	ck9e2-mirror-256k	4	1381210	1381056	45	16922275840	16298037248	python3*36 pt_gloo_runloop*2 ZMQbg/Reaper*2 ZMQbg/IO/0*2 pt_tcpstore_uv*1 cuda0000240000a*1 
2026-09-28T09:59:24+04:00	ck9e2-mirror-256k	4	1381211	1381056	57	972914688	696463360	python3*49 ZMQbg/Reaper*4 ZMQbg/IO/0*4 
2026-09-28T09:59:34+04:00	ck9e2-mirror-256k	4	1381022	363	2	26447872	6066176	uv*1 main2*1 
2026-09-28T09:59:34+04:00	ck9e2-mirror-256k	4	1381056	1381022	57	980946944	696418304	ft*51 ZMQbg/Reaper*3 ZMQbg/IO/0*3 
2026-09-28T09:59:34+04:00	ck9e2-mirror-256k	4	1381209	1381056	1	12783616	5943296	python3*1 
2026-09-28T09:59:34+04:00	ck9e2-mirror-256k	4	1381210	1381056	45	16923541504	16299302912	python3*36 pt_gloo_runloop*2 ZMQbg/Reaper*2 ZMQbg/IO/0*2 pt_tcpstore_uv*1 cuda0000240000a*1 
2026-09-28T09:59:34+04:00	ck9e2-mirror-256k	4	1381211	1381056	57	972926976	696475648	python3*49 ZMQbg/Reaper*4 ZMQbg/IO/0*4 
2026-09-28T09:59:44+04:00	ck9e2-mirror-256k	4	1381022	363	2	26447872	6066176	uv*1 main2*1 
2026-09-28T09:59:44+04:00	ck9e2-mirror-256k	4	1381056	1381022	57	980946944	696418304	ft*51 ZMQbg/Reaper*3 ZMQbg/IO/0*3 
2026-09-28T09:59:44+04:00	ck9e2-mirror-256k	4	1381209	1381056	1	12783616	5943296	python3*1 
2026-09-28T09:59:44+04:00	ck9e2-mirror-256k	4	1381210	1381056	45	16923541504	16299302912	python3*36 pt_gloo_runloop*2 ZMQbg/Reaper*2 ZMQbg/IO/0*2 pt_tcpstore_uv*1 cuda0000240000a*1 
2026-09-28T09:59:44+04:00	ck9e2-mirror-256k	4	1381211	1381056	57	972926976	696475648	python3*49 ZMQbg/Reaper*4 ZMQbg/IO/0*4 
2026-09-28T09:59:58+04:00	ck9e2-mirror-256k	4	1381022	363	2	26447872	6066176	uv*1 main2*1 
2026-09-28T09:59:58+04:00	ck9e2-mirror-256k	4	1381056	1381022	57	981614592	697085952	ft*51 ZMQbg/Reaper*3 ZMQbg/IO/0*3 
2026-09-28T09:59:58+04:00	ck9e2-mirror-256k	4	1381209	1381056	1	12783616	5943296	python3*1 
2026-09-28T09:59:58+04:00	ck9e2-mirror-256k	4	1381210	1381056	45	16924655616	16300355584	python3*36 pt_gloo_runloop*2 ZMQbg/Reaper*2 ZMQbg/IO/0*2 pt_tcpstore_uv*1 cuda0000240000a*1 
2026-09-28T09:59:58+04:00	ck9e2-mirror-256k	4	1381211	1381056	57	972926976	696475648	python3*49 ZMQbg/Reaper*4 ZMQbg/IO/0*4 
2026-09-28T10:00:08+04:00	ck9e2-mirror-256k	4	1381022	363	2	26447872	6066176	uv*1 main2*1 
2026-09-28T10:00:08+04:00	ck9e2-mirror-256k	4	1381056	1381022	57	982048768	697520128	ft*51 ZMQbg/Reaper*3 ZMQbg/IO/0*3 
2026-09-28T10:00:08+04:00	ck9e2-mirror-256k	4	1381209	1381056	1	12783616	5943296	python3*1 
2026-09-28T10:00:08+04:00	ck9e2-mirror-256k	4	1381210	1381056	45	16924659712	16300355584	python3*36 pt_gloo_runloop*2 ZMQbg/Reaper*2 ZMQbg/IO/0*2 pt_tcpstore_uv*1 cuda0000240000a*1 
2026-09-28T10:00:08+04:00	ck9e2-mirror-256k	4	1381211	1381056	57	972926976	696475648	python3*49 ZMQbg/Reaper*4 ZMQbg/IO/0*4 
2026-09-28T10:00:18+04:00	ck9e2-mirror-256k	4	1381022	363	2	26447872	6066176	uv*1 main2*1 
2026-09-28T10:00:18+04:00	ck9e2-mirror-256k	4	1381056	1381022	57	982048768	697520128	ft*51 ZMQbg/Reaper*3 ZMQbg/IO/0*3 
2026-09-28T10:00:18+04:00	ck9e2-mirror-256k	4	1381209	1381056	1	12783616	5943296	python3*1 
2026-09-28T10:00:18+04:00	ck9e2-mirror-256k	4	1381210	1381056	45	16924659712	16300355584	python3*36 pt_gloo_runloop*2 ZMQbg/Reaper*2 ZMQbg/IO/0*2 pt_tcpstore_uv*1 cuda0000240000a*1 
2026-09-28T10:00:18+04:00	ck9e2-mirror-256k	4	1381211	1381056	57	972926976	696475648	python3*49 ZMQbg/Reaper*4 ZMQbg/IO/0*4 
2026-09-28T10:00:32+04:00	ck9e2-mirror-256k	4	1381022	363	2	26447872	6066176	uv*1 main2*1 
2026-09-28T10:00:32+04:00	ck9e2-mirror-256k	4	1381056	1381022	57	982048768	697520128	ft*51 ZMQbg/Reaper*3 ZMQbg/IO/0*3 
2026-09-28T10:00:32+04:00	ck9e2-mirror-256k	4	1381209	1381056	1	12783616	5943296	python3*1 
2026-09-28T10:00:32+04:00	ck9e2-mirror-256k	4	1381210	1381056	45	16924663808	16300359680	python3*36 pt_gloo_runloop*2 ZMQbg/Reaper*2 ZMQbg/IO/0*2 pt_tcpstore_uv*1 cuda0000240000a*1 
2026-09-28T10:00:32+04:00	ck9e2-mirror-256k	4	1381211	1381056	57	972926976	696475648	python3*49 ZMQbg/Reaper*4 ZMQbg/IO/0*4 
2026-09-28T10:00:42+04:00	ck9e2-mirror-256k	4	1381022	363	2	26447872	6066176	uv*1 main2*1 
2026-09-28T10:00:42+04:00	ck9e2-mirror-256k	4	1381056	1381022	57	982048768	697520128	ft*51 ZMQbg/Reaper*3 ZMQbg/IO/0*3 
2026-09-28T10:00:42+04:00	ck9e2-mirror-256k	4	1381209	1381056	1	12783616	5943296	python3*1 
2026-09-28T10:00:42+04:00	ck9e2-mirror-256k	4	1381210	1381056	45	16924663808	16300359680	python3*36 pt_gloo_runloop*2 ZMQbg/Reaper*2 ZMQbg/IO/0*2 pt_tcpstore_uv*1 cuda0000240000a*1 
2026-09-28T10:00:42+04:00	ck9e2-mirror-256k	4	1381211	1381056	57	972926976	696475648	python3*49 ZMQbg/Reaper*4 ZMQbg/IO/0*4 
2026-09-28T10:00:52+04:00	ck9e2-mirror-256k	4	1381022	363	2	26447872	6066176	uv*1 main2*1 
2026-09-28T10:00:52+04:00	ck9e2-mirror-256k	4	1381056	1381022	57	982048768	697520128	ft*51 ZMQbg/Reaper*3 ZMQbg/IO/0*3 
2026-09-28T10:00:52+04:00	ck9e2-mirror-256k	4	1381209	1381056	1	12783616	5943296	python3*1 
2026-09-28T10:00:52+04:00	ck9e2-mirror-256k	4	1381210	1381056	45	16924663808	16300359680	python3*36 pt_gloo_runloop*2 ZMQbg/Reaper*2 ZMQbg/IO/0*2 pt_tcpstore_uv*1 cuda0000240000a*1 
2026-09-28T10:00:52+04:00	ck9e2-mirror-256k	4	1381211	1381056	57	972926976	696475648	python3*49 ZMQbg/Reaper*4 ZMQbg/IO/0*4 
2026-09-28T10:01:06+04:00	ck9e2-mirror-256k	4	1381022	363	2	26447872	6066176	uv*1 main2*1 
2026-09-28T10:01:06+04:00	ck9e2-mirror-256k	4	1381056	1381022	57	982048768	697520128	ft*51 ZMQbg/Reaper*3 ZMQbg/IO/0*3 
2026-09-28T10:01:06+04:00	ck9e2-mirror-256k	4	1381209	1381056	1	12783616	5943296	python3*1 
2026-09-28T10:01:06+04:00	ck9e2-mirror-256k	4	1381210	1381056	45	16924667904	16300363776	python3*36 pt_gloo_runloop*2 ZMQbg/Reaper*2 ZMQbg/IO/0*2 pt_tcpstore_uv*1 cuda0000240000a*1 
2026-09-28T10:01:06+04:00	ck9e2-mirror-256k	4	1381211	1381056	57	972926976	696475648	python3*49 ZMQbg/Reaper*4 ZMQbg/IO/0*4 
2026-09-28T10:01:16+04:00	ck9e2-mirror-256k	4	1381022	363	2	26447872	6066176	uv*1 main2*1 
2026-09-28T10:01:16+04:00	ck9e2-mirror-256k	4	1381056	1381022	57	982048768	697520128	ft*51 ZMQbg/Reaper*3 ZMQbg/IO/0*3 
2026-09-28T10:01:16+04:00	ck9e2-mirror-256k	4	1381209	1381056	1	12783616	5943296	python3*1 
2026-09-28T10:01:16+04:00	ck9e2-mirror-256k	4	1381210	1381056	45	16924667904	16300363776	python3*36 pt_gloo_runloop*2 ZMQbg/Reaper*2 ZMQbg/IO/0*2 pt_tcpstore_uv*1 cuda0000240000a*1 
2026-09-28T10:01:16+04:00	ck9e2-mirror-256k	4	1381211	1381056	57	972926976	696475648	python3*49 ZMQbg/Reaper*4 ZMQbg/IO/0*4 
2026-09-28T10:01:26+04:00	ck9e2-mirror-256k	4	1381022	363	2	26447872	6066176	uv*1 main2*1 
2026-09-28T10:01:26+04:00	ck9e2-mirror-256k	4	1381056	1381022	57	982048768	697520128	ft*51 ZMQbg/Reaper*3 ZMQbg/IO/0*3 
2026-09-28T10:01:26+04:00	ck9e2-mirror-256k	4	1381209	1381056	1	12783616	5943296	python3*1 
2026-09-28T10:01:26+04:00	ck9e2-mirror-256k	4	1381210	1381056	45	16924667904	16300363776	python3*36 pt_gloo_runloop*2 ZMQbg/Reaper*2 ZMQbg/IO/0*2 pt_tcpstore_uv*1 cuda0000240000a*1 
2026-09-28T10:01:27+04:00	ck9e2-mirror-256k	4	1381211	1381056	57	972926976	696475648	python3*49 ZMQbg/Reaper*4 ZMQbg/IO/0*4 
2026-09-28T10:01:40+04:00	ck9e2-mirror-256k	4	1381022	363	2	26447872	6066176	uv*1 main2*1 
2026-09-28T10:01:40+04:00	ck9e2-mirror-256k	4	1381056	1381022	57	982048768	697520128	ft*51 ZMQbg/Reaper*3 ZMQbg/IO/0*3 
2026-09-28T10:01:40+04:00	ck9e2-mirror-256k	4	1381209	1381056	1	12783616	5943296	python3*1 
2026-09-28T10:01:40+04:00	ck9e2-mirror-256k	4	1381210	1381056	45	16924667904	16300363776	python3*36 pt_gloo_runloop*2 ZMQbg/Reaper*2 ZMQbg/IO/0*2 pt_tcpstore_uv*1 cuda0000240000a*1 
2026-09-28T10:01:40+04:00	ck9e2-mirror-256k	4	1381211	1381056	57	972926976	696475648	python3*49 ZMQbg/Reaper*4 ZMQbg/IO/0*4 
2026-09-28T10:01:50+04:00	ck9e2-mirror-256k	4	1381022	363	2	26447872	6066176	uv*1 main2*1 
2026-09-28T10:01:50+04:00	ck9e2-mirror-256k	4	1381056	1381022	57	982048768	697520128	ft*51 ZMQbg/Reaper*3 ZMQbg/IO/0*3 
2026-09-28T10:01:50+04:00	ck9e2-mirror-256k	4	1381209	1381056	1	12783616	5943296	python3*1 
2026-09-28T10:01:50+04:00	ck9e2-mirror-256k	4	1381210	1381056	45	16924667904	16300363776	python3*36 pt_gloo_runloop*2 ZMQbg/Reaper*2 ZMQbg/IO/0*2 pt_tcpstore_uv*1 cuda0000240000a*1 
2026-09-28T10:01:51+04:00	ck9e2-mirror-256k	4	1381211	1381056	57	972926976	696475648	python3*49 ZMQbg/Reaper*4 ZMQbg/IO/0*4 
2026-09-28T10:02:01+04:00	ck9e2-mirror-256k	4	1381022	363	2	26447872	6066176	uv*1 main2*1 
2026-09-28T10:02:01+04:00	ck9e2-mirror-256k	4	1381056	1381022	57	982048768	697520128	ft*51 ZMQbg/Reaper*3 ZMQbg/IO/0*3 
2026-09-28T10:02:01+04:00	ck9e2-mirror-256k	4	1381209	1381056	1	12783616	5943296	python3*1 
2026-09-28T10:02:01+04:00	ck9e2-mirror-256k	4	1381210	1381056	45	16924667904	16300363776	python3*36 pt_gloo_runloop*2 ZMQbg/Reaper*2 ZMQbg/IO/0*2 pt_tcpstore_uv*1 cuda0000240000a*1 
2026-09-28T10:02:01+04:00	ck9e2-mirror-256k	4	1381211	1381056	57	972926976	696475648	python3*49 ZMQbg/Reaper*4 ZMQbg/IO/0*4 
2026-09-28T10:02:11+04:00	ck9e2-mirror-256k	4	1381022	363	2	26447872	6066176	uv*1 main2*1 
2026-09-28T10:02:11+04:00	ck9e2-mirror-256k	4	1381056	1381022	57	982048768	697520128	ft*51 ZMQbg/Reaper*3 ZMQbg/IO/0*3 
2026-09-28T10:02:11+04:00	ck9e2-mirror-256k	4	1381209	1381056	1	12783616	5943296	python3*1 
2026-09-28T10:02:11+04:00	ck9e2-mirror-256k	4	1381210	1381056	45	16924667904	16300363776	python3*36 pt_gloo_runloop*2 ZMQbg/Reaper*2 ZMQbg/IO/0*2 pt_tcpstore_uv*1 cuda0000240000a*1 
2026-09-28T10:02:11+04:00	ck9e2-mirror-256k	4	1381211	1381056	57	972926976	696475648	python3*49 ZMQbg/Reaper*4 ZMQbg/IO/0*4 
2026-09-28T10:02:25+04:00	ck9e2-mirror-256k	4	1381022	363	2	26447872	6066176	uv*1 main2*1 
2026-09-28T10:02:25+04:00	ck9e2-mirror-256k	4	1381056	1381022	57	982048768	697520128	ft*51 ZMQbg/Reaper*3 ZMQbg/IO/0*3 
2026-09-28T10:02:25+04:00	ck9e2-mirror-256k	4	1381209	1381056	1	12783616	5943296	python3*1 
2026-09-28T10:02:25+04:00	ck9e2-mirror-256k	4	1381210	1381056	45	16924667904	16300363776	python3*36 pt_gloo_runloop*2 ZMQbg/Reaper*2 ZMQbg/IO/0*2 pt_tcpstore_uv*1 cuda0000240000a*1 
2026-09-28T10:02:25+04:00	ck9e2-mirror-256k	4	1381211	1381056	57	972926976	696475648	python3*49 ZMQbg/Reaper*4 ZMQbg/IO/0*4 
2026-09-28T10:02:35+04:00	ck9e2-mirror-256k	4	1381022	363	2	26447872	6066176	uv*1 main2*1 
2026-09-28T10:02:35+04:00	ck9e2-mirror-256k	4	1381056	1381022	57	982048768	697520128	ft*51 ZMQbg/Reaper*3 ZMQbg/IO/0*3 
2026-09-28T10:02:35+04:00	ck9e2-mirror-256k	4	1381209	1381056	1	12783616	5943296	python3*1 
2026-09-28T10:02:35+04:00	ck9e2-mirror-256k	4	1381210	1381056	45	16924667904	16300363776	python3*36 pt_gloo_runloop*2 ZMQbg/Reaper*2 ZMQbg/IO/0*2 pt_tcpstore_uv*1 cuda0000240000a*1 
2026-09-28T10:02:35+04:00	ck9e2-mirror-256k	4	1381211	1381056	57	972926976	696475648	python3*49 ZMQbg/Reaper*4 ZMQbg/IO/0*4 
2026-09-28T10:02:45+04:00	ck9e2-mirror-256k	4	1381022	363	2	26443776	6066176	uv*1 main2*1 
2026-09-28T10:02:45+04:00	ck9e2-mirror-256k	4	1381056	1381022	57	982016000	697528320	ft*51 ZMQbg/Reaper*3 ZMQbg/IO/0*3 
2026-09-28T10:02:45+04:00	ck9e2-mirror-256k	4	1381209	1381056	1	12783616	5943296	python3*1 
2026-09-28T10:02:45+04:00	ck9e2-mirror-256k	4	1381210	1381056	45	16924164096	16300363776	python3*36 pt_gloo_runloop*2 ZMQbg/Reaper*2 ZMQbg/IO/0*2 pt_tcpstore_uv*1 cuda0000240000a*1 
2026-09-28T10:02:45+04:00	ck9e2-mirror-256k	4	1381211	1381056	57	972898304	696475648	python3*49 ZMQbg/Reaper*4 ZMQbg/IO/0*4 
2026-09-28T10:02:59+04:00	ck9e2-mirror-256k	4	1381022	363	2	26443776	6066176	uv*1 main2*1 
2026-09-28T10:02:59+04:00	ck9e2-mirror-256k	4	1381056	1381022	57	981913600	697528320	ft*51 ZMQbg/Reaper*3 ZMQbg/IO/0*3 
2026-09-28T10:02:59+04:00	ck9e2-mirror-256k	4	1381209	1381056	1	12783616	5943296	python3*1 
2026-09-28T10:02:59+04:00	ck9e2-mirror-256k	4	1381210	1381056	45	16923930624	16300363776	python3*36 pt_gloo_runloop*2 ZMQbg/Reaper*2 ZMQbg/IO/0*2 pt_tcpstore_uv*1 cuda0000240000a*1 
2026-09-28T10:02:59+04:00	ck9e2-mirror-256k	4	1381211	1381056	57	972795904	696475648	python3*49 ZMQbg/Reaper*4 ZMQbg/IO/0*4 
2026-09-28T10:03:09+04:00	ck9e2-mirror-256k	4	1381022	363	2	26443776	6066176	uv*1 main2*1 
2026-09-28T10:03:09+04:00	ck9e2-mirror-256k	4	1381056	1381022	57	981913600	697528320	ft*51 ZMQbg/Reaper*3 ZMQbg/IO/0*3 
2026-09-28T10:03:09+04:00	ck9e2-mirror-256k	4	1381209	1381056	1	12783616	5943296	python3*1 
2026-09-28T10:03:09+04:00	ck9e2-mirror-256k	4	1381210	1381056	45	16923930624	16300363776	python3*36 pt_gloo_runloop*2 ZMQbg/Reaper*2 ZMQbg/IO/0*2 pt_tcpstore_uv*1 cuda0000240000a*1 
2026-09-28T10:03:09+04:00	ck9e2-mirror-256k	4	1381211	1381056	57	972795904	696475648	python3*49 ZMQbg/Reaper*4 ZMQbg/IO/0*4 
2026-09-28T10:03:19+04:00	ck9e2-mirror-256k	4	1381022	363	2	26443776	6066176	uv*1 main2*1 
2026-09-28T10:03:19+04:00	ck9e2-mirror-256k	4	1381056	1381022	57	981913600	697528320	ft*51 ZMQbg/Reaper*3 ZMQbg/IO/0*3 
2026-09-28T10:03:19+04:00	ck9e2-mirror-256k	4	1381209	1381056	1	12783616	5943296	python3*1 
2026-09-28T10:03:19+04:00	ck9e2-mirror-256k	4	1381210	1381056	45	16923930624	16300363776	python3*36 pt_gloo_runloop*2 ZMQbg/Reaper*2 ZMQbg/IO/0*2 pt_tcpstore_uv*1 cuda0000240000a*1 
2026-09-28T10:03:19+04:00	ck9e2-mirror-256k	4	1381211	1381056	57	972795904	696475648	python3*49 ZMQbg/Reaper*4 ZMQbg/IO/0*4 
2026-09-28T10:03:33+04:00	ck9e2-mirror-256k	4	1381022	363	2	26443776	6066176	uv*1 main2*1 
2026-09-28T10:03:33+04:00	ck9e2-mirror-256k	4	1381056	1381022	57	981913600	697528320	ft*51 ZMQbg/Reaper*3 ZMQbg/IO/0*3 
2026-09-28T10:03:33+04:00	ck9e2-mirror-256k	4	1381209	1381056	1	12783616	5943296	python3*1 
2026-09-28T10:03:33+04:00	ck9e2-mirror-256k	4	1381210	1381056	45	16924004352	16300437504	python3*36 pt_gloo_runloop*2 ZMQbg/Reaper*2 ZMQbg/IO/0*2 pt_tcpstore_uv*1 cuda0000240000a*1 
2026-09-28T10:03:33+04:00	ck9e2-mirror-256k	4	1381211	1381056	57	972795904	696475648	python3*49 ZMQbg/Reaper*4 ZMQbg/IO/0*4 
2026-09-28T10:03:43+04:00	ck9e2-mirror-256k	4	1381022	363	2	26443776	6066176	uv*1 main2*1 
2026-09-28T10:03:43+04:00	ck9e2-mirror-256k	4	1381056	1381022	57	981913600	697528320	ft*51 ZMQbg/Reaper*3 ZMQbg/IO/0*3 
2026-09-28T10:03:43+04:00	ck9e2-mirror-256k	4	1381209	1381056	1	12783616	5943296	python3*1 
2026-09-28T10:03:43+04:00	ck9e2-mirror-256k	4	1381210	1381056	45	16924123136	16300556288	python3*36 pt_gloo_runloop*2 ZMQbg/Reaper*2 ZMQbg/IO/0*2 pt_tcpstore_uv*1 cuda0000240000a*1 
2026-09-28T10:03:43+04:00	ck9e2-mirror-256k	4	1381211	1381056	57	972795904	696475648	python3*49 ZMQbg/Reaper*4 ZMQbg/IO/0*4 
2026-09-28T10:03:53+04:00	ck9e2-mirror-256k	4	1381022	363	2	26443776	6066176	uv*1 main2*1 
2026-09-28T10:03:54+04:00	ck9e2-mirror-256k	4	1381056	1381022	57	981913600	697528320	ft*51 ZMQbg/Reaper*3 ZMQbg/IO/0*3 
2026-09-28T10:03:54+04:00	ck9e2-mirror-256k	4	1381209	1381056	1	12783616	5943296	python3*1 
2026-09-28T10:03:54+04:00	ck9e2-mirror-256k	4	1381210	1381056	45	16925130752	16301514752	python3*36 pt_gloo_runloop*2 ZMQbg/Reaper*2 ZMQbg/IO/0*2 pt_tcpstore_uv*1 cuda0000240000a*1 
2026-09-28T10:03:54+04:00	ck9e2-mirror-256k	4	1381211	1381056	57	972795904	696475648	python3*49 ZMQbg/Reaper*4 ZMQbg/IO/0*4 
2026-09-28T10:04:07+04:00	ck9e2-mirror-256k	4	1381022	363	2	26443776	6066176	uv*1 main2*1 
2026-09-28T10:04:07+04:00	ck9e2-mirror-256k	4	1381056	1381022	57	981913600	697528320	ft*51 ZMQbg/Reaper*3 ZMQbg/IO/0*3 
2026-09-28T10:04:07+04:00	ck9e2-mirror-256k	4	1381209	1381056	1	12783616	5943296	python3*1 
2026-09-28T10:04:07+04:00	ck9e2-mirror-256k	4	1381210	1381056	45	16925130752	16301514752	python3*36 pt_gloo_runloop*2 ZMQbg/Reaper*2 ZMQbg/IO/0*2 pt_tcpstore_uv*1 cuda0000240000a*1 
2026-09-28T10:04:07+04:00	ck9e2-mirror-256k	4	1381211	1381056	57	972795904	696475648	python3*49 ZMQbg/Reaper*4 ZMQbg/IO/0*4 
2026-09-28T10:04:17+04:00	ck9e2-mirror-256k	4	1381022	363	2	26443776	6066176	uv*1 main2*1 
2026-09-28T10:04:17+04:00	ck9e2-mirror-256k	4	1381056	1381022	57	981913600	697528320	ft*51 ZMQbg/Reaper*3 ZMQbg/IO/0*3 
2026-09-28T10:04:17+04:00	ck9e2-mirror-256k	4	1381209	1381056	1	12783616	5943296	python3*1 
2026-09-28T10:04:17+04:00	ck9e2-mirror-256k	4	1381210	1381056	45	16925134848	16301518848	python3*36 pt_gloo_runloop*2 ZMQbg/Reaper*2 ZMQbg/IO/0*2 pt_tcpstore_uv*1 cuda0000240000a*1 
2026-09-28T10:04:18+04:00	ck9e2-mirror-256k	4	1381211	1381056	57	972795904	696475648	python3*49 ZMQbg/Reaper*4 ZMQbg/IO/0*4 
2026-09-28T10:04:28+04:00	ck9e2-mirror-256k	4	1381022	363	2	26443776	6066176	uv*1 main2*1 
2026-09-28T10:04:28+04:00	ck9e2-mirror-256k	4	1381056	1381022	57	981913600	697528320	ft*51 ZMQbg/Reaper*3 ZMQbg/IO/0*3 
2026-09-28T10:04:28+04:00	ck9e2-mirror-256k	4	1381209	1381056	1	12783616	5943296	python3*1 
2026-09-28T10:04:28+04:00	ck9e2-mirror-256k	4	1381210	1381056	45	16925143040	16301527040	python3*36 pt_gloo_runloop*2 ZMQbg/Reaper*2 ZMQbg/IO/0*2 pt_tcpstore_uv*1 cuda0000240000a*1 
2026-09-28T10:04:28+04:00	ck9e2-mirror-256k	4	1381211	1381056	57	972795904	696475648	python3*49 ZMQbg/Reaper*4 ZMQbg/IO/0*4 
2026-09-28T10:04:41+04:00	ck9e2-mirror-256k	4	1381022	363	2	26443776	6066176	uv*1 main2*1 
2026-09-28T10:04:41+04:00	ck9e2-mirror-256k	4	1381056	1381022	57	981913600	697528320	ft*51 ZMQbg/Reaper*3 ZMQbg/IO/0*3 
2026-09-28T10:04:41+04:00	ck9e2-mirror-256k	4	1381209	1381056	1	12783616	5943296	python3*1 
2026-09-28T10:04:41+04:00	ck9e2-mirror-256k	4	1381210	1381056	45	16925143040	16301527040	python3*36 pt_gloo_runloop*2 ZMQbg/Reaper*2 ZMQbg/IO/0*2 pt_tcpstore_uv*1 cuda0000240000a*1 
2026-09-28T10:04:42+04:00	ck9e2-mirror-256k	4	1381211	1381056	57	972795904	696475648	python3*49 ZMQbg/Reaper*4 ZMQbg/IO/0*4 
2026-09-28T10:04:52+04:00	ck9e2-mirror-256k	4	1381022	363	2	26443776	6066176	uv*1 main2*1 
2026-09-28T10:04:52+04:00	ck9e2-mirror-256k	4	1381056	1381022	57	981913600	697528320	ft*51 ZMQbg/Reaper*3 ZMQbg/IO/0*3 
2026-09-28T10:04:52+04:00	ck9e2-mirror-256k	4	1381209	1381056	1	12783616	5943296	python3*1 
2026-09-28T10:04:52+04:00	ck9e2-mirror-256k	4	1381210	1381056	45	16925143040	16301527040	python3*36 pt_gloo_runloop*2 ZMQbg/Reaper*2 ZMQbg/IO/0*2 pt_tcpstore_uv*1 cuda0000240000a*1 
2026-09-28T10:04:52+04:00	ck9e2-mirror-256k	4	1381211	1381056	57	972795904	696475648	python3*49 ZMQbg/Reaper*4 ZMQbg/IO/0*4 
2026-09-28T10:05:02+04:00	ck9e2-mirror-256k	4	1381022	363	2	26443776	6066176	uv*1 main2*1 
2026-09-28T10:05:02+04:00	ck9e2-mirror-256k	4	1381056	1381022	57	981913600	697528320	ft*51 ZMQbg/Reaper*3 ZMQbg/IO/0*3 
2026-09-28T10:05:02+04:00	ck9e2-mirror-256k	4	1381209	1381056	1	12783616	5943296	python3*1 
2026-09-28T10:05:02+04:00	ck9e2-mirror-256k	4	1381210	1381056	45	16925229056	16301613056	python3*36 pt_gloo_runloop*2 ZMQbg/Reaper*2 ZMQbg/IO/0*2 pt_tcpstore_uv*1 cuda0000240000a*1 
2026-09-28T10:05:02+04:00	ck9e2-mirror-256k	4	1381211	1381056	57	972795904	696475648	python3*49 ZMQbg/Reaper*4 ZMQbg/IO/0*4 
2026-09-28T10:05:16+04:00	ck9e2-mirror-256k	4	1381022	363	2	26443776	6066176	uv*1 main2*1 
2026-09-28T10:05:16+04:00	ck9e2-mirror-256k	4	1381056	1381022	57	981913600	697528320	ft*51 ZMQbg/Reaper*3 ZMQbg/IO/0*3 
2026-09-28T10:05:16+04:00	ck9e2-mirror-256k	4	1381209	1381056	1	12783616	5943296	python3*1 
2026-09-28T10:05:16+04:00	ck9e2-mirror-256k	4	1381210	1381056	45	16925347840	16301731840	python3*36 pt_gloo_runloop*2 ZMQbg/Reaper*2 ZMQbg/IO/0*2 pt_tcpstore_uv*1 cuda0000240000a*1 
2026-09-28T10:05:16+04:00	ck9e2-mirror-256k	4	1381211	1381056	57	972795904	696475648	python3*49 ZMQbg/Reaper*4 ZMQbg/IO/0*4 
2026-09-28T10:05:26+04:00	ck9e2-mirror-256k	4	1381022	363	2	26443776	6066176	uv*1 main2*1 
2026-09-28T10:05:26+04:00	ck9e2-mirror-256k	4	1381056	1381022	57	981913600	697528320	ft*51 ZMQbg/Reaper*3 ZMQbg/IO/0*3 
2026-09-28T10:05:26+04:00	ck9e2-mirror-256k	4	1381209	1381056	1	12783616	5943296	python3*1 
2026-09-28T10:05:26+04:00	ck9e2-mirror-256k	4	1381210	1381056	45	16925446144	16301830144	python3*36 pt_gloo_runloop*2 ZMQbg/Reaper*2 ZMQbg/IO/0*2 pt_tcpstore_uv*1 cuda0000240000a*1 
2026-09-28T10:05:26+04:00	ck9e2-mirror-256k	4	1381211	1381056	57	972795904	696475648	python3*49 ZMQbg/Reaper*4 ZMQbg/IO/0*4 
2026-09-28T10:05:36+04:00	ck9e2-mirror-256k	4	1381022	363	2	26443776	6066176	uv*1 main2*1 
2026-09-28T10:05:36+04:00	ck9e2-mirror-256k	4	1381056	1381022	57	981913600	697528320	ft*51 ZMQbg/Reaper*3 ZMQbg/IO/0*3 
2026-09-28T10:05:36+04:00	ck9e2-mirror-256k	4	1381209	1381056	1	12783616	5943296	python3*1 
2026-09-28T10:05:36+04:00	ck9e2-mirror-256k	4	1381210	1381056	45	16925560832	16301944832	python3*36 pt_gloo_runloop*2 ZMQbg/Reaper*2 ZMQbg/IO/0*2 pt_tcpstore_uv*1 cuda0000240000a*1 
2026-09-28T10:05:36+04:00	ck9e2-mirror-256k	4	1381211	1381056	57	972795904	696475648	python3*49 ZMQbg/Reaper*4 ZMQbg/IO/0*4 
2026-09-28T10:05:46+04:00	ck9e2-mirror-256k	4	1381022	363	2	26443776	6066176	uv*1 main2*1 
2026-09-28T10:05:46+04:00	ck9e2-mirror-256k	4	1381056	1381022	57	981913600	697528320	ft*51 ZMQbg/Reaper*3 ZMQbg/IO/0*3 
2026-09-28T10:05:46+04:00	ck9e2-mirror-256k	4	1381209	1381056	1	12783616	5943296	python3*1 
2026-09-28T10:05:46+04:00	ck9e2-mirror-256k	4	1381210	1381056	45	16925683712	16302067712	python3*36 pt_gloo_runloop*2 ZMQbg/Reaper*2 ZMQbg/IO/0*2 pt_tcpstore_uv*1 cuda0000240000a*1 
2026-09-28T10:05:46+04:00	ck9e2-mirror-256k	4	1381211	1381056	57	972795904	696475648	python3*49 ZMQbg/Reaper*4 ZMQbg/IO/0*4 
2026-09-28T10:06:00+04:00	ck9e2-mirror-256k	4	1381022	363	2	26443776	6066176	uv*1 main2*1 
2026-09-28T10:06:00+04:00	ck9e2-mirror-256k	4	1381056	1381022	57	981913600	697528320	ft*51 ZMQbg/Reaper*3 ZMQbg/IO/0*3 
2026-09-28T10:06:00+04:00	ck9e2-mirror-256k	4	1381209	1381056	1	12783616	5943296	python3*1 
2026-09-28T10:06:00+04:00	ck9e2-mirror-256k	4	1381210	1381056	45	16925773824	16302157824	python3*36 pt_gloo_runloop*2 ZMQbg/Reaper*2 ZMQbg/IO/0*2 pt_tcpstore_uv*1 cuda0000240000a*1 
2026-09-28T10:06:00+04:00	ck9e2-mirror-256k	4	1381211	1381056	57	972795904	696475648	python3*49 ZMQbg/Reaper*4 ZMQbg/IO/0*4 
2026-09-28T10:06:10+04:00	ck9e2-mirror-256k	4	1381022	363	2	26443776	6066176	uv*1 main2*1 
2026-09-28T10:06:10+04:00	ck9e2-mirror-256k	4	1381056	1381022	57	981913600	697528320	ft*51 ZMQbg/Reaper*3 ZMQbg/IO/0*3 
2026-09-28T10:06:10+04:00	ck9e2-mirror-256k	4	1381209	1381056	1	12783616	5943296	python3*1 
2026-09-28T10:06:10+04:00	ck9e2-mirror-256k	4	1381210	1381056	45	16925888512	16302272512	python3*36 pt_gloo_runloop*2 ZMQbg/Reaper*2 ZMQbg/IO/0*2 pt_tcpstore_uv*1 cuda0000240000a*1 
2026-09-28T10:06:10+04:00	ck9e2-mirror-256k	4	1381211	1381056	57	972795904	696475648	python3*49 ZMQbg/Reaper*4 ZMQbg/IO/0*4 
2026-09-28T10:06:20+04:00	ck9e2-mirror-256k	4	1381022	363	2	26443776	6066176	uv*1 main2*1 
2026-09-28T10:06:20+04:00	ck9e2-mirror-256k	4	1381056	1381022	57	981913600	697528320	ft*51 ZMQbg/Reaper*3 ZMQbg/IO/0*3 
2026-09-28T10:06:20+04:00	ck9e2-mirror-256k	4	1381209	1381056	1	12783616	5943296	python3*1 
2026-09-28T10:06:20+04:00	ck9e2-mirror-256k	4	1381210	1381056	45	16925982720	16302366720	python3*36 pt_gloo_runloop*2 ZMQbg/Reaper*2 ZMQbg/IO/0*2 pt_tcpstore_uv*1 cuda0000240000a*1 
2026-09-28T10:06:20+04:00	ck9e2-mirror-256k	4	1381211	1381056	57	972795904	696475648	python3*49 ZMQbg/Reaper*4 ZMQbg/IO/0*4 
2026-09-28T10:06:34+04:00	ck9e2-mirror-256k	4	1381022	363	2	26443776	6066176	uv*1 main2*1 
2026-09-28T10:06:34+04:00	ck9e2-mirror-256k	4	1381056	1381022	57	981913600	697528320	ft*51 ZMQbg/Reaper*3 ZMQbg/IO/0*3 
2026-09-28T10:06:34+04:00	ck9e2-mirror-256k	4	1381209	1381056	1	12783616	5943296	python3*1 
2026-09-28T10:06:34+04:00	ck9e2-mirror-256k	4	1381210	1381056	45	16926109696	16302493696	python3*36 pt_gloo_runloop*2 ZMQbg/Reaper*2 ZMQbg/IO/0*2 pt_tcpstore_uv*1 cuda0000240000a*1 
2026-09-28T10:06:34+04:00	ck9e2-mirror-256k	4	1381211	1381056	57	972795904	696475648	python3*49 ZMQbg/Reaper*4 ZMQbg/IO/0*4 
2026-09-28T10:06:44+04:00	ck9e2-mirror-256k	4	1381022	363	2	26443776	6066176	uv*1 main2*1 
2026-09-28T10:06:44+04:00	ck9e2-mirror-256k	4	1381056	1381022	57	981913600	697528320	ft*51 ZMQbg/Reaper*3 ZMQbg/IO/0*3 
2026-09-28T10:06:44+04:00	ck9e2-mirror-256k	4	1381209	1381056	1	12783616	5943296	python3*1 
2026-09-28T10:06:44+04:00	ck9e2-mirror-256k	4	1381210	1381056	45	16926208000	16302592000	python3*36 pt_gloo_runloop*2 ZMQbg/Reaper*2 ZMQbg/IO/0*2 pt_tcpstore_uv*1 cuda0000240000a*1 
2026-09-28T10:06:44+04:00	ck9e2-mirror-256k	4	1381211	1381056	57	972795904	696475648	python3*49 ZMQbg/Reaper*4 ZMQbg/IO/0*4 
2026-09-28T10:06:54+04:00	ck9e2-mirror-256k	4	1381022	363	2	26443776	6066176	uv*1 main2*1 
2026-09-28T10:06:54+04:00	ck9e2-mirror-256k	4	1381056	1381022	57	981557248	697528320	ft*51 ZMQbg/Reaper*3 ZMQbg/IO/0*3 
2026-09-28T10:06:54+04:00	ck9e2-mirror-256k	4	1381209	1381056	1	12783616	5943296	python3*1 
2026-09-28T10:06:54+04:00	ck9e2-mirror-256k	4	1381210	1381056	45	16926007296	16302702592	python3*36 pt_gloo_runloop*2 ZMQbg/Reaper*2 ZMQbg/IO/0*2 pt_tcpstore_uv*1 cuda0000240000a*1 
2026-09-28T10:06:55+04:00	ck9e2-mirror-256k	4	1381211	1381056	57	972492800	696475648	python3*49 ZMQbg/Reaper*4 ZMQbg/IO/0*4 
2026-09-28T10:07:08+04:00	ck9e2-mirror-256k	4	1381022	363	2	26443776	6066176	uv*1 main2*1 
2026-09-28T10:07:08+04:00	ck9e2-mirror-256k	4	1381056	1381022	57	981557248	697528320	ft*51 ZMQbg/Reaper*3 ZMQbg/IO/0*3 
2026-09-28T10:07:08+04:00	ck9e2-mirror-256k	4	1381209	1381056	1	12783616	5943296	python3*1 
2026-09-28T10:07:08+04:00	ck9e2-mirror-256k	4	1381210	1381056	45	16926105600	16302800896	python3*36 pt_gloo_runloop*2 ZMQbg/Reaper*2 ZMQbg/IO/0*2 pt_tcpstore_uv*1 cuda0000240000a*1 
2026-09-28T10:07:08+04:00	ck9e2-mirror-256k	4	1381211	1381056	57	972492800	696475648	python3*49 ZMQbg/Reaper*4 ZMQbg/IO/0*4 
2026-09-28T10:07:18+04:00	ck9e2-mirror-256k	4	1381022	363	2	26443776	6066176	uv*1 main2*1 
2026-09-28T10:07:18+04:00	ck9e2-mirror-256k	4	1381056	1381022	57	981557248	697528320	ft*51 ZMQbg/Reaper*3 ZMQbg/IO/0*3 
2026-09-28T10:07:18+04:00	ck9e2-mirror-256k	4	1381209	1381056	1	12783616	5943296	python3*1 
2026-09-28T10:07:18+04:00	ck9e2-mirror-256k	4	1381210	1381056	45	16926236672	16302931968	python3*36 pt_gloo_runloop*2 ZMQbg/Reaper*2 ZMQbg/IO/0*2 pt_tcpstore_uv*1 cuda0000240000a*1 
2026-09-28T10:07:18+04:00	ck9e2-mirror-256k	4	1381211	1381056	57	972492800	696475648	python3*49 ZMQbg/Reaper*4 ZMQbg/IO/0*4 
2026-09-28T10:07:28+04:00	ck9e2-mirror-256k	4	1381022	363	2	26443776	6066176	uv*1 main2*1 
2026-09-28T10:07:28+04:00	ck9e2-mirror-256k	4	1381056	1381022	57	981557248	697528320	ft*51 ZMQbg/Reaper*3 ZMQbg/IO/0*3 
2026-09-28T10:07:28+04:00	ck9e2-mirror-256k	4	1381209	1381056	1	12783616	5943296	python3*1 
2026-09-28T10:07:28+04:00	ck9e2-mirror-256k	4	1381210	1381056	45	16926343168	16303054848	python3*36 pt_gloo_runloop*2 ZMQbg/Reaper*2 ZMQbg/IO/0*2 pt_tcpstore_uv*1 cuda0000240000a*1 
2026-09-28T10:07:29+04:00	ck9e2-mirror-256k	4	1381211	1381056	57	972492800	696475648	python3*49 ZMQbg/Reaper*4 ZMQbg/IO/0*4 
2026-09-28T10:07:42+04:00	ck9e2-mirror-256k	4	1381022	363	2	26443776	6066176	uv*1 main2*1 
2026-09-28T10:07:42+04:00	ck9e2-mirror-256k	4	1381056	1381022	57	981557248	697528320	ft*51 ZMQbg/Reaper*3 ZMQbg/IO/0*3 
2026-09-28T10:07:42+04:00	ck9e2-mirror-256k	4	1381209	1381056	1	12783616	5943296	python3*1 
2026-09-28T10:07:42+04:00	ck9e2-mirror-256k	4	1381210	1381056	45	16926486528	16303181824	python3*36 pt_gloo_runloop*2 ZMQbg/Reaper*2 ZMQbg/IO/0*2 pt_tcpstore_uv*1 cuda0000240000a*1 
2026-09-28T10:07:42+04:00	ck9e2-mirror-256k	4	1381211	1381056	57	972492800	696475648	python3*49 ZMQbg/Reaper*4 ZMQbg/IO/0*4 
2026-09-28T10:07:53+04:00	ck9e2-mirror-256k	4	1381022	363	2	26443776	6066176	uv*1 main2*1 
2026-09-28T10:07:53+04:00	ck9e2-mirror-256k	4	1381056	1381022	57	981557248	697528320	ft*51 ZMQbg/Reaper*3 ZMQbg/IO/0*3 
2026-09-28T10:07:53+04:00	ck9e2-mirror-256k	4	1381209	1381056	1	12783616	5943296	python3*1 
2026-09-28T10:07:53+04:00	ck9e2-mirror-256k	4	1381210	1381056	45	16926617600	16303312896	python3*36 pt_gloo_runloop*2 ZMQbg/Reaper*2 ZMQbg/IO/0*2 pt_tcpstore_uv*1 cuda0000240000a*1 
2026-09-28T10:07:53+04:00	ck9e2-mirror-256k	4	1381211	1381056	57	972492800	696475648	python3*49 ZMQbg/Reaper*4 ZMQbg/IO/0*4 
2026-09-28T10:08:03+04:00	ck9e2-mirror-256k	4	1381022	363	2	26443776	6066176	uv*1 main2*1 
2026-09-28T10:08:03+04:00	ck9e2-mirror-256k	4	1381056	1381022	57	982503424	698552320	ft*51 ZMQbg/Reaper*3 ZMQbg/IO/0*3 
2026-09-28T10:08:03+04:00	ck9e2-mirror-256k	4	1381209	1381056	1	12783616	5943296	python3*1 
2026-09-28T10:08:03+04:00	ck9e2-mirror-256k	4	1381210	1381056	45	16927731712	16304484352	python3*36 pt_gloo_runloop*2 ZMQbg/Reaper*2 ZMQbg/IO/0*2 pt_tcpstore_uv*1 cuda0000240000a*1 
2026-09-28T10:08:03+04:00	ck9e2-mirror-256k	4	1381211	1381056	57	972288000	696479744	python3*49 ZMQbg/Reaper*4 ZMQbg/IO/0*4 
2026-09-28T10:08:16+04:00	ck9e2-mirror-256k	4	1381022	363	2	26443776	6066176	uv*1 main2*1 
2026-09-28T10:08:16+04:00	ck9e2-mirror-256k	4	1381056	1381022	57	981880832	698552320	ft*51 ZMQbg/Reaper*3 ZMQbg/IO/0*3 
2026-09-28T10:08:16+04:00	ck9e2-mirror-256k	4	1381209	1381056	1	12779520	5943296	python3*1 
2026-09-28T10:08:16+04:00	ck9e2-mirror-256k	4	1381210	1381056	45	16926261248	16304488448	python3*36 pt_gloo_runloop*2 ZMQbg/Reaper*2 ZMQbg/IO/0*2 pt_tcpstore_uv*1 cuda0000240000a*1 
2026-09-28T10:08:16+04:00	ck9e2-mirror-256k	4	1381211	1381056	57	971796480	696479744	python3*49 ZMQbg/Reaper*4 ZMQbg/IO/0*4 
2026-09-28T10:08:27+04:00	ck9e2-mirror-256k	4	1381022	363	2	26443776	6066176	uv*1 main2*1 
2026-09-28T10:08:27+04:00	ck9e2-mirror-256k	4	1381056	1381022	57	981880832	698552320	ft*51 ZMQbg/Reaper*3 ZMQbg/IO/0*3 
2026-09-28T10:08:27+04:00	ck9e2-mirror-256k	4	1381209	1381056	1	12779520	5943296	python3*1 
2026-09-28T10:08:27+04:00	ck9e2-mirror-256k	4	1381210	1381056	45	16926261248	16304488448	python3*36 pt_gloo_runloop*2 ZMQbg/Reaper*2 ZMQbg/IO/0*2 pt_tcpstore_uv*1 cuda0000240000a*1 
2026-09-28T10:08:27+04:00	ck9e2-mirror-256k	4	1381211	1381056	57	971796480	696479744	python3*49 ZMQbg/Reaper*4 ZMQbg/IO/0*4 
2026-09-28T10:08:37+04:00	ck9e2-mirror-256k	4	1381022	363	2	26443776	6066176	uv*1 main2*1 
2026-09-28T10:08:37+04:00	ck9e2-mirror-256k	4	1381056	1381022	57	981880832	698552320	ft*51 ZMQbg/Reaper*3 ZMQbg/IO/0*3 
2026-09-28T10:08:37+04:00	ck9e2-mirror-256k	4	1381209	1381056	1	12779520	5943296	python3*1 
2026-09-28T10:08:37+04:00	ck9e2-mirror-256k	4	1381210	1381056	45	16926261248	16304488448	python3*36 pt_gloo_runloop*2 ZMQbg/Reaper*2 ZMQbg/IO/0*2 pt_tcpstore_uv*1 cuda0000240000a*1 
2026-09-28T10:08:37+04:00	ck9e2-mirror-256k	4	1381211	1381056	57	971796480	696479744	python3*49 ZMQbg/Reaper*4 ZMQbg/IO/0*4 
2026-09-28T10:08:51+04:00	ck9e2-mirror-256k	4	1381022	363	2	26443776	6066176	uv*1 main2*1 
2026-09-28T10:08:51+04:00	ck9e2-mirror-256k	4	1381056	1381022	57	981880832	698552320	ft*51 ZMQbg/Reaper*3 ZMQbg/IO/0*3 
2026-09-28T10:08:51+04:00	ck9e2-mirror-256k	4	1381209	1381056	1	12779520	5943296	python3*1 
2026-09-28T10:08:51+04:00	ck9e2-mirror-256k	4	1381210	1381056	45	16926265344	16304492544	python3*36 pt_gloo_runloop*2 ZMQbg/Reaper*2 ZMQbg/IO/0*2 pt_tcpstore_uv*1 cuda0000240000a*1 
2026-09-28T10:08:51+04:00	ck9e2-mirror-256k	4	1381211	1381056	57	971796480	696479744	python3*49 ZMQbg/Reaper*4 ZMQbg/IO/0*4 
2026-09-28T10:09:01+04:00	ck9e2-mirror-256k	4	1381022	363	2	26443776	6066176	uv*1 main2*1 
2026-09-28T10:09:01+04:00	ck9e2-mirror-256k	4	1381056	1381022	57	981880832	698552320	ft*51 ZMQbg/Reaper*3 ZMQbg/IO/0*3 
2026-09-28T10:09:01+04:00	ck9e2-mirror-256k	4	1381209	1381056	1	12779520	5943296	python3*1 
2026-09-28T10:09:01+04:00	ck9e2-mirror-256k	4	1381210	1381056	45	16926265344	16304492544	python3*36 pt_gloo_runloop*2 ZMQbg/Reaper*2 ZMQbg/IO/0*2 pt_tcpstore_uv*1 cuda0000240000a*1 
2026-09-28T10:09:01+04:00	ck9e2-mirror-256k	4	1381211	1381056	57	971796480	696479744	python3*49 ZMQbg/Reaper*4 ZMQbg/IO/0*4 
2026-09-28T10:09:11+04:00	ck9e2-mirror-256k	4	1381022	363	2	26443776	6066176	uv*1 main2*1 
2026-09-28T10:09:11+04:00	ck9e2-mirror-256k	4	1381056	1381022	57	981880832	698552320	ft*51 ZMQbg/Reaper*3 ZMQbg/IO/0*3 
2026-09-28T10:09:11+04:00	ck9e2-mirror-256k	4	1381209	1381056	1	12779520	5943296	python3*1 
2026-09-28T10:09:11+04:00	ck9e2-mirror-256k	4	1381210	1381056	45	16926265344	16304492544	python3*36 pt_gloo_runloop*2 ZMQbg/Reaper*2 ZMQbg/IO/0*2 pt_tcpstore_uv*1 cuda0000240000a*1 
2026-09-28T10:09:11+04:00	ck9e2-mirror-256k	4	1381211	1381056	57	971796480	696479744	python3*49 ZMQbg/Reaper*4 ZMQbg/IO/0*4 
2026-09-28T10:09:21+04:00	ck9e2-mirror-256k	4	1381022	363	2	26443776	6066176	uv*1 main2*1 
2026-09-28T10:09:21+04:00	ck9e2-mirror-256k	4	1381056	1381022	57	981880832	698552320	ft*51 ZMQbg/Reaper*3 ZMQbg/IO/0*3 
2026-09-28T10:09:21+04:00	ck9e2-mirror-256k	4	1381209	1381056	1	12779520	5943296	python3*1 
2026-09-28T10:09:21+04:00	ck9e2-mirror-256k	4	1381210	1381056	45	16926265344	16304492544	python3*36 pt_gloo_runloop*2 ZMQbg/Reaper*2 ZMQbg/IO/0*2 pt_tcpstore_uv*1 cuda0000240000a*1 
2026-09-28T10:09:21+04:00	ck9e2-mirror-256k	4	1381211	1381056	57	971796480	696479744	python3*49 ZMQbg/Reaper*4 ZMQbg/IO/0*4 
2026-09-28T10:09:35+04:00	ck9e2-mirror-256k	4	1381022	363	2	26443776	6066176	uv*1 main2*1 
2026-09-28T10:09:35+04:00	ck9e2-mirror-256k	4	1381056	1381022	57	981880832	698552320	ft*51 ZMQbg/Reaper*3 ZMQbg/IO/0*3 
2026-09-28T10:09:35+04:00	ck9e2-mirror-256k	4	1381209	1381056	1	12779520	5943296	python3*1 
2026-09-28T10:09:35+04:00	ck9e2-mirror-256k	4	1381210	1381056	45	16926265344	16304492544	python3*36 pt_gloo_runloop*2 ZMQbg/Reaper*2 ZMQbg/IO/0*2 pt_tcpstore_uv*1 cuda0000240000a*1 
2026-09-28T10:09:35+04:00	ck9e2-mirror-256k	4	1381211	1381056	57	971796480	696479744	python3*49 ZMQbg/Reaper*4 ZMQbg/IO/0*4 
2026-09-28T10:09:45+04:00	ck9e2-mirror-256k	4	1381022	363	2	26443776	6066176	uv*1 main2*1 
2026-09-28T10:09:45+04:00	ck9e2-mirror-256k	4	1381056	1381022	57	981880832	698552320	ft*51 ZMQbg/Reaper*3 ZMQbg/IO/0*3 
2026-09-28T10:09:45+04:00	ck9e2-mirror-256k	4	1381209	1381056	1	12779520	5943296	python3*1 
2026-09-28T10:09:45+04:00	ck9e2-mirror-256k	4	1381210	1381056	45	16926265344	16304492544	python3*36 pt_gloo_runloop*2 ZMQbg/Reaper*2 ZMQbg/IO/0*2 pt_tcpstore_uv*1 cuda0000240000a*1 
2026-09-28T10:09:45+04:00	ck9e2-mirror-256k	4	1381211	1381056	57	971796480	696479744	python3*49 ZMQbg/Reaper*4 ZMQbg/IO/0*4 
2026-09-28T10:09:55+04:00	ck9e2-mirror-256k	4	1381022	363	2	26443776	6066176	uv*1 main2*1 
2026-09-28T10:09:55+04:00	ck9e2-mirror-256k	4	1381056	1381022	57	981880832	698552320	ft*51 ZMQbg/Reaper*3 ZMQbg/IO/0*3 
2026-09-28T10:09:55+04:00	ck9e2-mirror-256k	4	1381209	1381056	1	12779520	5943296	python3*1 
2026-09-28T10:09:55+04:00	ck9e2-mirror-256k	4	1381210	1381056	45	16926265344	16304492544	python3*36 pt_gloo_runloop*2 ZMQbg/Reaper*2 ZMQbg/IO/0*2 pt_tcpstore_uv*1 cuda0000240000a*1 
2026-09-28T10:09:55+04:00	ck9e2-mirror-256k	4	1381211	1381056	57	971796480	696479744	python3*49 ZMQbg/Reaper*4 ZMQbg/IO/0*4 
2026-09-28T10:10:09+04:00	ck9e2-mirror-256k	4	1381022	363	2	26443776	6066176	uv*1 main2*1 
2026-09-28T10:10:09+04:00	ck9e2-mirror-256k	4	1381056	1381022	57	981880832	698552320	ft*51 ZMQbg/Reaper*3 ZMQbg/IO/0*3 
2026-09-28T10:10:09+04:00	ck9e2-mirror-256k	4	1381209	1381056	1	12779520	5943296	python3*1 
2026-09-28T10:10:09+04:00	ck9e2-mirror-256k	4	1381210	1381056	45	16926289920	16304517120	python3*36 pt_gloo_runloop*2 ZMQbg/Reaper*2 ZMQbg/IO/0*2 pt_tcpstore_uv*1 cuda0000240000a*1 
2026-09-28T10:10:09+04:00	ck9e2-mirror-256k	4	1381211	1381056	57	971796480	696479744	python3*49 ZMQbg/Reaper*4 ZMQbg/IO/0*4 
2026-09-28T10:10:19+04:00	ck9e2-mirror-256k	4	1381022	363	2	26443776	6066176	uv*1 main2*1 
2026-09-28T10:10:19+04:00	ck9e2-mirror-256k	4	1381056	1381022	57	981880832	698552320	ft*51 ZMQbg/Reaper*3 ZMQbg/IO/0*3 
2026-09-28T10:10:19+04:00	ck9e2-mirror-256k	4	1381209	1381056	1	12779520	5943296	python3*1 
2026-09-28T10:10:19+04:00	ck9e2-mirror-256k	4	1381210	1381056	45	16926371840	16304599040	python3*36 pt_gloo_runloop*2 ZMQbg/Reaper*2 ZMQbg/IO/0*2 pt_tcpstore_uv*1 cuda0000240000a*1 
2026-09-28T10:10:20+04:00	ck9e2-mirror-256k	4	1381211	1381056	57	971796480	696479744	python3*49 ZMQbg/Reaper*4 ZMQbg/IO/0*4 
2026-09-28T10:10:30+04:00	ck9e2-mirror-256k	4	1381022	363	2	26443776	6066176	uv*1 main2*1 
2026-09-28T10:10:30+04:00	ck9e2-mirror-256k	4	1381056	1381022	57	981880832	698552320	ft*51 ZMQbg/Reaper*3 ZMQbg/IO/0*3 
2026-09-28T10:10:30+04:00	ck9e2-mirror-256k	4	1381209	1381056	1	12779520	5943296	python3*1 
2026-09-28T10:10:30+04:00	ck9e2-mirror-256k	4	1381210	1381056	45	16926466048	16304693248	python3*36 pt_gloo_runloop*2 ZMQbg/Reaper*2 ZMQbg/IO/0*2 pt_tcpstore_uv*1 cuda0000240000a*1 
2026-09-28T10:10:30+04:00	ck9e2-mirror-256k	4	1381211	1381056	57	971796480	696479744	python3*49 ZMQbg/Reaper*4 ZMQbg/IO/0*4 
2026-09-28T10:10:43+04:00	ck9e2-mirror-256k	4	1381022	363	2	26443776	6066176	uv*1 main2*1 
2026-09-28T10:10:43+04:00	ck9e2-mirror-256k	4	1381056	1381022	57	981880832	698552320	ft*51 ZMQbg/Reaper*3 ZMQbg/IO/0*3 
2026-09-28T10:10:44+04:00	ck9e2-mirror-256k	4	1381209	1381056	1	12779520	5943296	python3*1 
2026-09-28T10:10:44+04:00	ck9e2-mirror-256k	4	1381210	1381056	45	16926576640	16304803840	python3*36 pt_gloo_runloop*2 ZMQbg/Reaper*2 ZMQbg/IO/0*2 pt_tcpstore_uv*1 cuda0000240000a*1 
2026-09-28T10:10:44+04:00	ck9e2-mirror-256k	4	1381211	1381056	57	971796480	696479744	python3*49 ZMQbg/Reaper*4 ZMQbg/IO/0*4 
2026-09-28T10:10:54+04:00	ck9e2-mirror-256k	4	1381022	363	2	26443776	6066176	uv*1 main2*1 
2026-09-28T10:10:54+04:00	ck9e2-mirror-256k	4	1381056	1381022	57	981880832	698552320	ft*51 ZMQbg/Reaper*3 ZMQbg/IO/0*3 
2026-09-28T10:10:54+04:00	ck9e2-mirror-256k	4	1381209	1381056	1	12779520	5943296	python3*1 
2026-09-28T10:10:54+04:00	ck9e2-mirror-256k	4	1381210	1381056	45	16926666752	16304893952	python3*36 pt_gloo_runloop*2 ZMQbg/Reaper*2 ZMQbg/IO/0*2 pt_tcpstore_uv*1 cuda0000240000a*1 
2026-09-28T10:10:54+04:00	ck9e2-mirror-256k	4	1381211	1381056	57	971796480	696479744	python3*49 ZMQbg/Reaper*4 ZMQbg/IO/0*4 
2026-09-28T10:11:04+04:00	ck9e2-mirror-256k	4	1381022	363	2	26443776	6066176	uv*1 main2*1 
2026-09-28T10:11:04+04:00	ck9e2-mirror-256k	4	1381056	1381022	57	981880832	698552320	ft*51 ZMQbg/Reaper*3 ZMQbg/IO/0*3 
2026-09-28T10:11:04+04:00	ck9e2-mirror-256k	4	1381209	1381056	1	12779520	5943296	python3*1 
2026-09-28T10:11:04+04:00	ck9e2-mirror-256k	4	1381210	1381056	45	16926760960	16304988160	python3*36 pt_gloo_runloop*2 ZMQbg/Reaper*2 ZMQbg/IO/0*2 pt_tcpstore_uv*1 cuda0000240000a*1 
2026-09-28T10:11:04+04:00	ck9e2-mirror-256k	4	1381211	1381056	57	971796480	696479744	python3*49 ZMQbg/Reaper*4 ZMQbg/IO/0*4 
2026-09-28T10:11:18+04:00	ck9e2-mirror-256k	4	1381022	363	2	26443776	6066176	uv*1 main2*1 
2026-09-28T10:11:18+04:00	ck9e2-mirror-256k	4	1381056	1381022	57	981880832	698552320	ft*51 ZMQbg/Reaper*3 ZMQbg/IO/0*3 
2026-09-28T10:11:18+04:00	ck9e2-mirror-256k	4	1381209	1381056	1	12779520	5943296	python3*1 
2026-09-28T10:11:18+04:00	ck9e2-mirror-256k	4	1381210	1381056	45	16926846976	16305074176	python3*36 pt_gloo_runloop*2 ZMQbg/Reaper*2 ZMQbg/IO/0*2 pt_tcpstore_uv*1 cuda0000240000a*1 
2026-09-28T10:11:18+04:00	ck9e2-mirror-256k	4	1381211	1381056	57	971796480	696479744	python3*49 ZMQbg/Reaper*4 ZMQbg/IO/0*4 
2026-09-28T10:11:28+04:00	ck9e2-mirror-256k	4	1381022	363	2	26443776	6066176	uv*1 main2*1 
2026-09-28T10:11:28+04:00	ck9e2-mirror-256k	4	1381056	1381022	57	981880832	698552320	ft*51 ZMQbg/Reaper*3 ZMQbg/IO/0*3 
2026-09-28T10:11:28+04:00	ck9e2-mirror-256k	4	1381209	1381056	1	12779520	5943296	python3*1 
2026-09-28T10:11:28+04:00	ck9e2-mirror-256k	4	1381210	1381056	45	16926965760	16305192960	python3*36 pt_gloo_runloop*2 ZMQbg/Reaper*2 ZMQbg/IO/0*2 pt_tcpstore_uv*1 cuda0000240000a*1 
2026-09-28T10:11:28+04:00	ck9e2-mirror-256k	4	1381211	1381056	57	971796480	696479744	python3*49 ZMQbg/Reaper*4 ZMQbg/IO/0*4 
2026-09-28T10:11:38+04:00	ck9e2-mirror-256k	4	1381022	363	2	26443776	6066176	uv*1 main2*1 
2026-09-28T10:11:38+04:00	ck9e2-mirror-256k	4	1381056	1381022	57	981880832	698552320	ft*51 ZMQbg/Reaper*3 ZMQbg/IO/0*3 
2026-09-28T10:11:38+04:00	ck9e2-mirror-256k	4	1381209	1381056	1	12779520	5943296	python3*1 
2026-09-28T10:11:38+04:00	ck9e2-mirror-256k	4	1381210	1381056	45	16927055872	16305283072	python3*36 pt_gloo_runloop*2 ZMQbg/Reaper*2 ZMQbg/IO/0*2 pt_tcpstore_uv*1 cuda0000240000a*1 
2026-09-28T10:11:38+04:00	ck9e2-mirror-256k	4	1381211	1381056	57	971796480	696479744	python3*49 ZMQbg/Reaper*4 ZMQbg/IO/0*4 
2026-09-28T10:11:52+04:00	ck9e2-mirror-256k	4	1381022	363	2	26443776	6066176	uv*1 main2*1 
2026-09-28T10:11:52+04:00	ck9e2-mirror-256k	4	1381056	1381022	57	981880832	698552320	ft*51 ZMQbg/Reaper*3 ZMQbg/IO/0*3 
2026-09-28T10:11:52+04:00	ck9e2-mirror-256k	4	1381209	1381056	1	12779520	5943296	python3*1 
2026-09-28T10:11:52+04:00	ck9e2-mirror-256k	4	1381210	1381056	45	16927150080	16305377280	python3*36 pt_gloo_runloop*2 ZMQbg/Reaper*2 ZMQbg/IO/0*2 pt_tcpstore_uv*1 cuda0000240000a*1 
2026-09-28T10:11:52+04:00	ck9e2-mirror-256k	4	1381211	1381056	57	971796480	696479744	python3*49 ZMQbg/Reaper*4 ZMQbg/IO/0*4 
2026-09-28T10:12:02+04:00	ck9e2-mirror-256k	4	1381022	363	2	26443776	6066176	uv*1 main2*1 
2026-09-28T10:12:02+04:00	ck9e2-mirror-256k	4	1381056	1381022	57	981880832	698552320	ft*51 ZMQbg/Reaper*3 ZMQbg/IO/0*3 
2026-09-28T10:12:02+04:00	ck9e2-mirror-256k	4	1381209	1381056	1	12779520	5943296	python3*1 
2026-09-28T10:12:02+04:00	ck9e2-mirror-256k	4	1381210	1381056	45	16927240192	16305467392	python3*36 pt_gloo_runloop*2 ZMQbg/Reaper*2 ZMQbg/IO/0*2 pt_tcpstore_uv*1 cuda0000240000a*1 
2026-09-28T10:12:02+04:00	ck9e2-mirror-256k	4	1381211	1381056	57	971796480	696479744	python3*49 ZMQbg/Reaper*4 ZMQbg/IO/0*4 
2026-09-28T10:12:12+04:00	ck9e2-mirror-256k	4	1381022	363	2	26443776	6066176	uv*1 main2*1 
2026-09-28T10:12:12+04:00	ck9e2-mirror-256k	4	1381056	1381022	57	981880832	698552320	ft*51 ZMQbg/Reaper*3 ZMQbg/IO/0*3 
2026-09-28T10:12:12+04:00	ck9e2-mirror-256k	4	1381209	1381056	1	12779520	5943296	python3*1 
2026-09-28T10:12:12+04:00	ck9e2-mirror-256k	4	1381210	1381056	45	16927350784	16305577984	python3*36 pt_gloo_runloop*2 ZMQbg/Reaper*2 ZMQbg/IO/0*2 pt_tcpstore_uv*1 cuda0000240000a*1 
2026-09-28T10:12:13+04:00	ck9e2-mirror-256k	4	1381211	1381056	57	971796480	696479744	python3*49 ZMQbg/Reaper*4 ZMQbg/IO/0*4 
2026-09-28T10:12:26+04:00	ck9e2-mirror-256k	4	1381022	363	2	26443776	6066176	uv*1 main2*1 
2026-09-28T10:12:26+04:00	ck9e2-mirror-256k	4	1381056	1381022	57	981880832	698552320	ft*51 ZMQbg/Reaper*3 ZMQbg/IO/0*3 
2026-09-28T10:12:26+04:00	ck9e2-mirror-256k	4	1381209	1381056	1	12779520	5943296	python3*1 
2026-09-28T10:12:26+04:00	ck9e2-mirror-256k	4	1381210	1381056	45	16927444992	16305672192	python3*36 pt_gloo_runloop*2 ZMQbg/Reaper*2 ZMQbg/IO/0*2 pt_tcpstore_uv*1 cuda0000240000a*1 
2026-09-28T10:12:26+04:00	ck9e2-mirror-256k	4	1381211	1381056	57	971796480	696479744	python3*49 ZMQbg/Reaper*4 ZMQbg/IO/0*4 
2026-09-28T10:12:36+04:00	ck9e2-mirror-256k	4	1381022	363	2	26443776	6066176	uv*1 main2*1 
2026-09-28T10:12:36+04:00	ck9e2-mirror-256k	4	1381056	1381022	57	981880832	698552320	ft*51 ZMQbg/Reaper*3 ZMQbg/IO/0*3 
2026-09-28T10:12:36+04:00	ck9e2-mirror-256k	4	1381209	1381056	1	12779520	5943296	python3*1 
2026-09-28T10:12:36+04:00	ck9e2-mirror-256k	4	1381210	1381056	45	16927539200	16305766400	python3*36 pt_gloo_runloop*2 ZMQbg/Reaper*2 ZMQbg/IO/0*2 pt_tcpstore_uv*1 cuda0000240000a*1 
2026-09-28T10:12:36+04:00	ck9e2-mirror-256k	4	1381211	1381056	57	971796480	696479744	python3*49 ZMQbg/Reaper*4 ZMQbg/IO/0*4 
2026-09-28T10:12:46+04:00	ck9e2-mirror-256k	4	1381022	363	2	26443776	6066176	uv*1 main2*1 
2026-09-28T10:12:46+04:00	ck9e2-mirror-256k	4	1381056	1381022	57	981880832	698552320	ft*51 ZMQbg/Reaper*3 ZMQbg/IO/0*3 
2026-09-28T10:12:46+04:00	ck9e2-mirror-256k	4	1381209	1381056	1	12779520	5943296	python3*1 
2026-09-28T10:12:46+04:00	ck9e2-mirror-256k	4	1381210	1381056	45	16928493568	16306696192	python3*36 pt_gloo_runloop*2 ZMQbg/Reaper*2 ZMQbg/IO/0*2 pt_tcpstore_uv*1 cuda0000240000a*1 
2026-09-28T10:12:47+04:00	ck9e2-mirror-256k	4	1381211	1381056	57	971796480	696479744	python3*49 ZMQbg/Reaper*4 ZMQbg/IO/0*4 
2026-09-28T10:13:00+04:00	ck9e2-mirror-256k	4	1381022	363	2	26443776	6066176	uv*1 main2*1 
2026-09-28T10:13:00+04:00	ck9e2-mirror-256k	4	1381056	1381022	57	981880832	698552320	ft*51 ZMQbg/Reaper*3 ZMQbg/IO/0*3 
2026-09-28T10:13:00+04:00	ck9e2-mirror-256k	4	1381209	1381056	1	12779520	5943296	python3*1 
2026-09-28T10:13:00+04:00	ck9e2-mirror-256k	4	1381210	1381056	45	16928501760	16306704384	python3*36 pt_gloo_runloop*2 ZMQbg/Reaper*2 ZMQbg/IO/0*2 pt_tcpstore_uv*1 cuda0000240000a*1 
2026-09-28T10:13:00+04:00	ck9e2-mirror-256k	4	1381211	1381056	57	971796480	696479744	python3*49 ZMQbg/Reaper*4 ZMQbg/IO/0*4 
2026-09-28T10:13:10+04:00	ck9e2-mirror-256k	4	1381022	363	2	26443776	6066176	uv*1 main2*1 
2026-09-28T10:13:10+04:00	ck9e2-mirror-256k	4	1381056	1381022	57	981880832	698552320	ft*51 ZMQbg/Reaper*3 ZMQbg/IO/0*3 
2026-09-28T10:13:10+04:00	ck9e2-mirror-256k	4	1381209	1381056	1	12779520	5943296	python3*1 
2026-09-28T10:13:10+04:00	ck9e2-mirror-256k	4	1381210	1381056	45	16928505856	16306708480	python3*36 pt_gloo_runloop*2 ZMQbg/Reaper*2 ZMQbg/IO/0*2 pt_tcpstore_uv*1 cuda0000240000a*1 
2026-09-28T10:13:10+04:00	ck9e2-mirror-256k	4	1381211	1381056	57	971796480	696479744	python3*49 ZMQbg/Reaper*4 ZMQbg/IO/0*4 
2026-09-28T10:13:20+04:00	ck9e2-mirror-256k	4	1381022	363	2	26443776	6066176	uv*1 main2*1 
2026-09-28T10:13:20+04:00	ck9e2-mirror-256k	4	1381056	1381022	57	981880832	698552320	ft*51 ZMQbg/Reaper*3 ZMQbg/IO/0*3 
2026-09-28T10:13:20+04:00	ck9e2-mirror-256k	4	1381209	1381056	1	12779520	5943296	python3*1 
2026-09-28T10:13:20+04:00	ck9e2-mirror-256k	4	1381210	1381056	45	16928505856	16306708480	python3*36 pt_gloo_runloop*2 ZMQbg/Reaper*2 ZMQbg/IO/0*2 pt_tcpstore_uv*1 cuda0000240000a*1 
2026-09-28T10:13:20+04:00	ck9e2-mirror-256k	4	1381211	1381056	57	971796480	696479744	python3*49 ZMQbg/Reaper*4 ZMQbg/IO/0*4 
2026-09-28T10:13:31+04:00	ck9e2-mirror-256k	4	1381022	363	2	26443776	6066176	uv*1 main2*1 
2026-09-28T10:13:31+04:00	ck9e2-mirror-256k	4	1381056	1381022	57	981880832	698552320	ft*51 ZMQbg/Reaper*3 ZMQbg/IO/0*3 
2026-09-28T10:13:31+04:00	ck9e2-mirror-256k	4	1381209	1381056	1	12779520	5943296	python3*1 
2026-09-28T10:13:31+04:00	ck9e2-mirror-256k	4	1381210	1381056	45	16928509952	16306712576	python3*36 pt_gloo_runloop*2 ZMQbg/Reaper*2 ZMQbg/IO/0*2 pt_tcpstore_uv*1 cuda0000240000a*1 
2026-09-28T10:13:31+04:00	ck9e2-mirror-256k	4	1381211	1381056	57	971796480	696479744	python3*49 ZMQbg/Reaper*4 ZMQbg/IO/0*4 
2026-09-28T10:13:44+04:00	ck9e2-mirror-256k	4	1381022	363	2	26443776	6066176	uv*1 main2*1 
2026-09-28T10:13:44+04:00	ck9e2-mirror-256k	4	1381056	1381022	57	981880832	698552320	ft*51 ZMQbg/Reaper*3 ZMQbg/IO/0*3 
2026-09-28T10:13:44+04:00	ck9e2-mirror-256k	4	1381209	1381056	1	12779520	5943296	python3*1 
2026-09-28T10:13:44+04:00	ck9e2-mirror-256k	4	1381210	1381056	45	16928509952	16306712576	python3*36 pt_gloo_runloop*2 ZMQbg/Reaper*2 ZMQbg/IO/0*2 pt_tcpstore_uv*1 cuda0000240000a*1 
2026-09-28T10:13:44+04:00	ck9e2-mirror-256k	4	1381211	1381056	57	971796480	696479744	python3*49 ZMQbg/Reaper*4 ZMQbg/IO/0*4 
2026-09-28T10:13:54+04:00	ck9e2-mirror-256k	4	1381022	363	2	26443776	6066176	uv*1 main2*1 
2026-09-28T10:13:54+04:00	ck9e2-mirror-256k	4	1381056	1381022	57	981880832	698552320	ft*51 ZMQbg/Reaper*3 ZMQbg/IO/0*3 
2026-09-28T10:13:55+04:00	ck9e2-mirror-256k	4	1381209	1381056	1	12779520	5943296	python3*1 
2026-09-28T10:13:55+04:00	ck9e2-mirror-256k	4	1381210	1381056	45	16928509952	16306712576	python3*36 pt_gloo_runloop*2 ZMQbg/Reaper*2 ZMQbg/IO/0*2 pt_tcpstore_uv*1 cuda0000240000a*1 
2026-09-28T10:13:55+04:00	ck9e2-mirror-256k	4	1381211	1381056	57	971796480	696479744	python3*49 ZMQbg/Reaper*4 ZMQbg/IO/0*4 
2026-09-28T10:14:05+04:00	ck9e2-mirror-256k	4	1381022	363	2	26443776	6066176	uv*1 main2*1 
2026-09-28T10:14:05+04:00	ck9e2-mirror-256k	4	1381056	1381022	57	981880832	698552320	ft*51 ZMQbg/Reaper*3 ZMQbg/IO/0*3 
2026-09-28T10:14:05+04:00	ck9e2-mirror-256k	4	1381209	1381056	1	12779520	5943296	python3*1 
2026-09-28T10:14:05+04:00	ck9e2-mirror-256k	4	1381210	1381056	45	16928509952	16306712576	python3*36 pt_gloo_runloop*2 ZMQbg/Reaper*2 ZMQbg/IO/0*2 pt_tcpstore_uv*1 cuda0000240000a*1 
2026-09-28T10:14:05+04:00	ck9e2-mirror-256k	4	1381211	1381056	57	971796480	696479744	python3*49 ZMQbg/Reaper*4 ZMQbg/IO/0*4 
2026-09-28T10:14:18+04:00	ck9e2-mirror-256k	4	1381022	363	2	26443776	6066176	uv*1 main2*1 
2026-09-28T10:14:18+04:00	ck9e2-mirror-256k	4	1381056	1381022	57	981880832	698552320	ft*51 ZMQbg/Reaper*3 ZMQbg/IO/0*3 
2026-09-28T10:14:18+04:00	ck9e2-mirror-256k	4	1381209	1381056	1	12779520	5943296	python3*1 
2026-09-28T10:14:18+04:00	ck9e2-mirror-256k	4	1381210	1381056	45	16928509952	16306712576	python3*36 pt_gloo_runloop*2 ZMQbg/Reaper*2 ZMQbg/IO/0*2 pt_tcpstore_uv*1 cuda0000240000a*1 
2026-09-28T10:14:19+04:00	ck9e2-mirror-256k	4	1381211	1381056	57	971796480	696479744	python3*49 ZMQbg/Reaper*4 ZMQbg/IO/0*4 
2026-09-28T10:14:29+04:00	ck9e2-mirror-256k	4	1381022	363	2	26443776	6066176	uv*1 main2*1 
2026-09-28T10:14:29+04:00	ck9e2-mirror-256k	4	1381056	1381022	57	981880832	698552320	ft*51 ZMQbg/Reaper*3 ZMQbg/IO/0*3 
2026-09-28T10:14:29+04:00	ck9e2-mirror-256k	4	1381209	1381056	1	12779520	5943296	python3*1 
2026-09-28T10:14:29+04:00	ck9e2-mirror-256k	4	1381210	1381056	45	16928509952	16306712576	python3*36 pt_gloo_runloop*2 ZMQbg/Reaper*2 ZMQbg/IO/0*2 pt_tcpstore_uv*1 cuda0000240000a*1 
2026-09-28T10:14:29+04:00	ck9e2-mirror-256k	4	1381211	1381056	57	971796480	696479744	python3*49 ZMQbg/Reaper*4 ZMQbg/IO/0*4 
2026-09-28T10:14:39+04:00	ck9e2-mirror-256k	4	1381022	363	2	26443776	6066176	uv*1 main2*1 
2026-09-28T10:14:39+04:00	ck9e2-mirror-256k	4	1381056	1381022	57	981880832	698552320	ft*51 ZMQbg/Reaper*3 ZMQbg/IO/0*3 
2026-09-28T10:14:39+04:00	ck9e2-mirror-256k	4	1381209	1381056	1	12779520	5943296	python3*1 
2026-09-28T10:14:39+04:00	ck9e2-mirror-256k	4	1381210	1381056	45	16928509952	16306712576	python3*36 pt_gloo_runloop*2 ZMQbg/Reaper*2 ZMQbg/IO/0*2 pt_tcpstore_uv*1 cuda0000240000a*1 
2026-09-28T10:14:39+04:00	ck9e2-mirror-256k	4	1381211	1381056	57	971796480	696479744	python3*49 ZMQbg/Reaper*4 ZMQbg/IO/0*4 
2026-09-28T10:14:53+04:00	ck9e2-mirror-256k	4	1381022	363	2	26443776	6066176	uv*1 main2*1 
2026-09-28T10:14:53+04:00	ck9e2-mirror-256k	4	1381056	1381022	57	981880832	698552320	ft*51 ZMQbg/Reaper*3 ZMQbg/IO/0*3 
2026-09-28T10:14:53+04:00	ck9e2-mirror-256k	4	1381209	1381056	1	12779520	5943296	python3*1 
2026-09-28T10:14:53+04:00	ck9e2-mirror-256k	4	1381210	1381056	45	16928509952	16306712576	python3*36 pt_gloo_runloop*2 ZMQbg/Reaper*2 ZMQbg/IO/0*2 pt_tcpstore_uv*1 cuda0000240000a*1 
2026-09-28T10:14:53+04:00	ck9e2-mirror-256k	4	1381211	1381056	57	971796480	696479744	python3*49 ZMQbg/Reaper*4 ZMQbg/IO/0*4 
2026-09-28T10:15:03+04:00	ck9e2-mirror-256k	4	1381022	363	2	26443776	6066176	uv*1 main2*1 
2026-09-28T10:15:03+04:00	ck9e2-mirror-256k	4	1381056	1381022	57	981880832	698552320	ft*51 ZMQbg/Reaper*3 ZMQbg/IO/0*3 
2026-09-28T10:15:03+04:00	ck9e2-mirror-256k	4	1381209	1381056	1	12779520	5943296	python3*1 
2026-09-28T10:15:03+04:00	ck9e2-mirror-256k	4	1381210	1381056	45	16928509952	16306712576	python3*36 pt_gloo_runloop*2 ZMQbg/Reaper*2 ZMQbg/IO/0*2 pt_tcpstore_uv*1 cuda0000240000a*1 
2026-09-28T10:15:03+04:00	ck9e2-mirror-256k	4	1381211	1381056	57	971796480	696479744	python3*49 ZMQbg/Reaper*4 ZMQbg/IO/0*4 
2026-09-28T10:15:13+04:00	ck9e2-mirror-256k	4	1381022	363	2	26443776	6066176	uv*1 main2*1 
2026-09-28T10:15:13+04:00	ck9e2-mirror-256k	4	1381056	1381022	57	981880832	698552320	ft*51 ZMQbg/Reaper*3 ZMQbg/IO/0*3 
2026-09-28T10:15:13+04:00	ck9e2-mirror-256k	4	1381209	1381056	1	12779520	5943296	python3*1 
2026-09-28T10:15:13+04:00	ck9e2-mirror-256k	4	1381210	1381056	45	16928509952	16306712576	python3*36 pt_gloo_runloop*2 ZMQbg/Reaper*2 ZMQbg/IO/0*2 pt_tcpstore_uv*1 cuda0000240000a*1 
2026-09-28T10:15:13+04:00	ck9e2-mirror-256k	4	1381211	1381056	57	971796480	696479744	python3*49 ZMQbg/Reaper*4 ZMQbg/IO/0*4 
2026-09-28T10:15:27+04:00	ck9e2-mirror-256k	4	1381022	363	2	26443776	6066176	uv*1 main2*1 
2026-09-28T10:15:27+04:00	ck9e2-mirror-256k	4	1381056	1381022	57	981880832	698552320	ft*51 ZMQbg/Reaper*3 ZMQbg/IO/0*3 
2026-09-28T10:15:27+04:00	ck9e2-mirror-256k	4	1381209	1381056	1	12779520	5943296	python3*1 
2026-09-28T10:15:27+04:00	ck9e2-mirror-256k	4	1381210	1381056	45	16928509952	16306712576	python3*36 pt_gloo_runloop*2 ZMQbg/Reaper*2 ZMQbg/IO/0*2 pt_tcpstore_uv*1 cuda0000240000a*1 
2026-09-28T10:15:27+04:00	ck9e2-mirror-256k	4	1381211	1381056	57	971796480	696479744	python3*49 ZMQbg/Reaper*4 ZMQbg/IO/0*4 
2026-09-28T10:15:37+04:00	ck9e2-mirror-256k	4	1381022	363	2	26443776	6066176	uv*1 main2*1 
2026-09-28T10:15:37+04:00	ck9e2-mirror-256k	4	1381056	1381022	57	981880832	698552320	ft*51 ZMQbg/Reaper*3 ZMQbg/IO/0*3 
2026-09-28T10:15:37+04:00	ck9e2-mirror-256k	4	1381209	1381056	1	12779520	5943296	python3*1 
2026-09-28T10:15:37+04:00	ck9e2-mirror-256k	4	1381210	1381056	45	16928509952	16306712576	python3*36 pt_gloo_runloop*2 ZMQbg/Reaper*2 ZMQbg/IO/0*2 pt_tcpstore_uv*1 cuda0000240000a*1 
2026-09-28T10:15:37+04:00	ck9e2-mirror-256k	4	1381211	1381056	57	971796480	696479744	python3*49 ZMQbg/Reaper*4 ZMQbg/IO/0*4 
2026-09-28T10:15:47+04:00	ck9e2-mirror-256k	4	1381022	363	2	26443776	6066176	uv*1 main2*1 
2026-09-28T10:15:47+04:00	ck9e2-mirror-256k	4	1381056	1381022	57	981880832	698552320	ft*51 ZMQbg/Reaper*3 ZMQbg/IO/0*3 
2026-09-28T10:15:47+04:00	ck9e2-mirror-256k	4	1381209	1381056	1	12779520	5943296	python3*1 
2026-09-28T10:15:47+04:00	ck9e2-mirror-256k	4	1381210	1381056	45	16928509952	16306712576	python3*36 pt_gloo_runloop*2 ZMQbg/Reaper*2 ZMQbg/IO/0*2 pt_tcpstore_uv*1 cuda0000240000a*1 
2026-09-28T10:15:47+04:00	ck9e2-mirror-256k	4	1381211	1381056	57	971796480	696479744	python3*49 ZMQbg/Reaper*4 ZMQbg/IO/0*4 
2026-09-28T10:16:01+04:00	ck9e2-mirror-256k	4	1381022	363	2	26443776	6066176	uv*1 main2*1 
2026-09-28T10:16:01+04:00	ck9e2-mirror-256k	4	1381056	1381022	57	981880832	698552320	ft*51 ZMQbg/Reaper*3 ZMQbg/IO/0*3 
2026-09-28T10:16:01+04:00	ck9e2-mirror-256k	4	1381209	1381056	1	12779520	5943296	python3*1 
2026-09-28T10:16:01+04:00	ck9e2-mirror-256k	4	1381210	1381056	45	16928509952	16306712576	python3*36 pt_gloo_runloop*2 ZMQbg/Reaper*2 ZMQbg/IO/0*2 pt_tcpstore_uv*1 cuda0000240000a*1 
2026-09-28T10:16:01+04:00	ck9e2-mirror-256k	4	1381211	1381056	57	971796480	696479744	python3*49 ZMQbg/Reaper*4 ZMQbg/IO/0*4 
2026-09-28T10:16:11+04:00	ck9e2-mirror-256k	4	1381022	363	2	26443776	6066176	uv*1 main2*1 
2026-09-28T10:16:11+04:00	ck9e2-mirror-256k	4	1381056	1381022	57	981880832	698552320	ft*51 ZMQbg/Reaper*3 ZMQbg/IO/0*3 
2026-09-28T10:16:11+04:00	ck9e2-mirror-256k	4	1381209	1381056	1	12779520	5943296	python3*1 
2026-09-28T10:16:11+04:00	ck9e2-mirror-256k	4	1381210	1381056	45	16928509952	16306712576	python3*36 pt_gloo_runloop*2 ZMQbg/Reaper*2 ZMQbg/IO/0*2 pt_tcpstore_uv*1 cuda0000240000a*1 
2026-09-28T10:16:11+04:00	ck9e2-mirror-256k	4	1381211	1381056	57	971796480	696479744	python3*49 ZMQbg/Reaper*4 ZMQbg/IO/0*4 
2026-09-28T10:16:21+04:00	ck9e2-mirror-256k	4	1381022	363	2	26443776	6066176	uv*1 main2*1 
2026-09-28T10:16:21+04:00	ck9e2-mirror-256k	4	1381056	1381022	57	981880832	698552320	ft*51 ZMQbg/Reaper*3 ZMQbg/IO/0*3 
2026-09-28T10:16:21+04:00	ck9e2-mirror-256k	4	1381209	1381056	1	12779520	5943296	python3*1 
2026-09-28T10:16:21+04:00	ck9e2-mirror-256k	4	1381210	1381056	45	16928509952	16306712576	python3*36 pt_gloo_runloop*2 ZMQbg/Reaper*2 ZMQbg/IO/0*2 pt_tcpstore_uv*1 cuda0000240000a*1 
2026-09-28T10:16:22+04:00	ck9e2-mirror-256k	4	1381211	1381056	57	971796480	696479744	python3*49 ZMQbg/Reaper*4 ZMQbg/IO/0*4 
2026-09-28T10:16:35+04:00	ck9e2-mirror-256k	4	1381022	363	2	26443776	6066176	uv*1 main2*1 
2026-09-28T10:16:35+04:00	ck9e2-mirror-256k	4	1381056	1381022	57	981880832	698552320	ft*51 ZMQbg/Reaper*3 ZMQbg/IO/0*3 
2026-09-28T10:16:35+04:00	ck9e2-mirror-256k	4	1381209	1381056	1	12779520	5943296	python3*1 
2026-09-28T10:16:35+04:00	ck9e2-mirror-256k	4	1381210	1381056	45	16928509952	16306712576	python3*36 pt_gloo_runloop*2 ZMQbg/Reaper*2 ZMQbg/IO/0*2 pt_tcpstore_uv*1 cuda0000240000a*1 
2026-09-28T10:16:35+04:00	ck9e2-mirror-256k	4	1381211	1381056	57	971796480	696479744	python3*49 ZMQbg/Reaper*4 ZMQbg/IO/0*4 
2026-09-28T10:16:45+04:00	ck9e2-mirror-256k	4	1381022	363	2	26443776	6066176	uv*1 main2*1 
2026-09-28T10:16:45+04:00	ck9e2-mirror-256k	4	1381056	1381022	57	981880832	698552320	ft*51 ZMQbg/Reaper*3 ZMQbg/IO/0*3 
2026-09-28T10:16:45+04:00	ck9e2-mirror-256k	4	1381209	1381056	1	12779520	5943296	python3*1 
2026-09-28T10:16:45+04:00	ck9e2-mirror-256k	4	1381210	1381056	45	16928509952	16306712576	python3*36 pt_gloo_runloop*2 ZMQbg/Reaper*2 ZMQbg/IO/0*2 pt_tcpstore_uv*1 cuda0000240000a*1 
2026-09-28T10:16:46+04:00	ck9e2-mirror-256k	4	1381211	1381056	57	971796480	696479744	python3*49 ZMQbg/Reaper*4 ZMQbg/IO/0*4 
2026-09-28T10:16:56+04:00	ck9e2-mirror-256k	4	1381022	363	2	26443776	6066176	uv*1 main2*1 
2026-09-28T10:16:56+04:00	ck9e2-mirror-256k	4	1381056	1381022	57	981880832	698552320	ft*51 ZMQbg/Reaper*3 ZMQbg/IO/0*3 
2026-09-28T10:16:56+04:00	ck9e2-mirror-256k	4	1381209	1381056	1	12779520	5943296	python3*1 
2026-09-28T10:16:56+04:00	ck9e2-mirror-256k	4	1381210	1381056	45	16928509952	16306712576	python3*36 pt_gloo_runloop*2 ZMQbg/Reaper*2 ZMQbg/IO/0*2 pt_tcpstore_uv*1 cuda0000240000a*1 
2026-09-28T10:16:56+04:00	ck9e2-mirror-256k	4	1381211	1381056	57	971796480	696479744	python3*49 ZMQbg/Reaper*4 ZMQbg/IO/0*4 
2026-09-28T10:17:06+04:00	ck9e2-mirror-256k	4	1381022	363	2	26443776	6066176	uv*1 main2*1 
2026-09-28T10:17:06+04:00	ck9e2-mirror-256k	4	1381056	1381022	57	981880832	698552320	ft*51 ZMQbg/Reaper*3 ZMQbg/IO/0*3 
2026-09-28T10:17:06+04:00	ck9e2-mirror-256k	4	1381209	1381056	1	12779520	5943296	python3*1 
2026-09-28T10:17:06+04:00	ck9e2-mirror-256k	4	1381210	1381056	45	16928509952	16306712576	python3*36 pt_gloo_runloop*2 ZMQbg/Reaper*2 ZMQbg/IO/0*2 pt_tcpstore_uv*1 cuda0000240000a*1 
2026-09-28T10:17:06+04:00	ck9e2-mirror-256k	4	1381211	1381056	57	971796480	696479744	python3*49 ZMQbg/Reaper*4 ZMQbg/IO/0*4 
2026-09-28T10:17:20+04:00	ck9e2-mirror-256k	4	1381022	363	2	26443776	6066176	uv*1 main2*1 
2026-09-28T10:17:20+04:00	ck9e2-mirror-256k	4	1381056	1381022	57	981880832	698552320	ft*51 ZMQbg/Reaper*3 ZMQbg/IO/0*3 
2026-09-28T10:17:20+04:00	ck9e2-mirror-256k	4	1381209	1381056	1	12779520	5943296	python3*1 
2026-09-28T10:17:20+04:00	ck9e2-mirror-256k	4	1381210	1381056	45	16928509952	16306712576	python3*36 pt_gloo_runloop*2 ZMQbg/Reaper*2 ZMQbg/IO/0*2 pt_tcpstore_uv*1 cuda0000240000a*1 
2026-09-28T10:17:20+04:00	ck9e2-mirror-256k	4	1381211	1381056	57	971796480	696479744	python3*49 ZMQbg/Reaper*4 ZMQbg/IO/0*4 
2026-09-28T10:17:30+04:00	ck9e2-mirror-256k	4	1381022	363	2	26443776	6066176	uv*1 main2*1 
2026-09-28T10:17:30+04:00	ck9e2-mirror-256k	4	1381056	1381022	57	981880832	698552320	ft*51 ZMQbg/Reaper*3 ZMQbg/IO/0*3 
2026-09-28T10:17:30+04:00	ck9e2-mirror-256k	4	1381209	1381056	1	12779520	5943296	python3*1 
2026-09-28T10:17:30+04:00	ck9e2-mirror-256k	4	1381210	1381056	45	16928509952	16306712576	python3*36 pt_gloo_runloop*2 ZMQbg/Reaper*2 ZMQbg/IO/0*2 pt_tcpstore_uv*1 cuda0000240000a*1 
2026-09-28T10:17:30+04:00	ck9e2-mirror-256k	4	1381211	1381056	57	971796480	696479744	python3*49 ZMQbg/Reaper*4 ZMQbg/IO/0*4 
2026-09-28T10:17:40+04:00	ck9e2-mirror-256k	4	1381022	363	2	26443776	6066176	uv*1 main2*1 
2026-09-28T10:17:40+04:00	ck9e2-mirror-256k	4	1381056	1381022	57	981880832	698552320	ft*51 ZMQbg/Reaper*3 ZMQbg/IO/0*3 
2026-09-28T10:17:40+04:00	ck9e2-mirror-256k	4	1381209	1381056	1	12779520	5943296	python3*1 
2026-09-28T10:17:40+04:00	ck9e2-mirror-256k	4	1381210	1381056	45	16928509952	16306712576	python3*36 pt_gloo_runloop*2 ZMQbg/Reaper*2 ZMQbg/IO/0*2 pt_tcpstore_uv*1 cuda0000240000a*1 
2026-09-28T10:17:40+04:00	ck9e2-mirror-256k	4	1381211	1381056	57	971796480	696479744	python3*49 ZMQbg/Reaper*4 ZMQbg/IO/0*4 
2026-09-28T10:17:54+04:00	ck9e2-mirror-256k	4	1381022	363	2	26443776	6066176	uv*1 main2*1 
2026-09-28T10:17:54+04:00	ck9e2-mirror-256k	4	1381056	1381022	57	981880832	698552320	ft*51 ZMQbg/Reaper*3 ZMQbg/IO/0*3 
2026-09-28T10:17:54+04:00	ck9e2-mirror-256k	4	1381209	1381056	1	12779520	5943296	python3*1 
2026-09-28T10:17:54+04:00	ck9e2-mirror-256k	4	1381210	1381056	45	16928509952	16306712576	python3*36 pt_gloo_runloop*2 ZMQbg/Reaper*2 ZMQbg/IO/0*2 pt_tcpstore_uv*1 cuda0000240000a*1 
2026-09-28T10:17:54+04:00	ck9e2-mirror-256k	4	1381211	1381056	57	971796480	696479744	python3*49 ZMQbg/Reaper*4 ZMQbg/IO/0*4 
2026-09-28T10:18:04+04:00	ck9e2-mirror-256k	4	1381022	363	2	26443776	6066176	uv*1 main2*1 
2026-09-28T10:18:04+04:00	ck9e2-mirror-256k	4	1381056	1381022	57	981880832	698552320	ft*51 ZMQbg/Reaper*3 ZMQbg/IO/0*3 
2026-09-28T10:18:04+04:00	ck9e2-mirror-256k	4	1381209	1381056	1	12779520	5943296	python3*1 
2026-09-28T10:18:04+04:00	ck9e2-mirror-256k	4	1381210	1381056	45	16928509952	16306712576	python3*36 pt_gloo_runloop*2 ZMQbg/Reaper*2 ZMQbg/IO/0*2 pt_tcpstore_uv*1 cuda0000240000a*1 
2026-09-28T10:18:04+04:00	ck9e2-mirror-256k	4	1381211	1381056	57	971796480	696479744	python3*49 ZMQbg/Reaper*4 ZMQbg/IO/0*4 
2026-09-28T10:18:14+04:00	ck9e2-mirror-256k	4	1381022	363	2	26443776	6066176	uv*1 main2*1 
2026-09-28T10:18:14+04:00	ck9e2-mirror-256k	4	1381056	1381022	57	983425024	700030976	ft*51 ZMQbg/Reaper*3 ZMQbg/IO/0*3 
2026-09-28T10:18:14+04:00	ck9e2-mirror-256k	4	1381209	1381056	1	12779520	5943296	python3*1 
2026-09-28T10:18:14+04:00	ck9e2-mirror-256k	4	1381210	1381056	45	16928530432	16306712576	python3*36 pt_gloo_runloop*2 ZMQbg/Reaper*2 ZMQbg/IO/0*2 pt_tcpstore_uv*1 cuda0000240000a*1 
2026-09-28T10:18:14+04:00	ck9e2-mirror-256k	4	1381211	1381056	57	971796480	696479744	python3*49 ZMQbg/Reaper*4 ZMQbg/IO/0*4 
2026-09-28T10:18:28+04:00	ck9e2-mirror-256k	4	1381022	363	2	26443776	6066176	uv*1 main2*1 
2026-09-28T10:18:28+04:00	ck9e2-mirror-256k	4	1381056	1381022	57	984162304	700768256	ft*51 ZMQbg/Reaper*3 ZMQbg/IO/0*3 
2026-09-28T10:18:28+04:00	ck9e2-mirror-256k	4	1381209	1381056	1	12779520	5943296	python3*1 
2026-09-28T10:18:28+04:00	ck9e2-mirror-256k	4	1381210	1381056	45	16928530432	16306712576	python3*36 pt_gloo_runloop*2 ZMQbg/Reaper*2 ZMQbg/IO/0*2 pt_tcpstore_uv*1 cuda0000240000a*1 
2026-09-28T10:18:28+04:00	ck9e2-mirror-256k	4	1381211	1381056	57	971796480	696479744	python3*49 ZMQbg/Reaper*4 ZMQbg/IO/0*4 
2026-09-28T10:18:38+04:00	ck9e2-mirror-256k	4	1381022	363	2	26443776	6066176	uv*1 main2*1 
2026-09-28T10:18:38+04:00	ck9e2-mirror-256k	4	1381056	1381022	57	984162304	700768256	ft*51 ZMQbg/Reaper*3 ZMQbg/IO/0*3 
2026-09-28T10:18:38+04:00	ck9e2-mirror-256k	4	1381209	1381056	1	12779520	5943296	python3*1 
2026-09-28T10:18:38+04:00	ck9e2-mirror-256k	4	1381210	1381056	45	16928534528	16306716672	python3*36 pt_gloo_runloop*2 ZMQbg/Reaper*2 ZMQbg/IO/0*2 pt_tcpstore_uv*1 cuda0000240000a*1 
2026-09-28T10:18:38+04:00	ck9e2-mirror-256k	4	1381211	1381056	57	971796480	696479744	python3*49 ZMQbg/Reaper*4 ZMQbg/IO/0*4 
2026-09-28T10:18:49+04:00	ck9e2-mirror-256k	4	1381022	363	2	26443776	6066176	uv*1 main2*1 
2026-09-28T10:18:49+04:00	ck9e2-mirror-256k	4	1381056	1381022	57	984162304	700768256	ft*51 ZMQbg/Reaper*3 ZMQbg/IO/0*3 
2026-09-28T10:18:49+04:00	ck9e2-mirror-256k	4	1381209	1381056	1	12779520	5943296	python3*1 
2026-09-28T10:18:49+04:00	ck9e2-mirror-256k	4	1381210	1381056	45	16928542720	16306724864	python3*36 pt_gloo_runloop*2 ZMQbg/Reaper*2 ZMQbg/IO/0*2 pt_tcpstore_uv*1 cuda0000240000a*1 
2026-09-28T10:18:49+04:00	ck9e2-mirror-256k	4	1381211	1381056	57	971796480	696479744	python3*49 ZMQbg/Reaper*4 ZMQbg/IO/0*4 
2026-09-28T10:19:02+04:00	ck9e2-mirror-256k	4	1381022	363	2	26443776	6066176	uv*1 main2*1 
2026-09-28T10:19:02+04:00	ck9e2-mirror-256k	4	1381056	1381022	57	984162304	700768256	ft*51 ZMQbg/Reaper*3 ZMQbg/IO/0*3 
2026-09-28T10:19:02+04:00	ck9e2-mirror-256k	4	1381209	1381056	1	12779520	5943296	python3*1 
2026-09-28T10:19:02+04:00	ck9e2-mirror-256k	4	1381210	1381056	45	16928542720	16306724864	python3*36 pt_gloo_runloop*2 ZMQbg/Reaper*2 ZMQbg/IO/0*2 pt_tcpstore_uv*1 cuda0000240000a*1 
2026-09-28T10:19:02+04:00	ck9e2-mirror-256k	4	1381211	1381056	57	971796480	696479744	python3*49 ZMQbg/Reaper*4 ZMQbg/IO/0*4 
2026-09-28T10:19:13+04:00	ck9e2-mirror-256k	4	1381022	363	2	26443776	6066176	uv*1 main2*1 
2026-09-28T10:19:13+04:00	ck9e2-mirror-256k	4	1381056	1381022	57	1010188288	726794240	ft*51 ZMQbg/Reaper*3 ZMQbg/IO/0*3 
2026-09-28T10:19:13+04:00	ck9e2-mirror-256k	4	1381209	1381056	1	12779520	5943296	python3*1 
2026-09-28T10:19:13+04:00	ck9e2-mirror-256k	4	1381210	1381056	45	16928575488	16306724864	python3*36 pt_gloo_runloop*2 ZMQbg/Reaper*2 ZMQbg/IO/0*2 pt_tcpstore_uv*1 cuda0000240000a*1 
2026-09-28T10:19:13+04:00	ck9e2-mirror-256k	4	1381211	1381056	57	923500544	648183808	python3*49 ZMQbg/Reaper*4 ZMQbg/IO/0*4 
2026-09-28T10:19:23+04:00	ck9e2-mirror-256k	4	1381022	363	2	26443776	6066176	uv*1 main2*1 
2026-09-28T10:19:23+04:00	ck9e2-mirror-256k	4	1381056	1381022	57	1010188288	726794240	ft*51 ZMQbg/Reaper*3 ZMQbg/IO/0*3 
2026-09-28T10:19:23+04:00	ck9e2-mirror-256k	4	1381209	1381056	1	12779520	5943296	python3*1 
2026-09-28T10:19:23+04:00	ck9e2-mirror-256k	4	1381210	1381056	45	16928575488	16306724864	python3*36 pt_gloo_runloop*2 ZMQbg/Reaper*2 ZMQbg/IO/0*2 pt_tcpstore_uv*1 cuda0000240000a*1 
2026-09-28T10:19:23+04:00	ck9e2-mirror-256k	4	1381211	1381056	57	923500544	648183808	python3*49 ZMQbg/Reaper*4 ZMQbg/IO/0*4 
2026-09-28T10:19:36+04:00	ck9e2-mirror-256k	4	1381022	363	2	26443776	6066176	uv*1 main2*1 
2026-09-28T10:19:36+04:00	ck9e2-mirror-256k	4	1381056	1381022	57	1010188288	726794240	ft*51 ZMQbg/Reaper*3 ZMQbg/IO/0*3 
2026-09-28T10:19:36+04:00	ck9e2-mirror-256k	4	1381209	1381056	1	12779520	5943296	python3*1 
2026-09-28T10:19:36+04:00	ck9e2-mirror-256k	4	1381210	1381056	45	16928575488	16306724864	python3*36 pt_gloo_runloop*2 ZMQbg/Reaper*2 ZMQbg/IO/0*2 pt_tcpstore_uv*1 cuda0000240000a*1 
2026-09-28T10:19:37+04:00	ck9e2-mirror-256k	4	1381211	1381056	57	923500544	648183808	python3*49 ZMQbg/Reaper*4 ZMQbg/IO/0*4 
2026-09-28T10:19:47+04:00	ck9e2-mirror-256k	4	1381022	363	2	26443776	6066176	uv*1 main2*1 
2026-09-28T10:19:47+04:00	ck9e2-mirror-256k	4	1381056	1381022	57	1010188288	726794240	ft*51 ZMQbg/Reaper*3 ZMQbg/IO/0*3 
2026-09-28T10:19:47+04:00	ck9e2-mirror-256k	4	1381209	1381056	1	12779520	5943296	python3*1 
2026-09-28T10:19:47+04:00	ck9e2-mirror-256k	4	1381210	1381056	45	16928575488	16306724864	python3*36 pt_gloo_runloop*2 ZMQbg/Reaper*2 ZMQbg/IO/0*2 pt_tcpstore_uv*1 cuda0000240000a*1 
2026-09-28T10:19:47+04:00	ck9e2-mirror-256k	4	1381211	1381056	57	923500544	648183808	python3*49 ZMQbg/Reaper*4 ZMQbg/IO/0*4 
2026-09-28T10:19:57+04:00	ck9e2-mirror-256k	4	1381022	363	2	26443776	6066176	uv*1 main2*1 
2026-09-28T10:19:57+04:00	ck9e2-mirror-256k	4	1381056	1381022	57	1088778240	805384192	ft*51 ZMQbg/Reaper*3 ZMQbg/IO/0*3 
2026-09-28T10:19:57+04:00	ck9e2-mirror-256k	4	1381209	1381056	1	12779520	5943296	python3*1 
2026-09-28T10:19:57+04:00	ck9e2-mirror-256k	4	1381210	1381056	45	16938639360	16316788736	python3*36 pt_gloo_runloop*2 ZMQbg/Reaper*2 ZMQbg/IO/0*2 pt_tcpstore_uv*1 cuda0000240000a*1 
2026-09-28T10:19:57+04:00	ck9e2-mirror-256k	4	1381211	1381056	57	923500544	648183808	python3*49 ZMQbg/Reaper*4 ZMQbg/IO/0*4 
2026-09-28T10:20:11+04:00	cb-w2	0	1496345	363	3	26267648	6037504	uv*1 tokio-rt-worker*1 main2*1 
2026-09-28T10:20:11+04:00	cb-w2	0	1496408	1496345	16	693108736	414236672	ft*16 
2026-09-28T10:20:21+04:00	cb-w2	0	1496345	363	2	26398720	6037504	uv*1 main2*1 
2026-09-28T10:20:21+04:00	cb-w2	0	1496408	1496345	22	702750720	422731776	ft*18 ZMQbg/Reaper*2 ZMQbg/IO/0*2 
2026-09-28T10:20:21+04:00	cb-w2	0	1496751	1496408	1	12783616	5939200	python3*1 
2026-09-28T10:20:21+04:00	cb-w2	0	1496752	1496408	41	6022356992	979148800	python3*36 pt_gloo_runloop*2 pt_tcpstore_uv*1 cuda0000240000a*1 cuda-EvtHandlr*1 
2026-09-28T10:20:21+04:00	cb-w2	0	1496753	1496408	23	880185344	606711808	python3*17 ZMQbg/Reaper*3 ZMQbg/IO/0*3 
2026-09-28T10:20:31+04:00	cb-w2	0	1496345	363	2	26263552	6037504	uv*1 main2*1 
2026-09-28T10:20:31+04:00	cb-w2	0	1496408	1496345	22	700882944	422731776	ft*18 ZMQbg/Reaper*2 ZMQbg/IO/0*2 
2026-09-28T10:20:31+04:00	cb-w2	0	1496751	1496408	1	12771328	5939200	python3*1 
2026-09-28T10:20:31+04:00	cb-w2	0	1496752	1496408	41	13627752448	979529728	python3*36 pt_gloo_runloop*2 pt_tcpstore_uv*1 cuda0000240000a*1 cuda-EvtHandlr*1 
2026-09-28T10:20:31+04:00	cb-w2	0	1496753	1496408	23	878350336	606711808	python3*17 ZMQbg/Reaper*3 ZMQbg/IO/0*3 
