ts	unit	ready	probes_done	cg_current	cg_peak	cg_anon	cg_file	cg_unevict	cg_shmem	pid	vm_rss	rss_anon	rss_file	rss_shmem	memavail
2026-09-28T05:07:29+04:00	ck9e-warm-whole	0	0	1305468928	1306116096	1047830528	246865920	0	12288	288640	697458688	423256064	274202624	0	31355666432
2026-09-28T05:07:43+04:00	ck9e-warm-whole	0	0	15219400704	15219400704	2030227456	13140115456	0	5821300736	288814	7205875712	986402816	399220736	5820907520	24671879168
2026-09-28T05:07:53+04:00	ck9e-warm-whole	0	0	26799521792	26835488768	2030604288	24673988608	0	13642121216	288814	15026810880	986796032	399220736	13640794112	16514367488
2026-09-28T05:08:04+04:00	ck9e-warm-whole	0	0	28981583872	29029830656	2031001600	26808815616	0	21631287296	288814	22981046272	987058176	363569152	21630418944	8575225856
2026-09-28T05:08:14+04:00	ck9e-warm-whole	0	0	29341437952	29357146112	3486617600	25703792640	0	22011723776	288814	23245021184	882851840	351510528	22010658816	6750961664
2026-09-28T05:08:28+04:00	ck9e-warm-whole	0	0	27692707840	29359783936	2550210560	24997425152	0	20375945216	288814	22353469440	1506361344	472227840	20374880256	9312419840
2026-09-28T05:08:38+04:00	ck9e-warm-whole	1	0	28180672512	29359783936	2991374336	25038925824	0	20375945216	288814	22602784768	1747681280	480223232	20374880256	8858583040
2026-09-28T05:08:48+04:00	ck9e-warm-whole	1	0	28180672512	29359783936	2991374336	25038925824	0	20375945216	288814	22602784768	1747681280	480223232	20374880256	8807657472
2026-09-28T05:09:02+04:00	ck9e-warm-whole	1	0	28304490496	29359783936	3077832704	25075892224	0	20375945216	288814	22654623744	1750040576	529702912	20374880256	8737796096
2026-09-28T05:09:22+04:00	ck9s-warm-whole	0	0	4545945600	4548304896	1878130688	2651271168	0	1184907264	295874	3572551680	835465216	1560059904	1184890880	29226184704
2026-09-28T05:09:35+04:00	ck9s-warm-whole	0	0	19033419776	19033419776	2024394752	16952668160	0	7840464896	295874	9224491008	980979712	404226048	7839285248	22387195904
2026-09-28T05:09:46+04:00	ck9s-warm-whole	0	0	26976620544	27024900096	2024800256	24852250624	0	16051552256	295874	17428549632	981635072	396361728	16050552832	14129475584
2026-09-28T05:09:56+04:00	ck9s-warm-whole	0	0	28520964096	29416660992	2294697984	26011205632	0	20997672960	295874	22058258432	1251479552	431751168	20375027712	9211039744
2026-09-28T05:10:10+04:00	ck9s-warm-whole	1	0	28371320832	29416660992	3230998528	25010319360	0	20375945216	295874	22810906624	1988792320	447086592	20375027712	7839997952
2026-09-28T05:10:20+04:00	ck9s-warm-whole	1	0	27767205888	29416660992	3230998528	24406204416	0	20375945216	295874	22800420864	1988792320	436600832	20375027712	7133605888
2026-09-28T05:10:31+04:00	ck9s-warm-whole	1	0	26801782784	29416660992	3231518720	23440285696	0	20375945216	295874	22760443904	1989316608	396099584	20375027712	5996986368
2026-09-28T05:10:53+04:00	ck9e-warm-mirror	0	0	1365786624	1366253568	1079410688	276303872	0	12288	301087	696750080	421892096	274857984	0	31346601984
2026-09-28T05:11:03+04:00	ck9e-warm-mirror	0	0	21409034240	21409746944	16390369280	4965228544	0	1723764736	301284	17472307200	15347683328	400896000	1723727872	14291566592
2026-09-28T05:11:17+04:00	ck9e-warm-mirror	0	0	21517062144	21519540224	16476913664	4986138624	0	1723764736	301284	17562484736	15434059776	404697088	1723727872	13547851776
2026-09-28T05:11:28+04:00	ck9e-warm-mirror	0	0	21950550016	22213287936	16772378624	5125246976	0	1723764736	301284	17930797056	15707344896	499724288	1723727872	13436088320
2026-09-28T05:11:38+04:00	ck9e-warm-mirror	0	0	20349947904	22213287936	16792330240	3508994048	0	87986176	301284	16339189760	15749550080	501690368	87949312	15252635648
2026-09-28T05:11:50+04:00	ck9e-warm-mirror	0	0	20608749568	22213287936	17039699968	3519782912	0	87986176	301284	16597532672	15996882944	512700416	87949312	15169613824
2026-09-28T05:12:00+04:00	ck9e-warm-mirror	0	0	20626333696	22213287936	17052053504	3524902912	0	87986176	301284	16610508800	16009203712	513355776	87949312	15156129792
2026-09-28T05:12:11+04:00	ck9e-warm-mirror	1	0	21036187648	22213287936	17454694400	3529846784	0	87986176	301284	16821534720	16213020672	520564736	87949312	14711844864
2026-09-28T05:12:21+04:00	ck9e-warm-mirror	1	0	21036187648	22213287936	17454694400	3529846784	0	87986176	301284	16821534720	16213020672	520564736	87949312	14731550720
2026-09-28T05:12:35+04:00	ck9e-warm-mirror	1	0	21122809856	22213287936	17540616192	3530338304	0	87986176	301284	16821534720	16213020672	520564736	87949312	14653571072
2026-09-28T05:12:55+04:00	ck9s-warm-mirror	0	0	13294403584	13294829568	11518685184	1735864320	0	1721778176	315018	12603494400	10476355584	405377024	1721761792	19149959168
2026-09-28T05:13:07+04:00	ck9s-warm-mirror	0	0	18259795968	18260193280	16472395776	1737850880	0	1723764736	315018	17561161728	15430090752	407343104	1723727872	14181036032
2026-09-28T05:13:17+04:00	ck9s-warm-mirror	0	0	18260226048	18276155392	16472469504	1737867264	0	1723764736	315018	17563652096	15430090752	409833472	1723727872	14179020800
2026-09-28T05:13:28+04:00	ck9s-warm-mirror	0	0	16940560384	18572967936	16794263552	102674432	0	87986176	315018	16346783744	15752003584	506826752	87953408	15490330624
2026-09-28T05:13:41+04:00	ck9s-warm-mirror	0	0	17187876864	18572967936	17040990208	102674432	0	87986176	315018	16604209152	15998681088	517574656	87953408	15244120064
2026-09-28T05:13:52+04:00	ck9s-warm-mirror	0	0	17441349632	18572967936	17293520896	102674432	0	87986176	315018	16862945280	16251256832	523735040	87953408	14999154688
2026-09-28T05:14:02+04:00	ck9s-warm-mirror	1	0	17724563456	18572967936	17578835968	102678528	0	87986176	315018	17070002176	16454774784	527273984	87953408	14715662336
2026-09-28T05:14:15+04:00	ck9s-warm-mirror	1	0	17845325824	18572967936	17695703040	102682624	0	87986176	315018	17073803264	16454905856	530944000	87953408	14605078528
2026-09-28T05:14:26+04:00	ck9s-warm-mirror	1	0	17845325824	18572967936	17695703040	102682624	0	87986176	315018	17073803264	16454905856	530944000	87953408	14601621504
2026-09-28T05:14:36+04:00	ck9s-warm-mirror	1	2	17931468800	18572967936	17781661696	102682624	0	87986176	315018	17073803264	16454905856	530944000	87953408	14554169344
2026-09-28T05:15:22+04:00	ck9s-whole-1	0	0	1039798272	1040060416	1031151616	16384	0	12288	324167	700350464	422215680	278134784	0	31439187968
2026-09-28T05:15:33+04:00	ck9s-whole-1	0	0	13984448512	13984448512	2029039616	11902439424	0	6794264576	324316	8181071872	985681920	402059264	6793330688	23626215424
2026-09-28T05:15:43+04:00	ck9s-whole-1	0	0	23537901568	23544233984	2029420544	21403009024	0	14720024576	324316	16107782144	986599424	402059264	14719123456	15701659648
2026-09-28T05:15:53+04:00	ck9s-whole-1	0	0	26594000896	26602594304	2029699072	24426393600	0	20172947456	324316	21524856832	986992640	366014464	20171849728	10343575552
2026-09-28T05:16:07+04:00	ck9s-whole-1	0	0	27081994240	28197494784	2767241216	24172339200	0	20375945216	324316	22572298240	1756352512	440987648	20374958080	9514389504
2026-09-28T05:16:18+04:00	ck9s-whole-1	1	0	27537965056	28197494784	3203575808	24189984768	0	20375945216	324316	22814703616	1989976064	449769472	20374958080	9069563904
2026-09-28T05:16:28+04:00	ck9s-whole-1	1	0	27537965056	28197494784	3203575808	24189984768	0	20375945216	324316	22814703616	1989976064	449769472	20374958080	9048514560
2026-09-28T05:16:41+04:00	ck9s-whole-1	1	0	27538599936	28197494784	3203842048	24189988864	0	20375945216	324316	22814834688	1990107136	449769472	20374958080	9048862720
2026-09-28T05:16:52+04:00	ck9s-whole-1	1	1	27543867392	28197494784	3208208384	24190001152	0	20375945216	324316	22815227904	1990500352	449769472	20374958080	9027629056
2026-09-28T05:17:02+04:00	ck9s-whole-1	1	3	27611185152	28197494784	3250470912	24214917120	0	20375945216	324316	22858248192	2032472064	450818048	20374958080	8986296320
2026-09-28T05:17:16+04:00	ck9s-whole-1	1	3	27611168768	28197494784	3250470912	24214917120	0	20375945216	324316	22858248192	2032472064	450818048	20374958080	8972972032
2026-09-28T05:17:36+04:00	ck9e-whole-1	0	0	584192000	584196096	395218944	183353344	0	0	332359	664162304	389042176	275382272	0	32332230656
2026-09-28T05:17:49+04:00	ck9e-whole-1	0	0	8235294720	8235294720	2019835904	6180593664	0	3148414976	332594	4528214016	977428480	403222528	3147563008	27549130752
2026-09-28T05:17:59+04:00	ck9e-whole-1	0	0	22895312896	22895575040	2020220928	20807942144	0	10471817216	332594	11851730944	977559552	403222528	10470948864	20191666176
2026-09-28T05:18:09+04:00	ck9e-whole-1	0	0	27278041088	27302223872	2020605952	25144250368	0	18112249856	332594	19488903168	978214912	399552512	18111135744	12591804416
2026-09-28T05:18:23+04:00	ck9e-whole-1	0	0	29035462656	29070639104	2015211520	26888536064	0	22011723776	332594	23326543872	973086720	342798336	22010658816	8834867200
2026-09-28T05:18:33+04:00	ck9e-whole-1	1	0	28266663936	29158629376	2992820224	25145352192	0	20375945216	332594	22585847808	1750413312	460500992	20374933504	9473044480
2026-09-28T05:18:44+04:00	ck9e-whole-1	1	0	28266663936	29158629376	2992820224	25145352192	0	20375945216	332594	22585847808	1750413312	460500992	20374933504	9466122240
2026-09-28T05:18:57+04:00	ck9e-whole-1	1	0	28267814912	29158629376	2992984064	25145667584	0	20375945216	332594	22585978880	1750544384	460500992	20374933504	9440067584
2026-09-28T05:19:07+04:00	ck9e-whole-1	1	0	28271902720	29158629376	2996289536	25145667584	0	20375945216	332594	22586241024	1750806528	460500992	20374933504	9461780480
2026-09-28T05:19:17+04:00	ck9e-whole-1	1	0	28339814400	29158629376	3039064064	25170632704	0	20375945216	332594	22630113280	1793630208	461549568	20374933504	9429921792
2026-09-28T05:19:31+04:00	ck9e-whole-1	1	0	28340084736	29158629376	3039072256	25171070976	0	20375945216	332594	22630113280	1793630208	461549568	20374933504	9419096064
2026-09-28T05:20:24+04:00	ck9s-mirror-1	0	0	1895469056	1895485440	1631223808	251559936	0	77606912	341619	1055383552	589684736	388366336	77594624	31192748032
2026-09-28T05:20:34+04:00	ck9s-mirror-1	0	0	20316024832	20318826496	16388046848	3876925440	0	1721778176	341619	17469239296	15344431104	403046400	1721761792	14775894016
2026-09-28T05:20:47+04:00	ck9s-mirror-1	0	0	20404887552	20405211136	16474525696	3879120896	0	1723764736	341619	17559154688	15430938624	404488192	1723727872	14683262976
2026-09-28T05:20:57+04:00	ck9s-mirror-1	0	0	19108601856	20749574144	16782041088	2281074688	0	87986176	341619	16330616832	15739088896	503840768	87949312	16016695296
2026-09-28T05:21:08+04:00	ck9s-mirror-1	0	0	19117158400	20749574144	16790978560	2281082880	0	87986176	341619	16339398656	15747477504	503971840	87949312	16026595328
2026-09-28T05:21:21+04:00	ck9s-mirror-1	0	0	19368235008	20749574144	17037991936	2284531712	0	87986176	341619	16597479424	15994548224	514981888	87949312	15173349376
2026-09-28T05:21:31+04:00	ck9s-mirror-1	0	0	19763892224	20749574144	17290489856	2426843136	0	87986176	341619	16856477696	16247255040	521273344	87949312	14071418880
2026-09-28T05:21:41+04:00	ck9s-mirror-1	1	0	20176105472	20749574144	17697247232	2429812736	0	87986176	341619	17069367296	16453853184	527564800	87949312	15103119360
2026-09-28T05:21:54+04:00	ck9s-mirror-1	1	0	20175917056	20749574144	17697292288	2429812736	0	87986176	341619	17070153728	16453853184	528351232	87949312	14253854720
2026-09-28T05:22:05+04:00	ck9s-mirror-1	1	0	20175917056	20749574144	17697292288	2429812736	0	87986176	341619	17070153728	16453853184	528351232	87949312	13348446208
2026-09-28T05:22:15+04:00	ck9s-mirror-1	1	1	20122480640	20749574144	17701093376	2371108864	0	87986176	341619	17071071232	16454770688	528351232	87949312	11746865152
2026-09-28T05:22:28+04:00	ck9s-mirror-1	1	1	20096675840	20749574144	17729024000	2318172160	0	87986176	341619	17101873152	16485048320	529399808	87949312	15051919360
2026-09-28T05:22:39+04:00	ck9s-mirror-1	1	3	20111867904	20749574144	17743577088	2318172160	0	87986176	341619	17114456064	16497106944	529399808	87949312	13990203392
2026-09-28T05:22:49+04:00	ck9s-mirror-1	1	4	20195160064	20749574144	17826365440	2318528512	0	87986176	341619	17114583040	16497233920	529399808	87949312	13933912064
2026-09-28T05:23:12+04:00	ck9e-mirror-1	0	0	3122991104	3122995200	1844559872	1259032576	0	1157644288	352946	2725269504	803012608	766464000	1157627904	29833129984
2026-09-28T05:23:23+04:00	ck9e-mirror-1	0	0	13424992256	13425381376	11521880064	1862496256	0	1721778176	352946	12604997632	10479591424	403644416	1721761792	19581177856
2026-09-28T05:23:36+04:00	ck9e-mirror-1	0	0	18303602688	18304446464	16389128192	1864482816	0	1723764736	352946	17474584576	15346688000	404168704	1723727872	14672617472
2026-09-28T05:23:46+04:00	ck9e-mirror-1	0	0	18390605824	18390605824	16475594752	1864482816	0	1723764736	352946	17562533888	15433195520	405610496	1723727872	14581424128
2026-09-28T05:23:56+04:00	ck9e-mirror-1	0	0	18390425600	18406277120	16475668480	1864507392	0	1723764736	352946	17565155328	15433457664	407969792	1723727872	14575620096
2026-09-28T05:24:09+04:00	ck9e-mirror-1	0	0	17067122688	18699821056	16792309760	230596608	0	87986176	352946	16343040000	15750127616	504963072	87949312	15908466688
2026-09-28T05:24:20+04:00	ck9e-mirror-1	0	0	17067343872	18699821056	16792530944	230596608	0	87986176	352946	16343171072	15750258688	504963072	87949312	15890432000
2026-09-28T05:24:30+04:00	ck9e-mirror-1	0	0	17315205120	18699821056	17039769600	230633472	0	87986176	352946	16601645056	15997460480	516235264	87949312	15763419136
2026-09-28T05:24:40+04:00	ck9e-mirror-1	0	0	17327644672	18699821056	17052114944	230662144	0	87986176	352946	16614752256	16009912320	516890624	87949312	15751237632
2026-09-28T05:24:54+04:00	ck9e-mirror-1	1	0	17736708096	18699821056	17458839552	230785024	0	87986176	352946	16827498496	16215711744	523837440	87949312	15307632640
2026-09-28T05:25:04+04:00	ck9e-mirror-1	1	0	17736708096	18699821056	17458839552	230785024	0	87986176	352946	16827498496	16215711744	523837440	87949312	15256129536
2026-09-28T05:25:14+04:00	ck9e-mirror-1	1	0	17737527296	18699821056	17459159040	230785024	0	87986176	352946	16827629568	16215842816	523837440	87949312	15310852096
2026-09-28T05:25:28+04:00	ck9e-mirror-1	1	0	17742581760	18699821056	17463263232	230785024	0	87986176	352946	16827891712	16216104960	523837440	87949312	15297839104
2026-09-28T05:25:38+04:00	ck9e-mirror-1	1	0	17786339328	18699821056	17506938880	230785024	0	87986176	352946	16872714240	16259747840	525017088	87949312	15260491776
2026-09-28T05:25:48+04:00	ck9e-mirror-1	1	0	17786327040	18699821056	17506938880	230785024	0	87986176	352946	16872714240	16259747840	525017088	87949312	15254560768
2026-09-28T05:26:45+04:00	ck9e-whole-2	0	0	1089794048	1089847296	1080143872	16384	0	12288	371804	699891712	422281216	277610496	0	31850848256
2026-09-28T05:26:55+04:00	ck9e-whole-2	0	0	7169683456	7169683456	2026930176	5111209984	0	3402039296	371965	4792303616	984580096	406274048	3433168896	27465105408
2026-09-28T05:27:09+04:00	ck9e-whole-2	0	0	20752347136	20780789760	2027286528	18650902528	0	10598629376	371965	11988811776	984842240	406274048	10597695488	20294422528
2026-09-28T05:27:19+04:00	ck9e-whole-2	0	0	23017906176	23056146432	2027462656	20895744000	0	14117666816	371965	15507963904	985104384	405880832	14116978688	16786071552
2026-09-28T05:27:30+04:00	ck9e-whole-2	0	0	25387241472	25438162944	2027659264	23242416128	0	18017140736	371965	19404865536	985366528	403390464	18016108544	12875251712
2026-09-28T05:27:43+04:00	ck9e-whole-2	0	0	27718991872	27725103104	2027810816	25559035904	0	21033254912	371965	22355689472	985759744	330907648	21048590336	9929572352
2026-09-28T05:27:53+04:00	ck9e-whole-2	0	0	27290910720	28590960640	2268958720	24868814848	0	20375945216	371965	22292557824	1509888000	407846912	20374822912	10359365632
2026-09-28T05:28:04+04:00	ck9e-whole-2	1	0	27778686976	28590960640	2718507008	24904884224	0	20375945216	371965	22542610432	1751027712	416759808	20374822912	9899905024
2026-09-28T05:28:14+04:00	ck9e-whole-2	1	0	27778691072	28590960640	2718507008	24904884224	0	20375945216	371965	22542610432	1751027712	416759808	20374822912	9891188736
2026-09-28T05:28:27+04:00	ck9e-whole-2	1	0	27785150464	28590960640	2723389440	24904990720	0	20375945216	371965	22543396864	1751814144	416759808	20374822912	9889669120
2026-09-28T05:28:38+04:00	ck9e-whole-2	1	0	27785162752	28590960640	2723405824	24904990720	0	20375945216	371965	22543396864	1751814144	416759808	20374822912	9890267136
2026-09-28T05:28:48+04:00	ck9e-whole-2	1	0	27829751808	28590960640	2767732736	24905146368	0	20375945216	371965	22588616704	1795985408	417808384	20374822912	9833906176
2026-09-28T05:29:02+04:00	ck9e-whole-2	1	0	27829985280	28590960640	2767732736	24905146368	0	20375945216	371965	22588616704	1795985408	417808384	20374822912	9834438656
2026-09-28T05:29:22+04:00	ck9s-whole-2	0	0	1870598144	1889644544	1583198208	273825792	0	77606912	381238	962379776	542949376	342097920	77594624	31170863104
2026-09-28T05:29:35+04:00	ck9s-whole-2	0	0	6501224448	6501224448	2024796160	4449320960	0	2102214656	381238	3483398144	982458368	399331328	2101608448	28654977024
2026-09-28T05:29:45+04:00	ck9s-whole-2	0	0	11077402624	11077648384	2024947712	9036042240	0	4415557632	381238	5797474304	982458368	399462400	4415553536	26362146816
2026-09-28T05:29:56+04:00	ck9s-whole-2	0	0	13700751360	13700751360	2025000960	11631472640	0	5716361216	381238	7097053184	982458368	399462400	5715132416	24123572224
2026-09-28T05:30:09+04:00	ck9s-whole-2	0	0	15877455872	15877455872	2025078784	13804400640	0	6794264576	381238	8175644672	982720512	399462400	6793461760	21973430272
2026-09-28T05:30:19+04:00	ck9s-whole-2	0	0	18790813696	18791337984	2025127936	16713490432	0	8252604416	381238	9633820672	982720512	399462400	8251637760	19965267968
2026-09-28T05:30:30+04:00	ck9s-whole-2	0	0	21509300224	21509300224	2025205760	19423916032	0	9710944256	381238	11091865600	982720512	399462400	9709682688	18537406464
2026-09-28T05:30:43+04:00	ck9s-whole-2	0	0	24875204608	24875331584	2025357312	22781308928	0	12521783296	381238	13912403968	982720512	399462400	12531662848	18465853440
2026-09-28T05:30:53+04:00	ck9s-whole-2	0	0	26650624000	26680778752	2025533440	24524771328	0	16178364416	381238	17551749120	982982656	391335936	16177430528	14797426688
2026-09-28T05:31:04+04:00	ck9s-whole-2	0	0	27158474752	27193733120	2025607168	25025089536	0	17446486016	381238	18800865280	982982656	372330496	17445552128	13518884864
2026-09-28T05:31:17+04:00	ck9s-whole-2	0	0	27789705216	27802251264	2025684992	25645613056	0	18968231936	381238	20315533312	983244800	365121536	18967166976	11997380608
2026-09-28T05:31:28+04:00	ck9s-whole-2	0	0	27522711552	28270497792	2025734144	25371897856	0	20299759616	381238	21645914112	983244800	363810816	20298858496	10681360384
2026-09-28T05:31:38+04:00	ck9s-whole-2	0	0	28585525248	28605554688	2025783296	26429771776	0	21250850816	381238	22595268608	983375872	361975808	21249916928	9721761792
2026-09-28T05:31:52+04:00	ck9s-whole-2	0	0	28872896512	28873420800	2009231360	26730967040	0	22011723776	381238	23402467328	967311360	426463232	22010265600	8958287872
2026-09-28T05:32:02+04:00	ck9s-whole-2	1	0	28494270464	29073870848	3082784768	25281384448	0	20375945216	381238	22843117568	1989480448	479023104	20374614016	9637064704
2026-09-28T05:32:12+04:00	ck9s-whole-2	1	0	28665708544	29073870848	3231899648	25301155840	0	20375945216	381238	22847705088	1989611520	483479552	20374614016	9500729344
2026-09-28T05:32:26+04:00	ck9s-whole-2	1	0	28665708544	29073870848	3231899648	25301155840	0	20375945216	381238	22847705088	1989611520	483479552	20374614016	9493667840
2026-09-28T05:32:37+04:00	ck9s-whole-2	1	1	28205932544	29073870848	3235864576	24835973120	0	20375945216	381238	22847442944	1990004736	482824192	20374614016	8754683904
2026-09-28T05:32:47+04:00	ck9s-whole-2	1	1	27707412480	29073870848	3277238272	24296034304	0	20375945216	381238	22885564416	2031403008	479547392	20374614016	9161261056
2026-09-28T05:32:58+04:00	ck9s-whole-2	1	3	27707527168	29073870848	3277307904	24296034304	0	20375945216	381238	22885564416	2031403008	479547392	20374614016	9273442304
2026-09-28T05:33:12+04:00	ck9s-whole-2	1	4	27402862592	29073870848	3305930752	23959891968	0	20375945216	381238	22879809536	2031677440	473518080	20374614016	8526135296
2026-09-28T05:33:32+04:00	ck9e-mirror-2	0	0	4822777856	4822777856	1905917952	2895282176	0	1184907264	402471	2738184192	863965184	689852416	1184890880	27275952128
2026-09-28T05:33:45+04:00	ck9e-mirror-2	0	0	20740698112	20742991872	16384544768	4303548416	0	1721778176	402471	17463287808	15342170112	399355904	1721761792	12255617024
2026-09-28T05:33:56+04:00	ck9e-mirror-2	0	0	20742832128	20743184384	16384581632	4305866752	0	1723764736	402471	17465909248	15342301184	399880192	1723727872	12186058752
2026-09-28T05:34:06+04:00	ck9e-mirror-2	0	0	20829679616	20830281728	16471052288	4306059264	0	1723764736	402471	17553858560	15428808704	401321984	1723727872	12152356864
2026-09-28T05:34:19+04:00	ck9e-mirror-2	0	0	20856700928	20858986496	16471126016	4332892160	0	1723764736	402471	17556348928	15428939776	403681280	1723727872	14830006272
2026-09-28T05:34:30+04:00	ck9e-mirror-2	0	0	19550208000	21182742528	16792145920	2711310336	0	87986176	402471	16338714624	15750066176	500674560	87973888	16163889152
2026-09-28T05:34:40+04:00	ck9e-mirror-2	0	0	19801747456	21182742528	17039163392	2715205632	0	87986176	402471	16596926464	15997005824	511946752	87973888	15928029184
2026-09-28T05:34:54+04:00	ck9e-mirror-2	0	0	19819360256	21182742528	17051537408	2720333824	0	87986176	402471	16609771520	16009457664	512339968	87973888	15900626944
2026-09-28T05:35:04+04:00	ck9e-mirror-2	1	0	20024864768	21182742528	17256337408	2720481280	0	87986176	402471	16817922048	16214069248	515878912	87973888	15648325632
2026-09-28T05:35:14+04:00	ck9e-mirror-2	1	0	20231385088	21182742528	17456480256	2725142528	0	87986176	402471	16821723136	16214200320	519548928	87973888	15466717184
2026-09-28T05:35:28+04:00	ck9e-mirror-2	1	0	20231385088	21182742528	17456480256	2725142528	0	87986176	402471	16821723136	16214200320	519548928	87973888	15512743936
2026-09-28T05:35:38+04:00	ck9e-mirror-2	1	0	20237049856	21182742528	17460367360	2725457920	0	87986176	402471	16821985280	16214462464	519548928	87973888	15428448256
2026-09-28T05:35:48+04:00	ck9e-mirror-2	1	0	20237303808	21182742528	17460371456	2725552128	0	87986176	402471	16821985280	16214462464	519548928	87973888	15462539264
2026-09-28T05:36:02+04:00	ck9e-mirror-2	1	0	20280909824	21182742528	17503952896	2725646336	0	87986176	402471	16866635776	16258064384	520597504	87973888	15428603904
2026-09-28T05:36:12+04:00	ck9e-mirror-2	1	0	20363751424	21182742528	17586585600	2725933056	0	87986176	402471	16866635776	16258064384	520597504	87973888	15367557120
2026-09-28T05:37:06+04:00	ck9e-whole-3	0	0	1747345408	1748455424	1647435776	87109632	0	77606912	424445	1076674560	606650368	392560640	77594624	31321190400
2026-09-28T05:37:19+04:00	ck9e-whole-3	0	0	4184784896	4184784896	2021076992	2140962816	0	1911996416	424445	3296792576	978751488	406618112	1911422976	29142749184
2026-09-28T05:37:29+04:00	ck9e-whole-3	0	0	19520413696	19520413696	2021486592	17431961600	0	9584132096	424445	10968698880	979013632	406749184	9582936064	21522862080
2026-09-28T05:37:39+04:00	ck9e-whole-3	0	0	23826108416	23835611136	2021711872	21711970304	0	14149369856	424445	15529349120	979275776	401768448	14180024320	16945971200
2026-09-28T05:37:53+04:00	ck9e-whole-3	0	0	26767073280	26804523008	2021961728	24623214592	0	19253559296	424445	20622020608	979537920	389578752	19252903936	11860992000
2026-09-28T05:38:03+04:00	ck9e-whole-3	0	0	28828233728	28829601792	2246152192	26444423168	0	22011723776	424445	23657861120	1205719040	441745408	22010396672	8942575616
2026-09-28T05:38:13+04:00	ck9e-whole-3	1	0	27948990464	28858810368	2991136768	24822939648	0	20375945216	424445	22586945536	1749528576	462716928	20374700032	9815650304
2026-09-28T05:38:27+04:00	ck9e-whole-3	1	0	27948990464	28858810368	2991136768	24822939648	0	20375945216	424445	22586945536	1749528576	462716928	20374700032	9814073344
2026-09-28T05:38:37+04:00	ck9e-whole-3	1	0	27950051328	28858810368	2991546368	24823255040	0	20375945216	424445	22587207680	1749790720	462716928	20374700032	9805959168
2026-09-28T05:38:47+04:00	ck9e-whole-3	1	0	27955126272	28858810368	2995380224	24823398400	0	20375945216	424445	22587469824	1750052864	462716928	20374700032	9794134016
2026-09-28T05:39:00+04:00	ck9e-whole-3	1	0	28001079296	28858810368	3039199232	24825401344	0	20375945216	424445	22632214528	1793748992	463765504	20374700032	9748553728
2026-09-28T05:39:11+04:00	ck9e-whole-3	1	0	28002107392	28858810368	3039199232	24825675776	0	20375945216	424445	22632214528	1793748992	463765504	20374700032	9750249472
2026-09-28T05:39:34+04:00	ck9s-mirror-2	0	0	619081728	619081728	424558592	188612608	0	0	434730	695021568	418066432	276955136	0	32675160064
2026-09-28T05:39:44+04:00	ck9s-mirror-2	0	0	14849552384	14850707456	11326918656	3476766720	0	1721778176	435124	12409749504	10283655168	404332544	1721761792	20000010240
2026-09-28T05:39:54+04:00	ck9s-mirror-2	0	0	19925532672	19926466560	16390651904	3479556096	0	1723764736	435124	17476206592	15347359744	405118976	1723727872	14882414592
2026-09-28T05:40:07+04:00	ck9s-mirror-2	0	0	20055257088	20057522176	16477196288	3522420736	0	1723764736	435124	17566908416	15433998336	409182208	1723727872	14770126848
2026-09-28T05:40:18+04:00	ck9s-mirror-2	0	0	18743918592	20376358912	16793128960	1901080576	0	87986176	435124	16343769088	15750012928	505782272	87973888	16120737792
2026-09-28T05:40:28+04:00	ck9s-mirror-2	0	0	18743951360	20376358912	16793161728	1901080576	0	87986176	435124	16343769088	15750012928	505782272	87973888	16079556608
2026-09-28T05:40:41+04:00	ck9s-mirror-2	0	0	18995085312	20376358912	17040093184	1904406528	0	87986176	435124	16601587712	15996952576	516661248	87973888	15838924800
2026-09-28T05:40:51+04:00	ck9s-mirror-2	0	0	19405529088	20376358912	17292615680	2061692928	0	87986176	435124	16860323840	16249528320	522821632	87973888	15591682048
2026-09-28T05:41:02+04:00	ck9s-mirror-2	1	0	19815305216	20376358912	17697140736	2064687104	0	87986176	435124	17073238016	16455233536	530030592	87973888	15167459328
2026-09-28T05:41:12+04:00	ck9s-mirror-2	1	0	19815305216	20376358912	17697140736	2064687104	0	87986176	435124	17073238016	16455233536	530030592	87973888	15145545728
2026-09-28T05:41:25+04:00	ck9s-mirror-2	1	0	19816693760	20376358912	17697267712	2064904192	0	87986176	435124	17073238016	16455233536	530030592	87973888	15150772224
2026-09-28T05:41:35+04:00	ck9s-mirror-2	1	1	19820908544	20376358912	17701310464	2064904192	0	87986176	435124	17073500160	16455495680	530030592	87973888	15108661248
2026-09-28T05:41:46+04:00	ck9s-mirror-2	1	2	19862237184	20376358912	17742077952	2064904192	0	87986176	435124	17115299840	16496246784	531079168	87973888	15105511424
2026-09-28T05:41:59+04:00	ck9s-mirror-2	1	3	19862106112	20376358912	17742163968	2064904192	0	87986176	435124	17115299840	16496246784	531079168	87973888	15095783424
2026-09-28T05:42:10+04:00	ck9s-mirror-2	1	4	19946516480	20376358912	17826664448	2064916480	0	87986176	435124	17116348416	16497295360	531079168	87973888	15021555712
2026-09-28T05:42:53+04:00	ck9s-whole-3	0	0	648310784	648835072	644337664	16384	0	12288	446689	700616704	422219776	278396928	0	32357388288
2026-09-28T05:43:06+04:00	ck9s-whole-3	0	0	7219326976	7220465664	2021744640	5166473216	0	3433742336	446879	4819550208	979222528	407552000	3432775680	27540787200
2026-09-28T05:43:16+04:00	ck9s-whole-3	0	0	22163210240	22163357696	2022125568	20069068800	0	11359502336	446879	12745605120	979746816	407552000	11358306304	19593711616
2026-09-28T05:43:27+04:00	ck9s-whole-3	0	0	24985153536	24986464256	2022350848	22843252736	0	15893037056	446879	17279647744	980140032	407552000	15923675136	15073374208
2026-09-28T05:43:40+04:00	ck9s-whole-3	0	0	27616423936	27623571456	2022604800	25470341120	0	20553383936	446879	21861662720	980664320	328384512	20552613888	10438078464
2026-09-28T05:43:50+04:00	ck9s-whole-3	0	0	27903987712	28836941824	2690576384	25086783488	0	20375945216	446879	22569664512	1761587200	432848896	20375228416	9935908864
2026-09-28T05:44:01+04:00	ck9s-whole-3	1	0	28354342912	28836941824	3121238016	25104121856	0	20375945216	446879	22806142976	1989152768	441761792	20375228416	9507299328
2026-09-28T05:44:14+04:00	ck9s-whole-3	1	0	28354342912	28836941824	3121238016	25104121856	0	20375945216	446879	22806142976	1989152768	441761792	20375228416	9518546944
2026-09-28T05:44:25+04:00	ck9s-whole-3	1	1	28360556544	28836941824	3125858304	25104408576	0	20375945216	446879	22807060480	1990070272	441761792	20375228416	9500884992
2026-09-28T05:44:35+04:00	ck9s-whole-3	1	1	28361408512	28836941824	3125870592	25104408576	0	20375945216	446879	22807060480	1990070272	441761792	20375228416	9470668800
2026-09-28T05:44:49+04:00	ck9s-whole-3	1	3	28426072064	28836941824	3167989760	25127505920	0	20375945216	446879	22849626112	2031718400	442679296	20375228416	9412116480
2026-09-28T05:44:59+04:00	ck9s-whole-3	1	4	28463038464	28836941824	3251167232	25081352192	0	20375945216	446879	22849650688	2031742976	442679296	20375228416	9347031040
2026-09-28T05:45:32+04:00	ck9e-mirror-3	0	0	566288384	566550528	388968448	172101632	0	0	455631	657195008	382861312	274333696	0	31264501760
2026-09-28T05:45:43+04:00	ck9e-mirror-3	0	0	18935582720	18992336896	15538327552	3424690176	0	1721778176	455863	16715046912	14722527232	405499904	1721761792	15417532416
2026-09-28T05:45:53+04:00	ck9e-mirror-3	0	0	19958132736	19958579200	16474910720	3427381248	0	1723764736	455863	17563738112	15432413184	407597056	1723727872	13870010368
2026-09-28T05:46:07+04:00	ck9e-mirror-3	0	0	18673287168	20306182144	16792092672	1831178240	0	87986176	455863	16345030656	15749869568	507211776	87949312	14252281856
2026-09-28T05:46:17+04:00	ck9e-mirror-3	0	0	18673520640	20306182144	16792330240	1831178240	0	87986176	455863	16345161728	15750000640	507211776	87949312	16146870272
2026-09-28T05:46:27+04:00	ck9e-mirror-3	0	0	18925146112	20306182144	17039532032	1834967040	0	87986176	455863	16603504640	15997202432	518352896	87949312	15884853248
2026-09-28T05:46:41+04:00	ck9e-mirror-3	0	0	18942693376	20306182144	17051873280	1840066560	0	87986176	455863	16616480768	16009523200	519008256	87949312	14774022144
2026-09-28T05:46:51+04:00	ck9e-mirror-3	1	0	19353432064	20306182144	17455652864	1844760576	0	87986176	455863	16828305408	16214269952	526086144	87949312	13077557248
2026-09-28T05:47:01+04:00	ck9e-mirror-3	1	0	19353432064	20306182144	17455652864	1844760576	0	87986176	455863	16828305408	16214269952	526086144	87949312	15475388416
2026-09-28T05:47:15+04:00	ck9e-mirror-3	1	0	19355160576	20306182144	17456242688	1845075968	0	87986176	455863	16828698624	16214663168	526086144	87949312	15459942400
2026-09-28T05:47:25+04:00	ck9e-mirror-3	1	0	19359576064	20306182144	17460019200	1845075968	0	87986176	455863	16828960768	16214925312	526086144	87949312	15421415424
2026-09-28T05:47:35+04:00	ck9e-mirror-3	1	0	19402461184	20306182144	17502609408	1845264384	0	87986176	455863	16872546304	16257462272	527134720	87949312	14395715584
2026-09-28T05:47:49+04:00	ck9e-mirror-3	1	0	19402735616	20306182144	17502609408	1845538816	0	87986176	455863	16872546304	16257462272	527134720	87949312	13260230656
2026-09-28T05:48:09+04:00	ck9s-mirror-3	0	0	1553342464	1554391040	1421578240	121561088	0	75509760	465289	834289664	558120960	276168704	0	31121014784
2026-09-28T05:48:22+04:00	ck9s-mirror-3	0	0	18252963840	18254872576	16385470464	1817706496	0	1723764736	465288	17474027520	15343312896	406986752	1723727872	14757601280
2026-09-28T05:48:32+04:00	ck9s-mirror-3	0	0	18339561472	18355941376	16472006656	1817792512	0	1723764736	465288	17564336128	15429689344	410918912	1723727872	13570715648
2026-09-28T05:48:43+04:00	ck9s-mirror-3	0	0	17020100608	18652618752	16793886720	182476800	0	87986176	465288	16347463680	15751471104	508043264	87949312	15542951936
2026-09-28T05:48:56+04:00	ck9s-mirror-3	0	0	17267572736	18652618752	17040683008	182566912	0	87986176	465288	16604889088	15998148608	518791168	87949312	15689916416
2026-09-28T05:49:06+04:00	ck9s-mirror-3	0	0	17520504832	18652618752	17293099008	182566912	0	87986176	465288	16863494144	16250593280	524951552	87949312	15431733248
2026-09-28T05:49:17+04:00	ck9s-mirror-3	1	0	17925685248	18652618752	17696329728	181858304	0	87986176	465288	17072496640	16455532544	529014784	87949312	15028944896
2026-09-28T05:49:27+04:00	ck9s-mirror-3	1	0	17925603328	18652618752	17696808960	181731328	0	87986176	465288	17076035584	16455794688	532291584	87949312	14999343104
2026-09-28T05:49:41+04:00	ck9s-mirror-3	1	0	17925586944	18652618752	17696808960	181714944	0	87986176	465288	17076035584	16455794688	532291584	87949312	14993092608
2026-09-28T05:49:51+04:00	ck9s-mirror-3	1	1	17932042240	18652618752	17701879808	181657600	0	87986176	465288	17076690944	16456450048	532291584	87949312	14983749632
2026-09-28T05:50:01+04:00	ck9s-mirror-3	1	1	17932509184	18652618752	17701883904	181657600	0	87986176	465288	17076690944	16456450048	532291584	87949312	15129370624
2026-09-28T05:50:15+04:00	ck9s-mirror-3	1	3	17973362688	18652618752	17744330752	180400128	0	87986176	465288	17120206848	16498917376	533340160	87949312	15000199168
2026-09-28T05:50:25+04:00	ck9s-mirror-3	1	3	18087608320	18652618752	17863606272	177065984	0	87986176	465288	17119223808	16497934336	533340160	87949312	14290403328
2026-09-28T05:50:49+04:00	ck9e-whole-256k	0	0	4005322752	4005572608	2025017344	1956782080	0	1816887296	484753	3204059136	982540288	404992000	1816526848	28494893056
2026-09-28T05:50:59+04:00	ck9e-whole-256k	0	0	18060001280	18064084992	2025406464	16004476928	0	8854962176	484753	10242101248	983064576	405123072	8853913600	21425164288
2026-09-28T05:51:09+04:00	ck9e-whole-256k	0	0	21304733696	21328945152	2025615360	19187011584	0	13039763456	484753	14406782976	983326720	384544768	13038911488	17256304640
2026-09-28T05:51:23+04:00	ck9e-whole-256k	0	0	25161527296	25163833344	2025889792	23000342528	0	18619498496	484753	19947720704	983588864	346009600	18618122240	11688288256
2026-09-28T05:51:33+04:00	ck9e-whole-256k	0	0	27710615552	27803779072	2063134720	25502564352	0	22011723776	484753	23681245184	1254191104	417312768	22010658816	8516767744
2026-09-28T05:51:44+04:00	ck9e-whole-256k	1	0	26507898880	27803779072	2771197952	23590293504	0	20375945216	484753	22558785536	1750536192	433303552	20374945792	9852276736
2026-09-28T05:51:57+04:00	ck9e-whole-256k	1	0	26507902976	27803779072	2771197952	23590293504	0	20375945216	484753	22558785536	1750536192	433303552	20374945792	9862287360
2026-09-28T05:52:07+04:00	ck9e-whole-256k	1	0	26652053504	27803779072	2913849344	23590621184	0	20375945216	484753	22558916608	1750667264	433303552	20374945792	9707831296
2026-09-28T05:52:18+04:00	ck9e-whole-256k	1	0	26600775680	27803779072	2862034944	23590621184	0	20375945216	484753	22559834112	1751584768	433303552	20374945792	9660837888
2026-09-28T05:52:31+04:00	ck9e-whole-256k	1	0	25842483200	27803779072	2767216640	22924431360	0	20375945216	484753	22551576576	1751584768	425046016	20374945792	9817882624
2026-09-28T05:52:42+04:00	ck9e-whole-256k	1	0	25386250240	27803779072	2664140800	22573891584	0	20375945216	484753	22521167872	1734021120	412200960	20374945792	9272004608
2026-09-28T05:52:52+04:00	ck9e-whole-256k	1	0	25386250240	27803779072	2664140800	22573891584	0	20375945216	484753	22521167872	1734021120	412200960	20374945792	9294712832
2026-09-28T05:53:05+04:00	ck9e-whole-256k	1	0	25386254336	27803779072	2664144896	22573891584	0	20375945216	484753	22521167872	1734021120	412200960	20374945792	9296338944
2026-09-28T05:53:16+04:00	ck9e-whole-256k	1	0	25386254336	27803779072	2664144896	22573891584	0	20375945216	484753	22521167872	1734021120	412200960	20374945792	9288491008
2026-09-28T05:53:26+04:00	ck9e-whole-256k	1	0	25551773696	27803779072	2808868864	22594265088	0	20375945216	484753	22582419456	1793568768	413904896	20374945792	9138331648
2026-09-28T05:53:36+04:00	ck9e-whole-256k	1	0	25552027648	27803779072	2808868864	22594265088	0	20375945216	484753	22582419456	1793568768	413904896	20374945792	9154322432
2026-09-28T05:53:50+04:00	ck9e-whole-256k	1	0	25246351360	27803779072	2717503488	22379065344	0	20375945216	484753	22521733120	1748348928	398438400	20374945792	9901494272
2026-09-28T05:54:00+04:00	ck9e-whole-256k	1	0	25246613504	27803779072	2717507584	22379065344	0	20375945216	484753	22521733120	1748348928	398438400	20374945792	9910456320
2026-09-28T05:54:11+04:00	ck9e-whole-256k	1	0	25246093312	27803779072	2717507584	22379065344	0	20375945216	484753	22521733120	1748348928	398438400	20374945792	9919098880
2026-09-28T05:54:24+04:00	ck9e-whole-256k	1	0	25246093312	27803779072	2717507584	22379065344	0	20375945216	484753	22521733120	1748348928	398438400	20374945792	9909108736
2026-09-28T05:54:34+04:00	ck9e-whole-256k	1	0	25246093312	27803779072	2717507584	22379065344	0	20375945216	484753	22521733120	1748348928	398438400	20374945792	9908350976
2026-09-28T05:54:45+04:00	ck9e-whole-256k	1	0	25268944896	27803779072	2726285312	22392471552	0	20375945216	484753	22535364608	1756737536	403681280	20374945792	9937915904
2026-09-28T05:54:58+04:00	ck9e-whole-256k	1	0	25269141504	27803779072	2726318080	22392717312	0	20375945216	484753	22535364608	1756737536	403681280	20374945792	9917095936
2026-09-28T05:55:09+04:00	ck9e-whole-256k	1	0	25269485568	27803779072	2726322176	22392717312	0	20375945216	484753	22535364608	1756737536	403681280	20374945792	9919873024
2026-09-28T05:55:19+04:00	ck9e-whole-256k	1	0	25269018624	27803779072	2726322176	22392717312	0	20375945216	484753	22535364608	1756737536	403681280	20374945792	9897021440
2026-09-28T05:55:32+04:00	ck9e-whole-256k	1	0	25269485568	27803779072	2726322176	22392717312	0	20375945216	484753	22535364608	1756737536	403681280	20374945792	9890291712
2026-09-28T05:55:43+04:00	ck9e-whole-256k	1	0	25269432320	27803779072	2726322176	22392717312	0	20375945216	484753	22535364608	1756737536	403681280	20374945792	9883099136
2026-09-28T05:55:53+04:00	ck9e-whole-256k	1	0	25269506048	27803779072	2726322176	22392717312	0	20375945216	484753	22535364608	1756737536	403681280	20374945792	9898336256
2026-09-28T05:56:07+04:00	ck9e-whole-256k	1	0	25269510144	27803779072	2726322176	22392717312	0	20375945216	484753	22535364608	1756737536	403681280	20374945792	9898373120
2026-09-28T05:56:17+04:00	ck9e-whole-256k	1	0	25269219328	27803779072	2726322176	22392717312	0	20375945216	484753	22535364608	1756737536	403681280	20374945792	9891340288
2026-09-28T05:56:27+04:00	ck9e-whole-256k	1	0	25269301248	27803779072	2726322176	22392717312	0	20375945216	484753	22535364608	1756737536	403681280	20374945792	9898078208
2026-09-28T05:56:41+04:00	ck9e-whole-256k	1	0	25269567488	27803779072	2726322176	22392717312	0	20375945216	484753	22535364608	1756737536	403681280	20374945792	9898405888
2026-09-28T05:56:51+04:00	ck9e-whole-256k	1	0	25269121024	27803779072	2726322176	22392717312	0	20375945216	484753	22535364608	1756737536	403681280	20374945792	9867890688
2026-09-28T05:57:01+04:00	ck9e-whole-256k	1	0	25269059584	27803779072	2726322176	22392717312	0	20375945216	484753	22535364608	1756737536	403681280	20374945792	9788919808
2026-09-28T05:57:15+04:00	ck9e-whole-256k	1	0	25269252096	27803779072	2726322176	22392717312	0	20375945216	484753	22535364608	1756737536	403681280	20374945792	9797341184
2026-09-28T05:57:26+04:00	ck9e-whole-256k	1	0	25269190656	27803779072	2726322176	22392717312	0	20375945216	484753	22535364608	1756737536	403681280	20374945792	9787555840
2026-09-28T05:57:36+04:00	ck9e-whole-256k	1	0	25269538816	27803779072	2726322176	22392717312	0	20375945216	484753	22535364608	1756737536	403681280	20374945792	9782538240
2026-09-28T05:57:49+04:00	ck9e-whole-256k	1	0	25269239808	27803779072	2726322176	22392717312	0	20375945216	484753	22535364608	1756737536	403681280	20374945792	9782669312
2026-09-28T05:58:00+04:00	ck9e-whole-256k	1	0	25269178368	27803779072	2726322176	22392717312	0	20375945216	484753	22535364608	1756737536	403681280	20374945792	9776156672
2026-09-28T05:58:10+04:00	ck9e-whole-256k	1	0	25269112832	27803779072	2726322176	22392717312	0	20375945216	484753	22535364608	1756737536	403681280	20374945792	9799380992
2026-09-28T05:58:20+04:00	ck9e-whole-256k	1	0	25269366784	27803779072	2726322176	22392717312	0	20375945216	484753	22535364608	1756737536	403681280	20374945792	9898565632
2026-09-28T05:58:34+04:00	ck9e-whole-256k	1	0	25269260288	27803779072	2726326272	22392717312	0	20375945216	484753	22535364608	1756737536	403681280	20374945792	9913630720
2026-09-28T05:58:44+04:00	ck9e-whole-256k	1	0	25269714944	27803779072	2726481920	22392717312	0	20375945216	484753	22535495680	1756868608	403681280	20374945792	9316683776
2026-09-28T05:58:54+04:00	ck9e-whole-256k	1	0	25269530624	27803779072	2726637568	22392717312	0	20375945216	484753	22535626752	1756999680	403681280	20374945792	8677261312
2026-09-28T05:59:08+04:00	ck9e-whole-256k	1	0	25269751808	27803779072	2726789120	22392717312	0	20375945216	484753	22535757824	1757130752	403681280	20374945792	9360371712
2026-09-28T05:59:18+04:00	ck9e-whole-256k	1	0	25270546432	27803779072	2727407616	22392717312	0	20375945216	484753	22536413184	1757786112	403681280	20374945792	9641390080
2026-09-28T05:59:28+04:00	ck9e-whole-256k	1	0	25270480896	27803779072	2727407616	22392717312	0	20375945216	484753	22536413184	1757786112	403681280	20374945792	8576925696
2026-09-28T05:59:42+04:00	ck9e-whole-256k	1	0	25270677504	27803779072	2727411712	22392717312	0	20375945216	484753	22536413184	1757786112	403681280	20374945792	7268114432
2026-09-28T05:59:52+04:00	ck9e-whole-256k	1	0	25270906880	27803779072	2727411712	22392717312	0	20375945216	484753	22536413184	1757786112	403681280	20374945792	7081693184
2026-09-28T06:00:02+04:00	ck9e-whole-256k	1	0	25270558720	27803779072	2727505920	22392717312	0	20375945216	484753	22536544256	1757917184	403681280	20374945792	6989197312
2026-09-28T06:00:16+04:00	ck9e-whole-256k	1	0	25270546432	27803779072	2727641088	22392717312	0	20375945216	484753	22536675328	1758048256	403681280	20374945792	9837412352
2026-09-28T06:00:26+04:00	ck9e-whole-256k	1	0	25270640640	27803779072	2727776256	22392717312	0	20375945216	484753	22536806400	1758179328	403681280	20374945792	9813233664
2026-09-28T06:00:36+04:00	ck9e-whole-256k	1	0	25271115776	27803779072	2727923712	22392717312	0	20375945216	484753	22536937472	1758310400	403681280	20374945792	9812103168
2026-09-28T06:00:50+04:00	ck9e-whole-256k	1	0	25271246848	27803779072	2728083456	22392717312	0	20375945216	484753	22537068544	1758441472	403681280	20374945792	9803825152
2026-09-28T06:01:00+04:00	ck9e-whole-256k	1	0	25271603200	27803779072	2728218624	22392717312	0	20375945216	484753	22537199616	1758572544	403681280	20374945792	9834065920
2026-09-28T06:01:10+04:00	ck9e-whole-256k	1	0	25273217024	27803779072	2729168896	22393720832	0	20375945216	484753	22538506240	1759879168	403681280	20374945792	9744433152
2026-09-28T06:01:23+04:00	ck9e-whole-256k	1	0	25273319424	27803779072	2729168896	22393720832	0	20375945216	484753	22538506240	1759879168	403681280	20374945792	9710739456
2026-09-28T06:01:34+04:00	ck9e-whole-256k	1	0	25275150336	27803779072	2730774528	22393929728	0	20375945216	484753	22539505664	1760878592	403681280	20374945792	9783177216
2026-09-28T06:01:44+04:00	ck9e-whole-256k	1	0	25276100608	27803779072	2731339776	22394277888	0	20375945216	484753	22539624448	1760997376	403681280	20374945792	9772298240
2026-09-28T06:01:57+04:00	ck9e-whole-256k	1	0	25276194816	27803779072	2731343872	22394388480	0	20375945216	484753	22539636736	1761009664	403681280	20374945792	9762598912
2026-09-28T06:02:08+04:00	ck9e-whole-256k	1	0	25276207104	27803779072	2731343872	22394388480	0	20375945216	484753	22539636736	1761009664	403681280	20374945792	9734811648
2026-09-28T06:02:18+04:00	ck9e-whole-256k	1	0	25276235776	27803779072	2731343872	22394388480	0	20375945216	484753	22539636736	1761009664	403681280	20374945792	9694060544
2026-09-28T06:02:32+04:00	ck9e-whole-256k	1	0	25276239872	27803779072	2731343872	22394388480	0	20375945216	484753	22539636736	1761009664	403681280	20374945792	9679118336
2026-09-28T06:02:42+04:00	ck9e-whole-256k	1	0	25275985920	27803779072	2731352064	22394388480	0	20375945216	484753	22539636736	1761009664	403681280	20374945792	9657282560
2026-09-28T06:02:53+04:00	ck9e-whole-256k	1	0	25276473344	27803779072	2731352064	22394388480	0	20375945216	484753	22539636736	1761009664	403681280	20374945792	9660575744
2026-09-28T06:03:03+04:00	ck9e-whole-256k	1	0	25276260352	27803779072	2731352064	22394388480	0	20375945216	484753	22539636736	1761009664	403681280	20374945792	9772601344
2026-09-28T06:03:17+04:00	ck9e-whole-256k	1	0	25276755968	27803779072	2731352064	22394388480	0	20375945216	484753	22539636736	1761009664	403681280	20374945792	9835143168
2026-09-28T06:03:27+04:00	ck9e-whole-256k	1	0	25276178432	27803779072	2731352064	22394388480	0	20375945216	484753	22539636736	1761009664	403681280	20374945792	9842548736
2026-09-28T06:03:37+04:00	ck9e-whole-256k	1	0	25276649472	27803779072	2731352064	22394388480	0	20375945216	484753	22539636736	1761009664	403681280	20374945792	9838813184
2026-09-28T06:03:51+04:00	ck9e-whole-256k	1	0	25276063744	27803779072	2731352064	22394388480	0	20375945216	484753	22539636736	1761009664	403681280	20374945792	9841688576
2026-09-28T06:04:01+04:00	ck9e-whole-256k	1	0	25276293120	27803779072	2731352064	22394388480	0	20375945216	484753	22539636736	1761009664	403681280	20374945792	9841639424
2026-09-28T06:04:12+04:00	ck9e-whole-256k	1	0	25276477440	27803779072	2731352064	22394388480	0	20375945216	484753	22539636736	1761009664	403681280	20374945792	9835286528
2026-09-28T06:04:25+04:00	ck9e-whole-256k	1	0	25276420096	27803779072	2731352064	22394388480	0	20375945216	484753	22539636736	1761009664	403681280	20374945792	9822797824
2026-09-28T06:04:36+04:00	ck9e-whole-256k	1	0	25276157952	27803779072	2731352064	22394388480	0	20375945216	484753	22539636736	1761009664	403681280	20374945792	9842634752
2026-09-28T06:04:46+04:00	ck9e-whole-256k	1	0	25276596224	27803779072	2731352064	22394388480	0	20375945216	484753	22539636736	1761009664	403681280	20374945792	9849163776
2026-09-28T06:04:59+04:00	ck9e-whole-256k	1	0	25276522496	27803779072	2731454464	22394388480	0	20375945216	484753	22539636736	1761009664	403681280	20374945792	9852465152
2026-09-28T06:05:10+04:00	ck9e-whole-256k	1	0	25276731392	27803779072	2731577344	22394388480	0	20375945216	484753	22539767808	1761140736	403681280	20374945792	9854275584
2026-09-28T06:05:20+04:00	ck9e-whole-256k	1	0	25276870656	27803779072	2731712512	22394388480	0	20375945216	484753	22539898880	1761271808	403681280	20374945792	9851904000
2026-09-28T06:05:34+04:00	ck9e-whole-256k	1	0	25277665280	27803779072	2732183552	22394388480	0	20375945216	484753	22540423168	1761796096	403681280	20374945792	9838456832
2026-09-28T06:05:44+04:00	ck9e-whole-256k	1	0	25277419520	27803779072	2732187648	22394388480	0	20375945216	484753	22540423168	1761796096	403681280	20374945792	9833152512
2026-09-28T06:05:54+04:00	ck9e-whole-256k	1	0	25277452288	27803779072	2732187648	22394388480	0	20375945216	484753	22540423168	1761796096	403681280	20374945792	9841451008
2026-09-28T06:06:08+04:00	ck9e-whole-256k	1	0	25277485056	27803779072	2732249088	22394388480	0	20375945216	484753	22540554240	1761927168	403681280	20374945792	9834160128
2026-09-28T06:06:18+04:00	ck9e-whole-256k	1	0	25277624320	27803779072	2732384256	22394388480	0	20375945216	484753	22540685312	1762058240	403681280	20374945792	9805496320
2026-09-28T06:06:28+04:00	ck9e-whole-256k	1	0	25277734912	27803779072	2732507136	22394388480	0	20375945216	484753	22540816384	1762189312	403681280	20374945792	9813565440
2026-09-28T06:06:42+04:00	ck9e-whole-256k	1	0	25277857792	27803779072	2732642304	22394388480	0	20375945216	484753	22540947456	1762320384	403681280	20374945792	9809575936
2026-09-28T06:06:52+04:00	ck9e-whole-256k	1	0	25277939712	27803779072	2732765184	22394388480	0	20375945216	484753	22541078528	1762451456	403681280	20374945792	9813843968
2026-09-28T06:07:03+04:00	ck9e-whole-256k	1	0	25278152704	27803779072	2732896256	22394388480	0	20375945216	484753	22541209600	1762582528	403681280	20374945792	9813049344
2026-09-28T06:07:13+04:00	ck9e-whole-256k	1	0	25278263296	27803779072	2733031424	22394388480	0	20375945216	484753	22541340672	1762713600	403681280	20374945792	9809485824
2026-09-28T06:07:27+04:00	ck9e-whole-256k	1	0	25278316544	27803779072	2733166592	22394388480	0	20375945216	484753	22541471744	1762844672	403681280	20374945792	9806045184
2026-09-28T06:07:37+04:00	ck9e-whole-256k	1	0	25278484480	27803779072	2733297664	22394388480	0	20375945216	484753	22541602816	1762975744	403681280	20374945792	9818165248
2026-09-28T06:07:47+04:00	ck9e-whole-256k	1	0	25278414848	27803779072	2733416448	22394388480	0	20375945216	484753	22541733888	1763106816	403681280	20374945792	9804111872
2026-09-28T06:08:01+04:00	ck9e-whole-256k	1	0	25278775296	27803779072	2733555712	22394388480	0	20375945216	484753	22541864960	1763237888	403681280	20374945792	9815273472
2026-09-28T06:08:11+04:00	ck9e-whole-256k	1	0	25278672896	27803779072	2733674496	22394388480	0	20375945216	484753	22541996032	1763368960	403681280	20374945792	9821298688
2026-09-28T06:08:22+04:00	ck9e-whole-256k	1	0	25278799872	27803779072	2733805568	22394388480	0	20375945216	484753	22542127104	1763500032	403681280	20374945792	9815048192
2026-09-28T06:08:35+04:00	ck9e-whole-256k	1	0	25279242240	27803779072	2733916160	22394388480	0	20375945216	484753	22542258176	1763631104	403681280	20374945792	9800474624
2026-09-28T06:08:46+04:00	ck9e-whole-256k	1	0	25279328256	27803779072	2734059520	22394388480	0	20375945216	484753	22542389248	1763762176	403681280	20374945792	9788850176
2026-09-28T06:08:56+04:00	ck9e-whole-256k	1	0	25279164416	27803779072	2734186496	22394388480	0	20375945216	484753	22542520320	1763893248	403681280	20374945792	9793216512
2026-09-28T06:09:10+04:00	ck9e-whole-256k	1	0	25279516672	27803779072	2734321664	22394388480	0	20375945216	484753	22542651392	1764024320	403681280	20374945792	9785831424
2026-09-28T06:09:20+04:00	ck9e-whole-256k	1	0	25281703936	27803779072	2736640000	22394388480	0	20375945216	484753	22543843328	1765216256	403681280	20374945792	9821294592
2026-09-28T06:09:30+04:00	ck9e-whole-256k	1	0	25281925120	27803779072	2736640000	22394630144	0	20375945216	484753	22543843328	1765216256	403681280	20374945792	9813757952
2026-09-28T06:09:44+04:00	ck9e-whole-256k	1	0	25282371584	27803779072	2736640000	22394630144	0	20375945216	484753	22543843328	1765216256	403681280	20374945792	9810542592
2026-09-28T06:09:54+04:00	ck9e-whole-256k	1	0	25282281472	27803779072	2736640000	22394630144	0	20375945216	484753	22543843328	1765216256	403681280	20374945792	9808637952
2026-09-28T06:10:05+04:00	ck9e-whole-256k	1	0	25282306048	27803779072	2736640000	22394630144	0	20375945216	484753	22543843328	1765216256	403681280	20374945792	9811415040
2026-09-28T06:10:18+04:00	ck9e-whole-256k	1	0	25281925120	27803779072	2736640000	22394630144	0	20375945216	484753	22543843328	1765216256	403681280	20374945792	9822769152
2026-09-28T06:10:29+04:00	ck9e-whole-256k	1	0	25281880064	27803779072	2736640000	22394630144	0	20375945216	484753	22543843328	1765216256	403681280	20374945792	9818378240
2026-09-28T06:10:39+04:00	ck9e-whole-256k	1	0	25282101248	27803779072	2736640000	22394630144	0	20375945216	484753	22543843328	1765216256	403681280	20374945792	9826566144
2026-09-28T06:10:53+04:00	ck9e-whole-256k	1	0	25282019328	27803779072	2736640000	22394630144	0	20375945216	484753	22543843328	1765216256	403681280	20374945792	9815150592
2026-09-28T06:11:03+04:00	ck9e-whole-256k	1	0	25281990656	27803779072	2736640000	22394630144	0	20375945216	484753	22543843328	1765216256	403681280	20374945792	9842348032
2026-09-28T06:11:14+04:00	ck9e-whole-256k	1	0	25281949696	27803779072	2736640000	22394630144	0	20375945216	484753	22543843328	1765216256	403681280	20374945792	9847742464
2026-09-28T06:11:27+04:00	ck9e-whole-256k	1	0	25282207744	27803779072	2736734208	22394630144	0	20375945216	484753	22543843328	1765216256	403681280	20374945792	9839935488
2026-09-28T06:11:38+04:00	ck9e-whole-256k	1	0	25282658304	27803779072	2736828416	22394630144	0	20375945216	484753	22543843328	1765216256	403681280	20374945792	9826914304
2026-09-28T06:11:48+04:00	ck9e-whole-256k	1	0	25282600960	27803779072	2736947200	22394630144	0	20375945216	484753	22543974400	1765347328	403681280	20374945792	9835683840
2026-09-28T06:11:58+04:00	ck9e-whole-256k	1	0	25282555904	27803779072	2737057792	22394630144	0	20375945216	484753	22544105472	1765478400	403681280	20374945792	9814786048
2026-09-28T06:12:12+04:00	ck9e-whole-256k	1	0	25282269184	27803779072	2737156096	22394630144	0	20375945216	484753	22544236544	1765609472	403681280	20374945792	9782009856
2026-09-28T06:12:22+04:00	ck9e-whole-256k	1	0	25282990080	27803779072	2737270784	22394630144	0	20375945216	484753	22544367616	1765740544	403681280	20374945792	9782095872
2026-09-28T06:12:32+04:00	ck9e-whole-256k	1	0	25282695168	27803779072	2737369088	22394630144	0	20375945216	484753	22544367616	1765740544	403681280	20374945792	9798172672
2026-09-28T06:12:46+04:00	ck9e-whole-256k	1	0	25282936832	27803779072	2737479680	22394630144	0	20375945216	484753	22544498688	1765871616	403681280	20374945792	9801199616
2026-09-28T06:12:56+04:00	ck9e-whole-256k	1	0	25283145728	27803779072	2737582080	22394630144	0	20375945216	484753	22544629760	1766002688	403681280	20374945792	9784508416
2026-09-28T06:13:07+04:00	ck9e-whole-256k	1	0	25283076096	27803779072	2737676288	22394630144	0	20375945216	484753	22544760832	1766133760	403681280	20374945792	9804115968
2026-09-28T06:13:20+04:00	ck9e-whole-256k	1	0	25283592192	27803779072	2737795072	22394630144	0	20375945216	484753	22544891904	1766264832	403681280	20374945792	9794326528
2026-09-28T06:13:31+04:00	ck9e-whole-256k	1	0	25283280896	27803779072	2737889280	22394630144	0	20375945216	484753	22544891904	1766264832	403681280	20374945792	9790586880
2026-09-28T06:13:41+04:00	ck9e-whole-256k	1	0	25283735552	27803779072	2738008064	22394630144	0	20375945216	484753	22545022976	1766395904	403681280	20374945792	9785503744
2026-09-28T06:13:55+04:00	ck9e-whole-256k	1	0	25283981312	27803779072	2738532352	22394630144	0	20375945216	484753	22545547264	1766920192	403681280	20374945792	9789558784
2026-09-28T06:14:05+04:00	ck9e-whole-256k	1	0	25283678208	27803779072	2738532352	22394630144	0	20375945216	484753	22545547264	1766920192	403681280	20374945792	9801449472
2026-09-28T06:14:15+04:00	ck9e-whole-256k	1	0	25284161536	27803779072	2738544640	22394630144	0	20375945216	484753	22545547264	1766920192	403681280	20374945792	9800032256
2026-09-28T06:14:29+04:00	ck9e-whole-256k	1	0	25284382720	27803779072	2738544640	22394630144	0	20375945216	484753	22545547264	1766920192	403681280	20374945792	9789992960
2026-09-28T06:14:39+04:00	ck9e-whole-256k	1	0	25284333568	27803779072	2738548736	22394630144	0	20375945216	484753	22545547264	1766920192	403681280	20374945792	9774514176
2026-09-28T06:14:49+04:00	ck9e-whole-256k	1	0	25283768320	27803779072	2738634752	22394630144	0	20375945216	484753	22545678336	1767051264	403681280	20374945792	9792516096
2026-09-28T06:15:03+04:00	ck9e-whole-256k	1	0	25284272128	27803779072	2738728960	22394630144	0	20375945216	484753	22545678336	1767051264	403681280	20374945792	9796239360
2026-09-28T06:15:13+04:00	ck9e-whole-256k	1	0	25284706304	27803779072	2738827264	22394630144	0	20375945216	484753	22545809408	1767182336	403681280	20374945792	9819123712
2026-09-28T06:15:24+04:00	ck9e-whole-256k	1	0	25284517888	27803779072	2738929664	22394630144	0	20375945216	484753	22545940480	1767313408	403681280	20374945792	9836675072
2026-09-28T06:15:37+04:00	ck9e-whole-256k	1	0	25284489216	27803779072	2739044352	22394630144	0	20375945216	484753	22545940480	1767313408	403681280	20374945792	9826660352
2026-09-28T06:15:47+04:00	ck9e-whole-256k	1	0	25284976640	27803779072	2739150848	22394630144	0	20375945216	484753	22546071552	1767444480	403681280	20374945792	9834586112
2026-09-28T06:15:58+04:00	ck9e-whole-256k	1	0	25284743168	27803779072	2739261440	22394630144	0	20375945216	484753	22546071552	1767444480	403681280	20374945792	9823444992
2026-09-28T06:16:11+04:00	ck9e-whole-256k	1	0	25284698112	27803779072	2739347456	22394630144	0	20375945216	484753	22546202624	1767575552	403681280	20374945792	9821114368
2026-09-28T06:16:22+04:00	ck9e-whole-256k	1	0	25285177344	27803779072	2739458048	22394630144	0	20375945216	484753	22546333696	1767706624	403681280	20374945792	9827729408
2026-09-28T06:16:32+04:00	ck9e-whole-256k	1	0	25285148672	27803779072	2739560448	22394630144	0	20375945216	484753	22546333696	1767706624	403681280	20374945792	9815085056
2026-09-28T06:16:42+04:00	ck9e-whole-256k	1	0	25285357568	27803779072	2739650560	22394630144	0	20375945216	484753	22546464768	1767837696	403681280	20374945792	9825693696
2026-09-28T06:16:56+04:00	ck9e-whole-256k	1	0	25285324800	27803779072	2739765248	22394630144	0	20375945216	484753	22546595840	1767968768	403681280	20374945792	9821589504
2026-09-28T06:17:06+04:00	ck9e-whole-256k	1	0	25285267456	27803779072	2739863552	22394630144	0	20375945216	484753	22546726912	1768099840	403681280	20374945792	9832751104
2026-09-28T06:17:16+04:00	ck9e-whole-256k	1	0	25285267456	27803779072	2739957760	22394630144	0	20375945216	484753	22546726912	1768099840	403681280	20374945792	9837486080
2026-09-28T06:17:30+04:00	ck9e-whole-256k	1	0	25285443584	27803779072	2740068352	22394630144	0	20375945216	484753	22546857984	1768230912	403681280	20374945792	9822867456
2026-09-28T06:17:40+04:00	ck9e-whole-256k	1	0	25285668864	27803779072	2740162560	22394630144	0	20375945216	484753	22546989056	1768361984	403681280	20374945792	9825366016
2026-09-28T06:17:51+04:00	ck9e-whole-256k	1	0	25285644288	27803779072	2740273152	22394630144	0	20375945216	484753	22547120128	1768493056	403681280	20374945792	9841942528
2026-09-28T06:18:04+04:00	ck9e-whole-256k	1	0	25286090752	27803779072	2740379648	22394630144	0	20375945216	484753	22547251200	1768624128	403681280	20374945792	9831137280
2026-09-28T06:18:15+04:00	ck9e-whole-256k	1	0	25286082560	27803779072	2740473856	22394630144	0	20375945216	484753	22547251200	1768624128	403681280	20374945792	9837969408
2026-09-28T06:18:25+04:00	ck9e-whole-256k	1	0	25286307840	27803779072	2740572160	22394630144	0	20375945216	484753	22547382272	1768755200	403681280	20374945792	9843150848
2026-09-28T06:18:39+04:00	ck9e-whole-256k	1	0	25286283264	27803779072	2740674560	22394630144	0	20375945216	484753	22547513344	1768886272	403681280	20374945792	9841700864
2026-09-28T06:18:49+04:00	ck9e-whole-256k	1	0	25289113600	27803779072	2743726080	22394634240	0	20375945216	484753	22548729856	1770102784	403681280	20374945792	9830326272
2026-09-28T06:18:59+04:00	ck9e-whole-256k	1	0	25291366400	27803779072	2745446400	22395150336	0	20375945216	484753	22549716992	1771089920	403681280	20374945792	9834459136
2026-09-28T06:19:13+04:00	ck9e-whole-256k	1	0	25291612160	27803779072	2745409536	22395392000	0	20375945216	484753	22549774336	1771147264	403681280	20374945792	9836290048
2026-09-28T06:19:23+04:00	ck9e-whole-256k	1	0	25292582912	27803779072	2745430016	22396276736	0	20375945216	484753	22549803008	1771175936	403681280	20374945792	9839763456
2026-09-28T06:19:34+04:00	ck9e-whole-256k	1	0	25356677120	27803779072	2812878848	22396383232	0	20375945216	484753	22549880832	1771253760	403681280	20374945792	9756577792
2026-09-28T06:19:47+04:00	ck9e-whole-256k	1	0	25336045568	27803779072	2788696064	22396383232	0	20375945216	484753	22549880832	1771253760	403681280	20374945792	9795923968
2026-09-28T06:19:57+04:00	ck9e-whole-256k	1	0	25336123392	27803779072	2788696064	22396383232	0	20375945216	484753	22549880832	1771253760	403681280	20374945792	9796243456
2026-09-28T06:20:08+04:00	ck9e-whole-256k	1	0	25335865344	27803779072	2788696064	22396383232	0	20375945216	484753	22549880832	1771253760	403681280	20374945792	9788243968
2026-09-28T06:20:21+04:00	ck9e-whole-256k	1	0	25336131584	27803779072	2788696064	22396383232	0	20375945216	484753	22549880832	1771253760	403681280	20374945792	9786421248
2026-09-28T06:20:41+04:00	ck9s-whole-256k	0	0	414707712	414707712	262148096	149426176	0	0	617196	470978560	256413696	214695936	0	32802406400
2026-09-28T06:20:51+04:00	ck9s-whole-256k	0	0	3955302400	3955564544	1844674560	2089881600	0	1157644288	617534	2907222016	803074048	949927936	1157627904	30060478464
2026-09-28T06:21:05+04:00	ck9s-whole-256k	0	0	8620605440	8620605440	2022916096	6564122624	0	2926493696	617534	4308226048	980373504	402194432	2925658112	28107960320
2026-09-28T06:21:15+04:00	ck9s-whole-256k	0	0	21655998464	21656215552	2023247872	19570728960	0	9457319936	617534	10839543808	980897792	402194432	9456451584	21547511808
2026-09-28T06:21:26+04:00	ck9s-whole-256k	0	0	25861869568	25885442048	2023477248	23751835648	0	14149369856	617534	15531790336	981159936	402194432	14148435968	16857960448
2026-09-28T06:21:39+04:00	ck9s-whole-256k	0	0	27797192704	27826188288	2023755776	25660657664	0	19760807936	617534	21142327296	981684224	400883712	19791347712	11213160448
2026-09-28T06:21:50+04:00	ck9s-whole-256k	0	0	27604209664	29117554688	2410082304	25069957120	0	20375945216	617534	22198767616	1368064000	455802880	20374900736	10270867456
2026-09-28T06:22:00+04:00	ck9s-whole-256k	1	0	28658749440	29117554688	3229515776	25297252352	0	20375945216	617534	22840406016	1988730880	476774400	20374900736	9436278784
2026-09-28T06:22:14+04:00	ck9s-whole-256k	1	0	28658749440	29117554688	3229515776	25297252352	0	20375945216	617534	22840406016	1988730880	476774400	20374900736	9437339648
2026-09-28T06:22:24+04:00	ck9s-whole-256k	1	0	28659535872	29117554688	3229659136	25297448960	0	20375945216	617534	22840406016	1988730880	476774400	20374900736	9428897792
2026-09-28T06:22:35+04:00	ck9s-whole-256k	1	1	28750864384	29117554688	3319787520	25297448960	0	20375945216	617534	22841454592	1989779456	476774400	20374900736	9321308160
2026-09-28T06:22:48+04:00	ck9s-whole-256k	1	1	28750860288	29117554688	3319787520	25297448960	0	20375945216	617534	22841454592	1989779456	476774400	20374900736	9331683328
2026-09-28T06:22:59+04:00	ck9s-whole-256k	1	1	28009283584	29117554688	3319787520	24555884544	0	20375945216	617534	22824415232	1989779456	459735040	20374900736	8272596992
2026-09-28T06:23:09+04:00	ck9s-whole-256k	1	1	27320029184	29117554688	3319787520	23866650624	0	20375945216	617534	22808031232	1989779456	443351040	20374900736	9349353472
2026-09-28T06:23:23+04:00	ck9s-whole-256k	1	1	27320020992	29117554688	3319787520	23866650624	0	20375945216	617534	22808031232	1989779456	443351040	20374900736	9354280960
2026-09-28T06:23:33+04:00	ck9s-whole-256k	1	1	27320016896	29117554688	3319787520	23866650624	0	20375945216	617534	22808031232	1989779456	443351040	20374900736	9342046208
2026-09-28T06:23:43+04:00	ck9s-whole-256k	1	2	27396157440	29117554688	3376869376	23885471744	0	20375945216	617534	22866952192	2046996480	445054976	20374900736	9286950912
2026-09-28T06:23:57+04:00	ck9s-whole-256k	1	3	27481161728	29117554688	3461931008	23885471744	0	20375945216	617534	22866952192	2046996480	445054976	20374900736	9188433920
2026-09-28T06:24:08+04:00	ck9s-whole-256k	1	3	27481165824	29117554688	3461931008	23885471744	0	20375945216	617534	22866952192	2046996480	445054976	20374900736	9188683776
2026-09-28T06:24:18+04:00	ck9s-whole-256k	1	3	27481423872	29117554688	3461931008	23885471744	0	20375945216	617534	22866952192	2046996480	445054976	20374900736	9196969984
2026-09-28T06:24:32+04:00	ck9s-whole-256k	1	3	27481174016	29117554688	3461931008	23885471744	0	20375945216	617534	22866952192	2046996480	445054976	20374900736	9192521728
2026-09-28T06:24:42+04:00	ck9s-whole-256k	1	3	27481427968	29117554688	3461931008	23885471744	0	20375945216	617534	22866952192	2046996480	445054976	20374900736	9182580736
2026-09-28T06:24:52+04:00	ck9s-whole-256k	1	3	27481169920	29117554688	3461931008	23885471744	0	20375945216	617534	22866952192	2046996480	445054976	20374900736	9190207488
2026-09-28T06:25:06+04:00	ck9s-whole-256k	1	3	27481952256	29117554688	3461939200	23885471744	0	20375945216	617534	22866952192	2046996480	445054976	20374900736	8200769536
2026-09-28T06:25:16+04:00	ck9s-whole-256k	1	4	27336925184	29117554688	3471708160	23730921472	0	20375945216	617534	22872649728	2056495104	441253888	20374900736	7102644224
2026-09-28T06:25:27+04:00	ck9s-whole-256k	1	4	26678452224	29117554688	3402592256	23132065792	0	20375945216	617534	22860328960	2056495104	428933120	20374900736	6317056000
2026-09-28T06:25:37+04:00	ck9s-whole-256k	1	4	26582216704	29117554688	3402592256	23045464064	0	20375945216	617534	22859018240	2056495104	427622400	20374900736	6363373568
2026-09-28T06:25:51+04:00	ck9s-whole-256k	1	4	26582388736	29117554688	3402592256	23045464064	0	20375945216	617534	22859018240	2056495104	427622400	20374900736	9258606592
2026-09-28T06:26:01+04:00	ck9s-whole-256k	1	4	26582605824	29117554688	3402592256	23045464064	0	20375945216	617534	22859018240	2056495104	427622400	20374900736	9261346816
2026-09-28T06:26:11+04:00	ck9s-whole-256k	1	4	26582327296	29117554688	3402592256	23045464064	0	20375945216	617534	22859018240	2056495104	427622400	20374900736	9266331648
2026-09-28T06:26:25+04:00	ck9s-whole-256k	1	4	26582511616	29117554688	3402592256	23045464064	0	20375945216	617534	22859018240	2056495104	427622400	20374900736	9255292928
2026-09-28T06:26:35+04:00	ck9s-whole-256k	1	4	26582179840	29117554688	3402592256	23045464064	0	20375945216	617534	22859018240	2056495104	427622400	20374900736	9258692608
2026-09-28T06:26:46+04:00	ck9s-whole-256k	1	4	26582380544	29117554688	3402592256	23045464064	0	20375945216	617534	22859018240	2056495104	427622400	20374900736	9246298112
2026-09-28T06:26:59+04:00	ck9s-whole-256k	1	4	26582548480	29117554688	3402592256	23045464064	0	20375945216	617534	22859018240	2056495104	427622400	20374900736	9250136064
2026-09-28T06:27:10+04:00	ck9s-whole-256k	1	4	26582507520	29117554688	3402592256	23045464064	0	20375945216	617534	22859018240	2056495104	427622400	20374900736	9242935296
2026-09-28T06:27:20+04:00	ck9s-whole-256k	1	4	26582446080	29117554688	3402592256	23045464064	0	20375945216	617534	22859018240	2056495104	427622400	20374900736	9251950592
2026-09-28T06:27:34+04:00	ck9s-whole-256k	1	4	26582093824	29117554688	3402592256	23045464064	0	20375945216	617534	22859018240	2056495104	427622400	20374900736	9247358976
2026-09-28T06:27:44+04:00	ck9s-whole-256k	1	4	26582073344	29117554688	3402592256	23045464064	0	20375945216	617534	22859018240	2056495104	427622400	20374900736	9258627072
2026-09-28T06:27:54+04:00	ck9s-whole-256k	1	4	26582011904	29117554688	3402592256	23045464064	0	20375945216	617534	22859018240	2056495104	427622400	20374900736	9250869248
2026-09-28T06:28:08+04:00	ck9s-whole-256k	1	4	26582212608	29117554688	3402592256	23045464064	0	20375945216	617534	22859018240	2056495104	427622400	20374900736	9247805440
2026-09-28T06:28:18+04:00	ck9s-whole-256k	1	4	26582142976	29117554688	3402592256	23045464064	0	20375945216	617534	22859018240	2056495104	427622400	20374900736	8880869376
2026-09-28T06:28:29+04:00	ck9s-whole-256k	1	4	26582331392	29117554688	3402592256	23045464064	0	20375945216	617534	22859018240	2056495104	427622400	20374900736	7792054272
2026-09-28T06:28:42+04:00	ck9s-whole-256k	1	4	26460336128	29117554688	3402592256	22923591680	0	20375945216	617534	22855086080	2056495104	423690240	20374900736	6437642240
2026-09-28T06:28:53+04:00	ck9s-whole-256k	1	4	26330214400	29117554688	3402592256	22793453568	0	20375945216	617534	22843420672	2056495104	412024832	20374900736	6383972352
2026-09-28T06:29:03+04:00	ck9s-whole-256k	1	4	26237931520	29117554688	3363090432	22740701184	0	20375945216	617534	22836473856	2056495104	405078016	20374900736	9305632768
2026-09-28T06:29:17+04:00	ck9s-whole-256k	1	4	26238345216	29117554688	3363090432	22740701184	0	20375945216	617534	22836473856	2056495104	405078016	20374900736	9297149952
2026-09-28T06:29:27+04:00	ck9s-whole-256k	1	4	26238025728	29117554688	3363090432	22740701184	0	20375945216	617534	22836473856	2056495104	405078016	20374900736	8201293824
2026-09-28T06:29:37+04:00	ck9s-whole-256k	1	4	26237964288	29117554688	3363090432	22740705280	0	20375945216	617534	22836604928	2056495104	405209088	20374900736	8629186560
2026-09-28T06:29:51+04:00	ck9s-whole-256k	1	4	26238500864	29117554688	3363426304	22741004288	0	20375945216	617534	22836998144	2056888320	405209088	20374900736	9167884288
2026-09-28T06:30:01+04:00	ck9s-whole-256k	1	4	26238967808	29117554688	3363430400	22741004288	0	20375945216	617534	22836998144	2056888320	405209088	20374900736	9309478912
2026-09-28T06:30:12+04:00	ck9s-whole-256k	1	4	26238910464	29117554688	3363434496	22741004288	0	20375945216	617534	22836998144	2056888320	405209088	20374900736	9293090816
2026-09-28T06:30:22+04:00	ck9s-whole-256k	1	4	26238832640	29117554688	3363475456	22741004288	0	20375945216	617534	22836998144	2056888320	405209088	20374900736	9280929792
2026-09-28T06:30:36+04:00	ck9s-whole-256k	1	4	26238533632	29117554688	3363618816	22741004288	0	20375945216	617534	22837129216	2057019392	405209088	20374900736	9251680256
2026-09-28T06:30:46+04:00	ck9s-whole-256k	1	4	26238996480	29117554688	3363762176	22741004288	0	20375945216	617534	22837260288	2057150464	405209088	20374900736	9206784000
2026-09-28T06:30:56+04:00	ck9s-whole-256k	1	4	26239193088	29117554688	3363897344	22741004288	0	20375945216	617534	22837391360	2057281536	405209088	20374900736	9178619904
2026-09-28T06:31:10+04:00	ck9s-whole-256k	1	4	26238877696	29117554688	3364024320	22741004288	0	20375945216	617534	22837522432	2057412608	405209088	20374900736	9190961152
2026-09-28T06:31:21+04:00	ck9s-whole-256k	1	4	26239340544	29117554688	3364188160	22741004288	0	20375945216	617534	22837653504	2057543680	405209088	20374900736	9181634560
2026-09-28T06:31:31+04:00	ck9s-whole-256k	1	4	26241888256	29117554688	3366273024	22741004288	0	20375945216	617534	22839795712	2059685888	405209088	20374900736	9182097408
2026-09-28T06:31:45+04:00	ck9s-whole-256k	1	4	26241736704	29117554688	3366674432	22741008384	0	20375945216	617534	22839795712	2059685888	405209088	20374900736	9183424512
2026-09-28T06:31:55+04:00	ck9s-whole-256k	1	4	26242449408	29117554688	3367256064	22741110784	0	20375945216	617534	22839812096	2059702272	405209088	20374900736	9180426240
2026-09-28T06:32:05+04:00	ck9s-whole-256k	1	4	26242727936	29117554688	3367788544	22741110784	0	20375945216	617534	22839820288	2059710464	405209088	20374900736	9171701760
2026-09-28T06:32:19+04:00	ck9s-whole-256k	1	4	26242981888	29117554688	3367792640	22741110784	0	20375945216	617534	22839910400	2059800576	405209088	20374900736	9155432448
2026-09-28T06:32:29+04:00	ck9s-whole-256k	1	4	26243231744	29117554688	3367792640	22741110784	0	20375945216	617534	22839910400	2059800576	405209088	20374900736	9164804096
2026-09-28T06:32:40+04:00	ck9s-whole-256k	1	4	26243239936	29117554688	3367796736	22741110784	0	20375945216	617534	22839910400	2059800576	405209088	20374900736	9192153088
2026-09-28T06:32:53+04:00	ck9s-whole-256k	1	4	26243244032	29117554688	3367800832	22741110784	0	20375945216	617534	22839910400	2059800576	405209088	20374900736	9167392768
2026-09-28T06:33:04+04:00	ck9s-whole-256k	1	4	26242719744	29117554688	3367800832	22741110784	0	20375945216	617534	22839910400	2059800576	405209088	20374900736	9176879104
2026-09-28T06:33:14+04:00	ck9s-whole-256k	1	4	26243231744	29117554688	3367800832	22741110784	0	20375945216	617534	22839910400	2059800576	405209088	20374900736	9162088448
2026-09-28T06:33:28+04:00	ck9s-whole-256k	1	4	26242981888	29117554688	3367804928	22741110784	0	20375945216	617534	22839910400	2059800576	405209088	20374900736	9148833792
2026-09-28T06:33:38+04:00	ck9s-whole-256k	1	4	26242965504	29117554688	3367804928	22741110784	0	20375945216	617534	22839910400	2059800576	405209088	20374900736	9165946880
2026-09-28T06:33:48+04:00	ck9s-whole-256k	1	4	26243497984	29117554688	3367804928	22741110784	0	20375945216	617534	22839910400	2059800576	405209088	20374900736	9159077888
2026-09-28T06:34:02+04:00	ck9s-whole-256k	1	4	26242953216	29117554688	3367809024	22741110784	0	20375945216	617534	22839910400	2059800576	405209088	20374900736	9181081600
2026-09-28T06:34:12+04:00	ck9s-whole-256k	1	4	26243440640	29117554688	3367809024	22741110784	0	20375945216	617534	22839910400	2059800576	405209088	20374900736	9235619840
2026-09-28T06:34:22+04:00	ck9s-whole-256k	1	4	26243252224	29117554688	3367809024	22741110784	0	20375945216	617534	22839910400	2059800576	405209088	20374900736	9228615680
2026-09-28T06:34:33+04:00	ck9s-whole-256k	1	4	26243244032	29117554688	3367809024	22741110784	0	20375945216	617534	22839910400	2059800576	405209088	20374900736	9236750336
2026-09-28T06:34:46+04:00	ck9s-whole-256k	1	4	26243506176	29117554688	3367809024	22741110784	0	20375945216	617534	22839910400	2059800576	405209088	20374900736	9236926464
2026-09-28T06:34:57+04:00	ck9s-whole-256k	1	4	26243461120	29117554688	3367809024	22741110784	0	20375945216	617534	22839910400	2059800576	405209088	20374900736	9232150528
2026-09-28T06:35:07+04:00	ck9s-whole-256k	1	4	26243092480	29117554688	3367915520	22741110784	0	20375945216	617534	22840041472	2059931648	405209088	20374900736	9227177984
2026-09-28T06:35:21+04:00	ck9s-whole-256k	1	4	26243604480	29117554688	3368054784	22741110784	0	20375945216	617534	22840172544	2060062720	405209088	20374900736	9235111936
2026-09-28T06:35:31+04:00	ck9s-whole-256k	1	4	26243620864	29117554688	3368173568	22741110784	0	20375945216	617534	22840303616	2060193792	405209088	20374900736	9227718656
2026-09-28T06:35:41+04:00	ck9s-whole-256k	1	4	26243747840	29117554688	3368304640	22741110784	0	20375945216	617534	22840434688	2060324864	405209088	20374900736	9228550144
2026-09-28T06:35:55+04:00	ck9s-whole-256k	1	4	26244345856	29117554688	3368910848	22741110784	0	20375945216	617534	22840958976	2060849152	405209088	20374900736	9218338816
2026-09-28T06:36:05+04:00	ck9s-whole-256k	1	4	26244304896	29117554688	3368910848	22741110784	0	20375945216	617534	22840958976	2060849152	405209088	20374900736	9199853568
2026-09-28T06:36:15+04:00	ck9s-whole-256k	1	4	26244608000	29117554688	3368910848	22741110784	0	20375945216	617534	22840958976	2060849152	405209088	20374900736	9240940544
2026-09-28T06:36:29+04:00	ck9s-whole-256k	1	4	26244087808	29117554688	3368910848	22741110784	0	20375945216	617534	22840958976	2060849152	405209088	20374900736	9235312640
2026-09-28T06:36:39+04:00	ck9s-whole-256k	1	4	26244427776	29117554688	3369000960	22741110784	0	20375945216	617534	22841090048	2060980224	405209088	20374900736	9497346048
2026-09-28T06:36:49+04:00	ck9s-whole-256k	1	4	26244702208	29117554688	3369119744	22741110784	0	20375945216	617534	22841221120	2061111296	405209088	20374900736	8188473344
2026-09-28T06:37:03+04:00	ck9s-whole-256k	1	4	25829634048	29117554688	3281539072	22405885952	0	20375945216	617534	22807404544	2061242368	371261440	20374900736	7029719040
2026-09-28T06:37:13+04:00	ck9s-whole-256k	1	4	25543221248	29117554688	3214770176	22193901568	0	20375945216	617534	22778437632	2061373440	342163456	20374900736	6782971904
2026-09-28T06:37:23+04:00	ck9s-whole-256k	1	4	25473830912	29117554688	3214909440	22124826624	0	20375945216	617534	22767296512	2061504512	330891264	20374900736	6780448768
2026-09-28T06:37:37+04:00	ck9s-whole-256k	1	4	25474269184	29117554688	3215040512	22124826624	0	20375945216	617534	22767427584	2061635584	330891264	20374900736	9667948544
2026-09-28T06:37:47+04:00	ck9s-whole-256k	1	4	25473961984	29117554688	3215175680	22124826624	0	20375945216	617534	22767558656	2061766656	330891264	20374900736	9650663424
2026-09-28T06:37:58+04:00	ck9s-whole-256k	1	4	25474523136	29117554688	3215294464	22124826624	0	20375945216	617534	22767689728	2061897728	330891264	20374900736	8364056576
2026-09-28T06:38:11+04:00	ck9s-whole-256k	1	4	25474789376	29117554688	3215433728	22124826624	0	20375945216	617534	22767820800	2062028800	330891264	20374900736	8700264448
2026-09-28T06:38:22+04:00	ck9s-whole-256k	1	4	25474715648	29117554688	3215577088	22124826624	0	20375945216	617534	22767951872	2062159872	330891264	20374900736	9568550912
2026-09-28T06:38:32+04:00	ck9s-whole-256k	1	4	25474572288	29117554688	3215716352	22124826624	0	20375945216	617534	22768082944	2062290944	330891264	20374900736	9597792256
2026-09-28T06:38:46+04:00	ck9s-whole-256k	1	4	25474744320	29117554688	3215831040	22124826624	0	20375945216	617534	22768214016	2062422016	330891264	20374900736	9552850944
2026-09-28T06:38:56+04:00	ck9s-whole-256k	1	4	25474945024	29117554688	3215970304	22124826624	0	20375945216	617534	22768345088	2062553088	330891264	20374900736	9562460160
2026-09-28T06:39:06+04:00	ck9s-whole-256k	1	4	25475346432	29117554688	3216093184	22124826624	0	20375945216	617534	22768476160	2062684160	330891264	20374900736	9517400064
2026-09-28T06:39:16+04:00	ck9s-whole-256k	1	4	25475338240	29117554688	3216216064	22124826624	0	20375945216	617534	22768607232	2062815232	330891264	20374900736	9557000192
2026-09-28T06:39:30+04:00	ck9s-whole-256k	1	4	25475371008	29117554688	3216334848	22124826624	0	20375945216	617534	22768738304	2062946304	330891264	20374900736	9564942336
2026-09-28T06:39:40+04:00	ck9s-whole-256k	1	4	25475772416	29117554688	3216453632	22124826624	0	20375945216	617534	22768869376	2063077376	330891264	20374900736	9567072256
2026-09-28T06:39:51+04:00	ck9s-whole-256k	1	4	25478750208	29117554688	3219804160	22124826624	0	20375945216	617534	22770814976	2065022976	330891264	20374900736	9581387776
2026-09-28T06:40:04+04:00	ck9s-whole-256k	1	4	25479204864	29117554688	3219804160	22124826624	0	20375945216	617534	22770814976	2065022976	330891264	20374900736	9587355648
2026-09-28T06:40:15+04:00	ck9s-whole-256k	1	4	25479245824	29117554688	3219804160	22124826624	0	20375945216	617534	22770814976	2065022976	330891264	20374900736	9595899904
2026-09-28T06:40:25+04:00	ck9s-whole-256k	1	4	25478467584	29117554688	3219804160	22124826624	0	20375945216	617534	22770814976	2065022976	330891264	20374900736	9589243904
2026-09-28T06:40:39+04:00	ck9s-whole-256k	1	4	25479208960	29117554688	3219804160	22124826624	0	20375945216	617534	22770814976	2065022976	330891264	20374900736	9598009344
2026-09-28T06:40:49+04:00	ck9s-whole-256k	1	4	25479225344	29117554688	3219804160	22124826624	0	20375945216	617534	22770814976	2065022976	330891264	20374900736	9593675776
2026-09-28T06:40:59+04:00	ck9s-whole-256k	1	4	25479249920	29117554688	3219804160	22124826624	0	20375945216	617534	22770814976	2065022976	330891264	20374900736	9606438912
2026-09-28T06:41:13+04:00	ck9s-whole-256k	1	4	25478979584	29117554688	3219804160	22124826624	0	20375945216	617534	22770814976	2065022976	330891264	20374900736	9601556480
2026-09-28T06:41:23+04:00	ck9s-whole-256k	1	4	25478737920	29117554688	3219804160	22124826624	0	20375945216	617534	22770814976	2065022976	330891264	20374900736	9599856640
2026-09-28T06:41:33+04:00	ck9s-whole-256k	1	4	25478717440	29117554688	3219804160	22124826624	0	20375945216	617534	22770814976	2065022976	330891264	20374900736	9591836672
2026-09-28T06:41:47+04:00	ck9s-whole-256k	1	4	25478959104	29117554688	3219804160	22124826624	0	20375945216	617534	22770814976	2065022976	330891264	20374900736	9584340992
2026-09-28T06:41:57+04:00	ck9s-whole-256k	1	4	25479282688	29117554688	3219804160	22124826624	0	20375945216	617534	22770814976	2065022976	330891264	20374900736	9658413056
2026-09-28T06:42:07+04:00	ck9s-whole-256k	1	4	25479163904	29117554688	3219804160	22124826624	0	20375945216	617534	22770814976	2065022976	330891264	20374900736	9649999872
2026-09-28T06:42:21+04:00	ck9s-whole-256k	1	4	25478889472	29117554688	3219804160	22124826624	0	20375945216	617534	22770814976	2065022976	330891264	20374900736	9661255680
2026-09-28T06:42:31+04:00	ck9s-whole-256k	1	4	25479102464	29117554688	3219804160	22124826624	0	20375945216	617534	22770814976	2065022976	330891264	20374900736	9658654720
2026-09-28T06:42:41+04:00	ck9s-whole-256k	1	4	25479053312	29117554688	3219804160	22124826624	0	20375945216	617534	22770814976	2065022976	330891264	20374900736	9666166784
2026-09-28T06:42:55+04:00	ck9s-whole-256k	1	4	25479016448	29117554688	3219804160	22124826624	0	20375945216	617534	22770814976	2065022976	330891264	20374900736	9655087104
2026-09-28T06:43:05+04:00	ck9s-whole-256k	1	4	25478721536	29117554688	3219804160	22124826624	0	20375945216	617534	22770814976	2065022976	330891264	20374900736	9642450944
2026-09-28T06:43:15+04:00	ck9s-whole-256k	1	4	25478676480	29117554688	3219808256	22124826624	0	20375945216	617534	22770814976	2065022976	330891264	20374900736	9662574592
2026-09-28T06:43:26+04:00	ck9s-whole-256k	1	4	25479168000	29117554688	3219894272	22124826624	0	20375945216	617534	22770814976	2065022976	330891264	20374900736	9658261504
2026-09-28T06:43:39+04:00	ck9s-whole-256k	1	4	25479090176	29117554688	3220013056	22124826624	0	20375945216	617534	22770946048	2065154048	330891264	20374900736	9641267200
2026-09-28T06:43:49+04:00	ck9s-whole-256k	1	4	25479061504	29117554688	3220107264	22124826624	0	20375945216	617534	22771077120	2065285120	330891264	20374900736	9641054208
2026-09-28T06:44:00+04:00	ck9s-whole-256k	1	4	25479024640	29117554688	3220234240	22124826624	0	20375945216	617534	22771208192	2065416192	330891264	20374900736	9647980544
2026-09-28T06:44:13+04:00	ck9s-whole-256k	1	4	25479503872	29117554688	3220332544	22124826624	0	20375945216	617534	22771339264	2065547264	330891264	20374900736	9642975232
2026-09-28T06:44:24+04:00	ck9s-whole-256k	1	4	25480208384	29117554688	3220824064	22124826624	0	20375945216	617534	22771732480	2065940480	330891264	20374900736	9652588544
2026-09-28T06:44:34+04:00	ck9s-whole-256k	1	4	25480196096	29117554688	3220824064	22124826624	0	20375945216	617534	22771732480	2065940480	330891264	20374900736	9665191936
2026-09-28T06:44:48+04:00	ck9s-whole-256k	1	4	25480146944	29117554688	3220836352	22124826624	0	20375945216	617534	22771732480	2065940480	330891264	20374900736	9665642496
2026-09-28T06:44:58+04:00	ck9s-whole-256k	1	4	25480114176	29117554688	3220836352	22124826624	0	20375945216	617534	22771732480	2065940480	330891264	20374900736	9656827904
2026-09-28T06:45:08+04:00	ck9s-whole-256k	1	4	25480069120	29117554688	3220869120	22124826624	0	20375945216	617534	22771863552	2066071552	330891264	20374900736	9662328832
2026-09-28T06:45:22+04:00	ck9s-whole-256k	1	4	25480282112	29117554688	3220975616	22124826624	0	20375945216	617534	22771994624	2066202624	330891264	20374900736	9651920896
2026-09-28T06:45:32+04:00	ck9s-whole-256k	1	4	25480257536	29117554688	3221069824	22124826624	0	20375945216	617534	22771994624	2066202624	330891264	20374900736	9652039680
2026-09-28T06:45:42+04:00	ck9s-whole-256k	1	4	25480445952	29117554688	3221168128	22124826624	0	20375945216	617534	22772125696	2066333696	330891264	20374900736	9642098688
2026-09-28T06:45:56+04:00	ck9s-whole-256k	1	4	25480429568	29117554688	3221295104	22124826624	0	20375945216	617534	22772256768	2066464768	330891264	20374900736	9639567360
2026-09-28T06:46:06+04:00	ck9s-whole-256k	1	4	25480134656	29117554688	3221377024	22124826624	0	20375945216	617534	22772387840	2066595840	330891264	20374900736	9632591872
2026-09-28T06:46:17+04:00	ck9s-whole-256k	1	4	25480609792	29117554688	3221475328	22124826624	0	20375945216	617534	22772387840	2066595840	330891264	20374900736	9631928320
2026-09-28T06:46:30+04:00	ck9s-whole-256k	1	4	25480585216	29117554688	3221569536	22124826624	0	20375945216	617534	22772518912	2066726912	330891264	20374900736	8958418944
2026-09-28T06:46:41+04:00	ck9s-whole-256k	1	4	25481056256	29117554688	3221671936	22124826624	0	20375945216	617534	22772649984	2066857984	330891264	20374900736	7987675136
2026-09-28T06:46:51+04:00	ck9s-whole-256k	1	4	25431302144	29117554688	3195105280	22085128192	0	20375945216	617534	22764916736	2066989056	323026944	20374900736	6806855680
2026-09-28T06:47:05+04:00	ck9s-whole-256k	1	4	25312108544	29117554688	3167776768	22008729600	0	20375945216	617534	22749974528	2066989056	308084736	20374900736	6874759168
2026-09-28T06:47:15+04:00	ck9s-whole-256k	1	4	25312600064	29117554688	3167883264	22008729600	0	20375945216	617534	22750105600	2067120128	308084736	20374900736	9694199808
2026-09-28T06:47:25+04:00	ck9s-whole-256k	1	4	25312546816	29117554688	3167985664	22008729600	0	20375945216	617534	22750236672	2067251200	308084736	20374900736	9702576128
2026-09-28T06:47:36+04:00	ck9s-whole-256k	1	4	25312763904	29117554688	3168083968	22008729600	0	20375945216	617534	22750367744	2067382272	308084736	20374900736	9694130176
2026-09-28T06:47:49+04:00	ck9s-whole-256k	1	4	25312473088	29117554688	3168178176	22008729600	0	20375945216	617534	22750367744	2067382272	308084736	20374900736	9699577856
2026-09-28T06:48:00+04:00	ck9s-whole-256k	1	4	25312948224	29117554688	3168284672	22008729600	0	20375945216	617534	22750498816	2067513344	308084736	20374900736	8985153536
2026-09-28T06:48:10+04:00	ck9s-whole-256k	1	4	25312911360	29117554688	3168391168	22008729600	0	20375945216	617534	22750629888	2067644416	308084736	20374900736	9284476928
2026-09-28T06:48:24+04:00	ck9s-whole-256k	1	4	25313128448	29117554688	3168493568	22008729600	0	20375945216	617534	22750760960	2067775488	308084736	20374900736	8415121408
2026-09-28T06:48:34+04:00	ck9s-whole-256k	1	4	25312829440	29117554688	3168587776	22008729600	0	20375945216	617534	22750892032	2067906560	308084736	20374900736	9684992000
2026-09-28T06:48:44+04:00	ck9s-whole-256k	1	4	25313050624	29117554688	3168690176	22008729600	0	20375945216	617534	22750892032	2067906560	308084736	20374900736	9606864896
2026-09-28T06:48:58+04:00	ck9s-whole-256k	1	4	25313402880	29117554688	3168788480	22008729600	0	20375945216	617534	22751023104	2068037632	308084736	20374900736	9610121216
2026-09-28T06:49:08+04:00	ck9s-whole-256k	1	4	25313619968	29117554688	3168882688	22008729600	0	20375945216	617534	22751154176	2068168704	308084736	20374900736	9611300864
2026-09-28T06:49:18+04:00	ck9s-whole-256k	1	4	25315553280	29117554688	3171090432	22008733696	0	20375945216	617534	22752190464	2069204992	308084736	20374900736	9613983744
2026-09-28T06:49:32+04:00	ck9s-whole-256k	1	4	25317056512	29117554688	3172855808	22008733696	0	20375945216	617534	22753222656	2070237184	308084736	20374900736	9601978368
2026-09-28T06:49:42+04:00	ck9s-whole-256k	1	4	25317289984	29117554688	3172855808	22008733696	0	20375945216	617534	22753226752	2070241280	308084736	20374900736	9600335872
2026-09-28T06:49:53+04:00	ck9s-whole-256k	1	4	25317294080	29117554688	3172855808	22008733696	0	20375945216	617534	22753259520	2070274048	308084736	20374900736	9641730048
2026-09-28T06:50:06+04:00	ck9s-whole-256k	1	4	25317302272	29117554688	3172855808	22008733696	0	20375945216	617534	22753259520	2070274048	308084736	20374900736	9640062976
2026-09-28T06:50:17+04:00	ck9s-whole-256k	1	4	25358577664	29117554688	3214032896	22008733696	0	20375945216	617534	22752227328	2069241856	308084736	20374900736	9595531264
2026-09-28T06:50:27+04:00	ck9s-whole-256k	1	4	25358573568	29117554688	3214032896	22008733696	0	20375945216	617534	22752227328	2069241856	308084736	20374900736	9587376128
2026-09-28T06:50:41+04:00	ck9s-whole-256k	1	4	25358557184	29117554688	3214032896	22008733696	0	20375945216	617534	22752227328	2069241856	308084736	20374900736	9593810944
2026-09-28T06:50:51+04:00	ck9s-whole-256k	1	4	25358557184	29117554688	3214032896	22008733696	0	20375945216	617534	22752227328	2069241856	308084736	20374900736	9593778176
2026-09-28T06:51:01+04:00	ck9s-whole-256k	1	4	25464332288	29117554688	3304267776	22024323072	0	20375945216	617534	22761988096	2079002624	308084736	20374900736	9514008576
2026-09-28T06:51:25+04:00	ck9e-mirror-256k	0	0	1427107840	1427369984	1058865152	356929536	0	12288	726318	696885248	422289408	274595840	0	32234708992
2026-09-28T06:51:35+04:00	ck9e-mirror-256k	0	0	6394945536	6394945536	1905979392	4464336896	0	1721778176	726624	3367940096	864149504	782028800	1721761792	29647740928
2026-09-28T06:51:46+04:00	ck9e-mirror-256k	0	0	21272678400	21272678400	16387801088	4831608832	0	1723764736	726624	17470251008	15345389568	401133568	1723727872	15112413184
2026-09-28T06:51:59+04:00	ck9e-mirror-256k	0	0	21397520384	21398044672	16474267648	4870098944	0	1723764736	726624	17558069248	15431897088	402444288	1723727872	15065034752
2026-09-28T06:52:10+04:00	ck9e-mirror-256k	0	0	21500657664	21503205376	16474341376	4972994560	0	1723764736	726624	17560428544	15431897088	404803584	1723727872	15080554496
2026-09-28T06:52:20+04:00	ck9e-mirror-256k	0	0	20234457088	21867155456	16790261760	3396730880	0	87986176	726624	16338972672	15747780608	503238656	87953408	16405004288
2026-09-28T06:52:34+04:00	ck9e-mirror-256k	0	0	20234731520	21867155456	16790274048	3396730880	0	87986176	726624	16338972672	15747780608	503238656	87953408	16402046976
2026-09-28T06:52:44+04:00	ck9e-mirror-256k	0	0	20522573824	21867155456	17037631488	3436773376	0	87986176	726624	16597577728	15995113472	514510848	87953408	16154181632
2026-09-28T06:52:54+04:00	ck9e-mirror-256k	0	0	20540358656	21867155456	17050005504	3442069504	0	87986176	726624	16610553856	16007565312	515035136	87953408	16129105920
2026-09-28T06:53:08+04:00	ck9e-mirror-256k	1	0	20954808320	21867155456	17457049600	3447201792	0	87986176	726624	16824016896	16213819392	522244096	87953408	15721037824
2026-09-28T06:53:18+04:00	ck9e-mirror-256k	1	0	20954808320	21867155456	17457049600	3447201792	0	87986176	726624	16824016896	16213819392	522244096	87953408	15733673984
2026-09-28T06:53:29+04:00	ck9e-mirror-256k	1	0	21094232064	21867155456	17594466304	3447517184	0	87986176	726624	16824934400	16214736896	522244096	87953408	15562571776
2026-09-28T06:53:42+04:00	ck9e-mirror-256k	1	0	21094076416	21867155456	17594466304	3447517184	0	87986176	726624	16824934400	16214736896	522244096	87953408	15586955264
2026-09-28T06:53:52+04:00	ck9e-mirror-256k	1	0	21094080512	21867155456	17594466304	3447517184	0	87986176	726624	16824934400	16214736896	522244096	87953408	15588724736
2026-09-28T06:54:03+04:00	ck9e-mirror-256k	1	0	21094084608	21867155456	17594466304	3447517184	0	87986176	726624	16824934400	16214736896	522244096	87953408	15582863360
2026-09-28T06:54:17+04:00	ck9e-mirror-256k	1	0	21094338560	21867155456	17594470400	3447517184	0	87986176	726624	16824934400	16214736896	522244096	87953408	15575351296
2026-09-28T06:54:27+04:00	ck9e-mirror-256k	1	0	21094092800	21867155456	17594474496	3447517184	0	87986176	726624	16824934400	16214736896	522244096	87953408	15581372416
2026-09-28T06:54:37+04:00	ck9e-mirror-256k	1	0	21094084608	21867155456	17594474496	3447517184	0	87986176	726624	16824934400	16214736896	522244096	87953408	15573348352
2026-09-28T06:54:51+04:00	ck9e-mirror-256k	1	0	21193965568	21867155456	17693913088	3447709696	0	87986176	726624	16886140928	16274239488	523948032	87953408	15470526464
2026-09-28T06:55:01+04:00	ck9e-mirror-256k	1	0	21194223616	21867155456	17693913088	3447709696	0	87986176	726624	16886140928	16274239488	523948032	87953408	15483666432
2026-09-28T06:55:11+04:00	ck9e-mirror-256k	1	0	21193965568	21867155456	17693913088	3447709696	0	87986176	726624	16886140928	16274239488	523948032	87953408	15463874560
2026-09-28T06:55:25+04:00	ck9e-mirror-256k	1	0	21194227712	21867155456	17693913088	3447709696	0	87986176	726624	16886140928	16274239488	523948032	87953408	15464194048
2026-09-28T06:55:35+04:00	ck9e-mirror-256k	1	0	21194219520	21867155456	17693913088	3447709696	0	87986176	726624	16886140928	16274239488	523948032	87953408	15474757632
2026-09-28T06:55:45+04:00	ck9e-mirror-256k	1	0	21193969664	21867155456	17693913088	3447709696	0	87986176	726624	16886140928	16274239488	523948032	87953408	15471550464
2026-09-28T06:55:55+04:00	ck9e-mirror-256k	1	0	21193969664	21867155456	17693913088	3447709696	0	87986176	726624	16886140928	16274239488	523948032	87953408	15481159680
2026-09-28T06:56:09+04:00	ck9e-mirror-256k	1	0	21204041728	21867155456	17702674432	3448745984	0	87986176	726624	16895184896	16282759168	524472320	87953408	15476731904
2026-09-28T06:56:19+04:00	ck9e-mirror-256k	1	0	21203910656	21867155456	17702690816	3448840192	0	87986176	726624	16895184896	16282759168	524472320	87953408	15410352128
2026-09-28T06:56:29+04:00	ck9e-mirror-256k	1	0	21204176896	21867155456	17702690816	3448840192	0	87986176	726624	16895184896	16282759168	524472320	87953408	14141157376
2026-09-28T06:56:43+04:00	ck9e-mirror-256k	1	0	21204402176	21867155456	17702690816	3448840192	0	87986176	726624	16895184896	16282759168	524472320	87953408	12824518656
2026-09-28T06:56:53+04:00	ck9e-mirror-256k	1	0	21204422656	21867155456	17702699008	3448840192	0	87986176	726624	16895184896	16282759168	524472320	87953408	14937653248
2026-09-28T06:57:04+04:00	ck9e-mirror-256k	1	0	21204402176	21867155456	17702699008	3448840192	0	87986176	726624	16895184896	16282759168	524472320	87953408	15136583680
2026-09-28T06:57:17+04:00	ck9e-mirror-256k	1	0	21204418560	21867155456	17702699008	3448840192	0	87986176	726624	16895184896	16282759168	524472320	87953408	15386652672
2026-09-28T06:57:27+04:00	ck9e-mirror-256k	1	0	21204119552	21867155456	17702699008	3448840192	0	87986176	726624	16895184896	16282759168	524472320	87953408	15371141120
2026-09-28T06:57:38+04:00	ck9e-mirror-256k	1	0	21204688896	21867155456	17702699008	3448840192	0	87986176	726624	16895184896	16282759168	524472320	87953408	15388467200
2026-09-28T06:57:51+04:00	ck9e-mirror-256k	1	0	21204680704	21867155456	17702699008	3448840192	0	87986176	726624	16895184896	16282759168	524472320	87953408	15378034688
2026-09-28T06:58:02+04:00	ck9e-mirror-256k	1	0	21204373504	21867155456	17702699008	3448840192	0	87986176	726624	16895184896	16282759168	524472320	87953408	15386198016
2026-09-28T06:58:12+04:00	ck9e-mirror-256k	1	0	21204119552	21867155456	17702699008	3448840192	0	87986176	726624	16895184896	16282759168	524472320	87953408	15391961088
2026-09-28T06:58:25+04:00	ck9e-mirror-256k	1	0	21204414464	21867155456	17702699008	3448840192	0	87986176	726624	16895184896	16282759168	524472320	87953408	15400341504
2026-09-28T06:58:36+04:00	ck9e-mirror-256k	1	0	21204680704	21867155456	17702699008	3448840192	0	87986176	726624	16895184896	16282759168	524472320	87953408	15479521280
2026-09-28T06:58:46+04:00	ck9e-mirror-256k	1	0	21204692992	21867155456	17702699008	3448840192	0	87986176	726624	16895184896	16282759168	524472320	87953408	15472947200
2026-09-28T06:58:59+04:00	ck9e-mirror-256k	1	0	21204410368	21867155456	17702699008	3448840192	0	87986176	726624	16895184896	16282759168	524472320	87953408	15357870080
2026-09-28T06:59:10+04:00	ck9e-mirror-256k	1	0	21204164608	21867155456	17702699008	3448840192	0	87986176	726624	16895184896	16282759168	524472320	87953408	15384555520
2026-09-28T06:59:20+04:00	ck9e-mirror-256k	1	0	21204103168	21867155456	17702699008	3448840192	0	87986176	726624	16895184896	16282759168	524472320	87953408	15394848768
2026-09-28T06:59:34+04:00	ck9e-mirror-256k	1	0	21204185088	21867155456	17702731776	3448840192	0	87986176	726624	16895315968	16282890240	524472320	87953408	15390670848
2026-09-28T06:59:44+04:00	ck9e-mirror-256k	1	0	21204684800	21867155456	17702850560	3448840192	0	87986176	726624	16895315968	16282890240	524472320	87953408	15392796672
2026-09-28T06:59:54+04:00	ck9e-mirror-256k	1	0	21204926464	21867155456	17702952960	3448840192	0	87986176	726624	16895447040	16283021312	524472320	87953408	15389868032
2026-09-28T07:00:04+04:00	ck9e-mirror-256k	1	0	21204787200	21867155456	17703084032	3448840192	0	87986176	726624	16895578112	16283152384	524472320	87953408	15412264960
2026-09-28T07:00:18+04:00	ck9e-mirror-256k	1	0	21204889600	21867155456	17703206912	3448840192	0	87986176	726624	16895709184	16283283456	524472320	87953408	15416303616
2026-09-28T07:00:28+04:00	ck9e-mirror-256k	1	0	21204959232	21867155456	17703309312	3448840192	0	87986176	726624	16895840256	16283414528	524472320	87953408	15422857216
2026-09-28T07:00:38+04:00	ck9e-mirror-256k	1	0	21205385216	21867155456	17703415808	3448840192	0	87986176	726624	16895971328	16283545600	524472320	87953408	15431925760
2026-09-28T07:00:52+04:00	ck9e-mirror-256k	1	0	21205123072	21867155456	17703530496	3448840192	0	87986176	726624	16896102400	16283676672	524472320	87953408	15425146880
2026-09-28T07:01:02+04:00	ck9e-mirror-256k	1	0	21206437888	21867155456	17704456192	3448840192	0	87986176	726624	16897019904	16284594176	524472320	87953408	15478800384
2026-09-28T07:01:13+04:00	ck9e-mirror-256k	1	0	21206433792	21867155456	17704456192	3448840192	0	87986176	726624	16897019904	16284594176	524472320	87953408	15481913344
2026-09-28T07:01:26+04:00	ck9e-mirror-256k	1	0	21206188032	21867155456	17704460288	3448840192	0	87986176	726624	16897019904	16284594176	524472320	87953408	15477170176
2026-09-28T07:01:36+04:00	ck9e-mirror-256k	1	0	21206462464	21867155456	17704460288	3448840192	0	87986176	726624	16897019904	16284594176	524472320	87953408	15485247488
2026-09-28T07:01:47+04:00	ck9e-mirror-256k	1	0	21206171648	21867155456	17704460288	3448840192	0	87986176	726624	16897019904	16284594176	524472320	87953408	15472037888
2026-09-28T07:02:00+04:00	ck9e-mirror-256k	1	0	21206425600	21867155456	17704464384	3448840192	0	87986176	726624	16897019904	16284594176	524472320	87953408	15479382016
2026-09-28T07:02:11+04:00	ck9e-mirror-256k	1	0	21206106112	21867155456	17704566784	3448840192	0	87986176	726624	16897019904	16284594176	524472320	87953408	15475957760
2026-09-28T07:02:21+04:00	ck9e-mirror-256k	1	0	21206097920	21867155456	17704685568	3448840192	0	87986176	726624	16897150976	16284725248	524472320	87953408	15471910912
2026-09-28T07:02:34+04:00	ck9e-mirror-256k	1	0	21206437888	21867155456	17704812544	3448840192	0	87986176	726624	16897282048	16284856320	524472320	87953408	15478583296
2026-09-28T07:02:45+04:00	ck9e-mirror-256k	1	0	21206609920	21867155456	17704919040	3448840192	0	87986176	726624	16897413120	16284987392	524472320	87953408	15475732480
2026-09-28T07:02:55+04:00	ck9e-mirror-256k	1	0	21208682496	21867155456	17706893312	3449126912	0	87986176	726624	16899411968	16286986240	524472320	87953408	15470731264
2026-09-28T07:03:08+04:00	ck9e-mirror-256k	1	0	21208662016	21867155456	17706893312	3449126912	0	87986176	726624	16899411968	16286986240	524472320	87953408	15472455680
2026-09-28T07:03:18+04:00	ck9e-mirror-256k	1	0	21210509312	21867155456	17708609536	3449221120	0	87986176	726624	16900694016	16288137216	524603392	87953408	15487430656
2026-09-28T07:03:29+04:00	ck9e-mirror-256k	1	0	21210796032	21867155456	17709068288	3449315328	0	87986176	726624	16900767744	16288210944	524603392	87953408	15476477952
2026-09-28T07:03:42+04:00	ck9e-mirror-256k	1	0	21210902528	21867155456	17709072384	3449409536	0	87986176	726624	16900767744	16288210944	524603392	87953408	15469875200
2026-09-28T07:03:52+04:00	ck9e-mirror-256k	1	0	21211119616	21867155456	17709072384	3449409536	0	87986176	726624	16900767744	16288210944	524603392	87953408	15477604352
2026-09-28T07:04:03+04:00	ck9e-mirror-256k	1	0	21211328512	21867155456	17709072384	3449409536	0	87986176	726624	16900767744	16288210944	524603392	87953408	15461875712
2026-09-28T07:04:13+04:00	ck9e-mirror-256k	1	0	21211303936	21867155456	17709072384	3449409536	0	87986176	726624	16900767744	16288210944	524603392	87953408	15468040192
2026-09-28T07:04:27+04:00	ck9e-mirror-256k	1	0	21211619328	21867155456	17709072384	3449409536	0	87986176	726624	16900767744	16288210944	524603392	87953408	15464615936
2026-09-28T07:04:37+04:00	ck9e-mirror-256k	1	0	21211303936	21867155456	17709072384	3449409536	0	87986176	726624	16900767744	16288210944	524603392	87953408	15468642304
2026-09-28T07:04:47+04:00	ck9e-mirror-256k	1	0	21211254784	21867155456	17709072384	3449409536	0	87986176	726624	16900767744	16288210944	524603392	87953408	15473065984
2026-09-28T07:05:01+04:00	ck9e-mirror-256k	1	0	21211193344	21867155456	17709072384	3449409536	0	87986176	726624	16900767744	16288210944	524603392	87953408	15467749376
2026-09-28T07:05:11+04:00	ck9e-mirror-256k	1	0	21211111424	21867155456	17709072384	3449409536	0	87986176	726624	16900767744	16288210944	524603392	87953408	15467810816
2026-09-28T07:05:21+04:00	ck9e-mirror-256k	1	0	21211598848	21867155456	17709072384	3449409536	0	87986176	726624	16900767744	16288210944	524603392	87953408	15470510080
2026-09-28T07:05:35+04:00	ck9e-mirror-256k	1	0	21211295744	21867155456	17709072384	3449409536	0	87986176	726624	16900767744	16288210944	524603392	87953408	14605291520
2026-09-28T07:05:45+04:00	ck9e-mirror-256k	1	0	21211238400	21867155456	17709072384	3449409536	0	87986176	726624	16900767744	16288210944	524603392	87953408	14456479744
2026-09-28T07:05:55+04:00	ck9e-mirror-256k	1	0	21211439104	21867155456	17709072384	3449409536	0	87986176	726624	16900767744	16288210944	524603392	87953408	13231534080
2026-09-28T07:06:09+04:00	ck9e-mirror-256k	1	0	21211136000	21867155456	17709072384	3449409536	0	87986176	726624	16900767744	16288210944	524603392	87953408	15094550528
2026-09-28T07:06:19+04:00	ck9e-mirror-256k	1	0	21211648000	21867155456	17709072384	3449409536	0	87986176	726624	16900767744	16288210944	524603392	87953408	15470174208
2026-09-28T07:06:29+04:00	ck9e-mirror-256k	1	0	21211602944	21867155456	17709072384	3449409536	0	87986176	726624	16900767744	16288210944	524603392	87953408	15377231872
2026-09-28T07:06:43+04:00	ck9e-mirror-256k	1	0	21211525120	21867155456	17709072384	3449409536	0	87986176	726624	16900767744	16288210944	524603392	87953408	15379439616
2026-09-28T07:06:53+04:00	ck9e-mirror-256k	1	0	21211496448	21867155456	17709072384	3449409536	0	87986176	726624	16900767744	16288210944	524603392	87953408	15368286208
2026-09-28T07:07:04+04:00	ck9e-mirror-256k	1	0	21210927104	21867155456	17709072384	3449409536	0	87986176	726624	16900767744	16288210944	524603392	87953408	15378575360
2026-09-28T07:07:17+04:00	ck9e-mirror-256k	1	0	21211127808	21867155456	17709072384	3449409536	0	87986176	726624	16900767744	16288210944	524603392	87953408	15383257088
2026-09-28T07:07:28+04:00	ck9e-mirror-256k	1	0	21211594752	21867155456	17709400064	3449409536	0	87986176	726624	16901160960	16288604160	524603392	87953408	15386693632
2026-09-28T07:07:38+04:00	ck9e-mirror-256k	1	0	21211553792	21867155456	17709400064	3449409536	0	87986176	726624	16901160960	16288604160	524603392	87953408	15406657536
2026-09-28T07:07:48+04:00	ck9e-mirror-256k	1	0	21211455488	21867155456	17709400064	3449409536	0	87986176	726624	16901160960	16288604160	524603392	87953408	15409836032
2026-09-28T07:08:02+04:00	ck9e-mirror-256k	1	0	21211648000	21867155456	17709400064	3449409536	0	87986176	726624	16901160960	16288604160	524603392	87953408	15420104704
2026-09-28T07:08:12+04:00	ck9e-mirror-256k	1	0	21211721728	21867155456	17709400064	3449409536	0	87986176	726624	16901160960	16288604160	524603392	87953408	15417929728
2026-09-28T07:08:22+04:00	ck9e-mirror-256k	1	0	21211648000	21867155456	17709461504	3449409536	0	87986176	726624	16901292032	16288735232	524603392	87953408	15418867712
2026-09-28T07:08:36+04:00	ck9e-mirror-256k	1	0	21212143616	21867155456	17709568000	3449409536	0	87986176	726624	16901292032	16288735232	524603392	87953408	15474860032
2026-09-28T07:08:46+04:00	ck9e-mirror-256k	1	0	21212094464	21867155456	17709678592	3449409536	0	87986176	726624	16901423104	16288866304	524603392	87953408	15470559232
2026-09-28T07:08:56+04:00	ck9e-mirror-256k	1	0	21212127232	21867155456	17709772800	3449409536	0	87986176	726624	16901554176	16288997376	524603392	87953408	15463559168
2026-09-28T07:09:10+04:00	ck9e-mirror-256k	1	0	21212008448	21867155456	17709903872	3449409536	0	87986176	726624	16901685248	16289128448	524603392	87953408	15464112128
2026-09-28T07:09:20+04:00	ck9e-mirror-256k	1	0	21212450816	21867155456	17710014464	3449409536	0	87986176	726624	16901816320	16289259520	524603392	87953408	15470403584
2026-09-28T07:09:31+04:00	ck9e-mirror-256k	1	0	21212655616	21867155456	17710108672	3449409536	0	87986176	726624	16901947392	16289390592	524603392	87953408	15463141376
2026-09-28T07:09:44+04:00	ck9e-mirror-256k	1	0	21212344320	21867155456	17710227456	3449409536	0	87986176	726624	16901947392	16289390592	524603392	87953408	15454961664
2026-09-28T07:09:55+04:00	ck9e-mirror-256k	1	0	21212835840	21867155456	17710338048	3449409536	0	87986176	726624	16902078464	16289521664	524603392	87953408	15460798464
2026-09-28T07:10:05+04:00	ck9e-mirror-256k	1	0	21212524544	21867155456	17710448640	3449409536	0	87986176	726624	16902209536	16289652736	524603392	87953408	15453003776
2026-09-28T07:10:19+04:00	ck9e-mirror-256k	1	0	21212991488	21867155456	17710546944	3449409536	0	87986176	726624	16902340608	16289783808	524603392	87953408	15439233024
2026-09-28T07:10:29+04:00	ck9e-mirror-256k	1	0	21213470720	21867155456	17710653440	3449409536	0	87986176	726624	16902471680	16289914880	524603392	87953408	15452356608
2026-09-28T07:10:39+04:00	ck9e-mirror-256k	1	0	21212901376	21867155456	17710764032	3449409536	0	87986176	726624	16902602752	16290045952	524603392	87953408	15454969856
2026-09-28T07:10:53+04:00	ck9e-mirror-256k	1	0	21213364224	21867155456	17710895104	3449409536	0	87986176	726624	16902733824	16290177024	524603392	87953408	15413559296
2026-09-28T07:11:03+04:00	ck9e-mirror-256k	1	0	21213585408	21867155456	17711022080	3449409536	0	87986176	726624	16902733824	16290177024	524603392	87953408	15458291712
2026-09-28T07:11:13+04:00	ck9e-mirror-256k	1	0	21213294592	21867155456	17711132672	3449409536	0	87986176	726624	16902864896	16290308096	524603392	87953408	15455588352
2026-09-28T07:11:27+04:00	ck9e-mirror-256k	1	0	21216317440	21867155456	17714229248	3449409536	0	87986176	726624	16905015296	16292458496	524603392	87953408	15438397440
2026-09-28T07:11:37+04:00	ck9e-mirror-256k	1	0	21216915456	21867155456	17714233344	3449503744	0	87986176	726624	16905015296	16292458496	524603392	87953408	15445721088
2026-09-28T07:11:47+04:00	ck9e-mirror-256k	1	0	21216673792	21867155456	17714237440	3449503744	0	87986176	726624	16905015296	16292458496	524603392	87953408	15445159936
2026-09-28T07:11:58+04:00	ck9e-mirror-256k	1	0	21216415744	21867155456	17714237440	3449503744	0	87986176	726624	16905015296	16292458496	524603392	87953408	15446073344
2026-09-28T07:12:11+04:00	ck9e-mirror-256k	1	0	21216624640	21867155456	17714237440	3449503744	0	87986176	726624	16905015296	16292458496	524603392	87953408	15451172864
2026-09-28T07:12:22+04:00	ck9e-mirror-256k	1	0	21216641024	21867155456	17714237440	3449503744	0	87986176	726624	16905015296	16292458496	524603392	87953408	15458000896
2026-09-28T07:12:32+04:00	ck9e-mirror-256k	1	0	21216669696	21867155456	17714237440	3449503744	0	87986176	726624	16905015296	16292458496	524603392	87953408	15447965696
2026-09-28T07:12:46+04:00	ck9e-mirror-256k	1	0	21216919552	21867155456	17714241536	3449503744	0	87986176	726624	16905015296	16292458496	524603392	87953408	15454019584
2026-09-28T07:12:56+04:00	ck9e-mirror-256k	1	0	21216935936	21867155456	17714245632	3449503744	0	87986176	726624	16905015296	16292458496	524603392	87953408	15460544512
2026-09-28T07:13:06+04:00	ck9e-mirror-256k	1	0	21216419840	21867155456	17714245632	3449503744	0	87986176	726624	16905015296	16292458496	524603392	87953408	15455318016
2026-09-28T07:13:20+04:00	ck9e-mirror-256k	1	0	21216673792	21867155456	17714245632	3449503744	0	87986176	726624	16905015296	16292458496	524603392	87953408	15455412224
2026-09-28T07:13:30+04:00	ck9e-mirror-256k	1	0	21217161216	21867155456	17714245632	3449503744	0	87986176	726624	16905015296	16292458496	524603392	87953408	15459176448
2026-09-28T07:13:41+04:00	ck9e-mirror-256k	1	0	21216686080	21867155456	17714249728	3449503744	0	87986176	726624	16905015296	16292458496	524603392	87953408	15459504128
2026-09-28T07:13:54+04:00	ck9e-mirror-256k	1	0	21216948224	21867155456	17714249728	3449503744	0	87986176	726624	16905015296	16292458496	524603392	87953408	15465226240
2026-09-28T07:14:05+04:00	ck9e-mirror-256k	1	0	21216681984	21867155456	17714249728	3449503744	0	87986176	726624	16905015296	16292458496	524603392	87953408	15452188672
2026-09-28T07:14:15+04:00	ck9e-mirror-256k	1	0	21216935936	21867155456	17714249728	3449503744	0	87986176	726624	16905015296	16292458496	524603392	87953408	15461634048
2026-09-28T07:14:29+04:00	ck9e-mirror-256k	1	0	21216903168	21867155456	17714249728	3449503744	0	87986176	726624	16905015296	16292458496	524603392	87953408	15460888576
2026-09-28T07:14:39+04:00	ck9e-mirror-256k	1	0	21216833536	21867155456	17714249728	3449503744	0	87986176	726624	16905015296	16292458496	524603392	87953408	15454814208
2026-09-28T07:14:49+04:00	ck9e-mirror-256k	1	0	21216550912	21867155456	17714249728	3449503744	0	87986176	726624	16905015296	16292458496	524603392	87953408	15456092160
2026-09-28T07:15:03+04:00	ck9e-mirror-256k	1	0	21216251904	21867155456	17714249728	3449503744	0	87986176	726624	16905015296	16292458496	524603392	87953408	15458553856
2026-09-28T07:15:13+04:00	ck9e-mirror-256k	1	0	21216477184	21867155456	17714249728	3449503744	0	87986176	726624	16905015296	16292458496	524603392	87953408	15452868608
2026-09-28T07:15:23+04:00	ck9e-mirror-256k	1	0	21216698368	21867155456	17714319360	3449503744	0	87986176	726624	16905146368	16292589568	524603392	87953408	15457992704
2026-09-28T07:15:34+04:00	ck9e-mirror-256k	1	0	21216665600	21867155456	17714409472	3449503744	0	87986176	726624	16905277440	16292720640	524603392	87953408	15453188096
2026-09-28T07:15:47+04:00	ck9e-mirror-256k	1	0	21217157120	21867155456	17714503680	3449503744	0	87986176	726624	16905277440	16292720640	524603392	87953408	15461621760
2026-09-28T07:15:58+04:00	ck9e-mirror-256k	1	0	21216833536	21867155456	17714597888	3449503744	0	87986176	726624	16905408512	16292851712	524603392	87953408	15456309248
2026-09-28T07:16:08+04:00	ck9e-mirror-256k	1	0	21217058816	21867155456	17714696192	3449503744	0	87986176	726624	16905408512	16292851712	524603392	87953408	15456837632
2026-09-28T07:16:21+04:00	ck9e-mirror-256k	1	0	21217775616	21867155456	17715601408	3449503744	0	87986176	726624	16906194944	16293638144	524603392	87953408	15455043584
2026-09-28T07:16:32+04:00	ck9e-mirror-256k	1	0	21218050048	21867155456	17715609600	3449503744	0	87986176	726624	16906194944	16293638144	524603392	87953408	15453708288
2026-09-28T07:16:42+04:00	ck9e-mirror-256k	1	0	21218299904	21867155456	17715609600	3449503744	0	87986176	726624	16906194944	16293638144	524603392	87953408	15430291456
2026-09-28T07:16:56+04:00	ck9e-mirror-256k	1	0	21218041856	21867155456	17715609600	3449503744	0	87986176	726624	16906194944	16293638144	524603392	87953408	15437193216
2026-09-28T07:17:06+04:00	ck9e-mirror-256k	1	0	21218017280	21867155456	17715609600	3449503744	0	87986176	726624	16906194944	16293638144	524603392	87953408	15440248832
2026-09-28T07:17:16+04:00	ck9e-mirror-256k	1	0	21218242560	21867155456	17715609600	3449503744	0	87986176	726624	16906194944	16293638144	524603392	87953408	15421673472
2026-09-28T07:17:30+04:00	ck9e-mirror-256k	1	0	21218050048	21867155456	17715609600	3449503744	0	87986176	726624	16906194944	16293638144	524603392	87953408	15428157440
2026-09-28T07:17:40+04:00	ck9e-mirror-256k	1	0	21217779712	21867155456	17715609600	3449503744	0	87986176	726624	16906194944	16293638144	524603392	87953408	15433699328
2026-09-28T07:17:50+04:00	ck9e-mirror-256k	1	0	21217820672	21867155456	17715646464	3449503744	0	87986176	726624	16906194944	16293638144	524603392	87953408	15435788288
2026-09-28T07:18:04+04:00	ck9e-mirror-256k	1	0	21217816576	21867155456	17715646464	3449503744	0	87986176	726624	16906194944	16293638144	524603392	87953408	15434547200
2026-09-28T07:18:14+04:00	ck9e-mirror-256k	1	0	21217562624	21867155456	17715646464	3449503744	0	87986176	726624	16906194944	16293638144	524603392	87953408	15422173184
2026-09-28T07:18:24+04:00	ck9e-mirror-256k	1	0	21217820672	21867155456	17715646464	3449503744	0	87986176	726624	16906194944	16293638144	524603392	87953408	15447961600
2026-09-28T07:18:38+04:00	ck9e-mirror-256k	1	0	21218127872	21867155456	17715646464	3449503744	0	87986176	726624	16906194944	16293638144	524603392	87953408	15439040512
2026-09-28T07:18:48+04:00	ck9e-mirror-256k	1	0	21218095104	21867155456	17715646464	3449503744	0	87986176	726624	16906194944	16293638144	524603392	87953408	15440683008
2026-09-28T07:18:58+04:00	ck9e-mirror-256k	1	0	21217820672	21867155456	17715646464	3449503744	0	87986176	726624	16906194944	16293638144	524603392	87953408	15468486656
2026-09-28T07:19:12+04:00	ck9e-mirror-256k	1	0	21217562624	21867155456	17715646464	3449503744	0	87986176	726624	16906194944	16293638144	524603392	87953408	15460442112
2026-09-28T07:19:22+04:00	ck9e-mirror-256k	1	0	21217816576	21867155456	17715646464	3449503744	0	87986176	726624	16906194944	16293638144	524603392	87953408	15457738752
2026-09-28T07:19:32+04:00	ck9e-mirror-256k	1	0	21217828864	21867155456	17715646464	3449503744	0	87986176	726624	16906194944	16293638144	524603392	87953408	15456575488
2026-09-28T07:19:43+04:00	ck9e-mirror-256k	1	0	21217820672	21867155456	17715646464	3449503744	0	87986176	726624	16906194944	16293638144	524603392	87953408	15452381184
2026-09-28T07:19:56+04:00	ck9e-mirror-256k	1	0	21218320384	21867155456	17715646464	3449503744	0	87986176	726624	16906194944	16293638144	524603392	87953408	15452192768
2026-09-28T07:20:07+04:00	ck9e-mirror-256k	1	0	21218082816	21867155456	17715646464	3449503744	0	87986176	726624	16906194944	16293638144	524603392	87953408	15466360832
2026-09-28T07:20:17+04:00	ck9e-mirror-256k	1	0	21217808384	21867155456	17715646464	3449503744	0	87986176	726624	16906194944	16293638144	524603392	87953408	15455379456
2026-09-28T07:20:31+04:00	ck9e-mirror-256k	1	0	21218336768	21867155456	17715646464	3449503744	0	87986176	726624	16906194944	16293638144	524603392	87953408	15448784896
2026-09-28T07:20:41+04:00	ck9e-mirror-256k	1	0	21218332672	21867155456	17715646464	3449503744	0	87986176	726624	16906194944	16293638144	524603392	87953408	15449894912
2026-09-28T07:20:51+04:00	ck9e-mirror-256k	1	0	21217824768	21867155456	17715646464	3449503744	0	87986176	726624	16906194944	16293638144	524603392	87953408	15461974016
2026-09-28T07:21:05+04:00	ck9e-mirror-256k	1	0	21217566720	21867155456	17715646464	3449503744	0	87986176	726624	16906194944	16293638144	524603392	87953408	15449960448
2026-09-28T07:21:15+04:00	ck9e-mirror-256k	1	0	21218353152	21867155456	17715646464	3449503744	0	87986176	726624	16906194944	16293638144	524603392	87953408	15441248256
2026-09-28T07:21:25+04:00	ck9e-mirror-256k	1	0	21218336768	21867155456	17715646464	3449503744	0	87986176	726624	16906194944	16293638144	524603392	87953408	15449825280
2026-09-28T07:21:39+04:00	ck9e-mirror-256k	1	0	21218336768	21867155456	17715646464	3449503744	0	87986176	726624	16906194944	16293638144	524603392	87953408	15451131904
2026-09-28T07:21:49+04:00	ck9e-mirror-256k	1	0	21218344960	21867155456	17715646464	3449503744	0	87986176	726624	16906194944	16293638144	524603392	87953408	15436238848
2026-09-28T07:21:59+04:00	ck9e-mirror-256k	1	0	21219241984	21867155456	17717293056	3449507840	0	87986176	726624	16906457088	16293900288	524603392	87953408	15450378240
2026-09-28T07:22:13+04:00	ck9e-mirror-256k	1	0	21220319232	21867155456	17718026240	3449602048	0	87986176	726624	16906457088	16293900288	524603392	87953408	15461466112
2026-09-28T07:22:23+04:00	ck9e-mirror-256k	1	0	21220179968	21867155456	17718030336	3449696256	0	87986176	726624	16906457088	16293900288	524603392	87953408	15463444480
2026-09-28T07:22:34+04:00	ck9e-mirror-256k	1	0	21220605952	21867155456	17718030336	3449884672	0	87986176	726624	16906457088	16293900288	524603392	87953408	15471771648
2026-09-28T07:22:47+04:00	ck9e-mirror-256k	1	0	21220626432	21867155456	17718030336	3449884672	0	87986176	726624	16906457088	16293900288	524603392	87953408	14290452480
2026-09-28T07:22:57+04:00	ck9e-mirror-256k	1	0	21246529536	21867155456	17743872000	3449978880	0	87986176	726624	16906457088	16293900288	524603392	87953408	15433687040
2026-09-28T07:23:08+04:00	ck9e-mirror-256k	1	0	21246517248	21867155456	17743872000	3449978880	0	87986176	726624	16906457088	16293900288	524603392	87953408	15415005184
2026-09-28T07:23:21+04:00	ck9e-mirror-256k	1	0	21246504960	21867155456	17743872000	3449978880	0	87986176	726624	16906457088	16293900288	524603392	87953408	13947846656
2026-09-28T07:23:32+04:00	ck9e-mirror-256k	1	0	21246504960	21867155456	17743872000	3449978880	0	87986176	726624	16906457088	16293900288	524603392	87953408	12408442880
2026-09-28T07:23:42+04:00	ck9e-mirror-256k	1	0	21331644416	21867155456	17828900864	3450085376	0	87986176	726624	16914714624	16302157824	524603392	87953408	15366397952
2026-09-28T07:24:38+04:00	ck9e-nat-whole-1	0	0	3031818240	3032084480	1845747712	1167638528	0	1157644288	837664	2497048576	803151872	537448448	1157627904	30068469760
2026-09-28T07:24:49+04:00	ck9e-nat-whole-1	0	0	8321478656	8321478656	2026610688	6257967104	0	3972694016	837664	5358198784	982876160	403578880	3971743744	27070287872
2026-09-28T07:24:59+04:00	ck9e-nat-whole-1	0	0	22067392512	22096879616	2026991616	19954393088	0	11422908416	837664	12808331264	983531520	402661376	11422138368	19731550208
2026-09-28T07:25:12+04:00	ck9e-nat-whole-1	0	0	24884187136	24932433920	2027241472	22742990848	0	16863789056	837664	18196701184	983793664	348921856	16874209280	14270521344
2026-09-28T07:25:23+04:00	ck9e-nat-whole-1	0	0	27920211968	27933847552	2008506368	25759031296	0	22011723776	837664	23305392128	965341184	329261056	22010789888	9125052416
2026-09-28T07:25:33+04:00	ck9e-nat-whole-1	1	0	27337740288	28163117056	2992414720	24195072000	0	20375945216	837664	22577332224	1750355968	451944448	20375031808	9762938880
2026-09-28T07:25:47+04:00	ck9e-nat-whole-1	1	0	27337740288	28163117056	2992414720	24195072000	0	20375945216	837664	22577332224	1750355968	451944448	20375031808	9802797056
2026-09-28T07:25:57+04:00	ck9e-nat-whole-1	1	0	27338919936	28163117056	2992660480	24195481600	0	20375945216	837664	22577332224	1750355968	451944448	20375031808	9753772032
2026-09-28T07:26:07+04:00	ck9e-nat-whole-1	1	0	27456131072	28163117056	3085901824	24219516928	0	20375945216	837664	22585196544	1757696000	452468736	20375031808	9757175808
2026-09-28T07:26:21+04:00	ck9e-nat-whole-1	1	0	27457368064	28163117056	3086626816	24219627520	0	20375945216	837664	22585720832	1758220288	452468736	20375031808	9761513472
2026-09-28T07:26:31+04:00	ck9e-nat-whole-1	1	0	27457089536	28163117056	3086651392	24219627520	0	20375945216	837664	22585720832	1758220288	452468736	20375031808	9777917952
2026-09-28T07:26:42+04:00	ck9e-nat-whole-1	1	0	27457908736	28163117056	3087065088	24219742208	0	20375945216	837664	22585982976	1758482432	452468736	20375031808	9778692096
2026-09-28T07:26:55+04:00	ck9e-nat-whole-1	1	0	27457867776	28163117056	3087089664	24219742208	0	20375945216	837664	22585982976	1758482432	452468736	20375031808	9781186560
2026-09-28T07:27:06+04:00	ck9e-nat-whole-1	1	0	26931757056	28163117056	3087151104	23693524992	0	20375945216	837664	22578774016	1758482432	445259776	20375031808	9710333952
2026-09-28T07:27:16+04:00	ck9e-nat-whole-1	1	0	26931695616	28163117056	3087155200	23693524992	0	20375945216	837664	22578774016	1758482432	445259776	20375031808	9682518016
2026-09-28T07:27:26+04:00	ck9e-nat-whole-1	1	0	26932723712	28163117056	3087904768	23693635584	0	20375945216	837664	22579036160	1758613504	445390848	20375031808	9678798848
2026-09-28T07:27:40+04:00	ck9e-nat-whole-1	1	0	26932424704	28163117056	3087904768	23693635584	0	20375945216	837664	22579036160	1758613504	445390848	20375031808	9683288064
2026-09-28T07:28:24+04:00	ck9s-mirror-256k	0	0	468725760	468987904	309665792	154955776	0	0	851998	527196160	303456256	223739904	0	33041301504
2026-09-28T07:28:34+04:00	ck9s-mirror-256k	0	0	19721048064	19724042240	16388485120	3277115392	0	1721778176	852269	17475416064	15346397184	407257088	1721761792	15174942720
2026-09-28T07:28:48+04:00	ck9s-mirror-256k	0	0	19809906688	19810627584	16474963968	3279302656	0	1723764736	852269	17565200384	15432773632	408698880	1723727872	15067734016
2026-09-28T07:28:58+04:00	ck9s-mirror-256k	0	0	18552700928	20185440256	16790716416	1712164864	0	87986176	852269	16345710592	15748657152	509100032	87953408	16400670720
2026-09-28T07:29:08+04:00	ck9s-mirror-256k	0	0	18552930304	20185440256	16790945792	1712164864	0	87986176	852269	16345972736	15748919296	509100032	87953408	16397029376
2026-09-28T07:29:22+04:00	ck9s-mirror-256k	0	0	18803974144	20185440256	17037950976	1715585024	0	87986176	852269	16603791360	15995858944	519979008	87953408	16159731712
2026-09-28T07:29:32+04:00	ck9s-mirror-256k	0	0	19214303232	20185440256	17290469376	1872441344	0	87986176	852269	16862658560	16248434688	526270464	87953408	15906119680
2026-09-28T07:29:43+04:00	ck9s-mirror-256k	1	0	19625140224	20185440256	17696141312	1875406848	0	87986176	852269	17076703232	16455270400	533479424	87953408	15484751872
2026-09-28T07:29:57+04:00	ck9s-mirror-256k	1	0	19625132032	20185440256	17696141312	1875406848	0	87986176	852269	17076703232	16455270400	533479424	87953408	15485616128
2026-09-28T07:30:07+04:00	ck9s-mirror-256k	1	0	19626692608	20185440256	17696837632	1875562496	0	87986176	852269	17077227520	16455794688	533479424	87953408	15489744896
2026-09-28T07:30:17+04:00	ck9s-mirror-256k	1	1	19764105216	20185440256	17833418752	1875562496	0	87986176	852269	17078276096	16456843264	533479424	87953408	15349088256
2026-09-28T07:30:31+04:00	ck9s-mirror-256k	1	1	19764350976	20185440256	17833418752	1875562496	0	87986176	852269	17078276096	16456843264	533479424	87953408	15342579712
2026-09-28T07:30:41+04:00	ck9s-mirror-256k	1	1	19764350976	20185440256	17833422848	1875562496	0	87986176	852269	17078276096	16456843264	533479424	87953408	15347224576
2026-09-28T07:30:52+04:00	ck9s-mirror-256k	1	1	19764338688	20185440256	17833422848	1875562496	0	87986176	852269	17078276096	16456843264	533479424	87953408	15340011520
2026-09-28T07:31:06+04:00	ck9s-mirror-256k	1	1	19764338688	20185440256	17833431040	1875562496	0	87986176	852269	17078276096	16456843264	533479424	87953408	15336554496
2026-09-28T07:31:16+04:00	ck9s-mirror-256k	1	1	19764387840	20185440256	17833431040	1875562496	0	87986176	852269	17078276096	16456843264	533479424	87953408	15337959424
2026-09-28T07:31:26+04:00	ck9s-mirror-256k	1	1	19776176128	20185440256	17845006336	1875673088	0	87986176	852269	17090465792	16468377600	534134784	87953408	15339331584
2026-09-28T07:31:37+04:00	ck9s-mirror-256k	1	3	19862228992	20185440256	17916755968	1889857536	0	87986176	852269	17137586176	16514318336	535314432	87953408	15253422080
2026-09-28T07:31:50+04:00	ck9s-mirror-256k	1	3	19862212608	20185440256	17916755968	1889857536	0	87986176	852269	17137586176	16514318336	535314432	87953408	15264104448
2026-09-28T07:32:01+04:00	ck9s-mirror-256k	1	3	19862200320	20185440256	17916755968	1889857536	0	87986176	852269	17137586176	16514318336	535314432	87953408	15277867008
2026-09-28T07:32:11+04:00	ck9s-mirror-256k	1	3	19862196224	20185440256	17916755968	1889857536	0	87986176	852269	17137586176	16514318336	535314432	87953408	15274291200
2026-09-28T07:32:25+04:00	ck9s-mirror-256k	1	3	19862216704	20185440256	17916755968	1889857536	0	87986176	852269	17137586176	16514318336	535314432	87953408	15271280640
2026-09-28T07:32:35+04:00	ck9s-mirror-256k	1	3	19862216704	20185440256	17916755968	1889857536	0	87986176	852269	17137586176	16514318336	535314432	87953408	15260692480
2026-09-28T07:32:45+04:00	ck9s-mirror-256k	1	3	19862212608	20185440256	17916755968	1889857536	0	87986176	852269	17137586176	16514318336	535314432	87953408	15270928384
2026-09-28T07:32:59+04:00	ck9s-mirror-256k	1	4	19872686080	20185440256	17925533696	1891041280	0	87986176	852269	17146626048	16522702848	535969792	87953408	15260176384
2026-09-28T07:33:09+04:00	ck9s-mirror-256k	1	4	19872690176	20185440256	17925533696	1891041280	0	87986176	852269	17146626048	16522702848	535969792	87953408	15243022336
2026-09-28T07:33:20+04:00	ck9s-mirror-256k	1	4	19872219136	20185440256	17925533696	1891041280	0	87986176	852269	17146626048	16522702848	535969792	87953408	15230750720
2026-09-28T07:33:33+04:00	ck9s-mirror-256k	1	4	19872731136	20185440256	17925533696	1891041280	0	87986176	852269	17146626048	16522702848	535969792	87953408	15247663104
2026-09-28T07:33:44+04:00	ck9s-mirror-256k	1	4	19872366592	20185440256	17925533696	1891041280	0	87986176	852269	17146626048	16522702848	535969792	87953408	15238508544
2026-09-28T07:33:54+04:00	ck9s-mirror-256k	1	4	19872137216	20185440256	17925533696	1891041280	0	87986176	852269	17146626048	16522702848	535969792	87953408	15237160960
2026-09-28T07:34:08+04:00	ck9s-mirror-256k	1	4	19872444416	20185440256	17925533696	1891041280	0	87986176	852269	17146626048	16522702848	535969792	87953408	15231905792
2026-09-28T07:34:18+04:00	ck9s-mirror-256k	1	4	19872735232	20185440256	17925533696	1891041280	0	87986176	852269	17146626048	16522702848	535969792	87953408	15230345216
2026-09-28T07:34:28+04:00	ck9s-mirror-256k	1	4	19872165888	20185440256	17925533696	1891041280	0	87986176	852269	17146626048	16522702848	535969792	87953408	15232368640
2026-09-28T07:34:42+04:00	ck9s-mirror-256k	1	4	19872444416	20185440256	17925533696	1891041280	0	87986176	852269	17146626048	16522702848	535969792	87953408	15239106560
2026-09-28T07:34:52+04:00	ck9s-mirror-256k	1	4	19872419840	20185440256	17925533696	1891041280	0	87986176	852269	17146626048	16522702848	535969792	87953408	14793674752
2026-09-28T07:35:03+04:00	ck9s-mirror-256k	1	4	19872370688	20185440256	17925533696	1891041280	0	87986176	852269	17146626048	16522702848	535969792	87953408	14648680448
2026-09-28T07:35:16+04:00	ck9s-mirror-256k	1	4	19872571392	20185440256	17925533696	1891041280	0	87986176	852269	17146626048	16522702848	535969792	87953408	13615112192
2026-09-28T07:35:27+04:00	ck9s-mirror-256k	1	4	19871981568	20185440256	17925533696	1891041280	0	87986176	852269	17146626048	16522702848	535969792	87953408	11836215296
2026-09-28T07:35:37+04:00	ck9s-mirror-256k	1	4	19872440320	20185440256	17925533696	1891041280	0	87986176	852269	17146626048	16522702848	535969792	87953408	14187872256
2026-09-28T07:35:47+04:00	ck9s-mirror-256k	1	4	19872407552	20185440256	17925533696	1891041280	0	87986176	852269	17146626048	16522702848	535969792	87953408	15153152000
2026-09-28T07:36:01+04:00	ck9s-mirror-256k	1	4	19872604160	20185440256	17925533696	1891041280	0	87986176	852269	17146626048	16522702848	535969792	87953408	15125913600
2026-09-28T07:36:11+04:00	ck9s-mirror-256k	1	4	19872555008	20185440256	17925533696	1891041280	0	87986176	852269	17146626048	16522702848	535969792	87953408	15128420352
2026-09-28T07:36:22+04:00	ck9s-mirror-256k	1	4	19872223232	20185440256	17925533696	1891041280	0	87986176	852269	17146626048	16522702848	535969792	87953408	15129739264
2026-09-28T07:36:35+04:00	ck9s-mirror-256k	1	4	19872677888	20185440256	17925533696	1891041280	0	87986176	852269	17146626048	16522702848	535969792	87953408	15125618688
2026-09-28T07:36:46+04:00	ck9s-mirror-256k	1	4	19872620544	20185440256	17925533696	1891041280	0	87986176	852269	17146626048	16522702848	535969792	87953408	15135711232
2026-09-28T07:36:56+04:00	ck9s-mirror-256k	1	4	19872567296	20185440256	17925533696	1891041280	0	87986176	852269	17146626048	16522702848	535969792	87953408	15157714944
2026-09-28T07:37:10+04:00	ck9s-mirror-256k	1	4	19872489472	20185440256	17925533696	1891041280	0	87986176	852269	17146626048	16522702848	535969792	87953408	15120990208
2026-09-28T07:37:20+04:00	ck9s-mirror-256k	1	4	19872448512	20185440256	17925533696	1891041280	0	87986176	852269	17146626048	16522702848	535969792	87953408	15218745344
2026-09-28T07:37:30+04:00	ck9s-mirror-256k	1	4	19872694272	20185440256	17925533696	1891041280	0	87986176	852269	17146626048	16522702848	535969792	87953408	15220236288
2026-09-28T07:37:44+04:00	ck9s-mirror-256k	1	4	19872104448	20185440256	17925533696	1891041280	0	87986176	852269	17146626048	16522702848	535969792	87953408	15219466240
2026-09-28T07:37:54+04:00	ck9s-mirror-256k	1	4	19872538624	20185440256	17925533696	1891041280	0	87986176	852269	17146626048	16522702848	535969792	87953408	15217598464
2026-09-28T07:38:05+04:00	ck9s-mirror-256k	1	4	19872477184	20185440256	17925533696	1891041280	0	87986176	852269	17146626048	16522702848	535969792	87953408	15224041472
2026-09-28T07:38:18+04:00	ck9s-mirror-256k	1	4	19872399360	20185440256	17925533696	1891041280	0	87986176	852269	17146626048	16522702848	535969792	87953408	15222120448
2026-09-28T07:38:29+04:00	ck9s-mirror-256k	1	4	19872632832	20185440256	17925533696	1891041280	0	87986176	852269	17146626048	16522702848	535969792	87953408	15223185408
2026-09-28T07:38:39+04:00	ck9s-mirror-256k	1	4	19872313344	20185440256	17925533696	1891041280	0	87986176	852269	17146626048	16522702848	535969792	87953408	15171571712
2026-09-28T07:38:53+04:00	ck9s-mirror-256k	1	4	19872260096	20185440256	17925533696	1891041280	0	87986176	852269	17146626048	16522702848	535969792	87953408	15126052864
2026-09-28T07:39:03+04:00	ck9s-mirror-256k	1	4	19872464896	20185440256	17925533696	1891041280	0	87986176	852269	17146626048	16522702848	535969792	87953408	15124185088
2026-09-28T07:39:13+04:00	ck9s-mirror-256k	1	4	19872419840	20185440256	17925533696	1891041280	0	87986176	852269	17146626048	16522702848	535969792	87953408	15128092672
2026-09-28T07:39:27+04:00	ck9s-mirror-256k	1	4	19872374784	20185440256	17925533696	1891041280	0	87986176	852269	17146626048	16522702848	535969792	87953408	15126491136
2026-09-28T07:39:37+04:00	ck9s-mirror-256k	1	4	19872030720	20185440256	17925533696	1891041280	0	87986176	852269	17146626048	16522702848	535969792	87953408	15121395712
2026-09-28T07:39:47+04:00	ck9s-mirror-256k	1	4	19873763328	20185440256	17927106560	1891045376	0	87986176	852269	17147695104	16523771904	535969792	87953408	15148658688
2026-09-28T07:39:58+04:00	ck9s-mirror-256k	1	4	19873787904	20185440256	17927106560	1891045376	0	87986176	852269	17147695104	16523771904	535969792	87953408	15214551040
2026-09-28T07:40:11+04:00	ck9s-mirror-256k	1	4	19875233792	20185440256	17928806400	1891045376	0	87986176	852269	17148862464	16524939264	535969792	87953408	15196839936
2026-09-28T07:40:21+04:00	ck9s-mirror-256k	1	4	19875741696	20185440256	17929310208	1891045376	0	87986176	852269	17148862464	16524939264	535969792	87953408	15202537472
2026-09-28T07:40:32+04:00	ck9s-mirror-256k	1	4	19875995648	20185440256	17929314304	1891045376	0	87986176	852269	17148862464	16524939264	535969792	87953408	15220506624
2026-09-28T07:40:46+04:00	ck9s-mirror-256k	1	4	19875942400	20185440256	17929314304	1891045376	0	87986176	852269	17148862464	16524939264	535969792	87953408	15206461440
2026-09-28T07:40:56+04:00	ck9s-mirror-256k	1	4	19876438016	20185440256	17929314304	1891045376	0	87986176	852269	17148862464	16524939264	535969792	87953408	15199170560
2026-09-28T07:41:06+04:00	ck9s-mirror-256k	1	4	19875827712	20185440256	17929314304	1891045376	0	87986176	852269	17148862464	16524939264	535969792	87953408	15196430336
2026-09-28T07:41:19+04:00	ck9s-mirror-256k	1	4	19876036608	20185440256	17929314304	1891045376	0	87986176	852269	17148862464	16524939264	535969792	87953408	15211098112
2026-09-28T07:41:30+04:00	ck9s-mirror-256k	1	4	19876007936	20185440256	17929314304	1891045376	0	87986176	852269	17148862464	16524939264	535969792	87953408	15212457984
2026-09-28T07:41:40+04:00	ck9s-mirror-256k	1	4	19876163584	20185440256	17929314304	1891045376	0	87986176	852269	17148862464	16524939264	535969792	87953408	15220084736
2026-09-28T07:41:54+04:00	ck9s-mirror-256k	1	4	19875876864	20185440256	17929314304	1891045376	0	87986176	852269	17148862464	16524939264	535969792	87953408	15186485248
2026-09-28T07:42:04+04:00	ck9s-mirror-256k	1	4	19876077568	20185440256	17929314304	1891045376	0	87986176	852269	17148862464	16524939264	535969792	87953408	15198068736
2026-09-28T07:42:14+04:00	ck9s-mirror-256k	1	4	19876052992	20185440256	17929314304	1891045376	0	87986176	852269	17148862464	16524939264	535969792	87953408	15202340864
2026-09-28T07:42:28+04:00	ck9s-mirror-256k	1	4	19876237312	20185440256	17929314304	1891045376	0	87986176	852269	17148862464	16524939264	535969792	87953408	15191367680
2026-09-28T07:42:38+04:00	ck9s-mirror-256k	1	4	19876155392	20185440256	17929314304	1891045376	0	87986176	852269	17148862464	16524939264	535969792	87953408	15201128448
2026-09-28T07:42:48+04:00	ck9s-mirror-256k	1	4	19876372480	20185440256	17929314304	1891045376	0	87986176	852269	17148862464	16524939264	535969792	87953408	15195770880
2026-09-28T07:43:02+04:00	ck9s-mirror-256k	1	4	19875811328	20185440256	17929314304	1891045376	0	87986176	852269	17148862464	16524939264	535969792	87953408	15194021888
2026-09-28T07:43:12+04:00	ck9s-mirror-256k	1	4	19875983360	20185440256	17929314304	1891045376	0	87986176	852269	17148862464	16524939264	535969792	87953408	15191973888
2026-09-28T07:43:23+04:00	ck9s-mirror-256k	1	4	19875962880	20185440256	17929314304	1891045376	0	87986176	852269	17148862464	16524939264	535969792	87953408	14247444480
2026-09-28T07:43:36+04:00	ck9s-mirror-256k	1	4	19876171776	20185440256	17929314304	1891045376	0	87986176	852269	17148862464	16524939264	535969792	87953408	13124767744
2026-09-28T07:43:47+04:00	ck9s-mirror-256k	1	4	19874934784	20185440256	17929314304	1889865728	0	87986176	852269	17148862464	16524939264	535969792	87953408	12561100800
2026-09-28T07:43:57+04:00	ck9s-mirror-256k	1	4	19875155968	20185440256	17929314304	1889865728	0	87986176	852269	17148862464	16524939264	535969792	87953408	15134420992
2026-09-28T07:44:07+04:00	ck9s-mirror-256k	1	4	19874566144	20185440256	17929347072	1889865728	0	87986176	852269	17148862464	16524939264	535969792	87953408	14531858432
2026-09-28T07:44:21+04:00	ck9s-mirror-256k	1	4	19875037184	20185440256	17929347072	1889865728	0	87986176	852269	17148862464	16524939264	535969792	87953408	14244212736
2026-09-28T07:44:31+04:00	ck9s-mirror-256k	1	4	19874979840	20185440256	17929347072	1889865728	0	87986176	852269	17148862464	16524939264	535969792	87953408	13205684224
2026-09-28T07:44:41+04:00	ck9s-mirror-256k	1	4	19874680832	20185440256	17929347072	1889865728	0	87986176	852269	17148862464	16524939264	535969792	87953408	12355117056
2026-09-28T07:44:55+04:00	ck9s-mirror-256k	1	4	19874881536	20185440256	17929347072	1889865728	0	87986176	852269	17148862464	16524939264	535969792	87953408	13713334272
2026-09-28T07:45:05+04:00	ck9s-mirror-256k	1	4	19875278848	20185440256	17929347072	1889865728	0	87986176	852269	17148862464	16524939264	535969792	87953408	15080534016
2026-09-28T07:45:16+04:00	ck9s-mirror-256k	1	4	19874988032	20185440256	17929379840	1889865728	0	87986176	852269	17148862464	16524939264	535969792	87953408	15050321920
2026-09-28T07:45:29+04:00	ck9s-mirror-256k	1	4	19875463168	20185440256	17929494528	1889865728	0	87986176	852269	17148993536	16525070336	535969792	87953408	15052103680
2026-09-28T07:45:39+04:00	ck9s-mirror-256k	1	4	19875393536	20185440256	17929588736	1889865728	0	87986176	852269	17149124608	16525201408	535969792	87953408	15049121792
2026-09-28T07:45:49+04:00	ck9s-mirror-256k	1	4	19875364864	20185440256	17929711616	1889865728	0	87986176	852269	17149255680	16525332480	535969792	87953408	15050547200
2026-09-28T07:46:03+04:00	ck9s-mirror-256k	1	4	19875323904	20185440256	17929805824	1889865728	0	87986176	852269	17149386752	16525463552	535969792	87953408	15039713280
2026-09-28T07:46:13+04:00	ck9s-mirror-256k	1	4	19875516416	20185440256	17929920512	1889865728	0	87986176	852269	17149386752	16525463552	535969792	87953408	15072321536
2026-09-28T07:46:24+04:00	ck9s-mirror-256k	1	4	19876007936	20185440256	17930043392	1889865728	0	87986176	852269	17149517824	16525594624	535969792	87953408	15136088064
2026-09-28T07:46:37+04:00	ck9s-mirror-256k	1	4	19875930112	20185440256	17930149888	1889865728	0	87986176	852269	17149648896	16525725696	535969792	87953408	15136485376
2026-09-28T07:46:48+04:00	ck9s-mirror-256k	1	4	19875876864	20185440256	17930256384	1889865728	0	87986176	852269	17149779968	16525856768	535969792	87953408	15044190208
2026-09-28T07:46:58+04:00	ck9s-mirror-256k	1	4	19876093952	20185440256	17930354688	1889865728	0	87986176	852269	17149911040	16525987840	535969792	87953408	15049502720
2026-09-28T07:47:12+04:00	ck9s-mirror-256k	1	4	19876048896	20185440256	17930477568	1889865728	0	87986176	852269	17150042112	16526118912	535969792	87953408	15040008192
2026-09-28T07:47:22+04:00	ck9s-mirror-256k	1	4	19876257792	20185440256	17930579968	1889865728	0	87986176	852269	17150042112	16526118912	535969792	87953408	15042420736
2026-09-28T07:47:32+04:00	ck9s-mirror-256k	1	4	19875950592	20185440256	17930694656	1889865728	0	87986176	852269	17150173184	16526249984	535969792	87953408	15028936704
2026-09-28T07:47:46+04:00	ck9s-mirror-256k	1	4	19876417536	20185440256	17930788864	1889865728	0	87986176	852269	17150304256	16526381056	535969792	87953408	15019188224
2026-09-28T07:47:56+04:00	ck9s-mirror-256k	1	4	19876900864	20185440256	17930924032	1889865728	0	87986176	852269	17150435328	16526512128	535969792	87953408	15043149824
2026-09-28T07:48:06+04:00	ck9s-mirror-256k	1	4	19876847616	20185440256	17931034624	1889865728	0	87986176	852269	17150566400	16526643200	535969792	87953408	15056412672
2026-09-28T07:48:17+04:00	ck9s-mirror-256k	1	4	19879030784	20185440256	17933516800	1889865728	0	87986176	852269	17151983616	16528060416	535969792	87953408	15015612416
2026-09-28T07:48:30+04:00	ck9s-mirror-256k	1	4	19879251968	20185440256	17933524992	1889865728	0	87986176	852269	17151983616	16528060416	535969792	87953408	15106023424
2026-09-28T07:48:41+04:00	ck9s-mirror-256k	1	4	19879469056	20185440256	17933524992	1889865728	0	87986176	852269	17151983616	16528060416	535969792	87953408	15108087808
2026-09-28T07:48:51+04:00	ck9s-mirror-256k	1	4	19878760448	20185440256	17933524992	1889865728	0	87986176	852269	17151983616	16528060416	535969792	87953408	14806130688
2026-09-28T07:49:05+04:00	ck9s-mirror-256k	1	4	19878977536	20185440256	17933524992	1889865728	0	87986176	852269	17151983616	16528060416	535969792	87953408	15007223808
2026-09-28T07:49:15+04:00	ck9s-mirror-256k	1	4	19878936576	20185440256	17933524992	1889865728	0	87986176	852269	17151983616	16528060416	535969792	87953408	15015370752
2026-09-28T07:49:25+04:00	ck9s-mirror-256k	1	4	19879247872	20185440256	17933529088	1889865728	0	87986176	852269	17151983616	16528060416	535969792	87953408	15007834112
2026-09-28T07:49:39+04:00	ck9s-mirror-256k	1	4	19878940672	20185440256	17933529088	1889865728	0	87986176	852269	17151983616	16528060416	535969792	87953408	15008894976
2026-09-28T07:49:49+04:00	ck9s-mirror-256k	1	4	19878760448	20185440256	17933529088	1889865728	0	87986176	852269	17151983616	16528060416	535969792	87953408	15016759296
2026-09-28T07:50:00+04:00	ck9s-mirror-256k	1	4	19879022592	20185440256	17933529088	1889865728	0	87986176	852269	17151983616	16528060416	535969792	87953408	15019876352
2026-09-28T07:50:13+04:00	ck9s-mirror-256k	1	4	19879542784	20185440256	17933529088	1889865728	0	87986176	852269	17151983616	16528060416	535969792	87953408	15016472576
2026-09-28T07:50:24+04:00	ck9s-mirror-256k	1	4	19879022592	20185440256	17933529088	1889865728	0	87986176	852269	17151983616	16528060416	535969792	87953408	15105200128
2026-09-28T07:50:34+04:00	ck9s-mirror-256k	1	4	19879264256	20185440256	17933529088	1889865728	0	87986176	852269	17151983616	16528060416	535969792	87953408	15102963712
2026-09-28T07:50:48+04:00	ck9s-mirror-256k	1	4	19878764544	20185440256	17933529088	1889865728	0	87986176	852269	17151983616	16528060416	535969792	87953408	15103463424
2026-09-28T07:50:58+04:00	ck9s-mirror-256k	1	4	19879288832	20185440256	17933529088	1889865728	0	87986176	852269	17151983616	16528060416	535969792	87953408	15099097088
2026-09-28T07:51:08+04:00	ck9s-mirror-256k	1	4	19879288832	20185440256	17933529088	1889865728	0	87986176	852269	17151983616	16528060416	535969792	87953408	15115034624
2026-09-28T07:51:22+04:00	ck9s-mirror-256k	1	4	19879264256	20185440256	17933529088	1889865728	0	87986176	852269	17151983616	16528060416	535969792	87953408	15125524480
2026-09-28T07:51:32+04:00	ck9s-mirror-256k	1	4	19879534592	20185440256	17933529088	1889865728	0	87986176	852269	17151983616	16528060416	535969792	87953408	12733345792
2026-09-28T07:51:43+04:00	ck9s-mirror-256k	1	4	19855462400	20185440256	17933537280	1866072064	0	87986176	852269	17151983616	16528060416	535969792	87953408	12724449280
2026-09-28T07:51:57+04:00	ck9s-mirror-256k	1	4	19648933888	20185440256	17933606912	1659723776	0	87986176	852269	17152114688	16528191488	535969792	87953408	15087140864
2026-09-28T07:52:07+04:00	ck9s-mirror-256k	1	4	19649282048	20185440256	17933676544	1659723776	0	87986176	852269	17152114688	16528191488	535969792	87953408	15084294144
2026-09-28T07:52:17+04:00	ck9s-mirror-256k	1	4	19649101824	20185440256	17933750272	1659723776	0	87986176	852269	17152245760	16528322560	535969792	87953408	15076098048
2026-09-28T07:52:28+04:00	ck9s-mirror-256k	1	4	19649175552	20185440256	17933828096	1659723776	0	87986176	852269	17152376832	16528453632	535969792	87953408	15073075200
2026-09-28T07:52:41+04:00	ck9s-mirror-256k	1	4	19649232896	20185440256	17933893632	1659723776	0	87986176	852269	17152376832	16528453632	535969792	87953408	15052419072
2026-09-28T07:52:52+04:00	ck9s-mirror-256k	1	4	19649814528	20185440256	17933967360	1659723776	0	87986176	852269	17152376832	16528453632	535969792	87953408	15113076736
2026-09-28T07:53:02+04:00	ck9s-mirror-256k	1	4	19649601536	20185440256	17934045184	1659723776	0	87986176	852269	17152507904	16528584704	535969792	87953408	15109234688
2026-09-28T07:53:16+04:00	ck9s-mirror-256k	1	4	19649990656	20185440256	17934905344	1659723776	0	87986176	852269	17153425408	16529502208	535969792	87953408	14979645440
2026-09-28T07:53:26+04:00	ck9s-mirror-256k	1	4	19649990656	20185440256	17934905344	1659723776	0	87986176	852269	17153425408	16529502208	535969792	87953408	15062220800
2026-09-28T07:53:36+04:00	ck9s-mirror-256k	1	4	19650490368	20185440256	17934905344	1659723776	0	87986176	852269	17153425408	16529502208	535969792	87953408	15078764544
2026-09-28T07:53:50+04:00	ck9s-mirror-256k	1	4	19650482176	20185440256	17934905344	1659723776	0	87986176	852269	17153425408	16529502208	535969792	87953408	15072612352
2026-09-28T07:54:01+04:00	ck9s-mirror-256k	1	4	19650772992	20185440256	17934905344	1659723776	0	87986176	852269	17153425408	16529502208	535969792	87953408	14983745536
2026-09-28T07:54:11+04:00	ck9s-mirror-256k	1	4	19650252800	20185440256	17934905344	1659723776	0	87986176	852269	17153425408	16529502208	535969792	87953408	14976491520
2026-09-28T07:54:25+04:00	ck9s-mirror-256k	1	4	19649994752	20185440256	17934909440	1659723776	0	87986176	852269	17153425408	16529502208	535969792	87953408	14974230528
2026-09-28T07:54:35+04:00	ck9s-mirror-256k	1	4	19650068480	20185440256	17934983168	1659723776	0	87986176	852269	17153556480	16529633280	535969792	87953408	14976233472
2026-09-28T07:54:45+04:00	ck9s-mirror-256k	1	4	19650605056	20185440256	17935052800	1659723776	0	87986176	852269	17153687552	16529764352	535969792	87953408	15087460352
2026-09-28T07:54:59+04:00	ck9s-mirror-256k	1	4	19650957312	20185440256	17935130624	1659723776	0	87986176	852269	17153687552	16529764352	535969792	87953408	15187189760
2026-09-28T07:55:09+04:00	ck9s-mirror-256k	1	4	19651059712	20185440256	17935216640	1659723776	0	87986176	852269	17153818624	16529895424	535969792	87953408	15194341376
2026-09-28T07:55:20+04:00	ck9s-mirror-256k	1	4	19651088384	20185440256	17935323136	1659723776	0	87986176	852269	17153818624	16529895424	535969792	87953408	15188111360
2026-09-28T07:55:34+04:00	ck9s-mirror-256k	1	4	19650785280	20185440256	17935388672	1659723776	0	87986176	852269	17153949696	16530026496	535969792	87953408	15186939904
2026-09-28T07:55:44+04:00	ck9s-mirror-256k	1	4	19651268608	20185440256	17935474688	1659723776	0	87986176	852269	17154080768	16530157568	535969792	87953408	15193907200
2026-09-28T07:55:54+04:00	ck9s-mirror-256k	1	4	19650879488	20185440256	17935552512	1659723776	0	87986176	852269	17154080768	16530157568	535969792	87953408	15187865600
2026-09-28T07:56:08+04:00	ck9s-mirror-256k	1	4	19651145728	20185440256	17935568896	1659723776	0	87986176	852269	17154080768	16530157568	535969792	87953408	15189565440
2026-09-28T07:56:18+04:00	ck9s-mirror-256k	1	4	19651407872	20185440256	17935568896	1659723776	0	87986176	852269	17154080768	16530157568	535969792	87953408	15192174592
2026-09-28T07:56:28+04:00	ck9s-mirror-256k	1	4	19651076096	20185440256	17935568896	1659723776	0	87986176	852269	17154080768	16530157568	535969792	87953408	15187632128
2026-09-28T07:56:39+04:00	ck9s-mirror-256k	1	4	19651293184	20185440256	17935568896	1659723776	0	87986176	852269	17154080768	16530157568	535969792	87953408	15185944576
2026-09-28T07:56:52+04:00	ck9s-mirror-256k	1	4	19650740224	20185440256	17935568896	1659723776	0	87986176	852269	17154080768	16530157568	535969792	87953408	15182626816
2026-09-28T07:57:03+04:00	ck9s-mirror-256k	1	4	19650969600	20185440256	17935568896	1659723776	0	87986176	852269	17154080768	16530157568	535969792	87953408	15183286272
2026-09-28T07:57:13+04:00	ck9s-mirror-256k	1	4	19651198976	20185440256	17935568896	1659723776	0	87986176	852269	17154080768	16530157568	535969792	87953408	15175536640
2026-09-28T07:57:27+04:00	ck9s-mirror-256k	1	4	19651387392	20185440256	17935568896	1659723776	0	87986176	852269	17154080768	16530157568	535969792	87953408	15180931072
2026-09-28T07:57:37+04:00	ck9s-mirror-256k	1	4	19651436544	20185440256	17935568896	1659723776	0	87986176	852269	17154080768	16530157568	535969792	87953408	15178125312
2026-09-28T07:57:47+04:00	ck9s-mirror-256k	1	4	19651112960	20185440256	17935568896	1659723776	0	87986176	852269	17154080768	16530157568	535969792	87953408	15174008832
2026-09-28T07:58:01+04:00	ck9s-mirror-256k	1	4	19651166208	20185440256	17935568896	1659723776	0	87986176	852269	17154080768	16530157568	535969792	87953408	15090741248
2026-09-28T07:58:12+04:00	ck9s-mirror-256k	1	4	19650670592	20185440256	17935568896	1659723776	0	87986176	852269	17154080768	16530157568	535969792	87953408	15045910528
2026-09-28T07:58:22+04:00	ck9s-mirror-256k	1	4	19650899968	20185440256	17935568896	1659723776	0	87986176	852269	17154080768	16530157568	535969792	87953408	15022665728
2026-09-28T07:58:36+04:00	ck9s-mirror-256k	1	4	19652431872	20185440256	17937080320	1659727872	0	87986176	852269	17154080768	16530157568	535969792	87953408	15020724224
2026-09-28T07:58:46+04:00	ck9s-mirror-256k	1	4	19652931584	20185440256	17937813504	1659727872	0	87986176	852269	17154080768	16530157568	535969792	87953408	15018881024
2026-09-28T07:58:56+04:00	ck9s-mirror-256k	1	4	19652931584	20185440256	17937813504	1659727872	0	87986176	852269	17154080768	16530157568	535969792	87953408	15026003968
2026-09-28T07:59:10+04:00	ck9s-mirror-256k	1	4	19652993024	20185440256	17937805312	1659727872	0	87986176	852269	17154080768	16530157568	535969792	87953408	15026171904
2026-09-28T07:59:20+04:00	ck9s-mirror-256k	1	4	19652923392	20185440256	17937805312	1659727872	0	87986176	852269	17154080768	16530157568	535969792	87953408	15027945472
2026-09-28T07:59:31+04:00	ck9s-mirror-256k	1	4	19648090112	20185440256	17932898304	1659801600	0	87986176	852269	17154211840	16530157568	536100864	87953408	15012081664
2026-09-28T07:59:44+04:00	ck9s-mirror-256k	1	4	19648081920	20185440256	17932898304	1659801600	0	87986176	852269	17154211840	16530157568	536100864	87953408	15014121472
2026-09-28T07:59:55+04:00	ck9s-mirror-256k	1	4	19648090112	20185440256	17932898304	1659801600	0	87986176	852269	17154211840	16530157568	536100864	87953408	15019851776
2026-09-28T08:00:05+04:00	ck9s-mirror-256k	1	4	19648090112	20185440256	17932898304	1659801600	0	87986176	852269	17154211840	16530157568	536100864	87953408	15020961792
2026-09-28T08:00:19+04:00	ck9s-mirror-256k	1	4	19648348160	20185440256	17932898304	1659801600	0	87986176	852269	17154211840	16530157568	536100864	87953408	15016828928
2026-09-28T08:00:39+04:00	ck9e-nat-mirror-1	0	0	1252909056	1253126144	1204690944	37240832	0	12288	980625	703889408	422084608	281804800	0	31927201792
2026-09-28T08:00:49+04:00	ck9e-nat-mirror-1	0	0	18542821376	18545045504	16392097792	2100686848	0	1723764736	980733	17480843264	15349075968	408039424	1723727872	14942707712
2026-09-28T08:01:03+04:00	ck9e-nat-mirror-1	0	0	18634645504	18646081536	16478642176	2105921536	0	1723764736	980733	17571020800	15435452416	411840512	1723727872	14844231680
2026-09-28T08:01:13+04:00	ck9e-nat-mirror-1	0	0	17312956416	18945437696	16795639808	473268224	0	87986176	980733	16350347264	15752515584	509882368	87949312	16181268480
2026-09-28T08:01:23+04:00	ck9e-nat-mirror-1	0	0	17312964608	18945437696	16795648000	473268224	0	87986176	980733	16350347264	15752515584	509882368	87949312	16010129408
2026-09-28T08:01:37+04:00	ck9e-nat-mirror-1	0	0	17570349056	18945437696	17052196864	473272320	0	87986176	980733	16618389504	16009154560	521285632	87949312	15900487680
2026-09-28T08:01:47+04:00	ck9e-nat-mirror-1	1	0	17958383616	18945437696	17439395840	473280512	0	87986176	980733	16828325888	16215158784	525217792	87949312	15510437888
2026-09-28T08:01:57+04:00	ck9e-nat-mirror-1	1	0	17977909248	18945437696	17457721344	473288704	0	87986176	980733	16832389120	16215552000	528887808	87949312	15497162752
2026-09-28T08:02:11+04:00	ck9e-nat-mirror-1	1	0	17977909248	18945437696	17457721344	473288704	0	87986176	980733	16832389120	16215552000	528887808	87949312	15496077312
2026-09-28T08:02:21+04:00	ck9e-nat-mirror-1	1	0	18071355392	18945437696	17550594048	473288704	0	87986176	980733	16839991296	16222498816	529543168	87949312	15384485888
2026-09-28T08:02:32+04:00	ck9e-nat-mirror-1	1	0	18072178688	18945437696	17551015936	473288704	0	87986176	980733	16839991296	16222498816	529543168	87949312	15396093952
2026-09-28T08:02:45+04:00	ck9e-nat-mirror-1	1	0	18071846912	18945437696	17551196160	473288704	0	87986176	980733	16839991296	16222498816	529543168	87949312	15396614144
2026-09-28T08:02:56+04:00	ck9e-nat-mirror-1	1	0	18063339520	18945437696	17551208448	465035264	0	87986176	980733	16839991296	16222498816	529543168	87949312	15326167040
2026-09-28T08:03:06+04:00	ck9e-nat-mirror-1	1	0	18064318464	18945437696	17551585280	465113088	0	87986176	980733	16840253440	16222760960	529543168	87949312	15229878272
2026-09-28T08:03:19+04:00	ck9e-nat-mirror-1	1	0	18064326656	18945437696	17551589376	465113088	0	87986176	980733	16840253440	16222760960	529543168	87949312	15213154304
2026-09-28T08:03:30+04:00	ck9e-nat-mirror-1	1	0	18064150528	18945437696	17551667200	465113088	0	87986176	980733	16840253440	16222760960	529543168	87949312	15240028160
2026-09-28T08:03:40+04:00	ck9e-nat-mirror-1	1	0	18064429056	18945437696	17551675392	465113088	0	87986176	980733	16840253440	16222760960	529543168	87949312	15247175680
2026-09-28T08:03:54+04:00	ck9e-nat-mirror-1	1	0	18065235968	18945437696	17552658432	465113088	0	87986176	980733	16840646656	16223154176	529543168	87949312	15250522112
2026-09-28T08:04:04+04:00	ck9e-nat-mirror-1	1	0	18064982016	18945437696	17552658432	465113088	0	87986176	980733	16840646656	16223154176	529543168	87949312	15344824320
2026-09-28T08:04:14+04:00	ck9e-nat-mirror-1	1	0	18064986112	18945437696	17552666624	465113088	0	87986176	980733	16840646656	16223154176	529543168	87949312	15416487936
2026-09-28T08:04:24+04:00	ck9s-nat-whole-1	0	0	1156325376	1157111808	1147052032	704512	0	12288	996107	704086016	422150144	281935872	0	31366950912
2026-09-28T08:04:38+04:00	ck9s-nat-whole-1	0	0	7393837056	7394623488	2027134976	5365559296	0	3528851456	996344	4920012800	984690688	407650304	3527671808	26863173632
2026-09-28T08:04:48+04:00	ck9s-nat-whole-1	0	0	19581788160	19598200832	2027540480	17473499136	0	11391205376	996344	12783022080	985346048	407650304	11390025728	19009191936
2026-09-28T08:04:59+04:00	ck9s-nat-whole-1	0	0	25466281984	25516658688	2027941888	23305834496	0	19855917056	996344	21170974720	985739264	330448896	19854786560	10512691200
2026-09-28T08:05:13+04:00	ck9s-nat-whole-1	1	0	27007365120	27727536128	3032489984	23831617536	0	20375945216	996344	22760452096	1989959680	395460608	20375031808	8983519232
2026-09-28T08:05:23+04:00	ck9s-nat-whole-1	1	0	27162525696	27727536128	3232796672	23784738816	0	20375945216	996344	22764908544	1990352896	399523840	20375031808	8779231232
2026-09-28T08:05:33+04:00	ck9s-nat-whole-1	1	0	27162525696	27727536128	3232796672	23784738816	0	20375945216	996344	22764908544	1990352896	399523840	20375031808	8783892480
2026-09-28T08:05:47+04:00	ck9s-nat-whole-1	1	2	27223166976	27727536128	3323543552	23754129408	0	20375945216	996344	22768971776	1996251136	397688832	20375031808	8634679296
2026-09-28T08:05:58+04:00	ck9s-nat-whole-1	1	2	26610511872	27727536128	3240185856	23220686848	0	20375945216	996344	22767267840	1996251136	395984896	20375031808	8553377792
2026-09-28T08:06:08+04:00	ck9s-nat-whole-1	1	2	26610843648	27727536128	3240333312	23220948992	0	20375945216	996344	22767529984	1996251136	396247040	20375031808	8540733440
2026-09-28T08:06:21+04:00	ck9s-nat-whole-1	1	2	26610814976	27727536128	3240361984	23220948992	0	20375945216	996344	22767529984	1996251136	396247040	20375031808	8540307456
2026-09-28T08:06:32+04:00	ck9s-nat-whole-1	1	2	26610855936	27727536128	3240468480	23220953088	0	20375945216	996344	22767529984	1996251136	396247040	20375031808	8543281152
2026-09-28T08:06:42+04:00	ck9s-nat-whole-1	1	2	26610331648	27727536128	3240546304	23220953088	0	20375945216	996344	22767529984	1996251136	396247040	20375031808	8533348352
2026-09-28T08:06:54+04:00	ck9s-nat-whole-1	1	2	26610769920	27727536128	3240546304	23220953088	0	20375945216	996344	22767529984	1996251136	396247040	20375031808	9370263552
2026-09-28T08:07:04+04:00	ck9s-nat-whole-1	1	2	26611671040	27727536128	3241267200	23220965376	0	20375945216	996344	22767661056	1996382208	396247040	20375031808	9380249600
2026-09-28T08:07:15+04:00	ck9s-nat-whole-1	1	2	26611703808	27727536128	3241267200	23220965376	0	20375945216	996344	22767661056	1996382208	396247040	20375031808	9361260544
2026-09-28T08:07:28+04:00	ck9s-nat-whole-1	1	2	26611154944	27727536128	3241275392	23220965376	0	20375945216	996344	22767661056	1996382208	396247040	20375031808	9361240064
2026-09-28T08:07:48+04:00	cn-w1	0	0	5472833536	5474144256	1906216960	3542564864	0	1721778176	1008459	3500793856	863535104	916283392	1721761792	29439860736
2026-09-28T08:08:01+04:00	cn-w1	0	0	22471532544	22472974336	2022281216	20387885056	0	10027974656	1008459	11411976192	978817024	406151168	10058727424	20962234368
2026-09-28T08:08:11+04:00	cn-w1	0	0	28828360704	28851011584	2022731776	26692374528	0	18968231936	1008459	20352266240	979341312	405757952	18967166976	12091490304
2026-09-28T08:08:22+04:00	cn-w1	1	0	29056954368	29785579520	3027914752	25901965312	0	20375945216	1008459	22850641920	1984851968	490823680	20374966272	9657769984
2026-09-28T08:08:35+04:00	cn-w1	1	0	29358120960	29785579520	3312742400	25916407808	0	20375945216	1008459	22854836224	1984983040	494886912	20374966272	9365491712
2026-09-28T08:08:46+04:00	cn-w1	1	0	29358120960	29785579520	3312742400	25916407808	0	20375945216	1008459	22854836224	1984983040	494886912	20374966272	9374138368
2026-09-28T08:08:56+04:00	cn-w1	1	1	29492813824	29785579520	3445526528	25916596224	0	20375945216	1008459	22855884800	1986031616	494886912	20374966272	9225633792
2026-09-28T08:09:06+04:00	cn-w1	1	1	29492805632	29785579520	3445526528	25916596224	0	20375945216	1008459	22855884800	1986031616	494886912	20374966272	9216139264
2026-09-28T08:09:19+04:00	cn-w1	1	1	29492805632	29785579520	3445526528	25916596224	0	20375945216	1008459	22855884800	1986031616	494886912	20374966272	9215221760
2026-09-28T08:09:30+04:00	cn-w1	1	1	29492801536	29785579520	3445526528	25916596224	0	20375945216	1008459	22855884800	1986031616	494886912	20374966272	9227177984
2026-09-28T08:09:40+04:00	cn-w1	1	1	29492781056	29785579520	3445526528	25916596224	0	20375945216	1008459	22855884800	1986031616	494886912	20374966272	9229266944
2026-09-28T08:09:53+04:00	cn-w1	1	1	29492621312	29785579520	3445526528	25916596224	0	20375945216	1008459	22855884800	1986031616	494886912	20374966272	9233571840
2026-09-28T08:10:04+04:00	cn-w1	1	1	29492621312	29785579520	3445526528	25916596224	0	20375945216	1008459	22855884800	1986031616	494886912	20374966272	9229398016
2026-09-28T08:10:14+04:00	cn-w1	1	3	29595238400	29785579520	3570061312	25894346752	0	20375945216	1008459	22915452928	2044026880	496459776	20374966272	9108414464
2026-09-28T08:10:27+04:00	cn-w1	1	3	29595475968	29785579520	3570061312	25894346752	0	20375945216	1008459	22915452928	2044026880	496459776	20374966272	9099407360
2026-09-28T08:10:37+04:00	cn-w1	1	3	29595738112	29785579520	3570061312	25894346752	0	20375945216	1008459	22915452928	2044026880	496459776	20374966272	9115484160
2026-09-28T08:10:48+04:00	cn-w1	1	3	29595467776	29785579520	3570061312	25894346752	0	20375945216	1008459	22915452928	2044026880	496459776	20374966272	9116348416
2026-09-28T08:11:01+04:00	cn-w1	1	3	29585092608	29785579520	3570061312	25883975680	0	20375945216	1008459	22915452928	2044026880	496459776	20374966272	9110081536
2026-09-28T08:11:11+04:00	cn-w1	1	3	29585084416	29785579520	3570061312	25883975680	0	20375945216	1008459	22915452928	2044026880	496459776	20374966272	9101680640
2026-09-28T08:11:22+04:00	cn-w1	1	3	29580840960	29785579520	3570061312	25879736320	0	20375945216	1008459	22915452928	2044026880	496459776	20374966272	9104814080
2026-09-28T08:11:35+04:00	cn-w1	1	4	28616912896	29785579520	3578449920	24907644928	0	20375945216	1008459	22916444160	2052489216	488988672	20374966272	8334131200
2026-09-28T08:12:18+04:00	ck9e-nat-whole-2	0	0	390189056	390455296	312107008	74846208	0	0	1023151	529047552	305831936	223215616	0	32286097408
2026-09-28T08:12:28+04:00	ck9e-nat-whole-2	0	0	9228066816	9230176256	2027778048	7176658944	0	3275227136	1023333	4662362112	984592384	403460096	3306029056	27788234752
2026-09-28T08:12:41+04:00	ck9e-nat-whole-2	0	0	18028036096	18028036096	2027986944	15943118848	0	7681949696	1023333	9069264896	984854528	403460096	7680950272	23361101824
2026-09-28T08:12:52+04:00	ck9e-nat-whole-2	0	0	22923419648	22971744256	2028244992	20808785920	0	12373999616	1023333	13761511424	984985600	403460096	12373065728	18055000064
2026-09-28T08:13:02+04:00	ck9e-nat-whole-2	0	0	27598827520	27608526848	2028617728	25433874432	0	20458274816	1023333	21801467904	985640960	358502400	20457324544	10002841600
2026-09-28T08:13:15+04:00	ck9e-nat-whole-2	1	0	27695452160	28735361024	2792378368	24762228736	0	20375945216	1023333	22587203584	1749172224	463097856	20374933504	9340567552
2026-09-28T08:13:26+04:00	ck9e-nat-whole-2	1	0	27914739712	28735361024	2992906240	24779235328	0	20375945216	1023333	22591135744	1749565440	466636800	20374933504	9131630592
2026-09-28T08:13:36+04:00	ck9e-nat-whole-2	1	0	27914739712	28735361024	2992906240	24779235328	0	20375945216	1023333	22591135744	1749565440	466636800	20374933504	9134514176
2026-09-28T08:13:46+04:00	ck9e-nat-whole-2	1	0	28034293760	28735361024	3084677120	24806518784	0	20375945216	1023333	22598737920	1756643328	467161088	20374933504	9038573568
2026-09-28T08:14:00+04:00	ck9e-nat-whole-2	1	0	27421806592	28735361024	3085197312	24193273856	0	20375945216	1023333	22598344704	1756643328	466767872	20374933504	9686761472
2026-09-28T08:14:10+04:00	ck9e-nat-whole-2	1	0	27422228480	28735361024	3085410304	24193376256	0	20375945216	1023333	22598344704	1756643328	466767872	20374933504	9694027776
2026-09-28T08:14:20+04:00	ck9e-nat-whole-2	1	0	27422269440	28735361024	3085434880	24193376256	0	20375945216	1023333	22598344704	1756643328	466767872	20374933504	9703579648
2026-09-28T08:14:33+04:00	ck9e-nat-whole-2	1	0	27422314496	28735361024	3085545472	24193482752	0	20375945216	1023333	22598344704	1756643328	466767872	20374933504	9690710016
2026-09-28T08:14:44+04:00	ck9e-nat-whole-2	1	0	27422261248	28735361024	3085557760	24193482752	0	20375945216	1023333	22598344704	1756643328	466767872	20374933504	9691430912
2026-09-28T08:14:54+04:00	ck9e-nat-whole-2	1	0	27422785536	28735361024	3085635584	24193581056	0	20375945216	1023333	22598344704	1756643328	466767872	20374933504	9683763200
2026-09-28T08:15:07+04:00	ck9e-nat-whole-2	1	0	27423174656	28735361024	3086348288	24193597440	0	20375945216	1023333	22598475776	1756774400	466767872	20374933504	9690775552
2026-09-28T08:15:17+04:00	ck9e-nat-whole-2	1	0	27423539200	28735361024	3086348288	24193695744	0	20375945216	1023333	22598475776	1756774400	466767872	20374933504	9686294528
2026-09-28T08:15:28+04:00	ck9e-nat-whole-2	1	0	27423219712	28735361024	3086348288	24193695744	0	20375945216	1023333	22598475776	1756774400	466767872	20374933504	9681969152
2026-09-28T08:15:51+04:00	ck9s-nat-mirror-1	0	0	3746213888	3747786752	1845669888	1885081600	0	1157644288	1036425	2776293376	802885632	821678080	1157627904	30245605376
2026-09-28T08:16:01+04:00	ck9s-nat-mirror-1	0	0	21068611584	21069656064	16426221568	4589719552	0	1723764736	1036425	17514778624	15384748032	406302720	1723727872	15026606080
2026-09-28T08:16:14+04:00	ck9s-nat-mirror-1	0	0	21168988160	21171740672	16474963968	4638752768	0	1723764736	1036425	17564454912	15432065024	408662016	1723727872	14979956736
2026-09-28T08:16:24+04:00	ck9s-nat-mirror-1	0	0	19857526784	21489909760	16791793664	3016413184	0	87986176	1036425	16342605824	15748997120	505655296	87953408	16310276096
2026-09-28T08:16:34+04:00	ck9s-nat-mirror-1	0	0	20107591680	21489909760	17038483456	3018743808	0	87986176	1036425	16600162304	15995674624	516534272	87953408	16068124672
2026-09-28T08:16:48+04:00	ck9s-nat-mirror-1	0	0	20498579456	21489909760	17290940416	3156684800	0	87986176	1036425	16858505216	16248119296	522432512	87953408	15818297344
2026-09-28T08:16:58+04:00	ck9s-nat-mirror-1	1	0	20706799616	21489909760	17498664960	3156811776	0	87986176	1036425	17069957120	16455639040	526364672	87953408	15617294336
2026-09-28T08:17:08+04:00	ck9s-nat-mirror-1	1	0	20910047232	21489909760	17698123776	3158917120	0	87986176	1036425	17073758208	16455901184	529903616	87953408	15411953664
2026-09-28T08:17:21+04:00	ck9s-nat-mirror-1	1	0	20910047232	21489909760	17698123776	3158917120	0	87986176	1036425	17073758208	16455901184	529903616	87953408	15410782208
2026-09-28T08:17:31+04:00	ck9s-nat-mirror-1	1	2	21003567104	21489909760	17789116416	3160289280	0	87986176	1036425	17079656448	16461275136	530427904	87953408	15295442944
2026-09-28T08:17:42+04:00	ck9s-nat-mirror-1	1	2	21003612160	21489909760	17789624320	3160289280	0	87986176	1036425	17079656448	16461275136	530427904	87953408	15296487424
2026-09-28T08:17:52+04:00	ck9s-nat-mirror-1	1	2	21003866112	21489909760	17789853696	3160289280	0	87986176	1036425	17079656448	16461275136	530427904	87953408	15299031040
2026-09-28T08:18:05+04:00	ck9s-nat-mirror-1	1	2	21003849728	21489909760	17789865984	3160289280	0	87986176	1036425	17079656448	16461275136	530427904	87953408	15293702144
2026-09-28T08:18:15+04:00	ck9s-nat-mirror-1	1	2	21003800576	21489909760	17789997056	3160293376	0	87986176	1036425	17079656448	16461275136	530427904	87953408	15298621440
2026-09-28T08:18:25+04:00	ck9s-nat-mirror-1	1	2	21003751424	21489909760	17789997056	3160293376	0	87986176	1036425	17079656448	16461275136	530427904	87953408	15298506752
2026-09-28T08:18:38+04:00	ck9s-nat-mirror-1	1	2	21003755520	21489909760	17790066688	3160293376	0	87986176	1036425	17079656448	16461275136	530427904	87953408	15298662400
2026-09-28T08:18:49+04:00	ck9s-nat-mirror-1	1	2	21003939840	21489909760	17790066688	3160293376	0	87986176	1036425	17079656448	16461275136	530427904	87953408	15308558336
2026-09-28T08:18:59+04:00	ck9s-nat-mirror-1	1	2	21004718080	21489909760	17790783488	3160293376	0	87986176	1036425	17079787520	16461406208	530427904	87953408	15308705792
2026-09-28T08:19:12+04:00	ck9s-nat-mirror-1	1	2	21004926976	21489909760	17790783488	3160293376	0	87986176	1036425	17079787520	16461406208	530427904	87953408	15293091840
2026-09-28T08:19:22+04:00	ck9s-nat-mirror-1	1	2	21004382208	21489909760	17790783488	3160293376	0	87986176	1036425	17079787520	16461406208	530427904	87953408	15297421312
2026-09-28T08:19:45+04:00	cn-s1	0	0	17043083264	17054093312	15286992896	1731846144	0	1721778176	1048500	16440340480	14326050816	404193280	1721761792	16081969152
2026-09-28T08:19:55+04:00	cn-s1	0	0	18260697088	18261049344	16477302784	1733832704	0	1723764736	1048500	17564676096	15434788864	406159360	1723727872	14960529408
2026-09-28T08:20:06+04:00	cn-s1	0	0	16933974016	18566606848	16792113152	98267136	0	87986176	1048500	16342958080	15749492736	505511936	87953408	15188471808
2026-09-28T08:20:19+04:00	cn-s1	0	0	16934195200	18566606848	16792334336	98267136	0	87986176	1048500	16343220224	15749754880	505511936	87953408	14030065664
2026-09-28T08:20:29+04:00	cn-s1	0	0	17181802496	18566606848	17039351808	98267136	0	87986176	1048500	16601169920	15996825600	516390912	87953408	16027545600
2026-09-28T08:20:39+04:00	cn-s1	0	0	17434836992	18566606848	17291874304	98267136	0	87986176	1048500	16859774976	16249270272	522551296	87953408	15776137216
2026-09-28T08:20:52+04:00	cn-s1	1	0	17922207744	18566606848	17776844800	98275328	0	87986176	1048500	17067556864	16449843200	529760256	87953408	15280644096
2026-09-28T08:21:02+04:00	cn-s1	1	0	17922207744	18566606848	17776844800	98275328	0	87986176	1048500	17067556864	16449843200	529760256	87953408	15280152576
2026-09-28T08:21:13+04:00	cn-s1	1	1	18056159232	18566606848	17909084160	98275328	0	87986176	1048500	17068867584	16451153920	529760256	87953408	15142121472
2026-09-28T08:21:23+04:00	cn-s1	1	1	18055966720	18566606848	17909084160	98275328	0	87986176	1048500	17068867584	16451153920	529760256	87953408	15148085248
2026-09-28T08:21:36+04:00	cn-s1	1	1	18055970816	18566606848	17909084160	98275328	0	87986176	1048500	17068867584	16451153920	529760256	87953408	15128236032
2026-09-28T08:21:46+04:00	cn-s1	1	1	18055974912	18566606848	17909084160	98275328	0	87986176	1048500	17068867584	16451153920	529760256	87953408	15135510528
2026-09-28T08:21:56+04:00	cn-s1	1	1	18055974912	18566606848	17909084160	98275328	0	87986176	1048500	17068867584	16451153920	529760256	87953408	15131119616
2026-09-28T08:22:09+04:00	cn-s1	1	1	18055974912	18566606848	17909084160	98275328	0	87986176	1048500	17068867584	16451153920	529760256	87953408	15129886720
2026-09-28T08:22:19+04:00	cn-s1	1	1	18055974912	18566606848	17909084160	98275328	0	87986176	1048500	17068867584	16451153920	529760256	87953408	15133818880
2026-09-28T08:22:29+04:00	cn-s1	1	1	18076459008	18566606848	17920638976	106860544	0	87986176	1048500	17081188352	16462688256	530546688	87953408	15112564736
2026-09-28T08:22:43+04:00	cn-s1	1	3	18173349888	18566606848	17992802304	131629056	0	87986176	1048500	17128660992	16509112320	531595264	87953408	15044902912
2026-09-28T08:22:53+04:00	cn-s1	1	3	18173546496	18566606848	17992802304	131629056	0	87986176	1048500	17128660992	16509112320	531595264	87953408	15048896512
2026-09-28T08:23:03+04:00	cn-s1	1	3	18173534208	18566606848	17992802304	131629056	0	87986176	1048500	17128660992	16509112320	531595264	87953408	15046860800
2026-09-28T08:23:16+04:00	cn-s1	1	3	18173526016	18566606848	17992802304	131629056	0	87986176	1048500	17128660992	16509112320	531595264	87953408	14633349120
2026-09-28T08:23:26+04:00	cn-s1	1	3	18173296640	18566606848	17992802304	131629056	0	87986176	1048500	17128660992	16509112320	531595264	87953408	13482659840
2026-09-28T08:23:36+04:00	cn-s1	1	3	18173304832	18566606848	17992802304	131629056	0	87986176	1048500	17128660992	16509112320	531595264	87953408	11858153472
2026-09-28T08:23:49+04:00	cn-s1	1	3	18173300736	18566606848	17992802304	131629056	0	87986176	1048500	17128660992	16509112320	531595264	87953408	15033724928
2026-09-28T08:24:00+04:00	cn-s1	1	4	18182520832	18566606848	18002022400	131633152	0	87986176	1048500	17137885184	16518336512	531595264	87953408	15038443520
2026-09-28T08:24:42+04:00	ck9e-nat-mirror-2	0	0	991645696	992169984	980398080	2945024	0	12288	1066261	704020480	422215680	281804800	0	31536742400
2026-09-28T08:24:52+04:00	ck9e-nat-mirror-2	0	0	18178953216	18179919872	16391831552	1737732096	0	1723764736	1066472	17480196096	15348596736	407871488	1723727872	14342750208
2026-09-28T08:25:05+04:00	ck9e-nat-mirror-2	0	0	18265780224	18282008576	16478380032	1737748480	0	1723764736	1066472	17570242560	15435104256	411410432	1723727872	14273122304
2026-09-28T08:25:16+04:00	ck9e-nat-mirror-2	0	0	16939290624	18572087296	16793391104	102285312	0	87986176	1066472	16346423296	15750070272	508403712	87949312	15626608640
2026-09-28T08:25:26+04:00	ck9e-nat-mirror-2	0	0	17131454464	18572087296	16986550272	102879232	0	87986176	1066472	16551419904	15949037568	514957312	87949312	15416320000
2026-09-28T08:25:39+04:00	ck9e-nat-mirror-2	0	0	17200119808	18572087296	17052975104	102879232	0	87986176	1066472	16617480192	16009723904	519806976	87949312	15364005888
2026-09-28T08:25:49+04:00	ck9e-nat-mirror-2	1	0	17403240448	18572087296	17255555072	102883328	0	87986176	1066472	16823758848	16212201472	523608064	87949312	15372042240
2026-09-28T08:25:59+04:00	ck9e-nat-mirror-2	1	0	17603948544	18572087296	17454333952	103141376	0	87986176	1066472	16827166720	16212332544	526884864	87949312	15617036288
2026-09-28T08:26:12+04:00	ck9e-nat-mirror-2	1	0	17603940352	18572087296	17454333952	103141376	0	87986176	1066472	16827166720	16212332544	526884864	87949312	14997966848
2026-09-28T08:26:23+04:00	ck9e-nat-mirror-2	1	0	17697828864	18572087296	17547366400	103141376	0	87986176	1066472	16834637824	16219279360	527409152	87949312	14823038976
2026-09-28T08:26:33+04:00	ck9e-nat-mirror-2	1	0	17698177024	18572087296	17547845632	103141376	0	87986176	1066472	16834637824	16219279360	527409152	87949312	14846394368
2026-09-28T08:26:46+04:00	ck9e-nat-mirror-2	1	0	17698099200	18572087296	17548058624	103141376	0	87986176	1066472	16834637824	16219279360	527409152	87949312	14853029888
2026-09-28T08:26:56+04:00	ck9e-nat-mirror-2	1	0	17698410496	18572087296	17548070912	103141376	0	87986176	1066472	16834637824	16219279360	527409152	87949312	14856892416
2026-09-28T08:27:06+04:00	ck9e-nat-mirror-2	1	0	17698258944	18572087296	17548439552	103145472	0	87986176	1066472	16834899968	16219541504	527409152	87949312	14853156864
2026-09-28T08:27:19+04:00	ck9e-nat-mirror-2	1	0	17698516992	18572087296	17548443648	103145472	0	87986176	1066472	16834899968	16219541504	527409152	87949312	14848831488
2026-09-28T08:27:29+04:00	ck9e-nat-mirror-2	1	0	17698861056	18572087296	17548541952	103145472	0	87986176	1066472	16834899968	16219541504	527409152	87949312	14851448832
2026-09-28T08:27:39+04:00	ck9e-nat-mirror-2	1	0	17698816000	18572087296	17548541952	103145472	0	87986176	1066472	16834899968	16219541504	527409152	87949312	14847770624
2026-09-28T08:27:52+04:00	ck9e-nat-mirror-2	1	0	17699500032	18572087296	17549516800	103022592	0	87986176	1066472	16834637824	16219803648	526884864	87949312	15508385792
2026-09-28T08:28:02+04:00	ck9e-nat-mirror-2	1	0	17699962880	18572087296	17549516800	103022592	0	87986176	1066472	16834637824	16219803648	526884864	87949312	15501209600
2026-09-28T08:28:13+04:00	ck9e-nat-mirror-2	1	0	17699307520	18572087296	17549516800	103022592	0	87986176	1066472	16834637824	16219803648	526884864	87949312	14961123328
2026-09-28T08:28:36+04:00	ck9s-nat-whole-2	0	0	5994446848	5997191168	2026029056	3941765120	0	2799681536	1082906	4188098560	983334912	405983232	2798780416	28247351296
2026-09-28T08:28:46+04:00	ck9s-nat-whole-2	0	0	20949827584	20952948736	2026463232	18842456064	0	11581423616	1082906	12969660416	983990272	405196800	11580473344	19444752384
2026-09-28T08:28:56+04:00	ck9s-nat-whole-2	0	0	27171958784	27182575616	2026889216	25011089408	0	20426571776	1082906	21776650240	984514560	366661632	20425474048	10597171200
2026-09-28T08:29:09+04:00	ck9s-nat-whole-2	1	0	27711610880	28536598528	2919555072	24650657792	0	20375945216	1082906	22833004544	1989144576	468766720	20375093248	9733795840
2026-09-28T08:29:20+04:00	ck9s-nat-whole-2	1	0	27924672512	28536598528	3121422336	24660312064	0	20375945216	1082906	22838116352	1989537792	473485312	20375093248	9572212736
2026-09-28T08:29:30+04:00	ck9s-nat-whole-2	1	0	27924672512	28536598528	3121422336	24660312064	0	20375945216	1082906	22838116352	1989537792	473485312	20375093248	9579905024
2026-09-28T08:29:43+04:00	ck9s-nat-whole-2	1	2	28061052928	28536598528	3215319040	24701992960	0	20375945216	1082906	22844407808	1995304960	474009600	20375093248	9551417344
2026-09-28T08:29:53+04:00	ck9s-nat-whole-2	1	2	28061401088	28536598528	3215736832	24701992960	0	20375945216	1082906	22844407808	1995304960	474009600	20375093248	9613602816
2026-09-28T08:30:04+04:00	ck9s-nat-whole-2	1	2	27676499968	28536598528	3116269568	24416903168	0	20375945216	1082906	22837592064	1995304960	467193856	20375093248	9611927552
2026-09-28T08:30:16+04:00	ck9s-nat-whole-2	1	2	26748256256	28536598528	3040542720	23564079104	0	20375945216	1082906	22792372224	1967910912	449368064	20375093248	9656586240
2026-09-28T08:30:27+04:00	ck9s-nat-whole-2	1	2	26748264448	28536598528	3040612352	23564099584	0	20375945216	1082906	22792372224	1967910912	449368064	20375093248	9649115136
2026-09-28T08:30:37+04:00	ck9s-nat-whole-2	1	2	26748284928	28536598528	3040702464	23564099584	0	20375945216	1082906	22792372224	1967910912	449368064	20375093248	9647620096
2026-09-28T08:30:50+04:00	ck9s-nat-whole-2	1	2	26748223488	28536598528	3040714752	23564099584	0	20375945216	1082906	22792372224	1967910912	449368064	20375093248	9615024128
2026-09-28T08:31:00+04:00	ck9s-nat-whole-2	1	2	26749833216	28536598528	3042041856	23564111872	0	20375945216	1082906	22792372224	1967910912	449368064	20375093248	9595645952
2026-09-28T08:31:11+04:00	ck9s-nat-whole-2	1	2	26749865984	28536598528	3042041856	23564111872	0	20375945216	1082906	22792372224	1967910912	449368064	20375093248	9593094144
2026-09-28T08:31:24+04:00	ck9s-nat-whole-2	1	2	26749153280	28536598528	3042045952	23564111872	0	20375945216	1082906	22792372224	1967910912	449368064	20375093248	9703854080
2026-09-28T08:31:44+04:00	cb-s1	0	0	5848461312	5848461312	1958322176	3864834048	0	1721778176	1096191	3037601792	915685376	400154624	1721761792	29573943296
2026-09-28T08:31:57+04:00	cb-s1	0	0	20397334528	20397826048	16473133056	3869888512	0	1723764736	1096191	17556234240	15429730304	402776064	1723727872	14431068160
2026-09-28T08:32:07+04:00	cb-s1	0	0	19097194496	20729958400	16794046464	2254671872	0	87986176	1096191	16341876736	15750594560	503308288	87973888	15759142912
2026-09-28T08:32:17+04:00	cb-s1	0	0	19097440256	20729958400	16794292224	2254671872	0	87986176	1096191	16342138880	15750856704	503308288	87973888	15825760256
2026-09-28T08:32:30+04:00	cb-s1	0	0	19352956928	20729958400	17041473536	2262392832	0	87986176	1096191	16600350720	15998058496	514318336	87973888	15832813568
2026-09-28T08:32:40+04:00	cb-s1	0	0	19648344064	20729958400	17293950976	2304708608	0	87986176	1096191	16858824704	16250503168	520347648	87973888	15581200384
2026-09-28T08:32:50+04:00	cb-s1	1	0	20138299392	20729958400	17779077120	2307117056	0	87986176	1096191	17066676224	16451145728	527556608	87973888	15094579200
2026-09-28T08:33:01+04:00	cb-s1	1	0	20138299392	20729958400	17779077120	2307117056	0	87986176	1096191	17066676224	16451145728	527556608	87973888	15092170752
2026-09-28T08:33:14+04:00	cb-s1	1	0	20270723072	20729958400	17909989376	2307117056	0	87986176	1096191	17067724800	16452194304	527556608	87973888	14947479552
2026-09-28T08:33:24+04:00	cb-s1	1	0	20270727168	20729958400	17909989376	2307117056	0	87986176	1096191	17067724800	16452194304	527556608	87973888	14954647552
2026-09-28T08:33:34+04:00	cb-s1	1	0	20270727168	20729958400	17909993472	2307117056	0	87986176	1096191	17067724800	16452194304	527556608	87973888	14980952064
2026-09-28T08:33:47+04:00	cb-s1	1	0	20270735360	20729958400	17909993472	2307117056	0	87986176	1096191	17067724800	16452194304	527556608	87973888	15044141056
2026-09-28T08:33:57+04:00	cb-s1	1	0	20270993408	20729958400	17909993472	2307117056	0	87986176	1096191	17067724800	16452194304	527556608	87973888	15057170432
2026-09-28T08:34:07+04:00	cb-s1	1	0	20270977024	20729958400	17909993472	2307117056	0	87986176	1096191	17067724800	16452194304	527556608	87973888	15044833280
2026-09-28T08:34:21+04:00	cb-s1	1	0	20270972928	20729958400	17909993472	2307117056	0	87986176	1096191	17067724800	16452194304	527556608	87973888	15049551872
2026-09-28T08:34:31+04:00	cb-s1	1	0	20291158016	20729958400	17921351680	2315870208	0	87986176	1096191	17079783424	16463597568	528211968	87973888	15048503296
2026-09-28T08:34:41+04:00	cb-s1	1	0	20402425856	20729958400	18007621632	2340622336	0	87986176	1096191	17127145472	16509911040	529260544	87973888	14968590336
2026-09-28T08:34:54+04:00	cb-s1	1	0	20402176000	20729958400	18007621632	2340622336	0	87986176	1096191	17127145472	16509911040	529260544	87973888	14960074752
2026-09-28T08:35:05+04:00	cb-s1	1	0	20402421760	20729958400	18007621632	2340622336	0	87986176	1096191	17127145472	16509911040	529260544	87973888	14960705536
2026-09-28T08:35:15+04:00	cb-s1	1	0	20402176000	20729958400	18007621632	2340622336	0	87986176	1096191	17127145472	16509911040	529260544	87973888	14977093632
2026-09-28T08:35:28+04:00	cb-s1	1	0	20402421760	20729958400	18007621632	2340622336	0	87986176	1096191	17127145472	16509911040	529260544	87973888	13542854656
2026-09-28T08:35:38+04:00	cb-s1	1	0	20402176000	20729958400	18007621632	2340622336	0	87986176	1096191	17127145472	16509911040	529260544	87973888	12962668544
2026-09-28T08:35:49+04:00	cb-s1	1	0	20360732672	20729958400	18007621632	2299179008	0	87986176	1096191	17127145472	16509911040	529260544	87973888	11851370496
2026-09-28T08:36:02+04:00	cb-s1	1	0	20115873792	20729958400	18016026624	2045923328	0	87986176	1096191	17135558656	16518324224	529260544	87973888	14807269376
2026-09-28T08:36:45+04:00	ck9e-replay	0	0	1067720704	1067839488	1028308992	30040064	0	12288	1124229	702054400	421691392	280363008	0	31931998208
2026-09-28T08:36:55+04:00	ck9e-replay	0	0	9141432320	9142194176	2025271296	7078830080	0	4258021376	1124503	5646798848	983162880	406417408	4257218560	26671493120
2026-09-28T08:37:06+04:00	ck9e-replay	0	0	13198004224	13198004224	2025377792	11123814400	0	6287015936	1124503	7675531264	983293952	406417408	6285819904	24616886272
2026-09-28T08:37:19+04:00	ck9e-replay	0	0	22720258048	22753185792	2025713664	20604416000	0	12976357376	1124503	14364135424	983425024	405368832	12975341568	17921572864
2026-09-28T08:37:30+04:00	ck9e-replay	0	0	23779639296	23791038464	2025811968	21648461824	0	15258976256	1124503	16630501376	983425024	388853760	15258222592	15601610752
2026-09-28T08:37:40+04:00	ck9e-replay	0	0	26061103104	26067079168	2026012672	23904288768	0	19443777536	1124503	20788498432	983556096	362115072	19442827264	11477258240
2026-09-28T08:37:54+04:00	ck9e-replay	0	0	26851045376	26856312832	2026086400	24685412352	0	20553383936	1124503	21888978944	983818240	352677888	20552482816	10411261952
2026-09-28T08:38:04+04:00	ck9e-replay	0	0	27693584384	27718180864	2026135552	25521512448	0	21726396416	1124503	23047655424	983949312	338522112	21725184000	9241006080
2026-09-28T08:38:14+04:00	ck9e-replay	1	0	27155230720	28080525312	2989838336	24021065728	0	20375945216	1124503	22584848384	1747779584	462123008	20374945792	9578070016
2026-09-28T08:38:28+04:00	ck9e-replay	1	0	27159982080	28080525312	2990522368	24025100288	0	20375945216	1124503	22586028032	1748041728	463040512	20374945792	9514405888
2026-09-28T08:38:39+04:00	ck9e-replay	1	0	27159982080	28080525312	2990522368	24025100288	0	20375945216	1124503	22586028032	1748041728	463040512	20374945792	9538990080
2026-09-28T08:38:49+04:00	ck9e-replay	1	0	27170476032	28080525312	2993049600	24032251904	0	20375945216	1124503	22591139840	1748172800	468021248	20374945792	9505923072
2026-09-28T08:39:03+04:00	ck9e-replay	1	0	27237519360	28080525312	3022000128	24069177344	0	20375945216	1124503	22659035136	1776091136	507998208	20374945792	9599782912
2026-09-28T08:39:13+04:00	ck9e-replay	1	0	27690672128	28080525312	3998769152	23542509568	0	20375945216	1124503	23632715776	2747412480	510357504	20374945792	8719298560
2026-09-28T08:39:56+04:00	ck9s-nat-mirror-2	0	0	3269509120	3270557696	1845825536	1408303104	0	1048707072	1142870	2252079104	803000320	398143488	1058013184	30286696448
2026-09-28T08:40:10+04:00	ck9s-nat-mirror-2	0	0	19954180096	19956367360	16391761920	3507392512	0	1723764736	1142870	17474375680	15348527104	402120704	1723727872	15019683840
2026-09-28T08:40:20+04:00	ck9s-nat-mirror-2	0	0	20043513856	20057395200	16478294016	3510050816	0	1723764736	1142870	17564815360	15435034624	406052864	1723727872	14936559616
2026-09-28T08:40:30+04:00	ck9s-nat-mirror-2	0	0	18735271936	20367835136	16794218496	1891868672	0	87986176	1142870	16343248896	15751049216	504225792	87973888	16224792576
2026-09-28T08:40:44+04:00	ck9s-nat-mirror-2	0	0	18989850624	20367835136	17040990208	1899003904	0	87986176	1142870	16600936448	15997857792	515104768	87973888	15987896320
2026-09-28T08:40:54+04:00	ck9s-nat-mirror-2	0	0	19322429440	20367835136	17293586432	1978236928	0	87986176	1142870	16859803648	16250433536	521396224	87973888	15723343872
2026-09-28T08:41:04+04:00	ck9s-nat-mirror-2	1	0	19526537216	20367835136	17497145344	1978355712	0	87986176	1142870	17066688512	16453779456	524935168	87973888	15527936000
2026-09-28T08:41:15+04:00	ck9s-nat-mirror-2	1	0	19729809408	20367835136	17697923072	1979170816	0	87986176	1142870	17071013888	16454434816	528605184	87973888	15348707328
2026-09-28T08:41:28+04:00	ck9s-nat-mirror-2	1	0	19729809408	20367835136	17697923072	1979170816	0	87986176	1142870	17071013888	16454434816	528605184	87973888	15332970496
2026-09-28T08:41:38+04:00	ck9s-nat-mirror-2	1	2	19822084096	20367835136	17787756544	1980395520	0	87986176	1142870	17076912128	16459808768	529129472	87973888	15217270784
2026-09-28T08:41:49+04:00	ck9s-nat-mirror-2	1	2	19822067712	20367835136	17788256256	1980395520	0	87986176	1142870	17076912128	16459808768	529129472	87973888	15218716672
2026-09-28T08:42:02+04:00	ck9s-nat-mirror-2	1	2	19822297088	20367835136	17788473344	1980395520	0	87986176	1142870	17076912128	16459808768	529129472	87973888	15209955328
2026-09-28T08:42:12+04:00	ck9s-nat-mirror-2	1	2	19822317568	20367835136	17788485632	1980395520	0	87986176	1142870	17076912128	16459808768	529129472	87973888	15214116864
2026-09-28T08:42:23+04:00	ck9s-nat-mirror-2	1	2	19822440448	20367835136	17788604416	1980399616	0	87986176	1142870	17076912128	16459808768	529129472	87973888	15222882304
2026-09-28T08:42:36+04:00	ck9s-nat-mirror-2	1	2	19822415872	20367835136	17788604416	1980399616	0	87986176	1142870	17076912128	16459808768	529129472	87973888	15207084032
2026-09-28T08:42:46+04:00	ck9s-nat-mirror-2	1	2	19822235648	20367835136	17788694528	1980399616	0	87986176	1142870	17076912128	16459808768	529129472	87973888	15211446272
2026-09-28T08:42:57+04:00	ck9s-nat-mirror-2	1	2	19822497792	20367835136	17788702720	1980399616	0	87986176	1142870	17076912128	16459808768	529129472	87973888	15220510720
2026-09-28T08:43:10+04:00	ck9s-nat-mirror-2	1	2	19823091712	20367835136	17789419520	1980399616	0	87986176	1142870	17076912128	16459808768	529129472	87973888	15237521408
2026-09-28T08:43:20+04:00	ck9s-nat-mirror-2	1	2	19823075328	20367835136	17789419520	1980399616	0	87986176	1142870	17076912128	16459808768	529129472	87973888	15222665216
2026-09-28T08:43:30+04:00	ck9s-nat-mirror-2	1	2	19822829568	20367835136	17789419520	1980399616	0	87986176	1142870	17076912128	16459808768	529129472	87973888	15242690560
2026-09-28T08:43:44+04:00	cb-w1	0	0	277663744	277925888	274800640	114688	0	0	1152916	490278912	269029376	221249536	0	32921735168
2026-09-28T08:43:54+04:00	cb-w1	0	0	9752805376	9752805376	2023776256	7691358208	0	4701863936	1153069	6085214208	981356544	403091456	4700766208	26459635712
2026-09-28T08:44:05+04:00	cb-w1	0	0	25066176512	25086144512	2024353792	22950215680	0	16019849216	1153069	17396989952	982142976	396013568	16018833408	15109107712
2026-09-28T08:44:18+04:00	cb-w1	0	0	27240976384	28207624192	2798583808	24318697472	0	20375945216	1153069	22586421248	1756717056	454864896	20374839296	9946456064
2026-09-28T08:44:28+04:00	cb-w1	1	0	27767476224	28207624192	3310264320	24331280384	0	20375945216	1153069	22820388864	1983475712	462073856	20374839296	9400717312
2026-09-28T08:44:39+04:00	cb-w1	1	0	27767476224	28207624192	3310264320	24331280384	0	20375945216	1153069	22820388864	1983475712	462073856	20374839296	9416675328
2026-09-28T08:44:53+04:00	cb-w1	1	0	27902926848	28207624192	3443896320	24331575296	0	20375945216	1153069	22821568512	1984655360	462073856	20374839296	9258336256
2026-09-28T08:45:03+04:00	cb-w1	1	0	27902935040	28207624192	3443900416	24331575296	0	20375945216	1153069	22821568512	1984655360	462073856	20374839296	9255919616
2026-09-28T08:45:13+04:00	cb-w1	1	0	27902930944	28207624192	3443900416	24331575296	0	20375945216	1153069	22821568512	1984655360	462073856	20374839296	9256431616
2026-09-28T08:45:23+04:00	cb-w1	1	0	27902935040	28207624192	3443900416	24331575296	0	20375945216	1153069	22821568512	1984655360	462073856	20374839296	9260371968
2026-09-28T08:45:37+04:00	cb-w1	1	0	27902935040	28207624192	3443904512	24331575296	0	20375945216	1153069	22821568512	1984655360	462073856	20374839296	9253285888
2026-09-28T08:45:47+04:00	cb-w1	1	0	27902939136	28207624192	3443908608	24331575296	0	20375945216	1153069	22821568512	1984655360	462073856	20374839296	9261334528
2026-09-28T08:45:57+04:00	cb-w1	1	0	27902939136	28207624192	3443908608	24331575296	0	20375945216	1153069	22821568512	1984655360	462073856	20374839296	9254375424
2026-09-28T08:46:11+04:00	cb-w1	1	0	27995185152	28207624192	3541155840	24326025216	0	20375945216	1153069	22880411648	2042580992	462991360	20374839296	9154940928
2026-09-28T08:46:21+04:00	cb-w1	1	0	27994955776	28207624192	3541155840	24326025216	0	20375945216	1153069	22880411648	2042580992	462991360	20374839296	9168138240
2026-09-28T08:46:32+04:00	cb-w1	1	0	27994955776	28207624192	3541155840	24326025216	0	20375945216	1153069	22880411648	2042580992	462991360	20374839296	9164783616
2026-09-28T08:46:45+04:00	cb-w1	1	0	27994955776	28207624192	3541155840	24326025216	0	20375945216	1153069	22880411648	2042580992	462991360	20374839296	9175945216
2026-09-28T08:46:55+04:00	cb-w1	1	0	27994951680	28207624192	3541155840	24326025216	0	20375945216	1153069	22880411648	2042580992	462991360	20374839296	9171693568
2026-09-28T08:47:06+04:00	cb-w1	1	0	27994951680	28207624192	3541155840	24326025216	0	20375945216	1153069	22880411648	2042580992	462991360	20374839296	9168326656
2026-09-28T08:47:19+04:00	cb-w1	1	0	27988836352	28207624192	3541155840	24319905792	0	20375945216	1153069	22879887360	2042580992	462467072	20374839296	9161691136
2026-09-28T08:47:30+04:00	cb-w1	1	0	27997331456	28207624192	3549548544	24320012288	0	20375945216	1153069	22888349696	2051043328	462467072	20374839296	9166139392
2026-09-28T08:57:42+04:00	ck9s-replay	0	0	1942441984	1942704128	1801170944	127369216	0	79704064	1210817	1243439104	758734848	405012480	79691776	31277580288
2026-09-28T08:57:52+04:00	ck9s-replay	0	0	18906087424	18906877952	2043867136	16796635136	0	8854962176	1210817	10267762688	1000685568	413294592	8853782528	22277988352
2026-09-28T08:58:06+04:00	ck9s-replay	0	0	25383038976	25383157760	2044293120	23220076544	0	17763516416	1210817	19174760448	1001078784	410935296	17762746368	13347430400
2026-09-28T08:58:16+04:00	ck9s-replay	0	0	28329672704	28545318912	2254340096	25932152832	0	22011723776	1210817	23687933952	1208537088	468606976	22010789888	8866557952
2026-09-28T08:58:27+04:00	ck9s-replay	0	0	28174823424	28780625920	2401992704	25628389376	0	22011723776	1210817	23714934784	1247465472	456679424	22010789888	8724725760
2026-09-28T08:58:41+04:00	ck9s-replay	0	0	27160977408	28780625920	2835525632	24183726080	0	20375945216	1210817	22376472576	1532809216	468606976	20375056384	9877598208
2026-09-28T08:58:51+04:00	ck9s-replay	0	0	26969702400	28780625920	2742648832	24083939328	0	20375945216	1210817	22601392128	1765199872	461135872	20375056384	10023157760
2026-09-28T08:59:01+04:00	ck9s-replay	1	0	27278876672	28780625920	2991603712	24142397440	0	20375945216	1210817	22855639040	2013548544	467034112	20375056384	9762881536
2026-09-28T08:59:15+04:00	ck9s-replay	1	0	27520131072	28780625920	3207299072	24165720064	0	20375945216	1210817	22874251264	2027573248	471621632	20375056384	9447456768
2026-09-28T08:59:26+04:00	ck9s-replay	1	0	27520131072	28780625920	3207299072	24165720064	0	20375945216	1210817	22874251264	2027573248	471621632	20375056384	9485242368
2026-09-28T08:59:37+04:00	ck9s-replay	1	2	27213701120	28780625920	3175211008	23890632704	0	20375945216	1210817	22857867264	2028228608	454582272	20375056384	9491365888
2026-09-28T08:59:50+04:00	ck9s-replay	1	2	27238612992	28780625920	3187159040	23902785536	0	20375945216	1210817	22868746240	2038583296	455106560	20375056384	9458114560
2026-09-28T09:00:01+04:00	ck9s-replay	1	2	27657359360	28780625920	4059324416	23445835776	0	20375945216	1210817	23773327360	2953125888	445145088	20375056384	8546693120
2026-09-28T09:00:25+04:00	cn-s2	0	0	1156325376	1156771840	928997376	214659072	0	12288	1227278	700928000	421744640	279183360	0	32165576704
2026-09-28T09:00:35+04:00	cn-s2	0	0	20677808128	20678164480	16395362304	4225081344	0	1723764736	1227799	17483943936	15352926208	407289856	1723727872	14945632256
2026-09-28T09:00:45+04:00	cn-s2	0	0	20832661504	20840570880	16489320448	4283916288	0	1723764736	1227799	17582772224	15447166976	411877376	1723727872	14807134208
