ts	unit	probes_done	pid	ppid	threads	rss	anon	thread_names
2026-09-28T05:07:29+04:00	ck9e-warm-whole	0	288623	363	3	25698304	6074368	uv*1 tokio-rt-worker*1 main2*1 
2026-09-28T05:07:29+04:00	ck9e-warm-whole	0	288640	288623	22	698634240	424022016	ft*18 ZMQbg/Reaper*2 ZMQbg/IO/0*2 
2026-09-28T05:07:29+04:00	ck9e-warm-whole	0	288813	288640	1	12763136	5939200	python3*1 
2026-09-28T05:07:29+04:00	ck9e-warm-whole	0	288814	288640	16	525594624	305917952	python3*16 
2026-09-28T05:07:29+04:00	ck9e-warm-whole	0	288815	288640	16	524886016	305864704	python3*16 
2026-09-28T05:07:43+04:00	ck9e-warm-whole	0	288623	363	2	25829376	6074368	uv*1 main2*1 
2026-09-28T05:07:43+04:00	ck9e-warm-whole	0	288640	288623	22	698908672	424185856	ft*18 ZMQbg/Reaper*2 ZMQbg/IO/0*2 
2026-09-28T05:07:43+04:00	ck9e-warm-whole	0	288813	288640	1	12763136	5939200	python3*1 
2026-09-28T05:07:43+04:00	ck9e-warm-whole	0	288814	288640	41	7198679040	987488256	python3*36 pt_gloo_runloop*2 pt_tcpstore_uv*1 cuda0000240000a*1 cuda-EvtHandlr*1 
2026-09-28T05:07:43+04:00	ck9e-warm-whole	0	288815	288640	23	878399488	606539776	python3*17 ZMQbg/Reaper*3 ZMQbg/IO/0*3 
2026-09-28T05:07:53+04:00	ck9e-warm-whole	0	288623	363	2	25829376	6074368	uv*1 main2*1 
2026-09-28T05:07:53+04:00	ck9e-warm-whole	0	288640	288623	22	698908672	424185856	ft*18 ZMQbg/Reaper*2 ZMQbg/IO/0*2 
2026-09-28T05:07:53+04:00	ck9e-warm-whole	0	288813	288640	1	12763136	5939200	python3*1 
2026-09-28T05:07:53+04:00	ck9e-warm-whole	0	288814	288640	41	14998003712	987865088	python3*36 pt_gloo_runloop*2 pt_tcpstore_uv*1 cuda0000240000a*1 cuda-EvtHandlr*1 
2026-09-28T05:07:53+04:00	ck9e-warm-whole	0	288815	288640	23	878399488	606539776	python3*17 ZMQbg/Reaper*3 ZMQbg/IO/0*3 
2026-09-28T05:08:03+04:00	ck9e-warm-whole	0	288623	363	2	22458368	6074368	uv*1 main2*1 
2026-09-28T05:08:03+04:00	ck9e-warm-whole	0	288640	288623	22	696283136	424185856	ft*18 ZMQbg/Reaper*2 ZMQbg/IO/0*2 
2026-09-28T05:08:03+04:00	ck9e-warm-whole	0	288813	288640	1	12730368	5939200	python3*1 
2026-09-28T05:08:03+04:00	ck9e-warm-whole	0	288814	288640	41	22950678528	988262400	python3*36 pt_gloo_runloop*2 pt_tcpstore_uv*1 cuda0000240000a*1 cuda-EvtHandlr*1 
2026-09-28T05:08:04+04:00	ck9e-warm-whole	0	288815	288640	23	876302336	606539776	python3*17 ZMQbg/Reaper*3 ZMQbg/IO/0*3 
2026-09-28T05:08:14+04:00	ck9e-warm-whole	0	288623	363	2	22433792	6074368	uv*1 main2*1 
2026-09-28T05:08:14+04:00	ck9e-warm-whole	0	288640	288623	22	684670976	424185856	ft*18 ZMQbg/Reaper*2 ZMQbg/IO/0*2 
2026-09-28T05:08:14+04:00	ck9e-warm-whole	0	288813	288640	1	12660736	5939200	python3*1 
2026-09-28T05:08:14+04:00	ck9e-warm-whole	0	288814	288640	40	23246925824	883970048	python3*35 pt_gloo_runloop*2 pt_tcpstore_uv*1 cuda0000240000a*1 cuda-EvtHandlr*1 
2026-09-28T05:08:14+04:00	ck9e-warm-whole	0	288815	288640	23	865005568	606539776	python3*17 ZMQbg/Reaper*3 ZMQbg/IO/0*3 
2026-09-28T05:08:14+04:00	ck9e-warm-whole	0	291203	288814	1	3670016	237568	ninja*1 
2026-09-28T05:08:14+04:00	ck9e-warm-whole	0	291204	291203	1	1925120	106496	sh*1 
2026-09-28T05:08:14+04:00	ck9e-warm-whole	0	291205	291204	1	2801664	172032	c++*1 
2026-09-28T05:08:14+04:00	ck9e-warm-whole	0	291206	291205	1	1585065984	1559203840	cc1plus*1 
2026-09-28T05:08:27+04:00	ck9e-warm-whole	0	288623	363	2	22433792	6074368	uv*1 main2*1 
2026-09-28T05:08:27+04:00	ck9e-warm-whole	0	288640	288623	22	684040192	424185856	ft*18 ZMQbg/Reaper*2 ZMQbg/IO/0*2 
2026-09-28T05:08:27+04:00	ck9e-warm-whole	0	288813	288640	1	12660736	5939200	python3*1 
2026-09-28T05:08:27+04:00	ck9e-warm-whole	0	288814	288640	41	22354337792	1506525184	python3*36 pt_gloo_runloop*2 pt_tcpstore_uv*1 cuda0000240000a*1 cuda-EvtHandlr*1 
2026-09-28T05:08:28+04:00	ck9e-warm-whole	0	288815	288640	23	864382976	606539776	python3*17 ZMQbg/Reaper*3 ZMQbg/IO/0*3 
2026-09-28T05:08:38+04:00	ck9e-warm-whole	0	288623	363	2	22433792	6074368	uv*1 main2*1 
2026-09-28T05:08:38+04:00	ck9e-warm-whole	0	288640	288623	39	889339904	623345664	ft*35 ZMQbg/Reaper*2 ZMQbg/IO/0*2 
2026-09-28T05:08:38+04:00	ck9e-warm-whole	0	288813	288640	1	12660736	5939200	python3*1 
2026-09-28T05:08:38+04:00	ck9e-warm-whole	0	288814	288640	45	22604812288	1748787200	python3*36 pt_gloo_runloop*2 ZMQbg/Reaper*2 ZMQbg/IO/0*2 pt_tcpstore_uv*1 cuda0000240000a*1 
2026-09-28T05:08:38+04:00	ck9e-warm-whole	0	288815	288640	39	868429824	607227904	python3*33 ZMQbg/Reaper*3 ZMQbg/IO/0*3 
2026-09-28T05:08:48+04:00	ck9e-warm-whole	0	288623	363	2	22433792	6074368	uv*1 main2*1 
2026-09-28T05:08:48+04:00	ck9e-warm-whole	0	288640	288623	39	889339904	623345664	ft*35 ZMQbg/Reaper*2 ZMQbg/IO/0*2 
2026-09-28T05:08:48+04:00	ck9e-warm-whole	0	288813	288640	1	12660736	5939200	python3*1 
2026-09-28T05:08:48+04:00	ck9e-warm-whole	0	288814	288640	45	22604812288	1748787200	python3*36 pt_gloo_runloop*2 ZMQbg/Reaper*2 ZMQbg/IO/0*2 pt_tcpstore_uv*1 cuda0000240000a*1 
2026-09-28T05:08:48+04:00	ck9e-warm-whole	0	288815	288640	39	868429824	607227904	python3*33 ZMQbg/Reaper*3 ZMQbg/IO/0*3 
2026-09-28T05:09:02+04:00	ck9e-warm-whole	0	288623	363	2	22433792	6074368	uv*1 main2*1 
2026-09-28T05:09:02+04:00	ck9e-warm-whole	0	288640	288623	39	973459456	707465216	ft*35 ZMQbg/Reaper*2 ZMQbg/IO/0*2 
2026-09-28T05:09:02+04:00	ck9e-warm-whole	0	288813	288640	1	12660736	5939200	python3*1 
2026-09-28T05:09:02+04:00	ck9e-warm-whole	0	288814	288640	45	22656765952	1751072768	python3*36 pt_gloo_runloop*2 ZMQbg/Reaper*2 ZMQbg/IO/0*2 pt_tcpstore_uv*1 cuda0000240000a*1 
2026-09-28T05:09:02+04:00	ck9e-warm-whole	0	288815	288640	39	868483072	607281152	python3*33 ZMQbg/Reaper*3 ZMQbg/IO/0*3 
2026-09-28T05:09:22+04:00	ck9s-warm-whole	0	295582	363	3	25120768	6062080	uv*1 tokio-rt-worker*1 main2*1 
2026-09-28T05:09:22+04:00	ck9s-warm-whole	0	295626	295582	22	702017536	422764544	ft*18 ZMQbg/Reaper*2 ZMQbg/IO/0*2 
2026-09-28T05:09:22+04:00	ck9s-warm-whole	0	295873	295626	1	12783616	5939200	python3*1 
2026-09-28T05:09:22+04:00	ck9s-warm-whole	0	295874	295626	25	3485925376	835911680	python3*20 pt_gloo_runloop*2 pt_tcpstore_uv*1 cuda0000240000a*1 cuda-EvtHandlr*1 
2026-09-28T05:09:22+04:00	ck9s-warm-whole	0	295875	295626	23	882802688	607383552	python3*17 ZMQbg/Reaper*3 ZMQbg/IO/0*3 
2026-09-28T05:09:35+04:00	ck9s-warm-whole	0	295582	363	2	25251840	6062080	uv*1 main2*1 
2026-09-28T05:09:35+04:00	ck9s-warm-whole	0	295626	295582	22	702017536	422764544	ft*18 ZMQbg/Reaper*2 ZMQbg/IO/0*2 
2026-09-28T05:09:35+04:00	ck9s-warm-whole	0	295873	295626	1	12783616	5939200	python3*1 
2026-09-28T05:09:35+04:00	ck9s-warm-whole	0	295874	295626	41	9195532288	982245376	python3*36 pt_gloo_runloop*2 pt_tcpstore_uv*1 cuda0000240000a*1 cuda-EvtHandlr*1 
2026-09-28T05:09:35+04:00	ck9s-warm-whole	0	295875	295626	23	882802688	607383552	python3*17 ZMQbg/Reaper*3 ZMQbg/IO/0*3 
2026-09-28T05:09:46+04:00	ck9s-warm-whole	0	295582	363	2	25251840	6062080	uv*1 main2*1 
2026-09-28T05:09:46+04:00	ck9s-warm-whole	0	295626	295582	22	692490240	422768640	ft*18 ZMQbg/Reaper*2 ZMQbg/IO/0*2 
2026-09-28T05:09:46+04:00	ck9s-warm-whole	0	295873	295626	1	12783616	5939200	python3*1 
2026-09-28T05:09:46+04:00	ck9s-warm-whole	0	295874	295626	41	17397522432	982646784	python3*36 pt_gloo_runloop*2 pt_tcpstore_uv*1 cuda0000240000a*1 cuda-EvtHandlr*1 
2026-09-28T05:09:46+04:00	ck9s-warm-whole	0	295875	295626	23	873291776	607383552	python3*17 ZMQbg/Reaper*3 ZMQbg/IO/0*3 
2026-09-28T05:09:56+04:00	ck9s-warm-whole	0	295582	363	2	20180992	6062080	uv*1 main2*1 
2026-09-28T05:09:56+04:00	ck9s-warm-whole	0	295626	295582	22	654323712	422768640	ft*18 ZMQbg/Reaper*2 ZMQbg/IO/0*2 
2026-09-28T05:09:56+04:00	ck9s-warm-whole	0	295873	295626	1	12730368	5939200	python3*1 
2026-09-28T05:09:56+04:00	ck9s-warm-whole	0	295874	295626	41	23693799424	1252544512	python3*36 pt_gloo_runloop*2 pt_tcpstore_uv*1 cuda0000240000a*1 cuda-EvtHandlr*1 
2026-09-28T05:09:56+04:00	ck9s-warm-whole	0	295875	295626	23	834727936	607383552	python3*17 ZMQbg/Reaper*3 ZMQbg/IO/0*3 
2026-09-28T05:10:10+04:00	ck9s-warm-whole	0	295582	363	2	19951616	6062080	uv*1 main2*1 
2026-09-28T05:10:10+04:00	ck9s-warm-whole	0	295626	295582	39	851980288	621174784	ft*35 ZMQbg/Reaper*2 ZMQbg/IO/0*2 
2026-09-28T05:10:10+04:00	ck9s-warm-whole	0	295873	295626	1	12730368	5939200	python3*1 
2026-09-28T05:10:10+04:00	ck9s-warm-whole	0	295874	295626	45	22813532160	1989648384	python3*36 pt_gloo_runloop*2 ZMQbg/Reaper*2 ZMQbg/IO/0*2 pt_tcpstore_uv*1 cuda0000240000a*1 
2026-09-28T05:10:10+04:00	ck9s-warm-whole	0	295875	295626	39	832331776	608174080	python3*33 ZMQbg/Reaper*3 ZMQbg/IO/0*3 
2026-09-28T05:10:20+04:00	ck9s-warm-whole	0	295582	363	2	19431424	6062080	uv*1 main2*1 
2026-09-28T05:10:20+04:00	ck9s-warm-whole	0	295626	295582	39	840503296	621174784	ft*35 ZMQbg/Reaper*2 ZMQbg/IO/0*2 
2026-09-28T05:10:20+04:00	ck9s-warm-whole	0	295873	295626	1	12730368	5939200	python3*1 
2026-09-28T05:10:20+04:00	ck9s-warm-whole	0	295874	295626	45	22801575936	1989648384	python3*36 pt_gloo_runloop*2 ZMQbg/Reaper*2 ZMQbg/IO/0*2 pt_tcpstore_uv*1 cuda0000240000a*1 
2026-09-28T05:10:20+04:00	ck9s-warm-whole	0	295875	295626	39	821944320	608174080	python3*33 ZMQbg/Reaper*3 ZMQbg/IO/0*3 
2026-09-28T05:10:30+04:00	ck9s-warm-whole	0	295582	363	2	16171008	6062080	uv*1 main2*1 
2026-09-28T05:10:30+04:00	ck9s-warm-whole	0	295626	295582	39	801116160	621240320	ft*35 ZMQbg/Reaper*2 ZMQbg/IO/0*2 
2026-09-28T05:10:30+04:00	ck9s-warm-whole	0	295873	295626	1	12730368	5939200	python3*1 
2026-09-28T05:10:30+04:00	ck9s-warm-whole	0	295874	295626	45	22761345024	1990090752	python3*36 pt_gloo_runloop*2 ZMQbg/Reaper*2 ZMQbg/IO/0*2 pt_tcpstore_uv*1 cuda0000240000a*1 
2026-09-28T05:10:31+04:00	ck9s-warm-whole	0	295875	295626	39	783216640	608182272	python3*33 ZMQbg/Reaper*3 ZMQbg/IO/0*3 
2026-09-28T05:10:53+04:00	ck9e-warm-mirror	0	301070	363	3	26828800	6045696	uv*1 tokio-rt-worker*1 main2*1 
2026-09-28T05:10:53+04:00	ck9e-warm-mirror	0	301087	301070	22	697856000	422543360	ft*18 ZMQbg/Reaper*2 ZMQbg/IO/0*2 
2026-09-28T05:10:53+04:00	ck9e-warm-mirror	0	301283	301087	1	12812288	5943296	python3*1 
2026-09-28T05:10:53+04:00	ck9e-warm-mirror	0	301284	301087	16	534765568	315645952	python3*16 
2026-09-28T05:10:53+04:00	ck9e-warm-mirror	0	301285	301087	16	540704768	321626112	python3*16 
2026-09-28T05:11:03+04:00	ck9e-warm-mirror	0	301070	363	2	26959872	6045696	uv*1 main2*1 
2026-09-28T05:11:03+04:00	ck9e-warm-mirror	0	301087	301070	22	698142720	422719488	ft*18 ZMQbg/Reaper*2 ZMQbg/IO/0*2 
2026-09-28T05:11:03+04:00	ck9e-warm-mirror	0	301283	301087	1	12812288	5943296	python3*1 
2026-09-28T05:11:03+04:00	ck9e-warm-mirror	0	301284	301087	40	17473376256	15348293632	python3*35 pt_gloo_runloop*2 pt_tcpstore_uv*1 cuda0000240000a*1 cuda-EvtHandlr*1 
2026-09-28T05:11:03+04:00	ck9e-warm-mirror	0	301285	301087	23	879636480	607363072	python3*17 ZMQbg/Reaper*3 ZMQbg/IO/0*3 
2026-09-28T05:11:17+04:00	ck9e-warm-mirror	0	301070	363	2	26959872	6045696	uv*1 main2*1 
2026-09-28T05:11:17+04:00	ck9e-warm-mirror	0	301087	301070	22	698155008	422731776	ft*18 ZMQbg/Reaper*2 ZMQbg/IO/0*2 
2026-09-28T05:11:17+04:00	ck9e-warm-mirror	0	301283	301087	1	12812288	5943296	python3*1 
2026-09-28T05:11:17+04:00	ck9e-warm-mirror	0	301284	301087	41	17563803648	15434829824	python3*36 pt_gloo_runloop*2 pt_tcpstore_uv*1 cuda0000240000a*1 cuda-EvtHandlr*1 
2026-09-28T05:11:17+04:00	ck9e-warm-mirror	0	301285	301087	23	879636480	607363072	python3*17 ZMQbg/Reaper*3 ZMQbg/IO/0*3 
2026-09-28T05:11:27+04:00	ck9e-warm-mirror	0	301070	363	2	26959872	6045696	uv*1 main2*1 
2026-09-28T05:11:27+04:00	ck9e-warm-mirror	0	301087	301070	22	698159104	422735872	ft*18 ZMQbg/Reaper*2 ZMQbg/IO/0*2 
2026-09-28T05:11:27+04:00	ck9e-warm-mirror	0	301283	301087	1	12812288	5943296	python3*1 
2026-09-28T05:11:27+04:00	ck9e-warm-mirror	0	301284	301087	41	17932234752	15708114944	python3*36 pt_gloo_runloop*2 pt_tcpstore_uv*1 cuda0000240000a*1 cuda-EvtHandlr*1 
2026-09-28T05:11:28+04:00	ck9e-warm-mirror	0	301285	301087	23	879636480	607363072	python3*17 ZMQbg/Reaper*3 ZMQbg/IO/0*3 
2026-09-28T05:11:28+04:00	ck9e-warm-mirror	0	303319	301284	1	4141056	253952	ninja*1 
2026-09-28T05:11:28+04:00	ck9e-warm-mirror	0	303320	303319	1	1925120	106496	sh*1 
2026-09-28T05:11:28+04:00	ck9e-warm-mirror	0	303321	303320	1	6336512	1863680	nvcc*1 
2026-09-28T05:11:38+04:00	ck9e-warm-mirror	0	301070	363	2	26959872	6045696	uv*1 main2*1 
2026-09-28T05:11:38+04:00	ck9e-warm-mirror	0	301087	301070	22	698159104	422735872	ft*18 ZMQbg/Reaper*2 ZMQbg/IO/0*2 
2026-09-28T05:11:38+04:00	ck9e-warm-mirror	0	301283	301087	1	12812288	5943296	python3*1 
2026-09-28T05:11:38+04:00	ck9e-warm-mirror	0	301284	301087	41	16340471808	15750242304	python3*36 pt_gloo_runloop*2 pt_tcpstore_uv*1 cuda0000240000a*1 cuda-EvtHandlr*1 
2026-09-28T05:11:38+04:00	ck9e-warm-mirror	0	301285	301087	23	879636480	607363072	python3*17 ZMQbg/Reaper*3 ZMQbg/IO/0*3 
2026-09-28T05:11:50+04:00	ck9e-warm-mirror	0	301070	363	2	26959872	6045696	uv*1 main2*1 
2026-09-28T05:11:50+04:00	ck9e-warm-mirror	0	301087	301070	22	698159104	422735872	ft*18 ZMQbg/Reaper*2 ZMQbg/IO/0*2 
2026-09-28T05:11:50+04:00	ck9e-warm-mirror	0	301283	301087	1	12812288	5943296	python3*1 
2026-09-28T05:11:50+04:00	ck9e-warm-mirror	0	301284	301087	41	16598822912	15997612032	python3*36 pt_gloo_runloop*2 pt_tcpstore_uv*1 cuda0000240000a*1 cuda-EvtHandlr*1 
2026-09-28T05:11:50+04:00	ck9e-warm-mirror	0	301285	301087	23	879636480	607363072	python3*17 ZMQbg/Reaper*3 ZMQbg/IO/0*3 
2026-09-28T05:12:00+04:00	ck9e-warm-mirror	0	301070	363	2	26959872	6045696	uv*1 main2*1 
2026-09-28T05:12:00+04:00	ck9e-warm-mirror	0	301087	301070	22	698163200	422739968	ft*18 ZMQbg/Reaper*2 ZMQbg/IO/0*2 
2026-09-28T05:12:00+04:00	ck9e-warm-mirror	0	301283	301087	1	12812288	5943296	python3*1 
2026-09-28T05:12:00+04:00	ck9e-warm-mirror	0	301284	301087	41	16611745792	16009961472	python3*36 pt_gloo_runloop*2 pt_tcpstore_uv*1 cuda0000240000a*1 cuda-EvtHandlr*1 
2026-09-28T05:12:00+04:00	ck9e-warm-mirror	0	301285	301087	23	879636480	607363072	python3*17 ZMQbg/Reaper*3 ZMQbg/IO/0*3 
2026-09-28T05:12:10+04:00	ck9e-warm-mirror	0	301070	363	2	26959872	6045696	uv*1 main2*1 
2026-09-28T05:12:10+04:00	ck9e-warm-mirror	0	301087	301070	39	902086656	620662784	ft*35 ZMQbg/Reaper*2 ZMQbg/IO/0*2 
2026-09-28T05:12:10+04:00	ck9e-warm-mirror	0	301283	301087	1	12812288	5943296	python3*1 
2026-09-28T05:12:10+04:00	ck9e-warm-mirror	0	301284	301087	45	16822837248	16213868544	python3*36 pt_gloo_runloop*2 ZMQbg/Reaper*2 ZMQbg/IO/0*2 pt_tcpstore_uv*1 cuda0000240000a*1 
2026-09-28T05:12:10+04:00	ck9e-warm-mirror	0	301285	301087	39	883765248	608174080	python3*33 ZMQbg/Reaper*3 ZMQbg/IO/0*3 
2026-09-28T05:12:21+04:00	ck9e-warm-mirror	0	301070	363	2	26959872	6045696	uv*1 main2*1 
2026-09-28T05:12:21+04:00	ck9e-warm-mirror	0	301087	301070	39	902086656	620662784	ft*35 ZMQbg/Reaper*2 ZMQbg/IO/0*2 
2026-09-28T05:12:21+04:00	ck9e-warm-mirror	0	301283	301087	1	12812288	5943296	python3*1 
2026-09-28T05:12:21+04:00	ck9e-warm-mirror	0	301284	301087	45	16822837248	16213868544	python3*36 pt_gloo_runloop*2 ZMQbg/Reaper*2 ZMQbg/IO/0*2 pt_tcpstore_uv*1 cuda0000240000a*1 
2026-09-28T05:12:21+04:00	ck9e-warm-mirror	0	301285	301087	39	883765248	608174080	python3*33 ZMQbg/Reaper*3 ZMQbg/IO/0*3 
2026-09-28T05:12:34+04:00	ck9e-warm-mirror	0	301070	363	2	26959872	6045696	uv*1 main2*1 
2026-09-28T05:12:34+04:00	ck9e-warm-mirror	0	301087	301070	39	987951104	706527232	ft*35 ZMQbg/Reaper*2 ZMQbg/IO/0*2 
2026-09-28T05:12:34+04:00	ck9e-warm-mirror	0	301283	301087	1	12812288	5943296	python3*1 
2026-09-28T05:12:34+04:00	ck9e-warm-mirror	0	301284	301087	45	16822861824	16213893120	python3*36 pt_gloo_runloop*2 ZMQbg/Reaper*2 ZMQbg/IO/0*2 pt_tcpstore_uv*1 cuda0000240000a*1 
2026-09-28T05:12:35+04:00	ck9e-warm-mirror	0	301285	301087	39	883798016	608206848	python3*33 ZMQbg/Reaper*3 ZMQbg/IO/0*3 
2026-09-28T05:12:55+04:00	ck9s-warm-mirror	0	314678	363	3	28135424	6053888	uv*1 tokio-rt-worker*1 main2*1 
2026-09-28T05:12:55+04:00	ck9s-warm-mirror	0	314706	314678	22	701222912	422752256	ft*18 ZMQbg/Reaper*2 ZMQbg/IO/0*2 
2026-09-28T05:12:55+04:00	ck9s-warm-mirror	0	315017	314706	1	12808192	5939200	python3*1 
2026-09-28T05:12:55+04:00	ck9s-warm-mirror	0	315018	314706	40	12604895232	10477391872	python3*35 pt_gloo_runloop*2 pt_tcpstore_uv*1 cuda0000240000a*1 cuda-EvtHandlr*1 
2026-09-28T05:12:55+04:00	ck9s-warm-mirror	0	315019	314706	23	883548160	606547968	python3*17 ZMQbg/Reaper*3 ZMQbg/IO/0*3 
2026-09-28T05:13:07+04:00	ck9s-warm-mirror	0	314678	363	2	28266496	6053888	uv*1 main2*1 
2026-09-28T05:13:07+04:00	ck9s-warm-mirror	0	314706	314678	22	701231104	422760448	ft*18 ZMQbg/Reaper*2 ZMQbg/IO/0*2 
2026-09-28T05:13:07+04:00	ck9s-warm-mirror	0	315017	314706	1	12808192	5939200	python3*1 
2026-09-28T05:13:07+04:00	ck9s-warm-mirror	0	315018	314706	40	17562923008	15431094272	python3*35 pt_gloo_runloop*2 pt_tcpstore_uv*1 cuda0000240000a*1 cuda-EvtHandlr*1 
2026-09-28T05:13:07+04:00	ck9s-warm-mirror	0	315019	314706	23	883548160	606547968	python3*17 ZMQbg/Reaper*3 ZMQbg/IO/0*3 
2026-09-28T05:13:17+04:00	ck9s-warm-mirror	0	314678	363	2	28266496	6053888	uv*1 main2*1 
2026-09-28T05:13:17+04:00	ck9s-warm-mirror	0	314706	314678	22	701231104	422760448	ft*18 ZMQbg/Reaper*2 ZMQbg/IO/0*2 
2026-09-28T05:13:17+04:00	ck9s-warm-mirror	0	315017	314706	1	12808192	5939200	python3*1 
2026-09-28T05:13:17+04:00	ck9s-warm-mirror	0	315018	314706	41	17565470720	15431168000	python3*36 pt_gloo_runloop*2 pt_tcpstore_uv*1 cuda0000240000a*1 cuda-EvtHandlr*1 
2026-09-28T05:13:17+04:00	ck9s-warm-mirror	0	315019	314706	23	883548160	606547968	python3*17 ZMQbg/Reaper*3 ZMQbg/IO/0*3 
2026-09-28T05:13:28+04:00	ck9s-warm-mirror	0	314678	363	2	28266496	6053888	uv*1 main2*1 
2026-09-28T05:13:28+04:00	ck9s-warm-mirror	0	314706	314678	22	701235200	422764544	ft*18 ZMQbg/Reaper*2 ZMQbg/IO/0*2 
2026-09-28T05:13:28+04:00	ck9s-warm-mirror	0	315017	314706	1	12808192	5939200	python3*1 
2026-09-28T05:13:28+04:00	ck9s-warm-mirror	0	315018	314706	41	16348471296	15752957952	python3*36 pt_gloo_runloop*2 pt_tcpstore_uv*1 cuda0000240000a*1 cuda-EvtHandlr*1 
2026-09-28T05:13:28+04:00	ck9s-warm-mirror	0	315019	314706	23	883548160	606547968	python3*17 ZMQbg/Reaper*3 ZMQbg/IO/0*3 
2026-09-28T05:13:41+04:00	ck9s-warm-mirror	0	314678	363	2	28266496	6053888	uv*1 main2*1 
2026-09-28T05:13:41+04:00	ck9s-warm-mirror	0	314706	314678	22	701235200	422764544	ft*18 ZMQbg/Reaper*2 ZMQbg/IO/0*2 
2026-09-28T05:13:41+04:00	ck9s-warm-mirror	0	315017	314706	1	12808192	5939200	python3*1 
2026-09-28T05:13:41+04:00	ck9s-warm-mirror	0	315018	314706	41	16605917184	15999684608	python3*36 pt_gloo_runloop*2 pt_tcpstore_uv*1 cuda0000240000a*1 cuda-EvtHandlr*1 
2026-09-28T05:13:41+04:00	ck9s-warm-mirror	0	315019	314706	23	883548160	606547968	python3*17 ZMQbg/Reaper*3 ZMQbg/IO/0*3 
2026-09-28T05:13:51+04:00	ck9s-warm-mirror	0	314678	363	2	28266496	6053888	uv*1 main2*1 
2026-09-28T05:13:51+04:00	ck9s-warm-mirror	0	314706	314678	22	701239296	422768640	ft*18 ZMQbg/Reaper*2 ZMQbg/IO/0*2 
2026-09-28T05:13:51+04:00	ck9s-warm-mirror	0	315017	314706	1	12808192	5939200	python3*1 
2026-09-28T05:13:51+04:00	ck9s-warm-mirror	0	315018	314706	41	16864583680	16252211200	python3*36 pt_gloo_runloop*2 pt_tcpstore_uv*1 cuda0000240000a*1 cuda-EvtHandlr*1 
2026-09-28T05:13:52+04:00	ck9s-warm-mirror	0	315019	314706	23	883548160	606547968	python3*17 ZMQbg/Reaper*3 ZMQbg/IO/0*3 
2026-09-28T05:14:02+04:00	ck9s-warm-mirror	0	314678	363	2	28266496	6053888	uv*1 main2*1 
2026-09-28T05:14:02+04:00	ck9s-warm-mirror	0	314706	314678	22	701296640	422785024	ft*18 ZMQbg/Reaper*2 ZMQbg/IO/0*2 
2026-09-28T05:14:02+04:00	ck9s-warm-mirror	0	315017	314706	1	12808192	5939200	python3*1 
2026-09-28T05:14:02+04:00	ck9s-warm-mirror	0	315018	314706	45	17071562752	16455593984	python3*36 pt_gloo_runloop*2 ZMQbg/Reaper*2 ZMQbg/IO/0*2 pt_tcpstore_uv*1 cuda0000240000a*1 
2026-09-28T05:14:02+04:00	ck9s-warm-mirror	0	315019	314706	23	883634176	606593024	python3*17 ZMQbg/Reaper*3 ZMQbg/IO/0*3 
2026-09-28T05:14:15+04:00	ck9s-warm-mirror	0	314678	363	2	28266496	6053888	uv*1 main2*1 
2026-09-28T05:14:15+04:00	ck9s-warm-mirror	0	314706	314678	39	905121792	620654592	ft*35 ZMQbg/Reaper*2 ZMQbg/IO/0*2 
2026-09-28T05:14:15+04:00	ck9s-warm-mirror	0	315017	314706	1	12808192	5939200	python3*1 
2026-09-28T05:14:15+04:00	ck9s-warm-mirror	0	315018	314706	45	17075466240	16455835648	python3*36 pt_gloo_runloop*2 ZMQbg/Reaper*2 ZMQbg/IO/0*2 pt_tcpstore_uv*1 cuda0000240000a*1 
2026-09-28T05:14:15+04:00	ck9s-warm-mirror	0	315019	314706	39	887545856	607219712	python3*33 ZMQbg/Reaper*3 ZMQbg/IO/0*3 
2026-09-28T05:14:25+04:00	ck9s-warm-mirror	0	314678	363	2	28266496	6053888	uv*1 main2*1 
2026-09-28T05:14:25+04:00	ck9s-warm-mirror	0	314706	314678	39	905121792	620654592	ft*35 ZMQbg/Reaper*2 ZMQbg/IO/0*2 
2026-09-28T05:14:25+04:00	ck9s-warm-mirror	0	315017	314706	1	12808192	5939200	python3*1 
2026-09-28T05:14:25+04:00	ck9s-warm-mirror	0	315018	314706	45	17075466240	16455835648	python3*36 pt_gloo_runloop*2 ZMQbg/Reaper*2 ZMQbg/IO/0*2 pt_tcpstore_uv*1 cuda0000240000a*1 
2026-09-28T05:14:26+04:00	ck9s-warm-mirror	0	315019	314706	39	887545856	607219712	python3*33 ZMQbg/Reaper*3 ZMQbg/IO/0*3 
2026-09-28T05:14:36+04:00	ck9s-warm-mirror	2	314678	363	2	28266496	6053888	uv*1 main2*1 
2026-09-28T05:14:36+04:00	ck9s-warm-mirror	2	314706	314678	39	990998528	706531328	ft*35 ZMQbg/Reaper*2 ZMQbg/IO/0*2 
2026-09-28T05:14:36+04:00	ck9s-warm-mirror	2	315017	314706	1	12808192	5939200	python3*1 
2026-09-28T05:14:36+04:00	ck9s-warm-mirror	2	315018	314706	45	17075499008	16455868416	python3*36 pt_gloo_runloop*2 ZMQbg/Reaper*2 ZMQbg/IO/0*2 pt_tcpstore_uv*1 cuda0000240000a*1 
2026-09-28T05:14:36+04:00	ck9s-warm-mirror	2	315019	314706	39	887595008	607268864	python3*33 ZMQbg/Reaper*3 ZMQbg/IO/0*3 
2026-09-28T05:15:22+04:00	ck9s-whole-1	0	324150	363	3	28160000	6049792	uv*1 tokio-rt-worker*1 main2*1 
2026-09-28T05:15:22+04:00	ck9s-whole-1	0	324167	324150	22	700911616	422567936	ft*18 ZMQbg/Reaper*2 ZMQbg/IO/0*2 
2026-09-28T05:15:22+04:00	ck9s-whole-1	0	324315	324167	1	12746752	5939200	python3*1 
2026-09-28T05:15:22+04:00	ck9s-whole-1	0	324316	324167	16	513191936	295677952	python3*16 
2026-09-28T05:15:22+04:00	ck9s-whole-1	0	324317	324167	16	513392640	295989248	python3*16 
2026-09-28T05:15:33+04:00	ck9s-whole-1	0	324150	363	2	28291072	6049792	uv*1 main2*1 
2026-09-28T05:15:33+04:00	ck9s-whole-1	0	324167	324150	22	701198336	422744064	ft*18 ZMQbg/Reaper*2 ZMQbg/IO/0*2 
2026-09-28T05:15:33+04:00	ck9s-whole-1	0	324315	324167	1	12746752	5939200	python3*1 
2026-09-28T05:15:33+04:00	ck9s-whole-1	0	324316	324167	41	8183537664	986947584	python3*36 pt_gloo_runloop*2 pt_tcpstore_uv*1 cuda0000240000a*1 cuda-EvtHandlr*1 
2026-09-28T05:15:33+04:00	ck9s-whole-1	0	324317	324167	23	879673344	607358976	python3*17 ZMQbg/Reaper*3 ZMQbg/IO/0*3 
2026-09-28T05:15:43+04:00	ck9s-whole-1	0	324150	363	2	28291072	6049792	uv*1 main2*1 
2026-09-28T05:15:43+04:00	ck9s-whole-1	0	324167	324150	22	701202432	422748160	ft*18 ZMQbg/Reaper*2 ZMQbg/IO/0*2 
2026-09-28T05:15:43+04:00	ck9s-whole-1	0	324315	324167	1	12746752	5939200	python3*1 
2026-09-28T05:15:43+04:00	ck9s-whole-1	0	324316	324167	41	16077852672	987324416	python3*36 pt_gloo_runloop*2 pt_tcpstore_uv*1 cuda0000240000a*1 cuda-EvtHandlr*1 
2026-09-28T05:15:43+04:00	ck9s-whole-1	0	324317	324167	23	879673344	607358976	python3*17 ZMQbg/Reaper*3 ZMQbg/IO/0*3 
2026-09-28T05:15:53+04:00	ck9s-whole-1	0	324150	363	2	28278784	6049792	uv*1 main2*1 
2026-09-28T05:15:53+04:00	ck9s-whole-1	0	324167	324150	22	665018368	422752256	ft*18 ZMQbg/Reaper*2 ZMQbg/IO/0*2 
2026-09-28T05:15:53+04:00	ck9s-whole-1	0	324315	324167	1	12742656	5939200	python3*1 
2026-09-28T05:15:53+04:00	ck9s-whole-1	0	324316	324167	41	21525803008	987598848	python3*36 pt_gloo_runloop*2 pt_tcpstore_uv*1 cuda0000240000a*1 cuda-EvtHandlr*1 
2026-09-28T05:15:53+04:00	ck9s-whole-1	0	324317	324167	23	843722752	607358976	python3*17 ZMQbg/Reaper*3 ZMQbg/IO/0*3 
2026-09-28T05:16:07+04:00	ck9s-whole-1	0	324150	363	2	21614592	40960	uv*1 main2*1 
2026-09-28T05:16:07+04:00	ck9s-whole-1	0	324167	324150	22	608460800	396873728	ft*18 ZMQbg/Reaper*2 ZMQbg/IO/0*2 
2026-09-28T05:16:07+04:00	ck9s-whole-1	0	324315	324167	1	12730368	5939200	python3*1 
2026-09-28T05:16:07+04:00	ck9s-whole-1	0	324316	324167	41	22509256704	1733033984	python3*36 pt_gloo_runloop*2 pt_tcpstore_uv*1 cuda0000240000a*1 cuda-EvtHandlr*1 
2026-09-28T05:16:07+04:00	ck9s-whole-1	0	324317	324167	23	813555712	607358976	python3*17 ZMQbg/Reaper*3 ZMQbg/IO/0*3 
2026-09-28T05:16:17+04:00	ck9s-whole-1	0	324150	363	2	21614592	40960	uv*1 main2*1 
2026-09-28T05:16:17+04:00	ck9s-whole-1	0	324167	324150	39	816701440	598618112	ft*35 ZMQbg/Reaper*2 ZMQbg/IO/0*2 
2026-09-28T05:16:17+04:00	ck9s-whole-1	0	324315	324167	1	12730368	5939200	python3*1 
2026-09-28T05:16:17+04:00	ck9s-whole-1	0	324316	324167	45	22816006144	1990782976	python3*36 pt_gloo_runloop*2 ZMQbg/Reaper*2 ZMQbg/IO/0*2 pt_tcpstore_uv*1 cuda0000240000a*1 
2026-09-28T05:16:18+04:00	ck9s-whole-1	0	324317	324167	39	818671616	608194560	python3*33 ZMQbg/Reaper*3 ZMQbg/IO/0*3 
2026-09-28T05:16:28+04:00	ck9s-whole-1	0	324150	363	2	21614592	40960	uv*1 main2*1 
2026-09-28T05:16:28+04:00	ck9s-whole-1	0	324167	324150	39	816701440	598618112	ft*35 ZMQbg/Reaper*2 ZMQbg/IO/0*2 
2026-09-28T05:16:28+04:00	ck9s-whole-1	0	324315	324167	1	12730368	5939200	python3*1 
2026-09-28T05:16:28+04:00	ck9s-whole-1	0	324316	324167	45	22816006144	1990782976	python3*36 pt_gloo_runloop*2 ZMQbg/Reaper*2 ZMQbg/IO/0*2 pt_tcpstore_uv*1 cuda0000240000a*1 
2026-09-28T05:16:28+04:00	ck9s-whole-1	0	324317	324167	39	818671616	608194560	python3*33 ZMQbg/Reaper*3 ZMQbg/IO/0*3 
2026-09-28T05:16:41+04:00	ck9s-whole-1	0	324150	363	2	21614592	40960	uv*1 main2*1 
2026-09-28T05:16:41+04:00	ck9s-whole-1	0	324167	324150	39	816832512	598749184	ft*35 ZMQbg/Reaper*2 ZMQbg/IO/0*2 
2026-09-28T05:16:41+04:00	ck9s-whole-1	0	324315	324167	1	12730368	5939200	python3*1 
2026-09-28T05:16:41+04:00	ck9s-whole-1	0	324316	324167	45	22816116736	1990893568	python3*36 pt_gloo_runloop*2 ZMQbg/Reaper*2 ZMQbg/IO/0*2 pt_tcpstore_uv*1 cuda0000240000a*1 
2026-09-28T05:16:41+04:00	ck9s-whole-1	0	324317	324167	39	818696192	608219136	python3*33 ZMQbg/Reaper*3 ZMQbg/IO/0*3 
2026-09-28T05:16:51+04:00	ck9s-whole-1	1	324150	363	2	21614592	40960	uv*1 main2*1 
2026-09-28T05:16:51+04:00	ck9s-whole-1	1	324167	324150	57	820273152	602148864	ft*51 ZMQbg/Reaper*3 ZMQbg/IO/0*3 
2026-09-28T05:16:51+04:00	ck9s-whole-1	1	324315	324167	1	12730368	5939200	python3*1 
2026-09-28T05:16:51+04:00	ck9s-whole-1	1	324316	324167	45	22816407552	1991184384	python3*36 pt_gloo_runloop*2 ZMQbg/Reaper*2 ZMQbg/IO/0*2 pt_tcpstore_uv*1 cuda0000240000a*1 
2026-09-28T05:16:52+04:00	ck9s-whole-1	1	324317	324167	57	819388416	608894976	python3*49 ZMQbg/Reaper*4 ZMQbg/IO/0*4 
2026-09-28T05:17:02+04:00	ck9s-whole-1	3	324150	363	2	21614592	40960	uv*1 main2*1 
2026-09-28T05:17:02+04:00	ck9s-whole-1	3	324167	324150	57	820539392	602415104	ft*51 ZMQbg/Reaper*3 ZMQbg/IO/0*3 
2026-09-28T05:17:02+04:00	ck9s-whole-1	3	324315	324167	1	12730368	5939200	python3*1 
2026-09-28T05:17:02+04:00	ck9s-whole-1	3	324316	324167	45	22859505664	2033176576	python3*36 pt_gloo_runloop*2 ZMQbg/Reaper*2 ZMQbg/IO/0*2 pt_tcpstore_uv*1 cuda0000240000a*1 
2026-09-28T05:17:02+04:00	ck9s-whole-1	3	324317	324167	57	819392512	608899072	python3*49 ZMQbg/Reaper*4 ZMQbg/IO/0*4 
2026-09-28T05:17:15+04:00	ck9s-whole-1	3	324150	363	2	21614592	40960	uv*1 main2*1 
2026-09-28T05:17:15+04:00	ck9s-whole-1	3	324167	324150	57	820539392	602415104	ft*51 ZMQbg/Reaper*3 ZMQbg/IO/0*3 
2026-09-28T05:17:15+04:00	ck9s-whole-1	3	324315	324167	1	12730368	5939200	python3*1 
2026-09-28T05:17:15+04:00	ck9s-whole-1	3	324316	324167	45	22859505664	2033176576	python3*36 pt_gloo_runloop*2 ZMQbg/Reaper*2 ZMQbg/IO/0*2 pt_tcpstore_uv*1 cuda0000240000a*1 
2026-09-28T05:17:16+04:00	ck9s-whole-1	3	324317	324167	57	819392512	608899072	python3*49 ZMQbg/Reaper*4 ZMQbg/IO/0*4 
2026-09-28T05:17:36+04:00	ck9e-whole-1	0	332342	363	3	26394624	6057984	uv*1 tokio-rt-worker*1 main2*1 
2026-09-28T05:17:36+04:00	ck9e-whole-1	0	332359	332342	16	664301568	389095424	ft*16 
2026-09-28T05:17:49+04:00	ck9e-whole-1	0	332342	363	2	26525696	6057984	uv*1 main2*1 
2026-09-28T05:17:49+04:00	ck9e-whole-1	0	332359	332342	22	699580416	422731776	ft*18 ZMQbg/Reaper*2 ZMQbg/IO/0*2 
2026-09-28T05:17:49+04:00	ck9e-whole-1	0	332593	332359	1	12779520	5935104	python3*1 
2026-09-28T05:17:49+04:00	ck9e-whole-1	0	332594	332359	41	4530823168	978698240	python3*36 pt_gloo_runloop*2 pt_tcpstore_uv*1 cuda0000240000a*1 cuda-EvtHandlr*1 
2026-09-28T05:17:49+04:00	ck9e-whole-1	0	332595	332359	23	882176000	606412800	python3*17 ZMQbg/Reaper*3 ZMQbg/IO/0*3 
2026-09-28T05:17:59+04:00	ck9e-whole-1	0	332342	363	2	26525696	6057984	uv*1 main2*1 
2026-09-28T05:17:59+04:00	ck9e-whole-1	0	332359	332342	22	699584512	422735872	ft*18 ZMQbg/Reaper*2 ZMQbg/IO/0*2 
2026-09-28T05:17:59+04:00	ck9e-whole-1	0	332593	332359	1	12779520	5935104	python3*1 
2026-09-28T05:17:59+04:00	ck9e-whole-1	0	332594	332359	41	11822903296	979079168	python3*36 pt_gloo_runloop*2 pt_tcpstore_uv*1 cuda0000240000a*1 cuda-EvtHandlr*1 
2026-09-28T05:17:59+04:00	ck9e-whole-1	0	332595	332359	23	882176000	606412800	python3*17 ZMQbg/Reaper*3 ZMQbg/IO/0*3 
2026-09-28T05:18:09+04:00	ck9e-whole-1	0	332342	363	2	26398720	6057984	uv*1 main2*1 
2026-09-28T05:18:09+04:00	ck9e-whole-1	0	332359	332342	22	697208832	422744064	ft*18 ZMQbg/Reaper*2 ZMQbg/IO/0*2 
2026-09-28T05:18:09+04:00	ck9e-whole-1	0	332593	332359	1	12771328	5935104	python3*1 
2026-09-28T05:18:09+04:00	ck9e-whole-1	0	332594	332359	41	19458957312	979456000	python3*36 pt_gloo_runloop*2 pt_tcpstore_uv*1 cuda0000240000a*1 cuda-EvtHandlr*1 
2026-09-28T05:18:09+04:00	ck9e-whole-1	0	332595	332359	23	879554560	606412800	python3*17 ZMQbg/Reaper*3 ZMQbg/IO/0*3 
2026-09-28T05:18:22+04:00	ck9e-whole-1	0	332342	363	2	23003136	6057984	uv*1 main2*1 
2026-09-28T05:18:22+04:00	ck9e-whole-1	0	332359	332342	22	674349056	422744064	ft*18 ZMQbg/Reaper*2 ZMQbg/IO/0*2 
2026-09-28T05:18:22+04:00	ck9e-whole-1	0	332593	332359	1	12767232	5935104	python3*1 
2026-09-28T05:18:22+04:00	ck9e-whole-1	0	332594	332359	41	23328075776	974061568	python3*36 pt_gloo_runloop*2 pt_tcpstore_uv*1 cuda0000240000a*1 cuda-EvtHandlr*1 
2026-09-28T05:18:23+04:00	ck9e-whole-1	0	332595	332359	23	857518080	606412800	python3*17 ZMQbg/Reaper*3 ZMQbg/IO/0*3 
2026-09-28T05:18:33+04:00	ck9e-whole-1	0	332342	363	2	22900736	6057984	uv*1 main2*1 
2026-09-28T05:18:33+04:00	ck9e-whole-1	0	332359	332342	39	878800896	622120960	ft*35 ZMQbg/Reaper*2 ZMQbg/IO/0*2 
2026-09-28T05:18:33+04:00	ck9e-whole-1	0	332593	332359	1	12763136	5935104	python3*1 
2026-09-28T05:18:33+04:00	ck9e-whole-1	0	332594	332359	45	22587920384	1751703552	python3*36 pt_gloo_runloop*2 ZMQbg/Reaper*2 ZMQbg/IO/0*2 pt_tcpstore_uv*1 cuda0000240000a*1 
2026-09-28T05:18:33+04:00	ck9e-whole-1	0	332595	332359	39	861155328	607002624	python3*33 ZMQbg/Reaper*3 ZMQbg/IO/0*3 
2026-09-28T05:18:43+04:00	ck9e-whole-1	0	332342	363	2	22900736	6057984	uv*1 main2*1 
2026-09-28T05:18:43+04:00	ck9e-whole-1	0	332359	332342	39	878800896	622120960	ft*35 ZMQbg/Reaper*2 ZMQbg/IO/0*2 
2026-09-28T05:18:43+04:00	ck9e-whole-1	0	332593	332359	1	12763136	5935104	python3*1 
2026-09-28T05:18:43+04:00	ck9e-whole-1	0	332594	332359	45	22587920384	1751703552	python3*36 pt_gloo_runloop*2 ZMQbg/Reaper*2 ZMQbg/IO/0*2 pt_tcpstore_uv*1 cuda0000240000a*1 
2026-09-28T05:18:43+04:00	ck9e-whole-1	0	332595	332359	39	861155328	607002624	python3*33 ZMQbg/Reaper*3 ZMQbg/IO/0*3 
2026-09-28T05:18:56+04:00	ck9e-whole-1	0	332342	363	2	22900736	6057984	uv*1 main2*1 
2026-09-28T05:18:56+04:00	ck9e-whole-1	0	332359	332342	39	878907392	622227456	ft*35 ZMQbg/Reaper*2 ZMQbg/IO/0*2 
2026-09-28T05:18:57+04:00	ck9e-whole-1	0	332593	332359	1	12763136	5935104	python3*1 
2026-09-28T05:18:57+04:00	ck9e-whole-1	0	332594	332359	45	22587957248	1751740416	python3*36 pt_gloo_runloop*2 ZMQbg/Reaper*2 ZMQbg/IO/0*2 pt_tcpstore_uv*1 cuda0000240000a*1 
2026-09-28T05:18:57+04:00	ck9e-whole-1	0	332595	332359	39	861171712	607019008	python3*33 ZMQbg/Reaper*3 ZMQbg/IO/0*3 
2026-09-28T05:19:07+04:00	ck9e-whole-1	0	332342	363	2	22900736	6057984	uv*1 main2*1 
2026-09-28T05:19:07+04:00	ck9e-whole-1	0	332359	332342	57	881266688	624570368	ft*51 ZMQbg/Reaper*3 ZMQbg/IO/0*3 
2026-09-28T05:19:07+04:00	ck9e-whole-1	0	332593	332359	1	12763136	5935104	python3*1 
2026-09-28T05:19:07+04:00	ck9e-whole-1	0	332594	332359	45	22588248064	1752031232	python3*36 pt_gloo_runloop*2 ZMQbg/Reaper*2 ZMQbg/IO/0*2 pt_tcpstore_uv*1 cuda0000240000a*1 
2026-09-28T05:19:07+04:00	ck9e-whole-1	0	332595	332359	57	861863936	607694848	python3*49 ZMQbg/Reaper*4 ZMQbg/IO/0*4 
2026-09-28T05:19:17+04:00	ck9e-whole-1	0	332342	363	2	22900736	6057984	uv*1 main2*1 
2026-09-28T05:19:17+04:00	ck9e-whole-1	0	332359	332342	57	881377280	624680960	ft*51 ZMQbg/Reaper*3 ZMQbg/IO/0*3 
2026-09-28T05:19:17+04:00	ck9e-whole-1	0	332593	332359	1	12763136	5935104	python3*1 
2026-09-28T05:19:17+04:00	ck9e-whole-1	0	332594	332359	45	22632001536	1794695168	python3*36 pt_gloo_runloop*2 ZMQbg/Reaper*2 ZMQbg/IO/0*2 pt_tcpstore_uv*1 cuda0000240000a*1 
2026-09-28T05:19:17+04:00	ck9e-whole-1	0	332595	332359	57	861863936	607694848	python3*49 ZMQbg/Reaper*4 ZMQbg/IO/0*4 
2026-09-28T05:19:30+04:00	ck9e-whole-1	0	332342	363	2	22900736	6057984	uv*1 main2*1 
2026-09-28T05:19:30+04:00	ck9e-whole-1	0	332359	332342	57	881377280	624680960	ft*51 ZMQbg/Reaper*3 ZMQbg/IO/0*3 
2026-09-28T05:19:30+04:00	ck9e-whole-1	0	332593	332359	1	12763136	5935104	python3*1 
2026-09-28T05:19:30+04:00	ck9e-whole-1	0	332594	332359	45	22632009728	1794703360	python3*36 pt_gloo_runloop*2 ZMQbg/Reaper*2 ZMQbg/IO/0*2 pt_tcpstore_uv*1 cuda0000240000a*1 
2026-09-28T05:19:31+04:00	ck9e-whole-1	0	332595	332359	57	861863936	607694848	python3*49 ZMQbg/Reaper*4 ZMQbg/IO/0*4 
2026-09-28T05:20:24+04:00	ck9s-mirror-1	0	341390	363	3	24653824	6041600	uv*1 tokio-rt-worker*1 main2*1 
2026-09-28T05:20:24+04:00	ck9s-mirror-1	0	341407	341390	22	700297216	422854656	ft*18 ZMQbg/Reaper*2 ZMQbg/IO/0*2 
2026-09-28T05:20:24+04:00	ck9s-mirror-1	0	341618	341407	1	12779520	5939200	python3*1 
2026-09-28T05:20:24+04:00	ck9s-mirror-1	0	341619	341407	24	1039491072	586665984	python3*19 pt_gloo_runloop*2 pt_tcpstore_uv*1 cuda0000240000a*1 cuda-EvtHandlr*1 
2026-09-28T05:20:24+04:00	ck9s-mirror-1	0	341620	341407	23	881561600	607371264	python3*17 ZMQbg/Reaper*3 ZMQbg/IO/0*3 
2026-09-28T05:20:34+04:00	ck9s-mirror-1	0	341390	363	2	24784896	6041600	uv*1 main2*1 
2026-09-28T05:20:34+04:00	ck9s-mirror-1	0	341407	341390	22	700297216	422854656	ft*18 ZMQbg/Reaper*2 ZMQbg/IO/0*2 
2026-09-28T05:20:34+04:00	ck9s-mirror-1	0	341618	341407	1	12779520	5939200	python3*1 
2026-09-28T05:20:34+04:00	ck9s-mirror-1	0	341619	341407	40	17471184896	15345840128	python3*35 pt_gloo_runloop*2 pt_tcpstore_uv*1 cuda0000240000a*1 cuda-EvtHandlr*1 
2026-09-28T05:20:34+04:00	ck9s-mirror-1	0	341620	341407	23	881561600	607371264	python3*17 ZMQbg/Reaper*3 ZMQbg/IO/0*3 
2026-09-28T05:20:47+04:00	ck9s-mirror-1	0	341390	363	2	24784896	6041600	uv*1 main2*1 
2026-09-28T05:20:47+04:00	ck9s-mirror-1	0	341407	341390	22	700301312	422858752	ft*18 ZMQbg/Reaper*2 ZMQbg/IO/0*2 
2026-09-28T05:20:47+04:00	ck9s-mirror-1	0	341618	341407	1	12779520	5939200	python3*1 
2026-09-28T05:20:47+04:00	ck9s-mirror-1	0	341619	341407	40	17561133056	15432314880	python3*35 pt_gloo_runloop*2 pt_tcpstore_uv*1 cuda0000240000a*1 cuda-EvtHandlr*1 
2026-09-28T05:20:47+04:00	ck9s-mirror-1	0	341620	341407	23	881561600	607371264	python3*17 ZMQbg/Reaper*3 ZMQbg/IO/0*3 
2026-09-28T05:20:57+04:00	ck9s-mirror-1	0	341390	363	2	24784896	6041600	uv*1 main2*1 
2026-09-28T05:20:57+04:00	ck9s-mirror-1	0	341407	341390	22	700301312	422858752	ft*18 ZMQbg/Reaper*2 ZMQbg/IO/0*2 
2026-09-28T05:20:57+04:00	ck9s-mirror-1	0	341618	341407	1	12779520	5939200	python3*1 
2026-09-28T05:20:57+04:00	ck9s-mirror-1	0	341619	341407	41	16330555392	15738118144	python3*36 pt_gloo_runloop*2 pt_tcpstore_uv*1 cuda0000240000a*1 cuda-EvtHandlr*1 
2026-09-28T05:20:57+04:00	ck9s-mirror-1	0	341620	341407	23	881561600	607371264	python3*17 ZMQbg/Reaper*3 ZMQbg/IO/0*3 
2026-09-28T05:21:07+04:00	ck9s-mirror-1	0	341390	363	2	24784896	6041600	uv*1 main2*1 
2026-09-28T05:21:07+04:00	ck9s-mirror-1	0	341407	341390	22	700301312	422858752	ft*18 ZMQbg/Reaper*2 ZMQbg/IO/0*2 
2026-09-28T05:21:07+04:00	ck9s-mirror-1	0	341618	341407	1	12779520	5939200	python3*1 
2026-09-28T05:21:07+04:00	ck9s-mirror-1	0	341619	341407	41	16341430272	15748767744	python3*36 pt_gloo_runloop*2 pt_tcpstore_uv*1 cuda0000240000a*1 cuda-EvtHandlr*1 
2026-09-28T05:21:08+04:00	ck9s-mirror-1	0	341620	341407	23	881561600	607371264	python3*17 ZMQbg/Reaper*3 ZMQbg/IO/0*3 
2026-09-28T05:21:20+04:00	ck9s-mirror-1	0	341390	363	2	24784896	6041600	uv*1 main2*1 
2026-09-28T05:21:20+04:00	ck9s-mirror-1	0	341407	341390	22	700301312	422858752	ft*18 ZMQbg/Reaper*2 ZMQbg/IO/0*2 
2026-09-28T05:21:21+04:00	ck9s-mirror-1	0	341618	341407	1	12779520	5939200	python3*1 
2026-09-28T05:21:21+04:00	ck9s-mirror-1	0	341619	341407	41	16599355392	15995781120	python3*36 pt_gloo_runloop*2 pt_tcpstore_uv*1 cuda0000240000a*1 cuda-EvtHandlr*1 
2026-09-28T05:21:21+04:00	ck9s-mirror-1	0	341620	341407	23	881561600	607371264	python3*17 ZMQbg/Reaper*3 ZMQbg/IO/0*3 
2026-09-28T05:21:31+04:00	ck9s-mirror-1	0	341390	363	2	24784896	6041600	uv*1 main2*1 
2026-09-28T05:21:31+04:00	ck9s-mirror-1	0	341407	341390	22	700301312	422858752	ft*18 ZMQbg/Reaper*2 ZMQbg/IO/0*2 
2026-09-28T05:21:31+04:00	ck9s-mirror-1	0	341618	341407	1	12779520	5939200	python3*1 
2026-09-28T05:21:31+04:00	ck9s-mirror-1	0	341619	341407	41	16858046464	16248279040	python3*36 pt_gloo_runloop*2 pt_tcpstore_uv*1 cuda0000240000a*1 cuda-EvtHandlr*1 
2026-09-28T05:21:31+04:00	ck9s-mirror-1	0	341620	341407	23	881561600	607371264	python3*17 ZMQbg/Reaper*3 ZMQbg/IO/0*3 
2026-09-28T05:21:41+04:00	ck9s-mirror-1	0	341390	363	2	24784896	6041600	uv*1 main2*1 
2026-09-28T05:21:41+04:00	ck9s-mirror-1	0	341407	341390	39	905433088	622170112	ft*35 ZMQbg/Reaper*2 ZMQbg/IO/0*2 
2026-09-28T05:21:41+04:00	ck9s-mirror-1	0	341618	341407	1	12779520	5939200	python3*1 
2026-09-28T05:21:41+04:00	ck9s-mirror-1	0	341619	341407	45	17071022080	16454914048	python3*36 pt_gloo_runloop*2 ZMQbg/Reaper*2 ZMQbg/IO/0*2 pt_tcpstore_uv*1 cuda0000240000a*1 
2026-09-28T05:21:41+04:00	ck9s-mirror-1	0	341620	341407	39	885608448	608178176	python3*33 ZMQbg/Reaper*3 ZMQbg/IO/0*3 
2026-09-28T05:21:54+04:00	ck9s-mirror-1	0	341390	363	2	24784896	6041600	uv*1 main2*1 
2026-09-28T05:21:54+04:00	ck9s-mirror-1	0	341407	341390	39	905449472	622186496	ft*35 ZMQbg/Reaper*2 ZMQbg/IO/0*2 
2026-09-28T05:21:54+04:00	ck9s-mirror-1	0	341618	341407	1	12779520	5939200	python3*1 
2026-09-28T05:21:54+04:00	ck9s-mirror-1	0	341619	341407	45	17071816704	16454938624	python3*36 pt_gloo_runloop*2 ZMQbg/Reaper*2 ZMQbg/IO/0*2 pt_tcpstore_uv*1 cuda0000240000a*1 
2026-09-28T05:21:54+04:00	ck9s-mirror-1	0	341620	341407	39	885616640	608186368	python3*33 ZMQbg/Reaper*3 ZMQbg/IO/0*3 
2026-09-28T05:22:04+04:00	ck9s-mirror-1	0	341390	363	2	24784896	6041600	uv*1 main2*1 
2026-09-28T05:22:04+04:00	ck9s-mirror-1	0	341407	341390	39	905449472	622186496	ft*35 ZMQbg/Reaper*2 ZMQbg/IO/0*2 
2026-09-28T05:22:04+04:00	ck9s-mirror-1	0	341618	341407	1	12779520	5939200	python3*1 
2026-09-28T05:22:04+04:00	ck9s-mirror-1	0	341619	341407	45	17071816704	16454938624	python3*36 pt_gloo_runloop*2 ZMQbg/Reaper*2 ZMQbg/IO/0*2 pt_tcpstore_uv*1 cuda0000240000a*1 
2026-09-28T05:22:05+04:00	ck9s-mirror-1	0	341620	341407	39	885616640	608186368	python3*33 ZMQbg/Reaper*3 ZMQbg/IO/0*3 
2026-09-28T05:22:15+04:00	ck9s-mirror-1	1	341390	363	2	24784896	6041600	uv*1 main2*1 
2026-09-28T05:22:15+04:00	ck9s-mirror-1	1	341407	341390	57	907886592	624623616	ft*51 ZMQbg/Reaper*3 ZMQbg/IO/0*3 
2026-09-28T05:22:15+04:00	ck9s-mirror-1	1	341618	341407	1	12779520	5939200	python3*1 
2026-09-28T05:22:15+04:00	ck9s-mirror-1	1	341619	341407	45	17072488448	16455610368	python3*36 pt_gloo_runloop*2 ZMQbg/Reaper*2 ZMQbg/IO/0*2 pt_tcpstore_uv*1 cuda0000240000a*1 
2026-09-28T05:22:15+04:00	ck9s-mirror-1	1	341620	341407	57	886308864	608878592	python3*49 ZMQbg/Reaper*4 ZMQbg/IO/0*4 
2026-09-28T05:22:28+04:00	ck9s-mirror-1	1	341390	363	2	24784896	6041600	uv*1 main2*1 
2026-09-28T05:22:28+04:00	ck9s-mirror-1	1	341407	341390	57	907894784	624631808	ft*51 ZMQbg/Reaper*3 ZMQbg/IO/0*3 
2026-09-28T05:22:28+04:00	ck9s-mirror-1	1	341618	341407	1	12779520	5939200	python3*1 
2026-09-28T05:22:28+04:00	ck9s-mirror-1	1	341619	341407	45	17073102848	16456167424	python3*36 pt_gloo_runloop*2 ZMQbg/Reaper*2 ZMQbg/IO/0*2 pt_tcpstore_uv*1 cuda0000240000a*1 
2026-09-28T05:22:28+04:00	ck9s-mirror-1	1	341620	341407	57	886312960	608882688	python3*49 ZMQbg/Reaper*4 ZMQbg/IO/0*4 
2026-09-28T05:22:38+04:00	ck9s-mirror-1	3	341390	363	2	24784896	6041600	uv*1 main2*1 
2026-09-28T05:22:38+04:00	ck9s-mirror-1	3	341407	341390	57	907993088	624730112	ft*51 ZMQbg/Reaper*3 ZMQbg/IO/0*3 
2026-09-28T05:22:38+04:00	ck9s-mirror-1	3	341618	341407	1	12779520	5939200	python3*1 
2026-09-28T05:22:38+04:00	ck9s-mirror-1	3	341619	341407	45	17115951104	16497983488	python3*36 pt_gloo_runloop*2 ZMQbg/Reaper*2 ZMQbg/IO/0*2 pt_tcpstore_uv*1 cuda0000240000a*1 
2026-09-28T05:22:39+04:00	ck9s-mirror-1	3	341620	341407	57	886312960	608882688	python3*49 ZMQbg/Reaper*4 ZMQbg/IO/0*4 
2026-09-28T05:22:49+04:00	ck9s-mirror-1	4	341390	363	2	24784896	6041600	uv*1 main2*1 
2026-09-28T05:22:49+04:00	ck9s-mirror-1	4	341407	341390	57	990781440	707518464	ft*51 ZMQbg/Reaper*3 ZMQbg/IO/0*3 
2026-09-28T05:22:49+04:00	ck9s-mirror-1	4	341618	341407	1	12779520	5939200	python3*1 
2026-09-28T05:22:49+04:00	ck9s-mirror-1	4	341619	341407	45	17115951104	16497983488	python3*36 pt_gloo_runloop*2 ZMQbg/Reaper*2 ZMQbg/IO/0*2 pt_tcpstore_uv*1 cuda0000240000a*1 
2026-09-28T05:22:49+04:00	ck9s-mirror-1	4	341620	341407	57	886312960	608882688	python3*49 ZMQbg/Reaper*4 ZMQbg/IO/0*4 
2026-09-28T05:23:12+04:00	ck9e-mirror-1	0	352355	363	3	24997888	6049792	uv*1 tokio-rt-worker*1 main2*1 
2026-09-28T05:23:12+04:00	ck9e-mirror-1	0	352491	352355	22	700784640	422715392	ft*18 ZMQbg/Reaper*2 ZMQbg/IO/0*2 
2026-09-28T05:23:12+04:00	ck9e-mirror-1	0	352945	352491	1	12759040	5939200	python3*1 
2026-09-28T05:23:12+04:00	ck9e-mirror-1	0	352946	352491	25	2686730240	803393536	python3*20 pt_gloo_runloop*2 pt_tcpstore_uv*1 cuda0000240000a*1 cuda-EvtHandlr*1 
2026-09-28T05:23:12+04:00	ck9e-mirror-1	0	352947	352491	23	881557504	606461952	python3*17 ZMQbg/Reaper*3 ZMQbg/IO/0*3 
2026-09-28T05:23:22+04:00	ck9e-mirror-1	0	352355	363	2	25128960	6049792	uv*1 main2*1 
2026-09-28T05:23:22+04:00	ck9e-mirror-1	0	352491	352355	22	700796928	422727680	ft*18 ZMQbg/Reaper*2 ZMQbg/IO/0*2 
2026-09-28T05:23:23+04:00	ck9e-mirror-1	0	352945	352491	1	12759040	5939200	python3*1 
2026-09-28T05:23:23+04:00	ck9e-mirror-1	0	352946	352491	40	12606251008	10480701440	python3*35 pt_gloo_runloop*2 pt_tcpstore_uv*1 cuda0000240000a*1 cuda-EvtHandlr*1 
2026-09-28T05:23:23+04:00	ck9e-mirror-1	0	352947	352491	23	881557504	606461952	python3*17 ZMQbg/Reaper*3 ZMQbg/IO/0*3 
2026-09-28T05:23:36+04:00	ck9e-mirror-1	0	352355	363	2	25128960	6049792	uv*1 main2*1 
2026-09-28T05:23:36+04:00	ck9e-mirror-1	0	352491	352355	22	700805120	422735872	ft*18 ZMQbg/Reaper*2 ZMQbg/IO/0*2 
2026-09-28T05:23:36+04:00	ck9e-mirror-1	0	352945	352491	1	12759040	5939200	python3*1 
2026-09-28T05:23:36+04:00	ck9e-mirror-1	0	352946	352491	40	17476313088	15347941376	python3*35 pt_gloo_runloop*2 pt_tcpstore_uv*1 cuda0000240000a*1 cuda-EvtHandlr*1 
2026-09-28T05:23:36+04:00	ck9e-mirror-1	0	352947	352491	23	881557504	606461952	python3*17 ZMQbg/Reaper*3 ZMQbg/IO/0*3 
2026-09-28T05:23:46+04:00	ck9e-mirror-1	0	352355	363	2	25128960	6049792	uv*1 main2*1 
2026-09-28T05:23:46+04:00	ck9e-mirror-1	0	352491	352355	22	700805120	422735872	ft*18 ZMQbg/Reaper*2 ZMQbg/IO/0*2 
2026-09-28T05:23:46+04:00	ck9e-mirror-1	0	352945	352491	1	12759040	5939200	python3*1 
2026-09-28T05:23:46+04:00	ck9e-mirror-1	0	352946	352491	40	17564266496	15434407936	python3*35 pt_gloo_runloop*2 pt_tcpstore_uv*1 cuda0000240000a*1 cuda-EvtHandlr*1 
2026-09-28T05:23:46+04:00	ck9e-mirror-1	0	352947	352491	23	881557504	606461952	python3*17 ZMQbg/Reaper*3 ZMQbg/IO/0*3 
2026-09-28T05:23:56+04:00	ck9e-mirror-1	0	352355	363	2	25128960	6049792	uv*1 main2*1 
2026-09-28T05:23:56+04:00	ck9e-mirror-1	0	352491	352355	22	700805120	422735872	ft*18 ZMQbg/Reaper*2 ZMQbg/IO/0*2 
2026-09-28T05:23:56+04:00	ck9e-mirror-1	0	352945	352491	1	12759040	5939200	python3*1 
2026-09-28T05:23:56+04:00	ck9e-mirror-1	0	352946	352491	41	17566789632	15434481664	python3*36 pt_gloo_runloop*2 pt_tcpstore_uv*1 cuda0000240000a*1 cuda-EvtHandlr*1 
2026-09-28T05:23:56+04:00	ck9e-mirror-1	0	352947	352491	23	881557504	606461952	python3*17 ZMQbg/Reaper*3 ZMQbg/IO/0*3 
2026-09-28T05:24:06+04:00	ck9e-mirror-1	0	352355	363	2	25128960	6049792	uv*1 main2*1 
2026-09-28T05:24:06+04:00	ck9e-mirror-1	0	352491	352355	22	700809216	422739968	ft*18 ZMQbg/Reaper*2 ZMQbg/IO/0*2 
2026-09-28T05:24:06+04:00	ck9e-mirror-1	0	352945	352491	1	12759040	5939200	python3*1 
2026-09-28T05:24:06+04:00	ck9e-mirror-1	0	352946	352491	41	16344813568	15751118848	python3*36 pt_gloo_runloop*2 pt_tcpstore_uv*1 cuda0000240000a*1 cuda-EvtHandlr*1 
2026-09-28T05:24:09+04:00	ck9e-mirror-1	0	352947	352491	23	881557504	606461952	python3*17 ZMQbg/Reaper*3 ZMQbg/IO/0*3 
2026-09-28T05:24:19+04:00	ck9e-mirror-1	0	352355	363	2	25128960	6049792	uv*1 main2*1 
2026-09-28T05:24:19+04:00	ck9e-mirror-1	0	352491	352355	22	700809216	422739968	ft*18 ZMQbg/Reaper*2 ZMQbg/IO/0*2 
2026-09-28T05:24:19+04:00	ck9e-mirror-1	0	352945	352491	1	12759040	5939200	python3*1 
2026-09-28T05:24:19+04:00	ck9e-mirror-1	0	352946	352491	41	16345034752	15751340032	python3*36 pt_gloo_runloop*2 pt_tcpstore_uv*1 cuda0000240000a*1 cuda-EvtHandlr*1 
2026-09-28T05:24:19+04:00	ck9e-mirror-1	0	352947	352491	23	881557504	606461952	python3*17 ZMQbg/Reaper*3 ZMQbg/IO/0*3 
2026-09-28T05:24:30+04:00	ck9e-mirror-1	0	352355	363	2	25128960	6049792	uv*1 main2*1 
2026-09-28T05:24:30+04:00	ck9e-mirror-1	0	352491	352355	22	700809216	422739968	ft*18 ZMQbg/Reaper*2 ZMQbg/IO/0*2 
2026-09-28T05:24:30+04:00	ck9e-mirror-1	0	352945	352491	1	12759040	5939200	python3*1 
2026-09-28T05:24:30+04:00	ck9e-mirror-1	0	352946	352491	41	16603529216	15998578688	python3*36 pt_gloo_runloop*2 pt_tcpstore_uv*1 cuda0000240000a*1 cuda-EvtHandlr*1 
2026-09-28T05:24:30+04:00	ck9e-mirror-1	0	352947	352491	23	881557504	606461952	python3*17 ZMQbg/Reaper*3 ZMQbg/IO/0*3 
2026-09-28T05:24:40+04:00	ck9e-mirror-1	0	352355	363	2	25128960	6049792	uv*1 main2*1 
2026-09-28T05:24:40+04:00	ck9e-mirror-1	0	352491	352355	22	700813312	422744064	ft*18 ZMQbg/Reaper*2 ZMQbg/IO/0*2 
2026-09-28T05:24:40+04:00	ck9e-mirror-1	0	352945	352491	1	12759040	5939200	python3*1 
2026-09-28T05:24:40+04:00	ck9e-mirror-1	0	352946	352491	41	16616439808	16010919936	python3*36 pt_gloo_runloop*2 pt_tcpstore_uv*1 cuda0000240000a*1 cuda-EvtHandlr*1 
2026-09-28T05:24:40+04:00	ck9e-mirror-1	0	352947	352491	23	881557504	606461952	python3*17 ZMQbg/Reaper*3 ZMQbg/IO/0*3 
2026-09-28T05:24:54+04:00	ck9e-mirror-1	0	352355	363	2	25128960	6049792	uv*1 main2*1 
2026-09-28T05:24:54+04:00	ck9e-mirror-1	0	352491	352355	39	906981376	623091712	ft*35 ZMQbg/Reaper*2 ZMQbg/IO/0*2 
2026-09-28T05:24:54+04:00	ck9e-mirror-1	0	352945	352491	1	12759040	5939200	python3*1 
2026-09-28T05:24:54+04:00	ck9e-mirror-1	0	352946	352491	45	16829349888	16216776704	python3*36 pt_gloo_runloop*2 ZMQbg/Reaper*2 ZMQbg/IO/0*2 pt_tcpstore_uv*1 cuda0000240000a*1 
2026-09-28T05:24:54+04:00	ck9e-mirror-1	0	352947	352491	39	885309440	606982144	python3*33 ZMQbg/Reaper*3 ZMQbg/IO/0*3 
2026-09-28T05:25:04+04:00	ck9e-mirror-1	0	352355	363	2	25128960	6049792	uv*1 main2*1 
2026-09-28T05:25:04+04:00	ck9e-mirror-1	0	352491	352355	39	906981376	623091712	ft*35 ZMQbg/Reaper*2 ZMQbg/IO/0*2 
2026-09-28T05:25:04+04:00	ck9e-mirror-1	0	352945	352491	1	12759040	5939200	python3*1 
2026-09-28T05:25:04+04:00	ck9e-mirror-1	0	352946	352491	45	16829349888	16216776704	python3*36 pt_gloo_runloop*2 ZMQbg/Reaper*2 ZMQbg/IO/0*2 pt_tcpstore_uv*1 cuda0000240000a*1 
2026-09-28T05:25:04+04:00	ck9e-mirror-1	0	352947	352491	39	885309440	606982144	python3*33 ZMQbg/Reaper*3 ZMQbg/IO/0*3 
2026-09-28T05:25:14+04:00	ck9e-mirror-1	0	352355	363	2	25128960	6049792	uv*1 main2*1 
2026-09-28T05:25:14+04:00	ck9e-mirror-1	0	352491	352355	39	907067392	623177728	ft*35 ZMQbg/Reaper*2 ZMQbg/IO/0*2 
2026-09-28T05:25:14+04:00	ck9e-mirror-1	0	352945	352491	1	12759040	5939200	python3*1 
2026-09-28T05:25:14+04:00	ck9e-mirror-1	0	352946	352491	45	16829571072	16216997888	python3*36 pt_gloo_runloop*2 ZMQbg/Reaper*2 ZMQbg/IO/0*2 pt_tcpstore_uv*1 cuda0000240000a*1 
2026-09-28T05:25:14+04:00	ck9e-mirror-1	0	352947	352491	39	885321728	606994432	python3*33 ZMQbg/Reaper*3 ZMQbg/IO/0*3 
2026-09-28T05:25:28+04:00	ck9e-mirror-1	0	352355	363	2	25128960	6049792	uv*1 main2*1 
2026-09-28T05:25:28+04:00	ck9e-mirror-1	0	352491	352355	57	909406208	625516544	ft*51 ZMQbg/Reaper*3 ZMQbg/IO/0*3 
2026-09-28T05:25:28+04:00	ck9e-mirror-1	0	352945	352491	1	12759040	5939200	python3*1 
2026-09-28T05:25:28+04:00	ck9e-mirror-1	0	352946	352491	45	16829857792	16217284608	python3*36 pt_gloo_runloop*2 ZMQbg/Reaper*2 ZMQbg/IO/0*2 pt_tcpstore_uv*1 cuda0000240000a*1 
2026-09-28T05:25:28+04:00	ck9e-mirror-1	0	352947	352491	57	886800384	608473088	python3*49 ZMQbg/Reaper*4 ZMQbg/IO/0*4 
2026-09-28T05:25:38+04:00	ck9e-mirror-1	0	352355	363	2	25128960	6049792	uv*1 main2*1 
2026-09-28T05:25:38+04:00	ck9e-mirror-1	0	352491	352355	57	909545472	625655808	ft*51 ZMQbg/Reaper*3 ZMQbg/IO/0*3 
2026-09-28T05:25:38+04:00	ck9e-mirror-1	0	352945	352491	1	12759040	5939200	python3*1 
2026-09-28T05:25:38+04:00	ck9e-mirror-1	0	352946	352491	45	16874483712	16260820992	python3*36 pt_gloo_runloop*2 ZMQbg/Reaper*2 ZMQbg/IO/0*2 pt_tcpstore_uv*1 cuda0000240000a*1 
2026-09-28T05:25:38+04:00	ck9e-mirror-1	0	352947	352491	57	886800384	608473088	python3*49 ZMQbg/Reaper*4 ZMQbg/IO/0*4 
2026-09-28T05:25:48+04:00	ck9e-mirror-1	0	352355	363	2	25128960	6049792	uv*1 main2*1 
2026-09-28T05:25:48+04:00	ck9e-mirror-1	0	352491	352355	57	909545472	625655808	ft*51 ZMQbg/Reaper*3 ZMQbg/IO/0*3 
2026-09-28T05:25:48+04:00	ck9e-mirror-1	0	352945	352491	1	12759040	5939200	python3*1 
2026-09-28T05:25:48+04:00	ck9e-mirror-1	0	352946	352491	45	16874483712	16260820992	python3*36 pt_gloo_runloop*2 ZMQbg/Reaper*2 ZMQbg/IO/0*2 pt_tcpstore_uv*1 cuda0000240000a*1 
2026-09-28T05:25:48+04:00	ck9e-mirror-1	0	352947	352491	57	886800384	608473088	python3*49 ZMQbg/Reaper*4 ZMQbg/IO/0*4 
2026-09-28T05:26:45+04:00	ck9e-whole-2	0	371788	363	3	24637440	6053888	uv*1 tokio-rt-worker*1 main2*1 
2026-09-28T05:26:45+04:00	ck9e-whole-2	0	371804	371788	22	700436480	422551552	ft*18 ZMQbg/Reaper*2 ZMQbg/IO/0*2 
2026-09-28T05:26:45+04:00	ck9e-whole-2	0	371964	371804	1	12800000	5939200	python3*1 
2026-09-28T05:26:45+04:00	ck9e-whole-2	0	371965	371804	16	540655616	318906368	python3*16 
2026-09-28T05:26:45+04:00	ck9e-whole-2	0	371966	371804	16	543891456	322580480	python3*16 
2026-09-28T05:26:55+04:00	ck9e-whole-2	0	371788	363	2	24768512	6053888	uv*1 main2*1 
2026-09-28T05:26:55+04:00	ck9e-whole-2	0	371804	371788	22	700731392	422735872	ft*18 ZMQbg/Reaper*2 ZMQbg/IO/0*2 
2026-09-28T05:26:55+04:00	ck9e-whole-2	0	371964	371804	1	12800000	5939200	python3*1 
2026-09-28T05:26:55+04:00	ck9e-whole-2	0	371965	371804	41	4794253312	985600000	python3*36 pt_gloo_runloop*2 pt_tcpstore_uv*1 cuda0000240000a*1 cuda-EvtHandlr*1 
2026-09-28T05:26:55+04:00	ck9e-whole-2	0	371966	371804	23	883814400	606601216	python3*17 ZMQbg/Reaper*3 ZMQbg/IO/0*3 
2026-09-28T05:27:09+04:00	ck9e-whole-2	0	371788	363	2	24768512	6053888	uv*1 main2*1 
2026-09-28T05:27:09+04:00	ck9e-whole-2	0	371804	371788	22	700735488	422739968	ft*18 ZMQbg/Reaper*2 ZMQbg/IO/0*2 
2026-09-28T05:27:09+04:00	ck9e-whole-2	0	371964	371804	1	12800000	5939200	python3*1 
2026-09-28T05:27:09+04:00	ck9e-whole-2	0	371965	371804	41	11980595200	985952256	python3*36 pt_gloo_runloop*2 pt_tcpstore_uv*1 cuda0000240000a*1 cuda-EvtHandlr*1 
2026-09-28T05:27:09+04:00	ck9e-whole-2	0	371966	371804	23	883814400	606601216	python3*17 ZMQbg/Reaper*3 ZMQbg/IO/0*3 
2026-09-28T05:27:19+04:00	ck9e-whole-2	0	371788	363	2	24653824	6053888	uv*1 main2*1 
2026-09-28T05:27:19+04:00	ck9e-whole-2	0	371804	371788	22	700022784	422739968	ft*18 ZMQbg/Reaper*2 ZMQbg/IO/0*2 
2026-09-28T05:27:19+04:00	ck9e-whole-2	0	371964	371804	1	12800000	5939200	python3*1 
2026-09-28T05:27:19+04:00	ck9e-whole-2	0	371965	371804	41	15499034624	986128384	python3*36 pt_gloo_runloop*2 pt_tcpstore_uv*1 cuda0000240000a*1 cuda-EvtHandlr*1 
2026-09-28T05:27:19+04:00	ck9e-whole-2	0	371966	371804	23	883113984	606601216	python3*17 ZMQbg/Reaper*3 ZMQbg/IO/0*3 
2026-09-28T05:27:30+04:00	ck9e-whole-2	0	371788	363	2	24641536	6053888	uv*1 main2*1 
2026-09-28T05:27:30+04:00	ck9e-whole-2	0	371804	371788	22	698114048	422739968	ft*18 ZMQbg/Reaper*2 ZMQbg/IO/0*2 
2026-09-28T05:27:30+04:00	ck9e-whole-2	0	371964	371804	1	12800000	5939200	python3*1 
2026-09-28T05:27:30+04:00	ck9e-whole-2	0	371965	371804	41	19374776320	986324992	python3*36 pt_gloo_runloop*2 pt_tcpstore_uv*1 cuda0000240000a*1 cuda-EvtHandlr*1 
2026-09-28T05:27:30+04:00	ck9e-whole-2	0	371966	371804	23	881197056	606601216	python3*17 ZMQbg/Reaper*3 ZMQbg/IO/0*3 
2026-09-28T05:27:43+04:00	ck9e-whole-2	0	371788	363	2	24453120	6053888	uv*1 main2*1 
2026-09-28T05:27:43+04:00	ck9e-whole-2	0	371804	371788	22	636964864	422739968	ft*18 ZMQbg/Reaper*2 ZMQbg/IO/0*2 
2026-09-28T05:27:43+04:00	ck9e-whole-2	0	371964	371804	1	12742656	5939200	python3*1 
2026-09-28T05:27:43+04:00	ck9e-whole-2	0	371965	371804	41	22347640832	986476544	python3*36 pt_gloo_runloop*2 pt_tcpstore_uv*1 cuda0000240000a*1 cuda-EvtHandlr*1 
2026-09-28T05:27:43+04:00	ck9e-whole-2	0	371966	371804	23	817025024	606601216	python3*17 ZMQbg/Reaper*3 ZMQbg/IO/0*3 
2026-09-28T05:27:53+04:00	ck9e-whole-2	0	371788	363	2	14852096	12288	uv*1 main2*1 
2026-09-28T05:27:53+04:00	ck9e-whole-2	0	371804	371788	22	324988928	145682432	ft*18 ZMQbg/Reaper*2 ZMQbg/IO/0*2 
2026-09-28T05:27:53+04:00	ck9e-whole-2	0	371964	371804	1	12734464	5939200	python3*1 
2026-09-28T05:27:53+04:00	ck9e-whole-2	0	371965	371804	41	22294179840	1510723584	python3*36 pt_gloo_runloop*2 pt_tcpstore_uv*1 cuda0000240000a*1 cuda-EvtHandlr*1 
2026-09-28T05:27:53+04:00	ck9e-whole-2	0	371966	371804	23	785326080	606601216	python3*17 ZMQbg/Reaper*3 ZMQbg/IO/0*3 
2026-09-28T05:28:03+04:00	ck9e-whole-2	0	371788	363	2	14577664	12288	uv*1 main2*1 
2026-09-28T05:28:03+04:00	ck9e-whole-2	0	371804	371788	39	539729920	353054720	ft*35 ZMQbg/Reaper*2 ZMQbg/IO/0*2 
2026-09-28T05:28:03+04:00	ck9e-whole-2	0	371964	371804	1	12734464	5939200	python3*1 
2026-09-28T05:28:03+04:00	ck9e-whole-2	0	371965	371804	45	22544494592	1752018944	python3*36 pt_gloo_runloop*2 ZMQbg/Reaper*2 ZMQbg/IO/0*2 pt_tcpstore_uv*1 cuda0000240000a*1 
2026-09-28T05:28:04+04:00	ck9e-whole-2	0	371966	371804	39	791056384	607481856	python3*33 ZMQbg/Reaper*3 ZMQbg/IO/0*3 
2026-09-28T05:28:14+04:00	ck9e-whole-2	0	371788	363	2	14577664	12288	uv*1 main2*1 
2026-09-28T05:28:14+04:00	ck9e-whole-2	0	371804	371788	39	539729920	353054720	ft*35 ZMQbg/Reaper*2 ZMQbg/IO/0*2 
2026-09-28T05:28:14+04:00	ck9e-whole-2	0	371964	371804	1	12734464	5939200	python3*1 
2026-09-28T05:28:14+04:00	ck9e-whole-2	0	371965	371804	45	22544494592	1752018944	python3*36 pt_gloo_runloop*2 ZMQbg/Reaper*2 ZMQbg/IO/0*2 pt_tcpstore_uv*1 cuda0000240000a*1 
2026-09-28T05:28:14+04:00	ck9e-whole-2	0	371966	371804	39	791056384	607481856	python3*33 ZMQbg/Reaper*3 ZMQbg/IO/0*3 
2026-09-28T05:28:27+04:00	ck9e-whole-2	0	371788	363	2	14577664	12288	uv*1 main2*1 
2026-09-28T05:28:27+04:00	ck9e-whole-2	0	371804	371788	57	543207424	356491264	ft*51 ZMQbg/Reaper*3 ZMQbg/IO/0*3 
2026-09-28T05:28:27+04:00	ck9e-whole-2	0	371964	371804	1	12734464	5939200	python3*1 
2026-09-28T05:28:27+04:00	ck9e-whole-2	0	371965	371804	45	22545248256	1752772608	python3*36 pt_gloo_runloop*2 ZMQbg/Reaper*2 ZMQbg/IO/0*2 pt_tcpstore_uv*1 cuda0000240000a*1 
2026-09-28T05:28:27+04:00	ck9e-whole-2	0	371966	371804	57	791789568	608174080	python3*49 ZMQbg/Reaper*4 ZMQbg/IO/0*4 
2026-09-28T05:28:37+04:00	ck9e-whole-2	0	371788	363	2	14577664	12288	uv*1 main2*1 
2026-09-28T05:28:37+04:00	ck9e-whole-2	0	371804	371788	57	543207424	356491264	ft*51 ZMQbg/Reaper*3 ZMQbg/IO/0*3 
2026-09-28T05:28:37+04:00	ck9e-whole-2	0	371964	371804	1	12734464	5939200	python3*1 
2026-09-28T05:28:37+04:00	ck9e-whole-2	0	371965	371804	45	22545264640	1752788992	python3*36 pt_gloo_runloop*2 ZMQbg/Reaper*2 ZMQbg/IO/0*2 pt_tcpstore_uv*1 cuda0000240000a*1 
2026-09-28T05:28:38+04:00	ck9e-whole-2	0	371966	371804	57	791789568	608174080	python3*49 ZMQbg/Reaper*4 ZMQbg/IO/0*4 
2026-09-28T05:28:48+04:00	ck9e-whole-2	0	371788	363	2	14577664	12288	uv*1 main2*1 
2026-09-28T05:28:48+04:00	ck9e-whole-2	0	371804	371788	57	543318016	356601856	ft*51 ZMQbg/Reaper*3 ZMQbg/IO/0*3 
2026-09-28T05:28:48+04:00	ck9e-whole-2	0	371964	371804	1	12734464	5939200	python3*1 
2026-09-28T05:28:48+04:00	ck9e-whole-2	0	371965	371804	45	22590570496	1797001216	python3*36 pt_gloo_runloop*2 ZMQbg/Reaper*2 ZMQbg/IO/0*2 pt_tcpstore_uv*1 cuda0000240000a*1 
2026-09-28T05:28:48+04:00	ck9e-whole-2	0	371966	371804	57	791793664	608178176	python3*49 ZMQbg/Reaper*4 ZMQbg/IO/0*4 
2026-09-28T05:29:01+04:00	ck9e-whole-2	0	371788	363	2	14577664	12288	uv*1 main2*1 
2026-09-28T05:29:01+04:00	ck9e-whole-2	0	371804	371788	57	543318016	356601856	ft*51 ZMQbg/Reaper*3 ZMQbg/IO/0*3 
2026-09-28T05:29:01+04:00	ck9e-whole-2	0	371964	371804	1	12734464	5939200	python3*1 
2026-09-28T05:29:01+04:00	ck9e-whole-2	0	371965	371804	45	22590570496	1797001216	python3*36 pt_gloo_runloop*2 ZMQbg/Reaper*2 ZMQbg/IO/0*2 pt_tcpstore_uv*1 cuda0000240000a*1 
2026-09-28T05:29:02+04:00	ck9e-whole-2	0	371966	371804	57	791793664	608178176	python3*49 ZMQbg/Reaper*4 ZMQbg/IO/0*4 
2026-09-28T05:29:22+04:00	ck9s-whole-2	0	380926	363	3	25157632	6041600	uv*1 tokio-rt-worker*1 main2*1 
2026-09-28T05:29:22+04:00	ck9s-whole-2	0	380966	380926	22	698368000	422744064	ft*18 ZMQbg/Reaper*2 ZMQbg/IO/0*2 
2026-09-28T05:29:22+04:00	ck9s-whole-2	0	381237	380966	1	12828672	5939200	python3*1 
2026-09-28T05:29:22+04:00	ck9s-whole-2	0	381238	380966	24	909488128	537595904	python3*19 pt_gloo_runloop*2 pt_tcpstore_uv*1 cuda0000240000a*1 cuda-EvtHandlr*1 
2026-09-28T05:29:22+04:00	ck9s-whole-2	0	381239	380966	23	879046656	606560256	python3*17 ZMQbg/Reaper*3 ZMQbg/IO/0*3 
2026-09-28T05:29:35+04:00	ck9s-whole-2	0	380926	363	2	25288704	6041600	uv*1 main2*1 
2026-09-28T05:29:35+04:00	ck9s-whole-2	0	380966	380926	22	698376192	422752256	ft*18 ZMQbg/Reaper*2 ZMQbg/IO/0*2 
2026-09-28T05:29:35+04:00	ck9s-whole-2	0	381237	380966	1	12828672	5939200	python3*1 
2026-09-28T05:29:35+04:00	ck9s-whole-2	0	381238	380966	41	3485179904	983502848	python3*36 pt_gloo_runloop*2 pt_tcpstore_uv*1 cuda0000240000a*1 cuda-EvtHandlr*1 
2026-09-28T05:29:35+04:00	ck9s-whole-2	0	381239	380966	23	879046656	606560256	python3*17 ZMQbg/Reaper*3 ZMQbg/IO/0*3 
2026-09-28T05:29:45+04:00	ck9s-whole-2	0	380926	363	2	25288704	6041600	uv*1 main2*1 
2026-09-28T05:29:45+04:00	ck9s-whole-2	0	380966	380926	22	698376192	422752256	ft*18 ZMQbg/Reaper*2 ZMQbg/IO/0*2 
2026-09-28T05:29:45+04:00	ck9s-whole-2	0	381237	380966	1	12828672	5939200	python3*1 
2026-09-28T05:29:45+04:00	ck9s-whole-2	0	381238	380966	41	5768126464	983654400	python3*36 pt_gloo_runloop*2 pt_tcpstore_uv*1 cuda0000240000a*1 cuda-EvtHandlr*1 
2026-09-28T05:29:45+04:00	ck9s-whole-2	0	381239	380966	23	879046656	606560256	python3*17 ZMQbg/Reaper*3 ZMQbg/IO/0*3 
2026-09-28T05:29:55+04:00	ck9s-whole-2	0	380926	363	2	25288704	6041600	uv*1 main2*1 
2026-09-28T05:29:55+04:00	ck9s-whole-2	0	380966	380926	22	698380288	422756352	ft*18 ZMQbg/Reaper*2 ZMQbg/IO/0*2 
2026-09-28T05:29:55+04:00	ck9s-whole-2	0	381237	380966	1	12828672	5939200	python3*1 
2026-09-28T05:29:55+04:00	ck9s-whole-2	0	381238	380966	41	7068000256	983703552	python3*36 pt_gloo_runloop*2 pt_tcpstore_uv*1 cuda0000240000a*1 cuda-EvtHandlr*1 
2026-09-28T05:29:56+04:00	ck9s-whole-2	0	381239	380966	23	879046656	606560256	python3*17 ZMQbg/Reaper*3 ZMQbg/IO/0*3 
2026-09-28T05:30:09+04:00	ck9s-whole-2	0	380926	363	2	25288704	6041600	uv*1 main2*1 
2026-09-28T05:30:09+04:00	ck9s-whole-2	0	380966	380926	22	698380288	422756352	ft*18 ZMQbg/Reaper*2 ZMQbg/IO/0*2 
2026-09-28T05:30:09+04:00	ck9s-whole-2	0	381237	380966	1	12828672	5939200	python3*1 
2026-09-28T05:30:09+04:00	ck9s-whole-2	0	381238	380966	41	8177684480	983781376	python3*36 pt_gloo_runloop*2 pt_tcpstore_uv*1 cuda0000240000a*1 cuda-EvtHandlr*1 
2026-09-28T05:30:09+04:00	ck9s-whole-2	0	381239	380966	23	879046656	606560256	python3*17 ZMQbg/Reaper*3 ZMQbg/IO/0*3 
2026-09-28T05:30:19+04:00	ck9s-whole-2	0	380926	363	2	25288704	6041600	uv*1 main2*1 
2026-09-28T05:30:19+04:00	ck9s-whole-2	0	380966	380926	22	698380288	422756352	ft*18 ZMQbg/Reaper*2 ZMQbg/IO/0*2 
2026-09-28T05:30:19+04:00	ck9s-whole-2	0	381237	380966	1	12828672	5939200	python3*1 
2026-09-28T05:30:19+04:00	ck9s-whole-2	0	381238	380966	41	9636073472	983830528	python3*36 pt_gloo_runloop*2 pt_tcpstore_uv*1 cuda0000240000a*1 cuda-EvtHandlr*1 
2026-09-28T05:30:19+04:00	ck9s-whole-2	0	381239	380966	23	879046656	606560256	python3*17 ZMQbg/Reaper*3 ZMQbg/IO/0*3 
2026-09-28T05:30:29+04:00	ck9s-whole-2	0	380926	363	2	25288704	6041600	uv*1 main2*1 
2026-09-28T05:30:29+04:00	ck9s-whole-2	0	380966	380926	22	698380288	422756352	ft*18 ZMQbg/Reaper*2 ZMQbg/IO/0*2 
2026-09-28T05:30:29+04:00	ck9s-whole-2	0	381237	380966	1	12828672	5939200	python3*1 
2026-09-28T05:30:29+04:00	ck9s-whole-2	0	381238	380966	41	11094491136	983908352	python3*36 pt_gloo_runloop*2 pt_tcpstore_uv*1 cuda0000240000a*1 cuda-EvtHandlr*1 
2026-09-28T05:30:30+04:00	ck9s-whole-2	0	381239	380966	23	879046656	606560256	python3*17 ZMQbg/Reaper*3 ZMQbg/IO/0*3 
2026-09-28T05:30:43+04:00	ck9s-whole-2	0	380926	363	2	25288704	6041600	uv*1 main2*1 
2026-09-28T05:30:43+04:00	ck9s-whole-2	0	380966	380926	22	698384384	422760448	ft*18 ZMQbg/Reaper*2 ZMQbg/IO/0*2 
2026-09-28T05:30:43+04:00	ck9s-whole-2	0	381237	380966	1	12828672	5939200	python3*1 
2026-09-28T05:30:43+04:00	ck9s-whole-2	0	381238	380966	41	13884506112	984055808	python3*36 pt_gloo_runloop*2 pt_tcpstore_uv*1 cuda0000240000a*1 cuda-EvtHandlr*1 
2026-09-28T05:30:43+04:00	ck9s-whole-2	0	381239	380966	23	879046656	606560256	python3*17 ZMQbg/Reaper*3 ZMQbg/IO/0*3 
2026-09-28T05:30:53+04:00	ck9s-whole-2	0	380926	363	2	25280512	6041600	uv*1 main2*1 
2026-09-28T05:30:53+04:00	ck9s-whole-2	0	380966	380926	22	698335232	422760448	ft*18 ZMQbg/Reaper*2 ZMQbg/IO/0*2 
2026-09-28T05:30:53+04:00	ck9s-whole-2	0	381237	380966	1	12828672	5939200	python3*1 
2026-09-28T05:30:53+04:00	ck9s-whole-2	0	381238	380966	41	17553268736	984231936	python3*36 pt_gloo_runloop*2 pt_tcpstore_uv*1 cuda0000240000a*1 cuda-EvtHandlr*1 
2026-09-28T05:30:53+04:00	ck9s-whole-2	0	381239	380966	23	879034368	606560256	python3*17 ZMQbg/Reaper*3 ZMQbg/IO/0*3 
2026-09-28T05:31:03+04:00	ck9s-whole-2	0	380926	363	2	22343680	6041600	uv*1 main2*1 
2026-09-28T05:31:03+04:00	ck9s-whole-2	0	380966	380926	22	696266752	422760448	ft*18 ZMQbg/Reaper*2 ZMQbg/IO/0*2 
2026-09-28T05:31:03+04:00	ck9s-whole-2	0	381237	380966	1	12812288	5939200	python3*1 
2026-09-28T05:31:03+04:00	ck9s-whole-2	0	381238	380966	41	18770849792	984293376	python3*36 pt_gloo_runloop*2 pt_tcpstore_uv*1 cuda0000240000a*1 cuda-EvtHandlr*1 
2026-09-28T05:31:04+04:00	ck9s-whole-2	0	381239	380966	23	877248512	606560256	python3*17 ZMQbg/Reaper*3 ZMQbg/IO/0*3 
2026-09-28T05:31:17+04:00	ck9s-whole-2	0	380926	363	2	22315008	6041600	uv*1 main2*1 
2026-09-28T05:31:17+04:00	ck9s-whole-2	0	380966	380926	22	695578624	422760448	ft*18 ZMQbg/Reaper*2 ZMQbg/IO/0*2 
2026-09-28T05:31:17+04:00	ck9s-whole-2	0	381237	380966	1	12808192	5939200	python3*1 
2026-09-28T05:31:17+04:00	ck9s-whole-2	0	381238	380966	41	20316934144	984383488	python3*36 pt_gloo_runloop*2 pt_tcpstore_uv*1 cuda0000240000a*1 cuda-EvtHandlr*1 
2026-09-28T05:31:17+04:00	ck9s-whole-2	0	381239	380966	23	876453888	606560256	python3*17 ZMQbg/Reaper*3 ZMQbg/IO/0*3 
2026-09-28T05:31:27+04:00	ck9s-whole-2	0	380926	363	2	22306816	6041600	uv*1 main2*1 
2026-09-28T05:31:27+04:00	ck9s-whole-2	0	380966	380926	22	693755904	422760448	ft*18 ZMQbg/Reaper*2 ZMQbg/IO/0*2 
2026-09-28T05:31:27+04:00	ck9s-whole-2	0	381237	380966	1	12759040	5939200	python3*1 
2026-09-28T05:31:27+04:00	ck9s-whole-2	0	381238	380966	41	21615472640	984432640	python3*36 pt_gloo_runloop*2 pt_tcpstore_uv*1 cuda0000240000a*1 cuda-EvtHandlr*1 
2026-09-28T05:31:28+04:00	ck9s-whole-2	0	381239	380966	23	874778624	606560256	python3*17 ZMQbg/Reaper*3 ZMQbg/IO/0*3 
2026-09-28T05:31:38+04:00	ck9s-whole-2	0	380926	363	2	21524480	6041600	uv*1 main2*1 
2026-09-28T05:31:38+04:00	ck9s-whole-2	0	380966	380926	22	693575680	422760448	ft*18 ZMQbg/Reaper*2 ZMQbg/IO/0*2 
2026-09-28T05:31:38+04:00	ck9s-whole-2	0	381237	380966	1	12759040	5939200	python3*1 
2026-09-28T05:31:38+04:00	ck9s-whole-2	0	381238	380966	41	22565498880	984481792	python3*36 pt_gloo_runloop*2 pt_tcpstore_uv*1 cuda0000240000a*1 cuda-EvtHandlr*1 
2026-09-28T05:31:38+04:00	ck9s-whole-2	0	381239	380966	23	874356736	606560256	python3*17 ZMQbg/Reaper*3 ZMQbg/IO/0*3 
2026-09-28T05:31:51+04:00	ck9s-whole-2	0	380926	363	2	21389312	6041600	uv*1 main2*1 
2026-09-28T05:31:51+04:00	ck9s-whole-2	0	380966	380926	22	686280704	422760448	ft*18 ZMQbg/Reaper*2 ZMQbg/IO/0*2 
2026-09-28T05:31:51+04:00	ck9s-whole-2	0	381237	380966	1	12754944	5939200	python3*1 
2026-09-28T05:31:51+04:00	ck9s-whole-2	0	381238	380966	41	23363215360	967274496	python3*36 pt_gloo_runloop*2 pt_tcpstore_uv*1 cuda0000240000a*1 cuda-EvtHandlr*1 
2026-09-28T05:31:52+04:00	ck9s-whole-2	0	381239	380966	23	867188736	606560256	python3*17 ZMQbg/Reaper*3 ZMQbg/IO/0*3 
2026-09-28T05:32:02+04:00	ck9s-whole-2	0	380926	363	2	21389312	6041600	uv*1 main2*1 
2026-09-28T05:32:02+04:00	ck9s-whole-2	0	380966	380926	22	685539328	422776832	ft*18 ZMQbg/Reaper*2 ZMQbg/IO/0*2 
2026-09-28T05:32:02+04:00	ck9s-whole-2	0	381237	380966	1	12754944	5939200	python3*1 
2026-09-28T05:32:02+04:00	ck9s-whole-2	0	381238	380966	45	22845059072	1990283264	python3*36 pt_gloo_runloop*2 ZMQbg/Reaper*2 ZMQbg/IO/0*2 pt_tcpstore_uv*1 cuda0000240000a*1 
2026-09-28T05:32:02+04:00	ck9s-whole-2	0	381239	380966	23	866328576	606605312	python3*17 ZMQbg/Reaper*3 ZMQbg/IO/0*3 
2026-09-28T05:32:12+04:00	ck9s-whole-2	0	380926	363	2	21389312	6041600	uv*1 main2*1 
2026-09-28T05:32:12+04:00	ck9s-whole-2	0	380966	380926	39	892649472	622186496	ft*35 ZMQbg/Reaper*2 ZMQbg/IO/0*2 
2026-09-28T05:32:12+04:00	ck9s-whole-2	0	381237	380966	1	12754944	5939200	python3*1 
2026-09-28T05:32:12+04:00	ck9s-whole-2	0	381238	380966	45	22849744896	1990483968	python3*36 pt_gloo_runloop*2 ZMQbg/Reaper*2 ZMQbg/IO/0*2 pt_tcpstore_uv*1 cuda0000240000a*1 
2026-09-28T05:32:12+04:00	ck9s-whole-2	0	381239	380966	39	872480768	607248384	python3*33 ZMQbg/Reaper*3 ZMQbg/IO/0*3 
2026-09-28T05:32:26+04:00	ck9s-whole-2	0	380926	363	2	21389312	6041600	uv*1 main2*1 
2026-09-28T05:32:26+04:00	ck9s-whole-2	0	380966	380926	39	892649472	622186496	ft*35 ZMQbg/Reaper*2 ZMQbg/IO/0*2 
2026-09-28T05:32:26+04:00	ck9s-whole-2	0	381237	380966	1	12754944	5939200	python3*1 
2026-09-28T05:32:26+04:00	ck9s-whole-2	0	381238	380966	45	22849744896	1990483968	python3*36 pt_gloo_runloop*2 ZMQbg/Reaper*2 ZMQbg/IO/0*2 pt_tcpstore_uv*1 cuda0000240000a*1 
2026-09-28T05:32:26+04:00	ck9s-whole-2	0	381239	380966	39	872480768	607248384	python3*33 ZMQbg/Reaper*3 ZMQbg/IO/0*3 
2026-09-28T05:32:36+04:00	ck9s-whole-2	1	380926	363	2	21356544	6041600	uv*1 main2*1 
2026-09-28T05:32:36+04:00	ck9s-whole-2	1	380966	380926	57	895164416	624656384	ft*51 ZMQbg/Reaper*3 ZMQbg/IO/0*3 
2026-09-28T05:32:36+04:00	ck9s-whole-2	1	381237	380966	1	12754944	5939200	python3*1 
2026-09-28T05:32:36+04:00	ck9s-whole-2	1	381238	380966	45	22849490944	1990832128	python3*36 pt_gloo_runloop*2 ZMQbg/Reaper*2 ZMQbg/IO/0*2 pt_tcpstore_uv*1 cuda0000240000a*1 
2026-09-28T05:32:37+04:00	ck9s-whole-2	1	381239	380966	57	873639936	608395264	python3*49 ZMQbg/Reaper*4 ZMQbg/IO/0*4 
2026-09-28T05:32:47+04:00	ck9s-whole-2	1	380926	363	2	21131264	6041600	uv*1 main2*1 
2026-09-28T05:32:47+04:00	ck9s-whole-2	1	380966	380926	57	893390848	624656384	ft*51 ZMQbg/Reaper*3 ZMQbg/IO/0*3 
2026-09-28T05:32:47+04:00	ck9s-whole-2	1	381237	380966	1	12754944	5939200	python3*1 
2026-09-28T05:32:47+04:00	ck9s-whole-2	1	381238	380966	45	22845255680	2020470784	python3*36 pt_gloo_runloop*2 ZMQbg/Reaper*2 ZMQbg/IO/0*2 pt_tcpstore_uv*1 cuda0000240000a*1 
2026-09-28T05:32:47+04:00	ck9s-whole-2	1	381239	380966	57	871878656	608395264	python3*49 ZMQbg/Reaper*4 ZMQbg/IO/0*4 
2026-09-28T05:32:57+04:00	ck9s-whole-2	3	380926	363	2	21131264	6041600	uv*1 main2*1 
2026-09-28T05:32:57+04:00	ck9s-whole-2	3	380966	380926	57	893472768	624738304	ft*51 ZMQbg/Reaper*3 ZMQbg/IO/0*3 
2026-09-28T05:32:57+04:00	ck9s-whole-2	3	381237	380966	1	12754944	5939200	python3*1 
2026-09-28T05:32:57+04:00	ck9s-whole-2	3	381238	380966	45	22887657472	2032193536	python3*36 pt_gloo_runloop*2 ZMQbg/Reaper*2 ZMQbg/IO/0*2 pt_tcpstore_uv*1 cuda0000240000a*1 
2026-09-28T05:32:58+04:00	ck9s-whole-2	3	381239	380966	57	871878656	608395264	python3*49 ZMQbg/Reaper*4 ZMQbg/IO/0*4 
2026-09-28T05:33:11+04:00	ck9s-whole-2	4	380926	363	2	14450688	20480	uv*1 main2*1 
2026-09-28T05:33:11+04:00	ck9s-whole-2	4	380966	380926	57	923402240	659173376	ft*51 ZMQbg/Reaper*3 ZMQbg/IO/0*3 
2026-09-28T05:33:11+04:00	ck9s-whole-2	4	381237	380966	1	12754944	5939200	python3*1 
2026-09-28T05:33:11+04:00	ck9s-whole-2	4	381238	380966	45	22881824768	2032402432	python3*36 pt_gloo_runloop*2 ZMQbg/Reaper*2 ZMQbg/IO/0*2 pt_tcpstore_uv*1 cuda0000240000a*1 
2026-09-28T05:33:12+04:00	ck9s-whole-2	4	381239	380966	57	867684352	608395264	python3*49 ZMQbg/Reaper*4 ZMQbg/IO/0*4 
2026-09-28T05:33:32+04:00	ck9e-mirror-2	0	402282	363	3	25038848	6053888	uv*1 tokio-rt-worker*1 main2*1 
2026-09-28T05:33:32+04:00	ck9e-mirror-2	0	402334	402282	22	700420096	422744064	ft*18 ZMQbg/Reaper*2 ZMQbg/IO/0*2 
2026-09-28T05:33:32+04:00	ck9e-mirror-2	0	402470	402334	1	12795904	5939200	python3*1 
2026-09-28T05:33:32+04:00	ck9e-mirror-2	0	402471	402334	25	2707083264	864579584	python3*20 pt_gloo_runloop*2 pt_tcpstore_uv*1 cuda0000240000a*1 cuda-EvtHandlr*1 
2026-09-28T05:33:32+04:00	ck9e-mirror-2	0	402472	402334	23	879075328	606601216	python3*17 ZMQbg/Reaper*3 ZMQbg/IO/0*3 
2026-09-28T05:33:45+04:00	ck9e-mirror-2	0	402282	363	2	25169920	6053888	uv*1 main2*1 
2026-09-28T05:33:45+04:00	ck9e-mirror-2	0	402334	402282	22	700428288	422752256	ft*18 ZMQbg/Reaper*2 ZMQbg/IO/0*2 
2026-09-28T05:33:45+04:00	ck9e-mirror-2	0	402470	402334	1	12795904	5939200	python3*1 
2026-09-28T05:33:45+04:00	ck9e-mirror-2	0	402471	402334	40	17434996736	15343198208	python3*35 pt_gloo_runloop*2 pt_tcpstore_uv*1 cuda0000240000a*1 cuda-EvtHandlr*1 
2026-09-28T05:33:45+04:00	ck9e-mirror-2	0	402472	402334	23	879075328	606601216	python3*17 ZMQbg/Reaper*3 ZMQbg/IO/0*3 
2026-09-28T05:33:55+04:00	ck9e-mirror-2	0	402282	363	2	25169920	6053888	uv*1 main2*1 
2026-09-28T05:33:55+04:00	ck9e-mirror-2	0	402334	402282	22	700432384	422756352	ft*18 ZMQbg/Reaper*2 ZMQbg/IO/0*2 
2026-09-28T05:33:55+04:00	ck9e-mirror-2	0	402470	402334	1	12795904	5939200	python3*1 
2026-09-28T05:33:55+04:00	ck9e-mirror-2	0	402471	402334	40	17467564032	15343230976	python3*35 pt_gloo_runloop*2 pt_tcpstore_uv*1 cuda0000240000a*1 cuda-EvtHandlr*1 
2026-09-28T05:33:56+04:00	ck9e-mirror-2	0	402472	402334	23	879075328	606601216	python3*17 ZMQbg/Reaper*3 ZMQbg/IO/0*3 
2026-09-28T05:34:06+04:00	ck9e-mirror-2	0	402282	363	2	25169920	6053888	uv*1 main2*1 
2026-09-28T05:34:06+04:00	ck9e-mirror-2	0	402334	402282	22	700436480	422760448	ft*18 ZMQbg/Reaper*2 ZMQbg/IO/0*2 
2026-09-28T05:34:06+04:00	ck9e-mirror-2	0	402470	402334	1	12795904	5939200	python3*1 
2026-09-28T05:34:06+04:00	ck9e-mirror-2	0	402471	402334	40	17555484672	15429697536	python3*35 pt_gloo_runloop*2 pt_tcpstore_uv*1 cuda0000240000a*1 cuda-EvtHandlr*1 
2026-09-28T05:34:06+04:00	ck9e-mirror-2	0	402472	402334	23	879075328	606601216	python3*17 ZMQbg/Reaper*3 ZMQbg/IO/0*3 
2026-09-28T05:34:19+04:00	ck9e-mirror-2	0	402282	363	2	25169920	6053888	uv*1 main2*1 
2026-09-28T05:34:19+04:00	ck9e-mirror-2	0	402334	402282	22	700436480	422760448	ft*18 ZMQbg/Reaper*2 ZMQbg/IO/0*2 
2026-09-28T05:34:19+04:00	ck9e-mirror-2	0	402470	402334	1	12795904	5939200	python3*1 
2026-09-28T05:34:19+04:00	ck9e-mirror-2	0	402471	402334	41	17557942272	15429771264	python3*36 pt_gloo_runloop*2 pt_tcpstore_uv*1 cuda0000240000a*1 cuda-EvtHandlr*1 
2026-09-28T05:34:19+04:00	ck9e-mirror-2	0	402472	402334	23	879075328	606601216	python3*17 ZMQbg/Reaper*3 ZMQbg/IO/0*3 
2026-09-28T05:34:29+04:00	ck9e-mirror-2	0	402282	363	2	25169920	6053888	uv*1 main2*1 
2026-09-28T05:34:29+04:00	ck9e-mirror-2	0	402334	402282	22	700440576	422764544	ft*18 ZMQbg/Reaper*2 ZMQbg/IO/0*2 
2026-09-28T05:34:29+04:00	ck9e-mirror-2	0	402470	402334	1	12795904	5939200	python3*1 
2026-09-28T05:34:29+04:00	ck9e-mirror-2	0	402471	402334	41	16340226048	15750787072	python3*36 pt_gloo_runloop*2 pt_tcpstore_uv*1 cuda0000240000a*1 cuda-EvtHandlr*1 
2026-09-28T05:34:29+04:00	ck9e-mirror-2	0	402472	402334	23	879075328	606601216	python3*17 ZMQbg/Reaper*3 ZMQbg/IO/0*3 
2026-09-28T05:34:40+04:00	ck9e-mirror-2	0	402282	363	2	25169920	6053888	uv*1 main2*1 
2026-09-28T05:34:40+04:00	ck9e-mirror-2	0	402334	402282	22	700440576	422764544	ft*18 ZMQbg/Reaper*2 ZMQbg/IO/0*2 
2026-09-28T05:34:40+04:00	ck9e-mirror-2	0	402470	402334	1	12795904	5939200	python3*1 
2026-09-28T05:34:40+04:00	ck9e-mirror-2	0	402471	402334	41	16598568960	15997804544	python3*36 pt_gloo_runloop*2 pt_tcpstore_uv*1 cuda0000240000a*1 cuda-EvtHandlr*1 
2026-09-28T05:34:40+04:00	ck9e-mirror-2	0	402472	402334	23	879075328	606601216	python3*17 ZMQbg/Reaper*3 ZMQbg/IO/0*3 
2026-09-28T05:34:53+04:00	ck9e-mirror-2	0	402282	363	2	25169920	6053888	uv*1 main2*1 
2026-09-28T05:34:53+04:00	ck9e-mirror-2	0	402334	402282	22	700440576	422764544	ft*18 ZMQbg/Reaper*2 ZMQbg/IO/0*2 
2026-09-28T05:34:53+04:00	ck9e-mirror-2	0	402470	402334	1	12795904	5939200	python3*1 
2026-09-28T05:34:53+04:00	ck9e-mirror-2	0	402471	402334	41	16611516416	16010178560	python3*36 pt_gloo_runloop*2 pt_tcpstore_uv*1 cuda0000240000a*1 cuda-EvtHandlr*1 
2026-09-28T05:34:53+04:00	ck9e-mirror-2	0	402472	402334	23	879075328	606601216	python3*17 ZMQbg/Reaper*3 ZMQbg/IO/0*3 
2026-09-28T05:35:04+04:00	ck9e-mirror-2	0	402282	363	2	25169920	6053888	uv*1 main2*1 
2026-09-28T05:35:04+04:00	ck9e-mirror-2	0	402334	402282	22	700506112	422785024	ft*18 ZMQbg/Reaper*2 ZMQbg/IO/0*2 
2026-09-28T05:35:04+04:00	ck9e-mirror-2	0	402470	402334	1	12795904	5939200	python3*1 
2026-09-28T05:35:04+04:00	ck9e-mirror-2	0	402471	402334	45	16819724288	16214913024	python3*36 pt_gloo_runloop*2 ZMQbg/Reaper*2 ZMQbg/IO/0*2 pt_tcpstore_uv*1 cuda0000240000a*1 
2026-09-28T05:35:04+04:00	ck9e-mirror-2	0	402472	402334	23	879165440	606646272	python3*17 ZMQbg/Reaper*3 ZMQbg/IO/0*3 
2026-09-28T05:35:14+04:00	ck9e-mirror-2	0	402282	363	2	25169920	6053888	uv*1 main2*1 
2026-09-28T05:35:14+04:00	ck9e-mirror-2	0	402334	402282	39	905768960	622186496	ft*35 ZMQbg/Reaper*2 ZMQbg/IO/0*2 
2026-09-28T05:35:14+04:00	ck9e-mirror-2	0	402470	402334	1	12795904	5939200	python3*1 
2026-09-28T05:35:14+04:00	ck9e-mirror-2	0	402471	402334	45	16823496704	16215027712	python3*36 pt_gloo_runloop*2 ZMQbg/Reaper*2 ZMQbg/IO/0*2 pt_tcpstore_uv*1 cuda0000240000a*1 
2026-09-28T05:35:14+04:00	ck9e-mirror-2	0	402472	402334	39	883023872	607272960	python3*33 ZMQbg/Reaper*3 ZMQbg/IO/0*3 
2026-09-28T05:35:28+04:00	ck9e-mirror-2	0	402282	363	2	25169920	6053888	uv*1 main2*1 
2026-09-28T05:35:28+04:00	ck9e-mirror-2	0	402334	402282	39	905768960	622186496	ft*35 ZMQbg/Reaper*2 ZMQbg/IO/0*2 
2026-09-28T05:35:28+04:00	ck9e-mirror-2	0	402470	402334	1	12795904	5939200	python3*1 
2026-09-28T05:35:28+04:00	ck9e-mirror-2	0	402471	402334	45	16823496704	16215027712	python3*36 pt_gloo_runloop*2 ZMQbg/Reaper*2 ZMQbg/IO/0*2 pt_tcpstore_uv*1 cuda0000240000a*1 
2026-09-28T05:35:28+04:00	ck9e-mirror-2	0	402472	402334	39	883023872	607272960	python3*33 ZMQbg/Reaper*3 ZMQbg/IO/0*3 
2026-09-28T05:35:38+04:00	ck9e-mirror-2	0	402282	363	2	25169920	6053888	uv*1 main2*1 
2026-09-28T05:35:38+04:00	ck9e-mirror-2	0	402334	402282	57	908296192	624713728	ft*51 ZMQbg/Reaper*3 ZMQbg/IO/0*3 
2026-09-28T05:35:38+04:00	ck9e-mirror-2	0	402470	402334	1	12795904	5939200	python3*1 
2026-09-28T05:35:38+04:00	ck9e-mirror-2	0	402471	402334	45	16823808000	16215339008	python3*36 pt_gloo_runloop*2 ZMQbg/Reaper*2 ZMQbg/IO/0*2 pt_tcpstore_uv*1 cuda0000240000a*1 
2026-09-28T05:35:38+04:00	ck9e-mirror-2	0	402472	402334	57	884072448	608321536	python3*49 ZMQbg/Reaper*4 ZMQbg/IO/0*4 
2026-09-28T05:35:48+04:00	ck9e-mirror-2	0	402282	363	2	25169920	6053888	uv*1 main2*1 
2026-09-28T05:35:48+04:00	ck9e-mirror-2	0	402334	402282	57	908300288	624717824	ft*51 ZMQbg/Reaper*3 ZMQbg/IO/0*3 
2026-09-28T05:35:48+04:00	ck9e-mirror-2	0	402470	402334	1	12795904	5939200	python3*1 
2026-09-28T05:35:48+04:00	ck9e-mirror-2	0	402471	402334	45	16823808000	16215339008	python3*36 pt_gloo_runloop*2 ZMQbg/Reaper*2 ZMQbg/IO/0*2 pt_tcpstore_uv*1 cuda0000240000a*1 
2026-09-28T05:35:48+04:00	ck9e-mirror-2	0	402472	402334	57	884072448	608321536	python3*49 ZMQbg/Reaper*4 ZMQbg/IO/0*4 
2026-09-28T05:36:01+04:00	ck9e-mirror-2	0	402282	363	2	25169920	6053888	uv*1 main2*1 
2026-09-28T05:36:01+04:00	ck9e-mirror-2	0	402334	402282	57	908382208	624799744	ft*51 ZMQbg/Reaper*3 ZMQbg/IO/0*3 
2026-09-28T05:36:01+04:00	ck9e-mirror-2	0	402470	402334	1	12795904	5939200	python3*1 
2026-09-28T05:36:02+04:00	ck9e-mirror-2	0	402471	402334	45	16868397056	16258838528	python3*36 pt_gloo_runloop*2 ZMQbg/Reaper*2 ZMQbg/IO/0*2 pt_tcpstore_uv*1 cuda0000240000a*1 
2026-09-28T05:36:02+04:00	ck9e-mirror-2	0	402472	402334	57	884072448	608321536	python3*49 ZMQbg/Reaper*4 ZMQbg/IO/0*4 
2026-09-28T05:36:12+04:00	ck9e-mirror-2	0	402282	363	2	25169920	6053888	uv*1 main2*1 
2026-09-28T05:36:12+04:00	ck9e-mirror-2	0	402334	402282	57	991014912	707432448	ft*51 ZMQbg/Reaper*3 ZMQbg/IO/0*3 
2026-09-28T05:36:12+04:00	ck9e-mirror-2	0	402470	402334	1	12795904	5939200	python3*1 
2026-09-28T05:36:12+04:00	ck9e-mirror-2	0	402471	402334	45	16868397056	16258838528	python3*36 pt_gloo_runloop*2 ZMQbg/Reaper*2 ZMQbg/IO/0*2 pt_tcpstore_uv*1 cuda0000240000a*1 
2026-09-28T05:36:12+04:00	ck9e-mirror-2	0	402472	402334	57	884072448	608321536	python3*49 ZMQbg/Reaper*4 ZMQbg/IO/0*4 
2026-09-28T05:37:05+04:00	ck9e-whole-3	0	424143	363	3	25907200	6066176	uv*1 tokio-rt-worker*1 main2*1 
2026-09-28T05:37:05+04:00	ck9e-whole-3	0	424227	424143	22	701267968	422723584	ft*18 ZMQbg/Reaper*2 ZMQbg/IO/0*2 
2026-09-28T05:37:06+04:00	ck9e-whole-3	0	424444	424227	1	12779520	5939200	python3*1 
2026-09-28T05:37:06+04:00	ck9e-whole-3	0	424445	424227	24	1075646464	605278208	python3*19 pt_gloo_runloop*2 pt_tcpstore_uv*1 cuda0000240000a*1 cuda-EvtHandlr*1 
2026-09-28T05:37:06+04:00	ck9e-whole-3	0	424446	424227	23	884666368	606625792	python3*17 ZMQbg/Reaper*3 ZMQbg/IO/0*3 
2026-09-28T05:37:19+04:00	ck9e-whole-3	0	424143	363	2	26038272	6066176	uv*1 main2*1 
2026-09-28T05:37:19+04:00	ck9e-whole-3	0	424227	424143	22	701284352	422739968	ft*18 ZMQbg/Reaper*2 ZMQbg/IO/0*2 
2026-09-28T05:37:19+04:00	ck9e-whole-3	0	424444	424227	1	12779520	5939200	python3*1 
2026-09-28T05:37:19+04:00	ck9e-whole-3	0	424445	424227	41	3298615296	979705856	python3*36 pt_gloo_runloop*2 pt_tcpstore_uv*1 cuda0000240000a*1 cuda-EvtHandlr*1 
2026-09-28T05:37:19+04:00	ck9e-whole-3	0	424446	424227	23	884666368	606625792	python3*17 ZMQbg/Reaper*3 ZMQbg/IO/0*3 
2026-09-28T05:37:29+04:00	ck9e-whole-3	0	424143	363	2	26038272	6066176	uv*1 main2*1 
2026-09-28T05:37:29+04:00	ck9e-whole-3	0	424227	424143	22	701288448	422744064	ft*18 ZMQbg/Reaper*2 ZMQbg/IO/0*2 
2026-09-28T05:37:29+04:00	ck9e-whole-3	0	424444	424227	1	12779520	5939200	python3*1 
2026-09-28T05:37:29+04:00	ck9e-whole-3	0	424445	424227	41	10939629568	980111360	python3*36 pt_gloo_runloop*2 pt_tcpstore_uv*1 cuda0000240000a*1 cuda-EvtHandlr*1 
2026-09-28T05:37:29+04:00	ck9e-whole-3	0	424446	424227	23	884666368	606625792	python3*17 ZMQbg/Reaper*3 ZMQbg/IO/0*3 
2026-09-28T05:37:39+04:00	ck9e-whole-3	0	424143	363	2	25845760	6066176	uv*1 main2*1 
2026-09-28T05:37:39+04:00	ck9e-whole-3	0	424227	424143	22	696258560	422744064	ft*18 ZMQbg/Reaper*2 ZMQbg/IO/0*2 
2026-09-28T05:37:39+04:00	ck9e-whole-3	0	424444	424227	1	12775424	5939200	python3*1 
2026-09-28T05:37:39+04:00	ck9e-whole-3	0	424445	424227	41	15500058624	980336640	python3*36 pt_gloo_runloop*2 pt_tcpstore_uv*1 cuda0000240000a*1 cuda-EvtHandlr*1 
2026-09-28T05:37:39+04:00	ck9e-whole-3	0	424446	424227	23	879616000	606625792	python3*17 ZMQbg/Reaper*3 ZMQbg/IO/0*3 
2026-09-28T05:37:52+04:00	ck9e-whole-3	0	424143	363	2	25714688	6066176	uv*1 main2*1 
2026-09-28T05:37:52+04:00	ck9e-whole-3	0	424227	424143	22	692236288	422744064	ft*18 ZMQbg/Reaper*2 ZMQbg/IO/0*2 
2026-09-28T05:37:52+04:00	ck9e-whole-3	0	424444	424227	1	12705792	5939200	python3*1 
2026-09-28T05:37:52+04:00	ck9e-whole-3	0	424445	424227	41	20622659584	980586496	python3*36 pt_gloo_runloop*2 pt_tcpstore_uv*1 cuda0000240000a*1 cuda-EvtHandlr*1 
2026-09-28T05:37:53+04:00	ck9e-whole-3	0	424446	424227	23	875565056	606625792	python3*17 ZMQbg/Reaper*3 ZMQbg/IO/0*3 
2026-09-28T05:38:03+04:00	ck9e-whole-3	0	424143	363	2	25001984	6066176	uv*1 main2*1 
2026-09-28T05:38:03+04:00	ck9e-whole-3	0	424227	424143	22	648167424	422744064	ft*18 ZMQbg/Reaper*2 ZMQbg/IO/0*2 
2026-09-28T05:38:03+04:00	ck9e-whole-3	0	424444	424227	1	12701696	5939200	python3*1 
2026-09-28T05:38:03+04:00	ck9e-whole-3	0	424445	424227	41	23643643904	1191817216	python3*36 pt_gloo_runloop*2 pt_tcpstore_uv*1 cuda0000240000a*1 cuda-EvtHandlr*1 
2026-09-28T05:38:03+04:00	ck9e-whole-3	0	424446	424227	23	831528960	606625792	python3*17 ZMQbg/Reaper*3 ZMQbg/IO/0*3 
2026-09-28T05:38:13+04:00	ck9e-whole-3	0	424143	363	2	25001984	6066176	uv*1 main2*1 
2026-09-28T05:38:13+04:00	ck9e-whole-3	0	424227	424143	39	853422080	621154304	ft*35 ZMQbg/Reaper*2 ZMQbg/IO/0*2 
2026-09-28T05:38:13+04:00	ck9e-whole-3	0	424444	424227	1	12701696	5939200	python3*1 
2026-09-28T05:38:13+04:00	ck9e-whole-3	0	424445	424227	45	22589087744	1750679552	python3*36 pt_gloo_runloop*2 ZMQbg/Reaper*2 ZMQbg/IO/0*2 pt_tcpstore_uv*1 cuda0000240000a*1 
2026-09-28T05:38:13+04:00	ck9e-whole-3	0	424446	424227	39	836616192	607297536	python3*33 ZMQbg/Reaper*3 ZMQbg/IO/0*3 
2026-09-28T05:38:27+04:00	ck9e-whole-3	0	424143	363	2	25001984	6066176	uv*1 main2*1 
2026-09-28T05:38:27+04:00	ck9e-whole-3	0	424227	424143	39	853422080	621154304	ft*35 ZMQbg/Reaper*2 ZMQbg/IO/0*2 
2026-09-28T05:38:27+04:00	ck9e-whole-3	0	424444	424227	1	12701696	5939200	python3*1 
2026-09-28T05:38:27+04:00	ck9e-whole-3	0	424445	424227	45	22589087744	1750679552	python3*36 pt_gloo_runloop*2 ZMQbg/Reaper*2 ZMQbg/IO/0*2 pt_tcpstore_uv*1 cuda0000240000a*1 
2026-09-28T05:38:27+04:00	ck9e-whole-3	0	424446	424227	39	836616192	607297536	python3*33 ZMQbg/Reaper*3 ZMQbg/IO/0*3 
2026-09-28T05:38:37+04:00	ck9e-whole-3	0	424143	363	2	25001984	6066176	uv*1 main2*1 
2026-09-28T05:38:37+04:00	ck9e-whole-3	0	424227	424143	39	853520384	621252608	ft*35 ZMQbg/Reaper*2 ZMQbg/IO/0*2 
2026-09-28T05:38:37+04:00	ck9e-whole-3	0	424444	424227	1	12701696	5939200	python3*1 
2026-09-28T05:38:37+04:00	ck9e-whole-3	0	424445	424227	45	22589370368	1750962176	python3*36 pt_gloo_runloop*2 ZMQbg/Reaper*2 ZMQbg/IO/0*2 pt_tcpstore_uv*1 cuda0000240000a*1 
2026-09-28T05:38:37+04:00	ck9e-whole-3	0	424446	424227	39	836644864	607326208	python3*33 ZMQbg/Reaper*3 ZMQbg/IO/0*3 
2026-09-28T05:38:47+04:00	ck9e-whole-3	0	424143	363	2	25001984	6066176	uv*1 main2*1 
2026-09-28T05:38:47+04:00	ck9e-whole-3	0	424227	424143	57	855998464	623599616	ft*51 ZMQbg/Reaper*3 ZMQbg/IO/0*3 
2026-09-28T05:38:47+04:00	ck9e-whole-3	0	424444	424227	1	12701696	5939200	python3*1 
2026-09-28T05:38:47+04:00	ck9e-whole-3	0	424445	424227	45	22589657088	1751248896	python3*36 pt_gloo_runloop*2 ZMQbg/Reaper*2 ZMQbg/IO/0*2 pt_tcpstore_uv*1 cuda0000240000a*1 
2026-09-28T05:38:47+04:00	ck9e-whole-3	0	424446	424227	57	837939200	608526336	python3*49 ZMQbg/Reaper*4 ZMQbg/IO/0*4 
2026-09-28T05:39:00+04:00	ck9e-whole-3	0	424143	363	2	25001984	6066176	uv*1 main2*1 
2026-09-28T05:39:00+04:00	ck9e-whole-3	0	424227	424143	57	856117248	623718400	ft*51 ZMQbg/Reaper*3 ZMQbg/IO/0*3 
2026-09-28T05:39:00+04:00	ck9e-whole-3	0	424444	424227	1	12701696	5939200	python3*1 
2026-09-28T05:39:00+04:00	ck9e-whole-3	0	424445	424227	45	22634491904	1794949120	python3*36 pt_gloo_runloop*2 ZMQbg/Reaper*2 ZMQbg/IO/0*2 pt_tcpstore_uv*1 cuda0000240000a*1 
2026-09-28T05:39:00+04:00	ck9e-whole-3	0	424446	424227	57	837939200	608526336	python3*49 ZMQbg/Reaper*4 ZMQbg/IO/0*4 
2026-09-28T05:39:11+04:00	ck9e-whole-3	0	424143	363	2	25001984	6066176	uv*1 main2*1 
2026-09-28T05:39:11+04:00	ck9e-whole-3	0	424227	424143	57	856117248	623718400	ft*51 ZMQbg/Reaper*3 ZMQbg/IO/0*3 
2026-09-28T05:39:11+04:00	ck9e-whole-3	0	424444	424227	1	12701696	5939200	python3*1 
2026-09-28T05:39:11+04:00	ck9e-whole-3	0	424445	424227	45	22634491904	1794949120	python3*36 pt_gloo_runloop*2 ZMQbg/Reaper*2 ZMQbg/IO/0*2 pt_tcpstore_uv*1 cuda0000240000a*1 
2026-09-28T05:39:11+04:00	ck9e-whole-3	0	424446	424227	57	837939200	608526336	python3*49 ZMQbg/Reaper*4 ZMQbg/IO/0*4 
2026-09-28T05:39:34+04:00	ck9s-mirror-2	0	434713	363	3	25718784	6053888	uv*1 tokio-rt-worker*1 main2*1 
2026-09-28T05:39:34+04:00	ck9s-mirror-2	0	434730	434713	16	695361536	418222080	ft*16 
2026-09-28T05:39:44+04:00	ck9s-mirror-2	0	434713	363	2	25849856	6053888	uv*1 main2*1 
2026-09-28T05:39:44+04:00	ck9s-mirror-2	0	434730	434713	22	700944384	422752256	ft*18 ZMQbg/Reaper*2 ZMQbg/IO/0*2 
2026-09-28T05:39:44+04:00	ck9s-mirror-2	0	435123	434730	1	12804096	5939200	python3*1 
2026-09-28T05:39:44+04:00	ck9s-mirror-2	0	435124	434730	40	12411482112	10284724224	python3*35 pt_gloo_runloop*2 pt_tcpstore_uv*1 cuda0000240000a*1 cuda-EvtHandlr*1 
2026-09-28T05:39:44+04:00	ck9s-mirror-2	0	435125	434730	23	884371456	607449088	python3*17 ZMQbg/Reaper*3 ZMQbg/IO/0*3 
2026-09-28T05:39:54+04:00	ck9s-mirror-2	0	434713	363	2	25849856	6053888	uv*1 main2*1 
2026-09-28T05:39:54+04:00	ck9s-mirror-2	0	434730	434713	22	700948480	422756352	ft*18 ZMQbg/Reaper*2 ZMQbg/IO/0*2 
2026-09-28T05:39:54+04:00	ck9s-mirror-2	0	435123	434730	1	12804096	5939200	python3*1 
2026-09-28T05:39:54+04:00	ck9s-mirror-2	0	435124	434730	40	17478098944	15348453376	python3*35 pt_gloo_runloop*2 pt_tcpstore_uv*1 cuda0000240000a*1 cuda-EvtHandlr*1 
2026-09-28T05:39:54+04:00	ck9s-mirror-2	0	435125	434730	23	884371456	607449088	python3*17 ZMQbg/Reaper*3 ZMQbg/IO/0*3 
2026-09-28T05:40:07+04:00	ck9s-mirror-2	0	434713	363	2	25849856	6053888	uv*1 main2*1 
2026-09-28T05:40:07+04:00	ck9s-mirror-2	0	434730	434713	22	700952576	422760448	ft*18 ZMQbg/Reaper*2 ZMQbg/IO/0*2 
2026-09-28T05:40:07+04:00	ck9s-mirror-2	0	435123	434730	1	12804096	5939200	python3*1 
2026-09-28T05:40:07+04:00	ck9s-mirror-2	0	435124	434730	41	17568493568	15434993664	python3*36 pt_gloo_runloop*2 pt_tcpstore_uv*1 cuda0000240000a*1 cuda-EvtHandlr*1 
2026-09-28T05:40:07+04:00	ck9s-mirror-2	0	435125	434730	23	884371456	607449088	python3*17 ZMQbg/Reaper*3 ZMQbg/IO/0*3 
2026-09-28T05:40:18+04:00	ck9s-mirror-2	0	434713	363	2	25849856	6053888	uv*1 main2*1 
2026-09-28T05:40:18+04:00	ck9s-mirror-2	0	434730	434713	22	700952576	422760448	ft*18 ZMQbg/Reaper*2 ZMQbg/IO/0*2 
2026-09-28T05:40:18+04:00	ck9s-mirror-2	0	435123	434730	1	12804096	5939200	python3*1 
2026-09-28T05:40:18+04:00	ck9s-mirror-2	0	435124	434730	41	16345280512	15750926336	python3*36 pt_gloo_runloop*2 pt_tcpstore_uv*1 cuda0000240000a*1 cuda-EvtHandlr*1 
2026-09-28T05:40:18+04:00	ck9s-mirror-2	0	435125	434730	23	884371456	607449088	python3*17 ZMQbg/Reaper*3 ZMQbg/IO/0*3 
2026-09-28T05:40:28+04:00	ck9s-mirror-2	0	434713	363	2	25849856	6053888	uv*1 main2*1 
2026-09-28T05:40:28+04:00	ck9s-mirror-2	0	434730	434713	22	700956672	422764544	ft*18 ZMQbg/Reaper*2 ZMQbg/IO/0*2 
2026-09-28T05:40:28+04:00	ck9s-mirror-2	0	435123	434730	1	12804096	5939200	python3*1 
2026-09-28T05:40:28+04:00	ck9s-mirror-2	0	435124	434730	41	16345309184	15750955008	python3*36 pt_gloo_runloop*2 pt_tcpstore_uv*1 cuda0000240000a*1 cuda-EvtHandlr*1 
2026-09-28T05:40:28+04:00	ck9s-mirror-2	0	435125	434730	23	884371456	607449088	python3*17 ZMQbg/Reaper*3 ZMQbg/IO/0*3 
2026-09-28T05:40:41+04:00	ck9s-mirror-2	0	434713	363	2	25849856	6053888	uv*1 main2*1 
2026-09-28T05:40:41+04:00	ck9s-mirror-2	0	434730	434713	22	700956672	422764544	ft*18 ZMQbg/Reaper*2 ZMQbg/IO/0*2 
2026-09-28T05:40:41+04:00	ck9s-mirror-2	0	435123	434730	1	12804096	5939200	python3*1 
2026-09-28T05:40:41+04:00	ck9s-mirror-2	0	435124	434730	41	16603078656	15997886464	python3*36 pt_gloo_runloop*2 pt_tcpstore_uv*1 cuda0000240000a*1 cuda-EvtHandlr*1 
2026-09-28T05:40:41+04:00	ck9s-mirror-2	0	435125	434730	23	884371456	607449088	python3*17 ZMQbg/Reaper*3 ZMQbg/IO/0*3 
2026-09-28T05:40:51+04:00	ck9s-mirror-2	0	434713	363	2	25849856	6053888	uv*1 main2*1 
2026-09-28T05:40:51+04:00	ck9s-mirror-2	0	434730	434713	22	700956672	422764544	ft*18 ZMQbg/Reaper*2 ZMQbg/IO/0*2 
2026-09-28T05:40:51+04:00	ck9s-mirror-2	0	435123	434730	1	12804096	5939200	python3*1 
2026-09-28T05:40:51+04:00	ck9s-mirror-2	0	435124	434730	41	16861782016	16250408960	python3*36 pt_gloo_runloop*2 pt_tcpstore_uv*1 cuda0000240000a*1 cuda-EvtHandlr*1 
2026-09-28T05:40:51+04:00	ck9s-mirror-2	0	435125	434730	23	884371456	607449088	python3*17 ZMQbg/Reaper*3 ZMQbg/IO/0*3 
2026-09-28T05:41:01+04:00	ck9s-mirror-2	0	434713	363	2	25849856	6053888	uv*1 main2*1 
2026-09-28T05:41:01+04:00	ck9s-mirror-2	0	434730	434713	39	904859648	620675072	ft*35 ZMQbg/Reaper*2 ZMQbg/IO/0*2 
2026-09-28T05:41:01+04:00	ck9s-mirror-2	0	435123	434730	1	12804096	5939200	python3*1 
2026-09-28T05:41:01+04:00	ck9s-mirror-2	0	435124	434730	45	17074802688	16456179712	python3*36 pt_gloo_runloop*2 ZMQbg/Reaper*2 ZMQbg/IO/0*2 pt_tcpstore_uv*1 cuda0000240000a*1 
2026-09-28T05:41:02+04:00	ck9s-mirror-2	0	435125	434730	39	888528896	608292864	python3*33 ZMQbg/Reaper*3 ZMQbg/IO/0*3 
2026-09-28T05:41:12+04:00	ck9s-mirror-2	0	434713	363	2	25849856	6053888	uv*1 main2*1 
2026-09-28T05:41:12+04:00	ck9s-mirror-2	0	434730	434713	39	904859648	620675072	ft*35 ZMQbg/Reaper*2 ZMQbg/IO/0*2 
2026-09-28T05:41:12+04:00	ck9s-mirror-2	0	435123	434730	1	12804096	5939200	python3*1 
2026-09-28T05:41:12+04:00	ck9s-mirror-2	0	435124	434730	45	17074802688	16456179712	python3*36 pt_gloo_runloop*2 ZMQbg/Reaper*2 ZMQbg/IO/0*2 pt_tcpstore_uv*1 cuda0000240000a*1 
2026-09-28T05:41:12+04:00	ck9s-mirror-2	0	435125	434730	39	888528896	608292864	python3*33 ZMQbg/Reaper*3 ZMQbg/IO/0*3 
2026-09-28T05:41:25+04:00	ck9s-mirror-2	0	434713	363	2	25849856	6053888	uv*1 main2*1 
2026-09-28T05:41:25+04:00	ck9s-mirror-2	0	434730	434713	39	904933376	620748800	ft*35 ZMQbg/Reaper*2 ZMQbg/IO/0*2 
2026-09-28T05:41:25+04:00	ck9s-mirror-2	0	435123	434730	1	12804096	5939200	python3*1 
2026-09-28T05:41:25+04:00	ck9s-mirror-2	0	435124	434730	45	17074835456	16456212480	python3*36 pt_gloo_runloop*2 ZMQbg/Reaper*2 ZMQbg/IO/0*2 pt_tcpstore_uv*1 cuda0000240000a*1 
2026-09-28T05:41:25+04:00	ck9s-mirror-2	0	435125	434730	39	888545280	608309248	python3*33 ZMQbg/Reaper*3 ZMQbg/IO/0*3 
2026-09-28T05:41:35+04:00	ck9s-mirror-2	1	434713	363	2	25849856	6053888	uv*1 main2*1 
2026-09-28T05:41:35+04:00	ck9s-mirror-2	1	434730	434713	57	908017664	623833088	ft*51 ZMQbg/Reaper*3 ZMQbg/IO/0*3 
2026-09-28T05:41:35+04:00	ck9s-mirror-2	1	435123	434730	1	12804096	5939200	python3*1 
2026-09-28T05:41:35+04:00	ck9s-mirror-2	1	435124	434730	45	17075122176	16456499200	python3*36 pt_gloo_runloop*2 ZMQbg/Reaper*2 ZMQbg/IO/0*2 pt_tcpstore_uv*1 cuda0000240000a*1 
2026-09-28T05:41:35+04:00	ck9s-mirror-2	1	435125	434730	57	889221120	608985088	python3*49 ZMQbg/Reaper*4 ZMQbg/IO/0*4 
2026-09-28T05:41:46+04:00	ck9s-mirror-2	2	434713	363	2	25849856	6053888	uv*1 main2*1 
2026-09-28T05:41:46+04:00	ck9s-mirror-2	2	434730	434713	57	908021760	623837184	ft*51 ZMQbg/Reaper*3 ZMQbg/IO/0*3 
2026-09-28T05:41:46+04:00	ck9s-mirror-2	2	435123	434730	1	12804096	5939200	python3*1 
2026-09-28T05:41:46+04:00	ck9s-mirror-2	2	435124	434730	45	17116979200	16497262592	python3*36 pt_gloo_runloop*2 ZMQbg/Reaper*2 ZMQbg/IO/0*2 pt_tcpstore_uv*1 cuda0000240000a*1 
2026-09-28T05:41:46+04:00	ck9s-mirror-2	2	435125	434730	57	889221120	608985088	python3*49 ZMQbg/Reaper*4 ZMQbg/IO/0*4 
2026-09-28T05:41:59+04:00	ck9s-mirror-2	3	434713	363	2	25849856	6053888	uv*1 main2*1 
2026-09-28T05:41:59+04:00	ck9s-mirror-2	3	434730	434713	57	908107776	623923200	ft*51 ZMQbg/Reaper*3 ZMQbg/IO/0*3 
2026-09-28T05:41:59+04:00	ck9s-mirror-2	3	435123	434730	1	12804096	5939200	python3*1 
2026-09-28T05:41:59+04:00	ck9s-mirror-2	3	435124	434730	45	17116979200	16497262592	python3*36 pt_gloo_runloop*2 ZMQbg/Reaper*2 ZMQbg/IO/0*2 pt_tcpstore_uv*1 cuda0000240000a*1 
2026-09-28T05:41:59+04:00	ck9s-mirror-2	3	435125	434730	57	889221120	608985088	python3*49 ZMQbg/Reaper*4 ZMQbg/IO/0*4 
2026-09-28T05:42:09+04:00	ck9s-mirror-2	4	434713	363	2	25849856	6053888	uv*1 main2*1 
2026-09-28T05:42:09+04:00	ck9s-mirror-2	4	434730	434713	57	991653888	707469312	ft*51 ZMQbg/Reaper*3 ZMQbg/IO/0*3 
2026-09-28T05:42:09+04:00	ck9s-mirror-2	4	435123	434730	1	12804096	5939200	python3*1 
2026-09-28T05:42:09+04:00	ck9s-mirror-2	4	435124	434730	45	17117933568	16498216960	python3*36 pt_gloo_runloop*2 ZMQbg/Reaper*2 ZMQbg/IO/0*2 pt_tcpstore_uv*1 cuda0000240000a*1 
2026-09-28T05:42:10+04:00	ck9s-mirror-2	4	435125	434730	57	889221120	608985088	python3*49 ZMQbg/Reaper*4 ZMQbg/IO/0*4 
2026-09-28T05:42:53+04:00	ck9s-whole-3	0	446665	363	3	26017792	6049792	uv*1 tokio-rt-worker*1 main2*1 
2026-09-28T05:42:53+04:00	ck9s-whole-3	0	446689	446665	22	701128704	422580224	ft*18 ZMQbg/Reaper*2 ZMQbg/IO/0*2 
2026-09-28T05:42:53+04:00	ck9s-whole-3	0	446878	446689	1	12804096	5939200	python3*1 
2026-09-28T05:42:53+04:00	ck9s-whole-3	0	446879	446689	1	160944128	99835904	python3*1 
2026-09-28T05:42:53+04:00	ck9s-whole-3	0	446880	446689	1	167493632	102690816	python3*1 
2026-09-28T05:43:06+04:00	ck9s-whole-3	0	446665	363	2	26148864	6049792	uv*1 main2*1 
2026-09-28T05:43:06+04:00	ck9s-whole-3	0	446689	446665	22	701440000	422756352	ft*18 ZMQbg/Reaper*2 ZMQbg/IO/0*2 
2026-09-28T05:43:06+04:00	ck9s-whole-3	0	446878	446689	1	12804096	5939200	python3*1 
2026-09-28T05:43:06+04:00	ck9s-whole-3	0	446879	446689	41	4790706176	980684800	python3*36 pt_gloo_runloop*2 pt_tcpstore_uv*1 cuda0000240000a*1 cuda-EvtHandlr*1 
2026-09-28T05:43:06+04:00	ck9s-whole-3	0	446880	446689	23	884461568	606314496	python3*17 ZMQbg/Reaper*3 ZMQbg/IO/0*3 
2026-09-28T05:43:16+04:00	ck9s-whole-3	0	446665	363	2	26140672	6049792	uv*1 main2*1 
2026-09-28T05:43:16+04:00	ck9s-whole-3	0	446689	446665	22	701444096	422760448	ft*18 ZMQbg/Reaper*2 ZMQbg/IO/0*2 
2026-09-28T05:43:16+04:00	ck9s-whole-3	0	446878	446689	1	12804096	5939200	python3*1 
2026-09-28T05:43:16+04:00	ck9s-whole-3	0	446879	446689	41	12716105728	981061632	python3*36 pt_gloo_runloop*2 pt_tcpstore_uv*1 cuda0000240000a*1 cuda-EvtHandlr*1 
2026-09-28T05:43:16+04:00	ck9s-whole-3	0	446880	446689	23	884461568	606314496	python3*17 ZMQbg/Reaper*3 ZMQbg/IO/0*3 
2026-09-28T05:43:27+04:00	ck9s-whole-3	0	446665	363	2	26136576	6049792	uv*1 main2*1 
2026-09-28T05:43:27+04:00	ck9s-whole-3	0	446689	446665	22	701280256	422760448	ft*18 ZMQbg/Reaper*2 ZMQbg/IO/0*2 
2026-09-28T05:43:27+04:00	ck9s-whole-3	0	446878	446689	1	12804096	5939200	python3*1 
2026-09-28T05:43:27+04:00	ck9s-whole-3	0	446879	446689	41	17250430976	981286912	python3*36 pt_gloo_runloop*2 pt_tcpstore_uv*1 cuda0000240000a*1 cuda-EvtHandlr*1 
2026-09-28T05:43:27+04:00	ck9s-whole-3	0	446880	446689	23	884297728	606314496	python3*17 ZMQbg/Reaper*3 ZMQbg/IO/0*3 
2026-09-28T05:43:40+04:00	ck9s-whole-3	0	446665	363	2	22446080	6049792	uv*1 main2*1 
2026-09-28T05:43:40+04:00	ck9s-whole-3	0	446689	446665	22	641654784	422764544	ft*18 ZMQbg/Reaper*2 ZMQbg/IO/0*2 
2026-09-28T05:43:40+04:00	ck9s-whole-3	0	446878	446689	1	12791808	5939200	python3*1 
2026-09-28T05:43:40+04:00	ck9s-whole-3	0	446879	446689	41	21830496256	981536768	python3*36 pt_gloo_runloop*2 pt_tcpstore_uv*1 cuda0000240000a*1 cuda-EvtHandlr*1 
2026-09-28T05:43:40+04:00	ck9s-whole-3	0	446880	446689	23	825028608	606314496	python3*17 ZMQbg/Reaper*3 ZMQbg/IO/0*3 
2026-09-28T05:43:50+04:00	ck9s-whole-3	0	446665	363	2	15310848	16384	uv*1 main2*1 
2026-09-28T05:43:50+04:00	ck9s-whole-3	0	446689	446665	22	524967936	315764736	ft*18 ZMQbg/Reaper*2 ZMQbg/IO/0*2 
2026-09-28T05:43:50+04:00	ck9s-whole-3	0	446878	446689	1	12783616	5939200	python3*1 
2026-09-28T05:43:50+04:00	ck9s-whole-3	0	446879	446689	41	22571102208	1762541568	python3*36 pt_gloo_runloop*2 pt_tcpstore_uv*1 cuda0000240000a*1 cuda-EvtHandlr*1 
2026-09-28T05:43:50+04:00	ck9s-whole-3	0	446880	446689	23	814702592	606314496	python3*17 ZMQbg/Reaper*3 ZMQbg/IO/0*3 
2026-09-28T05:44:00+04:00	ck9s-whole-3	0	446665	363	2	15310848	16384	uv*1 main2*1 
2026-09-28T05:44:01+04:00	ck9s-whole-3	0	446689	446665	39	734187520	517828608	ft*35 ZMQbg/Reaper*2 ZMQbg/IO/0*2 
2026-09-28T05:44:01+04:00	ck9s-whole-3	0	446878	446689	1	12783616	5939200	python3*1 
2026-09-28T05:44:01+04:00	ck9s-whole-3	0	446879	446689	45	22807941120	1990336512	python3*36 pt_gloo_runloop*2 ZMQbg/Reaper*2 ZMQbg/IO/0*2 pt_tcpstore_uv*1 cuda0000240000a*1 
2026-09-28T05:44:01+04:00	ck9s-whole-3	0	446880	446689	39	820436992	607117312	python3*33 ZMQbg/Reaper*3 ZMQbg/IO/0*3 
2026-09-28T05:44:14+04:00	ck9s-whole-3	0	446665	363	2	15310848	16384	uv*1 main2*1 
2026-09-28T05:44:14+04:00	ck9s-whole-3	0	446689	446665	39	734187520	517828608	ft*35 ZMQbg/Reaper*2 ZMQbg/IO/0*2 
2026-09-28T05:44:14+04:00	ck9s-whole-3	0	446878	446689	1	12783616	5939200	python3*1 
2026-09-28T05:44:14+04:00	ck9s-whole-3	0	446879	446689	45	22807941120	1990336512	python3*36 pt_gloo_runloop*2 ZMQbg/Reaper*2 ZMQbg/IO/0*2 pt_tcpstore_uv*1 cuda0000240000a*1 
2026-09-28T05:44:14+04:00	ck9s-whole-3	0	446880	446689	39	820436992	607117312	python3*33 ZMQbg/Reaper*3 ZMQbg/IO/0*3 
2026-09-28T05:44:24+04:00	ck9s-whole-3	1	446665	363	2	15310848	16384	uv*1 main2*1 
2026-09-28T05:44:24+04:00	ck9s-whole-3	1	446689	446665	57	737357824	520896512	ft*51 ZMQbg/Reaper*3 ZMQbg/IO/0*3 
2026-09-28T05:44:24+04:00	ck9s-whole-3	1	446878	446689	1	12783616	5939200	python3*1 
2026-09-28T05:44:24+04:00	ck9s-whole-3	1	446879	446689	45	22808801280	1991196672	python3*36 pt_gloo_runloop*2 ZMQbg/Reaper*2 ZMQbg/IO/0*2 pt_tcpstore_uv*1 cuda0000240000a*1 
2026-09-28T05:44:25+04:00	ck9s-whole-3	1	446880	446689	57	821178368	607809536	python3*49 ZMQbg/Reaper*4 ZMQbg/IO/0*4 
2026-09-28T05:44:35+04:00	ck9s-whole-3	1	446665	363	2	15310848	16384	uv*1 main2*1 
2026-09-28T05:44:35+04:00	ck9s-whole-3	1	446689	446665	57	737361920	520900608	ft*51 ZMQbg/Reaper*3 ZMQbg/IO/0*3 
2026-09-28T05:44:35+04:00	ck9s-whole-3	1	446878	446689	1	12783616	5939200	python3*1 
2026-09-28T05:44:35+04:00	ck9s-whole-3	1	446879	446689	45	22808809472	1991204864	python3*36 pt_gloo_runloop*2 ZMQbg/Reaper*2 ZMQbg/IO/0*2 pt_tcpstore_uv*1 cuda0000240000a*1 
2026-09-28T05:44:35+04:00	ck9s-whole-3	1	446880	446689	57	821178368	607809536	python3*49 ZMQbg/Reaper*4 ZMQbg/IO/0*4 
2026-09-28T05:44:48+04:00	ck9s-whole-3	3	446665	363	2	15310848	16384	uv*1 main2*1 
2026-09-28T05:44:48+04:00	ck9s-whole-3	3	446689	446665	57	737816576	521355264	ft*51 ZMQbg/Reaper*3 ZMQbg/IO/0*3 
2026-09-28T05:44:48+04:00	ck9s-whole-3	3	446878	446689	1	12783616	5939200	python3*1 
2026-09-28T05:44:48+04:00	ck9s-whole-3	3	446879	446689	45	22851592192	2032848896	python3*36 pt_gloo_runloop*2 ZMQbg/Reaper*2 ZMQbg/IO/0*2 pt_tcpstore_uv*1 cuda0000240000a*1 
2026-09-28T05:44:49+04:00	ck9s-whole-3	3	446880	446689	57	821198848	607830016	python3*49 ZMQbg/Reaper*4 ZMQbg/IO/0*4 
2026-09-28T05:44:59+04:00	ck9s-whole-3	4	446665	363	2	15294464	16384	uv*1 main2*1 
2026-09-28T05:44:59+04:00	ck9s-whole-3	4	446689	446665	57	820969472	604532736	ft*51 ZMQbg/Reaper*3 ZMQbg/IO/0*3 
2026-09-28T05:44:59+04:00	ck9s-whole-3	4	446878	446689	1	12783616	5939200	python3*1 
2026-09-28T05:44:59+04:00	ck9s-whole-3	4	446879	446689	45	22851518464	2032848896	python3*36 pt_gloo_runloop*2 ZMQbg/Reaper*2 ZMQbg/IO/0*2 pt_tcpstore_uv*1 cuda0000240000a*1 
2026-09-28T05:44:59+04:00	ck9s-whole-3	4	446880	446689	57	821149696	607830016	python3*49 ZMQbg/Reaper*4 ZMQbg/IO/0*4 
2026-09-28T05:45:32+04:00	ck9e-mirror-3	0	455611	363	3	25530368	6062080	uv*1 tokio-rt-worker*1 main2*1 
2026-09-28T05:45:32+04:00	ck9e-mirror-3	0	455631	455611	16	656629760	382332928	ft*16 
2026-09-28T05:45:42+04:00	ck9e-mirror-3	0	455611	363	2	25661440	6062080	uv*1 main2*1 
2026-09-28T05:45:42+04:00	ck9e-mirror-3	0	455631	455611	22	701399040	422731776	ft*18 ZMQbg/Reaper*2 ZMQbg/IO/0*2 
2026-09-28T05:45:43+04:00	ck9e-mirror-3	0	455862	455631	1	12791808	5943296	python3*1 
2026-09-28T05:45:43+04:00	ck9e-mirror-3	0	455863	455631	40	15936520192	13860315136	python3*35 pt_gloo_runloop*2 pt_tcpstore_uv*1 cuda0000240000a*1 cuda-EvtHandlr*1 
2026-09-28T05:45:43+04:00	ck9e-mirror-3	0	455864	455631	23	882765824	606527488	python3*17 ZMQbg/Reaper*3 ZMQbg/IO/0*3 
2026-09-28T05:45:53+04:00	ck9e-mirror-3	0	455611	363	2	25661440	6062080	uv*1 main2*1 
2026-09-28T05:45:53+04:00	ck9e-mirror-3	0	455631	455611	22	701407232	422739968	ft*18 ZMQbg/Reaper*2 ZMQbg/IO/0*2 
2026-09-28T05:45:53+04:00	ck9e-mirror-3	0	455862	455631	1	12791808	5943296	python3*1 
2026-09-28T05:45:53+04:00	ck9e-mirror-3	0	455863	455631	40	17565478912	15433637888	python3*35 pt_gloo_runloop*2 pt_tcpstore_uv*1 cuda0000240000a*1 cuda-EvtHandlr*1 
2026-09-28T05:45:53+04:00	ck9e-mirror-3	0	455864	455631	23	882765824	606527488	python3*17 ZMQbg/Reaper*3 ZMQbg/IO/0*3 
2026-09-28T05:46:07+04:00	ck9e-mirror-3	0	455611	363	2	25661440	6062080	uv*1 main2*1 
2026-09-28T05:46:07+04:00	ck9e-mirror-3	0	455631	455611	22	701407232	422739968	ft*18 ZMQbg/Reaper*2 ZMQbg/IO/0*2 
2026-09-28T05:46:07+04:00	ck9e-mirror-3	0	455862	455631	1	12791808	5943296	python3*1 
2026-09-28T05:46:07+04:00	ck9e-mirror-3	0	455863	455631	41	16346587136	15750819840	python3*36 pt_gloo_runloop*2 pt_tcpstore_uv*1 cuda0000240000a*1 cuda-EvtHandlr*1 
2026-09-28T05:46:07+04:00	ck9e-mirror-3	0	455864	455631	23	882765824	606527488	python3*17 ZMQbg/Reaper*3 ZMQbg/IO/0*3 
2026-09-28T05:46:17+04:00	ck9e-mirror-3	0	455611	363	2	25661440	6062080	uv*1 main2*1 
2026-09-28T05:46:17+04:00	ck9e-mirror-3	0	455631	455611	22	701407232	422739968	ft*18 ZMQbg/Reaper*2 ZMQbg/IO/0*2 
2026-09-28T05:46:17+04:00	ck9e-mirror-3	0	455862	455631	1	12791808	5943296	python3*1 
2026-09-28T05:46:17+04:00	ck9e-mirror-3	0	455863	455631	41	16346824704	15751057408	python3*36 pt_gloo_runloop*2 pt_tcpstore_uv*1 cuda0000240000a*1 cuda-EvtHandlr*1 
2026-09-28T05:46:17+04:00	ck9e-mirror-3	0	455864	455631	23	882765824	606527488	python3*17 ZMQbg/Reaper*3 ZMQbg/IO/0*3 
2026-09-28T05:46:27+04:00	ck9e-mirror-3	0	455611	363	2	25661440	6062080	uv*1 main2*1 
2026-09-28T05:46:27+04:00	ck9e-mirror-3	0	455631	455611	22	701411328	422744064	ft*18 ZMQbg/Reaper*2 ZMQbg/IO/0*2 
2026-09-28T05:46:27+04:00	ck9e-mirror-3	0	455862	455631	1	12791808	5943296	python3*1 
2026-09-28T05:46:27+04:00	ck9e-mirror-3	0	455863	455631	41	16605192192	15998255104	python3*36 pt_gloo_runloop*2 pt_tcpstore_uv*1 cuda0000240000a*1 cuda-EvtHandlr*1 
2026-09-28T05:46:27+04:00	ck9e-mirror-3	0	455864	455631	23	882765824	606527488	python3*17 ZMQbg/Reaper*3 ZMQbg/IO/0*3 
2026-09-28T05:46:41+04:00	ck9e-mirror-3	0	455611	363	2	25661440	6062080	uv*1 main2*1 
2026-09-28T05:46:41+04:00	ck9e-mirror-3	0	455631	455611	22	701411328	422744064	ft*18 ZMQbg/Reaper*2 ZMQbg/IO/0*2 
2026-09-28T05:46:41+04:00	ck9e-mirror-3	0	455862	455631	1	12791808	5943296	python3*1 
2026-09-28T05:46:41+04:00	ck9e-mirror-3	0	455863	455631	41	16618106880	16010596352	python3*36 pt_gloo_runloop*2 pt_tcpstore_uv*1 cuda0000240000a*1 cuda-EvtHandlr*1 
2026-09-28T05:46:41+04:00	ck9e-mirror-3	0	455864	455631	23	882765824	606527488	python3*17 ZMQbg/Reaper*3 ZMQbg/IO/0*3 
2026-09-28T05:46:51+04:00	ck9e-mirror-3	0	455611	363	2	25661440	6062080	uv*1 main2*1 
2026-09-28T05:46:51+04:00	ck9e-mirror-3	0	455631	455611	39	905805824	621113344	ft*35 ZMQbg/Reaper*2 ZMQbg/IO/0*2 
2026-09-28T05:46:51+04:00	ck9e-mirror-3	0	455862	455631	1	12791808	5943296	python3*1 
2026-09-28T05:46:51+04:00	ck9e-mirror-3	0	455863	455631	45	16830078976	16215347200	python3*36 pt_gloo_runloop*2 ZMQbg/Reaper*2 ZMQbg/IO/0*2 pt_tcpstore_uv*1 cuda0000240000a*1 
2026-09-28T05:46:51+04:00	ck9e-mirror-3	0	455864	455631	39	886722560	607186944	python3*33 ZMQbg/Reaper*3 ZMQbg/IO/0*3 
2026-09-28T05:47:01+04:00	ck9e-mirror-3	0	455611	363	2	25661440	6062080	uv*1 main2*1 
2026-09-28T05:47:01+04:00	ck9e-mirror-3	0	455631	455611	39	905805824	621113344	ft*35 ZMQbg/Reaper*2 ZMQbg/IO/0*2 
2026-09-28T05:47:01+04:00	ck9e-mirror-3	0	455862	455631	1	12791808	5943296	python3*1 
2026-09-28T05:47:01+04:00	ck9e-mirror-3	0	455863	455631	45	16830078976	16215347200	python3*36 pt_gloo_runloop*2 ZMQbg/Reaper*2 ZMQbg/IO/0*2 pt_tcpstore_uv*1 cuda0000240000a*1 
2026-09-28T05:47:01+04:00	ck9e-mirror-3	0	455864	455631	39	886722560	607186944	python3*33 ZMQbg/Reaper*3 ZMQbg/IO/0*3 
2026-09-28T05:47:15+04:00	ck9e-mirror-3	0	455611	363	2	25661440	6062080	uv*1 main2*1 
2026-09-28T05:47:15+04:00	ck9e-mirror-3	0	455631	455611	39	905936896	621244416	ft*35 ZMQbg/Reaper*2 ZMQbg/IO/0*2 
2026-09-28T05:47:15+04:00	ck9e-mirror-3	0	455862	455631	1	12791808	5943296	python3*1 
2026-09-28T05:47:15+04:00	ck9e-mirror-3	0	455863	455631	45	16830504960	16215773184	python3*36 pt_gloo_runloop*2 ZMQbg/Reaper*2 ZMQbg/IO/0*2 pt_tcpstore_uv*1 cuda0000240000a*1 
2026-09-28T05:47:15+04:00	ck9e-mirror-3	0	455864	455631	39	886751232	607215616	python3*33 ZMQbg/Reaper*3 ZMQbg/IO/0*3 
2026-09-28T05:47:25+04:00	ck9e-mirror-3	0	455611	363	2	25661440	6062080	uv*1 main2*1 
2026-09-28T05:47:25+04:00	ck9e-mirror-3	0	455631	455611	57	908361728	623669248	ft*51 ZMQbg/Reaper*3 ZMQbg/IO/0*3 
2026-09-28T05:47:25+04:00	ck9e-mirror-3	0	455862	455631	1	12791808	5943296	python3*1 
2026-09-28T05:47:25+04:00	ck9e-mirror-3	0	455863	455631	45	16830791680	16216059904	python3*36 pt_gloo_runloop*2 ZMQbg/Reaper*2 ZMQbg/IO/0*2 pt_tcpstore_uv*1 cuda0000240000a*1 
2026-09-28T05:47:25+04:00	ck9e-mirror-3	0	455864	455631	57	887820288	608284672	python3*49 ZMQbg/Reaper*4 ZMQbg/IO/0*4 
2026-09-28T05:47:35+04:00	ck9e-mirror-3	0	455611	363	2	25661440	6062080	uv*1 main2*1 
2026-09-28T05:47:35+04:00	ck9e-mirror-3	0	455631	455611	57	908439552	623747072	ft*51 ZMQbg/Reaper*3 ZMQbg/IO/0*3 
2026-09-28T05:47:35+04:00	ck9e-mirror-3	0	455862	455631	1	12791808	5943296	python3*1 
2026-09-28T05:47:35+04:00	ck9e-mirror-3	0	455863	455631	45	16874401792	16258572288	python3*36 pt_gloo_runloop*2 ZMQbg/Reaper*2 ZMQbg/IO/0*2 pt_tcpstore_uv*1 cuda0000240000a*1 
2026-09-28T05:47:35+04:00	ck9e-mirror-3	0	455864	455631	57	887820288	608284672	python3*49 ZMQbg/Reaper*4 ZMQbg/IO/0*4 
2026-09-28T05:47:48+04:00	ck9e-mirror-3	0	455611	363	2	25661440	6062080	uv*1 main2*1 
2026-09-28T05:47:48+04:00	ck9e-mirror-3	0	455631	455611	57	908439552	623747072	ft*51 ZMQbg/Reaper*3 ZMQbg/IO/0*3 
2026-09-28T05:47:48+04:00	ck9e-mirror-3	0	455862	455631	1	12791808	5943296	python3*1 
2026-09-28T05:47:48+04:00	ck9e-mirror-3	0	455863	455631	45	16874401792	16258572288	python3*36 pt_gloo_runloop*2 ZMQbg/Reaper*2 ZMQbg/IO/0*2 pt_tcpstore_uv*1 cuda0000240000a*1 
2026-09-28T05:47:49+04:00	ck9e-mirror-3	0	455864	455631	57	887820288	608284672	python3*49 ZMQbg/Reaper*4 ZMQbg/IO/0*4 
2026-09-28T05:48:09+04:00	ck9s-mirror-3	0	465076	363	3	25374720	6070272	uv*1 tokio-rt-worker*1 main2*1 
2026-09-28T05:48:09+04:00	ck9s-mirror-3	0	465097	465076	22	701517824	422617088	ft*18 ZMQbg/Reaper*2 ZMQbg/IO/0*2 
2026-09-28T05:48:09+04:00	ck9s-mirror-3	0	465287	465097	1	12816384	5943296	python3*1 
2026-09-28T05:48:09+04:00	ck9s-mirror-3	0	465288	465097	19	765341696	422117376	python3*18 cuda0000240000a*1 
2026-09-28T05:48:09+04:00	ck9s-mirror-3	0	465289	465097	22	835026944	558493696	python3*16 ZMQbg/Reaper*3 ZMQbg/IO/0*3 
2026-09-28T05:48:22+04:00	ck9s-mirror-3	0	465076	363	2	25505792	6070272	uv*1 main2*1 
2026-09-28T05:48:22+04:00	ck9s-mirror-3	0	465097	465076	22	701722624	422752256	ft*18 ZMQbg/Reaper*2 ZMQbg/IO/0*2 
2026-09-28T05:48:22+04:00	ck9s-mirror-3	0	465287	465097	1	12816384	5943296	python3*1 
2026-09-28T05:48:22+04:00	ck9s-mirror-3	0	465288	465097	40	17475379200	15344160768	python3*35 pt_gloo_runloop*2 pt_tcpstore_uv*1 cuda0000240000a*1 cuda-EvtHandlr*1 
2026-09-28T05:48:22+04:00	ck9s-mirror-3	0	465289	465097	23	883273728	606543872	python3*17 ZMQbg/Reaper*3 ZMQbg/IO/0*3 
2026-09-28T05:48:32+04:00	ck9s-mirror-3	0	465076	363	2	25505792	6070272	uv*1 main2*1 
2026-09-28T05:48:32+04:00	ck9s-mirror-3	0	465097	465076	22	701726720	422756352	ft*18 ZMQbg/Reaper*2 ZMQbg/IO/0*2 
2026-09-28T05:48:32+04:00	ck9s-mirror-3	0	465287	465097	1	12816384	5943296	python3*1 
2026-09-28T05:48:32+04:00	ck9s-mirror-3	0	465288	465097	41	17565802496	15430692864	python3*36 pt_gloo_runloop*2 pt_tcpstore_uv*1 cuda0000240000a*1 cuda-EvtHandlr*1 
2026-09-28T05:48:32+04:00	ck9s-mirror-3	0	465289	465097	23	883273728	606543872	python3*17 ZMQbg/Reaper*3 ZMQbg/IO/0*3 
2026-09-28T05:48:42+04:00	ck9s-mirror-3	0	465076	363	2	25505792	6070272	uv*1 main2*1 
2026-09-28T05:48:42+04:00	ck9s-mirror-3	0	465097	465076	22	701730816	422760448	ft*18 ZMQbg/Reaper*2 ZMQbg/IO/0*2 
2026-09-28T05:48:42+04:00	ck9s-mirror-3	0	465287	465097	1	12816384	5943296	python3*1 
2026-09-28T05:48:42+04:00	ck9s-mirror-3	0	465288	465097	41	16349151232	15752568832	python3*36 pt_gloo_runloop*2 pt_tcpstore_uv*1 cuda0000240000a*1 cuda-EvtHandlr*1 
2026-09-28T05:48:43+04:00	ck9s-mirror-3	0	465289	465097	23	883273728	606543872	python3*17 ZMQbg/Reaper*3 ZMQbg/IO/0*3 
2026-09-28T05:48:53+04:00	ck9s-mirror-3	0	465076	363	2	25505792	6070272	uv*1 main2*1 
2026-09-28T05:48:53+04:00	ck9s-mirror-3	0	465097	465076	22	701730816	422760448	ft*18 ZMQbg/Reaper*2 ZMQbg/IO/0*2 
2026-09-28T05:48:53+04:00	ck9s-mirror-3	0	465287	465097	1	12816384	5943296	python3*1 
2026-09-28T05:48:53+04:00	ck9s-mirror-3	0	465288	465097	41	16606822400	15999365120	python3*36 pt_gloo_runloop*2 pt_tcpstore_uv*1 cuda0000240000a*1 cuda-EvtHandlr*1 
2026-09-28T05:48:53+04:00	ck9s-mirror-3	0	465289	465097	23	883273728	606543872	python3*17 ZMQbg/Reaper*3 ZMQbg/IO/0*3 
2026-09-28T05:49:06+04:00	ck9s-mirror-3	0	465076	363	2	25505792	6070272	uv*1 main2*1 
2026-09-28T05:49:06+04:00	ck9s-mirror-3	0	465097	465076	22	701730816	422760448	ft*18 ZMQbg/Reaper*2 ZMQbg/IO/0*2 
2026-09-28T05:49:06+04:00	ck9s-mirror-3	0	465287	465097	1	12816384	5943296	python3*1 
2026-09-28T05:49:06+04:00	ck9s-mirror-3	0	465288	465097	41	16865415168	16251781120	python3*36 pt_gloo_runloop*2 pt_tcpstore_uv*1 cuda0000240000a*1 cuda-EvtHandlr*1 
2026-09-28T05:49:06+04:00	ck9s-mirror-3	0	465289	465097	23	883273728	606543872	python3*17 ZMQbg/Reaper*3 ZMQbg/IO/0*3 
2026-09-28T05:49:16+04:00	ck9s-mirror-3	0	465076	363	2	25505792	6070272	uv*1 main2*1 
2026-09-28T05:49:16+04:00	ck9s-mirror-3	0	465097	465076	23	869695488	590344192	ft*19 ZMQbg/Reaper*2 ZMQbg/IO/0*2 
2026-09-28T05:49:16+04:00	ck9s-mirror-3	0	465287	465097	1	12816384	5943296	python3*1 
2026-09-28T05:49:16+04:00	ck9s-mirror-3	0	465288	465097	45	17073971200	16456790016	python3*36 pt_gloo_runloop*2 ZMQbg/Reaper*2 ZMQbg/IO/0*2 pt_tcpstore_uv*1 cuda0000240000a*1 
2026-09-28T05:49:17+04:00	ck9s-mirror-3	0	465289	465097	39	887111680	607084544	python3*33 ZMQbg/Reaper*3 ZMQbg/IO/0*3 
2026-09-28T05:49:27+04:00	ck9s-mirror-3	0	465076	363	2	25505792	6070272	uv*1 main2*1 
2026-09-28T05:49:27+04:00	ck9s-mirror-3	0	465097	465076	39	905654272	620670976	ft*35 ZMQbg/Reaper*2 ZMQbg/IO/0*2 
2026-09-28T05:49:27+04:00	ck9s-mirror-3	0	465287	465097	1	12816384	5943296	python3*1 
2026-09-28T05:49:27+04:00	ck9s-mirror-3	0	465288	465097	45	17077764096	16456908800	python3*36 pt_gloo_runloop*2 ZMQbg/Reaper*2 ZMQbg/IO/0*2 pt_tcpstore_uv*1 cuda0000240000a*1 
2026-09-28T05:49:27+04:00	ck9s-mirror-3	0	465289	465097	39	887234560	607215616	python3*33 ZMQbg/Reaper*3 ZMQbg/IO/0*3 
2026-09-28T05:49:40+04:00	ck9s-mirror-3	0	465076	363	2	25505792	6070272	uv*1 main2*1 
2026-09-28T05:49:40+04:00	ck9s-mirror-3	0	465097	465076	39	905646080	620670976	ft*35 ZMQbg/Reaper*2 ZMQbg/IO/0*2 
2026-09-28T05:49:40+04:00	ck9s-mirror-3	0	465287	465097	1	12816384	5943296	python3*1 
2026-09-28T05:49:40+04:00	ck9s-mirror-3	0	465288	465097	45	17077755904	16456908800	python3*36 pt_gloo_runloop*2 ZMQbg/Reaper*2 ZMQbg/IO/0*2 pt_tcpstore_uv*1 cuda0000240000a*1 
2026-09-28T05:49:40+04:00	ck9s-mirror-3	0	465289	465097	39	887226368	607215616	python3*33 ZMQbg/Reaper*3 ZMQbg/IO/0*3 
2026-09-28T05:49:51+04:00	ck9s-mirror-3	1	465076	363	2	25505792	6070272	uv*1 main2*1 
2026-09-28T05:49:51+04:00	ck9s-mirror-3	1	465097	465076	57	908861440	623923200	ft*51 ZMQbg/Reaper*3 ZMQbg/IO/0*3 
2026-09-28T05:49:51+04:00	ck9s-mirror-3	1	465287	465097	1	12816384	5943296	python3*1 
2026-09-28T05:49:51+04:00	ck9s-mirror-3	1	465288	465097	45	17078386688	16457580544	python3*36 pt_gloo_runloop*2 ZMQbg/Reaper*2 ZMQbg/IO/0*2 pt_tcpstore_uv*1 cuda0000240000a*1 
2026-09-28T05:49:51+04:00	ck9s-mirror-3	1	465289	465097	57	888336384	608362496	python3*49 ZMQbg/Reaper*4 ZMQbg/IO/0*4 
2026-09-28T05:50:01+04:00	ck9s-mirror-3	1	465076	363	2	25505792	6070272	uv*1 main2*1 
2026-09-28T05:50:01+04:00	ck9s-mirror-3	1	465097	465076	57	908861440	623923200	ft*51 ZMQbg/Reaper*3 ZMQbg/IO/0*3 
2026-09-28T05:50:01+04:00	ck9s-mirror-3	1	465287	465097	1	12816384	5943296	python3*1 
2026-09-28T05:50:01+04:00	ck9s-mirror-3	1	465288	465097	45	17078390784	16457584640	python3*36 pt_gloo_runloop*2 ZMQbg/Reaper*2 ZMQbg/IO/0*2 pt_tcpstore_uv*1 cuda0000240000a*1 
2026-09-28T05:50:01+04:00	ck9s-mirror-3	1	465289	465097	57	888336384	608362496	python3*49 ZMQbg/Reaper*4 ZMQbg/IO/0*4 
2026-09-28T05:50:15+04:00	ck9s-mirror-3	3	465076	363	2	25505792	6070272	uv*1 main2*1 
2026-09-28T05:50:15+04:00	ck9s-mirror-3	3	465097	465076	57	908812288	623988736	ft*51 ZMQbg/Reaper*3 ZMQbg/IO/0*3 
2026-09-28T05:50:15+04:00	ck9s-mirror-3	3	465287	465097	1	12816384	5943296	python3*1 
2026-09-28T05:50:15+04:00	ck9s-mirror-3	3	465288	465097	45	17121755136	16499965952	python3*36 pt_gloo_runloop*2 ZMQbg/Reaper*2 ZMQbg/IO/0*2 pt_tcpstore_uv*1 cuda0000240000a*1 
2026-09-28T05:50:15+04:00	ck9s-mirror-3	3	465289	465097	57	888221696	608362496	python3*49 ZMQbg/Reaper*4 ZMQbg/IO/0*4 
2026-09-28T05:50:25+04:00	ck9s-mirror-3	3	465076	363	2	25505792	6070272	uv*1 main2*1 
2026-09-28T05:50:25+04:00	ck9s-mirror-3	3	465097	465076	57	908767232	623988736	ft*51 ZMQbg/Reaper*3 ZMQbg/IO/0*3 
2026-09-28T05:50:25+04:00	ck9s-mirror-3	3	465287	465097	1	12816384	5943296	python3*1 
2026-09-28T05:50:25+04:00	ck9s-mirror-3	3	465288	465097	45	17120641024	16498917376	python3*36 pt_gloo_runloop*2 ZMQbg/Reaper*2 ZMQbg/IO/0*2 pt_tcpstore_uv*1 cuda0000240000a*1 
2026-09-28T05:50:25+04:00	ck9s-mirror-3	3	465289	465097	57	888176640	608362496	python3*49 ZMQbg/Reaper*4 ZMQbg/IO/0*4 
2026-09-28T05:50:49+04:00	ck9e-whole-256k	0	484418	363	3	25210880	6037504	uv*1 tokio-rt-worker*1 main2*1 
2026-09-28T05:50:49+04:00	ck9e-whole-256k	0	484448	484418	22	701644800	422723584	ft*18 ZMQbg/Reaper*2 ZMQbg/IO/0*2 
2026-09-28T05:50:49+04:00	ck9e-whole-256k	0	484752	484448	1	12787712	5939200	python3*1 
2026-09-28T05:50:49+04:00	ck9e-whole-256k	0	484753	484448	41	3153141760	971227136	python3*36 pt_gloo_runloop*2 pt_tcpstore_uv*1 cuda0000240000a*1 cuda-EvtHandlr*1 
2026-09-28T05:50:49+04:00	ck9e-whole-256k	0	484754	484448	23	881532928	606646272	python3*17 ZMQbg/Reaper*3 ZMQbg/IO/0*3 
2026-09-28T05:50:59+04:00	ck9e-whole-256k	0	484418	363	2	25341952	6037504	uv*1 main2*1 
2026-09-28T05:50:59+04:00	ck9e-whole-256k	0	484448	484418	22	701652992	422731776	ft*18 ZMQbg/Reaper*2 ZMQbg/IO/0*2 
2026-09-28T05:50:59+04:00	ck9e-whole-256k	0	484752	484448	1	12787712	5939200	python3*1 
2026-09-28T05:50:59+04:00	ck9e-whole-256k	0	484753	484448	41	10212737024	984051712	python3*36 pt_gloo_runloop*2 pt_tcpstore_uv*1 cuda0000240000a*1 cuda-EvtHandlr*1 
2026-09-28T05:50:59+04:00	ck9e-whole-256k	0	484754	484448	23	881532928	606646272	python3*17 ZMQbg/Reaper*3 ZMQbg/IO/0*3 
2026-09-28T05:51:09+04:00	ck9e-whole-256k	0	484418	363	2	25309184	6037504	uv*1 main2*1 
2026-09-28T05:51:09+04:00	ck9e-whole-256k	0	484448	484418	22	682160128	422739968	ft*18 ZMQbg/Reaper*2 ZMQbg/IO/0*2 
2026-09-28T05:51:09+04:00	ck9e-whole-256k	0	484752	484448	1	12742656	5939200	python3*1 
2026-09-28T05:51:09+04:00	ck9e-whole-256k	0	484753	484448	41	14409125888	984252416	python3*36 pt_gloo_runloop*2 pt_tcpstore_uv*1 cuda0000240000a*1 cuda-EvtHandlr*1 
2026-09-28T05:51:09+04:00	ck9e-whole-256k	0	484754	484448	23	860295168	606646272	python3*17 ZMQbg/Reaper*3 ZMQbg/IO/0*3 
2026-09-28T05:51:23+04:00	ck9e-whole-256k	0	484418	363	2	25309184	6037504	uv*1 main2*1 
2026-09-28T05:51:23+04:00	ck9e-whole-256k	0	484448	484418	22	641949696	422739968	ft*18 ZMQbg/Reaper*2 ZMQbg/IO/0*2 
2026-09-28T05:51:23+04:00	ck9e-whole-256k	0	484752	484448	1	12738560	5939200	python3*1 
2026-09-28T05:51:23+04:00	ck9e-whole-256k	0	484753	484448	41	19917193216	984526848	python3*36 pt_gloo_runloop*2 pt_tcpstore_uv*1 cuda0000240000a*1 cuda-EvtHandlr*1 
2026-09-28T05:51:23+04:00	ck9e-whole-256k	0	484754	484448	23	821981184	606646272	python3*17 ZMQbg/Reaper*3 ZMQbg/IO/0*3 
2026-09-28T05:51:33+04:00	ck9e-whole-256k	0	484418	363	2	18927616	12288	uv*1 main2*1 
2026-09-28T05:51:33+04:00	ck9e-whole-256k	0	484448	484418	22	390385664	201932800	ft*18 ZMQbg/Reaper*2 ZMQbg/IO/0*2 
2026-09-28T05:51:33+04:00	ck9e-whole-256k	0	484752	484448	1	12713984	5939200	python3*1 
2026-09-28T05:51:33+04:00	ck9e-whole-256k	0	484753	484448	41	23663910912	1236733952	python3*36 pt_gloo_runloop*2 pt_tcpstore_uv*1 cuda0000240000a*1 cuda-EvtHandlr*1 
2026-09-28T05:51:33+04:00	ck9e-whole-256k	0	484754	484448	23	791441408	606646272	python3*17 ZMQbg/Reaper*3 ZMQbg/IO/0*3 
2026-09-28T05:51:43+04:00	ck9e-whole-256k	0	484418	363	2	18501632	12288	uv*1 main2*1 
2026-09-28T05:51:43+04:00	ck9e-whole-256k	0	484448	484418	39	597860352	406241280	ft*35 ZMQbg/Reaper*2 ZMQbg/IO/0*2 
2026-09-28T05:51:43+04:00	ck9e-whole-256k	0	484752	484448	1	12713984	5939200	python3*1 
2026-09-28T05:51:43+04:00	ck9e-whole-256k	0	484753	484448	45	22560538624	1751674880	python3*36 pt_gloo_runloop*2 ZMQbg/Reaper*2 ZMQbg/IO/0*2 pt_tcpstore_uv*1 cuda0000240000a*1 
2026-09-28T05:51:44+04:00	ck9e-whole-256k	0	484754	484448	39	792715264	607330304	python3*33 ZMQbg/Reaper*3 ZMQbg/IO/0*3 
2026-09-28T05:51:57+04:00	ck9e-whole-256k	0	484418	363	2	18501632	12288	uv*1 main2*1 
2026-09-28T05:51:57+04:00	ck9e-whole-256k	0	484448	484418	39	597860352	406241280	ft*35 ZMQbg/Reaper*2 ZMQbg/IO/0*2 
2026-09-28T05:51:57+04:00	ck9e-whole-256k	0	484752	484448	1	12713984	5939200	python3*1 
2026-09-28T05:51:57+04:00	ck9e-whole-256k	0	484753	484448	45	22560538624	1751674880	python3*36 pt_gloo_runloop*2 ZMQbg/Reaper*2 ZMQbg/IO/0*2 pt_tcpstore_uv*1 cuda0000240000a*1 
2026-09-28T05:51:57+04:00	ck9e-whole-256k	0	484754	484448	39	792715264	607330304	python3*33 ZMQbg/Reaper*3 ZMQbg/IO/0*3 
2026-09-28T05:52:07+04:00	ck9e-whole-256k	0	484418	363	2	18501632	12288	uv*1 main2*1 
2026-09-28T05:52:07+04:00	ck9e-whole-256k	0	484448	484418	57	672022528	480382976	ft*51 ZMQbg/Reaper*3 ZMQbg/IO/0*3 
2026-09-28T05:52:07+04:00	ck9e-whole-256k	0	484752	484448	1	12713984	5939200	python3*1 
2026-09-28T05:52:07+04:00	ck9e-whole-256k	0	484753	484448	45	22560645120	1751781376	python3*36 pt_gloo_runloop*2 ZMQbg/Reaper*2 ZMQbg/IO/0*2 pt_tcpstore_uv*1 cuda0000240000a*1 
2026-09-28T05:52:07+04:00	ck9e-whole-256k	0	484754	484448	39	861118464	675733504	python3*33 ZMQbg/Reaper*3 ZMQbg/IO/0*3 
2026-09-28T05:52:18+04:00	ck9e-whole-256k	0	484418	363	2	18501632	12288	uv*1 main2*1 
2026-09-28T05:52:18+04:00	ck9e-whole-256k	0	484448	484418	57	672022528	480382976	ft*51 ZMQbg/Reaper*3 ZMQbg/IO/0*3 
2026-09-28T05:52:18+04:00	ck9e-whole-256k	0	484752	484448	1	12713984	5939200	python3*1 
2026-09-28T05:52:18+04:00	ck9e-whole-256k	0	484753	484448	45	22561636352	1752772608	python3*36 pt_gloo_runloop*2 ZMQbg/Reaper*2 ZMQbg/IO/0*2 pt_tcpstore_uv*1 cuda0000240000a*1 
2026-09-28T05:52:18+04:00	ck9e-whole-256k	0	484754	484448	57	808333312	622927872	python3*49 ZMQbg/Reaper*4 ZMQbg/IO/0*4 
2026-09-28T05:52:31+04:00	ck9e-whole-256k	0	484418	363	2	18501632	12288	uv*1 main2*1 
2026-09-28T05:52:31+04:00	ck9e-whole-256k	0	484448	484418	57	569794560	385564672	ft*51 ZMQbg/Reaper*3 ZMQbg/IO/0*3 
2026-09-28T05:52:31+04:00	ck9e-whole-256k	0	484752	484448	1	12713984	5939200	python3*1 
2026-09-28T05:52:31+04:00	ck9e-whole-256k	0	484753	484448	45	22553219072	1752772608	python3*36 pt_gloo_runloop*2 ZMQbg/Reaper*2 ZMQbg/IO/0*2 pt_tcpstore_uv*1 cuda0000240000a*1 
2026-09-28T05:52:31+04:00	ck9e-whole-256k	0	484754	484448	57	801005568	622927872	python3*49 ZMQbg/Reaper*4 ZMQbg/IO/0*4 
2026-09-28T05:52:42+04:00	ck9e-whole-256k	0	484418	363	2	16588800	12288	uv*1 main2*1 
2026-09-28T05:52:42+04:00	ck9e-whole-256k	0	484448	484418	57	500129792	328110080	ft*51 ZMQbg/Reaper*3 ZMQbg/IO/0*3 
2026-09-28T05:52:42+04:00	ck9e-whole-256k	0	484752	484448	1	6799360	24576	python3*1 
2026-09-28T05:52:42+04:00	ck9e-whole-256k	0	484753	484448	45	22522503168	1735090176	python3*36 pt_gloo_runloop*2 ZMQbg/Reaper*2 ZMQbg/IO/0*2 pt_tcpstore_uv*1 cuda0000240000a*1 
2026-09-28T05:52:42+04:00	ck9e-whole-256k	0	484754	484448	57	767250432	600903680	python3*49 ZMQbg/Reaper*4 ZMQbg/IO/0*4 
2026-09-28T05:52:52+04:00	ck9e-whole-256k	0	484418	363	2	16588800	12288	uv*1 main2*1 
2026-09-28T05:52:52+04:00	ck9e-whole-256k	0	484448	484418	57	500129792	328110080	ft*51 ZMQbg/Reaper*3 ZMQbg/IO/0*3 
2026-09-28T05:52:52+04:00	ck9e-whole-256k	0	484752	484448	1	6799360	24576	python3*1 
2026-09-28T05:52:52+04:00	ck9e-whole-256k	0	484753	484448	45	22522503168	1735090176	python3*36 pt_gloo_runloop*2 ZMQbg/Reaper*2 ZMQbg/IO/0*2 pt_tcpstore_uv*1 cuda0000240000a*1 
2026-09-28T05:52:52+04:00	ck9e-whole-256k	0	484754	484448	57	767250432	600903680	python3*49 ZMQbg/Reaper*4 ZMQbg/IO/0*4 
2026-09-28T05:53:05+04:00	ck9e-whole-256k	0	484418	363	2	16588800	12288	uv*1 main2*1 
2026-09-28T05:53:05+04:00	ck9e-whole-256k	0	484448	484418	57	500133888	328114176	ft*51 ZMQbg/Reaper*3 ZMQbg/IO/0*3 
2026-09-28T05:53:05+04:00	ck9e-whole-256k	0	484752	484448	1	6799360	24576	python3*1 
2026-09-28T05:53:05+04:00	ck9e-whole-256k	0	484753	484448	45	22522503168	1735090176	python3*36 pt_gloo_runloop*2 ZMQbg/Reaper*2 ZMQbg/IO/0*2 pt_tcpstore_uv*1 cuda0000240000a*1 
2026-09-28T05:53:05+04:00	ck9e-whole-256k	0	484754	484448	57	767250432	600903680	python3*49 ZMQbg/Reaper*4 ZMQbg/IO/0*4 
2026-09-28T05:53:15+04:00	ck9e-whole-256k	0	484418	363	2	16588800	12288	uv*1 main2*1 
2026-09-28T05:53:15+04:00	ck9e-whole-256k	0	484448	484418	57	500133888	328114176	ft*51 ZMQbg/Reaper*3 ZMQbg/IO/0*3 
2026-09-28T05:53:15+04:00	ck9e-whole-256k	0	484752	484448	1	6799360	24576	python3*1 
2026-09-28T05:53:15+04:00	ck9e-whole-256k	0	484753	484448	45	22522503168	1735090176	python3*36 pt_gloo_runloop*2 ZMQbg/Reaper*2 ZMQbg/IO/0*2 pt_tcpstore_uv*1 cuda0000240000a*1 
2026-09-28T05:53:16+04:00	ck9e-whole-256k	0	484754	484448	57	767250432	600903680	python3*49 ZMQbg/Reaper*4 ZMQbg/IO/0*4 
2026-09-28T05:53:26+04:00	ck9e-whole-256k	0	484418	363	2	16588800	12288	uv*1 main2*1 
2026-09-28T05:53:26+04:00	ck9e-whole-256k	0	484448	484418	57	500375552	328355840	ft*51 ZMQbg/Reaper*3 ZMQbg/IO/0*3 
2026-09-28T05:53:26+04:00	ck9e-whole-256k	0	484752	484448	1	6799360	24576	python3*1 
2026-09-28T05:53:26+04:00	ck9e-whole-256k	0	484753	484448	45	22583902208	1794654208	python3*36 pt_gloo_runloop*2 ZMQbg/Reaper*2 ZMQbg/IO/0*2 pt_tcpstore_uv*1 cuda0000240000a*1 
2026-09-28T05:53:26+04:00	ck9e-whole-256k	0	484754	484448	57	852168704	685821952	python3*49 ZMQbg/Reaper*4 ZMQbg/IO/0*4 
2026-09-28T05:53:36+04:00	ck9e-whole-256k	0	484418	363	2	16588800	12288	uv*1 main2*1 
2026-09-28T05:53:36+04:00	ck9e-whole-256k	0	484448	484418	57	500375552	328355840	ft*51 ZMQbg/Reaper*3 ZMQbg/IO/0*3 
2026-09-28T05:53:36+04:00	ck9e-whole-256k	0	484752	484448	1	6799360	24576	python3*1 
2026-09-28T05:53:36+04:00	ck9e-whole-256k	0	484753	484448	45	22583902208	1794654208	python3*36 pt_gloo_runloop*2 ZMQbg/Reaper*2 ZMQbg/IO/0*2 pt_tcpstore_uv*1 cuda0000240000a*1 
2026-09-28T05:53:36+04:00	ck9e-whole-256k	0	484754	484448	57	852168704	685821952	python3*49 ZMQbg/Reaper*4 ZMQbg/IO/0*4 
2026-09-28T05:53:50+04:00	ck9e-whole-256k	0	484418	363	2	15990784	12288	uv*1 main2*1 
2026-09-28T05:53:50+04:00	ck9e-whole-256k	0	484448	484418	57	487059456	328347648	ft*51 ZMQbg/Reaper*3 ZMQbg/IO/0*3 
2026-09-28T05:53:50+04:00	ck9e-whole-256k	0	484752	484448	1	6799360	24576	python3*1 
2026-09-28T05:53:50+04:00	ck9e-whole-256k	0	484753	484448	45	22522785792	1749114880	python3*36 pt_gloo_runloop*2 ZMQbg/Reaper*2 ZMQbg/IO/0*2 pt_tcpstore_uv*1 cuda0000240000a*1 
2026-09-28T05:53:50+04:00	ck9e-whole-256k	0	484754	484448	57	793395200	640008192	python3*49 ZMQbg/Reaper*4 ZMQbg/IO/0*4 
2026-09-28T05:54:00+04:00	ck9e-whole-256k	0	484418	363	2	15990784	12288	uv*1 main2*1 
2026-09-28T05:54:00+04:00	ck9e-whole-256k	0	484448	484418	57	487059456	328347648	ft*51 ZMQbg/Reaper*3 ZMQbg/IO/0*3 
2026-09-28T05:54:00+04:00	ck9e-whole-256k	0	484752	484448	1	6799360	24576	python3*1 
2026-09-28T05:54:00+04:00	ck9e-whole-256k	0	484753	484448	45	22522785792	1749114880	python3*36 pt_gloo_runloop*2 ZMQbg/Reaper*2 ZMQbg/IO/0*2 pt_tcpstore_uv*1 cuda0000240000a*1 
2026-09-28T05:54:00+04:00	ck9e-whole-256k	0	484754	484448	57	793395200	640008192	python3*49 ZMQbg/Reaper*4 ZMQbg/IO/0*4 
2026-09-28T05:54:10+04:00	ck9e-whole-256k	0	484418	363	2	15990784	12288	uv*1 main2*1 
2026-09-28T05:54:10+04:00	ck9e-whole-256k	0	484448	484418	57	487059456	328347648	ft*51 ZMQbg/Reaper*3 ZMQbg/IO/0*3 
2026-09-28T05:54:10+04:00	ck9e-whole-256k	0	484752	484448	1	6799360	24576	python3*1 
2026-09-28T05:54:10+04:00	ck9e-whole-256k	0	484753	484448	45	22522785792	1749114880	python3*36 pt_gloo_runloop*2 ZMQbg/Reaper*2 ZMQbg/IO/0*2 pt_tcpstore_uv*1 cuda0000240000a*1 
2026-09-28T05:54:11+04:00	ck9e-whole-256k	0	484754	484448	57	793395200	640008192	python3*49 ZMQbg/Reaper*4 ZMQbg/IO/0*4 
2026-09-28T05:54:24+04:00	ck9e-whole-256k	0	484418	363	2	15990784	12288	uv*1 main2*1 
2026-09-28T05:54:24+04:00	ck9e-whole-256k	0	484448	484418	57	487059456	328347648	ft*51 ZMQbg/Reaper*3 ZMQbg/IO/0*3 
2026-09-28T05:54:24+04:00	ck9e-whole-256k	0	484752	484448	1	6799360	24576	python3*1 
2026-09-28T05:54:24+04:00	ck9e-whole-256k	0	484753	484448	45	22522785792	1749114880	python3*36 pt_gloo_runloop*2 ZMQbg/Reaper*2 ZMQbg/IO/0*2 pt_tcpstore_uv*1 cuda0000240000a*1 
2026-09-28T05:54:24+04:00	ck9e-whole-256k	0	484754	484448	57	793395200	640008192	python3*49 ZMQbg/Reaper*4 ZMQbg/IO/0*4 
2026-09-28T05:54:34+04:00	ck9e-whole-256k	0	484418	363	2	15990784	12288	uv*1 main2*1 
2026-09-28T05:54:34+04:00	ck9e-whole-256k	0	484448	484418	57	487059456	328347648	ft*51 ZMQbg/Reaper*3 ZMQbg/IO/0*3 
2026-09-28T05:54:34+04:00	ck9e-whole-256k	0	484752	484448	1	6799360	24576	python3*1 
2026-09-28T05:54:34+04:00	ck9e-whole-256k	0	484753	484448	45	22522785792	1749114880	python3*36 pt_gloo_runloop*2 ZMQbg/Reaper*2 ZMQbg/IO/0*2 pt_tcpstore_uv*1 cuda0000240000a*1 
2026-09-28T05:54:34+04:00	ck9e-whole-256k	0	484754	484448	57	793395200	640008192	python3*49 ZMQbg/Reaper*4 ZMQbg/IO/0*4 
2026-09-28T05:54:44+04:00	ck9e-whole-256k	0	484418	363	2	15990784	12288	uv*1 main2*1 
2026-09-28T05:54:44+04:00	ck9e-whole-256k	0	484448	484418	57	487395328	328683520	ft*51 ZMQbg/Reaper*3 ZMQbg/IO/0*3 
2026-09-28T05:54:44+04:00	ck9e-whole-256k	0	484752	484448	1	6799360	24576	python3*1 
2026-09-28T05:54:44+04:00	ck9e-whole-256k	0	484753	484448	45	22536794112	1757556736	python3*36 pt_gloo_runloop*2 ZMQbg/Reaper*2 ZMQbg/IO/0*2 pt_tcpstore_uv*1 cuda0000240000a*1 
2026-09-28T05:54:45+04:00	ck9e-whole-256k	0	484754	484448	57	793395200	640008192	python3*49 ZMQbg/Reaper*4 ZMQbg/IO/0*4 
2026-09-28T05:54:58+04:00	ck9e-whole-256k	0	484418	363	2	15990784	12288	uv*1 main2*1 
2026-09-28T05:54:58+04:00	ck9e-whole-256k	0	484448	484418	57	487428096	328716288	ft*51 ZMQbg/Reaper*3 ZMQbg/IO/0*3 
2026-09-28T05:54:58+04:00	ck9e-whole-256k	0	484752	484448	1	6799360	24576	python3*1 
2026-09-28T05:54:58+04:00	ck9e-whole-256k	0	484753	484448	45	22536794112	1757556736	python3*36 pt_gloo_runloop*2 ZMQbg/Reaper*2 ZMQbg/IO/0*2 pt_tcpstore_uv*1 cuda0000240000a*1 
2026-09-28T05:54:58+04:00	ck9e-whole-256k	0	484754	484448	57	793395200	640008192	python3*49 ZMQbg/Reaper*4 ZMQbg/IO/0*4 
2026-09-28T05:55:08+04:00	ck9e-whole-256k	0	484418	363	2	15990784	12288	uv*1 main2*1 
2026-09-28T05:55:08+04:00	ck9e-whole-256k	0	484448	484418	57	487432192	328720384	ft*51 ZMQbg/Reaper*3 ZMQbg/IO/0*3 
2026-09-28T05:55:08+04:00	ck9e-whole-256k	0	484752	484448	1	6799360	24576	python3*1 
2026-09-28T05:55:08+04:00	ck9e-whole-256k	0	484753	484448	45	22536794112	1757556736	python3*36 pt_gloo_runloop*2 ZMQbg/Reaper*2 ZMQbg/IO/0*2 pt_tcpstore_uv*1 cuda0000240000a*1 
2026-09-28T05:55:09+04:00	ck9e-whole-256k	0	484754	484448	57	793395200	640008192	python3*49 ZMQbg/Reaper*4 ZMQbg/IO/0*4 
2026-09-28T05:55:19+04:00	ck9e-whole-256k	0	484418	363	2	15990784	12288	uv*1 main2*1 
2026-09-28T05:55:19+04:00	ck9e-whole-256k	0	484448	484418	57	487432192	328720384	ft*51 ZMQbg/Reaper*3 ZMQbg/IO/0*3 
2026-09-28T05:55:19+04:00	ck9e-whole-256k	0	484752	484448	1	6799360	24576	python3*1 
2026-09-28T05:55:19+04:00	ck9e-whole-256k	0	484753	484448	45	22536794112	1757556736	python3*36 pt_gloo_runloop*2 ZMQbg/Reaper*2 ZMQbg/IO/0*2 pt_tcpstore_uv*1 cuda0000240000a*1 
2026-09-28T05:55:19+04:00	ck9e-whole-256k	0	484754	484448	57	793395200	640008192	python3*49 ZMQbg/Reaper*4 ZMQbg/IO/0*4 
2026-09-28T05:55:32+04:00	ck9e-whole-256k	0	484418	363	2	15990784	12288	uv*1 main2*1 
2026-09-28T05:55:32+04:00	ck9e-whole-256k	0	484448	484418	57	487432192	328720384	ft*51 ZMQbg/Reaper*3 ZMQbg/IO/0*3 
2026-09-28T05:55:32+04:00	ck9e-whole-256k	0	484752	484448	1	6799360	24576	python3*1 
2026-09-28T05:55:32+04:00	ck9e-whole-256k	0	484753	484448	45	22536794112	1757556736	python3*36 pt_gloo_runloop*2 ZMQbg/Reaper*2 ZMQbg/IO/0*2 pt_tcpstore_uv*1 cuda0000240000a*1 
2026-09-28T05:55:32+04:00	ck9e-whole-256k	0	484754	484448	57	793395200	640008192	python3*49 ZMQbg/Reaper*4 ZMQbg/IO/0*4 
2026-09-28T05:55:42+04:00	ck9e-whole-256k	0	484418	363	2	15990784	12288	uv*1 main2*1 
2026-09-28T05:55:42+04:00	ck9e-whole-256k	0	484448	484418	57	487432192	328720384	ft*51 ZMQbg/Reaper*3 ZMQbg/IO/0*3 
2026-09-28T05:55:42+04:00	ck9e-whole-256k	0	484752	484448	1	6799360	24576	python3*1 
2026-09-28T05:55:42+04:00	ck9e-whole-256k	0	484753	484448	45	22536794112	1757556736	python3*36 pt_gloo_runloop*2 ZMQbg/Reaper*2 ZMQbg/IO/0*2 pt_tcpstore_uv*1 cuda0000240000a*1 
2026-09-28T05:55:43+04:00	ck9e-whole-256k	0	484754	484448	57	793395200	640008192	python3*49 ZMQbg/Reaper*4 ZMQbg/IO/0*4 
2026-09-28T05:55:53+04:00	ck9e-whole-256k	0	484418	363	2	15990784	12288	uv*1 main2*1 
2026-09-28T05:55:53+04:00	ck9e-whole-256k	0	484448	484418	57	487432192	328720384	ft*51 ZMQbg/Reaper*3 ZMQbg/IO/0*3 
2026-09-28T05:55:53+04:00	ck9e-whole-256k	0	484752	484448	1	6799360	24576	python3*1 
2026-09-28T05:55:53+04:00	ck9e-whole-256k	0	484753	484448	45	22536794112	1757556736	python3*36 pt_gloo_runloop*2 ZMQbg/Reaper*2 ZMQbg/IO/0*2 pt_tcpstore_uv*1 cuda0000240000a*1 
2026-09-28T05:55:53+04:00	ck9e-whole-256k	0	484754	484448	57	793395200	640008192	python3*49 ZMQbg/Reaper*4 ZMQbg/IO/0*4 
2026-09-28T05:56:07+04:00	ck9e-whole-256k	0	484418	363	2	15990784	12288	uv*1 main2*1 
2026-09-28T05:56:07+04:00	ck9e-whole-256k	0	484448	484418	57	487432192	328720384	ft*51 ZMQbg/Reaper*3 ZMQbg/IO/0*3 
2026-09-28T05:56:07+04:00	ck9e-whole-256k	0	484752	484448	1	6799360	24576	python3*1 
2026-09-28T05:56:07+04:00	ck9e-whole-256k	0	484753	484448	45	22536794112	1757556736	python3*36 pt_gloo_runloop*2 ZMQbg/Reaper*2 ZMQbg/IO/0*2 pt_tcpstore_uv*1 cuda0000240000a*1 
2026-09-28T05:56:07+04:00	ck9e-whole-256k	0	484754	484448	57	793395200	640008192	python3*49 ZMQbg/Reaper*4 ZMQbg/IO/0*4 
2026-09-28T05:56:17+04:00	ck9e-whole-256k	0	484418	363	2	15990784	12288	uv*1 main2*1 
2026-09-28T05:56:17+04:00	ck9e-whole-256k	0	484448	484418	57	487432192	328720384	ft*51 ZMQbg/Reaper*3 ZMQbg/IO/0*3 
2026-09-28T05:56:17+04:00	ck9e-whole-256k	0	484752	484448	1	6799360	24576	python3*1 
2026-09-28T05:56:17+04:00	ck9e-whole-256k	0	484753	484448	45	22536794112	1757556736	python3*36 pt_gloo_runloop*2 ZMQbg/Reaper*2 ZMQbg/IO/0*2 pt_tcpstore_uv*1 cuda0000240000a*1 
2026-09-28T05:56:17+04:00	ck9e-whole-256k	0	484754	484448	57	793395200	640008192	python3*49 ZMQbg/Reaper*4 ZMQbg/IO/0*4 
2026-09-28T05:56:27+04:00	ck9e-whole-256k	0	484418	363	2	15990784	12288	uv*1 main2*1 
2026-09-28T05:56:27+04:00	ck9e-whole-256k	0	484448	484418	57	487432192	328720384	ft*51 ZMQbg/Reaper*3 ZMQbg/IO/0*3 
2026-09-28T05:56:27+04:00	ck9e-whole-256k	0	484752	484448	1	6799360	24576	python3*1 
2026-09-28T05:56:27+04:00	ck9e-whole-256k	0	484753	484448	45	22536794112	1757556736	python3*36 pt_gloo_runloop*2 ZMQbg/Reaper*2 ZMQbg/IO/0*2 pt_tcpstore_uv*1 cuda0000240000a*1 
2026-09-28T05:56:27+04:00	ck9e-whole-256k	0	484754	484448	57	793395200	640008192	python3*49 ZMQbg/Reaper*4 ZMQbg/IO/0*4 
2026-09-28T05:56:41+04:00	ck9e-whole-256k	0	484418	363	2	15990784	12288	uv*1 main2*1 
2026-09-28T05:56:41+04:00	ck9e-whole-256k	0	484448	484418	57	487432192	328720384	ft*51 ZMQbg/Reaper*3 ZMQbg/IO/0*3 
2026-09-28T05:56:41+04:00	ck9e-whole-256k	0	484752	484448	1	6799360	24576	python3*1 
2026-09-28T05:56:41+04:00	ck9e-whole-256k	0	484753	484448	45	22536794112	1757556736	python3*36 pt_gloo_runloop*2 ZMQbg/Reaper*2 ZMQbg/IO/0*2 pt_tcpstore_uv*1 cuda0000240000a*1 
2026-09-28T05:56:41+04:00	ck9e-whole-256k	0	484754	484448	57	793395200	640008192	python3*49 ZMQbg/Reaper*4 ZMQbg/IO/0*4 
2026-09-28T05:56:51+04:00	ck9e-whole-256k	0	484418	363	2	15990784	12288	uv*1 main2*1 
2026-09-28T05:56:51+04:00	ck9e-whole-256k	0	484448	484418	57	487432192	328720384	ft*51 ZMQbg/Reaper*3 ZMQbg/IO/0*3 
2026-09-28T05:56:51+04:00	ck9e-whole-256k	0	484752	484448	1	6799360	24576	python3*1 
2026-09-28T05:56:51+04:00	ck9e-whole-256k	0	484753	484448	45	22536794112	1757556736	python3*36 pt_gloo_runloop*2 ZMQbg/Reaper*2 ZMQbg/IO/0*2 pt_tcpstore_uv*1 cuda0000240000a*1 
2026-09-28T05:56:51+04:00	ck9e-whole-256k	0	484754	484448	57	793395200	640008192	python3*49 ZMQbg/Reaper*4 ZMQbg/IO/0*4 
2026-09-28T05:57:01+04:00	ck9e-whole-256k	0	484418	363	2	15990784	12288	uv*1 main2*1 
2026-09-28T05:57:01+04:00	ck9e-whole-256k	0	484448	484418	57	487432192	328720384	ft*51 ZMQbg/Reaper*3 ZMQbg/IO/0*3 
2026-09-28T05:57:01+04:00	ck9e-whole-256k	0	484752	484448	1	6799360	24576	python3*1 
2026-09-28T05:57:01+04:00	ck9e-whole-256k	0	484753	484448	45	22536794112	1757556736	python3*36 pt_gloo_runloop*2 ZMQbg/Reaper*2 ZMQbg/IO/0*2 pt_tcpstore_uv*1 cuda0000240000a*1 
2026-09-28T05:57:01+04:00	ck9e-whole-256k	0	484754	484448	57	793395200	640008192	python3*49 ZMQbg/Reaper*4 ZMQbg/IO/0*4 
2026-09-28T05:57:15+04:00	ck9e-whole-256k	0	484418	363	2	15990784	12288	uv*1 main2*1 
2026-09-28T05:57:15+04:00	ck9e-whole-256k	0	484448	484418	57	487432192	328720384	ft*51 ZMQbg/Reaper*3 ZMQbg/IO/0*3 
2026-09-28T05:57:15+04:00	ck9e-whole-256k	0	484752	484448	1	6799360	24576	python3*1 
2026-09-28T05:57:15+04:00	ck9e-whole-256k	0	484753	484448	45	22536794112	1757556736	python3*36 pt_gloo_runloop*2 ZMQbg/Reaper*2 ZMQbg/IO/0*2 pt_tcpstore_uv*1 cuda0000240000a*1 
2026-09-28T05:57:15+04:00	ck9e-whole-256k	0	484754	484448	57	793395200	640008192	python3*49 ZMQbg/Reaper*4 ZMQbg/IO/0*4 
2026-09-28T05:57:25+04:00	ck9e-whole-256k	0	484418	363	2	15990784	12288	uv*1 main2*1 
2026-09-28T05:57:25+04:00	ck9e-whole-256k	0	484448	484418	57	487432192	328720384	ft*51 ZMQbg/Reaper*3 ZMQbg/IO/0*3 
2026-09-28T05:57:25+04:00	ck9e-whole-256k	0	484752	484448	1	6799360	24576	python3*1 
2026-09-28T05:57:25+04:00	ck9e-whole-256k	0	484753	484448	45	22536794112	1757556736	python3*36 pt_gloo_runloop*2 ZMQbg/Reaper*2 ZMQbg/IO/0*2 pt_tcpstore_uv*1 cuda0000240000a*1 
2026-09-28T05:57:26+04:00	ck9e-whole-256k	0	484754	484448	57	793395200	640008192	python3*49 ZMQbg/Reaper*4 ZMQbg/IO/0*4 
2026-09-28T05:57:36+04:00	ck9e-whole-256k	0	484418	363	2	15990784	12288	uv*1 main2*1 
2026-09-28T05:57:36+04:00	ck9e-whole-256k	0	484448	484418	57	487432192	328720384	ft*51 ZMQbg/Reaper*3 ZMQbg/IO/0*3 
2026-09-28T05:57:36+04:00	ck9e-whole-256k	0	484752	484448	1	6799360	24576	python3*1 
2026-09-28T05:57:36+04:00	ck9e-whole-256k	0	484753	484448	45	22536794112	1757556736	python3*36 pt_gloo_runloop*2 ZMQbg/Reaper*2 ZMQbg/IO/0*2 pt_tcpstore_uv*1 cuda0000240000a*1 
2026-09-28T05:57:36+04:00	ck9e-whole-256k	0	484754	484448	57	793395200	640008192	python3*49 ZMQbg/Reaper*4 ZMQbg/IO/0*4 
2026-09-28T05:57:46+04:00	ck9e-whole-256k	0	484418	363	2	15990784	12288	uv*1 main2*1 
2026-09-28T05:57:49+04:00	ck9e-whole-256k	0	484448	484418	57	487432192	328720384	ft*51 ZMQbg/Reaper*3 ZMQbg/IO/0*3 
2026-09-28T05:57:49+04:00	ck9e-whole-256k	0	484752	484448	1	6799360	24576	python3*1 
2026-09-28T05:57:49+04:00	ck9e-whole-256k	0	484753	484448	45	22536794112	1757556736	python3*36 pt_gloo_runloop*2 ZMQbg/Reaper*2 ZMQbg/IO/0*2 pt_tcpstore_uv*1 cuda0000240000a*1 
2026-09-28T05:57:49+04:00	ck9e-whole-256k	0	484754	484448	57	793395200	640008192	python3*49 ZMQbg/Reaper*4 ZMQbg/IO/0*4 
2026-09-28T05:57:59+04:00	ck9e-whole-256k	0	484418	363	2	15990784	12288	uv*1 main2*1 
2026-09-28T05:57:59+04:00	ck9e-whole-256k	0	484448	484418	57	487432192	328720384	ft*51 ZMQbg/Reaper*3 ZMQbg/IO/0*3 
2026-09-28T05:58:00+04:00	ck9e-whole-256k	0	484752	484448	1	6799360	24576	python3*1 
2026-09-28T05:58:00+04:00	ck9e-whole-256k	0	484753	484448	45	22536794112	1757556736	python3*36 pt_gloo_runloop*2 ZMQbg/Reaper*2 ZMQbg/IO/0*2 pt_tcpstore_uv*1 cuda0000240000a*1 
2026-09-28T05:58:00+04:00	ck9e-whole-256k	0	484754	484448	57	793395200	640008192	python3*49 ZMQbg/Reaper*4 ZMQbg/IO/0*4 
2026-09-28T05:58:10+04:00	ck9e-whole-256k	0	484418	363	2	15990784	12288	uv*1 main2*1 
2026-09-28T05:58:10+04:00	ck9e-whole-256k	0	484448	484418	57	487432192	328720384	ft*51 ZMQbg/Reaper*3 ZMQbg/IO/0*3 
2026-09-28T05:58:10+04:00	ck9e-whole-256k	0	484752	484448	1	6799360	24576	python3*1 
2026-09-28T05:58:10+04:00	ck9e-whole-256k	0	484753	484448	45	22536794112	1757556736	python3*36 pt_gloo_runloop*2 ZMQbg/Reaper*2 ZMQbg/IO/0*2 pt_tcpstore_uv*1 cuda0000240000a*1 
2026-09-28T05:58:10+04:00	ck9e-whole-256k	0	484754	484448	57	793395200	640008192	python3*49 ZMQbg/Reaper*4 ZMQbg/IO/0*4 
2026-09-28T05:58:20+04:00	ck9e-whole-256k	0	484418	363	2	15990784	12288	uv*1 main2*1 
2026-09-28T05:58:20+04:00	ck9e-whole-256k	0	484448	484418	57	487432192	328720384	ft*51 ZMQbg/Reaper*3 ZMQbg/IO/0*3 
2026-09-28T05:58:20+04:00	ck9e-whole-256k	0	484752	484448	1	6799360	24576	python3*1 
2026-09-28T05:58:20+04:00	ck9e-whole-256k	0	484753	484448	45	22536794112	1757556736	python3*36 pt_gloo_runloop*2 ZMQbg/Reaper*2 ZMQbg/IO/0*2 pt_tcpstore_uv*1 cuda0000240000a*1 
2026-09-28T05:58:20+04:00	ck9e-whole-256k	0	484754	484448	57	793395200	640008192	python3*49 ZMQbg/Reaper*4 ZMQbg/IO/0*4 
2026-09-28T05:58:34+04:00	ck9e-whole-256k	0	484418	363	2	15990784	12288	uv*1 main2*1 
2026-09-28T05:58:34+04:00	ck9e-whole-256k	0	484448	484418	57	487432192	328720384	ft*51 ZMQbg/Reaper*3 ZMQbg/IO/0*3 
2026-09-28T05:58:34+04:00	ck9e-whole-256k	0	484752	484448	1	6799360	24576	python3*1 
2026-09-28T05:58:34+04:00	ck9e-whole-256k	0	484753	484448	45	22536798208	1757560832	python3*36 pt_gloo_runloop*2 ZMQbg/Reaper*2 ZMQbg/IO/0*2 pt_tcpstore_uv*1 cuda0000240000a*1 
2026-09-28T05:58:34+04:00	ck9e-whole-256k	0	484754	484448	57	793395200	640008192	python3*49 ZMQbg/Reaper*4 ZMQbg/IO/0*4 
2026-09-28T05:58:44+04:00	ck9e-whole-256k	0	484418	363	2	15990784	12288	uv*1 main2*1 
2026-09-28T05:58:44+04:00	ck9e-whole-256k	0	484448	484418	57	487432192	328720384	ft*51 ZMQbg/Reaper*3 ZMQbg/IO/0*3 
2026-09-28T05:58:44+04:00	ck9e-whole-256k	0	484752	484448	1	6799360	24576	python3*1 
2026-09-28T05:58:44+04:00	ck9e-whole-256k	0	484753	484448	45	22536953856	1757716480	python3*36 pt_gloo_runloop*2 ZMQbg/Reaper*2 ZMQbg/IO/0*2 pt_tcpstore_uv*1 cuda0000240000a*1 
2026-09-28T05:58:44+04:00	ck9e-whole-256k	0	484754	484448	57	793395200	640008192	python3*49 ZMQbg/Reaper*4 ZMQbg/IO/0*4 
2026-09-28T05:58:54+04:00	ck9e-whole-256k	0	484418	363	2	15990784	12288	uv*1 main2*1 
2026-09-28T05:58:54+04:00	ck9e-whole-256k	0	484448	484418	57	487432192	328720384	ft*51 ZMQbg/Reaper*3 ZMQbg/IO/0*3 
2026-09-28T05:58:54+04:00	ck9e-whole-256k	0	484752	484448	1	6799360	24576	python3*1 
2026-09-28T05:58:54+04:00	ck9e-whole-256k	0	484753	484448	45	22537093120	1757855744	python3*36 pt_gloo_runloop*2 ZMQbg/Reaper*2 ZMQbg/IO/0*2 pt_tcpstore_uv*1 cuda0000240000a*1 
2026-09-28T05:58:54+04:00	ck9e-whole-256k	0	484754	484448	57	793395200	640008192	python3*49 ZMQbg/Reaper*4 ZMQbg/IO/0*4 
2026-09-28T05:59:08+04:00	ck9e-whole-256k	0	484418	363	2	15990784	12288	uv*1 main2*1 
2026-09-28T05:59:08+04:00	ck9e-whole-256k	0	484448	484418	57	487432192	328720384	ft*51 ZMQbg/Reaper*3 ZMQbg/IO/0*3 
2026-09-28T05:59:08+04:00	ck9e-whole-256k	0	484752	484448	1	6799360	24576	python3*1 
2026-09-28T05:59:08+04:00	ck9e-whole-256k	0	484753	484448	45	22537256960	1758023680	python3*36 pt_gloo_runloop*2 ZMQbg/Reaper*2 ZMQbg/IO/0*2 pt_tcpstore_uv*1 cuda0000240000a*1 
2026-09-28T05:59:08+04:00	ck9e-whole-256k	0	484754	484448	57	793395200	640008192	python3*49 ZMQbg/Reaper*4 ZMQbg/IO/0*4 
2026-09-28T05:59:18+04:00	ck9e-whole-256k	0	484418	363	2	15990784	12288	uv*1 main2*1 
2026-09-28T05:59:18+04:00	ck9e-whole-256k	0	484448	484418	57	487432192	328720384	ft*51 ZMQbg/Reaper*3 ZMQbg/IO/0*3 
2026-09-28T05:59:18+04:00	ck9e-whole-256k	0	484752	484448	1	6799360	24576	python3*1 
2026-09-28T05:59:18+04:00	ck9e-whole-256k	0	484753	484448	45	22537879552	1758642176	python3*36 pt_gloo_runloop*2 ZMQbg/Reaper*2 ZMQbg/IO/0*2 pt_tcpstore_uv*1 cuda0000240000a*1 
2026-09-28T05:59:18+04:00	ck9e-whole-256k	0	484754	484448	57	793395200	640008192	python3*49 ZMQbg/Reaper*4 ZMQbg/IO/0*4 
2026-09-28T05:59:28+04:00	ck9e-whole-256k	0	484418	363	2	15990784	12288	uv*1 main2*1 
2026-09-28T05:59:28+04:00	ck9e-whole-256k	0	484448	484418	57	487432192	328720384	ft*51 ZMQbg/Reaper*3 ZMQbg/IO/0*3 
2026-09-28T05:59:28+04:00	ck9e-whole-256k	0	484752	484448	1	6799360	24576	python3*1 
2026-09-28T05:59:28+04:00	ck9e-whole-256k	0	484753	484448	45	22537879552	1758642176	python3*36 pt_gloo_runloop*2 ZMQbg/Reaper*2 ZMQbg/IO/0*2 pt_tcpstore_uv*1 cuda0000240000a*1 
2026-09-28T05:59:28+04:00	ck9e-whole-256k	0	484754	484448	57	793395200	640008192	python3*49 ZMQbg/Reaper*4 ZMQbg/IO/0*4 
2026-09-28T05:59:41+04:00	ck9e-whole-256k	0	484418	363	2	15990784	12288	uv*1 main2*1 
2026-09-28T05:59:41+04:00	ck9e-whole-256k	0	484448	484418	57	487432192	328720384	ft*51 ZMQbg/Reaper*3 ZMQbg/IO/0*3 
2026-09-28T05:59:41+04:00	ck9e-whole-256k	0	484752	484448	1	6799360	24576	python3*1 
2026-09-28T05:59:41+04:00	ck9e-whole-256k	0	484753	484448	45	22537883648	1758646272	python3*36 pt_gloo_runloop*2 ZMQbg/Reaper*2 ZMQbg/IO/0*2 pt_tcpstore_uv*1 cuda0000240000a*1 
2026-09-28T05:59:42+04:00	ck9e-whole-256k	0	484754	484448	57	793395200	640008192	python3*49 ZMQbg/Reaper*4 ZMQbg/IO/0*4 
2026-09-28T05:59:52+04:00	ck9e-whole-256k	0	484418	363	2	15990784	12288	uv*1 main2*1 
2026-09-28T05:59:52+04:00	ck9e-whole-256k	0	484448	484418	57	487432192	328720384	ft*51 ZMQbg/Reaper*3 ZMQbg/IO/0*3 
2026-09-28T05:59:52+04:00	ck9e-whole-256k	0	484752	484448	1	6799360	24576	python3*1 
2026-09-28T05:59:52+04:00	ck9e-whole-256k	0	484753	484448	45	22537883648	1758646272	python3*36 pt_gloo_runloop*2 ZMQbg/Reaper*2 ZMQbg/IO/0*2 pt_tcpstore_uv*1 cuda0000240000a*1 
2026-09-28T05:59:52+04:00	ck9e-whole-256k	0	484754	484448	57	793395200	640008192	python3*49 ZMQbg/Reaper*4 ZMQbg/IO/0*4 
2026-09-28T06:00:02+04:00	ck9e-whole-256k	0	484418	363	2	15990784	12288	uv*1 main2*1 
2026-09-28T06:00:02+04:00	ck9e-whole-256k	0	484448	484418	57	487432192	328720384	ft*51 ZMQbg/Reaper*3 ZMQbg/IO/0*3 
2026-09-28T06:00:02+04:00	ck9e-whole-256k	0	484752	484448	1	6799360	24576	python3*1 
2026-09-28T06:00:02+04:00	ck9e-whole-256k	0	484753	484448	45	22537965568	1758740480	python3*36 pt_gloo_runloop*2 ZMQbg/Reaper*2 ZMQbg/IO/0*2 pt_tcpstore_uv*1 cuda0000240000a*1 
2026-09-28T06:00:02+04:00	ck9e-whole-256k	0	484754	484448	57	793395200	640008192	python3*49 ZMQbg/Reaper*4 ZMQbg/IO/0*4 
2026-09-28T06:00:15+04:00	ck9e-whole-256k	0	484418	363	2	15990784	12288	uv*1 main2*1 
2026-09-28T06:00:15+04:00	ck9e-whole-256k	0	484448	484418	57	487432192	328720384	ft*51 ZMQbg/Reaper*3 ZMQbg/IO/0*3 
2026-09-28T06:00:15+04:00	ck9e-whole-256k	0	484752	484448	1	6799360	24576	python3*1 
2026-09-28T06:00:15+04:00	ck9e-whole-256k	0	484753	484448	45	22538113024	1758875648	python3*36 pt_gloo_runloop*2 ZMQbg/Reaper*2 ZMQbg/IO/0*2 pt_tcpstore_uv*1 cuda0000240000a*1 
2026-09-28T06:00:16+04:00	ck9e-whole-256k	0	484754	484448	57	793395200	640008192	python3*49 ZMQbg/Reaper*4 ZMQbg/IO/0*4 
2026-09-28T06:00:26+04:00	ck9e-whole-256k	0	484418	363	2	15990784	12288	uv*1 main2*1 
2026-09-28T06:00:26+04:00	ck9e-whole-256k	0	484448	484418	57	487432192	328720384	ft*51 ZMQbg/Reaper*3 ZMQbg/IO/0*3 
2026-09-28T06:00:26+04:00	ck9e-whole-256k	0	484752	484448	1	6799360	24576	python3*1 
2026-09-28T06:00:26+04:00	ck9e-whole-256k	0	484753	484448	45	22538248192	1759010816	python3*36 pt_gloo_runloop*2 ZMQbg/Reaper*2 ZMQbg/IO/0*2 pt_tcpstore_uv*1 cuda0000240000a*1 
2026-09-28T06:00:26+04:00	ck9e-whole-256k	0	484754	484448	57	793395200	640008192	python3*49 ZMQbg/Reaper*4 ZMQbg/IO/0*4 
2026-09-28T06:00:36+04:00	ck9e-whole-256k	0	484418	363	2	15990784	12288	uv*1 main2*1 
2026-09-28T06:00:36+04:00	ck9e-whole-256k	0	484448	484418	57	487432192	328720384	ft*51 ZMQbg/Reaper*3 ZMQbg/IO/0*3 
2026-09-28T06:00:36+04:00	ck9e-whole-256k	0	484752	484448	1	6799360	24576	python3*1 
2026-09-28T06:00:36+04:00	ck9e-whole-256k	0	484753	484448	45	22538395648	1759158272	python3*36 pt_gloo_runloop*2 ZMQbg/Reaper*2 ZMQbg/IO/0*2 pt_tcpstore_uv*1 cuda0000240000a*1 
2026-09-28T06:00:36+04:00	ck9e-whole-256k	0	484754	484448	57	793395200	640008192	python3*49 ZMQbg/Reaper*4 ZMQbg/IO/0*4 
2026-09-28T06:00:49+04:00	ck9e-whole-256k	0	484418	363	2	15990784	12288	uv*1 main2*1 
2026-09-28T06:00:49+04:00	ck9e-whole-256k	0	484448	484418	57	487432192	328720384	ft*51 ZMQbg/Reaper*3 ZMQbg/IO/0*3 
2026-09-28T06:00:49+04:00	ck9e-whole-256k	0	484752	484448	1	6799360	24576	python3*1 
2026-09-28T06:00:49+04:00	ck9e-whole-256k	0	484753	484448	45	22538555392	1759318016	python3*36 pt_gloo_runloop*2 ZMQbg/Reaper*2 ZMQbg/IO/0*2 pt_tcpstore_uv*1 cuda0000240000a*1 
2026-09-28T06:00:50+04:00	ck9e-whole-256k	0	484754	484448	57	793395200	640008192	python3*49 ZMQbg/Reaper*4 ZMQbg/IO/0*4 
2026-09-28T06:01:00+04:00	ck9e-whole-256k	0	484418	363	2	15990784	12288	uv*1 main2*1 
2026-09-28T06:01:00+04:00	ck9e-whole-256k	0	484448	484418	57	487432192	328720384	ft*51 ZMQbg/Reaper*3 ZMQbg/IO/0*3 
2026-09-28T06:01:00+04:00	ck9e-whole-256k	0	484752	484448	1	6799360	24576	python3*1 
2026-09-28T06:01:00+04:00	ck9e-whole-256k	0	484753	484448	45	22538690560	1759453184	python3*36 pt_gloo_runloop*2 ZMQbg/Reaper*2 ZMQbg/IO/0*2 pt_tcpstore_uv*1 cuda0000240000a*1 
2026-09-28T06:01:00+04:00	ck9e-whole-256k	0	484754	484448	57	793395200	640008192	python3*49 ZMQbg/Reaper*4 ZMQbg/IO/0*4 
2026-09-28T06:01:10+04:00	ck9e-whole-256k	0	484418	363	2	15990784	12288	uv*1 main2*1 
2026-09-28T06:01:10+04:00	ck9e-whole-256k	0	484448	484418	57	487112704	328400896	ft*51 ZMQbg/Reaper*3 ZMQbg/IO/0*3 
2026-09-28T06:01:10+04:00	ck9e-whole-256k	0	484752	484448	1	6799360	24576	python3*1 
2026-09-28T06:01:10+04:00	ck9e-whole-256k	0	484753	484448	45	22539943936	1760706560	python3*36 pt_gloo_runloop*2 ZMQbg/Reaper*2 ZMQbg/IO/0*2 pt_tcpstore_uv*1 cuda0000240000a*1 
2026-09-28T06:01:10+04:00	ck9e-whole-256k	0	484754	484448	57	793411584	640024576	python3*49 ZMQbg/Reaper*4 ZMQbg/IO/0*4 
2026-09-28T06:01:23+04:00	ck9e-whole-256k	0	484418	363	2	15990784	12288	uv*1 main2*1 
2026-09-28T06:01:23+04:00	ck9e-whole-256k	0	484448	484418	57	487112704	328400896	ft*51 ZMQbg/Reaper*3 ZMQbg/IO/0*3 
2026-09-28T06:01:23+04:00	ck9e-whole-256k	0	484752	484448	1	6799360	24576	python3*1 
2026-09-28T06:01:23+04:00	ck9e-whole-256k	0	484753	484448	45	22539943936	1760706560	python3*36 pt_gloo_runloop*2 ZMQbg/Reaper*2 ZMQbg/IO/0*2 pt_tcpstore_uv*1 cuda0000240000a*1 
2026-09-28T06:01:23+04:00	ck9e-whole-256k	0	484754	484448	57	793411584	640024576	python3*49 ZMQbg/Reaper*4 ZMQbg/IO/0*4 
2026-09-28T06:01:34+04:00	ck9e-whole-256k	0	484418	363	2	15990784	12288	uv*1 main2*1 
2026-09-28T06:01:34+04:00	ck9e-whole-256k	0	484448	484418	57	487665664	328953856	ft*51 ZMQbg/Reaper*3 ZMQbg/IO/0*3 
2026-09-28T06:01:34+04:00	ck9e-whole-256k	0	484752	484448	1	6799360	24576	python3*1 
2026-09-28T06:01:34+04:00	ck9e-whole-256k	0	484753	484448	45	22541062144	1761759232	python3*36 pt_gloo_runloop*2 ZMQbg/Reaper*2 ZMQbg/IO/0*2 pt_tcpstore_uv*1 cuda0000240000a*1 
2026-09-28T06:01:34+04:00	ck9e-whole-256k	0	484754	484448	57	793411584	640024576	python3*49 ZMQbg/Reaper*4 ZMQbg/IO/0*4 
2026-09-28T06:01:44+04:00	ck9e-whole-256k	0	484418	363	2	15990784	12288	uv*1 main2*1 
2026-09-28T06:01:44+04:00	ck9e-whole-256k	0	484448	484418	57	488218624	329506816	ft*51 ZMQbg/Reaper*3 ZMQbg/IO/0*3 
2026-09-28T06:01:44+04:00	ck9e-whole-256k	0	484752	484448	1	6799360	24576	python3*1 
2026-09-28T06:01:44+04:00	ck9e-whole-256k	0	484753	484448	45	22541115392	1761771520	python3*36 pt_gloo_runloop*2 ZMQbg/Reaper*2 ZMQbg/IO/0*2 pt_tcpstore_uv*1 cuda0000240000a*1 
2026-09-28T06:01:44+04:00	ck9e-whole-256k	0	484754	484448	57	793411584	640024576	python3*49 ZMQbg/Reaper*4 ZMQbg/IO/0*4 
2026-09-28T06:01:57+04:00	ck9e-whole-256k	0	484418	363	2	15990784	12288	uv*1 main2*1 
2026-09-28T06:01:57+04:00	ck9e-whole-256k	0	484448	484418	57	488222720	329510912	ft*51 ZMQbg/Reaper*3 ZMQbg/IO/0*3 
2026-09-28T06:01:57+04:00	ck9e-whole-256k	0	484752	484448	1	6799360	24576	python3*1 
2026-09-28T06:01:57+04:00	ck9e-whole-256k	0	484753	484448	45	22541115392	1761771520	python3*36 pt_gloo_runloop*2 ZMQbg/Reaper*2 ZMQbg/IO/0*2 pt_tcpstore_uv*1 cuda0000240000a*1 
2026-09-28T06:01:57+04:00	ck9e-whole-256k	0	484754	484448	57	793411584	640024576	python3*49 ZMQbg/Reaper*4 ZMQbg/IO/0*4 
2026-09-28T06:02:08+04:00	ck9e-whole-256k	0	484418	363	2	15990784	12288	uv*1 main2*1 
2026-09-28T06:02:08+04:00	ck9e-whole-256k	0	484448	484418	57	488222720	329510912	ft*51 ZMQbg/Reaper*3 ZMQbg/IO/0*3 
2026-09-28T06:02:08+04:00	ck9e-whole-256k	0	484752	484448	1	6799360	24576	python3*1 
2026-09-28T06:02:08+04:00	ck9e-whole-256k	0	484753	484448	45	22541115392	1761771520	python3*36 pt_gloo_runloop*2 ZMQbg/Reaper*2 ZMQbg/IO/0*2 pt_tcpstore_uv*1 cuda0000240000a*1 
2026-09-28T06:02:08+04:00	ck9e-whole-256k	0	484754	484448	57	793411584	640024576	python3*49 ZMQbg/Reaper*4 ZMQbg/IO/0*4 
2026-09-28T06:02:18+04:00	ck9e-whole-256k	0	484418	363	2	15990784	12288	uv*1 main2*1 
2026-09-28T06:02:18+04:00	ck9e-whole-256k	0	484448	484418	57	488222720	329510912	ft*51 ZMQbg/Reaper*3 ZMQbg/IO/0*3 
2026-09-28T06:02:18+04:00	ck9e-whole-256k	0	484752	484448	1	6799360	24576	python3*1 
2026-09-28T06:02:18+04:00	ck9e-whole-256k	0	484753	484448	45	22541115392	1761771520	python3*36 pt_gloo_runloop*2 ZMQbg/Reaper*2 ZMQbg/IO/0*2 pt_tcpstore_uv*1 cuda0000240000a*1 
2026-09-28T06:02:18+04:00	ck9e-whole-256k	0	484754	484448	57	793411584	640024576	python3*49 ZMQbg/Reaper*4 ZMQbg/IO/0*4 
2026-09-28T06:02:32+04:00	ck9e-whole-256k	0	484418	363	2	15990784	12288	uv*1 main2*1 
2026-09-28T06:02:32+04:00	ck9e-whole-256k	0	484448	484418	57	488222720	329510912	ft*51 ZMQbg/Reaper*3 ZMQbg/IO/0*3 
2026-09-28T06:02:32+04:00	ck9e-whole-256k	0	484752	484448	1	6799360	24576	python3*1 
2026-09-28T06:02:32+04:00	ck9e-whole-256k	0	484753	484448	45	22541115392	1761771520	python3*36 pt_gloo_runloop*2 ZMQbg/Reaper*2 ZMQbg/IO/0*2 pt_tcpstore_uv*1 cuda0000240000a*1 
2026-09-28T06:02:32+04:00	ck9e-whole-256k	0	484754	484448	57	793411584	640024576	python3*49 ZMQbg/Reaper*4 ZMQbg/IO/0*4 
2026-09-28T06:02:42+04:00	ck9e-whole-256k	0	484418	363	2	15990784	12288	uv*1 main2*1 
2026-09-28T06:02:42+04:00	ck9e-whole-256k	0	484448	484418	57	488230912	329519104	ft*51 ZMQbg/Reaper*3 ZMQbg/IO/0*3 
2026-09-28T06:02:42+04:00	ck9e-whole-256k	0	484752	484448	1	6799360	24576	python3*1 
2026-09-28T06:02:42+04:00	ck9e-whole-256k	0	484753	484448	45	22541115392	1761771520	python3*36 pt_gloo_runloop*2 ZMQbg/Reaper*2 ZMQbg/IO/0*2 pt_tcpstore_uv*1 cuda0000240000a*1 
2026-09-28T06:02:42+04:00	ck9e-whole-256k	0	484754	484448	57	793411584	640024576	python3*49 ZMQbg/Reaper*4 ZMQbg/IO/0*4 
2026-09-28T06:02:52+04:00	ck9e-whole-256k	0	484418	363	2	15990784	12288	uv*1 main2*1 
2026-09-28T06:02:52+04:00	ck9e-whole-256k	0	484448	484418	57	488230912	329519104	ft*51 ZMQbg/Reaper*3 ZMQbg/IO/0*3 
2026-09-28T06:02:52+04:00	ck9e-whole-256k	0	484752	484448	1	6799360	24576	python3*1 
2026-09-28T06:02:52+04:00	ck9e-whole-256k	0	484753	484448	45	22541115392	1761771520	python3*36 pt_gloo_runloop*2 ZMQbg/Reaper*2 ZMQbg/IO/0*2 pt_tcpstore_uv*1 cuda0000240000a*1 
2026-09-28T06:02:53+04:00	ck9e-whole-256k	0	484754	484448	57	793411584	640024576	python3*49 ZMQbg/Reaper*4 ZMQbg/IO/0*4 
2026-09-28T06:03:03+04:00	ck9e-whole-256k	0	484418	363	2	15990784	12288	uv*1 main2*1 
2026-09-28T06:03:03+04:00	ck9e-whole-256k	0	484448	484418	57	488230912	329519104	ft*51 ZMQbg/Reaper*3 ZMQbg/IO/0*3 
2026-09-28T06:03:03+04:00	ck9e-whole-256k	0	484752	484448	1	6799360	24576	python3*1 
2026-09-28T06:03:03+04:00	ck9e-whole-256k	0	484753	484448	45	22541115392	1761771520	python3*36 pt_gloo_runloop*2 ZMQbg/Reaper*2 ZMQbg/IO/0*2 pt_tcpstore_uv*1 cuda0000240000a*1 
2026-09-28T06:03:03+04:00	ck9e-whole-256k	0	484754	484448	57	793411584	640024576	python3*49 ZMQbg/Reaper*4 ZMQbg/IO/0*4 
2026-09-28T06:03:17+04:00	ck9e-whole-256k	0	484418	363	2	15990784	12288	uv*1 main2*1 
2026-09-28T06:03:17+04:00	ck9e-whole-256k	0	484448	484418	57	488230912	329519104	ft*51 ZMQbg/Reaper*3 ZMQbg/IO/0*3 
2026-09-28T06:03:17+04:00	ck9e-whole-256k	0	484752	484448	1	6799360	24576	python3*1 
2026-09-28T06:03:17+04:00	ck9e-whole-256k	0	484753	484448	45	22541115392	1761771520	python3*36 pt_gloo_runloop*2 ZMQbg/Reaper*2 ZMQbg/IO/0*2 pt_tcpstore_uv*1 cuda0000240000a*1 
2026-09-28T06:03:17+04:00	ck9e-whole-256k	0	484754	484448	57	793411584	640024576	python3*49 ZMQbg/Reaper*4 ZMQbg/IO/0*4 
2026-09-28T06:03:27+04:00	ck9e-whole-256k	0	484418	363	2	15990784	12288	uv*1 main2*1 
2026-09-28T06:03:27+04:00	ck9e-whole-256k	0	484448	484418	57	488230912	329519104	ft*51 ZMQbg/Reaper*3 ZMQbg/IO/0*3 
2026-09-28T06:03:27+04:00	ck9e-whole-256k	0	484752	484448	1	6799360	24576	python3*1 
2026-09-28T06:03:27+04:00	ck9e-whole-256k	0	484753	484448	45	22541115392	1761771520	python3*36 pt_gloo_runloop*2 ZMQbg/Reaper*2 ZMQbg/IO/0*2 pt_tcpstore_uv*1 cuda0000240000a*1 
2026-09-28T06:03:27+04:00	ck9e-whole-256k	0	484754	484448	57	793411584	640024576	python3*49 ZMQbg/Reaper*4 ZMQbg/IO/0*4 
2026-09-28T06:03:37+04:00	ck9e-whole-256k	0	484418	363	2	15990784	12288	uv*1 main2*1 
2026-09-28T06:03:37+04:00	ck9e-whole-256k	0	484448	484418	57	488230912	329519104	ft*51 ZMQbg/Reaper*3 ZMQbg/IO/0*3 
2026-09-28T06:03:37+04:00	ck9e-whole-256k	0	484752	484448	1	6799360	24576	python3*1 
2026-09-28T06:03:37+04:00	ck9e-whole-256k	0	484753	484448	45	22541115392	1761771520	python3*36 pt_gloo_runloop*2 ZMQbg/Reaper*2 ZMQbg/IO/0*2 pt_tcpstore_uv*1 cuda0000240000a*1 
2026-09-28T06:03:37+04:00	ck9e-whole-256k	0	484754	484448	57	793411584	640024576	python3*49 ZMQbg/Reaper*4 ZMQbg/IO/0*4 
2026-09-28T06:03:51+04:00	ck9e-whole-256k	0	484418	363	2	15990784	12288	uv*1 main2*1 
2026-09-28T06:03:51+04:00	ck9e-whole-256k	0	484448	484418	57	488230912	329519104	ft*51 ZMQbg/Reaper*3 ZMQbg/IO/0*3 
2026-09-28T06:03:51+04:00	ck9e-whole-256k	0	484752	484448	1	6799360	24576	python3*1 
2026-09-28T06:03:51+04:00	ck9e-whole-256k	0	484753	484448	45	22541115392	1761771520	python3*36 pt_gloo_runloop*2 ZMQbg/Reaper*2 ZMQbg/IO/0*2 pt_tcpstore_uv*1 cuda0000240000a*1 
2026-09-28T06:03:51+04:00	ck9e-whole-256k	0	484754	484448	57	793411584	640024576	python3*49 ZMQbg/Reaper*4 ZMQbg/IO/0*4 
2026-09-28T06:04:01+04:00	ck9e-whole-256k	0	484418	363	2	15990784	12288	uv*1 main2*1 
2026-09-28T06:04:01+04:00	ck9e-whole-256k	0	484448	484418	57	488230912	329519104	ft*51 ZMQbg/Reaper*3 ZMQbg/IO/0*3 
2026-09-28T06:04:01+04:00	ck9e-whole-256k	0	484752	484448	1	6799360	24576	python3*1 
2026-09-28T06:04:01+04:00	ck9e-whole-256k	0	484753	484448	45	22541115392	1761771520	python3*36 pt_gloo_runloop*2 ZMQbg/Reaper*2 ZMQbg/IO/0*2 pt_tcpstore_uv*1 cuda0000240000a*1 
2026-09-28T06:04:01+04:00	ck9e-whole-256k	0	484754	484448	57	793411584	640024576	python3*49 ZMQbg/Reaper*4 ZMQbg/IO/0*4 
2026-09-28T06:04:11+04:00	ck9e-whole-256k	0	484418	363	2	15990784	12288	uv*1 main2*1 
2026-09-28T06:04:11+04:00	ck9e-whole-256k	0	484448	484418	57	488230912	329519104	ft*51 ZMQbg/Reaper*3 ZMQbg/IO/0*3 
2026-09-28T06:04:11+04:00	ck9e-whole-256k	0	484752	484448	1	6799360	24576	python3*1 
2026-09-28T06:04:11+04:00	ck9e-whole-256k	0	484753	484448	45	22541115392	1761771520	python3*36 pt_gloo_runloop*2 ZMQbg/Reaper*2 ZMQbg/IO/0*2 pt_tcpstore_uv*1 cuda0000240000a*1 
2026-09-28T06:04:12+04:00	ck9e-whole-256k	0	484754	484448	57	793411584	640024576	python3*49 ZMQbg/Reaper*4 ZMQbg/IO/0*4 
2026-09-28T06:04:25+04:00	ck9e-whole-256k	0	484418	363	2	15990784	12288	uv*1 main2*1 
2026-09-28T06:04:25+04:00	ck9e-whole-256k	0	484448	484418	57	488230912	329519104	ft*51 ZMQbg/Reaper*3 ZMQbg/IO/0*3 
2026-09-28T06:04:25+04:00	ck9e-whole-256k	0	484752	484448	1	6799360	24576	python3*1 
2026-09-28T06:04:25+04:00	ck9e-whole-256k	0	484753	484448	45	22541115392	1761771520	python3*36 pt_gloo_runloop*2 ZMQbg/Reaper*2 ZMQbg/IO/0*2 pt_tcpstore_uv*1 cuda0000240000a*1 
2026-09-28T06:04:25+04:00	ck9e-whole-256k	0	484754	484448	57	793411584	640024576	python3*49 ZMQbg/Reaper*4 ZMQbg/IO/0*4 
2026-09-28T06:04:35+04:00	ck9e-whole-256k	0	484418	363	2	15990784	12288	uv*1 main2*1 
2026-09-28T06:04:35+04:00	ck9e-whole-256k	0	484448	484418	57	488230912	329519104	ft*51 ZMQbg/Reaper*3 ZMQbg/IO/0*3 
2026-09-28T06:04:35+04:00	ck9e-whole-256k	0	484752	484448	1	6799360	24576	python3*1 
2026-09-28T06:04:35+04:00	ck9e-whole-256k	0	484753	484448	45	22541115392	1761771520	python3*36 pt_gloo_runloop*2 ZMQbg/Reaper*2 ZMQbg/IO/0*2 pt_tcpstore_uv*1 cuda0000240000a*1 
2026-09-28T06:04:36+04:00	ck9e-whole-256k	0	484754	484448	57	793411584	640024576	python3*49 ZMQbg/Reaper*4 ZMQbg/IO/0*4 
2026-09-28T06:04:46+04:00	ck9e-whole-256k	0	484418	363	2	15990784	12288	uv*1 main2*1 
2026-09-28T06:04:46+04:00	ck9e-whole-256k	0	484448	484418	57	488230912	329519104	ft*51 ZMQbg/Reaper*3 ZMQbg/IO/0*3 
2026-09-28T06:04:46+04:00	ck9e-whole-256k	0	484752	484448	1	6799360	24576	python3*1 
2026-09-28T06:04:46+04:00	ck9e-whole-256k	0	484753	484448	45	22541115392	1761771520	python3*36 pt_gloo_runloop*2 ZMQbg/Reaper*2 ZMQbg/IO/0*2 pt_tcpstore_uv*1 cuda0000240000a*1 
2026-09-28T06:04:46+04:00	ck9e-whole-256k	0	484754	484448	57	793411584	640024576	python3*49 ZMQbg/Reaper*4 ZMQbg/IO/0*4 
2026-09-28T06:04:59+04:00	ck9e-whole-256k	0	484418	363	2	15990784	12288	uv*1 main2*1 
2026-09-28T06:04:59+04:00	ck9e-whole-256k	0	484448	484418	57	488230912	329519104	ft*51 ZMQbg/Reaper*3 ZMQbg/IO/0*3 
2026-09-28T06:04:59+04:00	ck9e-whole-256k	0	484752	484448	1	6799360	24576	python3*1 
2026-09-28T06:04:59+04:00	ck9e-whole-256k	0	484753	484448	45	22541205504	1761865728	python3*36 pt_gloo_runloop*2 ZMQbg/Reaper*2 ZMQbg/IO/0*2 pt_tcpstore_uv*1 cuda0000240000a*1 
2026-09-28T06:04:59+04:00	ck9e-whole-256k	0	484754	484448	57	793411584	640024576	python3*49 ZMQbg/Reaper*4 ZMQbg/IO/0*4 
2026-09-28T06:05:10+04:00	ck9e-whole-256k	0	484418	363	2	15990784	12288	uv*1 main2*1 
2026-09-28T06:05:10+04:00	ck9e-whole-256k	0	484448	484418	57	488230912	329519104	ft*51 ZMQbg/Reaper*3 ZMQbg/IO/0*3 
2026-09-28T06:05:10+04:00	ck9e-whole-256k	0	484752	484448	1	6799360	24576	python3*1 
2026-09-28T06:05:10+04:00	ck9e-whole-256k	0	484753	484448	45	22541340672	1761996800	python3*36 pt_gloo_runloop*2 ZMQbg/Reaper*2 ZMQbg/IO/0*2 pt_tcpstore_uv*1 cuda0000240000a*1 
2026-09-28T06:05:10+04:00	ck9e-whole-256k	0	484754	484448	57	793411584	640024576	python3*49 ZMQbg/Reaper*4 ZMQbg/IO/0*4 
2026-09-28T06:05:20+04:00	ck9e-whole-256k	0	484418	363	2	15990784	12288	uv*1 main2*1 
2026-09-28T06:05:20+04:00	ck9e-whole-256k	0	484448	484418	57	488230912	329519104	ft*51 ZMQbg/Reaper*3 ZMQbg/IO/0*3 
2026-09-28T06:05:20+04:00	ck9e-whole-256k	0	484752	484448	1	6799360	24576	python3*1 
2026-09-28T06:05:20+04:00	ck9e-whole-256k	0	484753	484448	45	22541475840	1762131968	python3*36 pt_gloo_runloop*2 ZMQbg/Reaper*2 ZMQbg/IO/0*2 pt_tcpstore_uv*1 cuda0000240000a*1 
2026-09-28T06:05:20+04:00	ck9e-whole-256k	0	484754	484448	57	793411584	640024576	python3*49 ZMQbg/Reaper*4 ZMQbg/IO/0*4 
2026-09-28T06:05:33+04:00	ck9e-whole-256k	0	484418	363	2	15990784	12288	uv*1 main2*1 
2026-09-28T06:05:33+04:00	ck9e-whole-256k	0	484448	484418	57	488230912	329519104	ft*51 ZMQbg/Reaper*3 ZMQbg/IO/0*3 
2026-09-28T06:05:33+04:00	ck9e-whole-256k	0	484752	484448	1	6799360	24576	python3*1 
2026-09-28T06:05:33+04:00	ck9e-whole-256k	0	484753	484448	45	22541946880	1762603008	python3*36 pt_gloo_runloop*2 ZMQbg/Reaper*2 ZMQbg/IO/0*2 pt_tcpstore_uv*1 cuda0000240000a*1 
2026-09-28T06:05:34+04:00	ck9e-whole-256k	0	484754	484448	57	793411584	640024576	python3*49 ZMQbg/Reaper*4 ZMQbg/IO/0*4 
2026-09-28T06:05:44+04:00	ck9e-whole-256k	0	484418	363	2	15990784	12288	uv*1 main2*1 
2026-09-28T06:05:44+04:00	ck9e-whole-256k	0	484448	484418	57	488230912	329519104	ft*51 ZMQbg/Reaper*3 ZMQbg/IO/0*3 
2026-09-28T06:05:44+04:00	ck9e-whole-256k	0	484752	484448	1	6799360	24576	python3*1 
2026-09-28T06:05:44+04:00	ck9e-whole-256k	0	484753	484448	45	22541950976	1762607104	python3*36 pt_gloo_runloop*2 ZMQbg/Reaper*2 ZMQbg/IO/0*2 pt_tcpstore_uv*1 cuda0000240000a*1 
2026-09-28T06:05:44+04:00	ck9e-whole-256k	0	484754	484448	57	793411584	640024576	python3*49 ZMQbg/Reaper*4 ZMQbg/IO/0*4 
2026-09-28T06:05:54+04:00	ck9e-whole-256k	0	484418	363	2	15990784	12288	uv*1 main2*1 
2026-09-28T06:05:54+04:00	ck9e-whole-256k	0	484448	484418	57	488230912	329519104	ft*51 ZMQbg/Reaper*3 ZMQbg/IO/0*3 
2026-09-28T06:05:54+04:00	ck9e-whole-256k	0	484752	484448	1	6799360	24576	python3*1 
2026-09-28T06:05:54+04:00	ck9e-whole-256k	0	484753	484448	45	22541950976	1762607104	python3*36 pt_gloo_runloop*2 ZMQbg/Reaper*2 ZMQbg/IO/0*2 pt_tcpstore_uv*1 cuda0000240000a*1 
2026-09-28T06:05:54+04:00	ck9e-whole-256k	0	484754	484448	57	793411584	640024576	python3*49 ZMQbg/Reaper*4 ZMQbg/IO/0*4 
2026-09-28T06:06:08+04:00	ck9e-whole-256k	0	484418	363	2	15990784	12288	uv*1 main2*1 
2026-09-28T06:06:08+04:00	ck9e-whole-256k	0	484448	484418	57	488230912	329519104	ft*51 ZMQbg/Reaper*3 ZMQbg/IO/0*3 
2026-09-28T06:06:08+04:00	ck9e-whole-256k	0	484752	484448	1	6799360	24576	python3*1 
2026-09-28T06:06:08+04:00	ck9e-whole-256k	0	484753	484448	45	22542012416	1762668544	python3*36 pt_gloo_runloop*2 ZMQbg/Reaper*2 ZMQbg/IO/0*2 pt_tcpstore_uv*1 cuda0000240000a*1 
2026-09-28T06:06:08+04:00	ck9e-whole-256k	0	484754	484448	57	793411584	640024576	python3*49 ZMQbg/Reaper*4 ZMQbg/IO/0*4 
2026-09-28T06:06:18+04:00	ck9e-whole-256k	0	484418	363	2	15990784	12288	uv*1 main2*1 
2026-09-28T06:06:18+04:00	ck9e-whole-256k	0	484448	484418	57	488230912	329519104	ft*51 ZMQbg/Reaper*3 ZMQbg/IO/0*3 
2026-09-28T06:06:18+04:00	ck9e-whole-256k	0	484752	484448	1	6799360	24576	python3*1 
2026-09-28T06:06:18+04:00	ck9e-whole-256k	0	484753	484448	45	22542135296	1762791424	python3*36 pt_gloo_runloop*2 ZMQbg/Reaper*2 ZMQbg/IO/0*2 pt_tcpstore_uv*1 cuda0000240000a*1 
2026-09-28T06:06:18+04:00	ck9e-whole-256k	0	484754	484448	57	793411584	640024576	python3*49 ZMQbg/Reaper*4 ZMQbg/IO/0*4 
2026-09-28T06:06:28+04:00	ck9e-whole-256k	0	484418	363	2	15990784	12288	uv*1 main2*1 
2026-09-28T06:06:28+04:00	ck9e-whole-256k	0	484448	484418	57	488230912	329519104	ft*51 ZMQbg/Reaper*3 ZMQbg/IO/0*3 
2026-09-28T06:06:28+04:00	ck9e-whole-256k	0	484752	484448	1	6799360	24576	python3*1 
2026-09-28T06:06:28+04:00	ck9e-whole-256k	0	484753	484448	45	22542270464	1762926592	python3*36 pt_gloo_runloop*2 ZMQbg/Reaper*2 ZMQbg/IO/0*2 pt_tcpstore_uv*1 cuda0000240000a*1 
2026-09-28T06:06:28+04:00	ck9e-whole-256k	0	484754	484448	57	793411584	640024576	python3*49 ZMQbg/Reaper*4 ZMQbg/IO/0*4 
2026-09-28T06:06:42+04:00	ck9e-whole-256k	0	484418	363	2	15990784	12288	uv*1 main2*1 
2026-09-28T06:06:42+04:00	ck9e-whole-256k	0	484448	484418	57	488230912	329519104	ft*51 ZMQbg/Reaper*3 ZMQbg/IO/0*3 
2026-09-28T06:06:42+04:00	ck9e-whole-256k	0	484752	484448	1	6799360	24576	python3*1 
2026-09-28T06:06:42+04:00	ck9e-whole-256k	0	484753	484448	45	22542405632	1763061760	python3*36 pt_gloo_runloop*2 ZMQbg/Reaper*2 ZMQbg/IO/0*2 pt_tcpstore_uv*1 cuda0000240000a*1 
2026-09-28T06:06:42+04:00	ck9e-whole-256k	0	484754	484448	57	793411584	640024576	python3*49 ZMQbg/Reaper*4 ZMQbg/IO/0*4 
2026-09-28T06:06:52+04:00	ck9e-whole-256k	0	484418	363	2	15990784	12288	uv*1 main2*1 
2026-09-28T06:06:52+04:00	ck9e-whole-256k	0	484448	484418	57	488230912	329519104	ft*51 ZMQbg/Reaper*3 ZMQbg/IO/0*3 
2026-09-28T06:06:52+04:00	ck9e-whole-256k	0	484752	484448	1	6799360	24576	python3*1 
2026-09-28T06:06:52+04:00	ck9e-whole-256k	0	484753	484448	45	22542528512	1763184640	python3*36 pt_gloo_runloop*2 ZMQbg/Reaper*2 ZMQbg/IO/0*2 pt_tcpstore_uv*1 cuda0000240000a*1 
2026-09-28T06:06:52+04:00	ck9e-whole-256k	0	484754	484448	57	793411584	640024576	python3*49 ZMQbg/Reaper*4 ZMQbg/IO/0*4 
2026-09-28T06:07:02+04:00	ck9e-whole-256k	0	484418	363	2	15990784	12288	uv*1 main2*1 
2026-09-28T06:07:02+04:00	ck9e-whole-256k	0	484448	484418	57	488230912	329519104	ft*51 ZMQbg/Reaper*3 ZMQbg/IO/0*3 
2026-09-28T06:07:02+04:00	ck9e-whole-256k	0	484752	484448	1	6799360	24576	python3*1 
2026-09-28T06:07:02+04:00	ck9e-whole-256k	0	484753	484448	45	22542659584	1763315712	python3*36 pt_gloo_runloop*2 ZMQbg/Reaper*2 ZMQbg/IO/0*2 pt_tcpstore_uv*1 cuda0000240000a*1 
2026-09-28T06:07:03+04:00	ck9e-whole-256k	0	484754	484448	57	793411584	640024576	python3*49 ZMQbg/Reaper*4 ZMQbg/IO/0*4 
2026-09-28T06:07:13+04:00	ck9e-whole-256k	0	484418	363	2	15990784	12288	uv*1 main2*1 
2026-09-28T06:07:13+04:00	ck9e-whole-256k	0	484448	484418	57	488230912	329519104	ft*51 ZMQbg/Reaper*3 ZMQbg/IO/0*3 
2026-09-28T06:07:13+04:00	ck9e-whole-256k	0	484752	484448	1	6799360	24576	python3*1 
2026-09-28T06:07:13+04:00	ck9e-whole-256k	0	484753	484448	45	22542794752	1763450880	python3*36 pt_gloo_runloop*2 ZMQbg/Reaper*2 ZMQbg/IO/0*2 pt_tcpstore_uv*1 cuda0000240000a*1 
2026-09-28T06:07:13+04:00	ck9e-whole-256k	0	484754	484448	57	793411584	640024576	python3*49 ZMQbg/Reaper*4 ZMQbg/IO/0*4 
2026-09-28T06:07:26+04:00	ck9e-whole-256k	0	484418	363	2	15990784	12288	uv*1 main2*1 
2026-09-28T06:07:26+04:00	ck9e-whole-256k	0	484448	484418	57	488230912	329519104	ft*51 ZMQbg/Reaper*3 ZMQbg/IO/0*3 
2026-09-28T06:07:27+04:00	ck9e-whole-256k	0	484752	484448	1	6799360	24576	python3*1 
2026-09-28T06:07:27+04:00	ck9e-whole-256k	0	484753	484448	45	22542929920	1763586048	python3*36 pt_gloo_runloop*2 ZMQbg/Reaper*2 ZMQbg/IO/0*2 pt_tcpstore_uv*1 cuda0000240000a*1 
2026-09-28T06:07:27+04:00	ck9e-whole-256k	0	484754	484448	57	793411584	640024576	python3*49 ZMQbg/Reaper*4 ZMQbg/IO/0*4 
2026-09-28T06:07:37+04:00	ck9e-whole-256k	0	484418	363	2	15990784	12288	uv*1 main2*1 
2026-09-28T06:07:37+04:00	ck9e-whole-256k	0	484448	484418	57	488230912	329519104	ft*51 ZMQbg/Reaper*3 ZMQbg/IO/0*3 
2026-09-28T06:07:37+04:00	ck9e-whole-256k	0	484752	484448	1	6799360	24576	python3*1 
2026-09-28T06:07:37+04:00	ck9e-whole-256k	0	484753	484448	45	22543060992	1763717120	python3*36 pt_gloo_runloop*2 ZMQbg/Reaper*2 ZMQbg/IO/0*2 pt_tcpstore_uv*1 cuda0000240000a*1 
2026-09-28T06:07:37+04:00	ck9e-whole-256k	0	484754	484448	57	793411584	640024576	python3*49 ZMQbg/Reaper*4 ZMQbg/IO/0*4 
2026-09-28T06:07:47+04:00	ck9e-whole-256k	0	484418	363	2	15990784	12288	uv*1 main2*1 
2026-09-28T06:07:47+04:00	ck9e-whole-256k	0	484448	484418	57	488230912	329519104	ft*51 ZMQbg/Reaper*3 ZMQbg/IO/0*3 
2026-09-28T06:07:47+04:00	ck9e-whole-256k	0	484752	484448	1	6799360	24576	python3*1 
2026-09-28T06:07:47+04:00	ck9e-whole-256k	0	484753	484448	45	22543179776	1763835904	python3*36 pt_gloo_runloop*2 ZMQbg/Reaper*2 ZMQbg/IO/0*2 pt_tcpstore_uv*1 cuda0000240000a*1 
2026-09-28T06:07:47+04:00	ck9e-whole-256k	0	484754	484448	57	793411584	640024576	python3*49 ZMQbg/Reaper*4 ZMQbg/IO/0*4 
2026-09-28T06:08:01+04:00	ck9e-whole-256k	0	484418	363	2	15990784	12288	uv*1 main2*1 
2026-09-28T06:08:01+04:00	ck9e-whole-256k	0	484448	484418	57	488230912	329519104	ft*51 ZMQbg/Reaper*3 ZMQbg/IO/0*3 
2026-09-28T06:08:01+04:00	ck9e-whole-256k	0	484752	484448	1	6799360	24576	python3*1 
2026-09-28T06:08:01+04:00	ck9e-whole-256k	0	484753	484448	45	22543319040	1763975168	python3*36 pt_gloo_runloop*2 ZMQbg/Reaper*2 ZMQbg/IO/0*2 pt_tcpstore_uv*1 cuda0000240000a*1 
2026-09-28T06:08:01+04:00	ck9e-whole-256k	0	484754	484448	57	793411584	640024576	python3*49 ZMQbg/Reaper*4 ZMQbg/IO/0*4 
2026-09-28T06:08:11+04:00	ck9e-whole-256k	0	484418	363	2	15990784	12288	uv*1 main2*1 
2026-09-28T06:08:11+04:00	ck9e-whole-256k	0	484448	484418	57	488230912	329519104	ft*51 ZMQbg/Reaper*3 ZMQbg/IO/0*3 
2026-09-28T06:08:11+04:00	ck9e-whole-256k	0	484752	484448	1	6799360	24576	python3*1 
2026-09-28T06:08:11+04:00	ck9e-whole-256k	0	484753	484448	45	22543429632	1764085760	python3*36 pt_gloo_runloop*2 ZMQbg/Reaper*2 ZMQbg/IO/0*2 pt_tcpstore_uv*1 cuda0000240000a*1 
2026-09-28T06:08:11+04:00	ck9e-whole-256k	0	484754	484448	57	793411584	640024576	python3*49 ZMQbg/Reaper*4 ZMQbg/IO/0*4 
2026-09-28T06:08:21+04:00	ck9e-whole-256k	0	484418	363	2	15990784	12288	uv*1 main2*1 
2026-09-28T06:08:21+04:00	ck9e-whole-256k	0	484448	484418	57	488230912	329519104	ft*51 ZMQbg/Reaper*3 ZMQbg/IO/0*3 
2026-09-28T06:08:21+04:00	ck9e-whole-256k	0	484752	484448	1	6799360	24576	python3*1 
2026-09-28T06:08:21+04:00	ck9e-whole-256k	0	484753	484448	45	22543568896	1764225024	python3*36 pt_gloo_runloop*2 ZMQbg/Reaper*2 ZMQbg/IO/0*2 pt_tcpstore_uv*1 cuda0000240000a*1 
2026-09-28T06:08:22+04:00	ck9e-whole-256k	0	484754	484448	57	793411584	640024576	python3*49 ZMQbg/Reaper*4 ZMQbg/IO/0*4 
2026-09-28T06:08:35+04:00	ck9e-whole-256k	0	484418	363	2	15990784	12288	uv*1 main2*1 
2026-09-28T06:08:35+04:00	ck9e-whole-256k	0	484448	484418	57	488230912	329519104	ft*51 ZMQbg/Reaper*3 ZMQbg/IO/0*3 
2026-09-28T06:08:35+04:00	ck9e-whole-256k	0	484752	484448	1	6799360	24576	python3*1 
2026-09-28T06:08:35+04:00	ck9e-whole-256k	0	484753	484448	45	22543679488	1764335616	python3*36 pt_gloo_runloop*2 ZMQbg/Reaper*2 ZMQbg/IO/0*2 pt_tcpstore_uv*1 cuda0000240000a*1 
2026-09-28T06:08:35+04:00	ck9e-whole-256k	0	484754	484448	57	793411584	640024576	python3*49 ZMQbg/Reaper*4 ZMQbg/IO/0*4 
2026-09-28T06:08:45+04:00	ck9e-whole-256k	0	484418	363	2	15990784	12288	uv*1 main2*1 
2026-09-28T06:08:45+04:00	ck9e-whole-256k	0	484448	484418	57	488230912	329519104	ft*51 ZMQbg/Reaper*3 ZMQbg/IO/0*3 
2026-09-28T06:08:45+04:00	ck9e-whole-256k	0	484752	484448	1	6799360	24576	python3*1 
2026-09-28T06:08:45+04:00	ck9e-whole-256k	0	484753	484448	45	22543822848	1764478976	python3*36 pt_gloo_runloop*2 ZMQbg/Reaper*2 ZMQbg/IO/0*2 pt_tcpstore_uv*1 cuda0000240000a*1 
2026-09-28T06:08:46+04:00	ck9e-whole-256k	0	484754	484448	57	793411584	640024576	python3*49 ZMQbg/Reaper*4 ZMQbg/IO/0*4 
2026-09-28T06:08:56+04:00	ck9e-whole-256k	0	484418	363	2	15990784	12288	uv*1 main2*1 
2026-09-28T06:08:56+04:00	ck9e-whole-256k	0	484448	484418	57	488230912	329519104	ft*51 ZMQbg/Reaper*3 ZMQbg/IO/0*3 
2026-09-28T06:08:56+04:00	ck9e-whole-256k	0	484752	484448	1	6799360	24576	python3*1 
2026-09-28T06:08:56+04:00	ck9e-whole-256k	0	484753	484448	45	22543949824	1764605952	python3*36 pt_gloo_runloop*2 ZMQbg/Reaper*2 ZMQbg/IO/0*2 pt_tcpstore_uv*1 cuda0000240000a*1 
2026-09-28T06:08:56+04:00	ck9e-whole-256k	0	484754	484448	57	793411584	640024576	python3*49 ZMQbg/Reaper*4 ZMQbg/IO/0*4 
2026-09-28T06:09:09+04:00	ck9e-whole-256k	0	484418	363	2	15990784	12288	uv*1 main2*1 
2026-09-28T06:09:09+04:00	ck9e-whole-256k	0	484448	484418	57	488230912	329519104	ft*51 ZMQbg/Reaper*3 ZMQbg/IO/0*3 
2026-09-28T06:09:10+04:00	ck9e-whole-256k	0	484752	484448	1	6799360	24576	python3*1 
2026-09-28T06:09:10+04:00	ck9e-whole-256k	0	484753	484448	45	22544068608	1764728832	python3*36 pt_gloo_runloop*2 ZMQbg/Reaper*2 ZMQbg/IO/0*2 pt_tcpstore_uv*1 cuda0000240000a*1 
2026-09-28T06:09:10+04:00	ck9e-whole-256k	0	484754	484448	57	793411584	640024576	python3*49 ZMQbg/Reaper*4 ZMQbg/IO/0*4 
2026-09-28T06:09:20+04:00	ck9e-whole-256k	0	484418	363	2	15990784	12288	uv*1 main2*1 
2026-09-28T06:09:20+04:00	ck9e-whole-256k	0	484448	484418	57	489369600	330657792	ft*51 ZMQbg/Reaper*3 ZMQbg/IO/0*3 
2026-09-28T06:09:20+04:00	ck9e-whole-256k	0	484752	484448	1	6799360	24576	python3*1 
2026-09-28T06:09:20+04:00	ck9e-whole-256k	0	484753	484448	45	22545260544	1765916672	python3*36 pt_gloo_runloop*2 ZMQbg/Reaper*2 ZMQbg/IO/0*2 pt_tcpstore_uv*1 cuda0000240000a*1 
2026-09-28T06:09:20+04:00	ck9e-whole-256k	0	484754	484448	57	793415680	640028672	python3*49 ZMQbg/Reaper*4 ZMQbg/IO/0*4 
2026-09-28T06:09:30+04:00	ck9e-whole-256k	0	484418	363	2	15990784	12288	uv*1 main2*1 
2026-09-28T06:09:30+04:00	ck9e-whole-256k	0	484448	484418	57	489369600	330657792	ft*51 ZMQbg/Reaper*3 ZMQbg/IO/0*3 
2026-09-28T06:09:30+04:00	ck9e-whole-256k	0	484752	484448	1	6799360	24576	python3*1 
2026-09-28T06:09:30+04:00	ck9e-whole-256k	0	484753	484448	45	22545260544	1765916672	python3*36 pt_gloo_runloop*2 ZMQbg/Reaper*2 ZMQbg/IO/0*2 pt_tcpstore_uv*1 cuda0000240000a*1 
2026-09-28T06:09:30+04:00	ck9e-whole-256k	0	484754	484448	57	793415680	640028672	python3*49 ZMQbg/Reaper*4 ZMQbg/IO/0*4 
2026-09-28T06:09:44+04:00	ck9e-whole-256k	0	484418	363	2	15990784	12288	uv*1 main2*1 
2026-09-28T06:09:44+04:00	ck9e-whole-256k	0	484448	484418	57	489369600	330657792	ft*51 ZMQbg/Reaper*3 ZMQbg/IO/0*3 
2026-09-28T06:09:44+04:00	ck9e-whole-256k	0	484752	484448	1	6799360	24576	python3*1 
2026-09-28T06:09:44+04:00	ck9e-whole-256k	0	484753	484448	45	22545260544	1765916672	python3*36 pt_gloo_runloop*2 ZMQbg/Reaper*2 ZMQbg/IO/0*2 pt_tcpstore_uv*1 cuda0000240000a*1 
2026-09-28T06:09:44+04:00	ck9e-whole-256k	0	484754	484448	57	793415680	640028672	python3*49 ZMQbg/Reaper*4 ZMQbg/IO/0*4 
2026-09-28T06:09:54+04:00	ck9e-whole-256k	0	484418	363	2	15990784	12288	uv*1 main2*1 
2026-09-28T06:09:54+04:00	ck9e-whole-256k	0	484448	484418	57	489369600	330657792	ft*51 ZMQbg/Reaper*3 ZMQbg/IO/0*3 
2026-09-28T06:09:54+04:00	ck9e-whole-256k	0	484752	484448	1	6799360	24576	python3*1 
2026-09-28T06:09:54+04:00	ck9e-whole-256k	0	484753	484448	45	22545260544	1765916672	python3*36 pt_gloo_runloop*2 ZMQbg/Reaper*2 ZMQbg/IO/0*2 pt_tcpstore_uv*1 cuda0000240000a*1 
2026-09-28T06:09:54+04:00	ck9e-whole-256k	0	484754	484448	57	793415680	640028672	python3*49 ZMQbg/Reaper*4 ZMQbg/IO/0*4 
2026-09-28T06:10:04+04:00	ck9e-whole-256k	0	484418	363	2	15990784	12288	uv*1 main2*1 
2026-09-28T06:10:04+04:00	ck9e-whole-256k	0	484448	484418	57	489369600	330657792	ft*51 ZMQbg/Reaper*3 ZMQbg/IO/0*3 
2026-09-28T06:10:04+04:00	ck9e-whole-256k	0	484752	484448	1	6799360	24576	python3*1 
2026-09-28T06:10:04+04:00	ck9e-whole-256k	0	484753	484448	45	22545260544	1765916672	python3*36 pt_gloo_runloop*2 ZMQbg/Reaper*2 ZMQbg/IO/0*2 pt_tcpstore_uv*1 cuda0000240000a*1 
2026-09-28T06:10:05+04:00	ck9e-whole-256k	0	484754	484448	57	793415680	640028672	python3*49 ZMQbg/Reaper*4 ZMQbg/IO/0*4 
2026-09-28T06:10:18+04:00	ck9e-whole-256k	0	484418	363	2	15990784	12288	uv*1 main2*1 
2026-09-28T06:10:18+04:00	ck9e-whole-256k	0	484448	484418	57	489369600	330657792	ft*51 ZMQbg/Reaper*3 ZMQbg/IO/0*3 
2026-09-28T06:10:18+04:00	ck9e-whole-256k	0	484752	484448	1	6799360	24576	python3*1 
2026-09-28T06:10:18+04:00	ck9e-whole-256k	0	484753	484448	45	22545260544	1765916672	python3*36 pt_gloo_runloop*2 ZMQbg/Reaper*2 ZMQbg/IO/0*2 pt_tcpstore_uv*1 cuda0000240000a*1 
2026-09-28T06:10:18+04:00	ck9e-whole-256k	0	484754	484448	57	793415680	640028672	python3*49 ZMQbg/Reaper*4 ZMQbg/IO/0*4 
2026-09-28T06:10:28+04:00	ck9e-whole-256k	0	484418	363	2	15990784	12288	uv*1 main2*1 
2026-09-28T06:10:28+04:00	ck9e-whole-256k	0	484448	484418	57	489369600	330657792	ft*51 ZMQbg/Reaper*3 ZMQbg/IO/0*3 
2026-09-28T06:10:28+04:00	ck9e-whole-256k	0	484752	484448	1	6799360	24576	python3*1 
2026-09-28T06:10:29+04:00	ck9e-whole-256k	0	484753	484448	45	22545260544	1765916672	python3*36 pt_gloo_runloop*2 ZMQbg/Reaper*2 ZMQbg/IO/0*2 pt_tcpstore_uv*1 cuda0000240000a*1 
2026-09-28T06:10:29+04:00	ck9e-whole-256k	0	484754	484448	57	793415680	640028672	python3*49 ZMQbg/Reaper*4 ZMQbg/IO/0*4 
2026-09-28T06:10:39+04:00	ck9e-whole-256k	0	484418	363	2	15990784	12288	uv*1 main2*1 
2026-09-28T06:10:39+04:00	ck9e-whole-256k	0	484448	484418	57	489369600	330657792	ft*51 ZMQbg/Reaper*3 ZMQbg/IO/0*3 
2026-09-28T06:10:39+04:00	ck9e-whole-256k	0	484752	484448	1	6799360	24576	python3*1 
2026-09-28T06:10:39+04:00	ck9e-whole-256k	0	484753	484448	45	22545260544	1765916672	python3*36 pt_gloo_runloop*2 ZMQbg/Reaper*2 ZMQbg/IO/0*2 pt_tcpstore_uv*1 cuda0000240000a*1 
2026-09-28T06:10:39+04:00	ck9e-whole-256k	0	484754	484448	57	793415680	640028672	python3*49 ZMQbg/Reaper*4 ZMQbg/IO/0*4 
2026-09-28T06:10:53+04:00	ck9e-whole-256k	0	484418	363	2	15990784	12288	uv*1 main2*1 
2026-09-28T06:10:53+04:00	ck9e-whole-256k	0	484448	484418	57	489369600	330657792	ft*51 ZMQbg/Reaper*3 ZMQbg/IO/0*3 
2026-09-28T06:10:53+04:00	ck9e-whole-256k	0	484752	484448	1	6799360	24576	python3*1 
2026-09-28T06:10:53+04:00	ck9e-whole-256k	0	484753	484448	45	22545260544	1765916672	python3*36 pt_gloo_runloop*2 ZMQbg/Reaper*2 ZMQbg/IO/0*2 pt_tcpstore_uv*1 cuda0000240000a*1 
2026-09-28T06:10:53+04:00	ck9e-whole-256k	0	484754	484448	57	793415680	640028672	python3*49 ZMQbg/Reaper*4 ZMQbg/IO/0*4 
2026-09-28T06:11:03+04:00	ck9e-whole-256k	0	484418	363	2	15990784	12288	uv*1 main2*1 
2026-09-28T06:11:03+04:00	ck9e-whole-256k	0	484448	484418	57	489369600	330657792	ft*51 ZMQbg/Reaper*3 ZMQbg/IO/0*3 
2026-09-28T06:11:03+04:00	ck9e-whole-256k	0	484752	484448	1	6799360	24576	python3*1 
2026-09-28T06:11:03+04:00	ck9e-whole-256k	0	484753	484448	45	22545260544	1765916672	python3*36 pt_gloo_runloop*2 ZMQbg/Reaper*2 ZMQbg/IO/0*2 pt_tcpstore_uv*1 cuda0000240000a*1 
2026-09-28T06:11:03+04:00	ck9e-whole-256k	0	484754	484448	57	793415680	640028672	python3*49 ZMQbg/Reaper*4 ZMQbg/IO/0*4 
2026-09-28T06:11:13+04:00	ck9e-whole-256k	0	484418	363	2	15990784	12288	uv*1 main2*1 
2026-09-28T06:11:13+04:00	ck9e-whole-256k	0	484448	484418	57	489369600	330657792	ft*51 ZMQbg/Reaper*3 ZMQbg/IO/0*3 
2026-09-28T06:11:13+04:00	ck9e-whole-256k	0	484752	484448	1	6799360	24576	python3*1 
2026-09-28T06:11:13+04:00	ck9e-whole-256k	0	484753	484448	45	22545260544	1765916672	python3*36 pt_gloo_runloop*2 ZMQbg/Reaper*2 ZMQbg/IO/0*2 pt_tcpstore_uv*1 cuda0000240000a*1 
2026-09-28T06:11:14+04:00	ck9e-whole-256k	0	484754	484448	57	793415680	640028672	python3*49 ZMQbg/Reaper*4 ZMQbg/IO/0*4 
2026-09-28T06:11:27+04:00	ck9e-whole-256k	0	484418	363	2	15990784	12288	uv*1 main2*1 
2026-09-28T06:11:27+04:00	ck9e-whole-256k	0	484448	484418	57	489369600	330657792	ft*51 ZMQbg/Reaper*3 ZMQbg/IO/0*3 
2026-09-28T06:11:27+04:00	ck9e-whole-256k	0	484752	484448	1	6799360	24576	python3*1 
2026-09-28T06:11:27+04:00	ck9e-whole-256k	0	484753	484448	45	22545338368	1765994496	python3*36 pt_gloo_runloop*2 ZMQbg/Reaper*2 ZMQbg/IO/0*2 pt_tcpstore_uv*1 cuda0000240000a*1 
2026-09-28T06:11:27+04:00	ck9e-whole-256k	0	484754	484448	57	793415680	640028672	python3*49 ZMQbg/Reaper*4 ZMQbg/IO/0*4 
2026-09-28T06:11:37+04:00	ck9e-whole-256k	0	484418	363	2	15990784	12288	uv*1 main2*1 
2026-09-28T06:11:37+04:00	ck9e-whole-256k	0	484448	484418	57	489369600	330657792	ft*51 ZMQbg/Reaper*3 ZMQbg/IO/0*3 
2026-09-28T06:11:37+04:00	ck9e-whole-256k	0	484752	484448	1	6799360	24576	python3*1 
2026-09-28T06:11:37+04:00	ck9e-whole-256k	0	484753	484448	45	22545448960	1766105088	python3*36 pt_gloo_runloop*2 ZMQbg/Reaper*2 ZMQbg/IO/0*2 pt_tcpstore_uv*1 cuda0000240000a*1 
2026-09-28T06:11:38+04:00	ck9e-whole-256k	0	484754	484448	57	793415680	640028672	python3*49 ZMQbg/Reaper*4 ZMQbg/IO/0*4 
2026-09-28T06:11:48+04:00	ck9e-whole-256k	0	484418	363	2	15990784	12288	uv*1 main2*1 
2026-09-28T06:11:48+04:00	ck9e-whole-256k	0	484448	484418	57	489369600	330657792	ft*51 ZMQbg/Reaper*3 ZMQbg/IO/0*3 
2026-09-28T06:11:48+04:00	ck9e-whole-256k	0	484752	484448	1	6799360	24576	python3*1 
2026-09-28T06:11:48+04:00	ck9e-whole-256k	0	484753	484448	45	22545567744	1766223872	python3*36 pt_gloo_runloop*2 ZMQbg/Reaper*2 ZMQbg/IO/0*2 pt_tcpstore_uv*1 cuda0000240000a*1 
2026-09-28T06:11:48+04:00	ck9e-whole-256k	0	484754	484448	57	793415680	640028672	python3*49 ZMQbg/Reaper*4 ZMQbg/IO/0*4 
2026-09-28T06:11:58+04:00	ck9e-whole-256k	0	484418	363	2	15990784	12288	uv*1 main2*1 
2026-09-28T06:11:58+04:00	ck9e-whole-256k	0	484448	484418	57	489369600	330657792	ft*51 ZMQbg/Reaper*3 ZMQbg/IO/0*3 
2026-09-28T06:11:58+04:00	ck9e-whole-256k	0	484752	484448	1	6799360	24576	python3*1 
2026-09-28T06:11:58+04:00	ck9e-whole-256k	0	484753	484448	45	22545678336	1766334464	python3*36 pt_gloo_runloop*2 ZMQbg/Reaper*2 ZMQbg/IO/0*2 pt_tcpstore_uv*1 cuda0000240000a*1 
2026-09-28T06:11:58+04:00	ck9e-whole-256k	0	484754	484448	57	793415680	640028672	python3*49 ZMQbg/Reaper*4 ZMQbg/IO/0*4 
2026-09-28T06:12:12+04:00	ck9e-whole-256k	0	484418	363	2	15990784	12288	uv*1 main2*1 
2026-09-28T06:12:12+04:00	ck9e-whole-256k	0	484448	484418	57	489369600	330657792	ft*51 ZMQbg/Reaper*3 ZMQbg/IO/0*3 
2026-09-28T06:12:12+04:00	ck9e-whole-256k	0	484752	484448	1	6799360	24576	python3*1 
2026-09-28T06:12:12+04:00	ck9e-whole-256k	0	484753	484448	45	22545772544	1766432768	python3*36 pt_gloo_runloop*2 ZMQbg/Reaper*2 ZMQbg/IO/0*2 pt_tcpstore_uv*1 cuda0000240000a*1 
2026-09-28T06:12:12+04:00	ck9e-whole-256k	0	484754	484448	57	793415680	640028672	python3*49 ZMQbg/Reaper*4 ZMQbg/IO/0*4 
2026-09-28T06:12:22+04:00	ck9e-whole-256k	0	484418	363	2	15990784	12288	uv*1 main2*1 
2026-09-28T06:12:22+04:00	ck9e-whole-256k	0	484448	484418	57	489369600	330657792	ft*51 ZMQbg/Reaper*3 ZMQbg/IO/0*3 
2026-09-28T06:12:22+04:00	ck9e-whole-256k	0	484752	484448	1	6799360	24576	python3*1 
2026-09-28T06:12:22+04:00	ck9e-whole-256k	0	484753	484448	45	22545891328	1766547456	python3*36 pt_gloo_runloop*2 ZMQbg/Reaper*2 ZMQbg/IO/0*2 pt_tcpstore_uv*1 cuda0000240000a*1 
2026-09-28T06:12:22+04:00	ck9e-whole-256k	0	484754	484448	57	793415680	640028672	python3*49 ZMQbg/Reaper*4 ZMQbg/IO/0*4 
2026-09-28T06:12:32+04:00	ck9e-whole-256k	0	484418	363	2	15990784	12288	uv*1 main2*1 
2026-09-28T06:12:32+04:00	ck9e-whole-256k	0	484448	484418	57	489369600	330657792	ft*51 ZMQbg/Reaper*3 ZMQbg/IO/0*3 
2026-09-28T06:12:32+04:00	ck9e-whole-256k	0	484752	484448	1	6799360	24576	python3*1 
2026-09-28T06:12:32+04:00	ck9e-whole-256k	0	484753	484448	45	22545989632	1766645760	python3*36 pt_gloo_runloop*2 ZMQbg/Reaper*2 ZMQbg/IO/0*2 pt_tcpstore_uv*1 cuda0000240000a*1 
2026-09-28T06:12:32+04:00	ck9e-whole-256k	0	484754	484448	57	793415680	640028672	python3*49 ZMQbg/Reaper*4 ZMQbg/IO/0*4 
2026-09-28T06:12:46+04:00	ck9e-whole-256k	0	484418	363	2	15990784	12288	uv*1 main2*1 
2026-09-28T06:12:46+04:00	ck9e-whole-256k	0	484448	484418	57	489369600	330657792	ft*51 ZMQbg/Reaper*3 ZMQbg/IO/0*3 
2026-09-28T06:12:46+04:00	ck9e-whole-256k	0	484752	484448	1	6799360	24576	python3*1 
2026-09-28T06:12:46+04:00	ck9e-whole-256k	0	484753	484448	45	22546087936	1766744064	python3*36 pt_gloo_runloop*2 ZMQbg/Reaper*2 ZMQbg/IO/0*2 pt_tcpstore_uv*1 cuda0000240000a*1 
2026-09-28T06:12:46+04:00	ck9e-whole-256k	0	484754	484448	57	793415680	640028672	python3*49 ZMQbg/Reaper*4 ZMQbg/IO/0*4 
2026-09-28T06:12:56+04:00	ck9e-whole-256k	0	484418	363	2	15990784	12288	uv*1 main2*1 
2026-09-28T06:12:56+04:00	ck9e-whole-256k	0	484448	484418	57	489369600	330657792	ft*51 ZMQbg/Reaper*3 ZMQbg/IO/0*3 
2026-09-28T06:12:56+04:00	ck9e-whole-256k	0	484752	484448	1	6799360	24576	python3*1 
2026-09-28T06:12:56+04:00	ck9e-whole-256k	0	484753	484448	45	22546202624	1766858752	python3*36 pt_gloo_runloop*2 ZMQbg/Reaper*2 ZMQbg/IO/0*2 pt_tcpstore_uv*1 cuda0000240000a*1 
2026-09-28T06:12:56+04:00	ck9e-whole-256k	0	484754	484448	57	793415680	640028672	python3*49 ZMQbg/Reaper*4 ZMQbg/IO/0*4 
2026-09-28T06:13:07+04:00	ck9e-whole-256k	0	484418	363	2	15990784	12288	uv*1 main2*1 
2026-09-28T06:13:07+04:00	ck9e-whole-256k	0	484448	484418	57	489369600	330657792	ft*51 ZMQbg/Reaper*3 ZMQbg/IO/0*3 
2026-09-28T06:13:07+04:00	ck9e-whole-256k	0	484752	484448	1	6799360	24576	python3*1 
2026-09-28T06:13:07+04:00	ck9e-whole-256k	0	484753	484448	45	22546296832	1766952960	python3*36 pt_gloo_runloop*2 ZMQbg/Reaper*2 ZMQbg/IO/0*2 pt_tcpstore_uv*1 cuda0000240000a*1 
2026-09-28T06:13:07+04:00	ck9e-whole-256k	0	484754	484448	57	793415680	640028672	python3*49 ZMQbg/Reaper*4 ZMQbg/IO/0*4 
2026-09-28T06:13:20+04:00	ck9e-whole-256k	0	484418	363	2	15990784	12288	uv*1 main2*1 
2026-09-28T06:13:20+04:00	ck9e-whole-256k	0	484448	484418	57	489369600	330657792	ft*51 ZMQbg/Reaper*3 ZMQbg/IO/0*3 
2026-09-28T06:13:20+04:00	ck9e-whole-256k	0	484752	484448	1	6799360	24576	python3*1 
2026-09-28T06:13:20+04:00	ck9e-whole-256k	0	484753	484448	45	22546415616	1767071744	python3*36 pt_gloo_runloop*2 ZMQbg/Reaper*2 ZMQbg/IO/0*2 pt_tcpstore_uv*1 cuda0000240000a*1 
2026-09-28T06:13:20+04:00	ck9e-whole-256k	0	484754	484448	57	793415680	640028672	python3*49 ZMQbg/Reaper*4 ZMQbg/IO/0*4 
2026-09-28T06:13:30+04:00	ck9e-whole-256k	0	484418	363	2	15990784	12288	uv*1 main2*1 
2026-09-28T06:13:30+04:00	ck9e-whole-256k	0	484448	484418	57	489369600	330657792	ft*51 ZMQbg/Reaper*3 ZMQbg/IO/0*3 
2026-09-28T06:13:30+04:00	ck9e-whole-256k	0	484752	484448	1	6799360	24576	python3*1 
2026-09-28T06:13:30+04:00	ck9e-whole-256k	0	484753	484448	45	22546509824	1767165952	python3*36 pt_gloo_runloop*2 ZMQbg/Reaper*2 ZMQbg/IO/0*2 pt_tcpstore_uv*1 cuda0000240000a*1 
2026-09-28T06:13:31+04:00	ck9e-whole-256k	0	484754	484448	57	793415680	640028672	python3*49 ZMQbg/Reaper*4 ZMQbg/IO/0*4 
2026-09-28T06:13:41+04:00	ck9e-whole-256k	0	484418	363	2	15990784	12288	uv*1 main2*1 
2026-09-28T06:13:41+04:00	ck9e-whole-256k	0	484448	484418	57	489369600	330657792	ft*51 ZMQbg/Reaper*3 ZMQbg/IO/0*3 
2026-09-28T06:13:41+04:00	ck9e-whole-256k	0	484752	484448	1	6799360	24576	python3*1 
2026-09-28T06:13:41+04:00	ck9e-whole-256k	0	484753	484448	45	22546616320	1767272448	python3*36 pt_gloo_runloop*2 ZMQbg/Reaper*2 ZMQbg/IO/0*2 pt_tcpstore_uv*1 cuda0000240000a*1 
2026-09-28T06:13:41+04:00	ck9e-whole-256k	0	484754	484448	57	793415680	640028672	python3*49 ZMQbg/Reaper*4 ZMQbg/IO/0*4 
2026-09-28T06:13:54+04:00	ck9e-whole-256k	0	484418	363	2	15990784	12288	uv*1 main2*1 
2026-09-28T06:13:54+04:00	ck9e-whole-256k	0	484448	484418	57	489369600	330657792	ft*51 ZMQbg/Reaper*3 ZMQbg/IO/0*3 
2026-09-28T06:13:54+04:00	ck9e-whole-256k	0	484752	484448	1	6799360	24576	python3*1 
2026-09-28T06:13:54+04:00	ck9e-whole-256k	0	484753	484448	45	22547152896	1767809024	python3*36 pt_gloo_runloop*2 ZMQbg/Reaper*2 ZMQbg/IO/0*2 pt_tcpstore_uv*1 cuda0000240000a*1 
2026-09-28T06:13:55+04:00	ck9e-whole-256k	0	484754	484448	57	793415680	640028672	python3*49 ZMQbg/Reaper*4 ZMQbg/IO/0*4 
2026-09-28T06:14:05+04:00	ck9e-whole-256k	0	484418	363	2	15990784	12288	uv*1 main2*1 
2026-09-28T06:14:05+04:00	ck9e-whole-256k	0	484448	484418	57	489369600	330657792	ft*51 ZMQbg/Reaper*3 ZMQbg/IO/0*3 
2026-09-28T06:14:05+04:00	ck9e-whole-256k	0	484752	484448	1	6799360	24576	python3*1 
2026-09-28T06:14:05+04:00	ck9e-whole-256k	0	484753	484448	45	22547152896	1767809024	python3*36 pt_gloo_runloop*2 ZMQbg/Reaper*2 ZMQbg/IO/0*2 pt_tcpstore_uv*1 cuda0000240000a*1 
2026-09-28T06:14:05+04:00	ck9e-whole-256k	0	484754	484448	57	793415680	640028672	python3*49 ZMQbg/Reaper*4 ZMQbg/IO/0*4 
2026-09-28T06:14:15+04:00	ck9e-whole-256k	0	484418	363	2	15990784	12288	uv*1 main2*1 
2026-09-28T06:14:15+04:00	ck9e-whole-256k	0	484448	484418	57	489369600	330657792	ft*51 ZMQbg/Reaper*3 ZMQbg/IO/0*3 
2026-09-28T06:14:15+04:00	ck9e-whole-256k	0	484752	484448	1	6799360	24576	python3*1 
2026-09-28T06:14:15+04:00	ck9e-whole-256k	0	484753	484448	45	22547165184	1767821312	python3*36 pt_gloo_runloop*2 ZMQbg/Reaper*2 ZMQbg/IO/0*2 pt_tcpstore_uv*1 cuda0000240000a*1 
2026-09-28T06:14:15+04:00	ck9e-whole-256k	0	484754	484448	57	793415680	640028672	python3*49 ZMQbg/Reaper*4 ZMQbg/IO/0*4 
2026-09-28T06:14:28+04:00	ck9e-whole-256k	0	484418	363	2	15990784	12288	uv*1 main2*1 
2026-09-28T06:14:28+04:00	ck9e-whole-256k	0	484448	484418	57	489369600	330657792	ft*51 ZMQbg/Reaper*3 ZMQbg/IO/0*3 
2026-09-28T06:14:28+04:00	ck9e-whole-256k	0	484752	484448	1	6799360	24576	python3*1 
2026-09-28T06:14:28+04:00	ck9e-whole-256k	0	484753	484448	45	22547165184	1767821312	python3*36 pt_gloo_runloop*2 ZMQbg/Reaper*2 ZMQbg/IO/0*2 pt_tcpstore_uv*1 cuda0000240000a*1 
2026-09-28T06:14:28+04:00	ck9e-whole-256k	0	484754	484448	57	793415680	640028672	python3*49 ZMQbg/Reaper*4 ZMQbg/IO/0*4 
2026-09-28T06:14:39+04:00	ck9e-whole-256k	0	484418	363	2	15990784	12288	uv*1 main2*1 
2026-09-28T06:14:39+04:00	ck9e-whole-256k	0	484448	484418	57	489369600	330657792	ft*51 ZMQbg/Reaper*3 ZMQbg/IO/0*3 
2026-09-28T06:14:39+04:00	ck9e-whole-256k	0	484752	484448	1	6799360	24576	python3*1 
2026-09-28T06:14:39+04:00	ck9e-whole-256k	0	484753	484448	45	22547169280	1767825408	python3*36 pt_gloo_runloop*2 ZMQbg/Reaper*2 ZMQbg/IO/0*2 pt_tcpstore_uv*1 cuda0000240000a*1 
2026-09-28T06:14:39+04:00	ck9e-whole-256k	0	484754	484448	57	793415680	640028672	python3*49 ZMQbg/Reaper*4 ZMQbg/IO/0*4 
2026-09-28T06:14:49+04:00	ck9e-whole-256k	0	484418	363	2	15990784	12288	uv*1 main2*1 
2026-09-28T06:14:49+04:00	ck9e-whole-256k	0	484448	484418	57	489369600	330657792	ft*51 ZMQbg/Reaper*3 ZMQbg/IO/0*3 
2026-09-28T06:14:49+04:00	ck9e-whole-256k	0	484752	484448	1	6799360	24576	python3*1 
2026-09-28T06:14:49+04:00	ck9e-whole-256k	0	484753	484448	45	22547255296	1767911424	python3*36 pt_gloo_runloop*2 ZMQbg/Reaper*2 ZMQbg/IO/0*2 pt_tcpstore_uv*1 cuda0000240000a*1 
2026-09-28T06:14:49+04:00	ck9e-whole-256k	0	484754	484448	57	793415680	640028672	python3*49 ZMQbg/Reaper*4 ZMQbg/IO/0*4 
2026-09-28T06:15:03+04:00	ck9e-whole-256k	0	484418	363	2	15990784	12288	uv*1 main2*1 
2026-09-28T06:15:03+04:00	ck9e-whole-256k	0	484448	484418	57	489369600	330657792	ft*51 ZMQbg/Reaper*3 ZMQbg/IO/0*3 
2026-09-28T06:15:03+04:00	ck9e-whole-256k	0	484752	484448	1	6799360	24576	python3*1 
2026-09-28T06:15:03+04:00	ck9e-whole-256k	0	484753	484448	45	22547349504	1768005632	python3*36 pt_gloo_runloop*2 ZMQbg/Reaper*2 ZMQbg/IO/0*2 pt_tcpstore_uv*1 cuda0000240000a*1 
2026-09-28T06:15:03+04:00	ck9e-whole-256k	0	484754	484448	57	793415680	640028672	python3*49 ZMQbg/Reaper*4 ZMQbg/IO/0*4 
2026-09-28T06:15:13+04:00	ck9e-whole-256k	0	484418	363	2	15990784	12288	uv*1 main2*1 
2026-09-28T06:15:13+04:00	ck9e-whole-256k	0	484448	484418	57	489369600	330657792	ft*51 ZMQbg/Reaper*3 ZMQbg/IO/0*3 
2026-09-28T06:15:13+04:00	ck9e-whole-256k	0	484752	484448	1	6799360	24576	python3*1 
2026-09-28T06:15:13+04:00	ck9e-whole-256k	0	484753	484448	45	22547447808	1768103936	python3*36 pt_gloo_runloop*2 ZMQbg/Reaper*2 ZMQbg/IO/0*2 pt_tcpstore_uv*1 cuda0000240000a*1 
2026-09-28T06:15:13+04:00	ck9e-whole-256k	0	484754	484448	57	793415680	640028672	python3*49 ZMQbg/Reaper*4 ZMQbg/IO/0*4 
2026-09-28T06:15:23+04:00	ck9e-whole-256k	0	484418	363	2	15990784	12288	uv*1 main2*1 
2026-09-28T06:15:23+04:00	ck9e-whole-256k	0	484448	484418	57	489369600	330657792	ft*51 ZMQbg/Reaper*3 ZMQbg/IO/0*3 
2026-09-28T06:15:23+04:00	ck9e-whole-256k	0	484752	484448	1	6799360	24576	python3*1 
2026-09-28T06:15:23+04:00	ck9e-whole-256k	0	484753	484448	45	22547550208	1768206336	python3*36 pt_gloo_runloop*2 ZMQbg/Reaper*2 ZMQbg/IO/0*2 pt_tcpstore_uv*1 cuda0000240000a*1 
2026-09-28T06:15:24+04:00	ck9e-whole-256k	0	484754	484448	57	793415680	640028672	python3*49 ZMQbg/Reaper*4 ZMQbg/IO/0*4 
2026-09-28T06:15:37+04:00	ck9e-whole-256k	0	484418	363	2	15990784	12288	uv*1 main2*1 
2026-09-28T06:15:37+04:00	ck9e-whole-256k	0	484448	484418	57	489369600	330657792	ft*51 ZMQbg/Reaper*3 ZMQbg/IO/0*3 
2026-09-28T06:15:37+04:00	ck9e-whole-256k	0	484752	484448	1	6799360	24576	python3*1 
2026-09-28T06:15:37+04:00	ck9e-whole-256k	0	484753	484448	45	22547664896	1768321024	python3*36 pt_gloo_runloop*2 ZMQbg/Reaper*2 ZMQbg/IO/0*2 pt_tcpstore_uv*1 cuda0000240000a*1 
2026-09-28T06:15:37+04:00	ck9e-whole-256k	0	484754	484448	57	793415680	640028672	python3*49 ZMQbg/Reaper*4 ZMQbg/IO/0*4 
2026-09-28T06:15:47+04:00	ck9e-whole-256k	0	484418	363	2	15990784	12288	uv*1 main2*1 
2026-09-28T06:15:47+04:00	ck9e-whole-256k	0	484448	484418	57	489369600	330657792	ft*51 ZMQbg/Reaper*3 ZMQbg/IO/0*3 
2026-09-28T06:15:47+04:00	ck9e-whole-256k	0	484752	484448	1	6799360	24576	python3*1 
2026-09-28T06:15:47+04:00	ck9e-whole-256k	0	484753	484448	45	22547771392	1768427520	python3*36 pt_gloo_runloop*2 ZMQbg/Reaper*2 ZMQbg/IO/0*2 pt_tcpstore_uv*1 cuda0000240000a*1 
2026-09-28T06:15:47+04:00	ck9e-whole-256k	0	484754	484448	57	793415680	640028672	python3*49 ZMQbg/Reaper*4 ZMQbg/IO/0*4 
2026-09-28T06:15:57+04:00	ck9e-whole-256k	0	484418	363	2	15990784	12288	uv*1 main2*1 
2026-09-28T06:15:57+04:00	ck9e-whole-256k	0	484448	484418	57	489369600	330657792	ft*51 ZMQbg/Reaper*3 ZMQbg/IO/0*3 
2026-09-28T06:15:57+04:00	ck9e-whole-256k	0	484752	484448	1	6799360	24576	python3*1 
2026-09-28T06:15:57+04:00	ck9e-whole-256k	0	484753	484448	45	22547881984	1768538112	python3*36 pt_gloo_runloop*2 ZMQbg/Reaper*2 ZMQbg/IO/0*2 pt_tcpstore_uv*1 cuda0000240000a*1 
2026-09-28T06:15:58+04:00	ck9e-whole-256k	0	484754	484448	57	793415680	640028672	python3*49 ZMQbg/Reaper*4 ZMQbg/IO/0*4 
2026-09-28T06:16:08+04:00	ck9e-whole-256k	0	484418	363	2	15990784	12288	uv*1 main2*1 
2026-09-28T06:16:08+04:00	ck9e-whole-256k	0	484448	484418	57	489369600	330657792	ft*51 ZMQbg/Reaper*3 ZMQbg/IO/0*3 
2026-09-28T06:16:08+04:00	ck9e-whole-256k	0	484752	484448	1	6799360	24576	python3*1 
2026-09-28T06:16:08+04:00	ck9e-whole-256k	0	484753	484448	45	22547968000	1768624128	python3*36 pt_gloo_runloop*2 ZMQbg/Reaper*2 ZMQbg/IO/0*2 pt_tcpstore_uv*1 cuda0000240000a*1 
2026-09-28T06:16:11+04:00	ck9e-whole-256k	0	484754	484448	57	793415680	640028672	python3*49 ZMQbg/Reaper*4 ZMQbg/IO/0*4 
2026-09-28T06:16:21+04:00	ck9e-whole-256k	0	484418	363	2	15990784	12288	uv*1 main2*1 
2026-09-28T06:16:21+04:00	ck9e-whole-256k	0	484448	484418	57	489369600	330657792	ft*51 ZMQbg/Reaper*3 ZMQbg/IO/0*3 
2026-09-28T06:16:21+04:00	ck9e-whole-256k	0	484752	484448	1	6799360	24576	python3*1 
2026-09-28T06:16:21+04:00	ck9e-whole-256k	0	484753	484448	45	22548074496	1768730624	python3*36 pt_gloo_runloop*2 ZMQbg/Reaper*2 ZMQbg/IO/0*2 pt_tcpstore_uv*1 cuda0000240000a*1 
2026-09-28T06:16:22+04:00	ck9e-whole-256k	0	484754	484448	57	793415680	640028672	python3*49 ZMQbg/Reaper*4 ZMQbg/IO/0*4 
2026-09-28T06:16:32+04:00	ck9e-whole-256k	0	484418	363	2	15990784	12288	uv*1 main2*1 
2026-09-28T06:16:32+04:00	ck9e-whole-256k	0	484448	484418	57	489369600	330657792	ft*51 ZMQbg/Reaper*3 ZMQbg/IO/0*3 
2026-09-28T06:16:32+04:00	ck9e-whole-256k	0	484752	484448	1	6799360	24576	python3*1 
2026-09-28T06:16:32+04:00	ck9e-whole-256k	0	484753	484448	45	22548180992	1768837120	python3*36 pt_gloo_runloop*2 ZMQbg/Reaper*2 ZMQbg/IO/0*2 pt_tcpstore_uv*1 cuda0000240000a*1 
2026-09-28T06:16:32+04:00	ck9e-whole-256k	0	484754	484448	57	793415680	640028672	python3*49 ZMQbg/Reaper*4 ZMQbg/IO/0*4 
2026-09-28T06:16:42+04:00	ck9e-whole-256k	0	484418	363	2	15990784	12288	uv*1 main2*1 
2026-09-28T06:16:42+04:00	ck9e-whole-256k	0	484448	484418	57	489369600	330657792	ft*51 ZMQbg/Reaper*3 ZMQbg/IO/0*3 
2026-09-28T06:16:42+04:00	ck9e-whole-256k	0	484752	484448	1	6799360	24576	python3*1 
2026-09-28T06:16:42+04:00	ck9e-whole-256k	0	484753	484448	45	22548271104	1768927232	python3*36 pt_gloo_runloop*2 ZMQbg/Reaper*2 ZMQbg/IO/0*2 pt_tcpstore_uv*1 cuda0000240000a*1 
2026-09-28T06:16:42+04:00	ck9e-whole-256k	0	484754	484448	57	793415680	640028672	python3*49 ZMQbg/Reaper*4 ZMQbg/IO/0*4 
2026-09-28T06:16:55+04:00	ck9e-whole-256k	0	484418	363	2	15990784	12288	uv*1 main2*1 
2026-09-28T06:16:55+04:00	ck9e-whole-256k	0	484448	484418	57	489369600	330657792	ft*51 ZMQbg/Reaper*3 ZMQbg/IO/0*3 
2026-09-28T06:16:55+04:00	ck9e-whole-256k	0	484752	484448	1	6799360	24576	python3*1 
2026-09-28T06:16:55+04:00	ck9e-whole-256k	0	484753	484448	45	22548369408	1769041920	python3*36 pt_gloo_runloop*2 ZMQbg/Reaper*2 ZMQbg/IO/0*2 pt_tcpstore_uv*1 cuda0000240000a*1 
2026-09-28T06:16:56+04:00	ck9e-whole-256k	0	484754	484448	57	793415680	640028672	python3*49 ZMQbg/Reaper*4 ZMQbg/IO/0*4 
2026-09-28T06:17:06+04:00	ck9e-whole-256k	0	484418	363	2	15990784	12288	uv*1 main2*1 
2026-09-28T06:17:06+04:00	ck9e-whole-256k	0	484448	484418	57	489369600	330657792	ft*51 ZMQbg/Reaper*3 ZMQbg/IO/0*3 
2026-09-28T06:17:06+04:00	ck9e-whole-256k	0	484752	484448	1	6799360	24576	python3*1 
2026-09-28T06:17:06+04:00	ck9e-whole-256k	0	484753	484448	45	22548484096	1769140224	python3*36 pt_gloo_runloop*2 ZMQbg/Reaper*2 ZMQbg/IO/0*2 pt_tcpstore_uv*1 cuda0000240000a*1 
2026-09-28T06:17:06+04:00	ck9e-whole-256k	0	484754	484448	57	793415680	640028672	python3*49 ZMQbg/Reaper*4 ZMQbg/IO/0*4 
2026-09-28T06:17:16+04:00	ck9e-whole-256k	0	484418	363	2	15990784	12288	uv*1 main2*1 
2026-09-28T06:17:16+04:00	ck9e-whole-256k	0	484448	484418	57	489369600	330657792	ft*51 ZMQbg/Reaper*3 ZMQbg/IO/0*3 
2026-09-28T06:17:16+04:00	ck9e-whole-256k	0	484752	484448	1	6799360	24576	python3*1 
2026-09-28T06:17:16+04:00	ck9e-whole-256k	0	484753	484448	45	22548578304	1769234432	python3*36 pt_gloo_runloop*2 ZMQbg/Reaper*2 ZMQbg/IO/0*2 pt_tcpstore_uv*1 cuda0000240000a*1 
2026-09-28T06:17:16+04:00	ck9e-whole-256k	0	484754	484448	57	793415680	640028672	python3*49 ZMQbg/Reaper*4 ZMQbg/IO/0*4 
2026-09-28T06:17:30+04:00	ck9e-whole-256k	0	484418	363	2	15990784	12288	uv*1 main2*1 
2026-09-28T06:17:30+04:00	ck9e-whole-256k	0	484448	484418	57	489369600	330657792	ft*51 ZMQbg/Reaper*3 ZMQbg/IO/0*3 
2026-09-28T06:17:30+04:00	ck9e-whole-256k	0	484752	484448	1	6799360	24576	python3*1 
2026-09-28T06:17:30+04:00	ck9e-whole-256k	0	484753	484448	45	22548688896	1769345024	python3*36 pt_gloo_runloop*2 ZMQbg/Reaper*2 ZMQbg/IO/0*2 pt_tcpstore_uv*1 cuda0000240000a*1 
2026-09-28T06:17:30+04:00	ck9e-whole-256k	0	484754	484448	57	793415680	640028672	python3*49 ZMQbg/Reaper*4 ZMQbg/IO/0*4 
2026-09-28T06:17:40+04:00	ck9e-whole-256k	0	484418	363	2	15990784	12288	uv*1 main2*1 
2026-09-28T06:17:40+04:00	ck9e-whole-256k	0	484448	484418	57	489369600	330657792	ft*51 ZMQbg/Reaper*3 ZMQbg/IO/0*3 
2026-09-28T06:17:40+04:00	ck9e-whole-256k	0	484752	484448	1	6799360	24576	python3*1 
2026-09-28T06:17:40+04:00	ck9e-whole-256k	0	484753	484448	45	22548783104	1769439232	python3*36 pt_gloo_runloop*2 ZMQbg/Reaper*2 ZMQbg/IO/0*2 pt_tcpstore_uv*1 cuda0000240000a*1 
2026-09-28T06:17:40+04:00	ck9e-whole-256k	0	484754	484448	57	793415680	640028672	python3*49 ZMQbg/Reaper*4 ZMQbg/IO/0*4 
2026-09-28T06:17:50+04:00	ck9e-whole-256k	0	484418	363	2	15990784	12288	uv*1 main2*1 
2026-09-28T06:17:50+04:00	ck9e-whole-256k	0	484448	484418	57	489369600	330657792	ft*51 ZMQbg/Reaper*3 ZMQbg/IO/0*3 
2026-09-28T06:17:50+04:00	ck9e-whole-256k	0	484752	484448	1	6799360	24576	python3*1 
2026-09-28T06:17:50+04:00	ck9e-whole-256k	0	484753	484448	45	22548893696	1769549824	python3*36 pt_gloo_runloop*2 ZMQbg/Reaper*2 ZMQbg/IO/0*2 pt_tcpstore_uv*1 cuda0000240000a*1 
2026-09-28T06:17:51+04:00	ck9e-whole-256k	0	484754	484448	57	793415680	640028672	python3*49 ZMQbg/Reaper*4 ZMQbg/IO/0*4 
2026-09-28T06:18:04+04:00	ck9e-whole-256k	0	484418	363	2	15990784	12288	uv*1 main2*1 
2026-09-28T06:18:04+04:00	ck9e-whole-256k	0	484448	484418	57	489369600	330657792	ft*51 ZMQbg/Reaper*3 ZMQbg/IO/0*3 
2026-09-28T06:18:04+04:00	ck9e-whole-256k	0	484752	484448	1	6799360	24576	python3*1 
2026-09-28T06:18:04+04:00	ck9e-whole-256k	0	484753	484448	45	22549000192	1769656320	python3*36 pt_gloo_runloop*2 ZMQbg/Reaper*2 ZMQbg/IO/0*2 pt_tcpstore_uv*1 cuda0000240000a*1 
2026-09-28T06:18:04+04:00	ck9e-whole-256k	0	484754	484448	57	793415680	640028672	python3*49 ZMQbg/Reaper*4 ZMQbg/IO/0*4 
2026-09-28T06:18:14+04:00	ck9e-whole-256k	0	484418	363	2	15990784	12288	uv*1 main2*1 
2026-09-28T06:18:14+04:00	ck9e-whole-256k	0	484448	484418	57	489369600	330657792	ft*51 ZMQbg/Reaper*3 ZMQbg/IO/0*3 
2026-09-28T06:18:15+04:00	ck9e-whole-256k	0	484752	484448	1	6799360	24576	python3*1 
2026-09-28T06:18:15+04:00	ck9e-whole-256k	0	484753	484448	45	22549094400	1769750528	python3*36 pt_gloo_runloop*2 ZMQbg/Reaper*2 ZMQbg/IO/0*2 pt_tcpstore_uv*1 cuda0000240000a*1 
2026-09-28T06:18:15+04:00	ck9e-whole-256k	0	484754	484448	57	793415680	640028672	python3*49 ZMQbg/Reaper*4 ZMQbg/IO/0*4 
2026-09-28T06:18:25+04:00	ck9e-whole-256k	0	484418	363	2	15990784	12288	uv*1 main2*1 
2026-09-28T06:18:25+04:00	ck9e-whole-256k	0	484448	484418	57	489369600	330657792	ft*51 ZMQbg/Reaper*3 ZMQbg/IO/0*3 
2026-09-28T06:18:25+04:00	ck9e-whole-256k	0	484752	484448	1	6799360	24576	python3*1 
2026-09-28T06:18:25+04:00	ck9e-whole-256k	0	484753	484448	45	22549192704	1769848832	python3*36 pt_gloo_runloop*2 ZMQbg/Reaper*2 ZMQbg/IO/0*2 pt_tcpstore_uv*1 cuda0000240000a*1 
2026-09-28T06:18:25+04:00	ck9e-whole-256k	0	484754	484448	57	793415680	640028672	python3*49 ZMQbg/Reaper*4 ZMQbg/IO/0*4 
2026-09-28T06:18:38+04:00	ck9e-whole-256k	0	484418	363	2	15990784	12288	uv*1 main2*1 
2026-09-28T06:18:38+04:00	ck9e-whole-256k	0	484448	484418	57	489369600	330657792	ft*51 ZMQbg/Reaper*3 ZMQbg/IO/0*3 
2026-09-28T06:18:38+04:00	ck9e-whole-256k	0	484752	484448	1	6799360	24576	python3*1 
2026-09-28T06:18:38+04:00	ck9e-whole-256k	0	484753	484448	45	22549295104	1769951232	python3*36 pt_gloo_runloop*2 ZMQbg/Reaper*2 ZMQbg/IO/0*2 pt_tcpstore_uv*1 cuda0000240000a*1 
2026-09-28T06:18:39+04:00	ck9e-whole-256k	0	484754	484448	57	793415680	640028672	python3*49 ZMQbg/Reaper*4 ZMQbg/IO/0*4 
2026-09-28T06:18:49+04:00	ck9e-whole-256k	0	484418	363	2	15990784	12288	uv*1 main2*1 
2026-09-28T06:18:49+04:00	ck9e-whole-256k	0	484448	484418	57	491245568	332533760	ft*51 ZMQbg/Reaper*3 ZMQbg/IO/0*3 
2026-09-28T06:18:49+04:00	ck9e-whole-256k	0	484752	484448	1	6799360	24576	python3*1 
2026-09-28T06:18:49+04:00	ck9e-whole-256k	0	484753	484448	45	22550470656	1771126784	python3*36 pt_gloo_runloop*2 ZMQbg/Reaper*2 ZMQbg/IO/0*2 pt_tcpstore_uv*1 cuda0000240000a*1 
2026-09-28T06:18:49+04:00	ck9e-whole-256k	0	484754	484448	57	793415680	640028672	python3*49 ZMQbg/Reaper*4 ZMQbg/IO/0*4 
2026-09-28T06:18:59+04:00	ck9e-whole-256k	0	484418	363	2	15990784	12288	uv*1 main2*1 
2026-09-28T06:18:59+04:00	ck9e-whole-256k	0	484448	484418	57	491995136	333283328	ft*51 ZMQbg/Reaper*3 ZMQbg/IO/0*3 
2026-09-28T06:18:59+04:00	ck9e-whole-256k	0	484752	484448	1	6799360	24576	python3*1 
2026-09-28T06:18:59+04:00	ck9e-whole-256k	0	484753	484448	45	22551441408	1772097536	python3*36 pt_gloo_runloop*2 ZMQbg/Reaper*2 ZMQbg/IO/0*2 pt_tcpstore_uv*1 cuda0000240000a*1 
2026-09-28T06:18:59+04:00	ck9e-whole-256k	0	484754	484448	57	793415680	640028672	python3*49 ZMQbg/Reaper*4 ZMQbg/IO/0*4 
2026-09-28T06:19:13+04:00	ck9e-whole-256k	0	484418	363	2	15990784	12288	uv*1 main2*1 
2026-09-28T06:19:13+04:00	ck9e-whole-256k	0	484448	484418	57	492007424	333295616	ft*51 ZMQbg/Reaper*3 ZMQbg/IO/0*3 
2026-09-28T06:19:13+04:00	ck9e-whole-256k	0	484752	484448	1	6799360	24576	python3*1 
2026-09-28T06:19:13+04:00	ck9e-whole-256k	0	484753	484448	45	22551392256	1772048384	python3*36 pt_gloo_runloop*2 ZMQbg/Reaper*2 ZMQbg/IO/0*2 pt_tcpstore_uv*1 cuda0000240000a*1 
2026-09-28T06:19:13+04:00	ck9e-whole-256k	0	484754	484448	57	793415680	640028672	python3*49 ZMQbg/Reaper*4 ZMQbg/IO/0*4 
2026-09-28T06:19:23+04:00	ck9e-whole-256k	0	484418	363	2	15990784	12288	uv*1 main2*1 
2026-09-28T06:19:23+04:00	ck9e-whole-256k	0	484448	484418	57	492003328	333291520	ft*51 ZMQbg/Reaper*3 ZMQbg/IO/0*3 
2026-09-28T06:19:23+04:00	ck9e-whole-256k	0	484752	484448	1	6799360	24576	python3*1 
2026-09-28T06:19:23+04:00	ck9e-whole-256k	0	484753	484448	45	22551416832	1772072960	python3*36 pt_gloo_runloop*2 ZMQbg/Reaper*2 ZMQbg/IO/0*2 pt_tcpstore_uv*1 cuda0000240000a*1 
2026-09-28T06:19:23+04:00	ck9e-whole-256k	0	484754	484448	57	793415680	640028672	python3*49 ZMQbg/Reaper*4 ZMQbg/IO/0*4 
2026-09-28T06:19:33+04:00	ck9e-whole-256k	0	484418	363	2	15990784	12288	uv*1 main2*1 
2026-09-28T06:19:33+04:00	ck9e-whole-256k	0	484448	484418	57	492003328	333291520	ft*51 ZMQbg/Reaper*3 ZMQbg/IO/0*3 
2026-09-28T06:19:33+04:00	ck9e-whole-256k	0	484752	484448	1	6799360	24576	python3*1 
2026-09-28T06:19:33+04:00	ck9e-whole-256k	0	484753	484448	45	22551470080	1772093440	python3*36 pt_gloo_runloop*2 ZMQbg/Reaper*2 ZMQbg/IO/0*2 pt_tcpstore_uv*1 cuda0000240000a*1 
2026-09-28T06:19:34+04:00	ck9e-whole-256k	0	484754	484448	57	793415680	640028672	python3*49 ZMQbg/Reaper*4 ZMQbg/IO/0*4 
2026-09-28T06:19:47+04:00	ck9e-whole-256k	0	484418	363	2	15990784	12288	uv*1 main2*1 
2026-09-28T06:19:47+04:00	ck9e-whole-256k	0	484448	484418	57	534265856	375554048	ft*51 ZMQbg/Reaper*3 ZMQbg/IO/0*3 
2026-09-28T06:19:47+04:00	ck9e-whole-256k	0	484752	484448	1	6799360	24576	python3*1 
2026-09-28T06:19:47+04:00	ck9e-whole-256k	0	484753	484448	45	22551470080	1772093440	python3*36 pt_gloo_runloop*2 ZMQbg/Reaper*2 ZMQbg/IO/0*2 pt_tcpstore_uv*1 cuda0000240000a*1 
2026-09-28T06:19:47+04:00	ck9e-whole-256k	0	484754	484448	57	794398720	641011712	python3*49 ZMQbg/Reaper*4 ZMQbg/IO/0*4 
2026-09-28T06:19:57+04:00	ck9e-whole-256k	0	484418	363	2	15990784	12288	uv*1 main2*1 
2026-09-28T06:19:57+04:00	ck9e-whole-256k	0	484448	484418	57	534265856	375554048	ft*51 ZMQbg/Reaper*3 ZMQbg/IO/0*3 
2026-09-28T06:19:57+04:00	ck9e-whole-256k	0	484752	484448	1	6799360	24576	python3*1 
2026-09-28T06:19:57+04:00	ck9e-whole-256k	0	484753	484448	45	22551470080	1772093440	python3*36 pt_gloo_runloop*2 ZMQbg/Reaper*2 ZMQbg/IO/0*2 pt_tcpstore_uv*1 cuda0000240000a*1 
2026-09-28T06:19:57+04:00	ck9e-whole-256k	0	484754	484448	57	794398720	641011712	python3*49 ZMQbg/Reaper*4 ZMQbg/IO/0*4 
2026-09-28T06:20:07+04:00	ck9e-whole-256k	0	484418	363	2	15990784	12288	uv*1 main2*1 
2026-09-28T06:20:07+04:00	ck9e-whole-256k	0	484448	484418	57	534265856	375554048	ft*51 ZMQbg/Reaper*3 ZMQbg/IO/0*3 
2026-09-28T06:20:08+04:00	ck9e-whole-256k	0	484752	484448	1	6799360	24576	python3*1 
2026-09-28T06:20:08+04:00	ck9e-whole-256k	0	484753	484448	45	22551470080	1772093440	python3*36 pt_gloo_runloop*2 ZMQbg/Reaper*2 ZMQbg/IO/0*2 pt_tcpstore_uv*1 cuda0000240000a*1 
2026-09-28T06:20:08+04:00	ck9e-whole-256k	0	484754	484448	57	794398720	641011712	python3*49 ZMQbg/Reaper*4 ZMQbg/IO/0*4 
2026-09-28T06:20:21+04:00	ck9e-whole-256k	0	484418	363	2	15990784	12288	uv*1 main2*1 
2026-09-28T06:20:21+04:00	ck9e-whole-256k	0	484448	484418	57	534265856	375554048	ft*51 ZMQbg/Reaper*3 ZMQbg/IO/0*3 
2026-09-28T06:20:21+04:00	ck9e-whole-256k	0	484752	484448	1	6799360	24576	python3*1 
2026-09-28T06:20:21+04:00	ck9e-whole-256k	0	484753	484448	45	22551470080	1772093440	python3*36 pt_gloo_runloop*2 ZMQbg/Reaper*2 ZMQbg/IO/0*2 pt_tcpstore_uv*1 cuda0000240000a*1 
2026-09-28T06:20:21+04:00	ck9e-whole-256k	0	484754	484448	57	794398720	641011712	python3*49 ZMQbg/Reaper*4 ZMQbg/IO/0*4 
2026-09-28T06:20:41+04:00	ck9s-whole-256k	0	617179	363	3	25886720	6066176	uv*1 tokio-rt-worker*1 main2*1 
2026-09-28T06:20:41+04:00	ck9s-whole-256k	0	617196	617179	16	470450176	255762432	ft*16 
2026-09-28T06:20:51+04:00	ck9s-whole-256k	0	617179	363	2	26017792	6066176	uv*1 main2*1 
2026-09-28T06:20:51+04:00	ck9s-whole-256k	0	617196	617179	22	695029760	422780928	ft*18 ZMQbg/Reaper*2 ZMQbg/IO/0*2 
2026-09-28T06:20:51+04:00	ck9s-whole-256k	0	617533	617196	1	12779520	5935104	python3*1 
2026-09-28T06:20:51+04:00	ck9s-whole-256k	0	617534	617196	25	2874335232	803553280	python3*20 pt_gloo_runloop*2 pt_tcpstore_uv*1 cuda0000240000a*1 cuda-EvtHandlr*1 
2026-09-28T06:20:51+04:00	ck9s-whole-256k	0	617535	617196	23	879951872	606339072	python3*17 ZMQbg/Reaper*3 ZMQbg/IO/0*3 
2026-09-28T06:21:05+04:00	ck9s-whole-256k	0	617179	363	2	26017792	6066176	uv*1 main2*1 
2026-09-28T06:21:05+04:00	ck9s-whole-256k	0	617196	617179	22	695033856	422785024	ft*18 ZMQbg/Reaper*2 ZMQbg/IO/0*2 
2026-09-28T06:21:05+04:00	ck9s-whole-256k	0	617533	617196	1	12779520	5935104	python3*1 
2026-09-28T06:21:05+04:00	ck9s-whole-256k	0	617534	617196	41	4310818816	981790720	python3*36 pt_gloo_runloop*2 pt_tcpstore_uv*1 cuda0000240000a*1 cuda-EvtHandlr*1 
2026-09-28T06:21:05+04:00	ck9s-whole-256k	0	617535	617196	23	879951872	606339072	python3*17 ZMQbg/Reaper*3 ZMQbg/IO/0*3 
2026-09-28T06:21:15+04:00	ck9s-whole-256k	0	617179	363	2	26017792	6066176	uv*1 main2*1 
2026-09-28T06:21:15+04:00	ck9s-whole-256k	0	617196	617179	22	695033856	422785024	ft*18 ZMQbg/Reaper*2 ZMQbg/IO/0*2 
2026-09-28T06:21:15+04:00	ck9s-whole-256k	0	617533	617196	1	12779520	5935104	python3*1 
2026-09-28T06:21:15+04:00	ck9s-whole-256k	0	617534	617196	41	10810273792	982122496	python3*36 pt_gloo_runloop*2 pt_tcpstore_uv*1 cuda0000240000a*1 cuda-EvtHandlr*1 
2026-09-28T06:21:15+04:00	ck9s-whole-256k	0	617535	617196	23	879951872	606339072	python3*17 ZMQbg/Reaper*3 ZMQbg/IO/0*3 
2026-09-28T06:21:25+04:00	ck9s-whole-256k	0	617179	363	2	26017792	6066176	uv*1 main2*1 
2026-09-28T06:21:25+04:00	ck9s-whole-256k	0	617196	617179	22	694935552	422789120	ft*18 ZMQbg/Reaper*2 ZMQbg/IO/0*2 
2026-09-28T06:21:25+04:00	ck9s-whole-256k	0	617533	617196	1	12779520	5935104	python3*1 
2026-09-28T06:21:25+04:00	ck9s-whole-256k	0	617534	617196	41	15502446592	982347776	python3*36 pt_gloo_runloop*2 pt_tcpstore_uv*1 cuda0000240000a*1 cuda-EvtHandlr*1 
2026-09-28T06:21:25+04:00	ck9s-whole-256k	0	617535	617196	23	879849472	606339072	python3*17 ZMQbg/Reaper*3 ZMQbg/IO/0*3 
2026-09-28T06:21:39+04:00	ck9s-whole-256k	0	617179	363	2	25980928	6066176	uv*1 main2*1 
2026-09-28T06:21:39+04:00	ck9s-whole-256k	0	617196	617179	22	694812672	422793216	ft*18 ZMQbg/Reaper*2 ZMQbg/IO/0*2 
2026-09-28T06:21:39+04:00	ck9s-whole-256k	0	617533	617196	1	12779520	5935104	python3*1 
2026-09-28T06:21:39+04:00	ck9s-whole-256k	0	617534	617196	41	21112733696	982622208	python3*36 pt_gloo_runloop*2 pt_tcpstore_uv*1 cuda0000240000a*1 cuda-EvtHandlr*1 
2026-09-28T06:21:39+04:00	ck9s-whole-256k	0	617535	617196	23	879824896	606339072	python3*17 ZMQbg/Reaper*3 ZMQbg/IO/0*3 
2026-09-28T06:21:49+04:00	ck9s-whole-256k	0	617179	363	2	19456000	6066176	uv*1 main2*1 
2026-09-28T06:21:49+04:00	ck9s-whole-256k	0	617196	617179	22	675553280	422793216	ft*18 ZMQbg/Reaper*2 ZMQbg/IO/0*2 
2026-09-28T06:21:50+04:00	ck9s-whole-256k	0	617533	617196	1	12771328	5935104	python3*1 
2026-09-28T06:21:50+04:00	ck9s-whole-256k	0	617534	617196	41	22135275520	1328254976	python3*36 pt_gloo_runloop*2 pt_tcpstore_uv*1 cuda0000240000a*1 cuda-EvtHandlr*1 
2026-09-28T06:21:50+04:00	ck9s-whole-256k	0	617535	617196	23	861081600	606339072	python3*17 ZMQbg/Reaper*3 ZMQbg/IO/0*3 
2026-09-28T06:22:00+04:00	ck9s-whole-256k	0	617179	363	2	19456000	6066176	uv*1 main2*1 
2026-09-28T06:22:00+04:00	ck9s-whole-256k	0	617196	617179	39	879923200	620707840	ft*35 ZMQbg/Reaper*2 ZMQbg/IO/0*2 
2026-09-28T06:22:00+04:00	ck9s-whole-256k	0	617533	617196	1	12771328	5935104	python3*1 
2026-09-28T06:22:00+04:00	ck9s-whole-256k	0	617534	617196	45	22842388480	1989697536	python3*36 pt_gloo_runloop*2 ZMQbg/Reaper*2 ZMQbg/IO/0*2 pt_tcpstore_uv*1 cuda0000240000a*1 
2026-09-28T06:22:00+04:00	ck9s-whole-256k	0	617535	617196	39	865550336	607109120	python3*33 ZMQbg/Reaper*3 ZMQbg/IO/0*3 
2026-09-28T06:22:14+04:00	ck9s-whole-256k	0	617179	363	2	19456000	6066176	uv*1 main2*1 
2026-09-28T06:22:14+04:00	ck9s-whole-256k	0	617196	617179	39	879923200	620707840	ft*35 ZMQbg/Reaper*2 ZMQbg/IO/0*2 
2026-09-28T06:22:14+04:00	ck9s-whole-256k	0	617533	617196	1	12771328	5935104	python3*1 
2026-09-28T06:22:14+04:00	ck9s-whole-256k	0	617534	617196	45	22842388480	1989697536	python3*36 pt_gloo_runloop*2 ZMQbg/Reaper*2 ZMQbg/IO/0*2 pt_tcpstore_uv*1 cuda0000240000a*1 
2026-09-28T06:22:14+04:00	ck9s-whole-256k	0	617535	617196	39	865550336	607109120	python3*33 ZMQbg/Reaper*3 ZMQbg/IO/0*3 
2026-09-28T06:22:24+04:00	ck9s-whole-256k	0	617179	363	2	19456000	6066176	uv*1 main2*1 
2026-09-28T06:22:24+04:00	ck9s-whole-256k	0	617196	617179	39	879988736	620773376	ft*35 ZMQbg/Reaper*2 ZMQbg/IO/0*2 
2026-09-28T06:22:24+04:00	ck9s-whole-256k	0	617533	617196	1	12771328	5935104	python3*1 
2026-09-28T06:22:24+04:00	ck9s-whole-256k	0	617534	617196	45	22842449920	1989758976	python3*36 pt_gloo_runloop*2 ZMQbg/Reaper*2 ZMQbg/IO/0*2 pt_tcpstore_uv*1 cuda0000240000a*1 
2026-09-28T06:22:24+04:00	ck9s-whole-256k	0	617535	617196	39	865566720	607125504	python3*33 ZMQbg/Reaper*3 ZMQbg/IO/0*3 
2026-09-28T06:22:34+04:00	ck9s-whole-256k	1	617179	363	2	19456000	6066176	uv*1 main2*1 
2026-09-28T06:22:34+04:00	ck9s-whole-256k	1	617196	617179	57	954241024	695025664	ft*51 ZMQbg/Reaper*3 ZMQbg/IO/0*3 
2026-09-28T06:22:34+04:00	ck9s-whole-256k	1	617533	617196	1	12771328	5935104	python3*1 
2026-09-28T06:22:34+04:00	ck9s-whole-256k	1	617534	617196	45	22843445248	1990754304	python3*36 pt_gloo_runloop*2 ZMQbg/Reaper*2 ZMQbg/IO/0*2 pt_tcpstore_uv*1 cuda0000240000a*1 
2026-09-28T06:22:35+04:00	ck9s-whole-256k	1	617535	617196	57	880443392	622002176	python3*49 ZMQbg/Reaper*4 ZMQbg/IO/0*4 
2026-09-28T06:22:48+04:00	ck9s-whole-256k	1	617179	363	2	19456000	6066176	uv*1 main2*1 
2026-09-28T06:22:48+04:00	ck9s-whole-256k	1	617196	617179	57	954241024	695025664	ft*51 ZMQbg/Reaper*3 ZMQbg/IO/0*3 
2026-09-28T06:22:48+04:00	ck9s-whole-256k	1	617533	617196	1	12771328	5935104	python3*1 
2026-09-28T06:22:48+04:00	ck9s-whole-256k	1	617534	617196	45	22843449344	1990758400	python3*36 pt_gloo_runloop*2 ZMQbg/Reaper*2 ZMQbg/IO/0*2 pt_tcpstore_uv*1 cuda0000240000a*1 
2026-09-28T06:22:48+04:00	ck9s-whole-256k	1	617535	617196	57	880443392	622002176	python3*49 ZMQbg/Reaper*4 ZMQbg/IO/0*4 
2026-09-28T06:22:58+04:00	ck9s-whole-256k	1	617179	363	2	19091456	6066176	uv*1 main2*1 
2026-09-28T06:22:58+04:00	ck9s-whole-256k	1	617196	617179	57	944775168	695025664	ft*51 ZMQbg/Reaper*3 ZMQbg/IO/0*3 
2026-09-28T06:22:58+04:00	ck9s-whole-256k	1	617533	617196	1	12771328	5935104	python3*1 
2026-09-28T06:22:58+04:00	ck9s-whole-256k	1	617534	617196	45	22826254336	1990758400	python3*36 pt_gloo_runloop*2 ZMQbg/Reaper*2 ZMQbg/IO/0*2 pt_tcpstore_uv*1 cuda0000240000a*1 
2026-09-28T06:22:59+04:00	ck9s-whole-256k	1	617535	617196	57	871100416	622002176	python3*49 ZMQbg/Reaper*4 ZMQbg/IO/0*4 
2026-09-28T06:23:09+04:00	ck9s-whole-256k	1	617179	363	2	18776064	6066176	uv*1 main2*1 
2026-09-28T06:23:09+04:00	ck9s-whole-256k	1	617196	617179	57	933617664	695025664	ft*51 ZMQbg/Reaper*3 ZMQbg/IO/0*3 
2026-09-28T06:23:09+04:00	ck9s-whole-256k	1	617533	617196	1	12767232	5935104	python3*1 
2026-09-28T06:23:09+04:00	ck9s-whole-256k	1	617534	617196	45	22809931776	1990758400	python3*36 pt_gloo_runloop*2 ZMQbg/Reaper*2 ZMQbg/IO/0*2 pt_tcpstore_uv*1 cuda0000240000a*1 
2026-09-28T06:23:09+04:00	ck9s-whole-256k	1	617535	617196	57	859942912	622002176	python3*49 ZMQbg/Reaper*4 ZMQbg/IO/0*4 
2026-09-28T06:23:22+04:00	ck9s-whole-256k	1	617179	363	2	18776064	6066176	uv*1 main2*1 
2026-09-28T06:23:22+04:00	ck9s-whole-256k	1	617196	617179	57	933617664	695025664	ft*51 ZMQbg/Reaper*3 ZMQbg/IO/0*3 
2026-09-28T06:23:22+04:00	ck9s-whole-256k	1	617533	617196	1	12767232	5935104	python3*1 
2026-09-28T06:23:22+04:00	ck9s-whole-256k	1	617534	617196	45	22809931776	1990758400	python3*36 pt_gloo_runloop*2 ZMQbg/Reaper*2 ZMQbg/IO/0*2 pt_tcpstore_uv*1 cuda0000240000a*1 
2026-09-28T06:23:23+04:00	ck9s-whole-256k	1	617535	617196	57	859942912	622002176	python3*49 ZMQbg/Reaper*4 ZMQbg/IO/0*4 
2026-09-28T06:23:33+04:00	ck9s-whole-256k	1	617179	363	2	18776064	6066176	uv*1 main2*1 
2026-09-28T06:23:33+04:00	ck9s-whole-256k	1	617196	617179	57	933617664	695025664	ft*51 ZMQbg/Reaper*3 ZMQbg/IO/0*3 
2026-09-28T06:23:33+04:00	ck9s-whole-256k	1	617533	617196	1	12767232	5935104	python3*1 
2026-09-28T06:23:33+04:00	ck9s-whole-256k	1	617534	617196	45	22809931776	1990758400	python3*36 pt_gloo_runloop*2 ZMQbg/Reaper*2 ZMQbg/IO/0*2 pt_tcpstore_uv*1 cuda0000240000a*1 
2026-09-28T06:23:33+04:00	ck9s-whole-256k	1	617535	617196	57	859942912	622002176	python3*49 ZMQbg/Reaper*4 ZMQbg/IO/0*4 
2026-09-28T06:23:43+04:00	ck9s-whole-256k	2	617179	363	2	18776064	6066176	uv*1 main2*1 
2026-09-28T06:23:43+04:00	ck9s-whole-256k	2	617196	617179	57	933634048	695042048	ft*51 ZMQbg/Reaper*3 ZMQbg/IO/0*3 
2026-09-28T06:23:43+04:00	ck9s-whole-256k	2	617533	617196	1	12767232	5935104	python3*1 
2026-09-28T06:23:43+04:00	ck9s-whole-256k	2	617534	617196	45	22868742144	2047819776	python3*36 pt_gloo_runloop*2 ZMQbg/Reaper*2 ZMQbg/IO/0*2 pt_tcpstore_uv*1 cuda0000240000a*1 
2026-09-28T06:23:43+04:00	ck9s-whole-256k	2	617535	617196	57	859947008	622006272	python3*49 ZMQbg/Reaper*4 ZMQbg/IO/0*4 
2026-09-28T06:23:57+04:00	ck9s-whole-256k	3	617179	363	2	18776064	6066176	uv*1 main2*1 
2026-09-28T06:23:57+04:00	ck9s-whole-256k	3	617196	617179	57	933773312	695181312	ft*51 ZMQbg/Reaper*3 ZMQbg/IO/0*3 
2026-09-28T06:23:57+04:00	ck9s-whole-256k	3	617533	617196	1	12767232	5935104	python3*1 
2026-09-28T06:23:57+04:00	ck9s-whole-256k	3	617534	617196	45	22868746240	2047819776	python3*36 pt_gloo_runloop*2 ZMQbg/Reaper*2 ZMQbg/IO/0*2 pt_tcpstore_uv*1 cuda0000240000a*1 
2026-09-28T06:23:57+04:00	ck9s-whole-256k	3	617535	617196	57	944869376	706928640	python3*49 ZMQbg/Reaper*4 ZMQbg/IO/0*4 
2026-09-28T06:24:07+04:00	ck9s-whole-256k	3	617179	363	2	18776064	6066176	uv*1 main2*1 
2026-09-28T06:24:07+04:00	ck9s-whole-256k	3	617196	617179	57	933773312	695181312	ft*51 ZMQbg/Reaper*3 ZMQbg/IO/0*3 
2026-09-28T06:24:07+04:00	ck9s-whole-256k	3	617533	617196	1	12767232	5935104	python3*1 
2026-09-28T06:24:07+04:00	ck9s-whole-256k	3	617534	617196	45	22868746240	2047819776	python3*36 pt_gloo_runloop*2 ZMQbg/Reaper*2 ZMQbg/IO/0*2 pt_tcpstore_uv*1 cuda0000240000a*1 
2026-09-28T06:24:08+04:00	ck9s-whole-256k	3	617535	617196	57	944869376	706928640	python3*49 ZMQbg/Reaper*4 ZMQbg/IO/0*4 
2026-09-28T06:24:18+04:00	ck9s-whole-256k	3	617179	363	2	18776064	6066176	uv*1 main2*1 
2026-09-28T06:24:18+04:00	ck9s-whole-256k	3	617196	617179	57	933773312	695181312	ft*51 ZMQbg/Reaper*3 ZMQbg/IO/0*3 
2026-09-28T06:24:18+04:00	ck9s-whole-256k	3	617533	617196	1	12767232	5935104	python3*1 
2026-09-28T06:24:18+04:00	ck9s-whole-256k	3	617534	617196	45	22868746240	2047819776	python3*36 pt_gloo_runloop*2 ZMQbg/Reaper*2 ZMQbg/IO/0*2 pt_tcpstore_uv*1 cuda0000240000a*1 
2026-09-28T06:24:18+04:00	ck9s-whole-256k	3	617535	617196	57	944869376	706928640	python3*49 ZMQbg/Reaper*4 ZMQbg/IO/0*4 
2026-09-28T06:24:31+04:00	ck9s-whole-256k	3	617179	363	2	18776064	6066176	uv*1 main2*1 
2026-09-28T06:24:31+04:00	ck9s-whole-256k	3	617196	617179	57	933773312	695181312	ft*51 ZMQbg/Reaper*3 ZMQbg/IO/0*3 
2026-09-28T06:24:31+04:00	ck9s-whole-256k	3	617533	617196	1	12767232	5935104	python3*1 
2026-09-28T06:24:31+04:00	ck9s-whole-256k	3	617534	617196	45	22868746240	2047819776	python3*36 pt_gloo_runloop*2 ZMQbg/Reaper*2 ZMQbg/IO/0*2 pt_tcpstore_uv*1 cuda0000240000a*1 
2026-09-28T06:24:32+04:00	ck9s-whole-256k	3	617535	617196	57	944869376	706928640	python3*49 ZMQbg/Reaper*4 ZMQbg/IO/0*4 
2026-09-28T06:24:42+04:00	ck9s-whole-256k	3	617179	363	2	18776064	6066176	uv*1 main2*1 
2026-09-28T06:24:42+04:00	ck9s-whole-256k	3	617196	617179	57	933773312	695181312	ft*51 ZMQbg/Reaper*3 ZMQbg/IO/0*3 
2026-09-28T06:24:42+04:00	ck9s-whole-256k	3	617533	617196	1	12767232	5935104	python3*1 
2026-09-28T06:24:42+04:00	ck9s-whole-256k	3	617534	617196	45	22868746240	2047819776	python3*36 pt_gloo_runloop*2 ZMQbg/Reaper*2 ZMQbg/IO/0*2 pt_tcpstore_uv*1 cuda0000240000a*1 
2026-09-28T06:24:42+04:00	ck9s-whole-256k	3	617535	617196	57	944869376	706928640	python3*49 ZMQbg/Reaper*4 ZMQbg/IO/0*4 
2026-09-28T06:24:52+04:00	ck9s-whole-256k	3	617179	363	2	18776064	6066176	uv*1 main2*1 
2026-09-28T06:24:52+04:00	ck9s-whole-256k	3	617196	617179	57	933773312	695181312	ft*51 ZMQbg/Reaper*3 ZMQbg/IO/0*3 
2026-09-28T06:24:52+04:00	ck9s-whole-256k	3	617533	617196	1	12767232	5935104	python3*1 
2026-09-28T06:24:52+04:00	ck9s-whole-256k	3	617534	617196	45	22868746240	2047819776	python3*36 pt_gloo_runloop*2 ZMQbg/Reaper*2 ZMQbg/IO/0*2 pt_tcpstore_uv*1 cuda0000240000a*1 
2026-09-28T06:24:52+04:00	ck9s-whole-256k	3	617535	617196	57	944869376	706928640	python3*49 ZMQbg/Reaper*4 ZMQbg/IO/0*4 
2026-09-28T06:25:06+04:00	ck9s-whole-256k	3	617179	363	2	18776064	6066176	uv*1 main2*1 
2026-09-28T06:25:06+04:00	ck9s-whole-256k	3	617196	617179	57	933773312	695181312	ft*51 ZMQbg/Reaper*3 ZMQbg/IO/0*3 
2026-09-28T06:25:06+04:00	ck9s-whole-256k	3	617533	617196	1	12767232	5935104	python3*1 
2026-09-28T06:25:06+04:00	ck9s-whole-256k	3	617534	617196	45	22868746240	2047819776	python3*36 pt_gloo_runloop*2 ZMQbg/Reaper*2 ZMQbg/IO/0*2 pt_tcpstore_uv*1 cuda0000240000a*1 
2026-09-28T06:25:06+04:00	ck9s-whole-256k	3	617535	617196	57	944869376	706928640	python3*49 ZMQbg/Reaper*4 ZMQbg/IO/0*4 
2026-09-28T06:25:16+04:00	ck9s-whole-256k	4	617179	363	2	18673664	6066176	uv*1 main2*1 
2026-09-28T06:25:16+04:00	ck9s-whole-256k	4	617196	617179	57	932814848	695525376	ft*51 ZMQbg/Reaper*3 ZMQbg/IO/0*3 
2026-09-28T06:25:16+04:00	ck9s-whole-256k	4	617533	617196	1	12767232	5935104	python3*1 
2026-09-28T06:25:16+04:00	ck9s-whole-256k	4	617534	617196	45	22874484736	2057248768	python3*36 pt_gloo_runloop*2 ZMQbg/Reaper*2 ZMQbg/IO/0*2 pt_tcpstore_uv*1 cuda0000240000a*1 
2026-09-28T06:25:16+04:00	ck9s-whole-256k	4	617535	617196	57	943247360	706932736	python3*49 ZMQbg/Reaper*4 ZMQbg/IO/0*4 
2026-09-28T06:25:27+04:00	ck9s-whole-256k	4	617179	363	2	11780096	12288	uv*1 main2*1 
2026-09-28T06:25:27+04:00	ck9s-whole-256k	4	617196	617179	57	880574464	649826304	ft*51 ZMQbg/Reaper*3 ZMQbg/IO/0*3 
2026-09-28T06:25:27+04:00	ck9s-whole-256k	4	617533	617196	1	12767232	5935104	python3*1 
2026-09-28T06:25:27+04:00	ck9s-whole-256k	4	617534	617196	45	22862684160	2057248768	python3*36 pt_gloo_runloop*2 ZMQbg/Reaper*2 ZMQbg/IO/0*2 pt_tcpstore_uv*1 cuda0000240000a*1 
2026-09-28T06:25:27+04:00	ck9s-whole-256k	4	617535	617196	57	936894464	706932736	python3*49 ZMQbg/Reaper*4 ZMQbg/IO/0*4 
2026-09-28T06:25:37+04:00	ck9s-whole-256k	4	617179	363	2	11640832	12288	uv*1 main2*1 
2026-09-28T06:25:37+04:00	ck9s-whole-256k	4	617196	617179	57	862228480	632463360	ft*51 ZMQbg/Reaper*3 ZMQbg/IO/0*3 
2026-09-28T06:25:37+04:00	ck9s-whole-256k	4	617533	617196	1	12763136	5935104	python3*1 
2026-09-28T06:25:37+04:00	ck9s-whole-256k	4	617534	617196	45	22860832768	2057248768	python3*36 pt_gloo_runloop*2 ZMQbg/Reaper*2 ZMQbg/IO/0*2 pt_tcpstore_uv*1 cuda0000240000a*1 
2026-09-28T06:25:37+04:00	ck9s-whole-256k	4	617535	617196	57	936087552	706932736	python3*49 ZMQbg/Reaper*4 ZMQbg/IO/0*4 
2026-09-28T06:25:51+04:00	ck9s-whole-256k	4	617179	363	2	11640832	12288	uv*1 main2*1 
2026-09-28T06:25:51+04:00	ck9s-whole-256k	4	617196	617179	57	862228480	632463360	ft*51 ZMQbg/Reaper*3 ZMQbg/IO/0*3 
2026-09-28T06:25:51+04:00	ck9s-whole-256k	4	617533	617196	1	12763136	5935104	python3*1 
2026-09-28T06:25:51+04:00	ck9s-whole-256k	4	617534	617196	45	22860832768	2057248768	python3*36 pt_gloo_runloop*2 ZMQbg/Reaper*2 ZMQbg/IO/0*2 pt_tcpstore_uv*1 cuda0000240000a*1 
2026-09-28T06:25:51+04:00	ck9s-whole-256k	4	617535	617196	57	936087552	706932736	python3*49 ZMQbg/Reaper*4 ZMQbg/IO/0*4 
2026-09-28T06:26:01+04:00	ck9s-whole-256k	4	617179	363	2	11640832	12288	uv*1 main2*1 
2026-09-28T06:26:01+04:00	ck9s-whole-256k	4	617196	617179	57	862228480	632463360	ft*51 ZMQbg/Reaper*3 ZMQbg/IO/0*3 
2026-09-28T06:26:01+04:00	ck9s-whole-256k	4	617533	617196	1	12763136	5935104	python3*1 
2026-09-28T06:26:01+04:00	ck9s-whole-256k	4	617534	617196	45	22860832768	2057248768	python3*36 pt_gloo_runloop*2 ZMQbg/Reaper*2 ZMQbg/IO/0*2 pt_tcpstore_uv*1 cuda0000240000a*1 
2026-09-28T06:26:01+04:00	ck9s-whole-256k	4	617535	617196	57	936087552	706932736	python3*49 ZMQbg/Reaper*4 ZMQbg/IO/0*4 
2026-09-28T06:26:11+04:00	ck9s-whole-256k	4	617179	363	2	11640832	12288	uv*1 main2*1 
2026-09-28T06:26:11+04:00	ck9s-whole-256k	4	617196	617179	57	862228480	632463360	ft*51 ZMQbg/Reaper*3 ZMQbg/IO/0*3 
2026-09-28T06:26:11+04:00	ck9s-whole-256k	4	617533	617196	1	12763136	5935104	python3*1 
2026-09-28T06:26:11+04:00	ck9s-whole-256k	4	617534	617196	45	22860832768	2057248768	python3*36 pt_gloo_runloop*2 ZMQbg/Reaper*2 ZMQbg/IO/0*2 pt_tcpstore_uv*1 cuda0000240000a*1 
2026-09-28T06:26:11+04:00	ck9s-whole-256k	4	617535	617196	57	936087552	706932736	python3*49 ZMQbg/Reaper*4 ZMQbg/IO/0*4 
2026-09-28T06:26:25+04:00	ck9s-whole-256k	4	617179	363	2	11640832	12288	uv*1 main2*1 
2026-09-28T06:26:25+04:00	ck9s-whole-256k	4	617196	617179	57	862228480	632463360	ft*51 ZMQbg/Reaper*3 ZMQbg/IO/0*3 
2026-09-28T06:26:25+04:00	ck9s-whole-256k	4	617533	617196	1	12763136	5935104	python3*1 
2026-09-28T06:26:25+04:00	ck9s-whole-256k	4	617534	617196	45	22860832768	2057248768	python3*36 pt_gloo_runloop*2 ZMQbg/Reaper*2 ZMQbg/IO/0*2 pt_tcpstore_uv*1 cuda0000240000a*1 
2026-09-28T06:26:25+04:00	ck9s-whole-256k	4	617535	617196	57	936087552	706932736	python3*49 ZMQbg/Reaper*4 ZMQbg/IO/0*4 
2026-09-28T06:26:35+04:00	ck9s-whole-256k	4	617179	363	2	11640832	12288	uv*1 main2*1 
2026-09-28T06:26:35+04:00	ck9s-whole-256k	4	617196	617179	57	862228480	632463360	ft*51 ZMQbg/Reaper*3 ZMQbg/IO/0*3 
2026-09-28T06:26:35+04:00	ck9s-whole-256k	4	617533	617196	1	12763136	5935104	python3*1 
2026-09-28T06:26:35+04:00	ck9s-whole-256k	4	617534	617196	45	22860832768	2057248768	python3*36 pt_gloo_runloop*2 ZMQbg/Reaper*2 ZMQbg/IO/0*2 pt_tcpstore_uv*1 cuda0000240000a*1 
2026-09-28T06:26:35+04:00	ck9s-whole-256k	4	617535	617196	57	936087552	706932736	python3*49 ZMQbg/Reaper*4 ZMQbg/IO/0*4 
2026-09-28T06:26:45+04:00	ck9s-whole-256k	4	617179	363	2	11640832	12288	uv*1 main2*1 
2026-09-28T06:26:45+04:00	ck9s-whole-256k	4	617196	617179	57	862228480	632463360	ft*51 ZMQbg/Reaper*3 ZMQbg/IO/0*3 
2026-09-28T06:26:45+04:00	ck9s-whole-256k	4	617533	617196	1	12763136	5935104	python3*1 
2026-09-28T06:26:45+04:00	ck9s-whole-256k	4	617534	617196	45	22860832768	2057248768	python3*36 pt_gloo_runloop*2 ZMQbg/Reaper*2 ZMQbg/IO/0*2 pt_tcpstore_uv*1 cuda0000240000a*1 
2026-09-28T06:26:46+04:00	ck9s-whole-256k	4	617535	617196	57	936087552	706932736	python3*49 ZMQbg/Reaper*4 ZMQbg/IO/0*4 
2026-09-28T06:26:59+04:00	ck9s-whole-256k	4	617179	363	2	11640832	12288	uv*1 main2*1 
2026-09-28T06:26:59+04:00	ck9s-whole-256k	4	617196	617179	57	862228480	632463360	ft*51 ZMQbg/Reaper*3 ZMQbg/IO/0*3 
2026-09-28T06:26:59+04:00	ck9s-whole-256k	4	617533	617196	1	12763136	5935104	python3*1 
2026-09-28T06:26:59+04:00	ck9s-whole-256k	4	617534	617196	45	22860832768	2057248768	python3*36 pt_gloo_runloop*2 ZMQbg/Reaper*2 ZMQbg/IO/0*2 pt_tcpstore_uv*1 cuda0000240000a*1 
2026-09-28T06:26:59+04:00	ck9s-whole-256k	4	617535	617196	57	936087552	706932736	python3*49 ZMQbg/Reaper*4 ZMQbg/IO/0*4 
2026-09-28T06:27:09+04:00	ck9s-whole-256k	4	617179	363	2	11640832	12288	uv*1 main2*1 
2026-09-28T06:27:09+04:00	ck9s-whole-256k	4	617196	617179	57	862228480	632463360	ft*51 ZMQbg/Reaper*3 ZMQbg/IO/0*3 
2026-09-28T06:27:09+04:00	ck9s-whole-256k	4	617533	617196	1	12763136	5935104	python3*1 
2026-09-28T06:27:09+04:00	ck9s-whole-256k	4	617534	617196	45	22860832768	2057248768	python3*36 pt_gloo_runloop*2 ZMQbg/Reaper*2 ZMQbg/IO/0*2 pt_tcpstore_uv*1 cuda0000240000a*1 
2026-09-28T06:27:10+04:00	ck9s-whole-256k	4	617535	617196	57	936087552	706932736	python3*49 ZMQbg/Reaper*4 ZMQbg/IO/0*4 
2026-09-28T06:27:20+04:00	ck9s-whole-256k	4	617179	363	2	11640832	12288	uv*1 main2*1 
2026-09-28T06:27:20+04:00	ck9s-whole-256k	4	617196	617179	57	862228480	632463360	ft*51 ZMQbg/Reaper*3 ZMQbg/IO/0*3 
2026-09-28T06:27:20+04:00	ck9s-whole-256k	4	617533	617196	1	12763136	5935104	python3*1 
2026-09-28T06:27:20+04:00	ck9s-whole-256k	4	617534	617196	45	22860832768	2057248768	python3*36 pt_gloo_runloop*2 ZMQbg/Reaper*2 ZMQbg/IO/0*2 pt_tcpstore_uv*1 cuda0000240000a*1 
2026-09-28T06:27:20+04:00	ck9s-whole-256k	4	617535	617196	57	936087552	706932736	python3*49 ZMQbg/Reaper*4 ZMQbg/IO/0*4 
2026-09-28T06:27:33+04:00	ck9s-whole-256k	4	617179	363	2	11640832	12288	uv*1 main2*1 
2026-09-28T06:27:33+04:00	ck9s-whole-256k	4	617196	617179	57	862228480	632463360	ft*51 ZMQbg/Reaper*3 ZMQbg/IO/0*3 
2026-09-28T06:27:33+04:00	ck9s-whole-256k	4	617533	617196	1	12763136	5935104	python3*1 
2026-09-28T06:27:33+04:00	ck9s-whole-256k	4	617534	617196	45	22860832768	2057248768	python3*36 pt_gloo_runloop*2 ZMQbg/Reaper*2 ZMQbg/IO/0*2 pt_tcpstore_uv*1 cuda0000240000a*1 
2026-09-28T06:27:34+04:00	ck9s-whole-256k	4	617535	617196	57	936087552	706932736	python3*49 ZMQbg/Reaper*4 ZMQbg/IO/0*4 
2026-09-28T06:27:44+04:00	ck9s-whole-256k	4	617179	363	2	11640832	12288	uv*1 main2*1 
2026-09-28T06:27:44+04:00	ck9s-whole-256k	4	617196	617179	57	862228480	632463360	ft*51 ZMQbg/Reaper*3 ZMQbg/IO/0*3 
2026-09-28T06:27:44+04:00	ck9s-whole-256k	4	617533	617196	1	12763136	5935104	python3*1 
2026-09-28T06:27:44+04:00	ck9s-whole-256k	4	617534	617196	45	22860832768	2057248768	python3*36 pt_gloo_runloop*2 ZMQbg/Reaper*2 ZMQbg/IO/0*2 pt_tcpstore_uv*1 cuda0000240000a*1 
2026-09-28T06:27:44+04:00	ck9s-whole-256k	4	617535	617196	57	936087552	706932736	python3*49 ZMQbg/Reaper*4 ZMQbg/IO/0*4 
2026-09-28T06:27:54+04:00	ck9s-whole-256k	4	617179	363	2	11640832	12288	uv*1 main2*1 
2026-09-28T06:27:54+04:00	ck9s-whole-256k	4	617196	617179	57	862228480	632463360	ft*51 ZMQbg/Reaper*3 ZMQbg/IO/0*3 
2026-09-28T06:27:54+04:00	ck9s-whole-256k	4	617533	617196	1	12763136	5935104	python3*1 
2026-09-28T06:27:54+04:00	ck9s-whole-256k	4	617534	617196	45	22860832768	2057248768	python3*36 pt_gloo_runloop*2 ZMQbg/Reaper*2 ZMQbg/IO/0*2 pt_tcpstore_uv*1 cuda0000240000a*1 
2026-09-28T06:27:54+04:00	ck9s-whole-256k	4	617535	617196	57	936087552	706932736	python3*49 ZMQbg/Reaper*4 ZMQbg/IO/0*4 
2026-09-28T06:28:08+04:00	ck9s-whole-256k	4	617179	363	2	11640832	12288	uv*1 main2*1 
2026-09-28T06:28:08+04:00	ck9s-whole-256k	4	617196	617179	57	862228480	632463360	ft*51 ZMQbg/Reaper*3 ZMQbg/IO/0*3 
2026-09-28T06:28:08+04:00	ck9s-whole-256k	4	617533	617196	1	12763136	5935104	python3*1 
2026-09-28T06:28:08+04:00	ck9s-whole-256k	4	617534	617196	45	22860832768	2057248768	python3*36 pt_gloo_runloop*2 ZMQbg/Reaper*2 ZMQbg/IO/0*2 pt_tcpstore_uv*1 cuda0000240000a*1 
2026-09-28T06:28:08+04:00	ck9s-whole-256k	4	617535	617196	57	936087552	706932736	python3*49 ZMQbg/Reaper*4 ZMQbg/IO/0*4 
2026-09-28T06:28:18+04:00	ck9s-whole-256k	4	617179	363	2	11640832	12288	uv*1 main2*1 
2026-09-28T06:28:18+04:00	ck9s-whole-256k	4	617196	617179	57	862228480	632463360	ft*51 ZMQbg/Reaper*3 ZMQbg/IO/0*3 
2026-09-28T06:28:18+04:00	ck9s-whole-256k	4	617533	617196	1	12763136	5935104	python3*1 
2026-09-28T06:28:18+04:00	ck9s-whole-256k	4	617534	617196	45	22860832768	2057248768	python3*36 pt_gloo_runloop*2 ZMQbg/Reaper*2 ZMQbg/IO/0*2 pt_tcpstore_uv*1 cuda0000240000a*1 
2026-09-28T06:28:18+04:00	ck9s-whole-256k	4	617535	617196	57	936087552	706932736	python3*49 ZMQbg/Reaper*4 ZMQbg/IO/0*4 
2026-09-28T06:28:28+04:00	ck9s-whole-256k	4	617179	363	2	11640832	12288	uv*1 main2*1 
2026-09-28T06:28:28+04:00	ck9s-whole-256k	4	617196	617179	57	862228480	632463360	ft*51 ZMQbg/Reaper*3 ZMQbg/IO/0*3 
2026-09-28T06:28:28+04:00	ck9s-whole-256k	4	617533	617196	1	12763136	5935104	python3*1 
2026-09-28T06:28:28+04:00	ck9s-whole-256k	4	617534	617196	45	22860832768	2057248768	python3*36 pt_gloo_runloop*2 ZMQbg/Reaper*2 ZMQbg/IO/0*2 pt_tcpstore_uv*1 cuda0000240000a*1 
2026-09-28T06:28:29+04:00	ck9s-whole-256k	4	617535	617196	57	936087552	706932736	python3*49 ZMQbg/Reaper*4 ZMQbg/IO/0*4 
2026-09-28T06:28:42+04:00	ck9s-whole-256k	4	617179	363	2	8544256	12288	uv*1 main2*1 
2026-09-28T06:28:42+04:00	ck9s-whole-256k	4	617196	617179	57	861720576	632463360	ft*51 ZMQbg/Reaper*3 ZMQbg/IO/0*3 
2026-09-28T06:28:42+04:00	ck9s-whole-256k	4	617533	617196	1	12763136	5935104	python3*1 
2026-09-28T06:28:42+04:00	ck9s-whole-256k	4	617534	617196	45	22859350016	2057248768	python3*36 pt_gloo_runloop*2 ZMQbg/Reaper*2 ZMQbg/IO/0*2 pt_tcpstore_uv*1 cuda0000240000a*1 
2026-09-28T06:28:42+04:00	ck9s-whole-256k	4	617535	617196	57	933314560	706932736	python3*49 ZMQbg/Reaper*4 ZMQbg/IO/0*4 
2026-09-28T06:28:52+04:00	ck9s-whole-256k	4	617179	363	2	8126464	12288	uv*1 main2*1 
2026-09-28T06:28:52+04:00	ck9s-whole-256k	4	617196	617179	57	847708160	632463360	ft*51 ZMQbg/Reaper*3 ZMQbg/IO/0*3 
2026-09-28T06:28:52+04:00	ck9s-whole-256k	4	617533	617196	1	12763136	5935104	python3*1 
2026-09-28T06:28:52+04:00	ck9s-whole-256k	4	617534	617196	45	22845140992	2057248768	python3*36 pt_gloo_runloop*2 ZMQbg/Reaper*2 ZMQbg/IO/0*2 pt_tcpstore_uv*1 cuda0000240000a*1 
2026-09-28T06:28:53+04:00	ck9s-whole-256k	4	617535	617196	57	922116096	706932736	python3*49 ZMQbg/Reaper*4 ZMQbg/IO/0*4 
2026-09-28T06:29:03+04:00	ck9s-whole-256k	4	617179	363	2	8097792	12288	uv*1 main2*1 
2026-09-28T06:29:03+04:00	ck9s-whole-256k	4	617196	617179	57	802029568	592961536	ft*51 ZMQbg/Reaper*3 ZMQbg/IO/0*3 
2026-09-28T06:29:03+04:00	ck9s-whole-256k	4	617533	617196	1	12763136	5935104	python3*1 
2026-09-28T06:29:03+04:00	ck9s-whole-256k	4	617534	617196	45	22838210560	2057248768	python3*36 pt_gloo_runloop*2 ZMQbg/Reaper*2 ZMQbg/IO/0*2 pt_tcpstore_uv*1 cuda0000240000a*1 
2026-09-28T06:29:03+04:00	ck9s-whole-256k	4	617535	617196	57	915935232	706932736	python3*49 ZMQbg/Reaper*4 ZMQbg/IO/0*4 
2026-09-28T06:29:16+04:00	ck9s-whole-256k	4	617179	363	2	8097792	12288	uv*1 main2*1 
2026-09-28T06:29:16+04:00	ck9s-whole-256k	4	617196	617179	57	802029568	592961536	ft*51 ZMQbg/Reaper*3 ZMQbg/IO/0*3 
2026-09-28T06:29:16+04:00	ck9s-whole-256k	4	617533	617196	1	12763136	5935104	python3*1 
2026-09-28T06:29:16+04:00	ck9s-whole-256k	4	617534	617196	45	22838210560	2057248768	python3*36 pt_gloo_runloop*2 ZMQbg/Reaper*2 ZMQbg/IO/0*2 pt_tcpstore_uv*1 cuda0000240000a*1 
2026-09-28T06:29:17+04:00	ck9s-whole-256k	4	617535	617196	57	915935232	706932736	python3*49 ZMQbg/Reaper*4 ZMQbg/IO/0*4 
2026-09-28T06:29:27+04:00	ck9s-whole-256k	4	617179	363	2	8097792	12288	uv*1 main2*1 
2026-09-28T06:29:27+04:00	ck9s-whole-256k	4	617196	617179	57	802029568	592961536	ft*51 ZMQbg/Reaper*3 ZMQbg/IO/0*3 
2026-09-28T06:29:27+04:00	ck9s-whole-256k	4	617533	617196	1	12763136	5935104	python3*1 
2026-09-28T06:29:27+04:00	ck9s-whole-256k	4	617534	617196	45	22838210560	2057248768	python3*36 pt_gloo_runloop*2 ZMQbg/Reaper*2 ZMQbg/IO/0*2 pt_tcpstore_uv*1 cuda0000240000a*1 
2026-09-28T06:29:27+04:00	ck9s-whole-256k	4	617535	617196	57	915935232	706932736	python3*49 ZMQbg/Reaper*4 ZMQbg/IO/0*4 
2026-09-28T06:29:37+04:00	ck9s-whole-256k	4	617179	363	2	8097792	12288	uv*1 main2*1 
2026-09-28T06:29:37+04:00	ck9s-whole-256k	4	617196	617179	57	802029568	592961536	ft*51 ZMQbg/Reaper*3 ZMQbg/IO/0*3 
2026-09-28T06:29:37+04:00	ck9s-whole-256k	4	617533	617196	1	12763136	5935104	python3*1 
2026-09-28T06:29:37+04:00	ck9s-whole-256k	4	617534	617196	45	22838214656	2057248768	python3*36 pt_gloo_runloop*2 ZMQbg/Reaper*2 ZMQbg/IO/0*2 pt_tcpstore_uv*1 cuda0000240000a*1 
2026-09-28T06:29:37+04:00	ck9s-whole-256k	4	617535	617196	57	915935232	706932736	python3*49 ZMQbg/Reaper*4 ZMQbg/IO/0*4 
2026-09-28T06:29:51+04:00	ck9s-whole-256k	4	617179	363	2	8097792	12288	uv*1 main2*1 
2026-09-28T06:29:51+04:00	ck9s-whole-256k	4	617196	617179	57	802029568	592961536	ft*51 ZMQbg/Reaper*3 ZMQbg/IO/0*3 
2026-09-28T06:29:51+04:00	ck9s-whole-256k	4	617533	617196	1	12763136	5935104	python3*1 
2026-09-28T06:29:51+04:00	ck9s-whole-256k	4	617534	617196	45	22838652928	2057584640	python3*36 pt_gloo_runloop*2 ZMQbg/Reaper*2 ZMQbg/IO/0*2 pt_tcpstore_uv*1 cuda0000240000a*1 
2026-09-28T06:29:51+04:00	ck9s-whole-256k	4	617535	617196	57	915935232	706932736	python3*49 ZMQbg/Reaper*4 ZMQbg/IO/0*4 
2026-09-28T06:30:01+04:00	ck9s-whole-256k	4	617179	363	2	8097792	12288	uv*1 main2*1 
2026-09-28T06:30:01+04:00	ck9s-whole-256k	4	617196	617179	57	802029568	592961536	ft*51 ZMQbg/Reaper*3 ZMQbg/IO/0*3 
2026-09-28T06:30:01+04:00	ck9s-whole-256k	4	617533	617196	1	12763136	5935104	python3*1 
2026-09-28T06:30:01+04:00	ck9s-whole-256k	4	617534	617196	45	22838657024	2057588736	python3*36 pt_gloo_runloop*2 ZMQbg/Reaper*2 ZMQbg/IO/0*2 pt_tcpstore_uv*1 cuda0000240000a*1 
2026-09-28T06:30:01+04:00	ck9s-whole-256k	4	617535	617196	57	915935232	706932736	python3*49 ZMQbg/Reaper*4 ZMQbg/IO/0*4 
2026-09-28T06:30:11+04:00	ck9s-whole-256k	4	617179	363	2	8097792	12288	uv*1 main2*1 
2026-09-28T06:30:11+04:00	ck9s-whole-256k	4	617196	617179	57	802029568	592961536	ft*51 ZMQbg/Reaper*3 ZMQbg/IO/0*3 
2026-09-28T06:30:11+04:00	ck9s-whole-256k	4	617533	617196	1	12763136	5935104	python3*1 
2026-09-28T06:30:11+04:00	ck9s-whole-256k	4	617534	617196	45	22838661120	2057592832	python3*36 pt_gloo_runloop*2 ZMQbg/Reaper*2 ZMQbg/IO/0*2 pt_tcpstore_uv*1 cuda0000240000a*1 
2026-09-28T06:30:12+04:00	ck9s-whole-256k	4	617535	617196	57	915935232	706932736	python3*49 ZMQbg/Reaper*4 ZMQbg/IO/0*4 
2026-09-28T06:30:22+04:00	ck9s-whole-256k	4	617179	363	2	8097792	12288	uv*1 main2*1 
2026-09-28T06:30:22+04:00	ck9s-whole-256k	4	617196	617179	57	802029568	592961536	ft*51 ZMQbg/Reaper*3 ZMQbg/IO/0*3 
2026-09-28T06:30:22+04:00	ck9s-whole-256k	4	617533	617196	1	12763136	5935104	python3*1 
2026-09-28T06:30:22+04:00	ck9s-whole-256k	4	617534	617196	45	22838702080	2057633792	python3*36 pt_gloo_runloop*2 ZMQbg/Reaper*2 ZMQbg/IO/0*2 pt_tcpstore_uv*1 cuda0000240000a*1 
2026-09-28T06:30:22+04:00	ck9s-whole-256k	4	617535	617196	57	915935232	706932736	python3*49 ZMQbg/Reaper*4 ZMQbg/IO/0*4 
2026-09-28T06:30:36+04:00	ck9s-whole-256k	4	617179	363	2	8097792	12288	uv*1 main2*1 
2026-09-28T06:30:36+04:00	ck9s-whole-256k	4	617196	617179	57	802029568	592961536	ft*51 ZMQbg/Reaper*3 ZMQbg/IO/0*3 
2026-09-28T06:30:36+04:00	ck9s-whole-256k	4	617533	617196	1	12763136	5935104	python3*1 
2026-09-28T06:30:36+04:00	ck9s-whole-256k	4	617534	617196	45	22838837248	2057777152	python3*36 pt_gloo_runloop*2 ZMQbg/Reaper*2 ZMQbg/IO/0*2 pt_tcpstore_uv*1 cuda0000240000a*1 
2026-09-28T06:30:36+04:00	ck9s-whole-256k	4	617535	617196	57	915935232	706932736	python3*49 ZMQbg/Reaper*4 ZMQbg/IO/0*4 
2026-09-28T06:30:46+04:00	ck9s-whole-256k	4	617179	363	2	8097792	12288	uv*1 main2*1 
2026-09-28T06:30:46+04:00	ck9s-whole-256k	4	617196	617179	57	802029568	592961536	ft*51 ZMQbg/Reaper*3 ZMQbg/IO/0*3 
2026-09-28T06:30:46+04:00	ck9s-whole-256k	4	617533	617196	1	12763136	5935104	python3*1 
2026-09-28T06:30:46+04:00	ck9s-whole-256k	4	617534	617196	45	22838988800	2057920512	python3*36 pt_gloo_runloop*2 ZMQbg/Reaper*2 ZMQbg/IO/0*2 pt_tcpstore_uv*1 cuda0000240000a*1 
2026-09-28T06:30:46+04:00	ck9s-whole-256k	4	617535	617196	57	915935232	706932736	python3*49 ZMQbg/Reaper*4 ZMQbg/IO/0*4 
2026-09-28T06:30:56+04:00	ck9s-whole-256k	4	617179	363	2	8097792	12288	uv*1 main2*1 
2026-09-28T06:30:56+04:00	ck9s-whole-256k	4	617196	617179	57	802029568	592961536	ft*51 ZMQbg/Reaper*3 ZMQbg/IO/0*3 
2026-09-28T06:30:56+04:00	ck9s-whole-256k	4	617533	617196	1	12763136	5935104	python3*1 
2026-09-28T06:30:56+04:00	ck9s-whole-256k	4	617534	617196	45	22839123968	2058055680	python3*36 pt_gloo_runloop*2 ZMQbg/Reaper*2 ZMQbg/IO/0*2 pt_tcpstore_uv*1 cuda0000240000a*1 
2026-09-28T06:30:56+04:00	ck9s-whole-256k	4	617535	617196	57	915935232	706932736	python3*49 ZMQbg/Reaper*4 ZMQbg/IO/0*4 
2026-09-28T06:31:10+04:00	ck9s-whole-256k	4	617179	363	2	8097792	12288	uv*1 main2*1 
2026-09-28T06:31:10+04:00	ck9s-whole-256k	4	617196	617179	57	802029568	592961536	ft*51 ZMQbg/Reaper*3 ZMQbg/IO/0*3 
2026-09-28T06:31:10+04:00	ck9s-whole-256k	4	617533	617196	1	12763136	5935104	python3*1 
2026-09-28T06:31:10+04:00	ck9s-whole-256k	4	617534	617196	45	22839250944	2058182656	python3*36 pt_gloo_runloop*2 ZMQbg/Reaper*2 ZMQbg/IO/0*2 pt_tcpstore_uv*1 cuda0000240000a*1 
2026-09-28T06:31:10+04:00	ck9s-whole-256k	4	617535	617196	57	915935232	706932736	python3*49 ZMQbg/Reaper*4 ZMQbg/IO/0*4 
2026-09-28T06:31:20+04:00	ck9s-whole-256k	4	617179	363	2	8097792	12288	uv*1 main2*1 
2026-09-28T06:31:20+04:00	ck9s-whole-256k	4	617196	617179	57	802029568	592961536	ft*51 ZMQbg/Reaper*3 ZMQbg/IO/0*3 
2026-09-28T06:31:20+04:00	ck9s-whole-256k	4	617533	617196	1	12763136	5935104	python3*1 
2026-09-28T06:31:20+04:00	ck9s-whole-256k	4	617534	617196	45	22839414784	2058346496	python3*36 pt_gloo_runloop*2 ZMQbg/Reaper*2 ZMQbg/IO/0*2 pt_tcpstore_uv*1 cuda0000240000a*1 
2026-09-28T06:31:21+04:00	ck9s-whole-256k	4	617535	617196	57	915935232	706932736	python3*49 ZMQbg/Reaper*4 ZMQbg/IO/0*4 
2026-09-28T06:31:31+04:00	ck9s-whole-256k	4	617179	363	2	8097792	12288	uv*1 main2*1 
2026-09-28T06:31:31+04:00	ck9s-whole-256k	4	617196	617179	57	802078720	593006592	ft*51 ZMQbg/Reaper*3 ZMQbg/IO/0*3 
2026-09-28T06:31:31+04:00	ck9s-whole-256k	4	617533	617196	1	12763136	5935104	python3*1 
2026-09-28T06:31:31+04:00	ck9s-whole-256k	4	617534	617196	45	22841450496	2060382208	python3*36 pt_gloo_runloop*2 ZMQbg/Reaper*2 ZMQbg/IO/0*2 pt_tcpstore_uv*1 cuda0000240000a*1 
2026-09-28T06:31:31+04:00	ck9s-whole-256k	4	617535	617196	57	915980288	706936832	python3*49 ZMQbg/Reaper*4 ZMQbg/IO/0*4 
2026-09-28T06:31:44+04:00	ck9s-whole-256k	4	617179	363	2	8097792	12288	uv*1 main2*1 
2026-09-28T06:31:44+04:00	ck9s-whole-256k	4	617196	617179	57	802480128	593408000	ft*51 ZMQbg/Reaper*3 ZMQbg/IO/0*3 
2026-09-28T06:31:44+04:00	ck9s-whole-256k	4	617533	617196	1	12763136	5935104	python3*1 
2026-09-28T06:31:44+04:00	ck9s-whole-256k	4	617534	617196	45	22841450496	2060382208	python3*36 pt_gloo_runloop*2 ZMQbg/Reaper*2 ZMQbg/IO/0*2 pt_tcpstore_uv*1 cuda0000240000a*1 
2026-09-28T06:31:45+04:00	ck9s-whole-256k	4	617535	617196	57	915980288	706936832	python3*49 ZMQbg/Reaper*4 ZMQbg/IO/0*4 
2026-09-28T06:31:55+04:00	ck9s-whole-256k	4	617179	363	2	8097792	12288	uv*1 main2*1 
2026-09-28T06:31:55+04:00	ck9s-whole-256k	4	617196	617179	57	803061760	593989632	ft*51 ZMQbg/Reaper*3 ZMQbg/IO/0*3 
2026-09-28T06:31:55+04:00	ck9s-whole-256k	4	617533	617196	1	12763136	5935104	python3*1 
2026-09-28T06:31:55+04:00	ck9s-whole-256k	4	617534	617196	45	22841516032	2060382208	python3*36 pt_gloo_runloop*2 ZMQbg/Reaper*2 ZMQbg/IO/0*2 pt_tcpstore_uv*1 cuda0000240000a*1 
2026-09-28T06:31:55+04:00	ck9s-whole-256k	4	617535	617196	57	915980288	706936832	python3*49 ZMQbg/Reaper*4 ZMQbg/IO/0*4 
2026-09-28T06:32:05+04:00	ck9s-whole-256k	4	617179	363	2	8097792	12288	uv*1 main2*1 
2026-09-28T06:32:05+04:00	ck9s-whole-256k	4	617196	617179	57	803594240	594522112	ft*51 ZMQbg/Reaper*3 ZMQbg/IO/0*3 
2026-09-28T06:32:05+04:00	ck9s-whole-256k	4	617533	617196	1	12763136	5935104	python3*1 
2026-09-28T06:32:05+04:00	ck9s-whole-256k	4	617534	617196	45	22841516032	2060382208	python3*36 pt_gloo_runloop*2 ZMQbg/Reaper*2 ZMQbg/IO/0*2 pt_tcpstore_uv*1 cuda0000240000a*1 
2026-09-28T06:32:05+04:00	ck9s-whole-256k	4	617535	617196	57	915980288	706936832	python3*49 ZMQbg/Reaper*4 ZMQbg/IO/0*4 
2026-09-28T06:32:19+04:00	ck9s-whole-256k	4	617179	363	2	8097792	12288	uv*1 main2*1 
2026-09-28T06:32:19+04:00	ck9s-whole-256k	4	617196	617179	57	803598336	594526208	ft*51 ZMQbg/Reaper*3 ZMQbg/IO/0*3 
2026-09-28T06:32:19+04:00	ck9s-whole-256k	4	617533	617196	1	12763136	5935104	python3*1 
2026-09-28T06:32:19+04:00	ck9s-whole-256k	4	617534	617196	45	22841516032	2060382208	python3*36 pt_gloo_runloop*2 ZMQbg/Reaper*2 ZMQbg/IO/0*2 pt_tcpstore_uv*1 cuda0000240000a*1 
2026-09-28T06:32:19+04:00	ck9s-whole-256k	4	617535	617196	57	915980288	706936832	python3*49 ZMQbg/Reaper*4 ZMQbg/IO/0*4 
2026-09-28T06:32:29+04:00	ck9s-whole-256k	4	617179	363	2	8097792	12288	uv*1 main2*1 
2026-09-28T06:32:29+04:00	ck9s-whole-256k	4	617196	617179	57	803598336	594526208	ft*51 ZMQbg/Reaper*3 ZMQbg/IO/0*3 
2026-09-28T06:32:29+04:00	ck9s-whole-256k	4	617533	617196	1	12763136	5935104	python3*1 
2026-09-28T06:32:29+04:00	ck9s-whole-256k	4	617534	617196	45	22841516032	2060382208	python3*36 pt_gloo_runloop*2 ZMQbg/Reaper*2 ZMQbg/IO/0*2 pt_tcpstore_uv*1 cuda0000240000a*1 
2026-09-28T06:32:29+04:00	ck9s-whole-256k	4	617535	617196	57	915980288	706936832	python3*49 ZMQbg/Reaper*4 ZMQbg/IO/0*4 
2026-09-28T06:32:39+04:00	ck9s-whole-256k	4	617179	363	2	8097792	12288	uv*1 main2*1 
2026-09-28T06:32:39+04:00	ck9s-whole-256k	4	617196	617179	57	803598336	594526208	ft*51 ZMQbg/Reaper*3 ZMQbg/IO/0*3 
2026-09-28T06:32:39+04:00	ck9s-whole-256k	4	617533	617196	1	12763136	5935104	python3*1 
2026-09-28T06:32:39+04:00	ck9s-whole-256k	4	617534	617196	45	22841520128	2060386304	python3*36 pt_gloo_runloop*2 ZMQbg/Reaper*2 ZMQbg/IO/0*2 pt_tcpstore_uv*1 cuda0000240000a*1 
2026-09-28T06:32:40+04:00	ck9s-whole-256k	4	617535	617196	57	915980288	706936832	python3*49 ZMQbg/Reaper*4 ZMQbg/IO/0*4 
2026-09-28T06:32:53+04:00	ck9s-whole-256k	4	617179	363	2	8097792	12288	uv*1 main2*1 
2026-09-28T06:32:53+04:00	ck9s-whole-256k	4	617196	617179	57	803598336	594526208	ft*51 ZMQbg/Reaper*3 ZMQbg/IO/0*3 
2026-09-28T06:32:53+04:00	ck9s-whole-256k	4	617533	617196	1	12763136	5935104	python3*1 
2026-09-28T06:32:53+04:00	ck9s-whole-256k	4	617534	617196	45	22841524224	2060390400	python3*36 pt_gloo_runloop*2 ZMQbg/Reaper*2 ZMQbg/IO/0*2 pt_tcpstore_uv*1 cuda0000240000a*1 
2026-09-28T06:32:53+04:00	ck9s-whole-256k	4	617535	617196	57	915980288	706936832	python3*49 ZMQbg/Reaper*4 ZMQbg/IO/0*4 
2026-09-28T06:33:03+04:00	ck9s-whole-256k	4	617179	363	2	8097792	12288	uv*1 main2*1 
2026-09-28T06:33:03+04:00	ck9s-whole-256k	4	617196	617179	57	803598336	594526208	ft*51 ZMQbg/Reaper*3 ZMQbg/IO/0*3 
2026-09-28T06:33:03+04:00	ck9s-whole-256k	4	617533	617196	1	12763136	5935104	python3*1 
2026-09-28T06:33:03+04:00	ck9s-whole-256k	4	617534	617196	45	22841524224	2060390400	python3*36 pt_gloo_runloop*2 ZMQbg/Reaper*2 ZMQbg/IO/0*2 pt_tcpstore_uv*1 cuda0000240000a*1 
2026-09-28T06:33:04+04:00	ck9s-whole-256k	4	617535	617196	57	915980288	706936832	python3*49 ZMQbg/Reaper*4 ZMQbg/IO/0*4 
2026-09-28T06:33:14+04:00	ck9s-whole-256k	4	617179	363	2	8097792	12288	uv*1 main2*1 
2026-09-28T06:33:14+04:00	ck9s-whole-256k	4	617196	617179	57	803598336	594526208	ft*51 ZMQbg/Reaper*3 ZMQbg/IO/0*3 
2026-09-28T06:33:14+04:00	ck9s-whole-256k	4	617533	617196	1	12763136	5935104	python3*1 
2026-09-28T06:33:14+04:00	ck9s-whole-256k	4	617534	617196	45	22841524224	2060390400	python3*36 pt_gloo_runloop*2 ZMQbg/Reaper*2 ZMQbg/IO/0*2 pt_tcpstore_uv*1 cuda0000240000a*1 
2026-09-28T06:33:14+04:00	ck9s-whole-256k	4	617535	617196	57	915980288	706936832	python3*49 ZMQbg/Reaper*4 ZMQbg/IO/0*4 
2026-09-28T06:33:27+04:00	ck9s-whole-256k	4	617179	363	2	8097792	12288	uv*1 main2*1 
2026-09-28T06:33:27+04:00	ck9s-whole-256k	4	617196	617179	57	803598336	594526208	ft*51 ZMQbg/Reaper*3 ZMQbg/IO/0*3 
2026-09-28T06:33:27+04:00	ck9s-whole-256k	4	617533	617196	1	12763136	5935104	python3*1 
2026-09-28T06:33:27+04:00	ck9s-whole-256k	4	617534	617196	45	22841528320	2060394496	python3*36 pt_gloo_runloop*2 ZMQbg/Reaper*2 ZMQbg/IO/0*2 pt_tcpstore_uv*1 cuda0000240000a*1 
2026-09-28T06:33:28+04:00	ck9s-whole-256k	4	617535	617196	57	915980288	706936832	python3*49 ZMQbg/Reaper*4 ZMQbg/IO/0*4 
2026-09-28T06:33:38+04:00	ck9s-whole-256k	4	617179	363	2	8097792	12288	uv*1 main2*1 
2026-09-28T06:33:38+04:00	ck9s-whole-256k	4	617196	617179	57	803598336	594526208	ft*51 ZMQbg/Reaper*3 ZMQbg/IO/0*3 
2026-09-28T06:33:38+04:00	ck9s-whole-256k	4	617533	617196	1	12763136	5935104	python3*1 
2026-09-28T06:33:38+04:00	ck9s-whole-256k	4	617534	617196	45	22841528320	2060394496	python3*36 pt_gloo_runloop*2 ZMQbg/Reaper*2 ZMQbg/IO/0*2 pt_tcpstore_uv*1 cuda0000240000a*1 
2026-09-28T06:33:38+04:00	ck9s-whole-256k	4	617535	617196	57	915980288	706936832	python3*49 ZMQbg/Reaper*4 ZMQbg/IO/0*4 
2026-09-28T06:33:48+04:00	ck9s-whole-256k	4	617179	363	2	8097792	12288	uv*1 main2*1 
2026-09-28T06:33:48+04:00	ck9s-whole-256k	4	617196	617179	57	803598336	594526208	ft*51 ZMQbg/Reaper*3 ZMQbg/IO/0*3 
2026-09-28T06:33:48+04:00	ck9s-whole-256k	4	617533	617196	1	12763136	5935104	python3*1 
2026-09-28T06:33:48+04:00	ck9s-whole-256k	4	617534	617196	45	22841528320	2060394496	python3*36 pt_gloo_runloop*2 ZMQbg/Reaper*2 ZMQbg/IO/0*2 pt_tcpstore_uv*1 cuda0000240000a*1 
2026-09-28T06:33:48+04:00	ck9s-whole-256k	4	617535	617196	57	915980288	706936832	python3*49 ZMQbg/Reaper*4 ZMQbg/IO/0*4 
2026-09-28T06:34:02+04:00	ck9s-whole-256k	4	617179	363	2	8097792	12288	uv*1 main2*1 
2026-09-28T06:34:02+04:00	ck9s-whole-256k	4	617196	617179	57	803598336	594526208	ft*51 ZMQbg/Reaper*3 ZMQbg/IO/0*3 
2026-09-28T06:34:02+04:00	ck9s-whole-256k	4	617533	617196	1	12763136	5935104	python3*1 
2026-09-28T06:34:02+04:00	ck9s-whole-256k	4	617534	617196	45	22841532416	2060398592	python3*36 pt_gloo_runloop*2 ZMQbg/Reaper*2 ZMQbg/IO/0*2 pt_tcpstore_uv*1 cuda0000240000a*1 
2026-09-28T06:34:02+04:00	ck9s-whole-256k	4	617535	617196	57	915980288	706936832	python3*49 ZMQbg/Reaper*4 ZMQbg/IO/0*4 
2026-09-28T06:34:12+04:00	ck9s-whole-256k	4	617179	363	2	8097792	12288	uv*1 main2*1 
2026-09-28T06:34:12+04:00	ck9s-whole-256k	4	617196	617179	57	803598336	594526208	ft*51 ZMQbg/Reaper*3 ZMQbg/IO/0*3 
2026-09-28T06:34:12+04:00	ck9s-whole-256k	4	617533	617196	1	12763136	5935104	python3*1 
2026-09-28T06:34:12+04:00	ck9s-whole-256k	4	617534	617196	45	22841532416	2060398592	python3*36 pt_gloo_runloop*2 ZMQbg/Reaper*2 ZMQbg/IO/0*2 pt_tcpstore_uv*1 cuda0000240000a*1 
2026-09-28T06:34:12+04:00	ck9s-whole-256k	4	617535	617196	57	915980288	706936832	python3*49 ZMQbg/Reaper*4 ZMQbg/IO/0*4 
2026-09-28T06:34:22+04:00	ck9s-whole-256k	4	617179	363	2	8097792	12288	uv*1 main2*1 
2026-09-28T06:34:22+04:00	ck9s-whole-256k	4	617196	617179	57	803598336	594526208	ft*51 ZMQbg/Reaper*3 ZMQbg/IO/0*3 
2026-09-28T06:34:22+04:00	ck9s-whole-256k	4	617533	617196	1	12763136	5935104	python3*1 
2026-09-28T06:34:22+04:00	ck9s-whole-256k	4	617534	617196	45	22841532416	2060398592	python3*36 pt_gloo_runloop*2 ZMQbg/Reaper*2 ZMQbg/IO/0*2 pt_tcpstore_uv*1 cuda0000240000a*1 
2026-09-28T06:34:22+04:00	ck9s-whole-256k	4	617535	617196	57	915980288	706936832	python3*49 ZMQbg/Reaper*4 ZMQbg/IO/0*4 
2026-09-28T06:34:32+04:00	ck9s-whole-256k	4	617179	363	2	8097792	12288	uv*1 main2*1 
2026-09-28T06:34:32+04:00	ck9s-whole-256k	4	617196	617179	57	803598336	594526208	ft*51 ZMQbg/Reaper*3 ZMQbg/IO/0*3 
2026-09-28T06:34:33+04:00	ck9s-whole-256k	4	617533	617196	1	12763136	5935104	python3*1 
2026-09-28T06:34:33+04:00	ck9s-whole-256k	4	617534	617196	45	22841532416	2060398592	python3*36 pt_gloo_runloop*2 ZMQbg/Reaper*2 ZMQbg/IO/0*2 pt_tcpstore_uv*1 cuda0000240000a*1 
2026-09-28T06:34:33+04:00	ck9s-whole-256k	4	617535	617196	57	915980288	706936832	python3*49 ZMQbg/Reaper*4 ZMQbg/IO/0*4 
2026-09-28T06:34:46+04:00	ck9s-whole-256k	4	617179	363	2	8097792	12288	uv*1 main2*1 
2026-09-28T06:34:46+04:00	ck9s-whole-256k	4	617196	617179	57	803598336	594526208	ft*51 ZMQbg/Reaper*3 ZMQbg/IO/0*3 
2026-09-28T06:34:46+04:00	ck9s-whole-256k	4	617533	617196	1	12763136	5935104	python3*1 
2026-09-28T06:34:46+04:00	ck9s-whole-256k	4	617534	617196	45	22841532416	2060398592	python3*36 pt_gloo_runloop*2 ZMQbg/Reaper*2 ZMQbg/IO/0*2 pt_tcpstore_uv*1 cuda0000240000a*1 
2026-09-28T06:34:46+04:00	ck9s-whole-256k	4	617535	617196	57	915980288	706936832	python3*49 ZMQbg/Reaper*4 ZMQbg/IO/0*4 
2026-09-28T06:34:56+04:00	ck9s-whole-256k	4	617179	363	2	8097792	12288	uv*1 main2*1 
2026-09-28T06:34:56+04:00	ck9s-whole-256k	4	617196	617179	57	803598336	594526208	ft*51 ZMQbg/Reaper*3 ZMQbg/IO/0*3 
2026-09-28T06:34:56+04:00	ck9s-whole-256k	4	617533	617196	1	12763136	5935104	python3*1 
2026-09-28T06:34:56+04:00	ck9s-whole-256k	4	617534	617196	45	22841532416	2060398592	python3*36 pt_gloo_runloop*2 ZMQbg/Reaper*2 ZMQbg/IO/0*2 pt_tcpstore_uv*1 cuda0000240000a*1 
2026-09-28T06:34:57+04:00	ck9s-whole-256k	4	617535	617196	57	915980288	706936832	python3*49 ZMQbg/Reaper*4 ZMQbg/IO/0*4 
2026-09-28T06:35:07+04:00	ck9s-whole-256k	4	617179	363	2	8097792	12288	uv*1 main2*1 
2026-09-28T06:35:07+04:00	ck9s-whole-256k	4	617196	617179	57	803598336	594526208	ft*51 ZMQbg/Reaper*3 ZMQbg/IO/0*3 
2026-09-28T06:35:07+04:00	ck9s-whole-256k	4	617533	617196	1	12763136	5935104	python3*1 
2026-09-28T06:35:07+04:00	ck9s-whole-256k	4	617534	617196	45	22841638912	2060505088	python3*36 pt_gloo_runloop*2 ZMQbg/Reaper*2 ZMQbg/IO/0*2 pt_tcpstore_uv*1 cuda0000240000a*1 
2026-09-28T06:35:07+04:00	ck9s-whole-256k	4	617535	617196	57	915980288	706936832	python3*49 ZMQbg/Reaper*4 ZMQbg/IO/0*4 
2026-09-28T06:35:20+04:00	ck9s-whole-256k	4	617179	363	2	8097792	12288	uv*1 main2*1 
2026-09-28T06:35:20+04:00	ck9s-whole-256k	4	617196	617179	57	803598336	594526208	ft*51 ZMQbg/Reaper*3 ZMQbg/IO/0*3 
2026-09-28T06:35:20+04:00	ck9s-whole-256k	4	617533	617196	1	12763136	5935104	python3*1 
2026-09-28T06:35:20+04:00	ck9s-whole-256k	4	617534	617196	45	22841778176	2060644352	python3*36 pt_gloo_runloop*2 ZMQbg/Reaper*2 ZMQbg/IO/0*2 pt_tcpstore_uv*1 cuda0000240000a*1 
2026-09-28T06:35:21+04:00	ck9s-whole-256k	4	617535	617196	57	915980288	706936832	python3*49 ZMQbg/Reaper*4 ZMQbg/IO/0*4 
2026-09-28T06:35:31+04:00	ck9s-whole-256k	4	617179	363	2	8097792	12288	uv*1 main2*1 
2026-09-28T06:35:31+04:00	ck9s-whole-256k	4	617196	617179	57	803598336	594526208	ft*51 ZMQbg/Reaper*3 ZMQbg/IO/0*3 
2026-09-28T06:35:31+04:00	ck9s-whole-256k	4	617533	617196	1	12763136	5935104	python3*1 
2026-09-28T06:35:31+04:00	ck9s-whole-256k	4	617534	617196	45	22841896960	2060763136	python3*36 pt_gloo_runloop*2 ZMQbg/Reaper*2 ZMQbg/IO/0*2 pt_tcpstore_uv*1 cuda0000240000a*1 
2026-09-28T06:35:31+04:00	ck9s-whole-256k	4	617535	617196	57	915980288	706936832	python3*49 ZMQbg/Reaper*4 ZMQbg/IO/0*4 
2026-09-28T06:35:41+04:00	ck9s-whole-256k	4	617179	363	2	8097792	12288	uv*1 main2*1 
2026-09-28T06:35:41+04:00	ck9s-whole-256k	4	617196	617179	57	803598336	594526208	ft*51 ZMQbg/Reaper*3 ZMQbg/IO/0*3 
2026-09-28T06:35:41+04:00	ck9s-whole-256k	4	617533	617196	1	12763136	5935104	python3*1 
2026-09-28T06:35:41+04:00	ck9s-whole-256k	4	617534	617196	45	22842028032	2060894208	python3*36 pt_gloo_runloop*2 ZMQbg/Reaper*2 ZMQbg/IO/0*2 pt_tcpstore_uv*1 cuda0000240000a*1 
2026-09-28T06:35:41+04:00	ck9s-whole-256k	4	617535	617196	57	915980288	706936832	python3*49 ZMQbg/Reaper*4 ZMQbg/IO/0*4 
2026-09-28T06:35:54+04:00	ck9s-whole-256k	4	617179	363	2	8097792	12288	uv*1 main2*1 
2026-09-28T06:35:54+04:00	ck9s-whole-256k	4	617196	617179	57	803598336	594526208	ft*51 ZMQbg/Reaper*3 ZMQbg/IO/0*3 
2026-09-28T06:35:54+04:00	ck9s-whole-256k	4	617533	617196	1	12763136	5935104	python3*1 
2026-09-28T06:35:54+04:00	ck9s-whole-256k	4	617534	617196	45	22842634240	2061500416	python3*36 pt_gloo_runloop*2 ZMQbg/Reaper*2 ZMQbg/IO/0*2 pt_tcpstore_uv*1 cuda0000240000a*1 
2026-09-28T06:35:55+04:00	ck9s-whole-256k	4	617535	617196	57	915980288	706936832	python3*49 ZMQbg/Reaper*4 ZMQbg/IO/0*4 
2026-09-28T06:36:05+04:00	ck9s-whole-256k	4	617179	363	2	8097792	12288	uv*1 main2*1 
2026-09-28T06:36:05+04:00	ck9s-whole-256k	4	617196	617179	57	803598336	594526208	ft*51 ZMQbg/Reaper*3 ZMQbg/IO/0*3 
2026-09-28T06:36:05+04:00	ck9s-whole-256k	4	617533	617196	1	12763136	5935104	python3*1 
2026-09-28T06:36:05+04:00	ck9s-whole-256k	4	617534	617196	45	22842634240	2061500416	python3*36 pt_gloo_runloop*2 ZMQbg/Reaper*2 ZMQbg/IO/0*2 pt_tcpstore_uv*1 cuda0000240000a*1 
2026-09-28T06:36:05+04:00	ck9s-whole-256k	4	617535	617196	57	915980288	706936832	python3*49 ZMQbg/Reaper*4 ZMQbg/IO/0*4 
2026-09-28T06:36:15+04:00	ck9s-whole-256k	4	617179	363	2	8097792	12288	uv*1 main2*1 
2026-09-28T06:36:15+04:00	ck9s-whole-256k	4	617196	617179	57	803598336	594526208	ft*51 ZMQbg/Reaper*3 ZMQbg/IO/0*3 
2026-09-28T06:36:15+04:00	ck9s-whole-256k	4	617533	617196	1	12763136	5935104	python3*1 
2026-09-28T06:36:15+04:00	ck9s-whole-256k	4	617534	617196	45	22842634240	2061500416	python3*36 pt_gloo_runloop*2 ZMQbg/Reaper*2 ZMQbg/IO/0*2 pt_tcpstore_uv*1 cuda0000240000a*1 
2026-09-28T06:36:15+04:00	ck9s-whole-256k	4	617535	617196	57	915980288	706936832	python3*49 ZMQbg/Reaper*4 ZMQbg/IO/0*4 
2026-09-28T06:36:29+04:00	ck9s-whole-256k	4	617179	363	2	8097792	12288	uv*1 main2*1 
2026-09-28T06:36:29+04:00	ck9s-whole-256k	4	617196	617179	57	803598336	594526208	ft*51 ZMQbg/Reaper*3 ZMQbg/IO/0*3 
2026-09-28T06:36:29+04:00	ck9s-whole-256k	4	617533	617196	1	12763136	5935104	python3*1 
2026-09-28T06:36:29+04:00	ck9s-whole-256k	4	617534	617196	45	22842634240	2061500416	python3*36 pt_gloo_runloop*2 ZMQbg/Reaper*2 ZMQbg/IO/0*2 pt_tcpstore_uv*1 cuda0000240000a*1 
2026-09-28T06:36:29+04:00	ck9s-whole-256k	4	617535	617196	57	915980288	706936832	python3*49 ZMQbg/Reaper*4 ZMQbg/IO/0*4 
2026-09-28T06:36:39+04:00	ck9s-whole-256k	4	617179	363	2	8097792	12288	uv*1 main2*1 
2026-09-28T06:36:39+04:00	ck9s-whole-256k	4	617196	617179	57	803598336	594526208	ft*51 ZMQbg/Reaper*3 ZMQbg/IO/0*3 
2026-09-28T06:36:39+04:00	ck9s-whole-256k	4	617533	617196	1	12763136	5935104	python3*1 
2026-09-28T06:36:39+04:00	ck9s-whole-256k	4	617534	617196	45	22842724352	2061590528	python3*36 pt_gloo_runloop*2 ZMQbg/Reaper*2 ZMQbg/IO/0*2 pt_tcpstore_uv*1 cuda0000240000a*1 
2026-09-28T06:36:39+04:00	ck9s-whole-256k	4	617535	617196	57	915980288	706936832	python3*49 ZMQbg/Reaper*4 ZMQbg/IO/0*4 
2026-09-28T06:36:49+04:00	ck9s-whole-256k	4	617179	363	2	8097792	12288	uv*1 main2*1 
2026-09-28T06:36:49+04:00	ck9s-whole-256k	4	617196	617179	57	803598336	594526208	ft*51 ZMQbg/Reaper*3 ZMQbg/IO/0*3 
2026-09-28T06:36:49+04:00	ck9s-whole-256k	4	617533	617196	1	12763136	5935104	python3*1 
2026-09-28T06:36:49+04:00	ck9s-whole-256k	4	617534	617196	45	22842843136	2061709312	python3*36 pt_gloo_runloop*2 ZMQbg/Reaper*2 ZMQbg/IO/0*2 pt_tcpstore_uv*1 cuda0000240000a*1 
2026-09-28T06:36:49+04:00	ck9s-whole-256k	4	617535	617196	57	915980288	706936832	python3*49 ZMQbg/Reaper*4 ZMQbg/IO/0*4 
2026-09-28T06:37:03+04:00	ck9s-whole-256k	4	617179	363	2	8097792	12288	uv*1 main2*1 
2026-09-28T06:37:03+04:00	ck9s-whole-256k	4	617196	617179	57	681992192	506826752	ft*51 ZMQbg/Reaper*3 ZMQbg/IO/0*3 
2026-09-28T06:37:03+04:00	ck9s-whole-256k	4	617533	617196	1	12759040	5935104	python3*1 
2026-09-28T06:37:03+04:00	ck9s-whole-256k	4	617534	617196	45	22808997888	2061828096	python3*36 pt_gloo_runloop*2 ZMQbg/Reaper*2 ZMQbg/IO/0*2 pt_tcpstore_uv*1 cuda0000240000a*1 
2026-09-28T06:37:03+04:00	ck9s-whole-256k	4	617535	617196	57	881881088	706936832	python3*49 ZMQbg/Reaper*4 ZMQbg/IO/0*4 
2026-09-28T06:37:13+04:00	ck9s-whole-256k	4	617179	363	2	8097792	12288	uv*1 main2*1 
2026-09-28T06:37:13+04:00	ck9s-whole-256k	4	617196	617179	57	586366976	439926784	ft*51 ZMQbg/Reaper*3 ZMQbg/IO/0*3 
2026-09-28T06:37:13+04:00	ck9s-whole-256k	4	617533	617196	1	12759040	5935104	python3*1 
2026-09-28T06:37:13+04:00	ck9s-whole-256k	4	617534	617196	45	22779949056	2061959168	python3*36 pt_gloo_runloop*2 ZMQbg/Reaper*2 ZMQbg/IO/0*2 pt_tcpstore_uv*1 cuda0000240000a*1 
2026-09-28T06:37:13+04:00	ck9s-whole-256k	4	617535	617196	57	852705280	706936832	python3*49 ZMQbg/Reaper*4 ZMQbg/IO/0*4 
2026-09-28T06:37:23+04:00	ck9s-whole-256k	4	617179	363	2	8097792	12288	uv*1 main2*1 
2026-09-28T06:37:23+04:00	ck9s-whole-256k	4	617196	617179	57	575143936	439926784	ft*51 ZMQbg/Reaper*3 ZMQbg/IO/0*3 
2026-09-28T06:37:23+04:00	ck9s-whole-256k	4	617533	617196	1	12759040	5935104	python3*1 
2026-09-28T06:37:23+04:00	ck9s-whole-256k	4	617534	617196	45	22768865280	2062098432	python3*36 pt_gloo_runloop*2 ZMQbg/Reaper*2 ZMQbg/IO/0*2 pt_tcpstore_uv*1 cuda0000240000a*1 
2026-09-28T06:37:23+04:00	ck9s-whole-256k	4	617535	617196	57	841482240	706936832	python3*49 ZMQbg/Reaper*4 ZMQbg/IO/0*4 
2026-09-28T06:37:37+04:00	ck9s-whole-256k	4	617179	363	2	8097792	12288	uv*1 main2*1 
2026-09-28T06:37:37+04:00	ck9s-whole-256k	4	617196	617179	57	575143936	439926784	ft*51 ZMQbg/Reaper*3 ZMQbg/IO/0*3 
2026-09-28T06:37:37+04:00	ck9s-whole-256k	4	617533	617196	1	12759040	5935104	python3*1 
2026-09-28T06:37:37+04:00	ck9s-whole-256k	4	617534	617196	45	22768996352	2062229504	python3*36 pt_gloo_runloop*2 ZMQbg/Reaper*2 ZMQbg/IO/0*2 pt_tcpstore_uv*1 cuda0000240000a*1 
2026-09-28T06:37:37+04:00	ck9s-whole-256k	4	617535	617196	57	841482240	706936832	python3*49 ZMQbg/Reaper*4 ZMQbg/IO/0*4 
2026-09-28T06:37:47+04:00	ck9s-whole-256k	4	617179	363	2	8097792	12288	uv*1 main2*1 
2026-09-28T06:37:47+04:00	ck9s-whole-256k	4	617196	617179	57	575143936	439926784	ft*51 ZMQbg/Reaper*3 ZMQbg/IO/0*3 
2026-09-28T06:37:47+04:00	ck9s-whole-256k	4	617533	617196	1	12759040	5935104	python3*1 
2026-09-28T06:37:47+04:00	ck9s-whole-256k	4	617534	617196	45	22769131520	2062364672	python3*36 pt_gloo_runloop*2 ZMQbg/Reaper*2 ZMQbg/IO/0*2 pt_tcpstore_uv*1 cuda0000240000a*1 
2026-09-28T06:37:47+04:00	ck9s-whole-256k	4	617535	617196	57	841482240	706936832	python3*49 ZMQbg/Reaper*4 ZMQbg/IO/0*4 
2026-09-28T06:37:57+04:00	ck9s-whole-256k	4	617179	363	2	8097792	12288	uv*1 main2*1 
2026-09-28T06:37:58+04:00	ck9s-whole-256k	4	617196	617179	57	575143936	439926784	ft*51 ZMQbg/Reaper*3 ZMQbg/IO/0*3 
2026-09-28T06:37:58+04:00	ck9s-whole-256k	4	617533	617196	1	12759040	5935104	python3*1 
2026-09-28T06:37:58+04:00	ck9s-whole-256k	4	617534	617196	45	22769250304	2062483456	python3*36 pt_gloo_runloop*2 ZMQbg/Reaper*2 ZMQbg/IO/0*2 pt_tcpstore_uv*1 cuda0000240000a*1 
2026-09-28T06:37:58+04:00	ck9s-whole-256k	4	617535	617196	57	841482240	706936832	python3*49 ZMQbg/Reaper*4 ZMQbg/IO/0*4 
2026-09-28T06:38:11+04:00	ck9s-whole-256k	4	617179	363	2	8097792	12288	uv*1 main2*1 
2026-09-28T06:38:11+04:00	ck9s-whole-256k	4	617196	617179	57	575143936	439926784	ft*51 ZMQbg/Reaper*3 ZMQbg/IO/0*3 
2026-09-28T06:38:11+04:00	ck9s-whole-256k	4	617533	617196	1	12759040	5935104	python3*1 
2026-09-28T06:38:11+04:00	ck9s-whole-256k	4	617534	617196	45	22769389568	2062622720	python3*36 pt_gloo_runloop*2 ZMQbg/Reaper*2 ZMQbg/IO/0*2 pt_tcpstore_uv*1 cuda0000240000a*1 
2026-09-28T06:38:11+04:00	ck9s-whole-256k	4	617535	617196	57	841482240	706936832	python3*49 ZMQbg/Reaper*4 ZMQbg/IO/0*4 
2026-09-28T06:38:21+04:00	ck9s-whole-256k	4	617179	363	2	8097792	12288	uv*1 main2*1 
2026-09-28T06:38:21+04:00	ck9s-whole-256k	4	617196	617179	57	575143936	439926784	ft*51 ZMQbg/Reaper*3 ZMQbg/IO/0*3 
2026-09-28T06:38:21+04:00	ck9s-whole-256k	4	617533	617196	1	12759040	5935104	python3*1 
2026-09-28T06:38:21+04:00	ck9s-whole-256k	4	617534	617196	45	22769532928	2062766080	python3*36 pt_gloo_runloop*2 ZMQbg/Reaper*2 ZMQbg/IO/0*2 pt_tcpstore_uv*1 cuda0000240000a*1 
2026-09-28T06:38:21+04:00	ck9s-whole-256k	4	617535	617196	57	841482240	706936832	python3*49 ZMQbg/Reaper*4 ZMQbg/IO/0*4 
2026-09-28T06:38:32+04:00	ck9s-whole-256k	4	617179	363	2	8097792	12288	uv*1 main2*1 
2026-09-28T06:38:32+04:00	ck9s-whole-256k	4	617196	617179	57	575143936	439926784	ft*51 ZMQbg/Reaper*3 ZMQbg/IO/0*3 
2026-09-28T06:38:32+04:00	ck9s-whole-256k	4	617533	617196	1	12759040	5935104	python3*1 
2026-09-28T06:38:32+04:00	ck9s-whole-256k	4	617534	617196	45	22769672192	2062905344	python3*36 pt_gloo_runloop*2 ZMQbg/Reaper*2 ZMQbg/IO/0*2 pt_tcpstore_uv*1 cuda0000240000a*1 
2026-09-28T06:38:32+04:00	ck9s-whole-256k	4	617535	617196	57	841482240	706936832	python3*49 ZMQbg/Reaper*4 ZMQbg/IO/0*4 
2026-09-28T06:38:45+04:00	ck9s-whole-256k	4	617179	363	2	8097792	12288	uv*1 main2*1 
2026-09-28T06:38:45+04:00	ck9s-whole-256k	4	617196	617179	57	575143936	439926784	ft*51 ZMQbg/Reaper*3 ZMQbg/IO/0*3 
2026-09-28T06:38:45+04:00	ck9s-whole-256k	4	617533	617196	1	12759040	5935104	python3*1 
2026-09-28T06:38:45+04:00	ck9s-whole-256k	4	617534	617196	45	22769786880	2063020032	python3*36 pt_gloo_runloop*2 ZMQbg/Reaper*2 ZMQbg/IO/0*2 pt_tcpstore_uv*1 cuda0000240000a*1 
2026-09-28T06:38:46+04:00	ck9s-whole-256k	4	617535	617196	57	841482240	706936832	python3*49 ZMQbg/Reaper*4 ZMQbg/IO/0*4 
2026-09-28T06:38:56+04:00	ck9s-whole-256k	4	617179	363	2	8097792	12288	uv*1 main2*1 
2026-09-28T06:38:56+04:00	ck9s-whole-256k	4	617196	617179	57	575143936	439926784	ft*51 ZMQbg/Reaper*3 ZMQbg/IO/0*3 
2026-09-28T06:38:56+04:00	ck9s-whole-256k	4	617533	617196	1	12759040	5935104	python3*1 
2026-09-28T06:38:56+04:00	ck9s-whole-256k	4	617534	617196	45	22769926144	2063159296	python3*36 pt_gloo_runloop*2 ZMQbg/Reaper*2 ZMQbg/IO/0*2 pt_tcpstore_uv*1 cuda0000240000a*1 
2026-09-28T06:38:56+04:00	ck9s-whole-256k	4	617535	617196	57	841482240	706936832	python3*49 ZMQbg/Reaper*4 ZMQbg/IO/0*4 
2026-09-28T06:39:06+04:00	ck9s-whole-256k	4	617179	363	2	8097792	12288	uv*1 main2*1 
2026-09-28T06:39:06+04:00	ck9s-whole-256k	4	617196	617179	57	575143936	439926784	ft*51 ZMQbg/Reaper*3 ZMQbg/IO/0*3 
2026-09-28T06:39:06+04:00	ck9s-whole-256k	4	617533	617196	1	12759040	5935104	python3*1 
2026-09-28T06:39:06+04:00	ck9s-whole-256k	4	617534	617196	45	22770049024	2063282176	python3*36 pt_gloo_runloop*2 ZMQbg/Reaper*2 ZMQbg/IO/0*2 pt_tcpstore_uv*1 cuda0000240000a*1 
2026-09-28T06:39:06+04:00	ck9s-whole-256k	4	617535	617196	57	841482240	706936832	python3*49 ZMQbg/Reaper*4 ZMQbg/IO/0*4 
2026-09-28T06:39:16+04:00	ck9s-whole-256k	4	617179	363	2	8097792	12288	uv*1 main2*1 
2026-09-28T06:39:16+04:00	ck9s-whole-256k	4	617196	617179	57	575143936	439926784	ft*51 ZMQbg/Reaper*3 ZMQbg/IO/0*3 
2026-09-28T06:39:16+04:00	ck9s-whole-256k	4	617533	617196	1	12759040	5935104	python3*1 
2026-09-28T06:39:16+04:00	ck9s-whole-256k	4	617534	617196	45	22770155520	2063388672	python3*36 pt_gloo_runloop*2 ZMQbg/Reaper*2 ZMQbg/IO/0*2 pt_tcpstore_uv*1 cuda0000240000a*1 
2026-09-28T06:39:16+04:00	ck9s-whole-256k	4	617535	617196	57	841482240	706936832	python3*49 ZMQbg/Reaper*4 ZMQbg/IO/0*4 
2026-09-28T06:39:30+04:00	ck9s-whole-256k	4	617179	363	2	8097792	12288	uv*1 main2*1 
2026-09-28T06:39:30+04:00	ck9s-whole-256k	4	617196	617179	57	575143936	439926784	ft*51 ZMQbg/Reaper*3 ZMQbg/IO/0*3 
2026-09-28T06:39:30+04:00	ck9s-whole-256k	4	617533	617196	1	12759040	5935104	python3*1 
2026-09-28T06:39:30+04:00	ck9s-whole-256k	4	617534	617196	45	22770290688	2063523840	python3*36 pt_gloo_runloop*2 ZMQbg/Reaper*2 ZMQbg/IO/0*2 pt_tcpstore_uv*1 cuda0000240000a*1 
2026-09-28T06:39:30+04:00	ck9s-whole-256k	4	617535	617196	57	841482240	706936832	python3*49 ZMQbg/Reaper*4 ZMQbg/IO/0*4 
2026-09-28T06:39:40+04:00	ck9s-whole-256k	4	617179	363	2	8097792	12288	uv*1 main2*1 
2026-09-28T06:39:40+04:00	ck9s-whole-256k	4	617196	617179	57	575143936	439926784	ft*51 ZMQbg/Reaper*3 ZMQbg/IO/0*3 
2026-09-28T06:39:40+04:00	ck9s-whole-256k	4	617533	617196	1	12759040	5935104	python3*1 
2026-09-28T06:39:40+04:00	ck9s-whole-256k	4	617534	617196	45	22770409472	2063642624	python3*36 pt_gloo_runloop*2 ZMQbg/Reaper*2 ZMQbg/IO/0*2 pt_tcpstore_uv*1 cuda0000240000a*1 
2026-09-28T06:39:40+04:00	ck9s-whole-256k	4	617535	617196	57	841482240	706936832	python3*49 ZMQbg/Reaper*4 ZMQbg/IO/0*4 
2026-09-28T06:39:50+04:00	ck9s-whole-256k	4	617179	363	2	8097792	12288	uv*1 main2*1 
2026-09-28T06:39:50+04:00	ck9s-whole-256k	4	617196	617179	57	576286720	441053184	ft*51 ZMQbg/Reaper*3 ZMQbg/IO/0*3 
2026-09-28T06:39:50+04:00	ck9s-whole-256k	4	617533	617196	1	12759040	5935104	python3*1 
2026-09-28T06:39:50+04:00	ck9s-whole-256k	4	617534	617196	45	22772359168	2065592320	python3*36 pt_gloo_runloop*2 ZMQbg/Reaper*2 ZMQbg/IO/0*2 pt_tcpstore_uv*1 cuda0000240000a*1 
2026-09-28T06:39:51+04:00	ck9s-whole-256k	4	617535	617196	57	841773056	707211264	python3*49 ZMQbg/Reaper*4 ZMQbg/IO/0*4 
2026-09-28T06:40:04+04:00	ck9s-whole-256k	4	617179	363	2	8097792	12288	uv*1 main2*1 
2026-09-28T06:40:04+04:00	ck9s-whole-256k	4	617196	617179	57	576286720	441053184	ft*51 ZMQbg/Reaper*3 ZMQbg/IO/0*3 
2026-09-28T06:40:04+04:00	ck9s-whole-256k	4	617533	617196	1	12759040	5935104	python3*1 
2026-09-28T06:40:04+04:00	ck9s-whole-256k	4	617534	617196	45	22772359168	2065592320	python3*36 pt_gloo_runloop*2 ZMQbg/Reaper*2 ZMQbg/IO/0*2 pt_tcpstore_uv*1 cuda0000240000a*1 
2026-09-28T06:40:04+04:00	ck9s-whole-256k	4	617535	617196	57	841773056	707211264	python3*49 ZMQbg/Reaper*4 ZMQbg/IO/0*4 
2026-09-28T06:40:14+04:00	ck9s-whole-256k	4	617179	363	2	8097792	12288	uv*1 main2*1 
2026-09-28T06:40:14+04:00	ck9s-whole-256k	4	617196	617179	57	576286720	441053184	ft*51 ZMQbg/Reaper*3 ZMQbg/IO/0*3 
2026-09-28T06:40:14+04:00	ck9s-whole-256k	4	617533	617196	1	12759040	5935104	python3*1 
2026-09-28T06:40:14+04:00	ck9s-whole-256k	4	617534	617196	45	22772359168	2065592320	python3*36 pt_gloo_runloop*2 ZMQbg/Reaper*2 ZMQbg/IO/0*2 pt_tcpstore_uv*1 cuda0000240000a*1 
2026-09-28T06:40:15+04:00	ck9s-whole-256k	4	617535	617196	57	841773056	707211264	python3*49 ZMQbg/Reaper*4 ZMQbg/IO/0*4 
2026-09-28T06:40:25+04:00	ck9s-whole-256k	4	617179	363	2	8097792	12288	uv*1 main2*1 
2026-09-28T06:40:25+04:00	ck9s-whole-256k	4	617196	617179	57	576286720	441053184	ft*51 ZMQbg/Reaper*3 ZMQbg/IO/0*3 
2026-09-28T06:40:25+04:00	ck9s-whole-256k	4	617533	617196	1	12759040	5935104	python3*1 
2026-09-28T06:40:25+04:00	ck9s-whole-256k	4	617534	617196	45	22772359168	2065592320	python3*36 pt_gloo_runloop*2 ZMQbg/Reaper*2 ZMQbg/IO/0*2 pt_tcpstore_uv*1 cuda0000240000a*1 
2026-09-28T06:40:25+04:00	ck9s-whole-256k	4	617535	617196	57	841773056	707211264	python3*49 ZMQbg/Reaper*4 ZMQbg/IO/0*4 
2026-09-28T06:40:38+04:00	ck9s-whole-256k	4	617179	363	2	8097792	12288	uv*1 main2*1 
2026-09-28T06:40:39+04:00	ck9s-whole-256k	4	617196	617179	57	576286720	441053184	ft*51 ZMQbg/Reaper*3 ZMQbg/IO/0*3 
2026-09-28T06:40:39+04:00	ck9s-whole-256k	4	617533	617196	1	12759040	5935104	python3*1 
2026-09-28T06:40:39+04:00	ck9s-whole-256k	4	617534	617196	45	22772359168	2065592320	python3*36 pt_gloo_runloop*2 ZMQbg/Reaper*2 ZMQbg/IO/0*2 pt_tcpstore_uv*1 cuda0000240000a*1 
2026-09-28T06:40:39+04:00	ck9s-whole-256k	4	617535	617196	57	841773056	707211264	python3*49 ZMQbg/Reaper*4 ZMQbg/IO/0*4 
2026-09-28T06:40:49+04:00	ck9s-whole-256k	4	617179	363	2	8097792	12288	uv*1 main2*1 
2026-09-28T06:40:49+04:00	ck9s-whole-256k	4	617196	617179	57	576286720	441053184	ft*51 ZMQbg/Reaper*3 ZMQbg/IO/0*3 
2026-09-28T06:40:49+04:00	ck9s-whole-256k	4	617533	617196	1	12759040	5935104	python3*1 
2026-09-28T06:40:49+04:00	ck9s-whole-256k	4	617534	617196	45	22772359168	2065592320	python3*36 pt_gloo_runloop*2 ZMQbg/Reaper*2 ZMQbg/IO/0*2 pt_tcpstore_uv*1 cuda0000240000a*1 
2026-09-28T06:40:49+04:00	ck9s-whole-256k	4	617535	617196	57	841773056	707211264	python3*49 ZMQbg/Reaper*4 ZMQbg/IO/0*4 
2026-09-28T06:40:59+04:00	ck9s-whole-256k	4	617179	363	2	8097792	12288	uv*1 main2*1 
2026-09-28T06:40:59+04:00	ck9s-whole-256k	4	617196	617179	57	576286720	441053184	ft*51 ZMQbg/Reaper*3 ZMQbg/IO/0*3 
2026-09-28T06:40:59+04:00	ck9s-whole-256k	4	617533	617196	1	12759040	5935104	python3*1 
2026-09-28T06:40:59+04:00	ck9s-whole-256k	4	617534	617196	45	22772359168	2065592320	python3*36 pt_gloo_runloop*2 ZMQbg/Reaper*2 ZMQbg/IO/0*2 pt_tcpstore_uv*1 cuda0000240000a*1 
2026-09-28T06:40:59+04:00	ck9s-whole-256k	4	617535	617196	57	841773056	707211264	python3*49 ZMQbg/Reaper*4 ZMQbg/IO/0*4 
2026-09-28T06:41:13+04:00	ck9s-whole-256k	4	617179	363	2	8097792	12288	uv*1 main2*1 
2026-09-28T06:41:13+04:00	ck9s-whole-256k	4	617196	617179	57	576286720	441053184	ft*51 ZMQbg/Reaper*3 ZMQbg/IO/0*3 
2026-09-28T06:41:13+04:00	ck9s-whole-256k	4	617533	617196	1	12759040	5935104	python3*1 
2026-09-28T06:41:13+04:00	ck9s-whole-256k	4	617534	617196	45	22772359168	2065592320	python3*36 pt_gloo_runloop*2 ZMQbg/Reaper*2 ZMQbg/IO/0*2 pt_tcpstore_uv*1 cuda0000240000a*1 
2026-09-28T06:41:13+04:00	ck9s-whole-256k	4	617535	617196	57	841773056	707211264	python3*49 ZMQbg/Reaper*4 ZMQbg/IO/0*4 
2026-09-28T06:41:23+04:00	ck9s-whole-256k	4	617179	363	2	8097792	12288	uv*1 main2*1 
2026-09-28T06:41:23+04:00	ck9s-whole-256k	4	617196	617179	57	576286720	441053184	ft*51 ZMQbg/Reaper*3 ZMQbg/IO/0*3 
2026-09-28T06:41:23+04:00	ck9s-whole-256k	4	617533	617196	1	12759040	5935104	python3*1 
2026-09-28T06:41:23+04:00	ck9s-whole-256k	4	617534	617196	45	22772359168	2065592320	python3*36 pt_gloo_runloop*2 ZMQbg/Reaper*2 ZMQbg/IO/0*2 pt_tcpstore_uv*1 cuda0000240000a*1 
2026-09-28T06:41:23+04:00	ck9s-whole-256k	4	617535	617196	57	841773056	707211264	python3*49 ZMQbg/Reaper*4 ZMQbg/IO/0*4 
2026-09-28T06:41:33+04:00	ck9s-whole-256k	4	617179	363	2	8097792	12288	uv*1 main2*1 
2026-09-28T06:41:33+04:00	ck9s-whole-256k	4	617196	617179	57	576286720	441053184	ft*51 ZMQbg/Reaper*3 ZMQbg/IO/0*3 
2026-09-28T06:41:33+04:00	ck9s-whole-256k	4	617533	617196	1	12759040	5935104	python3*1 
2026-09-28T06:41:33+04:00	ck9s-whole-256k	4	617534	617196	45	22772359168	2065592320	python3*36 pt_gloo_runloop*2 ZMQbg/Reaper*2 ZMQbg/IO/0*2 pt_tcpstore_uv*1 cuda0000240000a*1 
2026-09-28T06:41:33+04:00	ck9s-whole-256k	4	617535	617196	57	841773056	707211264	python3*49 ZMQbg/Reaper*4 ZMQbg/IO/0*4 
2026-09-28T06:41:47+04:00	ck9s-whole-256k	4	617179	363	2	8097792	12288	uv*1 main2*1 
2026-09-28T06:41:47+04:00	ck9s-whole-256k	4	617196	617179	57	576286720	441053184	ft*51 ZMQbg/Reaper*3 ZMQbg/IO/0*3 
2026-09-28T06:41:47+04:00	ck9s-whole-256k	4	617533	617196	1	12759040	5935104	python3*1 
2026-09-28T06:41:47+04:00	ck9s-whole-256k	4	617534	617196	45	22772359168	2065592320	python3*36 pt_gloo_runloop*2 ZMQbg/Reaper*2 ZMQbg/IO/0*2 pt_tcpstore_uv*1 cuda0000240000a*1 
2026-09-28T06:41:47+04:00	ck9s-whole-256k	4	617535	617196	57	841773056	707211264	python3*49 ZMQbg/Reaper*4 ZMQbg/IO/0*4 
2026-09-28T06:41:57+04:00	ck9s-whole-256k	4	617179	363	2	8097792	12288	uv*1 main2*1 
2026-09-28T06:41:57+04:00	ck9s-whole-256k	4	617196	617179	57	576286720	441053184	ft*51 ZMQbg/Reaper*3 ZMQbg/IO/0*3 
2026-09-28T06:41:57+04:00	ck9s-whole-256k	4	617533	617196	1	12759040	5935104	python3*1 
2026-09-28T06:41:57+04:00	ck9s-whole-256k	4	617534	617196	45	22772359168	2065592320	python3*36 pt_gloo_runloop*2 ZMQbg/Reaper*2 ZMQbg/IO/0*2 pt_tcpstore_uv*1 cuda0000240000a*1 
2026-09-28T06:41:57+04:00	ck9s-whole-256k	4	617535	617196	57	841773056	707211264	python3*49 ZMQbg/Reaper*4 ZMQbg/IO/0*4 
2026-09-28T06:42:07+04:00	ck9s-whole-256k	4	617179	363	2	8097792	12288	uv*1 main2*1 
2026-09-28T06:42:07+04:00	ck9s-whole-256k	4	617196	617179	57	576286720	441053184	ft*51 ZMQbg/Reaper*3 ZMQbg/IO/0*3 
2026-09-28T06:42:07+04:00	ck9s-whole-256k	4	617533	617196	1	12759040	5935104	python3*1 
2026-09-28T06:42:07+04:00	ck9s-whole-256k	4	617534	617196	45	22772359168	2065592320	python3*36 pt_gloo_runloop*2 ZMQbg/Reaper*2 ZMQbg/IO/0*2 pt_tcpstore_uv*1 cuda0000240000a*1 
2026-09-28T06:42:07+04:00	ck9s-whole-256k	4	617535	617196	57	841773056	707211264	python3*49 ZMQbg/Reaper*4 ZMQbg/IO/0*4 
2026-09-28T06:42:21+04:00	ck9s-whole-256k	4	617179	363	2	8097792	12288	uv*1 main2*1 
2026-09-28T06:42:21+04:00	ck9s-whole-256k	4	617196	617179	57	576286720	441053184	ft*51 ZMQbg/Reaper*3 ZMQbg/IO/0*3 
2026-09-28T06:42:21+04:00	ck9s-whole-256k	4	617533	617196	1	12759040	5935104	python3*1 
2026-09-28T06:42:21+04:00	ck9s-whole-256k	4	617534	617196	45	22772359168	2065592320	python3*36 pt_gloo_runloop*2 ZMQbg/Reaper*2 ZMQbg/IO/0*2 pt_tcpstore_uv*1 cuda0000240000a*1 
2026-09-28T06:42:21+04:00	ck9s-whole-256k	4	617535	617196	57	841773056	707211264	python3*49 ZMQbg/Reaper*4 ZMQbg/IO/0*4 
2026-09-28T06:42:31+04:00	ck9s-whole-256k	4	617179	363	2	8097792	12288	uv*1 main2*1 
2026-09-28T06:42:31+04:00	ck9s-whole-256k	4	617196	617179	57	576286720	441053184	ft*51 ZMQbg/Reaper*3 ZMQbg/IO/0*3 
2026-09-28T06:42:31+04:00	ck9s-whole-256k	4	617533	617196	1	12759040	5935104	python3*1 
2026-09-28T06:42:31+04:00	ck9s-whole-256k	4	617534	617196	45	22772359168	2065592320	python3*36 pt_gloo_runloop*2 ZMQbg/Reaper*2 ZMQbg/IO/0*2 pt_tcpstore_uv*1 cuda0000240000a*1 
2026-09-28T06:42:31+04:00	ck9s-whole-256k	4	617535	617196	57	841773056	707211264	python3*49 ZMQbg/Reaper*4 ZMQbg/IO/0*4 
2026-09-28T06:42:41+04:00	ck9s-whole-256k	4	617179	363	2	8097792	12288	uv*1 main2*1 
2026-09-28T06:42:41+04:00	ck9s-whole-256k	4	617196	617179	57	576286720	441053184	ft*51 ZMQbg/Reaper*3 ZMQbg/IO/0*3 
2026-09-28T06:42:41+04:00	ck9s-whole-256k	4	617533	617196	1	12759040	5935104	python3*1 
2026-09-28T06:42:41+04:00	ck9s-whole-256k	4	617534	617196	45	22772359168	2065592320	python3*36 pt_gloo_runloop*2 ZMQbg/Reaper*2 ZMQbg/IO/0*2 pt_tcpstore_uv*1 cuda0000240000a*1 
2026-09-28T06:42:41+04:00	ck9s-whole-256k	4	617535	617196	57	841773056	707211264	python3*49 ZMQbg/Reaper*4 ZMQbg/IO/0*4 
2026-09-28T06:42:54+04:00	ck9s-whole-256k	4	617179	363	2	8097792	12288	uv*1 main2*1 
2026-09-28T06:42:54+04:00	ck9s-whole-256k	4	617196	617179	57	576286720	441053184	ft*51 ZMQbg/Reaper*3 ZMQbg/IO/0*3 
2026-09-28T06:42:54+04:00	ck9s-whole-256k	4	617533	617196	1	12759040	5935104	python3*1 
2026-09-28T06:42:54+04:00	ck9s-whole-256k	4	617534	617196	45	22772359168	2065592320	python3*36 pt_gloo_runloop*2 ZMQbg/Reaper*2 ZMQbg/IO/0*2 pt_tcpstore_uv*1 cuda0000240000a*1 
2026-09-28T06:42:55+04:00	ck9s-whole-256k	4	617535	617196	57	841773056	707211264	python3*49 ZMQbg/Reaper*4 ZMQbg/IO/0*4 
2026-09-28T06:43:05+04:00	ck9s-whole-256k	4	617179	363	2	8097792	12288	uv*1 main2*1 
2026-09-28T06:43:05+04:00	ck9s-whole-256k	4	617196	617179	57	576286720	441053184	ft*51 ZMQbg/Reaper*3 ZMQbg/IO/0*3 
2026-09-28T06:43:05+04:00	ck9s-whole-256k	4	617533	617196	1	12759040	5935104	python3*1 
2026-09-28T06:43:05+04:00	ck9s-whole-256k	4	617534	617196	45	22772359168	2065592320	python3*36 pt_gloo_runloop*2 ZMQbg/Reaper*2 ZMQbg/IO/0*2 pt_tcpstore_uv*1 cuda0000240000a*1 
2026-09-28T06:43:05+04:00	ck9s-whole-256k	4	617535	617196	57	841773056	707211264	python3*49 ZMQbg/Reaper*4 ZMQbg/IO/0*4 
2026-09-28T06:43:15+04:00	ck9s-whole-256k	4	617179	363	2	8097792	12288	uv*1 main2*1 
2026-09-28T06:43:15+04:00	ck9s-whole-256k	4	617196	617179	57	576286720	441053184	ft*51 ZMQbg/Reaper*3 ZMQbg/IO/0*3 
2026-09-28T06:43:15+04:00	ck9s-whole-256k	4	617533	617196	1	12759040	5935104	python3*1 
2026-09-28T06:43:15+04:00	ck9s-whole-256k	4	617534	617196	45	22772363264	2065596416	python3*36 pt_gloo_runloop*2 ZMQbg/Reaper*2 ZMQbg/IO/0*2 pt_tcpstore_uv*1 cuda0000240000a*1 
2026-09-28T06:43:15+04:00	ck9s-whole-256k	4	617535	617196	57	841773056	707211264	python3*49 ZMQbg/Reaper*4 ZMQbg/IO/0*4 
2026-09-28T06:43:25+04:00	ck9s-whole-256k	4	617179	363	2	8097792	12288	uv*1 main2*1 
2026-09-28T06:43:25+04:00	ck9s-whole-256k	4	617196	617179	57	576286720	441053184	ft*51 ZMQbg/Reaper*3 ZMQbg/IO/0*3 
2026-09-28T06:43:25+04:00	ck9s-whole-256k	4	617533	617196	1	12759040	5935104	python3*1 
2026-09-28T06:43:25+04:00	ck9s-whole-256k	4	617534	617196	45	22772449280	2065682432	python3*36 pt_gloo_runloop*2 ZMQbg/Reaper*2 ZMQbg/IO/0*2 pt_tcpstore_uv*1 cuda0000240000a*1 
2026-09-28T06:43:26+04:00	ck9s-whole-256k	4	617535	617196	57	841773056	707211264	python3*49 ZMQbg/Reaper*4 ZMQbg/IO/0*4 
2026-09-28T06:43:39+04:00	ck9s-whole-256k	4	617179	363	2	8097792	12288	uv*1 main2*1 
2026-09-28T06:43:39+04:00	ck9s-whole-256k	4	617196	617179	57	576286720	441053184	ft*51 ZMQbg/Reaper*3 ZMQbg/IO/0*3 
2026-09-28T06:43:39+04:00	ck9s-whole-256k	4	617533	617196	1	12759040	5935104	python3*1 
2026-09-28T06:43:39+04:00	ck9s-whole-256k	4	617534	617196	45	22772568064	2065801216	python3*36 pt_gloo_runloop*2 ZMQbg/Reaper*2 ZMQbg/IO/0*2 pt_tcpstore_uv*1 cuda0000240000a*1 
2026-09-28T06:43:39+04:00	ck9s-whole-256k	4	617535	617196	57	841773056	707211264	python3*49 ZMQbg/Reaper*4 ZMQbg/IO/0*4 
2026-09-28T06:43:49+04:00	ck9s-whole-256k	4	617179	363	2	8097792	12288	uv*1 main2*1 
2026-09-28T06:43:49+04:00	ck9s-whole-256k	4	617196	617179	57	576286720	441053184	ft*51 ZMQbg/Reaper*3 ZMQbg/IO/0*3 
2026-09-28T06:43:49+04:00	ck9s-whole-256k	4	617533	617196	1	12759040	5935104	python3*1 
2026-09-28T06:43:49+04:00	ck9s-whole-256k	4	617534	617196	45	22772662272	2065895424	python3*36 pt_gloo_runloop*2 ZMQbg/Reaper*2 ZMQbg/IO/0*2 pt_tcpstore_uv*1 cuda0000240000a*1 
2026-09-28T06:43:49+04:00	ck9s-whole-256k	4	617535	617196	57	841773056	707211264	python3*49 ZMQbg/Reaper*4 ZMQbg/IO/0*4 
2026-09-28T06:43:59+04:00	ck9s-whole-256k	4	617179	363	2	8097792	12288	uv*1 main2*1 
2026-09-28T06:43:59+04:00	ck9s-whole-256k	4	617196	617179	57	576286720	441053184	ft*51 ZMQbg/Reaper*3 ZMQbg/IO/0*3 
2026-09-28T06:43:59+04:00	ck9s-whole-256k	4	617533	617196	1	12759040	5935104	python3*1 
2026-09-28T06:43:59+04:00	ck9s-whole-256k	4	617534	617196	45	22772768768	2066022400	python3*36 pt_gloo_runloop*2 ZMQbg/Reaper*2 ZMQbg/IO/0*2 pt_tcpstore_uv*1 cuda0000240000a*1 
2026-09-28T06:44:00+04:00	ck9s-whole-256k	4	617535	617196	57	841773056	707211264	python3*49 ZMQbg/Reaper*4 ZMQbg/IO/0*4 
2026-09-28T06:44:13+04:00	ck9s-whole-256k	4	617179	363	2	8097792	12288	uv*1 main2*1 
2026-09-28T06:44:13+04:00	ck9s-whole-256k	4	617196	617179	57	576286720	441053184	ft*51 ZMQbg/Reaper*3 ZMQbg/IO/0*3 
2026-09-28T06:44:13+04:00	ck9s-whole-256k	4	617533	617196	1	12759040	5935104	python3*1 
2026-09-28T06:44:13+04:00	ck9s-whole-256k	4	617534	617196	45	22772887552	2066120704	python3*36 pt_gloo_runloop*2 ZMQbg/Reaper*2 ZMQbg/IO/0*2 pt_tcpstore_uv*1 cuda0000240000a*1 
2026-09-28T06:44:13+04:00	ck9s-whole-256k	4	617535	617196	57	841773056	707211264	python3*49 ZMQbg/Reaper*4 ZMQbg/IO/0*4 
2026-09-28T06:44:23+04:00	ck9s-whole-256k	4	617179	363	2	8097792	12288	uv*1 main2*1 
2026-09-28T06:44:23+04:00	ck9s-whole-256k	4	617196	617179	57	576286720	441053184	ft*51 ZMQbg/Reaper*3 ZMQbg/IO/0*3 
2026-09-28T06:44:24+04:00	ck9s-whole-256k	4	617533	617196	1	12759040	5935104	python3*1 
2026-09-28T06:44:24+04:00	ck9s-whole-256k	4	617534	617196	45	22773379072	2066612224	python3*36 pt_gloo_runloop*2 ZMQbg/Reaper*2 ZMQbg/IO/0*2 pt_tcpstore_uv*1 cuda0000240000a*1 
2026-09-28T06:44:24+04:00	ck9s-whole-256k	4	617535	617196	57	841773056	707211264	python3*49 ZMQbg/Reaper*4 ZMQbg/IO/0*4 
2026-09-28T06:44:34+04:00	ck9s-whole-256k	4	617179	363	2	8097792	12288	uv*1 main2*1 
2026-09-28T06:44:34+04:00	ck9s-whole-256k	4	617196	617179	57	576286720	441053184	ft*51 ZMQbg/Reaper*3 ZMQbg/IO/0*3 
2026-09-28T06:44:34+04:00	ck9s-whole-256k	4	617533	617196	1	12759040	5935104	python3*1 
2026-09-28T06:44:34+04:00	ck9s-whole-256k	4	617534	617196	45	22773379072	2066612224	python3*36 pt_gloo_runloop*2 ZMQbg/Reaper*2 ZMQbg/IO/0*2 pt_tcpstore_uv*1 cuda0000240000a*1 
2026-09-28T06:44:34+04:00	ck9s-whole-256k	4	617535	617196	57	841773056	707211264	python3*49 ZMQbg/Reaper*4 ZMQbg/IO/0*4 
2026-09-28T06:44:47+04:00	ck9s-whole-256k	4	617179	363	2	8097792	12288	uv*1 main2*1 
2026-09-28T06:44:47+04:00	ck9s-whole-256k	4	617196	617179	57	576286720	441053184	ft*51 ZMQbg/Reaper*3 ZMQbg/IO/0*3 
2026-09-28T06:44:47+04:00	ck9s-whole-256k	4	617533	617196	1	12759040	5935104	python3*1 
2026-09-28T06:44:47+04:00	ck9s-whole-256k	4	617534	617196	45	22773391360	2066624512	python3*36 pt_gloo_runloop*2 ZMQbg/Reaper*2 ZMQbg/IO/0*2 pt_tcpstore_uv*1 cuda0000240000a*1 
2026-09-28T06:44:48+04:00	ck9s-whole-256k	4	617535	617196	57	841773056	707211264	python3*49 ZMQbg/Reaper*4 ZMQbg/IO/0*4 
2026-09-28T06:44:58+04:00	ck9s-whole-256k	4	617179	363	2	8097792	12288	uv*1 main2*1 
2026-09-28T06:44:58+04:00	ck9s-whole-256k	4	617196	617179	57	576286720	441053184	ft*51 ZMQbg/Reaper*3 ZMQbg/IO/0*3 
2026-09-28T06:44:58+04:00	ck9s-whole-256k	4	617533	617196	1	12759040	5935104	python3*1 
2026-09-28T06:44:58+04:00	ck9s-whole-256k	4	617534	617196	45	22773391360	2066624512	python3*36 pt_gloo_runloop*2 ZMQbg/Reaper*2 ZMQbg/IO/0*2 pt_tcpstore_uv*1 cuda0000240000a*1 
2026-09-28T06:44:58+04:00	ck9s-whole-256k	4	617535	617196	57	841773056	707211264	python3*49 ZMQbg/Reaper*4 ZMQbg/IO/0*4 
2026-09-28T06:45:08+04:00	ck9s-whole-256k	4	617179	363	2	8097792	12288	uv*1 main2*1 
2026-09-28T06:45:08+04:00	ck9s-whole-256k	4	617196	617179	57	576286720	441053184	ft*51 ZMQbg/Reaper*3 ZMQbg/IO/0*3 
2026-09-28T06:45:08+04:00	ck9s-whole-256k	4	617533	617196	1	12759040	5935104	python3*1 
2026-09-28T06:45:08+04:00	ck9s-whole-256k	4	617534	617196	45	22773424128	2066657280	python3*36 pt_gloo_runloop*2 ZMQbg/Reaper*2 ZMQbg/IO/0*2 pt_tcpstore_uv*1 cuda0000240000a*1 
2026-09-28T06:45:08+04:00	ck9s-whole-256k	4	617535	617196	57	841773056	707211264	python3*49 ZMQbg/Reaper*4 ZMQbg/IO/0*4 
2026-09-28T06:45:22+04:00	ck9s-whole-256k	4	617179	363	2	8097792	12288	uv*1 main2*1 
2026-09-28T06:45:22+04:00	ck9s-whole-256k	4	617196	617179	57	576286720	441053184	ft*51 ZMQbg/Reaper*3 ZMQbg/IO/0*3 
2026-09-28T06:45:22+04:00	ck9s-whole-256k	4	617533	617196	1	12759040	5935104	python3*1 
2026-09-28T06:45:22+04:00	ck9s-whole-256k	4	617534	617196	45	22773530624	2066763776	python3*36 pt_gloo_runloop*2 ZMQbg/Reaper*2 ZMQbg/IO/0*2 pt_tcpstore_uv*1 cuda0000240000a*1 
2026-09-28T06:45:22+04:00	ck9s-whole-256k	4	617535	617196	57	841773056	707211264	python3*49 ZMQbg/Reaper*4 ZMQbg/IO/0*4 
2026-09-28T06:45:32+04:00	ck9s-whole-256k	4	617179	363	2	8097792	12288	uv*1 main2*1 
2026-09-28T06:45:32+04:00	ck9s-whole-256k	4	617196	617179	57	576286720	441053184	ft*51 ZMQbg/Reaper*3 ZMQbg/IO/0*3 
2026-09-28T06:45:32+04:00	ck9s-whole-256k	4	617533	617196	1	12759040	5935104	python3*1 
2026-09-28T06:45:32+04:00	ck9s-whole-256k	4	617534	617196	45	22773624832	2066857984	python3*36 pt_gloo_runloop*2 ZMQbg/Reaper*2 ZMQbg/IO/0*2 pt_tcpstore_uv*1 cuda0000240000a*1 
2026-09-28T06:45:32+04:00	ck9s-whole-256k	4	617535	617196	57	841773056	707211264	python3*49 ZMQbg/Reaper*4 ZMQbg/IO/0*4 
2026-09-28T06:45:42+04:00	ck9s-whole-256k	4	617179	363	2	8097792	12288	uv*1 main2*1 
2026-09-28T06:45:42+04:00	ck9s-whole-256k	4	617196	617179	57	576286720	441053184	ft*51 ZMQbg/Reaper*3 ZMQbg/IO/0*3 
2026-09-28T06:45:42+04:00	ck9s-whole-256k	4	617533	617196	1	12759040	5935104	python3*1 
2026-09-28T06:45:42+04:00	ck9s-whole-256k	4	617534	617196	45	22773723136	2066956288	python3*36 pt_gloo_runloop*2 ZMQbg/Reaper*2 ZMQbg/IO/0*2 pt_tcpstore_uv*1 cuda0000240000a*1 
2026-09-28T06:45:42+04:00	ck9s-whole-256k	4	617535	617196	57	841773056	707211264	python3*49 ZMQbg/Reaper*4 ZMQbg/IO/0*4 
2026-09-28T06:45:56+04:00	ck9s-whole-256k	4	617179	363	2	8097792	12288	uv*1 main2*1 
2026-09-28T06:45:56+04:00	ck9s-whole-256k	4	617196	617179	57	576286720	441053184	ft*51 ZMQbg/Reaper*3 ZMQbg/IO/0*3 
2026-09-28T06:45:56+04:00	ck9s-whole-256k	4	617533	617196	1	12759040	5935104	python3*1 
2026-09-28T06:45:56+04:00	ck9s-whole-256k	4	617534	617196	45	22773837824	2067083264	python3*36 pt_gloo_runloop*2 ZMQbg/Reaper*2 ZMQbg/IO/0*2 pt_tcpstore_uv*1 cuda0000240000a*1 
2026-09-28T06:45:56+04:00	ck9s-whole-256k	4	617535	617196	57	841773056	707211264	python3*49 ZMQbg/Reaper*4 ZMQbg/IO/0*4 
2026-09-28T06:46:06+04:00	ck9s-whole-256k	4	617179	363	2	8097792	12288	uv*1 main2*1 
2026-09-28T06:46:06+04:00	ck9s-whole-256k	4	617196	617179	57	576286720	441053184	ft*51 ZMQbg/Reaper*3 ZMQbg/IO/0*3 
2026-09-28T06:46:06+04:00	ck9s-whole-256k	4	617533	617196	1	12759040	5935104	python3*1 
2026-09-28T06:46:06+04:00	ck9s-whole-256k	4	617534	617196	45	22773932032	2067165184	python3*36 pt_gloo_runloop*2 ZMQbg/Reaper*2 ZMQbg/IO/0*2 pt_tcpstore_uv*1 cuda0000240000a*1 
2026-09-28T06:46:06+04:00	ck9s-whole-256k	4	617535	617196	57	841773056	707211264	python3*49 ZMQbg/Reaper*4 ZMQbg/IO/0*4 
2026-09-28T06:46:17+04:00	ck9s-whole-256k	4	617179	363	2	8097792	12288	uv*1 main2*1 
2026-09-28T06:46:17+04:00	ck9s-whole-256k	4	617196	617179	57	576286720	441053184	ft*51 ZMQbg/Reaper*3 ZMQbg/IO/0*3 
2026-09-28T06:46:17+04:00	ck9s-whole-256k	4	617533	617196	1	12759040	5935104	python3*1 
2026-09-28T06:46:17+04:00	ck9s-whole-256k	4	617534	617196	45	22774030336	2067263488	python3*36 pt_gloo_runloop*2 ZMQbg/Reaper*2 ZMQbg/IO/0*2 pt_tcpstore_uv*1 cuda0000240000a*1 
2026-09-28T06:46:17+04:00	ck9s-whole-256k	4	617535	617196	57	841773056	707211264	python3*49 ZMQbg/Reaper*4 ZMQbg/IO/0*4 
2026-09-28T06:46:30+04:00	ck9s-whole-256k	4	617179	363	2	8097792	12288	uv*1 main2*1 
2026-09-28T06:46:30+04:00	ck9s-whole-256k	4	617196	617179	57	576286720	441053184	ft*51 ZMQbg/Reaper*3 ZMQbg/IO/0*3 
2026-09-28T06:46:30+04:00	ck9s-whole-256k	4	617533	617196	1	12759040	5935104	python3*1 
2026-09-28T06:46:30+04:00	ck9s-whole-256k	4	617534	617196	45	22774124544	2067357696	python3*36 pt_gloo_runloop*2 ZMQbg/Reaper*2 ZMQbg/IO/0*2 pt_tcpstore_uv*1 cuda0000240000a*1 
2026-09-28T06:46:30+04:00	ck9s-whole-256k	4	617535	617196	57	841773056	707211264	python3*49 ZMQbg/Reaper*4 ZMQbg/IO/0*4 
2026-09-28T06:46:40+04:00	ck9s-whole-256k	4	617179	363	2	8097792	12288	uv*1 main2*1 
2026-09-28T06:46:40+04:00	ck9s-whole-256k	4	617196	617179	57	576286720	441053184	ft*51 ZMQbg/Reaper*3 ZMQbg/IO/0*3 
2026-09-28T06:46:40+04:00	ck9s-whole-256k	4	617533	617196	1	12759040	5935104	python3*1 
2026-09-28T06:46:40+04:00	ck9s-whole-256k	4	617534	617196	45	22774226944	2067460096	python3*36 pt_gloo_runloop*2 ZMQbg/Reaper*2 ZMQbg/IO/0*2 pt_tcpstore_uv*1 cuda0000240000a*1 
2026-09-28T06:46:41+04:00	ck9s-whole-256k	4	617535	617196	57	841773056	707211264	python3*49 ZMQbg/Reaper*4 ZMQbg/IO/0*4 
2026-09-28T06:46:51+04:00	ck9s-whole-256k	4	617179	363	2	8097792	12288	uv*1 main2*1 
2026-09-28T06:46:51+04:00	ck9s-whole-256k	4	617196	617179	57	541814784	414392320	ft*51 ZMQbg/Reaper*3 ZMQbg/IO/0*3 
2026-09-28T06:46:51+04:00	ck9s-whole-256k	4	617533	617196	1	12759040	5935104	python3*1 
2026-09-28T06:46:51+04:00	ck9s-whole-256k	4	617534	617196	45	22766444544	2067554304	python3*36 pt_gloo_runloop*2 ZMQbg/Reaper*2 ZMQbg/IO/0*2 pt_tcpstore_uv*1 cuda0000240000a*1 
2026-09-28T06:46:51+04:00	ck9s-whole-256k	4	617535	617196	57	833900544	707211264	python3*49 ZMQbg/Reaper*4 ZMQbg/IO/0*4 
2026-09-28T06:47:04+04:00	ck9s-whole-256k	4	617179	363	2	8077312	12288	uv*1 main2*1 
2026-09-28T06:47:04+04:00	ck9s-whole-256k	4	617196	617179	57	500494336	386965504	ft*51 ZMQbg/Reaper*3 ZMQbg/IO/0*3 
2026-09-28T06:47:04+04:00	ck9s-whole-256k	4	617533	617196	1	12759040	5935104	python3*1 
2026-09-28T06:47:04+04:00	ck9s-whole-256k	4	617534	617196	45	22751604736	2067652608	python3*36 pt_gloo_runloop*2 ZMQbg/Reaper*2 ZMQbg/IO/0*2 pt_tcpstore_uv*1 cuda0000240000a*1 
2026-09-28T06:47:05+04:00	ck9s-whole-256k	4	617535	617196	57	819236864	707211264	python3*49 ZMQbg/Reaper*4 ZMQbg/IO/0*4 
2026-09-28T06:47:15+04:00	ck9s-whole-256k	4	617179	363	2	8077312	12288	uv*1 main2*1 
2026-09-28T06:47:15+04:00	ck9s-whole-256k	4	617196	617179	57	500494336	386965504	ft*51 ZMQbg/Reaper*3 ZMQbg/IO/0*3 
2026-09-28T06:47:15+04:00	ck9s-whole-256k	4	617533	617196	1	12759040	5935104	python3*1 
2026-09-28T06:47:15+04:00	ck9s-whole-256k	4	617534	617196	45	22751711232	2067759104	python3*36 pt_gloo_runloop*2 ZMQbg/Reaper*2 ZMQbg/IO/0*2 pt_tcpstore_uv*1 cuda0000240000a*1 
2026-09-28T06:47:15+04:00	ck9s-whole-256k	4	617535	617196	57	819236864	707211264	python3*49 ZMQbg/Reaper*4 ZMQbg/IO/0*4 
2026-09-28T06:47:25+04:00	ck9s-whole-256k	4	617179	363	2	8077312	12288	uv*1 main2*1 
2026-09-28T06:47:25+04:00	ck9s-whole-256k	4	617196	617179	57	500494336	386965504	ft*51 ZMQbg/Reaper*3 ZMQbg/IO/0*3 
2026-09-28T06:47:25+04:00	ck9s-whole-256k	4	617533	617196	1	12759040	5935104	python3*1 
2026-09-28T06:47:25+04:00	ck9s-whole-256k	4	617534	617196	45	22751809536	2067861504	python3*36 pt_gloo_runloop*2 ZMQbg/Reaper*2 ZMQbg/IO/0*2 pt_tcpstore_uv*1 cuda0000240000a*1 
2026-09-28T06:47:25+04:00	ck9s-whole-256k	4	617535	617196	57	819236864	707211264	python3*49 ZMQbg/Reaper*4 ZMQbg/IO/0*4 
2026-09-28T06:47:35+04:00	ck9s-whole-256k	4	617179	363	2	8077312	12288	uv*1 main2*1 
2026-09-28T06:47:35+04:00	ck9s-whole-256k	4	617196	617179	57	500494336	386965504	ft*51 ZMQbg/Reaper*3 ZMQbg/IO/0*3 
2026-09-28T06:47:35+04:00	ck9s-whole-256k	4	617533	617196	1	12759040	5935104	python3*1 
2026-09-28T06:47:35+04:00	ck9s-whole-256k	4	617534	617196	45	22751911936	2067959808	python3*36 pt_gloo_runloop*2 ZMQbg/Reaper*2 ZMQbg/IO/0*2 pt_tcpstore_uv*1 cuda0000240000a*1 
2026-09-28T06:47:36+04:00	ck9s-whole-256k	4	617535	617196	57	819236864	707211264	python3*49 ZMQbg/Reaper*4 ZMQbg/IO/0*4 
2026-09-28T06:47:49+04:00	ck9s-whole-256k	4	617179	363	2	8077312	12288	uv*1 main2*1 
2026-09-28T06:47:49+04:00	ck9s-whole-256k	4	617196	617179	57	500494336	386965504	ft*51 ZMQbg/Reaper*3 ZMQbg/IO/0*3 
2026-09-28T06:47:49+04:00	ck9s-whole-256k	4	617533	617196	1	12759040	5935104	python3*1 
2026-09-28T06:47:49+04:00	ck9s-whole-256k	4	617534	617196	45	22752006144	2068054016	python3*36 pt_gloo_runloop*2 ZMQbg/Reaper*2 ZMQbg/IO/0*2 pt_tcpstore_uv*1 cuda0000240000a*1 
2026-09-28T06:47:49+04:00	ck9s-whole-256k	4	617535	617196	57	819236864	707211264	python3*49 ZMQbg/Reaper*4 ZMQbg/IO/0*4 
2026-09-28T06:47:59+04:00	ck9s-whole-256k	4	617179	363	2	8077312	12288	uv*1 main2*1 
2026-09-28T06:47:59+04:00	ck9s-whole-256k	4	617196	617179	57	500494336	386965504	ft*51 ZMQbg/Reaper*3 ZMQbg/IO/0*3 
2026-09-28T06:47:59+04:00	ck9s-whole-256k	4	617533	617196	1	12759040	5935104	python3*1 
2026-09-28T06:47:59+04:00	ck9s-whole-256k	4	617534	617196	45	22752112640	2068160512	python3*36 pt_gloo_runloop*2 ZMQbg/Reaper*2 ZMQbg/IO/0*2 pt_tcpstore_uv*1 cuda0000240000a*1 
2026-09-28T06:48:00+04:00	ck9s-whole-256k	4	617535	617196	57	819236864	707211264	python3*49 ZMQbg/Reaper*4 ZMQbg/IO/0*4 
2026-09-28T06:48:10+04:00	ck9s-whole-256k	4	617179	363	2	8077312	12288	uv*1 main2*1 
2026-09-28T06:48:10+04:00	ck9s-whole-256k	4	617196	617179	57	500494336	386965504	ft*51 ZMQbg/Reaper*3 ZMQbg/IO/0*3 
2026-09-28T06:48:10+04:00	ck9s-whole-256k	4	617533	617196	1	12759040	5935104	python3*1 
2026-09-28T06:48:10+04:00	ck9s-whole-256k	4	617534	617196	45	22752206848	2068254720	python3*36 pt_gloo_runloop*2 ZMQbg/Reaper*2 ZMQbg/IO/0*2 pt_tcpstore_uv*1 cuda0000240000a*1 
2026-09-28T06:48:10+04:00	ck9s-whole-256k	4	617535	617196	57	819236864	707211264	python3*49 ZMQbg/Reaper*4 ZMQbg/IO/0*4 
2026-09-28T06:48:23+04:00	ck9s-whole-256k	4	617179	363	2	8077312	12288	uv*1 main2*1 
2026-09-28T06:48:23+04:00	ck9s-whole-256k	4	617196	617179	57	500494336	386965504	ft*51 ZMQbg/Reaper*3 ZMQbg/IO/0*3 
2026-09-28T06:48:23+04:00	ck9s-whole-256k	4	617533	617196	1	12759040	5935104	python3*1 
2026-09-28T06:48:23+04:00	ck9s-whole-256k	4	617534	617196	45	22752309248	2068357120	python3*36 pt_gloo_runloop*2 ZMQbg/Reaper*2 ZMQbg/IO/0*2 pt_tcpstore_uv*1 cuda0000240000a*1 
2026-09-28T06:48:24+04:00	ck9s-whole-256k	4	617535	617196	57	819236864	707211264	python3*49 ZMQbg/Reaper*4 ZMQbg/IO/0*4 
2026-09-28T06:48:34+04:00	ck9s-whole-256k	4	617179	363	2	8077312	12288	uv*1 main2*1 
2026-09-28T06:48:34+04:00	ck9s-whole-256k	4	617196	617179	57	500494336	386965504	ft*51 ZMQbg/Reaper*3 ZMQbg/IO/0*3 
2026-09-28T06:48:34+04:00	ck9s-whole-256k	4	617533	617196	1	12759040	5935104	python3*1 
2026-09-28T06:48:34+04:00	ck9s-whole-256k	4	617534	617196	45	22752399360	2068463616	python3*36 pt_gloo_runloop*2 ZMQbg/Reaper*2 ZMQbg/IO/0*2 pt_tcpstore_uv*1 cuda0000240000a*1 
2026-09-28T06:48:34+04:00	ck9s-whole-256k	4	617535	617196	57	819236864	707211264	python3*49 ZMQbg/Reaper*4 ZMQbg/IO/0*4 
2026-09-28T06:48:44+04:00	ck9s-whole-256k	4	617179	363	2	8077312	12288	uv*1 main2*1 
2026-09-28T06:48:44+04:00	ck9s-whole-256k	4	617196	617179	57	500494336	386965504	ft*51 ZMQbg/Reaper*3 ZMQbg/IO/0*3 
2026-09-28T06:48:44+04:00	ck9s-whole-256k	4	617533	617196	1	12759040	5935104	python3*1 
2026-09-28T06:48:44+04:00	ck9s-whole-256k	4	617534	617196	45	22752497664	2068566016	python3*36 pt_gloo_runloop*2 ZMQbg/Reaper*2 ZMQbg/IO/0*2 pt_tcpstore_uv*1 cuda0000240000a*1 
2026-09-28T06:48:44+04:00	ck9s-whole-256k	4	617535	617196	57	819236864	707211264	python3*49 ZMQbg/Reaper*4 ZMQbg/IO/0*4 
2026-09-28T06:48:58+04:00	ck9s-whole-256k	4	617179	363	2	8077312	12288	uv*1 main2*1 
2026-09-28T06:48:58+04:00	ck9s-whole-256k	4	617196	617179	57	500494336	386965504	ft*51 ZMQbg/Reaper*3 ZMQbg/IO/0*3 
2026-09-28T06:48:58+04:00	ck9s-whole-256k	4	617533	617196	1	12759040	5935104	python3*1 
2026-09-28T06:48:58+04:00	ck9s-whole-256k	4	617534	617196	45	22752608256	2068656128	python3*36 pt_gloo_runloop*2 ZMQbg/Reaper*2 ZMQbg/IO/0*2 pt_tcpstore_uv*1 cuda0000240000a*1 
2026-09-28T06:48:58+04:00	ck9s-whole-256k	4	617535	617196	57	819236864	707211264	python3*49 ZMQbg/Reaper*4 ZMQbg/IO/0*4 
2026-09-28T06:49:08+04:00	ck9s-whole-256k	4	617179	363	2	8077312	12288	uv*1 main2*1 
2026-09-28T06:49:08+04:00	ck9s-whole-256k	4	617196	617179	57	500494336	386965504	ft*51 ZMQbg/Reaper*3 ZMQbg/IO/0*3 
2026-09-28T06:49:08+04:00	ck9s-whole-256k	4	617533	617196	1	12759040	5935104	python3*1 
2026-09-28T06:49:08+04:00	ck9s-whole-256k	4	617534	617196	45	22752690176	2068758528	python3*36 pt_gloo_runloop*2 ZMQbg/Reaper*2 ZMQbg/IO/0*2 pt_tcpstore_uv*1 cuda0000240000a*1 
2026-09-28T06:49:08+04:00	ck9s-whole-256k	4	617535	617196	57	819236864	707211264	python3*49 ZMQbg/Reaper*4 ZMQbg/IO/0*4 
2026-09-28T06:49:18+04:00	ck9s-whole-256k	4	617179	363	2	8077312	12288	uv*1 main2*1 
2026-09-28T06:49:18+04:00	ck9s-whole-256k	4	617196	617179	57	501968896	388440064	ft*51 ZMQbg/Reaper*3 ZMQbg/IO/0*3 
2026-09-28T06:49:18+04:00	ck9s-whole-256k	4	617533	617196	1	12759040	5935104	python3*1 
2026-09-28T06:49:18+04:00	ck9s-whole-256k	4	617534	617196	45	22753718272	2069766144	python3*36 pt_gloo_runloop*2 ZMQbg/Reaper*2 ZMQbg/IO/0*2 pt_tcpstore_uv*1 cuda0000240000a*1 
2026-09-28T06:49:18+04:00	ck9s-whole-256k	4	617535	617196	57	818962432	706936832	python3*49 ZMQbg/Reaper*4 ZMQbg/IO/0*4 
2026-09-28T06:49:32+04:00	ck9s-whole-256k	4	617179	363	2	8077312	12288	uv*1 main2*1 
2026-09-28T06:49:32+04:00	ck9s-whole-256k	4	617196	617179	57	502702080	389173248	ft*51 ZMQbg/Reaper*3 ZMQbg/IO/0*3 
2026-09-28T06:49:32+04:00	ck9s-whole-256k	4	617533	617196	1	12759040	5935104	python3*1 
2026-09-28T06:49:32+04:00	ck9s-whole-256k	4	617534	617196	45	22754750464	2070798336	python3*36 pt_gloo_runloop*2 ZMQbg/Reaper*2 ZMQbg/IO/0*2 pt_tcpstore_uv*1 cuda0000240000a*1 
2026-09-28T06:49:32+04:00	ck9s-whole-256k	4	617535	617196	57	818962432	706936832	python3*49 ZMQbg/Reaper*4 ZMQbg/IO/0*4 
2026-09-28T06:49:42+04:00	ck9s-whole-256k	4	617179	363	2	8077312	12288	uv*1 main2*1 
2026-09-28T06:49:42+04:00	ck9s-whole-256k	4	617196	617179	57	502702080	389173248	ft*51 ZMQbg/Reaper*3 ZMQbg/IO/0*3 
2026-09-28T06:49:42+04:00	ck9s-whole-256k	4	617533	617196	1	12759040	5935104	python3*1 
2026-09-28T06:49:42+04:00	ck9s-whole-256k	4	617534	617196	45	22754750464	2070798336	python3*36 pt_gloo_runloop*2 ZMQbg/Reaper*2 ZMQbg/IO/0*2 pt_tcpstore_uv*1 cuda0000240000a*1 
2026-09-28T06:49:42+04:00	ck9s-whole-256k	4	617535	617196	57	818962432	706936832	python3*49 ZMQbg/Reaper*4 ZMQbg/IO/0*4 
2026-09-28T06:49:52+04:00	ck9s-whole-256k	4	617179	363	2	8077312	12288	uv*1 main2*1 
2026-09-28T06:49:52+04:00	ck9s-whole-256k	4	617196	617179	57	502702080	389173248	ft*51 ZMQbg/Reaper*3 ZMQbg/IO/0*3 
2026-09-28T06:49:52+04:00	ck9s-whole-256k	4	617533	617196	1	12759040	5935104	python3*1 
2026-09-28T06:49:53+04:00	ck9s-whole-256k	4	617534	617196	45	22754750464	2070798336	python3*36 pt_gloo_runloop*2 ZMQbg/Reaper*2 ZMQbg/IO/0*2 pt_tcpstore_uv*1 cuda0000240000a*1 
2026-09-28T06:49:53+04:00	ck9s-whole-256k	4	617535	617196	57	818962432	706936832	python3*49 ZMQbg/Reaper*4 ZMQbg/IO/0*4 
2026-09-28T06:50:06+04:00	ck9s-whole-256k	4	617179	363	2	8077312	12288	uv*1 main2*1 
2026-09-28T06:50:06+04:00	ck9s-whole-256k	4	617196	617179	57	502702080	389173248	ft*51 ZMQbg/Reaper*3 ZMQbg/IO/0*3 
2026-09-28T06:50:06+04:00	ck9s-whole-256k	4	617533	617196	1	12759040	5935104	python3*1 
2026-09-28T06:50:06+04:00	ck9s-whole-256k	4	617534	617196	45	22754750464	2070798336	python3*36 pt_gloo_runloop*2 ZMQbg/Reaper*2 ZMQbg/IO/0*2 pt_tcpstore_uv*1 cuda0000240000a*1 
2026-09-28T06:50:06+04:00	ck9s-whole-256k	4	617535	617196	57	818962432	706936832	python3*49 ZMQbg/Reaper*4 ZMQbg/IO/0*4 
2026-09-28T06:50:17+04:00	ck9s-whole-256k	4	617179	363	2	8077312	12288	uv*1 main2*1 
2026-09-28T06:50:17+04:00	ck9s-whole-256k	4	617196	617179	57	544616448	431087616	ft*51 ZMQbg/Reaper*3 ZMQbg/IO/0*3 
2026-09-28T06:50:17+04:00	ck9s-whole-256k	4	617533	617196	1	12759040	5935104	python3*1 
2026-09-28T06:50:17+04:00	ck9s-whole-256k	4	617534	617196	45	22753742848	2069757952	python3*36 pt_gloo_runloop*2 ZMQbg/Reaper*2 ZMQbg/IO/0*2 pt_tcpstore_uv*1 cuda0000240000a*1 
2026-09-28T06:50:17+04:00	ck9s-whole-256k	4	617535	617196	57	819265536	707239936	python3*49 ZMQbg/Reaper*4 ZMQbg/IO/0*4 
2026-09-28T06:50:27+04:00	ck9s-whole-256k	4	617179	363	2	8077312	12288	uv*1 main2*1 
2026-09-28T06:50:27+04:00	ck9s-whole-256k	4	617196	617179	57	544616448	431087616	ft*51 ZMQbg/Reaper*3 ZMQbg/IO/0*3 
2026-09-28T06:50:27+04:00	ck9s-whole-256k	4	617533	617196	1	12759040	5935104	python3*1 
2026-09-28T06:50:27+04:00	ck9s-whole-256k	4	617534	617196	45	22753742848	2069757952	python3*36 pt_gloo_runloop*2 ZMQbg/Reaper*2 ZMQbg/IO/0*2 pt_tcpstore_uv*1 cuda0000240000a*1 
2026-09-28T06:50:27+04:00	ck9s-whole-256k	4	617535	617196	57	819265536	707239936	python3*49 ZMQbg/Reaper*4 ZMQbg/IO/0*4 
2026-09-28T06:50:41+04:00	ck9s-whole-256k	4	617179	363	2	8077312	12288	uv*1 main2*1 
2026-09-28T06:50:41+04:00	ck9s-whole-256k	4	617196	617179	57	544616448	431087616	ft*51 ZMQbg/Reaper*3 ZMQbg/IO/0*3 
2026-09-28T06:50:41+04:00	ck9s-whole-256k	4	617533	617196	1	12759040	5935104	python3*1 
2026-09-28T06:50:41+04:00	ck9s-whole-256k	4	617534	617196	45	22753742848	2069757952	python3*36 pt_gloo_runloop*2 ZMQbg/Reaper*2 ZMQbg/IO/0*2 pt_tcpstore_uv*1 cuda0000240000a*1 
2026-09-28T06:50:41+04:00	ck9s-whole-256k	4	617535	617196	57	819265536	707239936	python3*49 ZMQbg/Reaper*4 ZMQbg/IO/0*4 
2026-09-28T06:50:51+04:00	ck9s-whole-256k	4	617179	363	2	8077312	12288	uv*1 main2*1 
2026-09-28T06:50:51+04:00	ck9s-whole-256k	4	617196	617179	57	544616448	431087616	ft*51 ZMQbg/Reaper*3 ZMQbg/IO/0*3 
2026-09-28T06:50:51+04:00	ck9s-whole-256k	4	617533	617196	1	12759040	5935104	python3*1 
2026-09-28T06:50:51+04:00	ck9s-whole-256k	4	617534	617196	45	22753742848	2069757952	python3*36 pt_gloo_runloop*2 ZMQbg/Reaper*2 ZMQbg/IO/0*2 pt_tcpstore_uv*1 cuda0000240000a*1 
2026-09-28T06:50:51+04:00	ck9s-whole-256k	4	617535	617196	57	819265536	707239936	python3*49 ZMQbg/Reaper*4 ZMQbg/IO/0*4 
2026-09-28T06:51:01+04:00	ck9s-whole-256k	4	617179	363	2	8077312	12288	uv*1 main2*1 
2026-09-28T06:51:01+04:00	ck9s-whole-256k	4	617196	617179	57	581795840	472686592	ft*51 ZMQbg/Reaper*3 ZMQbg/IO/0*3 
2026-09-28T06:51:01+04:00	ck9s-whole-256k	4	617533	617196	1	12759040	5935104	python3*1 
2026-09-28T06:51:01+04:00	ck9s-whole-256k	4	617534	617196	45	22763503616	2079518720	python3*36 pt_gloo_runloop*2 ZMQbg/Reaper*2 ZMQbg/IO/0*2 pt_tcpstore_uv*1 cuda0000240000a*1 
2026-09-28T06:51:01+04:00	ck9s-whole-256k	4	617535	617196	57	819265536	707239936	python3*49 ZMQbg/Reaper*4 ZMQbg/IO/0*4 
2026-09-28T06:51:25+04:00	ck9e-mirror-256k	0	726283	363	3	27656192	6053888	uv*1 tokio-rt-worker*1 main2*1 
2026-09-28T06:51:25+04:00	ck9e-mirror-256k	0	726318	726283	22	697626624	422690816	ft*18 ZMQbg/Reaper*2 ZMQbg/IO/0*2 
2026-09-28T06:51:25+04:00	ck9e-mirror-256k	0	726623	726318	1	12832768	5939200	python3*1 
2026-09-28T06:51:25+04:00	ck9e-mirror-256k	0	726624	726318	16	534433792	309616640	python3*16 
2026-09-28T06:51:25+04:00	ck9e-mirror-256k	0	726625	726318	16	536662016	311545856	python3*16 
2026-09-28T06:51:35+04:00	ck9e-mirror-256k	0	726283	363	2	27787264	6053888	uv*1 main2*1 
2026-09-28T06:51:35+04:00	ck9e-mirror-256k	0	726318	726283	22	697749504	422744064	ft*18 ZMQbg/Reaper*2 ZMQbg/IO/0*2 
2026-09-28T06:51:35+04:00	ck9e-mirror-256k	0	726623	726318	1	12832768	5939200	python3*1 
2026-09-28T06:51:35+04:00	ck9e-mirror-256k	0	726624	726318	25	3368873984	864673792	python3*20 pt_gloo_runloop*2 pt_tcpstore_uv*1 cuda0000240000a*1 cuda-EvtHandlr*1 
2026-09-28T06:51:35+04:00	ck9e-mirror-256k	0	726625	726318	23	883232768	606568448	python3*17 ZMQbg/Reaper*3 ZMQbg/IO/0*3 
2026-09-28T06:51:45+04:00	ck9e-mirror-256k	0	726283	363	2	27787264	6053888	uv*1 main2*1 
2026-09-28T06:51:45+04:00	ck9e-mirror-256k	0	726318	726283	22	697753600	422748160	ft*18 ZMQbg/Reaper*2 ZMQbg/IO/0*2 
2026-09-28T06:51:45+04:00	ck9e-mirror-256k	0	726623	726318	1	12832768	5939200	python3*1 
2026-09-28T06:51:45+04:00	ck9e-mirror-256k	0	726624	726318	40	17471860736	15346491392	python3*35 pt_gloo_runloop*2 pt_tcpstore_uv*1 cuda0000240000a*1 cuda-EvtHandlr*1 
2026-09-28T06:51:45+04:00	ck9e-mirror-256k	0	726625	726318	23	883232768	606568448	python3*17 ZMQbg/Reaper*3 ZMQbg/IO/0*3 
2026-09-28T06:51:59+04:00	ck9e-mirror-256k	0	726283	363	2	27787264	6053888	uv*1 main2*1 
2026-09-28T06:51:59+04:00	ck9e-mirror-256k	0	726318	726283	22	697753600	422748160	ft*18 ZMQbg/Reaper*2 ZMQbg/IO/0*2 
2026-09-28T06:51:59+04:00	ck9e-mirror-256k	0	726623	726318	1	12832768	5939200	python3*1 
2026-09-28T06:51:59+04:00	ck9e-mirror-256k	0	726624	726318	40	17559760896	15432957952	python3*35 pt_gloo_runloop*2 pt_tcpstore_uv*1 cuda0000240000a*1 cuda-EvtHandlr*1 
2026-09-28T06:51:59+04:00	ck9e-mirror-256k	0	726625	726318	23	883232768	606568448	python3*17 ZMQbg/Reaper*3 ZMQbg/IO/0*3 
2026-09-28T06:52:09+04:00	ck9e-mirror-256k	0	726283	363	2	27787264	6053888	uv*1 main2*1 
2026-09-28T06:52:09+04:00	ck9e-mirror-256k	0	726318	726283	22	697753600	422748160	ft*18 ZMQbg/Reaper*2 ZMQbg/IO/0*2 
2026-09-28T06:52:09+04:00	ck9e-mirror-256k	0	726623	726318	1	12832768	5939200	python3*1 
2026-09-28T06:52:09+04:00	ck9e-mirror-256k	0	726624	726318	41	17562296320	15433031680	python3*36 pt_gloo_runloop*2 pt_tcpstore_uv*1 cuda0000240000a*1 cuda-EvtHandlr*1 
2026-09-28T06:52:10+04:00	ck9e-mirror-256k	0	726625	726318	23	883232768	606568448	python3*17 ZMQbg/Reaper*3 ZMQbg/IO/0*3 
2026-09-28T06:52:20+04:00	ck9e-mirror-256k	0	726283	363	2	27787264	6053888	uv*1 main2*1 
2026-09-28T06:52:20+04:00	ck9e-mirror-256k	0	726318	726283	22	697757696	422752256	ft*18 ZMQbg/Reaper*2 ZMQbg/IO/0*2 
2026-09-28T06:52:20+04:00	ck9e-mirror-256k	0	726623	726318	1	12832768	5939200	python3*1 
2026-09-28T06:52:20+04:00	ck9e-mirror-256k	0	726624	726318	41	16340873216	15748947968	python3*36 pt_gloo_runloop*2 pt_tcpstore_uv*1 cuda0000240000a*1 cuda-EvtHandlr*1 
2026-09-28T06:52:20+04:00	ck9e-mirror-256k	0	726625	726318	23	883232768	606568448	python3*17 ZMQbg/Reaper*3 ZMQbg/IO/0*3 
2026-09-28T06:52:33+04:00	ck9e-mirror-256k	0	726283	363	2	27787264	6053888	uv*1 main2*1 
2026-09-28T06:52:33+04:00	ck9e-mirror-256k	0	726318	726283	22	697757696	422752256	ft*18 ZMQbg/Reaper*2 ZMQbg/IO/0*2 
2026-09-28T06:52:33+04:00	ck9e-mirror-256k	0	726623	726318	1	12832768	5939200	python3*1 
2026-09-28T06:52:33+04:00	ck9e-mirror-256k	0	726624	726318	41	16340885504	15748960256	python3*36 pt_gloo_runloop*2 pt_tcpstore_uv*1 cuda0000240000a*1 cuda-EvtHandlr*1 
2026-09-28T06:52:34+04:00	ck9e-mirror-256k	0	726625	726318	23	883232768	606568448	python3*17 ZMQbg/Reaper*3 ZMQbg/IO/0*3 
2026-09-28T06:52:44+04:00	ck9e-mirror-256k	0	726283	363	2	27787264	6053888	uv*1 main2*1 
2026-09-28T06:52:44+04:00	ck9e-mirror-256k	0	726318	726283	22	697757696	422752256	ft*18 ZMQbg/Reaper*2 ZMQbg/IO/0*2 
2026-09-28T06:52:44+04:00	ck9e-mirror-256k	0	726623	726318	1	12832768	5939200	python3*1 
2026-09-28T06:52:44+04:00	ck9e-mirror-256k	0	726624	726318	41	16599478272	15996317696	python3*36 pt_gloo_runloop*2 pt_tcpstore_uv*1 cuda0000240000a*1 cuda-EvtHandlr*1 
2026-09-28T06:52:44+04:00	ck9e-mirror-256k	0	726625	726318	23	883232768	606568448	python3*17 ZMQbg/Reaper*3 ZMQbg/IO/0*3 
2026-09-28T06:52:54+04:00	ck9e-mirror-256k	0	726283	363	2	27787264	6053888	uv*1 main2*1 
2026-09-28T06:52:54+04:00	ck9e-mirror-256k	0	726318	726283	22	697757696	422752256	ft*18 ZMQbg/Reaper*2 ZMQbg/IO/0*2 
2026-09-28T06:52:54+04:00	ck9e-mirror-256k	0	726623	726318	1	12832768	5939200	python3*1 
2026-09-28T06:52:54+04:00	ck9e-mirror-256k	0	726624	726318	41	16612380672	16008691712	python3*36 pt_gloo_runloop*2 pt_tcpstore_uv*1 cuda0000240000a*1 cuda-EvtHandlr*1 
2026-09-28T06:52:54+04:00	ck9e-mirror-256k	0	726625	726318	23	883232768	606568448	python3*17 ZMQbg/Reaper*3 ZMQbg/IO/0*3 
2026-09-28T06:53:08+04:00	ck9e-mirror-256k	0	726283	363	2	27787264	6053888	uv*1 main2*1 
2026-09-28T06:53:08+04:00	ck9e-mirror-256k	0	726318	726283	39	904175616	623083520	ft*35 ZMQbg/Reaper*2 ZMQbg/IO/0*2 
2026-09-28T06:53:08+04:00	ck9e-mirror-256k	0	726623	726318	1	12832768	5939200	python3*1 
2026-09-28T06:53:08+04:00	ck9e-mirror-256k	0	726624	726318	45	16825856000	16214880256	python3*36 pt_gloo_runloop*2 ZMQbg/Reaper*2 ZMQbg/IO/0*2 pt_tcpstore_uv*1 cuda0000240000a*1 
2026-09-28T06:53:08+04:00	ck9e-mirror-256k	0	726625	726318	39	887046144	607092736	python3*33 ZMQbg/Reaper*3 ZMQbg/IO/0*3 
2026-09-28T06:53:18+04:00	ck9e-mirror-256k	0	726283	363	2	27787264	6053888	uv*1 main2*1 
2026-09-28T06:53:18+04:00	ck9e-mirror-256k	0	726318	726283	39	904175616	623083520	ft*35 ZMQbg/Reaper*2 ZMQbg/IO/0*2 
2026-09-28T06:53:18+04:00	ck9e-mirror-256k	0	726623	726318	1	12832768	5939200	python3*1 
2026-09-28T06:53:18+04:00	ck9e-mirror-256k	0	726624	726318	45	16825856000	16214880256	python3*36 pt_gloo_runloop*2 ZMQbg/Reaper*2 ZMQbg/IO/0*2 pt_tcpstore_uv*1 cuda0000240000a*1 
2026-09-28T06:53:18+04:00	ck9e-mirror-256k	0	726625	726318	39	887046144	607092736	python3*33 ZMQbg/Reaper*3 ZMQbg/IO/0*3 
2026-09-28T06:53:28+04:00	ck9e-mirror-256k	0	726283	363	2	27787264	6053888	uv*1 main2*1 
2026-09-28T06:53:28+04:00	ck9e-mirror-256k	0	726318	726283	57	977817600	696725504	ft*51 ZMQbg/Reaper*3 ZMQbg/IO/0*3 
2026-09-28T06:53:28+04:00	ck9e-mirror-256k	0	726623	726318	1	12832768	5939200	python3*1 
2026-09-28T06:53:28+04:00	ck9e-mirror-256k	0	726624	726318	45	16826880000	16215904256	python3*36 pt_gloo_runloop*2 ZMQbg/Reaper*2 ZMQbg/IO/0*2 pt_tcpstore_uv*1 cuda0000240000a*1 
2026-09-28T06:53:28+04:00	ck9e-mirror-256k	0	726625	726318	57	949796864	669843456	python3*49 ZMQbg/Reaper*4 ZMQbg/IO/0*4 
2026-09-28T06:53:42+04:00	ck9e-mirror-256k	0	726283	363	2	27787264	6053888	uv*1 main2*1 
2026-09-28T06:53:42+04:00	ck9e-mirror-256k	0	726318	726283	57	977817600	696725504	ft*51 ZMQbg/Reaper*3 ZMQbg/IO/0*3 
2026-09-28T06:53:42+04:00	ck9e-mirror-256k	0	726623	726318	1	12832768	5939200	python3*1 
2026-09-28T06:53:42+04:00	ck9e-mirror-256k	0	726624	726318	45	16826880000	16215904256	python3*36 pt_gloo_runloop*2 ZMQbg/Reaper*2 ZMQbg/IO/0*2 pt_tcpstore_uv*1 cuda0000240000a*1 
2026-09-28T06:53:42+04:00	ck9e-mirror-256k	0	726625	726318	57	949796864	669843456	python3*49 ZMQbg/Reaper*4 ZMQbg/IO/0*4 
2026-09-28T06:53:52+04:00	ck9e-mirror-256k	0	726283	363	2	27787264	6053888	uv*1 main2*1 
2026-09-28T06:53:52+04:00	ck9e-mirror-256k	0	726318	726283	57	977817600	696725504	ft*51 ZMQbg/Reaper*3 ZMQbg/IO/0*3 
2026-09-28T06:53:52+04:00	ck9e-mirror-256k	0	726623	726318	1	12832768	5939200	python3*1 
2026-09-28T06:53:52+04:00	ck9e-mirror-256k	0	726624	726318	45	16826880000	16215904256	python3*36 pt_gloo_runloop*2 ZMQbg/Reaper*2 ZMQbg/IO/0*2 pt_tcpstore_uv*1 cuda0000240000a*1 
2026-09-28T06:53:52+04:00	ck9e-mirror-256k	0	726625	726318	57	949796864	669843456	python3*49 ZMQbg/Reaper*4 ZMQbg/IO/0*4 
2026-09-28T06:54:03+04:00	ck9e-mirror-256k	0	726283	363	2	27787264	6053888	uv*1 main2*1 
2026-09-28T06:54:03+04:00	ck9e-mirror-256k	0	726318	726283	57	977817600	696725504	ft*51 ZMQbg/Reaper*3 ZMQbg/IO/0*3 
2026-09-28T06:54:03+04:00	ck9e-mirror-256k	0	726623	726318	1	12832768	5939200	python3*1 
2026-09-28T06:54:03+04:00	ck9e-mirror-256k	0	726624	726318	45	16826880000	16215904256	python3*36 pt_gloo_runloop*2 ZMQbg/Reaper*2 ZMQbg/IO/0*2 pt_tcpstore_uv*1 cuda0000240000a*1 
2026-09-28T06:54:03+04:00	ck9e-mirror-256k	0	726625	726318	57	949796864	669843456	python3*49 ZMQbg/Reaper*4 ZMQbg/IO/0*4 
2026-09-28T06:54:16+04:00	ck9e-mirror-256k	0	726283	363	2	27787264	6053888	uv*1 main2*1 
2026-09-28T06:54:16+04:00	ck9e-mirror-256k	0	726318	726283	57	977817600	696725504	ft*51 ZMQbg/Reaper*3 ZMQbg/IO/0*3 
2026-09-28T06:54:16+04:00	ck9e-mirror-256k	0	726623	726318	1	12832768	5939200	python3*1 
2026-09-28T06:54:16+04:00	ck9e-mirror-256k	0	726624	726318	45	16826880000	16215904256	python3*36 pt_gloo_runloop*2 ZMQbg/Reaper*2 ZMQbg/IO/0*2 pt_tcpstore_uv*1 cuda0000240000a*1 
2026-09-28T06:54:16+04:00	ck9e-mirror-256k	0	726625	726318	57	949796864	669843456	python3*49 ZMQbg/Reaper*4 ZMQbg/IO/0*4 
2026-09-28T06:54:27+04:00	ck9e-mirror-256k	0	726283	363	2	27787264	6053888	uv*1 main2*1 
2026-09-28T06:54:27+04:00	ck9e-mirror-256k	0	726318	726283	57	977817600	696725504	ft*51 ZMQbg/Reaper*3 ZMQbg/IO/0*3 
2026-09-28T06:54:27+04:00	ck9e-mirror-256k	0	726623	726318	1	12832768	5939200	python3*1 
2026-09-28T06:54:27+04:00	ck9e-mirror-256k	0	726624	726318	45	16826888192	16215912448	python3*36 pt_gloo_runloop*2 ZMQbg/Reaper*2 ZMQbg/IO/0*2 pt_tcpstore_uv*1 cuda0000240000a*1 
2026-09-28T06:54:27+04:00	ck9e-mirror-256k	0	726625	726318	57	949796864	669843456	python3*49 ZMQbg/Reaper*4 ZMQbg/IO/0*4 
2026-09-28T06:54:37+04:00	ck9e-mirror-256k	0	726283	363	2	27787264	6053888	uv*1 main2*1 
2026-09-28T06:54:37+04:00	ck9e-mirror-256k	0	726318	726283	57	977817600	696725504	ft*51 ZMQbg/Reaper*3 ZMQbg/IO/0*3 
2026-09-28T06:54:37+04:00	ck9e-mirror-256k	0	726623	726318	1	12832768	5939200	python3*1 
2026-09-28T06:54:37+04:00	ck9e-mirror-256k	0	726624	726318	45	16826888192	16215912448	python3*36 pt_gloo_runloop*2 ZMQbg/Reaper*2 ZMQbg/IO/0*2 pt_tcpstore_uv*1 cuda0000240000a*1 
2026-09-28T06:54:37+04:00	ck9e-mirror-256k	0	726625	726318	57	949796864	669843456	python3*49 ZMQbg/Reaper*4 ZMQbg/IO/0*4 
2026-09-28T06:54:50+04:00	ck9e-mirror-256k	0	726283	363	2	27787264	6053888	uv*1 main2*1 
2026-09-28T06:54:50+04:00	ck9e-mirror-256k	0	726318	726283	57	978616320	697524224	ft*51 ZMQbg/Reaper*3 ZMQbg/IO/0*3 
2026-09-28T06:54:50+04:00	ck9e-mirror-256k	0	726623	726318	1	12832768	5939200	python3*1 
2026-09-28T06:54:50+04:00	ck9e-mirror-256k	0	726624	726318	45	16888147968	16275394560	python3*36 pt_gloo_runloop*2 ZMQbg/Reaper*2 ZMQbg/IO/0*2 pt_tcpstore_uv*1 cuda0000240000a*1 
2026-09-28T06:54:51+04:00	ck9e-mirror-256k	0	726625	726318	57	988954624	709001216	python3*49 ZMQbg/Reaper*4 ZMQbg/IO/0*4 
2026-09-28T06:55:01+04:00	ck9e-mirror-256k	0	726283	363	2	27787264	6053888	uv*1 main2*1 
2026-09-28T06:55:01+04:00	ck9e-mirror-256k	0	726318	726283	57	978616320	697524224	ft*51 ZMQbg/Reaper*3 ZMQbg/IO/0*3 
2026-09-28T06:55:01+04:00	ck9e-mirror-256k	0	726623	726318	1	12832768	5939200	python3*1 
2026-09-28T06:55:01+04:00	ck9e-mirror-256k	0	726624	726318	45	16888147968	16275394560	python3*36 pt_gloo_runloop*2 ZMQbg/Reaper*2 ZMQbg/IO/0*2 pt_tcpstore_uv*1 cuda0000240000a*1 
2026-09-28T06:55:01+04:00	ck9e-mirror-256k	0	726625	726318	57	988954624	709001216	python3*49 ZMQbg/Reaper*4 ZMQbg/IO/0*4 
2026-09-28T06:55:11+04:00	ck9e-mirror-256k	0	726283	363	2	27787264	6053888	uv*1 main2*1 
2026-09-28T06:55:11+04:00	ck9e-mirror-256k	0	726318	726283	57	978616320	697524224	ft*51 ZMQbg/Reaper*3 ZMQbg/IO/0*3 
2026-09-28T06:55:11+04:00	ck9e-mirror-256k	0	726623	726318	1	12832768	5939200	python3*1 
2026-09-28T06:55:11+04:00	ck9e-mirror-256k	0	726624	726318	45	16888147968	16275394560	python3*36 pt_gloo_runloop*2 ZMQbg/Reaper*2 ZMQbg/IO/0*2 pt_tcpstore_uv*1 cuda0000240000a*1 
2026-09-28T06:55:11+04:00	ck9e-mirror-256k	0	726625	726318	57	988954624	709001216	python3*49 ZMQbg/Reaper*4 ZMQbg/IO/0*4 
2026-09-28T06:55:24+04:00	ck9e-mirror-256k	0	726283	363	2	27787264	6053888	uv*1 main2*1 
2026-09-28T06:55:25+04:00	ck9e-mirror-256k	0	726318	726283	57	978616320	697524224	ft*51 ZMQbg/Reaper*3 ZMQbg/IO/0*3 
2026-09-28T06:55:25+04:00	ck9e-mirror-256k	0	726623	726318	1	12832768	5939200	python3*1 
2026-09-28T06:55:25+04:00	ck9e-mirror-256k	0	726624	726318	45	16888147968	16275394560	python3*36 pt_gloo_runloop*2 ZMQbg/Reaper*2 ZMQbg/IO/0*2 pt_tcpstore_uv*1 cuda0000240000a*1 
2026-09-28T06:55:25+04:00	ck9e-mirror-256k	0	726625	726318	57	988954624	709001216	python3*49 ZMQbg/Reaper*4 ZMQbg/IO/0*4 
2026-09-28T06:55:35+04:00	ck9e-mirror-256k	0	726283	363	2	27787264	6053888	uv*1 main2*1 
2026-09-28T06:55:35+04:00	ck9e-mirror-256k	0	726318	726283	57	978616320	697524224	ft*51 ZMQbg/Reaper*3 ZMQbg/IO/0*3 
2026-09-28T06:55:35+04:00	ck9e-mirror-256k	0	726623	726318	1	12832768	5939200	python3*1 
2026-09-28T06:55:35+04:00	ck9e-mirror-256k	0	726624	726318	45	16888147968	16275394560	python3*36 pt_gloo_runloop*2 ZMQbg/Reaper*2 ZMQbg/IO/0*2 pt_tcpstore_uv*1 cuda0000240000a*1 
2026-09-28T06:55:35+04:00	ck9e-mirror-256k	0	726625	726318	57	988954624	709001216	python3*49 ZMQbg/Reaper*4 ZMQbg/IO/0*4 
2026-09-28T06:55:45+04:00	ck9e-mirror-256k	0	726283	363	2	27787264	6053888	uv*1 main2*1 
2026-09-28T06:55:45+04:00	ck9e-mirror-256k	0	726318	726283	57	978616320	697524224	ft*51 ZMQbg/Reaper*3 ZMQbg/IO/0*3 
2026-09-28T06:55:45+04:00	ck9e-mirror-256k	0	726623	726318	1	12832768	5939200	python3*1 
2026-09-28T06:55:45+04:00	ck9e-mirror-256k	0	726624	726318	45	16888147968	16275394560	python3*36 pt_gloo_runloop*2 ZMQbg/Reaper*2 ZMQbg/IO/0*2 pt_tcpstore_uv*1 cuda0000240000a*1 
2026-09-28T06:55:45+04:00	ck9e-mirror-256k	0	726625	726318	57	988954624	709001216	python3*49 ZMQbg/Reaper*4 ZMQbg/IO/0*4 
2026-09-28T06:55:55+04:00	ck9e-mirror-256k	0	726283	363	2	27787264	6053888	uv*1 main2*1 
2026-09-28T06:55:55+04:00	ck9e-mirror-256k	0	726318	726283	57	978616320	697524224	ft*51 ZMQbg/Reaper*3 ZMQbg/IO/0*3 
2026-09-28T06:55:55+04:00	ck9e-mirror-256k	0	726623	726318	1	12832768	5939200	python3*1 
2026-09-28T06:55:55+04:00	ck9e-mirror-256k	0	726624	726318	45	16888147968	16275394560	python3*36 pt_gloo_runloop*2 ZMQbg/Reaper*2 ZMQbg/IO/0*2 pt_tcpstore_uv*1 cuda0000240000a*1 
2026-09-28T06:55:55+04:00	ck9e-mirror-256k	0	726625	726318	57	988954624	709001216	python3*49 ZMQbg/Reaper*4 ZMQbg/IO/0*4 
2026-09-28T06:56:09+04:00	ck9e-mirror-256k	0	726283	363	2	27787264	6053888	uv*1 main2*1 
2026-09-28T06:56:09+04:00	ck9e-mirror-256k	0	726318	726283	57	978968576	697876480	ft*51 ZMQbg/Reaper*3 ZMQbg/IO/0*3 
2026-09-28T06:56:09+04:00	ck9e-mirror-256k	0	726623	726318	1	12832768	5939200	python3*1 
2026-09-28T06:56:09+04:00	ck9e-mirror-256k	0	726624	726318	45	16897150976	16283803648	python3*36 pt_gloo_runloop*2 ZMQbg/Reaper*2 ZMQbg/IO/0*2 pt_tcpstore_uv*1 cuda0000240000a*1 
2026-09-28T06:56:09+04:00	ck9e-mirror-256k	0	726625	726318	57	988954624	709001216	python3*49 ZMQbg/Reaper*4 ZMQbg/IO/0*4 
2026-09-28T06:56:19+04:00	ck9e-mirror-256k	0	726283	363	2	27787264	6053888	uv*1 main2*1 
2026-09-28T06:56:19+04:00	ck9e-mirror-256k	0	726318	726283	57	978984960	697892864	ft*51 ZMQbg/Reaper*3 ZMQbg/IO/0*3 
2026-09-28T06:56:19+04:00	ck9e-mirror-256k	0	726623	726318	1	12832768	5939200	python3*1 
2026-09-28T06:56:19+04:00	ck9e-mirror-256k	0	726624	726318	45	16897150976	16283803648	python3*36 pt_gloo_runloop*2 ZMQbg/Reaper*2 ZMQbg/IO/0*2 pt_tcpstore_uv*1 cuda0000240000a*1 
2026-09-28T06:56:19+04:00	ck9e-mirror-256k	0	726625	726318	57	988954624	709001216	python3*49 ZMQbg/Reaper*4 ZMQbg/IO/0*4 
2026-09-28T06:56:29+04:00	ck9e-mirror-256k	0	726283	363	2	27787264	6053888	uv*1 main2*1 
2026-09-28T06:56:29+04:00	ck9e-mirror-256k	0	726318	726283	57	978984960	697892864	ft*51 ZMQbg/Reaper*3 ZMQbg/IO/0*3 
2026-09-28T06:56:29+04:00	ck9e-mirror-256k	0	726623	726318	1	12832768	5939200	python3*1 
2026-09-28T06:56:29+04:00	ck9e-mirror-256k	0	726624	726318	45	16897150976	16283803648	python3*36 pt_gloo_runloop*2 ZMQbg/Reaper*2 ZMQbg/IO/0*2 pt_tcpstore_uv*1 cuda0000240000a*1 
2026-09-28T06:56:29+04:00	ck9e-mirror-256k	0	726625	726318	57	988954624	709001216	python3*49 ZMQbg/Reaper*4 ZMQbg/IO/0*4 
2026-09-28T06:56:43+04:00	ck9e-mirror-256k	0	726283	363	2	27787264	6053888	uv*1 main2*1 
2026-09-28T06:56:43+04:00	ck9e-mirror-256k	0	726318	726283	57	978984960	697892864	ft*51 ZMQbg/Reaper*3 ZMQbg/IO/0*3 
2026-09-28T06:56:43+04:00	ck9e-mirror-256k	0	726623	726318	1	12832768	5939200	python3*1 
2026-09-28T06:56:43+04:00	ck9e-mirror-256k	0	726624	726318	45	16897150976	16283803648	python3*36 pt_gloo_runloop*2 ZMQbg/Reaper*2 ZMQbg/IO/0*2 pt_tcpstore_uv*1 cuda0000240000a*1 
2026-09-28T06:56:43+04:00	ck9e-mirror-256k	0	726625	726318	57	988954624	709001216	python3*49 ZMQbg/Reaper*4 ZMQbg/IO/0*4 
2026-09-28T06:56:53+04:00	ck9e-mirror-256k	0	726283	363	2	27787264	6053888	uv*1 main2*1 
2026-09-28T06:56:53+04:00	ck9e-mirror-256k	0	726318	726283	57	978993152	697901056	ft*51 ZMQbg/Reaper*3 ZMQbg/IO/0*3 
2026-09-28T06:56:53+04:00	ck9e-mirror-256k	0	726623	726318	1	12832768	5939200	python3*1 
2026-09-28T06:56:53+04:00	ck9e-mirror-256k	0	726624	726318	45	16897150976	16283803648	python3*36 pt_gloo_runloop*2 ZMQbg/Reaper*2 ZMQbg/IO/0*2 pt_tcpstore_uv*1 cuda0000240000a*1 
2026-09-28T06:56:53+04:00	ck9e-mirror-256k	0	726625	726318	57	988954624	709001216	python3*49 ZMQbg/Reaper*4 ZMQbg/IO/0*4 
2026-09-28T06:57:03+04:00	ck9e-mirror-256k	0	726283	363	2	27787264	6053888	uv*1 main2*1 
2026-09-28T06:57:03+04:00	ck9e-mirror-256k	0	726318	726283	57	978993152	697901056	ft*51 ZMQbg/Reaper*3 ZMQbg/IO/0*3 
2026-09-28T06:57:03+04:00	ck9e-mirror-256k	0	726623	726318	1	12832768	5939200	python3*1 
2026-09-28T06:57:03+04:00	ck9e-mirror-256k	0	726624	726318	45	16897150976	16283803648	python3*36 pt_gloo_runloop*2 ZMQbg/Reaper*2 ZMQbg/IO/0*2 pt_tcpstore_uv*1 cuda0000240000a*1 
2026-09-28T06:57:04+04:00	ck9e-mirror-256k	0	726625	726318	57	988954624	709001216	python3*49 ZMQbg/Reaper*4 ZMQbg/IO/0*4 
2026-09-28T06:57:17+04:00	ck9e-mirror-256k	0	726283	363	2	27787264	6053888	uv*1 main2*1 
2026-09-28T06:57:17+04:00	ck9e-mirror-256k	0	726318	726283	57	978993152	697901056	ft*51 ZMQbg/Reaper*3 ZMQbg/IO/0*3 
2026-09-28T06:57:17+04:00	ck9e-mirror-256k	0	726623	726318	1	12832768	5939200	python3*1 
2026-09-28T06:57:17+04:00	ck9e-mirror-256k	0	726624	726318	45	16897150976	16283803648	python3*36 pt_gloo_runloop*2 ZMQbg/Reaper*2 ZMQbg/IO/0*2 pt_tcpstore_uv*1 cuda0000240000a*1 
2026-09-28T06:57:17+04:00	ck9e-mirror-256k	0	726625	726318	57	988954624	709001216	python3*49 ZMQbg/Reaper*4 ZMQbg/IO/0*4 
2026-09-28T06:57:27+04:00	ck9e-mirror-256k	0	726283	363	2	27787264	6053888	uv*1 main2*1 
2026-09-28T06:57:27+04:00	ck9e-mirror-256k	0	726318	726283	57	978993152	697901056	ft*51 ZMQbg/Reaper*3 ZMQbg/IO/0*3 
2026-09-28T06:57:27+04:00	ck9e-mirror-256k	0	726623	726318	1	12832768	5939200	python3*1 
2026-09-28T06:57:27+04:00	ck9e-mirror-256k	0	726624	726318	45	16897150976	16283803648	python3*36 pt_gloo_runloop*2 ZMQbg/Reaper*2 ZMQbg/IO/0*2 pt_tcpstore_uv*1 cuda0000240000a*1 
2026-09-28T06:57:27+04:00	ck9e-mirror-256k	0	726625	726318	57	988954624	709001216	python3*49 ZMQbg/Reaper*4 ZMQbg/IO/0*4 
2026-09-28T06:57:37+04:00	ck9e-mirror-256k	0	726283	363	2	27787264	6053888	uv*1 main2*1 
2026-09-28T06:57:37+04:00	ck9e-mirror-256k	0	726318	726283	57	978993152	697901056	ft*51 ZMQbg/Reaper*3 ZMQbg/IO/0*3 
2026-09-28T06:57:37+04:00	ck9e-mirror-256k	0	726623	726318	1	12832768	5939200	python3*1 
2026-09-28T06:57:37+04:00	ck9e-mirror-256k	0	726624	726318	45	16897150976	16283803648	python3*36 pt_gloo_runloop*2 ZMQbg/Reaper*2 ZMQbg/IO/0*2 pt_tcpstore_uv*1 cuda0000240000a*1 
2026-09-28T06:57:38+04:00	ck9e-mirror-256k	0	726625	726318	57	988954624	709001216	python3*49 ZMQbg/Reaper*4 ZMQbg/IO/0*4 
2026-09-28T06:57:51+04:00	ck9e-mirror-256k	0	726283	363	2	27787264	6053888	uv*1 main2*1 
2026-09-28T06:57:51+04:00	ck9e-mirror-256k	0	726318	726283	57	978993152	697901056	ft*51 ZMQbg/Reaper*3 ZMQbg/IO/0*3 
2026-09-28T06:57:51+04:00	ck9e-mirror-256k	0	726623	726318	1	12832768	5939200	python3*1 
2026-09-28T06:57:51+04:00	ck9e-mirror-256k	0	726624	726318	45	16897150976	16283803648	python3*36 pt_gloo_runloop*2 ZMQbg/Reaper*2 ZMQbg/IO/0*2 pt_tcpstore_uv*1 cuda0000240000a*1 
2026-09-28T06:57:51+04:00	ck9e-mirror-256k	0	726625	726318	57	988954624	709001216	python3*49 ZMQbg/Reaper*4 ZMQbg/IO/0*4 
2026-09-28T06:58:01+04:00	ck9e-mirror-256k	0	726283	363	2	27787264	6053888	uv*1 main2*1 
2026-09-28T06:58:01+04:00	ck9e-mirror-256k	0	726318	726283	57	978993152	697901056	ft*51 ZMQbg/Reaper*3 ZMQbg/IO/0*3 
2026-09-28T06:58:01+04:00	ck9e-mirror-256k	0	726623	726318	1	12832768	5939200	python3*1 
2026-09-28T06:58:01+04:00	ck9e-mirror-256k	0	726624	726318	45	16897150976	16283803648	python3*36 pt_gloo_runloop*2 ZMQbg/Reaper*2 ZMQbg/IO/0*2 pt_tcpstore_uv*1 cuda0000240000a*1 
2026-09-28T06:58:02+04:00	ck9e-mirror-256k	0	726625	726318	57	988954624	709001216	python3*49 ZMQbg/Reaper*4 ZMQbg/IO/0*4 
2026-09-28T06:58:12+04:00	ck9e-mirror-256k	0	726283	363	2	27787264	6053888	uv*1 main2*1 
2026-09-28T06:58:12+04:00	ck9e-mirror-256k	0	726318	726283	57	978993152	697901056	ft*51 ZMQbg/Reaper*3 ZMQbg/IO/0*3 
2026-09-28T06:58:12+04:00	ck9e-mirror-256k	0	726623	726318	1	12832768	5939200	python3*1 
2026-09-28T06:58:12+04:00	ck9e-mirror-256k	0	726624	726318	45	16897150976	16283803648	python3*36 pt_gloo_runloop*2 ZMQbg/Reaper*2 ZMQbg/IO/0*2 pt_tcpstore_uv*1 cuda0000240000a*1 
2026-09-28T06:58:12+04:00	ck9e-mirror-256k	0	726625	726318	57	988954624	709001216	python3*49 ZMQbg/Reaper*4 ZMQbg/IO/0*4 
2026-09-28T06:58:25+04:00	ck9e-mirror-256k	0	726283	363	2	27787264	6053888	uv*1 main2*1 
2026-09-28T06:58:25+04:00	ck9e-mirror-256k	0	726318	726283	57	978993152	697901056	ft*51 ZMQbg/Reaper*3 ZMQbg/IO/0*3 
2026-09-28T06:58:25+04:00	ck9e-mirror-256k	0	726623	726318	1	12832768	5939200	python3*1 
2026-09-28T06:58:25+04:00	ck9e-mirror-256k	0	726624	726318	45	16897150976	16283803648	python3*36 pt_gloo_runloop*2 ZMQbg/Reaper*2 ZMQbg/IO/0*2 pt_tcpstore_uv*1 cuda0000240000a*1 
2026-09-28T06:58:25+04:00	ck9e-mirror-256k	0	726625	726318	57	988954624	709001216	python3*49 ZMQbg/Reaper*4 ZMQbg/IO/0*4 
2026-09-28T06:58:35+04:00	ck9e-mirror-256k	0	726283	363	2	27787264	6053888	uv*1 main2*1 
2026-09-28T06:58:35+04:00	ck9e-mirror-256k	0	726318	726283	57	978993152	697901056	ft*51 ZMQbg/Reaper*3 ZMQbg/IO/0*3 
2026-09-28T06:58:35+04:00	ck9e-mirror-256k	0	726623	726318	1	12832768	5939200	python3*1 
2026-09-28T06:58:35+04:00	ck9e-mirror-256k	0	726624	726318	45	16897150976	16283803648	python3*36 pt_gloo_runloop*2 ZMQbg/Reaper*2 ZMQbg/IO/0*2 pt_tcpstore_uv*1 cuda0000240000a*1 
2026-09-28T06:58:36+04:00	ck9e-mirror-256k	0	726625	726318	57	988954624	709001216	python3*49 ZMQbg/Reaper*4 ZMQbg/IO/0*4 
2026-09-28T06:58:46+04:00	ck9e-mirror-256k	0	726283	363	2	27787264	6053888	uv*1 main2*1 
2026-09-28T06:58:46+04:00	ck9e-mirror-256k	0	726318	726283	57	978993152	697901056	ft*51 ZMQbg/Reaper*3 ZMQbg/IO/0*3 
2026-09-28T06:58:46+04:00	ck9e-mirror-256k	0	726623	726318	1	12832768	5939200	python3*1 
2026-09-28T06:58:46+04:00	ck9e-mirror-256k	0	726624	726318	45	16897150976	16283803648	python3*36 pt_gloo_runloop*2 ZMQbg/Reaper*2 ZMQbg/IO/0*2 pt_tcpstore_uv*1 cuda0000240000a*1 
2026-09-28T06:58:46+04:00	ck9e-mirror-256k	0	726625	726318	57	988954624	709001216	python3*49 ZMQbg/Reaper*4 ZMQbg/IO/0*4 
2026-09-28T06:58:59+04:00	ck9e-mirror-256k	0	726283	363	2	27787264	6053888	uv*1 main2*1 
2026-09-28T06:58:59+04:00	ck9e-mirror-256k	0	726318	726283	57	978993152	697901056	ft*51 ZMQbg/Reaper*3 ZMQbg/IO/0*3 
2026-09-28T06:58:59+04:00	ck9e-mirror-256k	0	726623	726318	1	12832768	5939200	python3*1 
2026-09-28T06:58:59+04:00	ck9e-mirror-256k	0	726624	726318	45	16897150976	16283803648	python3*36 pt_gloo_runloop*2 ZMQbg/Reaper*2 ZMQbg/IO/0*2 pt_tcpstore_uv*1 cuda0000240000a*1 
2026-09-28T06:58:59+04:00	ck9e-mirror-256k	0	726625	726318	57	988954624	709001216	python3*49 ZMQbg/Reaper*4 ZMQbg/IO/0*4 
2026-09-28T06:59:10+04:00	ck9e-mirror-256k	0	726283	363	2	27787264	6053888	uv*1 main2*1 
2026-09-28T06:59:10+04:00	ck9e-mirror-256k	0	726318	726283	57	978993152	697901056	ft*51 ZMQbg/Reaper*3 ZMQbg/IO/0*3 
2026-09-28T06:59:10+04:00	ck9e-mirror-256k	0	726623	726318	1	12832768	5939200	python3*1 
2026-09-28T06:59:10+04:00	ck9e-mirror-256k	0	726624	726318	45	16897150976	16283803648	python3*36 pt_gloo_runloop*2 ZMQbg/Reaper*2 ZMQbg/IO/0*2 pt_tcpstore_uv*1 cuda0000240000a*1 
2026-09-28T06:59:10+04:00	ck9e-mirror-256k	0	726625	726318	57	988954624	709001216	python3*49 ZMQbg/Reaper*4 ZMQbg/IO/0*4 
2026-09-28T06:59:20+04:00	ck9e-mirror-256k	0	726283	363	2	27787264	6053888	uv*1 main2*1 
2026-09-28T06:59:20+04:00	ck9e-mirror-256k	0	726318	726283	57	978993152	697901056	ft*51 ZMQbg/Reaper*3 ZMQbg/IO/0*3 
2026-09-28T06:59:20+04:00	ck9e-mirror-256k	0	726623	726318	1	12832768	5939200	python3*1 
2026-09-28T06:59:20+04:00	ck9e-mirror-256k	0	726624	726318	45	16897150976	16283803648	python3*36 pt_gloo_runloop*2 ZMQbg/Reaper*2 ZMQbg/IO/0*2 pt_tcpstore_uv*1 cuda0000240000a*1 
2026-09-28T06:59:20+04:00	ck9e-mirror-256k	0	726625	726318	57	988954624	709001216	python3*49 ZMQbg/Reaper*4 ZMQbg/IO/0*4 
2026-09-28T06:59:33+04:00	ck9e-mirror-256k	0	726283	363	2	27787264	6053888	uv*1 main2*1 
2026-09-28T06:59:33+04:00	ck9e-mirror-256k	0	726318	726283	57	978993152	697901056	ft*51 ZMQbg/Reaper*3 ZMQbg/IO/0*3 
2026-09-28T06:59:33+04:00	ck9e-mirror-256k	0	726623	726318	1	12832768	5939200	python3*1 
2026-09-28T06:59:33+04:00	ck9e-mirror-256k	0	726624	726318	45	16897183744	16283836416	python3*36 pt_gloo_runloop*2 ZMQbg/Reaper*2 ZMQbg/IO/0*2 pt_tcpstore_uv*1 cuda0000240000a*1 
2026-09-28T06:59:34+04:00	ck9e-mirror-256k	0	726625	726318	57	988954624	709001216	python3*49 ZMQbg/Reaper*4 ZMQbg/IO/0*4 
2026-09-28T06:59:44+04:00	ck9e-mirror-256k	0	726283	363	2	27787264	6053888	uv*1 main2*1 
2026-09-28T06:59:44+04:00	ck9e-mirror-256k	0	726318	726283	57	978993152	697901056	ft*51 ZMQbg/Reaper*3 ZMQbg/IO/0*3 
2026-09-28T06:59:44+04:00	ck9e-mirror-256k	0	726623	726318	1	12832768	5939200	python3*1 
2026-09-28T06:59:44+04:00	ck9e-mirror-256k	0	726624	726318	45	16897302528	16283955200	python3*36 pt_gloo_runloop*2 ZMQbg/Reaper*2 ZMQbg/IO/0*2 pt_tcpstore_uv*1 cuda0000240000a*1 
2026-09-28T06:59:44+04:00	ck9e-mirror-256k	0	726625	726318	57	988954624	709001216	python3*49 ZMQbg/Reaper*4 ZMQbg/IO/0*4 
2026-09-28T06:59:54+04:00	ck9e-mirror-256k	0	726283	363	2	27787264	6053888	uv*1 main2*1 
2026-09-28T06:59:54+04:00	ck9e-mirror-256k	0	726318	726283	57	978993152	697901056	ft*51 ZMQbg/Reaper*3 ZMQbg/IO/0*3 
2026-09-28T06:59:54+04:00	ck9e-mirror-256k	0	726623	726318	1	12832768	5939200	python3*1 
2026-09-28T06:59:54+04:00	ck9e-mirror-256k	0	726624	726318	45	16897404928	16284057600	python3*36 pt_gloo_runloop*2 ZMQbg/Reaper*2 ZMQbg/IO/0*2 pt_tcpstore_uv*1 cuda0000240000a*1 
2026-09-28T06:59:54+04:00	ck9e-mirror-256k	0	726625	726318	57	988954624	709001216	python3*49 ZMQbg/Reaper*4 ZMQbg/IO/0*4 
2026-09-28T07:00:04+04:00	ck9e-mirror-256k	0	726283	363	2	27787264	6053888	uv*1 main2*1 
2026-09-28T07:00:04+04:00	ck9e-mirror-256k	0	726318	726283	57	978993152	697901056	ft*51 ZMQbg/Reaper*3 ZMQbg/IO/0*3 
2026-09-28T07:00:04+04:00	ck9e-mirror-256k	0	726623	726318	1	12832768	5939200	python3*1 
2026-09-28T07:00:04+04:00	ck9e-mirror-256k	0	726624	726318	45	16897536000	16284188672	python3*36 pt_gloo_runloop*2 ZMQbg/Reaper*2 ZMQbg/IO/0*2 pt_tcpstore_uv*1 cuda0000240000a*1 
2026-09-28T07:00:04+04:00	ck9e-mirror-256k	0	726625	726318	57	988954624	709001216	python3*49 ZMQbg/Reaper*4 ZMQbg/IO/0*4 
2026-09-28T07:00:18+04:00	ck9e-mirror-256k	0	726283	363	2	27787264	6053888	uv*1 main2*1 
2026-09-28T07:00:18+04:00	ck9e-mirror-256k	0	726318	726283	57	978993152	697901056	ft*51 ZMQbg/Reaper*3 ZMQbg/IO/0*3 
2026-09-28T07:00:18+04:00	ck9e-mirror-256k	0	726623	726318	1	12832768	5939200	python3*1 
2026-09-28T07:00:18+04:00	ck9e-mirror-256k	0	726624	726318	45	16897658880	16284311552	python3*36 pt_gloo_runloop*2 ZMQbg/Reaper*2 ZMQbg/IO/0*2 pt_tcpstore_uv*1 cuda0000240000a*1 
2026-09-28T07:00:18+04:00	ck9e-mirror-256k	0	726625	726318	57	988954624	709001216	python3*49 ZMQbg/Reaper*4 ZMQbg/IO/0*4 
2026-09-28T07:00:28+04:00	ck9e-mirror-256k	0	726283	363	2	27787264	6053888	uv*1 main2*1 
2026-09-28T07:00:28+04:00	ck9e-mirror-256k	0	726318	726283	57	978993152	697901056	ft*51 ZMQbg/Reaper*3 ZMQbg/IO/0*3 
2026-09-28T07:00:28+04:00	ck9e-mirror-256k	0	726623	726318	1	12832768	5939200	python3*1 
2026-09-28T07:00:28+04:00	ck9e-mirror-256k	0	726624	726318	45	16897761280	16284413952	python3*36 pt_gloo_runloop*2 ZMQbg/Reaper*2 ZMQbg/IO/0*2 pt_tcpstore_uv*1 cuda0000240000a*1 
2026-09-28T07:00:28+04:00	ck9e-mirror-256k	0	726625	726318	57	988954624	709001216	python3*49 ZMQbg/Reaper*4 ZMQbg/IO/0*4 
2026-09-28T07:00:38+04:00	ck9e-mirror-256k	0	726283	363	2	27787264	6053888	uv*1 main2*1 
2026-09-28T07:00:38+04:00	ck9e-mirror-256k	0	726318	726283	57	978993152	697901056	ft*51 ZMQbg/Reaper*3 ZMQbg/IO/0*3 
2026-09-28T07:00:38+04:00	ck9e-mirror-256k	0	726623	726318	1	12832768	5939200	python3*1 
2026-09-28T07:00:38+04:00	ck9e-mirror-256k	0	726624	726318	45	16897863680	16284516352	python3*36 pt_gloo_runloop*2 ZMQbg/Reaper*2 ZMQbg/IO/0*2 pt_tcpstore_uv*1 cuda0000240000a*1 
2026-09-28T07:00:38+04:00	ck9e-mirror-256k	0	726625	726318	57	988954624	709001216	python3*49 ZMQbg/Reaper*4 ZMQbg/IO/0*4 
2026-09-28T07:00:52+04:00	ck9e-mirror-256k	0	726283	363	2	27787264	6053888	uv*1 main2*1 
2026-09-28T07:00:52+04:00	ck9e-mirror-256k	0	726318	726283	57	978993152	697901056	ft*51 ZMQbg/Reaper*3 ZMQbg/IO/0*3 
2026-09-28T07:00:52+04:00	ck9e-mirror-256k	0	726623	726318	1	12832768	5939200	python3*1 
2026-09-28T07:00:52+04:00	ck9e-mirror-256k	0	726624	726318	45	16897982464	16284635136	python3*36 pt_gloo_runloop*2 ZMQbg/Reaper*2 ZMQbg/IO/0*2 pt_tcpstore_uv*1 cuda0000240000a*1 
2026-09-28T07:00:52+04:00	ck9e-mirror-256k	0	726625	726318	57	988954624	709001216	python3*49 ZMQbg/Reaper*4 ZMQbg/IO/0*4 
2026-09-28T07:01:02+04:00	ck9e-mirror-256k	0	726283	363	2	27787264	6053888	uv*1 main2*1 
2026-09-28T07:01:02+04:00	ck9e-mirror-256k	0	726318	726283	57	978993152	697901056	ft*51 ZMQbg/Reaper*3 ZMQbg/IO/0*3 
2026-09-28T07:01:02+04:00	ck9e-mirror-256k	0	726623	726318	1	12832768	5939200	python3*1 
2026-09-28T07:01:02+04:00	ck9e-mirror-256k	0	726624	726318	45	16898908160	16285560832	python3*36 pt_gloo_runloop*2 ZMQbg/Reaper*2 ZMQbg/IO/0*2 pt_tcpstore_uv*1 cuda0000240000a*1 
2026-09-28T07:01:02+04:00	ck9e-mirror-256k	0	726625	726318	57	988954624	709001216	python3*49 ZMQbg/Reaper*4 ZMQbg/IO/0*4 
2026-09-28T07:01:12+04:00	ck9e-mirror-256k	0	726283	363	2	27787264	6053888	uv*1 main2*1 
2026-09-28T07:01:12+04:00	ck9e-mirror-256k	0	726318	726283	57	978993152	697901056	ft*51 ZMQbg/Reaper*3 ZMQbg/IO/0*3 
2026-09-28T07:01:12+04:00	ck9e-mirror-256k	0	726623	726318	1	12832768	5939200	python3*1 
2026-09-28T07:01:12+04:00	ck9e-mirror-256k	0	726624	726318	45	16898908160	16285560832	python3*36 pt_gloo_runloop*2 ZMQbg/Reaper*2 ZMQbg/IO/0*2 pt_tcpstore_uv*1 cuda0000240000a*1 
2026-09-28T07:01:12+04:00	ck9e-mirror-256k	0	726625	726318	57	988954624	709001216	python3*49 ZMQbg/Reaper*4 ZMQbg/IO/0*4 
2026-09-28T07:01:26+04:00	ck9e-mirror-256k	0	726283	363	2	27787264	6053888	uv*1 main2*1 
2026-09-28T07:01:26+04:00	ck9e-mirror-256k	0	726318	726283	57	978993152	697901056	ft*51 ZMQbg/Reaper*3 ZMQbg/IO/0*3 
2026-09-28T07:01:26+04:00	ck9e-mirror-256k	0	726623	726318	1	12832768	5939200	python3*1 
2026-09-28T07:01:26+04:00	ck9e-mirror-256k	0	726624	726318	45	16898912256	16285564928	python3*36 pt_gloo_runloop*2 ZMQbg/Reaper*2 ZMQbg/IO/0*2 pt_tcpstore_uv*1 cuda0000240000a*1 
2026-09-28T07:01:26+04:00	ck9e-mirror-256k	0	726625	726318	57	988954624	709001216	python3*49 ZMQbg/Reaper*4 ZMQbg/IO/0*4 
2026-09-28T07:01:36+04:00	ck9e-mirror-256k	0	726283	363	2	27787264	6053888	uv*1 main2*1 
2026-09-28T07:01:36+04:00	ck9e-mirror-256k	0	726318	726283	57	978993152	697901056	ft*51 ZMQbg/Reaper*3 ZMQbg/IO/0*3 
2026-09-28T07:01:36+04:00	ck9e-mirror-256k	0	726623	726318	1	12832768	5939200	python3*1 
2026-09-28T07:01:36+04:00	ck9e-mirror-256k	0	726624	726318	45	16898912256	16285564928	python3*36 pt_gloo_runloop*2 ZMQbg/Reaper*2 ZMQbg/IO/0*2 pt_tcpstore_uv*1 cuda0000240000a*1 
2026-09-28T07:01:36+04:00	ck9e-mirror-256k	0	726625	726318	57	988954624	709001216	python3*49 ZMQbg/Reaper*4 ZMQbg/IO/0*4 
2026-09-28T07:01:46+04:00	ck9e-mirror-256k	0	726283	363	2	27787264	6053888	uv*1 main2*1 
2026-09-28T07:01:46+04:00	ck9e-mirror-256k	0	726318	726283	57	978993152	697901056	ft*51 ZMQbg/Reaper*3 ZMQbg/IO/0*3 
2026-09-28T07:01:47+04:00	ck9e-mirror-256k	0	726623	726318	1	12832768	5939200	python3*1 
2026-09-28T07:01:47+04:00	ck9e-mirror-256k	0	726624	726318	45	16898912256	16285564928	python3*36 pt_gloo_runloop*2 ZMQbg/Reaper*2 ZMQbg/IO/0*2 pt_tcpstore_uv*1 cuda0000240000a*1 
2026-09-28T07:01:47+04:00	ck9e-mirror-256k	0	726625	726318	57	988954624	709001216	python3*49 ZMQbg/Reaper*4 ZMQbg/IO/0*4 
2026-09-28T07:02:00+04:00	ck9e-mirror-256k	0	726283	363	2	27787264	6053888	uv*1 main2*1 
2026-09-28T07:02:00+04:00	ck9e-mirror-256k	0	726318	726283	57	978993152	697901056	ft*51 ZMQbg/Reaper*3 ZMQbg/IO/0*3 
2026-09-28T07:02:00+04:00	ck9e-mirror-256k	0	726623	726318	1	12832768	5939200	python3*1 
2026-09-28T07:02:00+04:00	ck9e-mirror-256k	0	726624	726318	45	16898916352	16285569024	python3*36 pt_gloo_runloop*2 ZMQbg/Reaper*2 ZMQbg/IO/0*2 pt_tcpstore_uv*1 cuda0000240000a*1 
2026-09-28T07:02:00+04:00	ck9e-mirror-256k	0	726625	726318	57	988954624	709001216	python3*49 ZMQbg/Reaper*4 ZMQbg/IO/0*4 
2026-09-28T07:02:10+04:00	ck9e-mirror-256k	0	726283	363	2	27787264	6053888	uv*1 main2*1 
2026-09-28T07:02:10+04:00	ck9e-mirror-256k	0	726318	726283	57	978993152	697901056	ft*51 ZMQbg/Reaper*3 ZMQbg/IO/0*3 
2026-09-28T07:02:10+04:00	ck9e-mirror-256k	0	726623	726318	1	12832768	5939200	python3*1 
2026-09-28T07:02:10+04:00	ck9e-mirror-256k	0	726624	726318	45	16899018752	16285671424	python3*36 pt_gloo_runloop*2 ZMQbg/Reaper*2 ZMQbg/IO/0*2 pt_tcpstore_uv*1 cuda0000240000a*1 
2026-09-28T07:02:11+04:00	ck9e-mirror-256k	0	726625	726318	57	988954624	709001216	python3*49 ZMQbg/Reaper*4 ZMQbg/IO/0*4 
2026-09-28T07:02:21+04:00	ck9e-mirror-256k	0	726283	363	2	27787264	6053888	uv*1 main2*1 
2026-09-28T07:02:21+04:00	ck9e-mirror-256k	0	726318	726283	57	978993152	697901056	ft*51 ZMQbg/Reaper*3 ZMQbg/IO/0*3 
2026-09-28T07:02:21+04:00	ck9e-mirror-256k	0	726623	726318	1	12832768	5939200	python3*1 
2026-09-28T07:02:21+04:00	ck9e-mirror-256k	0	726624	726318	45	16899137536	16285790208	python3*36 pt_gloo_runloop*2 ZMQbg/Reaper*2 ZMQbg/IO/0*2 pt_tcpstore_uv*1 cuda0000240000a*1 
2026-09-28T07:02:21+04:00	ck9e-mirror-256k	0	726625	726318	57	988954624	709001216	python3*49 ZMQbg/Reaper*4 ZMQbg/IO/0*4 
2026-09-28T07:02:34+04:00	ck9e-mirror-256k	0	726283	363	2	27787264	6053888	uv*1 main2*1 
2026-09-28T07:02:34+04:00	ck9e-mirror-256k	0	726318	726283	57	978993152	697901056	ft*51 ZMQbg/Reaper*3 ZMQbg/IO/0*3 
2026-09-28T07:02:34+04:00	ck9e-mirror-256k	0	726623	726318	1	12832768	5939200	python3*1 
2026-09-28T07:02:34+04:00	ck9e-mirror-256k	0	726624	726318	45	16899264512	16285917184	python3*36 pt_gloo_runloop*2 ZMQbg/Reaper*2 ZMQbg/IO/0*2 pt_tcpstore_uv*1 cuda0000240000a*1 
2026-09-28T07:02:34+04:00	ck9e-mirror-256k	0	726625	726318	57	988954624	709001216	python3*49 ZMQbg/Reaper*4 ZMQbg/IO/0*4 
2026-09-28T07:02:44+04:00	ck9e-mirror-256k	0	726283	363	2	27787264	6053888	uv*1 main2*1 
2026-09-28T07:02:44+04:00	ck9e-mirror-256k	0	726318	726283	57	978993152	697901056	ft*51 ZMQbg/Reaper*3 ZMQbg/IO/0*3 
2026-09-28T07:02:44+04:00	ck9e-mirror-256k	0	726623	726318	1	12832768	5939200	python3*1 
2026-09-28T07:02:44+04:00	ck9e-mirror-256k	0	726624	726318	45	16899371008	16286023680	python3*36 pt_gloo_runloop*2 ZMQbg/Reaper*2 ZMQbg/IO/0*2 pt_tcpstore_uv*1 cuda0000240000a*1 
2026-09-28T07:02:45+04:00	ck9e-mirror-256k	0	726625	726318	57	988954624	709001216	python3*49 ZMQbg/Reaper*4 ZMQbg/IO/0*4 
2026-09-28T07:02:55+04:00	ck9e-mirror-256k	0	726283	363	2	27787264	6053888	uv*1 main2*1 
2026-09-28T07:02:55+04:00	ck9e-mirror-256k	0	726318	726283	57	979021824	697929728	ft*51 ZMQbg/Reaper*3 ZMQbg/IO/0*3 
2026-09-28T07:02:55+04:00	ck9e-mirror-256k	0	726623	726318	1	12832768	5939200	python3*1 
2026-09-28T07:02:55+04:00	ck9e-mirror-256k	0	726624	726318	45	16901300224	16287952896	python3*36 pt_gloo_runloop*2 ZMQbg/Reaper*2 ZMQbg/IO/0*2 pt_tcpstore_uv*1 cuda0000240000a*1 
2026-09-28T07:02:55+04:00	ck9e-mirror-256k	0	726625	726318	57	988971008	709017600	python3*49 ZMQbg/Reaper*4 ZMQbg/IO/0*4 
2026-09-28T07:03:08+04:00	ck9e-mirror-256k	0	726283	363	2	27787264	6053888	uv*1 main2*1 
2026-09-28T07:03:08+04:00	ck9e-mirror-256k	0	726318	726283	57	979021824	697929728	ft*51 ZMQbg/Reaper*3 ZMQbg/IO/0*3 
2026-09-28T07:03:08+04:00	ck9e-mirror-256k	0	726623	726318	1	12832768	5939200	python3*1 
2026-09-28T07:03:08+04:00	ck9e-mirror-256k	0	726624	726318	45	16901300224	16287952896	python3*36 pt_gloo_runloop*2 ZMQbg/Reaper*2 ZMQbg/IO/0*2 pt_tcpstore_uv*1 cuda0000240000a*1 
2026-09-28T07:03:08+04:00	ck9e-mirror-256k	0	726625	726318	57	988971008	709017600	python3*49 ZMQbg/Reaper*4 ZMQbg/IO/0*4 
2026-09-28T07:03:18+04:00	ck9e-mirror-256k	0	726283	363	2	27787264	6053888	uv*1 main2*1 
2026-09-28T07:03:18+04:00	ck9e-mirror-256k	0	726318	726283	57	979705856	698613760	ft*51 ZMQbg/Reaper*3 ZMQbg/IO/0*3 
2026-09-28T07:03:18+04:00	ck9e-mirror-256k	0	726623	726318	1	12832768	5939200	python3*1 
2026-09-28T07:03:18+04:00	ck9e-mirror-256k	0	726624	726318	45	16902397952	16288985088	python3*36 pt_gloo_runloop*2 ZMQbg/Reaper*2 ZMQbg/IO/0*2 pt_tcpstore_uv*1 cuda0000240000a*1 
2026-09-28T07:03:18+04:00	ck9e-mirror-256k	0	726625	726318	57	988971008	709017600	python3*49 ZMQbg/Reaper*4 ZMQbg/IO/0*4 
2026-09-28T07:03:28+04:00	ck9e-mirror-256k	0	726283	363	2	27787264	6053888	uv*1 main2*1 
2026-09-28T07:03:28+04:00	ck9e-mirror-256k	0	726318	726283	57	980160512	699068416	ft*51 ZMQbg/Reaper*3 ZMQbg/IO/0*3 
2026-09-28T07:03:28+04:00	ck9e-mirror-256k	0	726623	726318	1	12832768	5939200	python3*1 
2026-09-28T07:03:28+04:00	ck9e-mirror-256k	0	726624	726318	45	16902402048	16288989184	python3*36 pt_gloo_runloop*2 ZMQbg/Reaper*2 ZMQbg/IO/0*2 pt_tcpstore_uv*1 cuda0000240000a*1 
2026-09-28T07:03:29+04:00	ck9e-mirror-256k	0	726625	726318	57	988971008	709017600	python3*49 ZMQbg/Reaper*4 ZMQbg/IO/0*4 
2026-09-28T07:03:39+04:00	ck9e-mirror-256k	0	726283	363	2	27787264	6053888	uv*1 main2*1 
2026-09-28T07:03:39+04:00	ck9e-mirror-256k	0	726318	726283	57	980164608	699072512	ft*51 ZMQbg/Reaper*3 ZMQbg/IO/0*3 
2026-09-28T07:03:39+04:00	ck9e-mirror-256k	0	726623	726318	1	12832768	5939200	python3*1 
2026-09-28T07:03:39+04:00	ck9e-mirror-256k	0	726624	726318	45	16902402048	16288989184	python3*36 pt_gloo_runloop*2 ZMQbg/Reaper*2 ZMQbg/IO/0*2 pt_tcpstore_uv*1 cuda0000240000a*1 
2026-09-28T07:03:39+04:00	ck9e-mirror-256k	0	726625	726318	57	988971008	709017600	python3*49 ZMQbg/Reaper*4 ZMQbg/IO/0*4 
2026-09-28T07:03:52+04:00	ck9e-mirror-256k	0	726283	363	2	27787264	6053888	uv*1 main2*1 
2026-09-28T07:03:52+04:00	ck9e-mirror-256k	0	726318	726283	57	980164608	699072512	ft*51 ZMQbg/Reaper*3 ZMQbg/IO/0*3 
2026-09-28T07:03:52+04:00	ck9e-mirror-256k	0	726623	726318	1	12832768	5939200	python3*1 
2026-09-28T07:03:52+04:00	ck9e-mirror-256k	0	726624	726318	45	16902402048	16288989184	python3*36 pt_gloo_runloop*2 ZMQbg/Reaper*2 ZMQbg/IO/0*2 pt_tcpstore_uv*1 cuda0000240000a*1 
2026-09-28T07:03:52+04:00	ck9e-mirror-256k	0	726625	726318	57	988971008	709017600	python3*49 ZMQbg/Reaper*4 ZMQbg/IO/0*4 
2026-09-28T07:04:02+04:00	ck9e-mirror-256k	0	726283	363	2	27787264	6053888	uv*1 main2*1 
2026-09-28T07:04:02+04:00	ck9e-mirror-256k	0	726318	726283	57	980164608	699072512	ft*51 ZMQbg/Reaper*3 ZMQbg/IO/0*3 
2026-09-28T07:04:02+04:00	ck9e-mirror-256k	0	726623	726318	1	12832768	5939200	python3*1 
2026-09-28T07:04:02+04:00	ck9e-mirror-256k	0	726624	726318	45	16902402048	16288989184	python3*36 pt_gloo_runloop*2 ZMQbg/Reaper*2 ZMQbg/IO/0*2 pt_tcpstore_uv*1 cuda0000240000a*1 
2026-09-28T07:04:03+04:00	ck9e-mirror-256k	0	726625	726318	57	988971008	709017600	python3*49 ZMQbg/Reaper*4 ZMQbg/IO/0*4 
2026-09-28T07:04:13+04:00	ck9e-mirror-256k	0	726283	363	2	27787264	6053888	uv*1 main2*1 
2026-09-28T07:04:13+04:00	ck9e-mirror-256k	0	726318	726283	57	980164608	699072512	ft*51 ZMQbg/Reaper*3 ZMQbg/IO/0*3 
2026-09-28T07:04:13+04:00	ck9e-mirror-256k	0	726623	726318	1	12832768	5939200	python3*1 
2026-09-28T07:04:13+04:00	ck9e-mirror-256k	0	726624	726318	45	16902402048	16288989184	python3*36 pt_gloo_runloop*2 ZMQbg/Reaper*2 ZMQbg/IO/0*2 pt_tcpstore_uv*1 cuda0000240000a*1 
2026-09-28T07:04:13+04:00	ck9e-mirror-256k	0	726625	726318	57	988971008	709017600	python3*49 ZMQbg/Reaper*4 ZMQbg/IO/0*4 
2026-09-28T07:04:26+04:00	ck9e-mirror-256k	0	726283	363	2	27787264	6053888	uv*1 main2*1 
2026-09-28T07:04:26+04:00	ck9e-mirror-256k	0	726318	726283	57	980164608	699072512	ft*51 ZMQbg/Reaper*3 ZMQbg/IO/0*3 
2026-09-28T07:04:26+04:00	ck9e-mirror-256k	0	726623	726318	1	12832768	5939200	python3*1 
2026-09-28T07:04:26+04:00	ck9e-mirror-256k	0	726624	726318	45	16902402048	16288989184	python3*36 pt_gloo_runloop*2 ZMQbg/Reaper*2 ZMQbg/IO/0*2 pt_tcpstore_uv*1 cuda0000240000a*1 
2026-09-28T07:04:27+04:00	ck9e-mirror-256k	0	726625	726318	57	988971008	709017600	python3*49 ZMQbg/Reaper*4 ZMQbg/IO/0*4 
2026-09-28T07:04:37+04:00	ck9e-mirror-256k	0	726283	363	2	27787264	6053888	uv*1 main2*1 
2026-09-28T07:04:37+04:00	ck9e-mirror-256k	0	726318	726283	57	980164608	699072512	ft*51 ZMQbg/Reaper*3 ZMQbg/IO/0*3 
2026-09-28T07:04:37+04:00	ck9e-mirror-256k	0	726623	726318	1	12832768	5939200	python3*1 
2026-09-28T07:04:37+04:00	ck9e-mirror-256k	0	726624	726318	45	16902402048	16288989184	python3*36 pt_gloo_runloop*2 ZMQbg/Reaper*2 ZMQbg/IO/0*2 pt_tcpstore_uv*1 cuda0000240000a*1 
2026-09-28T07:04:37+04:00	ck9e-mirror-256k	0	726625	726318	57	988971008	709017600	python3*49 ZMQbg/Reaper*4 ZMQbg/IO/0*4 
2026-09-28T07:04:47+04:00	ck9e-mirror-256k	0	726283	363	2	27787264	6053888	uv*1 main2*1 
2026-09-28T07:04:47+04:00	ck9e-mirror-256k	0	726318	726283	57	980164608	699072512	ft*51 ZMQbg/Reaper*3 ZMQbg/IO/0*3 
2026-09-28T07:04:47+04:00	ck9e-mirror-256k	0	726623	726318	1	12832768	5939200	python3*1 
2026-09-28T07:04:47+04:00	ck9e-mirror-256k	0	726624	726318	45	16902402048	16288989184	python3*36 pt_gloo_runloop*2 ZMQbg/Reaper*2 ZMQbg/IO/0*2 pt_tcpstore_uv*1 cuda0000240000a*1 
2026-09-28T07:04:47+04:00	ck9e-mirror-256k	0	726625	726318	57	988971008	709017600	python3*49 ZMQbg/Reaper*4 ZMQbg/IO/0*4 
2026-09-28T07:05:00+04:00	ck9e-mirror-256k	0	726283	363	2	27787264	6053888	uv*1 main2*1 
2026-09-28T07:05:00+04:00	ck9e-mirror-256k	0	726318	726283	57	980164608	699072512	ft*51 ZMQbg/Reaper*3 ZMQbg/IO/0*3 
2026-09-28T07:05:00+04:00	ck9e-mirror-256k	0	726623	726318	1	12832768	5939200	python3*1 
2026-09-28T07:05:00+04:00	ck9e-mirror-256k	0	726624	726318	45	16902402048	16288989184	python3*36 pt_gloo_runloop*2 ZMQbg/Reaper*2 ZMQbg/IO/0*2 pt_tcpstore_uv*1 cuda0000240000a*1 
2026-09-28T07:05:01+04:00	ck9e-mirror-256k	0	726625	726318	57	988971008	709017600	python3*49 ZMQbg/Reaper*4 ZMQbg/IO/0*4 
2026-09-28T07:05:11+04:00	ck9e-mirror-256k	0	726283	363	2	27787264	6053888	uv*1 main2*1 
2026-09-28T07:05:11+04:00	ck9e-mirror-256k	0	726318	726283	57	980164608	699072512	ft*51 ZMQbg/Reaper*3 ZMQbg/IO/0*3 
2026-09-28T07:05:11+04:00	ck9e-mirror-256k	0	726623	726318	1	12832768	5939200	python3*1 
2026-09-28T07:05:11+04:00	ck9e-mirror-256k	0	726624	726318	45	16902402048	16288989184	python3*36 pt_gloo_runloop*2 ZMQbg/Reaper*2 ZMQbg/IO/0*2 pt_tcpstore_uv*1 cuda0000240000a*1 
2026-09-28T07:05:11+04:00	ck9e-mirror-256k	0	726625	726318	57	988971008	709017600	python3*49 ZMQbg/Reaper*4 ZMQbg/IO/0*4 
2026-09-28T07:05:21+04:00	ck9e-mirror-256k	0	726283	363	2	27787264	6053888	uv*1 main2*1 
2026-09-28T07:05:21+04:00	ck9e-mirror-256k	0	726318	726283	57	980164608	699072512	ft*51 ZMQbg/Reaper*3 ZMQbg/IO/0*3 
2026-09-28T07:05:21+04:00	ck9e-mirror-256k	0	726623	726318	1	12832768	5939200	python3*1 
2026-09-28T07:05:21+04:00	ck9e-mirror-256k	0	726624	726318	45	16902402048	16288989184	python3*36 pt_gloo_runloop*2 ZMQbg/Reaper*2 ZMQbg/IO/0*2 pt_tcpstore_uv*1 cuda0000240000a*1 
2026-09-28T07:05:21+04:00	ck9e-mirror-256k	0	726625	726318	57	988971008	709017600	python3*49 ZMQbg/Reaper*4 ZMQbg/IO/0*4 
2026-09-28T07:05:35+04:00	ck9e-mirror-256k	0	726283	363	2	27787264	6053888	uv*1 main2*1 
2026-09-28T07:05:35+04:00	ck9e-mirror-256k	0	726318	726283	57	980164608	699072512	ft*51 ZMQbg/Reaper*3 ZMQbg/IO/0*3 
2026-09-28T07:05:35+04:00	ck9e-mirror-256k	0	726623	726318	1	12832768	5939200	python3*1 
2026-09-28T07:05:35+04:00	ck9e-mirror-256k	0	726624	726318	45	16902402048	16288989184	python3*36 pt_gloo_runloop*2 ZMQbg/Reaper*2 ZMQbg/IO/0*2 pt_tcpstore_uv*1 cuda0000240000a*1 
2026-09-28T07:05:35+04:00	ck9e-mirror-256k	0	726625	726318	57	988971008	709017600	python3*49 ZMQbg/Reaper*4 ZMQbg/IO/0*4 
2026-09-28T07:05:45+04:00	ck9e-mirror-256k	0	726283	363	2	27787264	6053888	uv*1 main2*1 
2026-09-28T07:05:45+04:00	ck9e-mirror-256k	0	726318	726283	57	980164608	699072512	ft*51 ZMQbg/Reaper*3 ZMQbg/IO/0*3 
2026-09-28T07:05:45+04:00	ck9e-mirror-256k	0	726623	726318	1	12832768	5939200	python3*1 
2026-09-28T07:05:45+04:00	ck9e-mirror-256k	0	726624	726318	45	16902402048	16288989184	python3*36 pt_gloo_runloop*2 ZMQbg/Reaper*2 ZMQbg/IO/0*2 pt_tcpstore_uv*1 cuda0000240000a*1 
2026-09-28T07:05:45+04:00	ck9e-mirror-256k	0	726625	726318	57	988971008	709017600	python3*49 ZMQbg/Reaper*4 ZMQbg/IO/0*4 
2026-09-28T07:05:55+04:00	ck9e-mirror-256k	0	726283	363	2	27787264	6053888	uv*1 main2*1 
2026-09-28T07:05:55+04:00	ck9e-mirror-256k	0	726318	726283	57	980164608	699072512	ft*51 ZMQbg/Reaper*3 ZMQbg/IO/0*3 
2026-09-28T07:05:55+04:00	ck9e-mirror-256k	0	726623	726318	1	12832768	5939200	python3*1 
2026-09-28T07:05:55+04:00	ck9e-mirror-256k	0	726624	726318	45	16902402048	16288989184	python3*36 pt_gloo_runloop*2 ZMQbg/Reaper*2 ZMQbg/IO/0*2 pt_tcpstore_uv*1 cuda0000240000a*1 
2026-09-28T07:05:55+04:00	ck9e-mirror-256k	0	726625	726318	57	988971008	709017600	python3*49 ZMQbg/Reaper*4 ZMQbg/IO/0*4 
2026-09-28T07:06:09+04:00	ck9e-mirror-256k	0	726283	363	2	27787264	6053888	uv*1 main2*1 
2026-09-28T07:06:09+04:00	ck9e-mirror-256k	0	726318	726283	57	980164608	699072512	ft*51 ZMQbg/Reaper*3 ZMQbg/IO/0*3 
2026-09-28T07:06:09+04:00	ck9e-mirror-256k	0	726623	726318	1	12832768	5939200	python3*1 
2026-09-28T07:06:09+04:00	ck9e-mirror-256k	0	726624	726318	45	16902402048	16288989184	python3*36 pt_gloo_runloop*2 ZMQbg/Reaper*2 ZMQbg/IO/0*2 pt_tcpstore_uv*1 cuda0000240000a*1 
2026-09-28T07:06:09+04:00	ck9e-mirror-256k	0	726625	726318	57	988971008	709017600	python3*49 ZMQbg/Reaper*4 ZMQbg/IO/0*4 
2026-09-28T07:06:19+04:00	ck9e-mirror-256k	0	726283	363	2	27787264	6053888	uv*1 main2*1 
2026-09-28T07:06:19+04:00	ck9e-mirror-256k	0	726318	726283	57	980164608	699072512	ft*51 ZMQbg/Reaper*3 ZMQbg/IO/0*3 
2026-09-28T07:06:19+04:00	ck9e-mirror-256k	0	726623	726318	1	12832768	5939200	python3*1 
2026-09-28T07:06:19+04:00	ck9e-mirror-256k	0	726624	726318	45	16902402048	16288989184	python3*36 pt_gloo_runloop*2 ZMQbg/Reaper*2 ZMQbg/IO/0*2 pt_tcpstore_uv*1 cuda0000240000a*1 
2026-09-28T07:06:19+04:00	ck9e-mirror-256k	0	726625	726318	57	988971008	709017600	python3*49 ZMQbg/Reaper*4 ZMQbg/IO/0*4 
2026-09-28T07:06:29+04:00	ck9e-mirror-256k	0	726283	363	2	27787264	6053888	uv*1 main2*1 
2026-09-28T07:06:29+04:00	ck9e-mirror-256k	0	726318	726283	57	980164608	699072512	ft*51 ZMQbg/Reaper*3 ZMQbg/IO/0*3 
2026-09-28T07:06:29+04:00	ck9e-mirror-256k	0	726623	726318	1	12832768	5939200	python3*1 
2026-09-28T07:06:29+04:00	ck9e-mirror-256k	0	726624	726318	45	16902402048	16288989184	python3*36 pt_gloo_runloop*2 ZMQbg/Reaper*2 ZMQbg/IO/0*2 pt_tcpstore_uv*1 cuda0000240000a*1 
2026-09-28T07:06:29+04:00	ck9e-mirror-256k	0	726625	726318	57	988971008	709017600	python3*49 ZMQbg/Reaper*4 ZMQbg/IO/0*4 
2026-09-28T07:06:43+04:00	ck9e-mirror-256k	0	726283	363	2	27787264	6053888	uv*1 main2*1 
2026-09-28T07:06:43+04:00	ck9e-mirror-256k	0	726318	726283	57	980164608	699072512	ft*51 ZMQbg/Reaper*3 ZMQbg/IO/0*3 
2026-09-28T07:06:43+04:00	ck9e-mirror-256k	0	726623	726318	1	12832768	5939200	python3*1 
2026-09-28T07:06:43+04:00	ck9e-mirror-256k	0	726624	726318	45	16902402048	16288989184	python3*36 pt_gloo_runloop*2 ZMQbg/Reaper*2 ZMQbg/IO/0*2 pt_tcpstore_uv*1 cuda0000240000a*1 
2026-09-28T07:06:43+04:00	ck9e-mirror-256k	0	726625	726318	57	988971008	709017600	python3*49 ZMQbg/Reaper*4 ZMQbg/IO/0*4 
2026-09-28T07:06:53+04:00	ck9e-mirror-256k	0	726283	363	2	27787264	6053888	uv*1 main2*1 
2026-09-28T07:06:53+04:00	ck9e-mirror-256k	0	726318	726283	57	980164608	699072512	ft*51 ZMQbg/Reaper*3 ZMQbg/IO/0*3 
2026-09-28T07:06:53+04:00	ck9e-mirror-256k	0	726623	726318	1	12832768	5939200	python3*1 
2026-09-28T07:06:53+04:00	ck9e-mirror-256k	0	726624	726318	45	16902402048	16288989184	python3*36 pt_gloo_runloop*2 ZMQbg/Reaper*2 ZMQbg/IO/0*2 pt_tcpstore_uv*1 cuda0000240000a*1 
2026-09-28T07:06:53+04:00	ck9e-mirror-256k	0	726625	726318	57	988971008	709017600	python3*49 ZMQbg/Reaper*4 ZMQbg/IO/0*4 
2026-09-28T07:07:03+04:00	ck9e-mirror-256k	0	726283	363	2	27787264	6053888	uv*1 main2*1 
2026-09-28T07:07:03+04:00	ck9e-mirror-256k	0	726318	726283	57	980164608	699072512	ft*51 ZMQbg/Reaper*3 ZMQbg/IO/0*3 
2026-09-28T07:07:03+04:00	ck9e-mirror-256k	0	726623	726318	1	12832768	5939200	python3*1 
2026-09-28T07:07:03+04:00	ck9e-mirror-256k	0	726624	726318	45	16902402048	16288989184	python3*36 pt_gloo_runloop*2 ZMQbg/Reaper*2 ZMQbg/IO/0*2 pt_tcpstore_uv*1 cuda0000240000a*1 
2026-09-28T07:07:04+04:00	ck9e-mirror-256k	0	726625	726318	57	988971008	709017600	python3*49 ZMQbg/Reaper*4 ZMQbg/IO/0*4 
2026-09-28T07:07:17+04:00	ck9e-mirror-256k	0	726283	363	2	27787264	6053888	uv*1 main2*1 
2026-09-28T07:07:17+04:00	ck9e-mirror-256k	0	726318	726283	57	980164608	699072512	ft*51 ZMQbg/Reaper*3 ZMQbg/IO/0*3 
2026-09-28T07:07:17+04:00	ck9e-mirror-256k	0	726623	726318	1	12832768	5939200	python3*1 
2026-09-28T07:07:17+04:00	ck9e-mirror-256k	0	726624	726318	45	16902402048	16288989184	python3*36 pt_gloo_runloop*2 ZMQbg/Reaper*2 ZMQbg/IO/0*2 pt_tcpstore_uv*1 cuda0000240000a*1 
2026-09-28T07:07:17+04:00	ck9e-mirror-256k	0	726625	726318	57	988971008	709017600	python3*49 ZMQbg/Reaper*4 ZMQbg/IO/0*4 
2026-09-28T07:07:27+04:00	ck9e-mirror-256k	0	726283	363	2	27787264	6053888	uv*1 main2*1 
2026-09-28T07:07:27+04:00	ck9e-mirror-256k	0	726318	726283	57	980164608	699072512	ft*51 ZMQbg/Reaper*3 ZMQbg/IO/0*3 
2026-09-28T07:07:27+04:00	ck9e-mirror-256k	0	726623	726318	1	12832768	5939200	python3*1 
2026-09-28T07:07:27+04:00	ck9e-mirror-256k	0	726624	726318	45	16902729728	16289316864	python3*36 pt_gloo_runloop*2 ZMQbg/Reaper*2 ZMQbg/IO/0*2 pt_tcpstore_uv*1 cuda0000240000a*1 
2026-09-28T07:07:28+04:00	ck9e-mirror-256k	0	726625	726318	57	988971008	709017600	python3*49 ZMQbg/Reaper*4 ZMQbg/IO/0*4 
2026-09-28T07:07:38+04:00	ck9e-mirror-256k	0	726283	363	2	27787264	6053888	uv*1 main2*1 
2026-09-28T07:07:38+04:00	ck9e-mirror-256k	0	726318	726283	57	980164608	699072512	ft*51 ZMQbg/Reaper*3 ZMQbg/IO/0*3 
2026-09-28T07:07:38+04:00	ck9e-mirror-256k	0	726623	726318	1	12832768	5939200	python3*1 
2026-09-28T07:07:38+04:00	ck9e-mirror-256k	0	726624	726318	45	16902729728	16289316864	python3*36 pt_gloo_runloop*2 ZMQbg/Reaper*2 ZMQbg/IO/0*2 pt_tcpstore_uv*1 cuda0000240000a*1 
2026-09-28T07:07:38+04:00	ck9e-mirror-256k	0	726625	726318	57	988971008	709017600	python3*49 ZMQbg/Reaper*4 ZMQbg/IO/0*4 
2026-09-28T07:07:48+04:00	ck9e-mirror-256k	0	726283	363	2	27787264	6053888	uv*1 main2*1 
2026-09-28T07:07:48+04:00	ck9e-mirror-256k	0	726318	726283	57	980164608	699072512	ft*51 ZMQbg/Reaper*3 ZMQbg/IO/0*3 
2026-09-28T07:07:48+04:00	ck9e-mirror-256k	0	726623	726318	1	12832768	5939200	python3*1 
2026-09-28T07:07:48+04:00	ck9e-mirror-256k	0	726624	726318	45	16902729728	16289316864	python3*36 pt_gloo_runloop*2 ZMQbg/Reaper*2 ZMQbg/IO/0*2 pt_tcpstore_uv*1 cuda0000240000a*1 
2026-09-28T07:07:48+04:00	ck9e-mirror-256k	0	726625	726318	57	988971008	709017600	python3*49 ZMQbg/Reaper*4 ZMQbg/IO/0*4 
2026-09-28T07:08:02+04:00	ck9e-mirror-256k	0	726283	363	2	27787264	6053888	uv*1 main2*1 
2026-09-28T07:08:02+04:00	ck9e-mirror-256k	0	726318	726283	57	980164608	699072512	ft*51 ZMQbg/Reaper*3 ZMQbg/IO/0*3 
2026-09-28T07:08:02+04:00	ck9e-mirror-256k	0	726623	726318	1	12832768	5939200	python3*1 
2026-09-28T07:08:02+04:00	ck9e-mirror-256k	0	726624	726318	45	16902729728	16289316864	python3*36 pt_gloo_runloop*2 ZMQbg/Reaper*2 ZMQbg/IO/0*2 pt_tcpstore_uv*1 cuda0000240000a*1 
2026-09-28T07:08:02+04:00	ck9e-mirror-256k	0	726625	726318	57	988971008	709017600	python3*49 ZMQbg/Reaper*4 ZMQbg/IO/0*4 
2026-09-28T07:08:12+04:00	ck9e-mirror-256k	0	726283	363	2	27787264	6053888	uv*1 main2*1 
2026-09-28T07:08:12+04:00	ck9e-mirror-256k	0	726318	726283	57	980164608	699072512	ft*51 ZMQbg/Reaper*3 ZMQbg/IO/0*3 
2026-09-28T07:08:12+04:00	ck9e-mirror-256k	0	726623	726318	1	12832768	5939200	python3*1 
2026-09-28T07:08:12+04:00	ck9e-mirror-256k	0	726624	726318	45	16902729728	16289316864	python3*36 pt_gloo_runloop*2 ZMQbg/Reaper*2 ZMQbg/IO/0*2 pt_tcpstore_uv*1 cuda0000240000a*1 
2026-09-28T07:08:12+04:00	ck9e-mirror-256k	0	726625	726318	57	988971008	709017600	python3*49 ZMQbg/Reaper*4 ZMQbg/IO/0*4 
2026-09-28T07:08:22+04:00	ck9e-mirror-256k	0	726283	363	2	27787264	6053888	uv*1 main2*1 
2026-09-28T07:08:22+04:00	ck9e-mirror-256k	0	726318	726283	57	980164608	699072512	ft*51 ZMQbg/Reaper*3 ZMQbg/IO/0*3 
2026-09-28T07:08:22+04:00	ck9e-mirror-256k	0	726623	726318	1	12832768	5939200	python3*1 
2026-09-28T07:08:22+04:00	ck9e-mirror-256k	0	726624	726318	45	16902791168	16289378304	python3*36 pt_gloo_runloop*2 ZMQbg/Reaper*2 ZMQbg/IO/0*2 pt_tcpstore_uv*1 cuda0000240000a*1 
2026-09-28T07:08:22+04:00	ck9e-mirror-256k	0	726625	726318	57	988971008	709017600	python3*49 ZMQbg/Reaper*4 ZMQbg/IO/0*4 
2026-09-28T07:08:36+04:00	ck9e-mirror-256k	0	726283	363	2	27787264	6053888	uv*1 main2*1 
2026-09-28T07:08:36+04:00	ck9e-mirror-256k	0	726318	726283	57	980164608	699072512	ft*51 ZMQbg/Reaper*3 ZMQbg/IO/0*3 
2026-09-28T07:08:36+04:00	ck9e-mirror-256k	0	726623	726318	1	12832768	5939200	python3*1 
2026-09-28T07:08:36+04:00	ck9e-mirror-256k	0	726624	726318	45	16902897664	16289484800	python3*36 pt_gloo_runloop*2 ZMQbg/Reaper*2 ZMQbg/IO/0*2 pt_tcpstore_uv*1 cuda0000240000a*1 
2026-09-28T07:08:36+04:00	ck9e-mirror-256k	0	726625	726318	57	988971008	709017600	python3*49 ZMQbg/Reaper*4 ZMQbg/IO/0*4 
2026-09-28T07:08:46+04:00	ck9e-mirror-256k	0	726283	363	2	27787264	6053888	uv*1 main2*1 
2026-09-28T07:08:46+04:00	ck9e-mirror-256k	0	726318	726283	57	980164608	699072512	ft*51 ZMQbg/Reaper*3 ZMQbg/IO/0*3 
2026-09-28T07:08:46+04:00	ck9e-mirror-256k	0	726623	726318	1	12832768	5939200	python3*1 
2026-09-28T07:08:46+04:00	ck9e-mirror-256k	0	726624	726318	45	16903008256	16289595392	python3*36 pt_gloo_runloop*2 ZMQbg/Reaper*2 ZMQbg/IO/0*2 pt_tcpstore_uv*1 cuda0000240000a*1 
2026-09-28T07:08:46+04:00	ck9e-mirror-256k	0	726625	726318	57	988971008	709017600	python3*49 ZMQbg/Reaper*4 ZMQbg/IO/0*4 
2026-09-28T07:08:56+04:00	ck9e-mirror-256k	0	726283	363	2	27787264	6053888	uv*1 main2*1 
2026-09-28T07:08:56+04:00	ck9e-mirror-256k	0	726318	726283	57	980164608	699072512	ft*51 ZMQbg/Reaper*3 ZMQbg/IO/0*3 
2026-09-28T07:08:56+04:00	ck9e-mirror-256k	0	726623	726318	1	12832768	5939200	python3*1 
2026-09-28T07:08:56+04:00	ck9e-mirror-256k	0	726624	726318	45	16903102464	16289689600	python3*36 pt_gloo_runloop*2 ZMQbg/Reaper*2 ZMQbg/IO/0*2 pt_tcpstore_uv*1 cuda0000240000a*1 
2026-09-28T07:08:56+04:00	ck9e-mirror-256k	0	726625	726318	57	988971008	709017600	python3*49 ZMQbg/Reaper*4 ZMQbg/IO/0*4 
2026-09-28T07:09:10+04:00	ck9e-mirror-256k	0	726283	363	2	27787264	6053888	uv*1 main2*1 
2026-09-28T07:09:10+04:00	ck9e-mirror-256k	0	726318	726283	57	980164608	699072512	ft*51 ZMQbg/Reaper*3 ZMQbg/IO/0*3 
2026-09-28T07:09:10+04:00	ck9e-mirror-256k	0	726623	726318	1	12832768	5939200	python3*1 
2026-09-28T07:09:10+04:00	ck9e-mirror-256k	0	726624	726318	45	16903233536	16289820672	python3*36 pt_gloo_runloop*2 ZMQbg/Reaper*2 ZMQbg/IO/0*2 pt_tcpstore_uv*1 cuda0000240000a*1 
2026-09-28T07:09:10+04:00	ck9e-mirror-256k	0	726625	726318	57	988971008	709017600	python3*49 ZMQbg/Reaper*4 ZMQbg/IO/0*4 
2026-09-28T07:09:20+04:00	ck9e-mirror-256k	0	726283	363	2	27787264	6053888	uv*1 main2*1 
2026-09-28T07:09:20+04:00	ck9e-mirror-256k	0	726318	726283	57	980164608	699072512	ft*51 ZMQbg/Reaper*3 ZMQbg/IO/0*3 
2026-09-28T07:09:20+04:00	ck9e-mirror-256k	0	726623	726318	1	12832768	5939200	python3*1 
2026-09-28T07:09:20+04:00	ck9e-mirror-256k	0	726624	726318	45	16903344128	16289931264	python3*36 pt_gloo_runloop*2 ZMQbg/Reaper*2 ZMQbg/IO/0*2 pt_tcpstore_uv*1 cuda0000240000a*1 
2026-09-28T07:09:20+04:00	ck9e-mirror-256k	0	726625	726318	57	988971008	709017600	python3*49 ZMQbg/Reaper*4 ZMQbg/IO/0*4 
2026-09-28T07:09:30+04:00	ck9e-mirror-256k	0	726283	363	2	27787264	6053888	uv*1 main2*1 
2026-09-28T07:09:30+04:00	ck9e-mirror-256k	0	726318	726283	57	980164608	699072512	ft*51 ZMQbg/Reaper*3 ZMQbg/IO/0*3 
2026-09-28T07:09:30+04:00	ck9e-mirror-256k	0	726623	726318	1	12832768	5939200	python3*1 
2026-09-28T07:09:30+04:00	ck9e-mirror-256k	0	726624	726318	45	16903438336	16290025472	python3*36 pt_gloo_runloop*2 ZMQbg/Reaper*2 ZMQbg/IO/0*2 pt_tcpstore_uv*1 cuda0000240000a*1 
2026-09-28T07:09:31+04:00	ck9e-mirror-256k	0	726625	726318	57	988971008	709017600	python3*49 ZMQbg/Reaper*4 ZMQbg/IO/0*4 
2026-09-28T07:09:44+04:00	ck9e-mirror-256k	0	726283	363	2	27787264	6053888	uv*1 main2*1 
2026-09-28T07:09:44+04:00	ck9e-mirror-256k	0	726318	726283	57	980164608	699072512	ft*51 ZMQbg/Reaper*3 ZMQbg/IO/0*3 
2026-09-28T07:09:44+04:00	ck9e-mirror-256k	0	726623	726318	1	12832768	5939200	python3*1 
2026-09-28T07:09:44+04:00	ck9e-mirror-256k	0	726624	726318	45	16903557120	16290144256	python3*36 pt_gloo_runloop*2 ZMQbg/Reaper*2 ZMQbg/IO/0*2 pt_tcpstore_uv*1 cuda0000240000a*1 
2026-09-28T07:09:44+04:00	ck9e-mirror-256k	0	726625	726318	57	988971008	709017600	python3*49 ZMQbg/Reaper*4 ZMQbg/IO/0*4 
2026-09-28T07:09:54+04:00	ck9e-mirror-256k	0	726283	363	2	27787264	6053888	uv*1 main2*1 
2026-09-28T07:09:54+04:00	ck9e-mirror-256k	0	726318	726283	57	980164608	699072512	ft*51 ZMQbg/Reaper*3 ZMQbg/IO/0*3 
2026-09-28T07:09:54+04:00	ck9e-mirror-256k	0	726623	726318	1	12832768	5939200	python3*1 
2026-09-28T07:09:54+04:00	ck9e-mirror-256k	0	726624	726318	45	16903667712	16290254848	python3*36 pt_gloo_runloop*2 ZMQbg/Reaper*2 ZMQbg/IO/0*2 pt_tcpstore_uv*1 cuda0000240000a*1 
2026-09-28T07:09:55+04:00	ck9e-mirror-256k	0	726625	726318	57	988971008	709017600	python3*49 ZMQbg/Reaper*4 ZMQbg/IO/0*4 
2026-09-28T07:10:05+04:00	ck9e-mirror-256k	0	726283	363	2	27787264	6053888	uv*1 main2*1 
2026-09-28T07:10:05+04:00	ck9e-mirror-256k	0	726318	726283	57	980164608	699072512	ft*51 ZMQbg/Reaper*3 ZMQbg/IO/0*3 
2026-09-28T07:10:05+04:00	ck9e-mirror-256k	0	726623	726318	1	12832768	5939200	python3*1 
2026-09-28T07:10:05+04:00	ck9e-mirror-256k	0	726624	726318	45	16903778304	16290365440	python3*36 pt_gloo_runloop*2 ZMQbg/Reaper*2 ZMQbg/IO/0*2 pt_tcpstore_uv*1 cuda0000240000a*1 
2026-09-28T07:10:05+04:00	ck9e-mirror-256k	0	726625	726318	57	988971008	709017600	python3*49 ZMQbg/Reaper*4 ZMQbg/IO/0*4 
2026-09-28T07:10:18+04:00	ck9e-mirror-256k	0	726283	363	2	27787264	6053888	uv*1 main2*1 
2026-09-28T07:10:18+04:00	ck9e-mirror-256k	0	726318	726283	57	980164608	699072512	ft*51 ZMQbg/Reaper*3 ZMQbg/IO/0*3 
2026-09-28T07:10:18+04:00	ck9e-mirror-256k	0	726623	726318	1	12832768	5939200	python3*1 
2026-09-28T07:10:18+04:00	ck9e-mirror-256k	0	726624	726318	45	16903876608	16290463744	python3*36 pt_gloo_runloop*2 ZMQbg/Reaper*2 ZMQbg/IO/0*2 pt_tcpstore_uv*1 cuda0000240000a*1 
2026-09-28T07:10:19+04:00	ck9e-mirror-256k	0	726625	726318	57	988971008	709017600	python3*49 ZMQbg/Reaper*4 ZMQbg/IO/0*4 
2026-09-28T07:10:29+04:00	ck9e-mirror-256k	0	726283	363	2	27787264	6053888	uv*1 main2*1 
2026-09-28T07:10:29+04:00	ck9e-mirror-256k	0	726318	726283	57	980164608	699072512	ft*51 ZMQbg/Reaper*3 ZMQbg/IO/0*3 
2026-09-28T07:10:29+04:00	ck9e-mirror-256k	0	726623	726318	1	12832768	5939200	python3*1 
2026-09-28T07:10:29+04:00	ck9e-mirror-256k	0	726624	726318	45	16903983104	16290570240	python3*36 pt_gloo_runloop*2 ZMQbg/Reaper*2 ZMQbg/IO/0*2 pt_tcpstore_uv*1 cuda0000240000a*1 
2026-09-28T07:10:29+04:00	ck9e-mirror-256k	0	726625	726318	57	988971008	709017600	python3*49 ZMQbg/Reaper*4 ZMQbg/IO/0*4 
2026-09-28T07:10:39+04:00	ck9e-mirror-256k	0	726283	363	2	27787264	6053888	uv*1 main2*1 
2026-09-28T07:10:39+04:00	ck9e-mirror-256k	0	726318	726283	57	980164608	699072512	ft*51 ZMQbg/Reaper*3 ZMQbg/IO/0*3 
2026-09-28T07:10:39+04:00	ck9e-mirror-256k	0	726623	726318	1	12832768	5939200	python3*1 
2026-09-28T07:10:39+04:00	ck9e-mirror-256k	0	726624	726318	45	16904077312	16290664448	python3*36 pt_gloo_runloop*2 ZMQbg/Reaper*2 ZMQbg/IO/0*2 pt_tcpstore_uv*1 cuda0000240000a*1 
2026-09-28T07:10:39+04:00	ck9e-mirror-256k	0	726625	726318	57	988971008	709017600	python3*49 ZMQbg/Reaper*4 ZMQbg/IO/0*4 
2026-09-28T07:10:53+04:00	ck9e-mirror-256k	0	726283	363	2	27787264	6053888	uv*1 main2*1 
2026-09-28T07:10:53+04:00	ck9e-mirror-256k	0	726318	726283	57	980164608	699072512	ft*51 ZMQbg/Reaper*3 ZMQbg/IO/0*3 
2026-09-28T07:10:53+04:00	ck9e-mirror-256k	0	726623	726318	1	12832768	5939200	python3*1 
2026-09-28T07:10:53+04:00	ck9e-mirror-256k	0	726624	726318	45	16904224768	16290811904	python3*36 pt_gloo_runloop*2 ZMQbg/Reaper*2 ZMQbg/IO/0*2 pt_tcpstore_uv*1 cuda0000240000a*1 
2026-09-28T07:10:53+04:00	ck9e-mirror-256k	0	726625	726318	57	988971008	709017600	python3*49 ZMQbg/Reaper*4 ZMQbg/IO/0*4 
2026-09-28T07:11:03+04:00	ck9e-mirror-256k	0	726283	363	2	27787264	6053888	uv*1 main2*1 
2026-09-28T07:11:03+04:00	ck9e-mirror-256k	0	726318	726283	57	980164608	699072512	ft*51 ZMQbg/Reaper*3 ZMQbg/IO/0*3 
2026-09-28T07:11:03+04:00	ck9e-mirror-256k	0	726623	726318	1	12832768	5939200	python3*1 
2026-09-28T07:11:03+04:00	ck9e-mirror-256k	0	726624	726318	45	16904351744	16290938880	python3*36 pt_gloo_runloop*2 ZMQbg/Reaper*2 ZMQbg/IO/0*2 pt_tcpstore_uv*1 cuda0000240000a*1 
2026-09-28T07:11:03+04:00	ck9e-mirror-256k	0	726625	726318	57	988971008	709017600	python3*49 ZMQbg/Reaper*4 ZMQbg/IO/0*4 
2026-09-28T07:11:13+04:00	ck9e-mirror-256k	0	726283	363	2	27787264	6053888	uv*1 main2*1 
2026-09-28T07:11:13+04:00	ck9e-mirror-256k	0	726318	726283	57	980164608	699072512	ft*51 ZMQbg/Reaper*3 ZMQbg/IO/0*3 
2026-09-28T07:11:13+04:00	ck9e-mirror-256k	0	726623	726318	1	12832768	5939200	python3*1 
2026-09-28T07:11:13+04:00	ck9e-mirror-256k	0	726624	726318	45	16904462336	16291049472	python3*36 pt_gloo_runloop*2 ZMQbg/Reaper*2 ZMQbg/IO/0*2 pt_tcpstore_uv*1 cuda0000240000a*1 
2026-09-28T07:11:13+04:00	ck9e-mirror-256k	0	726625	726318	57	988971008	709017600	python3*49 ZMQbg/Reaper*4 ZMQbg/IO/0*4 
2026-09-28T07:11:27+04:00	ck9e-mirror-256k	0	726283	363	2	27787264	6053888	uv*1 main2*1 
2026-09-28T07:11:27+04:00	ck9e-mirror-256k	0	726318	726283	57	981209088	700116992	ft*51 ZMQbg/Reaper*3 ZMQbg/IO/0*3 
2026-09-28T07:11:27+04:00	ck9e-mirror-256k	0	726623	726318	1	12832768	5939200	python3*1 
2026-09-28T07:11:27+04:00	ck9e-mirror-256k	0	726624	726318	45	16906510336	16293097472	python3*36 pt_gloo_runloop*2 ZMQbg/Reaper*2 ZMQbg/IO/0*2 pt_tcpstore_uv*1 cuda0000240000a*1 
2026-09-28T07:11:27+04:00	ck9e-mirror-256k	0	726625	726318	57	988975104	709021696	python3*49 ZMQbg/Reaper*4 ZMQbg/IO/0*4 
2026-09-28T07:11:37+04:00	ck9e-mirror-256k	0	726283	363	2	27787264	6053888	uv*1 main2*1 
2026-09-28T07:11:37+04:00	ck9e-mirror-256k	0	726318	726283	57	981209088	700116992	ft*51 ZMQbg/Reaper*3 ZMQbg/IO/0*3 
2026-09-28T07:11:37+04:00	ck9e-mirror-256k	0	726623	726318	1	12832768	5939200	python3*1 
2026-09-28T07:11:37+04:00	ck9e-mirror-256k	0	726624	726318	45	16906514432	16293101568	python3*36 pt_gloo_runloop*2 ZMQbg/Reaper*2 ZMQbg/IO/0*2 pt_tcpstore_uv*1 cuda0000240000a*1 
2026-09-28T07:11:37+04:00	ck9e-mirror-256k	0	726625	726318	57	988975104	709021696	python3*49 ZMQbg/Reaper*4 ZMQbg/IO/0*4 
2026-09-28T07:11:47+04:00	ck9e-mirror-256k	0	726283	363	2	27787264	6053888	uv*1 main2*1 
2026-09-28T07:11:47+04:00	ck9e-mirror-256k	0	726318	726283	57	981209088	700116992	ft*51 ZMQbg/Reaper*3 ZMQbg/IO/0*3 
2026-09-28T07:11:47+04:00	ck9e-mirror-256k	0	726623	726318	1	12832768	5939200	python3*1 
2026-09-28T07:11:47+04:00	ck9e-mirror-256k	0	726624	726318	45	16906518528	16293105664	python3*36 pt_gloo_runloop*2 ZMQbg/Reaper*2 ZMQbg/IO/0*2 pt_tcpstore_uv*1 cuda0000240000a*1 
2026-09-28T07:11:47+04:00	ck9e-mirror-256k	0	726625	726318	57	988975104	709021696	python3*49 ZMQbg/Reaper*4 ZMQbg/IO/0*4 
2026-09-28T07:11:57+04:00	ck9e-mirror-256k	0	726283	363	2	27787264	6053888	uv*1 main2*1 
2026-09-28T07:11:57+04:00	ck9e-mirror-256k	0	726318	726283	57	981209088	700116992	ft*51 ZMQbg/Reaper*3 ZMQbg/IO/0*3 
2026-09-28T07:11:58+04:00	ck9e-mirror-256k	0	726623	726318	1	12832768	5939200	python3*1 
2026-09-28T07:11:58+04:00	ck9e-mirror-256k	0	726624	726318	45	16906518528	16293105664	python3*36 pt_gloo_runloop*2 ZMQbg/Reaper*2 ZMQbg/IO/0*2 pt_tcpstore_uv*1 cuda0000240000a*1 
2026-09-28T07:11:58+04:00	ck9e-mirror-256k	0	726625	726318	57	988975104	709021696	python3*49 ZMQbg/Reaper*4 ZMQbg/IO/0*4 
2026-09-28T07:12:11+04:00	ck9e-mirror-256k	0	726283	363	2	27787264	6053888	uv*1 main2*1 
2026-09-28T07:12:11+04:00	ck9e-mirror-256k	0	726318	726283	57	981209088	700116992	ft*51 ZMQbg/Reaper*3 ZMQbg/IO/0*3 
2026-09-28T07:12:11+04:00	ck9e-mirror-256k	0	726623	726318	1	12832768	5939200	python3*1 
2026-09-28T07:12:11+04:00	ck9e-mirror-256k	0	726624	726318	45	16906518528	16293105664	python3*36 pt_gloo_runloop*2 ZMQbg/Reaper*2 ZMQbg/IO/0*2 pt_tcpstore_uv*1 cuda0000240000a*1 
2026-09-28T07:12:11+04:00	ck9e-mirror-256k	0	726625	726318	57	988975104	709021696	python3*49 ZMQbg/Reaper*4 ZMQbg/IO/0*4 
2026-09-28T07:12:22+04:00	ck9e-mirror-256k	0	726283	363	2	27787264	6053888	uv*1 main2*1 
2026-09-28T07:12:22+04:00	ck9e-mirror-256k	0	726318	726283	57	981209088	700116992	ft*51 ZMQbg/Reaper*3 ZMQbg/IO/0*3 
2026-09-28T07:12:22+04:00	ck9e-mirror-256k	0	726623	726318	1	12832768	5939200	python3*1 
2026-09-28T07:12:22+04:00	ck9e-mirror-256k	0	726624	726318	45	16906518528	16293105664	python3*36 pt_gloo_runloop*2 ZMQbg/Reaper*2 ZMQbg/IO/0*2 pt_tcpstore_uv*1 cuda0000240000a*1 
2026-09-28T07:12:22+04:00	ck9e-mirror-256k	0	726625	726318	57	988975104	709021696	python3*49 ZMQbg/Reaper*4 ZMQbg/IO/0*4 
2026-09-28T07:12:32+04:00	ck9e-mirror-256k	0	726283	363	2	27787264	6053888	uv*1 main2*1 
2026-09-28T07:12:32+04:00	ck9e-mirror-256k	0	726318	726283	57	981209088	700116992	ft*51 ZMQbg/Reaper*3 ZMQbg/IO/0*3 
2026-09-28T07:12:32+04:00	ck9e-mirror-256k	0	726623	726318	1	12832768	5939200	python3*1 
2026-09-28T07:12:32+04:00	ck9e-mirror-256k	0	726624	726318	45	16906518528	16293105664	python3*36 pt_gloo_runloop*2 ZMQbg/Reaper*2 ZMQbg/IO/0*2 pt_tcpstore_uv*1 cuda0000240000a*1 
2026-09-28T07:12:32+04:00	ck9e-mirror-256k	0	726625	726318	57	988975104	709021696	python3*49 ZMQbg/Reaper*4 ZMQbg/IO/0*4 
2026-09-28T07:12:46+04:00	ck9e-mirror-256k	0	726283	363	2	27787264	6053888	uv*1 main2*1 
2026-09-28T07:12:46+04:00	ck9e-mirror-256k	0	726318	726283	57	981209088	700116992	ft*51 ZMQbg/Reaper*3 ZMQbg/IO/0*3 
2026-09-28T07:12:46+04:00	ck9e-mirror-256k	0	726623	726318	1	12832768	5939200	python3*1 
2026-09-28T07:12:46+04:00	ck9e-mirror-256k	0	726624	726318	45	16906522624	16293109760	python3*36 pt_gloo_runloop*2 ZMQbg/Reaper*2 ZMQbg/IO/0*2 pt_tcpstore_uv*1 cuda0000240000a*1 
2026-09-28T07:12:46+04:00	ck9e-mirror-256k	0	726625	726318	57	988975104	709021696	python3*49 ZMQbg/Reaper*4 ZMQbg/IO/0*4 
2026-09-28T07:12:56+04:00	ck9e-mirror-256k	0	726283	363	2	27787264	6053888	uv*1 main2*1 
2026-09-28T07:12:56+04:00	ck9e-mirror-256k	0	726318	726283	57	981209088	700116992	ft*51 ZMQbg/Reaper*3 ZMQbg/IO/0*3 
2026-09-28T07:12:56+04:00	ck9e-mirror-256k	0	726623	726318	1	12832768	5939200	python3*1 
2026-09-28T07:12:56+04:00	ck9e-mirror-256k	0	726624	726318	45	16906526720	16293113856	python3*36 pt_gloo_runloop*2 ZMQbg/Reaper*2 ZMQbg/IO/0*2 pt_tcpstore_uv*1 cuda0000240000a*1 
2026-09-28T07:12:56+04:00	ck9e-mirror-256k	0	726625	726318	57	988975104	709021696	python3*49 ZMQbg/Reaper*4 ZMQbg/IO/0*4 
2026-09-28T07:13:06+04:00	ck9e-mirror-256k	0	726283	363	2	27787264	6053888	uv*1 main2*1 
2026-09-28T07:13:06+04:00	ck9e-mirror-256k	0	726318	726283	57	981209088	700116992	ft*51 ZMQbg/Reaper*3 ZMQbg/IO/0*3 
2026-09-28T07:13:06+04:00	ck9e-mirror-256k	0	726623	726318	1	12832768	5939200	python3*1 
2026-09-28T07:13:06+04:00	ck9e-mirror-256k	0	726624	726318	45	16906526720	16293113856	python3*36 pt_gloo_runloop*2 ZMQbg/Reaper*2 ZMQbg/IO/0*2 pt_tcpstore_uv*1 cuda0000240000a*1 
2026-09-28T07:13:06+04:00	ck9e-mirror-256k	0	726625	726318	57	988975104	709021696	python3*49 ZMQbg/Reaper*4 ZMQbg/IO/0*4 
2026-09-28T07:13:20+04:00	ck9e-mirror-256k	0	726283	363	2	27787264	6053888	uv*1 main2*1 
2026-09-28T07:13:20+04:00	ck9e-mirror-256k	0	726318	726283	57	981209088	700116992	ft*51 ZMQbg/Reaper*3 ZMQbg/IO/0*3 
2026-09-28T07:13:20+04:00	ck9e-mirror-256k	0	726623	726318	1	12832768	5939200	python3*1 
2026-09-28T07:13:20+04:00	ck9e-mirror-256k	0	726624	726318	45	16906526720	16293113856	python3*36 pt_gloo_runloop*2 ZMQbg/Reaper*2 ZMQbg/IO/0*2 pt_tcpstore_uv*1 cuda0000240000a*1 
2026-09-28T07:13:20+04:00	ck9e-mirror-256k	0	726625	726318	57	988975104	709021696	python3*49 ZMQbg/Reaper*4 ZMQbg/IO/0*4 
2026-09-28T07:13:30+04:00	ck9e-mirror-256k	0	726283	363	2	27787264	6053888	uv*1 main2*1 
2026-09-28T07:13:30+04:00	ck9e-mirror-256k	0	726318	726283	57	981209088	700116992	ft*51 ZMQbg/Reaper*3 ZMQbg/IO/0*3 
2026-09-28T07:13:30+04:00	ck9e-mirror-256k	0	726623	726318	1	12832768	5939200	python3*1 
2026-09-28T07:13:30+04:00	ck9e-mirror-256k	0	726624	726318	45	16906526720	16293113856	python3*36 pt_gloo_runloop*2 ZMQbg/Reaper*2 ZMQbg/IO/0*2 pt_tcpstore_uv*1 cuda0000240000a*1 
2026-09-28T07:13:30+04:00	ck9e-mirror-256k	0	726625	726318	57	988975104	709021696	python3*49 ZMQbg/Reaper*4 ZMQbg/IO/0*4 
2026-09-28T07:13:40+04:00	ck9e-mirror-256k	0	726283	363	2	27787264	6053888	uv*1 main2*1 
2026-09-28T07:13:40+04:00	ck9e-mirror-256k	0	726318	726283	57	981209088	700116992	ft*51 ZMQbg/Reaper*3 ZMQbg/IO/0*3 
2026-09-28T07:13:40+04:00	ck9e-mirror-256k	0	726623	726318	1	12832768	5939200	python3*1 
2026-09-28T07:13:40+04:00	ck9e-mirror-256k	0	726624	726318	45	16906530816	16293117952	python3*36 pt_gloo_runloop*2 ZMQbg/Reaper*2 ZMQbg/IO/0*2 pt_tcpstore_uv*1 cuda0000240000a*1 
2026-09-28T07:13:40+04:00	ck9e-mirror-256k	0	726625	726318	57	988975104	709021696	python3*49 ZMQbg/Reaper*4 ZMQbg/IO/0*4 
2026-09-28T07:13:54+04:00	ck9e-mirror-256k	0	726283	363	2	27787264	6053888	uv*1 main2*1 
2026-09-28T07:13:54+04:00	ck9e-mirror-256k	0	726318	726283	57	981209088	700116992	ft*51 ZMQbg/Reaper*3 ZMQbg/IO/0*3 
2026-09-28T07:13:54+04:00	ck9e-mirror-256k	0	726623	726318	1	12832768	5939200	python3*1 
2026-09-28T07:13:54+04:00	ck9e-mirror-256k	0	726624	726318	45	16906530816	16293117952	python3*36 pt_gloo_runloop*2 ZMQbg/Reaper*2 ZMQbg/IO/0*2 pt_tcpstore_uv*1 cuda0000240000a*1 
2026-09-28T07:13:54+04:00	ck9e-mirror-256k	0	726625	726318	57	988975104	709021696	python3*49 ZMQbg/Reaper*4 ZMQbg/IO/0*4 
2026-09-28T07:14:04+04:00	ck9e-mirror-256k	0	726283	363	2	27787264	6053888	uv*1 main2*1 
2026-09-28T07:14:04+04:00	ck9e-mirror-256k	0	726318	726283	57	981209088	700116992	ft*51 ZMQbg/Reaper*3 ZMQbg/IO/0*3 
2026-09-28T07:14:04+04:00	ck9e-mirror-256k	0	726623	726318	1	12832768	5939200	python3*1 
2026-09-28T07:14:04+04:00	ck9e-mirror-256k	0	726624	726318	45	16906530816	16293117952	python3*36 pt_gloo_runloop*2 ZMQbg/Reaper*2 ZMQbg/IO/0*2 pt_tcpstore_uv*1 cuda0000240000a*1 
2026-09-28T07:14:05+04:00	ck9e-mirror-256k	0	726625	726318	57	988975104	709021696	python3*49 ZMQbg/Reaper*4 ZMQbg/IO/0*4 
2026-09-28T07:14:15+04:00	ck9e-mirror-256k	0	726283	363	2	27787264	6053888	uv*1 main2*1 
2026-09-28T07:14:15+04:00	ck9e-mirror-256k	0	726318	726283	57	981209088	700116992	ft*51 ZMQbg/Reaper*3 ZMQbg/IO/0*3 
2026-09-28T07:14:15+04:00	ck9e-mirror-256k	0	726623	726318	1	12832768	5939200	python3*1 
2026-09-28T07:14:15+04:00	ck9e-mirror-256k	0	726624	726318	45	16906530816	16293117952	python3*36 pt_gloo_runloop*2 ZMQbg/Reaper*2 ZMQbg/IO/0*2 pt_tcpstore_uv*1 cuda0000240000a*1 
2026-09-28T07:14:15+04:00	ck9e-mirror-256k	0	726625	726318	57	988975104	709021696	python3*49 ZMQbg/Reaper*4 ZMQbg/IO/0*4 
2026-09-28T07:14:28+04:00	ck9e-mirror-256k	0	726283	363	2	27787264	6053888	uv*1 main2*1 
2026-09-28T07:14:28+04:00	ck9e-mirror-256k	0	726318	726283	57	981209088	700116992	ft*51 ZMQbg/Reaper*3 ZMQbg/IO/0*3 
2026-09-28T07:14:28+04:00	ck9e-mirror-256k	0	726623	726318	1	12832768	5939200	python3*1 
2026-09-28T07:14:28+04:00	ck9e-mirror-256k	0	726624	726318	45	16906530816	16293117952	python3*36 pt_gloo_runloop*2 ZMQbg/Reaper*2 ZMQbg/IO/0*2 pt_tcpstore_uv*1 cuda0000240000a*1 
2026-09-28T07:14:29+04:00	ck9e-mirror-256k	0	726625	726318	57	988975104	709021696	python3*49 ZMQbg/Reaper*4 ZMQbg/IO/0*4 
2026-09-28T07:14:39+04:00	ck9e-mirror-256k	0	726283	363	2	27787264	6053888	uv*1 main2*1 
2026-09-28T07:14:39+04:00	ck9e-mirror-256k	0	726318	726283	57	981209088	700116992	ft*51 ZMQbg/Reaper*3 ZMQbg/IO/0*3 
2026-09-28T07:14:39+04:00	ck9e-mirror-256k	0	726623	726318	1	12832768	5939200	python3*1 
2026-09-28T07:14:39+04:00	ck9e-mirror-256k	0	726624	726318	45	16906530816	16293117952	python3*36 pt_gloo_runloop*2 ZMQbg/Reaper*2 ZMQbg/IO/0*2 pt_tcpstore_uv*1 cuda0000240000a*1 
2026-09-28T07:14:39+04:00	ck9e-mirror-256k	0	726625	726318	57	988975104	709021696	python3*49 ZMQbg/Reaper*4 ZMQbg/IO/0*4 
2026-09-28T07:14:49+04:00	ck9e-mirror-256k	0	726283	363	2	27787264	6053888	uv*1 main2*1 
2026-09-28T07:14:49+04:00	ck9e-mirror-256k	0	726318	726283	57	981209088	700116992	ft*51 ZMQbg/Reaper*3 ZMQbg/IO/0*3 
2026-09-28T07:14:49+04:00	ck9e-mirror-256k	0	726623	726318	1	12832768	5939200	python3*1 
2026-09-28T07:14:49+04:00	ck9e-mirror-256k	0	726624	726318	45	16906530816	16293117952	python3*36 pt_gloo_runloop*2 ZMQbg/Reaper*2 ZMQbg/IO/0*2 pt_tcpstore_uv*1 cuda0000240000a*1 
2026-09-28T07:14:49+04:00	ck9e-mirror-256k	0	726625	726318	57	988975104	709021696	python3*49 ZMQbg/Reaper*4 ZMQbg/IO/0*4 
2026-09-28T07:15:03+04:00	ck9e-mirror-256k	0	726283	363	2	27787264	6053888	uv*1 main2*1 
2026-09-28T07:15:03+04:00	ck9e-mirror-256k	0	726318	726283	57	981209088	700116992	ft*51 ZMQbg/Reaper*3 ZMQbg/IO/0*3 
2026-09-28T07:15:03+04:00	ck9e-mirror-256k	0	726623	726318	1	12832768	5939200	python3*1 
2026-09-28T07:15:03+04:00	ck9e-mirror-256k	0	726624	726318	45	16906530816	16293117952	python3*36 pt_gloo_runloop*2 ZMQbg/Reaper*2 ZMQbg/IO/0*2 pt_tcpstore_uv*1 cuda0000240000a*1 
2026-09-28T07:15:03+04:00	ck9e-mirror-256k	0	726625	726318	57	988975104	709021696	python3*49 ZMQbg/Reaper*4 ZMQbg/IO/0*4 
2026-09-28T07:15:13+04:00	ck9e-mirror-256k	0	726283	363	2	27787264	6053888	uv*1 main2*1 
2026-09-28T07:15:13+04:00	ck9e-mirror-256k	0	726318	726283	57	981209088	700116992	ft*51 ZMQbg/Reaper*3 ZMQbg/IO/0*3 
2026-09-28T07:15:13+04:00	ck9e-mirror-256k	0	726623	726318	1	12832768	5939200	python3*1 
2026-09-28T07:15:13+04:00	ck9e-mirror-256k	0	726624	726318	45	16906530816	16293117952	python3*36 pt_gloo_runloop*2 ZMQbg/Reaper*2 ZMQbg/IO/0*2 pt_tcpstore_uv*1 cuda0000240000a*1 
2026-09-28T07:15:13+04:00	ck9e-mirror-256k	0	726625	726318	57	988975104	709021696	python3*49 ZMQbg/Reaper*4 ZMQbg/IO/0*4 
2026-09-28T07:15:23+04:00	ck9e-mirror-256k	0	726283	363	2	27787264	6053888	uv*1 main2*1 
2026-09-28T07:15:23+04:00	ck9e-mirror-256k	0	726318	726283	57	981209088	700116992	ft*51 ZMQbg/Reaper*3 ZMQbg/IO/0*3 
2026-09-28T07:15:23+04:00	ck9e-mirror-256k	0	726623	726318	1	12832768	5939200	python3*1 
2026-09-28T07:15:23+04:00	ck9e-mirror-256k	0	726624	726318	45	16906588160	16293187584	python3*36 pt_gloo_runloop*2 ZMQbg/Reaper*2 ZMQbg/IO/0*2 pt_tcpstore_uv*1 cuda0000240000a*1 
2026-09-28T07:15:23+04:00	ck9e-mirror-256k	0	726625	726318	57	988975104	709021696	python3*49 ZMQbg/Reaper*4 ZMQbg/IO/0*4 
2026-09-28T07:15:33+04:00	ck9e-mirror-256k	0	726283	363	2	27787264	6053888	uv*1 main2*1 
2026-09-28T07:15:33+04:00	ck9e-mirror-256k	0	726318	726283	57	981209088	700116992	ft*51 ZMQbg/Reaper*3 ZMQbg/IO/0*3 
2026-09-28T07:15:33+04:00	ck9e-mirror-256k	0	726623	726318	1	12832768	5939200	python3*1 
2026-09-28T07:15:33+04:00	ck9e-mirror-256k	0	726624	726318	45	16906674176	16293265408	python3*36 pt_gloo_runloop*2 ZMQbg/Reaper*2 ZMQbg/IO/0*2 pt_tcpstore_uv*1 cuda0000240000a*1 
2026-09-28T07:15:34+04:00	ck9e-mirror-256k	0	726625	726318	57	988975104	709021696	python3*49 ZMQbg/Reaper*4 ZMQbg/IO/0*4 
2026-09-28T07:15:47+04:00	ck9e-mirror-256k	0	726283	363	2	27787264	6053888	uv*1 main2*1 
2026-09-28T07:15:47+04:00	ck9e-mirror-256k	0	726318	726283	57	981209088	700116992	ft*51 ZMQbg/Reaper*3 ZMQbg/IO/0*3 
2026-09-28T07:15:47+04:00	ck9e-mirror-256k	0	726623	726318	1	12832768	5939200	python3*1 
2026-09-28T07:15:47+04:00	ck9e-mirror-256k	0	726624	726318	45	16906784768	16293371904	python3*36 pt_gloo_runloop*2 ZMQbg/Reaper*2 ZMQbg/IO/0*2 pt_tcpstore_uv*1 cuda0000240000a*1 
2026-09-28T07:15:47+04:00	ck9e-mirror-256k	0	726625	726318	57	988975104	709021696	python3*49 ZMQbg/Reaper*4 ZMQbg/IO/0*4 
2026-09-28T07:15:57+04:00	ck9e-mirror-256k	0	726283	363	2	27787264	6053888	uv*1 main2*1 
2026-09-28T07:15:57+04:00	ck9e-mirror-256k	0	726318	726283	57	981209088	700116992	ft*51 ZMQbg/Reaper*3 ZMQbg/IO/0*3 
2026-09-28T07:15:57+04:00	ck9e-mirror-256k	0	726623	726318	1	12832768	5939200	python3*1 
2026-09-28T07:15:57+04:00	ck9e-mirror-256k	0	726624	726318	45	16906878976	16293466112	python3*36 pt_gloo_runloop*2 ZMQbg/Reaper*2 ZMQbg/IO/0*2 pt_tcpstore_uv*1 cuda0000240000a*1 
2026-09-28T07:15:58+04:00	ck9e-mirror-256k	0	726625	726318	57	988975104	709021696	python3*49 ZMQbg/Reaper*4 ZMQbg/IO/0*4 
2026-09-28T07:16:08+04:00	ck9e-mirror-256k	0	726283	363	2	27787264	6053888	uv*1 main2*1 
2026-09-28T07:16:08+04:00	ck9e-mirror-256k	0	726318	726283	57	981209088	700116992	ft*51 ZMQbg/Reaper*3 ZMQbg/IO/0*3 
2026-09-28T07:16:08+04:00	ck9e-mirror-256k	0	726623	726318	1	12832768	5939200	python3*1 
2026-09-28T07:16:08+04:00	ck9e-mirror-256k	0	726624	726318	45	16906977280	16293564416	python3*36 pt_gloo_runloop*2 ZMQbg/Reaper*2 ZMQbg/IO/0*2 pt_tcpstore_uv*1 cuda0000240000a*1 
2026-09-28T07:16:08+04:00	ck9e-mirror-256k	0	726625	726318	57	988975104	709021696	python3*49 ZMQbg/Reaper*4 ZMQbg/IO/0*4 
2026-09-28T07:16:21+04:00	ck9e-mirror-256k	0	726283	363	2	27787264	6053888	uv*1 main2*1 
2026-09-28T07:16:21+04:00	ck9e-mirror-256k	0	726318	726283	57	981209088	700116992	ft*51 ZMQbg/Reaper*3 ZMQbg/IO/0*3 
2026-09-28T07:16:21+04:00	ck9e-mirror-256k	0	726623	726318	1	12832768	5939200	python3*1 
2026-09-28T07:16:21+04:00	ck9e-mirror-256k	0	726624	726318	45	16907882496	16294469632	python3*36 pt_gloo_runloop*2 ZMQbg/Reaper*2 ZMQbg/IO/0*2 pt_tcpstore_uv*1 cuda0000240000a*1 
2026-09-28T07:16:21+04:00	ck9e-mirror-256k	0	726625	726318	57	988975104	709021696	python3*49 ZMQbg/Reaper*4 ZMQbg/IO/0*4 
2026-09-28T07:16:32+04:00	ck9e-mirror-256k	0	726283	363	2	27787264	6053888	uv*1 main2*1 
2026-09-28T07:16:32+04:00	ck9e-mirror-256k	0	726318	726283	57	981209088	700116992	ft*51 ZMQbg/Reaper*3 ZMQbg/IO/0*3 
2026-09-28T07:16:32+04:00	ck9e-mirror-256k	0	726623	726318	1	12832768	5939200	python3*1 
2026-09-28T07:16:32+04:00	ck9e-mirror-256k	0	726624	726318	45	16907890688	16294477824	python3*36 pt_gloo_runloop*2 ZMQbg/Reaper*2 ZMQbg/IO/0*2 pt_tcpstore_uv*1 cuda0000240000a*1 
2026-09-28T07:16:32+04:00	ck9e-mirror-256k	0	726625	726318	57	988975104	709021696	python3*49 ZMQbg/Reaper*4 ZMQbg/IO/0*4 
2026-09-28T07:16:42+04:00	ck9e-mirror-256k	0	726283	363	2	27787264	6053888	uv*1 main2*1 
2026-09-28T07:16:42+04:00	ck9e-mirror-256k	0	726318	726283	57	981209088	700116992	ft*51 ZMQbg/Reaper*3 ZMQbg/IO/0*3 
2026-09-28T07:16:42+04:00	ck9e-mirror-256k	0	726623	726318	1	12832768	5939200	python3*1 
2026-09-28T07:16:42+04:00	ck9e-mirror-256k	0	726624	726318	45	16907890688	16294477824	python3*36 pt_gloo_runloop*2 ZMQbg/Reaper*2 ZMQbg/IO/0*2 pt_tcpstore_uv*1 cuda0000240000a*1 
2026-09-28T07:16:42+04:00	ck9e-mirror-256k	0	726625	726318	57	988975104	709021696	python3*49 ZMQbg/Reaper*4 ZMQbg/IO/0*4 
2026-09-28T07:16:55+04:00	ck9e-mirror-256k	0	726283	363	2	27787264	6053888	uv*1 main2*1 
2026-09-28T07:16:55+04:00	ck9e-mirror-256k	0	726318	726283	57	981209088	700116992	ft*51 ZMQbg/Reaper*3 ZMQbg/IO/0*3 
2026-09-28T07:16:55+04:00	ck9e-mirror-256k	0	726623	726318	1	12832768	5939200	python3*1 
2026-09-28T07:16:55+04:00	ck9e-mirror-256k	0	726624	726318	45	16907890688	16294477824	python3*36 pt_gloo_runloop*2 ZMQbg/Reaper*2 ZMQbg/IO/0*2 pt_tcpstore_uv*1 cuda0000240000a*1 
2026-09-28T07:16:56+04:00	ck9e-mirror-256k	0	726625	726318	57	988975104	709021696	python3*49 ZMQbg/Reaper*4 ZMQbg/IO/0*4 
2026-09-28T07:17:06+04:00	ck9e-mirror-256k	0	726283	363	2	27787264	6053888	uv*1 main2*1 
2026-09-28T07:17:06+04:00	ck9e-mirror-256k	0	726318	726283	57	981209088	700116992	ft*51 ZMQbg/Reaper*3 ZMQbg/IO/0*3 
2026-09-28T07:17:06+04:00	ck9e-mirror-256k	0	726623	726318	1	12832768	5939200	python3*1 
2026-09-28T07:17:06+04:00	ck9e-mirror-256k	0	726624	726318	45	16907890688	16294477824	python3*36 pt_gloo_runloop*2 ZMQbg/Reaper*2 ZMQbg/IO/0*2 pt_tcpstore_uv*1 cuda0000240000a*1 
2026-09-28T07:17:06+04:00	ck9e-mirror-256k	0	726625	726318	57	988975104	709021696	python3*49 ZMQbg/Reaper*4 ZMQbg/IO/0*4 
2026-09-28T07:17:16+04:00	ck9e-mirror-256k	0	726283	363	2	27787264	6053888	uv*1 main2*1 
2026-09-28T07:17:16+04:00	ck9e-mirror-256k	0	726318	726283	57	981209088	700116992	ft*51 ZMQbg/Reaper*3 ZMQbg/IO/0*3 
2026-09-28T07:17:16+04:00	ck9e-mirror-256k	0	726623	726318	1	12832768	5939200	python3*1 
2026-09-28T07:17:16+04:00	ck9e-mirror-256k	0	726624	726318	45	16907890688	16294477824	python3*36 pt_gloo_runloop*2 ZMQbg/Reaper*2 ZMQbg/IO/0*2 pt_tcpstore_uv*1 cuda0000240000a*1 
2026-09-28T07:17:16+04:00	ck9e-mirror-256k	0	726625	726318	57	988975104	709021696	python3*49 ZMQbg/Reaper*4 ZMQbg/IO/0*4 
2026-09-28T07:17:29+04:00	ck9e-mirror-256k	0	726283	363	2	27787264	6053888	uv*1 main2*1 
2026-09-28T07:17:30+04:00	ck9e-mirror-256k	0	726318	726283	57	981209088	700116992	ft*51 ZMQbg/Reaper*3 ZMQbg/IO/0*3 
2026-09-28T07:17:30+04:00	ck9e-mirror-256k	0	726623	726318	1	12832768	5939200	python3*1 
2026-09-28T07:17:30+04:00	ck9e-mirror-256k	0	726624	726318	45	16907890688	16294477824	python3*36 pt_gloo_runloop*2 ZMQbg/Reaper*2 ZMQbg/IO/0*2 pt_tcpstore_uv*1 cuda0000240000a*1 
2026-09-28T07:17:30+04:00	ck9e-mirror-256k	0	726625	726318	57	988975104	709021696	python3*49 ZMQbg/Reaper*4 ZMQbg/IO/0*4 
2026-09-28T07:17:40+04:00	ck9e-mirror-256k	0	726283	363	2	27787264	6053888	uv*1 main2*1 
2026-09-28T07:17:40+04:00	ck9e-mirror-256k	0	726318	726283	57	981209088	700116992	ft*51 ZMQbg/Reaper*3 ZMQbg/IO/0*3 
2026-09-28T07:17:40+04:00	ck9e-mirror-256k	0	726623	726318	1	12832768	5939200	python3*1 
2026-09-28T07:17:40+04:00	ck9e-mirror-256k	0	726624	726318	45	16907890688	16294477824	python3*36 pt_gloo_runloop*2 ZMQbg/Reaper*2 ZMQbg/IO/0*2 pt_tcpstore_uv*1 cuda0000240000a*1 
2026-09-28T07:17:40+04:00	ck9e-mirror-256k	0	726625	726318	57	988975104	709021696	python3*49 ZMQbg/Reaper*4 ZMQbg/IO/0*4 
2026-09-28T07:17:50+04:00	ck9e-mirror-256k	0	726283	363	2	27787264	6053888	uv*1 main2*1 
2026-09-28T07:17:50+04:00	ck9e-mirror-256k	0	726318	726283	57	981209088	700116992	ft*51 ZMQbg/Reaper*3 ZMQbg/IO/0*3 
2026-09-28T07:17:50+04:00	ck9e-mirror-256k	0	726623	726318	1	12832768	5939200	python3*1 
2026-09-28T07:17:50+04:00	ck9e-mirror-256k	0	726624	726318	45	16907927552	16294514688	python3*36 pt_gloo_runloop*2 ZMQbg/Reaper*2 ZMQbg/IO/0*2 pt_tcpstore_uv*1 cuda0000240000a*1 
2026-09-28T07:17:50+04:00	ck9e-mirror-256k	0	726625	726318	57	988975104	709021696	python3*49 ZMQbg/Reaper*4 ZMQbg/IO/0*4 
2026-09-28T07:18:04+04:00	ck9e-mirror-256k	0	726283	363	2	27787264	6053888	uv*1 main2*1 
2026-09-28T07:18:04+04:00	ck9e-mirror-256k	0	726318	726283	57	981209088	700116992	ft*51 ZMQbg/Reaper*3 ZMQbg/IO/0*3 
2026-09-28T07:18:04+04:00	ck9e-mirror-256k	0	726623	726318	1	12832768	5939200	python3*1 
2026-09-28T07:18:04+04:00	ck9e-mirror-256k	0	726624	726318	45	16907927552	16294514688	python3*36 pt_gloo_runloop*2 ZMQbg/Reaper*2 ZMQbg/IO/0*2 pt_tcpstore_uv*1 cuda0000240000a*1 
2026-09-28T07:18:04+04:00	ck9e-mirror-256k	0	726625	726318	57	988975104	709021696	python3*49 ZMQbg/Reaper*4 ZMQbg/IO/0*4 
2026-09-28T07:18:14+04:00	ck9e-mirror-256k	0	726283	363	2	27787264	6053888	uv*1 main2*1 
2026-09-28T07:18:14+04:00	ck9e-mirror-256k	0	726318	726283	57	981209088	700116992	ft*51 ZMQbg/Reaper*3 ZMQbg/IO/0*3 
2026-09-28T07:18:14+04:00	ck9e-mirror-256k	0	726623	726318	1	12832768	5939200	python3*1 
2026-09-28T07:18:14+04:00	ck9e-mirror-256k	0	726624	726318	45	16907927552	16294514688	python3*36 pt_gloo_runloop*2 ZMQbg/Reaper*2 ZMQbg/IO/0*2 pt_tcpstore_uv*1 cuda0000240000a*1 
2026-09-28T07:18:14+04:00	ck9e-mirror-256k	0	726625	726318	57	988975104	709021696	python3*49 ZMQbg/Reaper*4 ZMQbg/IO/0*4 
2026-09-28T07:18:24+04:00	ck9e-mirror-256k	0	726283	363	2	27787264	6053888	uv*1 main2*1 
2026-09-28T07:18:24+04:00	ck9e-mirror-256k	0	726318	726283	57	981209088	700116992	ft*51 ZMQbg/Reaper*3 ZMQbg/IO/0*3 
2026-09-28T07:18:24+04:00	ck9e-mirror-256k	0	726623	726318	1	12832768	5939200	python3*1 
2026-09-28T07:18:24+04:00	ck9e-mirror-256k	0	726624	726318	45	16907927552	16294514688	python3*36 pt_gloo_runloop*2 ZMQbg/Reaper*2 ZMQbg/IO/0*2 pt_tcpstore_uv*1 cuda0000240000a*1 
2026-09-28T07:18:24+04:00	ck9e-mirror-256k	0	726625	726318	57	988975104	709021696	python3*49 ZMQbg/Reaper*4 ZMQbg/IO/0*4 
2026-09-28T07:18:38+04:00	ck9e-mirror-256k	0	726283	363	2	27787264	6053888	uv*1 main2*1 
2026-09-28T07:18:38+04:00	ck9e-mirror-256k	0	726318	726283	57	981209088	700116992	ft*51 ZMQbg/Reaper*3 ZMQbg/IO/0*3 
2026-09-28T07:18:38+04:00	ck9e-mirror-256k	0	726623	726318	1	12832768	5939200	python3*1 
2026-09-28T07:18:38+04:00	ck9e-mirror-256k	0	726624	726318	45	16907927552	16294514688	python3*36 pt_gloo_runloop*2 ZMQbg/Reaper*2 ZMQbg/IO/0*2 pt_tcpstore_uv*1 cuda0000240000a*1 
2026-09-28T07:18:38+04:00	ck9e-mirror-256k	0	726625	726318	57	988975104	709021696	python3*49 ZMQbg/Reaper*4 ZMQbg/IO/0*4 
2026-09-28T07:18:48+04:00	ck9e-mirror-256k	0	726283	363	2	27787264	6053888	uv*1 main2*1 
2026-09-28T07:18:48+04:00	ck9e-mirror-256k	0	726318	726283	57	981209088	700116992	ft*51 ZMQbg/Reaper*3 ZMQbg/IO/0*3 
2026-09-28T07:18:48+04:00	ck9e-mirror-256k	0	726623	726318	1	12832768	5939200	python3*1 
2026-09-28T07:18:48+04:00	ck9e-mirror-256k	0	726624	726318	45	16907927552	16294514688	python3*36 pt_gloo_runloop*2 ZMQbg/Reaper*2 ZMQbg/IO/0*2 pt_tcpstore_uv*1 cuda0000240000a*1 
2026-09-28T07:18:48+04:00	ck9e-mirror-256k	0	726625	726318	57	988975104	709021696	python3*49 ZMQbg/Reaper*4 ZMQbg/IO/0*4 
2026-09-28T07:18:58+04:00	ck9e-mirror-256k	0	726283	363	2	27787264	6053888	uv*1 main2*1 
2026-09-28T07:18:58+04:00	ck9e-mirror-256k	0	726318	726283	57	981209088	700116992	ft*51 ZMQbg/Reaper*3 ZMQbg/IO/0*3 
2026-09-28T07:18:58+04:00	ck9e-mirror-256k	0	726623	726318	1	12832768	5939200	python3*1 
2026-09-28T07:18:58+04:00	ck9e-mirror-256k	0	726624	726318	45	16907927552	16294514688	python3*36 pt_gloo_runloop*2 ZMQbg/Reaper*2 ZMQbg/IO/0*2 pt_tcpstore_uv*1 cuda0000240000a*1 
2026-09-28T07:18:58+04:00	ck9e-mirror-256k	0	726625	726318	57	988975104	709021696	python3*49 ZMQbg/Reaper*4 ZMQbg/IO/0*4 
2026-09-28T07:19:12+04:00	ck9e-mirror-256k	0	726283	363	2	27787264	6053888	uv*1 main2*1 
2026-09-28T07:19:12+04:00	ck9e-mirror-256k	0	726318	726283	57	981209088	700116992	ft*51 ZMQbg/Reaper*3 ZMQbg/IO/0*3 
2026-09-28T07:19:12+04:00	ck9e-mirror-256k	0	726623	726318	1	12832768	5939200	python3*1 
2026-09-28T07:19:12+04:00	ck9e-mirror-256k	0	726624	726318	45	16907927552	16294514688	python3*36 pt_gloo_runloop*2 ZMQbg/Reaper*2 ZMQbg/IO/0*2 pt_tcpstore_uv*1 cuda0000240000a*1 
2026-09-28T07:19:12+04:00	ck9e-mirror-256k	0	726625	726318	57	988975104	709021696	python3*49 ZMQbg/Reaper*4 ZMQbg/IO/0*4 
2026-09-28T07:19:22+04:00	ck9e-mirror-256k	0	726283	363	2	27787264	6053888	uv*1 main2*1 
2026-09-28T07:19:22+04:00	ck9e-mirror-256k	0	726318	726283	57	981209088	700116992	ft*51 ZMQbg/Reaper*3 ZMQbg/IO/0*3 
2026-09-28T07:19:22+04:00	ck9e-mirror-256k	0	726623	726318	1	12832768	5939200	python3*1 
2026-09-28T07:19:22+04:00	ck9e-mirror-256k	0	726624	726318	45	16907927552	16294514688	python3*36 pt_gloo_runloop*2 ZMQbg/Reaper*2 ZMQbg/IO/0*2 pt_tcpstore_uv*1 cuda0000240000a*1 
2026-09-28T07:19:22+04:00	ck9e-mirror-256k	0	726625	726318	57	988975104	709021696	python3*49 ZMQbg/Reaper*4 ZMQbg/IO/0*4 
2026-09-28T07:19:32+04:00	ck9e-mirror-256k	0	726283	363	2	27787264	6053888	uv*1 main2*1 
2026-09-28T07:19:32+04:00	ck9e-mirror-256k	0	726318	726283	57	981209088	700116992	ft*51 ZMQbg/Reaper*3 ZMQbg/IO/0*3 
2026-09-28T07:19:32+04:00	ck9e-mirror-256k	0	726623	726318	1	12832768	5939200	python3*1 
2026-09-28T07:19:32+04:00	ck9e-mirror-256k	0	726624	726318	45	16907927552	16294514688	python3*36 pt_gloo_runloop*2 ZMQbg/Reaper*2 ZMQbg/IO/0*2 pt_tcpstore_uv*1 cuda0000240000a*1 
2026-09-28T07:19:32+04:00	ck9e-mirror-256k	0	726625	726318	57	988975104	709021696	python3*49 ZMQbg/Reaper*4 ZMQbg/IO/0*4 
2026-09-28T07:19:43+04:00	ck9e-mirror-256k	0	726283	363	2	27787264	6053888	uv*1 main2*1 
2026-09-28T07:19:43+04:00	ck9e-mirror-256k	0	726318	726283	57	981209088	700116992	ft*51 ZMQbg/Reaper*3 ZMQbg/IO/0*3 
2026-09-28T07:19:43+04:00	ck9e-mirror-256k	0	726623	726318	1	12832768	5939200	python3*1 
2026-09-28T07:19:43+04:00	ck9e-mirror-256k	0	726624	726318	45	16907927552	16294514688	python3*36 pt_gloo_runloop*2 ZMQbg/Reaper*2 ZMQbg/IO/0*2 pt_tcpstore_uv*1 cuda0000240000a*1 
2026-09-28T07:19:43+04:00	ck9e-mirror-256k	0	726625	726318	57	988975104	709021696	python3*49 ZMQbg/Reaper*4 ZMQbg/IO/0*4 
2026-09-28T07:19:56+04:00	ck9e-mirror-256k	0	726283	363	2	27787264	6053888	uv*1 main2*1 
2026-09-28T07:19:56+04:00	ck9e-mirror-256k	0	726318	726283	57	981209088	700116992	ft*51 ZMQbg/Reaper*3 ZMQbg/IO/0*3 
2026-09-28T07:19:56+04:00	ck9e-mirror-256k	0	726623	726318	1	12832768	5939200	python3*1 
2026-09-28T07:19:56+04:00	ck9e-mirror-256k	0	726624	726318	45	16907927552	16294514688	python3*36 pt_gloo_runloop*2 ZMQbg/Reaper*2 ZMQbg/IO/0*2 pt_tcpstore_uv*1 cuda0000240000a*1 
2026-09-28T07:19:56+04:00	ck9e-mirror-256k	0	726625	726318	57	988975104	709021696	python3*49 ZMQbg/Reaper*4 ZMQbg/IO/0*4 
2026-09-28T07:20:06+04:00	ck9e-mirror-256k	0	726283	363	2	27787264	6053888	uv*1 main2*1 
2026-09-28T07:20:06+04:00	ck9e-mirror-256k	0	726318	726283	57	981209088	700116992	ft*51 ZMQbg/Reaper*3 ZMQbg/IO/0*3 
2026-09-28T07:20:07+04:00	ck9e-mirror-256k	0	726623	726318	1	12832768	5939200	python3*1 
2026-09-28T07:20:07+04:00	ck9e-mirror-256k	0	726624	726318	45	16907927552	16294514688	python3*36 pt_gloo_runloop*2 ZMQbg/Reaper*2 ZMQbg/IO/0*2 pt_tcpstore_uv*1 cuda0000240000a*1 
2026-09-28T07:20:07+04:00	ck9e-mirror-256k	0	726625	726318	57	988975104	709021696	python3*49 ZMQbg/Reaper*4 ZMQbg/IO/0*4 
2026-09-28T07:20:17+04:00	ck9e-mirror-256k	0	726283	363	2	27787264	6053888	uv*1 main2*1 
2026-09-28T07:20:17+04:00	ck9e-mirror-256k	0	726318	726283	57	981209088	700116992	ft*51 ZMQbg/Reaper*3 ZMQbg/IO/0*3 
2026-09-28T07:20:17+04:00	ck9e-mirror-256k	0	726623	726318	1	12832768	5939200	python3*1 
2026-09-28T07:20:17+04:00	ck9e-mirror-256k	0	726624	726318	45	16907927552	16294514688	python3*36 pt_gloo_runloop*2 ZMQbg/Reaper*2 ZMQbg/IO/0*2 pt_tcpstore_uv*1 cuda0000240000a*1 
2026-09-28T07:20:17+04:00	ck9e-mirror-256k	0	726625	726318	57	988975104	709021696	python3*49 ZMQbg/Reaper*4 ZMQbg/IO/0*4 
2026-09-28T07:20:30+04:00	ck9e-mirror-256k	0	726283	363	2	27787264	6053888	uv*1 main2*1 
2026-09-28T07:20:30+04:00	ck9e-mirror-256k	0	726318	726283	57	981209088	700116992	ft*51 ZMQbg/Reaper*3 ZMQbg/IO/0*3 
2026-09-28T07:20:30+04:00	ck9e-mirror-256k	0	726623	726318	1	12832768	5939200	python3*1 
2026-09-28T07:20:30+04:00	ck9e-mirror-256k	0	726624	726318	45	16907927552	16294514688	python3*36 pt_gloo_runloop*2 ZMQbg/Reaper*2 ZMQbg/IO/0*2 pt_tcpstore_uv*1 cuda0000240000a*1 
2026-09-28T07:20:30+04:00	ck9e-mirror-256k	0	726625	726318	57	988975104	709021696	python3*49 ZMQbg/Reaper*4 ZMQbg/IO/0*4 
2026-09-28T07:20:41+04:00	ck9e-mirror-256k	0	726283	363	2	27787264	6053888	uv*1 main2*1 
2026-09-28T07:20:41+04:00	ck9e-mirror-256k	0	726318	726283	57	981209088	700116992	ft*51 ZMQbg/Reaper*3 ZMQbg/IO/0*3 
2026-09-28T07:20:41+04:00	ck9e-mirror-256k	0	726623	726318	1	12832768	5939200	python3*1 
2026-09-28T07:20:41+04:00	ck9e-mirror-256k	0	726624	726318	45	16907927552	16294514688	python3*36 pt_gloo_runloop*2 ZMQbg/Reaper*2 ZMQbg/IO/0*2 pt_tcpstore_uv*1 cuda0000240000a*1 
2026-09-28T07:20:41+04:00	ck9e-mirror-256k	0	726625	726318	57	988975104	709021696	python3*49 ZMQbg/Reaper*4 ZMQbg/IO/0*4 
2026-09-28T07:20:51+04:00	ck9e-mirror-256k	0	726283	363	2	27787264	6053888	uv*1 main2*1 
2026-09-28T07:20:51+04:00	ck9e-mirror-256k	0	726318	726283	57	981209088	700116992	ft*51 ZMQbg/Reaper*3 ZMQbg/IO/0*3 
2026-09-28T07:20:51+04:00	ck9e-mirror-256k	0	726623	726318	1	12832768	5939200	python3*1 
2026-09-28T07:20:51+04:00	ck9e-mirror-256k	0	726624	726318	45	16907927552	16294514688	python3*36 pt_gloo_runloop*2 ZMQbg/Reaper*2 ZMQbg/IO/0*2 pt_tcpstore_uv*1 cuda0000240000a*1 
2026-09-28T07:20:51+04:00	ck9e-mirror-256k	0	726625	726318	57	988975104	709021696	python3*49 ZMQbg/Reaper*4 ZMQbg/IO/0*4 
2026-09-28T07:21:05+04:00	ck9e-mirror-256k	0	726283	363	2	27787264	6053888	uv*1 main2*1 
2026-09-28T07:21:05+04:00	ck9e-mirror-256k	0	726318	726283	57	981209088	700116992	ft*51 ZMQbg/Reaper*3 ZMQbg/IO/0*3 
2026-09-28T07:21:05+04:00	ck9e-mirror-256k	0	726623	726318	1	12832768	5939200	python3*1 
2026-09-28T07:21:05+04:00	ck9e-mirror-256k	0	726624	726318	45	16907927552	16294514688	python3*36 pt_gloo_runloop*2 ZMQbg/Reaper*2 ZMQbg/IO/0*2 pt_tcpstore_uv*1 cuda0000240000a*1 
2026-09-28T07:21:05+04:00	ck9e-mirror-256k	0	726625	726318	57	988975104	709021696	python3*49 ZMQbg/Reaper*4 ZMQbg/IO/0*4 
2026-09-28T07:21:15+04:00	ck9e-mirror-256k	0	726283	363	2	27787264	6053888	uv*1 main2*1 
2026-09-28T07:21:15+04:00	ck9e-mirror-256k	0	726318	726283	57	981209088	700116992	ft*51 ZMQbg/Reaper*3 ZMQbg/IO/0*3 
2026-09-28T07:21:15+04:00	ck9e-mirror-256k	0	726623	726318	1	12832768	5939200	python3*1 
2026-09-28T07:21:15+04:00	ck9e-mirror-256k	0	726624	726318	45	16907927552	16294514688	python3*36 pt_gloo_runloop*2 ZMQbg/Reaper*2 ZMQbg/IO/0*2 pt_tcpstore_uv*1 cuda0000240000a*1 
2026-09-28T07:21:15+04:00	ck9e-mirror-256k	0	726625	726318	57	988975104	709021696	python3*49 ZMQbg/Reaper*4 ZMQbg/IO/0*4 
2026-09-28T07:21:25+04:00	ck9e-mirror-256k	0	726283	363	2	27787264	6053888	uv*1 main2*1 
2026-09-28T07:21:25+04:00	ck9e-mirror-256k	0	726318	726283	57	981209088	700116992	ft*51 ZMQbg/Reaper*3 ZMQbg/IO/0*3 
2026-09-28T07:21:25+04:00	ck9e-mirror-256k	0	726623	726318	1	12832768	5939200	python3*1 
2026-09-28T07:21:25+04:00	ck9e-mirror-256k	0	726624	726318	45	16907927552	16294514688	python3*36 pt_gloo_runloop*2 ZMQbg/Reaper*2 ZMQbg/IO/0*2 pt_tcpstore_uv*1 cuda0000240000a*1 
2026-09-28T07:21:25+04:00	ck9e-mirror-256k	0	726625	726318	57	988975104	709021696	python3*49 ZMQbg/Reaper*4 ZMQbg/IO/0*4 
2026-09-28T07:21:39+04:00	ck9e-mirror-256k	0	726283	363	2	27787264	6053888	uv*1 main2*1 
2026-09-28T07:21:39+04:00	ck9e-mirror-256k	0	726318	726283	57	981209088	700116992	ft*51 ZMQbg/Reaper*3 ZMQbg/IO/0*3 
2026-09-28T07:21:39+04:00	ck9e-mirror-256k	0	726623	726318	1	12832768	5939200	python3*1 
2026-09-28T07:21:39+04:00	ck9e-mirror-256k	0	726624	726318	45	16907927552	16294514688	python3*36 pt_gloo_runloop*2 ZMQbg/Reaper*2 ZMQbg/IO/0*2 pt_tcpstore_uv*1 cuda0000240000a*1 
2026-09-28T07:21:39+04:00	ck9e-mirror-256k	0	726625	726318	57	988975104	709021696	python3*49 ZMQbg/Reaper*4 ZMQbg/IO/0*4 
2026-09-28T07:21:49+04:00	ck9e-mirror-256k	0	726283	363	2	27787264	6053888	uv*1 main2*1 
2026-09-28T07:21:49+04:00	ck9e-mirror-256k	0	726318	726283	57	981209088	700116992	ft*51 ZMQbg/Reaper*3 ZMQbg/IO/0*3 
2026-09-28T07:21:49+04:00	ck9e-mirror-256k	0	726623	726318	1	12832768	5939200	python3*1 
2026-09-28T07:21:49+04:00	ck9e-mirror-256k	0	726624	726318	45	16907927552	16294514688	python3*36 pt_gloo_runloop*2 ZMQbg/Reaper*2 ZMQbg/IO/0*2 pt_tcpstore_uv*1 cuda0000240000a*1 
2026-09-28T07:21:49+04:00	ck9e-mirror-256k	0	726625	726318	57	988975104	709021696	python3*49 ZMQbg/Reaper*4 ZMQbg/IO/0*4 
2026-09-28T07:21:59+04:00	ck9e-mirror-256k	0	726283	363	2	27787264	6053888	uv*1 main2*1 
2026-09-28T07:21:59+04:00	ck9e-mirror-256k	0	726318	726283	57	982687744	701595648	ft*51 ZMQbg/Reaper*3 ZMQbg/IO/0*3 
2026-09-28T07:21:59+04:00	ck9e-mirror-256k	0	726623	726318	1	12832768	5939200	python3*1 
2026-09-28T07:21:59+04:00	ck9e-mirror-256k	0	726624	726318	45	16908095488	16294682624	python3*36 pt_gloo_runloop*2 ZMQbg/Reaper*2 ZMQbg/IO/0*2 pt_tcpstore_uv*1 cuda0000240000a*1 
2026-09-28T07:21:59+04:00	ck9e-mirror-256k	0	726625	726318	57	988975104	709021696	python3*49 ZMQbg/Reaper*4 ZMQbg/IO/0*4 
2026-09-28T07:22:13+04:00	ck9e-mirror-256k	0	726283	363	2	27787264	6053888	uv*1 main2*1 
2026-09-28T07:22:13+04:00	ck9e-mirror-256k	0	726318	726283	57	983420928	702328832	ft*51 ZMQbg/Reaper*3 ZMQbg/IO/0*3 
2026-09-28T07:22:13+04:00	ck9e-mirror-256k	0	726623	726318	1	12832768	5939200	python3*1 
2026-09-28T07:22:13+04:00	ck9e-mirror-256k	0	726624	726318	45	16908095488	16294682624	python3*36 pt_gloo_runloop*2 ZMQbg/Reaper*2 ZMQbg/IO/0*2 pt_tcpstore_uv*1 cuda0000240000a*1 
2026-09-28T07:22:13+04:00	ck9e-mirror-256k	0	726625	726318	57	988975104	709021696	python3*49 ZMQbg/Reaper*4 ZMQbg/IO/0*4 
2026-09-28T07:22:23+04:00	ck9e-mirror-256k	0	726283	363	2	27787264	6053888	uv*1 main2*1 
2026-09-28T07:22:23+04:00	ck9e-mirror-256k	0	726318	726283	57	983420928	702328832	ft*51 ZMQbg/Reaper*3 ZMQbg/IO/0*3 
2026-09-28T07:22:23+04:00	ck9e-mirror-256k	0	726623	726318	1	12832768	5939200	python3*1 
2026-09-28T07:22:23+04:00	ck9e-mirror-256k	0	726624	726318	45	16908099584	16294686720	python3*36 pt_gloo_runloop*2 ZMQbg/Reaper*2 ZMQbg/IO/0*2 pt_tcpstore_uv*1 cuda0000240000a*1 
2026-09-28T07:22:23+04:00	ck9e-mirror-256k	0	726625	726318	57	988975104	709021696	python3*49 ZMQbg/Reaper*4 ZMQbg/IO/0*4 
2026-09-28T07:22:33+04:00	ck9e-mirror-256k	0	726283	363	2	27787264	6053888	uv*1 main2*1 
2026-09-28T07:22:33+04:00	ck9e-mirror-256k	0	726318	726283	57	983420928	702328832	ft*51 ZMQbg/Reaper*3 ZMQbg/IO/0*3 
2026-09-28T07:22:33+04:00	ck9e-mirror-256k	0	726623	726318	1	12832768	5939200	python3*1 
2026-09-28T07:22:34+04:00	ck9e-mirror-256k	0	726624	726318	45	16908099584	16294686720	python3*36 pt_gloo_runloop*2 ZMQbg/Reaper*2 ZMQbg/IO/0*2 pt_tcpstore_uv*1 cuda0000240000a*1 
2026-09-28T07:22:34+04:00	ck9e-mirror-256k	0	726625	726318	57	988975104	709021696	python3*49 ZMQbg/Reaper*4 ZMQbg/IO/0*4 
2026-09-28T07:22:47+04:00	ck9e-mirror-256k	0	726283	363	2	27787264	6053888	uv*1 main2*1 
2026-09-28T07:22:47+04:00	ck9e-mirror-256k	0	726318	726283	57	983420928	702328832	ft*51 ZMQbg/Reaper*3 ZMQbg/IO/0*3 
2026-09-28T07:22:47+04:00	ck9e-mirror-256k	0	726623	726318	1	12832768	5939200	python3*1 
2026-09-28T07:22:47+04:00	ck9e-mirror-256k	0	726624	726318	45	16908099584	16294686720	python3*36 pt_gloo_runloop*2 ZMQbg/Reaper*2 ZMQbg/IO/0*2 pt_tcpstore_uv*1 cuda0000240000a*1 
2026-09-28T07:22:47+04:00	ck9e-mirror-256k	0	726625	726318	57	988975104	709021696	python3*49 ZMQbg/Reaper*4 ZMQbg/IO/0*4 
2026-09-28T07:22:57+04:00	ck9e-mirror-256k	0	726283	363	2	27787264	6053888	uv*1 main2*1 
2026-09-28T07:22:57+04:00	ck9e-mirror-256k	0	726318	726283	57	1009442816	728350720	ft*51 ZMQbg/Reaper*3 ZMQbg/IO/0*3 
2026-09-28T07:22:57+04:00	ck9e-mirror-256k	0	726623	726318	1	12832768	5939200	python3*1 
2026-09-28T07:22:57+04:00	ck9e-mirror-256k	0	726624	726318	45	16908132352	16294686720	python3*36 pt_gloo_runloop*2 ZMQbg/Reaper*2 ZMQbg/IO/0*2 pt_tcpstore_uv*1 cuda0000240000a*1 
2026-09-28T07:22:57+04:00	ck9e-mirror-256k	0	726625	726318	57	988794880	708841472	python3*49 ZMQbg/Reaper*4 ZMQbg/IO/0*4 
2026-09-28T07:23:08+04:00	ck9e-mirror-256k	0	726283	363	2	27787264	6053888	uv*1 main2*1 
2026-09-28T07:23:08+04:00	ck9e-mirror-256k	0	726318	726283	57	1009442816	728350720	ft*51 ZMQbg/Reaper*3 ZMQbg/IO/0*3 
2026-09-28T07:23:08+04:00	ck9e-mirror-256k	0	726623	726318	1	12832768	5939200	python3*1 
2026-09-28T07:23:08+04:00	ck9e-mirror-256k	0	726624	726318	45	16908132352	16294686720	python3*36 pt_gloo_runloop*2 ZMQbg/Reaper*2 ZMQbg/IO/0*2 pt_tcpstore_uv*1 cuda0000240000a*1 
2026-09-28T07:23:08+04:00	ck9e-mirror-256k	0	726625	726318	57	988794880	708841472	python3*49 ZMQbg/Reaper*4 ZMQbg/IO/0*4 
2026-09-28T07:23:21+04:00	ck9e-mirror-256k	0	726283	363	2	27787264	6053888	uv*1 main2*1 
2026-09-28T07:23:21+04:00	ck9e-mirror-256k	0	726318	726283	57	1009442816	728350720	ft*51 ZMQbg/Reaper*3 ZMQbg/IO/0*3 
2026-09-28T07:23:21+04:00	ck9e-mirror-256k	0	726623	726318	1	12832768	5939200	python3*1 
2026-09-28T07:23:21+04:00	ck9e-mirror-256k	0	726624	726318	45	16908132352	16294686720	python3*36 pt_gloo_runloop*2 ZMQbg/Reaper*2 ZMQbg/IO/0*2 pt_tcpstore_uv*1 cuda0000240000a*1 
2026-09-28T07:23:21+04:00	ck9e-mirror-256k	0	726625	726318	57	988794880	708841472	python3*49 ZMQbg/Reaper*4 ZMQbg/IO/0*4 
2026-09-28T07:23:31+04:00	ck9e-mirror-256k	0	726283	363	2	27787264	6053888	uv*1 main2*1 
2026-09-28T07:23:31+04:00	ck9e-mirror-256k	0	726318	726283	57	1009442816	728350720	ft*51 ZMQbg/Reaper*3 ZMQbg/IO/0*3 
2026-09-28T07:23:31+04:00	ck9e-mirror-256k	0	726623	726318	1	12832768	5939200	python3*1 
2026-09-28T07:23:31+04:00	ck9e-mirror-256k	0	726624	726318	45	16908132352	16294686720	python3*36 pt_gloo_runloop*2 ZMQbg/Reaper*2 ZMQbg/IO/0*2 pt_tcpstore_uv*1 cuda0000240000a*1 
2026-09-28T07:23:32+04:00	ck9e-mirror-256k	0	726625	726318	57	988794880	708841472	python3*49 ZMQbg/Reaper*4 ZMQbg/IO/0*4 
2026-09-28T07:23:42+04:00	ck9e-mirror-256k	0	726283	363	2	27787264	6053888	uv*1 main2*1 
2026-09-28T07:23:42+04:00	ck9e-mirror-256k	0	726318	726283	57	1086148608	805056512	ft*51 ZMQbg/Reaper*3 ZMQbg/IO/0*3 
2026-09-28T07:23:42+04:00	ck9e-mirror-256k	0	726623	726318	1	12832768	5939200	python3*1 
2026-09-28T07:23:42+04:00	ck9e-mirror-256k	0	726624	726318	45	16916455424	16303009792	python3*36 pt_gloo_runloop*2 ZMQbg/Reaper*2 ZMQbg/IO/0*2 pt_tcpstore_uv*1 cuda0000240000a*1 
2026-09-28T07:23:42+04:00	ck9e-mirror-256k	0	726625	726318	57	988794880	708841472	python3*49 ZMQbg/Reaper*4 ZMQbg/IO/0*4 
2026-09-28T07:24:38+04:00	ck9e-nat-whole-1	0	837378	363	3	27877376	6070272	uv*1 tokio-rt-worker*1 main2*1 
2026-09-28T07:24:38+04:00	ck9e-nat-whole-1	0	837420	837378	22	704143360	422748160	ft*18 ZMQbg/Reaper*2 ZMQbg/IO/0*2 
2026-09-28T07:24:38+04:00	ck9e-nat-whole-1	0	837663	837420	1	12779520	5939200	python3*1 
2026-09-28T07:24:38+04:00	ck9e-nat-whole-1	0	837664	837420	25	2475356160	803508224	python3*20 pt_gloo_runloop*2 pt_tcpstore_uv*1 cuda0000240000a*1 cuda-EvtHandlr*1 
2026-09-28T07:24:38+04:00	ck9e-nat-whole-1	0	837665	837420	23	884346880	607490048	python3*17 ZMQbg/Reaper*3 ZMQbg/IO/0*3 
2026-09-28T07:24:48+04:00	ck9e-nat-whole-1	0	837378	363	2	28008448	6070272	uv*1 main2*1 
2026-09-28T07:24:48+04:00	ck9e-nat-whole-1	0	837420	837378	22	704155648	422760448	ft*18 ZMQbg/Reaper*2 ZMQbg/IO/0*2 
2026-09-28T07:24:48+04:00	ck9e-nat-whole-1	0	837663	837420	1	12779520	5939200	python3*1 
2026-09-28T07:24:48+04:00	ck9e-nat-whole-1	0	837664	837420	41	5360885760	984350720	python3*36 pt_gloo_runloop*2 pt_tcpstore_uv*1 cuda0000240000a*1 cuda-EvtHandlr*1 
2026-09-28T07:24:49+04:00	ck9e-nat-whole-1	0	837665	837420	23	884346880	607490048	python3*17 ZMQbg/Reaper*3 ZMQbg/IO/0*3 
2026-09-28T07:24:59+04:00	ck9e-nat-whole-1	0	837378	363	2	28008448	6070272	uv*1 main2*1 
2026-09-28T07:24:59+04:00	ck9e-nat-whole-1	0	837420	837378	22	702578688	422764544	ft*18 ZMQbg/Reaper*2 ZMQbg/IO/0*2 
2026-09-28T07:24:59+04:00	ck9e-nat-whole-1	0	837663	837420	1	12779520	5939200	python3*1 
2026-09-28T07:24:59+04:00	ck9e-nat-whole-1	0	837664	837420	41	12778192896	984727552	python3*36 pt_gloo_runloop*2 pt_tcpstore_uv*1 cuda0000240000a*1 cuda-EvtHandlr*1 
2026-09-28T07:24:59+04:00	ck9e-nat-whole-1	0	837665	837420	23	882774016	607490048	python3*17 ZMQbg/Reaper*3 ZMQbg/IO/0*3 
2026-09-28T07:25:12+04:00	ck9e-nat-whole-1	0	837378	363	2	27713536	6070272	uv*1 main2*1 
2026-09-28T07:25:12+04:00	ck9e-nat-whole-1	0	837420	837378	22	656142336	422764544	ft*18 ZMQbg/Reaper*2 ZMQbg/IO/0*2 
2026-09-28T07:25:12+04:00	ck9e-nat-whole-1	0	837663	837420	1	12775424	5939200	python3*1 
2026-09-28T07:25:12+04:00	ck9e-nat-whole-1	0	837664	837420	41	18176614400	984977408	python3*36 pt_gloo_runloop*2 pt_tcpstore_uv*1 cuda0000240000a*1 cuda-EvtHandlr*1 
2026-09-28T07:25:12+04:00	ck9e-nat-whole-1	0	837665	837420	23	829440000	607490048	python3*17 ZMQbg/Reaper*3 ZMQbg/IO/0*3 
2026-09-28T07:25:22+04:00	ck9e-nat-whole-1	0	837378	363	2	26570752	6070272	uv*1 main2*1 
2026-09-28T07:25:22+04:00	ck9e-nat-whole-1	0	837420	837378	22	628506624	422764544	ft*18 ZMQbg/Reaper*2 ZMQbg/IO/0*2 
2026-09-28T07:25:22+04:00	ck9e-nat-whole-1	0	837663	837420	1	12726272	5939200	python3*1 
2026-09-28T07:25:22+04:00	ck9e-nat-whole-1	0	837664	837420	40	23306248192	966201344	python3*35 pt_gloo_runloop*2 pt_tcpstore_uv*1 cuda0000240000a*1 cuda-EvtHandlr*1 
2026-09-28T07:25:22+04:00	ck9e-nat-whole-1	0	837665	837420	23	809451520	607490048	python3*17 ZMQbg/Reaper*3 ZMQbg/IO/0*3 
2026-09-28T07:25:33+04:00	ck9e-nat-whole-1	0	837378	363	2	26570752	6070272	uv*1 main2*1 
2026-09-28T07:25:33+04:00	ck9e-nat-whole-1	0	837420	837378	39	830173184	620941312	ft*35 ZMQbg/Reaper*2 ZMQbg/IO/0*2 
2026-09-28T07:25:33+04:00	ck9e-nat-whole-1	0	837663	837420	1	12726272	5939200	python3*1 
2026-09-28T07:25:33+04:00	ck9e-nat-whole-1	0	837664	837420	45	22578569216	1751162880	python3*36 pt_gloo_runloop*2 ZMQbg/Reaper*2 ZMQbg/IO/0*2 pt_tcpstore_uv*1 cuda0000240000a*1 
2026-09-28T07:25:33+04:00	ck9e-nat-whole-1	0	837665	837420	39	810512384	608301056	python3*33 ZMQbg/Reaper*3 ZMQbg/IO/0*3 
2026-09-28T07:25:46+04:00	ck9e-nat-whole-1	0	837378	363	2	26570752	6070272	uv*1 main2*1 
2026-09-28T07:25:46+04:00	ck9e-nat-whole-1	0	837420	837378	39	830173184	620941312	ft*35 ZMQbg/Reaper*2 ZMQbg/IO/0*2 
2026-09-28T07:25:46+04:00	ck9e-nat-whole-1	0	837663	837420	1	12726272	5939200	python3*1 
2026-09-28T07:25:46+04:00	ck9e-nat-whole-1	0	837664	837420	45	22578569216	1751162880	python3*36 pt_gloo_runloop*2 ZMQbg/Reaper*2 ZMQbg/IO/0*2 pt_tcpstore_uv*1 cuda0000240000a*1 
2026-09-28T07:25:47+04:00	ck9e-nat-whole-1	0	837665	837420	39	810512384	608301056	python3*33 ZMQbg/Reaper*3 ZMQbg/IO/0*3 
2026-09-28T07:25:57+04:00	ck9e-nat-whole-1	0	837378	363	2	26570752	6070272	uv*1 main2*1 
2026-09-28T07:25:57+04:00	ck9e-nat-whole-1	0	837420	837378	39	830349312	621117440	ft*35 ZMQbg/Reaper*2 ZMQbg/IO/0*2 
2026-09-28T07:25:57+04:00	ck9e-nat-whole-1	0	837663	837420	1	12726272	5939200	python3*1 
2026-09-28T07:25:57+04:00	ck9e-nat-whole-1	0	837664	837420	45	22578606080	1751199744	python3*36 pt_gloo_runloop*2 ZMQbg/Reaper*2 ZMQbg/IO/0*2 pt_tcpstore_uv*1 cuda0000240000a*1 
2026-09-28T07:25:57+04:00	ck9e-nat-whole-1	0	837665	837420	39	810545152	608333824	python3*33 ZMQbg/Reaper*3 ZMQbg/IO/0*3 
2026-09-28T07:26:07+04:00	ck9e-nat-whole-1	0	837378	363	2	26570752	6070272	uv*1 main2*1 
2026-09-28T07:26:07+04:00	ck9e-nat-whole-1	0	837420	837378	39	916303872	707072000	ft*35 ZMQbg/Reaper*2 ZMQbg/IO/0*2 
2026-09-28T07:26:07+04:00	ck9e-nat-whole-1	0	837663	837420	1	12726272	5939200	python3*1 
2026-09-28T07:26:07+04:00	ck9e-nat-whole-1	0	837664	837420	45	22586425344	1758474240	python3*36 pt_gloo_runloop*2 ZMQbg/Reaper*2 ZMQbg/IO/0*2 pt_tcpstore_uv*1 cuda0000240000a*1 
2026-09-28T07:26:07+04:00	ck9e-nat-whole-1	0	837665	837420	39	810549248	608337920	python3*33 ZMQbg/Reaper*3 ZMQbg/IO/0*3 
2026-09-28T07:26:21+04:00	ck9e-nat-whole-1	0	837378	363	2	26570752	6070272	uv*1 main2*1 
2026-09-28T07:26:21+04:00	ck9e-nat-whole-1	0	837420	837378	39	916615168	707379200	ft*35 ZMQbg/Reaper*2 ZMQbg/IO/0*2 
2026-09-28T07:26:21+04:00	ck9e-nat-whole-1	0	837663	837420	1	12726272	5939200	python3*1 
2026-09-28T07:26:21+04:00	ck9e-nat-whole-1	0	837664	837420	45	22586859520	1758900224	python3*36 pt_gloo_runloop*2 ZMQbg/Reaper*2 ZMQbg/IO/0*2 pt_tcpstore_uv*1 cuda0000240000a*1 
2026-09-28T07:26:21+04:00	ck9e-nat-whole-1	0	837665	837420	39	810549248	608337920	python3*33 ZMQbg/Reaper*3 ZMQbg/IO/0*3 
2026-09-28T07:26:31+04:00	ck9e-nat-whole-1	0	837378	363	2	26570752	6070272	uv*1 main2*1 
2026-09-28T07:26:31+04:00	ck9e-nat-whole-1	0	837420	837378	39	916627456	707391488	ft*35 ZMQbg/Reaper*2 ZMQbg/IO/0*2 
2026-09-28T07:26:31+04:00	ck9e-nat-whole-1	0	837663	837420	1	12726272	5939200	python3*1 
2026-09-28T07:26:31+04:00	ck9e-nat-whole-1	0	837664	837420	45	22586871808	1758912512	python3*36 pt_gloo_runloop*2 ZMQbg/Reaper*2 ZMQbg/IO/0*2 pt_tcpstore_uv*1 cuda0000240000a*1 
2026-09-28T07:26:31+04:00	ck9e-nat-whole-1	0	837665	837420	39	810549248	608337920	python3*33 ZMQbg/Reaper*3 ZMQbg/IO/0*3 
2026-09-28T07:26:41+04:00	ck9e-nat-whole-1	0	837378	363	2	26570752	6070272	uv*1 main2*1 
2026-09-28T07:26:41+04:00	ck9e-nat-whole-1	0	837420	837378	39	916758528	707522560	ft*35 ZMQbg/Reaper*2 ZMQbg/IO/0*2 
2026-09-28T07:26:41+04:00	ck9e-nat-whole-1	0	837663	837420	1	12726272	5939200	python3*1 
2026-09-28T07:26:41+04:00	ck9e-nat-whole-1	0	837664	837420	45	22587154432	1759195136	python3*36 pt_gloo_runloop*2 ZMQbg/Reaper*2 ZMQbg/IO/0*2 pt_tcpstore_uv*1 cuda0000240000a*1 
2026-09-28T07:26:41+04:00	ck9e-nat-whole-1	0	837665	837420	39	810549248	608337920	python3*33 ZMQbg/Reaper*3 ZMQbg/IO/0*3 
2026-09-28T07:26:55+04:00	ck9e-nat-whole-1	0	837378	363	2	26570752	6070272	uv*1 main2*1 
2026-09-28T07:26:55+04:00	ck9e-nat-whole-1	0	837420	837378	39	916762624	707526656	ft*35 ZMQbg/Reaper*2 ZMQbg/IO/0*2 
2026-09-28T07:26:55+04:00	ck9e-nat-whole-1	0	837663	837420	1	12726272	5939200	python3*1 
2026-09-28T07:26:55+04:00	ck9e-nat-whole-1	0	837664	837420	45	22587174912	1759215616	python3*36 pt_gloo_runloop*2 ZMQbg/Reaper*2 ZMQbg/IO/0*2 pt_tcpstore_uv*1 cuda0000240000a*1 
2026-09-28T07:26:55+04:00	ck9e-nat-whole-1	0	837665	837420	39	810549248	608337920	python3*33 ZMQbg/Reaper*3 ZMQbg/IO/0*3 
2026-09-28T07:27:05+04:00	ck9e-nat-whole-1	0	837378	363	2	26570752	6070272	uv*1 main2*1 
2026-09-28T07:27:05+04:00	ck9e-nat-whole-1	0	837420	837378	39	909541376	707579904	ft*35 ZMQbg/Reaper*2 ZMQbg/IO/0*2 
2026-09-28T07:27:06+04:00	ck9e-nat-whole-1	0	837663	837420	1	12726272	5939200	python3*1 
2026-09-28T07:27:06+04:00	ck9e-nat-whole-1	0	837664	837420	45	22579609600	1759219712	python3*36 pt_gloo_runloop*2 ZMQbg/Reaper*2 ZMQbg/IO/0*2 pt_tcpstore_uv*1 cuda0000240000a*1 
2026-09-28T07:27:06+04:00	ck9e-nat-whole-1	0	837665	837420	39	803373056	608342016	python3*33 ZMQbg/Reaper*3 ZMQbg/IO/0*3 
2026-09-28T07:27:16+04:00	ck9e-nat-whole-1	0	837378	363	2	26570752	6070272	uv*1 main2*1 
2026-09-28T07:27:16+04:00	ck9e-nat-whole-1	0	837420	837378	39	909545472	707584000	ft*35 ZMQbg/Reaper*2 ZMQbg/IO/0*2 
2026-09-28T07:27:16+04:00	ck9e-nat-whole-1	0	837663	837420	1	12726272	5939200	python3*1 
2026-09-28T07:27:16+04:00	ck9e-nat-whole-1	0	837664	837420	45	22579609600	1759219712	python3*36 pt_gloo_runloop*2 ZMQbg/Reaper*2 ZMQbg/IO/0*2 pt_tcpstore_uv*1 cuda0000240000a*1 
2026-09-28T07:27:16+04:00	ck9e-nat-whole-1	0	837665	837420	39	803373056	608342016	python3*33 ZMQbg/Reaper*3 ZMQbg/IO/0*3 
2026-09-28T07:27:26+04:00	ck9e-nat-whole-1	0	837378	363	2	26570752	6070272	uv*1 main2*1 
2026-09-28T07:27:26+04:00	ck9e-nat-whole-1	0	837420	837378	39	910139392	708177920	ft*35 ZMQbg/Reaper*2 ZMQbg/IO/0*2 
2026-09-28T07:27:26+04:00	ck9e-nat-whole-1	0	837663	837420	1	12726272	5939200	python3*1 
2026-09-28T07:27:26+04:00	ck9e-nat-whole-1	0	837664	837420	45	22579728384	1759264768	python3*36 pt_gloo_runloop*2 ZMQbg/Reaper*2 ZMQbg/IO/0*2 pt_tcpstore_uv*1 cuda0000240000a*1 
2026-09-28T07:27:26+04:00	ck9e-nat-whole-1	0	837665	837420	42	803483648	608452608	python3*34 ZMQbg/Reaper*4 ZMQbg/IO/0*4 
2026-09-28T07:27:40+04:00	ck9e-nat-whole-1	0	837378	363	2	26570752	6070272	uv*1 main2*1 
2026-09-28T07:27:40+04:00	ck9e-nat-whole-1	0	837420	837378	39	910139392	708177920	ft*35 ZMQbg/Reaper*2 ZMQbg/IO/0*2 
2026-09-28T07:27:40+04:00	ck9e-nat-whole-1	0	837663	837420	1	12726272	5939200	python3*1 
2026-09-28T07:27:40+04:00	ck9e-nat-whole-1	0	837664	837420	45	22579728384	1759264768	python3*36 pt_gloo_runloop*2 ZMQbg/Reaper*2 ZMQbg/IO/0*2 pt_tcpstore_uv*1 cuda0000240000a*1 
2026-09-28T07:27:40+04:00	ck9e-nat-whole-1	0	837665	837420	42	803483648	608452608	python3*34 ZMQbg/Reaper*4 ZMQbg/IO/0*4 
2026-09-28T07:28:24+04:00	ck9s-mirror-256k	0	851973	363	3	26640384	6049792	uv*1 tokio-rt-worker*1 main2*1 
2026-09-28T07:28:24+04:00	ck9s-mirror-256k	0	851998	851973	16	527736832	303595520	ft*16 
2026-09-28T07:28:34+04:00	ck9s-mirror-256k	0	851973	363	2	26771456	6049792	uv*1 main2*1 
2026-09-28T07:28:34+04:00	ck9s-mirror-256k	0	851998	851973	22	704364544	422748160	ft*18 ZMQbg/Reaper*2 ZMQbg/IO/0*2 
2026-09-28T07:28:34+04:00	ck9s-mirror-256k	0	852268	851998	1	12771328	5939200	python3*1 
2026-09-28T07:28:34+04:00	ck9s-mirror-256k	0	852269	851998	40	17476870144	15347380224	python3*35 pt_gloo_runloop*2 pt_tcpstore_uv*1 cuda0000240000a*1 cuda-EvtHandlr*1 
2026-09-28T07:28:34+04:00	ck9s-mirror-256k	0	852270	851998	23	883707904	606367744	python3*17 ZMQbg/Reaper*3 ZMQbg/IO/0*3 
2026-09-28T07:28:48+04:00	ck9s-mirror-256k	0	851973	363	2	26771456	6049792	uv*1 main2*1 
2026-09-28T07:28:48+04:00	ck9s-mirror-256k	0	851998	851973	22	704368640	422752256	ft*18 ZMQbg/Reaper*2 ZMQbg/IO/0*2 
2026-09-28T07:28:48+04:00	ck9s-mirror-256k	0	852268	851998	1	12771328	5939200	python3*1 
2026-09-28T07:28:48+04:00	ck9s-mirror-256k	0	852269	851998	40	17566801920	15433854976	python3*35 pt_gloo_runloop*2 pt_tcpstore_uv*1 cuda0000240000a*1 cuda-EvtHandlr*1 
2026-09-28T07:28:48+04:00	ck9s-mirror-256k	0	852270	851998	23	883707904	606367744	python3*17 ZMQbg/Reaper*3 ZMQbg/IO/0*3 
2026-09-28T07:28:58+04:00	ck9s-mirror-256k	0	851973	363	2	26771456	6049792	uv*1 main2*1 
2026-09-28T07:28:58+04:00	ck9s-mirror-256k	0	851998	851973	22	704368640	422752256	ft*18 ZMQbg/Reaper*2 ZMQbg/IO/0*2 
2026-09-28T07:28:58+04:00	ck9s-mirror-256k	0	852268	851998	1	12771328	5939200	python3*1 
2026-09-28T07:28:58+04:00	ck9s-mirror-256k	0	852269	851998	41	16347246592	15749607424	python3*36 pt_gloo_runloop*2 pt_tcpstore_uv*1 cuda0000240000a*1 cuda-EvtHandlr*1 
2026-09-28T07:28:58+04:00	ck9s-mirror-256k	0	852270	851998	23	883707904	606367744	python3*17 ZMQbg/Reaper*3 ZMQbg/IO/0*3 
2026-09-28T07:29:08+04:00	ck9s-mirror-256k	0	851973	363	2	26771456	6049792	uv*1 main2*1 
2026-09-28T07:29:08+04:00	ck9s-mirror-256k	0	851998	851973	22	704372736	422756352	ft*18 ZMQbg/Reaper*2 ZMQbg/IO/0*2 
2026-09-28T07:29:08+04:00	ck9s-mirror-256k	0	852268	851998	1	12771328	5939200	python3*1 
2026-09-28T07:29:08+04:00	ck9s-mirror-256k	0	852269	851998	41	16347471872	15749832704	python3*36 pt_gloo_runloop*2 pt_tcpstore_uv*1 cuda0000240000a*1 cuda-EvtHandlr*1 
2026-09-28T07:29:08+04:00	ck9s-mirror-256k	0	852270	851998	23	883707904	606367744	python3*17 ZMQbg/Reaper*3 ZMQbg/IO/0*3 
2026-09-28T07:29:22+04:00	ck9s-mirror-256k	0	851973	363	2	26771456	6049792	uv*1 main2*1 
2026-09-28T07:29:22+04:00	ck9s-mirror-256k	0	851998	851973	22	704372736	422756352	ft*18 ZMQbg/Reaper*2 ZMQbg/IO/0*2 
2026-09-28T07:29:22+04:00	ck9s-mirror-256k	0	852268	851998	1	12771328	5939200	python3*1 
2026-09-28T07:29:22+04:00	ck9s-mirror-256k	0	852269	851998	41	16605368320	15996837888	python3*36 pt_gloo_runloop*2 pt_tcpstore_uv*1 cuda0000240000a*1 cuda-EvtHandlr*1 
2026-09-28T07:29:22+04:00	ck9s-mirror-256k	0	852270	851998	23	883707904	606367744	python3*17 ZMQbg/Reaper*3 ZMQbg/IO/0*3 
2026-09-28T07:29:32+04:00	ck9s-mirror-256k	0	851973	363	2	26771456	6049792	uv*1 main2*1 
2026-09-28T07:29:32+04:00	ck9s-mirror-256k	0	851998	851973	22	704372736	422756352	ft*18 ZMQbg/Reaper*2 ZMQbg/IO/0*2 
2026-09-28T07:29:32+04:00	ck9s-mirror-256k	0	852268	851998	1	12771328	5939200	python3*1 
2026-09-28T07:29:32+04:00	ck9s-mirror-256k	0	852269	851998	41	16864129024	16249356288	python3*36 pt_gloo_runloop*2 pt_tcpstore_uv*1 cuda0000240000a*1 cuda-EvtHandlr*1 
2026-09-28T07:29:32+04:00	ck9s-mirror-256k	0	852270	851998	23	883707904	606367744	python3*17 ZMQbg/Reaper*3 ZMQbg/IO/0*3 
2026-09-28T07:29:43+04:00	ck9s-mirror-256k	0	851973	363	2	26771456	6049792	uv*1 main2*1 
2026-09-28T07:29:43+04:00	ck9s-mirror-256k	0	851998	851973	39	908439552	620732416	ft*35 ZMQbg/Reaper*2 ZMQbg/IO/0*2 
2026-09-28T07:29:43+04:00	ck9s-mirror-256k	0	852268	851998	1	12771328	5939200	python3*1 
2026-09-28T07:29:43+04:00	ck9s-mirror-256k	0	852269	851998	45	17078296576	16456249344	python3*36 pt_gloo_runloop*2 ZMQbg/Reaper*2 ZMQbg/IO/0*2 pt_tcpstore_uv*1 cuda0000240000a*1 
2026-09-28T07:29:43+04:00	ck9s-mirror-256k	0	852270	851998	39	887824384	607170560	python3*33 ZMQbg/Reaper*3 ZMQbg/IO/0*3 
2026-09-28T07:29:57+04:00	ck9s-mirror-256k	0	851973	363	2	26771456	6049792	uv*1 main2*1 
2026-09-28T07:29:57+04:00	ck9s-mirror-256k	0	851998	851973	39	908439552	620732416	ft*35 ZMQbg/Reaper*2 ZMQbg/IO/0*2 
2026-09-28T07:29:57+04:00	ck9s-mirror-256k	0	852268	851998	1	12771328	5939200	python3*1 
2026-09-28T07:29:57+04:00	ck9s-mirror-256k	0	852269	851998	45	17078296576	16456249344	python3*36 pt_gloo_runloop*2 ZMQbg/Reaper*2 ZMQbg/IO/0*2 pt_tcpstore_uv*1 cuda0000240000a*1 
2026-09-28T07:29:57+04:00	ck9s-mirror-256k	0	852270	851998	39	887824384	607170560	python3*33 ZMQbg/Reaper*3 ZMQbg/IO/0*3 
2026-09-28T07:30:07+04:00	ck9s-mirror-256k	0	851973	363	2	26771456	6049792	uv*1 main2*1 
2026-09-28T07:30:07+04:00	ck9s-mirror-256k	0	851998	851973	39	908500992	620793856	ft*35 ZMQbg/Reaper*2 ZMQbg/IO/0*2 
2026-09-28T07:30:07+04:00	ck9s-mirror-256k	0	852268	851998	1	12771328	5939200	python3*1 
2026-09-28T07:30:07+04:00	ck9s-mirror-256k	0	852269	851998	45	17078923264	16456876032	python3*36 pt_gloo_runloop*2 ZMQbg/Reaper*2 ZMQbg/IO/0*2 pt_tcpstore_uv*1 cuda0000240000a*1 
2026-09-28T07:30:07+04:00	ck9s-mirror-256k	0	852270	851998	39	887832576	607178752	python3*33 ZMQbg/Reaper*3 ZMQbg/IO/0*3 
2026-09-28T07:30:17+04:00	ck9s-mirror-256k	1	851973	363	2	26771456	6049792	uv*1 main2*1 
2026-09-28T07:30:17+04:00	ck9s-mirror-256k	1	851998	851973	57	982122496	694415360	ft*51 ZMQbg/Reaper*3 ZMQbg/IO/0*3 
2026-09-28T07:30:17+04:00	ck9s-mirror-256k	1	852268	851998	1	12771328	5939200	python3*1 
2026-09-28T07:30:17+04:00	ck9s-mirror-256k	1	852269	851998	45	17079914496	16457867264	python3*36 pt_gloo_runloop*2 ZMQbg/Reaper*2 ZMQbg/IO/0*2 pt_tcpstore_uv*1 cuda0000240000a*1 
2026-09-28T07:30:17+04:00	ck9s-mirror-256k	1	852270	851998	57	949817344	669147136	python3*49 ZMQbg/Reaper*4 ZMQbg/IO/0*4 
2026-09-28T07:30:31+04:00	ck9s-mirror-256k	1	851973	363	2	26771456	6049792	uv*1 main2*1 
2026-09-28T07:30:31+04:00	ck9s-mirror-256k	1	851998	851973	57	982122496	694415360	ft*51 ZMQbg/Reaper*3 ZMQbg/IO/0*3 
2026-09-28T07:30:31+04:00	ck9s-mirror-256k	1	852268	851998	1	12771328	5939200	python3*1 
2026-09-28T07:30:31+04:00	ck9s-mirror-256k	1	852269	851998	45	17079914496	16457867264	python3*36 pt_gloo_runloop*2 ZMQbg/Reaper*2 ZMQbg/IO/0*2 pt_tcpstore_uv*1 cuda0000240000a*1 
2026-09-28T07:30:31+04:00	ck9s-mirror-256k	1	852270	851998	57	949817344	669147136	python3*49 ZMQbg/Reaper*4 ZMQbg/IO/0*4 
2026-09-28T07:30:41+04:00	ck9s-mirror-256k	1	851973	363	2	26771456	6049792	uv*1 main2*1 
2026-09-28T07:30:41+04:00	ck9s-mirror-256k	1	851998	851973	57	982122496	694415360	ft*51 ZMQbg/Reaper*3 ZMQbg/IO/0*3 
2026-09-28T07:30:41+04:00	ck9s-mirror-256k	1	852268	851998	1	12771328	5939200	python3*1 
2026-09-28T07:30:41+04:00	ck9s-mirror-256k	1	852269	851998	45	17079914496	16457867264	python3*36 pt_gloo_runloop*2 ZMQbg/Reaper*2 ZMQbg/IO/0*2 pt_tcpstore_uv*1 cuda0000240000a*1 
2026-09-28T07:30:41+04:00	ck9s-mirror-256k	1	852270	851998	57	949821440	669151232	python3*49 ZMQbg/Reaper*4 ZMQbg/IO/0*4 
2026-09-28T07:30:52+04:00	ck9s-mirror-256k	1	851973	363	2	26771456	6049792	uv*1 main2*1 
2026-09-28T07:30:52+04:00	ck9s-mirror-256k	1	851998	851973	57	982122496	694415360	ft*51 ZMQbg/Reaper*3 ZMQbg/IO/0*3 
2026-09-28T07:30:52+04:00	ck9s-mirror-256k	1	852268	851998	1	12771328	5939200	python3*1 
2026-09-28T07:30:52+04:00	ck9s-mirror-256k	1	852269	851998	45	17079914496	16457867264	python3*36 pt_gloo_runloop*2 ZMQbg/Reaper*2 ZMQbg/IO/0*2 pt_tcpstore_uv*1 cuda0000240000a*1 
2026-09-28T07:30:52+04:00	ck9s-mirror-256k	1	852270	851998	57	949821440	669151232	python3*49 ZMQbg/Reaper*4 ZMQbg/IO/0*4 
2026-09-28T07:31:05+04:00	ck9s-mirror-256k	1	851973	363	2	26771456	6049792	uv*1 main2*1 
2026-09-28T07:31:05+04:00	ck9s-mirror-256k	1	851998	851973	57	982122496	694415360	ft*51 ZMQbg/Reaper*3 ZMQbg/IO/0*3 
2026-09-28T07:31:05+04:00	ck9s-mirror-256k	1	852268	851998	1	12771328	5939200	python3*1 
2026-09-28T07:31:05+04:00	ck9s-mirror-256k	1	852269	851998	45	17079922688	16457875456	python3*36 pt_gloo_runloop*2 ZMQbg/Reaper*2 ZMQbg/IO/0*2 pt_tcpstore_uv*1 cuda0000240000a*1 
2026-09-28T07:31:06+04:00	ck9s-mirror-256k	1	852270	851998	57	949821440	669151232	python3*49 ZMQbg/Reaper*4 ZMQbg/IO/0*4 
2026-09-28T07:31:16+04:00	ck9s-mirror-256k	1	851973	363	2	26771456	6049792	uv*1 main2*1 
2026-09-28T07:31:16+04:00	ck9s-mirror-256k	1	851998	851973	57	982122496	694415360	ft*51 ZMQbg/Reaper*3 ZMQbg/IO/0*3 
2026-09-28T07:31:16+04:00	ck9s-mirror-256k	1	852268	851998	1	12771328	5939200	python3*1 
2026-09-28T07:31:16+04:00	ck9s-mirror-256k	1	852269	851998	45	17079922688	16457875456	python3*36 pt_gloo_runloop*2 ZMQbg/Reaper*2 ZMQbg/IO/0*2 pt_tcpstore_uv*1 cuda0000240000a*1 
2026-09-28T07:31:16+04:00	ck9s-mirror-256k	1	852270	851998	57	949821440	669151232	python3*49 ZMQbg/Reaper*4 ZMQbg/IO/0*4 
2026-09-28T07:31:26+04:00	ck9s-mirror-256k	1	851973	363	2	26771456	6049792	uv*1 main2*1 
2026-09-28T07:31:26+04:00	ck9s-mirror-256k	1	851998	851973	57	982122496	694415360	ft*51 ZMQbg/Reaper*3 ZMQbg/IO/0*3 
2026-09-28T07:31:26+04:00	ck9s-mirror-256k	1	852268	851998	1	12771328	5939200	python3*1 
2026-09-28T07:31:26+04:00	ck9s-mirror-256k	1	852269	851998	45	17091723264	16469426176	python3*36 pt_gloo_runloop*2 ZMQbg/Reaper*2 ZMQbg/IO/0*2 pt_tcpstore_uv*1 cuda0000240000a*1 
2026-09-28T07:31:26+04:00	ck9s-mirror-256k	1	852270	851998	57	949821440	669151232	python3*49 ZMQbg/Reaper*4 ZMQbg/IO/0*4 
2026-09-28T07:31:36+04:00	ck9s-mirror-256k	3	851973	363	2	26771456	6049792	uv*1 main2*1 
2026-09-28T07:31:36+04:00	ck9s-mirror-256k	3	851998	851973	57	982315008	694607872	ft*51 ZMQbg/Reaper*3 ZMQbg/IO/0*3 
2026-09-28T07:31:36+04:00	ck9s-mirror-256k	3	852268	851998	1	12771328	5939200	python3*1 
2026-09-28T07:31:36+04:00	ck9s-mirror-256k	3	852269	851998	45	17139269632	16515416064	python3*36 pt_gloo_runloop*2 ZMQbg/Reaper*2 ZMQbg/IO/0*2 pt_tcpstore_uv*1 cuda0000240000a*1 
2026-09-28T07:31:36+04:00	ck9s-mirror-256k	3	852270	851998	57	975413248	694743040	python3*49 ZMQbg/Reaper*4 ZMQbg/IO/0*4 
2026-09-28T07:31:50+04:00	ck9s-mirror-256k	3	851973	363	2	26771456	6049792	uv*1 main2*1 
2026-09-28T07:31:50+04:00	ck9s-mirror-256k	3	851998	851973	57	982315008	694607872	ft*51 ZMQbg/Reaper*3 ZMQbg/IO/0*3 
2026-09-28T07:31:50+04:00	ck9s-mirror-256k	3	852268	851998	1	12771328	5939200	python3*1 
2026-09-28T07:31:50+04:00	ck9s-mirror-256k	3	852269	851998	45	17139269632	16515416064	python3*36 pt_gloo_runloop*2 ZMQbg/Reaper*2 ZMQbg/IO/0*2 pt_tcpstore_uv*1 cuda0000240000a*1 
2026-09-28T07:31:50+04:00	ck9s-mirror-256k	3	852270	851998	57	975413248	694743040	python3*49 ZMQbg/Reaper*4 ZMQbg/IO/0*4 
2026-09-28T07:32:00+04:00	ck9s-mirror-256k	3	851973	363	2	26771456	6049792	uv*1 main2*1 
2026-09-28T07:32:00+04:00	ck9s-mirror-256k	3	851998	851973	57	982315008	694607872	ft*51 ZMQbg/Reaper*3 ZMQbg/IO/0*3 
2026-09-28T07:32:00+04:00	ck9s-mirror-256k	3	852268	851998	1	12771328	5939200	python3*1 
2026-09-28T07:32:00+04:00	ck9s-mirror-256k	3	852269	851998	45	17139269632	16515416064	python3*36 pt_gloo_runloop*2 ZMQbg/Reaper*2 ZMQbg/IO/0*2 pt_tcpstore_uv*1 cuda0000240000a*1 
2026-09-28T07:32:01+04:00	ck9s-mirror-256k	3	852270	851998	57	975413248	694743040	python3*49 ZMQbg/Reaper*4 ZMQbg/IO/0*4 
2026-09-28T07:32:11+04:00	ck9s-mirror-256k	3	851973	363	2	26771456	6049792	uv*1 main2*1 
2026-09-28T07:32:11+04:00	ck9s-mirror-256k	3	851998	851973	57	982315008	694607872	ft*51 ZMQbg/Reaper*3 ZMQbg/IO/0*3 
2026-09-28T07:32:11+04:00	ck9s-mirror-256k	3	852268	851998	1	12771328	5939200	python3*1 
2026-09-28T07:32:11+04:00	ck9s-mirror-256k	3	852269	851998	45	17139269632	16515416064	python3*36 pt_gloo_runloop*2 ZMQbg/Reaper*2 ZMQbg/IO/0*2 pt_tcpstore_uv*1 cuda0000240000a*1 
2026-09-28T07:32:11+04:00	ck9s-mirror-256k	3	852270	851998	57	975413248	694743040	python3*49 ZMQbg/Reaper*4 ZMQbg/IO/0*4 
2026-09-28T07:32:24+04:00	ck9s-mirror-256k	3	851973	363	2	26771456	6049792	uv*1 main2*1 
2026-09-28T07:32:24+04:00	ck9s-mirror-256k	3	851998	851973	57	982315008	694607872	ft*51 ZMQbg/Reaper*3 ZMQbg/IO/0*3 
2026-09-28T07:32:24+04:00	ck9s-mirror-256k	3	852268	851998	1	12771328	5939200	python3*1 
2026-09-28T07:32:24+04:00	ck9s-mirror-256k	3	852269	851998	45	17139269632	16515416064	python3*36 pt_gloo_runloop*2 ZMQbg/Reaper*2 ZMQbg/IO/0*2 pt_tcpstore_uv*1 cuda0000240000a*1 
2026-09-28T07:32:25+04:00	ck9s-mirror-256k	3	852270	851998	57	975413248	694743040	python3*49 ZMQbg/Reaper*4 ZMQbg/IO/0*4 
2026-09-28T07:32:35+04:00	ck9s-mirror-256k	3	851973	363	2	26771456	6049792	uv*1 main2*1 
2026-09-28T07:32:35+04:00	ck9s-mirror-256k	3	851998	851973	57	982315008	694607872	ft*51 ZMQbg/Reaper*3 ZMQbg/IO/0*3 
2026-09-28T07:32:35+04:00	ck9s-mirror-256k	3	852268	851998	1	12771328	5939200	python3*1 
2026-09-28T07:32:35+04:00	ck9s-mirror-256k	3	852269	851998	45	17139269632	16515416064	python3*36 pt_gloo_runloop*2 ZMQbg/Reaper*2 ZMQbg/IO/0*2 pt_tcpstore_uv*1 cuda0000240000a*1 
2026-09-28T07:32:35+04:00	ck9s-mirror-256k	3	852270	851998	57	975413248	694743040	python3*49 ZMQbg/Reaper*4 ZMQbg/IO/0*4 
2026-09-28T07:32:45+04:00	ck9s-mirror-256k	3	851973	363	2	26771456	6049792	uv*1 main2*1 
2026-09-28T07:32:45+04:00	ck9s-mirror-256k	3	851998	851973	57	982315008	694607872	ft*51 ZMQbg/Reaper*3 ZMQbg/IO/0*3 
2026-09-28T07:32:45+04:00	ck9s-mirror-256k	3	852268	851998	1	12771328	5939200	python3*1 
2026-09-28T07:32:45+04:00	ck9s-mirror-256k	3	852269	851998	45	17139269632	16515416064	python3*36 pt_gloo_runloop*2 ZMQbg/Reaper*2 ZMQbg/IO/0*2 pt_tcpstore_uv*1 cuda0000240000a*1 
2026-09-28T07:32:45+04:00	ck9s-mirror-256k	3	852270	851998	57	975413248	694743040	python3*49 ZMQbg/Reaper*4 ZMQbg/IO/0*4 
2026-09-28T07:32:59+04:00	ck9s-mirror-256k	4	851973	363	2	26771456	6049792	uv*1 main2*1 
2026-09-28T07:32:59+04:00	ck9s-mirror-256k	4	851998	851973	57	982695936	694988800	ft*51 ZMQbg/Reaper*3 ZMQbg/IO/0*3 
2026-09-28T07:32:59+04:00	ck9s-mirror-256k	4	852268	851998	1	12771328	5939200	python3*1 
2026-09-28T07:32:59+04:00	ck9s-mirror-256k	4	852269	851998	45	17148215296	16523804672	python3*36 pt_gloo_runloop*2 ZMQbg/Reaper*2 ZMQbg/IO/0*2 pt_tcpstore_uv*1 cuda0000240000a*1 
2026-09-28T07:32:59+04:00	ck9s-mirror-256k	4	852270	851998	57	975421440	694751232	python3*49 ZMQbg/Reaper*4 ZMQbg/IO/0*4 
2026-09-28T07:33:09+04:00	ck9s-mirror-256k	4	851973	363	2	26771456	6049792	uv*1 main2*1 
2026-09-28T07:33:09+04:00	ck9s-mirror-256k	4	851998	851973	57	982695936	694988800	ft*51 ZMQbg/Reaper*3 ZMQbg/IO/0*3 
2026-09-28T07:33:09+04:00	ck9s-mirror-256k	4	852268	851998	1	12771328	5939200	python3*1 
2026-09-28T07:33:09+04:00	ck9s-mirror-256k	4	852269	851998	45	17148215296	16523804672	python3*36 pt_gloo_runloop*2 ZMQbg/Reaper*2 ZMQbg/IO/0*2 pt_tcpstore_uv*1 cuda0000240000a*1 
2026-09-28T07:33:09+04:00	ck9s-mirror-256k	4	852270	851998	57	975421440	694751232	python3*49 ZMQbg/Reaper*4 ZMQbg/IO/0*4 
2026-09-28T07:33:19+04:00	ck9s-mirror-256k	4	851973	363	2	26771456	6049792	uv*1 main2*1 
2026-09-28T07:33:19+04:00	ck9s-mirror-256k	4	851998	851973	57	982695936	694988800	ft*51 ZMQbg/Reaper*3 ZMQbg/IO/0*3 
2026-09-28T07:33:19+04:00	ck9s-mirror-256k	4	852268	851998	1	12771328	5939200	python3*1 
2026-09-28T07:33:19+04:00	ck9s-mirror-256k	4	852269	851998	45	17148215296	16523804672	python3*36 pt_gloo_runloop*2 ZMQbg/Reaper*2 ZMQbg/IO/0*2 pt_tcpstore_uv*1 cuda0000240000a*1 
2026-09-28T07:33:20+04:00	ck9s-mirror-256k	4	852270	851998	57	975421440	694751232	python3*49 ZMQbg/Reaper*4 ZMQbg/IO/0*4 
2026-09-28T07:33:33+04:00	ck9s-mirror-256k	4	851973	363	2	26771456	6049792	uv*1 main2*1 
2026-09-28T07:33:33+04:00	ck9s-mirror-256k	4	851998	851973	57	982695936	694988800	ft*51 ZMQbg/Reaper*3 ZMQbg/IO/0*3 
2026-09-28T07:33:33+04:00	ck9s-mirror-256k	4	852268	851998	1	12771328	5939200	python3*1 
2026-09-28T07:33:33+04:00	ck9s-mirror-256k	4	852269	851998	45	17148215296	16523804672	python3*36 pt_gloo_runloop*2 ZMQbg/Reaper*2 ZMQbg/IO/0*2 pt_tcpstore_uv*1 cuda0000240000a*1 
2026-09-28T07:33:33+04:00	ck9s-mirror-256k	4	852270	851998	57	975421440	694751232	python3*49 ZMQbg/Reaper*4 ZMQbg/IO/0*4 
2026-09-28T07:33:43+04:00	ck9s-mirror-256k	4	851973	363	2	26771456	6049792	uv*1 main2*1 
2026-09-28T07:33:43+04:00	ck9s-mirror-256k	4	851998	851973	57	982695936	694988800	ft*51 ZMQbg/Reaper*3 ZMQbg/IO/0*3 
2026-09-28T07:33:44+04:00	ck9s-mirror-256k	4	852268	851998	1	12771328	5939200	python3*1 
2026-09-28T07:33:44+04:00	ck9s-mirror-256k	4	852269	851998	45	17148215296	16523804672	python3*36 pt_gloo_runloop*2 ZMQbg/Reaper*2 ZMQbg/IO/0*2 pt_tcpstore_uv*1 cuda0000240000a*1 
2026-09-28T07:33:44+04:00	ck9s-mirror-256k	4	852270	851998	57	975421440	694751232	python3*49 ZMQbg/Reaper*4 ZMQbg/IO/0*4 
2026-09-28T07:33:54+04:00	ck9s-mirror-256k	4	851973	363	2	26771456	6049792	uv*1 main2*1 
2026-09-28T07:33:54+04:00	ck9s-mirror-256k	4	851998	851973	57	982695936	694988800	ft*51 ZMQbg/Reaper*3 ZMQbg/IO/0*3 
2026-09-28T07:33:54+04:00	ck9s-mirror-256k	4	852268	851998	1	12771328	5939200	python3*1 
2026-09-28T07:33:54+04:00	ck9s-mirror-256k	4	852269	851998	45	17148215296	16523804672	python3*36 pt_gloo_runloop*2 ZMQbg/Reaper*2 ZMQbg/IO/0*2 pt_tcpstore_uv*1 cuda0000240000a*1 
2026-09-28T07:33:54+04:00	ck9s-mirror-256k	4	852270	851998	57	975421440	694751232	python3*49 ZMQbg/Reaper*4 ZMQbg/IO/0*4 
2026-09-28T07:34:08+04:00	ck9s-mirror-256k	4	851973	363	2	26771456	6049792	uv*1 main2*1 
2026-09-28T07:34:08+04:00	ck9s-mirror-256k	4	851998	851973	57	982695936	694988800	ft*51 ZMQbg/Reaper*3 ZMQbg/IO/0*3 
2026-09-28T07:34:08+04:00	ck9s-mirror-256k	4	852268	851998	1	12771328	5939200	python3*1 
2026-09-28T07:34:08+04:00	ck9s-mirror-256k	4	852269	851998	45	17148215296	16523804672	python3*36 pt_gloo_runloop*2 ZMQbg/Reaper*2 ZMQbg/IO/0*2 pt_tcpstore_uv*1 cuda0000240000a*1 
2026-09-28T07:34:08+04:00	ck9s-mirror-256k	4	852270	851998	57	975421440	694751232	python3*49 ZMQbg/Reaper*4 ZMQbg/IO/0*4 
2026-09-28T07:34:18+04:00	ck9s-mirror-256k	4	851973	363	2	26771456	6049792	uv*1 main2*1 
2026-09-28T07:34:18+04:00	ck9s-mirror-256k	4	851998	851973	57	982695936	694988800	ft*51 ZMQbg/Reaper*3 ZMQbg/IO/0*3 
2026-09-28T07:34:18+04:00	ck9s-mirror-256k	4	852268	851998	1	12771328	5939200	python3*1 
2026-09-28T07:34:18+04:00	ck9s-mirror-256k	4	852269	851998	45	17148215296	16523804672	python3*36 pt_gloo_runloop*2 ZMQbg/Reaper*2 ZMQbg/IO/0*2 pt_tcpstore_uv*1 cuda0000240000a*1 
2026-09-28T07:34:18+04:00	ck9s-mirror-256k	4	852270	851998	57	975421440	694751232	python3*49 ZMQbg/Reaper*4 ZMQbg/IO/0*4 
2026-09-28T07:34:28+04:00	ck9s-mirror-256k	4	851973	363	2	26771456	6049792	uv*1 main2*1 
2026-09-28T07:34:28+04:00	ck9s-mirror-256k	4	851998	851973	57	982695936	694988800	ft*51 ZMQbg/Reaper*3 ZMQbg/IO/0*3 
2026-09-28T07:34:28+04:00	ck9s-mirror-256k	4	852268	851998	1	12771328	5939200	python3*1 
2026-09-28T07:34:28+04:00	ck9s-mirror-256k	4	852269	851998	45	17148215296	16523804672	python3*36 pt_gloo_runloop*2 ZMQbg/Reaper*2 ZMQbg/IO/0*2 pt_tcpstore_uv*1 cuda0000240000a*1 
2026-09-28T07:34:28+04:00	ck9s-mirror-256k	4	852270	851998	57	975421440	694751232	python3*49 ZMQbg/Reaper*4 ZMQbg/IO/0*4 
2026-09-28T07:34:42+04:00	ck9s-mirror-256k	4	851973	363	2	26771456	6049792	uv*1 main2*1 
2026-09-28T07:34:42+04:00	ck9s-mirror-256k	4	851998	851973	57	982695936	694988800	ft*51 ZMQbg/Reaper*3 ZMQbg/IO/0*3 
2026-09-28T07:34:42+04:00	ck9s-mirror-256k	4	852268	851998	1	12771328	5939200	python3*1 
2026-09-28T07:34:42+04:00	ck9s-mirror-256k	4	852269	851998	45	17148215296	16523804672	python3*36 pt_gloo_runloop*2 ZMQbg/Reaper*2 ZMQbg/IO/0*2 pt_tcpstore_uv*1 cuda0000240000a*1 
2026-09-28T07:34:42+04:00	ck9s-mirror-256k	4	852270	851998	57	975421440	694751232	python3*49 ZMQbg/Reaper*4 ZMQbg/IO/0*4 
2026-09-28T07:34:52+04:00	ck9s-mirror-256k	4	851973	363	2	26771456	6049792	uv*1 main2*1 
2026-09-28T07:34:52+04:00	ck9s-mirror-256k	4	851998	851973	57	982695936	694988800	ft*51 ZMQbg/Reaper*3 ZMQbg/IO/0*3 
2026-09-28T07:34:52+04:00	ck9s-mirror-256k	4	852268	851998	1	12771328	5939200	python3*1 
2026-09-28T07:34:52+04:00	ck9s-mirror-256k	4	852269	851998	45	17148215296	16523804672	python3*36 pt_gloo_runloop*2 ZMQbg/Reaper*2 ZMQbg/IO/0*2 pt_tcpstore_uv*1 cuda0000240000a*1 
2026-09-28T07:34:52+04:00	ck9s-mirror-256k	4	852270	851998	57	975421440	694751232	python3*49 ZMQbg/Reaper*4 ZMQbg/IO/0*4 
2026-09-28T07:35:02+04:00	ck9s-mirror-256k	4	851973	363	2	26771456	6049792	uv*1 main2*1 
2026-09-28T07:35:02+04:00	ck9s-mirror-256k	4	851998	851973	57	982695936	694988800	ft*51 ZMQbg/Reaper*3 ZMQbg/IO/0*3 
2026-09-28T07:35:02+04:00	ck9s-mirror-256k	4	852268	851998	1	12771328	5939200	python3*1 
2026-09-28T07:35:02+04:00	ck9s-mirror-256k	4	852269	851998	45	17148215296	16523804672	python3*36 pt_gloo_runloop*2 ZMQbg/Reaper*2 ZMQbg/IO/0*2 pt_tcpstore_uv*1 cuda0000240000a*1 
2026-09-28T07:35:03+04:00	ck9s-mirror-256k	4	852270	851998	57	975421440	694751232	python3*49 ZMQbg/Reaper*4 ZMQbg/IO/0*4 
2026-09-28T07:35:16+04:00	ck9s-mirror-256k	4	851973	363	2	26771456	6049792	uv*1 main2*1 
2026-09-28T07:35:16+04:00	ck9s-mirror-256k	4	851998	851973	57	982695936	694988800	ft*51 ZMQbg/Reaper*3 ZMQbg/IO/0*3 
2026-09-28T07:35:16+04:00	ck9s-mirror-256k	4	852268	851998	1	12771328	5939200	python3*1 
2026-09-28T07:35:16+04:00	ck9s-mirror-256k	4	852269	851998	45	17148215296	16523804672	python3*36 pt_gloo_runloop*2 ZMQbg/Reaper*2 ZMQbg/IO/0*2 pt_tcpstore_uv*1 cuda0000240000a*1 
2026-09-28T07:35:16+04:00	ck9s-mirror-256k	4	852270	851998	57	975421440	694751232	python3*49 ZMQbg/Reaper*4 ZMQbg/IO/0*4 
2026-09-28T07:35:27+04:00	ck9s-mirror-256k	4	851973	363	2	26771456	6049792	uv*1 main2*1 
2026-09-28T07:35:27+04:00	ck9s-mirror-256k	4	851998	851973	57	982695936	694988800	ft*51 ZMQbg/Reaper*3 ZMQbg/IO/0*3 
2026-09-28T07:35:27+04:00	ck9s-mirror-256k	4	852268	851998	1	12771328	5939200	python3*1 
2026-09-28T07:35:27+04:00	ck9s-mirror-256k	4	852269	851998	45	17148215296	16523804672	python3*36 pt_gloo_runloop*2 ZMQbg/Reaper*2 ZMQbg/IO/0*2 pt_tcpstore_uv*1 cuda0000240000a*1 
2026-09-28T07:35:27+04:00	ck9s-mirror-256k	4	852270	851998	57	975421440	694751232	python3*49 ZMQbg/Reaper*4 ZMQbg/IO/0*4 
2026-09-28T07:35:37+04:00	ck9s-mirror-256k	4	851973	363	2	26771456	6049792	uv*1 main2*1 
2026-09-28T07:35:37+04:00	ck9s-mirror-256k	4	851998	851973	57	982695936	694988800	ft*51 ZMQbg/Reaper*3 ZMQbg/IO/0*3 
2026-09-28T07:35:37+04:00	ck9s-mirror-256k	4	852268	851998	1	12771328	5939200	python3*1 
2026-09-28T07:35:37+04:00	ck9s-mirror-256k	4	852269	851998	45	17148215296	16523804672	python3*36 pt_gloo_runloop*2 ZMQbg/Reaper*2 ZMQbg/IO/0*2 pt_tcpstore_uv*1 cuda0000240000a*1 
2026-09-28T07:35:37+04:00	ck9s-mirror-256k	4	852270	851998	57	975421440	694751232	python3*49 ZMQbg/Reaper*4 ZMQbg/IO/0*4 
2026-09-28T07:35:47+04:00	ck9s-mirror-256k	4	851973	363	2	26771456	6049792	uv*1 main2*1 
2026-09-28T07:35:47+04:00	ck9s-mirror-256k	4	851998	851973	57	982695936	694988800	ft*51 ZMQbg/Reaper*3 ZMQbg/IO/0*3 
2026-09-28T07:35:47+04:00	ck9s-mirror-256k	4	852268	851998	1	12771328	5939200	python3*1 
2026-09-28T07:35:47+04:00	ck9s-mirror-256k	4	852269	851998	45	17148215296	16523804672	python3*36 pt_gloo_runloop*2 ZMQbg/Reaper*2 ZMQbg/IO/0*2 pt_tcpstore_uv*1 cuda0000240000a*1 
2026-09-28T07:35:47+04:00	ck9s-mirror-256k	4	852270	851998	57	975421440	694751232	python3*49 ZMQbg/Reaper*4 ZMQbg/IO/0*4 
2026-09-28T07:36:01+04:00	ck9s-mirror-256k	4	851973	363	2	26771456	6049792	uv*1 main2*1 
2026-09-28T07:36:01+04:00	ck9s-mirror-256k	4	851998	851973	57	982695936	694988800	ft*51 ZMQbg/Reaper*3 ZMQbg/IO/0*3 
2026-09-28T07:36:01+04:00	ck9s-mirror-256k	4	852268	851998	1	12771328	5939200	python3*1 
2026-09-28T07:36:01+04:00	ck9s-mirror-256k	4	852269	851998	45	17148215296	16523804672	python3*36 pt_gloo_runloop*2 ZMQbg/Reaper*2 ZMQbg/IO/0*2 pt_tcpstore_uv*1 cuda0000240000a*1 
2026-09-28T07:36:01+04:00	ck9s-mirror-256k	4	852270	851998	57	975421440	694751232	python3*49 ZMQbg/Reaper*4 ZMQbg/IO/0*4 
2026-09-28T07:36:11+04:00	ck9s-mirror-256k	4	851973	363	2	26771456	6049792	uv*1 main2*1 
2026-09-28T07:36:11+04:00	ck9s-mirror-256k	4	851998	851973	57	982695936	694988800	ft*51 ZMQbg/Reaper*3 ZMQbg/IO/0*3 
2026-09-28T07:36:11+04:00	ck9s-mirror-256k	4	852268	851998	1	12771328	5939200	python3*1 
2026-09-28T07:36:11+04:00	ck9s-mirror-256k	4	852269	851998	45	17148215296	16523804672	python3*36 pt_gloo_runloop*2 ZMQbg/Reaper*2 ZMQbg/IO/0*2 pt_tcpstore_uv*1 cuda0000240000a*1 
2026-09-28T07:36:11+04:00	ck9s-mirror-256k	4	852270	851998	57	975421440	694751232	python3*49 ZMQbg/Reaper*4 ZMQbg/IO/0*4 
2026-09-28T07:36:21+04:00	ck9s-mirror-256k	4	851973	363	2	26771456	6049792	uv*1 main2*1 
2026-09-28T07:36:21+04:00	ck9s-mirror-256k	4	851998	851973	57	982695936	694988800	ft*51 ZMQbg/Reaper*3 ZMQbg/IO/0*3 
2026-09-28T07:36:21+04:00	ck9s-mirror-256k	4	852268	851998	1	12771328	5939200	python3*1 
2026-09-28T07:36:21+04:00	ck9s-mirror-256k	4	852269	851998	45	17148215296	16523804672	python3*36 pt_gloo_runloop*2 ZMQbg/Reaper*2 ZMQbg/IO/0*2 pt_tcpstore_uv*1 cuda0000240000a*1 
2026-09-28T07:36:22+04:00	ck9s-mirror-256k	4	852270	851998	57	975421440	694751232	python3*49 ZMQbg/Reaper*4 ZMQbg/IO/0*4 
2026-09-28T07:36:35+04:00	ck9s-mirror-256k	4	851973	363	2	26771456	6049792	uv*1 main2*1 
2026-09-28T07:36:35+04:00	ck9s-mirror-256k	4	851998	851973	57	982695936	694988800	ft*51 ZMQbg/Reaper*3 ZMQbg/IO/0*3 
2026-09-28T07:36:35+04:00	ck9s-mirror-256k	4	852268	851998	1	12771328	5939200	python3*1 
2026-09-28T07:36:35+04:00	ck9s-mirror-256k	4	852269	851998	45	17148215296	16523804672	python3*36 pt_gloo_runloop*2 ZMQbg/Reaper*2 ZMQbg/IO/0*2 pt_tcpstore_uv*1 cuda0000240000a*1 
2026-09-28T07:36:35+04:00	ck9s-mirror-256k	4	852270	851998	57	975421440	694751232	python3*49 ZMQbg/Reaper*4 ZMQbg/IO/0*4 
2026-09-28T07:36:45+04:00	ck9s-mirror-256k	4	851973	363	2	26771456	6049792	uv*1 main2*1 
2026-09-28T07:36:45+04:00	ck9s-mirror-256k	4	851998	851973	57	982695936	694988800	ft*51 ZMQbg/Reaper*3 ZMQbg/IO/0*3 
2026-09-28T07:36:46+04:00	ck9s-mirror-256k	4	852268	851998	1	12771328	5939200	python3*1 
2026-09-28T07:36:46+04:00	ck9s-mirror-256k	4	852269	851998	45	17148215296	16523804672	python3*36 pt_gloo_runloop*2 ZMQbg/Reaper*2 ZMQbg/IO/0*2 pt_tcpstore_uv*1 cuda0000240000a*1 
2026-09-28T07:36:46+04:00	ck9s-mirror-256k	4	852270	851998	57	975421440	694751232	python3*49 ZMQbg/Reaper*4 ZMQbg/IO/0*4 
2026-09-28T07:36:56+04:00	ck9s-mirror-256k	4	851973	363	2	26771456	6049792	uv*1 main2*1 
2026-09-28T07:36:56+04:00	ck9s-mirror-256k	4	851998	851973	57	982695936	694988800	ft*51 ZMQbg/Reaper*3 ZMQbg/IO/0*3 
2026-09-28T07:36:56+04:00	ck9s-mirror-256k	4	852268	851998	1	12771328	5939200	python3*1 
2026-09-28T07:36:56+04:00	ck9s-mirror-256k	4	852269	851998	45	17148215296	16523804672	python3*36 pt_gloo_runloop*2 ZMQbg/Reaper*2 ZMQbg/IO/0*2 pt_tcpstore_uv*1 cuda0000240000a*1 
2026-09-28T07:36:56+04:00	ck9s-mirror-256k	4	852270	851998	57	975421440	694751232	python3*49 ZMQbg/Reaper*4 ZMQbg/IO/0*4 
2026-09-28T07:37:10+04:00	ck9s-mirror-256k	4	851973	363	2	26771456	6049792	uv*1 main2*1 
2026-09-28T07:37:10+04:00	ck9s-mirror-256k	4	851998	851973	57	982695936	694988800	ft*51 ZMQbg/Reaper*3 ZMQbg/IO/0*3 
2026-09-28T07:37:10+04:00	ck9s-mirror-256k	4	852268	851998	1	12771328	5939200	python3*1 
2026-09-28T07:37:10+04:00	ck9s-mirror-256k	4	852269	851998	45	17148215296	16523804672	python3*36 pt_gloo_runloop*2 ZMQbg/Reaper*2 ZMQbg/IO/0*2 pt_tcpstore_uv*1 cuda0000240000a*1 
2026-09-28T07:37:10+04:00	ck9s-mirror-256k	4	852270	851998	57	975421440	694751232	python3*49 ZMQbg/Reaper*4 ZMQbg/IO/0*4 
2026-09-28T07:37:20+04:00	ck9s-mirror-256k	4	851973	363	2	26771456	6049792	uv*1 main2*1 
2026-09-28T07:37:20+04:00	ck9s-mirror-256k	4	851998	851973	57	982695936	694988800	ft*51 ZMQbg/Reaper*3 ZMQbg/IO/0*3 
2026-09-28T07:37:20+04:00	ck9s-mirror-256k	4	852268	851998	1	12771328	5939200	python3*1 
2026-09-28T07:37:20+04:00	ck9s-mirror-256k	4	852269	851998	45	17148215296	16523804672	python3*36 pt_gloo_runloop*2 ZMQbg/Reaper*2 ZMQbg/IO/0*2 pt_tcpstore_uv*1 cuda0000240000a*1 
2026-09-28T07:37:20+04:00	ck9s-mirror-256k	4	852270	851998	57	975421440	694751232	python3*49 ZMQbg/Reaper*4 ZMQbg/IO/0*4 
2026-09-28T07:37:30+04:00	ck9s-mirror-256k	4	851973	363	2	26771456	6049792	uv*1 main2*1 
2026-09-28T07:37:30+04:00	ck9s-mirror-256k	4	851998	851973	57	982695936	694988800	ft*51 ZMQbg/Reaper*3 ZMQbg/IO/0*3 
2026-09-28T07:37:30+04:00	ck9s-mirror-256k	4	852268	851998	1	12771328	5939200	python3*1 
2026-09-28T07:37:30+04:00	ck9s-mirror-256k	4	852269	851998	45	17148215296	16523804672	python3*36 pt_gloo_runloop*2 ZMQbg/Reaper*2 ZMQbg/IO/0*2 pt_tcpstore_uv*1 cuda0000240000a*1 
2026-09-28T07:37:30+04:00	ck9s-mirror-256k	4	852270	851998	57	975421440	694751232	python3*49 ZMQbg/Reaper*4 ZMQbg/IO/0*4 
2026-09-28T07:37:44+04:00	ck9s-mirror-256k	4	851973	363	2	26771456	6049792	uv*1 main2*1 
2026-09-28T07:37:44+04:00	ck9s-mirror-256k	4	851998	851973	57	982695936	694988800	ft*51 ZMQbg/Reaper*3 ZMQbg/IO/0*3 
2026-09-28T07:37:44+04:00	ck9s-mirror-256k	4	852268	851998	1	12771328	5939200	python3*1 
2026-09-28T07:37:44+04:00	ck9s-mirror-256k	4	852269	851998	45	17148215296	16523804672	python3*36 pt_gloo_runloop*2 ZMQbg/Reaper*2 ZMQbg/IO/0*2 pt_tcpstore_uv*1 cuda0000240000a*1 
2026-09-28T07:37:44+04:00	ck9s-mirror-256k	4	852270	851998	57	975421440	694751232	python3*49 ZMQbg/Reaper*4 ZMQbg/IO/0*4 
2026-09-28T07:37:54+04:00	ck9s-mirror-256k	4	851973	363	2	26771456	6049792	uv*1 main2*1 
2026-09-28T07:37:54+04:00	ck9s-mirror-256k	4	851998	851973	57	982695936	694988800	ft*51 ZMQbg/Reaper*3 ZMQbg/IO/0*3 
2026-09-28T07:37:54+04:00	ck9s-mirror-256k	4	852268	851998	1	12771328	5939200	python3*1 
2026-09-28T07:37:54+04:00	ck9s-mirror-256k	4	852269	851998	45	17148215296	16523804672	python3*36 pt_gloo_runloop*2 ZMQbg/Reaper*2 ZMQbg/IO/0*2 pt_tcpstore_uv*1 cuda0000240000a*1 
2026-09-28T07:37:54+04:00	ck9s-mirror-256k	4	852270	851998	57	975421440	694751232	python3*49 ZMQbg/Reaper*4 ZMQbg/IO/0*4 
2026-09-28T07:38:04+04:00	ck9s-mirror-256k	4	851973	363	2	26771456	6049792	uv*1 main2*1 
2026-09-28T07:38:04+04:00	ck9s-mirror-256k	4	851998	851973	57	982695936	694988800	ft*51 ZMQbg/Reaper*3 ZMQbg/IO/0*3 
2026-09-28T07:38:04+04:00	ck9s-mirror-256k	4	852268	851998	1	12771328	5939200	python3*1 
2026-09-28T07:38:04+04:00	ck9s-mirror-256k	4	852269	851998	45	17148215296	16523804672	python3*36 pt_gloo_runloop*2 ZMQbg/Reaper*2 ZMQbg/IO/0*2 pt_tcpstore_uv*1 cuda0000240000a*1 
2026-09-28T07:38:05+04:00	ck9s-mirror-256k	4	852270	851998	57	975421440	694751232	python3*49 ZMQbg/Reaper*4 ZMQbg/IO/0*4 
2026-09-28T07:38:18+04:00	ck9s-mirror-256k	4	851973	363	2	26771456	6049792	uv*1 main2*1 
2026-09-28T07:38:18+04:00	ck9s-mirror-256k	4	851998	851973	57	982695936	694988800	ft*51 ZMQbg/Reaper*3 ZMQbg/IO/0*3 
2026-09-28T07:38:18+04:00	ck9s-mirror-256k	4	852268	851998	1	12771328	5939200	python3*1 
2026-09-28T07:38:18+04:00	ck9s-mirror-256k	4	852269	851998	45	17148215296	16523804672	python3*36 pt_gloo_runloop*2 ZMQbg/Reaper*2 ZMQbg/IO/0*2 pt_tcpstore_uv*1 cuda0000240000a*1 
2026-09-28T07:38:18+04:00	ck9s-mirror-256k	4	852270	851998	57	975421440	694751232	python3*49 ZMQbg/Reaper*4 ZMQbg/IO/0*4 
2026-09-28T07:38:28+04:00	ck9s-mirror-256k	4	851973	363	2	26771456	6049792	uv*1 main2*1 
2026-09-28T07:38:28+04:00	ck9s-mirror-256k	4	851998	851973	57	982695936	694988800	ft*51 ZMQbg/Reaper*3 ZMQbg/IO/0*3 
2026-09-28T07:38:29+04:00	ck9s-mirror-256k	4	852268	851998	1	12771328	5939200	python3*1 
2026-09-28T07:38:29+04:00	ck9s-mirror-256k	4	852269	851998	45	17148215296	16523804672	python3*36 pt_gloo_runloop*2 ZMQbg/Reaper*2 ZMQbg/IO/0*2 pt_tcpstore_uv*1 cuda0000240000a*1 
2026-09-28T07:38:29+04:00	ck9s-mirror-256k	4	852270	851998	57	975421440	694751232	python3*49 ZMQbg/Reaper*4 ZMQbg/IO/0*4 
2026-09-28T07:38:39+04:00	ck9s-mirror-256k	4	851973	363	2	26771456	6049792	uv*1 main2*1 
2026-09-28T07:38:39+04:00	ck9s-mirror-256k	4	851998	851973	57	982695936	694988800	ft*51 ZMQbg/Reaper*3 ZMQbg/IO/0*3 
2026-09-28T07:38:39+04:00	ck9s-mirror-256k	4	852268	851998	1	12771328	5939200	python3*1 
2026-09-28T07:38:39+04:00	ck9s-mirror-256k	4	852269	851998	45	17148215296	16523804672	python3*36 pt_gloo_runloop*2 ZMQbg/Reaper*2 ZMQbg/IO/0*2 pt_tcpstore_uv*1 cuda0000240000a*1 
2026-09-28T07:38:39+04:00	ck9s-mirror-256k	4	852270	851998	57	975421440	694751232	python3*49 ZMQbg/Reaper*4 ZMQbg/IO/0*4 
2026-09-28T07:38:52+04:00	ck9s-mirror-256k	4	851973	363	2	26771456	6049792	uv*1 main2*1 
2026-09-28T07:38:52+04:00	ck9s-mirror-256k	4	851998	851973	57	982695936	694988800	ft*51 ZMQbg/Reaper*3 ZMQbg/IO/0*3 
2026-09-28T07:38:52+04:00	ck9s-mirror-256k	4	852268	851998	1	12771328	5939200	python3*1 
2026-09-28T07:38:52+04:00	ck9s-mirror-256k	4	852269	851998	45	17148215296	16523804672	python3*36 pt_gloo_runloop*2 ZMQbg/Reaper*2 ZMQbg/IO/0*2 pt_tcpstore_uv*1 cuda0000240000a*1 
2026-09-28T07:38:53+04:00	ck9s-mirror-256k	4	852270	851998	57	975421440	694751232	python3*49 ZMQbg/Reaper*4 ZMQbg/IO/0*4 
2026-09-28T07:39:03+04:00	ck9s-mirror-256k	4	851973	363	2	26771456	6049792	uv*1 main2*1 
2026-09-28T07:39:03+04:00	ck9s-mirror-256k	4	851998	851973	57	982695936	694988800	ft*51 ZMQbg/Reaper*3 ZMQbg/IO/0*3 
2026-09-28T07:39:03+04:00	ck9s-mirror-256k	4	852268	851998	1	12771328	5939200	python3*1 
2026-09-28T07:39:03+04:00	ck9s-mirror-256k	4	852269	851998	45	17148215296	16523804672	python3*36 pt_gloo_runloop*2 ZMQbg/Reaper*2 ZMQbg/IO/0*2 pt_tcpstore_uv*1 cuda0000240000a*1 
2026-09-28T07:39:03+04:00	ck9s-mirror-256k	4	852270	851998	57	975421440	694751232	python3*49 ZMQbg/Reaper*4 ZMQbg/IO/0*4 
2026-09-28T07:39:13+04:00	ck9s-mirror-256k	4	851973	363	2	26771456	6049792	uv*1 main2*1 
2026-09-28T07:39:13+04:00	ck9s-mirror-256k	4	851998	851973	57	982695936	694988800	ft*51 ZMQbg/Reaper*3 ZMQbg/IO/0*3 
2026-09-28T07:39:13+04:00	ck9s-mirror-256k	4	852268	851998	1	12771328	5939200	python3*1 
2026-09-28T07:39:13+04:00	ck9s-mirror-256k	4	852269	851998	45	17148215296	16523804672	python3*36 pt_gloo_runloop*2 ZMQbg/Reaper*2 ZMQbg/IO/0*2 pt_tcpstore_uv*1 cuda0000240000a*1 
2026-09-28T07:39:13+04:00	ck9s-mirror-256k	4	852270	851998	57	975421440	694751232	python3*49 ZMQbg/Reaper*4 ZMQbg/IO/0*4 
2026-09-28T07:39:27+04:00	ck9s-mirror-256k	4	851973	363	2	26771456	6049792	uv*1 main2*1 
2026-09-28T07:39:27+04:00	ck9s-mirror-256k	4	851998	851973	57	982695936	694988800	ft*51 ZMQbg/Reaper*3 ZMQbg/IO/0*3 
2026-09-28T07:39:27+04:00	ck9s-mirror-256k	4	852268	851998	1	12771328	5939200	python3*1 
2026-09-28T07:39:27+04:00	ck9s-mirror-256k	4	852269	851998	45	17148215296	16523804672	python3*36 pt_gloo_runloop*2 ZMQbg/Reaper*2 ZMQbg/IO/0*2 pt_tcpstore_uv*1 cuda0000240000a*1 
2026-09-28T07:39:27+04:00	ck9s-mirror-256k	4	852270	851998	57	975421440	694751232	python3*49 ZMQbg/Reaper*4 ZMQbg/IO/0*4 
2026-09-28T07:39:37+04:00	ck9s-mirror-256k	4	851973	363	2	26771456	6049792	uv*1 main2*1 
2026-09-28T07:39:37+04:00	ck9s-mirror-256k	4	851998	851973	57	982695936	694988800	ft*51 ZMQbg/Reaper*3 ZMQbg/IO/0*3 
2026-09-28T07:39:37+04:00	ck9s-mirror-256k	4	852268	851998	1	12771328	5939200	python3*1 
2026-09-28T07:39:37+04:00	ck9s-mirror-256k	4	852269	851998	45	17148215296	16523804672	python3*36 pt_gloo_runloop*2 ZMQbg/Reaper*2 ZMQbg/IO/0*2 pt_tcpstore_uv*1 cuda0000240000a*1 
2026-09-28T07:39:37+04:00	ck9s-mirror-256k	4	852270	851998	57	975421440	694751232	python3*49 ZMQbg/Reaper*4 ZMQbg/IO/0*4 
2026-09-28T07:39:47+04:00	ck9s-mirror-256k	4	851973	363	2	26771456	6049792	uv*1 main2*1 
2026-09-28T07:39:47+04:00	ck9s-mirror-256k	4	851998	851973	57	983212032	695504896	ft*51 ZMQbg/Reaper*3 ZMQbg/IO/0*3 
2026-09-28T07:39:47+04:00	ck9s-mirror-256k	4	852268	851998	1	12771328	5939200	python3*1 
2026-09-28T07:39:47+04:00	ck9s-mirror-256k	4	852269	851998	45	17149267968	16524857344	python3*36 pt_gloo_runloop*2 ZMQbg/Reaper*2 ZMQbg/IO/0*2 pt_tcpstore_uv*1 cuda0000240000a*1 
2026-09-28T07:39:47+04:00	ck9s-mirror-256k	4	852270	851998	57	975425536	694755328	python3*49 ZMQbg/Reaper*4 ZMQbg/IO/0*4 
2026-09-28T07:39:57+04:00	ck9s-mirror-256k	4	851973	363	2	26771456	6049792	uv*1 main2*1 
2026-09-28T07:39:57+04:00	ck9s-mirror-256k	4	851998	851973	57	983212032	695504896	ft*51 ZMQbg/Reaper*3 ZMQbg/IO/0*3 
2026-09-28T07:39:57+04:00	ck9s-mirror-256k	4	852268	851998	1	12771328	5939200	python3*1 
2026-09-28T07:39:57+04:00	ck9s-mirror-256k	4	852269	851998	45	17149267968	16524857344	python3*36 pt_gloo_runloop*2 ZMQbg/Reaper*2 ZMQbg/IO/0*2 pt_tcpstore_uv*1 cuda0000240000a*1 
2026-09-28T07:39:58+04:00	ck9s-mirror-256k	4	852270	851998	57	975425536	694755328	python3*49 ZMQbg/Reaper*4 ZMQbg/IO/0*4 
2026-09-28T07:40:11+04:00	ck9s-mirror-256k	4	851973	363	2	26771456	6049792	uv*1 main2*1 
2026-09-28T07:40:11+04:00	ck9s-mirror-256k	4	851998	851973	57	983863296	696156160	ft*51 ZMQbg/Reaper*3 ZMQbg/IO/0*3 
2026-09-28T07:40:11+04:00	ck9s-mirror-256k	4	852268	851998	1	12771328	5939200	python3*1 
2026-09-28T07:40:11+04:00	ck9s-mirror-256k	4	852269	851998	45	17150373888	16525905920	python3*36 pt_gloo_runloop*2 ZMQbg/Reaper*2 ZMQbg/IO/0*2 pt_tcpstore_uv*1 cuda0000240000a*1 
2026-09-28T07:40:11+04:00	ck9s-mirror-256k	4	852270	851998	57	975425536	694755328	python3*49 ZMQbg/Reaper*4 ZMQbg/IO/0*4 
2026-09-28T07:40:21+04:00	ck9s-mirror-256k	4	851973	363	2	26771456	6049792	uv*1 main2*1 
2026-09-28T07:40:21+04:00	ck9s-mirror-256k	4	851998	851973	57	984367104	696659968	ft*51 ZMQbg/Reaper*3 ZMQbg/IO/0*3 
2026-09-28T07:40:21+04:00	ck9s-mirror-256k	4	852268	851998	1	12771328	5939200	python3*1 
2026-09-28T07:40:21+04:00	ck9s-mirror-256k	4	852269	851998	45	17150373888	16525905920	python3*36 pt_gloo_runloop*2 ZMQbg/Reaper*2 ZMQbg/IO/0*2 pt_tcpstore_uv*1 cuda0000240000a*1 
2026-09-28T07:40:21+04:00	ck9s-mirror-256k	4	852270	851998	57	975425536	694755328	python3*49 ZMQbg/Reaper*4 ZMQbg/IO/0*4 
2026-09-28T07:40:31+04:00	ck9s-mirror-256k	4	851973	363	2	26771456	6049792	uv*1 main2*1 
2026-09-28T07:40:31+04:00	ck9s-mirror-256k	4	851998	851973	57	984371200	696664064	ft*51 ZMQbg/Reaper*3 ZMQbg/IO/0*3 
2026-09-28T07:40:32+04:00	ck9s-mirror-256k	4	852268	851998	1	12771328	5939200	python3*1 
2026-09-28T07:40:32+04:00	ck9s-mirror-256k	4	852269	851998	45	17150373888	16525905920	python3*36 pt_gloo_runloop*2 ZMQbg/Reaper*2 ZMQbg/IO/0*2 pt_tcpstore_uv*1 cuda0000240000a*1 
2026-09-28T07:40:32+04:00	ck9s-mirror-256k	4	852270	851998	57	975425536	694755328	python3*49 ZMQbg/Reaper*4 ZMQbg/IO/0*4 
2026-09-28T07:40:45+04:00	ck9s-mirror-256k	4	851973	363	2	26771456	6049792	uv*1 main2*1 
2026-09-28T07:40:45+04:00	ck9s-mirror-256k	4	851998	851973	57	984371200	696664064	ft*51 ZMQbg/Reaper*3 ZMQbg/IO/0*3 
2026-09-28T07:40:45+04:00	ck9s-mirror-256k	4	852268	851998	1	12771328	5939200	python3*1 
2026-09-28T07:40:45+04:00	ck9s-mirror-256k	4	852269	851998	45	17150373888	16525905920	python3*36 pt_gloo_runloop*2 ZMQbg/Reaper*2 ZMQbg/IO/0*2 pt_tcpstore_uv*1 cuda0000240000a*1 
2026-09-28T07:40:46+04:00	ck9s-mirror-256k	4	852270	851998	57	975425536	694755328	python3*49 ZMQbg/Reaper*4 ZMQbg/IO/0*4 
2026-09-28T07:40:56+04:00	ck9s-mirror-256k	4	851973	363	2	26771456	6049792	uv*1 main2*1 
2026-09-28T07:40:56+04:00	ck9s-mirror-256k	4	851998	851973	57	984371200	696664064	ft*51 ZMQbg/Reaper*3 ZMQbg/IO/0*3 
2026-09-28T07:40:56+04:00	ck9s-mirror-256k	4	852268	851998	1	12771328	5939200	python3*1 
2026-09-28T07:40:56+04:00	ck9s-mirror-256k	4	852269	851998	45	17150373888	16525905920	python3*36 pt_gloo_runloop*2 ZMQbg/Reaper*2 ZMQbg/IO/0*2 pt_tcpstore_uv*1 cuda0000240000a*1 
2026-09-28T07:40:56+04:00	ck9s-mirror-256k	4	852270	851998	57	975425536	694755328	python3*49 ZMQbg/Reaper*4 ZMQbg/IO/0*4 
2026-09-28T07:41:06+04:00	ck9s-mirror-256k	4	851973	363	2	26771456	6049792	uv*1 main2*1 
2026-09-28T07:41:06+04:00	ck9s-mirror-256k	4	851998	851973	57	984371200	696664064	ft*51 ZMQbg/Reaper*3 ZMQbg/IO/0*3 
2026-09-28T07:41:06+04:00	ck9s-mirror-256k	4	852268	851998	1	12771328	5939200	python3*1 
2026-09-28T07:41:06+04:00	ck9s-mirror-256k	4	852269	851998	45	17150373888	16525905920	python3*36 pt_gloo_runloop*2 ZMQbg/Reaper*2 ZMQbg/IO/0*2 pt_tcpstore_uv*1 cuda0000240000a*1 
2026-09-28T07:41:06+04:00	ck9s-mirror-256k	4	852270	851998	57	975425536	694755328	python3*49 ZMQbg/Reaper*4 ZMQbg/IO/0*4 
2026-09-28T07:41:19+04:00	ck9s-mirror-256k	4	851973	363	2	26771456	6049792	uv*1 main2*1 
2026-09-28T07:41:19+04:00	ck9s-mirror-256k	4	851998	851973	57	984371200	696664064	ft*51 ZMQbg/Reaper*3 ZMQbg/IO/0*3 
2026-09-28T07:41:19+04:00	ck9s-mirror-256k	4	852268	851998	1	12771328	5939200	python3*1 
2026-09-28T07:41:19+04:00	ck9s-mirror-256k	4	852269	851998	45	17150373888	16525905920	python3*36 pt_gloo_runloop*2 ZMQbg/Reaper*2 ZMQbg/IO/0*2 pt_tcpstore_uv*1 cuda0000240000a*1 
2026-09-28T07:41:19+04:00	ck9s-mirror-256k	4	852270	851998	57	975425536	694755328	python3*49 ZMQbg/Reaper*4 ZMQbg/IO/0*4 
2026-09-28T07:41:30+04:00	ck9s-mirror-256k	4	851973	363	2	26771456	6049792	uv*1 main2*1 
2026-09-28T07:41:30+04:00	ck9s-mirror-256k	4	851998	851973	57	984371200	696664064	ft*51 ZMQbg/Reaper*3 ZMQbg/IO/0*3 
2026-09-28T07:41:30+04:00	ck9s-mirror-256k	4	852268	851998	1	12771328	5939200	python3*1 
2026-09-28T07:41:30+04:00	ck9s-mirror-256k	4	852269	851998	45	17150373888	16525905920	python3*36 pt_gloo_runloop*2 ZMQbg/Reaper*2 ZMQbg/IO/0*2 pt_tcpstore_uv*1 cuda0000240000a*1 
2026-09-28T07:41:30+04:00	ck9s-mirror-256k	4	852270	851998	57	975425536	694755328	python3*49 ZMQbg/Reaper*4 ZMQbg/IO/0*4 
2026-09-28T07:41:40+04:00	ck9s-mirror-256k	4	851973	363	2	26771456	6049792	uv*1 main2*1 
2026-09-28T07:41:40+04:00	ck9s-mirror-256k	4	851998	851973	57	984371200	696664064	ft*51 ZMQbg/Reaper*3 ZMQbg/IO/0*3 
2026-09-28T07:41:40+04:00	ck9s-mirror-256k	4	852268	851998	1	12771328	5939200	python3*1 
2026-09-28T07:41:40+04:00	ck9s-mirror-256k	4	852269	851998	45	17150373888	16525905920	python3*36 pt_gloo_runloop*2 ZMQbg/Reaper*2 ZMQbg/IO/0*2 pt_tcpstore_uv*1 cuda0000240000a*1 
2026-09-28T07:41:40+04:00	ck9s-mirror-256k	4	852270	851998	57	975425536	694755328	python3*49 ZMQbg/Reaper*4 ZMQbg/IO/0*4 
2026-09-28T07:41:54+04:00	ck9s-mirror-256k	4	851973	363	2	26771456	6049792	uv*1 main2*1 
2026-09-28T07:41:54+04:00	ck9s-mirror-256k	4	851998	851973	57	984371200	696664064	ft*51 ZMQbg/Reaper*3 ZMQbg/IO/0*3 
2026-09-28T07:41:54+04:00	ck9s-mirror-256k	4	852268	851998	1	12771328	5939200	python3*1 
2026-09-28T07:41:54+04:00	ck9s-mirror-256k	4	852269	851998	45	17150373888	16525905920	python3*36 pt_gloo_runloop*2 ZMQbg/Reaper*2 ZMQbg/IO/0*2 pt_tcpstore_uv*1 cuda0000240000a*1 
2026-09-28T07:41:54+04:00	ck9s-mirror-256k	4	852270	851998	57	975425536	694755328	python3*49 ZMQbg/Reaper*4 ZMQbg/IO/0*4 
2026-09-28T07:42:04+04:00	ck9s-mirror-256k	4	851973	363	2	26771456	6049792	uv*1 main2*1 
2026-09-28T07:42:04+04:00	ck9s-mirror-256k	4	851998	851973	57	984371200	696664064	ft*51 ZMQbg/Reaper*3 ZMQbg/IO/0*3 
2026-09-28T07:42:04+04:00	ck9s-mirror-256k	4	852268	851998	1	12771328	5939200	python3*1 
2026-09-28T07:42:04+04:00	ck9s-mirror-256k	4	852269	851998	45	17150373888	16525905920	python3*36 pt_gloo_runloop*2 ZMQbg/Reaper*2 ZMQbg/IO/0*2 pt_tcpstore_uv*1 cuda0000240000a*1 
2026-09-28T07:42:04+04:00	ck9s-mirror-256k	4	852270	851998	57	975425536	694755328	python3*49 ZMQbg/Reaper*4 ZMQbg/IO/0*4 
2026-09-28T07:42:14+04:00	ck9s-mirror-256k	4	851973	363	2	26771456	6049792	uv*1 main2*1 
2026-09-28T07:42:14+04:00	ck9s-mirror-256k	4	851998	851973	57	984371200	696664064	ft*51 ZMQbg/Reaper*3 ZMQbg/IO/0*3 
2026-09-28T07:42:14+04:00	ck9s-mirror-256k	4	852268	851998	1	12771328	5939200	python3*1 
2026-09-28T07:42:14+04:00	ck9s-mirror-256k	4	852269	851998	45	17150373888	16525905920	python3*36 pt_gloo_runloop*2 ZMQbg/Reaper*2 ZMQbg/IO/0*2 pt_tcpstore_uv*1 cuda0000240000a*1 
2026-09-28T07:42:14+04:00	ck9s-mirror-256k	4	852270	851998	57	975425536	694755328	python3*49 ZMQbg/Reaper*4 ZMQbg/IO/0*4 
2026-09-28T07:42:28+04:00	ck9s-mirror-256k	4	851973	363	2	26771456	6049792	uv*1 main2*1 
2026-09-28T07:42:28+04:00	ck9s-mirror-256k	4	851998	851973	57	984371200	696664064	ft*51 ZMQbg/Reaper*3 ZMQbg/IO/0*3 
2026-09-28T07:42:28+04:00	ck9s-mirror-256k	4	852268	851998	1	12771328	5939200	python3*1 
2026-09-28T07:42:28+04:00	ck9s-mirror-256k	4	852269	851998	45	17150373888	16525905920	python3*36 pt_gloo_runloop*2 ZMQbg/Reaper*2 ZMQbg/IO/0*2 pt_tcpstore_uv*1 cuda0000240000a*1 
2026-09-28T07:42:28+04:00	ck9s-mirror-256k	4	852270	851998	57	975425536	694755328	python3*49 ZMQbg/Reaper*4 ZMQbg/IO/0*4 
2026-09-28T07:42:38+04:00	ck9s-mirror-256k	4	851973	363	2	26771456	6049792	uv*1 main2*1 
2026-09-28T07:42:38+04:00	ck9s-mirror-256k	4	851998	851973	57	984371200	696664064	ft*51 ZMQbg/Reaper*3 ZMQbg/IO/0*3 
2026-09-28T07:42:38+04:00	ck9s-mirror-256k	4	852268	851998	1	12771328	5939200	python3*1 
2026-09-28T07:42:38+04:00	ck9s-mirror-256k	4	852269	851998	45	17150373888	16525905920	python3*36 pt_gloo_runloop*2 ZMQbg/Reaper*2 ZMQbg/IO/0*2 pt_tcpstore_uv*1 cuda0000240000a*1 
2026-09-28T07:42:38+04:00	ck9s-mirror-256k	4	852270	851998	57	975425536	694755328	python3*49 ZMQbg/Reaper*4 ZMQbg/IO/0*4 
2026-09-28T07:42:48+04:00	ck9s-mirror-256k	4	851973	363	2	26771456	6049792	uv*1 main2*1 
2026-09-28T07:42:48+04:00	ck9s-mirror-256k	4	851998	851973	57	984371200	696664064	ft*51 ZMQbg/Reaper*3 ZMQbg/IO/0*3 
2026-09-28T07:42:48+04:00	ck9s-mirror-256k	4	852268	851998	1	12771328	5939200	python3*1 
2026-09-28T07:42:48+04:00	ck9s-mirror-256k	4	852269	851998	45	17150373888	16525905920	python3*36 pt_gloo_runloop*2 ZMQbg/Reaper*2 ZMQbg/IO/0*2 pt_tcpstore_uv*1 cuda0000240000a*1 
2026-09-28T07:42:48+04:00	ck9s-mirror-256k	4	852270	851998	57	975425536	694755328	python3*49 ZMQbg/Reaper*4 ZMQbg/IO/0*4 
2026-09-28T07:43:02+04:00	ck9s-mirror-256k	4	851973	363	2	26771456	6049792	uv*1 main2*1 
2026-09-28T07:43:02+04:00	ck9s-mirror-256k	4	851998	851973	57	984371200	696664064	ft*51 ZMQbg/Reaper*3 ZMQbg/IO/0*3 
2026-09-28T07:43:02+04:00	ck9s-mirror-256k	4	852268	851998	1	12771328	5939200	python3*1 
2026-09-28T07:43:02+04:00	ck9s-mirror-256k	4	852269	851998	45	17150373888	16525905920	python3*36 pt_gloo_runloop*2 ZMQbg/Reaper*2 ZMQbg/IO/0*2 pt_tcpstore_uv*1 cuda0000240000a*1 
2026-09-28T07:43:02+04:00	ck9s-mirror-256k	4	852270	851998	57	975425536	694755328	python3*49 ZMQbg/Reaper*4 ZMQbg/IO/0*4 
2026-09-28T07:43:12+04:00	ck9s-mirror-256k	4	851973	363	2	26771456	6049792	uv*1 main2*1 
2026-09-28T07:43:12+04:00	ck9s-mirror-256k	4	851998	851973	57	984371200	696664064	ft*51 ZMQbg/Reaper*3 ZMQbg/IO/0*3 
2026-09-28T07:43:12+04:00	ck9s-mirror-256k	4	852268	851998	1	12771328	5939200	python3*1 
2026-09-28T07:43:12+04:00	ck9s-mirror-256k	4	852269	851998	45	17150373888	16525905920	python3*36 pt_gloo_runloop*2 ZMQbg/Reaper*2 ZMQbg/IO/0*2 pt_tcpstore_uv*1 cuda0000240000a*1 
2026-09-28T07:43:12+04:00	ck9s-mirror-256k	4	852270	851998	57	975425536	694755328	python3*49 ZMQbg/Reaper*4 ZMQbg/IO/0*4 
2026-09-28T07:43:22+04:00	ck9s-mirror-256k	4	851973	363	2	26771456	6049792	uv*1 main2*1 
2026-09-28T07:43:22+04:00	ck9s-mirror-256k	4	851998	851973	57	984371200	696664064	ft*51 ZMQbg/Reaper*3 ZMQbg/IO/0*3 
2026-09-28T07:43:22+04:00	ck9s-mirror-256k	4	852268	851998	1	12771328	5939200	python3*1 
2026-09-28T07:43:22+04:00	ck9s-mirror-256k	4	852269	851998	45	17150373888	16525905920	python3*36 pt_gloo_runloop*2 ZMQbg/Reaper*2 ZMQbg/IO/0*2 pt_tcpstore_uv*1 cuda0000240000a*1 
2026-09-28T07:43:23+04:00	ck9s-mirror-256k	4	852270	851998	57	975425536	694755328	python3*49 ZMQbg/Reaper*4 ZMQbg/IO/0*4 
2026-09-28T07:43:36+04:00	ck9s-mirror-256k	4	851973	363	2	26771456	6049792	uv*1 main2*1 
2026-09-28T07:43:36+04:00	ck9s-mirror-256k	4	851998	851973	57	984371200	696664064	ft*51 ZMQbg/Reaper*3 ZMQbg/IO/0*3 
2026-09-28T07:43:36+04:00	ck9s-mirror-256k	4	852268	851998	1	12771328	5939200	python3*1 
2026-09-28T07:43:36+04:00	ck9s-mirror-256k	4	852269	851998	45	17150373888	16525905920	python3*36 pt_gloo_runloop*2 ZMQbg/Reaper*2 ZMQbg/IO/0*2 pt_tcpstore_uv*1 cuda0000240000a*1 
2026-09-28T07:43:36+04:00	ck9s-mirror-256k	4	852270	851998	57	975425536	694755328	python3*49 ZMQbg/Reaper*4 ZMQbg/IO/0*4 
2026-09-28T07:43:46+04:00	ck9s-mirror-256k	4	851973	363	2	26771456	6049792	uv*1 main2*1 
2026-09-28T07:43:46+04:00	ck9s-mirror-256k	4	851998	851973	57	984371200	696664064	ft*51 ZMQbg/Reaper*3 ZMQbg/IO/0*3 
2026-09-28T07:43:46+04:00	ck9s-mirror-256k	4	852268	851998	1	12771328	5939200	python3*1 
2026-09-28T07:43:46+04:00	ck9s-mirror-256k	4	852269	851998	45	17150361600	16525905920	python3*36 pt_gloo_runloop*2 ZMQbg/Reaper*2 ZMQbg/IO/0*2 pt_tcpstore_uv*1 cuda0000240000a*1 
2026-09-28T07:43:47+04:00	ck9s-mirror-256k	4	852270	851998	57	975425536	694755328	python3*49 ZMQbg/Reaper*4 ZMQbg/IO/0*4 
2026-09-28T07:43:57+04:00	ck9s-mirror-256k	4	851973	363	2	26771456	6049792	uv*1 main2*1 
2026-09-28T07:43:57+04:00	ck9s-mirror-256k	4	851998	851973	57	984371200	696664064	ft*51 ZMQbg/Reaper*3 ZMQbg/IO/0*3 
2026-09-28T07:43:57+04:00	ck9s-mirror-256k	4	852268	851998	1	12771328	5939200	python3*1 
2026-09-28T07:43:57+04:00	ck9s-mirror-256k	4	852269	851998	45	17150361600	16525905920	python3*36 pt_gloo_runloop*2 ZMQbg/Reaper*2 ZMQbg/IO/0*2 pt_tcpstore_uv*1 cuda0000240000a*1 
2026-09-28T07:43:57+04:00	ck9s-mirror-256k	4	852270	851998	57	975425536	694755328	python3*49 ZMQbg/Reaper*4 ZMQbg/IO/0*4 
2026-09-28T07:44:07+04:00	ck9s-mirror-256k	4	851973	363	2	26771456	6049792	uv*1 main2*1 
2026-09-28T07:44:07+04:00	ck9s-mirror-256k	4	851998	851973	57	984371200	696664064	ft*51 ZMQbg/Reaper*3 ZMQbg/IO/0*3 
2026-09-28T07:44:07+04:00	ck9s-mirror-256k	4	852268	851998	1	12771328	5939200	python3*1 
2026-09-28T07:44:07+04:00	ck9s-mirror-256k	4	852269	851998	45	17150361600	16525905920	python3*36 pt_gloo_runloop*2 ZMQbg/Reaper*2 ZMQbg/IO/0*2 pt_tcpstore_uv*1 cuda0000240000a*1 
2026-09-28T07:44:07+04:00	ck9s-mirror-256k	4	852270	851998	57	975425536	694755328	python3*49 ZMQbg/Reaper*4 ZMQbg/IO/0*4 
2026-09-28T07:44:21+04:00	ck9s-mirror-256k	4	851973	363	2	26771456	6049792	uv*1 main2*1 
2026-09-28T07:44:21+04:00	ck9s-mirror-256k	4	851998	851973	57	984371200	696664064	ft*51 ZMQbg/Reaper*3 ZMQbg/IO/0*3 
2026-09-28T07:44:21+04:00	ck9s-mirror-256k	4	852268	851998	1	12771328	5939200	python3*1 
2026-09-28T07:44:21+04:00	ck9s-mirror-256k	4	852269	851998	45	17150394368	16525938688	python3*36 pt_gloo_runloop*2 ZMQbg/Reaper*2 ZMQbg/IO/0*2 pt_tcpstore_uv*1 cuda0000240000a*1 
2026-09-28T07:44:21+04:00	ck9s-mirror-256k	4	852270	851998	57	975425536	694755328	python3*49 ZMQbg/Reaper*4 ZMQbg/IO/0*4 
2026-09-28T07:44:31+04:00	ck9s-mirror-256k	4	851973	363	2	26771456	6049792	uv*1 main2*1 
2026-09-28T07:44:31+04:00	ck9s-mirror-256k	4	851998	851973	57	984371200	696664064	ft*51 ZMQbg/Reaper*3 ZMQbg/IO/0*3 
2026-09-28T07:44:31+04:00	ck9s-mirror-256k	4	852268	851998	1	12771328	5939200	python3*1 
2026-09-28T07:44:31+04:00	ck9s-mirror-256k	4	852269	851998	45	17150394368	16525938688	python3*36 pt_gloo_runloop*2 ZMQbg/Reaper*2 ZMQbg/IO/0*2 pt_tcpstore_uv*1 cuda0000240000a*1 
2026-09-28T07:44:31+04:00	ck9s-mirror-256k	4	852270	851998	57	975425536	694755328	python3*49 ZMQbg/Reaper*4 ZMQbg/IO/0*4 
2026-09-28T07:44:41+04:00	ck9s-mirror-256k	4	851973	363	2	26771456	6049792	uv*1 main2*1 
2026-09-28T07:44:41+04:00	ck9s-mirror-256k	4	851998	851973	57	984371200	696664064	ft*51 ZMQbg/Reaper*3 ZMQbg/IO/0*3 
2026-09-28T07:44:41+04:00	ck9s-mirror-256k	4	852268	851998	1	12771328	5939200	python3*1 
2026-09-28T07:44:41+04:00	ck9s-mirror-256k	4	852269	851998	45	17150394368	16525938688	python3*36 pt_gloo_runloop*2 ZMQbg/Reaper*2 ZMQbg/IO/0*2 pt_tcpstore_uv*1 cuda0000240000a*1 
2026-09-28T07:44:41+04:00	ck9s-mirror-256k	4	852270	851998	57	975425536	694755328	python3*49 ZMQbg/Reaper*4 ZMQbg/IO/0*4 
2026-09-28T07:44:55+04:00	ck9s-mirror-256k	4	851973	363	2	26771456	6049792	uv*1 main2*1 
2026-09-28T07:44:55+04:00	ck9s-mirror-256k	4	851998	851973	57	984371200	696664064	ft*51 ZMQbg/Reaper*3 ZMQbg/IO/0*3 
2026-09-28T07:44:55+04:00	ck9s-mirror-256k	4	852268	851998	1	12771328	5939200	python3*1 
2026-09-28T07:44:55+04:00	ck9s-mirror-256k	4	852269	851998	45	17150394368	16525938688	python3*36 pt_gloo_runloop*2 ZMQbg/Reaper*2 ZMQbg/IO/0*2 pt_tcpstore_uv*1 cuda0000240000a*1 
2026-09-28T07:44:55+04:00	ck9s-mirror-256k	4	852270	851998	57	975425536	694755328	python3*49 ZMQbg/Reaper*4 ZMQbg/IO/0*4 
2026-09-28T07:45:05+04:00	ck9s-mirror-256k	4	851973	363	2	26771456	6049792	uv*1 main2*1 
2026-09-28T07:45:05+04:00	ck9s-mirror-256k	4	851998	851973	57	984371200	696664064	ft*51 ZMQbg/Reaper*3 ZMQbg/IO/0*3 
2026-09-28T07:45:05+04:00	ck9s-mirror-256k	4	852268	851998	1	12771328	5939200	python3*1 
2026-09-28T07:45:05+04:00	ck9s-mirror-256k	4	852269	851998	45	17150394368	16525938688	python3*36 pt_gloo_runloop*2 ZMQbg/Reaper*2 ZMQbg/IO/0*2 pt_tcpstore_uv*1 cuda0000240000a*1 
2026-09-28T07:45:05+04:00	ck9s-mirror-256k	4	852270	851998	57	975425536	694755328	python3*49 ZMQbg/Reaper*4 ZMQbg/IO/0*4 
2026-09-28T07:45:15+04:00	ck9s-mirror-256k	4	851973	363	2	26771456	6049792	uv*1 main2*1 
2026-09-28T07:45:15+04:00	ck9s-mirror-256k	4	851998	851973	57	984371200	696664064	ft*51 ZMQbg/Reaper*3 ZMQbg/IO/0*3 
2026-09-28T07:45:15+04:00	ck9s-mirror-256k	4	852268	851998	1	12771328	5939200	python3*1 
2026-09-28T07:45:15+04:00	ck9s-mirror-256k	4	852269	851998	45	17150427136	16525971456	python3*36 pt_gloo_runloop*2 ZMQbg/Reaper*2 ZMQbg/IO/0*2 pt_tcpstore_uv*1 cuda0000240000a*1 
2026-09-28T07:45:16+04:00	ck9s-mirror-256k	4	852270	851998	57	975425536	694755328	python3*49 ZMQbg/Reaper*4 ZMQbg/IO/0*4 
2026-09-28T07:45:29+04:00	ck9s-mirror-256k	4	851973	363	2	26771456	6049792	uv*1 main2*1 
2026-09-28T07:45:29+04:00	ck9s-mirror-256k	4	851998	851973	57	984371200	696664064	ft*51 ZMQbg/Reaper*3 ZMQbg/IO/0*3 
2026-09-28T07:45:29+04:00	ck9s-mirror-256k	4	852268	851998	1	12771328	5939200	python3*1 
2026-09-28T07:45:29+04:00	ck9s-mirror-256k	4	852269	851998	45	17150541824	16526086144	python3*36 pt_gloo_runloop*2 ZMQbg/Reaper*2 ZMQbg/IO/0*2 pt_tcpstore_uv*1 cuda0000240000a*1 
2026-09-28T07:45:29+04:00	ck9s-mirror-256k	4	852270	851998	57	975425536	694755328	python3*49 ZMQbg/Reaper*4 ZMQbg/IO/0*4 
2026-09-28T07:45:39+04:00	ck9s-mirror-256k	4	851973	363	2	26771456	6049792	uv*1 main2*1 
2026-09-28T07:45:39+04:00	ck9s-mirror-256k	4	851998	851973	57	984371200	696664064	ft*51 ZMQbg/Reaper*3 ZMQbg/IO/0*3 
2026-09-28T07:45:39+04:00	ck9s-mirror-256k	4	852268	851998	1	12771328	5939200	python3*1 
2026-09-28T07:45:39+04:00	ck9s-mirror-256k	4	852269	851998	45	17150636032	16526180352	python3*36 pt_gloo_runloop*2 ZMQbg/Reaper*2 ZMQbg/IO/0*2 pt_tcpstore_uv*1 cuda0000240000a*1 
2026-09-28T07:45:39+04:00	ck9s-mirror-256k	4	852270	851998	57	975425536	694755328	python3*49 ZMQbg/Reaper*4 ZMQbg/IO/0*4 
2026-09-28T07:45:49+04:00	ck9s-mirror-256k	4	851973	363	2	26771456	6049792	uv*1 main2*1 
2026-09-28T07:45:49+04:00	ck9s-mirror-256k	4	851998	851973	57	984371200	696664064	ft*51 ZMQbg/Reaper*3 ZMQbg/IO/0*3 
2026-09-28T07:45:49+04:00	ck9s-mirror-256k	4	852268	851998	1	12771328	5939200	python3*1 
2026-09-28T07:45:49+04:00	ck9s-mirror-256k	4	852269	851998	45	17150758912	16526303232	python3*36 pt_gloo_runloop*2 ZMQbg/Reaper*2 ZMQbg/IO/0*2 pt_tcpstore_uv*1 cuda0000240000a*1 
2026-09-28T07:45:49+04:00	ck9s-mirror-256k	4	852270	851998	57	975425536	694755328	python3*49 ZMQbg/Reaper*4 ZMQbg/IO/0*4 
2026-09-28T07:46:03+04:00	ck9s-mirror-256k	4	851973	363	2	26771456	6049792	uv*1 main2*1 
2026-09-28T07:46:03+04:00	ck9s-mirror-256k	4	851998	851973	57	984371200	696664064	ft*51 ZMQbg/Reaper*3 ZMQbg/IO/0*3 
2026-09-28T07:46:03+04:00	ck9s-mirror-256k	4	852268	851998	1	12771328	5939200	python3*1 
2026-09-28T07:46:03+04:00	ck9s-mirror-256k	4	852269	851998	45	17150853120	16526397440	python3*36 pt_gloo_runloop*2 ZMQbg/Reaper*2 ZMQbg/IO/0*2 pt_tcpstore_uv*1 cuda0000240000a*1 
2026-09-28T07:46:03+04:00	ck9s-mirror-256k	4	852270	851998	57	975425536	694755328	python3*49 ZMQbg/Reaper*4 ZMQbg/IO/0*4 
2026-09-28T07:46:13+04:00	ck9s-mirror-256k	4	851973	363	2	26771456	6049792	uv*1 main2*1 
2026-09-28T07:46:13+04:00	ck9s-mirror-256k	4	851998	851973	57	984371200	696664064	ft*51 ZMQbg/Reaper*3 ZMQbg/IO/0*3 
2026-09-28T07:46:13+04:00	ck9s-mirror-256k	4	852268	851998	1	12771328	5939200	python3*1 
2026-09-28T07:46:13+04:00	ck9s-mirror-256k	4	852269	851998	45	17150967808	16526512128	python3*36 pt_gloo_runloop*2 ZMQbg/Reaper*2 ZMQbg/IO/0*2 pt_tcpstore_uv*1 cuda0000240000a*1 
2026-09-28T07:46:13+04:00	ck9s-mirror-256k	4	852270	851998	57	975425536	694755328	python3*49 ZMQbg/Reaper*4 ZMQbg/IO/0*4 
2026-09-28T07:46:23+04:00	ck9s-mirror-256k	4	851973	363	2	26771456	6049792	uv*1 main2*1 
2026-09-28T07:46:23+04:00	ck9s-mirror-256k	4	851998	851973	57	984371200	696664064	ft*51 ZMQbg/Reaper*3 ZMQbg/IO/0*3 
2026-09-28T07:46:23+04:00	ck9s-mirror-256k	4	852268	851998	1	12771328	5939200	python3*1 
2026-09-28T07:46:23+04:00	ck9s-mirror-256k	4	852269	851998	45	17151074304	16526635008	python3*36 pt_gloo_runloop*2 ZMQbg/Reaper*2 ZMQbg/IO/0*2 pt_tcpstore_uv*1 cuda0000240000a*1 
2026-09-28T07:46:24+04:00	ck9s-mirror-256k	4	852270	851998	57	975425536	694755328	python3*49 ZMQbg/Reaper*4 ZMQbg/IO/0*4 
2026-09-28T07:46:37+04:00	ck9s-mirror-256k	4	851973	363	2	26771456	6049792	uv*1 main2*1 
2026-09-28T07:46:37+04:00	ck9s-mirror-256k	4	851998	851973	57	984371200	696664064	ft*51 ZMQbg/Reaper*3 ZMQbg/IO/0*3 
2026-09-28T07:46:37+04:00	ck9s-mirror-256k	4	852268	851998	1	12771328	5939200	python3*1 
2026-09-28T07:46:37+04:00	ck9s-mirror-256k	4	852269	851998	45	17151197184	16526741504	python3*36 pt_gloo_runloop*2 ZMQbg/Reaper*2 ZMQbg/IO/0*2 pt_tcpstore_uv*1 cuda0000240000a*1 
2026-09-28T07:46:37+04:00	ck9s-mirror-256k	4	852270	851998	57	975425536	694755328	python3*49 ZMQbg/Reaper*4 ZMQbg/IO/0*4 
2026-09-28T07:46:47+04:00	ck9s-mirror-256k	4	851973	363	2	26771456	6049792	uv*1 main2*1 
2026-09-28T07:46:47+04:00	ck9s-mirror-256k	4	851998	851973	57	984371200	696664064	ft*51 ZMQbg/Reaper*3 ZMQbg/IO/0*3 
2026-09-28T07:46:47+04:00	ck9s-mirror-256k	4	852268	851998	1	12771328	5939200	python3*1 
2026-09-28T07:46:47+04:00	ck9s-mirror-256k	4	852269	851998	45	17151303680	16526848000	python3*36 pt_gloo_runloop*2 ZMQbg/Reaper*2 ZMQbg/IO/0*2 pt_tcpstore_uv*1 cuda0000240000a*1 
2026-09-28T07:46:48+04:00	ck9s-mirror-256k	4	852270	851998	57	975425536	694755328	python3*49 ZMQbg/Reaper*4 ZMQbg/IO/0*4 
2026-09-28T07:46:58+04:00	ck9s-mirror-256k	4	851973	363	2	26771456	6049792	uv*1 main2*1 
2026-09-28T07:46:58+04:00	ck9s-mirror-256k	4	851998	851973	57	984371200	696664064	ft*51 ZMQbg/Reaper*3 ZMQbg/IO/0*3 
2026-09-28T07:46:58+04:00	ck9s-mirror-256k	4	852268	851998	1	12771328	5939200	python3*1 
2026-09-28T07:46:58+04:00	ck9s-mirror-256k	4	852269	851998	45	17151401984	16526946304	python3*36 pt_gloo_runloop*2 ZMQbg/Reaper*2 ZMQbg/IO/0*2 pt_tcpstore_uv*1 cuda0000240000a*1 
2026-09-28T07:46:58+04:00	ck9s-mirror-256k	4	852270	851998	57	975425536	694755328	python3*49 ZMQbg/Reaper*4 ZMQbg/IO/0*4 
2026-09-28T07:47:11+04:00	ck9s-mirror-256k	4	851973	363	2	26771456	6049792	uv*1 main2*1 
2026-09-28T07:47:12+04:00	ck9s-mirror-256k	4	851998	851973	57	984371200	696664064	ft*51 ZMQbg/Reaper*3 ZMQbg/IO/0*3 
2026-09-28T07:47:12+04:00	ck9s-mirror-256k	4	852268	851998	1	12771328	5939200	python3*1 
2026-09-28T07:47:12+04:00	ck9s-mirror-256k	4	852269	851998	45	17151512576	16527056896	python3*36 pt_gloo_runloop*2 ZMQbg/Reaper*2 ZMQbg/IO/0*2 pt_tcpstore_uv*1 cuda0000240000a*1 
2026-09-28T07:47:12+04:00	ck9s-mirror-256k	4	852270	851998	57	975425536	694755328	python3*49 ZMQbg/Reaper*4 ZMQbg/IO/0*4 
2026-09-28T07:47:22+04:00	ck9s-mirror-256k	4	851973	363	2	26771456	6049792	uv*1 main2*1 
2026-09-28T07:47:22+04:00	ck9s-mirror-256k	4	851998	851973	57	984371200	696664064	ft*51 ZMQbg/Reaper*3 ZMQbg/IO/0*3 
2026-09-28T07:47:22+04:00	ck9s-mirror-256k	4	852268	851998	1	12771328	5939200	python3*1 
2026-09-28T07:47:22+04:00	ck9s-mirror-256k	4	852269	851998	45	17151627264	16527171584	python3*36 pt_gloo_runloop*2 ZMQbg/Reaper*2 ZMQbg/IO/0*2 pt_tcpstore_uv*1 cuda0000240000a*1 
2026-09-28T07:47:22+04:00	ck9s-mirror-256k	4	852270	851998	57	975425536	694755328	python3*49 ZMQbg/Reaper*4 ZMQbg/IO/0*4 
2026-09-28T07:47:32+04:00	ck9s-mirror-256k	4	851973	363	2	26771456	6049792	uv*1 main2*1 
2026-09-28T07:47:32+04:00	ck9s-mirror-256k	4	851998	851973	57	984371200	696664064	ft*51 ZMQbg/Reaper*3 ZMQbg/IO/0*3 
2026-09-28T07:47:32+04:00	ck9s-mirror-256k	4	852268	851998	1	12771328	5939200	python3*1 
2026-09-28T07:47:32+04:00	ck9s-mirror-256k	4	852269	851998	45	17151741952	16527286272	python3*36 pt_gloo_runloop*2 ZMQbg/Reaper*2 ZMQbg/IO/0*2 pt_tcpstore_uv*1 cuda0000240000a*1 
2026-09-28T07:47:32+04:00	ck9s-mirror-256k	4	852270	851998	57	975425536	694755328	python3*49 ZMQbg/Reaper*4 ZMQbg/IO/0*4 
2026-09-28T07:47:42+04:00	ck9s-mirror-256k	4	851973	363	2	26771456	6049792	uv*1 main2*1 
2026-09-28T07:47:42+04:00	ck9s-mirror-256k	4	851998	851973	57	984371200	696664064	ft*51 ZMQbg/Reaper*3 ZMQbg/IO/0*3 
2026-09-28T07:47:42+04:00	ck9s-mirror-256k	4	852268	851998	1	12771328	5939200	python3*1 
2026-09-28T07:47:42+04:00	ck9s-mirror-256k	4	852269	851998	45	17151836160	16527380480	python3*36 pt_gloo_runloop*2 ZMQbg/Reaper*2 ZMQbg/IO/0*2 pt_tcpstore_uv*1 cuda0000240000a*1 
2026-09-28T07:47:46+04:00	ck9s-mirror-256k	4	852270	851998	57	975425536	694755328	python3*49 ZMQbg/Reaper*4 ZMQbg/IO/0*4 
2026-09-28T07:47:56+04:00	ck9s-mirror-256k	4	851973	363	2	26771456	6049792	uv*1 main2*1 
2026-09-28T07:47:56+04:00	ck9s-mirror-256k	4	851998	851973	57	984371200	696664064	ft*51 ZMQbg/Reaper*3 ZMQbg/IO/0*3 
2026-09-28T07:47:56+04:00	ck9s-mirror-256k	4	852268	851998	1	12771328	5939200	python3*1 
2026-09-28T07:47:56+04:00	ck9s-mirror-256k	4	852269	851998	45	17151971328	16527515648	python3*36 pt_gloo_runloop*2 ZMQbg/Reaper*2 ZMQbg/IO/0*2 pt_tcpstore_uv*1 cuda0000240000a*1 
2026-09-28T07:47:56+04:00	ck9s-mirror-256k	4	852270	851998	57	975425536	694755328	python3*49 ZMQbg/Reaper*4 ZMQbg/IO/0*4 
2026-09-28T07:48:06+04:00	ck9s-mirror-256k	4	851973	363	2	26771456	6049792	uv*1 main2*1 
2026-09-28T07:48:06+04:00	ck9s-mirror-256k	4	851998	851973	57	984371200	696664064	ft*51 ZMQbg/Reaper*3 ZMQbg/IO/0*3 
2026-09-28T07:48:06+04:00	ck9s-mirror-256k	4	852268	851998	1	12771328	5939200	python3*1 
2026-09-28T07:48:06+04:00	ck9s-mirror-256k	4	852269	851998	45	17152081920	16527626240	python3*36 pt_gloo_runloop*2 ZMQbg/Reaper*2 ZMQbg/IO/0*2 pt_tcpstore_uv*1 cuda0000240000a*1 
2026-09-28T07:48:06+04:00	ck9s-mirror-256k	4	852270	851998	57	975425536	694755328	python3*49 ZMQbg/Reaper*4 ZMQbg/IO/0*4 
2026-09-28T07:48:16+04:00	ck9s-mirror-256k	4	851973	363	2	26771456	6049792	uv*1 main2*1 
2026-09-28T07:48:16+04:00	ck9s-mirror-256k	4	851998	851973	57	985473024	697765888	ft*51 ZMQbg/Reaper*3 ZMQbg/IO/0*3 
2026-09-28T07:48:16+04:00	ck9s-mirror-256k	4	852268	851998	1	12771328	5939200	python3*1 
2026-09-28T07:48:16+04:00	ck9s-mirror-256k	4	852269	851998	45	17153462272	16529006592	python3*36 pt_gloo_runloop*2 ZMQbg/Reaper*2 ZMQbg/IO/0*2 pt_tcpstore_uv*1 cuda0000240000a*1 
2026-09-28T07:48:17+04:00	ck9s-mirror-256k	4	852270	851998	57	975425536	694755328	python3*49 ZMQbg/Reaper*4 ZMQbg/IO/0*4 
2026-09-28T07:48:30+04:00	ck9s-mirror-256k	4	851973	363	2	26771456	6049792	uv*1 main2*1 
2026-09-28T07:48:30+04:00	ck9s-mirror-256k	4	851998	851973	57	985473024	697765888	ft*51 ZMQbg/Reaper*3 ZMQbg/IO/0*3 
2026-09-28T07:48:30+04:00	ck9s-mirror-256k	4	852268	851998	1	12771328	5939200	python3*1 
2026-09-28T07:48:30+04:00	ck9s-mirror-256k	4	852269	851998	45	17153470464	16529014784	python3*36 pt_gloo_runloop*2 ZMQbg/Reaper*2 ZMQbg/IO/0*2 pt_tcpstore_uv*1 cuda0000240000a*1 
2026-09-28T07:48:30+04:00	ck9s-mirror-256k	4	852270	851998	57	975425536	694755328	python3*49 ZMQbg/Reaper*4 ZMQbg/IO/0*4 
2026-09-28T07:48:41+04:00	ck9s-mirror-256k	4	851973	363	2	26771456	6049792	uv*1 main2*1 
2026-09-28T07:48:41+04:00	ck9s-mirror-256k	4	851998	851973	57	985473024	697765888	ft*51 ZMQbg/Reaper*3 ZMQbg/IO/0*3 
2026-09-28T07:48:41+04:00	ck9s-mirror-256k	4	852268	851998	1	12771328	5939200	python3*1 
2026-09-28T07:48:41+04:00	ck9s-mirror-256k	4	852269	851998	45	17153470464	16529014784	python3*36 pt_gloo_runloop*2 ZMQbg/Reaper*2 ZMQbg/IO/0*2 pt_tcpstore_uv*1 cuda0000240000a*1 
2026-09-28T07:48:41+04:00	ck9s-mirror-256k	4	852270	851998	57	975425536	694755328	python3*49 ZMQbg/Reaper*4 ZMQbg/IO/0*4 
2026-09-28T07:48:51+04:00	ck9s-mirror-256k	4	851973	363	2	26771456	6049792	uv*1 main2*1 
2026-09-28T07:48:51+04:00	ck9s-mirror-256k	4	851998	851973	57	985473024	697765888	ft*51 ZMQbg/Reaper*3 ZMQbg/IO/0*3 
2026-09-28T07:48:51+04:00	ck9s-mirror-256k	4	852268	851998	1	12771328	5939200	python3*1 
2026-09-28T07:48:51+04:00	ck9s-mirror-256k	4	852269	851998	45	17153470464	16529014784	python3*36 pt_gloo_runloop*2 ZMQbg/Reaper*2 ZMQbg/IO/0*2 pt_tcpstore_uv*1 cuda0000240000a*1 
2026-09-28T07:48:51+04:00	ck9s-mirror-256k	4	852270	851998	57	975425536	694755328	python3*49 ZMQbg/Reaper*4 ZMQbg/IO/0*4 
2026-09-28T07:49:05+04:00	ck9s-mirror-256k	4	851973	363	2	26771456	6049792	uv*1 main2*1 
2026-09-28T07:49:05+04:00	ck9s-mirror-256k	4	851998	851973	57	985473024	697765888	ft*51 ZMQbg/Reaper*3 ZMQbg/IO/0*3 
2026-09-28T07:49:05+04:00	ck9s-mirror-256k	4	852268	851998	1	12771328	5939200	python3*1 
2026-09-28T07:49:05+04:00	ck9s-mirror-256k	4	852269	851998	45	17153470464	16529014784	python3*36 pt_gloo_runloop*2 ZMQbg/Reaper*2 ZMQbg/IO/0*2 pt_tcpstore_uv*1 cuda0000240000a*1 
2026-09-28T07:49:05+04:00	ck9s-mirror-256k	4	852270	851998	57	975425536	694755328	python3*49 ZMQbg/Reaper*4 ZMQbg/IO/0*4 
2026-09-28T07:49:15+04:00	ck9s-mirror-256k	4	851973	363	2	26771456	6049792	uv*1 main2*1 
2026-09-28T07:49:15+04:00	ck9s-mirror-256k	4	851998	851973	57	985473024	697765888	ft*51 ZMQbg/Reaper*3 ZMQbg/IO/0*3 
2026-09-28T07:49:15+04:00	ck9s-mirror-256k	4	852268	851998	1	12771328	5939200	python3*1 
2026-09-28T07:49:15+04:00	ck9s-mirror-256k	4	852269	851998	45	17153470464	16529014784	python3*36 pt_gloo_runloop*2 ZMQbg/Reaper*2 ZMQbg/IO/0*2 pt_tcpstore_uv*1 cuda0000240000a*1 
2026-09-28T07:49:15+04:00	ck9s-mirror-256k	4	852270	851998	57	975425536	694755328	python3*49 ZMQbg/Reaper*4 ZMQbg/IO/0*4 
2026-09-28T07:49:25+04:00	ck9s-mirror-256k	4	851973	363	2	26771456	6049792	uv*1 main2*1 
2026-09-28T07:49:25+04:00	ck9s-mirror-256k	4	851998	851973	57	985473024	697765888	ft*51 ZMQbg/Reaper*3 ZMQbg/IO/0*3 
2026-09-28T07:49:25+04:00	ck9s-mirror-256k	4	852268	851998	1	12771328	5939200	python3*1 
2026-09-28T07:49:25+04:00	ck9s-mirror-256k	4	852269	851998	45	17153474560	16529018880	python3*36 pt_gloo_runloop*2 ZMQbg/Reaper*2 ZMQbg/IO/0*2 pt_tcpstore_uv*1 cuda0000240000a*1 
2026-09-28T07:49:25+04:00	ck9s-mirror-256k	4	852270	851998	57	975425536	694755328	python3*49 ZMQbg/Reaper*4 ZMQbg/IO/0*4 
2026-09-28T07:49:39+04:00	ck9s-mirror-256k	4	851973	363	2	26771456	6049792	uv*1 main2*1 
2026-09-28T07:49:39+04:00	ck9s-mirror-256k	4	851998	851973	57	985473024	697765888	ft*51 ZMQbg/Reaper*3 ZMQbg/IO/0*3 
2026-09-28T07:49:39+04:00	ck9s-mirror-256k	4	852268	851998	1	12771328	5939200	python3*1 
2026-09-28T07:49:39+04:00	ck9s-mirror-256k	4	852269	851998	45	17153474560	16529018880	python3*36 pt_gloo_runloop*2 ZMQbg/Reaper*2 ZMQbg/IO/0*2 pt_tcpstore_uv*1 cuda0000240000a*1 
2026-09-28T07:49:39+04:00	ck9s-mirror-256k	4	852270	851998	57	975425536	694755328	python3*49 ZMQbg/Reaper*4 ZMQbg/IO/0*4 
2026-09-28T07:49:49+04:00	ck9s-mirror-256k	4	851973	363	2	26771456	6049792	uv*1 main2*1 
2026-09-28T07:49:49+04:00	ck9s-mirror-256k	4	851998	851973	57	985473024	697765888	ft*51 ZMQbg/Reaper*3 ZMQbg/IO/0*3 
2026-09-28T07:49:49+04:00	ck9s-mirror-256k	4	852268	851998	1	12771328	5939200	python3*1 
2026-09-28T07:49:49+04:00	ck9s-mirror-256k	4	852269	851998	45	17153474560	16529018880	python3*36 pt_gloo_runloop*2 ZMQbg/Reaper*2 ZMQbg/IO/0*2 pt_tcpstore_uv*1 cuda0000240000a*1 
2026-09-28T07:49:49+04:00	ck9s-mirror-256k	4	852270	851998	57	975425536	694755328	python3*49 ZMQbg/Reaper*4 ZMQbg/IO/0*4 
2026-09-28T07:49:59+04:00	ck9s-mirror-256k	4	851973	363	2	26771456	6049792	uv*1 main2*1 
2026-09-28T07:49:59+04:00	ck9s-mirror-256k	4	851998	851973	57	985473024	697765888	ft*51 ZMQbg/Reaper*3 ZMQbg/IO/0*3 
2026-09-28T07:49:59+04:00	ck9s-mirror-256k	4	852268	851998	1	12771328	5939200	python3*1 
2026-09-28T07:49:59+04:00	ck9s-mirror-256k	4	852269	851998	45	17153474560	16529018880	python3*36 pt_gloo_runloop*2 ZMQbg/Reaper*2 ZMQbg/IO/0*2 pt_tcpstore_uv*1 cuda0000240000a*1 
2026-09-28T07:50:00+04:00	ck9s-mirror-256k	4	852270	851998	57	975425536	694755328	python3*49 ZMQbg/Reaper*4 ZMQbg/IO/0*4 
2026-09-28T07:50:13+04:00	ck9s-mirror-256k	4	851973	363	2	26771456	6049792	uv*1 main2*1 
2026-09-28T07:50:13+04:00	ck9s-mirror-256k	4	851998	851973	57	985473024	697765888	ft*51 ZMQbg/Reaper*3 ZMQbg/IO/0*3 
2026-09-28T07:50:13+04:00	ck9s-mirror-256k	4	852268	851998	1	12771328	5939200	python3*1 
2026-09-28T07:50:13+04:00	ck9s-mirror-256k	4	852269	851998	45	17153474560	16529018880	python3*36 pt_gloo_runloop*2 ZMQbg/Reaper*2 ZMQbg/IO/0*2 pt_tcpstore_uv*1 cuda0000240000a*1 
2026-09-28T07:50:13+04:00	ck9s-mirror-256k	4	852270	851998	57	975425536	694755328	python3*49 ZMQbg/Reaper*4 ZMQbg/IO/0*4 
2026-09-28T07:50:24+04:00	ck9s-mirror-256k	4	851973	363	2	26771456	6049792	uv*1 main2*1 
2026-09-28T07:50:24+04:00	ck9s-mirror-256k	4	851998	851973	57	985473024	697765888	ft*51 ZMQbg/Reaper*3 ZMQbg/IO/0*3 
2026-09-28T07:50:24+04:00	ck9s-mirror-256k	4	852268	851998	1	12771328	5939200	python3*1 
2026-09-28T07:50:24+04:00	ck9s-mirror-256k	4	852269	851998	45	17153474560	16529018880	python3*36 pt_gloo_runloop*2 ZMQbg/Reaper*2 ZMQbg/IO/0*2 pt_tcpstore_uv*1 cuda0000240000a*1 
2026-09-28T07:50:24+04:00	ck9s-mirror-256k	4	852270	851998	57	975425536	694755328	python3*49 ZMQbg/Reaper*4 ZMQbg/IO/0*4 
2026-09-28T07:50:34+04:00	ck9s-mirror-256k	4	851973	363	2	26771456	6049792	uv*1 main2*1 
2026-09-28T07:50:34+04:00	ck9s-mirror-256k	4	851998	851973	57	985473024	697765888	ft*51 ZMQbg/Reaper*3 ZMQbg/IO/0*3 
2026-09-28T07:50:34+04:00	ck9s-mirror-256k	4	852268	851998	1	12771328	5939200	python3*1 
2026-09-28T07:50:34+04:00	ck9s-mirror-256k	4	852269	851998	45	17153474560	16529018880	python3*36 pt_gloo_runloop*2 ZMQbg/Reaper*2 ZMQbg/IO/0*2 pt_tcpstore_uv*1 cuda0000240000a*1 
2026-09-28T07:50:34+04:00	ck9s-mirror-256k	4	852270	851998	57	975425536	694755328	python3*49 ZMQbg/Reaper*4 ZMQbg/IO/0*4 
2026-09-28T07:50:48+04:00	ck9s-mirror-256k	4	851973	363	2	26771456	6049792	uv*1 main2*1 
2026-09-28T07:50:48+04:00	ck9s-mirror-256k	4	851998	851973	57	985473024	697765888	ft*51 ZMQbg/Reaper*3 ZMQbg/IO/0*3 
2026-09-28T07:50:48+04:00	ck9s-mirror-256k	4	852268	851998	1	12771328	5939200	python3*1 
2026-09-28T07:50:48+04:00	ck9s-mirror-256k	4	852269	851998	45	17153474560	16529018880	python3*36 pt_gloo_runloop*2 ZMQbg/Reaper*2 ZMQbg/IO/0*2 pt_tcpstore_uv*1 cuda0000240000a*1 
2026-09-28T07:50:48+04:00	ck9s-mirror-256k	4	852270	851998	57	975425536	694755328	python3*49 ZMQbg/Reaper*4 ZMQbg/IO/0*4 
2026-09-28T07:50:58+04:00	ck9s-mirror-256k	4	851973	363	2	26771456	6049792	uv*1 main2*1 
2026-09-28T07:50:58+04:00	ck9s-mirror-256k	4	851998	851973	57	985473024	697765888	ft*51 ZMQbg/Reaper*3 ZMQbg/IO/0*3 
2026-09-28T07:50:58+04:00	ck9s-mirror-256k	4	852268	851998	1	12771328	5939200	python3*1 
2026-09-28T07:50:58+04:00	ck9s-mirror-256k	4	852269	851998	45	17153474560	16529018880	python3*36 pt_gloo_runloop*2 ZMQbg/Reaper*2 ZMQbg/IO/0*2 pt_tcpstore_uv*1 cuda0000240000a*1 
2026-09-28T07:50:58+04:00	ck9s-mirror-256k	4	852270	851998	57	975425536	694755328	python3*49 ZMQbg/Reaper*4 ZMQbg/IO/0*4 
2026-09-28T07:51:08+04:00	ck9s-mirror-256k	4	851973	363	2	26771456	6049792	uv*1 main2*1 
2026-09-28T07:51:08+04:00	ck9s-mirror-256k	4	851998	851973	57	985473024	697765888	ft*51 ZMQbg/Reaper*3 ZMQbg/IO/0*3 
2026-09-28T07:51:08+04:00	ck9s-mirror-256k	4	852268	851998	1	12771328	5939200	python3*1 
2026-09-28T07:51:08+04:00	ck9s-mirror-256k	4	852269	851998	45	17153474560	16529018880	python3*36 pt_gloo_runloop*2 ZMQbg/Reaper*2 ZMQbg/IO/0*2 pt_tcpstore_uv*1 cuda0000240000a*1 
2026-09-28T07:51:08+04:00	ck9s-mirror-256k	4	852270	851998	57	975425536	694755328	python3*49 ZMQbg/Reaper*4 ZMQbg/IO/0*4 
2026-09-28T07:51:22+04:00	ck9s-mirror-256k	4	851973	363	2	26771456	6049792	uv*1 main2*1 
2026-09-28T07:51:22+04:00	ck9s-mirror-256k	4	851998	851973	57	985473024	697765888	ft*51 ZMQbg/Reaper*3 ZMQbg/IO/0*3 
2026-09-28T07:51:22+04:00	ck9s-mirror-256k	4	852268	851998	1	12771328	5939200	python3*1 
2026-09-28T07:51:22+04:00	ck9s-mirror-256k	4	852269	851998	45	17153474560	16529018880	python3*36 pt_gloo_runloop*2 ZMQbg/Reaper*2 ZMQbg/IO/0*2 pt_tcpstore_uv*1 cuda0000240000a*1 
2026-09-28T07:51:22+04:00	ck9s-mirror-256k	4	852270	851998	57	975425536	694755328	python3*49 ZMQbg/Reaper*4 ZMQbg/IO/0*4 
2026-09-28T07:51:32+04:00	ck9s-mirror-256k	4	851973	363	2	26771456	6049792	uv*1 main2*1 
2026-09-28T07:51:32+04:00	ck9s-mirror-256k	4	851998	851973	57	985473024	697765888	ft*51 ZMQbg/Reaper*3 ZMQbg/IO/0*3 
2026-09-28T07:51:32+04:00	ck9s-mirror-256k	4	852268	851998	1	12771328	5939200	python3*1 
2026-09-28T07:51:32+04:00	ck9s-mirror-256k	4	852269	851998	45	17153474560	16529018880	python3*36 pt_gloo_runloop*2 ZMQbg/Reaper*2 ZMQbg/IO/0*2 pt_tcpstore_uv*1 cuda0000240000a*1 
2026-09-28T07:51:32+04:00	ck9s-mirror-256k	4	852270	851998	57	975425536	694755328	python3*49 ZMQbg/Reaper*4 ZMQbg/IO/0*4 
2026-09-28T07:51:43+04:00	ck9s-mirror-256k	4	851973	363	2	26771456	6049792	uv*1 main2*1 
2026-09-28T07:51:43+04:00	ck9s-mirror-256k	4	851998	851973	57	985473024	697765888	ft*51 ZMQbg/Reaper*3 ZMQbg/IO/0*3 
2026-09-28T07:51:43+04:00	ck9s-mirror-256k	4	852268	851998	1	12771328	5939200	python3*1 
2026-09-28T07:51:43+04:00	ck9s-mirror-256k	4	852269	851998	45	17153355776	16529027072	python3*36 pt_gloo_runloop*2 ZMQbg/Reaper*2 ZMQbg/IO/0*2 pt_tcpstore_uv*1 cuda0000240000a*1 
2026-09-28T07:51:43+04:00	ck9s-mirror-256k	4	852270	851998	57	975425536	694755328	python3*49 ZMQbg/Reaper*4 ZMQbg/IO/0*4 
2026-09-28T07:51:53+04:00	ck9s-mirror-256k	4	851973	363	2	26771456	6049792	uv*1 main2*1 
2026-09-28T07:51:53+04:00	ck9s-mirror-256k	4	851998	851973	57	985473024	697765888	ft*51 ZMQbg/Reaper*3 ZMQbg/IO/0*3 
2026-09-28T07:51:53+04:00	ck9s-mirror-256k	4	852268	851998	1	12771328	5939200	python3*1 
2026-09-28T07:51:53+04:00	ck9s-mirror-256k	4	852269	851998	45	17153421312	16529096704	python3*36 pt_gloo_runloop*2 ZMQbg/Reaper*2 ZMQbg/IO/0*2 pt_tcpstore_uv*1 cuda0000240000a*1 
2026-09-28T07:51:57+04:00	ck9s-mirror-256k	4	852270	851998	57	975425536	694755328	python3*49 ZMQbg/Reaper*4 ZMQbg/IO/0*4 
2026-09-28T07:52:07+04:00	ck9s-mirror-256k	4	851973	363	2	26771456	6049792	uv*1 main2*1 
2026-09-28T07:52:07+04:00	ck9s-mirror-256k	4	851998	851973	57	985473024	697765888	ft*51 ZMQbg/Reaper*3 ZMQbg/IO/0*3 
2026-09-28T07:52:07+04:00	ck9s-mirror-256k	4	852268	851998	1	12771328	5939200	python3*1 
2026-09-28T07:52:07+04:00	ck9s-mirror-256k	4	852269	851998	45	17153490944	16529166336	python3*36 pt_gloo_runloop*2 ZMQbg/Reaper*2 ZMQbg/IO/0*2 pt_tcpstore_uv*1 cuda0000240000a*1 
2026-09-28T07:52:07+04:00	ck9s-mirror-256k	4	852270	851998	57	975425536	694755328	python3*49 ZMQbg/Reaper*4 ZMQbg/IO/0*4 
2026-09-28T07:52:17+04:00	ck9s-mirror-256k	4	851973	363	2	26771456	6049792	uv*1 main2*1 
2026-09-28T07:52:17+04:00	ck9s-mirror-256k	4	851998	851973	57	985473024	697765888	ft*51 ZMQbg/Reaper*3 ZMQbg/IO/0*3 
2026-09-28T07:52:17+04:00	ck9s-mirror-256k	4	852268	851998	1	12771328	5939200	python3*1 
2026-09-28T07:52:17+04:00	ck9s-mirror-256k	4	852269	851998	45	17153564672	16529240064	python3*36 pt_gloo_runloop*2 ZMQbg/Reaper*2 ZMQbg/IO/0*2 pt_tcpstore_uv*1 cuda0000240000a*1 
2026-09-28T07:52:17+04:00	ck9s-mirror-256k	4	852270	851998	57	975425536	694755328	python3*49 ZMQbg/Reaper*4 ZMQbg/IO/0*4 
2026-09-28T07:52:27+04:00	ck9s-mirror-256k	4	851973	363	2	26771456	6049792	uv*1 main2*1 
2026-09-28T07:52:27+04:00	ck9s-mirror-256k	4	851998	851973	57	985473024	697765888	ft*51 ZMQbg/Reaper*3 ZMQbg/IO/0*3 
2026-09-28T07:52:27+04:00	ck9s-mirror-256k	4	852268	851998	1	12771328	5939200	python3*1 
2026-09-28T07:52:27+04:00	ck9s-mirror-256k	4	852269	851998	45	17153642496	16529317888	python3*36 pt_gloo_runloop*2 ZMQbg/Reaper*2 ZMQbg/IO/0*2 pt_tcpstore_uv*1 cuda0000240000a*1 
2026-09-28T07:52:27+04:00	ck9s-mirror-256k	4	852270	851998	57	975425536	694755328	python3*49 ZMQbg/Reaper*4 ZMQbg/IO/0*4 
2026-09-28T07:52:41+04:00	ck9s-mirror-256k	4	851973	363	2	26771456	6049792	uv*1 main2*1 
2026-09-28T07:52:41+04:00	ck9s-mirror-256k	4	851998	851973	57	985473024	697765888	ft*51 ZMQbg/Reaper*3 ZMQbg/IO/0*3 
2026-09-28T07:52:41+04:00	ck9s-mirror-256k	4	852268	851998	1	12771328	5939200	python3*1 
2026-09-28T07:52:41+04:00	ck9s-mirror-256k	4	852269	851998	45	17153708032	16529383424	python3*36 pt_gloo_runloop*2 ZMQbg/Reaper*2 ZMQbg/IO/0*2 pt_tcpstore_uv*1 cuda0000240000a*1 
2026-09-28T07:52:41+04:00	ck9s-mirror-256k	4	852270	851998	57	975425536	694755328	python3*49 ZMQbg/Reaper*4 ZMQbg/IO/0*4 
2026-09-28T07:52:52+04:00	ck9s-mirror-256k	4	851973	363	2	26771456	6049792	uv*1 main2*1 
2026-09-28T07:52:52+04:00	ck9s-mirror-256k	4	851998	851973	57	985473024	697765888	ft*51 ZMQbg/Reaper*3 ZMQbg/IO/0*3 
2026-09-28T07:52:52+04:00	ck9s-mirror-256k	4	852268	851998	1	12771328	5939200	python3*1 
2026-09-28T07:52:52+04:00	ck9s-mirror-256k	4	852269	851998	45	17153781760	16529457152	python3*36 pt_gloo_runloop*2 ZMQbg/Reaper*2 ZMQbg/IO/0*2 pt_tcpstore_uv*1 cuda0000240000a*1 
2026-09-28T07:52:52+04:00	ck9s-mirror-256k	4	852270	851998	57	975425536	694755328	python3*49 ZMQbg/Reaper*4 ZMQbg/IO/0*4 
2026-09-28T07:53:02+04:00	ck9s-mirror-256k	4	851973	363	2	26771456	6049792	uv*1 main2*1 
2026-09-28T07:53:02+04:00	ck9s-mirror-256k	4	851998	851973	57	985473024	697765888	ft*51 ZMQbg/Reaper*3 ZMQbg/IO/0*3 
2026-09-28T07:53:02+04:00	ck9s-mirror-256k	4	852268	851998	1	12771328	5939200	python3*1 
2026-09-28T07:53:02+04:00	ck9s-mirror-256k	4	852269	851998	45	17153859584	16529534976	python3*36 pt_gloo_runloop*2 ZMQbg/Reaper*2 ZMQbg/IO/0*2 pt_tcpstore_uv*1 cuda0000240000a*1 
2026-09-28T07:53:02+04:00	ck9s-mirror-256k	4	852270	851998	57	975425536	694755328	python3*49 ZMQbg/Reaper*4 ZMQbg/IO/0*4 
2026-09-28T07:53:16+04:00	ck9s-mirror-256k	4	851973	363	2	26771456	6049792	uv*1 main2*1 
2026-09-28T07:53:16+04:00	ck9s-mirror-256k	4	851998	851973	57	985473024	697765888	ft*51 ZMQbg/Reaper*3 ZMQbg/IO/0*3 
2026-09-28T07:53:16+04:00	ck9s-mirror-256k	4	852268	851998	1	12771328	5939200	python3*1 
2026-09-28T07:53:16+04:00	ck9s-mirror-256k	4	852269	851998	45	17154719744	16530395136	python3*36 pt_gloo_runloop*2 ZMQbg/Reaper*2 ZMQbg/IO/0*2 pt_tcpstore_uv*1 cuda0000240000a*1 
2026-09-28T07:53:16+04:00	ck9s-mirror-256k	4	852270	851998	57	975425536	694755328	python3*49 ZMQbg/Reaper*4 ZMQbg/IO/0*4 
2026-09-28T07:53:26+04:00	ck9s-mirror-256k	4	851973	363	2	26771456	6049792	uv*1 main2*1 
2026-09-28T07:53:26+04:00	ck9s-mirror-256k	4	851998	851973	57	985473024	697765888	ft*51 ZMQbg/Reaper*3 ZMQbg/IO/0*3 
2026-09-28T07:53:26+04:00	ck9s-mirror-256k	4	852268	851998	1	12771328	5939200	python3*1 
2026-09-28T07:53:26+04:00	ck9s-mirror-256k	4	852269	851998	45	17154719744	16530395136	python3*36 pt_gloo_runloop*2 ZMQbg/Reaper*2 ZMQbg/IO/0*2 pt_tcpstore_uv*1 cuda0000240000a*1 
2026-09-28T07:53:26+04:00	ck9s-mirror-256k	4	852270	851998	57	975425536	694755328	python3*49 ZMQbg/Reaper*4 ZMQbg/IO/0*4 
2026-09-28T07:53:36+04:00	ck9s-mirror-256k	4	851973	363	2	26771456	6049792	uv*1 main2*1 
2026-09-28T07:53:36+04:00	ck9s-mirror-256k	4	851998	851973	57	985473024	697765888	ft*51 ZMQbg/Reaper*3 ZMQbg/IO/0*3 
2026-09-28T07:53:36+04:00	ck9s-mirror-256k	4	852268	851998	1	12771328	5939200	python3*1 
2026-09-28T07:53:36+04:00	ck9s-mirror-256k	4	852269	851998	45	17154719744	16530395136	python3*36 pt_gloo_runloop*2 ZMQbg/Reaper*2 ZMQbg/IO/0*2 pt_tcpstore_uv*1 cuda0000240000a*1 
2026-09-28T07:53:36+04:00	ck9s-mirror-256k	4	852270	851998	57	975425536	694755328	python3*49 ZMQbg/Reaper*4 ZMQbg/IO/0*4 
2026-09-28T07:53:50+04:00	ck9s-mirror-256k	4	851973	363	2	26771456	6049792	uv*1 main2*1 
2026-09-28T07:53:50+04:00	ck9s-mirror-256k	4	851998	851973	57	985473024	697765888	ft*51 ZMQbg/Reaper*3 ZMQbg/IO/0*3 
2026-09-28T07:53:50+04:00	ck9s-mirror-256k	4	852268	851998	1	12771328	5939200	python3*1 
2026-09-28T07:53:50+04:00	ck9s-mirror-256k	4	852269	851998	45	17154719744	16530395136	python3*36 pt_gloo_runloop*2 ZMQbg/Reaper*2 ZMQbg/IO/0*2 pt_tcpstore_uv*1 cuda0000240000a*1 
2026-09-28T07:53:50+04:00	ck9s-mirror-256k	4	852270	851998	57	975425536	694755328	python3*49 ZMQbg/Reaper*4 ZMQbg/IO/0*4 
2026-09-28T07:54:00+04:00	ck9s-mirror-256k	4	851973	363	2	26771456	6049792	uv*1 main2*1 
2026-09-28T07:54:00+04:00	ck9s-mirror-256k	4	851998	851973	57	985473024	697765888	ft*51 ZMQbg/Reaper*3 ZMQbg/IO/0*3 
2026-09-28T07:54:00+04:00	ck9s-mirror-256k	4	852268	851998	1	12771328	5939200	python3*1 
2026-09-28T07:54:00+04:00	ck9s-mirror-256k	4	852269	851998	45	17154719744	16530395136	python3*36 pt_gloo_runloop*2 ZMQbg/Reaper*2 ZMQbg/IO/0*2 pt_tcpstore_uv*1 cuda0000240000a*1 
2026-09-28T07:54:00+04:00	ck9s-mirror-256k	4	852270	851998	57	975425536	694755328	python3*49 ZMQbg/Reaper*4 ZMQbg/IO/0*4 
2026-09-28T07:54:11+04:00	ck9s-mirror-256k	4	851973	363	2	26771456	6049792	uv*1 main2*1 
2026-09-28T07:54:11+04:00	ck9s-mirror-256k	4	851998	851973	57	985473024	697765888	ft*51 ZMQbg/Reaper*3 ZMQbg/IO/0*3 
2026-09-28T07:54:11+04:00	ck9s-mirror-256k	4	852268	851998	1	12771328	5939200	python3*1 
2026-09-28T07:54:11+04:00	ck9s-mirror-256k	4	852269	851998	45	17154719744	16530395136	python3*36 pt_gloo_runloop*2 ZMQbg/Reaper*2 ZMQbg/IO/0*2 pt_tcpstore_uv*1 cuda0000240000a*1 
2026-09-28T07:54:11+04:00	ck9s-mirror-256k	4	852270	851998	57	975425536	694755328	python3*49 ZMQbg/Reaper*4 ZMQbg/IO/0*4 
2026-09-28T07:54:24+04:00	ck9s-mirror-256k	4	851973	363	2	26771456	6049792	uv*1 main2*1 
2026-09-28T07:54:24+04:00	ck9s-mirror-256k	4	851998	851973	57	985473024	697765888	ft*51 ZMQbg/Reaper*3 ZMQbg/IO/0*3 
2026-09-28T07:54:25+04:00	ck9s-mirror-256k	4	852268	851998	1	12771328	5939200	python3*1 
2026-09-28T07:54:25+04:00	ck9s-mirror-256k	4	852269	851998	45	17154723840	16530399232	python3*36 pt_gloo_runloop*2 ZMQbg/Reaper*2 ZMQbg/IO/0*2 pt_tcpstore_uv*1 cuda0000240000a*1 
2026-09-28T07:54:25+04:00	ck9s-mirror-256k	4	852270	851998	57	975425536	694755328	python3*49 ZMQbg/Reaper*4 ZMQbg/IO/0*4 
2026-09-28T07:54:35+04:00	ck9s-mirror-256k	4	851973	363	2	26771456	6049792	uv*1 main2*1 
2026-09-28T07:54:35+04:00	ck9s-mirror-256k	4	851998	851973	57	985473024	697765888	ft*51 ZMQbg/Reaper*3 ZMQbg/IO/0*3 
2026-09-28T07:54:35+04:00	ck9s-mirror-256k	4	852268	851998	1	12771328	5939200	python3*1 
2026-09-28T07:54:35+04:00	ck9s-mirror-256k	4	852269	851998	45	17154797568	16530472960	python3*36 pt_gloo_runloop*2 ZMQbg/Reaper*2 ZMQbg/IO/0*2 pt_tcpstore_uv*1 cuda0000240000a*1 
2026-09-28T07:54:35+04:00	ck9s-mirror-256k	4	852270	851998	57	975425536	694755328	python3*49 ZMQbg/Reaper*4 ZMQbg/IO/0*4 
2026-09-28T07:54:45+04:00	ck9s-mirror-256k	4	851973	363	2	26771456	6049792	uv*1 main2*1 
2026-09-28T07:54:45+04:00	ck9s-mirror-256k	4	851998	851973	57	985473024	697765888	ft*51 ZMQbg/Reaper*3 ZMQbg/IO/0*3 
2026-09-28T07:54:45+04:00	ck9s-mirror-256k	4	852268	851998	1	12771328	5939200	python3*1 
2026-09-28T07:54:45+04:00	ck9s-mirror-256k	4	852269	851998	45	17154867200	16530542592	python3*36 pt_gloo_runloop*2 ZMQbg/Reaper*2 ZMQbg/IO/0*2 pt_tcpstore_uv*1 cuda0000240000a*1 
2026-09-28T07:54:45+04:00	ck9s-mirror-256k	4	852270	851998	57	975425536	694755328	python3*49 ZMQbg/Reaper*4 ZMQbg/IO/0*4 
2026-09-28T07:54:59+04:00	ck9s-mirror-256k	4	851973	363	2	26771456	6049792	uv*1 main2*1 
2026-09-28T07:54:59+04:00	ck9s-mirror-256k	4	851998	851973	57	985473024	697765888	ft*51 ZMQbg/Reaper*3 ZMQbg/IO/0*3 
2026-09-28T07:54:59+04:00	ck9s-mirror-256k	4	852268	851998	1	12771328	5939200	python3*1 
2026-09-28T07:54:59+04:00	ck9s-mirror-256k	4	852269	851998	45	17154945024	16530620416	python3*36 pt_gloo_runloop*2 ZMQbg/Reaper*2 ZMQbg/IO/0*2 pt_tcpstore_uv*1 cuda0000240000a*1 
2026-09-28T07:54:59+04:00	ck9s-mirror-256k	4	852270	851998	57	975425536	694755328	python3*49 ZMQbg/Reaper*4 ZMQbg/IO/0*4 
2026-09-28T07:55:09+04:00	ck9s-mirror-256k	4	851973	363	2	26771456	6049792	uv*1 main2*1 
2026-09-28T07:55:09+04:00	ck9s-mirror-256k	4	851998	851973	57	985473024	697765888	ft*51 ZMQbg/Reaper*3 ZMQbg/IO/0*3 
2026-09-28T07:55:09+04:00	ck9s-mirror-256k	4	852268	851998	1	12771328	5939200	python3*1 
2026-09-28T07:55:09+04:00	ck9s-mirror-256k	4	852269	851998	45	17155031040	16530706432	python3*36 pt_gloo_runloop*2 ZMQbg/Reaper*2 ZMQbg/IO/0*2 pt_tcpstore_uv*1 cuda0000240000a*1 
2026-09-28T07:55:09+04:00	ck9s-mirror-256k	4	852270	851998	57	975425536	694755328	python3*49 ZMQbg/Reaper*4 ZMQbg/IO/0*4 
2026-09-28T07:55:19+04:00	ck9s-mirror-256k	4	851973	363	2	26771456	6049792	uv*1 main2*1 
2026-09-28T07:55:19+04:00	ck9s-mirror-256k	4	851998	851973	57	985473024	697765888	ft*51 ZMQbg/Reaper*3 ZMQbg/IO/0*3 
2026-09-28T07:55:19+04:00	ck9s-mirror-256k	4	852268	851998	1	12771328	5939200	python3*1 
2026-09-28T07:55:19+04:00	ck9s-mirror-256k	4	852269	851998	45	17155117056	16530812928	python3*36 pt_gloo_runloop*2 ZMQbg/Reaper*2 ZMQbg/IO/0*2 pt_tcpstore_uv*1 cuda0000240000a*1 
2026-09-28T07:55:20+04:00	ck9s-mirror-256k	4	852270	851998	57	975425536	694755328	python3*49 ZMQbg/Reaper*4 ZMQbg/IO/0*4 
2026-09-28T07:55:33+04:00	ck9s-mirror-256k	4	851973	363	2	26771456	6049792	uv*1 main2*1 
2026-09-28T07:55:33+04:00	ck9s-mirror-256k	4	851998	851973	57	985473024	697765888	ft*51 ZMQbg/Reaper*3 ZMQbg/IO/0*3 
2026-09-28T07:55:33+04:00	ck9s-mirror-256k	4	852268	851998	1	12771328	5939200	python3*1 
2026-09-28T07:55:33+04:00	ck9s-mirror-256k	4	852269	851998	45	17155203072	16530878464	python3*36 pt_gloo_runloop*2 ZMQbg/Reaper*2 ZMQbg/IO/0*2 pt_tcpstore_uv*1 cuda0000240000a*1 
2026-09-28T07:55:34+04:00	ck9s-mirror-256k	4	852270	851998	57	975425536	694755328	python3*49 ZMQbg/Reaper*4 ZMQbg/IO/0*4 
2026-09-28T07:55:44+04:00	ck9s-mirror-256k	4	851973	363	2	26771456	6049792	uv*1 main2*1 
2026-09-28T07:55:44+04:00	ck9s-mirror-256k	4	851998	851973	57	985473024	697765888	ft*51 ZMQbg/Reaper*3 ZMQbg/IO/0*3 
2026-09-28T07:55:44+04:00	ck9s-mirror-256k	4	852268	851998	1	12771328	5939200	python3*1 
2026-09-28T07:55:44+04:00	ck9s-mirror-256k	4	852269	851998	45	17155289088	16530964480	python3*36 pt_gloo_runloop*2 ZMQbg/Reaper*2 ZMQbg/IO/0*2 pt_tcpstore_uv*1 cuda0000240000a*1 
2026-09-28T07:55:44+04:00	ck9s-mirror-256k	4	852270	851998	57	975425536	694755328	python3*49 ZMQbg/Reaper*4 ZMQbg/IO/0*4 
2026-09-28T07:55:54+04:00	ck9s-mirror-256k	4	851973	363	2	26771456	6049792	uv*1 main2*1 
2026-09-28T07:55:54+04:00	ck9s-mirror-256k	4	851998	851973	57	985473024	697765888	ft*51 ZMQbg/Reaper*3 ZMQbg/IO/0*3 
2026-09-28T07:55:54+04:00	ck9s-mirror-256k	4	852268	851998	1	12771328	5939200	python3*1 
2026-09-28T07:55:54+04:00	ck9s-mirror-256k	4	852269	851998	45	17155366912	16531042304	python3*36 pt_gloo_runloop*2 ZMQbg/Reaper*2 ZMQbg/IO/0*2 pt_tcpstore_uv*1 cuda0000240000a*1 
2026-09-28T07:55:54+04:00	ck9s-mirror-256k	4	852270	851998	57	975425536	694755328	python3*49 ZMQbg/Reaper*4 ZMQbg/IO/0*4 
2026-09-28T07:56:08+04:00	ck9s-mirror-256k	4	851973	363	2	26771456	6049792	uv*1 main2*1 
2026-09-28T07:56:08+04:00	ck9s-mirror-256k	4	851998	851973	57	985473024	697765888	ft*51 ZMQbg/Reaper*3 ZMQbg/IO/0*3 
2026-09-28T07:56:08+04:00	ck9s-mirror-256k	4	852268	851998	1	12771328	5939200	python3*1 
2026-09-28T07:56:08+04:00	ck9s-mirror-256k	4	852269	851998	45	17155383296	16531058688	python3*36 pt_gloo_runloop*2 ZMQbg/Reaper*2 ZMQbg/IO/0*2 pt_tcpstore_uv*1 cuda0000240000a*1 
2026-09-28T07:56:08+04:00	ck9s-mirror-256k	4	852270	851998	57	975425536	694755328	python3*49 ZMQbg/Reaper*4 ZMQbg/IO/0*4 
2026-09-28T07:56:18+04:00	ck9s-mirror-256k	4	851973	363	2	26771456	6049792	uv*1 main2*1 
2026-09-28T07:56:18+04:00	ck9s-mirror-256k	4	851998	851973	57	985473024	697765888	ft*51 ZMQbg/Reaper*3 ZMQbg/IO/0*3 
2026-09-28T07:56:18+04:00	ck9s-mirror-256k	4	852268	851998	1	12771328	5939200	python3*1 
2026-09-28T07:56:18+04:00	ck9s-mirror-256k	4	852269	851998	45	17155383296	16531058688	python3*36 pt_gloo_runloop*2 ZMQbg/Reaper*2 ZMQbg/IO/0*2 pt_tcpstore_uv*1 cuda0000240000a*1 
2026-09-28T07:56:18+04:00	ck9s-mirror-256k	4	852270	851998	57	975425536	694755328	python3*49 ZMQbg/Reaper*4 ZMQbg/IO/0*4 
2026-09-28T07:56:28+04:00	ck9s-mirror-256k	4	851973	363	2	26771456	6049792	uv*1 main2*1 
2026-09-28T07:56:28+04:00	ck9s-mirror-256k	4	851998	851973	57	985473024	697765888	ft*51 ZMQbg/Reaper*3 ZMQbg/IO/0*3 
2026-09-28T07:56:28+04:00	ck9s-mirror-256k	4	852268	851998	1	12771328	5939200	python3*1 
2026-09-28T07:56:28+04:00	ck9s-mirror-256k	4	852269	851998	45	17155383296	16531058688	python3*36 pt_gloo_runloop*2 ZMQbg/Reaper*2 ZMQbg/IO/0*2 pt_tcpstore_uv*1 cuda0000240000a*1 
2026-09-28T07:56:28+04:00	ck9s-mirror-256k	4	852270	851998	57	975425536	694755328	python3*49 ZMQbg/Reaper*4 ZMQbg/IO/0*4 
2026-09-28T07:56:38+04:00	ck9s-mirror-256k	4	851973	363	2	26771456	6049792	uv*1 main2*1 
2026-09-28T07:56:38+04:00	ck9s-mirror-256k	4	851998	851973	57	985473024	697765888	ft*51 ZMQbg/Reaper*3 ZMQbg/IO/0*3 
2026-09-28T07:56:38+04:00	ck9s-mirror-256k	4	852268	851998	1	12771328	5939200	python3*1 
2026-09-28T07:56:38+04:00	ck9s-mirror-256k	4	852269	851998	45	17155383296	16531058688	python3*36 pt_gloo_runloop*2 ZMQbg/Reaper*2 ZMQbg/IO/0*2 pt_tcpstore_uv*1 cuda0000240000a*1 
2026-09-28T07:56:39+04:00	ck9s-mirror-256k	4	852270	851998	57	975425536	694755328	python3*49 ZMQbg/Reaper*4 ZMQbg/IO/0*4 
2026-09-28T07:56:52+04:00	ck9s-mirror-256k	4	851973	363	2	26771456	6049792	uv*1 main2*1 
2026-09-28T07:56:52+04:00	ck9s-mirror-256k	4	851998	851973	57	985473024	697765888	ft*51 ZMQbg/Reaper*3 ZMQbg/IO/0*3 
2026-09-28T07:56:52+04:00	ck9s-mirror-256k	4	852268	851998	1	12771328	5939200	python3*1 
2026-09-28T07:56:52+04:00	ck9s-mirror-256k	4	852269	851998	45	17155383296	16531058688	python3*36 pt_gloo_runloop*2 ZMQbg/Reaper*2 ZMQbg/IO/0*2 pt_tcpstore_uv*1 cuda0000240000a*1 
2026-09-28T07:56:52+04:00	ck9s-mirror-256k	4	852270	851998	57	975425536	694755328	python3*49 ZMQbg/Reaper*4 ZMQbg/IO/0*4 
2026-09-28T07:57:03+04:00	ck9s-mirror-256k	4	851973	363	2	26771456	6049792	uv*1 main2*1 
2026-09-28T07:57:03+04:00	ck9s-mirror-256k	4	851998	851973	57	985473024	697765888	ft*51 ZMQbg/Reaper*3 ZMQbg/IO/0*3 
2026-09-28T07:57:03+04:00	ck9s-mirror-256k	4	852268	851998	1	12771328	5939200	python3*1 
2026-09-28T07:57:03+04:00	ck9s-mirror-256k	4	852269	851998	45	17155383296	16531058688	python3*36 pt_gloo_runloop*2 ZMQbg/Reaper*2 ZMQbg/IO/0*2 pt_tcpstore_uv*1 cuda0000240000a*1 
2026-09-28T07:57:03+04:00	ck9s-mirror-256k	4	852270	851998	57	975425536	694755328	python3*49 ZMQbg/Reaper*4 ZMQbg/IO/0*4 
2026-09-28T07:57:13+04:00	ck9s-mirror-256k	4	851973	363	2	26771456	6049792	uv*1 main2*1 
2026-09-28T07:57:13+04:00	ck9s-mirror-256k	4	851998	851973	57	985473024	697765888	ft*51 ZMQbg/Reaper*3 ZMQbg/IO/0*3 
2026-09-28T07:57:13+04:00	ck9s-mirror-256k	4	852268	851998	1	12771328	5939200	python3*1 
2026-09-28T07:57:13+04:00	ck9s-mirror-256k	4	852269	851998	45	17155383296	16531058688	python3*36 pt_gloo_runloop*2 ZMQbg/Reaper*2 ZMQbg/IO/0*2 pt_tcpstore_uv*1 cuda0000240000a*1 
2026-09-28T07:57:13+04:00	ck9s-mirror-256k	4	852270	851998	57	975425536	694755328	python3*49 ZMQbg/Reaper*4 ZMQbg/IO/0*4 
2026-09-28T07:57:27+04:00	ck9s-mirror-256k	4	851973	363	2	26771456	6049792	uv*1 main2*1 
2026-09-28T07:57:27+04:00	ck9s-mirror-256k	4	851998	851973	57	985473024	697765888	ft*51 ZMQbg/Reaper*3 ZMQbg/IO/0*3 
2026-09-28T07:57:27+04:00	ck9s-mirror-256k	4	852268	851998	1	12771328	5939200	python3*1 
2026-09-28T07:57:27+04:00	ck9s-mirror-256k	4	852269	851998	45	17155383296	16531058688	python3*36 pt_gloo_runloop*2 ZMQbg/Reaper*2 ZMQbg/IO/0*2 pt_tcpstore_uv*1 cuda0000240000a*1 
2026-09-28T07:57:27+04:00	ck9s-mirror-256k	4	852270	851998	57	975425536	694755328	python3*49 ZMQbg/Reaper*4 ZMQbg/IO/0*4 
2026-09-28T07:57:37+04:00	ck9s-mirror-256k	4	851973	363	2	26771456	6049792	uv*1 main2*1 
2026-09-28T07:57:37+04:00	ck9s-mirror-256k	4	851998	851973	57	985473024	697765888	ft*51 ZMQbg/Reaper*3 ZMQbg/IO/0*3 
2026-09-28T07:57:37+04:00	ck9s-mirror-256k	4	852268	851998	1	12771328	5939200	python3*1 
2026-09-28T07:57:37+04:00	ck9s-mirror-256k	4	852269	851998	45	17155383296	16531058688	python3*36 pt_gloo_runloop*2 ZMQbg/Reaper*2 ZMQbg/IO/0*2 pt_tcpstore_uv*1 cuda0000240000a*1 
2026-09-28T07:57:37+04:00	ck9s-mirror-256k	4	852270	851998	57	975425536	694755328	python3*49 ZMQbg/Reaper*4 ZMQbg/IO/0*4 
2026-09-28T07:57:47+04:00	ck9s-mirror-256k	4	851973	363	2	26771456	6049792	uv*1 main2*1 
2026-09-28T07:57:47+04:00	ck9s-mirror-256k	4	851998	851973	57	985473024	697765888	ft*51 ZMQbg/Reaper*3 ZMQbg/IO/0*3 
2026-09-28T07:57:47+04:00	ck9s-mirror-256k	4	852268	851998	1	12771328	5939200	python3*1 
2026-09-28T07:57:47+04:00	ck9s-mirror-256k	4	852269	851998	45	17155383296	16531058688	python3*36 pt_gloo_runloop*2 ZMQbg/Reaper*2 ZMQbg/IO/0*2 pt_tcpstore_uv*1 cuda0000240000a*1 
2026-09-28T07:57:47+04:00	ck9s-mirror-256k	4	852270	851998	57	975425536	694755328	python3*49 ZMQbg/Reaper*4 ZMQbg/IO/0*4 
2026-09-28T07:58:01+04:00	ck9s-mirror-256k	4	851973	363	2	26771456	6049792	uv*1 main2*1 
2026-09-28T07:58:01+04:00	ck9s-mirror-256k	4	851998	851973	57	985473024	697765888	ft*51 ZMQbg/Reaper*3 ZMQbg/IO/0*3 
2026-09-28T07:58:01+04:00	ck9s-mirror-256k	4	852268	851998	1	12771328	5939200	python3*1 
2026-09-28T07:58:01+04:00	ck9s-mirror-256k	4	852269	851998	45	17155383296	16531058688	python3*36 pt_gloo_runloop*2 ZMQbg/Reaper*2 ZMQbg/IO/0*2 pt_tcpstore_uv*1 cuda0000240000a*1 
2026-09-28T07:58:01+04:00	ck9s-mirror-256k	4	852270	851998	57	975425536	694755328	python3*49 ZMQbg/Reaper*4 ZMQbg/IO/0*4 
2026-09-28T07:58:11+04:00	ck9s-mirror-256k	4	851973	363	2	26771456	6049792	uv*1 main2*1 
2026-09-28T07:58:11+04:00	ck9s-mirror-256k	4	851998	851973	57	985473024	697765888	ft*51 ZMQbg/Reaper*3 ZMQbg/IO/0*3 
2026-09-28T07:58:11+04:00	ck9s-mirror-256k	4	852268	851998	1	12771328	5939200	python3*1 
2026-09-28T07:58:11+04:00	ck9s-mirror-256k	4	852269	851998	45	17155383296	16531058688	python3*36 pt_gloo_runloop*2 ZMQbg/Reaper*2 ZMQbg/IO/0*2 pt_tcpstore_uv*1 cuda0000240000a*1 
2026-09-28T07:58:12+04:00	ck9s-mirror-256k	4	852270	851998	57	975425536	694755328	python3*49 ZMQbg/Reaper*4 ZMQbg/IO/0*4 
2026-09-28T07:58:22+04:00	ck9s-mirror-256k	4	851973	363	2	26771456	6049792	uv*1 main2*1 
2026-09-28T07:58:22+04:00	ck9s-mirror-256k	4	851998	851973	57	985473024	697765888	ft*51 ZMQbg/Reaper*3 ZMQbg/IO/0*3 
2026-09-28T07:58:22+04:00	ck9s-mirror-256k	4	852268	851998	1	12771328	5939200	python3*1 
2026-09-28T07:58:22+04:00	ck9s-mirror-256k	4	852269	851998	45	17155383296	16531058688	python3*36 pt_gloo_runloop*2 ZMQbg/Reaper*2 ZMQbg/IO/0*2 pt_tcpstore_uv*1 cuda0000240000a*1 
2026-09-28T07:58:22+04:00	ck9s-mirror-256k	4	852270	851998	57	975425536	694755328	python3*49 ZMQbg/Reaper*4 ZMQbg/IO/0*4 
2026-09-28T07:58:35+04:00	ck9s-mirror-256k	4	851973	363	2	26771456	6049792	uv*1 main2*1 
2026-09-28T07:58:35+04:00	ck9s-mirror-256k	4	851998	851973	57	986951680	699244544	ft*51 ZMQbg/Reaper*3 ZMQbg/IO/0*3 
2026-09-28T07:58:35+04:00	ck9s-mirror-256k	4	852268	851998	1	12771328	5939200	python3*1 
2026-09-28T07:58:35+04:00	ck9s-mirror-256k	4	852269	851998	45	17155416064	16531091456	python3*36 pt_gloo_runloop*2 ZMQbg/Reaper*2 ZMQbg/IO/0*2 pt_tcpstore_uv*1 cuda0000240000a*1 
2026-09-28T07:58:36+04:00	ck9s-mirror-256k	4	852270	851998	57	975425536	694755328	python3*49 ZMQbg/Reaper*4 ZMQbg/IO/0*4 
2026-09-28T07:58:46+04:00	ck9s-mirror-256k	4	851973	363	2	26771456	6049792	uv*1 main2*1 
2026-09-28T07:58:46+04:00	ck9s-mirror-256k	4	851998	851973	57	987684864	699977728	ft*51 ZMQbg/Reaper*3 ZMQbg/IO/0*3 
2026-09-28T07:58:46+04:00	ck9s-mirror-256k	4	852268	851998	1	12771328	5939200	python3*1 
2026-09-28T07:58:46+04:00	ck9s-mirror-256k	4	852269	851998	45	17155416064	16531091456	python3*36 pt_gloo_runloop*2 ZMQbg/Reaper*2 ZMQbg/IO/0*2 pt_tcpstore_uv*1 cuda0000240000a*1 
2026-09-28T07:58:46+04:00	ck9s-mirror-256k	4	852270	851998	57	975425536	694755328	python3*49 ZMQbg/Reaper*4 ZMQbg/IO/0*4 
2026-09-28T07:58:56+04:00	ck9s-mirror-256k	4	851973	363	2	26771456	6049792	uv*1 main2*1 
2026-09-28T07:58:56+04:00	ck9s-mirror-256k	4	851998	851973	57	987684864	699977728	ft*51 ZMQbg/Reaper*3 ZMQbg/IO/0*3 
2026-09-28T07:58:56+04:00	ck9s-mirror-256k	4	852268	851998	1	12771328	5939200	python3*1 
2026-09-28T07:58:56+04:00	ck9s-mirror-256k	4	852269	851998	45	17155416064	16531091456	python3*36 pt_gloo_runloop*2 ZMQbg/Reaper*2 ZMQbg/IO/0*2 pt_tcpstore_uv*1 cuda0000240000a*1 
2026-09-28T07:58:56+04:00	ck9s-mirror-256k	4	852270	851998	57	975425536	694755328	python3*49 ZMQbg/Reaper*4 ZMQbg/IO/0*4 
2026-09-28T07:59:10+04:00	ck9s-mirror-256k	4	851973	363	2	26771456	6049792	uv*1 main2*1 
2026-09-28T07:59:10+04:00	ck9s-mirror-256k	4	851998	851973	57	987676672	699969536	ft*51 ZMQbg/Reaper*3 ZMQbg/IO/0*3 
2026-09-28T07:59:10+04:00	ck9s-mirror-256k	4	852268	851998	1	12771328	5939200	python3*1 
2026-09-28T07:59:10+04:00	ck9s-mirror-256k	4	852269	851998	45	17155416064	16531091456	python3*36 pt_gloo_runloop*2 ZMQbg/Reaper*2 ZMQbg/IO/0*2 pt_tcpstore_uv*1 cuda0000240000a*1 
2026-09-28T07:59:10+04:00	ck9s-mirror-256k	4	852270	851998	57	975425536	694755328	python3*49 ZMQbg/Reaper*4 ZMQbg/IO/0*4 
2026-09-28T07:59:20+04:00	ck9s-mirror-256k	4	851973	363	2	26771456	6049792	uv*1 main2*1 
2026-09-28T07:59:20+04:00	ck9s-mirror-256k	4	851998	851973	57	987676672	699969536	ft*51 ZMQbg/Reaper*3 ZMQbg/IO/0*3 
2026-09-28T07:59:20+04:00	ck9s-mirror-256k	4	852268	851998	1	12771328	5939200	python3*1 
2026-09-28T07:59:20+04:00	ck9s-mirror-256k	4	852269	851998	45	17155416064	16531091456	python3*36 pt_gloo_runloop*2 ZMQbg/Reaper*2 ZMQbg/IO/0*2 pt_tcpstore_uv*1 cuda0000240000a*1 
2026-09-28T07:59:20+04:00	ck9s-mirror-256k	4	852270	851998	57	975425536	694755328	python3*49 ZMQbg/Reaper*4 ZMQbg/IO/0*4 
2026-09-28T07:59:30+04:00	ck9s-mirror-256k	4	851973	363	2	26771456	6049792	uv*1 main2*1 
2026-09-28T07:59:30+04:00	ck9s-mirror-256k	4	851998	851973	57	1029599232	741892096	ft*51 ZMQbg/Reaper*3 ZMQbg/IO/0*3 
2026-09-28T07:59:30+04:00	ck9s-mirror-256k	4	852268	851998	1	12771328	5939200	python3*1 
2026-09-28T07:59:30+04:00	ck9s-mirror-256k	4	852269	851998	45	17155477504	16531091456	python3*36 pt_gloo_runloop*2 ZMQbg/Reaper*2 ZMQbg/IO/0*2 pt_tcpstore_uv*1 cuda0000240000a*1 
2026-09-28T07:59:31+04:00	ck9s-mirror-256k	4	852270	851998	57	928595968	647925760	python3*49 ZMQbg/Reaper*4 ZMQbg/IO/0*4 
2026-09-28T07:59:44+04:00	ck9s-mirror-256k	4	851973	363	2	26771456	6049792	uv*1 main2*1 
2026-09-28T07:59:44+04:00	ck9s-mirror-256k	4	851998	851973	57	1029599232	741892096	ft*51 ZMQbg/Reaper*3 ZMQbg/IO/0*3 
2026-09-28T07:59:44+04:00	ck9s-mirror-256k	4	852268	851998	1	12771328	5939200	python3*1 
2026-09-28T07:59:44+04:00	ck9s-mirror-256k	4	852269	851998	45	17155477504	16531091456	python3*36 pt_gloo_runloop*2 ZMQbg/Reaper*2 ZMQbg/IO/0*2 pt_tcpstore_uv*1 cuda0000240000a*1 
2026-09-28T07:59:44+04:00	ck9s-mirror-256k	4	852270	851998	57	928595968	647925760	python3*49 ZMQbg/Reaper*4 ZMQbg/IO/0*4 
2026-09-28T07:59:54+04:00	ck9s-mirror-256k	4	851973	363	2	26771456	6049792	uv*1 main2*1 
2026-09-28T07:59:54+04:00	ck9s-mirror-256k	4	851998	851973	57	1029599232	741892096	ft*51 ZMQbg/Reaper*3 ZMQbg/IO/0*3 
2026-09-28T07:59:54+04:00	ck9s-mirror-256k	4	852268	851998	1	12771328	5939200	python3*1 
2026-09-28T07:59:54+04:00	ck9s-mirror-256k	4	852269	851998	45	17155477504	16531091456	python3*36 pt_gloo_runloop*2 ZMQbg/Reaper*2 ZMQbg/IO/0*2 pt_tcpstore_uv*1 cuda0000240000a*1 
2026-09-28T07:59:55+04:00	ck9s-mirror-256k	4	852270	851998	57	928595968	647925760	python3*49 ZMQbg/Reaper*4 ZMQbg/IO/0*4 
2026-09-28T08:00:05+04:00	ck9s-mirror-256k	4	851973	363	2	26771456	6049792	uv*1 main2*1 
2026-09-28T08:00:05+04:00	ck9s-mirror-256k	4	851998	851973	57	1029599232	741892096	ft*51 ZMQbg/Reaper*3 ZMQbg/IO/0*3 
2026-09-28T08:00:05+04:00	ck9s-mirror-256k	4	852268	851998	1	12771328	5939200	python3*1 
2026-09-28T08:00:05+04:00	ck9s-mirror-256k	4	852269	851998	45	17155477504	16531091456	python3*36 pt_gloo_runloop*2 ZMQbg/Reaper*2 ZMQbg/IO/0*2 pt_tcpstore_uv*1 cuda0000240000a*1 
2026-09-28T08:00:05+04:00	ck9s-mirror-256k	4	852270	851998	57	928595968	647925760	python3*49 ZMQbg/Reaper*4 ZMQbg/IO/0*4 
2026-09-28T08:00:18+04:00	ck9s-mirror-256k	4	851973	363	2	26771456	6049792	uv*1 main2*1 
2026-09-28T08:00:18+04:00	ck9s-mirror-256k	4	851998	851973	57	1029599232	741892096	ft*51 ZMQbg/Reaper*3 ZMQbg/IO/0*3 
2026-09-28T08:00:18+04:00	ck9s-mirror-256k	4	852268	851998	1	12771328	5939200	python3*1 
2026-09-28T08:00:18+04:00	ck9s-mirror-256k	4	852269	851998	45	17155477504	16531091456	python3*36 pt_gloo_runloop*2 ZMQbg/Reaper*2 ZMQbg/IO/0*2 pt_tcpstore_uv*1 cuda0000240000a*1 
2026-09-28T08:00:19+04:00	ck9s-mirror-256k	4	852270	851998	57	928595968	647925760	python3*49 ZMQbg/Reaper*4 ZMQbg/IO/0*4 
2026-09-28T08:00:39+04:00	ck9e-nat-mirror-1	0	980608	363	3	25702400	6057984	uv*1 tokio-rt-worker*1 main2*1 
2026-09-28T08:00:39+04:00	ck9e-nat-mirror-1	0	980625	980608	22	704655360	422649856	ft*18 ZMQbg/Reaper*2 ZMQbg/IO/0*2 
2026-09-28T08:00:39+04:00	ck9e-nat-mirror-1	0	980732	980625	1	12775424	5935104	python3*1 
2026-09-28T08:00:39+04:00	ck9e-nat-mirror-1	0	980733	980625	16	656863232	382967808	python3*16 
2026-09-28T08:00:39+04:00	ck9e-nat-mirror-1	0	980734	980625	22	660279296	385089536	python3*16 ZMQbg/Reaper*3 ZMQbg/IO/0*3 
2026-09-28T08:00:49+04:00	ck9e-nat-mirror-1	0	980608	363	2	25833472	6057984	uv*1 main2*1 
2026-09-28T08:00:49+04:00	ck9e-nat-mirror-1	0	980625	980608	22	704966656	422825984	ft*18 ZMQbg/Reaper*2 ZMQbg/IO/0*2 
2026-09-28T08:00:49+04:00	ck9e-nat-mirror-1	0	980732	980625	1	12775424	5935104	python3*1 
2026-09-28T08:00:49+04:00	ck9e-nat-mirror-1	0	980733	980625	40	17482174464	15349923840	python3*35 pt_gloo_runloop*2 pt_tcpstore_uv*1 cuda0000240000a*1 cuda-EvtHandlr*1 
2026-09-28T08:00:49+04:00	ck9e-nat-mirror-1	0	980734	980625	23	885424128	607354880	python3*17 ZMQbg/Reaper*3 ZMQbg/IO/0*3 
2026-09-28T08:01:02+04:00	ck9e-nat-mirror-1	0	980608	363	2	25833472	6057984	uv*1 main2*1 
2026-09-28T08:01:02+04:00	ck9e-nat-mirror-1	0	980625	980608	22	704978944	422838272	ft*18 ZMQbg/Reaper*2 ZMQbg/IO/0*2 
2026-09-28T08:01:02+04:00	ck9e-nat-mirror-1	0	980732	980625	1	12775424	5935104	python3*1 
2026-09-28T08:01:02+04:00	ck9e-nat-mirror-1	0	980733	980625	41	17572487168	15436455936	python3*36 pt_gloo_runloop*2 pt_tcpstore_uv*1 cuda0000240000a*1 cuda-EvtHandlr*1 
2026-09-28T08:01:03+04:00	ck9e-nat-mirror-1	0	980734	980625	23	885424128	607354880	python3*17 ZMQbg/Reaper*3 ZMQbg/IO/0*3 
2026-09-28T08:01:13+04:00	ck9e-nat-mirror-1	0	980608	363	2	25833472	6057984	uv*1 main2*1 
2026-09-28T08:01:13+04:00	ck9e-nat-mirror-1	0	980625	980608	22	704983040	422842368	ft*18 ZMQbg/Reaper*2 ZMQbg/IO/0*2 
2026-09-28T08:01:13+04:00	ck9e-nat-mirror-1	0	980732	980625	1	12775424	5935104	python3*1 
2026-09-28T08:01:13+04:00	ck9e-nat-mirror-1	0	980733	980625	41	16351789056	15753449472	python3*36 pt_gloo_runloop*2 pt_tcpstore_uv*1 cuda0000240000a*1 cuda-EvtHandlr*1 
2026-09-28T08:01:13+04:00	ck9e-nat-mirror-1	0	980734	980625	23	885424128	607354880	python3*17 ZMQbg/Reaper*3 ZMQbg/IO/0*3 
2026-09-28T08:01:23+04:00	ck9e-nat-mirror-1	0	980608	363	2	25833472	6057984	uv*1 main2*1 
2026-09-28T08:01:23+04:00	ck9e-nat-mirror-1	0	980625	980608	22	704983040	422842368	ft*18 ZMQbg/Reaper*2 ZMQbg/IO/0*2 
2026-09-28T08:01:23+04:00	ck9e-nat-mirror-1	0	980732	980625	1	12775424	5935104	python3*1 
2026-09-28T08:01:23+04:00	ck9e-nat-mirror-1	0	980733	980625	41	16351797248	15753457664	python3*36 pt_gloo_runloop*2 pt_tcpstore_uv*1 cuda0000240000a*1 cuda-EvtHandlr*1 
2026-09-28T08:01:23+04:00	ck9e-nat-mirror-1	0	980734	980625	23	885424128	607354880	python3*17 ZMQbg/Reaper*3 ZMQbg/IO/0*3 
2026-09-28T08:01:37+04:00	ck9e-nat-mirror-1	0	980608	363	2	25833472	6057984	uv*1 main2*1 
2026-09-28T08:01:37+04:00	ck9e-nat-mirror-1	0	980625	980608	22	704983040	422842368	ft*18 ZMQbg/Reaper*2 ZMQbg/IO/0*2 
2026-09-28T08:01:37+04:00	ck9e-nat-mirror-1	0	980732	980625	1	12775424	5935104	python3*1 
2026-09-28T08:01:37+04:00	ck9e-nat-mirror-1	0	980733	980625	41	16619773952	16010006528	python3*36 pt_gloo_runloop*2 pt_tcpstore_uv*1 cuda0000240000a*1 cuda-EvtHandlr*1 
2026-09-28T08:01:37+04:00	ck9e-nat-mirror-1	0	980734	980625	23	885424128	607354880	python3*17 ZMQbg/Reaper*3 ZMQbg/IO/0*3 
2026-09-28T08:01:47+04:00	ck9e-nat-mirror-1	0	980608	363	2	25833472	6057984	uv*1 main2*1 
2026-09-28T08:01:47+04:00	ck9e-nat-mirror-1	0	980625	980608	22	705044480	422858752	ft*18 ZMQbg/Reaper*2 ZMQbg/IO/0*2 
2026-09-28T08:01:47+04:00	ck9e-nat-mirror-1	0	980732	980625	1	12775424	5935104	python3*1 
2026-09-28T08:01:47+04:00	ck9e-nat-mirror-1	0	980733	980625	45	16829734912	16215982080	python3*36 pt_gloo_runloop*2 ZMQbg/Reaper*2 ZMQbg/IO/0*2 pt_tcpstore_uv*1 cuda0000240000a*1 
2026-09-28T08:01:47+04:00	ck9e-nat-mirror-1	0	980734	980625	23	885510144	607399936	python3*17 ZMQbg/Reaper*3 ZMQbg/IO/0*3 
2026-09-28T08:01:57+04:00	ck9e-nat-mirror-1	0	980608	363	2	25833472	6057984	uv*1 main2*1 
2026-09-28T08:01:57+04:00	ck9e-nat-mirror-1	0	980625	980608	39	909225984	620994560	ft*35 ZMQbg/Reaper*2 ZMQbg/IO/0*2 
2026-09-28T08:01:57+04:00	ck9e-nat-mirror-1	0	980732	980625	1	12775424	5935104	python3*1 
2026-09-28T08:01:57+04:00	ck9e-nat-mirror-1	0	980733	980625	45	16833974272	16216584192	python3*36 pt_gloo_runloop*2 ZMQbg/Reaper*2 ZMQbg/IO/0*2 pt_tcpstore_uv*1 cuda0000240000a*1 
2026-09-28T08:01:57+04:00	ck9e-nat-mirror-1	0	980734	980625	39	889528320	608149504	python3*33 ZMQbg/Reaper*3 ZMQbg/IO/0*3 
2026-09-28T08:02:11+04:00	ck9e-nat-mirror-1	0	980608	363	2	25833472	6057984	uv*1 main2*1 
2026-09-28T08:02:11+04:00	ck9e-nat-mirror-1	0	980625	980608	39	909225984	620994560	ft*35 ZMQbg/Reaper*2 ZMQbg/IO/0*2 
2026-09-28T08:02:11+04:00	ck9e-nat-mirror-1	0	980732	980625	1	12775424	5935104	python3*1 
2026-09-28T08:02:11+04:00	ck9e-nat-mirror-1	0	980733	980625	45	16833974272	16216584192	python3*36 pt_gloo_runloop*2 ZMQbg/Reaper*2 ZMQbg/IO/0*2 pt_tcpstore_uv*1 cuda0000240000a*1 
2026-09-28T08:02:11+04:00	ck9e-nat-mirror-1	0	980734	980625	39	889528320	608149504	python3*33 ZMQbg/Reaper*3 ZMQbg/IO/0*3 
2026-09-28T08:02:21+04:00	ck9e-nat-mirror-1	0	980608	363	2	25833472	6057984	uv*1 main2*1 
2026-09-28T08:02:21+04:00	ck9e-nat-mirror-1	0	980625	980608	39	995115008	706883584	ft*35 ZMQbg/Reaper*2 ZMQbg/IO/0*2 
2026-09-28T08:02:21+04:00	ck9e-nat-mirror-1	0	980732	980625	1	12775424	5935104	python3*1 
2026-09-28T08:02:21+04:00	ck9e-nat-mirror-1	0	980733	980625	45	16841465856	16223522816	python3*36 pt_gloo_runloop*2 ZMQbg/Reaper*2 ZMQbg/IO/0*2 pt_tcpstore_uv*1 cuda0000240000a*1 
2026-09-28T08:02:21+04:00	ck9e-nat-mirror-1	0	980734	980625	39	889565184	608186368	python3*33 ZMQbg/Reaper*3 ZMQbg/IO/0*3 
2026-09-28T08:02:31+04:00	ck9e-nat-mirror-1	0	980608	363	2	25833472	6057984	uv*1 main2*1 
2026-09-28T08:02:31+04:00	ck9e-nat-mirror-1	0	980625	980608	39	995540992	707309568	ft*35 ZMQbg/Reaper*2 ZMQbg/IO/0*2 
2026-09-28T08:02:31+04:00	ck9e-nat-mirror-1	0	980732	980625	1	12775424	5935104	python3*1 
2026-09-28T08:02:31+04:00	ck9e-nat-mirror-1	0	980733	980625	45	16841465856	16223522816	python3*36 pt_gloo_runloop*2 ZMQbg/Reaper*2 ZMQbg/IO/0*2 pt_tcpstore_uv*1 cuda0000240000a*1 
2026-09-28T08:02:32+04:00	ck9e-nat-mirror-1	0	980734	980625	39	889565184	608186368	python3*33 ZMQbg/Reaper*3 ZMQbg/IO/0*3 
2026-09-28T08:02:45+04:00	ck9e-nat-mirror-1	0	980608	363	2	25833472	6057984	uv*1 main2*1 
2026-09-28T08:02:45+04:00	ck9e-nat-mirror-1	0	980625	980608	39	995721216	707489792	ft*35 ZMQbg/Reaper*2 ZMQbg/IO/0*2 
2026-09-28T08:02:45+04:00	ck9e-nat-mirror-1	0	980732	980625	1	12775424	5935104	python3*1 
2026-09-28T08:02:45+04:00	ck9e-nat-mirror-1	0	980733	980625	45	16841469952	16223526912	python3*36 pt_gloo_runloop*2 ZMQbg/Reaper*2 ZMQbg/IO/0*2 pt_tcpstore_uv*1 cuda0000240000a*1 
2026-09-28T08:02:45+04:00	ck9e-nat-mirror-1	0	980734	980625	39	889565184	608186368	python3*33 ZMQbg/Reaper*3 ZMQbg/IO/0*3 
2026-09-28T08:02:55+04:00	ck9e-nat-mirror-1	0	980608	363	2	25833472	6057984	uv*1 main2*1 
2026-09-28T08:02:55+04:00	ck9e-nat-mirror-1	0	980625	980608	39	995725312	707502080	ft*35 ZMQbg/Reaper*2 ZMQbg/IO/0*2 
2026-09-28T08:02:55+04:00	ck9e-nat-mirror-1	0	980732	980625	1	12775424	5935104	python3*1 
2026-09-28T08:02:55+04:00	ck9e-nat-mirror-1	0	980733	980625	45	16841441280	16223526912	python3*36 pt_gloo_runloop*2 ZMQbg/Reaper*2 ZMQbg/IO/0*2 pt_tcpstore_uv*1 cuda0000240000a*1 
2026-09-28T08:02:56+04:00	ck9e-nat-mirror-1	0	980734	980625	39	889556992	608186368	python3*33 ZMQbg/Reaper*3 ZMQbg/IO/0*3 
2026-09-28T08:03:06+04:00	ck9e-nat-mirror-1	0	980608	363	2	25833472	6057984	uv*1 main2*1 
2026-09-28T08:03:06+04:00	ck9e-nat-mirror-1	0	980625	980608	39	995840000	707616768	ft*35 ZMQbg/Reaper*2 ZMQbg/IO/0*2 
2026-09-28T08:03:06+04:00	ck9e-nat-mirror-1	0	980732	980625	1	12775424	5935104	python3*1 
2026-09-28T08:03:06+04:00	ck9e-nat-mirror-1	0	980733	980625	45	16841711616	16223789056	python3*36 pt_gloo_runloop*2 ZMQbg/Reaper*2 ZMQbg/IO/0*2 pt_tcpstore_uv*1 cuda0000240000a*1 
2026-09-28T08:03:06+04:00	ck9e-nat-mirror-1	0	980734	980625	39	889556992	608186368	python3*33 ZMQbg/Reaper*3 ZMQbg/IO/0*3 
2026-09-28T08:03:19+04:00	ck9e-nat-mirror-1	0	980608	363	2	25833472	6057984	uv*1 main2*1 
2026-09-28T08:03:19+04:00	ck9e-nat-mirror-1	0	980625	980608	39	995844096	707620864	ft*35 ZMQbg/Reaper*2 ZMQbg/IO/0*2 
2026-09-28T08:03:19+04:00	ck9e-nat-mirror-1	0	980732	980625	1	12775424	5935104	python3*1 
2026-09-28T08:03:19+04:00	ck9e-nat-mirror-1	0	980733	980625	45	16841711616	16223789056	python3*36 pt_gloo_runloop*2 ZMQbg/Reaper*2 ZMQbg/IO/0*2 pt_tcpstore_uv*1 cuda0000240000a*1 
2026-09-28T08:03:19+04:00	ck9e-nat-mirror-1	0	980734	980625	39	889556992	608186368	python3*33 ZMQbg/Reaper*3 ZMQbg/IO/0*3 
2026-09-28T08:03:30+04:00	ck9e-nat-mirror-1	0	980608	363	2	25833472	6057984	uv*1 main2*1 
2026-09-28T08:03:30+04:00	ck9e-nat-mirror-1	0	980625	980608	39	995917824	707694592	ft*35 ZMQbg/Reaper*2 ZMQbg/IO/0*2 
2026-09-28T08:03:30+04:00	ck9e-nat-mirror-1	0	980732	980625	1	12775424	5935104	python3*1 
2026-09-28T08:03:30+04:00	ck9e-nat-mirror-1	0	980733	980625	45	16841711616	16223789056	python3*36 pt_gloo_runloop*2 ZMQbg/Reaper*2 ZMQbg/IO/0*2 pt_tcpstore_uv*1 cuda0000240000a*1 
2026-09-28T08:03:30+04:00	ck9e-nat-mirror-1	0	980734	980625	39	889561088	608190464	python3*33 ZMQbg/Reaper*3 ZMQbg/IO/0*3 
2026-09-28T08:03:40+04:00	ck9e-nat-mirror-1	0	980608	363	2	25833472	6057984	uv*1 main2*1 
2026-09-28T08:03:40+04:00	ck9e-nat-mirror-1	0	980625	980608	39	995926016	707702784	ft*35 ZMQbg/Reaper*2 ZMQbg/IO/0*2 
2026-09-28T08:03:40+04:00	ck9e-nat-mirror-1	0	980732	980625	1	12775424	5935104	python3*1 
2026-09-28T08:03:40+04:00	ck9e-nat-mirror-1	0	980733	980625	45	16841711616	16223789056	python3*36 pt_gloo_runloop*2 ZMQbg/Reaper*2 ZMQbg/IO/0*2 pt_tcpstore_uv*1 cuda0000240000a*1 
2026-09-28T08:03:40+04:00	ck9e-nat-mirror-1	0	980734	980625	39	889561088	608190464	python3*33 ZMQbg/Reaper*3 ZMQbg/IO/0*3 
2026-09-28T08:03:54+04:00	ck9e-nat-mirror-1	0	980608	363	2	25833472	6057984	uv*1 main2*1 
2026-09-28T08:03:54+04:00	ck9e-nat-mirror-1	0	980625	980608	39	996507648	708284416	ft*35 ZMQbg/Reaper*2 ZMQbg/IO/0*2 
2026-09-28T08:03:54+04:00	ck9e-nat-mirror-1	0	980732	980625	1	12775424	5935104	python3*1 
2026-09-28T08:03:54+04:00	ck9e-nat-mirror-1	0	980733	980625	45	16842084352	16224096256	python3*36 pt_gloo_runloop*2 ZMQbg/Reaper*2 ZMQbg/IO/0*2 pt_tcpstore_uv*1 cuda0000240000a*1 
2026-09-28T08:03:54+04:00	ck9e-nat-mirror-1	0	980734	980625	42	889655296	608284672	python3*34 ZMQbg/Reaper*4 ZMQbg/IO/0*4 
2026-09-28T08:04:04+04:00	ck9e-nat-mirror-1	0	980608	363	2	25833472	6057984	uv*1 main2*1 
2026-09-28T08:04:04+04:00	ck9e-nat-mirror-1	0	980625	980608	39	996507648	708284416	ft*35 ZMQbg/Reaper*2 ZMQbg/IO/0*2 
2026-09-28T08:04:04+04:00	ck9e-nat-mirror-1	0	980732	980625	1	12775424	5935104	python3*1 
2026-09-28T08:04:04+04:00	ck9e-nat-mirror-1	0	980733	980625	45	16842084352	16224096256	python3*36 pt_gloo_runloop*2 ZMQbg/Reaper*2 ZMQbg/IO/0*2 pt_tcpstore_uv*1 cuda0000240000a*1 
2026-09-28T08:04:04+04:00	ck9e-nat-mirror-1	0	980734	980625	42	889655296	608284672	python3*34 ZMQbg/Reaper*4 ZMQbg/IO/0*4 
2026-09-28T08:04:14+04:00	ck9e-nat-mirror-1	0	980608	363	2	25833472	6057984	uv*1 main2*1 
2026-09-28T08:04:14+04:00	ck9e-nat-mirror-1	0	980625	980608	39	996515840	708292608	ft*35 ZMQbg/Reaper*2 ZMQbg/IO/0*2 
2026-09-28T08:04:14+04:00	ck9e-nat-mirror-1	0	980732	980625	1	12775424	5935104	python3*1 
2026-09-28T08:04:14+04:00	ck9e-nat-mirror-1	0	980733	980625	45	16842084352	16224096256	python3*36 pt_gloo_runloop*2 ZMQbg/Reaper*2 ZMQbg/IO/0*2 pt_tcpstore_uv*1 cuda0000240000a*1 
2026-09-28T08:04:14+04:00	ck9e-nat-mirror-1	0	980734	980625	42	889655296	608284672	python3*34 ZMQbg/Reaper*4 ZMQbg/IO/0*4 
2026-09-28T08:04:24+04:00	ck9s-nat-whole-1	0	996090	363	3	27713536	6078464	uv*1 tokio-rt-worker*1 main2*1 
2026-09-28T08:04:24+04:00	ck9s-nat-whole-1	0	996107	996090	22	704671744	422567936	ft*18 ZMQbg/Reaper*2 ZMQbg/IO/0*2 
2026-09-28T08:04:24+04:00	ck9s-nat-whole-1	0	996343	996107	1	12832768	5939200	python3*1 
2026-09-28T08:04:24+04:00	ck9s-nat-whole-1	0	996344	996107	16	575201280	351158272	python3*16 
2026-09-28T08:04:24+04:00	ck9s-nat-whole-1	0	996345	996107	16	579465216	355065856	python3*16 
2026-09-28T08:04:38+04:00	ck9s-nat-whole-1	0	996090	363	2	27844608	6078464	uv*1 main2*1 
2026-09-28T08:04:38+04:00	ck9s-nat-whole-1	0	996107	996090	22	704983040	422744064	ft*18 ZMQbg/Reaper*2 ZMQbg/IO/0*2 
2026-09-28T08:04:38+04:00	ck9s-nat-whole-1	0	996343	996107	1	12832768	5939200	python3*1 
2026-09-28T08:04:38+04:00	ck9s-nat-whole-1	0	996344	996107	41	4890972160	985763840	python3*36 pt_gloo_runloop*2 pt_tcpstore_uv*1 cuda0000240000a*1 cuda-EvtHandlr*1 
2026-09-28T08:04:38+04:00	ck9s-nat-whole-1	0	996345	996107	23	884219904	606609408	python3*17 ZMQbg/Reaper*3 ZMQbg/IO/0*3 
2026-09-28T08:04:48+04:00	ck9s-nat-whole-1	0	996090	363	2	27807744	6078464	uv*1 main2*1 
2026-09-28T08:04:48+04:00	ck9s-nat-whole-1	0	996107	996090	22	704819200	422748160	ft*18 ZMQbg/Reaper*2 ZMQbg/IO/0*2 
2026-09-28T08:04:48+04:00	ck9s-nat-whole-1	0	996343	996107	1	12832768	5939200	python3*1 
2026-09-28T08:04:48+04:00	ck9s-nat-whole-1	0	996344	996107	41	12785242112	986165248	python3*36 pt_gloo_runloop*2 pt_tcpstore_uv*1 cuda0000240000a*1 cuda-EvtHandlr*1 
2026-09-28T08:04:48+04:00	ck9s-nat-whole-1	0	996345	996107	23	884060160	606609408	python3*17 ZMQbg/Reaper*3 ZMQbg/IO/0*3 
2026-09-28T08:04:58+04:00	ck9s-nat-whole-1	0	996090	363	2	27508736	6078464	uv*1 main2*1 
2026-09-28T08:04:58+04:00	ck9s-nat-whole-1	0	996107	996090	22	627015680	422748160	ft*18 ZMQbg/Reaper*2 ZMQbg/IO/0*2 
2026-09-28T08:04:59+04:00	ck9s-nat-whole-1	0	996343	996107	1	12787712	5939200	python3*1 
2026-09-28T08:04:59+04:00	ck9s-nat-whole-1	0	996344	996107	41	21171703808	986566656	python3*36 pt_gloo_runloop*2 pt_tcpstore_uv*1 cuda0000240000a*1 cuda-EvtHandlr*1 
2026-09-28T08:04:59+04:00	ck9s-nat-whole-1	0	996345	996107	23	806395904	606609408	python3*17 ZMQbg/Reaper*3 ZMQbg/IO/0*3 
2026-09-28T08:05:12+04:00	ck9s-nat-whole-1	0	996090	363	2	22384640	6078464	uv*1 main2*1 
2026-09-28T08:05:12+04:00	ck9s-nat-whole-1	0	996107	996090	22	602185728	422768640	ft*18 ZMQbg/Reaper*2 ZMQbg/IO/0*2 
2026-09-28T08:05:12+04:00	ck9s-nat-whole-1	0	996343	996107	1	12713984	5939200	python3*1 
2026-09-28T08:05:12+04:00	ck9s-nat-whole-1	0	996344	996107	45	22762323968	1991049216	python3*36 pt_gloo_runloop*2 ZMQbg/Reaper*2 ZMQbg/IO/0*2 pt_tcpstore_uv*1 cuda0000240000a*1 
2026-09-28T08:05:13+04:00	ck9s-nat-whole-1	0	996345	996107	23	781443072	606654464	python3*17 ZMQbg/Reaper*3 ZMQbg/IO/0*3 
2026-09-28T08:05:23+04:00	ck9s-nat-whole-1	0	996090	363	2	22384640	6078464	uv*1 main2*1 
2026-09-28T08:05:23+04:00	ck9s-nat-whole-1	0	996107	996090	39	807804928	621944832	ft*35 ZMQbg/Reaper*2 ZMQbg/IO/0*2 
2026-09-28T08:05:23+04:00	ck9s-nat-whole-1	0	996343	996107	1	12713984	5939200	python3*1 
2026-09-28T08:05:23+04:00	ck9s-nat-whole-1	0	996344	996107	45	22766764032	1991393280	python3*36 pt_gloo_runloop*2 ZMQbg/Reaper*2 ZMQbg/IO/0*2 pt_tcpstore_uv*1 cuda0000240000a*1 
2026-09-28T08:05:23+04:00	ck9s-nat-whole-1	0	996345	996107	39	787181568	607440896	python3*33 ZMQbg/Reaper*3 ZMQbg/IO/0*3 
2026-09-28T08:05:33+04:00	ck9s-nat-whole-1	0	996090	363	2	22384640	6078464	uv*1 main2*1 
2026-09-28T08:05:33+04:00	ck9s-nat-whole-1	0	996107	996090	39	807804928	621944832	ft*35 ZMQbg/Reaper*2 ZMQbg/IO/0*2 
2026-09-28T08:05:33+04:00	ck9s-nat-whole-1	0	996343	996107	1	12713984	5939200	python3*1 
2026-09-28T08:05:33+04:00	ck9s-nat-whole-1	0	996344	996107	45	22766764032	1991393280	python3*36 pt_gloo_runloop*2 ZMQbg/Reaper*2 ZMQbg/IO/0*2 pt_tcpstore_uv*1 cuda0000240000a*1 
2026-09-28T08:05:33+04:00	ck9s-nat-whole-1	0	996345	996107	39	787181568	607440896	python3*33 ZMQbg/Reaper*3 ZMQbg/IO/0*3 
2026-09-28T08:05:47+04:00	ck9s-nat-whole-1	2	996090	363	2	22384640	6078464	uv*1 main2*1 
2026-09-28T08:05:47+04:00	ck9s-nat-whole-1	2	996107	996090	39	892747776	706809856	ft*35 ZMQbg/Reaper*2 ZMQbg/IO/0*2 
2026-09-28T08:05:47+04:00	ck9s-nat-whole-1	2	996343	996107	1	12713984	5939200	python3*1 
2026-09-28T08:05:47+04:00	ck9s-nat-whole-1	2	996344	996107	45	22773145600	1997213696	python3*36 pt_gloo_runloop*2 ZMQbg/Reaper*2 ZMQbg/IO/0*2 pt_tcpstore_uv*1 cuda0000240000a*1 
2026-09-28T08:05:47+04:00	ck9s-nat-whole-1	2	996345	996107	39	786452480	607473664	python3*33 ZMQbg/Reaper*3 ZMQbg/IO/0*3 
2026-09-28T08:05:58+04:00	ck9s-nat-whole-1	2	996090	363	2	16371712	69632	uv*1 main2*1 
2026-09-28T08:05:58+04:00	ck9s-nat-whole-1	2	996107	996090	39	812896256	629485568	ft*35 ZMQbg/Reaper*2 ZMQbg/IO/0*2 
2026-09-28T08:05:58+04:00	ck9s-nat-whole-1	2	996343	996107	1	12713984	5939200	python3*1 
2026-09-28T08:05:58+04:00	ck9s-nat-whole-1	2	996344	996107	45	22769139712	1997213696	python3*36 pt_gloo_runloop*2 ZMQbg/Reaper*2 ZMQbg/IO/0*2 pt_tcpstore_uv*1 cuda0000240000a*1 
2026-09-28T08:05:58+04:00	ck9s-nat-whole-1	2	996345	996107	39	784703488	607473664	python3*33 ZMQbg/Reaper*3 ZMQbg/IO/0*3 
2026-09-28T08:06:08+04:00	ck9s-nat-whole-1	2	996090	363	2	16371712	69632	uv*1 main2*1 
2026-09-28T08:06:08+04:00	ck9s-nat-whole-1	2	996107	996090	39	813105152	629637120	ft*35 ZMQbg/Reaper*2 ZMQbg/IO/0*2 
2026-09-28T08:06:08+04:00	ck9s-nat-whole-1	2	996343	996107	1	12713984	5939200	python3*1 
2026-09-28T08:06:08+04:00	ck9s-nat-whole-1	2	996344	996107	45	22769393664	1997213696	python3*36 pt_gloo_runloop*2 ZMQbg/Reaper*2 ZMQbg/IO/0*2 pt_tcpstore_uv*1 cuda0000240000a*1 
2026-09-28T08:06:08+04:00	ck9s-nat-whole-1	2	996345	996107	39	784777216	607473664	python3*33 ZMQbg/Reaper*3 ZMQbg/IO/0*3 
2026-09-28T08:06:21+04:00	ck9s-nat-whole-1	2	996090	363	2	16371712	69632	uv*1 main2*1 
2026-09-28T08:06:21+04:00	ck9s-nat-whole-1	2	996107	996090	39	813129728	629661696	ft*35 ZMQbg/Reaper*2 ZMQbg/IO/0*2 
2026-09-28T08:06:21+04:00	ck9s-nat-whole-1	2	996343	996107	1	12713984	5939200	python3*1 
2026-09-28T08:06:21+04:00	ck9s-nat-whole-1	2	996344	996107	45	22769393664	1997213696	python3*36 pt_gloo_runloop*2 ZMQbg/Reaper*2 ZMQbg/IO/0*2 pt_tcpstore_uv*1 cuda0000240000a*1 
2026-09-28T08:06:21+04:00	ck9s-nat-whole-1	2	996345	996107	39	784777216	607473664	python3*33 ZMQbg/Reaper*3 ZMQbg/IO/0*3 
2026-09-28T08:06:31+04:00	ck9s-nat-whole-1	2	996090	363	2	16371712	69632	uv*1 main2*1 
2026-09-28T08:06:31+04:00	ck9s-nat-whole-1	2	996107	996090	39	813236224	629768192	ft*35 ZMQbg/Reaper*2 ZMQbg/IO/0*2 
2026-09-28T08:06:31+04:00	ck9s-nat-whole-1	2	996343	996107	1	12713984	5939200	python3*1 
2026-09-28T08:06:31+04:00	ck9s-nat-whole-1	2	996344	996107	45	22769393664	1997213696	python3*36 pt_gloo_runloop*2 ZMQbg/Reaper*2 ZMQbg/IO/0*2 pt_tcpstore_uv*1 cuda0000240000a*1 
2026-09-28T08:06:32+04:00	ck9s-nat-whole-1	2	996345	996107	39	784781312	607477760	python3*33 ZMQbg/Reaper*3 ZMQbg/IO/0*3 
2026-09-28T08:06:42+04:00	ck9s-nat-whole-1	2	996090	363	2	16371712	69632	uv*1 main2*1 
2026-09-28T08:06:42+04:00	ck9s-nat-whole-1	2	996107	996090	39	813244416	629776384	ft*35 ZMQbg/Reaper*2 ZMQbg/IO/0*2 
2026-09-28T08:06:42+04:00	ck9s-nat-whole-1	2	996343	996107	1	12713984	5939200	python3*1 
2026-09-28T08:06:42+04:00	ck9s-nat-whole-1	2	996344	996107	45	22769393664	1997213696	python3*36 pt_gloo_runloop*2 ZMQbg/Reaper*2 ZMQbg/IO/0*2 pt_tcpstore_uv*1 cuda0000240000a*1 
2026-09-28T08:06:42+04:00	ck9s-nat-whole-1	2	996345	996107	39	784781312	607477760	python3*33 ZMQbg/Reaper*3 ZMQbg/IO/0*3 
2026-09-28T08:06:54+04:00	ck9s-nat-whole-1	2	996090	363	2	16371712	69632	uv*1 main2*1 
2026-09-28T08:06:54+04:00	ck9s-nat-whole-1	2	996107	996090	39	813314048	629846016	ft*35 ZMQbg/Reaper*2 ZMQbg/IO/0*2 
2026-09-28T08:06:54+04:00	ck9s-nat-whole-1	2	996343	996107	1	12713984	5939200	python3*1 
2026-09-28T08:06:54+04:00	ck9s-nat-whole-1	2	996344	996107	45	22769393664	1997213696	python3*36 pt_gloo_runloop*2 ZMQbg/Reaper*2 ZMQbg/IO/0*2 pt_tcpstore_uv*1 cuda0000240000a*1 
2026-09-28T08:06:54+04:00	ck9s-nat-whole-1	2	996345	996107	39	784781312	607477760	python3*33 ZMQbg/Reaper*3 ZMQbg/IO/0*3 
2026-09-28T08:07:04+04:00	ck9s-nat-whole-1	2	996090	363	2	16371712	69632	uv*1 main2*1 
2026-09-28T08:07:04+04:00	ck9s-nat-whole-1	2	996107	996090	39	813883392	630415360	ft*35 ZMQbg/Reaper*2 ZMQbg/IO/0*2 
2026-09-28T08:07:04+04:00	ck9s-nat-whole-1	2	996343	996107	1	12713984	5939200	python3*1 
2026-09-28T08:07:04+04:00	ck9s-nat-whole-1	2	996344	996107	45	22769442816	1997262848	python3*36 pt_gloo_runloop*2 ZMQbg/Reaper*2 ZMQbg/IO/0*2 pt_tcpstore_uv*1 cuda0000240000a*1 
2026-09-28T08:07:04+04:00	ck9s-nat-whole-1	2	996345	996107	42	784904192	607580160	python3*34 ZMQbg/Reaper*4 ZMQbg/IO/0*4 
2026-09-28T08:07:15+04:00	ck9s-nat-whole-1	2	996090	363	2	16371712	69632	uv*1 main2*1 
2026-09-28T08:07:15+04:00	ck9s-nat-whole-1	2	996107	996090	39	813883392	630415360	ft*35 ZMQbg/Reaper*2 ZMQbg/IO/0*2 
2026-09-28T08:07:15+04:00	ck9s-nat-whole-1	2	996343	996107	1	12713984	5939200	python3*1 
2026-09-28T08:07:15+04:00	ck9s-nat-whole-1	2	996344	996107	45	22769442816	1997262848	python3*36 pt_gloo_runloop*2 ZMQbg/Reaper*2 ZMQbg/IO/0*2 pt_tcpstore_uv*1 cuda0000240000a*1 
2026-09-28T08:07:15+04:00	ck9s-nat-whole-1	2	996345	996107	42	784904192	607580160	python3*34 ZMQbg/Reaper*4 ZMQbg/IO/0*4 
2026-09-28T08:07:28+04:00	ck9s-nat-whole-1	2	996090	363	2	16371712	69632	uv*1 main2*1 
2026-09-28T08:07:28+04:00	ck9s-nat-whole-1	2	996107	996090	39	813891584	630423552	ft*35 ZMQbg/Reaper*2 ZMQbg/IO/0*2 
2026-09-28T08:07:28+04:00	ck9s-nat-whole-1	2	996343	996107	1	12713984	5939200	python3*1 
2026-09-28T08:07:28+04:00	ck9s-nat-whole-1	2	996344	996107	45	22769442816	1997262848	python3*36 pt_gloo_runloop*2 ZMQbg/Reaper*2 ZMQbg/IO/0*2 pt_tcpstore_uv*1 cuda0000240000a*1 
2026-09-28T08:07:28+04:00	ck9s-nat-whole-1	2	996345	996107	42	784904192	607580160	python3*34 ZMQbg/Reaper*4 ZMQbg/IO/0*4 
2026-09-28T08:07:48+04:00	cn-w1	0	1008271	363	3	27144192	6053888	uv*1 tokio-rt-worker*1 main2*1 
2026-09-28T08:07:48+04:00	cn-w1	0	1008288	1008271	22	703676416	422744064	ft*18 ZMQbg/Reaper*2 ZMQbg/IO/0*2 
2026-09-28T08:07:48+04:00	cn-w1	0	1008458	1008288	1	12808192	5939200	python3*1 
2026-09-28T08:07:48+04:00	cn-w1	0	1008459	1008288	25	3425361920	863948800	python3*20 pt_gloo_runloop*2 pt_tcpstore_uv*1 cuda0000240000a*1 cuda-EvtHandlr*1 
2026-09-28T08:07:48+04:00	cn-w1	0	1008460	1008288	23	884772864	607531008	python3*17 ZMQbg/Reaper*3 ZMQbg/IO/0*3 
2026-09-28T08:08:01+04:00	cn-w1	0	1008271	363	2	27275264	6053888	uv*1 main2*1 
2026-09-28T08:08:01+04:00	cn-w1	0	1008288	1008271	22	703680512	422748160	ft*18 ZMQbg/Reaper*2 ZMQbg/IO/0*2 
2026-09-28T08:08:01+04:00	cn-w1	0	1008458	1008288	1	12808192	5939200	python3*1 
2026-09-28T08:08:01+04:00	cn-w1	0	1008459	1008288	41	11404075008	980008960	python3*36 pt_gloo_runloop*2 pt_tcpstore_uv*1 cuda0000240000a*1 cuda-EvtHandlr*1 
2026-09-28T08:08:01+04:00	cn-w1	0	1008460	1008288	23	884772864	607531008	python3*17 ZMQbg/Reaper*3 ZMQbg/IO/0*3 
2026-09-28T08:08:11+04:00	cn-w1	0	1008271	363	2	27275264	6053888	uv*1 main2*1 
2026-09-28T08:08:11+04:00	cn-w1	0	1008288	1008271	22	702943232	422748160	ft*18 ZMQbg/Reaper*2 ZMQbg/IO/0*2 
2026-09-28T08:08:11+04:00	cn-w1	0	1008458	1008288	1	12808192	5939200	python3*1 
2026-09-28T08:08:11+04:00	cn-w1	0	1008459	1008288	41	20322840576	980434944	python3*36 pt_gloo_runloop*2 pt_tcpstore_uv*1 cuda0000240000a*1 cuda-EvtHandlr*1 
2026-09-28T08:08:11+04:00	cn-w1	0	1008460	1008288	23	884088832	607531008	python3*17 ZMQbg/Reaper*3 ZMQbg/IO/0*3 
2026-09-28T08:08:22+04:00	cn-w1	0	1008271	363	2	24047616	6053888	uv*1 main2*1 
2026-09-28T08:08:22+04:00	cn-w1	0	1008288	1008271	22	701169664	422764544	ft*18 ZMQbg/Reaper*2 ZMQbg/IO/0*2 
2026-09-28T08:08:22+04:00	cn-w1	0	1008458	1008288	1	12808192	5939200	python3*1 
2026-09-28T08:08:22+04:00	cn-w1	0	1008459	1008288	45	22851960832	1985581056	python3*36 pt_gloo_runloop*2 ZMQbg/Reaper*2 ZMQbg/IO/0*2 pt_tcpstore_uv*1 cuda0000240000a*1 
2026-09-28T08:08:22+04:00	cn-w1	0	1008460	1008288	23	883359744	607576064	python3*17 ZMQbg/Reaper*3 ZMQbg/IO/0*3 
2026-09-28T08:08:35+04:00	cn-w1	0	1008271	363	2	24047616	6053888	uv*1 main2*1 
2026-09-28T08:08:35+04:00	cn-w1	0	1008288	1008271	39	990830592	706617344	ft*35 ZMQbg/Reaper*2 ZMQbg/IO/0*2 
2026-09-28T08:08:35+04:00	cn-w1	0	1008458	1008288	1	12808192	5939200	python3*1 
2026-09-28T08:08:35+04:00	cn-w1	0	1008459	1008288	45	22856392704	1985757184	python3*36 pt_gloo_runloop*2 ZMQbg/Reaper*2 ZMQbg/IO/0*2 pt_tcpstore_uv*1 cuda0000240000a*1 
2026-09-28T08:08:35+04:00	cn-w1	0	1008460	1008288	39	887169024	608374784	python3*33 ZMQbg/Reaper*3 ZMQbg/IO/0*3 
2026-09-28T08:08:45+04:00	cn-w1	0	1008271	363	2	24047616	6053888	uv*1 main2*1 
2026-09-28T08:08:45+04:00	cn-w1	0	1008288	1008271	39	990830592	706617344	ft*35 ZMQbg/Reaper*2 ZMQbg/IO/0*2 
2026-09-28T08:08:45+04:00	cn-w1	0	1008458	1008288	1	12808192	5939200	python3*1 
2026-09-28T08:08:45+04:00	cn-w1	0	1008459	1008288	45	22856392704	1985757184	python3*36 pt_gloo_runloop*2 ZMQbg/Reaper*2 ZMQbg/IO/0*2 pt_tcpstore_uv*1 cuda0000240000a*1 
2026-09-28T08:08:46+04:00	cn-w1	0	1008460	1008288	39	887169024	608374784	python3*33 ZMQbg/Reaper*3 ZMQbg/IO/0*3 
2026-09-28T08:08:56+04:00	cn-w1	1	1008271	363	2	24047616	6053888	uv*1 main2*1 
2026-09-28T08:08:56+04:00	cn-w1	1	1008288	1008271	57	1060601856	776380416	ft*51 ZMQbg/Reaper*3 ZMQbg/IO/0*3 
2026-09-28T08:08:56+04:00	cn-w1	1	1008458	1008288	1	12808192	5939200	python3*1 
2026-09-28T08:08:56+04:00	cn-w1	1	1008459	1008288	45	22857428992	1986793472	python3*36 pt_gloo_runloop*2 ZMQbg/Reaper*2 ZMQbg/IO/0*2 pt_tcpstore_uv*1 cuda0000240000a*1 
2026-09-28T08:08:56+04:00	cn-w1	1	1008460	1008288	57	949153792	670359552	python3*49 ZMQbg/Reaper*4 ZMQbg/IO/0*4 
2026-09-28T08:09:06+04:00	cn-w1	1	1008271	363	2	24047616	6053888	uv*1 main2*1 
2026-09-28T08:09:06+04:00	cn-w1	1	1008288	1008271	57	1060601856	776380416	ft*51 ZMQbg/Reaper*3 ZMQbg/IO/0*3 
2026-09-28T08:09:06+04:00	cn-w1	1	1008458	1008288	1	12808192	5939200	python3*1 
2026-09-28T08:09:06+04:00	cn-w1	1	1008459	1008288	45	22857428992	1986793472	python3*36 pt_gloo_runloop*2 ZMQbg/Reaper*2 ZMQbg/IO/0*2 pt_tcpstore_uv*1 cuda0000240000a*1 
2026-09-28T08:09:06+04:00	cn-w1	1	1008460	1008288	57	949153792	670359552	python3*49 ZMQbg/Reaper*4 ZMQbg/IO/0*4 
2026-09-28T08:09:19+04:00	cn-w1	1	1008271	363	2	24047616	6053888	uv*1 main2*1 
2026-09-28T08:09:19+04:00	cn-w1	1	1008288	1008271	57	1060601856	776380416	ft*51 ZMQbg/Reaper*3 ZMQbg/IO/0*3 
2026-09-28T08:09:19+04:00	cn-w1	1	1008458	1008288	1	12808192	5939200	python3*1 
2026-09-28T08:09:19+04:00	cn-w1	1	1008459	1008288	45	22857428992	1986793472	python3*36 pt_gloo_runloop*2 ZMQbg/Reaper*2 ZMQbg/IO/0*2 pt_tcpstore_uv*1 cuda0000240000a*1 
2026-09-28T08:09:19+04:00	cn-w1	1	1008460	1008288	57	949153792	670359552	python3*49 ZMQbg/Reaper*4 ZMQbg/IO/0*4 
2026-09-28T08:09:29+04:00	cn-w1	1	1008271	363	2	24047616	6053888	uv*1 main2*1 
2026-09-28T08:09:29+04:00	cn-w1	1	1008288	1008271	57	1060601856	776380416	ft*51 ZMQbg/Reaper*3 ZMQbg/IO/0*3 
2026-09-28T08:09:29+04:00	cn-w1	1	1008458	1008288	1	12808192	5939200	python3*1 
2026-09-28T08:09:29+04:00	cn-w1	1	1008459	1008288	45	22857428992	1986793472	python3*36 pt_gloo_runloop*2 ZMQbg/Reaper*2 ZMQbg/IO/0*2 pt_tcpstore_uv*1 cuda0000240000a*1 
2026-09-28T08:09:30+04:00	cn-w1	1	1008460	1008288	57	949153792	670359552	python3*49 ZMQbg/Reaper*4 ZMQbg/IO/0*4 
2026-09-28T08:09:40+04:00	cn-w1	1	1008271	363	2	24047616	6053888	uv*1 main2*1 
2026-09-28T08:09:40+04:00	cn-w1	1	1008288	1008271	57	1060601856	776380416	ft*51 ZMQbg/Reaper*3 ZMQbg/IO/0*3 
2026-09-28T08:09:40+04:00	cn-w1	1	1008458	1008288	1	12808192	5939200	python3*1 
2026-09-28T08:09:40+04:00	cn-w1	1	1008459	1008288	45	22857428992	1986793472	python3*36 pt_gloo_runloop*2 ZMQbg/Reaper*2 ZMQbg/IO/0*2 pt_tcpstore_uv*1 cuda0000240000a*1 
2026-09-28T08:09:40+04:00	cn-w1	1	1008460	1008288	57	949153792	670359552	python3*49 ZMQbg/Reaper*4 ZMQbg/IO/0*4 
2026-09-28T08:09:53+04:00	cn-w1	1	1008271	363	2	24047616	6053888	uv*1 main2*1 
2026-09-28T08:09:53+04:00	cn-w1	1	1008288	1008271	57	1060601856	776380416	ft*51 ZMQbg/Reaper*3 ZMQbg/IO/0*3 
2026-09-28T08:09:53+04:00	cn-w1	1	1008458	1008288	1	12808192	5939200	python3*1 
2026-09-28T08:09:53+04:00	cn-w1	1	1008459	1008288	45	22857428992	1986793472	python3*36 pt_gloo_runloop*2 ZMQbg/Reaper*2 ZMQbg/IO/0*2 pt_tcpstore_uv*1 cuda0000240000a*1 
2026-09-28T08:09:53+04:00	cn-w1	1	1008460	1008288	57	949153792	670359552	python3*49 ZMQbg/Reaper*4 ZMQbg/IO/0*4 
2026-09-28T08:10:03+04:00	cn-w1	1	1008271	363	2	24047616	6053888	uv*1 main2*1 
2026-09-28T08:10:03+04:00	cn-w1	1	1008288	1008271	57	1060601856	776380416	ft*51 ZMQbg/Reaper*3 ZMQbg/IO/0*3 
2026-09-28T08:10:03+04:00	cn-w1	1	1008458	1008288	1	12808192	5939200	python3*1 
2026-09-28T08:10:03+04:00	cn-w1	1	1008459	1008288	45	22857428992	1986793472	python3*36 pt_gloo_runloop*2 ZMQbg/Reaper*2 ZMQbg/IO/0*2 pt_tcpstore_uv*1 cuda0000240000a*1 
2026-09-28T08:10:03+04:00	cn-w1	1	1008460	1008288	57	949153792	670359552	python3*49 ZMQbg/Reaper*4 ZMQbg/IO/0*4 
2026-09-28T08:10:14+04:00	cn-w1	3	1008271	363	2	24047616	6053888	uv*1 main2*1 
2026-09-28T08:10:14+04:00	cn-w1	3	1008288	1008271	57	1087762432	803540992	ft*51 ZMQbg/Reaper*3 ZMQbg/IO/0*3 
2026-09-28T08:10:14+04:00	cn-w1	3	1008458	1008288	1	12808192	5939200	python3*1 
2026-09-28T08:10:14+04:00	cn-w1	3	1008459	1008288	45	22917353472	2044866560	python3*36 pt_gloo_runloop*2 ZMQbg/Reaper*2 ZMQbg/IO/0*2 pt_tcpstore_uv*1 cuda0000240000a*1 
2026-09-28T08:10:14+04:00	cn-w1	3	1008460	1008288	57	988450816	709660672	python3*49 ZMQbg/Reaper*4 ZMQbg/IO/0*4 
2026-09-28T08:10:27+04:00	cn-w1	3	1008271	363	2	24047616	6053888	uv*1 main2*1 
2026-09-28T08:10:27+04:00	cn-w1	3	1008288	1008271	57	1087762432	803540992	ft*51 ZMQbg/Reaper*3 ZMQbg/IO/0*3 
2026-09-28T08:10:27+04:00	cn-w1	3	1008458	1008288	1	12808192	5939200	python3*1 
2026-09-28T08:10:27+04:00	cn-w1	3	1008459	1008288	45	22917353472	2044866560	python3*36 pt_gloo_runloop*2 ZMQbg/Reaper*2 ZMQbg/IO/0*2 pt_tcpstore_uv*1 cuda0000240000a*1 
2026-09-28T08:10:27+04:00	cn-w1	3	1008460	1008288	57	988450816	709660672	python3*49 ZMQbg/Reaper*4 ZMQbg/IO/0*4 
2026-09-28T08:10:37+04:00	cn-w1	3	1008271	363	2	24047616	6053888	uv*1 main2*1 
2026-09-28T08:10:37+04:00	cn-w1	3	1008288	1008271	57	1087762432	803540992	ft*51 ZMQbg/Reaper*3 ZMQbg/IO/0*3 
2026-09-28T08:10:37+04:00	cn-w1	3	1008458	1008288	1	12808192	5939200	python3*1 
2026-09-28T08:10:37+04:00	cn-w1	3	1008459	1008288	45	22917353472	2044866560	python3*36 pt_gloo_runloop*2 ZMQbg/Reaper*2 ZMQbg/IO/0*2 pt_tcpstore_uv*1 cuda0000240000a*1 
2026-09-28T08:10:37+04:00	cn-w1	3	1008460	1008288	57	988450816	709660672	python3*49 ZMQbg/Reaper*4 ZMQbg/IO/0*4 
2026-09-28T08:10:47+04:00	cn-w1	3	1008271	363	2	24047616	6053888	uv*1 main2*1 
2026-09-28T08:10:47+04:00	cn-w1	3	1008288	1008271	57	1087762432	803540992	ft*51 ZMQbg/Reaper*3 ZMQbg/IO/0*3 
2026-09-28T08:10:47+04:00	cn-w1	3	1008458	1008288	1	12808192	5939200	python3*1 
2026-09-28T08:10:47+04:00	cn-w1	3	1008459	1008288	45	22917353472	2044866560	python3*36 pt_gloo_runloop*2 ZMQbg/Reaper*2 ZMQbg/IO/0*2 pt_tcpstore_uv*1 cuda0000240000a*1 
2026-09-28T08:10:48+04:00	cn-w1	3	1008460	1008288	57	988450816	709660672	python3*49 ZMQbg/Reaper*4 ZMQbg/IO/0*4 
2026-09-28T08:11:01+04:00	cn-w1	3	1008271	363	2	24047616	6053888	uv*1 main2*1 
2026-09-28T08:11:01+04:00	cn-w1	3	1008288	1008271	57	1087762432	803540992	ft*51 ZMQbg/Reaper*3 ZMQbg/IO/0*3 
2026-09-28T08:11:01+04:00	cn-w1	3	1008458	1008288	1	12808192	5939200	python3*1 
2026-09-28T08:11:01+04:00	cn-w1	3	1008459	1008288	45	22917353472	2044866560	python3*36 pt_gloo_runloop*2 ZMQbg/Reaper*2 ZMQbg/IO/0*2 pt_tcpstore_uv*1 cuda0000240000a*1 
2026-09-28T08:11:01+04:00	cn-w1	3	1008460	1008288	57	988450816	709660672	python3*49 ZMQbg/Reaper*4 ZMQbg/IO/0*4 
2026-09-28T08:11:11+04:00	cn-w1	3	1008271	363	2	24047616	6053888	uv*1 main2*1 
2026-09-28T08:11:11+04:00	cn-w1	3	1008288	1008271	57	1087762432	803540992	ft*51 ZMQbg/Reaper*3 ZMQbg/IO/0*3 
2026-09-28T08:11:11+04:00	cn-w1	3	1008458	1008288	1	12808192	5939200	python3*1 
2026-09-28T08:11:11+04:00	cn-w1	3	1008459	1008288	45	22917353472	2044866560	python3*36 pt_gloo_runloop*2 ZMQbg/Reaper*2 ZMQbg/IO/0*2 pt_tcpstore_uv*1 cuda0000240000a*1 
2026-09-28T08:11:11+04:00	cn-w1	3	1008460	1008288	57	988450816	709660672	python3*49 ZMQbg/Reaper*4 ZMQbg/IO/0*4 
2026-09-28T08:11:21+04:00	cn-w1	3	1008271	363	2	24047616	6053888	uv*1 main2*1 
2026-09-28T08:11:21+04:00	cn-w1	3	1008288	1008271	57	1087762432	803540992	ft*51 ZMQbg/Reaper*3 ZMQbg/IO/0*3 
2026-09-28T08:11:21+04:00	cn-w1	3	1008458	1008288	1	12808192	5939200	python3*1 
2026-09-28T08:11:21+04:00	cn-w1	3	1008459	1008288	45	22917353472	2044866560	python3*36 pt_gloo_runloop*2 ZMQbg/Reaper*2 ZMQbg/IO/0*2 pt_tcpstore_uv*1 cuda0000240000a*1 
2026-09-28T08:11:22+04:00	cn-w1	3	1008460	1008288	57	988450816	709660672	python3*49 ZMQbg/Reaper*4 ZMQbg/IO/0*4 
2026-09-28T08:11:34+04:00	cn-w1	4	1008271	363	2	24023040	6053888	uv*1 main2*1 
2026-09-28T08:11:34+04:00	cn-w1	4	1008288	1008271	57	1082114048	803540992	ft*51 ZMQbg/Reaper*3 ZMQbg/IO/0*3 
2026-09-28T08:11:34+04:00	cn-w1	4	1008458	1008288	1	12795904	5939200	python3*1 
2026-09-28T08:11:34+04:00	cn-w1	4	1008459	1008288	45	22918709248	2053255168	python3*36 pt_gloo_runloop*2 ZMQbg/Reaper*2 ZMQbg/IO/0*2 pt_tcpstore_uv*1 cuda0000240000a*1 
2026-09-28T08:11:35+04:00	cn-w1	4	1008460	1008288	57	982495232	709660672	python3*49 ZMQbg/Reaper*4 ZMQbg/IO/0*4 
2026-09-28T08:12:18+04:00	ck9e-nat-whole-2	0	1023135	363	3	25853952	6053888	uv*1 tokio-rt-worker*1 main2*1 
2026-09-28T08:12:18+04:00	ck9e-nat-whole-2	0	1023151	1023135	16	529428480	305979392	ft*16 
2026-09-28T08:12:28+04:00	ck9e-nat-whole-2	0	1023135	363	2	25985024	6053888	uv*1 main2*1 
2026-09-28T08:12:28+04:00	ck9e-nat-whole-2	0	1023151	1023135	22	703528960	422731776	ft*18 ZMQbg/Reaper*2 ZMQbg/IO/0*2 
2026-09-28T08:12:28+04:00	ck9e-nat-whole-2	0	1023332	1023151	1	12804096	5939200	python3*1 
2026-09-28T08:12:28+04:00	ck9e-nat-whole-2	0	1023333	1023151	41	4633423872	985686016	python3*36 pt_gloo_runloop*2 pt_tcpstore_uv*1 cuda0000240000a*1 cuda-EvtHandlr*1 
2026-09-28T08:12:28+04:00	ck9e-nat-whole-2	0	1023334	1023151	23	882679808	607367168	python3*17 ZMQbg/Reaper*3 ZMQbg/IO/0*3 
2026-09-28T08:12:41+04:00	ck9e-nat-whole-2	0	1023135	363	2	25985024	6053888	uv*1 main2*1 
2026-09-28T08:12:41+04:00	ck9e-nat-whole-2	0	1023151	1023135	22	703537152	422739968	ft*18 ZMQbg/Reaper*2 ZMQbg/IO/0*2 
2026-09-28T08:12:41+04:00	ck9e-nat-whole-2	0	1023332	1023151	1	12804096	5939200	python3*1 
2026-09-28T08:12:41+04:00	ck9e-nat-whole-2	0	1023333	1023151	41	9070673920	985886720	python3*36 pt_gloo_runloop*2 pt_tcpstore_uv*1 cuda0000240000a*1 cuda-EvtHandlr*1 
2026-09-28T08:12:41+04:00	ck9e-nat-whole-2	0	1023334	1023151	23	882679808	607367168	python3*17 ZMQbg/Reaper*3 ZMQbg/IO/0*3 
2026-09-28T08:12:51+04:00	ck9e-nat-whole-2	0	1023135	363	2	25985024	6053888	uv*1 main2*1 
2026-09-28T08:12:51+04:00	ck9e-nat-whole-2	0	1023151	1023135	22	703541248	422744064	ft*18 ZMQbg/Reaper*2 ZMQbg/IO/0*2 
2026-09-28T08:12:52+04:00	ck9e-nat-whole-2	0	1023332	1023151	1	12804096	5939200	python3*1 
2026-09-28T08:12:52+04:00	ck9e-nat-whole-2	0	1023333	1023151	41	13764345856	986140672	python3*36 pt_gloo_runloop*2 pt_tcpstore_uv*1 cuda0000240000a*1 cuda-EvtHandlr*1 
2026-09-28T08:12:52+04:00	ck9e-nat-whole-2	0	1023334	1023151	23	882679808	607367168	python3*17 ZMQbg/Reaper*3 ZMQbg/IO/0*3 
2026-09-28T08:13:02+04:00	ck9e-nat-whole-2	0	1023135	363	2	21544960	6053888	uv*1 main2*1 
2026-09-28T08:13:02+04:00	ck9e-nat-whole-2	0	1023151	1023135	22	692465664	422744064	ft*18 ZMQbg/Reaper*2 ZMQbg/IO/0*2 
2026-09-28T08:13:02+04:00	ck9e-nat-whole-2	0	1023332	1023151	1	12804096	5939200	python3*1 
2026-09-28T08:13:02+04:00	ck9e-nat-whole-2	0	1023333	1023151	41	21770563584	986513408	python3*36 pt_gloo_runloop*2 pt_tcpstore_uv*1 cuda0000240000a*1 cuda-EvtHandlr*1 
2026-09-28T08:13:02+04:00	ck9e-nat-whole-2	0	1023334	1023151	23	871751680	607367168	python3*17 ZMQbg/Reaper*3 ZMQbg/IO/0*3 
2026-09-28T08:13:12+04:00	ck9e-nat-whole-2	0	1023135	363	2	21532672	6053888	uv*1 main2*1 
2026-09-28T08:13:12+04:00	ck9e-nat-whole-2	0	1023151	1023135	22	670228480	422764544	ft*18 ZMQbg/Reaper*2 ZMQbg/IO/0*2 
2026-09-28T08:13:12+04:00	ck9e-nat-whole-2	0	1023332	1023151	1	12804096	5939200	python3*1 
2026-09-28T08:13:12+04:00	ck9e-nat-whole-2	0	1023333	1023151	45	22588993536	1750208512	python3*36 pt_gloo_runloop*2 ZMQbg/Reaper*2 ZMQbg/IO/0*2 pt_tcpstore_uv*1 cuda0000240000a*1 
2026-09-28T08:13:15+04:00	ck9e-nat-whole-2	0	1023334	1023151	23	850337792	607412224	python3*17 ZMQbg/Reaper*3 ZMQbg/IO/0*3 
2026-09-28T08:13:25+04:00	ck9e-nat-whole-2	0	1023135	363	2	21532672	6053888	uv*1 main2*1 
2026-09-28T08:13:25+04:00	ck9e-nat-whole-2	0	1023151	1023135	39	876253184	622047232	ft*35 ZMQbg/Reaper*2 ZMQbg/IO/0*2 
2026-09-28T08:13:25+04:00	ck9e-nat-whole-2	0	1023332	1023151	1	12804096	5939200	python3*1 
2026-09-28T08:13:25+04:00	ck9e-nat-whole-2	0	1023333	1023151	45	22593228800	1750687744	python3*36 pt_gloo_runloop*2 ZMQbg/Reaper*2 ZMQbg/IO/0*2 pt_tcpstore_uv*1 cuda0000240000a*1 
2026-09-28T08:13:26+04:00	ck9e-nat-whole-2	0	1023334	1023151	39	855273472	608178176	python3*33 ZMQbg/Reaper*3 ZMQbg/IO/0*3 
2026-09-28T08:13:36+04:00	ck9e-nat-whole-2	0	1023135	363	2	21532672	6053888	uv*1 main2*1 
2026-09-28T08:13:36+04:00	ck9e-nat-whole-2	0	1023151	1023135	39	876253184	622047232	ft*35 ZMQbg/Reaper*2 ZMQbg/IO/0*2 
2026-09-28T08:13:36+04:00	ck9e-nat-whole-2	0	1023332	1023151	1	12804096	5939200	python3*1 
2026-09-28T08:13:36+04:00	ck9e-nat-whole-2	0	1023333	1023151	45	22593228800	1750687744	python3*36 pt_gloo_runloop*2 ZMQbg/Reaper*2 ZMQbg/IO/0*2 pt_tcpstore_uv*1 cuda0000240000a*1 
2026-09-28T08:13:36+04:00	ck9e-nat-whole-2	0	1023334	1023151	39	855273472	608178176	python3*33 ZMQbg/Reaper*3 ZMQbg/IO/0*3 
2026-09-28T08:13:46+04:00	ck9e-nat-whole-2	0	1023135	363	2	21532672	6053888	uv*1 main2*1 
2026-09-28T08:13:46+04:00	ck9e-nat-whole-2	0	1023151	1023135	39	961028096	706670592	ft*35 ZMQbg/Reaper*2 ZMQbg/IO/0*2 
2026-09-28T08:13:46+04:00	ck9e-nat-whole-2	0	1023332	1023151	1	12804096	5939200	python3*1 
2026-09-28T08:13:46+04:00	ck9e-nat-whole-2	0	1023333	1023151	45	22600876032	1757777920	python3*36 pt_gloo_runloop*2 ZMQbg/Reaper*2 ZMQbg/IO/0*2 pt_tcpstore_uv*1 cuda0000240000a*1 
2026-09-28T08:13:46+04:00	ck9e-nat-whole-2	0	1023334	1023151	39	855322624	608227328	python3*33 ZMQbg/Reaper*3 ZMQbg/IO/0*3 
2026-09-28T08:13:59+04:00	ck9e-nat-whole-2	0	1023135	363	2	21528576	6053888	uv*1 main2*1 
2026-09-28T08:13:59+04:00	ck9e-nat-whole-2	0	1023151	1023135	39	960860160	707194880	ft*35 ZMQbg/Reaper*2 ZMQbg/IO/0*2 
2026-09-28T08:13:59+04:00	ck9e-nat-whole-2	0	1023332	1023151	1	12804096	5939200	python3*1 
2026-09-28T08:13:59+04:00	ck9e-nat-whole-2	0	1023333	1023151	45	22600237056	1757777920	python3*36 pt_gloo_runloop*2 ZMQbg/Reaper*2 ZMQbg/IO/0*2 pt_tcpstore_uv*1 cuda0000240000a*1 
2026-09-28T08:14:00+04:00	ck9e-nat-whole-2	0	1023334	1023151	39	854720512	608227328	python3*33 ZMQbg/Reaper*3 ZMQbg/IO/0*3 
2026-09-28T08:14:10+04:00	ck9e-nat-whole-2	0	1023135	363	2	21528576	6053888	uv*1 main2*1 
2026-09-28T08:14:10+04:00	ck9e-nat-whole-2	0	1023151	1023135	39	961077248	707411968	ft*35 ZMQbg/Reaper*2 ZMQbg/IO/0*2 
2026-09-28T08:14:10+04:00	ck9e-nat-whole-2	0	1023332	1023151	1	12804096	5939200	python3*1 
2026-09-28T08:14:10+04:00	ck9e-nat-whole-2	0	1023333	1023151	45	22600237056	1757777920	python3*36 pt_gloo_runloop*2 ZMQbg/Reaper*2 ZMQbg/IO/0*2 pt_tcpstore_uv*1 cuda0000240000a*1 
2026-09-28T08:14:10+04:00	ck9e-nat-whole-2	0	1023334	1023151	39	854720512	608227328	python3*33 ZMQbg/Reaper*3 ZMQbg/IO/0*3 
2026-09-28T08:14:20+04:00	ck9e-nat-whole-2	0	1023135	363	2	21528576	6053888	uv*1 main2*1 
2026-09-28T08:14:20+04:00	ck9e-nat-whole-2	0	1023151	1023135	39	961097728	707432448	ft*35 ZMQbg/Reaper*2 ZMQbg/IO/0*2 
2026-09-28T08:14:20+04:00	ck9e-nat-whole-2	0	1023332	1023151	1	12804096	5939200	python3*1 
2026-09-28T08:14:20+04:00	ck9e-nat-whole-2	0	1023333	1023151	45	22600237056	1757777920	python3*36 pt_gloo_runloop*2 ZMQbg/Reaper*2 ZMQbg/IO/0*2 pt_tcpstore_uv*1 cuda0000240000a*1 
2026-09-28T08:14:20+04:00	ck9e-nat-whole-2	0	1023334	1023151	39	854720512	608227328	python3*33 ZMQbg/Reaper*3 ZMQbg/IO/0*3 
2026-09-28T08:14:33+04:00	ck9e-nat-whole-2	0	1023135	363	2	21528576	6053888	uv*1 main2*1 
2026-09-28T08:14:33+04:00	ck9e-nat-whole-2	0	1023151	1023135	39	961200128	707534848	ft*35 ZMQbg/Reaper*2 ZMQbg/IO/0*2 
2026-09-28T08:14:33+04:00	ck9e-nat-whole-2	0	1023332	1023151	1	12804096	5939200	python3*1 
2026-09-28T08:14:33+04:00	ck9e-nat-whole-2	0	1023333	1023151	45	22600249344	1757790208	python3*36 pt_gloo_runloop*2 ZMQbg/Reaper*2 ZMQbg/IO/0*2 pt_tcpstore_uv*1 cuda0000240000a*1 
2026-09-28T08:14:33+04:00	ck9e-nat-whole-2	0	1023334	1023151	39	854720512	608227328	python3*33 ZMQbg/Reaper*3 ZMQbg/IO/0*3 
2026-09-28T08:14:43+04:00	ck9e-nat-whole-2	0	1023135	363	2	21528576	6053888	uv*1 main2*1 
2026-09-28T08:14:43+04:00	ck9e-nat-whole-2	0	1023151	1023135	39	961212416	707547136	ft*35 ZMQbg/Reaper*2 ZMQbg/IO/0*2 
2026-09-28T08:14:43+04:00	ck9e-nat-whole-2	0	1023332	1023151	1	12804096	5939200	python3*1 
2026-09-28T08:14:43+04:00	ck9e-nat-whole-2	0	1023333	1023151	45	22600249344	1757790208	python3*36 pt_gloo_runloop*2 ZMQbg/Reaper*2 ZMQbg/IO/0*2 pt_tcpstore_uv*1 cuda0000240000a*1 
2026-09-28T08:14:44+04:00	ck9e-nat-whole-2	0	1023334	1023151	39	854720512	608227328	python3*33 ZMQbg/Reaper*3 ZMQbg/IO/0*3 
2026-09-28T08:14:54+04:00	ck9e-nat-whole-2	0	1023135	363	2	21528576	6053888	uv*1 main2*1 
2026-09-28T08:14:54+04:00	ck9e-nat-whole-2	0	1023151	1023135	39	961282048	707616768	ft*35 ZMQbg/Reaper*2 ZMQbg/IO/0*2 
2026-09-28T08:14:54+04:00	ck9e-nat-whole-2	0	1023332	1023151	1	12804096	5939200	python3*1 
2026-09-28T08:14:54+04:00	ck9e-nat-whole-2	0	1023333	1023151	45	22600253440	1757794304	python3*36 pt_gloo_runloop*2 ZMQbg/Reaper*2 ZMQbg/IO/0*2 pt_tcpstore_uv*1 cuda0000240000a*1 
2026-09-28T08:14:54+04:00	ck9e-nat-whole-2	0	1023334	1023151	39	854724608	608231424	python3*33 ZMQbg/Reaper*3 ZMQbg/IO/0*3 
2026-09-28T08:15:07+04:00	ck9e-nat-whole-2	0	1023135	363	2	21528576	6053888	uv*1 main2*1 
2026-09-28T08:15:07+04:00	ck9e-nat-whole-2	0	1023151	1023135	39	961855488	708190208	ft*35 ZMQbg/Reaper*2 ZMQbg/IO/0*2 
2026-09-28T08:15:07+04:00	ck9e-nat-whole-2	0	1023332	1023151	1	12804096	5939200	python3*1 
2026-09-28T08:15:07+04:00	ck9e-nat-whole-2	0	1023333	1023151	45	22600298496	1757839360	python3*36 pt_gloo_runloop*2 ZMQbg/Reaper*2 ZMQbg/IO/0*2 pt_tcpstore_uv*1 cuda0000240000a*1 
2026-09-28T08:15:07+04:00	ck9e-nat-whole-2	0	1023334	1023151	42	854839296	608321536	python3*34 ZMQbg/Reaper*4 ZMQbg/IO/0*4 
2026-09-28T08:15:17+04:00	ck9e-nat-whole-2	0	1023135	363	2	21528576	6053888	uv*1 main2*1 
2026-09-28T08:15:17+04:00	ck9e-nat-whole-2	0	1023151	1023135	39	961855488	708190208	ft*35 ZMQbg/Reaper*2 ZMQbg/IO/0*2 
2026-09-28T08:15:17+04:00	ck9e-nat-whole-2	0	1023332	1023151	1	12804096	5939200	python3*1 
2026-09-28T08:15:17+04:00	ck9e-nat-whole-2	0	1023333	1023151	45	22600368128	1757843456	python3*36 pt_gloo_runloop*2 ZMQbg/Reaper*2 ZMQbg/IO/0*2 pt_tcpstore_uv*1 cuda0000240000a*1 
2026-09-28T08:15:17+04:00	ck9e-nat-whole-2	0	1023334	1023151	42	854839296	608321536	python3*34 ZMQbg/Reaper*4 ZMQbg/IO/0*4 
2026-09-28T08:15:27+04:00	ck9e-nat-whole-2	0	1023135	363	2	21528576	6053888	uv*1 main2*1 
2026-09-28T08:15:27+04:00	ck9e-nat-whole-2	0	1023151	1023135	39	961855488	708190208	ft*35 ZMQbg/Reaper*2 ZMQbg/IO/0*2 
2026-09-28T08:15:27+04:00	ck9e-nat-whole-2	0	1023332	1023151	1	12804096	5939200	python3*1 
2026-09-28T08:15:27+04:00	ck9e-nat-whole-2	0	1023333	1023151	45	22600368128	1757843456	python3*36 pt_gloo_runloop*2 ZMQbg/Reaper*2 ZMQbg/IO/0*2 pt_tcpstore_uv*1 cuda0000240000a*1 
2026-09-28T08:15:28+04:00	ck9e-nat-whole-2	0	1023334	1023151	42	854839296	608321536	python3*34 ZMQbg/Reaper*4 ZMQbg/IO/0*4 
2026-09-28T08:15:51+04:00	ck9s-nat-mirror-1	0	1036265	363	3	26271744	6033408	uv*1 tokio-rt-worker*1 main2*1 
2026-09-28T08:15:51+04:00	ck9s-nat-mirror-1	0	1036282	1036265	22	703979520	422756352	ft*18 ZMQbg/Reaper*2 ZMQbg/IO/0*2 
2026-09-28T08:15:51+04:00	ck9s-nat-mirror-1	0	1036424	1036282	1	12783616	5943296	python3*1 
2026-09-28T08:15:51+04:00	ck9s-nat-mirror-1	0	1036425	1036282	25	2681798656	803553280	python3*20 pt_gloo_runloop*2 pt_tcpstore_uv*1 cuda0000240000a*1 cuda-EvtHandlr*1 
2026-09-28T08:15:51+04:00	ck9s-nat-mirror-1	0	1036426	1036282	23	882528256	607383552	python3*17 ZMQbg/Reaper*3 ZMQbg/IO/0*3 
2026-09-28T08:16:01+04:00	ck9s-nat-mirror-1	0	1036265	363	2	26402816	6033408	uv*1 main2*1 
2026-09-28T08:16:01+04:00	ck9s-nat-mirror-1	0	1036282	1036265	22	703983616	422760448	ft*18 ZMQbg/Reaper*2 ZMQbg/IO/0*2 
2026-09-28T08:16:01+04:00	ck9s-nat-mirror-1	0	1036424	1036282	1	12783616	5943296	python3*1 
2026-09-28T08:16:01+04:00	ck9s-nat-mirror-1	0	1036425	1036282	40	17475747840	15346315264	python3*35 pt_gloo_runloop*2 pt_tcpstore_uv*1 cuda0000240000a*1 cuda-EvtHandlr*1 
2026-09-28T08:16:01+04:00	ck9s-nat-mirror-1	0	1036426	1036282	23	882528256	607383552	python3*17 ZMQbg/Reaper*3 ZMQbg/IO/0*3 
2026-09-28T08:16:14+04:00	ck9s-nat-mirror-1	0	1036265	363	2	26402816	6033408	uv*1 main2*1 
2026-09-28T08:16:14+04:00	ck9s-nat-mirror-1	0	1036282	1036265	22	703983616	422760448	ft*18 ZMQbg/Reaper*2 ZMQbg/IO/0*2 
2026-09-28T08:16:14+04:00	ck9s-nat-mirror-1	0	1036424	1036282	1	12783616	5943296	python3*1 
2026-09-28T08:16:14+04:00	ck9s-nat-mirror-1	0	1036425	1036282	41	17565925376	15432843264	python3*36 pt_gloo_runloop*2 pt_tcpstore_uv*1 cuda0000240000a*1 cuda-EvtHandlr*1 
2026-09-28T08:16:14+04:00	ck9s-nat-mirror-1	0	1036426	1036282	23	882528256	607383552	python3*17 ZMQbg/Reaper*3 ZMQbg/IO/0*3 
2026-09-28T08:16:24+04:00	ck9s-nat-mirror-1	0	1036265	363	2	26402816	6033408	uv*1 main2*1 
2026-09-28T08:16:24+04:00	ck9s-nat-mirror-1	0	1036282	1036265	22	703983616	422760448	ft*18 ZMQbg/Reaper*2 ZMQbg/IO/0*2 
2026-09-28T08:16:24+04:00	ck9s-nat-mirror-1	0	1036424	1036282	1	12783616	5943296	python3*1 
2026-09-28T08:16:24+04:00	ck9s-nat-mirror-1	0	1036425	1036282	41	16343998464	15749672960	python3*36 pt_gloo_runloop*2 pt_tcpstore_uv*1 cuda0000240000a*1 cuda-EvtHandlr*1 
2026-09-28T08:16:24+04:00	ck9s-nat-mirror-1	0	1036426	1036282	23	882528256	607383552	python3*17 ZMQbg/Reaper*3 ZMQbg/IO/0*3 
2026-09-28T08:16:34+04:00	ck9s-nat-mirror-1	0	1036265	363	2	26402816	6033408	uv*1 main2*1 
2026-09-28T08:16:34+04:00	ck9s-nat-mirror-1	0	1036282	1036265	22	703983616	422760448	ft*18 ZMQbg/Reaper*2 ZMQbg/IO/0*2 
2026-09-28T08:16:34+04:00	ck9s-nat-mirror-1	0	1036424	1036282	1	12783616	5943296	python3*1 
2026-09-28T08:16:34+04:00	ck9s-nat-mirror-1	0	1036425	1036282	41	16601411584	15996297216	python3*36 pt_gloo_runloop*2 pt_tcpstore_uv*1 cuda0000240000a*1 cuda-EvtHandlr*1 
2026-09-28T08:16:34+04:00	ck9s-nat-mirror-1	0	1036426	1036282	23	882528256	607383552	python3*17 ZMQbg/Reaper*3 ZMQbg/IO/0*3 
2026-09-28T08:16:47+04:00	ck9s-nat-mirror-1	0	1036265	363	2	26402816	6033408	uv*1 main2*1 
2026-09-28T08:16:47+04:00	ck9s-nat-mirror-1	0	1036282	1036265	22	703983616	422760448	ft*18 ZMQbg/Reaper*2 ZMQbg/IO/0*2 
2026-09-28T08:16:47+04:00	ck9s-nat-mirror-1	0	1036424	1036282	1	12783616	5943296	python3*1 
2026-09-28T08:16:47+04:00	ck9s-nat-mirror-1	0	1036425	1036282	41	16859930624	16248819712	python3*36 pt_gloo_runloop*2 pt_tcpstore_uv*1 cuda0000240000a*1 cuda-EvtHandlr*1 
2026-09-28T08:16:48+04:00	ck9s-nat-mirror-1	0	1036426	1036282	23	882528256	607383552	python3*17 ZMQbg/Reaper*3 ZMQbg/IO/0*3 
2026-09-28T08:16:58+04:00	ck9s-nat-mirror-1	0	1036265	363	2	26402816	6033408	uv*1 main2*1 
2026-09-28T08:16:58+04:00	ck9s-nat-mirror-1	0	1036282	1036265	22	704049152	422780928	ft*18 ZMQbg/Reaper*2 ZMQbg/IO/0*2 
2026-09-28T08:16:58+04:00	ck9s-nat-mirror-1	0	1036424	1036282	1	12783616	5943296	python3*1 
2026-09-28T08:16:58+04:00	ck9s-nat-mirror-1	0	1036425	1036282	45	17071423488	16456478720	python3*36 pt_gloo_runloop*2 ZMQbg/Reaper*2 ZMQbg/IO/0*2 pt_tcpstore_uv*1 cuda0000240000a*1 
2026-09-28T08:16:58+04:00	ck9s-nat-mirror-1	0	1036426	1036282	23	882618368	607428608	python3*17 ZMQbg/Reaper*3 ZMQbg/IO/0*3 
2026-09-28T08:17:08+04:00	ck9s-nat-mirror-1	0	1036265	363	2	26402816	6033408	uv*1 main2*1 
2026-09-28T08:17:08+04:00	ck9s-nat-mirror-1	0	1036282	1036265	39	907931648	620929024	ft*35 ZMQbg/Reaper*2 ZMQbg/IO/0*2 
2026-09-28T08:17:08+04:00	ck9s-nat-mirror-1	0	1036424	1036282	1	12783616	5943296	python3*1 
2026-09-28T08:17:08+04:00	ck9s-nat-mirror-1	0	1036425	1036282	45	17075531776	16456986624	python3*36 pt_gloo_runloop*2 ZMQbg/Reaper*2 ZMQbg/IO/0*2 pt_tcpstore_uv*1 cuda0000240000a*1 
2026-09-28T08:17:08+04:00	ck9s-nat-mirror-1	0	1036426	1036282	39	886386688	608231424	python3*33 ZMQbg/Reaper*3 ZMQbg/IO/0*3 
2026-09-28T08:17:21+04:00	ck9s-nat-mirror-1	0	1036265	363	2	26402816	6033408	uv*1 main2*1 
2026-09-28T08:17:21+04:00	ck9s-nat-mirror-1	0	1036282	1036265	39	907931648	620929024	ft*35 ZMQbg/Reaper*2 ZMQbg/IO/0*2 
2026-09-28T08:17:21+04:00	ck9s-nat-mirror-1	0	1036424	1036282	1	12783616	5943296	python3*1 
2026-09-28T08:17:21+04:00	ck9s-nat-mirror-1	0	1036425	1036282	45	17075531776	16456986624	python3*36 pt_gloo_runloop*2 ZMQbg/Reaper*2 ZMQbg/IO/0*2 pt_tcpstore_uv*1 cuda0000240000a*1 
2026-09-28T08:17:21+04:00	ck9s-nat-mirror-1	0	1036426	1036282	39	886386688	608231424	python3*33 ZMQbg/Reaper*3 ZMQbg/IO/0*3 
2026-09-28T08:17:31+04:00	ck9s-nat-mirror-1	2	1036265	363	2	26402816	6033408	uv*1 main2*1 
2026-09-28T08:17:31+04:00	ck9s-nat-mirror-1	2	1036282	1036265	39	993681408	706682880	ft*35 ZMQbg/Reaper*2 ZMQbg/IO/0*2 
2026-09-28T08:17:31+04:00	ck9s-nat-mirror-1	2	1036424	1036282	1	12783616	5943296	python3*1 
2026-09-28T08:17:31+04:00	ck9s-nat-mirror-1	2	1036425	1036282	45	17081282560	16462184448	python3*36 pt_gloo_runloop*2 ZMQbg/Reaper*2 ZMQbg/IO/0*2 pt_tcpstore_uv*1 cuda0000240000a*1 
2026-09-28T08:17:31+04:00	ck9s-nat-mirror-1	2	1036426	1036282	39	886419456	608264192	python3*33 ZMQbg/Reaper*3 ZMQbg/IO/0*3 
2026-09-28T08:17:41+04:00	ck9s-nat-mirror-1	2	1036265	363	2	26402816	6033408	uv*1 main2*1 
2026-09-28T08:17:41+04:00	ck9s-nat-mirror-1	2	1036282	1036265	39	994193408	707190784	ft*35 ZMQbg/Reaper*2 ZMQbg/IO/0*2 
2026-09-28T08:17:41+04:00	ck9s-nat-mirror-1	2	1036424	1036282	1	12783616	5943296	python3*1 
2026-09-28T08:17:41+04:00	ck9s-nat-mirror-1	2	1036425	1036282	45	17081282560	16462184448	python3*36 pt_gloo_runloop*2 ZMQbg/Reaper*2 ZMQbg/IO/0*2 pt_tcpstore_uv*1 cuda0000240000a*1 
2026-09-28T08:17:42+04:00	ck9s-nat-mirror-1	2	1036426	1036282	39	886419456	608264192	python3*33 ZMQbg/Reaper*3 ZMQbg/IO/0*3 
2026-09-28T08:17:52+04:00	ck9s-nat-mirror-1	2	1036265	363	2	26402816	6033408	uv*1 main2*1 
2026-09-28T08:17:52+04:00	ck9s-nat-mirror-1	2	1036282	1036265	39	994430976	707428352	ft*35 ZMQbg/Reaper*2 ZMQbg/IO/0*2 
2026-09-28T08:17:52+04:00	ck9s-nat-mirror-1	2	1036424	1036282	1	12783616	5943296	python3*1 
2026-09-28T08:17:52+04:00	ck9s-nat-mirror-1	2	1036425	1036282	45	17081282560	16462184448	python3*36 pt_gloo_runloop*2 ZMQbg/Reaper*2 ZMQbg/IO/0*2 pt_tcpstore_uv*1 cuda0000240000a*1 
2026-09-28T08:17:52+04:00	ck9s-nat-mirror-1	2	1036426	1036282	39	886419456	608264192	python3*33 ZMQbg/Reaper*3 ZMQbg/IO/0*3 
2026-09-28T08:18:05+04:00	ck9s-nat-mirror-1	2	1036265	363	2	26402816	6033408	uv*1 main2*1 
2026-09-28T08:18:05+04:00	ck9s-nat-mirror-1	2	1036282	1036265	39	994443264	707440640	ft*35 ZMQbg/Reaper*2 ZMQbg/IO/0*2 
2026-09-28T08:18:05+04:00	ck9s-nat-mirror-1	2	1036424	1036282	1	12783616	5943296	python3*1 
2026-09-28T08:18:05+04:00	ck9s-nat-mirror-1	2	1036425	1036282	45	17081282560	16462184448	python3*36 pt_gloo_runloop*2 ZMQbg/Reaper*2 ZMQbg/IO/0*2 pt_tcpstore_uv*1 cuda0000240000a*1 
2026-09-28T08:18:05+04:00	ck9s-nat-mirror-1	2	1036426	1036282	39	886419456	608264192	python3*33 ZMQbg/Reaper*3 ZMQbg/IO/0*3 
2026-09-28T08:18:15+04:00	ck9s-nat-mirror-1	2	1036265	363	2	26402816	6033408	uv*1 main2*1 
2026-09-28T08:18:15+04:00	ck9s-nat-mirror-1	2	1036282	1036265	39	994566144	707563520	ft*35 ZMQbg/Reaper*2 ZMQbg/IO/0*2 
2026-09-28T08:18:15+04:00	ck9s-nat-mirror-1	2	1036424	1036282	1	12783616	5943296	python3*1 
2026-09-28T08:18:15+04:00	ck9s-nat-mirror-1	2	1036425	1036282	45	17081286656	16462188544	python3*36 pt_gloo_runloop*2 ZMQbg/Reaper*2 ZMQbg/IO/0*2 pt_tcpstore_uv*1 cuda0000240000a*1 
2026-09-28T08:18:15+04:00	ck9s-nat-mirror-1	2	1036426	1036282	39	886423552	608268288	python3*33 ZMQbg/Reaper*3 ZMQbg/IO/0*3 
2026-09-28T08:18:25+04:00	ck9s-nat-mirror-1	2	1036265	363	2	26402816	6033408	uv*1 main2*1 
2026-09-28T08:18:25+04:00	ck9s-nat-mirror-1	2	1036282	1036265	39	994566144	707563520	ft*35 ZMQbg/Reaper*2 ZMQbg/IO/0*2 
2026-09-28T08:18:25+04:00	ck9s-nat-mirror-1	2	1036424	1036282	1	12783616	5943296	python3*1 
2026-09-28T08:18:25+04:00	ck9s-nat-mirror-1	2	1036425	1036282	45	17081286656	16462188544	python3*36 pt_gloo_runloop*2 ZMQbg/Reaper*2 ZMQbg/IO/0*2 pt_tcpstore_uv*1 cuda0000240000a*1 
2026-09-28T08:18:25+04:00	ck9s-nat-mirror-1	2	1036426	1036282	39	886423552	608268288	python3*33 ZMQbg/Reaper*3 ZMQbg/IO/0*3 
2026-09-28T08:18:38+04:00	ck9s-nat-mirror-1	2	1036265	363	2	26402816	6033408	uv*1 main2*1 
2026-09-28T08:18:38+04:00	ck9s-nat-mirror-1	2	1036282	1036265	39	994635776	707633152	ft*35 ZMQbg/Reaper*2 ZMQbg/IO/0*2 
2026-09-28T08:18:38+04:00	ck9s-nat-mirror-1	2	1036424	1036282	1	12783616	5943296	python3*1 
2026-09-28T08:18:38+04:00	ck9s-nat-mirror-1	2	1036425	1036282	45	17081286656	16462188544	python3*36 pt_gloo_runloop*2 ZMQbg/Reaper*2 ZMQbg/IO/0*2 pt_tcpstore_uv*1 cuda0000240000a*1 
2026-09-28T08:18:38+04:00	ck9s-nat-mirror-1	2	1036426	1036282	39	886423552	608268288	python3*33 ZMQbg/Reaper*3 ZMQbg/IO/0*3 
2026-09-28T08:18:49+04:00	ck9s-nat-mirror-1	2	1036265	363	2	26402816	6033408	uv*1 main2*1 
2026-09-28T08:18:49+04:00	ck9s-nat-mirror-1	2	1036282	1036265	39	994635776	707633152	ft*35 ZMQbg/Reaper*2 ZMQbg/IO/0*2 
2026-09-28T08:18:49+04:00	ck9s-nat-mirror-1	2	1036424	1036282	1	12783616	5943296	python3*1 
2026-09-28T08:18:49+04:00	ck9s-nat-mirror-1	2	1036425	1036282	45	17081286656	16462188544	python3*36 pt_gloo_runloop*2 ZMQbg/Reaper*2 ZMQbg/IO/0*2 pt_tcpstore_uv*1 cuda0000240000a*1 
2026-09-28T08:18:49+04:00	ck9s-nat-mirror-1	2	1036426	1036282	39	886423552	608268288	python3*33 ZMQbg/Reaper*3 ZMQbg/IO/0*3 
2026-09-28T08:18:59+04:00	ck9s-nat-mirror-1	2	1036265	363	2	26402816	6033408	uv*1 main2*1 
2026-09-28T08:18:59+04:00	ck9s-nat-mirror-1	2	1036282	1036265	39	995201024	708198400	ft*35 ZMQbg/Reaper*2 ZMQbg/IO/0*2 
2026-09-28T08:18:59+04:00	ck9s-nat-mirror-1	2	1036424	1036282	1	12783616	5943296	python3*1 
2026-09-28T08:18:59+04:00	ck9s-nat-mirror-1	2	1036425	1036282	45	17081339904	16462241792	python3*36 pt_gloo_runloop*2 ZMQbg/Reaper*2 ZMQbg/IO/0*2 pt_tcpstore_uv*1 cuda0000240000a*1 
2026-09-28T08:18:59+04:00	ck9s-nat-mirror-1	2	1036426	1036282	42	886521856	608366592	python3*34 ZMQbg/Reaper*4 ZMQbg/IO/0*4 
2026-09-28T08:19:12+04:00	ck9s-nat-mirror-1	2	1036265	363	2	26402816	6033408	uv*1 main2*1 
2026-09-28T08:19:12+04:00	ck9s-nat-mirror-1	2	1036282	1036265	39	995201024	708198400	ft*35 ZMQbg/Reaper*2 ZMQbg/IO/0*2 
2026-09-28T08:19:12+04:00	ck9s-nat-mirror-1	2	1036424	1036282	1	12783616	5943296	python3*1 
2026-09-28T08:19:12+04:00	ck9s-nat-mirror-1	2	1036425	1036282	45	17081339904	16462241792	python3*36 pt_gloo_runloop*2 ZMQbg/Reaper*2 ZMQbg/IO/0*2 pt_tcpstore_uv*1 cuda0000240000a*1 
2026-09-28T08:19:12+04:00	ck9s-nat-mirror-1	2	1036426	1036282	42	886521856	608366592	python3*34 ZMQbg/Reaper*4 ZMQbg/IO/0*4 
2026-09-28T08:19:22+04:00	ck9s-nat-mirror-1	2	1036265	363	2	26402816	6033408	uv*1 main2*1 
2026-09-28T08:19:22+04:00	ck9s-nat-mirror-1	2	1036282	1036265	39	995201024	708198400	ft*35 ZMQbg/Reaper*2 ZMQbg/IO/0*2 
2026-09-28T08:19:22+04:00	ck9s-nat-mirror-1	2	1036424	1036282	1	12783616	5943296	python3*1 
2026-09-28T08:19:22+04:00	ck9s-nat-mirror-1	2	1036425	1036282	45	17081339904	16462241792	python3*36 pt_gloo_runloop*2 ZMQbg/Reaper*2 ZMQbg/IO/0*2 pt_tcpstore_uv*1 cuda0000240000a*1 
2026-09-28T08:19:22+04:00	ck9s-nat-mirror-1	2	1036426	1036282	42	886521856	608366592	python3*34 ZMQbg/Reaper*4 ZMQbg/IO/0*4 
2026-09-28T08:19:45+04:00	cn-s1	0	1048363	363	3	27021312	6049792	uv*1 tokio-rt-worker*1 main2*1 
2026-09-28T08:19:45+04:00	cn-s1	0	1048383	1048363	22	704782336	422760448	ft*18 ZMQbg/Reaper*2 ZMQbg/IO/0*2 
2026-09-28T08:19:45+04:00	cn-s1	0	1048499	1048383	1	12791808	5939200	python3*1 
2026-09-28T08:19:45+04:00	cn-s1	0	1048500	1048383	40	12915728384	11942277120	python3*35 pt_gloo_runloop*2 pt_tcpstore_uv*1 cuda0000240000a*1 cuda-EvtHandlr*1 
2026-09-28T08:19:45+04:00	cn-s1	0	1048501	1048383	23	880803840	606605312	python3*17 ZMQbg/Reaper*3 ZMQbg/IO/0*3 
2026-09-28T08:19:55+04:00	cn-s1	0	1048363	363	2	27152384	6049792	uv*1 main2*1 
2026-09-28T08:19:55+04:00	cn-s1	0	1048383	1048363	22	704790528	422768640	ft*18 ZMQbg/Reaper*2 ZMQbg/IO/0*2 
2026-09-28T08:19:55+04:00	cn-s1	0	1048499	1048383	1	12791808	5939200	python3*1 
2026-09-28T08:19:55+04:00	cn-s1	0	1048500	1048383	40	17566380032	15435939840	python3*35 pt_gloo_runloop*2 pt_tcpstore_uv*1 cuda0000240000a*1 cuda-EvtHandlr*1 
2026-09-28T08:19:55+04:00	cn-s1	0	1048501	1048383	23	880803840	606605312	python3*17 ZMQbg/Reaper*3 ZMQbg/IO/0*3 
2026-09-28T08:20:05+04:00	cn-s1	0	1048363	363	2	27152384	6049792	uv*1 main2*1 
2026-09-28T08:20:06+04:00	cn-s1	0	1048383	1048363	22	704790528	422768640	ft*18 ZMQbg/Reaper*2 ZMQbg/IO/0*2 
2026-09-28T08:20:06+04:00	cn-s1	0	1048499	1048383	1	12791808	5939200	python3*1 
2026-09-28T08:20:06+04:00	cn-s1	0	1048500	1048383	41	16344829952	15750750208	python3*36 pt_gloo_runloop*2 pt_tcpstore_uv*1 cuda0000240000a*1 cuda-EvtHandlr*1 
2026-09-28T08:20:06+04:00	cn-s1	0	1048501	1048383	23	880803840	606605312	python3*17 ZMQbg/Reaper*3 ZMQbg/IO/0*3 
2026-09-28T08:20:18+04:00	cn-s1	0	1048363	363	2	27152384	6049792	uv*1 main2*1 
2026-09-28T08:20:18+04:00	cn-s1	0	1048383	1048363	22	704790528	422768640	ft*18 ZMQbg/Reaper*2 ZMQbg/IO/0*2 
2026-09-28T08:20:19+04:00	cn-s1	0	1048499	1048383	1	12791808	5939200	python3*1 
2026-09-28T08:20:19+04:00	cn-s1	0	1048500	1048383	41	16345051136	15750971392	python3*36 pt_gloo_runloop*2 pt_tcpstore_uv*1 cuda0000240000a*1 cuda-EvtHandlr*1 
2026-09-28T08:20:19+04:00	cn-s1	0	1048501	1048383	23	880803840	606605312	python3*17 ZMQbg/Reaper*3 ZMQbg/IO/0*3 
2026-09-28T08:20:29+04:00	cn-s1	0	1048363	363	2	27152384	6049792	uv*1 main2*1 
2026-09-28T08:20:29+04:00	cn-s1	0	1048383	1048363	22	704798720	422776832	ft*18 ZMQbg/Reaper*2 ZMQbg/IO/0*2 
2026-09-28T08:20:29+04:00	cn-s1	0	1048499	1048383	1	12791808	5939200	python3*1 
2026-09-28T08:20:29+04:00	cn-s1	0	1048500	1048383	41	16602849280	15997980672	python3*36 pt_gloo_runloop*2 pt_tcpstore_uv*1 cuda0000240000a*1 cuda-EvtHandlr*1 
2026-09-28T08:20:29+04:00	cn-s1	0	1048501	1048383	23	880803840	606605312	python3*17 ZMQbg/Reaper*3 ZMQbg/IO/0*3 
2026-09-28T08:20:39+04:00	cn-s1	0	1048363	363	2	27152384	6049792	uv*1 main2*1 
2026-09-28T08:20:39+04:00	cn-s1	0	1048383	1048363	22	704798720	422776832	ft*18 ZMQbg/Reaper*2 ZMQbg/IO/0*2 
2026-09-28T08:20:39+04:00	cn-s1	0	1048499	1048383	1	12791808	5939200	python3*1 
2026-09-28T08:20:39+04:00	cn-s1	0	1048500	1048383	41	16861556736	16250503168	python3*36 pt_gloo_runloop*2 pt_tcpstore_uv*1 cuda0000240000a*1 cuda-EvtHandlr*1 
2026-09-28T08:20:39+04:00	cn-s1	0	1048501	1048383	23	880803840	606605312	python3*17 ZMQbg/Reaper*3 ZMQbg/IO/0*3 
2026-09-28T08:20:52+04:00	cn-s1	0	1048363	363	2	27152384	6049792	uv*1 main2*1 
2026-09-28T08:20:52+04:00	cn-s1	0	1048383	1048363	39	994435072	706637824	ft*35 ZMQbg/Reaper*2 ZMQbg/IO/0*2 
2026-09-28T08:20:52+04:00	cn-s1	0	1048499	1048383	1	12791808	5939200	python3*1 
2026-09-28T08:20:52+04:00	cn-s1	0	1048500	1048383	45	17069146112	16450981888	python3*36 pt_gloo_runloop*2 ZMQbg/Reaper*2 ZMQbg/IO/0*2 pt_tcpstore_uv*1 cuda0000240000a*1 
2026-09-28T08:20:52+04:00	cn-s1	0	1048501	1048383	39	884469760	607236096	python3*33 ZMQbg/Reaper*3 ZMQbg/IO/0*3 
2026-09-28T08:21:02+04:00	cn-s1	0	1048363	363	2	27152384	6049792	uv*1 main2*1 
2026-09-28T08:21:02+04:00	cn-s1	0	1048383	1048363	39	994435072	706637824	ft*35 ZMQbg/Reaper*2 ZMQbg/IO/0*2 
2026-09-28T08:21:02+04:00	cn-s1	0	1048499	1048383	1	12791808	5939200	python3*1 
2026-09-28T08:21:02+04:00	cn-s1	0	1048500	1048383	45	17069146112	16450981888	python3*36 pt_gloo_runloop*2 ZMQbg/Reaper*2 ZMQbg/IO/0*2 pt_tcpstore_uv*1 cuda0000240000a*1 
2026-09-28T08:21:02+04:00	cn-s1	0	1048501	1048383	39	884469760	607236096	python3*33 ZMQbg/Reaper*3 ZMQbg/IO/0*3 
2026-09-28T08:21:12+04:00	cn-s1	1	1048363	363	2	27152384	6049792	uv*1 main2*1 
2026-09-28T08:21:12+04:00	cn-s1	1	1048383	1048363	57	1062674432	774877184	ft*51 ZMQbg/Reaper*3 ZMQbg/IO/0*3 
2026-09-28T08:21:12+04:00	cn-s1	1	1048499	1048383	1	12791808	5939200	python3*1 
2026-09-28T08:21:12+04:00	cn-s1	1	1048500	1048383	45	17070436352	16452272128	python3*36 pt_gloo_runloop*2 ZMQbg/Reaper*2 ZMQbg/IO/0*2 pt_tcpstore_uv*1 cuda0000240000a*1 
2026-09-28T08:21:13+04:00	cn-s1	1	1048501	1048383	57	947179520	669945856	python3*49 ZMQbg/Reaper*4 ZMQbg/IO/0*4 
2026-09-28T08:21:23+04:00	cn-s1	1	1048363	363	2	27152384	6049792	uv*1 main2*1 
2026-09-28T08:21:23+04:00	cn-s1	1	1048383	1048363	57	1062674432	774877184	ft*51 ZMQbg/Reaper*3 ZMQbg/IO/0*3 
2026-09-28T08:21:23+04:00	cn-s1	1	1048499	1048383	1	12791808	5939200	python3*1 
2026-09-28T08:21:23+04:00	cn-s1	1	1048500	1048383	45	17070436352	16452272128	python3*36 pt_gloo_runloop*2 ZMQbg/Reaper*2 ZMQbg/IO/0*2 pt_tcpstore_uv*1 cuda0000240000a*1 
2026-09-28T08:21:23+04:00	cn-s1	1	1048501	1048383	57	947179520	669945856	python3*49 ZMQbg/Reaper*4 ZMQbg/IO/0*4 
2026-09-28T08:21:36+04:00	cn-s1	1	1048363	363	2	27152384	6049792	uv*1 main2*1 
2026-09-28T08:21:36+04:00	cn-s1	1	1048383	1048363	57	1062674432	774877184	ft*51 ZMQbg/Reaper*3 ZMQbg/IO/0*3 
2026-09-28T08:21:36+04:00	cn-s1	1	1048499	1048383	1	12791808	5939200	python3*1 
2026-09-28T08:21:36+04:00	cn-s1	1	1048500	1048383	45	17070436352	16452272128	python3*36 pt_gloo_runloop*2 ZMQbg/Reaper*2 ZMQbg/IO/0*2 pt_tcpstore_uv*1 cuda0000240000a*1 
2026-09-28T08:21:36+04:00	cn-s1	1	1048501	1048383	57	947179520	669945856	python3*49 ZMQbg/Reaper*4 ZMQbg/IO/0*4 
2026-09-28T08:21:46+04:00	cn-s1	1	1048363	363	2	27152384	6049792	uv*1 main2*1 
2026-09-28T08:21:46+04:00	cn-s1	1	1048383	1048363	57	1062674432	774877184	ft*51 ZMQbg/Reaper*3 ZMQbg/IO/0*3 
2026-09-28T08:21:46+04:00	cn-s1	1	1048499	1048383	1	12791808	5939200	python3*1 
2026-09-28T08:21:46+04:00	cn-s1	1	1048500	1048383	45	17070436352	16452272128	python3*36 pt_gloo_runloop*2 ZMQbg/Reaper*2 ZMQbg/IO/0*2 pt_tcpstore_uv*1 cuda0000240000a*1 
2026-09-28T08:21:46+04:00	cn-s1	1	1048501	1048383	57	947179520	669945856	python3*49 ZMQbg/Reaper*4 ZMQbg/IO/0*4 
2026-09-28T08:21:56+04:00	cn-s1	1	1048363	363	2	27152384	6049792	uv*1 main2*1 
2026-09-28T08:21:56+04:00	cn-s1	1	1048383	1048363	57	1062674432	774877184	ft*51 ZMQbg/Reaper*3 ZMQbg/IO/0*3 
2026-09-28T08:21:56+04:00	cn-s1	1	1048499	1048383	1	12791808	5939200	python3*1 
2026-09-28T08:21:56+04:00	cn-s1	1	1048500	1048383	45	17070436352	16452272128	python3*36 pt_gloo_runloop*2 ZMQbg/Reaper*2 ZMQbg/IO/0*2 pt_tcpstore_uv*1 cuda0000240000a*1 
2026-09-28T08:21:56+04:00	cn-s1	1	1048501	1048383	57	947179520	669945856	python3*49 ZMQbg/Reaper*4 ZMQbg/IO/0*4 
2026-09-28T08:22:09+04:00	cn-s1	1	1048363	363	2	27152384	6049792	uv*1 main2*1 
2026-09-28T08:22:09+04:00	cn-s1	1	1048383	1048363	57	1062674432	774877184	ft*51 ZMQbg/Reaper*3 ZMQbg/IO/0*3 
2026-09-28T08:22:09+04:00	cn-s1	1	1048499	1048383	1	12791808	5939200	python3*1 
2026-09-28T08:22:09+04:00	cn-s1	1	1048500	1048383	45	17070436352	16452272128	python3*36 pt_gloo_runloop*2 ZMQbg/Reaper*2 ZMQbg/IO/0*2 pt_tcpstore_uv*1 cuda0000240000a*1 
2026-09-28T08:22:09+04:00	cn-s1	1	1048501	1048383	57	947179520	669945856	python3*49 ZMQbg/Reaper*4 ZMQbg/IO/0*4 
2026-09-28T08:22:19+04:00	cn-s1	1	1048363	363	2	27152384	6049792	uv*1 main2*1 
2026-09-28T08:22:19+04:00	cn-s1	1	1048383	1048363	57	1062674432	774877184	ft*51 ZMQbg/Reaper*3 ZMQbg/IO/0*3 
2026-09-28T08:22:19+04:00	cn-s1	1	1048499	1048383	1	12791808	5939200	python3*1 
2026-09-28T08:22:19+04:00	cn-s1	1	1048500	1048383	45	17070436352	16452272128	python3*36 pt_gloo_runloop*2 ZMQbg/Reaper*2 ZMQbg/IO/0*2 pt_tcpstore_uv*1 cuda0000240000a*1 
2026-09-28T08:22:19+04:00	cn-s1	1	1048501	1048383	57	947179520	669945856	python3*49 ZMQbg/Reaper*4 ZMQbg/IO/0*4 
2026-09-28T08:22:29+04:00	cn-s1	1	1048363	363	2	27152384	6049792	uv*1 main2*1 
2026-09-28T08:22:29+04:00	cn-s1	1	1048383	1048363	57	1062674432	774877184	ft*51 ZMQbg/Reaper*3 ZMQbg/IO/0*3 
2026-09-28T08:22:29+04:00	cn-s1	1	1048499	1048383	1	12791808	5939200	python3*1 
2026-09-28T08:22:29+04:00	cn-s1	1	1048500	1048383	45	17082228736	16463355904	python3*36 pt_gloo_runloop*2 ZMQbg/Reaper*2 ZMQbg/IO/0*2 pt_tcpstore_uv*1 cuda0000240000a*1 
2026-09-28T08:22:29+04:00	cn-s1	1	1048501	1048383	57	947179520	669945856	python3*49 ZMQbg/Reaper*4 ZMQbg/IO/0*4 
2026-09-28T08:22:42+04:00	cn-s1	3	1048363	363	2	27152384	6049792	uv*1 main2*1 
2026-09-28T08:22:42+04:00	cn-s1	3	1048383	1048363	57	1062739968	774942720	ft*51 ZMQbg/Reaper*3 ZMQbg/IO/0*3 
2026-09-28T08:22:42+04:00	cn-s1	3	1048499	1048383	1	12791808	5939200	python3*1 
2026-09-28T08:22:42+04:00	cn-s1	3	1048500	1048383	45	17130299392	16510324736	python3*36 pt_gloo_runloop*2 ZMQbg/Reaper*2 ZMQbg/IO/0*2 pt_tcpstore_uv*1 cuda0000240000a*1 
2026-09-28T08:22:43+04:00	cn-s1	3	1048501	1048383	57	972779520	695545856	python3*49 ZMQbg/Reaper*4 ZMQbg/IO/0*4 
2026-09-28T08:22:53+04:00	cn-s1	3	1048363	363	2	27152384	6049792	uv*1 main2*1 
2026-09-28T08:22:53+04:00	cn-s1	3	1048383	1048363	57	1062739968	774942720	ft*51 ZMQbg/Reaper*3 ZMQbg/IO/0*3 
2026-09-28T08:22:53+04:00	cn-s1	3	1048499	1048383	1	12791808	5939200	python3*1 
2026-09-28T08:22:53+04:00	cn-s1	3	1048500	1048383	45	17130299392	16510324736	python3*36 pt_gloo_runloop*2 ZMQbg/Reaper*2 ZMQbg/IO/0*2 pt_tcpstore_uv*1 cuda0000240000a*1 
2026-09-28T08:22:53+04:00	cn-s1	3	1048501	1048383	57	972779520	695545856	python3*49 ZMQbg/Reaper*4 ZMQbg/IO/0*4 
2026-09-28T08:23:03+04:00	cn-s1	3	1048363	363	2	27152384	6049792	uv*1 main2*1 
2026-09-28T08:23:03+04:00	cn-s1	3	1048383	1048363	57	1062739968	774942720	ft*51 ZMQbg/Reaper*3 ZMQbg/IO/0*3 
2026-09-28T08:23:03+04:00	cn-s1	3	1048499	1048383	1	12791808	5939200	python3*1 
2026-09-28T08:23:03+04:00	cn-s1	3	1048500	1048383	45	17130299392	16510324736	python3*36 pt_gloo_runloop*2 ZMQbg/Reaper*2 ZMQbg/IO/0*2 pt_tcpstore_uv*1 cuda0000240000a*1 
2026-09-28T08:23:03+04:00	cn-s1	3	1048501	1048383	57	972779520	695545856	python3*49 ZMQbg/Reaper*4 ZMQbg/IO/0*4 
2026-09-28T08:23:16+04:00	cn-s1	3	1048363	363	2	27152384	6049792	uv*1 main2*1 
2026-09-28T08:23:16+04:00	cn-s1	3	1048383	1048363	57	1062739968	774942720	ft*51 ZMQbg/Reaper*3 ZMQbg/IO/0*3 
2026-09-28T08:23:16+04:00	cn-s1	3	1048499	1048383	1	12791808	5939200	python3*1 
2026-09-28T08:23:16+04:00	cn-s1	3	1048500	1048383	45	17130299392	16510324736	python3*36 pt_gloo_runloop*2 ZMQbg/Reaper*2 ZMQbg/IO/0*2 pt_tcpstore_uv*1 cuda0000240000a*1 
2026-09-28T08:23:16+04:00	cn-s1	3	1048501	1048383	57	972779520	695545856	python3*49 ZMQbg/Reaper*4 ZMQbg/IO/0*4 
2026-09-28T08:23:26+04:00	cn-s1	3	1048363	363	2	27152384	6049792	uv*1 main2*1 
2026-09-28T08:23:26+04:00	cn-s1	3	1048383	1048363	57	1062739968	774942720	ft*51 ZMQbg/Reaper*3 ZMQbg/IO/0*3 
2026-09-28T08:23:26+04:00	cn-s1	3	1048499	1048383	1	12791808	5939200	python3*1 
2026-09-28T08:23:26+04:00	cn-s1	3	1048500	1048383	45	17130299392	16510324736	python3*36 pt_gloo_runloop*2 ZMQbg/Reaper*2 ZMQbg/IO/0*2 pt_tcpstore_uv*1 cuda0000240000a*1 
2026-09-28T08:23:26+04:00	cn-s1	3	1048501	1048383	57	972779520	695545856	python3*49 ZMQbg/Reaper*4 ZMQbg/IO/0*4 
2026-09-28T08:23:36+04:00	cn-s1	3	1048363	363	2	27152384	6049792	uv*1 main2*1 
2026-09-28T08:23:36+04:00	cn-s1	3	1048383	1048363	57	1062739968	774942720	ft*51 ZMQbg/Reaper*3 ZMQbg/IO/0*3 
2026-09-28T08:23:36+04:00	cn-s1	3	1048499	1048383	1	12791808	5939200	python3*1 
2026-09-28T08:23:36+04:00	cn-s1	3	1048500	1048383	45	17130299392	16510324736	python3*36 pt_gloo_runloop*2 ZMQbg/Reaper*2 ZMQbg/IO/0*2 pt_tcpstore_uv*1 cuda0000240000a*1 
2026-09-28T08:23:36+04:00	cn-s1	3	1048501	1048383	57	972779520	695545856	python3*49 ZMQbg/Reaper*4 ZMQbg/IO/0*4 
2026-09-28T08:23:49+04:00	cn-s1	3	1048363	363	2	27152384	6049792	uv*1 main2*1 
2026-09-28T08:23:49+04:00	cn-s1	3	1048383	1048363	57	1062739968	774942720	ft*51 ZMQbg/Reaper*3 ZMQbg/IO/0*3 
2026-09-28T08:23:49+04:00	cn-s1	3	1048499	1048383	1	12791808	5939200	python3*1 
2026-09-28T08:23:49+04:00	cn-s1	3	1048500	1048383	45	17130299392	16510324736	python3*36 pt_gloo_runloop*2 ZMQbg/Reaper*2 ZMQbg/IO/0*2 pt_tcpstore_uv*1 cuda0000240000a*1 
2026-09-28T08:23:49+04:00	cn-s1	3	1048501	1048383	57	972779520	695545856	python3*49 ZMQbg/Reaper*4 ZMQbg/IO/0*4 
2026-09-28T08:23:59+04:00	cn-s1	4	1048363	363	2	27152384	6049792	uv*1 main2*1 
2026-09-28T08:23:59+04:00	cn-s1	4	1048383	1048363	57	1062744064	774946816	ft*51 ZMQbg/Reaper*3 ZMQbg/IO/0*3 
2026-09-28T08:23:59+04:00	cn-s1	4	1048499	1048383	1	12791808	5939200	python3*1 
2026-09-28T08:23:59+04:00	cn-s1	4	1048500	1048383	45	17139515392	16519540736	python3*36 pt_gloo_runloop*2 ZMQbg/Reaper*2 ZMQbg/IO/0*2 pt_tcpstore_uv*1 cuda0000240000a*1 
2026-09-28T08:24:00+04:00	cn-s1	4	1048501	1048383	57	972779520	695545856	python3*49 ZMQbg/Reaper*4 ZMQbg/IO/0*4 
2026-09-28T08:24:42+04:00	ck9e-nat-mirror-2	0	1066238	363	3	27275264	6066176	uv*1 tokio-rt-worker*1 main2*1 
2026-09-28T08:24:42+04:00	ck9e-nat-mirror-2	0	1066261	1066238	22	704475136	422551552	ft*18 ZMQbg/Reaper*2 ZMQbg/IO/0*2 
2026-09-28T08:24:42+04:00	ck9e-nat-mirror-2	0	1066471	1066261	1	12795904	5935104	python3*1 
2026-09-28T08:24:42+04:00	ck9e-nat-mirror-2	0	1066472	1066261	16	489254912	269873152	python3*16 
2026-09-28T08:24:42+04:00	ck9e-nat-mirror-2	0	1066473	1066261	16	490262528	271429632	python3*16 
2026-09-28T08:24:52+04:00	ck9e-nat-mirror-2	0	1066238	363	2	27406336	6066176	uv*1 main2*1 
2026-09-28T08:24:52+04:00	ck9e-nat-mirror-2	0	1066261	1066238	22	704786432	422731776	ft*18 ZMQbg/Reaper*2 ZMQbg/IO/0*2 
2026-09-28T08:24:52+04:00	ck9e-nat-mirror-2	0	1066471	1066261	1	12795904	5935104	python3*1 
2026-09-28T08:24:52+04:00	ck9e-nat-mirror-2	0	1066472	1066261	40	17481584640	15349731328	python3*35 pt_gloo_runloop*2 pt_tcpstore_uv*1 cuda0000240000a*1 cuda-EvtHandlr*1 
2026-09-28T08:24:52+04:00	ck9e-nat-mirror-2	0	1066473	1066261	23	884486144	607367168	python3*17 ZMQbg/Reaper*3 ZMQbg/IO/0*3 
2026-09-28T08:25:05+04:00	ck9e-nat-mirror-2	0	1066238	363	2	27406336	6066176	uv*1 main2*1 
2026-09-28T08:25:05+04:00	ck9e-nat-mirror-2	0	1066261	1066238	22	704794624	422739968	ft*18 ZMQbg/Reaper*2 ZMQbg/IO/0*2 
2026-09-28T08:25:05+04:00	ck9e-nat-mirror-2	0	1066471	1066261	1	12795904	5935104	python3*1 
2026-09-28T08:25:05+04:00	ck9e-nat-mirror-2	0	1066472	1066261	41	17571897344	15436271616	python3*36 pt_gloo_runloop*2 pt_tcpstore_uv*1 cuda0000240000a*1 cuda-EvtHandlr*1 
2026-09-28T08:25:05+04:00	ck9e-nat-mirror-2	0	1066473	1066261	23	884486144	607367168	python3*17 ZMQbg/Reaper*3 ZMQbg/IO/0*3 
2026-09-28T08:25:16+04:00	ck9e-nat-mirror-2	0	1066238	363	2	27381760	6066176	uv*1 main2*1 
2026-09-28T08:25:16+04:00	ck9e-nat-mirror-2	0	1066261	1066238	22	704475136	422739968	ft*18 ZMQbg/Reaper*2 ZMQbg/IO/0*2 
2026-09-28T08:25:16+04:00	ck9e-nat-mirror-2	0	1066471	1066261	1	12795904	5935104	python3*1 
2026-09-28T08:25:16+04:00	ck9e-nat-mirror-2	0	1066472	1066261	41	16347836416	15751282688	python3*36 pt_gloo_runloop*2 pt_tcpstore_uv*1 cuda0000240000a*1 cuda-EvtHandlr*1 
2026-09-28T08:25:16+04:00	ck9e-nat-mirror-2	0	1066473	1066261	23	884178944	607367168	python3*17 ZMQbg/Reaper*3 ZMQbg/IO/0*3 
2026-09-28T08:25:26+04:00	ck9e-nat-mirror-2	0	1066238	363	2	27381760	6066176	uv*1 main2*1 
2026-09-28T08:25:26+04:00	ck9e-nat-mirror-2	0	1066261	1066238	22	704479232	422744064	ft*18 ZMQbg/Reaper*2 ZMQbg/IO/0*2 
2026-09-28T08:25:26+04:00	ck9e-nat-mirror-2	0	1066471	1066261	1	12795904	5935104	python3*1 
2026-09-28T08:25:26+04:00	ck9e-nat-mirror-2	0	1066472	1066261	41	16478924800	15901376512	python3*36 pt_gloo_runloop*2 pt_tcpstore_uv*1 cuda0000240000a*1 cuda-EvtHandlr*1 
2026-09-28T08:25:26+04:00	ck9e-nat-mirror-2	0	1066473	1066261	23	884178944	607367168	python3*17 ZMQbg/Reaper*3 ZMQbg/IO/0*3 
2026-09-28T08:25:38+04:00	ck9e-nat-mirror-2	0	1066238	363	2	27381760	6066176	uv*1 main2*1 
2026-09-28T08:25:38+04:00	ck9e-nat-mirror-2	0	1066261	1066238	22	704479232	422744064	ft*18 ZMQbg/Reaper*2 ZMQbg/IO/0*2 
2026-09-28T08:25:38+04:00	ck9e-nat-mirror-2	0	1066471	1066261	1	12795904	5935104	python3*1 
2026-09-28T08:25:38+04:00	ck9e-nat-mirror-2	0	1066472	1066261	41	16619008000	16010862592	python3*36 pt_gloo_runloop*2 pt_tcpstore_uv*1 cuda0000240000a*1 cuda-EvtHandlr*1 
2026-09-28T08:25:39+04:00	ck9e-nat-mirror-2	0	1066473	1066261	23	884178944	607367168	python3*17 ZMQbg/Reaper*3 ZMQbg/IO/0*3 
2026-09-28T08:25:49+04:00	ck9e-nat-mirror-2	0	1066238	363	2	27381760	6066176	uv*1 main2*1 
2026-09-28T08:25:49+04:00	ck9e-nat-mirror-2	0	1066261	1066238	22	704540672	422760448	ft*18 ZMQbg/Reaper*2 ZMQbg/IO/0*2 
2026-09-28T08:25:49+04:00	ck9e-nat-mirror-2	0	1066471	1066261	1	12795904	5935104	python3*1 
2026-09-28T08:25:49+04:00	ck9e-nat-mirror-2	0	1066472	1066261	45	16825233408	16213381120	python3*36 pt_gloo_runloop*2 ZMQbg/Reaper*2 ZMQbg/IO/0*2 pt_tcpstore_uv*1 cuda0000240000a*1 
2026-09-28T08:25:49+04:00	ck9e-nat-mirror-2	0	1066473	1066261	23	884269056	607412224	python3*17 ZMQbg/Reaper*3 ZMQbg/IO/0*3 
2026-09-28T08:25:59+04:00	ck9e-nat-mirror-2	0	1066238	363	2	27381760	6066176	uv*1 main2*1 
2026-09-28T08:25:59+04:00	ck9e-nat-mirror-2	0	1066261	1066238	39	907968512	620625920	ft*35 ZMQbg/Reaper*2 ZMQbg/IO/0*2 
2026-09-28T08:25:59+04:00	ck9e-nat-mirror-2	0	1066471	1066261	1	12795904	5935104	python3*1 
2026-09-28T08:25:59+04:00	ck9e-nat-mirror-2	0	1066472	1066261	45	16828796928	16213504000	python3*36 pt_gloo_runloop*2 ZMQbg/Reaper*2 ZMQbg/IO/0*2 pt_tcpstore_uv*1 cuda0000240000a*1 
2026-09-28T08:25:59+04:00	ck9e-nat-mirror-2	0	1066473	1066261	39	887861248	608202752	python3*33 ZMQbg/Reaper*3 ZMQbg/IO/0*3 
2026-09-28T08:26:12+04:00	ck9e-nat-mirror-2	0	1066238	363	2	27381760	6066176	uv*1 main2*1 
2026-09-28T08:26:12+04:00	ck9e-nat-mirror-2	0	1066261	1066238	39	907968512	620625920	ft*35 ZMQbg/Reaper*2 ZMQbg/IO/0*2 
2026-09-28T08:26:12+04:00	ck9e-nat-mirror-2	0	1066471	1066261	1	12795904	5935104	python3*1 
2026-09-28T08:26:12+04:00	ck9e-nat-mirror-2	0	1066472	1066261	45	16828796928	16213504000	python3*36 pt_gloo_runloop*2 ZMQbg/Reaper*2 ZMQbg/IO/0*2 pt_tcpstore_uv*1 cuda0000240000a*1 
2026-09-28T08:26:12+04:00	ck9e-nat-mirror-2	0	1066473	1066261	39	887861248	608202752	python3*33 ZMQbg/Reaper*3 ZMQbg/IO/0*3 
2026-09-28T08:26:22+04:00	ck9e-nat-mirror-2	0	1066238	363	2	27381760	6066176	uv*1 main2*1 
2026-09-28T08:26:22+04:00	ck9e-nat-mirror-2	0	1066261	1066238	39	994041856	706699264	ft*35 ZMQbg/Reaper*2 ZMQbg/IO/0*2 
2026-09-28T08:26:22+04:00	ck9e-nat-mirror-2	0	1066471	1066261	1	12795904	5935104	python3*1 
2026-09-28T08:26:22+04:00	ck9e-nat-mirror-2	0	1066472	1066261	45	16836272128	16220426240	python3*36 pt_gloo_runloop*2 ZMQbg/Reaper*2 ZMQbg/IO/0*2 pt_tcpstore_uv*1 cuda0000240000a*1 
2026-09-28T08:26:22+04:00	ck9e-nat-mirror-2	0	1066473	1066261	39	887894016	608235520	python3*33 ZMQbg/Reaper*3 ZMQbg/IO/0*3 
2026-09-28T08:26:33+04:00	ck9e-nat-mirror-2	0	1066238	363	2	27381760	6066176	uv*1 main2*1 
2026-09-28T08:26:33+04:00	ck9e-nat-mirror-2	0	1066261	1066238	39	994525184	707182592	ft*35 ZMQbg/Reaper*2 ZMQbg/IO/0*2 
2026-09-28T08:26:33+04:00	ck9e-nat-mirror-2	0	1066471	1066261	1	12795904	5935104	python3*1 
2026-09-28T08:26:33+04:00	ck9e-nat-mirror-2	0	1066472	1066261	45	16836272128	16220426240	python3*36 pt_gloo_runloop*2 ZMQbg/Reaper*2 ZMQbg/IO/0*2 pt_tcpstore_uv*1 cuda0000240000a*1 
2026-09-28T08:26:33+04:00	ck9e-nat-mirror-2	0	1066473	1066261	39	887894016	608235520	python3*33 ZMQbg/Reaper*3 ZMQbg/IO/0*3 
2026-09-28T08:26:45+04:00	ck9e-nat-mirror-2	0	1066238	363	2	27381760	6066176	uv*1 main2*1 
2026-09-28T08:26:45+04:00	ck9e-nat-mirror-2	0	1066261	1066238	39	994734080	707391488	ft*35 ZMQbg/Reaper*2 ZMQbg/IO/0*2 
2026-09-28T08:26:46+04:00	ck9e-nat-mirror-2	0	1066471	1066261	1	12795904	5935104	python3*1 
2026-09-28T08:26:46+04:00	ck9e-nat-mirror-2	0	1066472	1066261	45	16836276224	16220430336	python3*36 pt_gloo_runloop*2 ZMQbg/Reaper*2 ZMQbg/IO/0*2 pt_tcpstore_uv*1 cuda0000240000a*1 
2026-09-28T08:26:46+04:00	ck9e-nat-mirror-2	0	1066473	1066261	39	887894016	608235520	python3*33 ZMQbg/Reaper*3 ZMQbg/IO/0*3 
2026-09-28T08:26:56+04:00	ck9e-nat-mirror-2	0	1066238	363	2	27381760	6066176	uv*1 main2*1 
2026-09-28T08:26:56+04:00	ck9e-nat-mirror-2	0	1066261	1066238	39	994746368	707403776	ft*35 ZMQbg/Reaper*2 ZMQbg/IO/0*2 
2026-09-28T08:26:56+04:00	ck9e-nat-mirror-2	0	1066471	1066261	1	12795904	5935104	python3*1 
2026-09-28T08:26:56+04:00	ck9e-nat-mirror-2	0	1066472	1066261	45	16836276224	16220430336	python3*36 pt_gloo_runloop*2 ZMQbg/Reaper*2 ZMQbg/IO/0*2 pt_tcpstore_uv*1 cuda0000240000a*1 
2026-09-28T08:26:56+04:00	ck9e-nat-mirror-2	0	1066473	1066261	39	887894016	608235520	python3*33 ZMQbg/Reaper*3 ZMQbg/IO/0*3 
2026-09-28T08:27:06+04:00	ck9e-nat-mirror-2	0	1066238	363	2	27381760	6066176	uv*1 main2*1 
2026-09-28T08:27:06+04:00	ck9e-nat-mirror-2	0	1066261	1066238	39	994852864	707510272	ft*35 ZMQbg/Reaper*2 ZMQbg/IO/0*2 
2026-09-28T08:27:06+04:00	ck9e-nat-mirror-2	0	1066471	1066261	1	12795904	5935104	python3*1 
2026-09-28T08:27:06+04:00	ck9e-nat-mirror-2	0	1066472	1066261	45	16836538368	16220692480	python3*36 pt_gloo_runloop*2 ZMQbg/Reaper*2 ZMQbg/IO/0*2 pt_tcpstore_uv*1 cuda0000240000a*1 
2026-09-28T08:27:06+04:00	ck9e-nat-mirror-2	0	1066473	1066261	39	887894016	608235520	python3*33 ZMQbg/Reaper*3 ZMQbg/IO/0*3 
2026-09-28T08:27:19+04:00	ck9e-nat-mirror-2	0	1066238	363	2	27381760	6066176	uv*1 main2*1 
2026-09-28T08:27:19+04:00	ck9e-nat-mirror-2	0	1066261	1066238	39	994856960	707514368	ft*35 ZMQbg/Reaper*2 ZMQbg/IO/0*2 
2026-09-28T08:27:19+04:00	ck9e-nat-mirror-2	0	1066471	1066261	1	12795904	5935104	python3*1 
2026-09-28T08:27:19+04:00	ck9e-nat-mirror-2	0	1066472	1066261	45	16836538368	16220692480	python3*36 pt_gloo_runloop*2 ZMQbg/Reaper*2 ZMQbg/IO/0*2 pt_tcpstore_uv*1 cuda0000240000a*1 
2026-09-28T08:27:19+04:00	ck9e-nat-mirror-2	0	1066473	1066261	39	887894016	608235520	python3*33 ZMQbg/Reaper*3 ZMQbg/IO/0*3 
2026-09-28T08:27:29+04:00	ck9e-nat-mirror-2	0	1066238	363	2	27381760	6066176	uv*1 main2*1 
2026-09-28T08:27:29+04:00	ck9e-nat-mirror-2	0	1066261	1066238	39	994955264	707612672	ft*35 ZMQbg/Reaper*2 ZMQbg/IO/0*2 
2026-09-28T08:27:29+04:00	ck9e-nat-mirror-2	0	1066471	1066261	1	12795904	5935104	python3*1 
2026-09-28T08:27:29+04:00	ck9e-nat-mirror-2	0	1066472	1066261	45	16836538368	16220692480	python3*36 pt_gloo_runloop*2 ZMQbg/Reaper*2 ZMQbg/IO/0*2 pt_tcpstore_uv*1 cuda0000240000a*1 
2026-09-28T08:27:29+04:00	ck9e-nat-mirror-2	0	1066473	1066261	39	887894016	608235520	python3*33 ZMQbg/Reaper*3 ZMQbg/IO/0*3 
2026-09-28T08:27:39+04:00	ck9e-nat-mirror-2	0	1066238	363	2	27381760	6066176	uv*1 main2*1 
2026-09-28T08:27:39+04:00	ck9e-nat-mirror-2	0	1066261	1066238	39	994955264	707612672	ft*35 ZMQbg/Reaper*2 ZMQbg/IO/0*2 
2026-09-28T08:27:39+04:00	ck9e-nat-mirror-2	0	1066471	1066261	1	12795904	5935104	python3*1 
2026-09-28T08:27:39+04:00	ck9e-nat-mirror-2	0	1066472	1066261	45	16836538368	16220692480	python3*36 pt_gloo_runloop*2 ZMQbg/Reaper*2 ZMQbg/IO/0*2 pt_tcpstore_uv*1 cuda0000240000a*1 
2026-09-28T08:27:39+04:00	ck9e-nat-mirror-2	0	1066473	1066261	39	887894016	608235520	python3*33 ZMQbg/Reaper*3 ZMQbg/IO/0*3 
2026-09-28T08:27:52+04:00	ck9e-nat-mirror-2	0	1066238	363	2	27365376	6066176	uv*1 main2*1 
2026-09-28T08:27:52+04:00	ck9e-nat-mirror-2	0	1066261	1066238	39	994996224	708182016	ft*35 ZMQbg/Reaper*2 ZMQbg/IO/0*2 
2026-09-28T08:27:52+04:00	ck9e-nat-mirror-2	0	1066471	1066261	1	12795904	5935104	python3*1 
2026-09-28T08:27:52+04:00	ck9e-nat-mirror-2	0	1066472	1066261	45	16836288512	16221003776	python3*36 pt_gloo_runloop*2 ZMQbg/Reaper*2 ZMQbg/IO/0*2 pt_tcpstore_uv*1 cuda0000240000a*1 
2026-09-28T08:27:52+04:00	ck9e-nat-mirror-2	0	1066473	1066261	42	887463936	608329728	python3*34 ZMQbg/Reaper*4 ZMQbg/IO/0*4 
2026-09-28T08:28:02+04:00	ck9e-nat-mirror-2	0	1066238	363	2	27365376	6066176	uv*1 main2*1 
2026-09-28T08:28:02+04:00	ck9e-nat-mirror-2	0	1066261	1066238	39	994996224	708182016	ft*35 ZMQbg/Reaper*2 ZMQbg/IO/0*2 
2026-09-28T08:28:02+04:00	ck9e-nat-mirror-2	0	1066471	1066261	1	12795904	5935104	python3*1 
2026-09-28T08:28:02+04:00	ck9e-nat-mirror-2	0	1066472	1066261	45	16836288512	16221003776	python3*36 pt_gloo_runloop*2 ZMQbg/Reaper*2 ZMQbg/IO/0*2 pt_tcpstore_uv*1 cuda0000240000a*1 
2026-09-28T08:28:02+04:00	ck9e-nat-mirror-2	0	1066473	1066261	42	887463936	608329728	python3*34 ZMQbg/Reaper*4 ZMQbg/IO/0*4 
2026-09-28T08:28:13+04:00	ck9e-nat-mirror-2	0	1066238	363	2	27365376	6066176	uv*1 main2*1 
2026-09-28T08:28:13+04:00	ck9e-nat-mirror-2	0	1066261	1066238	39	994996224	708182016	ft*35 ZMQbg/Reaper*2 ZMQbg/IO/0*2 
2026-09-28T08:28:13+04:00	ck9e-nat-mirror-2	0	1066471	1066261	1	12795904	5935104	python3*1 
2026-09-28T08:28:13+04:00	ck9e-nat-mirror-2	0	1066472	1066261	45	16836288512	16221003776	python3*36 pt_gloo_runloop*2 ZMQbg/Reaper*2 ZMQbg/IO/0*2 pt_tcpstore_uv*1 cuda0000240000a*1 
2026-09-28T08:28:13+04:00	ck9e-nat-mirror-2	0	1066473	1066261	42	887463936	608329728	python3*34 ZMQbg/Reaper*4 ZMQbg/IO/0*4 
2026-09-28T08:28:35+04:00	ck9s-nat-whole-2	0	1082772	363	3	26390528	6070272	uv*1 tokio-rt-worker*1 main2*1 
2026-09-28T08:28:35+04:00	ck9s-nat-whole-2	0	1082790	1082772	22	704729088	422813696	ft*18 ZMQbg/Reaper*2 ZMQbg/IO/0*2 
2026-09-28T08:28:35+04:00	ck9s-nat-whole-2	0	1082905	1082790	1	12832768	5939200	python3*1 
2026-09-28T08:28:36+04:00	ck9s-nat-whole-2	0	1082906	1082790	41	4158836736	984604672	python3*36 pt_gloo_runloop*2 pt_tcpstore_uv*1 cuda0000240000a*1 cuda-EvtHandlr*1 
2026-09-28T08:28:36+04:00	ck9s-nat-whole-2	0	1082907	1082790	23	882769920	606601216	python3*17 ZMQbg/Reaper*3 ZMQbg/IO/0*3 
2026-09-28T08:28:46+04:00	ck9s-nat-whole-2	0	1082772	363	2	26451968	6070272	uv*1 main2*1 
2026-09-28T08:28:46+04:00	ck9s-nat-whole-2	0	1082790	1082772	22	703582208	422817792	ft*18 ZMQbg/Reaper*2 ZMQbg/IO/0*2 
2026-09-28T08:28:46+04:00	ck9s-nat-whole-2	0	1082905	1082790	1	12800000	5939200	python3*1 
2026-09-28T08:28:46+04:00	ck9s-nat-whole-2	0	1082906	1082790	41	12939857920	985034752	python3*36 pt_gloo_runloop*2 pt_tcpstore_uv*1 cuda0000240000a*1 cuda-EvtHandlr*1 
2026-09-28T08:28:46+04:00	ck9s-nat-whole-2	0	1082907	1082790	23	881586176	606601216	python3*17 ZMQbg/Reaper*3 ZMQbg/IO/0*3 
2026-09-28T08:28:56+04:00	ck9s-nat-whole-2	0	1082772	363	2	23584768	6070272	uv*1 main2*1 
2026-09-28T08:28:56+04:00	ck9s-nat-whole-2	0	1082790	1082772	22	679919616	422817792	ft*18 ZMQbg/Reaper*2 ZMQbg/IO/0*2 
2026-09-28T08:28:56+04:00	ck9s-nat-whole-2	0	1082905	1082790	1	12734464	5939200	python3*1 
2026-09-28T08:28:56+04:00	ck9s-nat-whole-2	0	1082906	1082790	41	21747204096	985460736	python3*36 pt_gloo_runloop*2 pt_tcpstore_uv*1 cuda0000240000a*1 cuda-EvtHandlr*1 
2026-09-28T08:28:56+04:00	ck9s-nat-whole-2	0	1082907	1082790	23	857456640	606601216	python3*17 ZMQbg/Reaper*3 ZMQbg/IO/0*3 
2026-09-28T08:29:09+04:00	ck9s-nat-whole-2	0	1082772	363	2	15900672	69632	uv*1 main2*1 
2026-09-28T08:29:09+04:00	ck9s-nat-whole-2	0	1082790	1082772	22	549687296	315109376	ft*18 ZMQbg/Reaper*2 ZMQbg/IO/0*2 
2026-09-28T08:29:09+04:00	ck9s-nat-whole-2	0	1082905	1082790	1	12726272	5939200	python3*1 
2026-09-28T08:29:09+04:00	ck9s-nat-whole-2	0	1082906	1082790	45	22834118656	1990082560	python3*36 pt_gloo_runloop*2 ZMQbg/Reaper*2 ZMQbg/IO/0*2 pt_tcpstore_uv*1 cuda0000240000a*1 
2026-09-28T08:29:09+04:00	ck9s-nat-whole-2	0	1082907	1082790	23	836583424	606646272	python3*17 ZMQbg/Reaper*3 ZMQbg/IO/0*3 
2026-09-28T08:29:19+04:00	ck9s-nat-whole-2	0	1082772	363	2	15900672	69632	uv*1 main2*1 
2026-09-28T08:29:19+04:00	ck9s-nat-whole-2	0	1082790	1082772	39	760356864	517779456	ft*35 ZMQbg/Reaper*2 ZMQbg/IO/0*2 
2026-09-28T08:29:19+04:00	ck9s-nat-whole-2	0	1082905	1082790	1	12726272	5939200	python3*1 
2026-09-28T08:29:19+04:00	ck9s-nat-whole-2	0	1082906	1082790	45	22839005184	1990336512	python3*36 pt_gloo_runloop*2 ZMQbg/Reaper*2 ZMQbg/IO/0*2 pt_tcpstore_uv*1 cuda0000240000a*1 
2026-09-28T08:29:20+04:00	ck9s-nat-whole-2	0	1082907	1082790	39	842866688	607297536	python3*33 ZMQbg/Reaper*3 ZMQbg/IO/0*3 
2026-09-28T08:29:30+04:00	ck9s-nat-whole-2	0	1082772	363	2	15900672	69632	uv*1 main2*1 
2026-09-28T08:29:30+04:00	ck9s-nat-whole-2	0	1082790	1082772	39	760356864	517779456	ft*35 ZMQbg/Reaper*2 ZMQbg/IO/0*2 
2026-09-28T08:29:30+04:00	ck9s-nat-whole-2	0	1082905	1082790	1	12726272	5939200	python3*1 
2026-09-28T08:29:30+04:00	ck9s-nat-whole-2	0	1082906	1082790	45	22839005184	1990336512	python3*36 pt_gloo_runloop*2 ZMQbg/Reaper*2 ZMQbg/IO/0*2 pt_tcpstore_uv*1 cuda0000240000a*1 
2026-09-28T08:29:30+04:00	ck9s-nat-whole-2	0	1082907	1082790	39	842866688	607297536	python3*33 ZMQbg/Reaper*3 ZMQbg/IO/0*3 
2026-09-28T08:29:43+04:00	ck9s-nat-whole-2	2	1082772	363	2	15900672	69632	uv*1 main2*1 
2026-09-28T08:29:43+04:00	ck9s-nat-whole-2	2	1082790	1082772	39	848400384	605794304	ft*35 ZMQbg/Reaper*2 ZMQbg/IO/0*2 
2026-09-28T08:29:43+04:00	ck9s-nat-whole-2	2	1082905	1082790	1	12726272	5939200	python3*1 
2026-09-28T08:29:43+04:00	ck9s-nat-whole-2	2	1082906	1082790	45	22845386752	1996165120	python3*36 pt_gloo_runloop*2 ZMQbg/Reaper*2 ZMQbg/IO/0*2 pt_tcpstore_uv*1 cuda0000240000a*1 
2026-09-28T08:29:43+04:00	ck9s-nat-whole-2	2	1082907	1082790	39	842899456	607330304	python3*33 ZMQbg/Reaper*3 ZMQbg/IO/0*3 
2026-09-28T08:29:53+04:00	ck9s-nat-whole-2	2	1082772	363	2	15900672	69632	uv*1 main2*1 
2026-09-28T08:29:53+04:00	ck9s-nat-whole-2	2	1082790	1082772	39	848838656	606232576	ft*35 ZMQbg/Reaper*2 ZMQbg/IO/0*2 
2026-09-28T08:29:53+04:00	ck9s-nat-whole-2	2	1082905	1082790	1	12726272	5939200	python3*1 
2026-09-28T08:29:53+04:00	ck9s-nat-whole-2	2	1082906	1082790	45	22845386752	1996165120	python3*36 pt_gloo_runloop*2 ZMQbg/Reaper*2 ZMQbg/IO/0*2 pt_tcpstore_uv*1 cuda0000240000a*1 
2026-09-28T08:29:53+04:00	ck9s-nat-whole-2	2	1082907	1082790	39	842899456	607330304	python3*33 ZMQbg/Reaper*3 ZMQbg/IO/0*3 
2026-09-28T08:30:03+04:00	ck9s-nat-whole-2	2	1082772	363	2	15192064	12288	uv*1 main2*1 
2026-09-28T08:30:03+04:00	ck9s-nat-whole-2	2	1082790	1082772	39	746373120	506822656	ft*35 ZMQbg/Reaper*2 ZMQbg/IO/0*2 
2026-09-28T08:30:03+04:00	ck9s-nat-whole-2	2	1082905	1082790	1	12718080	5939200	python3*1 
2026-09-28T08:30:03+04:00	ck9s-nat-whole-2	2	1082906	1082790	45	22838575104	1996165120	python3*36 pt_gloo_runloop*2 ZMQbg/Reaper*2 ZMQbg/IO/0*2 pt_tcpstore_uv*1 cuda0000240000a*1 
2026-09-28T08:30:04+04:00	ck9s-nat-whole-2	2	1082907	1082790	39	840036352	607330304	python3*33 ZMQbg/Reaper*3 ZMQbg/IO/0*3 
2026-09-28T08:30:16+04:00	ck9s-nat-whole-2	2	1082772	363	2	14753792	12288	uv*1 main2*1 
2026-09-28T08:30:16+04:00	ck9s-nat-whole-2	2	1082790	1082772	39	735199232	497299456	ft*35 ZMQbg/Reaper*2 ZMQbg/IO/0*2 
2026-09-28T08:30:16+04:00	ck9s-nat-whole-2	2	1082905	1082790	1	6795264	16384	python3*1 
2026-09-28T08:30:16+04:00	ck9s-nat-whole-2	2	1082906	1082790	45	22793224192	1968545792	python3*36 pt_gloo_runloop*2 ZMQbg/Reaper*2 ZMQbg/IO/0*2 pt_tcpstore_uv*1 cuda0000240000a*1 
2026-09-28T08:30:16+04:00	ck9s-nat-whole-2	2	1082907	1082790	39	805998592	574668800	python3*33 ZMQbg/Reaper*3 ZMQbg/IO/0*3 
2026-09-28T08:30:27+04:00	ck9s-nat-whole-2	2	1082772	363	2	14753792	12288	uv*1 main2*1 
2026-09-28T08:30:27+04:00	ck9s-nat-whole-2	2	1082790	1082772	39	735281152	497369088	ft*35 ZMQbg/Reaper*2 ZMQbg/IO/0*2 
2026-09-28T08:30:27+04:00	ck9s-nat-whole-2	2	1082905	1082790	1	6795264	16384	python3*1 
2026-09-28T08:30:27+04:00	ck9s-nat-whole-2	2	1082906	1082790	45	22793236480	1968545792	python3*36 pt_gloo_runloop*2 ZMQbg/Reaper*2 ZMQbg/IO/0*2 pt_tcpstore_uv*1 cuda0000240000a*1 
2026-09-28T08:30:27+04:00	ck9s-nat-whole-2	2	1082907	1082790	39	806010880	574668800	python3*33 ZMQbg/Reaper*3 ZMQbg/IO/0*3 
2026-09-28T08:30:37+04:00	ck9s-nat-whole-2	2	1082772	363	2	14753792	12288	uv*1 main2*1 
2026-09-28T08:30:37+04:00	ck9s-nat-whole-2	2	1082790	1082772	39	735371264	497459200	ft*35 ZMQbg/Reaper*2 ZMQbg/IO/0*2 
2026-09-28T08:30:37+04:00	ck9s-nat-whole-2	2	1082905	1082790	1	6795264	16384	python3*1 
2026-09-28T08:30:37+04:00	ck9s-nat-whole-2	2	1082906	1082790	45	22793236480	1968545792	python3*36 pt_gloo_runloop*2 ZMQbg/Reaper*2 ZMQbg/IO/0*2 pt_tcpstore_uv*1 cuda0000240000a*1 
2026-09-28T08:30:37+04:00	ck9s-nat-whole-2	2	1082907	1082790	39	806010880	574668800	python3*33 ZMQbg/Reaper*3 ZMQbg/IO/0*3 
2026-09-28T08:30:50+04:00	ck9s-nat-whole-2	2	1082772	363	2	14753792	12288	uv*1 main2*1 
2026-09-28T08:30:50+04:00	ck9s-nat-whole-2	2	1082790	1082772	39	735383552	497471488	ft*35 ZMQbg/Reaper*2 ZMQbg/IO/0*2 
2026-09-28T08:30:50+04:00	ck9s-nat-whole-2	2	1082905	1082790	1	6795264	16384	python3*1 
2026-09-28T08:30:50+04:00	ck9s-nat-whole-2	2	1082906	1082790	45	22793236480	1968545792	python3*36 pt_gloo_runloop*2 ZMQbg/Reaper*2 ZMQbg/IO/0*2 pt_tcpstore_uv*1 cuda0000240000a*1 
2026-09-28T08:30:50+04:00	ck9s-nat-whole-2	2	1082907	1082790	39	806010880	574668800	python3*33 ZMQbg/Reaper*3 ZMQbg/IO/0*3 
2026-09-28T08:31:00+04:00	ck9s-nat-whole-2	2	1082772	363	2	14753792	12288	uv*1 main2*1 
2026-09-28T08:31:00+04:00	ck9s-nat-whole-2	2	1082790	1082772	39	736026624	498114560	ft*35 ZMQbg/Reaper*2 ZMQbg/IO/0*2 
2026-09-28T08:31:00+04:00	ck9s-nat-whole-2	2	1082905	1082790	1	6795264	16384	python3*1 
2026-09-28T08:31:00+04:00	ck9s-nat-whole-2	2	1082906	1082790	45	22793281536	1968590848	python3*36 pt_gloo_runloop*2 ZMQbg/Reaper*2 ZMQbg/IO/0*2 pt_tcpstore_uv*1 cuda0000240000a*1 
2026-09-28T08:31:00+04:00	ck9s-nat-whole-2	2	1082907	1082790	42	806649856	575307776	python3*34 ZMQbg/Reaper*4 ZMQbg/IO/0*4 
2026-09-28T08:31:10+04:00	ck9s-nat-whole-2	2	1082772	363	2	14753792	12288	uv*1 main2*1 
2026-09-28T08:31:10+04:00	ck9s-nat-whole-2	2	1082790	1082772	39	736026624	498114560	ft*35 ZMQbg/Reaper*2 ZMQbg/IO/0*2 
2026-09-28T08:31:10+04:00	ck9s-nat-whole-2	2	1082905	1082790	1	6795264	16384	python3*1 
2026-09-28T08:31:10+04:00	ck9s-nat-whole-2	2	1082906	1082790	45	22793281536	1968590848	python3*36 pt_gloo_runloop*2 ZMQbg/Reaper*2 ZMQbg/IO/0*2 pt_tcpstore_uv*1 cuda0000240000a*1 
2026-09-28T08:31:11+04:00	ck9s-nat-whole-2	2	1082907	1082790	42	806649856	575307776	python3*34 ZMQbg/Reaper*4 ZMQbg/IO/0*4 
2026-09-28T08:31:23+04:00	ck9s-nat-whole-2	2	1082772	363	2	14753792	12288	uv*1 main2*1 
2026-09-28T08:31:23+04:00	ck9s-nat-whole-2	2	1082790	1082772	39	736030720	498118656	ft*35 ZMQbg/Reaper*2 ZMQbg/IO/0*2 
2026-09-28T08:31:23+04:00	ck9s-nat-whole-2	2	1082905	1082790	1	6795264	16384	python3*1 
2026-09-28T08:31:23+04:00	ck9s-nat-whole-2	2	1082906	1082790	45	22793281536	1968590848	python3*36 pt_gloo_runloop*2 ZMQbg/Reaper*2 ZMQbg/IO/0*2 pt_tcpstore_uv*1 cuda0000240000a*1 
2026-09-28T08:31:24+04:00	ck9s-nat-whole-2	2	1082907	1082790	42	806649856	575307776	python3*34 ZMQbg/Reaper*4 ZMQbg/IO/0*4 
2026-09-28T08:31:44+04:00	cb-s1	0	1096049	363	3	25915392	6078464	uv*1 tokio-rt-worker*1 main2*1 
2026-09-28T08:31:44+04:00	cb-s1	0	1096066	1096049	22	702922752	422731776	ft*18 ZMQbg/Reaper*2 ZMQbg/IO/0*2 
2026-09-28T08:31:44+04:00	cb-s1	0	1096190	1096066	1	12783616	5939200	python3*1 
2026-09-28T08:31:44+04:00	cb-s1	0	1096191	1096066	25	3022819328	904683520	python3*20 pt_gloo_runloop*2 pt_tcpstore_uv*1 cuda0000240000a*1 cuda-EvtHandlr*1 
2026-09-28T08:31:44+04:00	cb-s1	0	1096192	1096066	23	881885184	607477760	python3*17 ZMQbg/Reaper*3 ZMQbg/IO/0*3 
2026-09-28T08:31:56+04:00	cb-s1	0	1096049	363	2	26046464	6078464	uv*1 main2*1 
2026-09-28T08:31:56+04:00	cb-s1	0	1096066	1096049	22	702926848	422735872	ft*18 ZMQbg/Reaper*2 ZMQbg/IO/0*2 
2026-09-28T08:31:56+04:00	cb-s1	0	1096190	1096066	1	12783616	5939200	python3*1 
2026-09-28T08:31:56+04:00	cb-s1	0	1096191	1096066	40	17557876736	15430901760	python3*35 pt_gloo_runloop*2 pt_tcpstore_uv*1 cuda0000240000a*1 cuda-EvtHandlr*1 
2026-09-28T08:31:56+04:00	cb-s1	0	1096192	1096066	23	881885184	607477760	python3*17 ZMQbg/Reaper*3 ZMQbg/IO/0*3 
2026-09-28T08:32:07+04:00	cb-s1	0	1096049	363	2	26046464	6078464	uv*1 main2*1 
2026-09-28T08:32:07+04:00	cb-s1	0	1096066	1096049	22	702930944	422739968	ft*18 ZMQbg/Reaper*2 ZMQbg/IO/0*2 
2026-09-28T08:32:07+04:00	cb-s1	0	1096190	1096066	1	12783616	5939200	python3*1 
2026-09-28T08:32:07+04:00	cb-s1	0	1096191	1096066	41	16340819968	15751782400	python3*36 pt_gloo_runloop*2 pt_tcpstore_uv*1 cuda0000240000a*1 cuda-EvtHandlr*1 
2026-09-28T08:32:07+04:00	cb-s1	0	1096192	1096066	23	881885184	607477760	python3*17 ZMQbg/Reaper*3 ZMQbg/IO/0*3 
2026-09-28T08:32:17+04:00	cb-s1	0	1096049	363	2	26046464	6078464	uv*1 main2*1 
2026-09-28T08:32:17+04:00	cb-s1	0	1096066	1096049	22	702935040	422744064	ft*18 ZMQbg/Reaper*2 ZMQbg/IO/0*2 
2026-09-28T08:32:17+04:00	cb-s1	0	1096190	1096066	1	12783616	5939200	python3*1 
2026-09-28T08:32:17+04:00	cb-s1	0	1096191	1096066	41	16343924736	15752052736	python3*36 pt_gloo_runloop*2 pt_tcpstore_uv*1 cuda0000240000a*1 cuda-EvtHandlr*1 
2026-09-28T08:32:17+04:00	cb-s1	0	1096192	1096066	23	881885184	607477760	python3*17 ZMQbg/Reaper*3 ZMQbg/IO/0*3 
2026-09-28T08:32:30+04:00	cb-s1	0	1096049	363	2	26046464	6078464	uv*1 main2*1 
2026-09-28T08:32:30+04:00	cb-s1	0	1096066	1096049	22	702935040	422744064	ft*18 ZMQbg/Reaper*2 ZMQbg/IO/0*2 
2026-09-28T08:32:30+04:00	cb-s1	0	1096190	1096066	1	12783616	5939200	python3*1 
2026-09-28T08:32:30+04:00	cb-s1	0	1096191	1096066	41	16602120192	15999234048	python3*36 pt_gloo_runloop*2 pt_tcpstore_uv*1 cuda0000240000a*1 cuda-EvtHandlr*1 
2026-09-28T08:32:30+04:00	cb-s1	0	1096192	1096066	23	881885184	607477760	python3*17 ZMQbg/Reaper*3 ZMQbg/IO/0*3 
2026-09-28T08:32:40+04:00	cb-s1	0	1096049	363	2	26046464	6078464	uv*1 main2*1 
2026-09-28T08:32:40+04:00	cb-s1	0	1096066	1096049	22	702935040	422744064	ft*18 ZMQbg/Reaper*2 ZMQbg/IO/0*2 
2026-09-28T08:32:40+04:00	cb-s1	0	1096190	1096066	1	12783616	5939200	python3*1 
2026-09-28T08:32:40+04:00	cb-s1	0	1096191	1096066	41	16860614656	16251711488	python3*36 pt_gloo_runloop*2 pt_tcpstore_uv*1 cuda0000240000a*1 cuda-EvtHandlr*1 
2026-09-28T08:32:40+04:00	cb-s1	0	1096192	1096066	23	881885184	607477760	python3*17 ZMQbg/Reaper*3 ZMQbg/IO/0*3 
2026-09-28T08:32:50+04:00	cb-s1	0	1096049	363	2	26046464	6078464	uv*1 main2*1 
2026-09-28T08:32:50+04:00	cb-s1	0	1096066	1096049	39	992841728	706617344	ft*35 ZMQbg/Reaper*2 ZMQbg/IO/0*2 
2026-09-28T08:32:50+04:00	cb-s1	0	1096190	1096066	1	12783616	5939200	python3*1 
2026-09-28T08:32:50+04:00	cb-s1	0	1096191	1096066	45	17068314624	16452132864	python3*36 pt_gloo_runloop*2 ZMQbg/Reaper*2 ZMQbg/IO/0*2 pt_tcpstore_uv*1 cuda0000240000a*1 
2026-09-28T08:32:50+04:00	cb-s1	0	1096192	1096066	39	885997568	608309248	python3*33 ZMQbg/Reaper*3 ZMQbg/IO/0*3 
2026-09-28T08:33:01+04:00	cb-s1	0	1096049	363	2	26046464	6078464	uv*1 main2*1 
2026-09-28T08:33:01+04:00	cb-s1	0	1096066	1096049	39	992841728	706617344	ft*35 ZMQbg/Reaper*2 ZMQbg/IO/0*2 
2026-09-28T08:33:01+04:00	cb-s1	0	1096190	1096066	1	12783616	5939200	python3*1 
2026-09-28T08:33:01+04:00	cb-s1	0	1096191	1096066	45	17068314624	16452132864	python3*36 pt_gloo_runloop*2 ZMQbg/Reaper*2 ZMQbg/IO/0*2 pt_tcpstore_uv*1 cuda0000240000a*1 
2026-09-28T08:33:01+04:00	cb-s1	0	1096192	1096066	39	885997568	608309248	python3*33 ZMQbg/Reaper*3 ZMQbg/IO/0*3 
2026-09-28T08:33:13+04:00	cb-s1	0	1096049	363	2	26046464	6078464	uv*1 main2*1 
2026-09-28T08:33:13+04:00	cb-s1	0	1096066	1096049	57	1061076992	774852608	ft*51 ZMQbg/Reaper*3 ZMQbg/IO/0*3 
2026-09-28T08:33:13+04:00	cb-s1	0	1096190	1096066	1	12783616	5939200	python3*1 
2026-09-28T08:33:13+04:00	cb-s1	0	1096191	1096066	45	17069346816	16453165056	python3*36 pt_gloo_runloop*2 ZMQbg/Reaper*2 ZMQbg/IO/0*2 pt_tcpstore_uv*1 cuda0000240000a*1 
2026-09-28T08:33:14+04:00	cb-s1	0	1096192	1096066	57	947642368	669954048	python3*49 ZMQbg/Reaper*4 ZMQbg/IO/0*4 
2026-09-28T08:33:24+04:00	cb-s1	0	1096049	363	2	26046464	6078464	uv*1 main2*1 
2026-09-28T08:33:24+04:00	cb-s1	0	1096066	1096049	57	1061076992	774852608	ft*51 ZMQbg/Reaper*3 ZMQbg/IO/0*3 
2026-09-28T08:33:24+04:00	cb-s1	0	1096190	1096066	1	12783616	5939200	python3*1 
2026-09-28T08:33:24+04:00	cb-s1	0	1096191	1096066	45	17069346816	16453165056	python3*36 pt_gloo_runloop*2 ZMQbg/Reaper*2 ZMQbg/IO/0*2 pt_tcpstore_uv*1 cuda0000240000a*1 
2026-09-28T08:33:24+04:00	cb-s1	0	1096192	1096066	57	947642368	669954048	python3*49 ZMQbg/Reaper*4 ZMQbg/IO/0*4 
2026-09-28T08:33:34+04:00	cb-s1	0	1096049	363	2	26046464	6078464	uv*1 main2*1 
2026-09-28T08:33:34+04:00	cb-s1	0	1096066	1096049	57	1061081088	774856704	ft*51 ZMQbg/Reaper*3 ZMQbg/IO/0*3 
2026-09-28T08:33:34+04:00	cb-s1	0	1096190	1096066	1	12783616	5939200	python3*1 
2026-09-28T08:33:34+04:00	cb-s1	0	1096191	1096066	45	17069346816	16453165056	python3*36 pt_gloo_runloop*2 ZMQbg/Reaper*2 ZMQbg/IO/0*2 pt_tcpstore_uv*1 cuda0000240000a*1 
2026-09-28T08:33:34+04:00	cb-s1	0	1096192	1096066	57	947642368	669954048	python3*49 ZMQbg/Reaper*4 ZMQbg/IO/0*4 
2026-09-28T08:33:47+04:00	cb-s1	0	1096049	363	2	26046464	6078464	uv*1 main2*1 
2026-09-28T08:33:47+04:00	cb-s1	0	1096066	1096049	57	1061081088	774856704	ft*51 ZMQbg/Reaper*3 ZMQbg/IO/0*3 
2026-09-28T08:33:47+04:00	cb-s1	0	1096190	1096066	1	12783616	5939200	python3*1 
2026-09-28T08:33:47+04:00	cb-s1	0	1096191	1096066	45	17069346816	16453165056	python3*36 pt_gloo_runloop*2 ZMQbg/Reaper*2 ZMQbg/IO/0*2 pt_tcpstore_uv*1 cuda0000240000a*1 
2026-09-28T08:33:47+04:00	cb-s1	0	1096192	1096066	57	947642368	669954048	python3*49 ZMQbg/Reaper*4 ZMQbg/IO/0*4 
2026-09-28T08:33:57+04:00	cb-s1	0	1096049	363	2	26046464	6078464	uv*1 main2*1 
2026-09-28T08:33:57+04:00	cb-s1	0	1096066	1096049	57	1061081088	774856704	ft*51 ZMQbg/Reaper*3 ZMQbg/IO/0*3 
2026-09-28T08:33:57+04:00	cb-s1	0	1096190	1096066	1	12783616	5939200	python3*1 
2026-09-28T08:33:57+04:00	cb-s1	0	1096191	1096066	45	17069346816	16453165056	python3*36 pt_gloo_runloop*2 ZMQbg/Reaper*2 ZMQbg/IO/0*2 pt_tcpstore_uv*1 cuda0000240000a*1 
2026-09-28T08:33:57+04:00	cb-s1	0	1096192	1096066	57	947642368	669954048	python3*49 ZMQbg/Reaper*4 ZMQbg/IO/0*4 
2026-09-28T08:34:07+04:00	cb-s1	0	1096049	363	2	26046464	6078464	uv*1 main2*1 
2026-09-28T08:34:07+04:00	cb-s1	0	1096066	1096049	57	1061081088	774856704	ft*51 ZMQbg/Reaper*3 ZMQbg/IO/0*3 
2026-09-28T08:34:07+04:00	cb-s1	0	1096190	1096066	1	12783616	5939200	python3*1 
2026-09-28T08:34:07+04:00	cb-s1	0	1096191	1096066	45	17069346816	16453165056	python3*36 pt_gloo_runloop*2 ZMQbg/Reaper*2 ZMQbg/IO/0*2 pt_tcpstore_uv*1 cuda0000240000a*1 
2026-09-28T08:34:07+04:00	cb-s1	0	1096192	1096066	57	947642368	669954048	python3*49 ZMQbg/Reaper*4 ZMQbg/IO/0*4 
2026-09-28T08:34:20+04:00	cb-s1	0	1096049	363	2	26046464	6078464	uv*1 main2*1 
2026-09-28T08:34:20+04:00	cb-s1	0	1096066	1096049	57	1061081088	774856704	ft*51 ZMQbg/Reaper*3 ZMQbg/IO/0*3 
2026-09-28T08:34:20+04:00	cb-s1	0	1096190	1096066	1	12783616	5939200	python3*1 
2026-09-28T08:34:20+04:00	cb-s1	0	1096191	1096066	45	17069346816	16453165056	python3*36 pt_gloo_runloop*2 ZMQbg/Reaper*2 ZMQbg/IO/0*2 pt_tcpstore_uv*1 cuda0000240000a*1 
2026-09-28T08:34:21+04:00	cb-s1	0	1096192	1096066	57	947642368	669954048	python3*49 ZMQbg/Reaper*4 ZMQbg/IO/0*4 
2026-09-28T08:34:31+04:00	cb-s1	0	1096049	363	2	26046464	6078464	uv*1 main2*1 
2026-09-28T08:34:31+04:00	cb-s1	0	1096066	1096049	57	1061081088	774856704	ft*51 ZMQbg/Reaper*3 ZMQbg/IO/0*3 
2026-09-28T08:34:31+04:00	cb-s1	0	1096190	1096066	1	12783616	5939200	python3*1 
2026-09-28T08:34:31+04:00	cb-s1	0	1096191	1096066	45	17081421824	16464523264	python3*36 pt_gloo_runloop*2 ZMQbg/Reaper*2 ZMQbg/IO/0*2 pt_tcpstore_uv*1 cuda0000240000a*1 
2026-09-28T08:34:31+04:00	cb-s1	0	1096192	1096066	57	947642368	669954048	python3*49 ZMQbg/Reaper*4 ZMQbg/IO/0*4 
2026-09-28T08:34:41+04:00	cb-s1	0	1096049	363	2	26046464	6078464	uv*1 main2*1 
2026-09-28T08:34:41+04:00	cb-s1	0	1096066	1096049	57	1061847040	775622656	ft*51 ZMQbg/Reaper*3 ZMQbg/IO/0*3 
2026-09-28T08:34:41+04:00	cb-s1	0	1096190	1096066	1	12783616	5939200	python3*1 
2026-09-28T08:34:41+04:00	cb-s1	0	1096191	1096066	45	17128906752	16510918656	python3*36 pt_gloo_runloop*2 ZMQbg/Reaper*2 ZMQbg/IO/0*2 pt_tcpstore_uv*1 cuda0000240000a*1 
2026-09-28T08:34:41+04:00	cb-s1	0	1096192	1096066	57	986750976	709062656	python3*49 ZMQbg/Reaper*4 ZMQbg/IO/0*4 
2026-09-28T08:34:54+04:00	cb-s1	0	1096049	363	2	26046464	6078464	uv*1 main2*1 
2026-09-28T08:34:54+04:00	cb-s1	0	1096066	1096049	57	1061847040	775622656	ft*51 ZMQbg/Reaper*3 ZMQbg/IO/0*3 
2026-09-28T08:34:54+04:00	cb-s1	0	1096190	1096066	1	12783616	5939200	python3*1 
2026-09-28T08:34:54+04:00	cb-s1	0	1096191	1096066	45	17128906752	16510918656	python3*36 pt_gloo_runloop*2 ZMQbg/Reaper*2 ZMQbg/IO/0*2 pt_tcpstore_uv*1 cuda0000240000a*1 
2026-09-28T08:34:54+04:00	cb-s1	0	1096192	1096066	57	986750976	709062656	python3*49 ZMQbg/Reaper*4 ZMQbg/IO/0*4 
2026-09-28T08:35:05+04:00	cb-s1	0	1096049	363	2	26046464	6078464	uv*1 main2*1 
2026-09-28T08:35:05+04:00	cb-s1	0	1096066	1096049	57	1061847040	775622656	ft*51 ZMQbg/Reaper*3 ZMQbg/IO/0*3 
2026-09-28T08:35:05+04:00	cb-s1	0	1096190	1096066	1	12783616	5939200	python3*1 
2026-09-28T08:35:05+04:00	cb-s1	0	1096191	1096066	45	17128906752	16510918656	python3*36 pt_gloo_runloop*2 ZMQbg/Reaper*2 ZMQbg/IO/0*2 pt_tcpstore_uv*1 cuda0000240000a*1 
2026-09-28T08:35:05+04:00	cb-s1	0	1096192	1096066	57	986750976	709062656	python3*49 ZMQbg/Reaper*4 ZMQbg/IO/0*4 
2026-09-28T08:35:15+04:00	cb-s1	0	1096049	363	2	26046464	6078464	uv*1 main2*1 
2026-09-28T08:35:15+04:00	cb-s1	0	1096066	1096049	57	1061847040	775622656	ft*51 ZMQbg/Reaper*3 ZMQbg/IO/0*3 
2026-09-28T08:35:15+04:00	cb-s1	0	1096190	1096066	1	12783616	5939200	python3*1 
2026-09-28T08:35:15+04:00	cb-s1	0	1096191	1096066	45	17128906752	16510918656	python3*36 pt_gloo_runloop*2 ZMQbg/Reaper*2 ZMQbg/IO/0*2 pt_tcpstore_uv*1 cuda0000240000a*1 
2026-09-28T08:35:15+04:00	cb-s1	0	1096192	1096066	57	986750976	709062656	python3*49 ZMQbg/Reaper*4 ZMQbg/IO/0*4 
2026-09-28T08:35:28+04:00	cb-s1	0	1096049	363	2	26046464	6078464	uv*1 main2*1 
2026-09-28T08:35:28+04:00	cb-s1	0	1096066	1096049	57	1061847040	775622656	ft*51 ZMQbg/Reaper*3 ZMQbg/IO/0*3 
2026-09-28T08:35:28+04:00	cb-s1	0	1096190	1096066	1	12783616	5939200	python3*1 
2026-09-28T08:35:28+04:00	cb-s1	0	1096191	1096066	45	17128906752	16510918656	python3*36 pt_gloo_runloop*2 ZMQbg/Reaper*2 ZMQbg/IO/0*2 pt_tcpstore_uv*1 cuda0000240000a*1 
2026-09-28T08:35:28+04:00	cb-s1	0	1096192	1096066	57	986750976	709062656	python3*49 ZMQbg/Reaper*4 ZMQbg/IO/0*4 
2026-09-28T08:35:38+04:00	cb-s1	0	1096049	363	2	26046464	6078464	uv*1 main2*1 
2026-09-28T08:35:38+04:00	cb-s1	0	1096066	1096049	57	1061847040	775622656	ft*51 ZMQbg/Reaper*3 ZMQbg/IO/0*3 
2026-09-28T08:35:38+04:00	cb-s1	0	1096190	1096066	1	12783616	5939200	python3*1 
2026-09-28T08:35:38+04:00	cb-s1	0	1096191	1096066	45	17128906752	16510918656	python3*36 pt_gloo_runloop*2 ZMQbg/Reaper*2 ZMQbg/IO/0*2 pt_tcpstore_uv*1 cuda0000240000a*1 
2026-09-28T08:35:38+04:00	cb-s1	0	1096192	1096066	57	986750976	709062656	python3*49 ZMQbg/Reaper*4 ZMQbg/IO/0*4 
2026-09-28T08:35:48+04:00	cb-s1	0	1096049	363	2	26046464	6078464	uv*1 main2*1 
2026-09-28T08:35:48+04:00	cb-s1	0	1096066	1096049	57	1061847040	775622656	ft*51 ZMQbg/Reaper*3 ZMQbg/IO/0*3 
2026-09-28T08:35:48+04:00	cb-s1	0	1096190	1096066	1	12783616	5939200	python3*1 
2026-09-28T08:35:48+04:00	cb-s1	0	1096191	1096066	45	17128906752	16510918656	python3*36 pt_gloo_runloop*2 ZMQbg/Reaper*2 ZMQbg/IO/0*2 pt_tcpstore_uv*1 cuda0000240000a*1 
2026-09-28T08:35:49+04:00	cb-s1	0	1096192	1096066	57	986750976	709062656	python3*49 ZMQbg/Reaper*4 ZMQbg/IO/0*4 
2026-09-28T08:36:01+04:00	cb-s1	0	1096049	363	2	26042368	6078464	uv*1 main2*1 
2026-09-28T08:36:01+04:00	cb-s1	0	1096066	1096049	57	1061847040	775622656	ft*51 ZMQbg/Reaper*3 ZMQbg/IO/0*3 
2026-09-28T08:36:02+04:00	cb-s1	0	1096190	1096066	1	12783616	5939200	python3*1 
2026-09-28T08:36:02+04:00	cb-s1	0	1096191	1096066	45	17137131520	16519323648	python3*36 pt_gloo_runloop*2 ZMQbg/Reaper*2 ZMQbg/IO/0*2 pt_tcpstore_uv*1 cuda0000240000a*1 
2026-09-28T08:36:02+04:00	cb-s1	0	1096192	1096066	57	986750976	709062656	python3*49 ZMQbg/Reaper*4 ZMQbg/IO/0*4 
2026-09-28T08:36:45+04:00	ck9e-replay	0	1124201	363	3	25546752	6070272	uv*1 tokio-rt-worker*1 main2*1 
2026-09-28T08:36:45+04:00	ck9e-replay	0	1124229	1124201	22	703324160	422563840	ft*18 ZMQbg/Reaper*2 ZMQbg/IO/0*2 
2026-09-28T08:36:45+04:00	ck9e-replay	0	1124502	1124229	1	12812288	5939200	python3*1 
2026-09-28T08:36:45+04:00	ck9e-replay	0	1124503	1124229	16	518598656	296230912	python3*16 
2026-09-28T08:36:45+04:00	ck9e-replay	0	1124504	1124229	16	516337664	293670912	python3*16 
2026-09-28T08:36:55+04:00	ck9e-replay	0	1124201	363	2	25677824	6070272	uv*1 main2*1 
2026-09-28T08:36:55+04:00	ck9e-replay	0	1124229	1124201	22	703639552	422744064	ft*18 ZMQbg/Reaper*2 ZMQbg/IO/0*2 
2026-09-28T08:36:55+04:00	ck9e-replay	0	1124502	1124229	1	12812288	5939200	python3*1 
2026-09-28T08:36:55+04:00	ck9e-replay	0	1124503	1124229	41	5617491968	983957504	python3*36 pt_gloo_runloop*2 pt_tcpstore_uv*1 cuda0000240000a*1 cuda-EvtHandlr*1 
2026-09-28T08:36:55+04:00	ck9e-replay	0	1124504	1124229	23	887013376	606535680	python3*17 ZMQbg/Reaper*3 ZMQbg/IO/0*3 
2026-09-28T08:37:06+04:00	ck9e-replay	0	1124201	363	2	25677824	6070272	uv*1 main2*1 
2026-09-28T08:37:06+04:00	ck9e-replay	0	1124229	1124201	22	703643648	422748160	ft*18 ZMQbg/Reaper*2 ZMQbg/IO/0*2 
2026-09-28T08:37:06+04:00	ck9e-replay	0	1124502	1124229	1	12812288	5939200	python3*1 
2026-09-28T08:37:06+04:00	ck9e-replay	0	1124503	1124229	41	7646588928	984059904	python3*36 pt_gloo_runloop*2 pt_tcpstore_uv*1 cuda0000240000a*1 cuda-EvtHandlr*1 
2026-09-28T08:37:06+04:00	ck9e-replay	0	1124504	1124229	23	887013376	606535680	python3*17 ZMQbg/Reaper*3 ZMQbg/IO/0*3 
2026-09-28T08:37:19+04:00	ck9e-replay	0	1124201	363	2	25677824	6070272	uv*1 main2*1 
2026-09-28T08:37:19+04:00	ck9e-replay	0	1124229	1124201	22	702312448	422756352	ft*18 ZMQbg/Reaper*2 ZMQbg/IO/0*2 
2026-09-28T08:37:19+04:00	ck9e-replay	0	1124502	1124229	1	12812288	5939200	python3*1 
2026-09-28T08:37:19+04:00	ck9e-replay	0	1124503	1124229	41	14366068736	984412160	python3*36 pt_gloo_runloop*2 pt_tcpstore_uv*1 cuda0000240000a*1 cuda-EvtHandlr*1 
2026-09-28T08:37:19+04:00	ck9e-replay	0	1124504	1124229	23	885506048	606535680	python3*17 ZMQbg/Reaper*3 ZMQbg/IO/0*3 
2026-09-28T08:37:29+04:00	ck9e-replay	0	1124201	363	2	25640960	6070272	uv*1 main2*1 
2026-09-28T08:37:29+04:00	ck9e-replay	0	1124229	1124201	22	686067712	422756352	ft*18 ZMQbg/Reaper*2 ZMQbg/IO/0*2 
2026-09-28T08:37:29+04:00	ck9e-replay	0	1124502	1124229	1	12783616	5939200	python3*1 
2026-09-28T08:37:29+04:00	ck9e-replay	0	1124503	1124229	41	16599830528	984510464	python3*36 pt_gloo_runloop*2 pt_tcpstore_uv*1 cuda0000240000a*1 cuda-EvtHandlr*1 
2026-09-28T08:37:30+04:00	ck9e-replay	0	1124504	1124229	23	869330944	606535680	python3*17 ZMQbg/Reaper*3 ZMQbg/IO/0*3 
2026-09-28T08:37:40+04:00	ck9e-replay	0	1124201	363	2	25378816	6070272	uv*1 main2*1 
2026-09-28T08:37:40+04:00	ck9e-replay	0	1124229	1124201	22	663801856	422756352	ft*18 ZMQbg/Reaper*2 ZMQbg/IO/0*2 
2026-09-28T08:37:40+04:00	ck9e-replay	0	1124502	1124229	1	12759040	5939200	python3*1 
2026-09-28T08:37:40+04:00	ck9e-replay	0	1124503	1124229	41	20766904320	984711168	python3*36 pt_gloo_runloop*2 pt_tcpstore_uv*1 cuda0000240000a*1 cuda-EvtHandlr*1 
2026-09-28T08:37:40+04:00	ck9e-replay	0	1124504	1124229	23	847212544	606535680	python3*17 ZMQbg/Reaper*3 ZMQbg/IO/0*3 
2026-09-28T08:37:53+04:00	ck9e-replay	0	1124201	363	2	25047040	6070272	uv*1 main2*1 
2026-09-28T08:37:53+04:00	ck9e-replay	0	1124229	1124201	22	661544960	422756352	ft*18 ZMQbg/Reaper*2 ZMQbg/IO/0*2 
2026-09-28T08:37:53+04:00	ck9e-replay	0	1124502	1124229	1	12754944	5939200	python3*1 
2026-09-28T08:37:53+04:00	ck9e-replay	0	1124503	1124229	41	21858222080	984784896	python3*36 pt_gloo_runloop*2 pt_tcpstore_uv*1 cuda0000240000a*1 cuda-EvtHandlr*1 
2026-09-28T08:37:54+04:00	ck9e-replay	0	1124504	1124229	23	844795904	606535680	python3*17 ZMQbg/Reaper*3 ZMQbg/IO/0*3 
2026-09-28T08:38:04+04:00	ck9e-replay	0	1124201	363	2	24961024	6070272	uv*1 main2*1 
2026-09-28T08:38:04+04:00	ck9e-replay	0	1124229	1124201	22	647921664	422756352	ft*18 ZMQbg/Reaper*2 ZMQbg/IO/0*2 
2026-09-28T08:38:04+04:00	ck9e-replay	0	1124502	1124229	1	12754944	5939200	python3*1 
2026-09-28T08:38:04+04:00	ck9e-replay	0	1124503	1124229	41	23017209856	984834048	python3*36 pt_gloo_runloop*2 pt_tcpstore_uv*1 cuda0000240000a*1 cuda-EvtHandlr*1 
2026-09-28T08:38:04+04:00	ck9e-replay	0	1124504	1124229	23	831229952	606535680	python3*17 ZMQbg/Reaper*3 ZMQbg/IO/0*3 
2026-09-28T08:38:14+04:00	ck9e-replay	0	1124201	363	2	24948736	6070272	uv*1 main2*1 
2026-09-28T08:38:14+04:00	ck9e-replay	0	1124229	1124201	39	846360576	621850624	ft*35 ZMQbg/Reaper*2 ZMQbg/IO/0*2 
2026-09-28T08:38:14+04:00	ck9e-replay	0	1124502	1124229	1	12754944	5939200	python3*1 
2026-09-28T08:38:14+04:00	ck9e-replay	0	1124503	1124229	45	22585081856	1748877312	python3*36 pt_gloo_runloop*2 ZMQbg/Reaper*2 ZMQbg/IO/0*2 pt_tcpstore_uv*1 cuda0000240000a*1 
2026-09-28T08:38:14+04:00	ck9e-replay	0	1124504	1124229	39	828305408	607002624	python3*33 ZMQbg/Reaper*3 ZMQbg/IO/0*3 
2026-09-28T08:38:28+04:00	ck9e-replay	0	1124201	363	2	24948736	6070272	uv*1 main2*1 
2026-09-28T08:38:28+04:00	ck9e-replay	0	1124229	1124201	39	846749696	622153728	ft*35 ZMQbg/Reaper*2 ZMQbg/IO/0*2 
2026-09-28T08:38:28+04:00	ck9e-replay	0	1124502	1124229	1	12754944	5939200	python3*1 
2026-09-28T08:38:28+04:00	ck9e-replay	0	1124503	1124229	45	22588801024	1749295104	python3*36 pt_gloo_runloop*2 ZMQbg/Reaper*2 ZMQbg/IO/0*2 pt_tcpstore_uv*1 cuda0000240000a*1 
2026-09-28T08:38:28+04:00	ck9e-replay	0	1124504	1124229	39	828366848	607064064	python3*33 ZMQbg/Reaper*3 ZMQbg/IO/0*3 
2026-09-28T08:38:38+04:00	ck9e-replay	0	1124201	363	2	24948736	6070272	uv*1 main2*1 
2026-09-28T08:38:38+04:00	ck9e-replay	0	1124229	1124201	39	846749696	622153728	ft*35 ZMQbg/Reaper*2 ZMQbg/IO/0*2 
2026-09-28T08:38:38+04:00	ck9e-replay	0	1124502	1124229	1	12754944	5939200	python3*1 
2026-09-28T08:38:38+04:00	ck9e-replay	0	1124503	1124229	45	22588801024	1749295104	python3*36 pt_gloo_runloop*2 ZMQbg/Reaper*2 ZMQbg/IO/0*2 pt_tcpstore_uv*1 cuda0000240000a*1 
2026-09-28T08:38:39+04:00	ck9e-replay	0	1124504	1124229	39	828366848	607064064	python3*33 ZMQbg/Reaper*3 ZMQbg/IO/0*3 
2026-09-28T08:38:49+04:00	ck9e-replay	0	1124201	363	2	24948736	6070272	uv*1 main2*1 
2026-09-28T08:38:49+04:00	ck9e-replay	0	1124229	1124201	42	848166912	623509504	ft*36 ZMQbg/Reaper*3 ZMQbg/IO/0*3 
2026-09-28T08:38:49+04:00	ck9e-replay	0	1124502	1124229	1	12754944	5939200	python3*1 
2026-09-28T08:38:49+04:00	ck9e-replay	0	1124503	1124229	45	22593843200	1749467136	python3*36 pt_gloo_runloop*2 ZMQbg/Reaper*2 ZMQbg/IO/0*2 pt_tcpstore_uv*1 cuda0000240000a*1 
2026-09-28T08:38:49+04:00	ck9e-replay	0	1124504	1124229	57	829431808	608063488	python3*49 ZMQbg/Reaper*4 ZMQbg/IO/0*4 
2026-09-28T08:39:02+04:00	ck9e-replay	0	1124201	363	2	24948736	6070272	uv*1 main2*1 
2026-09-28T08:39:02+04:00	ck9e-replay	0	1124229	1124201	57	849272832	624488448	ft*51 ZMQbg/Reaper*3 ZMQbg/IO/0*3 
2026-09-28T08:39:02+04:00	ck9e-replay	0	1124502	1124229	1	12754944	5939200	python3*1 
2026-09-28T08:39:02+04:00	ck9e-replay	0	1124503	1124229	45	22661746688	1777430528	python3*36 pt_gloo_runloop*2 ZMQbg/Reaper*2 ZMQbg/IO/0*2 pt_tcpstore_uv*1 cuda0000240000a*1 
2026-09-28T08:39:03+04:00	ck9e-replay	0	1124504	1124229	57	829440000	608071680	python3*49 ZMQbg/Reaper*4 ZMQbg/IO/0*4 
2026-09-28T08:39:13+04:00	ck9e-replay	0	1124201	363	2	24731648	6070272	uv*1 main2*1 
2026-09-28T08:39:13+04:00	ck9e-replay	0	1124229	1124201	57	847257600	630210560	ft*51 ZMQbg/Reaper*3 ZMQbg/IO/0*3 
2026-09-28T08:39:13+04:00	ck9e-replay	0	1124502	1124229	1	12754944	5939200	python3*1 
2026-09-28T08:39:13+04:00	ck9e-replay	0	1124503	1124229	45	23611842560	2725441536	python3*36 pt_gloo_runloop*2 ZMQbg/Reaper*2 ZMQbg/IO/0*2 pt_tcpstore_uv*1 cuda0000240000a*1 
2026-09-28T08:39:13+04:00	ck9e-replay	0	1124504	1124229	57	821760000	608079872	python3*49 ZMQbg/Reaper*4 ZMQbg/IO/0*4 
2026-09-28T08:39:56+04:00	ck9s-nat-mirror-2	0	1142719	363	3	25292800	6057984	uv*1 tokio-rt-worker*1 main2*1 
2026-09-28T08:39:56+04:00	ck9s-nat-mirror-2	0	1142736	1142719	22	703234048	422850560	ft*18 ZMQbg/Reaper*2 ZMQbg/IO/0*2 
2026-09-28T08:39:56+04:00	ck9s-nat-mirror-2	0	1142869	1142736	1	12808192	5939200	python3*1 
2026-09-28T08:39:56+04:00	ck9s-nat-mirror-2	0	1142870	1142736	25	2165710848	803573760	python3*20 pt_gloo_runloop*2 pt_tcpstore_uv*1 cuda0000240000a*1 cuda-EvtHandlr*1 
2026-09-28T08:39:56+04:00	ck9s-nat-mirror-2	0	1142871	1142736	23	881684480	607404032	python3*17 ZMQbg/Reaper*3 ZMQbg/IO/0*3 
2026-09-28T08:40:10+04:00	ck9s-nat-mirror-2	0	1142719	363	2	25423872	6057984	uv*1 main2*1 
2026-09-28T08:40:10+04:00	ck9s-nat-mirror-2	0	1142736	1142719	22	703242240	422858752	ft*18 ZMQbg/Reaper*2 ZMQbg/IO/0*2 
2026-09-28T08:40:10+04:00	ck9s-nat-mirror-2	0	1142869	1142736	1	12808192	5939200	python3*1 
2026-09-28T08:40:10+04:00	ck9s-nat-mirror-2	0	1142870	1142736	40	17475948544	15349501952	python3*35 pt_gloo_runloop*2 pt_tcpstore_uv*1 cuda0000240000a*1 cuda-EvtHandlr*1 
2026-09-28T08:40:10+04:00	ck9s-nat-mirror-2	0	1142871	1142736	23	881684480	607404032	python3*17 ZMQbg/Reaper*3 ZMQbg/IO/0*3 
2026-09-28T08:40:20+04:00	ck9s-nat-mirror-2	0	1142719	363	2	25423872	6057984	uv*1 main2*1 
2026-09-28T08:40:20+04:00	ck9s-nat-mirror-2	0	1142736	1142719	22	703242240	422858752	ft*18 ZMQbg/Reaper*2 ZMQbg/IO/0*2 
2026-09-28T08:40:20+04:00	ck9s-nat-mirror-2	0	1142869	1142736	1	12808192	5939200	python3*1 
2026-09-28T08:40:20+04:00	ck9s-nat-mirror-2	0	1142870	1142736	41	17566392320	15436034048	python3*36 pt_gloo_runloop*2 pt_tcpstore_uv*1 cuda0000240000a*1 cuda-EvtHandlr*1 
2026-09-28T08:40:20+04:00	ck9s-nat-mirror-2	0	1142871	1142736	23	881684480	607404032	python3*17 ZMQbg/Reaper*3 ZMQbg/IO/0*3 
2026-09-28T08:40:30+04:00	ck9s-nat-mirror-2	0	1142719	363	2	25423872	6057984	uv*1 main2*1 
2026-09-28T08:40:30+04:00	ck9s-nat-mirror-2	0	1142736	1142719	22	703246336	422862848	ft*18 ZMQbg/Reaper*2 ZMQbg/IO/0*2 
2026-09-28T08:40:30+04:00	ck9s-nat-mirror-2	0	1142869	1142736	1	12808192	5939200	python3*1 
2026-09-28T08:40:30+04:00	ck9s-nat-mirror-2	0	1142870	1142736	41	16344686592	15751954432	python3*36 pt_gloo_runloop*2 pt_tcpstore_uv*1 cuda0000240000a*1 cuda-EvtHandlr*1 
2026-09-28T08:40:30+04:00	ck9s-nat-mirror-2	0	1142871	1142736	23	881684480	607404032	python3*17 ZMQbg/Reaper*3 ZMQbg/IO/0*3 
2026-09-28T08:40:44+04:00	ck9s-nat-mirror-2	0	1142719	363	2	25423872	6057984	uv*1 main2*1 
2026-09-28T08:40:44+04:00	ck9s-nat-mirror-2	0	1142736	1142719	22	703246336	422862848	ft*18 ZMQbg/Reaper*2 ZMQbg/IO/0*2 
2026-09-28T08:40:44+04:00	ck9s-nat-mirror-2	0	1142869	1142736	1	12808192	5939200	python3*1 
2026-09-28T08:40:44+04:00	ck9s-nat-mirror-2	0	1142870	1142736	41	16602374144	15998722048	python3*36 pt_gloo_runloop*2 pt_tcpstore_uv*1 cuda0000240000a*1 cuda-EvtHandlr*1 
2026-09-28T08:40:44+04:00	ck9s-nat-mirror-2	0	1142871	1142736	23	881684480	607404032	python3*17 ZMQbg/Reaper*3 ZMQbg/IO/0*3 
2026-09-28T08:40:54+04:00	ck9s-nat-mirror-2	0	1142719	363	2	25423872	6057984	uv*1 main2*1 
2026-09-28T08:40:54+04:00	ck9s-nat-mirror-2	0	1142736	1142719	22	703246336	422862848	ft*18 ZMQbg/Reaper*2 ZMQbg/IO/0*2 
2026-09-28T08:40:54+04:00	ck9s-nat-mirror-2	0	1142869	1142736	1	12808192	5939200	python3*1 
2026-09-28T08:40:54+04:00	ck9s-nat-mirror-2	0	1142870	1142736	41	16861196288	16251322368	python3*36 pt_gloo_runloop*2 pt_tcpstore_uv*1 cuda0000240000a*1 cuda-EvtHandlr*1 
2026-09-28T08:40:54+04:00	ck9s-nat-mirror-2	0	1142871	1142736	23	881684480	607404032	python3*17 ZMQbg/Reaper*3 ZMQbg/IO/0*3 
2026-09-28T08:41:04+04:00	ck9s-nat-mirror-2	0	1142719	363	2	25423872	6057984	uv*1 main2*1 
2026-09-28T08:41:04+04:00	ck9s-nat-mirror-2	0	1142736	1142719	22	703307776	422879232	ft*18 ZMQbg/Reaper*2 ZMQbg/IO/0*2 
2026-09-28T08:41:04+04:00	ck9s-nat-mirror-2	0	1142869	1142736	1	12808192	5939200	python3*1 
2026-09-28T08:41:04+04:00	ck9s-nat-mirror-2	0	1142870	1142736	45	17068318720	16454819840	python3*36 pt_gloo_runloop*2 ZMQbg/Reaper*2 ZMQbg/IO/0*2 pt_tcpstore_uv*1 cuda0000240000a*1 
2026-09-28T08:41:04+04:00	ck9s-nat-mirror-2	0	1142871	1142736	23	881774592	607449088	python3*17 ZMQbg/Reaper*3 ZMQbg/IO/0*3 
2026-09-28T08:41:14+04:00	ck9s-nat-mirror-2	0	1142719	363	2	25423872	6057984	uv*1 main2*1 
2026-09-28T08:41:14+04:00	ck9s-nat-mirror-2	0	1142736	1142719	39	908718080	622342144	ft*35 ZMQbg/Reaper*2 ZMQbg/IO/0*2 
2026-09-28T08:41:14+04:00	ck9s-nat-mirror-2	0	1142869	1142736	1	12808192	5939200	python3*1 
2026-09-28T08:41:14+04:00	ck9s-nat-mirror-2	0	1142870	1142736	45	17072484352	16455335936	python3*36 pt_gloo_runloop*2 ZMQbg/Reaper*2 ZMQbg/IO/0*2 pt_tcpstore_uv*1 cuda0000240000a*1 
2026-09-28T08:41:15+04:00	ck9s-nat-mirror-2	0	1142871	1142736	39	885825536	608247808	python3*33 ZMQbg/Reaper*3 ZMQbg/IO/0*3 
2026-09-28T08:41:28+04:00	ck9s-nat-mirror-2	0	1142719	363	2	25423872	6057984	uv*1 main2*1 
2026-09-28T08:41:28+04:00	ck9s-nat-mirror-2	0	1142736	1142719	39	908718080	622342144	ft*35 ZMQbg/Reaper*2 ZMQbg/IO/0*2 
2026-09-28T08:41:28+04:00	ck9s-nat-mirror-2	0	1142869	1142736	1	12808192	5939200	python3*1 
2026-09-28T08:41:28+04:00	ck9s-nat-mirror-2	0	1142870	1142736	45	17072484352	16455335936	python3*36 pt_gloo_runloop*2 ZMQbg/Reaper*2 ZMQbg/IO/0*2 pt_tcpstore_uv*1 cuda0000240000a*1 
2026-09-28T08:41:28+04:00	ck9s-nat-mirror-2	0	1142871	1142736	39	885825536	608247808	python3*33 ZMQbg/Reaper*3 ZMQbg/IO/0*3 
2026-09-28T08:41:38+04:00	ck9s-nat-mirror-2	2	1142719	363	2	25423872	6057984	uv*1 main2*1 
2026-09-28T08:41:38+04:00	ck9s-nat-mirror-2	2	1142736	1142719	39	993153024	706777088	ft*35 ZMQbg/Reaper*2 ZMQbg/IO/0*2 
2026-09-28T08:41:38+04:00	ck9s-nat-mirror-2	2	1142869	1142736	1	12808192	5939200	python3*1 
2026-09-28T08:41:38+04:00	ck9s-nat-mirror-2	2	1142870	1142736	45	17078386688	16460685312	python3*36 pt_gloo_runloop*2 ZMQbg/Reaper*2 ZMQbg/IO/0*2 pt_tcpstore_uv*1 cuda0000240000a*1 
2026-09-28T08:41:38+04:00	ck9s-nat-mirror-2	2	1142871	1142736	39	885858304	608280576	python3*33 ZMQbg/Reaper*3 ZMQbg/IO/0*3 
2026-09-28T08:41:49+04:00	ck9s-nat-mirror-2	2	1142719	363	2	25423872	6057984	uv*1 main2*1 
2026-09-28T08:41:49+04:00	ck9s-nat-mirror-2	2	1142736	1142719	39	993665024	707289088	ft*35 ZMQbg/Reaper*2 ZMQbg/IO/0*2 
2026-09-28T08:41:49+04:00	ck9s-nat-mirror-2	2	1142869	1142736	1	12808192	5939200	python3*1 
2026-09-28T08:41:49+04:00	ck9s-nat-mirror-2	2	1142870	1142736	45	17078386688	16460685312	python3*36 pt_gloo_runloop*2 ZMQbg/Reaper*2 ZMQbg/IO/0*2 pt_tcpstore_uv*1 cuda0000240000a*1 
2026-09-28T08:41:49+04:00	ck9s-nat-mirror-2	2	1142871	1142736	39	885858304	608280576	python3*33 ZMQbg/Reaper*3 ZMQbg/IO/0*3 
2026-09-28T08:42:02+04:00	ck9s-nat-mirror-2	2	1142719	363	2	25423872	6057984	uv*1 main2*1 
2026-09-28T08:42:02+04:00	ck9s-nat-mirror-2	2	1142736	1142719	39	993886208	707510272	ft*35 ZMQbg/Reaper*2 ZMQbg/IO/0*2 
2026-09-28T08:42:02+04:00	ck9s-nat-mirror-2	2	1142869	1142736	1	12808192	5939200	python3*1 
2026-09-28T08:42:02+04:00	ck9s-nat-mirror-2	2	1142870	1142736	45	17078386688	16460685312	python3*36 pt_gloo_runloop*2 ZMQbg/Reaper*2 ZMQbg/IO/0*2 pt_tcpstore_uv*1 cuda0000240000a*1 
2026-09-28T08:42:02+04:00	ck9s-nat-mirror-2	2	1142871	1142736	39	885858304	608280576	python3*33 ZMQbg/Reaper*3 ZMQbg/IO/0*3 
2026-09-28T08:42:12+04:00	ck9s-nat-mirror-2	2	1142719	363	2	25423872	6057984	uv*1 main2*1 
2026-09-28T08:42:12+04:00	ck9s-nat-mirror-2	2	1142736	1142719	39	993898496	707522560	ft*35 ZMQbg/Reaper*2 ZMQbg/IO/0*2 
2026-09-28T08:42:12+04:00	ck9s-nat-mirror-2	2	1142869	1142736	1	12808192	5939200	python3*1 
2026-09-28T08:42:12+04:00	ck9s-nat-mirror-2	2	1142870	1142736	45	17078386688	16460685312	python3*36 pt_gloo_runloop*2 ZMQbg/Reaper*2 ZMQbg/IO/0*2 pt_tcpstore_uv*1 cuda0000240000a*1 
2026-09-28T08:42:12+04:00	ck9s-nat-mirror-2	2	1142871	1142736	39	885858304	608280576	python3*33 ZMQbg/Reaper*3 ZMQbg/IO/0*3 
2026-09-28T08:42:22+04:00	ck9s-nat-mirror-2	2	1142719	363	2	25423872	6057984	uv*1 main2*1 
2026-09-28T08:42:22+04:00	ck9s-nat-mirror-2	2	1142736	1142719	39	994013184	707637248	ft*35 ZMQbg/Reaper*2 ZMQbg/IO/0*2 
2026-09-28T08:42:22+04:00	ck9s-nat-mirror-2	2	1142869	1142736	1	12808192	5939200	python3*1 
2026-09-28T08:42:22+04:00	ck9s-nat-mirror-2	2	1142870	1142736	45	17078390784	16460689408	python3*36 pt_gloo_runloop*2 ZMQbg/Reaper*2 ZMQbg/IO/0*2 pt_tcpstore_uv*1 cuda0000240000a*1 
2026-09-28T08:42:22+04:00	ck9s-nat-mirror-2	2	1142871	1142736	39	885858304	608280576	python3*33 ZMQbg/Reaper*3 ZMQbg/IO/0*3 
2026-09-28T08:42:36+04:00	ck9s-nat-mirror-2	2	1142719	363	2	25423872	6057984	uv*1 main2*1 
2026-09-28T08:42:36+04:00	ck9s-nat-mirror-2	2	1142736	1142719	39	994013184	707637248	ft*35 ZMQbg/Reaper*2 ZMQbg/IO/0*2 
2026-09-28T08:42:36+04:00	ck9s-nat-mirror-2	2	1142869	1142736	1	12808192	5939200	python3*1 
2026-09-28T08:42:36+04:00	ck9s-nat-mirror-2	2	1142870	1142736	45	17078390784	16460689408	python3*36 pt_gloo_runloop*2 ZMQbg/Reaper*2 ZMQbg/IO/0*2 pt_tcpstore_uv*1 cuda0000240000a*1 
2026-09-28T08:42:36+04:00	ck9s-nat-mirror-2	2	1142871	1142736	39	885858304	608280576	python3*33 ZMQbg/Reaper*3 ZMQbg/IO/0*3 
2026-09-28T08:42:46+04:00	ck9s-nat-mirror-2	2	1142719	363	2	25423872	6057984	uv*1 main2*1 
2026-09-28T08:42:46+04:00	ck9s-nat-mirror-2	2	1142736	1142719	39	994103296	707727360	ft*35 ZMQbg/Reaper*2 ZMQbg/IO/0*2 
2026-09-28T08:42:46+04:00	ck9s-nat-mirror-2	2	1142869	1142736	1	12808192	5939200	python3*1 
2026-09-28T08:42:46+04:00	ck9s-nat-mirror-2	2	1142870	1142736	45	17078390784	16460689408	python3*36 pt_gloo_runloop*2 ZMQbg/Reaper*2 ZMQbg/IO/0*2 pt_tcpstore_uv*1 cuda0000240000a*1 
2026-09-28T08:42:46+04:00	ck9s-nat-mirror-2	2	1142871	1142736	39	885858304	608280576	python3*33 ZMQbg/Reaper*3 ZMQbg/IO/0*3 
2026-09-28T08:42:56+04:00	ck9s-nat-mirror-2	2	1142719	363	2	25423872	6057984	uv*1 main2*1 
2026-09-28T08:42:56+04:00	ck9s-nat-mirror-2	2	1142736	1142719	39	994111488	707735552	ft*35 ZMQbg/Reaper*2 ZMQbg/IO/0*2 
2026-09-28T08:42:56+04:00	ck9s-nat-mirror-2	2	1142869	1142736	1	12808192	5939200	python3*1 
2026-09-28T08:42:56+04:00	ck9s-nat-mirror-2	2	1142870	1142736	45	17078390784	16460689408	python3*36 pt_gloo_runloop*2 ZMQbg/Reaper*2 ZMQbg/IO/0*2 pt_tcpstore_uv*1 cuda0000240000a*1 
2026-09-28T08:42:57+04:00	ck9s-nat-mirror-2	2	1142871	1142736	39	885858304	608280576	python3*33 ZMQbg/Reaper*3 ZMQbg/IO/0*3 
2026-09-28T08:43:10+04:00	ck9s-nat-mirror-2	2	1142719	363	2	25423872	6057984	uv*1 main2*1 
2026-09-28T08:43:10+04:00	ck9s-nat-mirror-2	2	1142736	1142719	39	994672640	708296704	ft*35 ZMQbg/Reaper*2 ZMQbg/IO/0*2 
2026-09-28T08:43:10+04:00	ck9s-nat-mirror-2	2	1142869	1142736	1	12808192	5939200	python3*1 
2026-09-28T08:43:10+04:00	ck9s-nat-mirror-2	2	1142870	1142736	45	17078444032	16460742656	python3*36 pt_gloo_runloop*2 ZMQbg/Reaper*2 ZMQbg/IO/0*2 pt_tcpstore_uv*1 cuda0000240000a*1 
2026-09-28T08:43:10+04:00	ck9s-nat-mirror-2	2	1142871	1142736	42	885960704	608382976	python3*34 ZMQbg/Reaper*4 ZMQbg/IO/0*4 
2026-09-28T08:43:20+04:00	ck9s-nat-mirror-2	2	1142719	363	2	25423872	6057984	uv*1 main2*1 
2026-09-28T08:43:20+04:00	ck9s-nat-mirror-2	2	1142736	1142719	39	994672640	708296704	ft*35 ZMQbg/Reaper*2 ZMQbg/IO/0*2 
2026-09-28T08:43:20+04:00	ck9s-nat-mirror-2	2	1142869	1142736	1	12808192	5939200	python3*1 
2026-09-28T08:43:20+04:00	ck9s-nat-mirror-2	2	1142870	1142736	45	17078444032	16460742656	python3*36 pt_gloo_runloop*2 ZMQbg/Reaper*2 ZMQbg/IO/0*2 pt_tcpstore_uv*1 cuda0000240000a*1 
2026-09-28T08:43:20+04:00	ck9s-nat-mirror-2	2	1142871	1142736	42	885960704	608382976	python3*34 ZMQbg/Reaper*4 ZMQbg/IO/0*4 
2026-09-28T08:43:30+04:00	ck9s-nat-mirror-2	2	1142719	363	2	25423872	6057984	uv*1 main2*1 
2026-09-28T08:43:30+04:00	ck9s-nat-mirror-2	2	1142736	1142719	39	994672640	708296704	ft*35 ZMQbg/Reaper*2 ZMQbg/IO/0*2 
2026-09-28T08:43:30+04:00	ck9s-nat-mirror-2	2	1142869	1142736	1	12808192	5939200	python3*1 
2026-09-28T08:43:30+04:00	ck9s-nat-mirror-2	2	1142870	1142736	45	17078444032	16460742656	python3*36 pt_gloo_runloop*2 ZMQbg/Reaper*2 ZMQbg/IO/0*2 pt_tcpstore_uv*1 cuda0000240000a*1 
2026-09-28T08:43:30+04:00	ck9s-nat-mirror-2	2	1142871	1142736	42	885960704	608382976	python3*34 ZMQbg/Reaper*4 ZMQbg/IO/0*4 
2026-09-28T08:43:44+04:00	cb-w1	0	1152899	363	3	25563136	6045696	uv*1 tokio-rt-worker*1 main2*1 
2026-09-28T08:43:44+04:00	cb-w1	0	1152916	1152899	16	489336832	268361728	ft*16 
2026-09-28T08:43:54+04:00	cb-w1	0	1152899	363	2	25694208	6045696	uv*1 main2*1 
2026-09-28T08:43:54+04:00	cb-w1	0	1152916	1152899	22	703320064	422719488	ft*18 ZMQbg/Reaper*2 ZMQbg/IO/0*2 
2026-09-28T08:43:54+04:00	cb-w1	0	1153068	1152916	1	12771328	5939200	python3*1 
2026-09-28T08:43:54+04:00	cb-w1	0	1153069	1152916	41	6056333312	982589440	python3*36 pt_gloo_runloop*2 pt_tcpstore_uv*1 cuda0000240000a*1 cuda-EvtHandlr*1 
2026-09-28T08:43:54+04:00	cb-w1	0	1153070	1152916	23	881266688	606482432	python3*17 ZMQbg/Reaper*3 ZMQbg/IO/0*3 
2026-09-28T08:44:04+04:00	cb-w1	0	1152899	363	2	25694208	6045696	uv*1 main2*1 
2026-09-28T08:44:04+04:00	cb-w1	0	1152916	1152899	22	695828480	422719488	ft*18 ZMQbg/Reaper*2 ZMQbg/IO/0*2 
2026-09-28T08:44:04+04:00	cb-w1	0	1153068	1152916	1	12771328	5939200	python3*1 
2026-09-28T08:44:04+04:00	cb-w1	0	1153069	1152916	41	17398599680	983166976	python3*36 pt_gloo_runloop*2 pt_tcpstore_uv*1 cuda0000240000a*1 cuda-EvtHandlr*1 
2026-09-28T08:44:05+04:00	cb-w1	0	1153070	1152916	23	872873984	606482432	python3*17 ZMQbg/Reaper*3 ZMQbg/IO/0*3 
2026-09-28T08:44:18+04:00	cb-w1	0	1152899	363	2	23404544	6045696	uv*1 main2*1 
2026-09-28T08:44:18+04:00	cb-w1	0	1152916	1152899	22	636522496	422727680	ft*18 ZMQbg/Reaper*2 ZMQbg/IO/0*2 
2026-09-28T08:44:18+04:00	cb-w1	0	1153068	1152916	1	12767232	5939200	python3*1 
2026-09-28T08:44:18+04:00	cb-w1	0	1153069	1152916	41	22587314176	1757388800	python3*36 pt_gloo_runloop*2 pt_tcpstore_uv*1 cuda0000240000a*1 cuda-EvtHandlr*1 
2026-09-28T08:44:18+04:00	cb-w1	0	1153070	1152916	23	814755840	606482432	python3*17 ZMQbg/Reaper*3 ZMQbg/IO/0*3 
2026-09-28T08:44:28+04:00	cb-w1	0	1152899	363	2	23404544	6045696	uv*1 main2*1 
2026-09-28T08:44:28+04:00	cb-w1	0	1152916	1152899	39	926535680	706605056	ft*35 ZMQbg/Reaper*2 ZMQbg/IO/0*2 
2026-09-28T08:44:28+04:00	cb-w1	0	1153068	1152916	1	12767232	5939200	python3*1 
2026-09-28T08:44:28+04:00	cb-w1	0	1153069	1152916	45	22821552128	1984331776	python3*36 pt_gloo_runloop*2 ZMQbg/Reaper*2 ZMQbg/IO/0*2 pt_tcpstore_uv*1 cuda0000240000a*1 
2026-09-28T08:44:28+04:00	cb-w1	0	1153070	1152916	39	819113984	607342592	python3*33 ZMQbg/Reaper*3 ZMQbg/IO/0*3 
2026-09-28T08:44:38+04:00	cb-w1	0	1152899	363	2	23404544	6045696	uv*1 main2*1 
2026-09-28T08:44:38+04:00	cb-w1	0	1152916	1152899	39	926535680	706605056	ft*35 ZMQbg/Reaper*2 ZMQbg/IO/0*2 
2026-09-28T08:44:39+04:00	cb-w1	0	1153068	1152916	1	12767232	5939200	python3*1 
2026-09-28T08:44:39+04:00	cb-w1	0	1153069	1152916	45	22821552128	1984331776	python3*36 pt_gloo_runloop*2 ZMQbg/Reaper*2 ZMQbg/IO/0*2 pt_tcpstore_uv*1 cuda0000240000a*1 
2026-09-28T08:44:39+04:00	cb-w1	0	1153070	1152916	39	819113984	607342592	python3*33 ZMQbg/Reaper*3 ZMQbg/IO/0*3 
2026-09-28T08:44:52+04:00	cb-w1	0	1152899	363	2	23404544	6045696	uv*1 main2*1 
2026-09-28T08:44:52+04:00	cb-w1	0	1152916	1152899	57	995844096	775913472	ft*51 ZMQbg/Reaper*3 ZMQbg/IO/0*3 
2026-09-28T08:44:52+04:00	cb-w1	0	1153068	1152916	1	12767232	5939200	python3*1 
2026-09-28T08:44:52+04:00	cb-w1	0	1153069	1152916	45	22822846464	1985626112	python3*36 pt_gloo_runloop*2 ZMQbg/Reaper*2 ZMQbg/IO/0*2 pt_tcpstore_uv*1 cuda0000240000a*1 
2026-09-28T08:44:52+04:00	cb-w1	0	1153070	1152916	57	882139136	670367744	python3*49 ZMQbg/Reaper*4 ZMQbg/IO/0*4 
2026-09-28T08:45:03+04:00	cb-w1	0	1152899	363	2	23404544	6045696	uv*1 main2*1 
2026-09-28T08:45:03+04:00	cb-w1	0	1152916	1152899	57	995852288	775921664	ft*51 ZMQbg/Reaper*3 ZMQbg/IO/0*3 
2026-09-28T08:45:03+04:00	cb-w1	0	1153068	1152916	1	12767232	5939200	python3*1 
2026-09-28T08:45:03+04:00	cb-w1	0	1153069	1152916	45	22822846464	1985626112	python3*36 pt_gloo_runloop*2 ZMQbg/Reaper*2 ZMQbg/IO/0*2 pt_tcpstore_uv*1 cuda0000240000a*1 
2026-09-28T08:45:03+04:00	cb-w1	0	1153070	1152916	57	882139136	670367744	python3*49 ZMQbg/Reaper*4 ZMQbg/IO/0*4 
2026-09-28T08:45:13+04:00	cb-w1	0	1152899	363	2	23404544	6045696	uv*1 main2*1 
2026-09-28T08:45:13+04:00	cb-w1	0	1152916	1152899	57	995852288	775921664	ft*51 ZMQbg/Reaper*3 ZMQbg/IO/0*3 
2026-09-28T08:45:13+04:00	cb-w1	0	1153068	1152916	1	12767232	5939200	python3*1 
2026-09-28T08:45:13+04:00	cb-w1	0	1153069	1152916	45	22822846464	1985626112	python3*36 pt_gloo_runloop*2 ZMQbg/Reaper*2 ZMQbg/IO/0*2 pt_tcpstore_uv*1 cuda0000240000a*1 
2026-09-28T08:45:13+04:00	cb-w1	0	1153070	1152916	57	882139136	670367744	python3*49 ZMQbg/Reaper*4 ZMQbg/IO/0*4 
2026-09-28T08:45:23+04:00	cb-w1	0	1152899	363	2	23404544	6045696	uv*1 main2*1 
2026-09-28T08:45:23+04:00	cb-w1	0	1152916	1152899	57	995852288	775921664	ft*51 ZMQbg/Reaper*3 ZMQbg/IO/0*3 
2026-09-28T08:45:23+04:00	cb-w1	0	1153068	1152916	1	12767232	5939200	python3*1 
2026-09-28T08:45:23+04:00	cb-w1	0	1153069	1152916	45	22822846464	1985626112	python3*36 pt_gloo_runloop*2 ZMQbg/Reaper*2 ZMQbg/IO/0*2 pt_tcpstore_uv*1 cuda0000240000a*1 
2026-09-28T08:45:23+04:00	cb-w1	0	1153070	1152916	57	882139136	670367744	python3*49 ZMQbg/Reaper*4 ZMQbg/IO/0*4 
2026-09-28T08:45:37+04:00	cb-w1	0	1152899	363	2	23404544	6045696	uv*1 main2*1 
2026-09-28T08:45:37+04:00	cb-w1	0	1152916	1152899	57	995852288	775921664	ft*51 ZMQbg/Reaper*3 ZMQbg/IO/0*3 
2026-09-28T08:45:37+04:00	cb-w1	0	1153068	1152916	1	12767232	5939200	python3*1 
2026-09-28T08:45:37+04:00	cb-w1	0	1153069	1152916	45	22822850560	1985630208	python3*36 pt_gloo_runloop*2 ZMQbg/Reaper*2 ZMQbg/IO/0*2 pt_tcpstore_uv*1 cuda0000240000a*1 
2026-09-28T08:45:37+04:00	cb-w1	0	1153070	1152916	57	882139136	670367744	python3*49 ZMQbg/Reaper*4 ZMQbg/IO/0*4 
2026-09-28T08:45:47+04:00	cb-w1	0	1152899	363	2	23404544	6045696	uv*1 main2*1 
2026-09-28T08:45:47+04:00	cb-w1	0	1152916	1152899	57	995852288	775921664	ft*51 ZMQbg/Reaper*3 ZMQbg/IO/0*3 
2026-09-28T08:45:47+04:00	cb-w1	0	1153068	1152916	1	12767232	5939200	python3*1 
2026-09-28T08:45:47+04:00	cb-w1	0	1153069	1152916	45	22822854656	1985634304	python3*36 pt_gloo_runloop*2 ZMQbg/Reaper*2 ZMQbg/IO/0*2 pt_tcpstore_uv*1 cuda0000240000a*1 
2026-09-28T08:45:47+04:00	cb-w1	0	1153070	1152916	57	882139136	670367744	python3*49 ZMQbg/Reaper*4 ZMQbg/IO/0*4 
2026-09-28T08:45:57+04:00	cb-w1	0	1152899	363	2	23404544	6045696	uv*1 main2*1 
2026-09-28T08:45:57+04:00	cb-w1	0	1152916	1152899	57	995852288	775921664	ft*51 ZMQbg/Reaper*3 ZMQbg/IO/0*3 
2026-09-28T08:45:57+04:00	cb-w1	0	1153068	1152916	1	12767232	5939200	python3*1 
2026-09-28T08:45:57+04:00	cb-w1	0	1153069	1152916	45	22822854656	1985634304	python3*36 pt_gloo_runloop*2 ZMQbg/Reaper*2 ZMQbg/IO/0*2 pt_tcpstore_uv*1 cuda0000240000a*1 
2026-09-28T08:45:57+04:00	cb-w1	0	1153070	1152916	57	882139136	670367744	python3*49 ZMQbg/Reaper*4 ZMQbg/IO/0*4 
2026-09-28T08:46:11+04:00	cb-w1	0	1152899	363	2	19337216	6045696	uv*1 main2*1 
2026-09-28T08:46:11+04:00	cb-w1	0	1152916	1152899	57	995815424	775987200	ft*51 ZMQbg/Reaper*3 ZMQbg/IO/0*3 
2026-09-28T08:46:11+04:00	cb-w1	0	1153068	1152916	1	12767232	5939200	python3*1 
2026-09-28T08:46:11+04:00	cb-w1	0	1153069	1152916	45	22881710080	2043506688	python3*36 pt_gloo_runloop*2 ZMQbg/Reaper*2 ZMQbg/IO/0*2 pt_tcpstore_uv*1 cuda0000240000a*1 
2026-09-28T08:46:11+04:00	cb-w1	0	1153070	1152916	57	921346048	709677056	python3*49 ZMQbg/Reaper*4 ZMQbg/IO/0*4 
2026-09-28T08:46:21+04:00	cb-w1	0	1152899	363	2	19337216	6045696	uv*1 main2*1 
2026-09-28T08:46:21+04:00	cb-w1	0	1152916	1152899	57	995815424	775987200	ft*51 ZMQbg/Reaper*3 ZMQbg/IO/0*3 
2026-09-28T08:46:21+04:00	cb-w1	0	1153068	1152916	1	12767232	5939200	python3*1 
2026-09-28T08:46:21+04:00	cb-w1	0	1153069	1152916	45	22881710080	2043506688	python3*36 pt_gloo_runloop*2 ZMQbg/Reaper*2 ZMQbg/IO/0*2 pt_tcpstore_uv*1 cuda0000240000a*1 
2026-09-28T08:46:21+04:00	cb-w1	0	1153070	1152916	57	921346048	709677056	python3*49 ZMQbg/Reaper*4 ZMQbg/IO/0*4 
2026-09-28T08:46:32+04:00	cb-w1	0	1152899	363	2	19337216	6045696	uv*1 main2*1 
2026-09-28T08:46:32+04:00	cb-w1	0	1152916	1152899	57	995815424	775987200	ft*51 ZMQbg/Reaper*3 ZMQbg/IO/0*3 
2026-09-28T08:46:32+04:00	cb-w1	0	1153068	1152916	1	12767232	5939200	python3*1 
2026-09-28T08:46:32+04:00	cb-w1	0	1153069	1152916	45	22881710080	2043506688	python3*36 pt_gloo_runloop*2 ZMQbg/Reaper*2 ZMQbg/IO/0*2 pt_tcpstore_uv*1 cuda0000240000a*1 
2026-09-28T08:46:32+04:00	cb-w1	0	1153070	1152916	57	921346048	709677056	python3*49 ZMQbg/Reaper*4 ZMQbg/IO/0*4 
2026-09-28T08:46:45+04:00	cb-w1	0	1152899	363	2	19337216	6045696	uv*1 main2*1 
2026-09-28T08:46:45+04:00	cb-w1	0	1152916	1152899	57	995815424	775987200	ft*51 ZMQbg/Reaper*3 ZMQbg/IO/0*3 
2026-09-28T08:46:45+04:00	cb-w1	0	1153068	1152916	1	12767232	5939200	python3*1 
2026-09-28T08:46:45+04:00	cb-w1	0	1153069	1152916	45	22881710080	2043506688	python3*36 pt_gloo_runloop*2 ZMQbg/Reaper*2 ZMQbg/IO/0*2 pt_tcpstore_uv*1 cuda0000240000a*1 
2026-09-28T08:46:45+04:00	cb-w1	0	1153070	1152916	57	921346048	709677056	python3*49 ZMQbg/Reaper*4 ZMQbg/IO/0*4 
2026-09-28T08:46:55+04:00	cb-w1	0	1152899	363	2	19337216	6045696	uv*1 main2*1 
2026-09-28T08:46:55+04:00	cb-w1	0	1152916	1152899	57	995815424	775987200	ft*51 ZMQbg/Reaper*3 ZMQbg/IO/0*3 
2026-09-28T08:46:55+04:00	cb-w1	0	1153068	1152916	1	12767232	5939200	python3*1 
2026-09-28T08:46:55+04:00	cb-w1	0	1153069	1152916	45	22881710080	2043506688	python3*36 pt_gloo_runloop*2 ZMQbg/Reaper*2 ZMQbg/IO/0*2 pt_tcpstore_uv*1 cuda0000240000a*1 
2026-09-28T08:46:55+04:00	cb-w1	0	1153070	1152916	57	921346048	709677056	python3*49 ZMQbg/Reaper*4 ZMQbg/IO/0*4 
2026-09-28T08:47:06+04:00	cb-w1	0	1152899	363	2	19337216	6045696	uv*1 main2*1 
2026-09-28T08:47:06+04:00	cb-w1	0	1152916	1152899	57	995815424	775987200	ft*51 ZMQbg/Reaper*3 ZMQbg/IO/0*3 
2026-09-28T08:47:06+04:00	cb-w1	0	1153068	1152916	1	12767232	5939200	python3*1 
2026-09-28T08:47:06+04:00	cb-w1	0	1153069	1152916	45	22881710080	2043506688	python3*36 pt_gloo_runloop*2 ZMQbg/Reaper*2 ZMQbg/IO/0*2 pt_tcpstore_uv*1 cuda0000240000a*1 
2026-09-28T08:47:06+04:00	cb-w1	0	1153070	1152916	57	921346048	709677056	python3*49 ZMQbg/Reaper*4 ZMQbg/IO/0*4 
2026-09-28T08:47:19+04:00	cb-w1	0	1152899	363	2	19333120	6045696	uv*1 main2*1 
2026-09-28T08:47:19+04:00	cb-w1	0	1152916	1152899	57	995332096	775987200	ft*51 ZMQbg/Reaper*3 ZMQbg/IO/0*3 
2026-09-28T08:47:19+04:00	cb-w1	0	1153068	1152916	1	12767232	5939200	python3*1 
2026-09-28T08:47:19+04:00	cb-w1	0	1153069	1152916	45	22881112064	2043506688	python3*36 pt_gloo_runloop*2 ZMQbg/Reaper*2 ZMQbg/IO/0*2 pt_tcpstore_uv*1 cuda0000240000a*1 
2026-09-28T08:47:19+04:00	cb-w1	0	1153070	1152916	57	920891392	709677056	python3*49 ZMQbg/Reaper*4 ZMQbg/IO/0*4 
2026-09-28T08:47:30+04:00	cb-w1	0	1152899	363	2	19333120	6045696	uv*1 main2*1 
2026-09-28T08:47:30+04:00	cb-w1	0	1152916	1152899	57	995336192	775991296	ft*51 ZMQbg/Reaper*3 ZMQbg/IO/0*3 
2026-09-28T08:47:30+04:00	cb-w1	0	1153068	1152916	1	12767232	5939200	python3*1 
2026-09-28T08:47:30+04:00	cb-w1	0	1153069	1152916	45	22889500672	2051895296	python3*36 pt_gloo_runloop*2 ZMQbg/Reaper*2 ZMQbg/IO/0*2 pt_tcpstore_uv*1 cuda0000240000a*1 
2026-09-28T08:47:30+04:00	cb-w1	0	1153070	1152916	57	920891392	709677056	python3*49 ZMQbg/Reaper*4 ZMQbg/IO/0*4 
2026-09-28T08:57:42+04:00	ck9s-replay	0	1210704	363	3	26324992	6062080	uv*1 tokio-rt-worker*1 main2*1 
2026-09-28T08:57:42+04:00	ck9s-replay	0	1210721	1210704	22	704053248	422752256	ft*18 ZMQbg/Reaper*2 ZMQbg/IO/0*2 
2026-09-28T08:57:42+04:00	ck9s-replay	0	1210816	1210721	1	12771328	5943296	python3*1 
2026-09-28T08:57:42+04:00	ck9s-replay	0	1210817	1210721	24	1244147712	759062528	python3*19 pt_gloo_runloop*2 pt_tcpstore_uv*1 cuda0000240000a*1 cuda-EvtHandlr*1 
2026-09-28T08:57:42+04:00	ck9s-replay	0	1210818	1210721	23	883744768	607350784	python3*17 ZMQbg/Reaper*3 ZMQbg/IO/0*3 
2026-09-28T08:57:52+04:00	ck9s-replay	0	1210704	363	2	26456064	6062080	uv*1 main2*1 
2026-09-28T08:57:52+04:00	ck9s-replay	0	1210721	1210704	22	704061440	422760448	ft*18 ZMQbg/Reaper*2 ZMQbg/IO/0*2 
2026-09-28T08:57:52+04:00	ck9s-replay	0	1210816	1210721	1	12771328	5943296	python3*1 
2026-09-28T08:57:52+04:00	ck9s-replay	0	1210817	1210721	41	10238705664	1001750528	python3*36 pt_gloo_runloop*2 pt_tcpstore_uv*1 cuda0000240000a*1 cuda-EvtHandlr*1 
2026-09-28T08:57:52+04:00	ck9s-replay	0	1210818	1210721	23	883744768	607350784	python3*17 ZMQbg/Reaper*3 ZMQbg/IO/0*3 
2026-09-28T08:58:06+04:00	ck9s-replay	0	1210704	363	2	26292224	6062080	uv*1 main2*1 
2026-09-28T08:58:06+04:00	ck9s-replay	0	1210721	1210704	22	701947904	422760448	ft*18 ZMQbg/Reaper*2 ZMQbg/IO/0*2 
2026-09-28T08:58:06+04:00	ck9s-replay	0	1210816	1210721	1	12763136	5943296	python3*1 
2026-09-28T08:58:06+04:00	ck9s-replay	0	1210817	1210721	41	19144314880	1002176512	python3*36 pt_gloo_runloop*2 pt_tcpstore_uv*1 cuda0000240000a*1 cuda-EvtHandlr*1 
2026-09-28T08:58:06+04:00	ck9s-replay	0	1210818	1210721	23	881700864	607350784	python3*17 ZMQbg/Reaper*3 ZMQbg/IO/0*3 
2026-09-28T08:58:16+04:00	ck9s-replay	0	1210704	363	2	25866240	6062080	uv*1 main2*1 
2026-09-28T08:58:16+04:00	ck9s-replay	0	1210721	1210704	22	665452544	422764544	ft*18 ZMQbg/Reaper*2 ZMQbg/IO/0*2 
2026-09-28T08:58:16+04:00	ck9s-replay	0	1210816	1210721	1	12738560	5943296	python3*1 
2026-09-28T08:58:16+04:00	ck9s-replay	0	1210817	1210721	41	23689617408	1209614336	python3*36 pt_gloo_runloop*2 pt_tcpstore_uv*1 cuda0000240000a*1 cuda-EvtHandlr*1 
2026-09-28T08:58:16+04:00	ck9s-replay	0	1210818	1210721	23	845717504	607350784	python3*17 ZMQbg/Reaper*3 ZMQbg/IO/0*3 
2026-09-28T08:58:16+04:00	ck9s-replay	0	1212675	1210817	1	4603904	630784	ninja*1 
2026-09-28T08:58:16+04:00	ck9s-replay	0	1212676	1212675	1	1941504	118784	sh*1 
2026-09-28T08:58:16+04:00	ck9s-replay	0	1212677	1212676	1	6365184	1855488	nvcc*1 
2026-09-28T08:58:16+04:00	ck9s-replay	0	1212790					
2026-09-28T08:58:26+04:00	ck9s-replay	0	1210704	363	2	19828736	28672	uv*1 main2*1 
2026-09-28T08:58:26+04:00	ck9s-replay	0	1210721	1210704	22	593465344	363061248	ft*18 ZMQbg/Reaper*2 ZMQbg/IO/0*2 
2026-09-28T08:58:26+04:00	ck9s-replay	0	1210816	1210721	1	12738560	5943296	python3*1 
2026-09-28T08:58:26+04:00	ck9s-replay	0	1210817	1210721	41	23716577280	1248468992	python3*36 pt_gloo_runloop*2 pt_tcpstore_uv*1 cuda0000240000a*1 cuda-EvtHandlr*1 
2026-09-28T08:58:26+04:00	ck9s-replay	0	1210818	1210721	23	833470464	607350784	python3*17 ZMQbg/Reaper*3 ZMQbg/IO/0*3 
2026-09-28T08:58:26+04:00	ck9s-replay	0	1213003	1210817	1	4808704	802816	ninja*1 
2026-09-28T08:58:26+04:00	ck9s-replay	0	1213004	1213003	1	1941504	118784	sh*1 
2026-09-28T08:58:26+04:00	ck9s-replay	0	1213006	1213004	1	6385664	1921024	nvcc*1 
2026-09-28T08:58:26+04:00	ck9s-replay	0	1213563	1213006	1	1933312	110592	sh*1 
2026-09-28T08:58:27+04:00	ck9s-replay	0	1213564	1213563	1	199495680	174125056	ptxas*1 
2026-09-28T08:58:40+04:00	ck9s-replay	0	1210704	363	2	19828736	28672	uv*1 main2*1 
2026-09-28T08:58:40+04:00	ck9s-replay	0	1210721	1210704	22	593477632	363073536	ft*18 ZMQbg/Reaper*2 ZMQbg/IO/0*2 
2026-09-28T08:58:40+04:00	ck9s-replay	0	1210816	1210721	1	12738560	5943296	python3*1 
2026-09-28T08:58:40+04:00	ck9s-replay	0	1210817	1210721	41	22378115072	1533833216	python3*36 pt_gloo_runloop*2 pt_tcpstore_uv*1 cuda0000240000a*1 cuda-EvtHandlr*1 
2026-09-28T08:58:40+04:00	ck9s-replay	0	1210818	1210721	23	833470464	607350784	python3*17 ZMQbg/Reaper*3 ZMQbg/IO/0*3 
2026-09-28T08:58:40+04:00	ck9s-replay	0	1214397	1210817	1	5025792	1019904	ninja*1 
2026-09-28T08:58:40+04:00	ck9s-replay	0	1214398	1214397	1	1945600	122880	sh*1 
2026-09-28T08:58:40+04:00	ck9s-replay	0	1214399	1214397	1	1945600	122880	sh*1 
2026-09-28T08:58:40+04:00	ck9s-replay	0	1214400	1214397	1	1945600	122880	sh*1 
2026-09-28T08:58:40+04:00	ck9s-replay	0	1214401	1214398	1	6254592	1822720	nvcc*1 
2026-09-28T08:58:41+04:00	ck9s-replay	0	1214402	1214397	1	1949696	126976	sh*1 
2026-09-28T08:58:41+04:00	ck9s-replay	0	1214403	1214399	1	6303744	1822720	nvcc*1 
2026-09-28T08:58:41+04:00	ck9s-replay	0	1214404	1214397	1	1945600	122880	sh*1 
2026-09-28T08:58:41+04:00	ck9s-replay	0	1214405	1214400	1	6283264	1826816	nvcc*1 
2026-09-28T08:58:41+04:00	ck9s-replay	0	1214406	1214397	1	1941504	118784	sh*1 
2026-09-28T08:58:41+04:00	ck9s-replay	0	1214407	1214402	1	6332416	1822720	nvcc*1 
2026-09-28T08:58:41+04:00	ck9s-replay	0	1214408	1214404	1	6410240	1933312	nvcc*1 
2026-09-28T08:58:41+04:00	ck9s-replay	0	1214409	1214406	1	6402048	1929216	nvcc*1 
2026-09-28T08:58:51+04:00	ck9s-replay	0	1210704	363	2	12312576	28672	uv*1 main2*1 
2026-09-28T08:58:51+04:00	ck9s-replay	0	1210721	1210704	22	583782400	363073536	ft*18 ZMQbg/Reaper*2 ZMQbg/IO/0*2 
2026-09-28T08:58:51+04:00	ck9s-replay	0	1210816	1210721	1	12738560	5943296	python3*1 
2026-09-28T08:58:51+04:00	ck9s-replay	0	1210817	1210721	41	22603182080	1766252544	python3*36 pt_gloo_runloop*2 pt_tcpstore_uv*1 cuda0000240000a*1 cuda-EvtHandlr*1 
2026-09-28T08:58:51+04:00	ck9s-replay	0	1210818	1210721	23	823775232	607350784	python3*17 ZMQbg/Reaper*3 ZMQbg/IO/0*3 
2026-09-28T08:59:01+04:00	ck9s-replay	0	1210704	363	2	12312576	28672	uv*1 main2*1 
2026-09-28T08:59:01+04:00	ck9s-replay	0	1210721	1210704	22	584486912	363569152	ft*18 ZMQbg/Reaper*2 ZMQbg/IO/0*2 
2026-09-28T08:59:01+04:00	ck9s-replay	0	1210816	1210721	1	12738560	5943296	python3*1 
2026-09-28T08:59:01+04:00	ck9s-replay	0	1210817	1210721	45	22857613312	2014666752	python3*36 pt_gloo_runloop*2 ZMQbg/Reaper*2 ZMQbg/IO/0*2 pt_tcpstore_uv*1 cuda0000240000a*1 
2026-09-28T08:59:01+04:00	ck9s-replay	0	1210818	1210721	23	824082432	607395840	python3*17 ZMQbg/Reaper*3 ZMQbg/IO/0*3 
2026-09-28T08:59:15+04:00	ck9s-replay	0	1210704	363	2	12312576	28672	uv*1 main2*1 
2026-09-28T08:59:15+04:00	ck9s-replay	0	1210721	1210704	39	792408064	564609024	ft*35 ZMQbg/Reaper*2 ZMQbg/IO/0*2 
2026-09-28T08:59:15+04:00	ck9s-replay	0	1210816	1210721	1	12738560	5943296	python3*1 
2026-09-28T08:59:15+04:00	ck9s-replay	0	1210817	1210721	45	22876332032	2028552192	python3*36 pt_gloo_runloop*2 ZMQbg/Reaper*2 ZMQbg/IO/0*2 pt_tcpstore_uv*1 cuda0000240000a*1 
2026-09-28T08:59:15+04:00	ck9s-replay	0	1210818	1210721	39	829489152	608165888	python3*33 ZMQbg/Reaper*3 ZMQbg/IO/0*3 
2026-09-28T08:59:25+04:00	ck9s-replay	0	1210704	363	2	12312576	28672	uv*1 main2*1 
2026-09-28T08:59:25+04:00	ck9s-replay	0	1210721	1210704	39	792408064	564609024	ft*35 ZMQbg/Reaper*2 ZMQbg/IO/0*2 
2026-09-28T08:59:25+04:00	ck9s-replay	0	1210816	1210721	1	12738560	5943296	python3*1 
2026-09-28T08:59:25+04:00	ck9s-replay	0	1210817	1210721	45	22876332032	2028552192	python3*36 pt_gloo_runloop*2 ZMQbg/Reaper*2 ZMQbg/IO/0*2 pt_tcpstore_uv*1 cuda0000240000a*1 
2026-09-28T08:59:26+04:00	ck9s-replay	0	1210818	1210721	39	829489152	608165888	python3*33 ZMQbg/Reaper*3 ZMQbg/IO/0*3 
2026-09-28T08:59:36+04:00	ck9s-replay	2	1210704	363	2	12312576	28672	uv*1 main2*1 
2026-09-28T08:59:36+04:00	ck9s-replay	2	1210721	1210704	42	794189824	566243328	ft*36 ZMQbg/Reaper*3 ZMQbg/IO/0*3 
2026-09-28T08:59:36+04:00	ck9s-replay	2	1210816	1210721	1	12738560	5943296	python3*1 
2026-09-28T08:59:36+04:00	ck9s-replay	2	1210817	1210721	45	22877077504	2029297664	python3*36 pt_gloo_runloop*2 ZMQbg/Reaper*2 ZMQbg/IO/0*2 pt_tcpstore_uv*1 cuda0000240000a*1 
2026-09-28T08:59:37+04:00	ck9s-replay	2	1210818	1210721	57	815538176	608665600	python3*49 ZMQbg/Reaper*4 ZMQbg/IO/0*4 
2026-09-28T08:59:50+04:00	ck9s-replay	2	1210704	363	2	12312576	28672	uv*1 main2*1 
2026-09-28T08:59:50+04:00	ck9s-replay	2	1210721	1210704	57	746557440	532967424	ft*51 ZMQbg/Reaper*3 ZMQbg/IO/0*3 
2026-09-28T08:59:50+04:00	ck9s-replay	2	1210816	1210721	1	12738560	5943296	python3*1 
2026-09-28T08:59:50+04:00	ck9s-replay	2	1210817	1210721	45	22870487040	2039541760	python3*36 pt_gloo_runloop*2 ZMQbg/Reaper*2 ZMQbg/IO/0*2 pt_tcpstore_uv*1 cuda0000240000a*1 
2026-09-28T08:59:50+04:00	ck9s-replay	2	1210818	1210721	57	815550464	608677888	python3*49 ZMQbg/Reaper*4 ZMQbg/IO/0*4 
2026-09-28T09:00:01+04:00	ck9s-replay	2	1210704	363	2	12292096	20480	uv*1 main2*1 
2026-09-28T09:00:01+04:00	ck9s-replay	2	1210721	1210704	57	689434624	490622976	ft*51 ZMQbg/Reaper*3 ZMQbg/IO/0*3 
2026-09-28T09:00:01+04:00	ck9s-replay	2	1210816	1210721	1	12738560	5943296	python3*1 
2026-09-28T09:00:01+04:00	ck9s-replay	2	1210817	1210721	45	23774515200	2954051584	python3*36 pt_gloo_runloop*2 ZMQbg/Reaper*2 ZMQbg/IO/0*2 pt_tcpstore_uv*1 cuda0000240000a*1 
2026-09-28T09:00:01+04:00	ck9s-replay	2	1210818	1210721	57	800784384	608686080	python3*49 ZMQbg/Reaper*4 ZMQbg/IO/0*4 
2026-09-28T09:00:25+04:00	cn-s2	0	1227242	363	3	26140672	6049792	uv*1 tokio-rt-worker*1 main2*1 
2026-09-28T09:00:25+04:00	cn-s2	0	1227278	1227242	22	702304256	422588416	ft*18 ZMQbg/Reaper*2 ZMQbg/IO/0*2 
2026-09-28T09:00:25+04:00	cn-s2	0	1227798	1227278	1	12779520	5943296	python3*1 
2026-09-28T09:00:25+04:00	cn-s2	0	1227799	1227278	16	459726848	243142656	python3*16 
2026-09-28T09:00:25+04:00	cn-s2	0	1227800	1227278	16	463388672	246136832	python3*16 
2026-09-28T09:00:35+04:00	cn-s2	0	1227242	363	2	26271744	6049792	uv*1 main2*1 
2026-09-28T09:00:35+04:00	cn-s2	0	1227278	1227242	22	702615552	422764544	ft*18 ZMQbg/Reaper*2 ZMQbg/IO/0*2 
2026-09-28T09:00:35+04:00	cn-s2	0	1227798	1227278	1	12779520	5943296	python3*1 
2026-09-28T09:00:35+04:00	cn-s2	0	1227799	1227278	40	17485594624	15354015744	python3*35 pt_gloo_runloop*2 pt_tcpstore_uv*1 cuda0000240000a*1 cuda-EvtHandlr*1 
2026-09-28T09:00:35+04:00	cn-s2	0	1227800	1227278	23	880136192	606588928	python3*17 ZMQbg/Reaper*3 ZMQbg/IO/0*3 
2026-09-28T09:00:45+04:00	cn-s2	0	1227242	363	2	26271744	6049792	uv*1 main2*1 
2026-09-28T09:00:45+04:00	cn-s2	0	1227278	1227242	22	702619648	422768640	ft*18 ZMQbg/Reaper*2 ZMQbg/IO/0*2 
2026-09-28T09:00:45+04:00	cn-s2	0	1227798	1227278	1	12779520	5943296	python3*1 
2026-09-28T09:00:45+04:00	cn-s2	0	1227799	1227278	41	17584168960	15447969792	python3*36 pt_gloo_runloop*2 pt_tcpstore_uv*1 cuda0000240000a*1 cuda-EvtHandlr*1 
2026-09-28T09:00:45+04:00	cn-s2	0	1227800	1227278	23	880136192	606588928	python3*17 ZMQbg/Reaper*3 ZMQbg/IO/0*3 
