ts	unit	probes_done	pid	ppid	threads	rss	anon	thread_names
2026-09-27T04:01:11+04:00	ck8o-warm-whole	0	3597360	363	3	27058176	6041600	uv*1 tokio-rt-worker*1 main2*1 
2026-09-27T04:01:11+04:00	ck8o-warm-whole	0	3597377	3597360	22	703356928	422703104	ft*18 ZMQbg/Reaper*2 ZMQbg/IO/0*2 
2026-09-27T04:01:11+04:00	ck8o-warm-whole	0	3597828	3597377	1	12795904	5943296	python3*1 
2026-09-27T04:01:11+04:00	ck8o-warm-whole	0	3597829	3597377	24	959655936	540852224	python3*19 pt_gloo_runloop*2 pt_tcpstore_uv*1 cuda0000240000a*1 cuda-EvtHandlr*1 
2026-09-27T04:01:11+04:00	ck8o-warm-whole	0	3597830	3597377	23	887504896	607305728	python3*17 ZMQbg/Reaper*3 ZMQbg/IO/0*3 
2026-09-27T04:01:22+04:00	ck8o-warm-whole	0	3597360	363	2	27189248	6041600	uv*1 main2*1 
2026-09-27T04:01:22+04:00	ck8o-warm-whole	0	3597377	3597360	22	703565824	422846464	ft*18 ZMQbg/Reaper*2 ZMQbg/IO/0*2 
2026-09-27T04:01:22+04:00	ck8o-warm-whole	0	3597828	3597377	1	12795904	5943296	python3*1 
2026-09-27T04:01:22+04:00	ck8o-warm-whole	0	3597829	3597377	41	3559452672	986148864	python3*36 pt_gloo_runloop*2 pt_tcpstore_uv*1 cuda0000240000a*1 cuda-EvtHandlr*1 
2026-09-27T04:01:22+04:00	ck8o-warm-whole	0	3597830	3597377	23	887504896	607305728	python3*17 ZMQbg/Reaper*3 ZMQbg/IO/0*3 
2026-09-27T04:01:32+04:00	ck8o-warm-whole	0	3597360	363	2	27189248	6041600	uv*1 main2*1 
2026-09-27T04:01:32+04:00	ck8o-warm-whole	0	3597377	3597360	22	703569920	422850560	ft*18 ZMQbg/Reaper*2 ZMQbg/IO/0*2 
2026-09-27T04:01:32+04:00	ck8o-warm-whole	0	3597828	3597377	1	12795904	5943296	python3*1 
2026-09-27T04:01:32+04:00	ck8o-warm-whole	0	3597829	3597377	41	3908411392	986198016	python3*36 pt_gloo_runloop*2 pt_tcpstore_uv*1 cuda0000240000a*1 cuda-EvtHandlr*1 
2026-09-27T04:01:32+04:00	ck8o-warm-whole	0	3597830	3597377	23	887504896	607305728	python3*17 ZMQbg/Reaper*3 ZMQbg/IO/0*3 
2026-09-27T04:01:44+04:00	ck8o-warm-whole	0	3597360	363	2	27189248	6041600	uv*1 main2*1 
2026-09-27T04:01:44+04:00	ck8o-warm-whole	0	3597377	3597360	22	703569920	422850560	ft*18 ZMQbg/Reaper*2 ZMQbg/IO/0*2 
2026-09-27T04:01:44+04:00	ck8o-warm-whole	0	3597828	3597377	1	12795904	5943296	python3*1 
2026-09-27T04:01:44+04:00	ck8o-warm-whole	0	3597829	3597377	41	4257169408	986222592	python3*36 pt_gloo_runloop*2 pt_tcpstore_uv*1 cuda0000240000a*1 cuda-EvtHandlr*1 
2026-09-27T04:01:44+04:00	ck8o-warm-whole	0	3597830	3597377	23	887504896	607305728	python3*17 ZMQbg/Reaper*3 ZMQbg/IO/0*3 
2026-09-27T04:01:54+04:00	ck8o-warm-whole	0	3597360	363	2	27189248	6041600	uv*1 main2*1 
2026-09-27T04:01:54+04:00	ck8o-warm-whole	0	3597377	3597360	22	703574016	422854656	ft*18 ZMQbg/Reaper*2 ZMQbg/IO/0*2 
2026-09-27T04:01:54+04:00	ck8o-warm-whole	0	3597828	3597377	1	12795904	5943296	python3*1 
2026-09-27T04:01:54+04:00	ck8o-warm-whole	0	3597829	3597377	41	4574199808	986222592	python3*36 pt_gloo_runloop*2 pt_tcpstore_uv*1 cuda0000240000a*1 cuda-EvtHandlr*1 
2026-09-27T04:01:55+04:00	ck8o-warm-whole	0	3597830	3597377	23	887504896	607305728	python3*17 ZMQbg/Reaper*3 ZMQbg/IO/0*3 
2026-09-27T04:02:05+04:00	ck8o-warm-whole	0	3597360	363	2	27189248	6041600	uv*1 main2*1 
2026-09-27T04:02:05+04:00	ck8o-warm-whole	0	3597377	3597360	22	703574016	422854656	ft*18 ZMQbg/Reaper*2 ZMQbg/IO/0*2 
2026-09-27T04:02:05+04:00	ck8o-warm-whole	0	3597828	3597377	1	12795904	5943296	python3*1 
2026-09-27T04:02:05+04:00	ck8o-warm-whole	0	3597829	3597377	41	7364222976	986378240	python3*36 pt_gloo_runloop*2 pt_tcpstore_uv*1 cuda0000240000a*1 cuda-EvtHandlr*1 
2026-09-27T04:02:05+04:00	ck8o-warm-whole	0	3597830	3597377	23	887504896	607305728	python3*17 ZMQbg/Reaper*3 ZMQbg/IO/0*3 
2026-09-27T04:02:17+04:00	ck8o-warm-whole	0	3597360	363	2	27189248	6041600	uv*1 main2*1 
2026-09-27T04:02:17+04:00	ck8o-warm-whole	0	3597377	3597360	22	703574016	422854656	ft*18 ZMQbg/Reaper*2 ZMQbg/IO/0*2 
2026-09-27T04:02:17+04:00	ck8o-warm-whole	0	3597828	3597377	1	12795904	5943296	python3*1 
2026-09-27T04:02:17+04:00	ck8o-warm-whole	0	3597829	3597377	41	13134450688	986652672	python3*36 pt_gloo_runloop*2 pt_tcpstore_uv*1 cuda0000240000a*1 cuda-EvtHandlr*1 
2026-09-27T04:02:17+04:00	ck8o-warm-whole	0	3597830	3597377	23	887504896	607305728	python3*17 ZMQbg/Reaper*3 ZMQbg/IO/0*3 
2026-09-27T04:02:28+04:00	ck8o-warm-whole	0	3597360	363	2	24932352	6041600	uv*1 main2*1 
2026-09-27T04:02:28+04:00	ck8o-warm-whole	0	3597377	3597360	22	633757696	422862848	ft*18 ZMQbg/Reaper*2 ZMQbg/IO/0*2 
2026-09-27T04:02:28+04:00	ck8o-warm-whole	0	3597828	3597377	1	12783616	5943296	python3*1 
2026-09-27T04:02:28+04:00	ck8o-warm-whole	0	3597829	3597377	41	22697533440	987127808	python3*36 pt_gloo_runloop*2 pt_tcpstore_uv*1 cuda0000240000a*1 cuda-EvtHandlr*1 
2026-09-27T04:02:28+04:00	ck8o-warm-whole	0	3597830	3597377	23	817741824	607305728	python3*17 ZMQbg/Reaper*3 ZMQbg/IO/0*3 
2026-09-27T04:02:38+04:00	ck8o-warm-whole	0	3597360	363	2	24907776	6041600	uv*1 main2*1 
2026-09-27T04:02:38+04:00	ck8o-warm-whole	0	3597377	3597360	39	827301888	622129152	ft*35 ZMQbg/Reaper*2 ZMQbg/IO/0*2 
2026-09-27T04:02:38+04:00	ck8o-warm-whole	0	3597828	3597377	1	12783616	5943296	python3*1 
2026-09-27T04:02:38+04:00	ck8o-warm-whole	0	3597829	3597377	45	22812532736	1989103616	python3*36 pt_gloo_runloop*2 ZMQbg/Reaper*2 ZMQbg/IO/0*2 pt_tcpstore_uv*1 cuda0000240000a*1 
2026-09-27T04:02:38+04:00	ck8o-warm-whole	0	3597830	3597377	39	810016768	608100352	python3*33 ZMQbg/Reaper*3 ZMQbg/IO/0*3 
2026-09-27T04:02:51+04:00	ck8o-warm-whole	0	3597360	363	2	24907776	6041600	uv*1 main2*1 
2026-09-27T04:02:51+04:00	ck8o-warm-whole	0	3597377	3597360	39	827310080	622137344	ft*35 ZMQbg/Reaper*2 ZMQbg/IO/0*2 
2026-09-27T04:02:51+04:00	ck8o-warm-whole	0	3597828	3597377	1	12783616	5943296	python3*1 
2026-09-27T04:02:51+04:00	ck8o-warm-whole	0	3597829	3597377	45	22813540352	1989337088	python3*36 pt_gloo_runloop*2 ZMQbg/Reaper*2 ZMQbg/IO/0*2 pt_tcpstore_uv*1 cuda0000240000a*1 
2026-09-27T04:02:51+04:00	ck8o-warm-whole	0	3597830	3597377	39	810033152	608108544	python3*33 ZMQbg/Reaper*3 ZMQbg/IO/0*3 
2026-09-27T04:03:01+04:00	ck8o-warm-whole	0	3597360	363	2	24907776	6041600	uv*1 main2*1 
2026-09-27T04:03:01+04:00	ck8o-warm-whole	0	3597377	3597360	39	826998784	622186496	ft*35 ZMQbg/Reaper*2 ZMQbg/IO/0*2 
2026-09-27T04:03:01+04:00	ck8o-warm-whole	0	3597828	3597377	1	12783616	5943296	python3*1 
2026-09-27T04:03:01+04:00	ck8o-warm-whole	0	3597829	3597377	45	22813163520	1989578752	python3*36 pt_gloo_runloop*2 ZMQbg/Reaper*2 ZMQbg/IO/0*2 pt_tcpstore_uv*1 cuda0000240000a*1 
2026-09-27T04:03:01+04:00	ck8o-warm-whole	0	3597830	3597377	39	809672704	608108544	python3*33 ZMQbg/Reaper*3 ZMQbg/IO/0*3 
2026-09-27T04:03:57+04:00	ck8o-warm-mirror	0	3608552	363	3	26308608	6062080	uv*1 tokio-rt-worker*1 main2*1 
2026-09-27T04:03:57+04:00	ck8o-warm-mirror	0	3608574	3608552	16	674344960	396345344	ft*16 
2026-09-27T04:04:07+04:00	ck8o-warm-mirror	0	3608552	363	2	26439680	6062080	uv*1 main2*1 
2026-09-27T04:04:07+04:00	ck8o-warm-mirror	0	3608574	3608552	22	702148608	422723584	ft*18 ZMQbg/Reaper*2 ZMQbg/IO/0*2 
2026-09-27T04:04:07+04:00	ck8o-warm-mirror	0	3608840	3608574	1	12800000	5939200	python3*1 
2026-09-27T04:04:07+04:00	ck8o-warm-mirror	0	3608841	3608574	40	17465507840	15341256704	python3*35 pt_gloo_runloop*2 pt_tcpstore_uv*1 cuda0000240000a*1 cuda-EvtHandlr*1 
2026-09-27T04:04:07+04:00	ck8o-warm-mirror	0	3608842	3608574	23	881106944	607342592	python3*17 ZMQbg/Reaper*3 ZMQbg/IO/0*3 
2026-09-27T04:04:17+04:00	ck8o-warm-mirror	0	3608552	363	2	26439680	6062080	uv*1 main2*1 
2026-09-27T04:04:17+04:00	ck8o-warm-mirror	0	3608574	3608552	22	702152704	422727680	ft*18 ZMQbg/Reaper*2 ZMQbg/IO/0*2 
2026-09-27T04:04:17+04:00	ck8o-warm-mirror	0	3608840	3608574	1	12800000	5939200	python3*1 
2026-09-27T04:04:17+04:00	ck8o-warm-mirror	0	3608841	3608574	41	17555759104	15427796992	python3*36 pt_gloo_runloop*2 pt_tcpstore_uv*1 cuda0000240000a*1 cuda-EvtHandlr*1 
2026-09-27T04:04:17+04:00	ck8o-warm-mirror	0	3608842	3608574	23	881106944	607342592	python3*17 ZMQbg/Reaper*3 ZMQbg/IO/0*3 
2026-09-27T04:04:30+04:00	ck8o-warm-mirror	0	3608552	363	2	26439680	6062080	uv*1 main2*1 
2026-09-27T04:04:30+04:00	ck8o-warm-mirror	0	3608574	3608552	22	702160896	422735872	ft*18 ZMQbg/Reaper*2 ZMQbg/IO/0*2 
2026-09-27T04:04:30+04:00	ck8o-warm-mirror	0	3608840	3608574	1	12800000	5939200	python3*1 
2026-09-27T04:04:30+04:00	ck8o-warm-mirror	0	3608841	3608574	41	16337965056	15747809280	python3*36 pt_gloo_runloop*2 pt_tcpstore_uv*1 cuda0000240000a*1 cuda-EvtHandlr*1 
2026-09-27T04:04:30+04:00	ck8o-warm-mirror	0	3608842	3608574	23	881106944	607342592	python3*17 ZMQbg/Reaper*3 ZMQbg/IO/0*3 
2026-09-27T04:04:40+04:00	ck8o-warm-mirror	0	3608552	363	2	26439680	6062080	uv*1 main2*1 
2026-09-27T04:04:40+04:00	ck8o-warm-mirror	0	3608574	3608552	22	702164992	422739968	ft*18 ZMQbg/Reaper*2 ZMQbg/IO/0*2 
2026-09-27T04:04:40+04:00	ck8o-warm-mirror	0	3608840	3608574	1	12800000	5939200	python3*1 
2026-09-27T04:04:40+04:00	ck8o-warm-mirror	0	3608841	3608574	41	16580829184	15982477312	python3*36 pt_gloo_runloop*2 pt_tcpstore_uv*1 cuda0000240000a*1 cuda-EvtHandlr*1 
2026-09-27T04:04:40+04:00	ck8o-warm-mirror	0	3608842	3608574	23	881106944	607342592	python3*17 ZMQbg/Reaper*3 ZMQbg/IO/0*3 
2026-09-27T04:04:50+04:00	ck8o-warm-mirror	0	3608552	363	2	26439680	6062080	uv*1 main2*1 
2026-09-27T04:04:50+04:00	ck8o-warm-mirror	0	3608574	3608552	22	702164992	422739968	ft*18 ZMQbg/Reaper*2 ZMQbg/IO/0*2 
2026-09-27T04:04:50+04:00	ck8o-warm-mirror	0	3608840	3608574	1	12800000	5939200	python3*1 
2026-09-27T04:04:50+04:00	ck8o-warm-mirror	0	3608841	3608574	41	16857821184	16250880000	python3*36 pt_gloo_runloop*2 pt_tcpstore_uv*1 cuda0000240000a*1 cuda-EvtHandlr*1 
2026-09-27T04:04:51+04:00	ck8o-warm-mirror	0	3608842	3608574	23	881106944	607342592	python3*17 ZMQbg/Reaper*3 ZMQbg/IO/0*3 
2026-09-27T04:05:01+04:00	ck8o-warm-mirror	0	3608552	363	2	26439680	6062080	uv*1 main2*1 
2026-09-27T04:05:01+04:00	ck8o-warm-mirror	0	3608574	3608552	22	702210048	422756352	ft*18 ZMQbg/Reaper*2 ZMQbg/IO/0*2 
2026-09-27T04:05:01+04:00	ck8o-warm-mirror	0	3608840	3608574	1	12800000	5939200	python3*1 
2026-09-27T04:05:01+04:00	ck8o-warm-mirror	0	3608841	3608574	45	17063645184	16453144576	python3*36 pt_gloo_runloop*2 ZMQbg/Reaper*2 ZMQbg/IO/0*2 pt_tcpstore_uv*1 cuda0000240000a*1 
2026-09-27T04:05:01+04:00	ck8o-warm-mirror	0	3608842	3608574	23	881197056	607387648	python3*17 ZMQbg/Reaper*3 ZMQbg/IO/0*3 
2026-09-27T04:05:14+04:00	ck8o-warm-mirror	0	3608552	363	2	26439680	6062080	uv*1 main2*1 
2026-09-27T04:05:14+04:00	ck8o-warm-mirror	0	3608574	3608552	39	906592256	621170688	ft*35 ZMQbg/Reaper*2 ZMQbg/IO/0*2 
2026-09-27T04:05:14+04:00	ck8o-warm-mirror	0	3608840	3608574	1	12800000	5939200	python3*1 
2026-09-27T04:05:14+04:00	ck8o-warm-mirror	0	3608841	3608574	45	17067503616	16453296128	python3*36 pt_gloo_runloop*2 ZMQbg/Reaper*2 ZMQbg/IO/0*2 pt_tcpstore_uv*1 cuda0000240000a*1 
2026-09-27T04:05:14+04:00	ck8o-warm-mirror	0	3608842	3608574	39	885153792	608145408	python3*33 ZMQbg/Reaper*3 ZMQbg/IO/0*3 
2026-09-27T04:05:24+04:00	ck8o-warm-mirror	0	3608552	363	2	26439680	6062080	uv*1 main2*1 
2026-09-27T04:05:24+04:00	ck8o-warm-mirror	0	3608574	3608552	39	906592256	621170688	ft*35 ZMQbg/Reaper*2 ZMQbg/IO/0*2 
2026-09-27T04:05:24+04:00	ck8o-warm-mirror	0	3608840	3608574	1	12800000	5939200	python3*1 
2026-09-27T04:05:24+04:00	ck8o-warm-mirror	0	3608841	3608574	45	17067503616	16453296128	python3*36 pt_gloo_runloop*2 ZMQbg/Reaper*2 ZMQbg/IO/0*2 pt_tcpstore_uv*1 cuda0000240000a*1 
2026-09-27T04:05:24+04:00	ck8o-warm-mirror	0	3608842	3608574	39	885153792	608145408	python3*33 ZMQbg/Reaper*3 ZMQbg/IO/0*3 
2026-09-27T04:05:34+04:00	ck8o-warm-mirror	2	3608552	363	2	26439680	6062080	uv*1 main2*1 
2026-09-27T04:05:34+04:00	ck8o-warm-mirror	2	3608574	3608552	39	991936512	706514944	ft*35 ZMQbg/Reaper*2 ZMQbg/IO/0*2 
2026-09-27T04:05:34+04:00	ck8o-warm-mirror	2	3608840	3608574	1	12800000	5939200	python3*1 
2026-09-27T04:05:34+04:00	ck8o-warm-mirror	2	3608841	3608574	45	17067536384	16453328896	python3*36 pt_gloo_runloop*2 ZMQbg/Reaper*2 ZMQbg/IO/0*2 pt_tcpstore_uv*1 cuda0000240000a*1 
2026-09-27T04:05:34+04:00	ck8o-warm-mirror	2	3608842	3608574	39	885182464	608174080	python3*33 ZMQbg/Reaper*3 ZMQbg/IO/0*3 
2026-09-27T04:06:20+04:00	ck8o-whole-1	0	3611170	363	3	26935296	6041600	uv*1 tokio-rt-worker*1 main2*1 
2026-09-27T04:06:20+04:00	ck8o-whole-1	0	3611190	3611170	16	693276672	413753344	ft*16 
2026-09-27T04:06:30+04:00	ck8o-whole-1	0	3611170	363	2	27066368	6041600	uv*1 main2*1 
2026-09-27T04:06:30+04:00	ck8o-whole-1	0	3611190	3611170	22	703606784	422723584	ft*18 ZMQbg/Reaper*2 ZMQbg/IO/0*2 
2026-09-27T04:06:30+04:00	ck8o-whole-1	0	3611279	3611190	1	12849152	5939200	python3*1 
2026-09-27T04:06:30+04:00	ck8o-whole-1	0	3611280	3611190	41	6247190528	985702400	python3*36 pt_gloo_runloop*2 pt_tcpstore_uv*1 cuda0000240000a*1 cuda-EvtHandlr*1 
2026-09-27T04:06:30+04:00	ck8o-whole-1	0	3611281	3611190	23	881274880	607391744	python3*17 ZMQbg/Reaper*3 ZMQbg/IO/0*3 
2026-09-27T04:06:40+04:00	ck8o-whole-1	0	3611170	363	2	27066368	6041600	uv*1 main2*1 
2026-09-27T04:06:40+04:00	ck8o-whole-1	0	3611190	3611170	22	703590400	422727680	ft*18 ZMQbg/Reaper*2 ZMQbg/IO/0*2 
2026-09-27T04:06:40+04:00	ck8o-whole-1	0	3611279	3611190	1	12849152	5939200	python3*1 
2026-09-27T04:06:40+04:00	ck8o-whole-1	0	3611280	3611190	41	14014599168	986079232	python3*36 pt_gloo_runloop*2 pt_tcpstore_uv*1 cuda0000240000a*1 cuda-EvtHandlr*1 
2026-09-27T04:06:40+04:00	ck8o-whole-1	0	3611281	3611190	23	881254400	607391744	python3*17 ZMQbg/Reaper*3 ZMQbg/IO/0*3 
2026-09-27T04:06:52+04:00	ck8o-whole-1	0	3611170	363	2	16187392	12288	uv*1 main2*1 
2026-09-27T04:06:53+04:00	ck8o-whole-1	0	3611190	3611170	22	193773568	7311360	ft*18 ZMQbg/Reaper*2 ZMQbg/IO/0*2 
2026-09-27T04:06:53+04:00	ck8o-whole-1	0	3611279	3611190	1	6881280	16384	python3*1 
2026-09-27T04:06:53+04:00	ck8o-whole-1	0	3611280	3611190	41	22695948288	962449408	python3*36 pt_gloo_runloop*2 pt_tcpstore_uv*1 cuda0000240000a*1 cuda-EvtHandlr*1 
2026-09-27T04:06:53+04:00	ck8o-whole-1	0	3611281	3611190	23	763281408	578260992	python3*17 ZMQbg/Reaper*3 ZMQbg/IO/0*3 
2026-09-27T04:07:03+04:00	ck8o-whole-1	0	3611170	363	2	16134144	12288	uv*1 main2*1 
2026-09-27T04:07:03+04:00	ck8o-whole-1	0	3611190	3611170	22	195653632	9945088	ft*18 ZMQbg/Reaper*2 ZMQbg/IO/0*2 
2026-09-27T04:07:03+04:00	ck8o-whole-1	0	3611279	3611190	1	6860800	4096	python3*1 
2026-09-27T04:07:03+04:00	ck8o-whole-1	0	3611280	3611190	45	22528032768	1739337728	python3*36 pt_gloo_runloop*2 ZMQbg/Reaper*2 ZMQbg/IO/0*2 pt_tcpstore_uv*1 cuda0000240000a*1 
2026-09-27T04:07:03+04:00	ck8o-whole-1	0	3611281	3611190	23	507432960	326213632	python3*17 ZMQbg/Reaper*3 ZMQbg/IO/0*3 
2026-09-27T04:07:13+04:00	ck8o-whole-1	0	3611170	363	2	16134144	12288	uv*1 main2*1 
2026-09-27T04:07:13+04:00	ck8o-whole-1	0	3611190	3611170	39	424701952	230305792	ft*35 ZMQbg/Reaper*2 ZMQbg/IO/0*2 
2026-09-27T04:07:13+04:00	ck8o-whole-1	0	3611279	3611190	1	6860800	4096	python3*1 
2026-09-27T04:07:13+04:00	ck8o-whole-1	0	3611280	3611190	45	22533840896	1741152256	python3*36 pt_gloo_runloop*2 ZMQbg/Reaper*2 ZMQbg/IO/0*2 pt_tcpstore_uv*1 cuda0000240000a*1 
2026-09-27T04:07:14+04:00	ck8o-whole-1	0	3611281	3611190	39	519815168	332169216	python3*33 ZMQbg/Reaper*3 ZMQbg/IO/0*3 
2026-09-27T04:07:26+04:00	ck8o-whole-1	0	3611170	363	2	16134144	12288	uv*1 main2*1 
2026-09-27T04:07:26+04:00	ck8o-whole-1	0	3611190	3611170	39	424701952	230305792	ft*35 ZMQbg/Reaper*2 ZMQbg/IO/0*2 
2026-09-27T04:07:26+04:00	ck8o-whole-1	0	3611279	3611190	1	6860800	4096	python3*1 
2026-09-27T04:07:26+04:00	ck8o-whole-1	0	3611280	3611190	45	22533840896	1741152256	python3*36 pt_gloo_runloop*2 ZMQbg/Reaper*2 ZMQbg/IO/0*2 pt_tcpstore_uv*1 cuda0000240000a*1 
2026-09-27T04:07:26+04:00	ck8o-whole-1	0	3611281	3611190	39	519815168	332169216	python3*33 ZMQbg/Reaper*3 ZMQbg/IO/0*3 
2026-09-27T04:07:36+04:00	ck8o-whole-1	1	3611170	363	2	16134144	12288	uv*1 main2*1 
2026-09-27T04:07:36+04:00	ck8o-whole-1	1	3611190	3611170	57	429608960	235110400	ft*51 ZMQbg/Reaper*3 ZMQbg/IO/0*3 
2026-09-27T04:07:36+04:00	ck8o-whole-1	1	3611279	3611190	1	6860800	4096	python3*1 
2026-09-27T04:07:36+04:00	ck8o-whole-1	1	3611280	3611190	45	22534582272	1741893632	python3*36 pt_gloo_runloop*2 ZMQbg/Reaper*2 ZMQbg/IO/0*2 pt_tcpstore_uv*1 cuda0000240000a*1 
2026-09-27T04:07:37+04:00	ck8o-whole-1	1	3611281	3611190	57	522047488	334315520	python3*49 ZMQbg/Reaper*4 ZMQbg/IO/0*4 
2026-09-27T04:07:47+04:00	ck8o-whole-1	1	3611170	363	2	16134144	12288	uv*1 main2*1 
2026-09-27T04:07:47+04:00	ck8o-whole-1	1	3611190	3611170	57	429608960	235110400	ft*51 ZMQbg/Reaper*3 ZMQbg/IO/0*3 
2026-09-27T04:07:47+04:00	ck8o-whole-1	1	3611279	3611190	1	6860800	4096	python3*1 
2026-09-27T04:07:47+04:00	ck8o-whole-1	1	3611280	3611190	45	22534594560	1741905920	python3*36 pt_gloo_runloop*2 ZMQbg/Reaper*2 ZMQbg/IO/0*2 pt_tcpstore_uv*1 cuda0000240000a*1 
2026-09-27T04:07:47+04:00	ck8o-whole-1	1	3611281	3611190	57	522047488	334315520	python3*49 ZMQbg/Reaper*4 ZMQbg/IO/0*4 
2026-09-27T04:07:59+04:00	ck8o-whole-1	3	3611170	363	2	16134144	12288	uv*1 main2*1 
2026-09-27T04:07:59+04:00	ck8o-whole-1	3	3611190	3611170	57	429744128	235245568	ft*51 ZMQbg/Reaper*3 ZMQbg/IO/0*3 
2026-09-27T04:07:59+04:00	ck8o-whole-1	3	3611279	3611190	1	6860800	4096	python3*1 
2026-09-27T04:07:59+04:00	ck8o-whole-1	3	3611280	3611190	45	22580830208	1787084800	python3*36 pt_gloo_runloop*2 ZMQbg/Reaper*2 ZMQbg/IO/0*2 pt_tcpstore_uv*1 cuda0000240000a*1 
2026-09-27T04:08:00+04:00	ck8o-whole-1	3	3611281	3611190	57	522047488	334315520	python3*49 ZMQbg/Reaper*4 ZMQbg/IO/0*4 
2026-09-27T04:08:10+04:00	ck8o-whole-1	3	3611170	363	2	16134144	12288	uv*1 main2*1 
2026-09-27T04:08:10+04:00	ck8o-whole-1	3	3611190	3611170	57	429744128	235245568	ft*51 ZMQbg/Reaper*3 ZMQbg/IO/0*3 
2026-09-27T04:08:10+04:00	ck8o-whole-1	3	3611279	3611190	1	6860800	4096	python3*1 
2026-09-27T04:08:10+04:00	ck8o-whole-1	3	3611280	3611190	45	22580854784	1787109376	python3*36 pt_gloo_runloop*2 ZMQbg/Reaper*2 ZMQbg/IO/0*2 pt_tcpstore_uv*1 cuda0000240000a*1 
2026-09-27T04:08:10+04:00	ck8o-whole-1	3	3611281	3611190	57	522051584	334319616	python3*49 ZMQbg/Reaper*4 ZMQbg/IO/0*4 
2026-09-27T04:09:03+04:00	ck8o-mirror-1	0	3613667	363	3	25878528	6041600	uv*1 tokio-rt-worker*1 main2*1 
2026-09-27T04:09:03+04:00	ck8o-mirror-1	0	3613684	3613667	22	704073728	422719488	ft*18 ZMQbg/Reaper*2 ZMQbg/IO/0*2 
2026-09-27T04:09:03+04:00	ck8o-mirror-1	0	3613717	3613684	1	12800000	5935104	python3*1 
2026-09-27T04:09:03+04:00	ck8o-mirror-1	0	3613718	3613684	20	921206784	564064256	python3*18 cuda0000240000a*1 cuda-EvtHandlr*1 
2026-09-27T04:09:03+04:00	ck8o-mirror-1	0	3613719	3613684	22	882331648	607404032	python3*16 ZMQbg/Reaper*3 ZMQbg/IO/0*3 
2026-09-27T04:09:16+04:00	ck8o-mirror-1	0	3613667	363	2	26009600	6041600	uv*1 main2*1 
2026-09-27T04:09:16+04:00	ck8o-mirror-1	0	3613684	3613667	22	704086016	422727680	ft*18 ZMQbg/Reaper*2 ZMQbg/IO/0*2 
2026-09-27T04:09:16+04:00	ck8o-mirror-1	0	3613717	3613684	1	12800000	5935104	python3*1 
2026-09-27T04:09:16+04:00	ck8o-mirror-1	0	3613718	3613684	40	17475059712	15344439296	python3*35 pt_gloo_runloop*2 pt_tcpstore_uv*1 cuda0000240000a*1 cuda-EvtHandlr*1 
2026-09-27T04:09:16+04:00	ck8o-mirror-1	0	3613719	3613684	23	882438144	607444992	python3*17 ZMQbg/Reaper*3 ZMQbg/IO/0*3 
2026-09-27T04:09:26+04:00	ck8o-mirror-1	0	3613667	363	2	26009600	6041600	uv*1 main2*1 
2026-09-27T04:09:26+04:00	ck8o-mirror-1	0	3613684	3613667	22	704094208	422735872	ft*18 ZMQbg/Reaper*2 ZMQbg/IO/0*2 
2026-09-27T04:09:26+04:00	ck8o-mirror-1	0	3613717	3613684	1	12800000	5935104	python3*1 
2026-09-27T04:09:26+04:00	ck8o-mirror-1	0	3613718	3613684	41	17565401088	15430979584	python3*36 pt_gloo_runloop*2 pt_tcpstore_uv*1 cuda0000240000a*1 cuda-EvtHandlr*1 
2026-09-27T04:09:26+04:00	ck8o-mirror-1	0	3613719	3613684	23	882438144	607444992	python3*17 ZMQbg/Reaper*3 ZMQbg/IO/0*3 
2026-09-27T04:09:36+04:00	ck8o-mirror-1	0	3613667	363	2	26009600	6041600	uv*1 main2*1 
2026-09-27T04:09:36+04:00	ck8o-mirror-1	0	3613684	3613667	22	704102400	422744064	ft*18 ZMQbg/Reaper*2 ZMQbg/IO/0*2 
2026-09-27T04:09:36+04:00	ck8o-mirror-1	0	3613717	3613684	1	12800000	5935104	python3*1 
2026-09-27T04:09:36+04:00	ck8o-mirror-1	0	3613718	3613684	41	16348184576	15751802880	python3*36 pt_gloo_runloop*2 pt_tcpstore_uv*1 cuda0000240000a*1 cuda-EvtHandlr*1 
2026-09-27T04:09:36+04:00	ck8o-mirror-1	0	3613719	3613684	23	882438144	607444992	python3*17 ZMQbg/Reaper*3 ZMQbg/IO/0*3 
2026-09-27T04:09:49+04:00	ck8o-mirror-1	0	3613667	363	2	26009600	6041600	uv*1 main2*1 
2026-09-27T04:09:49+04:00	ck8o-mirror-1	0	3613684	3613667	22	704102400	422744064	ft*18 ZMQbg/Reaper*2 ZMQbg/IO/0*2 
2026-09-27T04:09:49+04:00	ck8o-mirror-1	0	3613717	3613684	1	12800000	5935104	python3*1 
2026-09-27T04:09:49+04:00	ck8o-mirror-1	0	3613718	3613684	41	16348405760	15752024064	python3*36 pt_gloo_runloop*2 pt_tcpstore_uv*1 cuda0000240000a*1 cuda-EvtHandlr*1 
2026-09-27T04:09:49+04:00	ck8o-mirror-1	0	3613719	3613684	23	882438144	607444992	python3*17 ZMQbg/Reaper*3 ZMQbg/IO/0*3 
2026-09-27T04:09:59+04:00	ck8o-mirror-1	0	3613667	363	2	26009600	6041600	uv*1 main2*1 
2026-09-27T04:09:59+04:00	ck8o-mirror-1	0	3613684	3613667	22	704102400	422744064	ft*18 ZMQbg/Reaper*2 ZMQbg/IO/0*2 
2026-09-27T04:09:59+04:00	ck8o-mirror-1	0	3613717	3613684	1	12800000	5935104	python3*1 
2026-09-27T04:09:59+04:00	ck8o-mirror-1	0	3613718	3613684	41	16607391744	16000131072	python3*36 pt_gloo_runloop*2 pt_tcpstore_uv*1 cuda0000240000a*1 cuda-EvtHandlr*1 
2026-09-27T04:09:59+04:00	ck8o-mirror-1	0	3613719	3613684	23	882438144	607444992	python3*17 ZMQbg/Reaper*3 ZMQbg/IO/0*3 
2026-09-27T04:10:09+04:00	ck8o-mirror-1	0	3613667	363	2	26009600	6041600	uv*1 main2*1 
2026-09-27T04:10:09+04:00	ck8o-mirror-1	0	3613684	3613667	22	704102400	422744064	ft*18 ZMQbg/Reaper*2 ZMQbg/IO/0*2 
2026-09-27T04:10:09+04:00	ck8o-mirror-1	0	3613717	3613684	1	12800000	5935104	python3*1 
2026-09-27T04:10:09+04:00	ck8o-mirror-1	0	3613718	3613684	41	16868573184	16255340544	python3*36 pt_gloo_runloop*2 pt_tcpstore_uv*1 cuda0000240000a*1 cuda-EvtHandlr*1 
2026-09-27T04:10:09+04:00	ck8o-mirror-1	0	3613719	3613684	23	882438144	607444992	python3*17 ZMQbg/Reaper*3 ZMQbg/IO/0*3 
2026-09-27T04:10:22+04:00	ck8o-mirror-1	0	3613667	363	2	26009600	6041600	uv*1 main2*1 
2026-09-27T04:10:22+04:00	ck8o-mirror-1	0	3613684	3613667	39	909271040	621965312	ft*35 ZMQbg/Reaper*2 ZMQbg/IO/0*2 
2026-09-27T04:10:22+04:00	ck8o-mirror-1	0	3613717	3613684	1	12800000	5935104	python3*1 
2026-09-27T04:10:22+04:00	ck8o-mirror-1	0	3613718	3613684	45	17075011584	16454537216	python3*36 pt_gloo_runloop*2 ZMQbg/Reaper*2 ZMQbg/IO/0*2 pt_tcpstore_uv*1 cuda0000240000a*1 
2026-09-27T04:10:22+04:00	ck8o-mirror-1	0	3613719	3613684	39	886460416	608243712	python3*33 ZMQbg/Reaper*3 ZMQbg/IO/0*3 
2026-09-27T04:10:32+04:00	ck8o-mirror-1	0	3613667	363	2	26009600	6041600	uv*1 main2*1 
2026-09-27T04:10:32+04:00	ck8o-mirror-1	0	3613684	3613667	39	909271040	621965312	ft*35 ZMQbg/Reaper*2 ZMQbg/IO/0*2 
2026-09-27T04:10:32+04:00	ck8o-mirror-1	0	3613717	3613684	1	12800000	5935104	python3*1 
2026-09-27T04:10:32+04:00	ck8o-mirror-1	0	3613718	3613684	45	17075011584	16454537216	python3*36 pt_gloo_runloop*2 ZMQbg/Reaper*2 ZMQbg/IO/0*2 pt_tcpstore_uv*1 cuda0000240000a*1 
2026-09-27T04:10:32+04:00	ck8o-mirror-1	0	3613719	3613684	39	886460416	608243712	python3*33 ZMQbg/Reaper*3 ZMQbg/IO/0*3 
2026-09-27T04:10:42+04:00	ck8o-mirror-1	1	3613667	363	2	26009600	6041600	uv*1 main2*1 
2026-09-27T04:10:42+04:00	ck8o-mirror-1	1	3613684	3613667	57	911736832	624431104	ft*51 ZMQbg/Reaper*3 ZMQbg/IO/0*3 
2026-09-27T04:10:42+04:00	ck8o-mirror-1	1	3613717	3613684	1	12800000	5935104	python3*1 
2026-09-27T04:10:42+04:00	ck8o-mirror-1	1	3613718	3613684	45	17075855360	16455380992	python3*36 pt_gloo_runloop*2 ZMQbg/Reaper*2 ZMQbg/IO/0*2 pt_tcpstore_uv*1 cuda0000240000a*1 
2026-09-27T04:10:43+04:00	ck8o-mirror-1	1	3613719	3613684	57	887148544	608931840	python3*49 ZMQbg/Reaper*4 ZMQbg/IO/0*4 
2026-09-27T04:10:55+04:00	ck8o-mirror-1	1	3613667	363	2	26009600	6041600	uv*1 main2*1 
2026-09-27T04:10:55+04:00	ck8o-mirror-1	1	3613684	3613667	57	911736832	624431104	ft*51 ZMQbg/Reaper*3 ZMQbg/IO/0*3 
2026-09-27T04:10:55+04:00	ck8o-mirror-1	1	3613717	3613684	1	12800000	5935104	python3*1 
2026-09-27T04:10:55+04:00	ck8o-mirror-1	1	3613718	3613684	45	17075855360	16455380992	python3*36 pt_gloo_runloop*2 ZMQbg/Reaper*2 ZMQbg/IO/0*2 pt_tcpstore_uv*1 cuda0000240000a*1 
2026-09-27T04:10:55+04:00	ck8o-mirror-1	1	3613719	3613684	57	887148544	608931840	python3*49 ZMQbg/Reaper*4 ZMQbg/IO/0*4 
2026-09-27T04:11:05+04:00	ck8o-mirror-1	3	3613667	363	2	26009600	6041600	uv*1 main2*1 
2026-09-27T04:11:05+04:00	ck8o-mirror-1	3	3613684	3613667	57	910790656	623484928	ft*51 ZMQbg/Reaper*3 ZMQbg/IO/0*3 
2026-09-27T04:11:05+04:00	ck8o-mirror-1	3	3613717	3613684	1	12800000	5935104	python3*1 
2026-09-27T04:11:05+04:00	ck8o-mirror-1	3	3613718	3613684	45	17121046528	16499519488	python3*36 pt_gloo_runloop*2 ZMQbg/Reaper*2 ZMQbg/IO/0*2 pt_tcpstore_uv*1 cuda0000240000a*1 
2026-09-27T04:11:05+04:00	ck8o-mirror-1	3	3613719	3613684	57	887148544	608931840	python3*49 ZMQbg/Reaper*4 ZMQbg/IO/0*4 
2026-09-27T04:11:16+04:00	ck8o-mirror-1	3	3613667	363	2	26009600	6041600	uv*1 main2*1 
2026-09-27T04:11:16+04:00	ck8o-mirror-1	3	3613684	3613667	57	910790656	623484928	ft*51 ZMQbg/Reaper*3 ZMQbg/IO/0*3 
2026-09-27T04:11:16+04:00	ck8o-mirror-1	3	3613717	3613684	1	12800000	5935104	python3*1 
2026-09-27T04:11:16+04:00	ck8o-mirror-1	3	3613718	3613684	45	17121046528	16499519488	python3*36 pt_gloo_runloop*2 ZMQbg/Reaper*2 ZMQbg/IO/0*2 pt_tcpstore_uv*1 cuda0000240000a*1 
2026-09-27T04:11:16+04:00	ck8o-mirror-1	3	3613719	3613684	57	887152640	608935936	python3*49 ZMQbg/Reaper*4 ZMQbg/IO/0*4 
2026-09-27T04:11:28+04:00	ck8o-mirror-1	4	3613667	363	2	26009600	6041600	uv*1 main2*1 
2026-09-27T04:11:28+04:00	ck8o-mirror-1	4	3613684	3613667	57	994754560	707448832	ft*51 ZMQbg/Reaper*3 ZMQbg/IO/0*3 
2026-09-27T04:11:28+04:00	ck8o-mirror-1	4	3613717	3613684	1	12800000	5935104	python3*1 
2026-09-27T04:11:28+04:00	ck8o-mirror-1	4	3613718	3613684	45	17121914880	16500387840	python3*36 pt_gloo_runloop*2 ZMQbg/Reaper*2 ZMQbg/IO/0*2 pt_tcpstore_uv*1 cuda0000240000a*1 
2026-09-27T04:12:11+04:00	ck8o-whole-2	0	3616717	363	3	26755072	6053888	uv*1 tokio-rt-worker*1 main2*1 
2026-09-27T04:12:11+04:00	ck8o-whole-2	0	3616738	3616717	22	704081920	422625280	ft*18 ZMQbg/Reaper*2 ZMQbg/IO/0*2 
2026-09-27T04:12:11+04:00	ck8o-whole-2	0	3616779	3616738	1	12783616	5939200	python3*1 
2026-09-27T04:12:11+04:00	ck8o-whole-2	0	3616780	3616738	24	973824000	548167680	python3*19 pt_gloo_runloop*2 pt_tcpstore_uv*1 cuda0000240000a*1 cuda-EvtHandlr*1 
2026-09-27T04:12:11+04:00	ck8o-whole-2	0	3616781	3616738	23	882860032	607342592	python3*17 ZMQbg/Reaper*3 ZMQbg/IO/0*3 
2026-09-27T04:12:21+04:00	ck8o-whole-2	0	3616717	363	2	26886144	6053888	uv*1 main2*1 
2026-09-27T04:12:21+04:00	ck8o-whole-2	0	3616738	3616717	22	704233472	422760448	ft*18 ZMQbg/Reaper*2 ZMQbg/IO/0*2 
2026-09-27T04:12:21+04:00	ck8o-whole-2	0	3616779	3616738	1	12734464	5939200	python3*1 
2026-09-27T04:12:21+04:00	ck8o-whole-2	0	3616780	3616738	41	11643473920	985473024	python3*36 pt_gloo_runloop*2 pt_tcpstore_uv*1 cuda0000240000a*1 cuda-EvtHandlr*1 
2026-09-27T04:12:21+04:00	ck8o-whole-2	0	3616781	3616738	23	882810880	607342592	python3*17 ZMQbg/Reaper*3 ZMQbg/IO/0*3 
2026-09-27T04:12:31+04:00	ck8o-whole-2	0	3616717	363	2	26177536	6053888	uv*1 main2*1 
2026-09-27T04:12:31+04:00	ck8o-whole-2	0	3616738	3616717	22	637505536	422764544	ft*18 ZMQbg/Reaper*2 ZMQbg/IO/0*2 
2026-09-27T04:12:31+04:00	ck8o-whole-2	0	3616779	3616738	1	12697600	5939200	python3*1 
2026-09-27T04:12:31+04:00	ck8o-whole-2	0	3616780	3616738	41	20098863104	985899008	python3*36 pt_gloo_runloop*2 pt_tcpstore_uv*1 cuda0000240000a*1 cuda-EvtHandlr*1 
2026-09-27T04:12:32+04:00	ck8o-whole-2	0	3616781	3616738	23	816082944	607342592	python3*17 ZMQbg/Reaper*3 ZMQbg/IO/0*3 
2026-09-27T04:12:44+04:00	ck8o-whole-2	0	3616717	363	2	18980864	12288	uv*1 main2*1 
2026-09-27T04:12:44+04:00	ck8o-whole-2	0	3616738	3616717	22	132775936	7471104	ft*18 ZMQbg/Reaper*2 ZMQbg/IO/0*2 
2026-09-27T04:12:44+04:00	ck8o-whole-2	0	3616779	3616738	1	6541312	16384	python3*1 
2026-09-27T04:12:44+04:00	ck8o-whole-2	0	3616780	3616738	41	22483681280	1739055104	python3*36 pt_gloo_runloop*2 pt_tcpstore_uv*1 cuda0000240000a*1 cuda-EvtHandlr*1 
2026-09-27T04:12:44+04:00	ck8o-whole-2	0	3616781	3616738	23	687640576	567402496	python3*17 ZMQbg/Reaper*3 ZMQbg/IO/0*3 
2026-09-27T04:12:54+04:00	ck8o-whole-2	0	3616717	363	2	18980864	12288	uv*1 main2*1 
2026-09-27T04:12:54+04:00	ck8o-whole-2	0	3616738	3616717	39	364990464	230395904	ft*35 ZMQbg/Reaper*2 ZMQbg/IO/0*2 
2026-09-27T04:12:54+04:00	ck8o-whole-2	0	3616779	3616738	1	6541312	16384	python3*1 
2026-09-27T04:12:54+04:00	ck8o-whole-2	0	3616780	3616738	45	22712930304	1958735872	python3*36 pt_gloo_runloop*2 ZMQbg/Reaper*2 ZMQbg/IO/0*2 pt_tcpstore_uv*1 cuda0000240000a*1 
2026-09-27T04:12:55+04:00	ck8o-whole-2	0	3616781	3616738	39	700370944	572243968	python3*33 ZMQbg/Reaper*3 ZMQbg/IO/0*3 
2026-09-27T04:13:05+04:00	ck8o-whole-2	0	3616717	363	2	18980864	12288	uv*1 main2*1 
2026-09-27T04:13:05+04:00	ck8o-whole-2	0	3616738	3616717	39	364990464	230395904	ft*35 ZMQbg/Reaper*2 ZMQbg/IO/0*2 
2026-09-27T04:13:05+04:00	ck8o-whole-2	0	3616779	3616738	1	6541312	16384	python3*1 
2026-09-27T04:13:05+04:00	ck8o-whole-2	0	3616780	3616738	45	22712930304	1958735872	python3*36 pt_gloo_runloop*2 ZMQbg/Reaper*2 ZMQbg/IO/0*2 pt_tcpstore_uv*1 cuda0000240000a*1 
2026-09-27T04:13:05+04:00	ck8o-whole-2	0	3616781	3616738	39	700370944	572243968	python3*33 ZMQbg/Reaper*3 ZMQbg/IO/0*3 
2026-09-27T04:13:17+04:00	ck8o-whole-2	0	3616717	363	2	18980864	12288	uv*1 main2*1 
2026-09-27T04:13:17+04:00	ck8o-whole-2	0	3616738	3616717	39	365076480	230481920	ft*35 ZMQbg/Reaper*2 ZMQbg/IO/0*2 
2026-09-27T04:13:18+04:00	ck8o-whole-2	0	3616779	3616738	1	6541312	16384	python3*1 
2026-09-27T04:13:18+04:00	ck8o-whole-2	0	3616780	3616738	45	22712934400	1958739968	python3*36 pt_gloo_runloop*2 ZMQbg/Reaper*2 ZMQbg/IO/0*2 pt_tcpstore_uv*1 cuda0000240000a*1 
2026-09-27T04:13:18+04:00	ck8o-whole-2	0	3616781	3616738	39	700387328	572260352	python3*33 ZMQbg/Reaper*3 ZMQbg/IO/0*3 
2026-09-27T04:13:28+04:00	ck8o-whole-2	1	3616717	363	2	18980864	12288	uv*1 main2*1 
2026-09-27T04:13:28+04:00	ck8o-whole-2	1	3616738	3616717	57	369958912	235220992	ft*51 ZMQbg/Reaper*3 ZMQbg/IO/0*3 
2026-09-27T04:13:28+04:00	ck8o-whole-2	1	3616779	3616738	1	6541312	16384	python3*1 
2026-09-27T04:13:28+04:00	ck8o-whole-2	1	3616780	3616738	45	22713577472	1959378944	python3*36 pt_gloo_runloop*2 ZMQbg/Reaper*2 ZMQbg/IO/0*2 pt_tcpstore_uv*1 cuda0000240000a*1 
2026-09-27T04:13:28+04:00	ck8o-whole-2	1	3616781	3616738	57	701669376	573444096	python3*49 ZMQbg/Reaper*4 ZMQbg/IO/0*4 
2026-09-27T04:13:38+04:00	ck8o-whole-2	3	3616717	363	2	18980864	12288	uv*1 main2*1 
2026-09-27T04:13:38+04:00	ck8o-whole-2	3	3616738	3616717	57	370102272	235364352	ft*51 ZMQbg/Reaper*3 ZMQbg/IO/0*3 
2026-09-27T04:13:38+04:00	ck8o-whole-2	3	3616779	3616738	1	6541312	16384	python3*1 
2026-09-27T04:13:38+04:00	ck8o-whole-2	3	3616780	3616738	45	22760148992	2004832256	python3*36 pt_gloo_runloop*2 ZMQbg/Reaper*2 ZMQbg/IO/0*2 pt_tcpstore_uv*1 cuda0000240000a*1 
2026-09-27T04:13:39+04:00	ck8o-whole-2	3	3616781	3616738	57	701669376	573444096	python3*49 ZMQbg/Reaper*4 ZMQbg/IO/0*4 
2026-09-27T04:13:51+04:00	ck8o-whole-2	3	3616717	363	2	18980864	12288	uv*1 main2*1 
2026-09-27T04:13:51+04:00	ck8o-whole-2	3	3616738	3616717	57	370102272	235364352	ft*51 ZMQbg/Reaper*3 ZMQbg/IO/0*3 
2026-09-27T04:13:51+04:00	ck8o-whole-2	3	3616779	3616738	1	6541312	16384	python3*1 
2026-09-27T04:13:51+04:00	ck8o-whole-2	3	3616780	3616738	45	22760148992	2004832256	python3*36 pt_gloo_runloop*2 ZMQbg/Reaper*2 ZMQbg/IO/0*2 pt_tcpstore_uv*1 cuda0000240000a*1 
2026-09-27T04:13:51+04:00	ck8o-whole-2	3	3616781	3616738	57	701669376	573444096	python3*49 ZMQbg/Reaper*4 ZMQbg/IO/0*4 
2026-09-27T04:14:01+04:00	ck8o-whole-2	4	3616717	363	2	18980864	12288	uv*1 main2*1 
2026-09-27T04:14:01+04:00	ck8o-whole-2	4	3616738	3616717	57	457383936	322621440	ft*51 ZMQbg/Reaper*3 ZMQbg/IO/0*3 
2026-09-27T04:14:01+04:00	ck8o-whole-2	4	3616779	3616738	1	6541312	16384	python3*1 
2026-09-27T04:14:01+04:00	ck8o-whole-2	4	3616780	3616738	45	22760148992		python3*36 pt_gloo_runloop*2 ZMQbg/Reaper*2 ZMQbg/IO/0*2 pt_tcpstore_uv*1 cuda0000240000a*1 
2026-09-27T04:14:46+04:00	ck8o-mirror-2	0	3619220	363	3	25931776	6045696	uv*1 tokio-rt-worker*1 main2*1 
2026-09-27T04:14:46+04:00	ck8o-mirror-2	0	3619237	3619220	22	702386176	422756352	ft*18 ZMQbg/Reaper*2 ZMQbg/IO/0*2 
2026-09-27T04:14:46+04:00	ck8o-mirror-2	0	3619272	3619237	1	12775424	5939200	python3*1 
2026-09-27T04:14:46+04:00	ck8o-mirror-2	0	3619273	3619237	24	902197248	529260544	python3*19 pt_gloo_runloop*2 pt_tcpstore_uv*1 cuda0000240000a*1 cuda-EvtHandlr*1 
2026-09-27T04:14:46+04:00	ck8o-mirror-2	0	3619274	3619237	23	887074816	606597120	python3*17 ZMQbg/Reaper*3 ZMQbg/IO/0*3 
2026-09-27T04:14:59+04:00	ck8o-mirror-2	0	3619220	363	2	26062848	6045696	uv*1 main2*1 
2026-09-27T04:14:59+04:00	ck8o-mirror-2	0	3619237	3619220	22	702394368	422764544	ft*18 ZMQbg/Reaper*2 ZMQbg/IO/0*2 
2026-09-27T04:14:59+04:00	ck8o-mirror-2	0	3619272	3619237	1	12775424	5939200	python3*1 
2026-09-27T04:14:59+04:00	ck8o-mirror-2	0	3619273	3619237	40	17485557760	15348883456	python3*35 pt_gloo_runloop*2 pt_tcpstore_uv*1 cuda0000240000a*1 cuda-EvtHandlr*1 
2026-09-27T04:14:59+04:00	ck8o-mirror-2	0	3619274	3619237	23	887074816	606597120	python3*17 ZMQbg/Reaper*3 ZMQbg/IO/0*3 
2026-09-27T04:15:09+04:00	ck8o-mirror-2	0	3619220	363	2	26062848	6045696	uv*1 main2*1 
2026-09-27T04:15:09+04:00	ck8o-mirror-2	0	3619237	3619220	22	702398464	422768640	ft*18 ZMQbg/Reaper*2 ZMQbg/IO/0*2 
2026-09-27T04:15:09+04:00	ck8o-mirror-2	0	3619272	3619237	1	12775424	5939200	python3*1 
2026-09-27T04:15:09+04:00	ck8o-mirror-2	0	3619273	3619237	41	17576017920	15435423744	python3*36 pt_gloo_runloop*2 pt_tcpstore_uv*1 cuda0000240000a*1 cuda-EvtHandlr*1 
2026-09-27T04:15:10+04:00	ck8o-mirror-2	0	3619274	3619237	23	887074816	606597120	python3*17 ZMQbg/Reaper*3 ZMQbg/IO/0*3 
2026-09-27T04:15:20+04:00	ck8o-mirror-2	0	3619220	363	2	26062848	6045696	uv*1 main2*1 
2026-09-27T04:15:20+04:00	ck8o-mirror-2	0	3619237	3619220	22	702406656	422776832	ft*18 ZMQbg/Reaper*2 ZMQbg/IO/0*2 
2026-09-27T04:15:20+04:00	ck8o-mirror-2	0	3619272	3619237	1	12775424	5939200	python3*1 
2026-09-27T04:15:20+04:00	ck8o-mirror-2	0	3619273	3619237	41	16353853440	15751462912	python3*36 pt_gloo_runloop*2 pt_tcpstore_uv*1 cuda0000240000a*1 cuda-EvtHandlr*1 
2026-09-27T04:15:20+04:00	ck8o-mirror-2	0	3619274	3619237	23	887074816	606597120	python3*17 ZMQbg/Reaper*3 ZMQbg/IO/0*3 
2026-09-27T04:15:33+04:00	ck8o-mirror-2	0	3619220	363	2	26062848	6045696	uv*1 main2*1 
2026-09-27T04:15:33+04:00	ck8o-mirror-2	0	3619237	3619220	22	702406656	422776832	ft*18 ZMQbg/Reaper*2 ZMQbg/IO/0*2 
2026-09-27T04:15:33+04:00	ck8o-mirror-2	0	3619272	3619237	1	12775424	5939200	python3*1 
2026-09-27T04:15:33+04:00	ck8o-mirror-2	0	3619273	3619237	41	16353865728	15751475200	python3*36 pt_gloo_runloop*2 pt_tcpstore_uv*1 cuda0000240000a*1 cuda-EvtHandlr*1 
2026-09-27T04:15:33+04:00	ck8o-mirror-2	0	3619274	3619237	23	887074816	606597120	python3*17 ZMQbg/Reaper*3 ZMQbg/IO/0*3 
2026-09-27T04:15:43+04:00	ck8o-mirror-2	0	3619220	363	2	26062848	6045696	uv*1 main2*1 
2026-09-27T04:15:43+04:00	ck8o-mirror-2	0	3619237	3619220	22	702406656	422776832	ft*18 ZMQbg/Reaper*2 ZMQbg/IO/0*2 
2026-09-27T04:15:43+04:00	ck8o-mirror-2	0	3619272	3619237	1	12775424	5939200	python3*1 
2026-09-27T04:15:43+04:00	ck8o-mirror-2	0	3619273	3619237	41	16612974592	15999750144	python3*36 pt_gloo_runloop*2 pt_tcpstore_uv*1 cuda0000240000a*1 cuda-EvtHandlr*1 
2026-09-27T04:15:43+04:00	ck8o-mirror-2	0	3619274	3619237	23	887074816	606597120	python3*17 ZMQbg/Reaper*3 ZMQbg/IO/0*3 
2026-09-27T04:15:53+04:00	ck8o-mirror-2	0	3619220	363	2	26062848	6045696	uv*1 main2*1 
2026-09-27T04:15:53+04:00	ck8o-mirror-2	0	3619237	3619220	22	702410752	422780928	ft*18 ZMQbg/Reaper*2 ZMQbg/IO/0*2 
2026-09-27T04:15:53+04:00	ck8o-mirror-2	0	3619272	3619237	1	12775424	5939200	python3*1 
2026-09-27T04:15:53+04:00	ck8o-mirror-2	0	3619273	3619237	41	16874115072	16254939136	python3*36 pt_gloo_runloop*2 pt_tcpstore_uv*1 cuda0000240000a*1 cuda-EvtHandlr*1 
2026-09-27T04:15:53+04:00	ck8o-mirror-2	0	3619274	3619237	23	887074816	606597120	python3*17 ZMQbg/Reaper*3 ZMQbg/IO/0*3 
2026-09-27T04:16:06+04:00	ck8o-mirror-2	0	3619220	363	2	26062848	6045696	uv*1 main2*1 
2026-09-27T04:16:06+04:00	ck8o-mirror-2	0	3619237	3619220	39	906596352	621006848	ft*35 ZMQbg/Reaper*2 ZMQbg/IO/0*2 
2026-09-27T04:16:06+04:00	ck8o-mirror-2	0	3619272	3619237	1	12775424	5939200	python3*1 
2026-09-27T04:16:06+04:00	ck8o-mirror-2	0	3619273	3619237	45	17081065472	16454615040	python3*36 pt_gloo_runloop*2 ZMQbg/Reaper*2 ZMQbg/IO/0*2 pt_tcpstore_uv*1 cuda0000240000a*1 
2026-09-27T04:16:07+04:00	ck8o-mirror-2	0	3619274	3619237	39	890937344	607268864	python3*33 ZMQbg/Reaper*3 ZMQbg/IO/0*3 
2026-09-27T04:16:17+04:00	ck8o-mirror-2	0	3619220	363	2	26062848	6045696	uv*1 main2*1 
2026-09-27T04:16:17+04:00	ck8o-mirror-2	0	3619237	3619220	39	906596352	621006848	ft*35 ZMQbg/Reaper*2 ZMQbg/IO/0*2 
2026-09-27T04:16:17+04:00	ck8o-mirror-2	0	3619272	3619237	1	12775424	5939200	python3*1 
2026-09-27T04:16:17+04:00	ck8o-mirror-2	0	3619273	3619237	45	17081065472	16454615040	python3*36 pt_gloo_runloop*2 ZMQbg/Reaper*2 ZMQbg/IO/0*2 pt_tcpstore_uv*1 cuda0000240000a*1 
2026-09-27T04:16:17+04:00	ck8o-mirror-2	0	3619274	3619237	39	890937344	607268864	python3*33 ZMQbg/Reaper*3 ZMQbg/IO/0*3 
2026-09-27T04:16:27+04:00	ck8o-mirror-2	1	3619220	363	2	26062848	6045696	uv*1 main2*1 
2026-09-27T04:16:27+04:00	ck8o-mirror-2	1	3619237	3619220	57	909729792	624140288	ft*51 ZMQbg/Reaper*3 ZMQbg/IO/0*3 
2026-09-27T04:16:27+04:00	ck8o-mirror-2	1	3619272	3619237	1	12775424	5939200	python3*1 
2026-09-27T04:16:27+04:00	ck8o-mirror-2	1	3619273	3619237	45	17081384960	16454934528	python3*36 pt_gloo_runloop*2 ZMQbg/Reaper*2 ZMQbg/IO/0*2 pt_tcpstore_uv*1 cuda0000240000a*1 
2026-09-27T04:16:27+04:00	ck8o-mirror-2	1	3619274	3619237	57	891998208	608329728	python3*49 ZMQbg/Reaper*4 ZMQbg/IO/0*4 
2026-09-27T04:16:37+04:00	ck8o-mirror-2	1	3619220	363	2	26062848	6045696	uv*1 main2*1 
2026-09-27T04:16:37+04:00	ck8o-mirror-2	1	3619237	3619220	57	909729792	624140288	ft*51 ZMQbg/Reaper*3 ZMQbg/IO/0*3 
2026-09-27T04:16:37+04:00	ck8o-mirror-2	1	3619272	3619237	1	12775424	5939200	python3*1 
2026-09-27T04:16:37+04:00	ck8o-mirror-2	1	3619273	3619237	45	17081384960	16454934528	python3*36 pt_gloo_runloop*2 ZMQbg/Reaper*2 ZMQbg/IO/0*2 pt_tcpstore_uv*1 cuda0000240000a*1 
2026-09-27T04:16:37+04:00	ck8o-mirror-2	1	3619274	3619237	57	891998208	608329728	python3*49 ZMQbg/Reaper*4 ZMQbg/IO/0*4 
2026-09-27T04:16:50+04:00	ck8o-mirror-2	3	3619220	363	2	26062848	6045696	uv*1 main2*1 
2026-09-27T04:16:50+04:00	ck8o-mirror-2	3	3619237	3619220	57	910086144	624496640	ft*51 ZMQbg/Reaper*3 ZMQbg/IO/0*3 
2026-09-27T04:16:50+04:00	ck8o-mirror-2	3	3619272	3619237	1	12775424	5939200	python3*1 
2026-09-27T04:16:50+04:00	ck8o-mirror-2	3	3619273	3619237	45	17127432192	16499912704	python3*36 pt_gloo_runloop*2 ZMQbg/Reaper*2 ZMQbg/IO/0*2 pt_tcpstore_uv*1 cuda0000240000a*1 
2026-09-27T04:16:50+04:00	ck8o-mirror-2	3	3619274	3619237	57	891998208	608329728	python3*49 ZMQbg/Reaper*4 ZMQbg/IO/0*4 
2026-09-27T04:17:00+04:00	ck8o-mirror-2	3	3619220	363	2	26062848	6045696	uv*1 main2*1 
2026-09-27T04:17:00+04:00	ck8o-mirror-2	3	3619237	3619220	57	910086144	624496640	ft*51 ZMQbg/Reaper*3 ZMQbg/IO/0*3 
2026-09-27T04:17:00+04:00	ck8o-mirror-2	3	3619272	3619237	1	12775424	5939200	python3*1 
2026-09-27T04:17:00+04:00	ck8o-mirror-2	3	3619273	3619237	45	17127432192	16499912704	python3*36 pt_gloo_runloop*2 ZMQbg/Reaper*2 ZMQbg/IO/0*2 pt_tcpstore_uv*1 cuda0000240000a*1 
2026-09-27T04:17:00+04:00	ck8o-mirror-2	3	3619274	3619237	57	892002304	608333824	python3*49 ZMQbg/Reaper*4 ZMQbg/IO/0*4 
2026-09-27T04:17:56+04:00	ck8o-whole-3	0	3622255	363	3	25288704	6049792	uv*1 tokio-rt-worker*1 main2*1 
2026-09-27T04:17:56+04:00	ck8o-whole-3	0	3622272	3622255	22	704413696	422588416	ft*18 ZMQbg/Reaper*2 ZMQbg/IO/0*2 
2026-09-27T04:17:56+04:00	ck8o-whole-3	0	3622324	3622272	1	12804096	5939200	python3*1 
2026-09-27T04:17:56+04:00	ck8o-whole-3	0	3622325	3622272	20	905981952	549789696	python3*18 cuda0000240000a*1 cuda-EvtHandlr*1 
2026-09-27T04:17:56+04:00	ck8o-whole-3	0	3622326	3622272	22	854986752	583839744	python3*16 ZMQbg/Reaper*3 ZMQbg/IO/0*3 
2026-09-27T04:18:06+04:00	ck8o-whole-3	0	3622255	363	2	25419776	6049792	uv*1 main2*1 
2026-09-27T04:18:06+04:00	ck8o-whole-3	0	3622272	3622255	22	704622592	422727680	ft*18 ZMQbg/Reaper*2 ZMQbg/IO/0*2 
2026-09-27T04:18:06+04:00	ck8o-whole-3	0	3622324	3622272	1	12804096	5939200	python3*1 
2026-09-27T04:18:06+04:00	ck8o-whole-3	0	3622325	3622272	41	9711165440	985952256	python3*36 pt_gloo_runloop*2 pt_tcpstore_uv*1 cuda0000240000a*1 cuda-EvtHandlr*1 
2026-09-27T04:18:06+04:00	ck8o-whole-3	0	3622326	3622272	23	884150272	607363072	python3*17 ZMQbg/Reaper*3 ZMQbg/IO/0*3 
2026-09-27T04:18:16+04:00	ck8o-whole-3	0	3622255	363	2	20279296	6049792	uv*1 main2*1 
2026-09-27T04:18:16+04:00	ck8o-whole-3	0	3622272	3622255	22	625258496	422735872	ft*18 ZMQbg/Reaper*2 ZMQbg/IO/0*2 
2026-09-27T04:18:16+04:00	ck8o-whole-3	0	3622324	3622272	1	12791808	5939200	python3*1 
2026-09-27T04:18:16+04:00	ck8o-whole-3	0	3622325	3622272	41	19757166592	986451968	python3*36 pt_gloo_runloop*2 pt_tcpstore_uv*1 cuda0000240000a*1 cuda-EvtHandlr*1 
2026-09-27T04:18:16+04:00	ck8o-whole-3	0	3622326	3622272	23	805736448	607363072	python3*17 ZMQbg/Reaper*3 ZMQbg/IO/0*3 
2026-09-27T04:18:29+04:00	ck8o-whole-3	0	3622255	363	2	9711616	12288	uv*1 main2*1 
2026-09-27T04:18:29+04:00	ck8o-whole-3	0	3622272	3622255	22	154972160	10035200	ft*18 ZMQbg/Reaper*2 ZMQbg/IO/0*2 
2026-09-27T04:18:29+04:00	ck8o-whole-3	0	3622324	3622272	1	6844416	4096	python3*1 
2026-09-27T04:18:29+04:00	ck8o-whole-3	0	3622325	3622272	45	22594965504	1871544320	python3*36 pt_gloo_runloop*2 ZMQbg/Reaper*2 ZMQbg/IO/0*2 pt_tcpstore_uv*1 cuda0000240000a*1 
2026-09-27T04:18:29+04:00	ck8o-whole-3	0	3622326	3622272	23	620863488	478523392	python3*17 ZMQbg/Reaper*3 ZMQbg/IO/0*3 
2026-09-27T04:18:39+04:00	ck8o-whole-3	0	3622255	363	2	9711616	12288	uv*1 main2*1 
2026-09-27T04:18:39+04:00	ck8o-whole-3	0	3622272	3622255	39	381210624	229183488	ft*35 ZMQbg/Reaper*2 ZMQbg/IO/0*2 
2026-09-27T04:18:39+04:00	ck8o-whole-3	0	3622324	3622272	1	6844416	4096	python3*1 
2026-09-27T04:18:39+04:00	ck8o-whole-3	0	3622325	3622272	45	22599286784	1871974400	python3*36 pt_gloo_runloop*2 ZMQbg/Reaper*2 ZMQbg/IO/0*2 pt_tcpstore_uv*1 cuda0000240000a*1 
2026-09-27T04:18:39+04:00	ck8o-whole-3	0	3622326	3622272	39	629735424	482746368	python3*33 ZMQbg/Reaper*3 ZMQbg/IO/0*3 
2026-09-27T04:18:49+04:00	ck8o-whole-3	0	3622255	363	2	9711616	12288	uv*1 main2*1 
2026-09-27T04:18:49+04:00	ck8o-whole-3	0	3622272	3622255	39	381210624	229183488	ft*35 ZMQbg/Reaper*2 ZMQbg/IO/0*2 
2026-09-27T04:18:49+04:00	ck8o-whole-3	0	3622324	3622272	1	6844416	4096	python3*1 
2026-09-27T04:18:49+04:00	ck8o-whole-3	0	3622325	3622272	45	22599286784	1871974400	python3*36 pt_gloo_runloop*2 ZMQbg/Reaper*2 ZMQbg/IO/0*2 pt_tcpstore_uv*1 cuda0000240000a*1 
2026-09-27T04:18:50+04:00	ck8o-whole-3	0	3622326	3622272	39	629735424	482746368	python3*33 ZMQbg/Reaper*3 ZMQbg/IO/0*3 
2026-09-27T04:19:02+04:00	ck8o-whole-3	1	3622255	363	2	9711616	12288	uv*1 main2*1 
2026-09-27T04:19:02+04:00	ck8o-whole-3	1	3622272	3622255	57	386269184	234176512	ft*51 ZMQbg/Reaper*3 ZMQbg/IO/0*3 
2026-09-27T04:19:02+04:00	ck8o-whole-3	1	3622324	3622272	1	6844416	4096	python3*1 
2026-09-27T04:19:02+04:00	ck8o-whole-3	1	3622325	3622272	45	22599577600	1872265216	python3*36 pt_gloo_runloop*2 ZMQbg/Reaper*2 ZMQbg/IO/0*2 pt_tcpstore_uv*1 cuda0000240000a*1 
2026-09-27T04:19:03+04:00	ck8o-whole-3	1	3622326	3622272	57	631001088	483946496	python3*49 ZMQbg/Reaper*4 ZMQbg/IO/0*4 
2026-09-27T04:19:13+04:00	ck8o-whole-3	1	3622255	363	2	9711616	12288	uv*1 main2*1 
2026-09-27T04:19:13+04:00	ck8o-whole-3	1	3622272	3622255	57	386269184	234176512	ft*51 ZMQbg/Reaper*3 ZMQbg/IO/0*3 
2026-09-27T04:19:13+04:00	ck8o-whole-3	1	3622324	3622272	1	6844416	4096	python3*1 
2026-09-27T04:19:13+04:00	ck8o-whole-3	1	3622325	3622272	45	22599577600	1872265216	python3*36 pt_gloo_runloop*2 ZMQbg/Reaper*2 ZMQbg/IO/0*2 pt_tcpstore_uv*1 cuda0000240000a*1 
2026-09-27T04:19:13+04:00	ck8o-whole-3	1	3622326	3622272	57	631001088	483946496	python3*49 ZMQbg/Reaper*4 ZMQbg/IO/0*4 
2026-09-27T04:19:23+04:00	ck8o-whole-3	3	3622255	363	2	9711616	12288	uv*1 main2*1 
2026-09-27T04:19:23+04:00	ck8o-whole-3	3	3622272	3622255	57	387047424	234954752	ft*51 ZMQbg/Reaper*3 ZMQbg/IO/0*3 
2026-09-27T04:19:23+04:00	ck8o-whole-3	3	3622324	3622272	1	6844416	4096	python3*1 
2026-09-27T04:19:23+04:00	ck8o-whole-3	3	3622325	3622272	45	22645760000	1917394944	python3*36 pt_gloo_runloop*2 ZMQbg/Reaper*2 ZMQbg/IO/0*2 pt_tcpstore_uv*1 cuda0000240000a*1 
2026-09-27T04:19:23+04:00	ck8o-whole-3	3	3622326	3622272	57	631001088	483946496	python3*49 ZMQbg/Reaper*4 ZMQbg/IO/0*4 
2026-09-27T04:19:36+04:00	ck8o-whole-3	3	3622255	363	2	9711616	12288	uv*1 main2*1 
2026-09-27T04:19:36+04:00	ck8o-whole-3	3	3622272	3622255	57	386396160	234303488	ft*51 ZMQbg/Reaper*3 ZMQbg/IO/0*3 
2026-09-27T04:19:36+04:00	ck8o-whole-3	3	3622324	3622272	1	6844416	4096	python3*1 
2026-09-27T04:19:36+04:00	ck8o-whole-3	3	3622325	3622272	45	22645760000	1917394944	python3*36 pt_gloo_runloop*2 ZMQbg/Reaper*2 ZMQbg/IO/0*2 pt_tcpstore_uv*1 cuda0000240000a*1 
2026-09-27T04:19:36+04:00	ck8o-whole-3	3	3622326	3622272	57	631005184	483950592	python3*49 ZMQbg/Reaper*4 ZMQbg/IO/0*4 
2026-09-27T04:20:29+04:00	ck8o-mirror-3	0	3624635	363	3	27549696	6041600	uv*1 tokio-rt-worker*1 main2*1 
2026-09-27T04:20:29+04:00	ck8o-mirror-3	0	3624652	3624635	22	702439424	422723584	ft*18 ZMQbg/Reaper*2 ZMQbg/IO/0*2 
2026-09-27T04:20:29+04:00	ck8o-mirror-3	0	3624700	3624652	1	12808192	5939200	python3*1 
2026-09-27T04:20:29+04:00	ck8o-mirror-3	0	3624701	3624652	25	2120695808	803475456	python3*20 pt_gloo_runloop*2 pt_tcpstore_uv*1 cuda0000240000a*1 cuda-EvtHandlr*1 
2026-09-27T04:20:29+04:00	ck8o-mirror-3	0	3624702	3624652	23	888262656	607371264	python3*17 ZMQbg/Reaper*3 ZMQbg/IO/0*3 
2026-09-27T04:20:39+04:00	ck8o-mirror-3	0	3624635	363	2	27680768	6041600	uv*1 main2*1 
2026-09-27T04:20:39+04:00	ck8o-mirror-3	0	3624652	3624635	22	702447616	422731776	ft*18 ZMQbg/Reaper*2 ZMQbg/IO/0*2 
2026-09-27T04:20:39+04:00	ck8o-mirror-3	0	3624700	3624652	1	12808192	5939200	python3*1 
2026-09-27T04:20:39+04:00	ck8o-mirror-3	0	3624701	3624652	40	17482235904	15348903936	python3*35 pt_gloo_runloop*2 pt_tcpstore_uv*1 cuda0000240000a*1 cuda-EvtHandlr*1 
2026-09-27T04:20:39+04:00	ck8o-mirror-3	0	3624702	3624652	23	888262656	607371264	python3*17 ZMQbg/Reaper*3 ZMQbg/IO/0*3 
2026-09-27T04:20:52+04:00	ck8o-mirror-3	0	3624635	363	2	27680768	6041600	uv*1 main2*1 
2026-09-27T04:20:52+04:00	ck8o-mirror-3	0	3624652	3624635	22	702455808	422739968	ft*18 ZMQbg/Reaper*2 ZMQbg/IO/0*2 
2026-09-27T04:20:52+04:00	ck8o-mirror-3	0	3624700	3624652	1	12808192	5939200	python3*1 
2026-09-27T04:20:52+04:00	ck8o-mirror-3	0	3624701	3624652	41	17572679680	15435444224	python3*36 pt_gloo_runloop*2 pt_tcpstore_uv*1 cuda0000240000a*1 cuda-EvtHandlr*1 
2026-09-27T04:20:52+04:00	ck8o-mirror-3	0	3624702	3624652	23	888262656	607371264	python3*17 ZMQbg/Reaper*3 ZMQbg/IO/0*3 
2026-09-27T04:21:02+04:00	ck8o-mirror-3	0	3624635	363	2	27680768	6041600	uv*1 main2*1 
2026-09-27T04:21:02+04:00	ck8o-mirror-3	0	3624652	3624635	22	702464000	422748160	ft*18 ZMQbg/Reaper*2 ZMQbg/IO/0*2 
2026-09-27T04:21:02+04:00	ck8o-mirror-3	0	3624700	3624652	1	12808192	5939200	python3*1 
2026-09-27T04:21:02+04:00	ck8o-mirror-3	0	3624701	3624652	41	16351211520	15752433664	python3*36 pt_gloo_runloop*2 pt_tcpstore_uv*1 cuda0000240000a*1 cuda-EvtHandlr*1 
2026-09-27T04:21:02+04:00	ck8o-mirror-3	0	3624702	3624652	23	888262656	607371264	python3*17 ZMQbg/Reaper*3 ZMQbg/IO/0*3 
2026-09-27T04:21:12+04:00	ck8o-mirror-3	0	3624635	363	2	27680768	6041600	uv*1 main2*1 
2026-09-27T04:21:12+04:00	ck8o-mirror-3	0	3624652	3624635	22	702464000	422748160	ft*18 ZMQbg/Reaper*2 ZMQbg/IO/0*2 
2026-09-27T04:21:12+04:00	ck8o-mirror-3	0	3624700	3624652	1	12808192	5939200	python3*1 
2026-09-27T04:21:13+04:00	ck8o-mirror-3	0	3624701	3624652	41	16351240192	15752462336	python3*36 pt_gloo_runloop*2 pt_tcpstore_uv*1 cuda0000240000a*1 cuda-EvtHandlr*1 
2026-09-27T04:21:13+04:00	ck8o-mirror-3	0	3624702	3624652	23	888262656	607371264	python3*17 ZMQbg/Reaper*3 ZMQbg/IO/0*3 
2026-09-27T04:21:25+04:00	ck8o-mirror-3	0	3624635	363	2	27680768	6041600	uv*1 main2*1 
2026-09-27T04:21:25+04:00	ck8o-mirror-3	0	3624652	3624635	22	702464000	422748160	ft*18 ZMQbg/Reaper*2 ZMQbg/IO/0*2 
2026-09-27T04:21:25+04:00	ck8o-mirror-3	0	3624700	3624652	1	12808192	5939200	python3*1 
2026-09-27T04:21:25+04:00	ck8o-mirror-3	0	3624701	3624652	41	16868020224	16252669952	python3*36 pt_gloo_runloop*2 pt_tcpstore_uv*1 cuda0000240000a*1 cuda-EvtHandlr*1 
2026-09-27T04:21:25+04:00	ck8o-mirror-3	0	3624702	3624652	23	888262656	607371264	python3*17 ZMQbg/Reaper*3 ZMQbg/IO/0*3 
2026-09-27T04:21:35+04:00	ck8o-mirror-3	0	3624635	363	2	27680768	6041600	uv*1 main2*1 
2026-09-27T04:21:35+04:00	ck8o-mirror-3	0	3624652	3624635	22	702529536	422768640	ft*18 ZMQbg/Reaper*2 ZMQbg/IO/0*2 
2026-09-27T04:21:35+04:00	ck8o-mirror-3	0	3624700	3624652	1	12808192	5939200	python3*1 
2026-09-27T04:21:35+04:00	ck8o-mirror-3	0	3624701	3624652	45	17074511872	16455335936	python3*36 pt_gloo_runloop*2 ZMQbg/Reaper*2 ZMQbg/IO/0*2 pt_tcpstore_uv*1 cuda0000240000a*1 
2026-09-27T04:21:36+04:00	ck8o-mirror-3	0	3624702	3624652	23	888352768	607416320	python3*17 ZMQbg/Reaper*3 ZMQbg/IO/0*3 
2026-09-27T04:21:46+04:00	ck8o-mirror-3	0	3624635	363	2	27680768	6041600	uv*1 main2*1 
2026-09-27T04:21:46+04:00	ck8o-mirror-3	0	3624652	3624635	39	907894784	622141440	ft*35 ZMQbg/Reaper*2 ZMQbg/IO/0*2 
2026-09-27T04:21:46+04:00	ck8o-mirror-3	0	3624700	3624652	1	12808192	5939200	python3*1 
2026-09-27T04:21:46+04:00	ck8o-mirror-3	0	3624701	3624652	45	17078415360	16455483392	python3*36 pt_gloo_runloop*2 ZMQbg/Reaper*2 ZMQbg/IO/0*2 pt_tcpstore_uv*1 cuda0000240000a*1 
2026-09-27T04:21:46+04:00	ck8o-mirror-3	0	3624702	3624652	39	892354560	608194560	python3*33 ZMQbg/Reaper*3 ZMQbg/IO/0*3 
2026-09-27T04:21:59+04:00	ck8o-mirror-3	0	3624635	363	2	27680768	6041600	uv*1 main2*1 
2026-09-27T04:21:59+04:00	ck8o-mirror-3	0	3624652	3624635	39	907894784	622141440	ft*35 ZMQbg/Reaper*2 ZMQbg/IO/0*2 
2026-09-27T04:21:59+04:00	ck8o-mirror-3	0	3624700	3624652	1	12808192	5939200	python3*1 
2026-09-27T04:21:59+04:00	ck8o-mirror-3	0	3624701	3624652	45	17078415360	16455483392	python3*36 pt_gloo_runloop*2 ZMQbg/Reaper*2 ZMQbg/IO/0*2 pt_tcpstore_uv*1 cuda0000240000a*1 
2026-09-27T04:21:59+04:00	ck8o-mirror-3	0	3624702	3624652	39	892354560	608194560	python3*33 ZMQbg/Reaper*3 ZMQbg/IO/0*3 
2026-09-27T04:22:09+04:00	ck8o-mirror-3	1	3624635	363	2	27680768	6041600	uv*1 main2*1 
2026-09-27T04:22:09+04:00	ck8o-mirror-3	1	3624652	3624635	57	910311424	624558080	ft*51 ZMQbg/Reaper*3 ZMQbg/IO/0*3 
2026-09-27T04:22:09+04:00	ck8o-mirror-3	1	3624700	3624652	1	12808192	5939200	python3*1 
2026-09-27T04:22:09+04:00	ck8o-mirror-3	1	3624701	3624652	45	17078734848	16455802880	python3*36 pt_gloo_runloop*2 ZMQbg/Reaper*2 ZMQbg/IO/0*2 pt_tcpstore_uv*1 cuda0000240000a*1 
2026-09-27T04:22:09+04:00	ck8o-mirror-3	1	3624702	3624652	57	893419520	609259520	python3*49 ZMQbg/Reaper*4 ZMQbg/IO/0*4 
2026-09-27T04:22:19+04:00	ck8o-mirror-3	1	3624635	363	2	27680768	6041600	uv*1 main2*1 
2026-09-27T04:22:19+04:00	ck8o-mirror-3	1	3624652	3624635	57	910311424	624558080	ft*51 ZMQbg/Reaper*3 ZMQbg/IO/0*3 
2026-09-27T04:22:19+04:00	ck8o-mirror-3	1	3624700	3624652	1	12808192	5939200	python3*1 
2026-09-27T04:22:19+04:00	ck8o-mirror-3	1	3624701	3624652	45	17078734848	16455802880	python3*36 pt_gloo_runloop*2 ZMQbg/Reaper*2 ZMQbg/IO/0*2 pt_tcpstore_uv*1 cuda0000240000a*1 
2026-09-27T04:22:19+04:00	ck8o-mirror-3	1	3624702	3624652	57	893419520	609259520	python3*49 ZMQbg/Reaper*4 ZMQbg/IO/0*4 
2026-09-27T04:22:32+04:00	ck8o-mirror-3	3	3624635	363	2	27680768	6041600	uv*1 main2*1 
2026-09-27T04:22:32+04:00	ck8o-mirror-3	3	3624652	3624635	57	910422016	624668672	ft*51 ZMQbg/Reaper*3 ZMQbg/IO/0*3 
2026-09-27T04:22:32+04:00	ck8o-mirror-3	3	3624700	3624652	1	12808192	5939200	python3*1 
2026-09-27T04:22:32+04:00	ck8o-mirror-3	3	3624701	3624652	45	17124777984	16500789248	python3*36 pt_gloo_runloop*2 ZMQbg/Reaper*2 ZMQbg/IO/0*2 pt_tcpstore_uv*1 cuda0000240000a*1 
2026-09-27T04:22:32+04:00	ck8o-mirror-3	3	3624702	3624652	57	893419520	609259520	python3*49 ZMQbg/Reaper*4 ZMQbg/IO/0*4 
2026-09-27T04:22:42+04:00	ck8o-mirror-3	3	3624635	363	2	27680768	6041600	uv*1 main2*1 
2026-09-27T04:22:42+04:00	ck8o-mirror-3	3	3624652	3624635	57	910422016	624668672	ft*51 ZMQbg/Reaper*3 ZMQbg/IO/0*3 
2026-09-27T04:22:42+04:00	ck8o-mirror-3	3	3624700	3624652	1	12808192	5939200	python3*1 
2026-09-27T04:22:42+04:00	ck8o-mirror-3	3	3624701	3624652	45	17124777984	16500789248	python3*36 pt_gloo_runloop*2 ZMQbg/Reaper*2 ZMQbg/IO/0*2 pt_tcpstore_uv*1 cuda0000240000a*1 
2026-09-27T04:22:42+04:00	ck8o-mirror-3	3	3624702	3624652	57	893423616	609263616	python3*49 ZMQbg/Reaper*4 ZMQbg/IO/0*4 
2026-09-27T04:24:21+04:00	ck8o-whole-256k	0	3636618	363	3	27807744	6041600	uv*1 tokio-rt-worker*1 main2*1 
2026-09-27T04:24:21+04:00	ck8o-whole-256k	0	3636639	3636618	22	704139264	422555648	ft*18 ZMQbg/Reaper*2 ZMQbg/IO/0*2 
2026-09-27T04:24:21+04:00	ck8o-whole-256k	0	3636880	3636639	1	12775424	5939200	python3*1 
2026-09-27T04:24:21+04:00	ck8o-whole-256k	0	3636881	3636639	16	522981376	299671552	python3*16 
2026-09-27T04:24:21+04:00	ck8o-whole-256k	0	3636882	3636639	16	523051008	300027904	python3*16 
2026-09-27T04:24:31+04:00	ck8o-whole-256k	0	3636618	363	2	27938816	6041600	uv*1 main2*1 
2026-09-27T04:24:31+04:00	ck8o-whole-256k	0	3636639	3636618	22	704446464	422727680	ft*18 ZMQbg/Reaper*2 ZMQbg/IO/0*2 
2026-09-27T04:24:31+04:00	ck8o-whole-256k	0	3636880	3636639	1	12775424	5939200	python3*1 
2026-09-27T04:24:31+04:00	ck8o-whole-256k	0	3636881	3636639	41	5652172800	983658496	python3*36 pt_gloo_runloop*2 pt_tcpstore_uv*1 cuda0000240000a*1 cuda-EvtHandlr*1 
2026-09-27T04:24:31+04:00	ck8o-whole-256k	0	3636882	3636639	23	888119296	607367168	python3*17 ZMQbg/Reaper*3 ZMQbg/IO/0*3 
2026-09-27T04:24:41+04:00	ck8o-whole-256k	0	3636618	363	2	27938816	6041600	uv*1 main2*1 
2026-09-27T04:24:41+04:00	ck8o-whole-256k	0	3636639	3636618	22	704454656	422735872	ft*18 ZMQbg/Reaper*2 ZMQbg/IO/0*2 
2026-09-27T04:24:41+04:00	ck8o-whole-256k	0	3636880	3636639	1	12775424	5939200	python3*1 
2026-09-27T04:24:41+04:00	ck8o-whole-256k	0	3636881	3636639	41	7745384448	983769088	python3*36 pt_gloo_runloop*2 pt_tcpstore_uv*1 cuda0000240000a*1 cuda-EvtHandlr*1 
2026-09-27T04:24:41+04:00	ck8o-whole-256k	0	3636882	3636639	23	888119296	607367168	python3*17 ZMQbg/Reaper*3 ZMQbg/IO/0*3 
2026-09-27T04:24:55+04:00	ck8o-whole-256k	0	3636618	363	2	27938816	6041600	uv*1 main2*1 
2026-09-27T04:24:55+04:00	ck8o-whole-256k	0	3636639	3636618	22	704462848	422744064	ft*18 ZMQbg/Reaper*2 ZMQbg/IO/0*2 
2026-09-27T04:24:55+04:00	ck8o-whole-256k	0	3636880	3636639	1	12775424	5939200	python3*1 
2026-09-27T04:24:55+04:00	ck8o-whole-256k	0	3636881	3636639	41	8886743040	983818240	python3*36 pt_gloo_runloop*2 pt_tcpstore_uv*1 cuda0000240000a*1 cuda-EvtHandlr*1 
2026-09-27T04:24:55+04:00	ck8o-whole-256k	0	3636882	3636639	23	888119296	607367168	python3*17 ZMQbg/Reaper*3 ZMQbg/IO/0*3 
2026-09-27T04:25:05+04:00	ck8o-whole-256k	0	3636618	363	2	27938816	6041600	uv*1 main2*1 
2026-09-27T04:25:05+04:00	ck8o-whole-256k	0	3636639	3636618	22	704471040	422752256	ft*18 ZMQbg/Reaper*2 ZMQbg/IO/0*2 
2026-09-27T04:25:05+04:00	ck8o-whole-256k	0	3636880	3636639	1	12775424	5939200	python3*1 
2026-09-27T04:25:05+04:00	ck8o-whole-256k	0	3636881	3636639	41	10080960512	983871488	python3*36 pt_gloo_runloop*2 pt_tcpstore_uv*1 cuda0000240000a*1 cuda-EvtHandlr*1 
2026-09-27T04:25:05+04:00	ck8o-whole-256k	0	3636882	3636639	23	888119296	607367168	python3*17 ZMQbg/Reaper*3 ZMQbg/IO/0*3 
2026-09-27T04:25:15+04:00	ck8o-whole-256k	0	3636618	363	2	27938816	6041600	uv*1 main2*1 
2026-09-27T04:25:15+04:00	ck8o-whole-256k	0	3636639	3636618	22	704471040	422752256	ft*18 ZMQbg/Reaper*2 ZMQbg/IO/0*2 
2026-09-27T04:25:15+04:00	ck8o-whole-256k	0	3636880	3636639	1	12775424	5939200	python3*1 
2026-09-27T04:25:15+04:00	ck8o-whole-256k	0	3636881	3636639	41	11962089472	983969792	python3*36 pt_gloo_runloop*2 pt_tcpstore_uv*1 cuda0000240000a*1 cuda-EvtHandlr*1 
2026-09-27T04:25:15+04:00	ck8o-whole-256k	0	3636882	3636639	23	888119296	607367168	python3*17 ZMQbg/Reaper*3 ZMQbg/IO/0*3 
2026-09-27T04:25:28+04:00	ck8o-whole-256k	0	3636618	363	2	27938816	6041600	uv*1 main2*1 
2026-09-27T04:25:28+04:00	ck8o-whole-256k	0	3636639	3636618	22	704471040	422752256	ft*18 ZMQbg/Reaper*2 ZMQbg/IO/0*2 
2026-09-27T04:25:28+04:00	ck8o-whole-256k	0	3636880	3636639	1	12775424	5939200	python3*1 
2026-09-27T04:25:28+04:00	ck8o-whole-256k	0	3636881	3636639	41	12469362688	983994368	python3*36 pt_gloo_runloop*2 pt_tcpstore_uv*1 cuda0000240000a*1 cuda-EvtHandlr*1 
2026-09-27T04:25:28+04:00	ck8o-whole-256k	0	3636882	3636639	23	888119296	607367168	python3*17 ZMQbg/Reaper*3 ZMQbg/IO/0*3 
2026-09-27T04:25:38+04:00	ck8o-whole-256k	0	3636618	363	2	27865088	6041600	uv*1 main2*1 
2026-09-27T04:25:38+04:00	ck8o-whole-256k	0	3636639	3636618	22	704462848	422752256	ft*18 ZMQbg/Reaper*2 ZMQbg/IO/0*2 
2026-09-27T04:25:38+04:00	ck8o-whole-256k	0	3636880	3636639	1	12775424	5939200	python3*1 
2026-09-27T04:25:38+04:00	ck8o-whole-256k	0	3636881	3636639	41	12818108416	984018944	python3*36 pt_gloo_runloop*2 pt_tcpstore_uv*1 cuda0000240000a*1 cuda-EvtHandlr*1 
2026-09-27T04:25:38+04:00	ck8o-whole-256k	0	3636882	3636639	23	888111104	607367168	python3*17 ZMQbg/Reaper*3 ZMQbg/IO/0*3 
2026-09-27T04:25:48+04:00	ck8o-whole-256k	0	3636618	363	2	27865088	6041600	uv*1 main2*1 
2026-09-27T04:25:48+04:00	ck8o-whole-256k	0	3636639	3636618	22	704466944	422756352	ft*18 ZMQbg/Reaper*2 ZMQbg/IO/0*2 
2026-09-27T04:25:48+04:00	ck8o-whole-256k	0	3636880	3636639	1	12775424	5939200	python3*1 
2026-09-27T04:25:48+04:00	ck8o-whole-256k	0	3636881	3636639	41	13166837760	984018944	python3*36 pt_gloo_runloop*2 pt_tcpstore_uv*1 cuda0000240000a*1 cuda-EvtHandlr*1 
2026-09-27T04:25:49+04:00	ck8o-whole-256k	0	3636882	3636639	23	888111104	607367168	python3*17 ZMQbg/Reaper*3 ZMQbg/IO/0*3 
2026-09-27T04:26:02+04:00	ck8o-whole-256k	0	3636618	363	2	27865088	6041600	uv*1 main2*1 
2026-09-27T04:26:02+04:00	ck8o-whole-256k	0	3636639	3636618	22	704348160	422768640	ft*18 ZMQbg/Reaper*2 ZMQbg/IO/0*2 
2026-09-27T04:26:02+04:00	ck8o-whole-256k	0	3636880	3636639	1	12775424	5939200	python3*1 
2026-09-27T04:26:02+04:00	ck8o-whole-256k	0	3636881	3636639	41	13515350016	984047616	python3*36 pt_gloo_runloop*2 pt_tcpstore_uv*1 cuda0000240000a*1 cuda-EvtHandlr*1 
2026-09-27T04:26:02+04:00	ck8o-whole-256k	0	3636882	3636639	23	887971840	607367168	python3*17 ZMQbg/Reaper*3 ZMQbg/IO/0*3 
2026-09-27T04:26:12+04:00	ck8o-whole-256k	0	3636618	363	2	27533312	6041600	uv*1 main2*1 
2026-09-27T04:26:12+04:00	ck8o-whole-256k	0	3636639	3636618	22	704020480	422768640	ft*18 ZMQbg/Reaper*2 ZMQbg/IO/0*2 
2026-09-27T04:26:12+04:00	ck8o-whole-256k	0	3636880	3636639	1	12771328	5939200	python3*1 
2026-09-27T04:26:12+04:00	ck8o-whole-256k	0	3636881	3636639	41	17160404992	984219648	python3*36 pt_gloo_runloop*2 pt_tcpstore_uv*1 cuda0000240000a*1 cuda-EvtHandlr*1 
2026-09-27T04:26:12+04:00	ck8o-whole-256k	0	3636882	3636639	23	887484416	607367168	python3*17 ZMQbg/Reaper*3 ZMQbg/IO/0*3 
2026-09-27T04:26:22+04:00	ck8o-whole-256k	0	3636618	363	2	25292800	6041600	uv*1 main2*1 
2026-09-27T04:26:22+04:00	ck8o-whole-256k	0	3636639	3636618	22	616214528	422768640	ft*18 ZMQbg/Reaper*2 ZMQbg/IO/0*2 
2026-09-27T04:26:22+04:00	ck8o-whole-256k	0	3636880	3636639	1	12767232	5939200	python3*1 
2026-09-27T04:26:22+04:00	ck8o-whole-256k	0	3636881	3636639	41	22954995712	984518656	python3*36 pt_gloo_runloop*2 pt_tcpstore_uv*1 cuda0000240000a*1 cuda-EvtHandlr*1 
2026-09-27T04:26:22+04:00	ck8o-whole-256k	0	3636882	3636639	23	798932992	607367168	python3*17 ZMQbg/Reaper*3 ZMQbg/IO/0*3 
2026-09-27T04:26:35+04:00	ck8o-whole-256k	0	3636618	363	2	24817664	6041600	uv*1 main2*1 
2026-09-27T04:26:35+04:00	ck8o-whole-256k	0	3636639	3636618	39	810270720	621764608	ft*35 ZMQbg/Reaper*2 ZMQbg/IO/0*2 
2026-09-27T04:26:35+04:00	ck8o-whole-256k	0	3636880	3636639	1	12759040	5939200	python3*1 
2026-09-27T04:26:35+04:00	ck8o-whole-256k	0	3636881	3636639	45	22774140928	1987784704	python3*36 pt_gloo_runloop*2 ZMQbg/Reaper*2 ZMQbg/IO/0*2 pt_tcpstore_uv*1 cuda0000240000a*1 
2026-09-27T04:26:36+04:00	ck8o-whole-256k	0	3636882	3636639	39	792739840	607834112	python3*33 ZMQbg/Reaper*3 ZMQbg/IO/0*3 
2026-09-27T04:26:46+04:00	ck8o-whole-256k	0	3636618	363	2	24809472	6041600	uv*1 main2*1 
2026-09-27T04:26:46+04:00	ck8o-whole-256k	0	3636639	3636618	39	810397696	621998080	ft*35 ZMQbg/Reaper*2 ZMQbg/IO/0*2 
2026-09-27T04:26:46+04:00	ck8o-whole-256k	0	3636880	3636639	1	12759040	5939200	python3*1 
2026-09-27T04:26:46+04:00	ck8o-whole-256k	0	3636881	3636639	45	22777798656	1988321280	python3*36 pt_gloo_runloop*2 ZMQbg/Reaper*2 ZMQbg/IO/0*2 pt_tcpstore_uv*1 cuda0000240000a*1 
2026-09-27T04:26:46+04:00	ck8o-whole-256k	0	3636882	3636639	39	792678400	607891456	python3*33 ZMQbg/Reaper*3 ZMQbg/IO/0*3 
2026-09-27T04:26:56+04:00	ck8o-whole-256k	0	3636618	363	2	24809472	6041600	uv*1 main2*1 
2026-09-27T04:26:56+04:00	ck8o-whole-256k	0	3636639	3636618	39	810397696	621998080	ft*35 ZMQbg/Reaper*2 ZMQbg/IO/0*2 
2026-09-27T04:26:56+04:00	ck8o-whole-256k	0	3636880	3636639	1	12759040	5939200	python3*1 
2026-09-27T04:26:56+04:00	ck8o-whole-256k	0	3636881	3636639	45	22777798656	1988321280	python3*36 pt_gloo_runloop*2 ZMQbg/Reaper*2 ZMQbg/IO/0*2 pt_tcpstore_uv*1 cuda0000240000a*1 
2026-09-27T04:26:56+04:00	ck8o-whole-256k	0	3636882	3636639	39	792678400	607891456	python3*33 ZMQbg/Reaper*3 ZMQbg/IO/0*3 
2026-09-27T04:27:09+04:00	ck8o-whole-256k	1	3636618	363	2	24690688	6041600	uv*1 main2*1 
2026-09-27T04:27:09+04:00	ck8o-whole-256k	1	3636639	3636618	57	882487296	695607296	ft*51 ZMQbg/Reaper*3 ZMQbg/IO/0*3 
2026-09-27T04:27:09+04:00	ck8o-whole-256k	1	3636880	3636639	1	12759040	5939200	python3*1 
2026-09-27T04:27:09+04:00	ck8o-whole-256k	1	3636881	3636639	45	22777012224	1989324800	python3*36 pt_gloo_runloop*2 ZMQbg/Reaper*2 ZMQbg/IO/0*2 pt_tcpstore_uv*1 cuda0000240000a*1 
2026-09-27T04:27:09+04:00	ck8o-whole-256k	1	3636882	3636639	57	853217280	669945856	python3*49 ZMQbg/Reaper*4 ZMQbg/IO/0*4 
2026-09-27T04:27:20+04:00	ck8o-whole-256k	1	3636618	363	2	24690688	6041600	uv*1 main2*1 
2026-09-27T04:27:20+04:00	ck8o-whole-256k	1	3636639	3636618	57	882487296	695607296	ft*51 ZMQbg/Reaper*3 ZMQbg/IO/0*3 
2026-09-27T04:27:20+04:00	ck8o-whole-256k	1	3636880	3636639	1	12759040	5939200	python3*1 
2026-09-27T04:27:20+04:00	ck8o-whole-256k	1	3636881	3636639	45	22777012224	1989324800	python3*36 pt_gloo_runloop*2 ZMQbg/Reaper*2 ZMQbg/IO/0*2 pt_tcpstore_uv*1 cuda0000240000a*1 
2026-09-27T04:27:20+04:00	ck8o-whole-256k	1	3636882	3636639	57	853217280	669945856	python3*49 ZMQbg/Reaper*4 ZMQbg/IO/0*4 
2026-09-27T04:27:30+04:00	ck8o-whole-256k	1	3636618	363	2	18714624	65536	uv*1 main2*1 
2026-09-27T04:27:30+04:00	ck8o-whole-256k	1	3636639	3636618	57	868220928	681340928	ft*51 ZMQbg/Reaper*3 ZMQbg/IO/0*3 
2026-09-27T04:27:30+04:00	ck8o-whole-256k	1	3636880	3636639	1	12759040	5939200	python3*1 
2026-09-27T04:27:30+04:00	ck8o-whole-256k	1	3636881	3636639	45	22777012224	1989324800	python3*36 pt_gloo_runloop*2 ZMQbg/Reaper*2 ZMQbg/IO/0*2 pt_tcpstore_uv*1 cuda0000240000a*1 
2026-09-27T04:27:30+04:00	ck8o-whole-256k	1	3636882	3636639	57	853217280	669945856	python3*49 ZMQbg/Reaper*4 ZMQbg/IO/0*4 
2026-09-27T04:27:40+04:00	ck8o-whole-256k	1	3636618	363	2	18714624	65536	uv*1 main2*1 
2026-09-27T04:27:40+04:00	ck8o-whole-256k	1	3636639	3636618	57	868220928	681340928	ft*51 ZMQbg/Reaper*3 ZMQbg/IO/0*3 
2026-09-27T04:27:40+04:00	ck8o-whole-256k	1	3636880	3636639	1	12759040	5939200	python3*1 
2026-09-27T04:27:40+04:00	ck8o-whole-256k	1	3636881	3636639	45	22777012224	1989324800	python3*36 pt_gloo_runloop*2 ZMQbg/Reaper*2 ZMQbg/IO/0*2 pt_tcpstore_uv*1 cuda0000240000a*1 
2026-09-27T04:27:40+04:00	ck8o-whole-256k	1	3636882	3636639	57	853217280	669945856	python3*49 ZMQbg/Reaper*4 ZMQbg/IO/0*4 
2026-09-27T04:27:53+04:00	ck8o-whole-256k	1	3636618	363	2	18714624	65536	uv*1 main2*1 
2026-09-27T04:27:53+04:00	ck8o-whole-256k	1	3636639	3636618	57	868220928	681340928	ft*51 ZMQbg/Reaper*3 ZMQbg/IO/0*3 
2026-09-27T04:27:53+04:00	ck8o-whole-256k	1	3636880	3636639	1	12759040	5939200	python3*1 
2026-09-27T04:27:53+04:00	ck8o-whole-256k	1	3636881	3636639	45	22777012224	1989324800	python3*36 pt_gloo_runloop*2 ZMQbg/Reaper*2 ZMQbg/IO/0*2 pt_tcpstore_uv*1 cuda0000240000a*1 
2026-09-27T04:27:53+04:00	ck8o-whole-256k	1	3636882	3636639	57	853217280	669945856	python3*49 ZMQbg/Reaper*4 ZMQbg/IO/0*4 
2026-09-27T04:28:04+04:00	ck8o-whole-256k	1	3636618	363	2	18714624	65536	uv*1 main2*1 
2026-09-27T04:28:04+04:00	ck8o-whole-256k	1	3636639	3636618	57	868220928	681340928	ft*51 ZMQbg/Reaper*3 ZMQbg/IO/0*3 
2026-09-27T04:28:04+04:00	ck8o-whole-256k	1	3636880	3636639	1	12759040	5939200	python3*1 
2026-09-27T04:28:04+04:00	ck8o-whole-256k	1	3636881	3636639	45	22777012224	1989324800	python3*36 pt_gloo_runloop*2 ZMQbg/Reaper*2 ZMQbg/IO/0*2 pt_tcpstore_uv*1 cuda0000240000a*1 
2026-09-27T04:28:04+04:00	ck8o-whole-256k	1	3636882	3636639	57	853217280	669945856	python3*49 ZMQbg/Reaper*4 ZMQbg/IO/0*4 
2026-09-27T04:28:14+04:00	ck8o-whole-256k	1	3636618	363	2	18714624	65536	uv*1 main2*1 
2026-09-27T04:28:14+04:00	ck8o-whole-256k	1	3636639	3636618	57	868220928	681340928	ft*51 ZMQbg/Reaper*3 ZMQbg/IO/0*3 
2026-09-27T04:28:14+04:00	ck8o-whole-256k	1	3636880	3636639	1	12759040	5939200	python3*1 
2026-09-27T04:28:14+04:00	ck8o-whole-256k	1	3636881	3636639	45	22777012224	1989324800	python3*36 pt_gloo_runloop*2 ZMQbg/Reaper*2 ZMQbg/IO/0*2 pt_tcpstore_uv*1 cuda0000240000a*1 
2026-09-27T04:28:14+04:00	ck8o-whole-256k	1	3636882	3636639	57	853217280	669945856	python3*49 ZMQbg/Reaper*4 ZMQbg/IO/0*4 
2026-09-27T04:28:27+04:00	ck8o-whole-256k	3	3636618	363	2	18714624	65536	uv*1 main2*1 
2026-09-27T04:28:27+04:00	ck8o-whole-256k	3	3636639	3636618	57	868323328	681443328	ft*51 ZMQbg/Reaper*3 ZMQbg/IO/0*3 
2026-09-27T04:28:27+04:00	ck8o-whole-256k	3	3636880	3636639	1	12759040	5939200	python3*1 
2026-09-27T04:28:27+04:00	ck8o-whole-256k	3	3636881	3636639	45	22839799808	2050285568	python3*36 pt_gloo_runloop*2 ZMQbg/Reaper*2 ZMQbg/IO/0*2 pt_tcpstore_uv*1 cuda0000240000a*1 
2026-09-27T04:28:28+04:00	ck8o-whole-256k	3	3636882	3636639	57	806146048	622874624	python3*49 ZMQbg/Reaper*4 ZMQbg/IO/0*4 
2026-09-27T04:28:38+04:00	ck8o-whole-256k	3	3636618	363	2	18714624	65536	uv*1 main2*1 
2026-09-27T04:28:38+04:00	ck8o-whole-256k	3	3636639	3636618	57	868323328	681443328	ft*51 ZMQbg/Reaper*3 ZMQbg/IO/0*3 
2026-09-27T04:28:38+04:00	ck8o-whole-256k	3	3636880	3636639	1	12759040	5939200	python3*1 
2026-09-27T04:28:38+04:00	ck8o-whole-256k	3	3636881	3636639	45	22839799808	2050285568	python3*36 pt_gloo_runloop*2 ZMQbg/Reaper*2 ZMQbg/IO/0*2 pt_tcpstore_uv*1 cuda0000240000a*1 
2026-09-27T04:28:38+04:00	ck8o-whole-256k	3	3636882	3636639	57	806146048	622874624	python3*49 ZMQbg/Reaper*4 ZMQbg/IO/0*4 
2026-09-27T04:28:48+04:00	ck8o-whole-256k	3	3636618	363	2	18714624	65536	uv*1 main2*1 
2026-09-27T04:28:48+04:00	ck8o-whole-256k	3	3636639	3636618	57	868323328	681443328	ft*51 ZMQbg/Reaper*3 ZMQbg/IO/0*3 
2026-09-27T04:28:48+04:00	ck8o-whole-256k	3	3636880	3636639	1	12759040	5939200	python3*1 
2026-09-27T04:28:48+04:00	ck8o-whole-256k	3	3636881	3636639	45	22839799808	2050285568	python3*36 pt_gloo_runloop*2 ZMQbg/Reaper*2 ZMQbg/IO/0*2 pt_tcpstore_uv*1 cuda0000240000a*1 
2026-09-27T04:28:48+04:00	ck8o-whole-256k	3	3636882	3636639	57	806146048	622874624	python3*49 ZMQbg/Reaper*4 ZMQbg/IO/0*4 
2026-09-27T04:29:01+04:00	ck8o-whole-256k	3	3636618	363	2	18714624	65536	uv*1 main2*1 
2026-09-27T04:29:01+04:00	ck8o-whole-256k	3	3636639	3636618	57	868323328	681443328	ft*51 ZMQbg/Reaper*3 ZMQbg/IO/0*3 
2026-09-27T04:29:01+04:00	ck8o-whole-256k	3	3636880	3636639	1	12759040	5939200	python3*1 
2026-09-27T04:29:01+04:00	ck8o-whole-256k	3	3636881	3636639	45	22839799808	2050285568	python3*36 pt_gloo_runloop*2 ZMQbg/Reaper*2 ZMQbg/IO/0*2 pt_tcpstore_uv*1 cuda0000240000a*1 
2026-09-27T04:29:01+04:00	ck8o-whole-256k	3	3636882	3636639	57	806146048	622874624	python3*49 ZMQbg/Reaper*4 ZMQbg/IO/0*4 
2026-09-27T04:29:11+04:00	ck8o-whole-256k	3	3636618	363	2	18714624	65536	uv*1 main2*1 
2026-09-27T04:29:11+04:00	ck8o-whole-256k	3	3636639	3636618	57	868323328	681443328	ft*51 ZMQbg/Reaper*3 ZMQbg/IO/0*3 
2026-09-27T04:29:12+04:00	ck8o-whole-256k	3	3636880	3636639	1	12759040	5939200	python3*1 
2026-09-27T04:29:12+04:00	ck8o-whole-256k	3	3636881	3636639	45	22839799808	2050285568	python3*36 pt_gloo_runloop*2 ZMQbg/Reaper*2 ZMQbg/IO/0*2 pt_tcpstore_uv*1 cuda0000240000a*1 
2026-09-27T04:29:12+04:00	ck8o-whole-256k	3	3636882	3636639	57	806146048	622874624	python3*49 ZMQbg/Reaper*4 ZMQbg/IO/0*4 
2026-09-27T04:29:22+04:00	ck8o-whole-256k	3	3636618	363	2	18714624	65536	uv*1 main2*1 
2026-09-27T04:29:22+04:00	ck8o-whole-256k	3	3636639	3636618	57	848982016	662102016	ft*51 ZMQbg/Reaper*3 ZMQbg/IO/0*3 
2026-09-27T04:29:22+04:00	ck8o-whole-256k	3	3636880	3636639	1	12759040	5939200	python3*1 
2026-09-27T04:29:22+04:00	ck8o-whole-256k	3	3636881	3636639	45	22839799808	2050285568	python3*36 pt_gloo_runloop*2 ZMQbg/Reaper*2 ZMQbg/IO/0*2 pt_tcpstore_uv*1 cuda0000240000a*1 
2026-09-27T04:29:22+04:00	ck8o-whole-256k	3	3636882	3636639	57	806146048	622874624	python3*49 ZMQbg/Reaper*4 ZMQbg/IO/0*4 
2026-09-27T04:29:35+04:00	ck8o-whole-256k	3	3636618	363	2	18714624	65536	uv*1 main2*1 
2026-09-27T04:29:35+04:00	ck8o-whole-256k	3	3636639	3636618	57	830521344	643641344	ft*51 ZMQbg/Reaper*3 ZMQbg/IO/0*3 
2026-09-27T04:29:35+04:00	ck8o-whole-256k	3	3636880	3636639	1	12759040	5939200	python3*1 
2026-09-27T04:29:35+04:00	ck8o-whole-256k	3	3636881	3636639	45	22839799808	2050285568	python3*36 pt_gloo_runloop*2 ZMQbg/Reaper*2 ZMQbg/IO/0*2 pt_tcpstore_uv*1 cuda0000240000a*1 
2026-09-27T04:29:35+04:00	ck8o-whole-256k	3	3636882	3636639	57	806146048	622874624	python3*49 ZMQbg/Reaper*4 ZMQbg/IO/0*4 
2026-09-27T04:29:46+04:00	ck8o-whole-256k	4	3636618	363	2	18714624	65536	uv*1 main2*1 
2026-09-27T04:29:46+04:00	ck8o-whole-256k	4	3636639	3636618	57	830836736	643956736	ft*51 ZMQbg/Reaper*3 ZMQbg/IO/0*3 
2026-09-27T04:29:46+04:00	ck8o-whole-256k	4	3636880	3636639	1	12759040	5939200	python3*1 
2026-09-27T04:29:46+04:00	ck8o-whole-256k	4	3636881	3636639	45	22848811008	2058674176	python3*36 pt_gloo_runloop*2 ZMQbg/Reaper*2 ZMQbg/IO/0*2 pt_tcpstore_uv*1 cuda0000240000a*1 
2026-09-27T04:29:46+04:00	ck8o-whole-256k	4	3636882	3636639	57	806150144	622878720	python3*49 ZMQbg/Reaper*4 ZMQbg/IO/0*4 
2026-09-27T04:29:56+04:00	ck8o-whole-256k	4	3636618	363	2	18714624	65536	uv*1 main2*1 
2026-09-27T04:29:56+04:00	ck8o-whole-256k	4	3636639	3636618	57	830889984	644009984	ft*51 ZMQbg/Reaper*3 ZMQbg/IO/0*3 
2026-09-27T04:29:56+04:00	ck8o-whole-256k	4	3636880	3636639	1	12759040	5939200	python3*1 
2026-09-27T04:29:56+04:00	ck8o-whole-256k	4	3636881	3636639	45	22848811008	2058674176	python3*36 pt_gloo_runloop*2 ZMQbg/Reaper*2 ZMQbg/IO/0*2 pt_tcpstore_uv*1 cuda0000240000a*1 
2026-09-27T04:29:56+04:00	ck8o-whole-256k	4	3636882	3636639	57	806150144	622878720	python3*49 ZMQbg/Reaper*4 ZMQbg/IO/0*4 
2026-09-27T04:30:09+04:00	ck8o-whole-256k	4	3636618	363	2	18714624	65536	uv*1 main2*1 
2026-09-27T04:30:09+04:00	ck8o-whole-256k	4	3636639	3636618	57	717176832	530296832	ft*51 ZMQbg/Reaper*3 ZMQbg/IO/0*3 
2026-09-27T04:30:09+04:00	ck8o-whole-256k	4	3636880	3636639	1	12759040	5939200	python3*1 
2026-09-27T04:30:09+04:00	ck8o-whole-256k	4	3636881	3636639	45	22847635456	2058674176	python3*36 pt_gloo_runloop*2 ZMQbg/Reaper*2 ZMQbg/IO/0*2 pt_tcpstore_uv*1 cuda0000240000a*1 
2026-09-27T04:30:10+04:00	ck8o-whole-256k	4	3636882	3636639	57	806150144	622878720	python3*49 ZMQbg/Reaper*4 ZMQbg/IO/0*4 
2026-09-27T04:30:20+04:00	ck8o-whole-256k	4	3636618	363	2	18714624	65536	uv*1 main2*1 
2026-09-27T04:30:20+04:00	ck8o-whole-256k	4	3636639	3636618	57	717176832	530296832	ft*51 ZMQbg/Reaper*3 ZMQbg/IO/0*3 
2026-09-27T04:30:20+04:00	ck8o-whole-256k	4	3636880	3636639	1	12759040	5939200	python3*1 
2026-09-27T04:30:20+04:00	ck8o-whole-256k	4	3636881	3636639	45	22847635456	2058674176	python3*36 pt_gloo_runloop*2 ZMQbg/Reaper*2 ZMQbg/IO/0*2 pt_tcpstore_uv*1 cuda0000240000a*1 
2026-09-27T04:30:20+04:00	ck8o-whole-256k	4	3636882	3636639	57	806150144	622878720	python3*49 ZMQbg/Reaper*4 ZMQbg/IO/0*4 
2026-09-27T04:30:30+04:00	ck8o-whole-256k	4	3636618	363	2	18714624	65536	uv*1 main2*1 
2026-09-27T04:30:30+04:00	ck8o-whole-256k	4	3636639	3636618	57	717176832	530296832	ft*51 ZMQbg/Reaper*3 ZMQbg/IO/0*3 
2026-09-27T04:30:30+04:00	ck8o-whole-256k	4	3636880	3636639	1	12759040	5939200	python3*1 
2026-09-27T04:30:30+04:00	ck8o-whole-256k	4	3636881	3636639	45	22847635456	2058674176	python3*36 pt_gloo_runloop*2 ZMQbg/Reaper*2 ZMQbg/IO/0*2 pt_tcpstore_uv*1 cuda0000240000a*1 
2026-09-27T04:30:30+04:00	ck8o-whole-256k	4	3636882	3636639	57	806150144	622878720	python3*49 ZMQbg/Reaper*4 ZMQbg/IO/0*4 
2026-09-27T04:30:43+04:00	ck8o-whole-256k	4	3636618	363	2	18698240	49152	uv*1 main2*1 
2026-09-27T04:30:43+04:00	ck8o-whole-256k	4	3636639	3636618	57	633831424	446963712	ft*51 ZMQbg/Reaper*3 ZMQbg/IO/0*3 
2026-09-27T04:30:43+04:00	ck8o-whole-256k	4	3636880	3636639	1	12759040	5939200	python3*1 
2026-09-27T04:30:43+04:00	ck8o-whole-256k	4	3636881	3636639	45	22847631360	2058674176	python3*36 pt_gloo_runloop*2 ZMQbg/Reaper*2 ZMQbg/IO/0*2 pt_tcpstore_uv*1 cuda0000240000a*1 
2026-09-27T04:30:43+04:00	ck8o-whole-256k	4	3636882	3636639	57	806150144	622878720	python3*49 ZMQbg/Reaper*4 ZMQbg/IO/0*4 
2026-09-27T04:30:53+04:00	ck8o-whole-256k	4	3636618	363	2	18698240	49152	uv*1 main2*1 
2026-09-27T04:30:53+04:00	ck8o-whole-256k	4	3636639	3636618	57	568754176	381886464	ft*51 ZMQbg/Reaper*3 ZMQbg/IO/0*3 
2026-09-27T04:30:53+04:00	ck8o-whole-256k	4	3636880	3636639	1	12759040	5939200	python3*1 
2026-09-27T04:30:53+04:00	ck8o-whole-256k	4	3636881	3636639	45	22847631360	2058674176	python3*36 pt_gloo_runloop*2 ZMQbg/Reaper*2 ZMQbg/IO/0*2 pt_tcpstore_uv*1 cuda0000240000a*1 
2026-09-27T04:30:53+04:00	ck8o-whole-256k	4	3636882	3636639	57	806150144	622878720	python3*49 ZMQbg/Reaper*4 ZMQbg/IO/0*4 
2026-09-27T04:31:03+04:00	ck8o-whole-256k	4	3636618	363	2	18698240	49152	uv*1 main2*1 
2026-09-27T04:31:03+04:00	ck8o-whole-256k	4	3636639	3636618	57	498388992	311521280	ft*51 ZMQbg/Reaper*3 ZMQbg/IO/0*3 
2026-09-27T04:31:04+04:00	ck8o-whole-256k	4	3636880	3636639	1	12759040	5939200	python3*1 
2026-09-27T04:31:04+04:00	ck8o-whole-256k	4	3636881	3636639	45	22847631360	2058674176	python3*36 pt_gloo_runloop*2 ZMQbg/Reaper*2 ZMQbg/IO/0*2 pt_tcpstore_uv*1 cuda0000240000a*1 
2026-09-27T04:31:04+04:00	ck8o-whole-256k	4	3636882	3636639	57	806150144	622878720	python3*49 ZMQbg/Reaper*4 ZMQbg/IO/0*4 
2026-09-27T04:31:17+04:00	ck8o-whole-256k	4	3636618	363	2	18698240	49152	uv*1 main2*1 
2026-09-27T04:31:17+04:00	ck8o-whole-256k	4	3636639	3636618	57	494190592	307748864	ft*51 ZMQbg/Reaper*3 ZMQbg/IO/0*3 
2026-09-27T04:31:17+04:00	ck8o-whole-256k	4	3636880	3636639	1	6856704	36864	python3*1 
2026-09-27T04:31:17+04:00	ck8o-whole-256k	4	3636881	3636639	45	22813855744	2025324544	python3*36 pt_gloo_runloop*2 ZMQbg/Reaper*2 ZMQbg/IO/0*2 pt_tcpstore_uv*1 cuda0000240000a*1 
2026-09-27T04:31:17+04:00	ck8o-whole-256k	4	3636882	3636639	57	767528960	584683520	python3*49 ZMQbg/Reaper*4 ZMQbg/IO/0*4 
2026-09-27T04:31:27+04:00	ck8o-whole-256k	4	3636618	363	2	18698240	49152	uv*1 main2*1 
2026-09-27T04:31:27+04:00	ck8o-whole-256k	4	3636639	3636618	57	494190592	307748864	ft*51 ZMQbg/Reaper*3 ZMQbg/IO/0*3 
2026-09-27T04:31:27+04:00	ck8o-whole-256k	4	3636880	3636639	1	6856704	36864	python3*1 
2026-09-27T04:31:27+04:00	ck8o-whole-256k	4	3636881	3636639	45	22813855744	2025324544	python3*36 pt_gloo_runloop*2 ZMQbg/Reaper*2 ZMQbg/IO/0*2 pt_tcpstore_uv*1 cuda0000240000a*1 
2026-09-27T04:31:27+04:00	ck8o-whole-256k	4	3636882	3636639	57	767528960	584683520	python3*49 ZMQbg/Reaper*4 ZMQbg/IO/0*4 
2026-09-27T04:31:38+04:00	ck8o-whole-256k	4	3636618	363	2	18698240	49152	uv*1 main2*1 
2026-09-27T04:31:38+04:00	ck8o-whole-256k	4	3636639	3636618	57	494190592	307748864	ft*51 ZMQbg/Reaper*3 ZMQbg/IO/0*3 
2026-09-27T04:31:38+04:00	ck8o-whole-256k	4	3636880	3636639	1	6856704	36864	python3*1 
2026-09-27T04:31:38+04:00	ck8o-whole-256k	4	3636881	3636639	45	22813855744	2025324544	python3*36 pt_gloo_runloop*2 ZMQbg/Reaper*2 ZMQbg/IO/0*2 pt_tcpstore_uv*1 cuda0000240000a*1 
2026-09-27T04:31:38+04:00	ck8o-whole-256k	4	3636882	3636639	57	767528960	584683520	python3*49 ZMQbg/Reaper*4 ZMQbg/IO/0*4 
2026-09-27T04:31:50+04:00	ck8o-whole-256k	4	3636618	363	2	18698240	49152	uv*1 main2*1 
2026-09-27T04:31:50+04:00	ck8o-whole-256k	4	3636639	3636618	57	494190592	307748864	ft*51 ZMQbg/Reaper*3 ZMQbg/IO/0*3 
2026-09-27T04:31:50+04:00	ck8o-whole-256k	4	3636880	3636639	1	6856704	36864	python3*1 
2026-09-27T04:31:50+04:00	ck8o-whole-256k	4	3636881	3636639	45	22813855744	2025324544	python3*36 pt_gloo_runloop*2 ZMQbg/Reaper*2 ZMQbg/IO/0*2 pt_tcpstore_uv*1 cuda0000240000a*1 
2026-09-27T04:31:50+04:00	ck8o-whole-256k	4	3636882	3636639	57	767528960	584683520	python3*49 ZMQbg/Reaper*4 ZMQbg/IO/0*4 
2026-09-27T04:32:00+04:00	ck8o-whole-256k	4	3636618	363	2	18698240	49152	uv*1 main2*1 
2026-09-27T04:32:00+04:00	ck8o-whole-256k	4	3636639	3636618	57	494190592	307748864	ft*51 ZMQbg/Reaper*3 ZMQbg/IO/0*3 
2026-09-27T04:32:00+04:00	ck8o-whole-256k	4	3636880	3636639	1	6856704	36864	python3*1 
2026-09-27T04:32:00+04:00	ck8o-whole-256k	4	3636881	3636639	45	22813855744	2025324544	python3*36 pt_gloo_runloop*2 ZMQbg/Reaper*2 ZMQbg/IO/0*2 pt_tcpstore_uv*1 cuda0000240000a*1 
2026-09-27T04:32:01+04:00	ck8o-whole-256k	4	3636882	3636639	57	767528960	584683520	python3*49 ZMQbg/Reaper*4 ZMQbg/IO/0*4 
2026-09-27T04:32:11+04:00	ck8o-whole-256k	4	3636618	363	2	18698240	49152	uv*1 main2*1 
2026-09-27T04:32:11+04:00	ck8o-whole-256k	4	3636639	3636618	57	494190592	307748864	ft*51 ZMQbg/Reaper*3 ZMQbg/IO/0*3 
2026-09-27T04:32:11+04:00	ck8o-whole-256k	4	3636880	3636639	1	6856704	36864	python3*1 
2026-09-27T04:32:11+04:00	ck8o-whole-256k	4	3636881	3636639	45	22813855744	2025324544	python3*36 pt_gloo_runloop*2 ZMQbg/Reaper*2 ZMQbg/IO/0*2 pt_tcpstore_uv*1 cuda0000240000a*1 
2026-09-27T04:32:11+04:00	ck8o-whole-256k	4	3636882	3636639	57	767528960	584683520	python3*49 ZMQbg/Reaper*4 ZMQbg/IO/0*4 
2026-09-27T04:32:21+04:00	ck8o-whole-256k	4	3636618	363	2	18698240	49152	uv*1 main2*1 
2026-09-27T04:32:21+04:00	ck8o-whole-256k	4	3636639	3636618	57	494190592	307748864	ft*51 ZMQbg/Reaper*3 ZMQbg/IO/0*3 
2026-09-27T04:32:21+04:00	ck8o-whole-256k	4	3636880	3636639	1	6856704	36864	python3*1 
2026-09-27T04:32:21+04:00	ck8o-whole-256k	4	3636881	3636639	45	22813855744	2025324544	python3*36 pt_gloo_runloop*2 ZMQbg/Reaper*2 ZMQbg/IO/0*2 pt_tcpstore_uv*1 cuda0000240000a*1 
2026-09-27T04:32:21+04:00	ck8o-whole-256k	4	3636882	3636639	57	767528960	584683520	python3*49 ZMQbg/Reaper*4 ZMQbg/IO/0*4 
2026-09-27T04:32:35+04:00	ck8o-whole-256k	4	3636618	363	2	18698240	49152	uv*1 main2*1 
2026-09-27T04:32:35+04:00	ck8o-whole-256k	4	3636639	3636618	57	494190592	307748864	ft*51 ZMQbg/Reaper*3 ZMQbg/IO/0*3 
2026-09-27T04:32:35+04:00	ck8o-whole-256k	4	3636880	3636639	1	6856704	36864	python3*1 
2026-09-27T04:32:35+04:00	ck8o-whole-256k	4	3636881	3636639	45	22813855744	2025324544	python3*36 pt_gloo_runloop*2 ZMQbg/Reaper*2 ZMQbg/IO/0*2 pt_tcpstore_uv*1 cuda0000240000a*1 
2026-09-27T04:32:35+04:00	ck8o-whole-256k	4	3636882	3636639	57	767528960	584683520	python3*49 ZMQbg/Reaper*4 ZMQbg/IO/0*4 
2026-09-27T04:32:45+04:00	ck8o-whole-256k	4	3636618	363	2	18698240	49152	uv*1 main2*1 
2026-09-27T04:32:45+04:00	ck8o-whole-256k	4	3636639	3636618	57	494190592	307748864	ft*51 ZMQbg/Reaper*3 ZMQbg/IO/0*3 
2026-09-27T04:32:45+04:00	ck8o-whole-256k	4	3636880	3636639	1	6856704	36864	python3*1 
2026-09-27T04:32:45+04:00	ck8o-whole-256k	4	3636881	3636639	45	22813855744	2025324544	python3*36 pt_gloo_runloop*2 ZMQbg/Reaper*2 ZMQbg/IO/0*2 pt_tcpstore_uv*1 cuda0000240000a*1 
2026-09-27T04:32:45+04:00	ck8o-whole-256k	4	3636882	3636639	57	767528960	584683520	python3*49 ZMQbg/Reaper*4 ZMQbg/IO/0*4 
2026-09-27T04:32:55+04:00	ck8o-whole-256k	4	3636618	363	2	18698240	49152	uv*1 main2*1 
2026-09-27T04:32:55+04:00	ck8o-whole-256k	4	3636639	3636618	57	494190592	307748864	ft*51 ZMQbg/Reaper*3 ZMQbg/IO/0*3 
2026-09-27T04:32:55+04:00	ck8o-whole-256k	4	3636880	3636639	1	6856704	36864	python3*1 
2026-09-27T04:32:55+04:00	ck8o-whole-256k	4	3636881	3636639	45	22813855744	2025324544	python3*36 pt_gloo_runloop*2 ZMQbg/Reaper*2 ZMQbg/IO/0*2 pt_tcpstore_uv*1 cuda0000240000a*1 
2026-09-27T04:32:55+04:00	ck8o-whole-256k	4	3636882	3636639	57	767528960	584683520	python3*49 ZMQbg/Reaper*4 ZMQbg/IO/0*4 
2026-09-27T04:33:08+04:00	ck8o-whole-256k	4	3636618	363	2	18698240	49152	uv*1 main2*1 
2026-09-27T04:33:08+04:00	ck8o-whole-256k	4	3636639	3636618	57	494190592	307748864	ft*51 ZMQbg/Reaper*3 ZMQbg/IO/0*3 
2026-09-27T04:33:08+04:00	ck8o-whole-256k	4	3636880	3636639	1	6856704	36864	python3*1 
2026-09-27T04:33:08+04:00	ck8o-whole-256k	4	3636881	3636639	45	22813855744	2025324544	python3*36 pt_gloo_runloop*2 ZMQbg/Reaper*2 ZMQbg/IO/0*2 pt_tcpstore_uv*1 cuda0000240000a*1 
2026-09-27T04:33:08+04:00	ck8o-whole-256k	4	3636882	3636639	57	767528960	584683520	python3*49 ZMQbg/Reaper*4 ZMQbg/IO/0*4 
2026-09-27T04:33:18+04:00	ck8o-whole-256k	4	3636618	363	2	18698240	49152	uv*1 main2*1 
2026-09-27T04:33:18+04:00	ck8o-whole-256k	4	3636639	3636618	57	494190592	307748864	ft*51 ZMQbg/Reaper*3 ZMQbg/IO/0*3 
2026-09-27T04:33:18+04:00	ck8o-whole-256k	4	3636880	3636639	1	6856704	36864	python3*1 
2026-09-27T04:33:18+04:00	ck8o-whole-256k	4	3636881	3636639	45	22813855744	2025324544	python3*36 pt_gloo_runloop*2 ZMQbg/Reaper*2 ZMQbg/IO/0*2 pt_tcpstore_uv*1 cuda0000240000a*1 
2026-09-27T04:33:18+04:00	ck8o-whole-256k	4	3636882	3636639	57	767528960	584683520	python3*49 ZMQbg/Reaper*4 ZMQbg/IO/0*4 
2026-09-27T04:33:28+04:00	ck8o-whole-256k	4	3636618	363	2	18698240	49152	uv*1 main2*1 
2026-09-27T04:33:28+04:00	ck8o-whole-256k	4	3636639	3636618	57	494190592	307748864	ft*51 ZMQbg/Reaper*3 ZMQbg/IO/0*3 
2026-09-27T04:33:28+04:00	ck8o-whole-256k	4	3636880	3636639	1	6856704	36864	python3*1 
2026-09-27T04:33:28+04:00	ck8o-whole-256k	4	3636881	3636639	45	22813913088	2025381888	python3*36 pt_gloo_runloop*2 ZMQbg/Reaper*2 ZMQbg/IO/0*2 pt_tcpstore_uv*1 cuda0000240000a*1 
2026-09-27T04:33:29+04:00	ck8o-whole-256k	4	3636882	3636639	57	767528960	584683520	python3*49 ZMQbg/Reaper*4 ZMQbg/IO/0*4 
2026-09-27T04:33:42+04:00	ck8o-whole-256k	4	3636618	363	2	18698240	49152	uv*1 main2*1 
2026-09-27T04:33:42+04:00	ck8o-whole-256k	4	3636639	3636618	57	494190592	307748864	ft*51 ZMQbg/Reaper*3 ZMQbg/IO/0*3 
2026-09-27T04:33:42+04:00	ck8o-whole-256k	4	3636880	3636639	1	6856704	36864	python3*1 
2026-09-27T04:33:42+04:00	ck8o-whole-256k	4	3636881	3636639	45	22814064640	2025533440	python3*36 pt_gloo_runloop*2 ZMQbg/Reaper*2 ZMQbg/IO/0*2 pt_tcpstore_uv*1 cuda0000240000a*1 
2026-09-27T04:33:42+04:00	ck8o-whole-256k	4	3636882	3636639	57	767528960	584683520	python3*49 ZMQbg/Reaper*4 ZMQbg/IO/0*4 
2026-09-27T04:33:52+04:00	ck8o-whole-256k	4	3636618	363	2	18698240	49152	uv*1 main2*1 
2026-09-27T04:33:52+04:00	ck8o-whole-256k	4	3636639	3636618	57	494190592	307748864	ft*51 ZMQbg/Reaper*3 ZMQbg/IO/0*3 
2026-09-27T04:33:52+04:00	ck8o-whole-256k	4	3636880	3636639	1	6856704	36864	python3*1 
2026-09-27T04:33:52+04:00	ck8o-whole-256k	4	3636881	3636639	45	22814224384	2025693184	python3*36 pt_gloo_runloop*2 ZMQbg/Reaper*2 ZMQbg/IO/0*2 pt_tcpstore_uv*1 cuda0000240000a*1 
2026-09-27T04:33:52+04:00	ck8o-whole-256k	4	3636882	3636639	57	767528960	584683520	python3*49 ZMQbg/Reaper*4 ZMQbg/IO/0*4 
2026-09-27T04:34:02+04:00	ck8o-whole-256k	4	3636618	363	2	18698240	49152	uv*1 main2*1 
2026-09-27T04:34:02+04:00	ck8o-whole-256k	4	3636639	3636618	57	494190592	307748864	ft*51 ZMQbg/Reaper*3 ZMQbg/IO/0*3 
2026-09-27T04:34:02+04:00	ck8o-whole-256k	4	3636880	3636639	1	6856704	36864	python3*1 
2026-09-27T04:34:02+04:00	ck8o-whole-256k	4	3636881	3636639	45	22814371840	2025840640	python3*36 pt_gloo_runloop*2 ZMQbg/Reaper*2 ZMQbg/IO/0*2 pt_tcpstore_uv*1 cuda0000240000a*1 
2026-09-27T04:34:03+04:00	ck8o-whole-256k	4	3636882	3636639	57	767528960	584683520	python3*49 ZMQbg/Reaper*4 ZMQbg/IO/0*4 
2026-09-27T04:34:16+04:00	ck8o-whole-256k	4	3636618	363	2	18698240	49152	uv*1 main2*1 
2026-09-27T04:34:16+04:00	ck8o-whole-256k	4	3636639	3636618	57	494190592	307748864	ft*51 ZMQbg/Reaper*3 ZMQbg/IO/0*3 
2026-09-27T04:34:16+04:00	ck8o-whole-256k	4	3636880	3636639	1	6856704	36864	python3*1 
2026-09-27T04:34:16+04:00	ck8o-whole-256k	4	3636881	3636639	45	22814523392	2025992192	python3*36 pt_gloo_runloop*2 ZMQbg/Reaper*2 ZMQbg/IO/0*2 pt_tcpstore_uv*1 cuda0000240000a*1 
2026-09-27T04:34:16+04:00	ck8o-whole-256k	4	3636882	3636639	57	767528960	584683520	python3*49 ZMQbg/Reaper*4 ZMQbg/IO/0*4 
2026-09-27T04:34:26+04:00	ck8o-whole-256k	4	3636618	363	2	18698240	49152	uv*1 main2*1 
2026-09-27T04:34:26+04:00	ck8o-whole-256k	4	3636639	3636618	57	494190592	307748864	ft*51 ZMQbg/Reaper*3 ZMQbg/IO/0*3 
2026-09-27T04:34:26+04:00	ck8o-whole-256k	4	3636880	3636639	1	6856704	36864	python3*1 
2026-09-27T04:34:26+04:00	ck8o-whole-256k	4	3636881	3636639	45	22815162368	2026631168	python3*36 pt_gloo_runloop*2 ZMQbg/Reaper*2 ZMQbg/IO/0*2 pt_tcpstore_uv*1 cuda0000240000a*1 
2026-09-27T04:34:26+04:00	ck8o-whole-256k	4	3636882	3636639	57	767528960	584683520	python3*49 ZMQbg/Reaper*4 ZMQbg/IO/0*4 
2026-09-27T04:34:36+04:00	ck8o-whole-256k	4	3636618	363	2	18698240	49152	uv*1 main2*1 
2026-09-27T04:34:36+04:00	ck8o-whole-256k	4	3636639	3636618	57	494190592	307748864	ft*51 ZMQbg/Reaper*3 ZMQbg/IO/0*3 
2026-09-27T04:34:36+04:00	ck8o-whole-256k	4	3636880	3636639	1	6856704	36864	python3*1 
2026-09-27T04:34:36+04:00	ck8o-whole-256k	4	3636881	3636639	45	22815162368	2026631168	python3*36 pt_gloo_runloop*2 ZMQbg/Reaper*2 ZMQbg/IO/0*2 pt_tcpstore_uv*1 cuda0000240000a*1 
2026-09-27T04:34:37+04:00	ck8o-whole-256k	4	3636882	3636639	57	767528960	584683520	python3*49 ZMQbg/Reaper*4 ZMQbg/IO/0*4 
2026-09-27T04:34:50+04:00	ck8o-whole-256k	4	3636618	363	2	18698240	49152	uv*1 main2*1 
2026-09-27T04:34:50+04:00	ck8o-whole-256k	4	3636639	3636618	57	494190592	307748864	ft*51 ZMQbg/Reaper*3 ZMQbg/IO/0*3 
2026-09-27T04:34:50+04:00	ck8o-whole-256k	4	3636880	3636639	1	6856704	36864	python3*1 
2026-09-27T04:34:50+04:00	ck8o-whole-256k	4	3636881	3636639	45	22815162368	2026631168	python3*36 pt_gloo_runloop*2 ZMQbg/Reaper*2 ZMQbg/IO/0*2 pt_tcpstore_uv*1 cuda0000240000a*1 
2026-09-27T04:34:50+04:00	ck8o-whole-256k	4	3636882	3636639	57	767528960	584683520	python3*49 ZMQbg/Reaper*4 ZMQbg/IO/0*4 
2026-09-27T04:35:00+04:00	ck8o-whole-256k	4	3636618	363	2	18698240	49152	uv*1 main2*1 
2026-09-27T04:35:00+04:00	ck8o-whole-256k	4	3636639	3636618	57	494190592	307748864	ft*51 ZMQbg/Reaper*3 ZMQbg/IO/0*3 
2026-09-27T04:35:00+04:00	ck8o-whole-256k	4	3636880	3636639	1	6856704	36864	python3*1 
2026-09-27T04:35:00+04:00	ck8o-whole-256k	4	3636881	3636639	45	22815182848	2026651648	python3*36 pt_gloo_runloop*2 ZMQbg/Reaper*2 ZMQbg/IO/0*2 pt_tcpstore_uv*1 cuda0000240000a*1 
2026-09-27T04:35:00+04:00	ck8o-whole-256k	4	3636882	3636639	57	767528960	584683520	python3*49 ZMQbg/Reaper*4 ZMQbg/IO/0*4 
2026-09-27T04:35:10+04:00	ck8o-whole-256k	4	3636618	363	2	18698240	49152	uv*1 main2*1 
2026-09-27T04:35:10+04:00	ck8o-whole-256k	4	3636639	3636618	57	494190592	307748864	ft*51 ZMQbg/Reaper*3 ZMQbg/IO/0*3 
2026-09-27T04:35:10+04:00	ck8o-whole-256k	4	3636880	3636639	1	6856704	36864	python3*1 
2026-09-27T04:35:10+04:00	ck8o-whole-256k	4	3636881	3636639	45	22815272960	2026741760	python3*36 pt_gloo_runloop*2 ZMQbg/Reaper*2 ZMQbg/IO/0*2 pt_tcpstore_uv*1 cuda0000240000a*1 
2026-09-27T04:35:10+04:00	ck8o-whole-256k	4	3636882	3636639	57	767528960	584683520	python3*49 ZMQbg/Reaper*4 ZMQbg/IO/0*4 
2026-09-27T04:35:24+04:00	ck8o-whole-256k	4	3636618	363	2	18698240	49152	uv*1 main2*1 
2026-09-27T04:35:24+04:00	ck8o-whole-256k	4	3636639	3636618	57	494190592	307748864	ft*51 ZMQbg/Reaper*3 ZMQbg/IO/0*3 
2026-09-27T04:35:24+04:00	ck8o-whole-256k	4	3636880	3636639	1	6856704	36864	python3*1 
2026-09-27T04:35:24+04:00	ck8o-whole-256k	4	3636881	3636639	45	22815432704	2026901504	python3*36 pt_gloo_runloop*2 ZMQbg/Reaper*2 ZMQbg/IO/0*2 pt_tcpstore_uv*1 cuda0000240000a*1 
2026-09-27T04:35:24+04:00	ck8o-whole-256k	4	3636882	3636639	57	767528960	584683520	python3*49 ZMQbg/Reaper*4 ZMQbg/IO/0*4 
2026-09-27T04:35:34+04:00	ck8o-whole-256k	4	3636618	363	2	18698240	49152	uv*1 main2*1 
2026-09-27T04:35:34+04:00	ck8o-whole-256k	4	3636639	3636618	57	494190592	307748864	ft*51 ZMQbg/Reaper*3 ZMQbg/IO/0*3 
2026-09-27T04:35:34+04:00	ck8o-whole-256k	4	3636880	3636639	1	6856704	36864	python3*1 
2026-09-27T04:35:34+04:00	ck8o-whole-256k	4	3636881	3636639	45	22815576064	2027044864	python3*36 pt_gloo_runloop*2 ZMQbg/Reaper*2 ZMQbg/IO/0*2 pt_tcpstore_uv*1 cuda0000240000a*1 
2026-09-27T04:35:34+04:00	ck8o-whole-256k	4	3636882	3636639	57	767528960	584683520	python3*49 ZMQbg/Reaper*4 ZMQbg/IO/0*4 
2026-09-27T04:35:44+04:00	ck8o-whole-256k	4	3636618	363	2	18698240	49152	uv*1 main2*1 
2026-09-27T04:35:44+04:00	ck8o-whole-256k	4	3636639	3636618	57	494190592	307748864	ft*51 ZMQbg/Reaper*3 ZMQbg/IO/0*3 
2026-09-27T04:35:44+04:00	ck8o-whole-256k	4	3636880	3636639	1	6856704	36864	python3*1 
2026-09-27T04:35:44+04:00	ck8o-whole-256k	4	3636881	3636639	45	22815707136	2027175936	python3*36 pt_gloo_runloop*2 ZMQbg/Reaper*2 ZMQbg/IO/0*2 pt_tcpstore_uv*1 cuda0000240000a*1 
2026-09-27T04:35:44+04:00	ck8o-whole-256k	4	3636882	3636639	57	767528960	584683520	python3*49 ZMQbg/Reaper*4 ZMQbg/IO/0*4 
2026-09-27T04:35:58+04:00	ck8o-whole-256k	4	3636618	363	2	18698240	49152	uv*1 main2*1 
2026-09-27T04:35:58+04:00	ck8o-whole-256k	4	3636639	3636618	57	494190592	307748864	ft*51 ZMQbg/Reaper*3 ZMQbg/IO/0*3 
2026-09-27T04:35:58+04:00	ck8o-whole-256k	4	3636880	3636639	1	6856704	36864	python3*1 
2026-09-27T04:35:58+04:00	ck8o-whole-256k	4	3636881	3636639	45	22815842304	2027311104	python3*36 pt_gloo_runloop*2 ZMQbg/Reaper*2 ZMQbg/IO/0*2 pt_tcpstore_uv*1 cuda0000240000a*1 
2026-09-27T04:35:58+04:00	ck8o-whole-256k	4	3636882	3636639	57	767528960	584683520	python3*49 ZMQbg/Reaper*4 ZMQbg/IO/0*4 
2026-09-27T04:36:08+04:00	ck8o-whole-256k	4	3636618	363	2	18698240	49152	uv*1 main2*1 
2026-09-27T04:36:08+04:00	ck8o-whole-256k	4	3636639	3636618	57	494231552	307789824	ft*51 ZMQbg/Reaper*3 ZMQbg/IO/0*3 
2026-09-27T04:36:08+04:00	ck8o-whole-256k	4	3636880	3636639	1	6856704	36864	python3*1 
2026-09-27T04:36:08+04:00	ck8o-whole-256k	4	3636881	3636639	45	22816993280	2028462080	python3*36 pt_gloo_runloop*2 ZMQbg/Reaper*2 ZMQbg/IO/0*2 pt_tcpstore_uv*1 cuda0000240000a*1 
2026-09-27T04:36:08+04:00	ck8o-whole-256k	4	3636882	3636639	57	767533056	584691712	python3*49 ZMQbg/Reaper*4 ZMQbg/IO/0*4 
2026-09-27T04:36:18+04:00	ck8o-whole-256k	4	3636618	363	2	18698240	49152	uv*1 main2*1 
2026-09-27T04:36:18+04:00	ck8o-whole-256k	4	3636639	3636618	57	494256128	307814400	ft*51 ZMQbg/Reaper*3 ZMQbg/IO/0*3 
2026-09-27T04:36:18+04:00	ck8o-whole-256k	4	3636880	3636639	1	6856704	36864	python3*1 
2026-09-27T04:36:18+04:00	ck8o-whole-256k	4	3636881	3636639	45	22816997376	2028466176	python3*36 pt_gloo_runloop*2 ZMQbg/Reaper*2 ZMQbg/IO/0*2 pt_tcpstore_uv*1 cuda0000240000a*1 
2026-09-27T04:36:18+04:00	ck8o-whole-256k	4	3636882	3636639	57	787218432	604372992	python3*49 ZMQbg/Reaper*4 ZMQbg/IO/0*4 
2026-09-27T04:36:28+04:00	ck8o-whole-256k	4	3636618	363	2	18698240	49152	uv*1 main2*1 
2026-09-27T04:36:28+04:00	ck8o-whole-256k	4	3636639	3636618	57	494256128	307814400	ft*51 ZMQbg/Reaper*3 ZMQbg/IO/0*3 
2026-09-27T04:36:28+04:00	ck8o-whole-256k	4	3636880	3636639	1	6856704	36864	python3*1 
2026-09-27T04:36:28+04:00	ck8o-whole-256k	4	3636881	3636639	45	22818103296	2029514752	python3*36 pt_gloo_runloop*2 ZMQbg/Reaper*2 ZMQbg/IO/0*2 pt_tcpstore_uv*1 cuda0000240000a*1 
2026-09-27T04:36:29+04:00	ck8o-whole-256k	4	3636882	3636639	57	787218432	604372992	python3*49 ZMQbg/Reaper*4 ZMQbg/IO/0*4 
2026-09-27T04:36:42+04:00	ck8o-whole-256k	4	3636618	363	2	18698240	49152	uv*1 main2*1 
2026-09-27T04:36:42+04:00	ck8o-whole-256k	4	3636639	3636618	57	495398912	308957184	ft*51 ZMQbg/Reaper*3 ZMQbg/IO/0*3 
2026-09-27T04:36:42+04:00	ck8o-whole-256k	4	3636880	3636639	1	6856704	36864	python3*1 
2026-09-27T04:36:42+04:00	ck8o-whole-256k	4	3636881	3636639	45	22818123776	2029518848	python3*36 pt_gloo_runloop*2 ZMQbg/Reaper*2 ZMQbg/IO/0*2 pt_tcpstore_uv*1 cuda0000240000a*1 
2026-09-27T04:36:42+04:00	ck8o-whole-256k	4	3636882	3636639	57	787222528	604377088	python3*49 ZMQbg/Reaper*4 ZMQbg/IO/0*4 
2026-09-27T04:36:52+04:00	ck8o-whole-256k	4	3636618	363	2	18698240	49152	uv*1 main2*1 
2026-09-27T04:36:52+04:00	ck8o-whole-256k	4	3636639	3636618	57	495407104	308965376	ft*51 ZMQbg/Reaper*3 ZMQbg/IO/0*3 
2026-09-27T04:36:52+04:00	ck8o-whole-256k	4	3636880	3636639	1	6856704	36864	python3*1 
2026-09-27T04:36:52+04:00	ck8o-whole-256k	4	3636881	3636639	45	22818127872	2029522944	python3*36 pt_gloo_runloop*2 ZMQbg/Reaper*2 ZMQbg/IO/0*2 pt_tcpstore_uv*1 cuda0000240000a*1 
2026-09-27T04:36:52+04:00	ck8o-whole-256k	4	3636882	3636639	57	792100864	609255424	python3*49 ZMQbg/Reaper*4 ZMQbg/IO/0*4 
2026-09-27T04:37:02+04:00	ck8o-whole-256k	4	3636618	363	2	18698240	49152	uv*1 main2*1 
2026-09-27T04:37:02+04:00	ck8o-whole-256k	4	3636639	3636618	57	495407104	308965376	ft*51 ZMQbg/Reaper*3 ZMQbg/IO/0*3 
2026-09-27T04:37:02+04:00	ck8o-whole-256k	4	3636880	3636639	1	6856704	36864	python3*1 
2026-09-27T04:37:02+04:00	ck8o-whole-256k	4	3636881	3636639	45	22818127872	2029522944	python3*36 pt_gloo_runloop*2 ZMQbg/Reaper*2 ZMQbg/IO/0*2 pt_tcpstore_uv*1 cuda0000240000a*1 
2026-09-27T04:37:03+04:00	ck8o-whole-256k	4	3636882	3636639	57	792100864	609255424	python3*49 ZMQbg/Reaper*4 ZMQbg/IO/0*4 
2026-09-27T04:37:15+04:00	ck8o-whole-256k	4	3636618	363	2	18698240	49152	uv*1 main2*1 
2026-09-27T04:37:15+04:00	ck8o-whole-256k	4	3636639	3636618	57	495407104	308965376	ft*51 ZMQbg/Reaper*3 ZMQbg/IO/0*3 
2026-09-27T04:37:15+04:00	ck8o-whole-256k	4	3636880	3636639	1	6856704	36864	python3*1 
2026-09-27T04:37:15+04:00	ck8o-whole-256k	4	3636881	3636639	45	22818127872	2029522944	python3*36 pt_gloo_runloop*2 ZMQbg/Reaper*2 ZMQbg/IO/0*2 pt_tcpstore_uv*1 cuda0000240000a*1 
2026-09-27T04:37:15+04:00	ck8o-whole-256k	4	3636882	3636639	57	792100864	609255424	python3*49 ZMQbg/Reaper*4 ZMQbg/IO/0*4 
2026-09-27T04:37:25+04:00	ck8o-whole-256k	4	3636618	363	2	18698240	49152	uv*1 main2*1 
2026-09-27T04:37:25+04:00	ck8o-whole-256k	4	3636639	3636618	57	495407104	308965376	ft*51 ZMQbg/Reaper*3 ZMQbg/IO/0*3 
2026-09-27T04:37:26+04:00	ck8o-whole-256k	4	3636880	3636639	1	6856704	36864	python3*1 
2026-09-27T04:37:26+04:00	ck8o-whole-256k	4	3636881	3636639	45	22818131968	2029527040	python3*36 pt_gloo_runloop*2 ZMQbg/Reaper*2 ZMQbg/IO/0*2 pt_tcpstore_uv*1 cuda0000240000a*1 
2026-09-27T04:37:26+04:00	ck8o-whole-256k	4	3636882	3636639	57	792100864	609255424	python3*49 ZMQbg/Reaper*4 ZMQbg/IO/0*4 
2026-09-27T04:37:36+04:00	ck8o-whole-256k	4	3636618	363	2	18698240	49152	uv*1 main2*1 
2026-09-27T04:37:36+04:00	ck8o-whole-256k	4	3636639	3636618	57	495407104	308965376	ft*51 ZMQbg/Reaper*3 ZMQbg/IO/0*3 
2026-09-27T04:37:36+04:00	ck8o-whole-256k	4	3636880	3636639	1	6856704	36864	python3*1 
2026-09-27T04:37:36+04:00	ck8o-whole-256k	4	3636881	3636639	45	22818131968	2029527040	python3*36 pt_gloo_runloop*2 ZMQbg/Reaper*2 ZMQbg/IO/0*2 pt_tcpstore_uv*1 cuda0000240000a*1 
2026-09-27T04:37:36+04:00	ck8o-whole-256k	4	3636882	3636639	57	792100864	609255424	python3*49 ZMQbg/Reaper*4 ZMQbg/IO/0*4 
2026-09-27T04:37:49+04:00	ck8o-whole-256k	4	3636618	363	2	18698240	49152	uv*1 main2*1 
2026-09-27T04:37:49+04:00	ck8o-whole-256k	4	3636639	3636618	57	495411200	308969472	ft*51 ZMQbg/Reaper*3 ZMQbg/IO/0*3 
2026-09-27T04:37:49+04:00	ck8o-whole-256k	4	3636880	3636639	1	6856704	36864	python3*1 
2026-09-27T04:37:49+04:00	ck8o-whole-256k	4	3636881	3636639	45	22818131968	2029527040	python3*36 pt_gloo_runloop*2 ZMQbg/Reaper*2 ZMQbg/IO/0*2 pt_tcpstore_uv*1 cuda0000240000a*1 
2026-09-27T04:37:49+04:00	ck8o-whole-256k	4	3636882	3636639	57	792100864	609255424	python3*49 ZMQbg/Reaper*4 ZMQbg/IO/0*4 
2026-09-27T04:37:59+04:00	ck8o-whole-256k	4	3636618	363	2	18698240	49152	uv*1 main2*1 
2026-09-27T04:37:59+04:00	ck8o-whole-256k	4	3636639	3636618	57	495411200	308969472	ft*51 ZMQbg/Reaper*3 ZMQbg/IO/0*3 
2026-09-27T04:37:59+04:00	ck8o-whole-256k	4	3636880	3636639	1	6856704	36864	python3*1 
2026-09-27T04:37:59+04:00	ck8o-whole-256k	4	3636881	3636639	45	22818131968	2029527040	python3*36 pt_gloo_runloop*2 ZMQbg/Reaper*2 ZMQbg/IO/0*2 pt_tcpstore_uv*1 cuda0000240000a*1 
2026-09-27T04:37:59+04:00	ck8o-whole-256k	4	3636882	3636639	57	792100864	609255424	python3*49 ZMQbg/Reaper*4 ZMQbg/IO/0*4 
2026-09-27T04:38:09+04:00	ck8o-whole-256k	4	3636618	363	2	18698240	49152	uv*1 main2*1 
2026-09-27T04:38:09+04:00	ck8o-whole-256k	4	3636639	3636618	57	495411200	308969472	ft*51 ZMQbg/Reaper*3 ZMQbg/IO/0*3 
2026-09-27T04:38:09+04:00	ck8o-whole-256k	4	3636880	3636639	1	6856704	36864	python3*1 
2026-09-27T04:38:09+04:00	ck8o-whole-256k	4	3636881	3636639	45	22818131968	2029527040	python3*36 pt_gloo_runloop*2 ZMQbg/Reaper*2 ZMQbg/IO/0*2 pt_tcpstore_uv*1 cuda0000240000a*1 
2026-09-27T04:38:10+04:00	ck8o-whole-256k	4	3636882	3636639	57	792100864	609255424	python3*49 ZMQbg/Reaper*4 ZMQbg/IO/0*4 
2026-09-27T04:38:22+04:00	ck8o-whole-256k	4	3636618	363	2	18698240	49152	uv*1 main2*1 
2026-09-27T04:38:22+04:00	ck8o-whole-256k	4	3636639	3636618	57	495411200	308969472	ft*51 ZMQbg/Reaper*3 ZMQbg/IO/0*3 
2026-09-27T04:38:22+04:00	ck8o-whole-256k	4	3636880	3636639	1	6856704	36864	python3*1 
2026-09-27T04:38:22+04:00	ck8o-whole-256k	4	3636881	3636639	45	22818131968	2029527040	python3*36 pt_gloo_runloop*2 ZMQbg/Reaper*2 ZMQbg/IO/0*2 pt_tcpstore_uv*1 cuda0000240000a*1 
2026-09-27T04:38:23+04:00	ck8o-whole-256k	4	3636882	3636639	57	792100864	609255424	python3*49 ZMQbg/Reaper*4 ZMQbg/IO/0*4 
2026-09-27T04:38:33+04:00	ck8o-whole-256k	4	3636618	363	2	18698240	49152	uv*1 main2*1 
2026-09-27T04:38:33+04:00	ck8o-whole-256k	4	3636639	3636618	57	495411200	308969472	ft*51 ZMQbg/Reaper*3 ZMQbg/IO/0*3 
2026-09-27T04:38:33+04:00	ck8o-whole-256k	4	3636880	3636639	1	6856704	36864	python3*1 
2026-09-27T04:38:33+04:00	ck8o-whole-256k	4	3636881	3636639	45	22818131968	2029527040	python3*36 pt_gloo_runloop*2 ZMQbg/Reaper*2 ZMQbg/IO/0*2 pt_tcpstore_uv*1 cuda0000240000a*1 
2026-09-27T04:38:33+04:00	ck8o-whole-256k	4	3636882	3636639	57	792100864	609255424	python3*49 ZMQbg/Reaper*4 ZMQbg/IO/0*4 
2026-09-27T04:38:43+04:00	ck8o-whole-256k	4	3636618	363	2	18698240	49152	uv*1 main2*1 
2026-09-27T04:38:43+04:00	ck8o-whole-256k	4	3636639	3636618	57	495411200	308969472	ft*51 ZMQbg/Reaper*3 ZMQbg/IO/0*3 
2026-09-27T04:38:43+04:00	ck8o-whole-256k	4	3636880	3636639	1	6856704	36864	python3*1 
2026-09-27T04:38:43+04:00	ck8o-whole-256k	4	3636881	3636639	45	22818131968	2029527040	python3*36 pt_gloo_runloop*2 ZMQbg/Reaper*2 ZMQbg/IO/0*2 pt_tcpstore_uv*1 cuda0000240000a*1 
2026-09-27T04:38:43+04:00	ck8o-whole-256k	4	3636882	3636639	57	792100864	609255424	python3*49 ZMQbg/Reaper*4 ZMQbg/IO/0*4 
2026-09-27T04:38:56+04:00	ck8o-whole-256k	4	3636618	363	2	18698240	49152	uv*1 main2*1 
2026-09-27T04:38:56+04:00	ck8o-whole-256k	4	3636639	3636618	57	495411200	308969472	ft*51 ZMQbg/Reaper*3 ZMQbg/IO/0*3 
2026-09-27T04:38:56+04:00	ck8o-whole-256k	4	3636880	3636639	1	6856704	36864	python3*1 
2026-09-27T04:38:56+04:00	ck8o-whole-256k	4	3636881	3636639	45	22818131968	2029527040	python3*36 pt_gloo_runloop*2 ZMQbg/Reaper*2 ZMQbg/IO/0*2 pt_tcpstore_uv*1 cuda0000240000a*1 
2026-09-27T04:38:56+04:00	ck8o-whole-256k	4	3636882	3636639	57	792100864	609255424	python3*49 ZMQbg/Reaper*4 ZMQbg/IO/0*4 
2026-09-27T04:39:06+04:00	ck8o-whole-256k	4	3636618	363	2	18698240	49152	uv*1 main2*1 
2026-09-27T04:39:06+04:00	ck8o-whole-256k	4	3636639	3636618	57	495411200	308969472	ft*51 ZMQbg/Reaper*3 ZMQbg/IO/0*3 
2026-09-27T04:39:06+04:00	ck8o-whole-256k	4	3636880	3636639	1	6856704	36864	python3*1 
2026-09-27T04:39:06+04:00	ck8o-whole-256k	4	3636881	3636639	45	22818131968	2029527040	python3*36 pt_gloo_runloop*2 ZMQbg/Reaper*2 ZMQbg/IO/0*2 pt_tcpstore_uv*1 cuda0000240000a*1 
2026-09-27T04:39:06+04:00	ck8o-whole-256k	4	3636882	3636639	57	792100864	609255424	python3*49 ZMQbg/Reaper*4 ZMQbg/IO/0*4 
2026-09-27T04:39:16+04:00	ck8o-whole-256k	4	3636618	363	2	18698240	49152	uv*1 main2*1 
2026-09-27T04:39:16+04:00	ck8o-whole-256k	4	3636639	3636618	57	495411200	308969472	ft*51 ZMQbg/Reaper*3 ZMQbg/IO/0*3 
2026-09-27T04:39:16+04:00	ck8o-whole-256k	4	3636880	3636639	1	6856704	36864	python3*1 
2026-09-27T04:39:16+04:00	ck8o-whole-256k	4	3636881	3636639	45	22818131968	2029527040	python3*36 pt_gloo_runloop*2 ZMQbg/Reaper*2 ZMQbg/IO/0*2 pt_tcpstore_uv*1 cuda0000240000a*1 
2026-09-27T04:39:17+04:00	ck8o-whole-256k	4	3636882	3636639	57	792100864	609255424	python3*49 ZMQbg/Reaper*4 ZMQbg/IO/0*4 
2026-09-27T04:39:29+04:00	ck8o-whole-256k	4	3636618	363	2	18698240	49152	uv*1 main2*1 
2026-09-27T04:39:29+04:00	ck8o-whole-256k	4	3636639	3636618	57	495411200	308969472	ft*51 ZMQbg/Reaper*3 ZMQbg/IO/0*3 
2026-09-27T04:39:29+04:00	ck8o-whole-256k	4	3636880	3636639	1	6856704	36864	python3*1 
2026-09-27T04:39:29+04:00	ck8o-whole-256k	4	3636881	3636639	45	22818131968	2029527040	python3*36 pt_gloo_runloop*2 ZMQbg/Reaper*2 ZMQbg/IO/0*2 pt_tcpstore_uv*1 cuda0000240000a*1 
2026-09-27T04:39:30+04:00	ck8o-whole-256k	4	3636882	3636639	57	792100864	609255424	python3*49 ZMQbg/Reaper*4 ZMQbg/IO/0*4 
2026-09-27T04:39:40+04:00	ck8o-whole-256k	4	3636618	363	2	18698240	49152	uv*1 main2*1 
2026-09-27T04:39:40+04:00	ck8o-whole-256k	4	3636639	3636618	57	495411200	308969472	ft*51 ZMQbg/Reaper*3 ZMQbg/IO/0*3 
2026-09-27T04:39:40+04:00	ck8o-whole-256k	4	3636880	3636639	1	6856704	36864	python3*1 
2026-09-27T04:39:40+04:00	ck8o-whole-256k	4	3636881	3636639	45	22818136064	2029531136	python3*36 pt_gloo_runloop*2 ZMQbg/Reaper*2 ZMQbg/IO/0*2 pt_tcpstore_uv*1 cuda0000240000a*1 
2026-09-27T04:39:40+04:00	ck8o-whole-256k	4	3636882	3636639	57	792100864	609255424	python3*49 ZMQbg/Reaper*4 ZMQbg/IO/0*4 
2026-09-27T04:39:50+04:00	ck8o-whole-256k	4	3636618	363	2	18698240	49152	uv*1 main2*1 
2026-09-27T04:39:50+04:00	ck8o-whole-256k	4	3636639	3636618	57	495411200	308969472	ft*51 ZMQbg/Reaper*3 ZMQbg/IO/0*3 
2026-09-27T04:39:50+04:00	ck8o-whole-256k	4	3636880	3636639	1	6856704	36864	python3*1 
2026-09-27T04:39:50+04:00	ck8o-whole-256k	4	3636881	3636639	45	22818250752	2029645824	python3*36 pt_gloo_runloop*2 ZMQbg/Reaper*2 ZMQbg/IO/0*2 pt_tcpstore_uv*1 cuda0000240000a*1 
2026-09-27T04:39:50+04:00	ck8o-whole-256k	4	3636882	3636639	57	792100864	609255424	python3*49 ZMQbg/Reaper*4 ZMQbg/IO/0*4 
2026-09-27T04:40:03+04:00	ck8o-whole-256k	4	3636618	363	2	18698240	49152	uv*1 main2*1 
2026-09-27T04:40:03+04:00	ck8o-whole-256k	4	3636639	3636618	57	495411200	308969472	ft*51 ZMQbg/Reaper*3 ZMQbg/IO/0*3 
2026-09-27T04:40:03+04:00	ck8o-whole-256k	4	3636880	3636639	1	6856704	36864	python3*1 
2026-09-27T04:40:03+04:00	ck8o-whole-256k	4	3636881	3636639	45	22818390016	2029785088	python3*36 pt_gloo_runloop*2 ZMQbg/Reaper*2 ZMQbg/IO/0*2 pt_tcpstore_uv*1 cuda0000240000a*1 
2026-09-27T04:40:03+04:00	ck8o-whole-256k	4	3636882	3636639	57	792100864	609255424	python3*49 ZMQbg/Reaper*4 ZMQbg/IO/0*4 
2026-09-27T04:40:13+04:00	ck8o-whole-256k	4	3636618	363	2	18698240	49152	uv*1 main2*1 
2026-09-27T04:40:13+04:00	ck8o-whole-256k	4	3636639	3636618	57	495411200	308969472	ft*51 ZMQbg/Reaper*3 ZMQbg/IO/0*3 
2026-09-27T04:40:13+04:00	ck8o-whole-256k	4	3636880	3636639	1	6856704	36864	python3*1 
2026-09-27T04:40:13+04:00	ck8o-whole-256k	4	3636881	3636639	45	22818508800	2029903872	python3*36 pt_gloo_runloop*2 ZMQbg/Reaper*2 ZMQbg/IO/0*2 pt_tcpstore_uv*1 cuda0000240000a*1 
2026-09-27T04:40:13+04:00	ck8o-whole-256k	4	3636882	3636639	57	792100864	609255424	python3*49 ZMQbg/Reaper*4 ZMQbg/IO/0*4 
2026-09-27T04:40:24+04:00	ck8o-whole-256k	4	3636618	363	2	18698240	49152	uv*1 main2*1 
2026-09-27T04:40:24+04:00	ck8o-whole-256k	4	3636639	3636618	57	495411200	308969472	ft*51 ZMQbg/Reaper*3 ZMQbg/IO/0*3 
2026-09-27T04:40:24+04:00	ck8o-whole-256k	4	3636880	3636639	1	6856704	36864	python3*1 
2026-09-27T04:40:24+04:00	ck8o-whole-256k	4	3636881	3636639	45	22818672640	2030067712	python3*36 pt_gloo_runloop*2 ZMQbg/Reaper*2 ZMQbg/IO/0*2 pt_tcpstore_uv*1 cuda0000240000a*1 
2026-09-27T04:40:24+04:00	ck8o-whole-256k	4	3636882	3636639	57	792100864	609255424	python3*49 ZMQbg/Reaper*4 ZMQbg/IO/0*4 
2026-09-27T04:40:37+04:00	ck8o-whole-256k	4	3636618	363	2	18698240	49152	uv*1 main2*1 
2026-09-27T04:40:37+04:00	ck8o-whole-256k	4	3636639	3636618	57	495411200	308969472	ft*51 ZMQbg/Reaper*3 ZMQbg/IO/0*3 
2026-09-27T04:40:37+04:00	ck8o-whole-256k	4	3636880	3636639	1	6856704	36864	python3*1 
2026-09-27T04:40:37+04:00	ck8o-whole-256k	4	3636881	3636639	45	22819217408	2030612480	python3*36 pt_gloo_runloop*2 ZMQbg/Reaper*2 ZMQbg/IO/0*2 pt_tcpstore_uv*1 cuda0000240000a*1 
2026-09-27T04:40:37+04:00	ck8o-whole-256k	4	3636882	3636639	57	792100864	609255424	python3*49 ZMQbg/Reaper*4 ZMQbg/IO/0*4 
2026-09-27T04:40:47+04:00	ck8o-whole-256k	4	3636618	363	2	18698240	49152	uv*1 main2*1 
2026-09-27T04:40:47+04:00	ck8o-whole-256k	4	3636639	3636618	57	495411200	308969472	ft*51 ZMQbg/Reaper*3 ZMQbg/IO/0*3 
2026-09-27T04:40:47+04:00	ck8o-whole-256k	4	3636880	3636639	1	6856704	36864	python3*1 
2026-09-27T04:40:47+04:00	ck8o-whole-256k	4	3636881	3636639	45	22819221504	2030616576	python3*36 pt_gloo_runloop*2 ZMQbg/Reaper*2 ZMQbg/IO/0*2 pt_tcpstore_uv*1 cuda0000240000a*1 
2026-09-27T04:40:47+04:00	ck8o-whole-256k	4	3636882	3636639	57	792100864	609255424	python3*49 ZMQbg/Reaper*4 ZMQbg/IO/0*4 
2026-09-27T04:40:57+04:00	ck8o-whole-256k	4	3636618	363	2	18698240	49152	uv*1 main2*1 
2026-09-27T04:40:57+04:00	ck8o-whole-256k	4	3636639	3636618	57	495411200	308969472	ft*51 ZMQbg/Reaper*3 ZMQbg/IO/0*3 
2026-09-27T04:40:57+04:00	ck8o-whole-256k	4	3636880	3636639	1	6856704	36864	python3*1 
2026-09-27T04:40:57+04:00	ck8o-whole-256k	4	3636881	3636639	45	22819221504	2030616576	python3*36 pt_gloo_runloop*2 ZMQbg/Reaper*2 ZMQbg/IO/0*2 pt_tcpstore_uv*1 cuda0000240000a*1 
2026-09-27T04:40:57+04:00	ck8o-whole-256k	4	3636882	3636639	57	792100864	609255424	python3*49 ZMQbg/Reaper*4 ZMQbg/IO/0*4 
2026-09-27T04:41:07+04:00	ck8o-whole-256k	4	3636618	363	2	18698240	49152	uv*1 main2*1 
2026-09-27T04:41:07+04:00	ck8o-whole-256k	4	3636639	3636618	57	495411200	308969472	ft*51 ZMQbg/Reaper*3 ZMQbg/IO/0*3 
2026-09-27T04:41:07+04:00	ck8o-whole-256k	4	3636880	3636639	1	6856704	36864	python3*1 
2026-09-27T04:41:07+04:00	ck8o-whole-256k	4	3636881	3636639	45	22819225600	2030620672	python3*36 pt_gloo_runloop*2 ZMQbg/Reaper*2 ZMQbg/IO/0*2 pt_tcpstore_uv*1 cuda0000240000a*1 
2026-09-27T04:41:08+04:00	ck8o-whole-256k	4	3636882	3636639	57	792100864	609255424	python3*49 ZMQbg/Reaper*4 ZMQbg/IO/0*4 
2026-09-27T04:41:20+04:00	ck8o-whole-256k	4	3636618	363	2	18698240	49152	uv*1 main2*1 
2026-09-27T04:41:20+04:00	ck8o-whole-256k	4	3636639	3636618	57	495411200	308969472	ft*51 ZMQbg/Reaper*3 ZMQbg/IO/0*3 
2026-09-27T04:41:20+04:00	ck8o-whole-256k	4	3636880	3636639	1	6856704	36864	python3*1 
2026-09-27T04:41:20+04:00	ck8o-whole-256k	4	3636881	3636639	45	22819319808	2030723072	python3*36 pt_gloo_runloop*2 ZMQbg/Reaper*2 ZMQbg/IO/0*2 pt_tcpstore_uv*1 cuda0000240000a*1 
2026-09-27T04:41:21+04:00	ck8o-whole-256k	4	3636882	3636639	57	792100864	609255424	python3*49 ZMQbg/Reaper*4 ZMQbg/IO/0*4 
2026-09-27T04:41:31+04:00	ck8o-whole-256k	4	3636618	363	2	18698240	49152	uv*1 main2*1 
2026-09-27T04:41:31+04:00	ck8o-whole-256k	4	3636639	3636618	57	495411200	308969472	ft*51 ZMQbg/Reaper*3 ZMQbg/IO/0*3 
2026-09-27T04:41:31+04:00	ck8o-whole-256k	4	3636880	3636639	1	6856704	36864	python3*1 
2026-09-27T04:41:31+04:00	ck8o-whole-256k	4	3636881	3636639	45	22819450880	2030845952	python3*36 pt_gloo_runloop*2 ZMQbg/Reaper*2 ZMQbg/IO/0*2 pt_tcpstore_uv*1 cuda0000240000a*1 
2026-09-27T04:41:31+04:00	ck8o-whole-256k	4	3636882	3636639	57	792100864	609255424	python3*49 ZMQbg/Reaper*4 ZMQbg/IO/0*4 
2026-09-27T04:41:41+04:00	ck8o-whole-256k	4	3636618	363	2	18698240	49152	uv*1 main2*1 
2026-09-27T04:41:41+04:00	ck8o-whole-256k	4	3636639	3636618	57	495411200	308969472	ft*51 ZMQbg/Reaper*3 ZMQbg/IO/0*3 
2026-09-27T04:41:41+04:00	ck8o-whole-256k	4	3636880	3636639	1	6856704	36864	python3*1 
2026-09-27T04:41:41+04:00	ck8o-whole-256k	4	3636881	3636639	45	22819581952	2030977024	python3*36 pt_gloo_runloop*2 ZMQbg/Reaper*2 ZMQbg/IO/0*2 pt_tcpstore_uv*1 cuda0000240000a*1 
2026-09-27T04:41:41+04:00	ck8o-whole-256k	4	3636882	3636639	57	792100864	609255424	python3*49 ZMQbg/Reaper*4 ZMQbg/IO/0*4 
2026-09-27T04:41:54+04:00	ck8o-whole-256k	4	3636618	363	2	18698240	49152	uv*1 main2*1 
2026-09-27T04:41:54+04:00	ck8o-whole-256k	4	3636639	3636618	57	495411200	308969472	ft*51 ZMQbg/Reaper*3 ZMQbg/IO/0*3 
2026-09-27T04:41:54+04:00	ck8o-whole-256k	4	3636880	3636639	1	6856704	36864	python3*1 
2026-09-27T04:41:54+04:00	ck8o-whole-256k	4	3636881	3636639	45	22819700736	2031095808	python3*36 pt_gloo_runloop*2 ZMQbg/Reaper*2 ZMQbg/IO/0*2 pt_tcpstore_uv*1 cuda0000240000a*1 
2026-09-27T04:41:54+04:00	ck8o-whole-256k	4	3636882	3636639	57	792100864	609255424	python3*49 ZMQbg/Reaper*4 ZMQbg/IO/0*4 
2026-09-27T04:42:04+04:00	ck8o-whole-256k	4	3636618	363	2	18698240	49152	uv*1 main2*1 
2026-09-27T04:42:04+04:00	ck8o-whole-256k	4	3636639	3636618	57	495411200	308969472	ft*51 ZMQbg/Reaper*3 ZMQbg/IO/0*3 
2026-09-27T04:42:04+04:00	ck8o-whole-256k	4	3636880	3636639	1	6856704	36864	python3*1 
2026-09-27T04:42:04+04:00	ck8o-whole-256k	4	3636881	3636639	45	22819819520	2031214592	python3*36 pt_gloo_runloop*2 ZMQbg/Reaper*2 ZMQbg/IO/0*2 pt_tcpstore_uv*1 cuda0000240000a*1 
2026-09-27T04:42:04+04:00	ck8o-whole-256k	4	3636882	3636639	57	792100864	609255424	python3*49 ZMQbg/Reaper*4 ZMQbg/IO/0*4 
2026-09-27T04:42:15+04:00	ck8o-whole-256k	4	3636618	363	2	18698240	49152	uv*1 main2*1 
2026-09-27T04:42:15+04:00	ck8o-whole-256k	4	3636639	3636618	57	495411200	308969472	ft*51 ZMQbg/Reaper*3 ZMQbg/IO/0*3 
2026-09-27T04:42:15+04:00	ck8o-whole-256k	4	3636880	3636639	1	6856704	36864	python3*1 
2026-09-27T04:42:15+04:00	ck8o-whole-256k	4	3636881	3636639	45	22819954688	2031349760	python3*36 pt_gloo_runloop*2 ZMQbg/Reaper*2 ZMQbg/IO/0*2 pt_tcpstore_uv*1 cuda0000240000a*1 
2026-09-27T04:42:15+04:00	ck8o-whole-256k	4	3636882	3636639	57	792100864	609255424	python3*49 ZMQbg/Reaper*4 ZMQbg/IO/0*4 
2026-09-27T04:42:28+04:00	ck8o-whole-256k	4	3636618	363	2	18698240	49152	uv*1 main2*1 
2026-09-27T04:42:28+04:00	ck8o-whole-256k	4	3636639	3636618	57	495411200	308969472	ft*51 ZMQbg/Reaper*3 ZMQbg/IO/0*3 
2026-09-27T04:42:28+04:00	ck8o-whole-256k	4	3636880	3636639	1	6856704	36864	python3*1 
2026-09-27T04:42:28+04:00	ck8o-whole-256k	4	3636881	3636639	45	22820073472	2031468544	python3*36 pt_gloo_runloop*2 ZMQbg/Reaper*2 ZMQbg/IO/0*2 pt_tcpstore_uv*1 cuda0000240000a*1 
2026-09-27T04:42:28+04:00	ck8o-whole-256k	4	3636882	3636639	57	792100864	609255424	python3*49 ZMQbg/Reaper*4 ZMQbg/IO/0*4 
2026-09-27T04:42:38+04:00	ck8o-whole-256k	4	3636618	363	2	18698240	49152	uv*1 main2*1 
2026-09-27T04:42:38+04:00	ck8o-whole-256k	4	3636639	3636618	57	495411200	308969472	ft*51 ZMQbg/Reaper*3 ZMQbg/IO/0*3 
2026-09-27T04:42:38+04:00	ck8o-whole-256k	4	3636880	3636639	1	6856704	36864	python3*1 
2026-09-27T04:42:38+04:00	ck8o-whole-256k	4	3636881	3636639	45	22820212736	2031607808	python3*36 pt_gloo_runloop*2 ZMQbg/Reaper*2 ZMQbg/IO/0*2 pt_tcpstore_uv*1 cuda0000240000a*1 
2026-09-27T04:42:38+04:00	ck8o-whole-256k	4	3636882	3636639	57	792100864	609255424	python3*49 ZMQbg/Reaper*4 ZMQbg/IO/0*4 
2026-09-27T04:42:48+04:00	ck8o-whole-256k	4	3636618	363	2	18698240	49152	uv*1 main2*1 
2026-09-27T04:42:48+04:00	ck8o-whole-256k	4	3636639	3636618	57	495411200	308969472	ft*51 ZMQbg/Reaper*3 ZMQbg/IO/0*3 
2026-09-27T04:42:48+04:00	ck8o-whole-256k	4	3636880	3636639	1	6856704	36864	python3*1 
2026-09-27T04:42:48+04:00	ck8o-whole-256k	4	3636881	3636639	45	22820335616	2031730688	python3*36 pt_gloo_runloop*2 ZMQbg/Reaper*2 ZMQbg/IO/0*2 pt_tcpstore_uv*1 cuda0000240000a*1 
2026-09-27T04:42:48+04:00	ck8o-whole-256k	4	3636882	3636639	57	792100864	609255424	python3*49 ZMQbg/Reaper*4 ZMQbg/IO/0*4 
2026-09-27T04:43:01+04:00	ck8o-whole-256k	4	3636618	363	2	18698240	49152	uv*1 main2*1 
2026-09-27T04:43:01+04:00	ck8o-whole-256k	4	3636639	3636618	57	495411200	308969472	ft*51 ZMQbg/Reaper*3 ZMQbg/IO/0*3 
2026-09-27T04:43:01+04:00	ck8o-whole-256k	4	3636880	3636639	1	6856704	36864	python3*1 
2026-09-27T04:43:01+04:00	ck8o-whole-256k	4	3636881	3636639	45	22820483072	2031878144	python3*36 pt_gloo_runloop*2 ZMQbg/Reaper*2 ZMQbg/IO/0*2 pt_tcpstore_uv*1 cuda0000240000a*1 
2026-09-27T04:43:01+04:00	ck8o-whole-256k	4	3636882	3636639	57	792100864	609255424	python3*49 ZMQbg/Reaper*4 ZMQbg/IO/0*4 
2026-09-27T04:43:11+04:00	ck8o-whole-256k	4	3636618	363	2	18698240	49152	uv*1 main2*1 
2026-09-27T04:43:11+04:00	ck8o-whole-256k	4	3636639	3636618	57	495411200	308969472	ft*51 ZMQbg/Reaper*3 ZMQbg/IO/0*3 
2026-09-27T04:43:11+04:00	ck8o-whole-256k	4	3636880	3636639	1	6856704	36864	python3*1 
2026-09-27T04:43:11+04:00	ck8o-whole-256k	4	3636881	3636639	45	22820626432	2032021504	python3*36 pt_gloo_runloop*2 ZMQbg/Reaper*2 ZMQbg/IO/0*2 pt_tcpstore_uv*1 cuda0000240000a*1 
2026-09-27T04:43:12+04:00	ck8o-whole-256k	4	3636882	3636639	57	792100864	609255424	python3*49 ZMQbg/Reaper*4 ZMQbg/IO/0*4 
2026-09-27T04:43:22+04:00	ck8o-whole-256k	4	3636618	363	2	18698240	49152	uv*1 main2*1 
2026-09-27T04:43:22+04:00	ck8o-whole-256k	4	3636639	3636618	57	495411200	308969472	ft*51 ZMQbg/Reaper*3 ZMQbg/IO/0*3 
2026-09-27T04:43:22+04:00	ck8o-whole-256k	4	3636880	3636639	1	6856704	36864	python3*1 
2026-09-27T04:43:22+04:00	ck8o-whole-256k	4	3636881	3636639	45	22820737024	2032132096	python3*36 pt_gloo_runloop*2 ZMQbg/Reaper*2 ZMQbg/IO/0*2 pt_tcpstore_uv*1 cuda0000240000a*1 
2026-09-27T04:43:22+04:00	ck8o-whole-256k	4	3636882	3636639	57	792100864	609255424	python3*49 ZMQbg/Reaper*4 ZMQbg/IO/0*4 
2026-09-27T04:43:35+04:00	ck8o-whole-256k	4	3636618	363	2	18698240	49152	uv*1 main2*1 
2026-09-27T04:43:35+04:00	ck8o-whole-256k	4	3636639	3636618	57	495411200	308969472	ft*51 ZMQbg/Reaper*3 ZMQbg/IO/0*3 
2026-09-27T04:43:35+04:00	ck8o-whole-256k	4	3636880	3636639	1	6856704	36864	python3*1 
2026-09-27T04:43:35+04:00	ck8o-whole-256k	4	3636881	3636639	45	22820851712	2032246784	python3*36 pt_gloo_runloop*2 ZMQbg/Reaper*2 ZMQbg/IO/0*2 pt_tcpstore_uv*1 cuda0000240000a*1 
2026-09-27T04:43:35+04:00	ck8o-whole-256k	4	3636882	3636639	57	792100864	609255424	python3*49 ZMQbg/Reaper*4 ZMQbg/IO/0*4 
2026-09-27T04:43:45+04:00	ck8o-whole-256k	4	3636618	363	2	18698240	49152	uv*1 main2*1 
2026-09-27T04:43:45+04:00	ck8o-whole-256k	4	3636639	3636618	57	495411200	308969472	ft*51 ZMQbg/Reaper*3 ZMQbg/IO/0*3 
2026-09-27T04:43:45+04:00	ck8o-whole-256k	4	3636880	3636639	1	6856704	36864	python3*1 
2026-09-27T04:43:45+04:00	ck8o-whole-256k	4	3636881	3636639	45	22820986880	2032381952	python3*36 pt_gloo_runloop*2 ZMQbg/Reaper*2 ZMQbg/IO/0*2 pt_tcpstore_uv*1 cuda0000240000a*1 
2026-09-27T04:43:45+04:00	ck8o-whole-256k	4	3636882	3636639	57	792100864	609255424	python3*49 ZMQbg/Reaper*4 ZMQbg/IO/0*4 
2026-09-27T04:43:55+04:00	ck8o-whole-256k	4	3636618	363	2	18526208	49152	uv*1 main2*1 
2026-09-27T04:43:55+04:00	ck8o-whole-256k	4	3636639	3636618	57	494338048	308969472	ft*51 ZMQbg/Reaper*3 ZMQbg/IO/0*3 
2026-09-27T04:43:55+04:00	ck8o-whole-256k	4	3636880	3636639	1	6856704	36864	python3*1 
2026-09-27T04:43:55+04:00	ck8o-whole-256k	4	3636881	3636639	45	22810488832	2023059456	python3*36 pt_gloo_runloop*2 ZMQbg/Reaper*2 ZMQbg/IO/0*2 pt_tcpstore_uv*1 cuda0000240000a*1 
2026-09-27T04:43:55+04:00	ck8o-whole-256k	4	3636882	3636639	57	781516800	599744512	python3*49 ZMQbg/Reaper*4 ZMQbg/IO/0*4 
2026-09-27T04:44:08+04:00	ck8o-whole-256k	4	3636618	363	2	18526208	49152	uv*1 main2*1 
2026-09-27T04:44:08+04:00	ck8o-whole-256k	4	3636639	3636618	57	494338048	308969472	ft*51 ZMQbg/Reaper*3 ZMQbg/IO/0*3 
2026-09-27T04:44:08+04:00	ck8o-whole-256k	4	3636880	3636639	1	6856704	36864	python3*1 
2026-09-27T04:44:08+04:00	ck8o-whole-256k	4	3636881	3636639	45	22810607616	2023178240	python3*36 pt_gloo_runloop*2 ZMQbg/Reaper*2 ZMQbg/IO/0*2 pt_tcpstore_uv*1 cuda0000240000a*1 
2026-09-27T04:44:09+04:00	ck8o-whole-256k	4	3636882	3636639	57	781516800	599744512	python3*49 ZMQbg/Reaper*4 ZMQbg/IO/0*4 
2026-09-27T04:44:19+04:00	ck8o-whole-256k	4	3636618	363	2	18292736	49152	uv*1 main2*1 
2026-09-27T04:44:19+04:00	ck8o-whole-256k	4	3636639	3636618	57	492208128	308969472	ft*51 ZMQbg/Reaper*3 ZMQbg/IO/0*3 
2026-09-27T04:44:19+04:00	ck8o-whole-256k	4	3636880	3636639	1	6856704	36864	python3*1 
2026-09-27T04:44:19+04:00	ck8o-whole-256k	4	3636881	3636639	45	22760071168	1975296000	python3*36 pt_gloo_runloop*2 ZMQbg/Reaper*2 ZMQbg/IO/0*2 pt_tcpstore_uv*1 cuda0000240000a*1 
2026-09-27T04:44:19+04:00	ck8o-whole-256k	4	3636882	3636639	57	730988544	549928960	python3*49 ZMQbg/Reaper*4 ZMQbg/IO/0*4 
2026-09-27T04:44:29+04:00	ck8o-whole-256k	4	3636618	363	2	18182144	49152	uv*1 main2*1 
2026-09-27T04:44:29+04:00	ck8o-whole-256k	4	3636639	3636618	57	493834240	310595584	ft*51 ZMQbg/Reaper*3 ZMQbg/IO/0*3 
2026-09-27T04:44:29+04:00	ck8o-whole-256k	4	3636880	3636639	1	6856704	36864	python3*1 
2026-09-27T04:44:29+04:00	ck8o-whole-256k	4	3636881	3636639	45	22712811520	1928036352	python3*36 pt_gloo_runloop*2 ZMQbg/Reaper*2 ZMQbg/IO/0*2 pt_tcpstore_uv*1 cuda0000240000a*1 
2026-09-27T04:44:29+04:00	ck8o-whole-256k	4	3636882	3636639	57	678293504	498651136	python3*49 ZMQbg/Reaper*4 ZMQbg/IO/0*4 
2026-09-27T04:44:42+04:00	ck8o-whole-256k	4	3636618	363	2	18182144	49152	uv*1 main2*1 
2026-09-27T04:44:42+04:00	ck8o-whole-256k	4	3636639	3636618	57	493834240	310595584	ft*51 ZMQbg/Reaper*3 ZMQbg/IO/0*3 
2026-09-27T04:44:42+04:00	ck8o-whole-256k	4	3636880	3636639	1	6856704	36864	python3*1 
2026-09-27T04:44:42+04:00	ck8o-whole-256k	4	3636881	3636639	45	22712815616	1928040448	python3*36 pt_gloo_runloop*2 ZMQbg/Reaper*2 ZMQbg/IO/0*2 pt_tcpstore_uv*1 cuda0000240000a*1 
2026-09-27T04:44:43+04:00	ck8o-whole-256k	4	3636882	3636639	57	678293504	498651136	python3*49 ZMQbg/Reaper*4 ZMQbg/IO/0*4 
2026-09-27T04:44:53+04:00	ck8o-whole-256k	4	3636618	363	2	18182144	49152	uv*1 main2*1 
2026-09-27T04:44:53+04:00	ck8o-whole-256k	4	3636639	3636618	57	493834240	310595584	ft*51 ZMQbg/Reaper*3 ZMQbg/IO/0*3 
2026-09-27T04:44:53+04:00	ck8o-whole-256k	4	3636880	3636639	1	6856704	36864	python3*1 
2026-09-27T04:44:53+04:00	ck8o-whole-256k	4	3636881	3636639	45	22712815616	1928040448	python3*36 pt_gloo_runloop*2 ZMQbg/Reaper*2 ZMQbg/IO/0*2 pt_tcpstore_uv*1 cuda0000240000a*1 
2026-09-27T04:44:53+04:00	ck8o-whole-256k	4	3636882	3636639	57	678293504	498651136	python3*49 ZMQbg/Reaper*4 ZMQbg/IO/0*4 
2026-09-27T04:45:03+04:00	ck8o-whole-256k	4	3636618	363	2	18182144	49152	uv*1 main2*1 
2026-09-27T04:45:03+04:00	ck8o-whole-256k	4	3636639	3636618	57	493834240	310595584	ft*51 ZMQbg/Reaper*3 ZMQbg/IO/0*3 
2026-09-27T04:45:03+04:00	ck8o-whole-256k	4	3636880	3636639	1	6856704	36864	python3*1 
2026-09-27T04:45:03+04:00	ck8o-whole-256k	4	3636881	3636639	45	22712815616	1928040448	python3*36 pt_gloo_runloop*2 ZMQbg/Reaper*2 ZMQbg/IO/0*2 pt_tcpstore_uv*1 cuda0000240000a*1 
2026-09-27T04:45:03+04:00	ck8o-whole-256k	4	3636882	3636639	57	678293504	498651136	python3*49 ZMQbg/Reaper*4 ZMQbg/IO/0*4 
2026-09-27T04:45:13+04:00	ck8o-whole-256k	4	3636618	363	2	18169856	49152	uv*1 main2*1 
2026-09-27T04:45:13+04:00	ck8o-whole-256k	4	3636639	3636618	57	490909696	310595584	ft*51 ZMQbg/Reaper*3 ZMQbg/IO/0*3 
2026-09-27T04:45:13+04:00	ck8o-whole-256k	4	3636880	3636639	1	6856704	36864	python3*1 
2026-09-27T04:45:13+04:00	ck8o-whole-256k	4	3636881	3636639	45	22681563136	1899741184	python3*36 pt_gloo_runloop*2 ZMQbg/Reaper*2 ZMQbg/IO/0*2 pt_tcpstore_uv*1 cuda0000240000a*1 
2026-09-27T04:45:14+04:00	ck8o-whole-256k	4	3636882	3636639	57	645451776	468733952	python3*49 ZMQbg/Reaper*4 ZMQbg/IO/0*4 
2026-09-27T04:45:27+04:00	ck8o-whole-256k	4	3636618	363	2	18169856	49152	uv*1 main2*1 
2026-09-27T04:45:27+04:00	ck8o-whole-256k	4	3636639	3636618	57	490909696	310595584	ft*51 ZMQbg/Reaper*3 ZMQbg/IO/0*3 
2026-09-27T04:45:27+04:00	ck8o-whole-256k	4	3636880	3636639	1	6856704	36864	python3*1 
2026-09-27T04:45:27+04:00	ck8o-whole-256k	4	3636881	3636639	45	22681563136	1899741184	python3*36 pt_gloo_runloop*2 ZMQbg/Reaper*2 ZMQbg/IO/0*2 pt_tcpstore_uv*1 cuda0000240000a*1 
2026-09-27T04:45:27+04:00	ck8o-whole-256k	4	3636882	3636639	57	645451776	468733952	python3*49 ZMQbg/Reaper*4 ZMQbg/IO/0*4 
2026-09-27T04:45:37+04:00	ck8o-whole-256k	4	3636618	363	2	18169856	49152	uv*1 main2*1 
2026-09-27T04:45:37+04:00	ck8o-whole-256k	4	3636639	3636618	57	490631168	310595584	ft*51 ZMQbg/Reaper*3 ZMQbg/IO/0*3 
2026-09-27T04:45:37+04:00	ck8o-whole-256k	4	3636880	3636639	1	6856704	36864	python3*1 
2026-09-27T04:45:37+04:00	ck8o-whole-256k	4	3636881	3636639	45	22673698816	1892155392	python3*36 pt_gloo_runloop*2 ZMQbg/Reaper*2 ZMQbg/IO/0*2 pt_tcpstore_uv*1 cuda0000240000a*1 
2026-09-27T04:45:37+04:00	ck8o-whole-256k	4	3636882	3636639	57	635076608	458637312	python3*49 ZMQbg/Reaper*4 ZMQbg/IO/0*4 
2026-09-27T04:45:47+04:00	ck8o-whole-256k	4	3636618	363	2	18169856	49152	uv*1 main2*1 
2026-09-27T04:45:47+04:00	ck8o-whole-256k	4	3636639	3636618	57	490631168	310595584	ft*51 ZMQbg/Reaper*3 ZMQbg/IO/0*3 
2026-09-27T04:45:47+04:00	ck8o-whole-256k	4	3636880	3636639	1	6856704	36864	python3*1 
2026-09-27T04:45:47+04:00	ck8o-whole-256k	4	3636881	3636639	45	22673698816	1892155392	python3*36 pt_gloo_runloop*2 ZMQbg/Reaper*2 ZMQbg/IO/0*2 pt_tcpstore_uv*1 cuda0000240000a*1 
2026-09-27T04:45:47+04:00	ck8o-whole-256k	4	3636882	3636639	57	635076608	458637312	python3*49 ZMQbg/Reaper*4 ZMQbg/IO/0*4 
2026-09-27T04:46:00+04:00	ck8o-whole-256k	4	3636618	363	2	18169856	49152	uv*1 main2*1 
2026-09-27T04:46:00+04:00	ck8o-whole-256k	4	3636639	3636618	57	490631168	310595584	ft*51 ZMQbg/Reaper*3 ZMQbg/IO/0*3 
2026-09-27T04:46:00+04:00	ck8o-whole-256k	4	3636880	3636639	1	6856704	36864	python3*1 
2026-09-27T04:46:00+04:00	ck8o-whole-256k	4	3636881	3636639	45	22673698816	1892155392	python3*36 pt_gloo_runloop*2 ZMQbg/Reaper*2 ZMQbg/IO/0*2 pt_tcpstore_uv*1 cuda0000240000a*1 
2026-09-27T04:46:00+04:00	ck8o-whole-256k	4	3636882	3636639	57	635076608	458637312	python3*49 ZMQbg/Reaper*4 ZMQbg/IO/0*4 
2026-09-27T04:46:10+04:00	ck8o-whole-256k	4	3636618	363	2	18169856	49152	uv*1 main2*1 
2026-09-27T04:46:10+04:00	ck8o-whole-256k	4	3636639	3636618	57	490631168	310595584	ft*51 ZMQbg/Reaper*3 ZMQbg/IO/0*3 
2026-09-27T04:46:10+04:00	ck8o-whole-256k	4	3636880	3636639	1	6856704	36864	python3*1 
2026-09-27T04:46:10+04:00	ck8o-whole-256k	4	3636881	3636639	45	22673698816	1892155392	python3*36 pt_gloo_runloop*2 ZMQbg/Reaper*2 ZMQbg/IO/0*2 pt_tcpstore_uv*1 cuda0000240000a*1 
2026-09-27T04:46:10+04:00	ck8o-whole-256k	4	3636882	3636639	57	635076608	458637312	python3*49 ZMQbg/Reaper*4 ZMQbg/IO/0*4 
2026-09-27T04:46:21+04:00	ck8o-whole-256k	4	3636618	363	2	17174528	49152	uv*1 main2*1 
2026-09-27T04:46:21+04:00	ck8o-whole-256k	4	3636639	3636618	57	483606528	310595584	ft*51 ZMQbg/Reaper*3 ZMQbg/IO/0*3 
2026-09-27T04:46:21+04:00	ck8o-whole-256k	4	3636880	3636639	1	6852608	36864	python3*1 
2026-09-27T04:46:21+04:00	ck8o-whole-256k	4	3636881	3636639	45	22570201088	1799888896	python3*36 pt_gloo_runloop*2 ZMQbg/Reaper*2 ZMQbg/IO/0*2 pt_tcpstore_uv*1 cuda0000240000a*1 
2026-09-27T04:46:21+04:00	ck8o-whole-256k	4	3636882	3636639	57	511119360	341127168	python3*49 ZMQbg/Reaper*4 ZMQbg/IO/0*4 
2026-09-27T04:46:34+04:00	ck8o-whole-256k	4	3636618	363	2	8577024	49152	uv*1 main2*1 
2026-09-27T04:46:34+04:00	ck8o-whole-256k	4	3636639	3636618	57	445669376	310587392	ft*51 ZMQbg/Reaper*3 ZMQbg/IO/0*3 
2026-09-27T04:46:34+04:00	ck8o-whole-256k	4	3636880	3636639	1	6811648	36864	python3*1 
2026-09-27T04:46:34+04:00	ck8o-whole-256k	4	3636881	3636639	45	22389596160	1697325056	python3*36 pt_gloo_runloop*2 ZMQbg/Reaper*2 ZMQbg/IO/0*2 pt_tcpstore_uv*1 cuda0000240000a*1 
2026-09-27T04:46:34+04:00	ck8o-whole-256k	4	3636882	3636639	57	322248704	189075456	python3*49 ZMQbg/Reaper*4 ZMQbg/IO/0*4 
2026-09-27T04:46:44+04:00	ck8o-whole-256k	4	3636618	363	2	8577024	49152	uv*1 main2*1 
2026-09-27T04:46:44+04:00	ck8o-whole-256k	4	3636639	3636618	57	445669376	310587392	ft*51 ZMQbg/Reaper*3 ZMQbg/IO/0*3 
2026-09-27T04:46:44+04:00	ck8o-whole-256k	4	3636880	3636639	1	6811648	36864	python3*1 
2026-09-27T04:46:44+04:00	ck8o-whole-256k	4	3636881	3636639	45	22389596160	1697325056	python3*36 pt_gloo_runloop*2 ZMQbg/Reaper*2 ZMQbg/IO/0*2 pt_tcpstore_uv*1 cuda0000240000a*1 
2026-09-27T04:46:45+04:00	ck8o-whole-256k	4	3636882	3636639	57	322248704	189075456	python3*49 ZMQbg/Reaper*4 ZMQbg/IO/0*4 
2026-09-27T04:46:55+04:00	ck8o-whole-256k	4	3636618	363	2	8577024	49152	uv*1 main2*1 
2026-09-27T04:46:55+04:00	ck8o-whole-256k	4	3636639	3636618	57	445669376	310587392	ft*51 ZMQbg/Reaper*3 ZMQbg/IO/0*3 
2026-09-27T04:46:55+04:00	ck8o-whole-256k	4	3636880	3636639	1	6811648	36864	python3*1 
2026-09-27T04:46:55+04:00	ck8o-whole-256k	4	3636881	3636639	45	22389596160	1697325056	python3*36 pt_gloo_runloop*2 ZMQbg/Reaper*2 ZMQbg/IO/0*2 pt_tcpstore_uv*1 cuda0000240000a*1 
2026-09-27T04:46:55+04:00	ck8o-whole-256k	4	3636882	3636639	57	322248704	189075456	python3*49 ZMQbg/Reaper*4 ZMQbg/IO/0*4 
2026-09-27T04:47:08+04:00	ck8o-whole-256k	4	3636618	363	2	8577024	49152	uv*1 main2*1 
2026-09-27T04:47:08+04:00	ck8o-whole-256k	4	3636639	3636618	57	445669376	310587392	ft*51 ZMQbg/Reaper*3 ZMQbg/IO/0*3 
2026-09-27T04:47:08+04:00	ck8o-whole-256k	4	3636880	3636639	1	6811648	36864	python3*1 
2026-09-27T04:47:08+04:00	ck8o-whole-256k	4	3636881	3636639	45	22389596160	1697325056	python3*36 pt_gloo_runloop*2 ZMQbg/Reaper*2 ZMQbg/IO/0*2 pt_tcpstore_uv*1 cuda0000240000a*1 
2026-09-27T04:47:08+04:00	ck8o-whole-256k	4	3636882	3636639	57	322248704	189075456	python3*49 ZMQbg/Reaper*4 ZMQbg/IO/0*4 
2026-09-27T04:47:18+04:00	ck8o-whole-256k	4	3636618	363	2	8577024	49152	uv*1 main2*1 
2026-09-27T04:47:18+04:00	ck8o-whole-256k	4	3636639	3636618	57	445669376	310587392	ft*51 ZMQbg/Reaper*3 ZMQbg/IO/0*3 
2026-09-27T04:47:18+04:00	ck8o-whole-256k	4	3636880	3636639	1	6811648	36864	python3*1 
2026-09-27T04:47:18+04:00	ck8o-whole-256k	4	3636881	3636639	45	22389596160	1697325056	python3*36 pt_gloo_runloop*2 ZMQbg/Reaper*2 ZMQbg/IO/0*2 pt_tcpstore_uv*1 cuda0000240000a*1 
2026-09-27T04:47:18+04:00	ck8o-whole-256k	4	3636882	3636639	57	322248704	189075456	python3*49 ZMQbg/Reaper*4 ZMQbg/IO/0*4 
2026-09-27T04:47:28+04:00	ck8o-whole-256k	4	3636618	363	2	8577024	49152	uv*1 main2*1 
2026-09-27T04:47:28+04:00	ck8o-whole-256k	4	3636639	3636618	57	445669376	310587392	ft*51 ZMQbg/Reaper*3 ZMQbg/IO/0*3 
2026-09-27T04:47:28+04:00	ck8o-whole-256k	4	3636880	3636639	1	6811648	36864	python3*1 
2026-09-27T04:47:28+04:00	ck8o-whole-256k	4	3636881	3636639	45	22389596160	1697325056	python3*36 pt_gloo_runloop*2 ZMQbg/Reaper*2 ZMQbg/IO/0*2 pt_tcpstore_uv*1 cuda0000240000a*1 
2026-09-27T04:47:29+04:00	ck8o-whole-256k	4	3636882	3636639	57	322248704	189075456	python3*49 ZMQbg/Reaper*4 ZMQbg/IO/0*4 
2026-09-27T04:47:41+04:00	ck8o-whole-256k	4	3636618	363	2	8577024	49152	uv*1 main2*1 
2026-09-27T04:47:41+04:00	ck8o-whole-256k	4	3636639	3636618	57	445669376	310587392	ft*51 ZMQbg/Reaper*3 ZMQbg/IO/0*3 
2026-09-27T04:47:41+04:00	ck8o-whole-256k	4	3636880	3636639	1	6811648	36864	python3*1 
2026-09-27T04:47:41+04:00	ck8o-whole-256k	4	3636881	3636639	45	22389596160	1697325056	python3*36 pt_gloo_runloop*2 ZMQbg/Reaper*2 ZMQbg/IO/0*2 pt_tcpstore_uv*1 cuda0000240000a*1 
2026-09-27T04:47:42+04:00	ck8o-whole-256k	4	3636882	3636639	57	322248704	189075456	python3*49 ZMQbg/Reaper*4 ZMQbg/IO/0*4 
2026-09-27T04:47:52+04:00	ck8o-whole-256k	4	3636618	363	2	8577024	49152	uv*1 main2*1 
2026-09-27T04:47:52+04:00	ck8o-whole-256k	4	3636639	3636618	57	445669376	310587392	ft*51 ZMQbg/Reaper*3 ZMQbg/IO/0*3 
2026-09-27T04:47:52+04:00	ck8o-whole-256k	4	3636880	3636639	1	6811648	36864	python3*1 
2026-09-27T04:47:52+04:00	ck8o-whole-256k	4	3636881	3636639	45	22389596160	1697325056	python3*36 pt_gloo_runloop*2 ZMQbg/Reaper*2 ZMQbg/IO/0*2 pt_tcpstore_uv*1 cuda0000240000a*1 
2026-09-27T04:47:52+04:00	ck8o-whole-256k	4	3636882	3636639	57	322248704	189075456	python3*49 ZMQbg/Reaper*4 ZMQbg/IO/0*4 
2026-09-27T04:48:02+04:00	ck8o-whole-256k	4	3636618	363	2	8577024	49152	uv*1 main2*1 
2026-09-27T04:48:02+04:00	ck8o-whole-256k	4	3636639	3636618	57	445669376	310587392	ft*51 ZMQbg/Reaper*3 ZMQbg/IO/0*3 
2026-09-27T04:48:02+04:00	ck8o-whole-256k	4	3636880	3636639	1	6811648	36864	python3*1 
2026-09-27T04:48:02+04:00	ck8o-whole-256k	4	3636881	3636639	45	22389673984	1697402880	python3*36 pt_gloo_runloop*2 ZMQbg/Reaper*2 ZMQbg/IO/0*2 pt_tcpstore_uv*1 cuda0000240000a*1 
2026-09-27T04:48:02+04:00	ck8o-whole-256k	4	3636882	3636639	57	322248704	189075456	python3*49 ZMQbg/Reaper*4 ZMQbg/IO/0*4 
2026-09-27T04:48:15+04:00	ck8o-whole-256k	4	3636618	363	2	8577024	49152	uv*1 main2*1 
2026-09-27T04:48:15+04:00	ck8o-whole-256k	4	3636639	3636618	57	445669376	310587392	ft*51 ZMQbg/Reaper*3 ZMQbg/IO/0*3 
2026-09-27T04:48:15+04:00	ck8o-whole-256k	4	3636880	3636639	1	6811648	36864	python3*1 
2026-09-27T04:48:15+04:00	ck8o-whole-256k	4	3636881	3636639	45	22389768192	1697497088	python3*36 pt_gloo_runloop*2 ZMQbg/Reaper*2 ZMQbg/IO/0*2 pt_tcpstore_uv*1 cuda0000240000a*1 
2026-09-27T04:48:15+04:00	ck8o-whole-256k	4	3636882	3636639	57	322248704	189075456	python3*49 ZMQbg/Reaper*4 ZMQbg/IO/0*4 
2026-09-27T04:48:26+04:00	ck8o-whole-256k	4	3636618	363	2	8577024	49152	uv*1 main2*1 
2026-09-27T04:48:26+04:00	ck8o-whole-256k	4	3636639	3636618	57	445669376	310587392	ft*51 ZMQbg/Reaper*3 ZMQbg/IO/0*3 
2026-09-27T04:48:26+04:00	ck8o-whole-256k	4	3636880	3636639	1	6811648	36864	python3*1 
2026-09-27T04:48:26+04:00	ck8o-whole-256k	4	3636881	3636639	45	22389886976	1697615872	python3*36 pt_gloo_runloop*2 ZMQbg/Reaper*2 ZMQbg/IO/0*2 pt_tcpstore_uv*1 cuda0000240000a*1 
2026-09-27T04:48:26+04:00	ck8o-whole-256k	4	3636882	3636639	57	322248704	189075456	python3*49 ZMQbg/Reaper*4 ZMQbg/IO/0*4 
2026-09-27T04:48:36+04:00	ck8o-whole-256k	4	3636618	363	2	8577024	49152	uv*1 main2*1 
2026-09-27T04:48:36+04:00	ck8o-whole-256k	4	3636639	3636618	57	445669376	310587392	ft*51 ZMQbg/Reaper*3 ZMQbg/IO/0*3 
2026-09-27T04:48:36+04:00	ck8o-whole-256k	4	3636880	3636639	1	6811648	36864	python3*1 
2026-09-27T04:48:36+04:00	ck8o-whole-256k	4	3636881	3636639	45	22390001664	1697730560	python3*36 pt_gloo_runloop*2 ZMQbg/Reaper*2 ZMQbg/IO/0*2 pt_tcpstore_uv*1 cuda0000240000a*1 
2026-09-27T04:48:36+04:00	ck8o-whole-256k	4	3636882	3636639	57	322248704	189075456	python3*49 ZMQbg/Reaper*4 ZMQbg/IO/0*4 
2026-09-27T04:48:49+04:00	ck8o-whole-256k	4	3636618	363	2	8577024	49152	uv*1 main2*1 
2026-09-27T04:48:49+04:00	ck8o-whole-256k	4	3636639	3636618	57	445669376	310587392	ft*51 ZMQbg/Reaper*3 ZMQbg/IO/0*3 
2026-09-27T04:48:49+04:00	ck8o-whole-256k	4	3636880	3636639	1	6811648	36864	python3*1 
2026-09-27T04:48:49+04:00	ck8o-whole-256k	4	3636881	3636639	45	22390099968	1697828864	python3*36 pt_gloo_runloop*2 ZMQbg/Reaper*2 ZMQbg/IO/0*2 pt_tcpstore_uv*1 cuda0000240000a*1 
2026-09-27T04:48:49+04:00	ck8o-whole-256k	4	3636882	3636639	57	322248704	189075456	python3*49 ZMQbg/Reaper*4 ZMQbg/IO/0*4 
2026-09-27T04:48:59+04:00	ck8o-whole-256k	4	3636618	363	2	8577024	49152	uv*1 main2*1 
2026-09-27T04:48:59+04:00	ck8o-whole-256k	4	3636639	3636618	57	445669376	310587392	ft*51 ZMQbg/Reaper*3 ZMQbg/IO/0*3 
2026-09-27T04:48:59+04:00	ck8o-whole-256k	4	3636880	3636639	1	6811648	36864	python3*1 
2026-09-27T04:48:59+04:00	ck8o-whole-256k	4	3636881	3636639	45	22390697984	1698332672	python3*36 pt_gloo_runloop*2 ZMQbg/Reaper*2 ZMQbg/IO/0*2 pt_tcpstore_uv*1 cuda0000240000a*1 
2026-09-27T04:49:00+04:00	ck8o-whole-256k	4	3636882	3636639	57	322248704	189075456	python3*49 ZMQbg/Reaper*4 ZMQbg/IO/0*4 
2026-09-27T04:49:10+04:00	ck8o-whole-256k	4	3636618	363	2	7909376	49152	uv*1 main2*1 
2026-09-27T04:49:10+04:00	ck8o-whole-256k	4	3636639	3636618	57	435826688	310587392	ft*51 ZMQbg/Reaper*3 ZMQbg/IO/0*3 
2026-09-27T04:49:10+04:00	ck8o-whole-256k	4	3636880	3636639	1	6811648	36864	python3*1 
2026-09-27T04:49:10+04:00	ck8o-whole-256k	4	3636881	3636639	45	22292619264	1619156992	python3*36 pt_gloo_runloop*2 ZMQbg/Reaper*2 ZMQbg/IO/0*2 pt_tcpstore_uv*1 cuda0000240000a*1 
2026-09-27T04:49:10+04:00	ck8o-whole-256k	4	3636882	3636639	57	311570432	188215296	python3*49 ZMQbg/Reaper*4 ZMQbg/IO/0*4 
2026-09-27T04:49:20+04:00	ck8o-whole-256k	4	3636618	363	2	7884800	49152	uv*1 main2*1 
2026-09-27T04:49:20+04:00	ck8o-whole-256k	4	3636639	3636618	57	434270208	310587392	ft*51 ZMQbg/Reaper*3 ZMQbg/IO/0*3 
2026-09-27T04:49:20+04:00	ck8o-whole-256k	4	3636880	3636639	1	6811648	36864	python3*1 
2026-09-27T04:49:20+04:00	ck8o-whole-256k	4	3636881	3636639	45	22283390976	1614258176	python3*36 pt_gloo_runloop*2 ZMQbg/Reaper*2 ZMQbg/IO/0*2 pt_tcpstore_uv*1 cuda0000240000a*1 
2026-09-27T04:49:23+04:00	ck8o-whole-256k	4	3636882	3636639	57	310022144	188215296	python3*49 ZMQbg/Reaper*4 ZMQbg/IO/0*4 
2026-09-27T04:49:33+04:00	ck8o-whole-256k	4	3636618	363	2	7884800	49152	uv*1 main2*1 
2026-09-27T04:49:33+04:00	ck8o-whole-256k	4	3636639	3636618	57	434270208	310587392	ft*51 ZMQbg/Reaper*3 ZMQbg/IO/0*3 
2026-09-27T04:49:33+04:00	ck8o-whole-256k	4	3636880	3636639	1	6811648	36864	python3*1 
2026-09-27T04:49:33+04:00	ck8o-whole-256k	4	3636881	3636639	45	22283390976	1614258176	python3*36 pt_gloo_runloop*2 ZMQbg/Reaper*2 ZMQbg/IO/0*2 pt_tcpstore_uv*1 cuda0000240000a*1 
2026-09-27T04:49:34+04:00	ck8o-whole-256k	4	3636882	3636639	57	310022144	188215296	python3*49 ZMQbg/Reaper*4 ZMQbg/IO/0*4 
2026-09-27T04:49:44+04:00	ck8o-whole-256k	4	3636618	363	2	7884800	49152	uv*1 main2*1 
2026-09-27T04:49:44+04:00	ck8o-whole-256k	4	3636639	3636618	57	434270208	310587392	ft*51 ZMQbg/Reaper*3 ZMQbg/IO/0*3 
2026-09-27T04:49:44+04:00	ck8o-whole-256k	4	3636880	3636639	1	6811648	36864	python3*1 
2026-09-27T04:49:44+04:00	ck8o-whole-256k	4	3636881	3636639	45	22283419648	1614286848	python3*36 pt_gloo_runloop*2 ZMQbg/Reaper*2 ZMQbg/IO/0*2 pt_tcpstore_uv*1 cuda0000240000a*1 
2026-09-27T04:49:44+04:00	ck8o-whole-256k	4	3636882	3636639	57	310022144	188215296	python3*49 ZMQbg/Reaper*4 ZMQbg/IO/0*4 
2026-09-27T04:49:54+04:00	ck8o-whole-256k	4	3636618	363	2	7884800	49152	uv*1 main2*1 
2026-09-27T04:49:54+04:00	ck8o-whole-256k	4	3636639	3636618	57	434270208	310587392	ft*51 ZMQbg/Reaper*3 ZMQbg/IO/0*3 
2026-09-27T04:49:54+04:00	ck8o-whole-256k	4	3636880	3636639	1	6811648	36864	python3*1 
2026-09-27T04:49:54+04:00	ck8o-whole-256k	4	3636881	3636639	45	22283513856	1614381056	python3*36 pt_gloo_runloop*2 ZMQbg/Reaper*2 ZMQbg/IO/0*2 pt_tcpstore_uv*1 cuda0000240000a*1 
2026-09-27T04:49:54+04:00	ck8o-whole-256k	4	3636882	3636639	57	310022144	188215296	python3*49 ZMQbg/Reaper*4 ZMQbg/IO/0*4 
2026-09-27T04:50:07+04:00	ck8o-whole-256k	4	3636618	363	2	7884800	49152	uv*1 main2*1 
2026-09-27T04:50:07+04:00	ck8o-whole-256k	4	3636639	3636618	57	434270208	310587392	ft*51 ZMQbg/Reaper*3 ZMQbg/IO/0*3 
2026-09-27T04:50:07+04:00	ck8o-whole-256k	4	3636880	3636639	1	6811648	36864	python3*1 
2026-09-27T04:50:07+04:00	ck8o-whole-256k	4	3636881	3636639	45	22283620352	1614487552	python3*36 pt_gloo_runloop*2 ZMQbg/Reaper*2 ZMQbg/IO/0*2 pt_tcpstore_uv*1 cuda0000240000a*1 
2026-09-27T04:50:08+04:00	ck8o-whole-256k	4	3636882	3636639	57	310022144	188215296	python3*49 ZMQbg/Reaper*4 ZMQbg/IO/0*4 
2026-09-27T04:50:18+04:00	ck8o-whole-256k	4	3636618	363	2	7884800	49152	uv*1 main2*1 
2026-09-27T04:50:18+04:00	ck8o-whole-256k	4	3636639	3636618	57	434270208	310587392	ft*51 ZMQbg/Reaper*3 ZMQbg/IO/0*3 
2026-09-27T04:50:18+04:00	ck8o-whole-256k	4	3636880	3636639	1	6811648	36864	python3*1 
2026-09-27T04:50:18+04:00	ck8o-whole-256k	4	3636881	3636639	45	22283714560	1614581760	python3*36 pt_gloo_runloop*2 ZMQbg/Reaper*2 ZMQbg/IO/0*2 pt_tcpstore_uv*1 cuda0000240000a*1 
2026-09-27T04:50:18+04:00	ck8o-whole-256k	4	3636882	3636639	57	310022144	188215296	python3*49 ZMQbg/Reaper*4 ZMQbg/IO/0*4 
2026-09-27T04:50:28+04:00	ck8o-whole-256k	4	3636618	363	2	7884800	49152	uv*1 main2*1 
2026-09-27T04:50:28+04:00	ck8o-whole-256k	4	3636639	3636618	57	434270208	310587392	ft*51 ZMQbg/Reaper*3 ZMQbg/IO/0*3 
2026-09-27T04:50:28+04:00	ck8o-whole-256k	4	3636880	3636639	1	6811648	36864	python3*1 
2026-09-27T04:50:28+04:00	ck8o-whole-256k	4	3636881	3636639	45	22283821056	1614688256	python3*36 pt_gloo_runloop*2 ZMQbg/Reaper*2 ZMQbg/IO/0*2 pt_tcpstore_uv*1 cuda0000240000a*1 
2026-09-27T04:50:28+04:00	ck8o-whole-256k	4	3636882	3636639	57	310022144	188215296	python3*49 ZMQbg/Reaper*4 ZMQbg/IO/0*4 
2026-09-27T04:50:41+04:00	ck8o-whole-256k	4	3636618	363	2	7884800	49152	uv*1 main2*1 
2026-09-27T04:50:41+04:00	ck8o-whole-256k	4	3636639	3636618	57	434270208	310587392	ft*51 ZMQbg/Reaper*3 ZMQbg/IO/0*3 
2026-09-27T04:50:41+04:00	ck8o-whole-256k	4	3636880	3636639	1	6811648	36864	python3*1 
2026-09-27T04:50:41+04:00	ck8o-whole-256k	4	3636881	3636639	45	22283915264	1614782464	python3*36 pt_gloo_runloop*2 ZMQbg/Reaper*2 ZMQbg/IO/0*2 pt_tcpstore_uv*1 cuda0000240000a*1 
2026-09-27T04:50:42+04:00	ck8o-whole-256k	4	3636882	3636639	57	310022144	188215296	python3*49 ZMQbg/Reaper*4 ZMQbg/IO/0*4 
2026-09-27T04:50:52+04:00	ck8o-whole-256k	4	3636618	363	2	7884800	49152	uv*1 main2*1 
2026-09-27T04:50:52+04:00	ck8o-whole-256k	4	3636639	3636618	57	434270208	310587392	ft*51 ZMQbg/Reaper*3 ZMQbg/IO/0*3 
2026-09-27T04:50:52+04:00	ck8o-whole-256k	4	3636880	3636639	1	6811648	36864	python3*1 
2026-09-27T04:50:52+04:00	ck8o-whole-256k	4	3636881	3636639	45	22284021760	1614888960	python3*36 pt_gloo_runloop*2 ZMQbg/Reaper*2 ZMQbg/IO/0*2 pt_tcpstore_uv*1 cuda0000240000a*1 
2026-09-27T04:50:52+04:00	ck8o-whole-256k	4	3636882	3636639	57	310022144	188215296	python3*49 ZMQbg/Reaper*4 ZMQbg/IO/0*4 
2026-09-27T04:51:02+04:00	ck8o-whole-256k	4	3636618	363	2	7884800	49152	uv*1 main2*1 
2026-09-27T04:51:02+04:00	ck8o-whole-256k	4	3636639	3636618	57	434270208	310587392	ft*51 ZMQbg/Reaper*3 ZMQbg/IO/0*3 
2026-09-27T04:51:02+04:00	ck8o-whole-256k	4	3636880	3636639	1	6811648	36864	python3*1 
2026-09-27T04:51:02+04:00	ck8o-whole-256k	4	3636881	3636639	45	22284115968	1614983168	python3*36 pt_gloo_runloop*2 ZMQbg/Reaper*2 ZMQbg/IO/0*2 pt_tcpstore_uv*1 cuda0000240000a*1 
2026-09-27T04:51:03+04:00	ck8o-whole-256k	4	3636882	3636639	57	310022144	188215296	python3*49 ZMQbg/Reaper*4 ZMQbg/IO/0*4 
2026-09-27T04:51:15+04:00	ck8o-whole-256k	4	3636618	363	2	7884800	49152	uv*1 main2*1 
2026-09-27T04:51:15+04:00	ck8o-whole-256k	4	3636639	3636618	57	434270208	310587392	ft*51 ZMQbg/Reaper*3 ZMQbg/IO/0*3 
2026-09-27T04:51:15+04:00	ck8o-whole-256k	4	3636880	3636639	1	6811648	36864	python3*1 
2026-09-27T04:51:15+04:00	ck8o-whole-256k	4	3636881	3636639	45	22284206080	1615073280	python3*36 pt_gloo_runloop*2 ZMQbg/Reaper*2 ZMQbg/IO/0*2 pt_tcpstore_uv*1 cuda0000240000a*1 
2026-09-27T04:51:15+04:00	ck8o-whole-256k	4	3636882	3636639	57	310022144	188215296	python3*49 ZMQbg/Reaper*4 ZMQbg/IO/0*4 
2026-09-27T04:51:26+04:00	ck8o-whole-256k	4	3636618	363	2	7884800	49152	uv*1 main2*1 
2026-09-27T04:51:26+04:00	ck8o-whole-256k	4	3636639	3636618	57	434270208	310587392	ft*51 ZMQbg/Reaper*3 ZMQbg/IO/0*3 
2026-09-27T04:51:26+04:00	ck8o-whole-256k	4	3636880	3636639	1	6811648	36864	python3*1 
2026-09-27T04:51:26+04:00	ck8o-whole-256k	4	3636881	3636639	45	22284312576	1615187968	python3*36 pt_gloo_runloop*2 ZMQbg/Reaper*2 ZMQbg/IO/0*2 pt_tcpstore_uv*1 cuda0000240000a*1 
2026-09-27T04:51:26+04:00	ck8o-whole-256k	4	3636882	3636639	57	310022144	188215296	python3*49 ZMQbg/Reaper*4 ZMQbg/IO/0*4 
2026-09-27T04:51:36+04:00	ck8o-whole-256k	4	3636618	363	2	7884800	49152	uv*1 main2*1 
2026-09-27T04:51:36+04:00	ck8o-whole-256k	4	3636639	3636618	57	434270208	310587392	ft*51 ZMQbg/Reaper*3 ZMQbg/IO/0*3 
2026-09-27T04:51:36+04:00	ck8o-whole-256k	4	3636880	3636639	1	6811648	36864	python3*1 
2026-09-27T04:51:36+04:00	ck8o-whole-256k	4	3636881	3636639	45	22284427264	1615294464	python3*36 pt_gloo_runloop*2 ZMQbg/Reaper*2 ZMQbg/IO/0*2 pt_tcpstore_uv*1 cuda0000240000a*1 
2026-09-27T04:51:36+04:00	ck8o-whole-256k	4	3636882	3636639	57	310022144	188215296	python3*49 ZMQbg/Reaper*4 ZMQbg/IO/0*4 
2026-09-27T04:51:50+04:00	ck8o-whole-256k	4	3636618	363	2	7884800	49152	uv*1 main2*1 
2026-09-27T04:51:50+04:00	ck8o-whole-256k	4	3636639	3636618	57	434270208	310587392	ft*51 ZMQbg/Reaper*3 ZMQbg/IO/0*3 
2026-09-27T04:51:50+04:00	ck8o-whole-256k	4	3636880	3636639	1	6811648	36864	python3*1 
2026-09-27T04:51:50+04:00	ck8o-whole-256k	4	3636881	3636639	45	22284521472	1615388672	python3*36 pt_gloo_runloop*2 ZMQbg/Reaper*2 ZMQbg/IO/0*2 pt_tcpstore_uv*1 cuda0000240000a*1 
2026-09-27T04:51:50+04:00	ck8o-whole-256k	4	3636882	3636639	57	310022144	188215296	python3*49 ZMQbg/Reaper*4 ZMQbg/IO/0*4 
2026-09-27T04:52:00+04:00	ck8o-whole-256k	4	3636618	363	2	7884800	49152	uv*1 main2*1 
2026-09-27T04:52:00+04:00	ck8o-whole-256k	4	3636639	3636618	57	434270208	310587392	ft*51 ZMQbg/Reaper*3 ZMQbg/IO/0*3 
2026-09-27T04:52:00+04:00	ck8o-whole-256k	4	3636880	3636639	1	6811648	36864	python3*1 
2026-09-27T04:52:00+04:00	ck8o-whole-256k	4	3636881	3636639	45	22284611584	1615478784	python3*36 pt_gloo_runloop*2 ZMQbg/Reaper*2 ZMQbg/IO/0*2 pt_tcpstore_uv*1 cuda0000240000a*1 
2026-09-27T04:52:00+04:00	ck8o-whole-256k	4	3636882	3636639	57	310022144	188215296	python3*49 ZMQbg/Reaper*4 ZMQbg/IO/0*4 
2026-09-27T04:52:10+04:00	ck8o-whole-256k	4	3636618	363	2	7884800	49152	uv*1 main2*1 
2026-09-27T04:52:10+04:00	ck8o-whole-256k	4	3636639	3636618	57	434270208	310587392	ft*51 ZMQbg/Reaper*3 ZMQbg/IO/0*3 
2026-09-27T04:52:10+04:00	ck8o-whole-256k	4	3636880	3636639	1	6811648	36864	python3*1 
2026-09-27T04:52:10+04:00	ck8o-whole-256k	4	3636881	3636639	45	22284705792	1615572992	python3*36 pt_gloo_runloop*2 ZMQbg/Reaper*2 ZMQbg/IO/0*2 pt_tcpstore_uv*1 cuda0000240000a*1 
2026-09-27T04:52:11+04:00	ck8o-whole-256k	4	3636882	3636639	57	310022144	188215296	python3*49 ZMQbg/Reaper*4 ZMQbg/IO/0*4 
2026-09-27T04:52:23+04:00	ck8o-whole-256k	4	3636618	363	2	7884800	49152	uv*1 main2*1 
2026-09-27T04:52:23+04:00	ck8o-whole-256k	4	3636639	3636618	57	434270208	310587392	ft*51 ZMQbg/Reaper*3 ZMQbg/IO/0*3 
2026-09-27T04:52:23+04:00	ck8o-whole-256k	4	3636880	3636639	1	6811648	36864	python3*1 
2026-09-27T04:52:23+04:00	ck8o-whole-256k	4	3636881	3636639	45	22284816384	1615683584	python3*36 pt_gloo_runloop*2 ZMQbg/Reaper*2 ZMQbg/IO/0*2 pt_tcpstore_uv*1 cuda0000240000a*1 
2026-09-27T04:52:23+04:00	ck8o-whole-256k	4	3636882	3636639	57	310022144	188215296	python3*49 ZMQbg/Reaper*4 ZMQbg/IO/0*4 
2026-09-27T04:52:33+04:00	ck8o-whole-256k	4	3636618	363	2	7884800	49152	uv*1 main2*1 
2026-09-27T04:52:33+04:00	ck8o-whole-256k	4	3636639	3636618	57	434270208	310587392	ft*51 ZMQbg/Reaper*3 ZMQbg/IO/0*3 
2026-09-27T04:52:33+04:00	ck8o-whole-256k	4	3636880	3636639	1	6811648	36864	python3*1 
2026-09-27T04:52:33+04:00	ck8o-whole-256k	4	3636881	3636639	45	22284906496	1615773696	python3*36 pt_gloo_runloop*2 ZMQbg/Reaper*2 ZMQbg/IO/0*2 pt_tcpstore_uv*1 cuda0000240000a*1 
2026-09-27T04:52:33+04:00	ck8o-whole-256k	4	3636882	3636639	57	310022144	188215296	python3*49 ZMQbg/Reaper*4 ZMQbg/IO/0*4 
2026-09-27T04:52:43+04:00	ck8o-whole-256k	4	3636618	363	2	7884800	49152	uv*1 main2*1 
2026-09-27T04:52:43+04:00	ck8o-whole-256k	4	3636639	3636618	57	434270208	310587392	ft*51 ZMQbg/Reaper*3 ZMQbg/IO/0*3 
2026-09-27T04:52:43+04:00	ck8o-whole-256k	4	3636880	3636639	1	6811648	36864	python3*1 
2026-09-27T04:52:43+04:00	ck8o-whole-256k	4	3636881	3636639	45	22285000704	1615867904	python3*36 pt_gloo_runloop*2 ZMQbg/Reaper*2 ZMQbg/IO/0*2 pt_tcpstore_uv*1 cuda0000240000a*1 
2026-09-27T04:52:43+04:00	ck8o-whole-256k	4	3636882	3636639	57	310022144	188215296	python3*49 ZMQbg/Reaper*4 ZMQbg/IO/0*4 
2026-09-27T04:52:57+04:00	ck8o-whole-256k	4	3636618	363	2	7884800	49152	uv*1 main2*1 
2026-09-27T04:52:57+04:00	ck8o-whole-256k	4	3636639	3636618	57	434270208	310587392	ft*51 ZMQbg/Reaper*3 ZMQbg/IO/0*3 
2026-09-27T04:52:57+04:00	ck8o-whole-256k	4	3636880	3636639	1	6811648	36864	python3*1 
2026-09-27T04:52:57+04:00	ck8o-whole-256k	4	3636881	3636639	45	22285094912	1615962112	python3*36 pt_gloo_runloop*2 ZMQbg/Reaper*2 ZMQbg/IO/0*2 pt_tcpstore_uv*1 cuda0000240000a*1 
2026-09-27T04:52:57+04:00	ck8o-whole-256k	4	3636882	3636639	57	310022144	188215296	python3*49 ZMQbg/Reaper*4 ZMQbg/IO/0*4 
2026-09-27T04:53:07+04:00	ck8o-whole-256k	4	3636618	363	2	7884800	49152	uv*1 main2*1 
2026-09-27T04:53:07+04:00	ck8o-whole-256k	4	3636639	3636618	57	434270208	310587392	ft*51 ZMQbg/Reaper*3 ZMQbg/IO/0*3 
2026-09-27T04:53:07+04:00	ck8o-whole-256k	4	3636880	3636639	1	6811648	36864	python3*1 
2026-09-27T04:53:07+04:00	ck8o-whole-256k	4	3636881	3636639	45	22285189120	1616056320	python3*36 pt_gloo_runloop*2 ZMQbg/Reaper*2 ZMQbg/IO/0*2 pt_tcpstore_uv*1 cuda0000240000a*1 
2026-09-27T04:53:07+04:00	ck8o-whole-256k	4	3636882	3636639	57	310022144	188215296	python3*49 ZMQbg/Reaper*4 ZMQbg/IO/0*4 
2026-09-27T04:53:18+04:00	ck8o-whole-256k	4	3636618	363	2	7884800	49152	uv*1 main2*1 
2026-09-27T04:53:18+04:00	ck8o-whole-256k	4	3636639	3636618	57	434270208	310587392	ft*51 ZMQbg/Reaper*3 ZMQbg/IO/0*3 
2026-09-27T04:53:18+04:00	ck8o-whole-256k	4	3636880	3636639	1	6811648	36864	python3*1 
2026-09-27T04:53:18+04:00	ck8o-whole-256k	4	3636881	3636639	45	22285291520	1616162816	python3*36 pt_gloo_runloop*2 ZMQbg/Reaper*2 ZMQbg/IO/0*2 pt_tcpstore_uv*1 cuda0000240000a*1 
2026-09-27T04:53:18+04:00	ck8o-whole-256k	4	3636882	3636639	57	310022144	188215296	python3*49 ZMQbg/Reaper*4 ZMQbg/IO/0*4 
2026-09-27T04:53:30+04:00	ck8o-whole-256k	4	3636618	363	2	7884800	49152	uv*1 main2*1 
2026-09-27T04:53:30+04:00	ck8o-whole-256k	4	3636639	3636618	57	434270208	310587392	ft*51 ZMQbg/Reaper*3 ZMQbg/IO/0*3 
2026-09-27T04:53:30+04:00	ck8o-whole-256k	4	3636880	3636639	1	6811648	36864	python3*1 
2026-09-27T04:53:30+04:00	ck8o-whole-256k	4	3636881	3636639	45	22285410304	1616277504	python3*36 pt_gloo_runloop*2 ZMQbg/Reaper*2 ZMQbg/IO/0*2 pt_tcpstore_uv*1 cuda0000240000a*1 
2026-09-27T04:53:30+04:00	ck8o-whole-256k	4	3636882	3636639	57	310022144	188215296	python3*49 ZMQbg/Reaper*4 ZMQbg/IO/0*4 
2026-09-27T04:53:41+04:00	ck8o-whole-256k	4	3636618	363	2	7884800	49152	uv*1 main2*1 
2026-09-27T04:53:41+04:00	ck8o-whole-256k	4	3636639	3636618	57	434270208	310587392	ft*51 ZMQbg/Reaper*3 ZMQbg/IO/0*3 
2026-09-27T04:53:41+04:00	ck8o-whole-256k	4	3636880	3636639	1	6811648	36864	python3*1 
2026-09-27T04:53:41+04:00	ck8o-whole-256k	4	3636881	3636639	45	22285516800	1616384000	python3*36 pt_gloo_runloop*2 ZMQbg/Reaper*2 ZMQbg/IO/0*2 pt_tcpstore_uv*1 cuda0000240000a*1 
2026-09-27T04:53:41+04:00	ck8o-whole-256k	4	3636882	3636639	57	310022144	188215296	python3*49 ZMQbg/Reaper*4 ZMQbg/IO/0*4 
2026-09-27T04:53:51+04:00	ck8o-whole-256k	4	3636618	363	2	7884800	49152	uv*1 main2*1 
2026-09-27T04:53:51+04:00	ck8o-whole-256k	4	3636639	3636618	57	436645888	312963072	ft*51 ZMQbg/Reaper*3 ZMQbg/IO/0*3 
2026-09-27T04:53:51+04:00	ck8o-whole-256k	4	3636880	3636639	1	6811648	36864	python3*1 
2026-09-27T04:53:51+04:00	ck8o-whole-256k	4	3636881	3636639	45	22288011264	1618644992	python3*36 pt_gloo_runloop*2 ZMQbg/Reaper*2 ZMQbg/IO/0*2 pt_tcpstore_uv*1 cuda0000240000a*1 
2026-09-27T04:53:51+04:00	ck8o-whole-256k	4	3636882	3636639	57	310022144	188215296	python3*49 ZMQbg/Reaper*4 ZMQbg/IO/0*4 
2026-09-27T04:54:01+04:00	ck8o-whole-256k	4	3636618	363	2	7884800	49152	uv*1 main2*1 
2026-09-27T04:54:01+04:00	ck8o-whole-256k	4	3636639	3636618	57	436645888	312963072	ft*51 ZMQbg/Reaper*3 ZMQbg/IO/0*3 
2026-09-27T04:54:01+04:00	ck8o-whole-256k	4	3636880	3636639	1	6811648	36864	python3*1 
2026-09-27T04:54:01+04:00	ck8o-whole-256k	4	3636881	3636639	45	22288023552	1618649088	python3*36 pt_gloo_runloop*2 ZMQbg/Reaper*2 ZMQbg/IO/0*2 pt_tcpstore_uv*1 cuda0000240000a*1 
2026-09-27T04:54:05+04:00	ck8o-whole-256k	4	3636882	3636639	57	310026240	188219392	python3*49 ZMQbg/Reaper*4 ZMQbg/IO/0*4 
2026-09-27T04:54:15+04:00	ck8o-whole-256k	4	3636618	363	2	7884800	49152	uv*1 main2*1 
2026-09-27T04:54:15+04:00	ck8o-whole-256k	4	3636639	3636618	57	436649984	312967168	ft*51 ZMQbg/Reaper*3 ZMQbg/IO/0*3 
2026-09-27T04:54:15+04:00	ck8o-whole-256k	4	3636880	3636639	1	6811648	36864	python3*1 
2026-09-27T04:54:15+04:00	ck8o-whole-256k	4	3636881	3636639	45	22288048128	1618673664	python3*36 pt_gloo_runloop*2 ZMQbg/Reaper*2 ZMQbg/IO/0*2 pt_tcpstore_uv*1 cuda0000240000a*1 
2026-09-27T04:54:15+04:00	ck8o-whole-256k	4	3636882	3636639	57	310042624	188235776	python3*49 ZMQbg/Reaper*4 ZMQbg/IO/0*4 
2026-09-27T04:54:25+04:00	ck8o-whole-256k	4	3636618	363	2	7884800	49152	uv*1 main2*1 
2026-09-27T04:54:25+04:00	ck8o-whole-256k	4	3636639	3636618	57	436658176	312975360	ft*51 ZMQbg/Reaper*3 ZMQbg/IO/0*3 
2026-09-27T04:54:25+04:00	ck8o-whole-256k	4	3636880	3636639	1	6811648	36864	python3*1 
2026-09-27T04:54:25+04:00	ck8o-whole-256k	4	3636881	3636639	45	22288101376	1618726912	python3*36 pt_gloo_runloop*2 ZMQbg/Reaper*2 ZMQbg/IO/0*2 pt_tcpstore_uv*1 cuda0000240000a*1 
2026-09-27T04:54:25+04:00	ck8o-whole-256k	4	3636882	3636639	57	310079488	188272640	python3*49 ZMQbg/Reaper*4 ZMQbg/IO/0*4 
2026-09-27T04:54:35+04:00	ck8o-whole-256k	4	3636618	363	2	7884800	49152	uv*1 main2*1 
2026-09-27T04:54:35+04:00	ck8o-whole-256k	4	3636639	3636618	57	436658176	312975360	ft*51 ZMQbg/Reaper*3 ZMQbg/IO/0*3 
2026-09-27T04:54:35+04:00	ck8o-whole-256k	4	3636880	3636639	1	6811648	36864	python3*1 
2026-09-27T04:54:35+04:00	ck8o-whole-256k	4	3636881	3636639	45	22288101376	1618726912	python3*36 pt_gloo_runloop*2 ZMQbg/Reaper*2 ZMQbg/IO/0*2 pt_tcpstore_uv*1 cuda0000240000a*1 
2026-09-27T04:54:35+04:00	ck8o-whole-256k	4	3636882	3636639	57	310079488	188272640	python3*49 ZMQbg/Reaper*4 ZMQbg/IO/0*4 
2026-09-27T04:54:49+04:00	ck8o-whole-256k	4	3636618	363	2	7884800	49152	uv*1 main2*1 
2026-09-27T04:54:49+04:00	ck8o-whole-256k	4	3636639	3636618	57	468094976	344412160	ft*51 ZMQbg/Reaper*3 ZMQbg/IO/0*3 
2026-09-27T04:54:49+04:00	ck8o-whole-256k	4	3636880	3636639	1	6811648	36864	python3*1 
2026-09-27T04:54:49+04:00	ck8o-whole-256k	4	3636881	3636639	45	22288179200	1618743296	python3*36 pt_gloo_runloop*2 ZMQbg/Reaper*2 ZMQbg/IO/0*2 pt_tcpstore_uv*1 cuda0000240000a*1 
2026-09-27T04:54:49+04:00	ck8o-whole-256k	4	3636882	3636639	57	290263040	168456192	python3*49 ZMQbg/Reaper*4 ZMQbg/IO/0*4 
2026-09-27T04:54:59+04:00	ck8o-whole-256k	4	3636618	363	2	7884800	49152	uv*1 main2*1 
2026-09-27T04:54:59+04:00	ck8o-whole-256k	4	3636639	3636618	57	468094976	344412160	ft*51 ZMQbg/Reaper*3 ZMQbg/IO/0*3 
2026-09-27T04:54:59+04:00	ck8o-whole-256k	4	3636880	3636639	1	6811648	36864	python3*1 
2026-09-27T04:54:59+04:00	ck8o-whole-256k	4	3636881	3636639	45	22288179200	1618743296	python3*36 pt_gloo_runloop*2 ZMQbg/Reaper*2 ZMQbg/IO/0*2 pt_tcpstore_uv*1 cuda0000240000a*1 
2026-09-27T04:54:59+04:00	ck8o-whole-256k	4	3636882	3636639	57	290263040	168456192	python3*49 ZMQbg/Reaper*4 ZMQbg/IO/0*4 
2026-09-27T04:55:09+04:00	ck8o-whole-256k	4	3636618	363	2	7884800	49152	uv*1 main2*1 
2026-09-27T04:55:09+04:00	ck8o-whole-256k	4	3636639	3636618	57	468094976	344412160	ft*51 ZMQbg/Reaper*3 ZMQbg/IO/0*3 
2026-09-27T04:55:09+04:00	ck8o-whole-256k	4	3636880	3636639	1	6811648	36864	python3*1 
2026-09-27T04:55:09+04:00	ck8o-whole-256k	4	3636881	3636639	45	22288179200	1618743296	python3*36 pt_gloo_runloop*2 ZMQbg/Reaper*2 ZMQbg/IO/0*2 pt_tcpstore_uv*1 cuda0000240000a*1 
2026-09-27T04:55:09+04:00	ck8o-whole-256k	4	3636882	3636639	57	290263040	168456192	python3*49 ZMQbg/Reaper*4 ZMQbg/IO/0*4 
2026-09-27T04:55:23+04:00	ck8o-whole-256k	4	3636618	363	2	7884800	49152	uv*1 main2*1 
2026-09-27T04:55:23+04:00	ck8o-whole-256k	4	3636639	3636618	57	468094976	344412160	ft*51 ZMQbg/Reaper*3 ZMQbg/IO/0*3 
2026-09-27T04:55:23+04:00	ck8o-whole-256k	4	3636880	3636639	1	6811648	36864	python3*1 
2026-09-27T04:55:23+04:00	ck8o-whole-256k	4	3636881	3636639	45	22288187392	1618751488	python3*36 pt_gloo_runloop*2 ZMQbg/Reaper*2 ZMQbg/IO/0*2 pt_tcpstore_uv*1 cuda0000240000a*1 
2026-09-27T04:55:23+04:00	ck8o-whole-256k	4	3636882	3636639	57	290263040	168456192	python3*49 ZMQbg/Reaper*4 ZMQbg/IO/0*4 
2026-09-27T04:55:33+04:00	ck8o-whole-256k	4	3636618	363	2	7884800	49152	uv*1 main2*1 
2026-09-27T04:55:33+04:00	ck8o-whole-256k	4	3636639	3636618	57	468094976	344412160	ft*51 ZMQbg/Reaper*3 ZMQbg/IO/0*3 
2026-09-27T04:55:33+04:00	ck8o-whole-256k	4	3636880	3636639	1	6811648	36864	python3*1 
2026-09-27T04:55:33+04:00	ck8o-whole-256k	4	3636881	3636639	45	22288187392	1618751488	python3*36 pt_gloo_runloop*2 ZMQbg/Reaper*2 ZMQbg/IO/0*2 pt_tcpstore_uv*1 cuda0000240000a*1 
2026-09-27T04:55:33+04:00	ck8o-whole-256k	4	3636882	3636639	57	290263040	168456192	python3*49 ZMQbg/Reaper*4 ZMQbg/IO/0*4 
2026-09-27T04:56:30+04:00	ck8o-mirror-256k	0	3761872	363	3	27951104	6049792	uv*1 tokio-rt-worker*1 main2*1 
2026-09-27T04:56:30+04:00	ck8o-mirror-256k	0	3761907	3761872	22	696037376	422617088	ft*18 ZMQbg/Reaper*2 ZMQbg/IO/0*2 
2026-09-27T04:56:30+04:00	ck8o-mirror-256k	0	3762020	3761907	1	12791808	5943296	python3*1 
2026-09-27T04:56:30+04:00	ck8o-mirror-256k	0	3762021	3761907	16	524148736	305770496	python3*16 
2026-09-27T04:56:30+04:00	ck8o-mirror-256k	0	3762022	3761907	16	524214272	305926144	python3*16 
2026-09-27T04:56:40+04:00	ck8o-mirror-256k	0	3761872	363	2	28082176	6049792	uv*1 main2*1 
2026-09-27T04:56:40+04:00	ck8o-mirror-256k	0	3761907	3761872	22	696303616	422793216	ft*18 ZMQbg/Reaper*2 ZMQbg/IO/0*2 
2026-09-27T04:56:40+04:00	ck8o-mirror-256k	0	3762020	3761907	1	12791808	5943296	python3*1 
2026-09-27T04:56:40+04:00	ck8o-mirror-256k	0	3762021	3761907	40	17462145024	15348174848	python3*35 pt_gloo_runloop*2 pt_tcpstore_uv*1 cuda0000240000a*1 cuda-EvtHandlr*1 
2026-09-27T04:56:40+04:00	ck8o-mirror-256k	0	3762022	3761907	23	877858816	607354880	python3*17 ZMQbg/Reaper*3 ZMQbg/IO/0*3 
2026-09-27T04:56:50+04:00	ck8o-mirror-256k	0	3761872	363	2	28082176	6049792	uv*1 main2*1 
2026-09-27T04:56:50+04:00	ck8o-mirror-256k	0	3761907	3761872	22	696315904	422805504	ft*18 ZMQbg/Reaper*2 ZMQbg/IO/0*2 
2026-09-27T04:56:50+04:00	ck8o-mirror-256k	0	3762020	3761907	1	12791808	5943296	python3*1 
2026-09-27T04:56:50+04:00	ck8o-mirror-256k	0	3762021	3761907	41	17552433152	15434715136	python3*36 pt_gloo_runloop*2 pt_tcpstore_uv*1 cuda0000240000a*1 cuda-EvtHandlr*1 
2026-09-27T04:56:50+04:00	ck8o-mirror-256k	0	3762022	3761907	23	877858816	607354880	python3*17 ZMQbg/Reaper*3 ZMQbg/IO/0*3 
2026-09-27T04:57:03+04:00	ck8o-mirror-256k	0	3761872	363	2	28082176	6049792	uv*1 main2*1 
2026-09-27T04:57:03+04:00	ck8o-mirror-256k	0	3761907	3761872	22	696324096	422813696	ft*18 ZMQbg/Reaper*2 ZMQbg/IO/0*2 
2026-09-27T04:57:03+04:00	ck8o-mirror-256k	0	3762020	3761907	1	12791808	5943296	python3*1 
2026-09-27T04:57:03+04:00	ck8o-mirror-256k	0	3762021	3761907	41	16330391552	15751589888	python3*36 pt_gloo_runloop*2 pt_tcpstore_uv*1 cuda0000240000a*1 cuda-EvtHandlr*1 
2026-09-27T04:57:03+04:00	ck8o-mirror-256k	0	3762022	3761907	23	877858816	607354880	python3*17 ZMQbg/Reaper*3 ZMQbg/IO/0*3 
2026-09-27T04:57:14+04:00	ck8o-mirror-256k	0	3761872	363	2	28082176	6049792	uv*1 main2*1 
2026-09-27T04:57:14+04:00	ck8o-mirror-256k	0	3761907	3761872	22	696324096	422813696	ft*18 ZMQbg/Reaper*2 ZMQbg/IO/0*2 
2026-09-27T04:57:14+04:00	ck8o-mirror-256k	0	3762020	3761907	1	12791808	5943296	python3*1 
2026-09-27T04:57:14+04:00	ck8o-mirror-256k	0	3762021	3761907	41	16330420224	15751618560	python3*36 pt_gloo_runloop*2 pt_tcpstore_uv*1 cuda0000240000a*1 cuda-EvtHandlr*1 
2026-09-27T04:57:14+04:00	ck8o-mirror-256k	0	3762022	3761907	23	877858816	607354880	python3*17 ZMQbg/Reaper*3 ZMQbg/IO/0*3 
2026-09-27T04:57:24+04:00	ck8o-mirror-256k	0	3761872	363	2	28082176	6049792	uv*1 main2*1 
2026-09-27T04:57:24+04:00	ck8o-mirror-256k	0	3761907	3761872	22	696324096	422813696	ft*18 ZMQbg/Reaper*2 ZMQbg/IO/0*2 
2026-09-27T04:57:24+04:00	ck8o-mirror-256k	0	3762020	3761907	1	12791808	5943296	python3*1 
2026-09-27T04:57:24+04:00	ck8o-mirror-256k	0	3762021	3761907	41	16846979072	16251822080	python3*36 pt_gloo_runloop*2 pt_tcpstore_uv*1 cuda0000240000a*1 cuda-EvtHandlr*1 
2026-09-27T04:57:24+04:00	ck8o-mirror-256k	0	3762022	3761907	23	877858816	607354880	python3*17 ZMQbg/Reaper*3 ZMQbg/IO/0*3 
2026-09-27T04:57:37+04:00	ck8o-mirror-256k	0	3761872	363	2	28082176	6049792	uv*1 main2*1 
2026-09-27T04:57:37+04:00	ck8o-mirror-256k	0	3761907	3761872	39	901537792	621969408	ft*35 ZMQbg/Reaper*2 ZMQbg/IO/0*2 
2026-09-27T04:57:37+04:00	ck8o-mirror-256k	0	3762020	3761907	1	12791808	5943296	python3*1 
2026-09-27T04:57:37+04:00	ck8o-mirror-256k	0	3762021	3761907	45	17056153600	16454512640	python3*36 pt_gloo_runloop*2 ZMQbg/Reaper*2 ZMQbg/IO/0*2 pt_tcpstore_uv*1 cuda0000240000a*1 
2026-09-27T04:57:38+04:00	ck8o-mirror-256k	0	3762022	3761907	39	881934336	608161792	python3*33 ZMQbg/Reaper*3 ZMQbg/IO/0*3 
2026-09-27T04:57:48+04:00	ck8o-mirror-256k	0	3761872	363	2	28082176	6049792	uv*1 main2*1 
2026-09-27T04:57:48+04:00	ck8o-mirror-256k	0	3761907	3761872	39	901750784	622182400	ft*35 ZMQbg/Reaper*2 ZMQbg/IO/0*2 
2026-09-27T04:57:48+04:00	ck8o-mirror-256k	0	3762020	3761907	1	12791808	5943296	python3*1 
2026-09-27T04:57:48+04:00	ck8o-mirror-256k	0	3762021	3761907	45	17057427456	16454606848	python3*36 pt_gloo_runloop*2 ZMQbg/Reaper*2 ZMQbg/IO/0*2 pt_tcpstore_uv*1 cuda0000240000a*1 
2026-09-27T04:57:48+04:00	ck8o-mirror-256k	0	3762022	3761907	39	881938432	608165888	python3*33 ZMQbg/Reaper*3 ZMQbg/IO/0*3 
2026-09-27T04:57:58+04:00	ck8o-mirror-256k	0	3761872	363	2	28082176	6049792	uv*1 main2*1 
2026-09-27T04:57:58+04:00	ck8o-mirror-256k	0	3761907	3761872	39	901750784	622182400	ft*35 ZMQbg/Reaper*2 ZMQbg/IO/0*2 
2026-09-27T04:57:58+04:00	ck8o-mirror-256k	0	3762020	3761907	1	12791808	5943296	python3*1 
2026-09-27T04:57:58+04:00	ck8o-mirror-256k	0	3762021	3761907	45	17057427456	16454606848	python3*36 pt_gloo_runloop*2 ZMQbg/Reaper*2 ZMQbg/IO/0*2 pt_tcpstore_uv*1 cuda0000240000a*1 
2026-09-27T04:57:58+04:00	ck8o-mirror-256k	0	3762022	3761907	39	881938432	608165888	python3*33 ZMQbg/Reaper*3 ZMQbg/IO/0*3 
2026-09-27T04:58:08+04:00	ck8o-mirror-256k	1	3761872	363	2	28082176	6049792	uv*1 main2*1 
2026-09-27T04:58:08+04:00	ck8o-mirror-256k	1	3761907	3761872	57	976400384	696832000	ft*51 ZMQbg/Reaper*3 ZMQbg/IO/0*3 
2026-09-27T04:58:08+04:00	ck8o-mirror-256k	1	3762020	3761907	1	12791808	5943296	python3*1 
2026-09-27T04:58:08+04:00	ck8o-mirror-256k	1	3762021	3761907	45	17058451456	16455630848	python3*36 pt_gloo_runloop*2 ZMQbg/Reaper*2 ZMQbg/IO/0*2 pt_tcpstore_uv*1 cuda0000240000a*1 
2026-09-27T04:58:09+04:00	ck8o-mirror-256k	1	3762022	3761907	57	943927296	670154752	python3*49 ZMQbg/Reaper*4 ZMQbg/IO/0*4 
2026-09-27T04:58:21+04:00	ck8o-mirror-256k	1	3761872	363	2	28082176	6049792	uv*1 main2*1 
2026-09-27T04:58:21+04:00	ck8o-mirror-256k	1	3761907	3761872	57	976400384	696832000	ft*51 ZMQbg/Reaper*3 ZMQbg/IO/0*3 
2026-09-27T04:58:21+04:00	ck8o-mirror-256k	1	3762020	3761907	1	12791808	5943296	python3*1 
2026-09-27T04:58:21+04:00	ck8o-mirror-256k	1	3762021	3761907	45	17058451456	16455630848	python3*36 pt_gloo_runloop*2 ZMQbg/Reaper*2 ZMQbg/IO/0*2 pt_tcpstore_uv*1 cuda0000240000a*1 
2026-09-27T04:58:21+04:00	ck8o-mirror-256k	1	3762022	3761907	57	943927296	670154752	python3*49 ZMQbg/Reaper*4 ZMQbg/IO/0*4 
2026-09-27T04:58:31+04:00	ck8o-mirror-256k	1	3761872	363	2	28082176	6049792	uv*1 main2*1 
2026-09-27T04:58:31+04:00	ck8o-mirror-256k	1	3761907	3761872	57	976400384	696832000	ft*51 ZMQbg/Reaper*3 ZMQbg/IO/0*3 
2026-09-27T04:58:31+04:00	ck8o-mirror-256k	1	3762020	3761907	1	12791808	5943296	python3*1 
2026-09-27T04:58:31+04:00	ck8o-mirror-256k	1	3762021	3761907	45	17058451456	16455630848	python3*36 pt_gloo_runloop*2 ZMQbg/Reaper*2 ZMQbg/IO/0*2 pt_tcpstore_uv*1 cuda0000240000a*1 
2026-09-27T04:58:31+04:00	ck8o-mirror-256k	1	3762022	3761907	57	943927296	670154752	python3*49 ZMQbg/Reaper*4 ZMQbg/IO/0*4 
2026-09-27T04:58:41+04:00	ck8o-mirror-256k	1	3761872	363	2	28082176	6049792	uv*1 main2*1 
2026-09-27T04:58:41+04:00	ck8o-mirror-256k	1	3761907	3761872	57	976400384	696832000	ft*51 ZMQbg/Reaper*3 ZMQbg/IO/0*3 
2026-09-27T04:58:41+04:00	ck8o-mirror-256k	1	3762020	3761907	1	12791808	5943296	python3*1 
2026-09-27T04:58:41+04:00	ck8o-mirror-256k	1	3762021	3761907	45	17058451456	16455630848	python3*36 pt_gloo_runloop*2 ZMQbg/Reaper*2 ZMQbg/IO/0*2 pt_tcpstore_uv*1 cuda0000240000a*1 
2026-09-27T04:58:42+04:00	ck8o-mirror-256k	1	3762022	3761907	57	943927296	670154752	python3*49 ZMQbg/Reaper*4 ZMQbg/IO/0*4 
2026-09-27T04:58:55+04:00	ck8o-mirror-256k	1	3761872	363	2	28082176	6049792	uv*1 main2*1 
2026-09-27T04:58:55+04:00	ck8o-mirror-256k	1	3761907	3761872	57	976400384	696832000	ft*51 ZMQbg/Reaper*3 ZMQbg/IO/0*3 
2026-09-27T04:58:55+04:00	ck8o-mirror-256k	1	3762020	3761907	1	12791808	5943296	python3*1 
2026-09-27T04:58:55+04:00	ck8o-mirror-256k	1	3762021	3761907	45	17058451456	16455630848	python3*36 pt_gloo_runloop*2 ZMQbg/Reaper*2 ZMQbg/IO/0*2 pt_tcpstore_uv*1 cuda0000240000a*1 
2026-09-27T04:58:55+04:00	ck8o-mirror-256k	1	3762022	3761907	57	943927296	670154752	python3*49 ZMQbg/Reaper*4 ZMQbg/IO/0*4 
2026-09-27T04:59:05+04:00	ck8o-mirror-256k	1	3761872	363	2	28082176	6049792	uv*1 main2*1 
2026-09-27T04:59:05+04:00	ck8o-mirror-256k	1	3761907	3761872	57	976400384	696832000	ft*51 ZMQbg/Reaper*3 ZMQbg/IO/0*3 
2026-09-27T04:59:05+04:00	ck8o-mirror-256k	1	3762020	3761907	1	12791808	5943296	python3*1 
2026-09-27T04:59:05+04:00	ck8o-mirror-256k	1	3762021	3761907	45	17058451456	16455630848	python3*36 pt_gloo_runloop*2 ZMQbg/Reaper*2 ZMQbg/IO/0*2 pt_tcpstore_uv*1 cuda0000240000a*1 
2026-09-27T04:59:05+04:00	ck8o-mirror-256k	1	3762022	3761907	57	943927296	670154752	python3*49 ZMQbg/Reaper*4 ZMQbg/IO/0*4 
2026-09-27T04:59:15+04:00	ck8o-mirror-256k	1	3761872	363	2	28082176	6049792	uv*1 main2*1 
2026-09-27T04:59:15+04:00	ck8o-mirror-256k	1	3761907	3761872	57	976400384	696832000	ft*51 ZMQbg/Reaper*3 ZMQbg/IO/0*3 
2026-09-27T04:59:15+04:00	ck8o-mirror-256k	1	3762020	3761907	1	12791808	5943296	python3*1 
2026-09-27T04:59:15+04:00	ck8o-mirror-256k	1	3762021	3761907	45	17058451456	16455630848	python3*36 pt_gloo_runloop*2 ZMQbg/Reaper*2 ZMQbg/IO/0*2 pt_tcpstore_uv*1 cuda0000240000a*1 
2026-09-27T04:59:15+04:00	ck8o-mirror-256k	1	3762022	3761907	57	943927296	670154752	python3*49 ZMQbg/Reaper*4 ZMQbg/IO/0*4 
2026-09-27T04:59:28+04:00	ck8o-mirror-256k	3	3761872	363	2	28082176	6049792	uv*1 main2*1 
2026-09-27T04:59:28+04:00	ck8o-mirror-256k	3	3761907	3761872	57	977231872	697663488	ft*51 ZMQbg/Reaper*3 ZMQbg/IO/0*3 
2026-09-27T04:59:28+04:00	ck8o-mirror-256k	3	3762020	3761907	1	12791808	5943296	python3*1 
2026-09-27T04:59:28+04:00	ck8o-mirror-256k	3	3762021	3761907	45	17120317440	16516489216	python3*36 pt_gloo_runloop*2 ZMQbg/Reaper*2 ZMQbg/IO/0*2 pt_tcpstore_uv*1 cuda0000240000a*1 
2026-09-27T04:59:28+04:00	ck8o-mirror-256k	3	3762022	3761907	57	983089152	709316608	python3*49 ZMQbg/Reaper*4 ZMQbg/IO/0*4 
2026-09-27T04:59:39+04:00	ck8o-mirror-256k	3	3761872	363	2	28082176	6049792	uv*1 main2*1 
2026-09-27T04:59:39+04:00	ck8o-mirror-256k	3	3761907	3761872	57	977231872	697663488	ft*51 ZMQbg/Reaper*3 ZMQbg/IO/0*3 
2026-09-27T04:59:39+04:00	ck8o-mirror-256k	3	3762020	3761907	1	12791808	5943296	python3*1 
2026-09-27T04:59:39+04:00	ck8o-mirror-256k	3	3762021	3761907	45	17117937664	16516489216	python3*36 pt_gloo_runloop*2 ZMQbg/Reaper*2 ZMQbg/IO/0*2 pt_tcpstore_uv*1 cuda0000240000a*1 
2026-09-27T04:59:39+04:00	ck8o-mirror-256k	3	3762022	3761907	57	983089152	709316608	python3*49 ZMQbg/Reaper*4 ZMQbg/IO/0*4 
2026-09-27T04:59:49+04:00	ck8o-mirror-256k	3	3761872	363	2	28082176	6049792	uv*1 main2*1 
2026-09-27T04:59:49+04:00	ck8o-mirror-256k	3	3761907	3761872	57	977231872	697663488	ft*51 ZMQbg/Reaper*3 ZMQbg/IO/0*3 
2026-09-27T04:59:49+04:00	ck8o-mirror-256k	3	3762020	3761907	1	12791808	5943296	python3*1 
2026-09-27T04:59:49+04:00	ck8o-mirror-256k	3	3762021	3761907	45	17117937664	16516489216	python3*36 pt_gloo_runloop*2 ZMQbg/Reaper*2 ZMQbg/IO/0*2 pt_tcpstore_uv*1 cuda0000240000a*1 
2026-09-27T04:59:49+04:00	ck8o-mirror-256k	3	3762022	3761907	57	983089152	709316608	python3*49 ZMQbg/Reaper*4 ZMQbg/IO/0*4 
2026-09-27T05:00:02+04:00	ck8o-mirror-256k	3	3761872	363	2	28082176	6049792	uv*1 main2*1 
2026-09-27T05:00:02+04:00	ck8o-mirror-256k	3	3761907	3761872	57	977231872	697663488	ft*51 ZMQbg/Reaper*3 ZMQbg/IO/0*3 
2026-09-27T05:00:02+04:00	ck8o-mirror-256k	3	3762020	3761907	1	12791808	5943296	python3*1 
2026-09-27T05:00:02+04:00	ck8o-mirror-256k	3	3762021	3761907	45	17117937664	16516489216	python3*36 pt_gloo_runloop*2 ZMQbg/Reaper*2 ZMQbg/IO/0*2 pt_tcpstore_uv*1 cuda0000240000a*1 
2026-09-27T05:00:02+04:00	ck8o-mirror-256k	3	3762022	3761907	57	983089152	709316608	python3*49 ZMQbg/Reaper*4 ZMQbg/IO/0*4 
2026-09-27T05:00:12+04:00	ck8o-mirror-256k	3	3761872	363	2	28082176	6049792	uv*1 main2*1 
2026-09-27T05:00:12+04:00	ck8o-mirror-256k	3	3761907	3761872	57	977231872	697663488	ft*51 ZMQbg/Reaper*3 ZMQbg/IO/0*3 
2026-09-27T05:00:12+04:00	ck8o-mirror-256k	3	3762020	3761907	1	12791808	5943296	python3*1 
2026-09-27T05:00:12+04:00	ck8o-mirror-256k	3	3762021	3761907	45	17117937664	16516489216	python3*36 pt_gloo_runloop*2 ZMQbg/Reaper*2 ZMQbg/IO/0*2 pt_tcpstore_uv*1 cuda0000240000a*1 
2026-09-27T05:00:12+04:00	ck8o-mirror-256k	3	3762022	3761907	57	983089152	709316608	python3*49 ZMQbg/Reaper*4 ZMQbg/IO/0*4 
2026-09-27T05:00:22+04:00	ck8o-mirror-256k	3	3761872	363	2	28082176	6049792	uv*1 main2*1 
2026-09-27T05:00:22+04:00	ck8o-mirror-256k	3	3761907	3761872	57	977231872	697663488	ft*51 ZMQbg/Reaper*3 ZMQbg/IO/0*3 
2026-09-27T05:00:22+04:00	ck8o-mirror-256k	3	3762020	3761907	1	12791808	5943296	python3*1 
2026-09-27T05:00:22+04:00	ck8o-mirror-256k	3	3762021	3761907	45	17117937664	16516489216	python3*36 pt_gloo_runloop*2 ZMQbg/Reaper*2 ZMQbg/IO/0*2 pt_tcpstore_uv*1 cuda0000240000a*1 
2026-09-27T05:00:23+04:00	ck8o-mirror-256k	3	3762022	3761907	57	983089152	709316608	python3*49 ZMQbg/Reaper*4 ZMQbg/IO/0*4 
2026-09-27T05:00:36+04:00	ck8o-mirror-256k	3	3761872	363	2	28082176	6049792	uv*1 main2*1 
2026-09-27T05:00:36+04:00	ck8o-mirror-256k	3	3761907	3761872	57	977231872	697663488	ft*51 ZMQbg/Reaper*3 ZMQbg/IO/0*3 
2026-09-27T05:00:36+04:00	ck8o-mirror-256k	3	3762020	3761907	1	12791808	5943296	python3*1 
2026-09-27T05:00:36+04:00	ck8o-mirror-256k	3	3762021	3761907	45	17117937664	16516489216	python3*36 pt_gloo_runloop*2 ZMQbg/Reaper*2 ZMQbg/IO/0*2 pt_tcpstore_uv*1 cuda0000240000a*1 
2026-09-27T05:00:36+04:00	ck8o-mirror-256k	3	3762022	3761907	57	983089152	709316608	python3*49 ZMQbg/Reaper*4 ZMQbg/IO/0*4 
2026-09-27T05:00:46+04:00	ck8o-mirror-256k	4	3761872	363	2	28082176	6049792	uv*1 main2*1 
2026-09-27T05:00:46+04:00	ck8o-mirror-256k	4	3761907	3761872	57	977502208	697933824	ft*51 ZMQbg/Reaper*3 ZMQbg/IO/0*3 
2026-09-27T05:00:46+04:00	ck8o-mirror-256k	4	3762020	3761907	1	12791808	5943296	python3*1 
2026-09-27T05:00:46+04:00	ck8o-mirror-256k	4	3762021	3761907	45	17126326272	16524877824	python3*36 pt_gloo_runloop*2 ZMQbg/Reaper*2 ZMQbg/IO/0*2 pt_tcpstore_uv*1 cuda0000240000a*1 
2026-09-27T05:00:46+04:00	ck8o-mirror-256k	4	3762022	3761907	57	983093248	709320704	python3*49 ZMQbg/Reaper*4 ZMQbg/IO/0*4 
2026-09-27T05:00:56+04:00	ck8o-mirror-256k	4	3761872	363	2	28082176	6049792	uv*1 main2*1 
2026-09-27T05:00:56+04:00	ck8o-mirror-256k	4	3761907	3761872	57	977588224	698019840	ft*51 ZMQbg/Reaper*3 ZMQbg/IO/0*3 
2026-09-27T05:00:56+04:00	ck8o-mirror-256k	4	3762020	3761907	1	12791808	5943296	python3*1 
2026-09-27T05:00:56+04:00	ck8o-mirror-256k	4	3762021	3761907	45	17126940672	16524877824	python3*36 pt_gloo_runloop*2 ZMQbg/Reaper*2 ZMQbg/IO/0*2 pt_tcpstore_uv*1 cuda0000240000a*1 
2026-09-27T05:00:56+04:00	ck8o-mirror-256k	4	3762022	3761907	57	983093248	709320704	python3*49 ZMQbg/Reaper*4 ZMQbg/IO/0*4 
2026-09-27T05:01:09+04:00	ck8o-mirror-256k	4	3761872	363	2	28082176	6049792	uv*1 main2*1 
2026-09-27T05:01:09+04:00	ck8o-mirror-256k	4	3761907	3761872	57	977588224	698019840	ft*51 ZMQbg/Reaper*3 ZMQbg/IO/0*3 
2026-09-27T05:01:09+04:00	ck8o-mirror-256k	4	3762020	3761907	1	12791808	5943296	python3*1 
2026-09-27T05:01:09+04:00	ck8o-mirror-256k	4	3762021	3761907	45	17126940672	16524877824	python3*36 pt_gloo_runloop*2 ZMQbg/Reaper*2 ZMQbg/IO/0*2 pt_tcpstore_uv*1 cuda0000240000a*1 
2026-09-27T05:01:10+04:00	ck8o-mirror-256k	4	3762022	3761907	57	983093248	709320704	python3*49 ZMQbg/Reaper*4 ZMQbg/IO/0*4 
2026-09-27T05:01:20+04:00	ck8o-mirror-256k	4	3761872	363	2	28082176	6049792	uv*1 main2*1 
2026-09-27T05:01:20+04:00	ck8o-mirror-256k	4	3761907	3761872	57	977588224	698019840	ft*51 ZMQbg/Reaper*3 ZMQbg/IO/0*3 
2026-09-27T05:01:20+04:00	ck8o-mirror-256k	4	3762020	3761907	1	12791808	5943296	python3*1 
2026-09-27T05:01:20+04:00	ck8o-mirror-256k	4	3762021	3761907	45	17126940672	16524877824	python3*36 pt_gloo_runloop*2 ZMQbg/Reaper*2 ZMQbg/IO/0*2 pt_tcpstore_uv*1 cuda0000240000a*1 
2026-09-27T05:01:20+04:00	ck8o-mirror-256k	4	3762022	3761907	57	983093248	709320704	python3*49 ZMQbg/Reaper*4 ZMQbg/IO/0*4 
2026-09-27T05:01:30+04:00	ck8o-mirror-256k	4	3761872	363	2	28082176	6049792	uv*1 main2*1 
2026-09-27T05:01:30+04:00	ck8o-mirror-256k	4	3761907	3761872	57	977588224	698019840	ft*51 ZMQbg/Reaper*3 ZMQbg/IO/0*3 
2026-09-27T05:01:30+04:00	ck8o-mirror-256k	4	3762020	3761907	1	12791808	5943296	python3*1 
2026-09-27T05:01:30+04:00	ck8o-mirror-256k	4	3762021	3761907	45	17126940672	16524877824	python3*36 pt_gloo_runloop*2 ZMQbg/Reaper*2 ZMQbg/IO/0*2 pt_tcpstore_uv*1 cuda0000240000a*1 
2026-09-27T05:01:30+04:00	ck8o-mirror-256k	4	3762022	3761907	57	983093248	709320704	python3*49 ZMQbg/Reaper*4 ZMQbg/IO/0*4 
2026-09-27T05:01:43+04:00	ck8o-mirror-256k	4	3761872	363	2	28082176	6049792	uv*1 main2*1 
2026-09-27T05:01:43+04:00	ck8o-mirror-256k	4	3761907	3761872	57	977588224	698019840	ft*51 ZMQbg/Reaper*3 ZMQbg/IO/0*3 
2026-09-27T05:01:43+04:00	ck8o-mirror-256k	4	3762020	3761907	1	12791808	5943296	python3*1 
2026-09-27T05:01:43+04:00	ck8o-mirror-256k	4	3762021	3761907	45	17126940672	16524877824	python3*36 pt_gloo_runloop*2 ZMQbg/Reaper*2 ZMQbg/IO/0*2 pt_tcpstore_uv*1 cuda0000240000a*1 
2026-09-27T05:01:43+04:00	ck8o-mirror-256k	4	3762022	3761907	57	983093248	709320704	python3*49 ZMQbg/Reaper*4 ZMQbg/IO/0*4 
2026-09-27T05:01:53+04:00	ck8o-mirror-256k	4	3761872	363	2	28082176	6049792	uv*1 main2*1 
2026-09-27T05:01:53+04:00	ck8o-mirror-256k	4	3761907	3761872	57	977588224	698019840	ft*51 ZMQbg/Reaper*3 ZMQbg/IO/0*3 
2026-09-27T05:01:54+04:00	ck8o-mirror-256k	4	3762020	3761907	1	12791808	5943296	python3*1 
2026-09-27T05:01:54+04:00	ck8o-mirror-256k	4	3762021	3761907	45	17126940672	16524877824	python3*36 pt_gloo_runloop*2 ZMQbg/Reaper*2 ZMQbg/IO/0*2 pt_tcpstore_uv*1 cuda0000240000a*1 
2026-09-27T05:01:54+04:00	ck8o-mirror-256k	4	3762022	3761907	57	983093248	709320704	python3*49 ZMQbg/Reaper*4 ZMQbg/IO/0*4 
2026-09-27T05:02:04+04:00	ck8o-mirror-256k	4	3761872	363	2	28082176	6049792	uv*1 main2*1 
2026-09-27T05:02:04+04:00	ck8o-mirror-256k	4	3761907	3761872	57	977588224	698019840	ft*51 ZMQbg/Reaper*3 ZMQbg/IO/0*3 
2026-09-27T05:02:04+04:00	ck8o-mirror-256k	4	3762020	3761907	1	12791808	5943296	python3*1 
2026-09-27T05:02:04+04:00	ck8o-mirror-256k	4	3762021	3761907	45	17126940672	16524877824	python3*36 pt_gloo_runloop*2 ZMQbg/Reaper*2 ZMQbg/IO/0*2 pt_tcpstore_uv*1 cuda0000240000a*1 
2026-09-27T05:02:04+04:00	ck8o-mirror-256k	4	3762022	3761907	57	983093248	709320704	python3*49 ZMQbg/Reaper*4 ZMQbg/IO/0*4 
2026-09-27T05:02:14+04:00	ck8o-mirror-256k	4	3761872	363	2	28082176	6049792	uv*1 main2*1 
2026-09-27T05:02:14+04:00	ck8o-mirror-256k	4	3761907	3761872	57	977588224	698019840	ft*51 ZMQbg/Reaper*3 ZMQbg/IO/0*3 
2026-09-27T05:02:14+04:00	ck8o-mirror-256k	4	3762020	3761907	1	12791808	5943296	python3*1 
2026-09-27T05:02:14+04:00	ck8o-mirror-256k	4	3762021	3761907	45	17126940672	16524877824	python3*36 pt_gloo_runloop*2 ZMQbg/Reaper*2 ZMQbg/IO/0*2 pt_tcpstore_uv*1 cuda0000240000a*1 
2026-09-27T05:02:14+04:00	ck8o-mirror-256k	4	3762022	3761907	57	983093248	709320704	python3*49 ZMQbg/Reaper*4 ZMQbg/IO/0*4 
2026-09-27T05:02:27+04:00	ck8o-mirror-256k	4	3761872	363	2	28082176	6049792	uv*1 main2*1 
2026-09-27T05:02:27+04:00	ck8o-mirror-256k	4	3761907	3761872	57	977588224	698019840	ft*51 ZMQbg/Reaper*3 ZMQbg/IO/0*3 
2026-09-27T05:02:27+04:00	ck8o-mirror-256k	4	3762020	3761907	1	12791808	5943296	python3*1 
2026-09-27T05:02:27+04:00	ck8o-mirror-256k	4	3762021	3761907	45	17126940672	16524877824	python3*36 pt_gloo_runloop*2 ZMQbg/Reaper*2 ZMQbg/IO/0*2 pt_tcpstore_uv*1 cuda0000240000a*1 
2026-09-27T05:02:27+04:00	ck8o-mirror-256k	4	3762022	3761907	57	983093248	709320704	python3*49 ZMQbg/Reaper*4 ZMQbg/IO/0*4 
2026-09-27T05:02:37+04:00	ck8o-mirror-256k	4	3761872	363	2	28082176	6049792	uv*1 main2*1 
2026-09-27T05:02:37+04:00	ck8o-mirror-256k	4	3761907	3761872	57	977588224	698019840	ft*51 ZMQbg/Reaper*3 ZMQbg/IO/0*3 
2026-09-27T05:02:37+04:00	ck8o-mirror-256k	4	3762020	3761907	1	12791808	5943296	python3*1 
2026-09-27T05:02:38+04:00	ck8o-mirror-256k	4	3762021	3761907	45	17126940672	16524877824	python3*36 pt_gloo_runloop*2 ZMQbg/Reaper*2 ZMQbg/IO/0*2 pt_tcpstore_uv*1 cuda0000240000a*1 
2026-09-27T05:02:38+04:00	ck8o-mirror-256k	4	3762022	3761907	57	983093248	709320704	python3*49 ZMQbg/Reaper*4 ZMQbg/IO/0*4 
2026-09-27T05:02:48+04:00	ck8o-mirror-256k	4	3761872	363	2	28082176	6049792	uv*1 main2*1 
2026-09-27T05:02:48+04:00	ck8o-mirror-256k	4	3761907	3761872	57	977588224	698019840	ft*51 ZMQbg/Reaper*3 ZMQbg/IO/0*3 
2026-09-27T05:02:48+04:00	ck8o-mirror-256k	4	3762020	3761907	1	12791808	5943296	python3*1 
2026-09-27T05:02:48+04:00	ck8o-mirror-256k	4	3762021	3761907	45	17126940672	16524877824	python3*36 pt_gloo_runloop*2 ZMQbg/Reaper*2 ZMQbg/IO/0*2 pt_tcpstore_uv*1 cuda0000240000a*1 
2026-09-27T05:02:48+04:00	ck8o-mirror-256k	4	3762022	3761907	57	983093248	709320704	python3*49 ZMQbg/Reaper*4 ZMQbg/IO/0*4 
2026-09-27T05:03:01+04:00	ck8o-mirror-256k	4	3761872	363	2	28082176	6049792	uv*1 main2*1 
2026-09-27T05:03:01+04:00	ck8o-mirror-256k	4	3761907	3761872	57	977588224	698019840	ft*51 ZMQbg/Reaper*3 ZMQbg/IO/0*3 
2026-09-27T05:03:01+04:00	ck8o-mirror-256k	4	3762020	3761907	1	12791808	5943296	python3*1 
2026-09-27T05:03:01+04:00	ck8o-mirror-256k	4	3762021	3761907	45	17126940672	16524877824	python3*36 pt_gloo_runloop*2 ZMQbg/Reaper*2 ZMQbg/IO/0*2 pt_tcpstore_uv*1 cuda0000240000a*1 
2026-09-27T05:03:01+04:00	ck8o-mirror-256k	4	3762022	3761907	57	983093248	709320704	python3*49 ZMQbg/Reaper*4 ZMQbg/IO/0*4 
2026-09-27T05:03:11+04:00	ck8o-mirror-256k	4	3761872	363	2	28082176	6049792	uv*1 main2*1 
2026-09-27T05:03:11+04:00	ck8o-mirror-256k	4	3761907	3761872	57	977588224	698019840	ft*51 ZMQbg/Reaper*3 ZMQbg/IO/0*3 
2026-09-27T05:03:11+04:00	ck8o-mirror-256k	4	3762020	3761907	1	12791808	5943296	python3*1 
2026-09-27T05:03:11+04:00	ck8o-mirror-256k	4	3762021	3761907	45	17126940672	16524877824	python3*36 pt_gloo_runloop*2 ZMQbg/Reaper*2 ZMQbg/IO/0*2 pt_tcpstore_uv*1 cuda0000240000a*1 
2026-09-27T05:03:11+04:00	ck8o-mirror-256k	4	3762022	3761907	57	983093248	709320704	python3*49 ZMQbg/Reaper*4 ZMQbg/IO/0*4 
2026-09-27T05:03:21+04:00	ck8o-mirror-256k	4	3761872	363	2	28082176	6049792	uv*1 main2*1 
2026-09-27T05:03:21+04:00	ck8o-mirror-256k	4	3761907	3761872	57	977588224	698019840	ft*51 ZMQbg/Reaper*3 ZMQbg/IO/0*3 
2026-09-27T05:03:21+04:00	ck8o-mirror-256k	4	3762020	3761907	1	12791808	5943296	python3*1 
2026-09-27T05:03:21+04:00	ck8o-mirror-256k	4	3762021	3761907	45	17126940672	16524877824	python3*36 pt_gloo_runloop*2 ZMQbg/Reaper*2 ZMQbg/IO/0*2 pt_tcpstore_uv*1 cuda0000240000a*1 
2026-09-27T05:03:22+04:00	ck8o-mirror-256k	4	3762022	3761907	57	983093248	709320704	python3*49 ZMQbg/Reaper*4 ZMQbg/IO/0*4 
2026-09-27T05:03:35+04:00	ck8o-mirror-256k	4	3761872	363	2	28082176	6049792	uv*1 main2*1 
2026-09-27T05:03:35+04:00	ck8o-mirror-256k	4	3761907	3761872	57	977588224	698019840	ft*51 ZMQbg/Reaper*3 ZMQbg/IO/0*3 
2026-09-27T05:03:35+04:00	ck8o-mirror-256k	4	3762020	3761907	1	12791808	5943296	python3*1 
2026-09-27T05:03:35+04:00	ck8o-mirror-256k	4	3762021	3761907	45	17126940672	16524877824	python3*36 pt_gloo_runloop*2 ZMQbg/Reaper*2 ZMQbg/IO/0*2 pt_tcpstore_uv*1 cuda0000240000a*1 
2026-09-27T05:03:35+04:00	ck8o-mirror-256k	4	3762022	3761907	57	983093248	709320704	python3*49 ZMQbg/Reaper*4 ZMQbg/IO/0*4 
2026-09-27T05:03:45+04:00	ck8o-mirror-256k	4	3761872	363	2	28082176	6049792	uv*1 main2*1 
2026-09-27T05:03:45+04:00	ck8o-mirror-256k	4	3761907	3761872	57	977588224	698019840	ft*51 ZMQbg/Reaper*3 ZMQbg/IO/0*3 
2026-09-27T05:03:45+04:00	ck8o-mirror-256k	4	3762020	3761907	1	12791808	5943296	python3*1 
2026-09-27T05:03:45+04:00	ck8o-mirror-256k	4	3762021	3761907	45	17126940672	16524877824	python3*36 pt_gloo_runloop*2 ZMQbg/Reaper*2 ZMQbg/IO/0*2 pt_tcpstore_uv*1 cuda0000240000a*1 
2026-09-27T05:03:45+04:00	ck8o-mirror-256k	4	3762022	3761907	57	983093248	709320704	python3*49 ZMQbg/Reaper*4 ZMQbg/IO/0*4 
2026-09-27T05:03:55+04:00	ck8o-mirror-256k	4	3761872	363	2	28082176	6049792	uv*1 main2*1 
2026-09-27T05:03:55+04:00	ck8o-mirror-256k	4	3761907	3761872	57	977588224	698019840	ft*51 ZMQbg/Reaper*3 ZMQbg/IO/0*3 
2026-09-27T05:03:55+04:00	ck8o-mirror-256k	4	3762020	3761907	1	12791808	5943296	python3*1 
2026-09-27T05:03:55+04:00	ck8o-mirror-256k	4	3762021	3761907	45	17126940672	16524877824	python3*36 pt_gloo_runloop*2 ZMQbg/Reaper*2 ZMQbg/IO/0*2 pt_tcpstore_uv*1 cuda0000240000a*1 
2026-09-27T05:03:55+04:00	ck8o-mirror-256k	4	3762022	3761907	57	983093248	709320704	python3*49 ZMQbg/Reaper*4 ZMQbg/IO/0*4 
2026-09-27T05:04:08+04:00	ck8o-mirror-256k	4	3761872	363	2	28082176	6049792	uv*1 main2*1 
2026-09-27T05:04:08+04:00	ck8o-mirror-256k	4	3761907	3761872	57	977588224	698019840	ft*51 ZMQbg/Reaper*3 ZMQbg/IO/0*3 
2026-09-27T05:04:08+04:00	ck8o-mirror-256k	4	3762020	3761907	1	12791808	5943296	python3*1 
2026-09-27T05:04:08+04:00	ck8o-mirror-256k	4	3762021	3761907	45	17126940672	16524877824	python3*36 pt_gloo_runloop*2 ZMQbg/Reaper*2 ZMQbg/IO/0*2 pt_tcpstore_uv*1 cuda0000240000a*1 
2026-09-27T05:04:08+04:00	ck8o-mirror-256k	4	3762022	3761907	57	983093248	709320704	python3*49 ZMQbg/Reaper*4 ZMQbg/IO/0*4 
2026-09-27T05:04:19+04:00	ck8o-mirror-256k	4	3761872	363	2	28082176	6049792	uv*1 main2*1 
2026-09-27T05:04:19+04:00	ck8o-mirror-256k	4	3761907	3761872	57	977588224	698019840	ft*51 ZMQbg/Reaper*3 ZMQbg/IO/0*3 
2026-09-27T05:04:19+04:00	ck8o-mirror-256k	4	3762020	3761907	1	12791808	5943296	python3*1 
2026-09-27T05:04:19+04:00	ck8o-mirror-256k	4	3762021	3761907	45	17126977536	16524914688	python3*36 pt_gloo_runloop*2 ZMQbg/Reaper*2 ZMQbg/IO/0*2 pt_tcpstore_uv*1 cuda0000240000a*1 
2026-09-27T05:04:19+04:00	ck8o-mirror-256k	4	3762022	3761907	57	983093248	709320704	python3*49 ZMQbg/Reaper*4 ZMQbg/IO/0*4 
2026-09-27T05:04:29+04:00	ck8o-mirror-256k	4	3761872	363	2	28082176	6049792	uv*1 main2*1 
2026-09-27T05:04:29+04:00	ck8o-mirror-256k	4	3761907	3761872	57	977588224	698019840	ft*51 ZMQbg/Reaper*3 ZMQbg/IO/0*3 
2026-09-27T05:04:29+04:00	ck8o-mirror-256k	4	3762020	3761907	1	12791808	5943296	python3*1 
2026-09-27T05:04:29+04:00	ck8o-mirror-256k	4	3762021	3761907	45	17127100416	16525037568	python3*36 pt_gloo_runloop*2 ZMQbg/Reaper*2 ZMQbg/IO/0*2 pt_tcpstore_uv*1 cuda0000240000a*1 
2026-09-27T05:04:29+04:00	ck8o-mirror-256k	4	3762022	3761907	57	983093248	709320704	python3*49 ZMQbg/Reaper*4 ZMQbg/IO/0*4 
2026-09-27T05:04:42+04:00	ck8o-mirror-256k	4	3761872	363	2	28082176	6049792	uv*1 main2*1 
2026-09-27T05:04:42+04:00	ck8o-mirror-256k	4	3761907	3761872	57	977588224	698019840	ft*51 ZMQbg/Reaper*3 ZMQbg/IO/0*3 
2026-09-27T05:04:42+04:00	ck8o-mirror-256k	4	3762020	3761907	1	12791808	5943296	python3*1 
2026-09-27T05:04:42+04:00	ck8o-mirror-256k	4	3762021	3761907	45	17127223296	16525160448	python3*36 pt_gloo_runloop*2 ZMQbg/Reaper*2 ZMQbg/IO/0*2 pt_tcpstore_uv*1 cuda0000240000a*1 
2026-09-27T05:04:42+04:00	ck8o-mirror-256k	4	3762022	3761907	57	983093248	709320704	python3*49 ZMQbg/Reaper*4 ZMQbg/IO/0*4 
2026-09-27T05:04:52+04:00	ck8o-mirror-256k	4	3761872	363	2	28082176	6049792	uv*1 main2*1 
2026-09-27T05:04:52+04:00	ck8o-mirror-256k	4	3761907	3761872	57	977588224	698019840	ft*51 ZMQbg/Reaper*3 ZMQbg/IO/0*3 
2026-09-27T05:04:52+04:00	ck8o-mirror-256k	4	3762020	3761907	1	12791808	5943296	python3*1 
2026-09-27T05:04:52+04:00	ck8o-mirror-256k	4	3762021	3761907	45	17127350272	16525299712	python3*36 pt_gloo_runloop*2 ZMQbg/Reaper*2 ZMQbg/IO/0*2 pt_tcpstore_uv*1 cuda0000240000a*1 
2026-09-27T05:04:53+04:00	ck8o-mirror-256k	4	3762022	3761907	57	983093248	709320704	python3*49 ZMQbg/Reaper*4 ZMQbg/IO/0*4 
2026-09-27T05:05:03+04:00	ck8o-mirror-256k	4	3761872	363	2	28082176	6049792	uv*1 main2*1 
2026-09-27T05:05:03+04:00	ck8o-mirror-256k	4	3761907	3761872	57	977588224	698019840	ft*51 ZMQbg/Reaper*3 ZMQbg/IO/0*3 
2026-09-27T05:05:03+04:00	ck8o-mirror-256k	4	3762020	3761907	1	12791808	5943296	python3*1 
2026-09-27T05:05:03+04:00	ck8o-mirror-256k	4	3762021	3761907	45	17127485440	16525422592	python3*36 pt_gloo_runloop*2 ZMQbg/Reaper*2 ZMQbg/IO/0*2 pt_tcpstore_uv*1 cuda0000240000a*1 
2026-09-27T05:05:03+04:00	ck8o-mirror-256k	4	3762022	3761907	57	983093248	709320704	python3*49 ZMQbg/Reaper*4 ZMQbg/IO/0*4 
2026-09-27T05:05:16+04:00	ck8o-mirror-256k	4	3761872	363	2	28082176	6049792	uv*1 main2*1 
2026-09-27T05:05:16+04:00	ck8o-mirror-256k	4	3761907	3761872	57	977588224	698019840	ft*51 ZMQbg/Reaper*3 ZMQbg/IO/0*3 
2026-09-27T05:05:16+04:00	ck8o-mirror-256k	4	3762020	3761907	1	12791808	5943296	python3*1 
2026-09-27T05:05:16+04:00	ck8o-mirror-256k	4	3762021	3761907	45	17127591936	16525529088	python3*36 pt_gloo_runloop*2 ZMQbg/Reaper*2 ZMQbg/IO/0*2 pt_tcpstore_uv*1 cuda0000240000a*1 
2026-09-27T05:05:16+04:00	ck8o-mirror-256k	4	3762022	3761907	57	983093248	709320704	python3*49 ZMQbg/Reaper*4 ZMQbg/IO/0*4 
2026-09-27T05:05:26+04:00	ck8o-mirror-256k	4	3761872	363	2	28082176	6049792	uv*1 main2*1 
2026-09-27T05:05:26+04:00	ck8o-mirror-256k	4	3761907	3761872	57	977588224	698019840	ft*51 ZMQbg/Reaper*3 ZMQbg/IO/0*3 
2026-09-27T05:05:26+04:00	ck8o-mirror-256k	4	3762020	3761907	1	12791808	5943296	python3*1 
2026-09-27T05:05:26+04:00	ck8o-mirror-256k	4	3762021	3761907	45	17127723008	16525660160	python3*36 pt_gloo_runloop*2 ZMQbg/Reaper*2 ZMQbg/IO/0*2 pt_tcpstore_uv*1 cuda0000240000a*1 
2026-09-27T05:05:26+04:00	ck8o-mirror-256k	4	3762022	3761907	57	983093248	709320704	python3*49 ZMQbg/Reaper*4 ZMQbg/IO/0*4 
2026-09-27T05:05:36+04:00	ck8o-mirror-256k	4	3761872	363	2	28082176	6049792	uv*1 main2*1 
2026-09-27T05:05:36+04:00	ck8o-mirror-256k	4	3761907	3761872	57	977588224	698019840	ft*51 ZMQbg/Reaper*3 ZMQbg/IO/0*3 
2026-09-27T05:05:36+04:00	ck8o-mirror-256k	4	3762020	3761907	1	12791808	5943296	python3*1 
2026-09-27T05:05:36+04:00	ck8o-mirror-256k	4	3762021	3761907	45	17128579072	16526516224	python3*36 pt_gloo_runloop*2 ZMQbg/Reaper*2 ZMQbg/IO/0*2 pt_tcpstore_uv*1 cuda0000240000a*1 
2026-09-27T05:05:36+04:00	ck8o-mirror-256k	4	3762022	3761907	57	983093248	709320704	python3*49 ZMQbg/Reaper*4 ZMQbg/IO/0*4 
2026-09-27T05:05:50+04:00	ck8o-mirror-256k	4	3761872	363	2	28082176	6049792	uv*1 main2*1 
2026-09-27T05:05:50+04:00	ck8o-mirror-256k	4	3761907	3761872	57	977588224	698019840	ft*51 ZMQbg/Reaper*3 ZMQbg/IO/0*3 
2026-09-27T05:05:50+04:00	ck8o-mirror-256k	4	3762020	3761907	1	12791808	5943296	python3*1 
2026-09-27T05:05:50+04:00	ck8o-mirror-256k	4	3762021	3761907	45	17128583168	16526520320	python3*36 pt_gloo_runloop*2 ZMQbg/Reaper*2 ZMQbg/IO/0*2 pt_tcpstore_uv*1 cuda0000240000a*1 
2026-09-27T05:05:50+04:00	ck8o-mirror-256k	4	3762022	3761907	57	983093248	709320704	python3*49 ZMQbg/Reaper*4 ZMQbg/IO/0*4 
2026-09-27T05:06:00+04:00	ck8o-mirror-256k	4	3761872	363	2	28082176	6049792	uv*1 main2*1 
2026-09-27T05:06:00+04:00	ck8o-mirror-256k	4	3761907	3761872	57	977588224	698019840	ft*51 ZMQbg/Reaper*3 ZMQbg/IO/0*3 
2026-09-27T05:06:00+04:00	ck8o-mirror-256k	4	3762020	3761907	1	12791808	5943296	python3*1 
2026-09-27T05:06:00+04:00	ck8o-mirror-256k	4	3762021	3761907	45	17128583168	16526520320	python3*36 pt_gloo_runloop*2 ZMQbg/Reaper*2 ZMQbg/IO/0*2 pt_tcpstore_uv*1 cuda0000240000a*1 
2026-09-27T05:06:00+04:00	ck8o-mirror-256k	4	3762022	3761907	57	983093248	709320704	python3*49 ZMQbg/Reaper*4 ZMQbg/IO/0*4 
2026-09-27T05:06:10+04:00	ck8o-mirror-256k	4	3761872	363	2	28082176	6049792	uv*1 main2*1 
2026-09-27T05:06:10+04:00	ck8o-mirror-256k	4	3761907	3761872	57	977588224	698019840	ft*51 ZMQbg/Reaper*3 ZMQbg/IO/0*3 
2026-09-27T05:06:10+04:00	ck8o-mirror-256k	4	3762020	3761907	1	12791808	5943296	python3*1 
2026-09-27T05:06:10+04:00	ck8o-mirror-256k	4	3762021	3761907	45	17128587264	16526524416	python3*36 pt_gloo_runloop*2 ZMQbg/Reaper*2 ZMQbg/IO/0*2 pt_tcpstore_uv*1 cuda0000240000a*1 
2026-09-27T05:06:10+04:00	ck8o-mirror-256k	4	3762022	3761907	57	983093248	709320704	python3*49 ZMQbg/Reaper*4 ZMQbg/IO/0*4 
2026-09-27T05:06:20+04:00	ck8o-mirror-256k	4	3761872	363	2	28082176	6049792	uv*1 main2*1 
2026-09-27T05:06:20+04:00	ck8o-mirror-256k	4	3761907	3761872	57	977588224	698019840	ft*51 ZMQbg/Reaper*3 ZMQbg/IO/0*3 
2026-09-27T05:06:20+04:00	ck8o-mirror-256k	4	3762020	3761907	1	12791808	5943296	python3*1 
2026-09-27T05:06:20+04:00	ck8o-mirror-256k	4	3762021	3761907	45	17128587264	16526524416	python3*36 pt_gloo_runloop*2 ZMQbg/Reaper*2 ZMQbg/IO/0*2 pt_tcpstore_uv*1 cuda0000240000a*1 
2026-09-27T05:06:20+04:00	ck8o-mirror-256k	4	3762022	3761907	57	983093248	709320704	python3*49 ZMQbg/Reaper*4 ZMQbg/IO/0*4 
2026-09-27T05:06:34+04:00	ck8o-mirror-256k	4	3761872	363	2	28082176	6049792	uv*1 main2*1 
2026-09-27T05:06:34+04:00	ck8o-mirror-256k	4	3761907	3761872	57	977588224	698019840	ft*51 ZMQbg/Reaper*3 ZMQbg/IO/0*3 
2026-09-27T05:06:34+04:00	ck8o-mirror-256k	4	3762020	3761907	1	12791808	5943296	python3*1 
2026-09-27T05:06:34+04:00	ck8o-mirror-256k	4	3762021	3761907	45	17128587264	16526524416	python3*36 pt_gloo_runloop*2 ZMQbg/Reaper*2 ZMQbg/IO/0*2 pt_tcpstore_uv*1 cuda0000240000a*1 
2026-09-27T05:06:34+04:00	ck8o-mirror-256k	4	3762022	3761907	57	983093248	709320704	python3*49 ZMQbg/Reaper*4 ZMQbg/IO/0*4 
2026-09-27T05:06:44+04:00	ck8o-mirror-256k	4	3761872	363	2	28082176	6049792	uv*1 main2*1 
2026-09-27T05:06:44+04:00	ck8o-mirror-256k	4	3761907	3761872	57	977588224	698019840	ft*51 ZMQbg/Reaper*3 ZMQbg/IO/0*3 
2026-09-27T05:06:44+04:00	ck8o-mirror-256k	4	3762020	3761907	1	12791808	5943296	python3*1 
2026-09-27T05:06:44+04:00	ck8o-mirror-256k	4	3762021	3761907	45	17128669184	16526606336	python3*36 pt_gloo_runloop*2 ZMQbg/Reaper*2 ZMQbg/IO/0*2 pt_tcpstore_uv*1 cuda0000240000a*1 
2026-09-27T05:06:44+04:00	ck8o-mirror-256k	4	3762022	3761907	57	983093248	709320704	python3*49 ZMQbg/Reaper*4 ZMQbg/IO/0*4 
2026-09-27T05:06:54+04:00	ck8o-mirror-256k	4	3761872	363	2	28082176	6049792	uv*1 main2*1 
2026-09-27T05:06:54+04:00	ck8o-mirror-256k	4	3761907	3761872	57	977588224	698019840	ft*51 ZMQbg/Reaper*3 ZMQbg/IO/0*3 
2026-09-27T05:06:54+04:00	ck8o-mirror-256k	4	3762020	3761907	1	12791808	5943296	python3*1 
2026-09-27T05:06:54+04:00	ck8o-mirror-256k	4	3762021	3761907	45	17128783872	16526721024	python3*36 pt_gloo_runloop*2 ZMQbg/Reaper*2 ZMQbg/IO/0*2 pt_tcpstore_uv*1 cuda0000240000a*1 
2026-09-27T05:06:54+04:00	ck8o-mirror-256k	4	3762022	3761907	57	983093248	709320704	python3*49 ZMQbg/Reaper*4 ZMQbg/IO/0*4 
2026-09-27T05:07:07+04:00	ck8o-mirror-256k	4	3761872	363	2	28082176	6049792	uv*1 main2*1 
2026-09-27T05:07:07+04:00	ck8o-mirror-256k	4	3761907	3761872	57	977588224	698019840	ft*51 ZMQbg/Reaper*3 ZMQbg/IO/0*3 
2026-09-27T05:07:07+04:00	ck8o-mirror-256k	4	3762020	3761907	1	12791808	5943296	python3*1 
2026-09-27T05:07:07+04:00	ck8o-mirror-256k	4	3762021	3761907	45	17128890368	16526827520	python3*36 pt_gloo_runloop*2 ZMQbg/Reaper*2 ZMQbg/IO/0*2 pt_tcpstore_uv*1 cuda0000240000a*1 
2026-09-27T05:07:07+04:00	ck8o-mirror-256k	4	3762022	3761907	57	983093248	709320704	python3*49 ZMQbg/Reaper*4 ZMQbg/IO/0*4 
2026-09-27T05:07:18+04:00	ck8o-mirror-256k	4	3761872	363	2	28082176	6049792	uv*1 main2*1 
2026-09-27T05:07:18+04:00	ck8o-mirror-256k	4	3761907	3761872	57	977588224	698019840	ft*51 ZMQbg/Reaper*3 ZMQbg/IO/0*3 
2026-09-27T05:07:18+04:00	ck8o-mirror-256k	4	3762020	3761907	1	12791808	5943296	python3*1 
2026-09-27T05:07:18+04:00	ck8o-mirror-256k	4	3762021	3761907	45	17129017344	16526954496	python3*36 pt_gloo_runloop*2 ZMQbg/Reaper*2 ZMQbg/IO/0*2 pt_tcpstore_uv*1 cuda0000240000a*1 
2026-09-27T05:07:18+04:00	ck8o-mirror-256k	4	3762022	3761907	57	983093248	709320704	python3*49 ZMQbg/Reaper*4 ZMQbg/IO/0*4 
2026-09-27T05:07:28+04:00	ck8o-mirror-256k	4	3761872	363	2	28082176	6049792	uv*1 main2*1 
2026-09-27T05:07:28+04:00	ck8o-mirror-256k	4	3761907	3761872	57	977588224	698019840	ft*51 ZMQbg/Reaper*3 ZMQbg/IO/0*3 
2026-09-27T05:07:28+04:00	ck8o-mirror-256k	4	3762020	3761907	1	12791808	5943296	python3*1 
2026-09-27T05:07:28+04:00	ck8o-mirror-256k	4	3762021	3761907	45	17129148416	16527085568	python3*36 pt_gloo_runloop*2 ZMQbg/Reaper*2 ZMQbg/IO/0*2 pt_tcpstore_uv*1 cuda0000240000a*1 
2026-09-27T05:07:28+04:00	ck8o-mirror-256k	4	3762022	3761907	57	983093248	709320704	python3*49 ZMQbg/Reaper*4 ZMQbg/IO/0*4 
2026-09-27T05:07:41+04:00	ck8o-mirror-256k	4	3761872	363	2	28082176	6049792	uv*1 main2*1 
2026-09-27T05:07:41+04:00	ck8o-mirror-256k	4	3761907	3761872	57	977616896	698048512	ft*51 ZMQbg/Reaper*3 ZMQbg/IO/0*3 
2026-09-27T05:07:41+04:00	ck8o-mirror-256k	4	3762020	3761907	1	12791808	5943296	python3*1 
2026-09-27T05:07:41+04:00	ck8o-mirror-256k	4	3762021	3761907	45	17130266624	16528203776	python3*36 pt_gloo_runloop*2 ZMQbg/Reaper*2 ZMQbg/IO/0*2 pt_tcpstore_uv*1 cuda0000240000a*1 
2026-09-27T05:07:41+04:00	ck8o-mirror-256k	4	3762022	3761907	57	916541440	642768896	python3*49 ZMQbg/Reaper*4 ZMQbg/IO/0*4 
2026-09-27T05:07:51+04:00	ck8o-mirror-256k	4	3761872	363	2	28082176	6049792	uv*1 main2*1 
2026-09-27T05:07:51+04:00	ck8o-mirror-256k	4	3761907	3761872	57	977616896	698048512	ft*51 ZMQbg/Reaper*3 ZMQbg/IO/0*3 
2026-09-27T05:07:51+04:00	ck8o-mirror-256k	4	3762020	3761907	1	12791808	5943296	python3*1 
2026-09-27T05:07:51+04:00	ck8o-mirror-256k	4	3762021	3761907	45	17130266624	16528203776	python3*36 pt_gloo_runloop*2 ZMQbg/Reaper*2 ZMQbg/IO/0*2 pt_tcpstore_uv*1 cuda0000240000a*1 
2026-09-27T05:07:51+04:00	ck8o-mirror-256k	4	3762022	3761907	57	916541440	642768896	python3*49 ZMQbg/Reaper*4 ZMQbg/IO/0*4 
2026-09-27T05:08:02+04:00	ck8o-mirror-256k	4	3761872	363	2	28082176	6049792	uv*1 main2*1 
2026-09-27T05:08:02+04:00	ck8o-mirror-256k	4	3761907	3761872	57	977616896	698048512	ft*51 ZMQbg/Reaper*3 ZMQbg/IO/0*3 
2026-09-27T05:08:02+04:00	ck8o-mirror-256k	4	3762020	3761907	1	12791808	5943296	python3*1 
2026-09-27T05:08:02+04:00	ck8o-mirror-256k	4	3762021	3761907	45	17131356160	16529227776	python3*36 pt_gloo_runloop*2 ZMQbg/Reaper*2 ZMQbg/IO/0*2 pt_tcpstore_uv*1 cuda0000240000a*1 
2026-09-27T05:08:02+04:00	ck8o-mirror-256k	4	3762022	3761907	57	916541440	642768896	python3*49 ZMQbg/Reaper*4 ZMQbg/IO/0*4 
2026-09-27T05:08:15+04:00	ck8o-mirror-256k	4	3761872	363	2	27869184	6049792	uv*1 main2*1 
2026-09-27T05:08:15+04:00	ck8o-mirror-256k	4	3761907	3761872	57	976506880	698052608	ft*51 ZMQbg/Reaper*3 ZMQbg/IO/0*3 
2026-09-27T05:08:15+04:00	ck8o-mirror-256k	4	3762020	3761907	1	12705792	5943296	python3*1 
2026-09-27T05:08:15+04:00	ck8o-mirror-256k	4	3762021	3761907	45	17130106880	16529231872	python3*36 pt_gloo_runloop*2 ZMQbg/Reaper*2 ZMQbg/IO/0*2 pt_tcpstore_uv*1 cuda0000240000a*1 
2026-09-27T05:08:15+04:00	ck8o-mirror-256k	4	3762022	3761907	57	919539712	645951488	python3*49 ZMQbg/Reaper*4 ZMQbg/IO/0*4 
2026-09-27T05:08:25+04:00	ck8o-mirror-256k	4	3761872	363	2	27869184	6049792	uv*1 main2*1 
2026-09-27T05:08:25+04:00	ck8o-mirror-256k	4	3761907	3761872	57	977240064	698785792	ft*51 ZMQbg/Reaper*3 ZMQbg/IO/0*3 
2026-09-27T05:08:25+04:00	ck8o-mirror-256k	4	3762020	3761907	1	12705792	5943296	python3*1 
2026-09-27T05:08:25+04:00	ck8o-mirror-256k	4	3762021	3761907	45	17130930176	16530055168	python3*36 pt_gloo_runloop*2 ZMQbg/Reaper*2 ZMQbg/IO/0*2 pt_tcpstore_uv*1 cuda0000240000a*1 
2026-09-27T05:08:25+04:00	ck8o-mirror-256k	4	3762022	3761907	57	919539712	645951488	python3*49 ZMQbg/Reaper*4 ZMQbg/IO/0*4 
2026-09-27T05:08:35+04:00	ck8o-mirror-256k	4	3761872	363	2	27869184	6049792	uv*1 main2*1 
2026-09-27T05:08:35+04:00	ck8o-mirror-256k	4	3761907	3761872	57	977240064	698785792	ft*51 ZMQbg/Reaper*3 ZMQbg/IO/0*3 
2026-09-27T05:08:35+04:00	ck8o-mirror-256k	4	3762020	3761907	1	12705792	5943296	python3*1 
2026-09-27T05:08:35+04:00	ck8o-mirror-256k	4	3762021	3761907	45	17130934272	16530059264	python3*36 pt_gloo_runloop*2 ZMQbg/Reaper*2 ZMQbg/IO/0*2 pt_tcpstore_uv*1 cuda0000240000a*1 
2026-09-27T05:08:35+04:00	ck8o-mirror-256k	4	3762022	3761907	57	919539712	645951488	python3*49 ZMQbg/Reaper*4 ZMQbg/IO/0*4 
2026-09-27T05:08:49+04:00	ck8o-mirror-256k	4	3761872	363	2	27869184	6049792	uv*1 main2*1 
2026-09-27T05:08:49+04:00	ck8o-mirror-256k	4	3761907	3761872	57	977240064	698785792	ft*51 ZMQbg/Reaper*3 ZMQbg/IO/0*3 
2026-09-27T05:08:49+04:00	ck8o-mirror-256k	4	3762020	3761907	1	12705792	5943296	python3*1 
2026-09-27T05:08:49+04:00	ck8o-mirror-256k	4	3762021	3761907	45	17130934272	16530059264	python3*36 pt_gloo_runloop*2 ZMQbg/Reaper*2 ZMQbg/IO/0*2 pt_tcpstore_uv*1 cuda0000240000a*1 
2026-09-27T05:08:49+04:00	ck8o-mirror-256k	4	3762022	3761907	57	919539712	645951488	python3*49 ZMQbg/Reaper*4 ZMQbg/IO/0*4 
2026-09-27T05:08:59+04:00	ck8o-mirror-256k	4	3761872	363	2	27869184	6049792	uv*1 main2*1 
2026-09-27T05:08:59+04:00	ck8o-mirror-256k	4	3761907	3761872	57	977240064	698785792	ft*51 ZMQbg/Reaper*3 ZMQbg/IO/0*3 
2026-09-27T05:08:59+04:00	ck8o-mirror-256k	4	3762020	3761907	1	12705792	5943296	python3*1 
2026-09-27T05:08:59+04:00	ck8o-mirror-256k	4	3762021	3761907	45	17130934272	16530059264	python3*36 pt_gloo_runloop*2 ZMQbg/Reaper*2 ZMQbg/IO/0*2 pt_tcpstore_uv*1 cuda0000240000a*1 
2026-09-27T05:08:59+04:00	ck8o-mirror-256k	4	3762022	3761907	57	919539712	645951488	python3*49 ZMQbg/Reaper*4 ZMQbg/IO/0*4 
2026-09-27T05:09:09+04:00	ck8o-mirror-256k	4	3761872	363	2	27869184	6049792	uv*1 main2*1 
2026-09-27T05:09:09+04:00	ck8o-mirror-256k	4	3761907	3761872	57	977240064	698785792	ft*51 ZMQbg/Reaper*3 ZMQbg/IO/0*3 
2026-09-27T05:09:09+04:00	ck8o-mirror-256k	4	3762020	3761907	1	12705792	5943296	python3*1 
2026-09-27T05:09:09+04:00	ck8o-mirror-256k	4	3762021	3761907	45	17130934272	16530059264	python3*36 pt_gloo_runloop*2 ZMQbg/Reaper*2 ZMQbg/IO/0*2 pt_tcpstore_uv*1 cuda0000240000a*1 
2026-09-27T05:09:09+04:00	ck8o-mirror-256k	4	3762022	3761907	57	919539712	645951488	python3*49 ZMQbg/Reaper*4 ZMQbg/IO/0*4 
2026-09-27T05:09:22+04:00	ck8o-mirror-256k	4	3761872	363	2	27869184	6049792	uv*1 main2*1 
2026-09-27T05:09:22+04:00	ck8o-mirror-256k	4	3761907	3761872	57	977240064	698785792	ft*51 ZMQbg/Reaper*3 ZMQbg/IO/0*3 
2026-09-27T05:09:23+04:00	ck8o-mirror-256k	4	3762020	3761907	1	12705792	5943296	python3*1 
2026-09-27T05:09:23+04:00	ck8o-mirror-256k	4	3762021	3761907	45	17130934272	16530059264	python3*36 pt_gloo_runloop*2 ZMQbg/Reaper*2 ZMQbg/IO/0*2 pt_tcpstore_uv*1 cuda0000240000a*1 
2026-09-27T05:09:23+04:00	ck8o-mirror-256k	4	3762022	3761907	57	919539712	645951488	python3*49 ZMQbg/Reaper*4 ZMQbg/IO/0*4 
2026-09-27T05:09:33+04:00	ck8o-mirror-256k	4	3761872	363	2	27869184	6049792	uv*1 main2*1 
2026-09-27T05:09:33+04:00	ck8o-mirror-256k	4	3761907	3761872	57	977240064	698785792	ft*51 ZMQbg/Reaper*3 ZMQbg/IO/0*3 
2026-09-27T05:09:33+04:00	ck8o-mirror-256k	4	3762020	3761907	1	12705792	5943296	python3*1 
2026-09-27T05:09:33+04:00	ck8o-mirror-256k	4	3762021	3761907	45	17130934272	16530059264	python3*36 pt_gloo_runloop*2 ZMQbg/Reaper*2 ZMQbg/IO/0*2 pt_tcpstore_uv*1 cuda0000240000a*1 
2026-09-27T05:09:33+04:00	ck8o-mirror-256k	4	3762022	3761907	57	919539712	645951488	python3*49 ZMQbg/Reaper*4 ZMQbg/IO/0*4 
2026-09-27T05:09:43+04:00	ck8o-mirror-256k	4	3761872	363	2	27869184	6049792	uv*1 main2*1 
2026-09-27T05:09:43+04:00	ck8o-mirror-256k	4	3761907	3761872	57	977240064	698785792	ft*51 ZMQbg/Reaper*3 ZMQbg/IO/0*3 
2026-09-27T05:09:43+04:00	ck8o-mirror-256k	4	3762020	3761907	1	12705792	5943296	python3*1 
2026-09-27T05:09:43+04:00	ck8o-mirror-256k	4	3762021	3761907	45	17130934272	16530059264	python3*36 pt_gloo_runloop*2 ZMQbg/Reaper*2 ZMQbg/IO/0*2 pt_tcpstore_uv*1 cuda0000240000a*1 
2026-09-27T05:09:43+04:00	ck8o-mirror-256k	4	3762022	3761907	57	919539712	645951488	python3*49 ZMQbg/Reaper*4 ZMQbg/IO/0*4 
2026-09-27T05:09:53+04:00	ck8o-mirror-256k	4	3761872	363	2	27869184	6049792	uv*1 main2*1 
2026-09-27T05:09:53+04:00	ck8o-mirror-256k	4	3761907	3761872	57	977240064	698785792	ft*51 ZMQbg/Reaper*3 ZMQbg/IO/0*3 
2026-09-27T05:09:53+04:00	ck8o-mirror-256k	4	3762020	3761907	1	12705792	5943296	python3*1 
2026-09-27T05:09:53+04:00	ck8o-mirror-256k	4	3762021	3761907	45	17130934272	16530059264	python3*36 pt_gloo_runloop*2 ZMQbg/Reaper*2 ZMQbg/IO/0*2 pt_tcpstore_uv*1 cuda0000240000a*1 
2026-09-27T05:09:53+04:00	ck8o-mirror-256k	4	3762022	3761907	57	919539712	645951488	python3*49 ZMQbg/Reaper*4 ZMQbg/IO/0*4 
2026-09-27T05:10:07+04:00	ck8o-mirror-256k	4	3761872	363	2	27869184	6049792	uv*1 main2*1 
2026-09-27T05:10:07+04:00	ck8o-mirror-256k	4	3761907	3761872	57	977240064	698785792	ft*51 ZMQbg/Reaper*3 ZMQbg/IO/0*3 
2026-09-27T05:10:07+04:00	ck8o-mirror-256k	4	3762020	3761907	1	12705792	5943296	python3*1 
2026-09-27T05:10:07+04:00	ck8o-mirror-256k	4	3762021	3761907	45	17130934272	16530059264	python3*36 pt_gloo_runloop*2 ZMQbg/Reaper*2 ZMQbg/IO/0*2 pt_tcpstore_uv*1 cuda0000240000a*1 
2026-09-27T05:10:07+04:00	ck8o-mirror-256k	4	3762022	3761907	57	919539712	645951488	python3*49 ZMQbg/Reaper*4 ZMQbg/IO/0*4 
2026-09-27T05:10:17+04:00	ck8o-mirror-256k	4	3761872	363	2	27869184	6049792	uv*1 main2*1 
2026-09-27T05:10:17+04:00	ck8o-mirror-256k	4	3761907	3761872	57	977240064	698785792	ft*51 ZMQbg/Reaper*3 ZMQbg/IO/0*3 
2026-09-27T05:10:17+04:00	ck8o-mirror-256k	4	3762020	3761907	1	12705792	5943296	python3*1 
2026-09-27T05:10:17+04:00	ck8o-mirror-256k	4	3762021	3761907	45	17130934272	16530059264	python3*36 pt_gloo_runloop*2 ZMQbg/Reaper*2 ZMQbg/IO/0*2 pt_tcpstore_uv*1 cuda0000240000a*1 
2026-09-27T05:10:17+04:00	ck8o-mirror-256k	4	3762022	3761907	57	919539712	645951488	python3*49 ZMQbg/Reaper*4 ZMQbg/IO/0*4 
2026-09-27T05:10:27+04:00	ck8o-mirror-256k	4	3761872	363	2	27869184	6049792	uv*1 main2*1 
2026-09-27T05:10:27+04:00	ck8o-mirror-256k	4	3761907	3761872	57	977240064	698785792	ft*51 ZMQbg/Reaper*3 ZMQbg/IO/0*3 
2026-09-27T05:10:27+04:00	ck8o-mirror-256k	4	3762020	3761907	1	12705792	5943296	python3*1 
2026-09-27T05:10:27+04:00	ck8o-mirror-256k	4	3762021	3761907	45	17130934272	16530059264	python3*36 pt_gloo_runloop*2 ZMQbg/Reaper*2 ZMQbg/IO/0*2 pt_tcpstore_uv*1 cuda0000240000a*1 
2026-09-27T05:10:27+04:00	ck8o-mirror-256k	4	3762022	3761907	57	919539712	645951488	python3*49 ZMQbg/Reaper*4 ZMQbg/IO/0*4 
2026-09-27T05:10:40+04:00	ck8o-mirror-256k	4	3761872	363	2	27869184	6049792	uv*1 main2*1 
2026-09-27T05:10:40+04:00	ck8o-mirror-256k	4	3761907	3761872	57	977240064	698785792	ft*51 ZMQbg/Reaper*3 ZMQbg/IO/0*3 
2026-09-27T05:10:41+04:00	ck8o-mirror-256k	4	3762020	3761907	1	12705792	5943296	python3*1 
2026-09-27T05:10:41+04:00	ck8o-mirror-256k	4	3762021	3761907	45	17130934272	16530059264	python3*36 pt_gloo_runloop*2 ZMQbg/Reaper*2 ZMQbg/IO/0*2 pt_tcpstore_uv*1 cuda0000240000a*1 
2026-09-27T05:10:41+04:00	ck8o-mirror-256k	4	3762022	3761907	57	919539712	645951488	python3*49 ZMQbg/Reaper*4 ZMQbg/IO/0*4 
2026-09-27T05:10:51+04:00	ck8o-mirror-256k	4	3761872	363	2	27869184	6049792	uv*1 main2*1 
2026-09-27T05:10:51+04:00	ck8o-mirror-256k	4	3761907	3761872	57	977240064	698785792	ft*51 ZMQbg/Reaper*3 ZMQbg/IO/0*3 
2026-09-27T05:10:51+04:00	ck8o-mirror-256k	4	3762020	3761907	1	12705792	5943296	python3*1 
2026-09-27T05:10:51+04:00	ck8o-mirror-256k	4	3762021	3761907	45	17130934272	16530059264	python3*36 pt_gloo_runloop*2 ZMQbg/Reaper*2 ZMQbg/IO/0*2 pt_tcpstore_uv*1 cuda0000240000a*1 
2026-09-27T05:10:51+04:00	ck8o-mirror-256k	4	3762022	3761907	57	919539712	645951488	python3*49 ZMQbg/Reaper*4 ZMQbg/IO/0*4 
2026-09-27T05:11:01+04:00	ck8o-mirror-256k	4	3761872	363	2	27869184	6049792	uv*1 main2*1 
2026-09-27T05:11:01+04:00	ck8o-mirror-256k	4	3761907	3761872	57	977240064	698785792	ft*51 ZMQbg/Reaper*3 ZMQbg/IO/0*3 
2026-09-27T05:11:01+04:00	ck8o-mirror-256k	4	3762020	3761907	1	12705792	5943296	python3*1 
2026-09-27T05:11:01+04:00	ck8o-mirror-256k	4	3762021	3761907	45	17130934272	16530059264	python3*36 pt_gloo_runloop*2 ZMQbg/Reaper*2 ZMQbg/IO/0*2 pt_tcpstore_uv*1 cuda0000240000a*1 
2026-09-27T05:11:01+04:00	ck8o-mirror-256k	4	3762022	3761907	57	919539712	645951488	python3*49 ZMQbg/Reaper*4 ZMQbg/IO/0*4 
2026-09-27T05:11:15+04:00	ck8o-mirror-256k	4	3761872	363	2	27869184	6049792	uv*1 main2*1 
2026-09-27T05:11:15+04:00	ck8o-mirror-256k	4	3761907	3761872	57	977240064	698785792	ft*51 ZMQbg/Reaper*3 ZMQbg/IO/0*3 
2026-09-27T05:11:15+04:00	ck8o-mirror-256k	4	3762020	3761907	1	12705792	5943296	python3*1 
2026-09-27T05:11:15+04:00	ck8o-mirror-256k	4	3762021	3761907	45	17130934272	16530059264	python3*36 pt_gloo_runloop*2 ZMQbg/Reaper*2 ZMQbg/IO/0*2 pt_tcpstore_uv*1 cuda0000240000a*1 
2026-09-27T05:11:15+04:00	ck8o-mirror-256k	4	3762022	3761907	57	919539712	645951488	python3*49 ZMQbg/Reaper*4 ZMQbg/IO/0*4 
2026-09-27T05:11:25+04:00	ck8o-mirror-256k	4	3761872	363	2	27869184	6049792	uv*1 main2*1 
2026-09-27T05:11:25+04:00	ck8o-mirror-256k	4	3761907	3761872	57	977240064	698785792	ft*51 ZMQbg/Reaper*3 ZMQbg/IO/0*3 
2026-09-27T05:11:25+04:00	ck8o-mirror-256k	4	3762020	3761907	1	12705792	5943296	python3*1 
2026-09-27T05:11:25+04:00	ck8o-mirror-256k	4	3762021	3761907	45	17130934272	16530059264	python3*36 pt_gloo_runloop*2 ZMQbg/Reaper*2 ZMQbg/IO/0*2 pt_tcpstore_uv*1 cuda0000240000a*1 
2026-09-27T05:11:25+04:00	ck8o-mirror-256k	4	3762022	3761907	57	919539712	645951488	python3*49 ZMQbg/Reaper*4 ZMQbg/IO/0*4 
2026-09-27T05:11:35+04:00	ck8o-mirror-256k	4	3761872	363	2	27869184	6049792	uv*1 main2*1 
2026-09-27T05:11:35+04:00	ck8o-mirror-256k	4	3761907	3761872	57	977240064	698785792	ft*51 ZMQbg/Reaper*3 ZMQbg/IO/0*3 
2026-09-27T05:11:35+04:00	ck8o-mirror-256k	4	3762020	3761907	1	12705792	5943296	python3*1 
2026-09-27T05:11:35+04:00	ck8o-mirror-256k	4	3762021	3761907	45	17130934272	16530059264	python3*36 pt_gloo_runloop*2 ZMQbg/Reaper*2 ZMQbg/IO/0*2 pt_tcpstore_uv*1 cuda0000240000a*1 
2026-09-27T05:11:35+04:00	ck8o-mirror-256k	4	3762022	3761907	57	919539712	645951488	python3*49 ZMQbg/Reaper*4 ZMQbg/IO/0*4 
2026-09-27T05:11:48+04:00	ck8o-mirror-256k	4	3761872	363	2	27869184	6049792	uv*1 main2*1 
2026-09-27T05:11:48+04:00	ck8o-mirror-256k	4	3761907	3761872	57	977240064	698785792	ft*51 ZMQbg/Reaper*3 ZMQbg/IO/0*3 
2026-09-27T05:11:48+04:00	ck8o-mirror-256k	4	3762020	3761907	1	12705792	5943296	python3*1 
2026-09-27T05:11:48+04:00	ck8o-mirror-256k	4	3762021	3761907	45	17130934272	16530059264	python3*36 pt_gloo_runloop*2 ZMQbg/Reaper*2 ZMQbg/IO/0*2 pt_tcpstore_uv*1 cuda0000240000a*1 
2026-09-27T05:11:48+04:00	ck8o-mirror-256k	4	3762022	3761907	57	919539712	645951488	python3*49 ZMQbg/Reaper*4 ZMQbg/IO/0*4 
2026-09-27T05:11:58+04:00	ck8o-mirror-256k	4	3761872	363	2	27869184	6049792	uv*1 main2*1 
2026-09-27T05:11:58+04:00	ck8o-mirror-256k	4	3761907	3761872	57	977240064	698785792	ft*51 ZMQbg/Reaper*3 ZMQbg/IO/0*3 
2026-09-27T05:11:58+04:00	ck8o-mirror-256k	4	3762020	3761907	1	12705792	5943296	python3*1 
2026-09-27T05:11:58+04:00	ck8o-mirror-256k	4	3762021	3761907	45	17130934272	16530059264	python3*36 pt_gloo_runloop*2 ZMQbg/Reaper*2 ZMQbg/IO/0*2 pt_tcpstore_uv*1 cuda0000240000a*1 
2026-09-27T05:11:59+04:00	ck8o-mirror-256k	4	3762022	3761907	57	919539712	645951488	python3*49 ZMQbg/Reaper*4 ZMQbg/IO/0*4 
2026-09-27T05:12:09+04:00	ck8o-mirror-256k	4	3761872	363	2	27869184	6049792	uv*1 main2*1 
2026-09-27T05:12:09+04:00	ck8o-mirror-256k	4	3761907	3761872	57	977240064	698785792	ft*51 ZMQbg/Reaper*3 ZMQbg/IO/0*3 
2026-09-27T05:12:09+04:00	ck8o-mirror-256k	4	3762020	3761907	1	12705792	5943296	python3*1 
2026-09-27T05:12:09+04:00	ck8o-mirror-256k	4	3762021	3761907	45	17131327488	16530452480	python3*36 pt_gloo_runloop*2 ZMQbg/Reaper*2 ZMQbg/IO/0*2 pt_tcpstore_uv*1 cuda0000240000a*1 
2026-09-27T05:12:09+04:00	ck8o-mirror-256k	4	3762022	3761907	57	919539712	645951488	python3*49 ZMQbg/Reaper*4 ZMQbg/IO/0*4 
2026-09-27T05:12:22+04:00	ck8o-mirror-256k	4	3761872	363	2	27869184	6049792	uv*1 main2*1 
2026-09-27T05:12:22+04:00	ck8o-mirror-256k	4	3761907	3761872	57	977240064	698785792	ft*51 ZMQbg/Reaper*3 ZMQbg/IO/0*3 
2026-09-27T05:12:22+04:00	ck8o-mirror-256k	4	3762020	3761907	1	12705792	5943296	python3*1 
2026-09-27T05:12:22+04:00	ck8o-mirror-256k	4	3762021	3761907	45	17131327488	16530452480	python3*36 pt_gloo_runloop*2 ZMQbg/Reaper*2 ZMQbg/IO/0*2 pt_tcpstore_uv*1 cuda0000240000a*1 
2026-09-27T05:12:22+04:00	ck8o-mirror-256k	4	3762022	3761907	57	919539712	645951488	python3*49 ZMQbg/Reaper*4 ZMQbg/IO/0*4 
2026-09-27T05:12:32+04:00	ck8o-mirror-256k	4	3761872	363	2	27869184	6049792	uv*1 main2*1 
2026-09-27T05:12:32+04:00	ck8o-mirror-256k	4	3761907	3761872	57	977240064	698785792	ft*51 ZMQbg/Reaper*3 ZMQbg/IO/0*3 
2026-09-27T05:12:32+04:00	ck8o-mirror-256k	4	3762020	3761907	1	12705792	5943296	python3*1 
2026-09-27T05:12:32+04:00	ck8o-mirror-256k	4	3762021	3761907	45	17131327488	16530452480	python3*36 pt_gloo_runloop*2 ZMQbg/Reaper*2 ZMQbg/IO/0*2 pt_tcpstore_uv*1 cuda0000240000a*1 
2026-09-27T05:12:33+04:00	ck8o-mirror-256k	4	3762022	3761907	57	919539712	645951488	python3*49 ZMQbg/Reaper*4 ZMQbg/IO/0*4 
2026-09-27T05:12:43+04:00	ck8o-mirror-256k	4	3761872	363	2	27869184	6049792	uv*1 main2*1 
2026-09-27T05:12:43+04:00	ck8o-mirror-256k	4	3761907	3761872	57	977240064	698785792	ft*51 ZMQbg/Reaper*3 ZMQbg/IO/0*3 
2026-09-27T05:12:43+04:00	ck8o-mirror-256k	4	3762020	3761907	1	12705792	5943296	python3*1 
2026-09-27T05:12:43+04:00	ck8o-mirror-256k	4	3762021	3761907	45	17131327488	16530452480	python3*36 pt_gloo_runloop*2 ZMQbg/Reaper*2 ZMQbg/IO/0*2 pt_tcpstore_uv*1 cuda0000240000a*1 
2026-09-27T05:12:43+04:00	ck8o-mirror-256k	4	3762022	3761907	57	919539712	645951488	python3*49 ZMQbg/Reaper*4 ZMQbg/IO/0*4 
2026-09-27T05:12:55+04:00	ck8o-mirror-256k	4	3761872	363	2	27869184	6049792	uv*1 main2*1 
2026-09-27T05:12:55+04:00	ck8o-mirror-256k	4	3761907	3761872	57	977113088	698785792	ft*51 ZMQbg/Reaper*3 ZMQbg/IO/0*3 
2026-09-27T05:12:55+04:00	ck8o-mirror-256k	4	3762020	3761907	1	12705792	5943296	python3*1 
2026-09-27T05:12:55+04:00	ck8o-mirror-256k	4	3762021	3761907	45	17131241472	16530493440	python3*36 pt_gloo_runloop*2 ZMQbg/Reaper*2 ZMQbg/IO/0*2 pt_tcpstore_uv*1 cuda0000240000a*1 
2026-09-27T05:12:55+04:00	ck8o-mirror-256k	4	3762022	3761907	57	919412736	645951488	python3*49 ZMQbg/Reaper*4 ZMQbg/IO/0*4 
2026-09-27T05:13:05+04:00	ck8o-mirror-256k	4	3761872	363	2	27869184	6049792	uv*1 main2*1 
2026-09-27T05:13:05+04:00	ck8o-mirror-256k	4	3761907	3761872	57	977113088	698785792	ft*51 ZMQbg/Reaper*3 ZMQbg/IO/0*3 
2026-09-27T05:13:05+04:00	ck8o-mirror-256k	4	3762020	3761907	1	12705792	5943296	python3*1 
2026-09-27T05:13:05+04:00	ck8o-mirror-256k	4	3762021	3761907	45	17131335680	16530587648	python3*36 pt_gloo_runloop*2 ZMQbg/Reaper*2 ZMQbg/IO/0*2 pt_tcpstore_uv*1 cuda0000240000a*1 
2026-09-27T05:13:06+04:00	ck8o-mirror-256k	4	3762022	3761907	57	919412736	645951488	python3*49 ZMQbg/Reaper*4 ZMQbg/IO/0*4 
2026-09-27T05:13:16+04:00	ck8o-mirror-256k	4	3761872	363	2	27869184	6049792	uv*1 main2*1 
2026-09-27T05:13:16+04:00	ck8o-mirror-256k	4	3761907	3761872	57	977113088	698785792	ft*51 ZMQbg/Reaper*3 ZMQbg/IO/0*3 
2026-09-27T05:13:16+04:00	ck8o-mirror-256k	4	3762020	3761907	1	12705792	5943296	python3*1 
2026-09-27T05:13:16+04:00	ck8o-mirror-256k	4	3762021	3761907	45	17131462656	16530714624	python3*36 pt_gloo_runloop*2 ZMQbg/Reaper*2 ZMQbg/IO/0*2 pt_tcpstore_uv*1 cuda0000240000a*1 
2026-09-27T05:13:16+04:00	ck8o-mirror-256k	4	3762022	3761907	57	919412736	645951488	python3*49 ZMQbg/Reaper*4 ZMQbg/IO/0*4 
2026-09-27T05:13:29+04:00	ck8o-mirror-256k	4	3761872	363	2	27869184	6049792	uv*1 main2*1 
2026-09-27T05:13:29+04:00	ck8o-mirror-256k	4	3761907	3761872	57	977113088	698785792	ft*51 ZMQbg/Reaper*3 ZMQbg/IO/0*3 
2026-09-27T05:13:29+04:00	ck8o-mirror-256k	4	3762020	3761907	1	12705792	5943296	python3*1 
2026-09-27T05:13:29+04:00	ck8o-mirror-256k	4	3762021	3761907	45	17131573248	16530825216	python3*36 pt_gloo_runloop*2 ZMQbg/Reaper*2 ZMQbg/IO/0*2 pt_tcpstore_uv*1 cuda0000240000a*1 
2026-09-27T05:13:29+04:00	ck8o-mirror-256k	4	3762022	3761907	57	919412736	645951488	python3*49 ZMQbg/Reaper*4 ZMQbg/IO/0*4 
2026-09-27T05:13:40+04:00	ck8o-mirror-256k	4	3761872	363	2	27869184	6049792	uv*1 main2*1 
2026-09-27T05:13:40+04:00	ck8o-mirror-256k	4	3761907	3761872	57	977113088	698785792	ft*51 ZMQbg/Reaper*3 ZMQbg/IO/0*3 
2026-09-27T05:13:40+04:00	ck8o-mirror-256k	4	3762020	3761907	1	12705792	5943296	python3*1 
2026-09-27T05:13:40+04:00	ck8o-mirror-256k	4	3762021	3761907	45	17131667456	16530919424	python3*36 pt_gloo_runloop*2 ZMQbg/Reaper*2 ZMQbg/IO/0*2 pt_tcpstore_uv*1 cuda0000240000a*1 
2026-09-27T05:13:40+04:00	ck8o-mirror-256k	4	3762022	3761907	57	919412736	645951488	python3*49 ZMQbg/Reaper*4 ZMQbg/IO/0*4 
2026-09-27T05:13:50+04:00	ck8o-mirror-256k	4	3761872	363	2	27869184	6049792	uv*1 main2*1 
2026-09-27T05:13:50+04:00	ck8o-mirror-256k	4	3761907	3761872	57	977113088	698785792	ft*51 ZMQbg/Reaper*3 ZMQbg/IO/0*3 
2026-09-27T05:13:50+04:00	ck8o-mirror-256k	4	3762020	3761907	1	12705792	5943296	python3*1 
2026-09-27T05:13:50+04:00	ck8o-mirror-256k	4	3762021	3761907	45	17131778048	16531030016	python3*36 pt_gloo_runloop*2 ZMQbg/Reaper*2 ZMQbg/IO/0*2 pt_tcpstore_uv*1 cuda0000240000a*1 
2026-09-27T05:13:50+04:00	ck8o-mirror-256k	4	3762022	3761907	57	919412736	645951488	python3*49 ZMQbg/Reaper*4 ZMQbg/IO/0*4 
2026-09-27T05:14:00+04:00	ck8o-mirror-256k	4	3761872	363	2	27869184	6049792	uv*1 main2*1 
2026-09-27T05:14:00+04:00	ck8o-mirror-256k	4	3761907	3761872	57	977113088	698785792	ft*51 ZMQbg/Reaper*3 ZMQbg/IO/0*3 
2026-09-27T05:14:00+04:00	ck8o-mirror-256k	4	3762020	3761907	1	12705792	5943296	python3*1 
2026-09-27T05:14:00+04:00	ck8o-mirror-256k	4	3762021	3761907	45	17131872256	16531124224	python3*36 pt_gloo_runloop*2 ZMQbg/Reaper*2 ZMQbg/IO/0*2 pt_tcpstore_uv*1 cuda0000240000a*1 
2026-09-27T05:14:00+04:00	ck8o-mirror-256k	4	3762022	3761907	57	919412736	645951488	python3*49 ZMQbg/Reaper*4 ZMQbg/IO/0*4 
2026-09-27T05:14:12+04:00	ck8o-mirror-256k	4	3761872	363	2	27869184	6049792	uv*1 main2*1 
2026-09-27T05:14:12+04:00	ck8o-mirror-256k	4	3761907	3761872	57	977113088	698785792	ft*51 ZMQbg/Reaper*3 ZMQbg/IO/0*3 
2026-09-27T05:14:12+04:00	ck8o-mirror-256k	4	3762020	3761907	1	12705792	5943296	python3*1 
2026-09-27T05:14:12+04:00	ck8o-mirror-256k	4	3762021	3761907	45	17131991040	16531243008	python3*36 pt_gloo_runloop*2 ZMQbg/Reaper*2 ZMQbg/IO/0*2 pt_tcpstore_uv*1 cuda0000240000a*1 
2026-09-27T05:14:12+04:00	ck8o-mirror-256k	4	3762022	3761907	57	919412736	645951488	python3*49 ZMQbg/Reaper*4 ZMQbg/IO/0*4 
2026-09-27T05:14:22+04:00	ck8o-mirror-256k	4	3761872	363	2	27869184	6049792	uv*1 main2*1 
2026-09-27T05:14:22+04:00	ck8o-mirror-256k	4	3761907	3761872	57	977113088	698785792	ft*51 ZMQbg/Reaper*3 ZMQbg/IO/0*3 
2026-09-27T05:14:22+04:00	ck8o-mirror-256k	4	3762020	3761907	1	12705792	5943296	python3*1 
2026-09-27T05:14:22+04:00	ck8o-mirror-256k	4	3762021	3761907	45	17132097536	16531349504	python3*36 pt_gloo_runloop*2 ZMQbg/Reaper*2 ZMQbg/IO/0*2 pt_tcpstore_uv*1 cuda0000240000a*1 
2026-09-27T05:14:23+04:00	ck8o-mirror-256k	4	3762022	3761907	57	919412736	645951488	python3*49 ZMQbg/Reaper*4 ZMQbg/IO/0*4 
2026-09-27T05:14:33+04:00	ck8o-mirror-256k	4	3761872	363	2	27869184	6049792	uv*1 main2*1 
2026-09-27T05:14:33+04:00	ck8o-mirror-256k	4	3761907	3761872	57	977113088	698785792	ft*51 ZMQbg/Reaper*3 ZMQbg/IO/0*3 
2026-09-27T05:14:33+04:00	ck8o-mirror-256k	4	3762020	3761907	1	12705792	5943296	python3*1 
2026-09-27T05:14:33+04:00	ck8o-mirror-256k	4	3762021	3761907	45	17132212224	16531464192	python3*36 pt_gloo_runloop*2 ZMQbg/Reaper*2 ZMQbg/IO/0*2 pt_tcpstore_uv*1 cuda0000240000a*1 
2026-09-27T05:14:33+04:00	ck8o-mirror-256k	4	3762022	3761907	57	919412736	645951488	python3*49 ZMQbg/Reaper*4 ZMQbg/IO/0*4 
2026-09-27T05:14:46+04:00	ck8o-mirror-256k	4	3761872	363	2	27869184	6049792	uv*1 main2*1 
2026-09-27T05:14:46+04:00	ck8o-mirror-256k	4	3761907	3761872	57	977113088	698785792	ft*51 ZMQbg/Reaper*3 ZMQbg/IO/0*3 
2026-09-27T05:14:46+04:00	ck8o-mirror-256k	4	3762020	3761907	1	12705792	5943296	python3*1 
2026-09-27T05:14:46+04:00	ck8o-mirror-256k	4	3762021	3761907	45	17132306432	16531558400	python3*36 pt_gloo_runloop*2 ZMQbg/Reaper*2 ZMQbg/IO/0*2 pt_tcpstore_uv*1 cuda0000240000a*1 
2026-09-27T05:14:46+04:00	ck8o-mirror-256k	4	3762022	3761907	57	919412736	645951488	python3*49 ZMQbg/Reaper*4 ZMQbg/IO/0*4 
2026-09-27T05:14:56+04:00	ck8o-mirror-256k	4	3761872	363	2	27869184	6049792	uv*1 main2*1 
2026-09-27T05:14:56+04:00	ck8o-mirror-256k	4	3761907	3761872	57	977113088	698785792	ft*51 ZMQbg/Reaper*3 ZMQbg/IO/0*3 
2026-09-27T05:14:56+04:00	ck8o-mirror-256k	4	3762020	3761907	1	12705792	5943296	python3*1 
2026-09-27T05:14:56+04:00	ck8o-mirror-256k	4	3762021	3761907	45	17132417024	16531668992	python3*36 pt_gloo_runloop*2 ZMQbg/Reaper*2 ZMQbg/IO/0*2 pt_tcpstore_uv*1 cuda0000240000a*1 
2026-09-27T05:14:57+04:00	ck8o-mirror-256k	4	3762022	3761907	57	919412736	645951488	python3*49 ZMQbg/Reaper*4 ZMQbg/IO/0*4 
2026-09-27T05:15:07+04:00	ck8o-mirror-256k	4	3761872	363	2	27869184	6049792	uv*1 main2*1 
2026-09-27T05:15:07+04:00	ck8o-mirror-256k	4	3761907	3761872	57	977113088	698785792	ft*51 ZMQbg/Reaper*3 ZMQbg/IO/0*3 
2026-09-27T05:15:07+04:00	ck8o-mirror-256k	4	3762020	3761907	1	12705792	5943296	python3*1 
2026-09-27T05:15:07+04:00	ck8o-mirror-256k	4	3762021	3761907	45	17132511232	16531763200	python3*36 pt_gloo_runloop*2 ZMQbg/Reaper*2 ZMQbg/IO/0*2 pt_tcpstore_uv*1 cuda0000240000a*1 
2026-09-27T05:15:07+04:00	ck8o-mirror-256k	4	3762022	3761907	57	919412736	645951488	python3*49 ZMQbg/Reaper*4 ZMQbg/IO/0*4 
2026-09-27T05:15:19+04:00	ck8o-mirror-256k	4	3761872	363	2	27869184	6049792	uv*1 main2*1 
2026-09-27T05:15:19+04:00	ck8o-mirror-256k	4	3761907	3761872	57	977113088	698785792	ft*51 ZMQbg/Reaper*3 ZMQbg/IO/0*3 
2026-09-27T05:15:19+04:00	ck8o-mirror-256k	4	3762020	3761907	1	12705792	5943296	python3*1 
2026-09-27T05:15:19+04:00	ck8o-mirror-256k	4	3762021	3761907	45	17132625920	16531877888	python3*36 pt_gloo_runloop*2 ZMQbg/Reaper*2 ZMQbg/IO/0*2 pt_tcpstore_uv*1 cuda0000240000a*1 
2026-09-27T05:15:19+04:00	ck8o-mirror-256k	4	3762022	3761907	57	919412736	645951488	python3*49 ZMQbg/Reaper*4 ZMQbg/IO/0*4 
2026-09-27T05:15:30+04:00	ck8o-mirror-256k	4	3761872	363	2	27869184	6049792	uv*1 main2*1 
2026-09-27T05:15:30+04:00	ck8o-mirror-256k	4	3761907	3761872	57	977113088	698785792	ft*51 ZMQbg/Reaper*3 ZMQbg/IO/0*3 
2026-09-27T05:15:30+04:00	ck8o-mirror-256k	4	3762020	3761907	1	12705792	5943296	python3*1 
2026-09-27T05:15:30+04:00	ck8o-mirror-256k	4	3762021	3761907	45	17132724224	16531976192	python3*36 pt_gloo_runloop*2 ZMQbg/Reaper*2 ZMQbg/IO/0*2 pt_tcpstore_uv*1 cuda0000240000a*1 
2026-09-27T05:15:30+04:00	ck8o-mirror-256k	4	3762022	3761907	57	919412736	645951488	python3*49 ZMQbg/Reaper*4 ZMQbg/IO/0*4 
2026-09-27T05:15:40+04:00	ck8o-mirror-256k	4	3761872	363	2	27869184	6049792	uv*1 main2*1 
2026-09-27T05:15:40+04:00	ck8o-mirror-256k	4	3761907	3761872	57	977113088	698785792	ft*51 ZMQbg/Reaper*3 ZMQbg/IO/0*3 
2026-09-27T05:15:40+04:00	ck8o-mirror-256k	4	3762020	3761907	1	12705792	5943296	python3*1 
2026-09-27T05:15:40+04:00	ck8o-mirror-256k	4	3762021	3761907	45	17132838912	16532090880	python3*36 pt_gloo_runloop*2 ZMQbg/Reaper*2 ZMQbg/IO/0*2 pt_tcpstore_uv*1 cuda0000240000a*1 
2026-09-27T05:15:40+04:00	ck8o-mirror-256k	4	3762022	3761907	57	919412736	645951488	python3*49 ZMQbg/Reaper*4 ZMQbg/IO/0*4 
2026-09-27T05:15:53+04:00	ck8o-mirror-256k	4	3761872	363	2	27869184	6049792	uv*1 main2*1 
2026-09-27T05:15:53+04:00	ck8o-mirror-256k	4	3761907	3761872	57	977113088	698785792	ft*51 ZMQbg/Reaper*3 ZMQbg/IO/0*3 
2026-09-27T05:15:53+04:00	ck8o-mirror-256k	4	3762020	3761907	1	12705792	5943296	python3*1 
2026-09-27T05:15:53+04:00	ck8o-mirror-256k	4	3762021	3761907	45	17132929024	16532180992	python3*36 pt_gloo_runloop*2 ZMQbg/Reaper*2 ZMQbg/IO/0*2 pt_tcpstore_uv*1 cuda0000240000a*1 
2026-09-27T05:15:54+04:00	ck8o-mirror-256k	4	3762022	3761907	57	919412736	645951488	python3*49 ZMQbg/Reaper*4 ZMQbg/IO/0*4 
2026-09-27T05:16:04+04:00	ck8o-mirror-256k	4	3761872	363	2	27869184	6049792	uv*1 main2*1 
2026-09-27T05:16:04+04:00	ck8o-mirror-256k	4	3761907	3761872	57	977760256	699432960	ft*51 ZMQbg/Reaper*3 ZMQbg/IO/0*3 
2026-09-27T05:16:04+04:00	ck8o-mirror-256k	4	3762020	3761907	1	12705792	5943296	python3*1 
2026-09-27T05:16:04+04:00	ck8o-mirror-256k	4	3762021	3761907	45	17135104000	16534355968	python3*36 pt_gloo_runloop*2 ZMQbg/Reaper*2 ZMQbg/IO/0*2 pt_tcpstore_uv*1 cuda0000240000a*1 
2026-09-27T05:16:04+04:00	ck8o-mirror-256k	4	3762022	3761907	57	919412736	645951488	python3*49 ZMQbg/Reaper*4 ZMQbg/IO/0*4 
2026-09-27T05:16:14+04:00	ck8o-mirror-256k	4	3761872	363	2	27869184	6049792	uv*1 main2*1 
2026-09-27T05:16:14+04:00	ck8o-mirror-256k	4	3761907	3761872	57	978505728	700178432	ft*51 ZMQbg/Reaper*3 ZMQbg/IO/0*3 
2026-09-27T05:16:14+04:00	ck8o-mirror-256k	4	3762020	3761907	1	12705792	5943296	python3*1 
2026-09-27T05:16:14+04:00	ck8o-mirror-256k	4	3762021	3761907	45	17135104000	16534355968	python3*36 pt_gloo_runloop*2 ZMQbg/Reaper*2 ZMQbg/IO/0*2 pt_tcpstore_uv*1 cuda0000240000a*1 
2026-09-27T05:16:14+04:00	ck8o-mirror-256k	4	3762022	3761907	57	919412736	645951488	python3*49 ZMQbg/Reaper*4 ZMQbg/IO/0*4 
2026-09-27T05:16:27+04:00	ck8o-mirror-256k	4	3761872	363	2	27869184	6049792	uv*1 main2*1 
2026-09-27T05:16:27+04:00	ck8o-mirror-256k	4	3761907	3761872	57	978505728	700178432	ft*51 ZMQbg/Reaper*3 ZMQbg/IO/0*3 
2026-09-27T05:16:27+04:00	ck8o-mirror-256k	4	3762020	3761907	1	12705792	5943296	python3*1 
2026-09-27T05:16:27+04:00	ck8o-mirror-256k	4	3762021	3761907	45	17135116288	16534368256	python3*36 pt_gloo_runloop*2 ZMQbg/Reaper*2 ZMQbg/IO/0*2 pt_tcpstore_uv*1 cuda0000240000a*1 
2026-09-27T05:16:27+04:00	ck8o-mirror-256k	4	3762022	3761907	57	919412736	645951488	python3*49 ZMQbg/Reaper*4 ZMQbg/IO/0*4 
2026-09-27T05:16:37+04:00	ck8o-mirror-256k	4	3761872	363	2	27869184	6049792	uv*1 main2*1 
2026-09-27T05:16:37+04:00	ck8o-mirror-256k	4	3761907	3761872	57	978505728	700178432	ft*51 ZMQbg/Reaper*3 ZMQbg/IO/0*3 
2026-09-27T05:16:37+04:00	ck8o-mirror-256k	4	3762020	3761907	1	12705792	5943296	python3*1 
2026-09-27T05:16:37+04:00	ck8o-mirror-256k	4	3762021	3761907	45	17135120384	16534372352	python3*36 pt_gloo_runloop*2 ZMQbg/Reaper*2 ZMQbg/IO/0*2 pt_tcpstore_uv*1 cuda0000240000a*1 
2026-09-27T05:16:38+04:00	ck8o-mirror-256k	4	3762022	3761907	57	919412736	645951488	python3*49 ZMQbg/Reaper*4 ZMQbg/IO/0*4 
2026-09-27T05:16:48+04:00	ck8o-mirror-256k	4	3761872	363	2	27869184	6049792	uv*1 main2*1 
2026-09-27T05:16:48+04:00	ck8o-mirror-256k	4	3761907	3761872	57	978505728	700178432	ft*51 ZMQbg/Reaper*3 ZMQbg/IO/0*3 
2026-09-27T05:16:48+04:00	ck8o-mirror-256k	4	3762020	3761907	1	12705792	5943296	python3*1 
2026-09-27T05:16:48+04:00	ck8o-mirror-256k	4	3762021	3761907	45	17135120384	16534372352	python3*36 pt_gloo_runloop*2 ZMQbg/Reaper*2 ZMQbg/IO/0*2 pt_tcpstore_uv*1 cuda0000240000a*1 
2026-09-27T05:16:48+04:00	ck8o-mirror-256k	4	3762022	3761907	57	919412736	645951488	python3*49 ZMQbg/Reaper*4 ZMQbg/IO/0*4 
2026-09-27T05:17:00+04:00	ck8o-mirror-256k	4	3761872	363	2	27869184	6049792	uv*1 main2*1 
2026-09-27T05:17:00+04:00	ck8o-mirror-256k	4	3761907	3761872	57	978505728	700178432	ft*51 ZMQbg/Reaper*3 ZMQbg/IO/0*3 
2026-09-27T05:17:00+04:00	ck8o-mirror-256k	4	3762020	3761907	1	12705792	5943296	python3*1 
2026-09-27T05:17:00+04:00	ck8o-mirror-256k	4	3762021	3761907	45	17135120384	16534372352	python3*36 pt_gloo_runloop*2 ZMQbg/Reaper*2 ZMQbg/IO/0*2 pt_tcpstore_uv*1 cuda0000240000a*1 
2026-09-27T05:17:01+04:00	ck8o-mirror-256k	4	3762022	3761907	57	919412736	645951488	python3*49 ZMQbg/Reaper*4 ZMQbg/IO/0*4 
2026-09-27T05:17:11+04:00	ck8o-mirror-256k	4	3761872	363	2	27869184	6049792	uv*1 main2*1 
2026-09-27T05:17:11+04:00	ck8o-mirror-256k	4	3761907	3761872	57	978505728	700178432	ft*51 ZMQbg/Reaper*3 ZMQbg/IO/0*3 
2026-09-27T05:17:11+04:00	ck8o-mirror-256k	4	3762020	3761907	1	12705792	5943296	python3*1 
2026-09-27T05:17:11+04:00	ck8o-mirror-256k	4	3762021	3761907	45	17135120384	16534372352	python3*36 pt_gloo_runloop*2 ZMQbg/Reaper*2 ZMQbg/IO/0*2 pt_tcpstore_uv*1 cuda0000240000a*1 
2026-09-27T05:17:11+04:00	ck8o-mirror-256k	4	3762022	3761907	57	919412736	645951488	python3*49 ZMQbg/Reaper*4 ZMQbg/IO/0*4 
2026-09-27T05:17:21+04:00	ck8o-mirror-256k	4	3761872	363	2	27869184	6049792	uv*1 main2*1 
2026-09-27T05:17:21+04:00	ck8o-mirror-256k	4	3761907	3761872	57	978505728	700178432	ft*51 ZMQbg/Reaper*3 ZMQbg/IO/0*3 
2026-09-27T05:17:21+04:00	ck8o-mirror-256k	4	3762020	3761907	1	12705792	5943296	python3*1 
2026-09-27T05:17:21+04:00	ck8o-mirror-256k	4	3762021	3761907	45	17135120384	16534372352	python3*36 pt_gloo_runloop*2 ZMQbg/Reaper*2 ZMQbg/IO/0*2 pt_tcpstore_uv*1 cuda0000240000a*1 
2026-09-27T05:17:21+04:00	ck8o-mirror-256k	4	3762022	3761907	57	919412736	645951488	python3*49 ZMQbg/Reaper*4 ZMQbg/IO/0*4 
2026-09-27T05:17:34+04:00	ck8o-mirror-256k	4	3761872	363	2	27869184	6049792	uv*1 main2*1 
2026-09-27T05:17:34+04:00	ck8o-mirror-256k	4	3761907	3761872	57	978505728	700178432	ft*51 ZMQbg/Reaper*3 ZMQbg/IO/0*3 
2026-09-27T05:17:34+04:00	ck8o-mirror-256k	4	3762020	3761907	1	12705792	5943296	python3*1 
2026-09-27T05:17:34+04:00	ck8o-mirror-256k	4	3762021	3761907	45	17135124480	16534376448	python3*36 pt_gloo_runloop*2 ZMQbg/Reaper*2 ZMQbg/IO/0*2 pt_tcpstore_uv*1 cuda0000240000a*1 
2026-09-27T05:17:34+04:00	ck8o-mirror-256k	4	3762022	3761907	57	919412736	645951488	python3*49 ZMQbg/Reaper*4 ZMQbg/IO/0*4 
2026-09-27T05:17:44+04:00	ck8o-mirror-256k	4	3761872	363	2	27869184	6049792	uv*1 main2*1 
2026-09-27T05:17:44+04:00	ck8o-mirror-256k	4	3761907	3761872	57	978505728	700178432	ft*51 ZMQbg/Reaper*3 ZMQbg/IO/0*3 
2026-09-27T05:17:44+04:00	ck8o-mirror-256k	4	3762020	3761907	1	12705792	5943296	python3*1 
2026-09-27T05:17:44+04:00	ck8o-mirror-256k	4	3762021	3761907	45	17135124480	16534376448	python3*36 pt_gloo_runloop*2 ZMQbg/Reaper*2 ZMQbg/IO/0*2 pt_tcpstore_uv*1 cuda0000240000a*1 
2026-09-27T05:17:44+04:00	ck8o-mirror-256k	4	3762022	3761907	57	919412736	645951488	python3*49 ZMQbg/Reaper*4 ZMQbg/IO/0*4 
2026-09-27T05:17:54+04:00	ck8o-mirror-256k	4	3761872	363	2	27869184	6049792	uv*1 main2*1 
2026-09-27T05:17:54+04:00	ck8o-mirror-256k	4	3761907	3761872	57	978505728	700178432	ft*51 ZMQbg/Reaper*3 ZMQbg/IO/0*3 
2026-09-27T05:17:54+04:00	ck8o-mirror-256k	4	3762020	3761907	1	12705792	5943296	python3*1 
2026-09-27T05:17:54+04:00	ck8o-mirror-256k	4	3762021	3761907	45	17135124480	16534376448	python3*36 pt_gloo_runloop*2 ZMQbg/Reaper*2 ZMQbg/IO/0*2 pt_tcpstore_uv*1 cuda0000240000a*1 
2026-09-27T05:17:54+04:00	ck8o-mirror-256k	4	3762022	3761907	57	919412736	645951488	python3*49 ZMQbg/Reaper*4 ZMQbg/IO/0*4 
2026-09-27T05:18:05+04:00	ck8o-mirror-256k	4	3761872	363	2	27869184	6049792	uv*1 main2*1 
2026-09-27T05:18:05+04:00	ck8o-mirror-256k	4	3761907	3761872	57	978505728	700178432	ft*51 ZMQbg/Reaper*3 ZMQbg/IO/0*3 
2026-09-27T05:18:05+04:00	ck8o-mirror-256k	4	3762020	3761907	1	12705792	5943296	python3*1 
2026-09-27T05:18:05+04:00	ck8o-mirror-256k	4	3762021	3761907	45	17135124480	16534376448	python3*36 pt_gloo_runloop*2 ZMQbg/Reaper*2 ZMQbg/IO/0*2 pt_tcpstore_uv*1 cuda0000240000a*1 
2026-09-27T05:18:05+04:00	ck8o-mirror-256k	4	3762022	3761907	57	919412736	645951488	python3*49 ZMQbg/Reaper*4 ZMQbg/IO/0*4 
2026-09-27T05:18:18+04:00	ck8o-mirror-256k	4	3761872	363	2	27869184	6049792	uv*1 main2*1 
2026-09-27T05:18:18+04:00	ck8o-mirror-256k	4	3761907	3761872	57	978505728	700178432	ft*51 ZMQbg/Reaper*3 ZMQbg/IO/0*3 
2026-09-27T05:18:18+04:00	ck8o-mirror-256k	4	3762020	3761907	1	12705792	5943296	python3*1 
2026-09-27T05:18:18+04:00	ck8o-mirror-256k	4	3762021	3761907	45	17135124480	16534376448	python3*36 pt_gloo_runloop*2 ZMQbg/Reaper*2 ZMQbg/IO/0*2 pt_tcpstore_uv*1 cuda0000240000a*1 
2026-09-27T05:18:18+04:00	ck8o-mirror-256k	4	3762022	3761907	57	919412736	645951488	python3*49 ZMQbg/Reaper*4 ZMQbg/IO/0*4 
2026-09-27T05:18:28+04:00	ck8o-mirror-256k	4	3761872	363	2	27869184	6049792	uv*1 main2*1 
2026-09-27T05:18:28+04:00	ck8o-mirror-256k	4	3761907	3761872	57	978505728	700178432	ft*51 ZMQbg/Reaper*3 ZMQbg/IO/0*3 
2026-09-27T05:18:28+04:00	ck8o-mirror-256k	4	3762020	3761907	1	12705792	5943296	python3*1 
2026-09-27T05:18:28+04:00	ck8o-mirror-256k	4	3762021	3761907	45	17135124480	16534376448	python3*36 pt_gloo_runloop*2 ZMQbg/Reaper*2 ZMQbg/IO/0*2 pt_tcpstore_uv*1 cuda0000240000a*1 
2026-09-27T05:18:28+04:00	ck8o-mirror-256k	4	3762022	3761907	57	919412736	645951488	python3*49 ZMQbg/Reaper*4 ZMQbg/IO/0*4 
2026-09-27T05:18:38+04:00	ck8o-mirror-256k	4	3761872	363	2	27869184	6049792	uv*1 main2*1 
2026-09-27T05:18:38+04:00	ck8o-mirror-256k	4	3761907	3761872	57	978505728	700178432	ft*51 ZMQbg/Reaper*3 ZMQbg/IO/0*3 
2026-09-27T05:18:38+04:00	ck8o-mirror-256k	4	3762020	3761907	1	12705792	5943296	python3*1 
2026-09-27T05:18:38+04:00	ck8o-mirror-256k	4	3762021	3761907	45	17135124480	16534376448	python3*36 pt_gloo_runloop*2 ZMQbg/Reaper*2 ZMQbg/IO/0*2 pt_tcpstore_uv*1 cuda0000240000a*1 
2026-09-27T05:18:38+04:00	ck8o-mirror-256k	4	3762022	3761907	57	919412736	645951488	python3*49 ZMQbg/Reaper*4 ZMQbg/IO/0*4 
2026-09-27T05:18:52+04:00	ck8o-mirror-256k	4	3761872	363	2	27869184	6049792	uv*1 main2*1 
2026-09-27T05:18:52+04:00	ck8o-mirror-256k	4	3761907	3761872	57	978505728	700178432	ft*51 ZMQbg/Reaper*3 ZMQbg/IO/0*3 
2026-09-27T05:18:52+04:00	ck8o-mirror-256k	4	3762020	3761907	1	12705792	5943296	python3*1 
2026-09-27T05:18:52+04:00	ck8o-mirror-256k	4	3762021	3761907	45	17135124480	16534376448	python3*36 pt_gloo_runloop*2 ZMQbg/Reaper*2 ZMQbg/IO/0*2 pt_tcpstore_uv*1 cuda0000240000a*1 
2026-09-27T05:18:52+04:00	ck8o-mirror-256k	4	3762022	3761907	57	919412736	645951488	python3*49 ZMQbg/Reaper*4 ZMQbg/IO/0*4 
2026-09-27T05:19:02+04:00	ck8o-mirror-256k	4	3761872	363	2	27869184	6049792	uv*1 main2*1 
2026-09-27T05:19:02+04:00	ck8o-mirror-256k	4	3761907	3761872	57	978505728	700178432	ft*51 ZMQbg/Reaper*3 ZMQbg/IO/0*3 
2026-09-27T05:19:02+04:00	ck8o-mirror-256k	4	3762020	3761907	1	12705792	5943296	python3*1 
2026-09-27T05:19:02+04:00	ck8o-mirror-256k	4	3762021	3761907	45	17135124480	16534376448	python3*36 pt_gloo_runloop*2 ZMQbg/Reaper*2 ZMQbg/IO/0*2 pt_tcpstore_uv*1 cuda0000240000a*1 
2026-09-27T05:19:02+04:00	ck8o-mirror-256k	4	3762022	3761907	57	919412736	645951488	python3*49 ZMQbg/Reaper*4 ZMQbg/IO/0*4 
2026-09-27T05:19:12+04:00	ck8o-mirror-256k	4	3761872	363	2	27869184	6049792	uv*1 main2*1 
2026-09-27T05:19:12+04:00	ck8o-mirror-256k	4	3761907	3761872	57	978505728	700178432	ft*51 ZMQbg/Reaper*3 ZMQbg/IO/0*3 
2026-09-27T05:19:12+04:00	ck8o-mirror-256k	4	3762020	3761907	1	12705792	5943296	python3*1 
2026-09-27T05:19:12+04:00	ck8o-mirror-256k	4	3762021	3761907	45	17135124480	16534376448	python3*36 pt_gloo_runloop*2 ZMQbg/Reaper*2 ZMQbg/IO/0*2 pt_tcpstore_uv*1 cuda0000240000a*1 
2026-09-27T05:19:12+04:00	ck8o-mirror-256k	4	3762022	3761907	57	919412736	645951488	python3*49 ZMQbg/Reaper*4 ZMQbg/IO/0*4 
2026-09-27T05:19:25+04:00	ck8o-mirror-256k	4	3761872	363	2	27869184	6049792	uv*1 main2*1 
2026-09-27T05:19:25+04:00	ck8o-mirror-256k	4	3761907	3761872	57	978505728	700178432	ft*51 ZMQbg/Reaper*3 ZMQbg/IO/0*3 
2026-09-27T05:19:25+04:00	ck8o-mirror-256k	4	3762020	3761907	1	12705792	5943296	python3*1 
2026-09-27T05:19:25+04:00	ck8o-mirror-256k	4	3762021	3761907	45	17135124480	16534376448	python3*36 pt_gloo_runloop*2 ZMQbg/Reaper*2 ZMQbg/IO/0*2 pt_tcpstore_uv*1 cuda0000240000a*1 
2026-09-27T05:19:25+04:00	ck8o-mirror-256k	4	3762022	3761907	57	919412736	645951488	python3*49 ZMQbg/Reaper*4 ZMQbg/IO/0*4 
2026-09-27T05:19:35+04:00	ck8o-mirror-256k	4	3761872	363	2	27869184	6049792	uv*1 main2*1 
2026-09-27T05:19:35+04:00	ck8o-mirror-256k	4	3761907	3761872	57	978505728	700178432	ft*51 ZMQbg/Reaper*3 ZMQbg/IO/0*3 
2026-09-27T05:19:35+04:00	ck8o-mirror-256k	4	3762020	3761907	1	12705792	5943296	python3*1 
2026-09-27T05:19:35+04:00	ck8o-mirror-256k	4	3762021	3761907	45	17135124480	16534376448	python3*36 pt_gloo_runloop*2 ZMQbg/Reaper*2 ZMQbg/IO/0*2 pt_tcpstore_uv*1 cuda0000240000a*1 
2026-09-27T05:19:35+04:00	ck8o-mirror-256k	4	3762022	3761907	57	919412736	645951488	python3*49 ZMQbg/Reaper*4 ZMQbg/IO/0*4 
2026-09-27T05:19:45+04:00	ck8o-mirror-256k	4	3761872	363	2	27869184	6049792	uv*1 main2*1 
2026-09-27T05:19:45+04:00	ck8o-mirror-256k	4	3761907	3761872	57	978505728	700178432	ft*51 ZMQbg/Reaper*3 ZMQbg/IO/0*3 
2026-09-27T05:19:45+04:00	ck8o-mirror-256k	4	3762020	3761907	1	12705792	5943296	python3*1 
2026-09-27T05:19:46+04:00	ck8o-mirror-256k	4	3762021	3761907	45	17135153152	16534405120	python3*36 pt_gloo_runloop*2 ZMQbg/Reaper*2 ZMQbg/IO/0*2 pt_tcpstore_uv*1 cuda0000240000a*1 
2026-09-27T05:19:46+04:00	ck8o-mirror-256k	4	3762022	3761907	57	919412736	645951488	python3*49 ZMQbg/Reaper*4 ZMQbg/IO/0*4 
2026-09-27T05:19:58+04:00	ck8o-mirror-256k	4	3761872	363	2	27869184	6049792	uv*1 main2*1 
2026-09-27T05:19:58+04:00	ck8o-mirror-256k	4	3761907	3761872	57	978505728	700178432	ft*51 ZMQbg/Reaper*3 ZMQbg/IO/0*3 
2026-09-27T05:19:59+04:00	ck8o-mirror-256k	4	3762020	3761907	1	12705792	5943296	python3*1 
2026-09-27T05:19:59+04:00	ck8o-mirror-256k	4	3762021	3761907	45	17135230976	16534482944	python3*36 pt_gloo_runloop*2 ZMQbg/Reaper*2 ZMQbg/IO/0*2 pt_tcpstore_uv*1 cuda0000240000a*1 
2026-09-27T05:19:59+04:00	ck8o-mirror-256k	4	3762022	3761907	57	919412736	645951488	python3*49 ZMQbg/Reaper*4 ZMQbg/IO/0*4 
2026-09-27T05:20:09+04:00	ck8o-mirror-256k	4	3761872	363	2	27869184	6049792	uv*1 main2*1 
2026-09-27T05:20:09+04:00	ck8o-mirror-256k	4	3761907	3761872	57	978505728	700178432	ft*51 ZMQbg/Reaper*3 ZMQbg/IO/0*3 
2026-09-27T05:20:09+04:00	ck8o-mirror-256k	4	3762020	3761907	1	12705792	5943296	python3*1 
2026-09-27T05:20:09+04:00	ck8o-mirror-256k	4	3762021	3761907	45	17135312896	16534564864	python3*36 pt_gloo_runloop*2 ZMQbg/Reaper*2 ZMQbg/IO/0*2 pt_tcpstore_uv*1 cuda0000240000a*1 
2026-09-27T05:20:09+04:00	ck8o-mirror-256k	4	3762022	3761907	57	919412736	645951488	python3*49 ZMQbg/Reaper*4 ZMQbg/IO/0*4 
2026-09-27T05:20:19+04:00	ck8o-mirror-256k	4	3761872	363	2	27869184	6049792	uv*1 main2*1 
2026-09-27T05:20:19+04:00	ck8o-mirror-256k	4	3761907	3761872	57	978505728	700178432	ft*51 ZMQbg/Reaper*3 ZMQbg/IO/0*3 
2026-09-27T05:20:19+04:00	ck8o-mirror-256k	4	3762020	3761907	1	12705792	5943296	python3*1 
2026-09-27T05:20:19+04:00	ck8o-mirror-256k	4	3762021	3761907	45	17135394816	16534646784	python3*36 pt_gloo_runloop*2 ZMQbg/Reaper*2 ZMQbg/IO/0*2 pt_tcpstore_uv*1 cuda0000240000a*1 
2026-09-27T05:20:19+04:00	ck8o-mirror-256k	4	3762022	3761907	57	919412736	645951488	python3*49 ZMQbg/Reaper*4 ZMQbg/IO/0*4 
2026-09-27T05:20:32+04:00	ck8o-mirror-256k	4	3761872	363	2	27869184	6049792	uv*1 main2*1 
2026-09-27T05:20:32+04:00	ck8o-mirror-256k	4	3761907	3761872	57	978505728	700178432	ft*51 ZMQbg/Reaper*3 ZMQbg/IO/0*3 
2026-09-27T05:20:32+04:00	ck8o-mirror-256k	4	3762020	3761907	1	12705792	5943296	python3*1 
2026-09-27T05:20:32+04:00	ck8o-mirror-256k	4	3762021	3761907	45	17135497216	16534749184	python3*36 pt_gloo_runloop*2 ZMQbg/Reaper*2 ZMQbg/IO/0*2 pt_tcpstore_uv*1 cuda0000240000a*1 
2026-09-27T05:20:32+04:00	ck8o-mirror-256k	4	3762022	3761907	57	919412736	645951488	python3*49 ZMQbg/Reaper*4 ZMQbg/IO/0*4 
2026-09-27T05:20:42+04:00	ck8o-mirror-256k	4	3761872	363	2	27869184	6049792	uv*1 main2*1 
2026-09-27T05:20:42+04:00	ck8o-mirror-256k	4	3761907	3761872	57	978505728	700178432	ft*51 ZMQbg/Reaper*3 ZMQbg/IO/0*3 
2026-09-27T05:20:42+04:00	ck8o-mirror-256k	4	3762020	3761907	1	12705792	5943296	python3*1 
2026-09-27T05:20:42+04:00	ck8o-mirror-256k	4	3762021	3761907	45	17135575040	16534827008	python3*36 pt_gloo_runloop*2 ZMQbg/Reaper*2 ZMQbg/IO/0*2 pt_tcpstore_uv*1 cuda0000240000a*1 
2026-09-27T05:20:42+04:00	ck8o-mirror-256k	4	3762022	3761907	57	919412736	645951488	python3*49 ZMQbg/Reaper*4 ZMQbg/IO/0*4 
2026-09-27T05:20:52+04:00	ck8o-mirror-256k	4	3761872	363	2	27869184	6049792	uv*1 main2*1 
2026-09-27T05:20:52+04:00	ck8o-mirror-256k	4	3761907	3761872	57	978505728	700178432	ft*51 ZMQbg/Reaper*3 ZMQbg/IO/0*3 
2026-09-27T05:20:52+04:00	ck8o-mirror-256k	4	3762020	3761907	1	12705792	5943296	python3*1 
2026-09-27T05:20:52+04:00	ck8o-mirror-256k	4	3762021	3761907	45	17135673344	16534925312	python3*36 pt_gloo_runloop*2 ZMQbg/Reaper*2 ZMQbg/IO/0*2 pt_tcpstore_uv*1 cuda0000240000a*1 
2026-09-27T05:20:53+04:00	ck8o-mirror-256k	4	3762022	3761907	57	919412736	645951488	python3*49 ZMQbg/Reaper*4 ZMQbg/IO/0*4 
2026-09-27T05:21:05+04:00	ck8o-mirror-256k	4	3761872	363	2	27869184	6049792	uv*1 main2*1 
2026-09-27T05:21:05+04:00	ck8o-mirror-256k	4	3761907	3761872	57	978505728	700178432	ft*51 ZMQbg/Reaper*3 ZMQbg/IO/0*3 
2026-09-27T05:21:06+04:00	ck8o-mirror-256k	4	3762020	3761907	1	12705792	5943296	python3*1 
2026-09-27T05:21:06+04:00	ck8o-mirror-256k	4	3762021	3761907	45	17136467968	16535719936	python3*36 pt_gloo_runloop*2 ZMQbg/Reaper*2 ZMQbg/IO/0*2 pt_tcpstore_uv*1 cuda0000240000a*1 
2026-09-27T05:21:06+04:00	ck8o-mirror-256k	4	3762022	3761907	57	919412736	645951488	python3*49 ZMQbg/Reaper*4 ZMQbg/IO/0*4 
2026-09-27T05:21:16+04:00	ck8o-mirror-256k	4	3761872	363	2	27869184	6049792	uv*1 main2*1 
2026-09-27T05:21:16+04:00	ck8o-mirror-256k	4	3761907	3761872	57	978505728	700178432	ft*51 ZMQbg/Reaper*3 ZMQbg/IO/0*3 
2026-09-27T05:21:16+04:00	ck8o-mirror-256k	4	3762020	3761907	1	12705792	5943296	python3*1 
2026-09-27T05:21:16+04:00	ck8o-mirror-256k	4	3762021	3761907	45	17136467968	16535719936	python3*36 pt_gloo_runloop*2 ZMQbg/Reaper*2 ZMQbg/IO/0*2 pt_tcpstore_uv*1 cuda0000240000a*1 
2026-09-27T05:21:16+04:00	ck8o-mirror-256k	4	3762022	3761907	57	919412736	645951488	python3*49 ZMQbg/Reaper*4 ZMQbg/IO/0*4 
2026-09-27T05:21:26+04:00	ck8o-mirror-256k	4	3761872	363	2	27869184	6049792	uv*1 main2*1 
2026-09-27T05:21:26+04:00	ck8o-mirror-256k	4	3761907	3761872	57	978505728	700178432	ft*51 ZMQbg/Reaper*3 ZMQbg/IO/0*3 
2026-09-27T05:21:26+04:00	ck8o-mirror-256k	4	3762020	3761907	1	12705792	5943296	python3*1 
2026-09-27T05:21:26+04:00	ck8o-mirror-256k	4	3762021	3761907	45	17136467968	16535719936	python3*36 pt_gloo_runloop*2 ZMQbg/Reaper*2 ZMQbg/IO/0*2 pt_tcpstore_uv*1 cuda0000240000a*1 
2026-09-27T05:21:26+04:00	ck8o-mirror-256k	4	3762022	3761907	57	919412736	645951488	python3*49 ZMQbg/Reaper*4 ZMQbg/IO/0*4 
2026-09-27T05:21:36+04:00	ck8o-mirror-256k	4	3761872	363	2	27869184	6049792	uv*1 main2*1 
2026-09-27T05:21:36+04:00	ck8o-mirror-256k	4	3761907	3761872	57	978505728	700178432	ft*51 ZMQbg/Reaper*3 ZMQbg/IO/0*3 
2026-09-27T05:21:36+04:00	ck8o-mirror-256k	4	3762020	3761907	1	12705792	5943296	python3*1 
2026-09-27T05:21:36+04:00	ck8o-mirror-256k	4	3762021	3761907	45	17136467968	16535719936	python3*36 pt_gloo_runloop*2 ZMQbg/Reaper*2 ZMQbg/IO/0*2 pt_tcpstore_uv*1 cuda0000240000a*1 
2026-09-27T05:21:36+04:00	ck8o-mirror-256k	4	3762022	3761907	57	919412736	645951488	python3*49 ZMQbg/Reaper*4 ZMQbg/IO/0*4 
2026-09-27T05:21:49+04:00	ck8o-mirror-256k	4	3761872	363	2	27869184	6049792	uv*1 main2*1 
2026-09-27T05:21:49+04:00	ck8o-mirror-256k	4	3761907	3761872	57	978505728	700178432	ft*51 ZMQbg/Reaper*3 ZMQbg/IO/0*3 
2026-09-27T05:21:49+04:00	ck8o-mirror-256k	4	3762020	3761907	1	12705792	5943296	python3*1 
2026-09-27T05:21:49+04:00	ck8o-mirror-256k	4	3762021	3761907	45	17136467968	16535719936	python3*36 pt_gloo_runloop*2 ZMQbg/Reaper*2 ZMQbg/IO/0*2 pt_tcpstore_uv*1 cuda0000240000a*1 
2026-09-27T05:21:49+04:00	ck8o-mirror-256k	4	3762022	3761907	57	919412736	645951488	python3*49 ZMQbg/Reaper*4 ZMQbg/IO/0*4 
2026-09-27T05:21:59+04:00	ck8o-mirror-256k	4	3761872	363	2	27869184	6049792	uv*1 main2*1 
2026-09-27T05:21:59+04:00	ck8o-mirror-256k	4	3761907	3761872	57	978505728	700178432	ft*51 ZMQbg/Reaper*3 ZMQbg/IO/0*3 
2026-09-27T05:21:59+04:00	ck8o-mirror-256k	4	3762020	3761907	1	12705792	5943296	python3*1 
2026-09-27T05:21:59+04:00	ck8o-mirror-256k	4	3762021	3761907	45	17136467968	16535719936	python3*36 pt_gloo_runloop*2 ZMQbg/Reaper*2 ZMQbg/IO/0*2 pt_tcpstore_uv*1 cuda0000240000a*1 
2026-09-27T05:22:00+04:00	ck8o-mirror-256k	4	3762022	3761907	57	919412736	645951488	python3*49 ZMQbg/Reaper*4 ZMQbg/IO/0*4 
2026-09-27T05:22:10+04:00	ck8o-mirror-256k	4	3761872	363	2	27869184	6049792	uv*1 main2*1 
2026-09-27T05:22:10+04:00	ck8o-mirror-256k	4	3761907	3761872	57	978505728	700178432	ft*51 ZMQbg/Reaper*3 ZMQbg/IO/0*3 
2026-09-27T05:22:10+04:00	ck8o-mirror-256k	4	3762020	3761907	1	12705792	5943296	python3*1 
2026-09-27T05:22:10+04:00	ck8o-mirror-256k	4	3762021	3761907	45	17136529408	16535781376	python3*36 pt_gloo_runloop*2 ZMQbg/Reaper*2 ZMQbg/IO/0*2 pt_tcpstore_uv*1 cuda0000240000a*1 
2026-09-27T05:22:10+04:00	ck8o-mirror-256k	4	3762022	3761907	57	919412736	645951488	python3*49 ZMQbg/Reaper*4 ZMQbg/IO/0*4 
2026-09-27T05:22:23+04:00	ck8o-mirror-256k	4	3761872	363	2	27869184	6049792	uv*1 main2*1 
2026-09-27T05:22:23+04:00	ck8o-mirror-256k	4	3761907	3761872	57	978505728	700178432	ft*51 ZMQbg/Reaper*3 ZMQbg/IO/0*3 
2026-09-27T05:22:23+04:00	ck8o-mirror-256k	4	3762020	3761907	1	12705792	5943296	python3*1 
2026-09-27T05:22:23+04:00	ck8o-mirror-256k	4	3762021	3761907	45	17136631808	16535883776	python3*36 pt_gloo_runloop*2 ZMQbg/Reaper*2 ZMQbg/IO/0*2 pt_tcpstore_uv*1 cuda0000240000a*1 
2026-09-27T05:22:23+04:00	ck8o-mirror-256k	4	3762022	3761907	57	919412736	645951488	python3*49 ZMQbg/Reaper*4 ZMQbg/IO/0*4 
2026-09-27T05:22:33+04:00	ck8o-mirror-256k	4	3761872	363	2	27869184	6049792	uv*1 main2*1 
2026-09-27T05:22:33+04:00	ck8o-mirror-256k	4	3761907	3761872	57	978505728	700178432	ft*51 ZMQbg/Reaper*3 ZMQbg/IO/0*3 
2026-09-27T05:22:33+04:00	ck8o-mirror-256k	4	3762020	3761907	1	12705792	5943296	python3*1 
2026-09-27T05:22:33+04:00	ck8o-mirror-256k	4	3762021	3761907	45	17136705536	16535957504	python3*36 pt_gloo_runloop*2 ZMQbg/Reaper*2 ZMQbg/IO/0*2 pt_tcpstore_uv*1 cuda0000240000a*1 
2026-09-27T05:22:33+04:00	ck8o-mirror-256k	4	3762022	3761907	57	919412736	645951488	python3*49 ZMQbg/Reaper*4 ZMQbg/IO/0*4 
2026-09-27T05:22:43+04:00	ck8o-mirror-256k	4	3761872	363	2	27869184	6049792	uv*1 main2*1 
2026-09-27T05:22:43+04:00	ck8o-mirror-256k	4	3761907	3761872	57	978505728	700178432	ft*51 ZMQbg/Reaper*3 ZMQbg/IO/0*3 
2026-09-27T05:22:43+04:00	ck8o-mirror-256k	4	3762020	3761907	1	12705792	5943296	python3*1 
2026-09-27T05:22:43+04:00	ck8o-mirror-256k	4	3762021	3761907	45	17136787456	16536039424	python3*36 pt_gloo_runloop*2 ZMQbg/Reaper*2 ZMQbg/IO/0*2 pt_tcpstore_uv*1 cuda0000240000a*1 
2026-09-27T05:22:43+04:00	ck8o-mirror-256k	4	3762022	3761907	57	919412736	645951488	python3*49 ZMQbg/Reaper*4 ZMQbg/IO/0*4 
2026-09-27T05:22:56+04:00	ck8o-mirror-256k	4	3761872	363	2	27869184	6049792	uv*1 main2*1 
2026-09-27T05:22:56+04:00	ck8o-mirror-256k	4	3761907	3761872	57	978505728	700178432	ft*51 ZMQbg/Reaper*3 ZMQbg/IO/0*3 
2026-09-27T05:22:56+04:00	ck8o-mirror-256k	4	3762020	3761907	1	12705792	5943296	python3*1 
2026-09-27T05:22:56+04:00	ck8o-mirror-256k	4	3762021	3761907	45	17136877568	16536129536	python3*36 pt_gloo_runloop*2 ZMQbg/Reaper*2 ZMQbg/IO/0*2 pt_tcpstore_uv*1 cuda0000240000a*1 
2026-09-27T05:22:56+04:00	ck8o-mirror-256k	4	3762022	3761907	57	919412736	645951488	python3*49 ZMQbg/Reaper*4 ZMQbg/IO/0*4 
2026-09-27T05:23:06+04:00	ck8o-mirror-256k	4	3761872	363	2	27869184	6049792	uv*1 main2*1 
2026-09-27T05:23:06+04:00	ck8o-mirror-256k	4	3761907	3761872	57	978505728	700178432	ft*51 ZMQbg/Reaper*3 ZMQbg/IO/0*3 
2026-09-27T05:23:06+04:00	ck8o-mirror-256k	4	3762020	3761907	1	12705792	5943296	python3*1 
2026-09-27T05:23:06+04:00	ck8o-mirror-256k	4	3762021	3761907	45	17136947200	16536199168	python3*36 pt_gloo_runloop*2 ZMQbg/Reaper*2 ZMQbg/IO/0*2 pt_tcpstore_uv*1 cuda0000240000a*1 
2026-09-27T05:23:07+04:00	ck8o-mirror-256k	4	3762022	3761907	57	919412736	645951488	python3*49 ZMQbg/Reaper*4 ZMQbg/IO/0*4 
2026-09-27T05:23:17+04:00	ck8o-mirror-256k	4	3761872	363	2	27869184	6049792	uv*1 main2*1 
2026-09-27T05:23:17+04:00	ck8o-mirror-256k	4	3761907	3761872	57	978505728	700178432	ft*51 ZMQbg/Reaper*3 ZMQbg/IO/0*3 
2026-09-27T05:23:17+04:00	ck8o-mirror-256k	4	3762020	3761907	1	12705792	5943296	python3*1 
2026-09-27T05:23:17+04:00	ck8o-mirror-256k	4	3762021	3761907	45	17137025024	16536276992	python3*36 pt_gloo_runloop*2 ZMQbg/Reaper*2 ZMQbg/IO/0*2 pt_tcpstore_uv*1 cuda0000240000a*1 
2026-09-27T05:23:17+04:00	ck8o-mirror-256k	4	3762022	3761907	57	919412736	645951488	python3*49 ZMQbg/Reaper*4 ZMQbg/IO/0*4 
2026-09-27T05:23:30+04:00	ck8o-mirror-256k	4	3761872	363	2	27869184	6049792	uv*1 main2*1 
2026-09-27T05:23:30+04:00	ck8o-mirror-256k	4	3761907	3761872	57	978505728	700178432	ft*51 ZMQbg/Reaper*3 ZMQbg/IO/0*3 
2026-09-27T05:23:30+04:00	ck8o-mirror-256k	4	3762020	3761907	1	12705792	5943296	python3*1 
2026-09-27T05:23:30+04:00	ck8o-mirror-256k	4	3762021	3761907	45	17137119232	16536379392	python3*36 pt_gloo_runloop*2 ZMQbg/Reaper*2 ZMQbg/IO/0*2 pt_tcpstore_uv*1 cuda0000240000a*1 
2026-09-27T05:23:30+04:00	ck8o-mirror-256k	4	3762022	3761907	57	919412736	645951488	python3*49 ZMQbg/Reaper*4 ZMQbg/IO/0*4 
2026-09-27T05:23:40+04:00	ck8o-mirror-256k	4	3761872	363	2	27869184	6049792	uv*1 main2*1 
2026-09-27T05:23:40+04:00	ck8o-mirror-256k	4	3761907	3761872	57	978505728	700178432	ft*51 ZMQbg/Reaper*3 ZMQbg/IO/0*3 
2026-09-27T05:23:40+04:00	ck8o-mirror-256k	4	3762020	3761907	1	12705792	5943296	python3*1 
2026-09-27T05:23:40+04:00	ck8o-mirror-256k	4	3762021	3761907	45	17137197056	16536449024	python3*36 pt_gloo_runloop*2 ZMQbg/Reaper*2 ZMQbg/IO/0*2 pt_tcpstore_uv*1 cuda0000240000a*1 
2026-09-27T05:23:40+04:00	ck8o-mirror-256k	4	3762022	3761907	57	919412736	645951488	python3*49 ZMQbg/Reaper*4 ZMQbg/IO/0*4 
2026-09-27T05:23:50+04:00	ck8o-mirror-256k	4	3761872	363	2	27869184	6049792	uv*1 main2*1 
2026-09-27T05:23:50+04:00	ck8o-mirror-256k	4	3761907	3761872	57	978505728	700178432	ft*51 ZMQbg/Reaper*3 ZMQbg/IO/0*3 
2026-09-27T05:23:50+04:00	ck8o-mirror-256k	4	3762020	3761907	1	12705792	5943296	python3*1 
2026-09-27T05:23:50+04:00	ck8o-mirror-256k	4	3762021	3761907	45	17137274880	16536526848	python3*36 pt_gloo_runloop*2 ZMQbg/Reaper*2 ZMQbg/IO/0*2 pt_tcpstore_uv*1 cuda0000240000a*1 
2026-09-27T05:23:50+04:00	ck8o-mirror-256k	4	3762022	3761907	57	919412736	645951488	python3*49 ZMQbg/Reaper*4 ZMQbg/IO/0*4 
2026-09-27T05:24:03+04:00	ck8o-mirror-256k	4	3761872	363	2	27869184	6049792	uv*1 main2*1 
2026-09-27T05:24:03+04:00	ck8o-mirror-256k	4	3761907	3761872	57	978505728	700178432	ft*51 ZMQbg/Reaper*3 ZMQbg/IO/0*3 
2026-09-27T05:24:03+04:00	ck8o-mirror-256k	4	3762020	3761907	1	12705792	5943296	python3*1 
2026-09-27T05:24:03+04:00	ck8o-mirror-256k	4	3762021	3761907	45	17137344512	16536596480	python3*36 pt_gloo_runloop*2 ZMQbg/Reaper*2 ZMQbg/IO/0*2 pt_tcpstore_uv*1 cuda0000240000a*1 
2026-09-27T05:24:03+04:00	ck8o-mirror-256k	4	3762022	3761907	57	919412736	645951488	python3*49 ZMQbg/Reaper*4 ZMQbg/IO/0*4 
2026-09-27T05:24:13+04:00	ck8o-mirror-256k	4	3761872	363	2	27869184	6049792	uv*1 main2*1 
2026-09-27T05:24:13+04:00	ck8o-mirror-256k	4	3761907	3761872	57	978505728	700178432	ft*51 ZMQbg/Reaper*3 ZMQbg/IO/0*3 
2026-09-27T05:24:13+04:00	ck8o-mirror-256k	4	3762020	3761907	1	12705792	5943296	python3*1 
2026-09-27T05:24:13+04:00	ck8o-mirror-256k	4	3762021	3761907	45	17137430528	16536682496	python3*36 pt_gloo_runloop*2 ZMQbg/Reaper*2 ZMQbg/IO/0*2 pt_tcpstore_uv*1 cuda0000240000a*1 
2026-09-27T05:24:14+04:00	ck8o-mirror-256k	4	3762022	3761907	57	919412736	645951488	python3*49 ZMQbg/Reaper*4 ZMQbg/IO/0*4 
2026-09-27T05:24:24+04:00	ck8o-mirror-256k	4	3761872	363	2	27869184	6049792	uv*1 main2*1 
2026-09-27T05:24:24+04:00	ck8o-mirror-256k	4	3761907	3761872	57	978505728	700178432	ft*51 ZMQbg/Reaper*3 ZMQbg/IO/0*3 
2026-09-27T05:24:24+04:00	ck8o-mirror-256k	4	3762020	3761907	1	12705792	5943296	python3*1 
2026-09-27T05:24:24+04:00	ck8o-mirror-256k	4	3762021	3761907	45	17137512448	16536764416	python3*36 pt_gloo_runloop*2 ZMQbg/Reaper*2 ZMQbg/IO/0*2 pt_tcpstore_uv*1 cuda0000240000a*1 
2026-09-27T05:24:24+04:00	ck8o-mirror-256k	4	3762022	3761907	57	919412736	645951488	python3*49 ZMQbg/Reaper*4 ZMQbg/IO/0*4 
2026-09-27T05:24:37+04:00	ck8o-mirror-256k	4	3761872	363	2	27869184	6049792	uv*1 main2*1 
2026-09-27T05:24:37+04:00	ck8o-mirror-256k	4	3761907	3761872	57	978505728	700178432	ft*51 ZMQbg/Reaper*3 ZMQbg/IO/0*3 
2026-09-27T05:24:37+04:00	ck8o-mirror-256k	4	3762020	3761907	1	12705792	5943296	python3*1 
2026-09-27T05:24:37+04:00	ck8o-mirror-256k	4	3762021	3761907	45	17137577984	16536829952	python3*36 pt_gloo_runloop*2 ZMQbg/Reaper*2 ZMQbg/IO/0*2 pt_tcpstore_uv*1 cuda0000240000a*1 
2026-09-27T05:24:37+04:00	ck8o-mirror-256k	4	3762022	3761907	57	919412736	645951488	python3*49 ZMQbg/Reaper*4 ZMQbg/IO/0*4 
2026-09-27T05:24:47+04:00	ck8o-mirror-256k	4	3761872	363	2	27869184	6049792	uv*1 main2*1 
2026-09-27T05:24:47+04:00	ck8o-mirror-256k	4	3761907	3761872	57	978505728	700178432	ft*51 ZMQbg/Reaper*3 ZMQbg/IO/0*3 
2026-09-27T05:24:47+04:00	ck8o-mirror-256k	4	3762020	3761907	1	12705792	5943296	python3*1 
2026-09-27T05:24:47+04:00	ck8o-mirror-256k	4	3762021	3761907	45	17137684480	16536936448	python3*36 pt_gloo_runloop*2 ZMQbg/Reaper*2 ZMQbg/IO/0*2 pt_tcpstore_uv*1 cuda0000240000a*1 
2026-09-27T05:24:47+04:00	ck8o-mirror-256k	4	3762022	3761907	57	919412736	645951488	python3*49 ZMQbg/Reaper*4 ZMQbg/IO/0*4 
2026-09-27T05:24:57+04:00	ck8o-mirror-256k	4	3761872	363	2	27869184	6049792	uv*1 main2*1 
2026-09-27T05:24:57+04:00	ck8o-mirror-256k	4	3761907	3761872	57	978505728	700178432	ft*51 ZMQbg/Reaper*3 ZMQbg/IO/0*3 
2026-09-27T05:24:57+04:00	ck8o-mirror-256k	4	3762020	3761907	1	12705792	5943296	python3*1 
2026-09-27T05:24:57+04:00	ck8o-mirror-256k	4	3762021	3761907	45	17137762304	16537014272	python3*36 pt_gloo_runloop*2 ZMQbg/Reaper*2 ZMQbg/IO/0*2 pt_tcpstore_uv*1 cuda0000240000a*1 
2026-09-27T05:24:57+04:00	ck8o-mirror-256k	4	3762022	3761907	57	919412736	645951488	python3*49 ZMQbg/Reaper*4 ZMQbg/IO/0*4 
2026-09-27T05:25:10+04:00	ck8o-mirror-256k	4	3761872	363	2	27869184	6049792	uv*1 main2*1 
2026-09-27T05:25:10+04:00	ck8o-mirror-256k	4	3761907	3761872	57	978505728	700178432	ft*51 ZMQbg/Reaper*3 ZMQbg/IO/0*3 
2026-09-27T05:25:10+04:00	ck8o-mirror-256k	4	3762020	3761907	1	12705792	5943296	python3*1 
2026-09-27T05:25:10+04:00	ck8o-mirror-256k	4	3762021	3761907	45	17137836032	16537088000	python3*36 pt_gloo_runloop*2 ZMQbg/Reaper*2 ZMQbg/IO/0*2 pt_tcpstore_uv*1 cuda0000240000a*1 
2026-09-27T05:25:11+04:00	ck8o-mirror-256k	4	3762022	3761907	57	919412736	645951488	python3*49 ZMQbg/Reaper*4 ZMQbg/IO/0*4 
2026-09-27T05:25:21+04:00	ck8o-mirror-256k	4	3761872	363	2	27869184	6049792	uv*1 main2*1 
2026-09-27T05:25:21+04:00	ck8o-mirror-256k	4	3761907	3761872	57	978505728	700178432	ft*51 ZMQbg/Reaper*3 ZMQbg/IO/0*3 
2026-09-27T05:25:21+04:00	ck8o-mirror-256k	4	3762020	3761907	1	12705792	5943296	python3*1 
2026-09-27T05:25:21+04:00	ck8o-mirror-256k	4	3762021	3761907	45	17137922048	16537174016	python3*36 pt_gloo_runloop*2 ZMQbg/Reaper*2 ZMQbg/IO/0*2 pt_tcpstore_uv*1 cuda0000240000a*1 
2026-09-27T05:25:21+04:00	ck8o-mirror-256k	4	3762022	3761907	57	919412736	645951488	python3*49 ZMQbg/Reaper*4 ZMQbg/IO/0*4 
2026-09-27T05:25:31+04:00	ck8o-mirror-256k	4	3761872	363	2	27869184	6049792	uv*1 main2*1 
2026-09-27T05:25:31+04:00	ck8o-mirror-256k	4	3761907	3761872	57	978505728	700178432	ft*51 ZMQbg/Reaper*3 ZMQbg/IO/0*3 
2026-09-27T05:25:31+04:00	ck8o-mirror-256k	4	3762020	3761907	1	12705792	5943296	python3*1 
2026-09-27T05:25:31+04:00	ck8o-mirror-256k	4	3762021	3761907	45	17137987584	16537239552	python3*36 pt_gloo_runloop*2 ZMQbg/Reaper*2 ZMQbg/IO/0*2 pt_tcpstore_uv*1 cuda0000240000a*1 
2026-09-27T05:25:31+04:00	ck8o-mirror-256k	4	3762022	3761907	57	919412736	645951488	python3*49 ZMQbg/Reaper*4 ZMQbg/IO/0*4 
2026-09-27T05:25:41+04:00	ck8o-mirror-256k	4	3761872	363	2	27869184	6049792	uv*1 main2*1 
2026-09-27T05:25:41+04:00	ck8o-mirror-256k	4	3761907	3761872	57	978505728	700178432	ft*51 ZMQbg/Reaper*3 ZMQbg/IO/0*3 
2026-09-27T05:25:41+04:00	ck8o-mirror-256k	4	3762020	3761907	1	12705792	5943296	python3*1 
2026-09-27T05:25:41+04:00	ck8o-mirror-256k	4	3762021	3761907	45	17138069504	16537321472	python3*36 pt_gloo_runloop*2 ZMQbg/Reaper*2 ZMQbg/IO/0*2 pt_tcpstore_uv*1 cuda0000240000a*1 
2026-09-27T05:25:41+04:00	ck8o-mirror-256k	4	3762022	3761907	57	919412736	645951488	python3*49 ZMQbg/Reaper*4 ZMQbg/IO/0*4 
2026-09-27T05:25:54+04:00	ck8o-mirror-256k	4	3761872	363	2	27869184	6049792	uv*1 main2*1 
2026-09-27T05:25:54+04:00	ck8o-mirror-256k	4	3761907	3761872	57	978505728	700178432	ft*51 ZMQbg/Reaper*3 ZMQbg/IO/0*3 
2026-09-27T05:25:54+04:00	ck8o-mirror-256k	4	3762020	3761907	1	12705792	5943296	python3*1 
2026-09-27T05:25:54+04:00	ck8o-mirror-256k	4	3762021	3761907	45	17138122752	16537374720	python3*36 pt_gloo_runloop*2 ZMQbg/Reaper*2 ZMQbg/IO/0*2 pt_tcpstore_uv*1 cuda0000240000a*1 
2026-09-27T05:25:55+04:00	ck8o-mirror-256k	4	3762022	3761907	57	919412736	645951488	python3*49 ZMQbg/Reaper*4 ZMQbg/IO/0*4 
2026-09-27T05:26:05+04:00	ck8o-mirror-256k	4	3761872	363	2	27869184	6049792	uv*1 main2*1 
2026-09-27T05:26:05+04:00	ck8o-mirror-256k	4	3761907	3761872	57	978505728	700178432	ft*51 ZMQbg/Reaper*3 ZMQbg/IO/0*3 
2026-09-27T05:26:05+04:00	ck8o-mirror-256k	4	3762020	3761907	1	12705792	5943296	python3*1 
2026-09-27T05:26:05+04:00	ck8o-mirror-256k	4	3762021	3761907	45	17138122752	16537374720	python3*36 pt_gloo_runloop*2 ZMQbg/Reaper*2 ZMQbg/IO/0*2 pt_tcpstore_uv*1 cuda0000240000a*1 
2026-09-27T05:26:05+04:00	ck8o-mirror-256k	4	3762022	3761907	57	919412736	645951488	python3*49 ZMQbg/Reaper*4 ZMQbg/IO/0*4 
2026-09-27T05:26:15+04:00	ck8o-mirror-256k	4	3761872	363	2	27869184	6049792	uv*1 main2*1 
2026-09-27T05:26:15+04:00	ck8o-mirror-256k	4	3761907	3761872	57	978505728	700178432	ft*51 ZMQbg/Reaper*3 ZMQbg/IO/0*3 
2026-09-27T05:26:15+04:00	ck8o-mirror-256k	4	3762020	3761907	1	12705792	5943296	python3*1 
2026-09-27T05:26:15+04:00	ck8o-mirror-256k	4	3762021	3761907	45	17138122752	16537374720	python3*36 pt_gloo_runloop*2 ZMQbg/Reaper*2 ZMQbg/IO/0*2 pt_tcpstore_uv*1 cuda0000240000a*1 
2026-09-27T05:26:15+04:00	ck8o-mirror-256k	4	3762022	3761907	57	919412736	645951488	python3*49 ZMQbg/Reaper*4 ZMQbg/IO/0*4 
2026-09-27T05:26:28+04:00	ck8o-mirror-256k	4	3761872	363	2	27869184	6049792	uv*1 main2*1 
2026-09-27T05:26:28+04:00	ck8o-mirror-256k	4	3761907	3761872	57	978817024	700489728	ft*51 ZMQbg/Reaper*3 ZMQbg/IO/0*3 
2026-09-27T05:26:28+04:00	ck8o-mirror-256k	4	3762020	3761907	1	12705792	5943296	python3*1 
2026-09-27T05:26:28+04:00	ck8o-mirror-256k	4	3762021	3761907	45	17138126848	16537378816	python3*36 pt_gloo_runloop*2 ZMQbg/Reaper*2 ZMQbg/IO/0*2 pt_tcpstore_uv*1 cuda0000240000a*1 
2026-09-27T05:26:28+04:00	ck8o-mirror-256k	4	3762022	3761907	57	919412736	645951488	python3*49 ZMQbg/Reaper*4 ZMQbg/IO/0*4 
2026-09-27T05:26:38+04:00	ck8o-mirror-256k	4	3761872	363	2	27869184	6049792	uv*1 main2*1 
2026-09-27T05:26:38+04:00	ck8o-mirror-256k	4	3761907	3761872	57	995164160	716836864	ft*51 ZMQbg/Reaper*3 ZMQbg/IO/0*3 
2026-09-27T05:26:38+04:00	ck8o-mirror-256k	4	3762020	3761907	1	12705792	5943296	python3*1 
2026-09-27T05:26:38+04:00	ck8o-mirror-256k	4	3762021	3761907	45	17138126848	16537378816	python3*36 pt_gloo_runloop*2 ZMQbg/Reaper*2 ZMQbg/IO/0*2 pt_tcpstore_uv*1 cuda0000240000a*1 
2026-09-27T05:26:38+04:00	ck8o-mirror-256k	4	3762022	3761907	57	919412736	645951488	python3*49 ZMQbg/Reaper*4 ZMQbg/IO/0*4 
2026-09-27T05:26:49+04:00	ck8o-mirror-256k	4	3761872	363	2	27869184	6049792	uv*1 main2*1 
2026-09-27T05:26:49+04:00	ck8o-mirror-256k	4	3761907	3761872	57	995168256	716840960	ft*51 ZMQbg/Reaper*3 ZMQbg/IO/0*3 
2026-09-27T05:26:49+04:00	ck8o-mirror-256k	4	3762020	3761907	1	12705792	5943296	python3*1 
2026-09-27T05:26:49+04:00	ck8o-mirror-256k	4	3762021	3761907	45	17138237440	16537489408	python3*36 pt_gloo_runloop*2 ZMQbg/Reaper*2 ZMQbg/IO/0*2 pt_tcpstore_uv*1 cuda0000240000a*1 
2026-09-27T05:26:49+04:00	ck8o-mirror-256k	4	3762022	3761907	57	919412736	645951488	python3*49 ZMQbg/Reaper*4 ZMQbg/IO/0*4 
2026-09-27T05:27:02+04:00	ck8o-mirror-256k	4	3761872	363	2	27869184	6049792	uv*1 main2*1 
2026-09-27T05:27:02+04:00	ck8o-mirror-256k	4	3761907	3761872	57	995168256	716840960	ft*51 ZMQbg/Reaper*3 ZMQbg/IO/0*3 
2026-09-27T05:27:02+04:00	ck8o-mirror-256k	4	3762020	3761907	1	12705792	5943296	python3*1 
2026-09-27T05:27:02+04:00	ck8o-mirror-256k	4	3762021	3761907	45	17138241536	16537493504	python3*36 pt_gloo_runloop*2 ZMQbg/Reaper*2 ZMQbg/IO/0*2 pt_tcpstore_uv*1 cuda0000240000a*1 
2026-09-27T05:27:02+04:00	ck8o-mirror-256k	4	3762022	3761907	57	919662592	646201344	python3*49 ZMQbg/Reaper*4 ZMQbg/IO/0*4 
2026-09-27T05:27:12+04:00	ck8o-mirror-256k	4	3761872	363	2	27869184	6049792	uv*1 main2*1 
2026-09-27T05:27:12+04:00	ck8o-mirror-256k	4	3761907	3761872	57	995168256	716840960	ft*51 ZMQbg/Reaper*3 ZMQbg/IO/0*3 
2026-09-27T05:27:12+04:00	ck8o-mirror-256k	4	3762020	3761907	1	12705792	5943296	python3*1 
2026-09-27T05:27:12+04:00	ck8o-mirror-256k	4	3762021	3761907	45	17138241536	16537493504	python3*36 pt_gloo_runloop*2 ZMQbg/Reaper*2 ZMQbg/IO/0*2 pt_tcpstore_uv*1 cuda0000240000a*1 
2026-09-27T05:27:12+04:00	ck8o-mirror-256k	4	3762022	3761907	57	919662592	646201344	python3*49 ZMQbg/Reaper*4 ZMQbg/IO/0*4 
2026-09-27T05:27:22+04:00	ck8o-mirror-256k	4	3761872	363	2	27869184	6049792	uv*1 main2*1 
2026-09-27T05:27:22+04:00	ck8o-mirror-256k	4	3761907	3761872	57	1017339904	739012608	ft*51 ZMQbg/Reaper*3 ZMQbg/IO/0*3 
2026-09-27T05:27:22+04:00	ck8o-mirror-256k	4	3762020	3761907	1	12705792	5943296	python3*1 
2026-09-27T05:27:22+04:00	ck8o-mirror-256k	4	3762021	3761907	45	17138302976	16537493504	python3*36 pt_gloo_runloop*2 ZMQbg/Reaper*2 ZMQbg/IO/0*2 pt_tcpstore_uv*1 cuda0000240000a*1 
2026-09-27T05:27:22+04:00	ck8o-mirror-256k	4	3762022	3761907	57	900014080	626552832	python3*49 ZMQbg/Reaper*4 ZMQbg/IO/0*4 
2026-09-27T05:27:35+04:00	ck8o-mirror-256k	4	3761872	363	2	27869184	6049792	uv*1 main2*1 
2026-09-27T05:27:35+04:00	ck8o-mirror-256k	4	3761907	3761872	57	1017339904	739012608	ft*51 ZMQbg/Reaper*3 ZMQbg/IO/0*3 
2026-09-27T05:27:35+04:00	ck8o-mirror-256k	4	3762020	3761907	1	12705792	5943296	python3*1 
2026-09-27T05:27:35+04:00	ck8o-mirror-256k	4	3762021	3761907	45	17138302976	16537493504	python3*36 pt_gloo_runloop*2 ZMQbg/Reaper*2 ZMQbg/IO/0*2 pt_tcpstore_uv*1 cuda0000240000a*1 
2026-09-27T05:27:35+04:00	ck8o-mirror-256k	4	3762022	3761907	57	900014080	626552832	python3*49 ZMQbg/Reaper*4 ZMQbg/IO/0*4 
2026-09-27T05:27:46+04:00	ck8o-mirror-256k	4	3761872	363	2	27869184	6049792	uv*1 main2*1 
2026-09-27T05:27:46+04:00	ck8o-mirror-256k	4	3761907	3761872	57	1017339904	739012608	ft*51 ZMQbg/Reaper*3 ZMQbg/IO/0*3 
2026-09-27T05:27:46+04:00	ck8o-mirror-256k	4	3762020	3761907	1	12705792	5943296	python3*1 
2026-09-27T05:27:46+04:00	ck8o-mirror-256k	4	3762021	3761907	45	17138302976	16537493504	python3*36 pt_gloo_runloop*2 ZMQbg/Reaper*2 ZMQbg/IO/0*2 pt_tcpstore_uv*1 cuda0000240000a*1 
2026-09-27T05:27:46+04:00	ck8o-mirror-256k	4	3762022	3761907	57	900014080	626552832	python3*49 ZMQbg/Reaper*4 ZMQbg/IO/0*4 
2026-09-27T05:27:56+04:00	ck8o-mirror-256k	4	3761872	363	2	27869184	6049792	uv*1 main2*1 
2026-09-27T05:27:56+04:00	ck8o-mirror-256k	4	3761907	3761872	57	1017339904	739012608	ft*51 ZMQbg/Reaper*3 ZMQbg/IO/0*3 
2026-09-27T05:27:56+04:00	ck8o-mirror-256k	4	3762020	3761907	1	12705792	5943296	python3*1 
2026-09-27T05:27:56+04:00	ck8o-mirror-256k	4	3762021	3761907	45	17138302976	16537493504	python3*36 pt_gloo_runloop*2 ZMQbg/Reaper*2 ZMQbg/IO/0*2 pt_tcpstore_uv*1 cuda0000240000a*1 
2026-09-27T05:27:56+04:00	ck8o-mirror-256k	4	3762022	3761907	57	900014080	626552832	python3*49 ZMQbg/Reaper*4 ZMQbg/IO/0*4 
2026-09-27T05:28:09+04:00	ck8o-mirror-256k	4	3761872	363	2	27869184	6049792	uv*1 main2*1 
2026-09-27T05:28:09+04:00	ck8o-mirror-256k	4	3761907	3761872	57	1093988352	815661056	ft*51 ZMQbg/Reaper*3 ZMQbg/IO/0*3 
2026-09-27T05:28:09+04:00	ck8o-mirror-256k	4	3762020	3761907	1	12705792	5943296	python3*1 
2026-09-27T05:28:09+04:00	ck8o-mirror-256k	4	3762021	3761907	45	17148694528	16547885056	python3*36 pt_gloo_runloop*2 ZMQbg/Reaper*2 ZMQbg/IO/0*2 pt_tcpstore_uv*1 cuda0000240000a*1 
2026-09-27T05:28:09+04:00	ck8o-mirror-256k	4	3762022	3761907	57	900014080	626552832	python3*49 ZMQbg/Reaper*4 ZMQbg/IO/0*4 
2026-09-27T05:29:02+04:00	ck8o-nat-whole-1	0	3888569	363	3	26046464	6057984	uv*1 tokio-rt-worker*1 main2*1 
2026-09-27T05:29:02+04:00	ck8o-nat-whole-1	0	3888586	3888569	22	701202432	422731776	ft*18 ZMQbg/Reaper*2 ZMQbg/IO/0*2 
2026-09-27T05:29:02+04:00	ck8o-nat-whole-1	0	3888615	3888586	1	12738560	5939200	python3*1 
2026-09-27T05:29:02+04:00	ck8o-nat-whole-1	0	3888616	3888586	25	3073265664	958230528	python3*20 pt_gloo_runloop*2 pt_tcpstore_uv*1 cuda0000240000a*1 cuda-EvtHandlr*1 
2026-09-27T05:29:02+04:00	ck8o-nat-whole-1	0	3888617	3888586	23	880918528	606638080	python3*17 ZMQbg/Reaper*3 ZMQbg/IO/0*3 
2026-09-27T05:29:12+04:00	ck8o-nat-whole-1	0	3888569	363	2	26177536	6057984	uv*1 main2*1 
2026-09-27T05:29:12+04:00	ck8o-nat-whole-1	0	3888586	3888569	22	701210624	422739968	ft*18 ZMQbg/Reaper*2 ZMQbg/IO/0*2 
2026-09-27T05:29:12+04:00	ck8o-nat-whole-1	0	3888615	3888586	1	12738560	5939200	python3*1 
2026-09-27T05:29:12+04:00	ck8o-nat-whole-1	0	3888616	3888586	41	4206895104	981516288	python3*36 pt_gloo_runloop*2 pt_tcpstore_uv*1 cuda0000240000a*1 cuda-EvtHandlr*1 
2026-09-27T05:29:12+04:00	ck8o-nat-whole-1	0	3888617	3888586	23	880918528	606638080	python3*17 ZMQbg/Reaper*3 ZMQbg/IO/0*3 
2026-09-27T05:29:26+04:00	ck8o-nat-whole-1	0	3888569	363	2	26177536	6057984	uv*1 main2*1 
2026-09-27T05:29:26+04:00	ck8o-nat-whole-1	0	3888586	3888569	22	701218816	422748160	ft*18 ZMQbg/Reaper*2 ZMQbg/IO/0*2 
2026-09-27T05:29:26+04:00	ck8o-nat-whole-1	0	3888615	3888586	1	12738560	5939200	python3*1 
2026-09-27T05:29:26+04:00	ck8o-nat-whole-1	0	3888616	3888586	41	5316554752	981569536	python3*36 pt_gloo_runloop*2 pt_tcpstore_uv*1 cuda0000240000a*1 cuda-EvtHandlr*1 
2026-09-27T05:29:26+04:00	ck8o-nat-whole-1	0	3888617	3888586	23	880918528	606638080	python3*17 ZMQbg/Reaper*3 ZMQbg/IO/0*3 
2026-09-27T05:29:36+04:00	ck8o-nat-whole-1	0	3888569	363	2	26054656	6057984	uv*1 main2*1 
2026-09-27T05:29:36+04:00	ck8o-nat-whole-1	0	3888586	3888569	22	701194240	422756352	ft*18 ZMQbg/Reaper*2 ZMQbg/IO/0*2 
2026-09-27T05:29:36+04:00	ck8o-nat-whole-1	0	3888615	3888586	1	12738560	5939200	python3*1 
2026-09-27T05:29:36+04:00	ck8o-nat-whole-1	0	3888616	3888586	41	13367918592	981970944	python3*36 pt_gloo_runloop*2 pt_tcpstore_uv*1 cuda0000240000a*1 cuda-EvtHandlr*1 
2026-09-27T05:29:36+04:00	ck8o-nat-whole-1	0	3888617	3888586	23	880889856	606638080	python3*17 ZMQbg/Reaper*3 ZMQbg/IO/0*3 
2026-09-27T05:29:46+04:00	ck8o-nat-whole-1	0	3888569	363	2	25608192	6057984	uv*1 main2*1 
2026-09-27T05:29:46+04:00	ck8o-nat-whole-1	0	3888586	3888569	22	624132096	422756352	ft*18 ZMQbg/Reaper*2 ZMQbg/IO/0*2 
2026-09-27T05:29:46+04:00	ck8o-nat-whole-1	0	3888615	3888586	1	12693504	5939200	python3*1 
2026-09-27T05:29:46+04:00	ck8o-nat-whole-1	0	3888616	3888586	40	23287025664	959270912	python3*35 pt_gloo_runloop*2 pt_tcpstore_uv*1 cuda0000240000a*1 cuda-EvtHandlr*1 
2026-09-27T05:29:46+04:00	ck8o-nat-whole-1	0	3888617	3888586	23	804294656	606638080	python3*17 ZMQbg/Reaper*3 ZMQbg/IO/0*3 
2026-09-27T05:30:00+04:00	ck8o-nat-whole-1	0	3888569	363	2	25112576	6057984	uv*1 main2*1 
2026-09-27T05:30:00+04:00	ck8o-nat-whole-1	0	3888586	3888569	39	821530624	621256704	ft*35 ZMQbg/Reaper*2 ZMQbg/IO/0*2 
2026-09-27T05:30:00+04:00	ck8o-nat-whole-1	0	3888615	3888586	1	12693504	5939200	python3*1 
2026-09-27T05:30:00+04:00	ck8o-nat-whole-1	0	3888616	3888586	45	22787022848	1988096000	python3*36 pt_gloo_runloop*2 ZMQbg/Reaper*2 ZMQbg/IO/0*2 pt_tcpstore_uv*1 cuda0000240000a*1 
2026-09-27T05:30:00+04:00	ck8o-nat-whole-1	0	3888617	3888586	39	801406976	607330304	python3*33 ZMQbg/Reaper*3 ZMQbg/IO/0*3 
2026-09-27T05:30:10+04:00	ck8o-nat-whole-1	0	3888569	363	2	25112576	6057984	uv*1 main2*1 
2026-09-27T05:30:10+04:00	ck8o-nat-whole-1	0	3888586	3888569	39	821530624	621256704	ft*35 ZMQbg/Reaper*2 ZMQbg/IO/0*2 
2026-09-27T05:30:10+04:00	ck8o-nat-whole-1	0	3888615	3888586	1	12693504	5939200	python3*1 
2026-09-27T05:30:10+04:00	ck8o-nat-whole-1	0	3888616	3888586	45	22787022848	1988096000	python3*36 pt_gloo_runloop*2 ZMQbg/Reaper*2 ZMQbg/IO/0*2 pt_tcpstore_uv*1 cuda0000240000a*1 
2026-09-27T05:30:10+04:00	ck8o-nat-whole-1	0	3888617	3888586	39	801406976	607330304	python3*33 ZMQbg/Reaper*3 ZMQbg/IO/0*3 
2026-09-27T05:30:21+04:00	ck8o-nat-whole-1	1	3888569	363	2	25112576	6057984	uv*1 main2*1 
2026-09-27T05:30:21+04:00	ck8o-nat-whole-1	1	3888586	3888569	39	821665792	621391872	ft*35 ZMQbg/Reaper*2 ZMQbg/IO/0*2 
2026-09-27T05:30:21+04:00	ck8o-nat-whole-1	1	3888615	3888586	1	12693504	5939200	python3*1 
2026-09-27T05:30:21+04:00	ck8o-nat-whole-1	1	3888616	3888586	45	22787452928	1988526080	python3*36 pt_gloo_runloop*2 ZMQbg/Reaper*2 ZMQbg/IO/0*2 pt_tcpstore_uv*1 cuda0000240000a*1 
2026-09-27T05:30:21+04:00	ck8o-nat-whole-1	1	3888617	3888586	39	801456128	607379456	python3*33 ZMQbg/Reaper*3 ZMQbg/IO/0*3 
2026-09-27T05:30:34+04:00	ck8o-nat-whole-1	2	3888569	363	2	25112576	6057984	uv*1 main2*1 
2026-09-27T05:30:34+04:00	ck8o-nat-whole-1	2	3888586	3888569	39	907366400	707092480	ft*35 ZMQbg/Reaper*2 ZMQbg/IO/0*2 
2026-09-27T05:30:34+04:00	ck8o-nat-whole-1	2	3888615	3888586	1	12693504	5939200	python3*1 
2026-09-27T05:30:34+04:00	ck8o-nat-whole-1	2	3888616	3888586	45	22796513280	1997029376	python3*36 pt_gloo_runloop*2 ZMQbg/Reaper*2 ZMQbg/IO/0*2 pt_tcpstore_uv*1 cuda0000240000a*1 
2026-09-27T05:30:35+04:00	ck8o-nat-whole-1	2	3888617	3888586	39	801456128	607379456	python3*33 ZMQbg/Reaper*3 ZMQbg/IO/0*3 
2026-09-27T05:30:45+04:00	ck8o-nat-whole-1	2	3888569	363	2	25112576	6057984	uv*1 main2*1 
2026-09-27T05:30:45+04:00	ck8o-nat-whole-1	2	3888586	3888569	39	907685888	707411968	ft*35 ZMQbg/Reaper*2 ZMQbg/IO/0*2 
2026-09-27T05:30:45+04:00	ck8o-nat-whole-1	2	3888615	3888586	1	12693504	5939200	python3*1 
2026-09-27T05:30:45+04:00	ck8o-nat-whole-1	2	3888616	3888586	45	22796513280	1997029376	python3*36 pt_gloo_runloop*2 ZMQbg/Reaper*2 ZMQbg/IO/0*2 pt_tcpstore_uv*1 cuda0000240000a*1 
2026-09-27T05:30:45+04:00	ck8o-nat-whole-1	2	3888617	3888586	39	801456128	607379456	python3*33 ZMQbg/Reaper*3 ZMQbg/IO/0*3 
2026-09-27T05:30:55+04:00	ck8o-nat-whole-1	2	3888569	363	2	25079808	6057984	uv*1 main2*1 
2026-09-27T05:30:55+04:00	ck8o-nat-whole-1	2	3888586	3888569	39	904818688	707424256	ft*35 ZMQbg/Reaper*2 ZMQbg/IO/0*2 
2026-09-27T05:30:55+04:00	ck8o-nat-whole-1	2	3888615	3888586	1	12693504	5939200	python3*1 
2026-09-27T05:30:55+04:00	ck8o-nat-whole-1	2	3888616	3888586	45	22793478144	1997029376	python3*36 pt_gloo_runloop*2 ZMQbg/Reaper*2 ZMQbg/IO/0*2 pt_tcpstore_uv*1 cuda0000240000a*1 
2026-09-27T05:30:55+04:00	ck8o-nat-whole-1	2	3888617	3888586	39	798638080	607379456	python3*33 ZMQbg/Reaper*3 ZMQbg/IO/0*3 
2026-09-27T05:31:08+04:00	ck8o-nat-whole-1	2	3888569	363	2	25075712	6057984	uv*1 main2*1 
2026-09-27T05:31:08+04:00	ck8o-nat-whole-1	2	3888586	3888569	39	903708672	707530752	ft*35 ZMQbg/Reaper*2 ZMQbg/IO/0*2 
2026-09-27T05:31:08+04:00	ck8o-nat-whole-1	2	3888615	3888586	1	12693504	5939200	python3*1 
2026-09-27T05:31:08+04:00	ck8o-nat-whole-1	2	3888616	3888586	45	22792495104	1997033472	python3*36 pt_gloo_runloop*2 ZMQbg/Reaper*2 ZMQbg/IO/0*2 pt_tcpstore_uv*1 cuda0000240000a*1 
2026-09-27T05:31:09+04:00	ck8o-nat-whole-1	2	3888617	3888586	39	797495296	607379456	python3*33 ZMQbg/Reaper*3 ZMQbg/IO/0*3 
2026-09-27T05:31:19+04:00	ck8o-nat-whole-1	2	3888569	363	2	25075712	6057984	uv*1 main2*1 
2026-09-27T05:31:19+04:00	ck8o-nat-whole-1	2	3888586	3888569	39	903598080	707534848	ft*35 ZMQbg/Reaper*2 ZMQbg/IO/0*2 
2026-09-27T05:31:19+04:00	ck8o-nat-whole-1	2	3888615	3888586	1	12693504	5939200	python3*1 
2026-09-27T05:31:19+04:00	ck8o-nat-whole-1	2	3888616	3888586	45	22792380416	1997033472	python3*36 pt_gloo_runloop*2 ZMQbg/Reaper*2 ZMQbg/IO/0*2 pt_tcpstore_uv*1 cuda0000240000a*1 
2026-09-27T05:31:19+04:00	ck8o-nat-whole-1	2	3888617	3888586	39	797364224	607379456	python3*33 ZMQbg/Reaper*3 ZMQbg/IO/0*3 
2026-09-27T05:31:29+04:00	ck8o-nat-whole-1	2	3888569	363	2	24965120	6057984	uv*1 main2*1 
2026-09-27T05:31:29+04:00	ck8o-nat-whole-1	2	3888586	3888569	39	899698688	707604480	ft*35 ZMQbg/Reaper*2 ZMQbg/IO/0*2 
2026-09-27T05:31:29+04:00	ck8o-nat-whole-1	2	3888615	3888586	1	12693504	5939200	python3*1 
2026-09-27T05:31:29+04:00	ck8o-nat-whole-1	2	3888616	3888586	45	22788288512	1997037568	python3*36 pt_gloo_runloop*2 ZMQbg/Reaper*2 ZMQbg/IO/0*2 pt_tcpstore_uv*1 cuda0000240000a*1 
2026-09-27T05:31:29+04:00	ck8o-nat-whole-1	2	3888617	3888586	39	793460736	607379456	python3*33 ZMQbg/Reaper*3 ZMQbg/IO/0*3 
2026-09-27T05:31:43+04:00	ck8o-nat-whole-1	2	3888569	363	2	24965120	6057984	uv*1 main2*1 
2026-09-27T05:31:43+04:00	ck8o-nat-whole-1	2	3888586	3888569	39	899706880	707612672	ft*35 ZMQbg/Reaper*2 ZMQbg/IO/0*2 
2026-09-27T05:31:43+04:00	ck8o-nat-whole-1	2	3888615	3888586	1	12693504	5939200	python3*1 
2026-09-27T05:31:43+04:00	ck8o-nat-whole-1	2	3888616	3888586	45	22788288512	1997037568	python3*36 pt_gloo_runloop*2 ZMQbg/Reaper*2 ZMQbg/IO/0*2 pt_tcpstore_uv*1 cuda0000240000a*1 
2026-09-27T05:31:43+04:00	ck8o-nat-whole-1	2	3888617	3888586	39	793460736	607379456	python3*33 ZMQbg/Reaper*3 ZMQbg/IO/0*3 
2026-09-27T05:31:53+04:00	ck8o-nat-whole-1	2	3888569	363	2	24965120	6057984	uv*1 main2*1 
2026-09-27T05:31:53+04:00	ck8o-nat-whole-1	2	3888586	3888569	39	900280320	708186112	ft*35 ZMQbg/Reaper*2 ZMQbg/IO/0*2 
2026-09-27T05:31:53+04:00	ck8o-nat-whole-1	2	3888615	3888586	1	12693504	5939200	python3*1 
2026-09-27T05:31:53+04:00	ck8o-nat-whole-1	2	3888616	3888586	45	22788505600	1997086720	python3*36 pt_gloo_runloop*2 ZMQbg/Reaper*2 ZMQbg/IO/0*2 pt_tcpstore_uv*1 cuda0000240000a*1 
2026-09-27T05:31:53+04:00	ck8o-nat-whole-1	2	3888617	3888586	42	793726976	607641600	python3*34 ZMQbg/Reaper*4 ZMQbg/IO/0*4 
2026-09-27T05:32:03+04:00	ck8o-nat-whole-1	2	3888569	363	2	24965120	6057984	uv*1 main2*1 
2026-09-27T05:32:03+04:00	ck8o-nat-whole-1	2	3888586	3888569	39	900280320	708186112	ft*35 ZMQbg/Reaper*2 ZMQbg/IO/0*2 
2026-09-27T05:32:03+04:00	ck8o-nat-whole-1	2	3888615	3888586	1	12693504	5939200	python3*1 
2026-09-27T05:32:03+04:00	ck8o-nat-whole-1	2	3888616	3888586	45	22788505600	1997086720	python3*36 pt_gloo_runloop*2 ZMQbg/Reaper*2 ZMQbg/IO/0*2 pt_tcpstore_uv*1 cuda0000240000a*1 
2026-09-27T05:32:04+04:00	ck8o-nat-whole-1	2	3888617	3888586	42	793726976	607641600	python3*34 ZMQbg/Reaper*4 ZMQbg/IO/0*4 
2026-09-27T05:33:00+04:00	ck8o-nat-mirror-1	0	3893724	363	3	25128960	6066176	uv*1 tokio-rt-worker*1 main2*1 
2026-09-27T05:33:00+04:00	ck8o-nat-mirror-1	0	3893745	3893724	22	699527168	422580224	ft*18 ZMQbg/Reaper*2 ZMQbg/IO/0*2 
2026-09-27T05:33:00+04:00	ck8o-nat-mirror-1	0	3893828	3893745	1	12771328	5939200	python3*1 
2026-09-27T05:33:00+04:00	ck8o-nat-mirror-1	0	3893829	3893745	16	563998720	343752704	python3*16 
2026-09-27T05:33:00+04:00	ck8o-nat-mirror-1	0	3893830	3893745	16	568381440	348131328	python3*16 
2026-09-27T05:33:10+04:00	ck8o-nat-mirror-1	0	3893724	363	2	25260032	6066176	uv*1 main2*1 
2026-09-27T05:33:10+04:00	ck8o-nat-mirror-1	0	3893745	3893724	22	699809792	422756352	ft*18 ZMQbg/Reaper*2 ZMQbg/IO/0*2 
2026-09-27T05:33:10+04:00	ck8o-nat-mirror-1	0	3893828	3893745	1	12771328	5939200	python3*1 
2026-09-27T05:33:10+04:00	ck8o-nat-mirror-1	0	3893829	3893745	40	17463214080	15342424064	python3*35 pt_gloo_runloop*2 pt_tcpstore_uv*1 cuda0000240000a*1 cuda-EvtHandlr*1 
2026-09-27T05:33:10+04:00	ck8o-nat-mirror-1	0	3893830	3893745	23	881369088	606511104	python3*17 ZMQbg/Reaper*3 ZMQbg/IO/0*3 
2026-09-27T05:33:21+04:00	ck8o-nat-mirror-1	0	3893724	363	2	25260032	6066176	uv*1 main2*1 
2026-09-27T05:33:21+04:00	ck8o-nat-mirror-1	0	3893745	3893724	22	699822080	422768640	ft*18 ZMQbg/Reaper*2 ZMQbg/IO/0*2 
2026-09-27T05:33:21+04:00	ck8o-nat-mirror-1	0	3893828	3893745	1	12771328	5939200	python3*1 
2026-09-27T05:33:21+04:00	ck8o-nat-mirror-1	0	3893829	3893745	41	17553428480	15428964352	python3*36 pt_gloo_runloop*2 pt_tcpstore_uv*1 cuda0000240000a*1 cuda-EvtHandlr*1 
2026-09-27T05:33:21+04:00	ck8o-nat-mirror-1	0	3893830	3893745	23	881369088	606511104	python3*17 ZMQbg/Reaper*3 ZMQbg/IO/0*3 
2026-09-27T05:33:34+04:00	ck8o-nat-mirror-1	0	3893724	363	2	25260032	6066176	uv*1 main2*1 
2026-09-27T05:33:34+04:00	ck8o-nat-mirror-1	0	3893745	3893724	22	699830272	422776832	ft*18 ZMQbg/Reaper*2 ZMQbg/IO/0*2 
2026-09-27T05:33:34+04:00	ck8o-nat-mirror-1	0	3893828	3893745	1	12771328	5939200	python3*1 
2026-09-27T05:33:34+04:00	ck8o-nat-mirror-1	0	3893829	3893745	41	16335867904	15749947392	python3*36 pt_gloo_runloop*2 pt_tcpstore_uv*1 cuda0000240000a*1 cuda-EvtHandlr*1 
2026-09-27T05:33:34+04:00	ck8o-nat-mirror-1	0	3893830	3893745	23	881369088	606511104	python3*17 ZMQbg/Reaper*3 ZMQbg/IO/0*3 
2026-09-27T05:33:44+04:00	ck8o-nat-mirror-1	0	3893724	363	2	25260032	6066176	uv*1 main2*1 
2026-09-27T05:33:44+04:00	ck8o-nat-mirror-1	0	3893745	3893724	22	699830272	422776832	ft*18 ZMQbg/Reaper*2 ZMQbg/IO/0*2 
2026-09-27T05:33:44+04:00	ck8o-nat-mirror-1	0	3893828	3893745	1	12771328	5939200	python3*1 
2026-09-27T05:33:44+04:00	ck8o-nat-mirror-1	0	3893829	3893745	41	16594554880	15997906944	python3*36 pt_gloo_runloop*2 pt_tcpstore_uv*1 cuda0000240000a*1 cuda-EvtHandlr*1 
2026-09-27T05:33:44+04:00	ck8o-nat-mirror-1	0	3893830	3893745	23	881369088	606511104	python3*17 ZMQbg/Reaper*3 ZMQbg/IO/0*3 
2026-09-27T05:33:54+04:00	ck8o-nat-mirror-1	0	3893724	363	2	25260032	6066176	uv*1 main2*1 
2026-09-27T05:33:54+04:00	ck8o-nat-mirror-1	0	3893745	3893724	22	699830272	422776832	ft*18 ZMQbg/Reaper*2 ZMQbg/IO/0*2 
2026-09-27T05:33:54+04:00	ck8o-nat-mirror-1	0	3893828	3893745	1	12771328	5939200	python3*1 
2026-09-27T05:33:54+04:00	ck8o-nat-mirror-1	0	3893829	3893745	41	16855748608	16253112320	python3*36 pt_gloo_runloop*2 pt_tcpstore_uv*1 cuda0000240000a*1 cuda-EvtHandlr*1 
2026-09-27T05:33:54+04:00	ck8o-nat-mirror-1	0	3893830	3893745	23	881369088	606511104	python3*17 ZMQbg/Reaper*3 ZMQbg/IO/0*3 
2026-09-27T05:34:08+04:00	ck8o-nat-mirror-1	0	3893724	363	2	25260032	6066176	uv*1 main2*1 
2026-09-27T05:34:08+04:00	ck8o-nat-mirror-1	0	3893745	3893724	39	903745536	620711936	ft*35 ZMQbg/Reaper*2 ZMQbg/IO/0*2 
2026-09-27T05:34:08+04:00	ck8o-nat-mirror-1	0	3893828	3893745	1	12771328	5939200	python3*1 
2026-09-27T05:34:08+04:00	ck8o-nat-mirror-1	0	3893829	3893745	45	17065127936	16455966720	python3*36 pt_gloo_runloop*2 ZMQbg/Reaper*2 ZMQbg/IO/0*2 pt_tcpstore_uv*1 cuda0000240000a*1 
2026-09-27T05:34:08+04:00	ck8o-nat-mirror-1	0	3893830	3893745	39	885272576	607215616	python3*33 ZMQbg/Reaper*3 ZMQbg/IO/0*3 
2026-09-27T05:34:18+04:00	ck8o-nat-mirror-1	0	3893724	363	2	25260032	6066176	uv*1 main2*1 
2026-09-27T05:34:18+04:00	ck8o-nat-mirror-1	0	3893745	3893724	39	904159232	621125632	ft*35 ZMQbg/Reaper*2 ZMQbg/IO/0*2 
2026-09-27T05:34:18+04:00	ck8o-nat-mirror-1	0	3893828	3893745	1	12771328	5939200	python3*1 
2026-09-27T05:34:18+04:00	ck8o-nat-mirror-1	0	3893829	3893745	45	17065947136	16456011776	python3*36 pt_gloo_runloop*2 ZMQbg/Reaper*2 ZMQbg/IO/0*2 pt_tcpstore_uv*1 cuda0000240000a*1 
2026-09-27T05:34:18+04:00	ck8o-nat-mirror-1	0	3893830	3893745	39	885280768	607223808	python3*33 ZMQbg/Reaper*3 ZMQbg/IO/0*3 
2026-09-27T05:34:29+04:00	ck8o-nat-mirror-1	0	3893724	363	2	25260032	6066176	uv*1 main2*1 
2026-09-27T05:34:29+04:00	ck8o-nat-mirror-1	0	3893745	3893724	39	904159232	621125632	ft*35 ZMQbg/Reaper*2 ZMQbg/IO/0*2 
2026-09-27T05:34:29+04:00	ck8o-nat-mirror-1	0	3893828	3893745	1	12771328	5939200	python3*1 
2026-09-27T05:34:29+04:00	ck8o-nat-mirror-1	0	3893829	3893745	45	17065947136	16456011776	python3*36 pt_gloo_runloop*2 ZMQbg/Reaper*2 ZMQbg/IO/0*2 pt_tcpstore_uv*1 cuda0000240000a*1 
2026-09-27T05:34:29+04:00	ck8o-nat-mirror-1	0	3893830	3893745	39	885280768	607223808	python3*33 ZMQbg/Reaper*3 ZMQbg/IO/0*3 
2026-09-27T05:34:41+04:00	ck8o-nat-mirror-1	2	3893724	363	2	25260032	6066176	uv*1 main2*1 
2026-09-27T05:34:41+04:00	ck8o-nat-mirror-1	2	3893745	3893724	39	989880320	706846720	ft*35 ZMQbg/Reaper*2 ZMQbg/IO/0*2 
2026-09-27T05:34:41+04:00	ck8o-nat-mirror-1	2	3893828	3893745	1	12771328	5939200	python3*1 
2026-09-27T05:34:41+04:00	ck8o-nat-mirror-1	2	3893829	3893745	45	17074864128	16464375808	python3*36 pt_gloo_runloop*2 ZMQbg/Reaper*2 ZMQbg/IO/0*2 pt_tcpstore_uv*1 cuda0000240000a*1 
2026-09-27T05:34:41+04:00	ck8o-nat-mirror-1	2	3893830	3893745	39	885329920	607272960	python3*33 ZMQbg/Reaper*3 ZMQbg/IO/0*3 
2026-09-27T05:34:52+04:00	ck8o-nat-mirror-1	2	3893724	363	2	25260032	6066176	uv*1 main2*1 
2026-09-27T05:34:52+04:00	ck8o-nat-mirror-1	2	3893745	3893724	39	990273536	707239936	ft*35 ZMQbg/Reaper*2 ZMQbg/IO/0*2 
2026-09-27T05:34:52+04:00	ck8o-nat-mirror-1	2	3893828	3893745	1	12771328	5939200	python3*1 
2026-09-27T05:34:52+04:00	ck8o-nat-mirror-1	2	3893829	3893745	45	17074864128	16464375808	python3*36 pt_gloo_runloop*2 ZMQbg/Reaper*2 ZMQbg/IO/0*2 pt_tcpstore_uv*1 cuda0000240000a*1 
2026-09-27T05:34:52+04:00	ck8o-nat-mirror-1	2	3893830	3893745	39	885329920	607272960	python3*33 ZMQbg/Reaper*3 ZMQbg/IO/0*3 
2026-09-27T05:35:02+04:00	ck8o-nat-mirror-1	2	3893724	363	2	25260032	6066176	uv*1 main2*1 
2026-09-27T05:35:02+04:00	ck8o-nat-mirror-1	2	3893745	3893724	39	990433280	707399680	ft*35 ZMQbg/Reaper*2 ZMQbg/IO/0*2 
2026-09-27T05:35:02+04:00	ck8o-nat-mirror-1	2	3893828	3893745	1	12771328	5939200	python3*1 
2026-09-27T05:35:02+04:00	ck8o-nat-mirror-1	2	3893829	3893745	45	17074864128	16464375808	python3*36 pt_gloo_runloop*2 ZMQbg/Reaper*2 ZMQbg/IO/0*2 pt_tcpstore_uv*1 cuda0000240000a*1 
2026-09-27T05:35:02+04:00	ck8o-nat-mirror-1	2	3893830	3893745	39	885329920	607272960	python3*33 ZMQbg/Reaper*3 ZMQbg/IO/0*3 
2026-09-27T05:35:16+04:00	ck8o-nat-mirror-1	2	3893724	363	2	25260032	6066176	uv*1 main2*1 
2026-09-27T05:35:16+04:00	ck8o-nat-mirror-1	2	3893745	3893724	39	990445568	707411968	ft*35 ZMQbg/Reaper*2 ZMQbg/IO/0*2 
2026-09-27T05:35:16+04:00	ck8o-nat-mirror-1	2	3893828	3893745	1	12771328	5939200	python3*1 
2026-09-27T05:35:16+04:00	ck8o-nat-mirror-1	2	3893829	3893745	45	17074864128	16464375808	python3*36 pt_gloo_runloop*2 ZMQbg/Reaper*2 ZMQbg/IO/0*2 pt_tcpstore_uv*1 cuda0000240000a*1 
2026-09-27T05:35:16+04:00	ck8o-nat-mirror-1	2	3893830	3893745	39	885329920	607272960	python3*33 ZMQbg/Reaper*3 ZMQbg/IO/0*3 
2026-09-27T05:35:26+04:00	ck8o-nat-mirror-1	2	3893724	363	2	25260032	6066176	uv*1 main2*1 
2026-09-27T05:35:26+04:00	ck8o-nat-mirror-1	2	3893745	3893724	39	990572544	707538944	ft*35 ZMQbg/Reaper*2 ZMQbg/IO/0*2 
2026-09-27T05:35:26+04:00	ck8o-nat-mirror-1	2	3893828	3893745	1	12771328	5939200	python3*1 
2026-09-27T05:35:26+04:00	ck8o-nat-mirror-1	2	3893829	3893745	45	17075126272	16464637952	python3*36 pt_gloo_runloop*2 ZMQbg/Reaper*2 ZMQbg/IO/0*2 pt_tcpstore_uv*1 cuda0000240000a*1 
2026-09-27T05:35:26+04:00	ck8o-nat-mirror-1	2	3893830	3893745	39	885329920	607272960	python3*33 ZMQbg/Reaper*3 ZMQbg/IO/0*3 
2026-09-27T05:35:36+04:00	ck8o-nat-mirror-1	2	3893724	363	2	25260032	6066176	uv*1 main2*1 
2026-09-27T05:35:36+04:00	ck8o-nat-mirror-1	2	3893745	3893724	39	990576640	707543040	ft*35 ZMQbg/Reaper*2 ZMQbg/IO/0*2 
2026-09-27T05:35:36+04:00	ck8o-nat-mirror-1	2	3893828	3893745	1	12771328	5939200	python3*1 
2026-09-27T05:35:36+04:00	ck8o-nat-mirror-1	2	3893829	3893745	45	17075126272	16464637952	python3*36 pt_gloo_runloop*2 ZMQbg/Reaper*2 ZMQbg/IO/0*2 pt_tcpstore_uv*1 cuda0000240000a*1 
2026-09-27T05:35:36+04:00	ck8o-nat-mirror-1	2	3893830	3893745	39	885329920	607272960	python3*33 ZMQbg/Reaper*3 ZMQbg/IO/0*3 
2026-09-27T05:35:49+04:00	ck8o-nat-mirror-1	2	3893724	363	2	25260032	6066176	uv*1 main2*1 
2026-09-27T05:35:49+04:00	ck8o-nat-mirror-1	2	3893745	3893724	39	990650368	707616768	ft*35 ZMQbg/Reaper*2 ZMQbg/IO/0*2 
2026-09-27T05:35:49+04:00	ck8o-nat-mirror-1	2	3893828	3893745	1	12771328	5939200	python3*1 
2026-09-27T05:35:49+04:00	ck8o-nat-mirror-1	2	3893829	3893745	45	17075388416	16464900096	python3*36 pt_gloo_runloop*2 ZMQbg/Reaper*2 ZMQbg/IO/0*2 pt_tcpstore_uv*1 cuda0000240000a*1 
2026-09-27T05:35:49+04:00	ck8o-nat-mirror-1	2	3893830	3893745	39	885329920	607272960	python3*33 ZMQbg/Reaper*3 ZMQbg/IO/0*3 
2026-09-27T05:35:59+04:00	ck8o-nat-mirror-1	2	3893724	363	2	25260032	6066176	uv*1 main2*1 
2026-09-27T05:35:59+04:00	ck8o-nat-mirror-1	2	3893745	3893724	39	990650368	707616768	ft*35 ZMQbg/Reaper*2 ZMQbg/IO/0*2 
2026-09-27T05:35:59+04:00	ck8o-nat-mirror-1	2	3893828	3893745	1	12771328	5939200	python3*1 
2026-09-27T05:35:59+04:00	ck8o-nat-mirror-1	2	3893829	3893745	45	17075388416	16464900096	python3*36 pt_gloo_runloop*2 ZMQbg/Reaper*2 ZMQbg/IO/0*2 pt_tcpstore_uv*1 cuda0000240000a*1 
2026-09-27T05:35:59+04:00	ck8o-nat-mirror-1	2	3893830	3893745	39	885329920	607272960	python3*33 ZMQbg/Reaper*3 ZMQbg/IO/0*3 
2026-09-27T05:36:09+04:00	ck8o-nat-mirror-1	2	3893724	363	2	25260032	6066176	uv*1 main2*1 
2026-09-27T05:36:09+04:00	ck8o-nat-mirror-1	2	3893745	3893724	39	991199232	708165632	ft*35 ZMQbg/Reaper*2 ZMQbg/IO/0*2 
2026-09-27T05:36:09+04:00	ck8o-nat-mirror-1	2	3893828	3893745	1	12771328	5939200	python3*1 
2026-09-27T05:36:09+04:00	ck8o-nat-mirror-1	2	3893829	3893745	45	17075773440	16465223680	python3*36 pt_gloo_runloop*2 ZMQbg/Reaper*2 ZMQbg/IO/0*2 pt_tcpstore_uv*1 cuda0000240000a*1 
2026-09-27T05:36:10+04:00	ck8o-nat-mirror-1	2	3893830	3893745	42	885608448	607551488	python3*34 ZMQbg/Reaper*4 ZMQbg/IO/0*4 
2026-09-27T05:36:23+04:00	ck8o-nat-mirror-1	2	3893724	363	2	25260032	6066176	uv*1 main2*1 
2026-09-27T05:36:23+04:00	ck8o-nat-mirror-1	2	3893745	3893724	39	991199232	708165632	ft*35 ZMQbg/Reaper*2 ZMQbg/IO/0*2 
2026-09-27T05:36:23+04:00	ck8o-nat-mirror-1	2	3893828	3893745	1	12771328	5939200	python3*1 
2026-09-27T05:36:23+04:00	ck8o-nat-mirror-1	2	3893829	3893745	45	17075773440	16465223680	python3*36 pt_gloo_runloop*2 ZMQbg/Reaper*2 ZMQbg/IO/0*2 pt_tcpstore_uv*1 cuda0000240000a*1 
2026-09-27T05:36:23+04:00	ck8o-nat-mirror-1	2	3893830	3893745	42	885608448	607551488	python3*34 ZMQbg/Reaper*4 ZMQbg/IO/0*4 
2026-09-27T05:36:33+04:00	ck8o-nat-mirror-1	2	3893724	363	2	25260032	6066176	uv*1 main2*1 
2026-09-27T05:36:33+04:00	ck8o-nat-mirror-1	2	3893745	3893724	39	991199232	708165632	ft*35 ZMQbg/Reaper*2 ZMQbg/IO/0*2 
2026-09-27T05:36:33+04:00	ck8o-nat-mirror-1	2	3893828	3893745	1	12771328	5939200	python3*1 
2026-09-27T05:36:33+04:00	ck8o-nat-mirror-1	2	3893829	3893745	45	17075773440	16465223680	python3*36 pt_gloo_runloop*2 ZMQbg/Reaper*2 ZMQbg/IO/0*2 pt_tcpstore_uv*1 cuda0000240000a*1 
2026-09-27T05:36:34+04:00	ck8o-nat-mirror-1	2	3893830	3893745	42	885608448	607551488	python3*34 ZMQbg/Reaper*4 ZMQbg/IO/0*4 
2026-09-27T05:37:17+04:00	ck8o-nat-whole-2	0	3902172	363	3	25550848	6053888	uv*1 tokio-rt-worker*1 main2*1 
2026-09-27T05:37:17+04:00	ck8o-nat-whole-2	0	3902205	3902172	22	700805120	422666240	ft*18 ZMQbg/Reaper*2 ZMQbg/IO/0*2 
2026-09-27T05:37:17+04:00	ck8o-nat-whole-2	0	3902296	3902205	1	12767232	5939200	python3*1 
2026-09-27T05:37:17+04:00	ck8o-nat-whole-2	0	3902297	3902205	16	486055936	271212544	python3*16 
2026-09-27T05:37:17+04:00	ck8o-nat-whole-2	0	3902298	3902205	16	489025536	274030592	python3*16 
2026-09-27T05:37:27+04:00	ck8o-nat-whole-2	0	3902172	363	2	25681920	6053888	uv*1 main2*1 
2026-09-27T05:37:27+04:00	ck8o-nat-whole-2	0	3902205	3902172	22	701087744	422842368	ft*18 ZMQbg/Reaper*2 ZMQbg/IO/0*2 
2026-09-27T05:37:27+04:00	ck8o-nat-whole-2	0	3902296	3902205	1	12767232	5939200	python3*1 
2026-09-27T05:37:27+04:00	ck8o-nat-whole-2	0	3902297	3902205	41	7699439616	986210304	python3*36 pt_gloo_runloop*2 pt_tcpstore_uv*1 cuda0000240000a*1 cuda-EvtHandlr*1 
2026-09-27T05:37:27+04:00	ck8o-nat-whole-2	0	3902298	3902205	23	879599616	607358976	python3*17 ZMQbg/Reaper*3 ZMQbg/IO/0*3 
2026-09-27T05:37:40+04:00	ck8o-nat-whole-2	0	3902172	363	2	25681920	6053888	uv*1 main2*1 
2026-09-27T05:37:40+04:00	ck8o-nat-whole-2	0	3902205	3902172	22	701087744	422846464	ft*18 ZMQbg/Reaper*2 ZMQbg/IO/0*2 
2026-09-27T05:37:40+04:00	ck8o-nat-whole-2	0	3902296	3902205	1	12767232	5939200	python3*1 
2026-09-27T05:37:40+04:00	ck8o-nat-whole-2	0	3902297	3902205	41	12011249664	986411008	python3*36 pt_gloo_runloop*2 pt_tcpstore_uv*1 cuda0000240000a*1 cuda-EvtHandlr*1 
2026-09-27T05:37:41+04:00	ck8o-nat-whole-2	0	3902298	3902205	23	879595520	607358976	python3*17 ZMQbg/Reaper*3 ZMQbg/IO/0*3 
2026-09-27T05:37:51+04:00	ck8o-nat-whole-2	0	3902172	363	2	25681920	6053888	uv*1 main2*1 
2026-09-27T05:37:51+04:00	ck8o-nat-whole-2	0	3902205	3902172	22	700858368	422854656	ft*18 ZMQbg/Reaper*2 ZMQbg/IO/0*2 
2026-09-27T05:37:51+04:00	ck8o-nat-whole-2	0	3902296	3902205	1	12767232	5939200	python3*1 
2026-09-27T05:37:51+04:00	ck8o-nat-whole-2	0	3902297	3902205	41	13310902272	986484736	python3*36 pt_gloo_runloop*2 pt_tcpstore_uv*1 cuda0000240000a*1 cuda-EvtHandlr*1 
2026-09-27T05:37:51+04:00	ck8o-nat-whole-2	0	3902298	3902205	23	879120384	607358976	python3*17 ZMQbg/Reaper*3 ZMQbg/IO/0*3 
2026-09-27T05:38:01+04:00	ck8o-nat-whole-2	0	3902172	363	2	25591808	6053888	uv*1 main2*1 
2026-09-27T05:38:01+04:00	ck8o-nat-whole-2	0	3902205	3902172	22	700706816	422858752	ft*18 ZMQbg/Reaper*2 ZMQbg/IO/0*2 
2026-09-27T05:38:01+04:00	ck8o-nat-whole-2	0	3902296	3902205	1	12767232	5939200	python3*1 
2026-09-27T05:38:01+04:00	ck8o-nat-whole-2	0	3902297	3902205	41	14926532608	986562560	python3*36 pt_gloo_runloop*2 pt_tcpstore_uv*1 cuda0000240000a*1 cuda-EvtHandlr*1 
2026-09-27T05:38:01+04:00	ck8o-nat-whole-2	0	3902298	3902205	23	878940160	607358976	python3*17 ZMQbg/Reaper*3 ZMQbg/IO/0*3 
2026-09-27T05:38:14+04:00	ck8o-nat-whole-2	0	3902172	363	2	25165824	6053888	uv*1 main2*1 
2026-09-27T05:38:14+04:00	ck8o-nat-whole-2	0	3902205	3902172	22	699580416	422862848	ft*18 ZMQbg/Reaper*2 ZMQbg/IO/0*2 
2026-09-27T05:38:14+04:00	ck8o-nat-whole-2	0	3902296	3902205	1	12767232	5939200	python3*1 
2026-09-27T05:38:14+04:00	ck8o-nat-whole-2	0	3902297	3902205	41	15938805760	986611712	python3*36 pt_gloo_runloop*2 pt_tcpstore_uv*1 cuda0000240000a*1 cuda-EvtHandlr*1 
2026-09-27T05:38:14+04:00	ck8o-nat-whole-2	0	3902298	3902205	23	877813760	607358976	python3*17 ZMQbg/Reaper*3 ZMQbg/IO/0*3 
2026-09-27T05:38:24+04:00	ck8o-nat-whole-2	0	3902172	363	2	23306240	6053888	uv*1 main2*1 
2026-09-27T05:38:24+04:00	ck8o-nat-whole-2	0	3902205	3902172	22	620056576	422866944	ft*18 ZMQbg/Reaper*2 ZMQbg/IO/0*2 
2026-09-27T05:38:24+04:00	ck8o-nat-whole-2	0	3902296	3902205	1	12742656	5939200	python3*1 
2026-09-27T05:38:24+04:00	ck8o-nat-whole-2	0	3902297	3902205	41	23554572288	1176436736	python3*36 pt_gloo_runloop*2 pt_tcpstore_uv*1 cuda0000240000a*1 cuda-EvtHandlr*1 
2026-09-27T05:38:25+04:00	ck8o-nat-whole-2	0	3902298	3902205	23	799371264	607358976	python3*17 ZMQbg/Reaper*3 ZMQbg/IO/0*3 
2026-09-27T05:38:35+04:00	ck8o-nat-whole-2	0	3902172	363	2	23142400	6053888	uv*1 main2*1 
2026-09-27T05:38:35+04:00	ck8o-nat-whole-2	0	3902205	3902172	39	825143296	622206976	ft*35 ZMQbg/Reaper*2 ZMQbg/IO/0*2 
2026-09-27T05:38:35+04:00	ck8o-nat-whole-2	0	3902296	3902205	1	12742656	5939200	python3*1 
2026-09-27T05:38:35+04:00	ck8o-nat-whole-2	0	3902297	3902205	45	22802214912	1988554752	python3*36 pt_gloo_runloop*2 ZMQbg/Reaper*2 ZMQbg/IO/0*2 pt_tcpstore_uv*1 cuda0000240000a*1 
2026-09-27T05:38:35+04:00	ck8o-nat-whole-2	0	3902298	3902205	39	803815424	608174080	python3*33 ZMQbg/Reaper*3 ZMQbg/IO/0*3 
2026-09-27T05:38:49+04:00	ck8o-nat-whole-2	0	3902172	363	2	23080960	6053888	uv*1 main2*1 
2026-09-27T05:38:49+04:00	ck8o-nat-whole-2	0	3902205	3902172	39	818180096	622206976	ft*35 ZMQbg/Reaper*2 ZMQbg/IO/0*2 
2026-09-27T05:38:49+04:00	ck8o-nat-whole-2	0	3902296	3902205	1	12742656	5939200	python3*1 
2026-09-27T05:38:49+04:00	ck8o-nat-whole-2	0	3902297	3902205	45	22784544768	1988554752	python3*36 pt_gloo_runloop*2 ZMQbg/Reaper*2 ZMQbg/IO/0*2 pt_tcpstore_uv*1 cuda0000240000a*1 
2026-09-27T05:38:49+04:00	ck8o-nat-whole-2	0	3902298	3902205	39	797122560	608174080	python3*33 ZMQbg/Reaper*3 ZMQbg/IO/0*3 
2026-09-27T05:38:59+04:00	ck8o-nat-whole-2	1	3902172	363	2	23080960	6053888	uv*1 main2*1 
2026-09-27T05:38:59+04:00	ck8o-nat-whole-2	1	3902205	3902172	39	818061312	622288896	ft*35 ZMQbg/Reaper*2 ZMQbg/IO/0*2 
2026-09-27T05:38:59+04:00	ck8o-nat-whole-2	1	3902296	3902205	1	12742656	5939200	python3*1 
2026-09-27T05:38:59+04:00	ck8o-nat-whole-2	1	3902297	3902205	45	22784233472	1988612096	python3*36 pt_gloo_runloop*2 ZMQbg/Reaper*2 ZMQbg/IO/0*2 pt_tcpstore_uv*1 cuda0000240000a*1 
2026-09-27T05:38:59+04:00	ck8o-nat-whole-2	1	3902298	3902205	39	796962816	608210944	python3*33 ZMQbg/Reaper*3 ZMQbg/IO/0*3 
2026-09-27T05:39:09+04:00	ck8o-nat-whole-2	2	3902172	363	2	22740992	6053888	uv*1 main2*1 
2026-09-27T05:39:09+04:00	ck8o-nat-whole-2	2	3902205	3902172	39	898596864	707174400	ft*35 ZMQbg/Reaper*2 ZMQbg/IO/0*2 
2026-09-27T05:39:09+04:00	ck8o-nat-whole-2	2	3902296	3902205	1	12742656	5939200	python3*1 
2026-09-27T05:39:10+04:00	ck8o-nat-whole-2	2	3902297	3902205	45	22784577536	1997369344	python3*36 pt_gloo_runloop*2 ZMQbg/Reaper*2 ZMQbg/IO/0*2 pt_tcpstore_uv*1 cuda0000240000a*1 
2026-09-27T05:39:10+04:00	ck8o-nat-whole-2	2	3902298	3902205	39	792395776	608219136	python3*33 ZMQbg/Reaper*3 ZMQbg/IO/0*3 
2026-09-27T05:39:23+04:00	ck8o-nat-whole-2	2	3902172	363	2	22405120	6053888	uv*1 main2*1 
2026-09-27T05:39:23+04:00	ck8o-nat-whole-2	2	3902205	3902172	39	888090624	707485696	ft*35 ZMQbg/Reaper*2 ZMQbg/IO/0*2 
2026-09-27T05:39:23+04:00	ck8o-nat-whole-2	2	3902296	3902205	1	12742656	5939200	python3*1 
2026-09-27T05:39:23+04:00	ck8o-nat-whole-2	2	3902297	3902205	45	22770769920	1997787136	python3*36 pt_gloo_runloop*2 ZMQbg/Reaper*2 ZMQbg/IO/0*2 pt_tcpstore_uv*1 cuda0000240000a*1 
2026-09-27T05:39:23+04:00	ck8o-nat-whole-2	2	3902298	3902205	39	782184448	608219136	python3*33 ZMQbg/Reaper*3 ZMQbg/IO/0*3 
2026-09-27T05:39:34+04:00	ck8o-nat-whole-2	2	3902172	363	2	22405120	6053888	uv*1 main2*1 
2026-09-27T05:39:34+04:00	ck8o-nat-whole-2	2	3902205	3902172	39	888107008	707502080	ft*35 ZMQbg/Reaper*2 ZMQbg/IO/0*2 
2026-09-27T05:39:34+04:00	ck8o-nat-whole-2	2	3902296	3902205	1	12742656	5939200	python3*1 
2026-09-27T05:39:34+04:00	ck8o-nat-whole-2	2	3902297	3902205	45	22770778112	1997795328	python3*36 pt_gloo_runloop*2 ZMQbg/Reaper*2 ZMQbg/IO/0*2 pt_tcpstore_uv*1 cuda0000240000a*1 
2026-09-27T05:39:34+04:00	ck8o-nat-whole-2	2	3902298	3902205	39	782184448	608219136	python3*33 ZMQbg/Reaper*3 ZMQbg/IO/0*3 
2026-09-27T05:39:44+04:00	ck8o-nat-whole-2	2	3902172	363	2	22405120	6053888	uv*1 main2*1 
2026-09-27T05:39:44+04:00	ck8o-nat-whole-2	2	3902205	3902172	39	888242176	707637248	ft*35 ZMQbg/Reaper*2 ZMQbg/IO/0*2 
2026-09-27T05:39:44+04:00	ck8o-nat-whole-2	2	3902296	3902205	1	12742656	5939200	python3*1 
2026-09-27T05:39:44+04:00	ck8o-nat-whole-2	2	3902297	3902205	45	22770917376	1997934592	python3*36 pt_gloo_runloop*2 ZMQbg/Reaper*2 ZMQbg/IO/0*2 pt_tcpstore_uv*1 cuda0000240000a*1 
2026-09-27T05:39:44+04:00	ck8o-nat-whole-2	2	3902298	3902205	39	782184448	608219136	python3*33 ZMQbg/Reaper*3 ZMQbg/IO/0*3 
2026-09-27T05:39:58+04:00	ck8o-nat-whole-2	2	3902172	363	2	22405120	6053888	uv*1 main2*1 
2026-09-27T05:39:58+04:00	ck8o-nat-whole-2	2	3902205	3902172	39	888246272	707641344	ft*35 ZMQbg/Reaper*2 ZMQbg/IO/0*2 
2026-09-27T05:39:58+04:00	ck8o-nat-whole-2	2	3902296	3902205	1	12742656	5939200	python3*1 
2026-09-27T05:39:58+04:00	ck8o-nat-whole-2	2	3902297	3902205	45	22770917376	1997934592	python3*36 pt_gloo_runloop*2 ZMQbg/Reaper*2 ZMQbg/IO/0*2 pt_tcpstore_uv*1 cuda0000240000a*1 
2026-09-27T05:39:58+04:00	ck8o-nat-whole-2	2	3902298	3902205	39	782184448	608219136	python3*33 ZMQbg/Reaper*3 ZMQbg/IO/0*3 
2026-09-27T05:40:08+04:00	ck8o-nat-whole-2	2	3902172	363	2	22405120	6053888	uv*1 main2*1 
2026-09-27T05:40:08+04:00	ck8o-nat-whole-2	2	3902205	3902172	39	888324096	707719168	ft*35 ZMQbg/Reaper*2 ZMQbg/IO/0*2 
2026-09-27T05:40:08+04:00	ck8o-nat-whole-2	2	3902296	3902205	1	12742656	5939200	python3*1 
2026-09-27T05:40:08+04:00	ck8o-nat-whole-2	2	3902297	3902205	45	22770921472	1997938688	python3*36 pt_gloo_runloop*2 ZMQbg/Reaper*2 ZMQbg/IO/0*2 pt_tcpstore_uv*1 cuda0000240000a*1 
2026-09-27T05:40:08+04:00	ck8o-nat-whole-2	2	3902298	3902205	39	782184448	608219136	python3*33 ZMQbg/Reaper*3 ZMQbg/IO/0*3 
2026-09-27T05:40:18+04:00	ck8o-nat-whole-2	2	3902172	363	2	22405120	6053888	uv*1 main2*1 
2026-09-27T05:40:18+04:00	ck8o-nat-whole-2	2	3902205	3902172	39	888328192	707723264	ft*35 ZMQbg/Reaper*2 ZMQbg/IO/0*2 
2026-09-27T05:40:18+04:00	ck8o-nat-whole-2	2	3902296	3902205	1	12742656	5939200	python3*1 
2026-09-27T05:40:18+04:00	ck8o-nat-whole-2	2	3902297	3902205	45	22770921472	1997938688	python3*36 pt_gloo_runloop*2 ZMQbg/Reaper*2 ZMQbg/IO/0*2 pt_tcpstore_uv*1 cuda0000240000a*1 
2026-09-27T05:40:18+04:00	ck8o-nat-whole-2	2	3902298	3902205	39	782184448	608219136	python3*33 ZMQbg/Reaper*3 ZMQbg/IO/0*3 
2026-09-27T05:40:31+04:00	ck8o-nat-whole-2	2	3902172	363	2	22405120	6053888	uv*1 main2*1 
2026-09-27T05:40:31+04:00	ck8o-nat-whole-2	2	3902205	3902172	39	888905728	708300800	ft*35 ZMQbg/Reaper*2 ZMQbg/IO/0*2 
2026-09-27T05:40:31+04:00	ck8o-nat-whole-2	2	3902296	3902205	1	12742656	5939200	python3*1 
2026-09-27T05:40:31+04:00	ck8o-nat-whole-2	2	3902297	3902205	45	22771044352	1997987840	python3*36 pt_gloo_runloop*2 ZMQbg/Reaper*2 ZMQbg/IO/0*2 pt_tcpstore_uv*1 cuda0000240000a*1 
2026-09-27T05:40:31+04:00	ck8o-nat-whole-2	2	3902298	3902205	42	782282752	608317440	python3*34 ZMQbg/Reaper*4 ZMQbg/IO/0*4 
2026-09-27T05:40:41+04:00	ck8o-nat-whole-2	2	3902172	363	2	22405120	6053888	uv*1 main2*1 
2026-09-27T05:40:41+04:00	ck8o-nat-whole-2	2	3902205	3902172	39	888905728	708300800	ft*35 ZMQbg/Reaper*2 ZMQbg/IO/0*2 
2026-09-27T05:40:41+04:00	ck8o-nat-whole-2	2	3902296	3902205	1	12742656	5939200	python3*1 
2026-09-27T05:40:41+04:00	ck8o-nat-whole-2	2	3902297	3902205	45	22771044352	1997987840	python3*36 pt_gloo_runloop*2 ZMQbg/Reaper*2 ZMQbg/IO/0*2 pt_tcpstore_uv*1 cuda0000240000a*1 
2026-09-27T05:40:42+04:00	ck8o-nat-whole-2	2	3902298	3902205	42	782282752	608317440	python3*34 ZMQbg/Reaper*4 ZMQbg/IO/0*4 
2026-09-27T05:41:35+04:00	ck8o-nat-mirror-2	0	3921621	363	3	25657344	6053888	uv*1 tokio-rt-worker*1 main2*1 
2026-09-27T05:41:35+04:00	ck8o-nat-mirror-2	0	3921637	3921621	22	697917440	422551552	ft*18 ZMQbg/Reaper*2 ZMQbg/IO/0*2 
2026-09-27T05:41:35+04:00	ck8o-nat-mirror-2	0	3921676	3921637	1	12779520	5939200	python3*1 
2026-09-27T05:41:35+04:00	ck8o-nat-mirror-2	0	3921677	3921637	16	531505152	312938496	python3*16 
2026-09-27T05:41:35+04:00	ck8o-nat-mirror-2	0	3921678	3921637	16	533377024	315637760	python3*16 
2026-09-27T05:41:48+04:00	ck8o-nat-mirror-2	0	3921621	363	2	25788416	6053888	uv*1 main2*1 
2026-09-27T05:41:48+04:00	ck8o-nat-mirror-2	0	3921637	3921621	22	698208256	422735872	ft*18 ZMQbg/Reaper*2 ZMQbg/IO/0*2 
2026-09-27T05:41:48+04:00	ck8o-nat-mirror-2	0	3921676	3921637	1	12779520	5939200	python3*1 
2026-09-27T05:41:48+04:00	ck8o-nat-mirror-2	0	3921677	3921637	40	17464225792	15347290112	python3*35 pt_gloo_runloop*2 pt_tcpstore_uv*1 cuda0000240000a*1 cuda-EvtHandlr*1 
2026-09-27T05:41:48+04:00	ck8o-nat-mirror-2	0	3921678	3921637	23	878456832	606556160	python3*17 ZMQbg/Reaper*3 ZMQbg/IO/0*3 
2026-09-27T05:41:58+04:00	ck8o-nat-mirror-2	0	3921621	363	2	25788416	6053888	uv*1 main2*1 
2026-09-27T05:41:58+04:00	ck8o-nat-mirror-2	0	3921637	3921621	22	698216448	422744064	ft*18 ZMQbg/Reaper*2 ZMQbg/IO/0*2 
2026-09-27T05:41:58+04:00	ck8o-nat-mirror-2	0	3921676	3921637	1	12779520	5939200	python3*1 
2026-09-27T05:41:58+04:00	ck8o-nat-mirror-2	0	3921677	3921637	41	17554616320	15433826304	python3*36 pt_gloo_runloop*2 pt_tcpstore_uv*1 cuda0000240000a*1 cuda-EvtHandlr*1 
2026-09-27T05:41:58+04:00	ck8o-nat-mirror-2	0	3921678	3921637	23	878456832	606556160	python3*17 ZMQbg/Reaper*3 ZMQbg/IO/0*3 
2026-09-27T05:42:08+04:00	ck8o-nat-mirror-2	0	3921621	363	2	25788416	6053888	uv*1 main2*1 
2026-09-27T05:42:08+04:00	ck8o-nat-mirror-2	0	3921637	3921621	22	698220544	422748160	ft*18 ZMQbg/Reaper*2 ZMQbg/IO/0*2 
2026-09-27T05:42:08+04:00	ck8o-nat-mirror-2	0	3921676	3921637	1	12779520	5939200	python3*1 
2026-09-27T05:42:08+04:00	ck8o-nat-mirror-2	0	3921677	3921637	41	16332492800	15750057984	python3*36 pt_gloo_runloop*2 pt_tcpstore_uv*1 cuda0000240000a*1 cuda-EvtHandlr*1 
2026-09-27T05:42:08+04:00	ck8o-nat-mirror-2	0	3921678	3921637	23	878456832	606556160	python3*17 ZMQbg/Reaper*3 ZMQbg/IO/0*3 
2026-09-27T05:42:21+04:00	ck8o-nat-mirror-2	0	3921621	363	2	25788416	6053888	uv*1 main2*1 
2026-09-27T05:42:21+04:00	ck8o-nat-mirror-2	0	3921637	3921621	22	698224640	422752256	ft*18 ZMQbg/Reaper*2 ZMQbg/IO/0*2 
2026-09-27T05:42:21+04:00	ck8o-nat-mirror-2	0	3921676	3921637	1	12779520	5939200	python3*1 
2026-09-27T05:42:21+04:00	ck8o-nat-mirror-2	0	3921677	3921637	41	16582053888	15990444032	python3*36 pt_gloo_runloop*2 pt_tcpstore_uv*1 cuda0000240000a*1 cuda-EvtHandlr*1 
2026-09-27T05:42:21+04:00	ck8o-nat-mirror-2	0	3921678	3921637	23	878456832	606556160	python3*17 ZMQbg/Reaper*3 ZMQbg/IO/0*3 
2026-09-27T05:42:32+04:00	ck8o-nat-mirror-2	0	3921621	363	2	25788416	6053888	uv*1 main2*1 
2026-09-27T05:42:32+04:00	ck8o-nat-mirror-2	0	3921637	3921621	22	698224640	422752256	ft*18 ZMQbg/Reaper*2 ZMQbg/IO/0*2 
2026-09-27T05:42:32+04:00	ck8o-nat-mirror-2	0	3921676	3921637	1	12779520	5939200	python3*1 
2026-09-27T05:42:32+04:00	ck8o-nat-mirror-2	0	3921677	3921637	41	16852238336	16253284352	python3*36 pt_gloo_runloop*2 pt_tcpstore_uv*1 cuda0000240000a*1 cuda-EvtHandlr*1 
2026-09-27T05:42:32+04:00	ck8o-nat-mirror-2	0	3921678	3921637	23	878456832	606556160	python3*17 ZMQbg/Reaper*3 ZMQbg/IO/0*3 
2026-09-27T05:42:42+04:00	ck8o-nat-mirror-2	0	3921621	363	2	25788416	6053888	uv*1 main2*1 
2026-09-27T05:42:42+04:00	ck8o-nat-mirror-2	0	3921637	3921621	39	902287360	620826624	ft*35 ZMQbg/Reaper*2 ZMQbg/IO/0*2 
2026-09-27T05:42:42+04:00	ck8o-nat-mirror-2	0	3921676	3921637	1	12779520	5939200	python3*1 
2026-09-27T05:42:42+04:00	ck8o-nat-mirror-2	0	3921677	3921637	45	17057615872	16454684672	python3*36 pt_gloo_runloop*2 ZMQbg/Reaper*2 ZMQbg/IO/0*2 pt_tcpstore_uv*1 cuda0000240000a*1 
2026-09-27T05:42:42+04:00	ck8o-nat-mirror-2	0	3921678	3921637	39	882491392	607289344	python3*33 ZMQbg/Reaper*3 ZMQbg/IO/0*3 
2026-09-27T05:42:55+04:00	ck8o-nat-mirror-2	0	3921621	363	2	25788416	6053888	uv*1 main2*1 
2026-09-27T05:42:55+04:00	ck8o-nat-mirror-2	0	3921637	3921621	39	902471680	621010944	ft*35 ZMQbg/Reaper*2 ZMQbg/IO/0*2 
2026-09-27T05:42:55+04:00	ck8o-nat-mirror-2	0	3921676	3921637	1	12779520	5939200	python3*1 
2026-09-27T05:42:55+04:00	ck8o-nat-mirror-2	0	3921677	3921637	45	17061093376	16454840320	python3*36 pt_gloo_runloop*2 ZMQbg/Reaper*2 ZMQbg/IO/0*2 pt_tcpstore_uv*1 cuda0000240000a*1 
2026-09-27T05:42:55+04:00	ck8o-nat-mirror-2	0	3921678	3921637	39	882552832	607350784	python3*33 ZMQbg/Reaper*3 ZMQbg/IO/0*3 
2026-09-27T05:43:05+04:00	ck8o-nat-mirror-2	0	3921621	363	2	25788416	6053888	uv*1 main2*1 
2026-09-27T05:43:05+04:00	ck8o-nat-mirror-2	0	3921637	3921621	39	902471680	621010944	ft*35 ZMQbg/Reaper*2 ZMQbg/IO/0*2 
2026-09-27T05:43:05+04:00	ck8o-nat-mirror-2	0	3921676	3921637	1	12779520	5939200	python3*1 
2026-09-27T05:43:05+04:00	ck8o-nat-mirror-2	0	3921677	3921637	45	17061093376	16454840320	python3*36 pt_gloo_runloop*2 ZMQbg/Reaper*2 ZMQbg/IO/0*2 pt_tcpstore_uv*1 cuda0000240000a*1 
2026-09-27T05:43:05+04:00	ck8o-nat-mirror-2	0	3921678	3921637	39	882552832	607350784	python3*33 ZMQbg/Reaper*3 ZMQbg/IO/0*3 
2026-09-27T05:43:15+04:00	ck8o-nat-mirror-2	2	3921621	363	2	25788416	6053888	uv*1 main2*1 
2026-09-27T05:43:15+04:00	ck8o-nat-mirror-2	2	3921637	3921621	39	988250112	706789376	ft*35 ZMQbg/Reaper*2 ZMQbg/IO/0*2 
2026-09-27T05:43:16+04:00	ck8o-nat-mirror-2	2	3921676	3921637	1	12779520	5939200	python3*1 
2026-09-27T05:43:16+04:00	ck8o-nat-mirror-2	2	3921677	3921637	45	17070006272	16463200256	python3*36 pt_gloo_runloop*2 ZMQbg/Reaper*2 ZMQbg/IO/0*2 pt_tcpstore_uv*1 cuda0000240000a*1 
2026-09-27T05:43:16+04:00	ck8o-nat-mirror-2	2	3921678	3921637	39	882585600	607383552	python3*33 ZMQbg/Reaper*3 ZMQbg/IO/0*3 
2026-09-27T05:43:29+04:00	ck8o-nat-mirror-2	2	3921621	363	2	25788416	6053888	uv*1 main2*1 
2026-09-27T05:43:29+04:00	ck8o-nat-mirror-2	2	3921637	3921621	39	988651520	707190784	ft*35 ZMQbg/Reaper*2 ZMQbg/IO/0*2 
2026-09-27T05:43:29+04:00	ck8o-nat-mirror-2	2	3921676	3921637	1	12779520	5939200	python3*1 
2026-09-27T05:43:29+04:00	ck8o-nat-mirror-2	2	3921677	3921637	45	17070006272	16463200256	python3*36 pt_gloo_runloop*2 ZMQbg/Reaper*2 ZMQbg/IO/0*2 pt_tcpstore_uv*1 cuda0000240000a*1 
2026-09-27T05:43:29+04:00	ck8o-nat-mirror-2	2	3921678	3921637	39	882585600	607383552	python3*33 ZMQbg/Reaper*3 ZMQbg/IO/0*3 
2026-09-27T05:43:39+04:00	ck8o-nat-mirror-2	2	3921621	363	2	25788416	6053888	uv*1 main2*1 
2026-09-27T05:43:39+04:00	ck8o-nat-mirror-2	2	3921637	3921621	39	988815360	707354624	ft*35 ZMQbg/Reaper*2 ZMQbg/IO/0*2 
2026-09-27T05:43:39+04:00	ck8o-nat-mirror-2	2	3921676	3921637	1	12779520	5939200	python3*1 
2026-09-27T05:43:39+04:00	ck8o-nat-mirror-2	2	3921677	3921637	45	17070006272	16463200256	python3*36 pt_gloo_runloop*2 ZMQbg/Reaper*2 ZMQbg/IO/0*2 pt_tcpstore_uv*1 cuda0000240000a*1 
2026-09-27T05:43:39+04:00	ck8o-nat-mirror-2	2	3921678	3921637	39	882585600	607383552	python3*33 ZMQbg/Reaper*3 ZMQbg/IO/0*3 
2026-09-27T05:43:49+04:00	ck8o-nat-mirror-2	2	3921621	363	2	25788416	6053888	uv*1 main2*1 
2026-09-27T05:43:49+04:00	ck8o-nat-mirror-2	2	3921637	3921621	39	988839936	707379200	ft*35 ZMQbg/Reaper*2 ZMQbg/IO/0*2 
2026-09-27T05:43:49+04:00	ck8o-nat-mirror-2	2	3921676	3921637	1	12779520	5939200	python3*1 
2026-09-27T05:43:50+04:00	ck8o-nat-mirror-2	2	3921677	3921637	45	17070006272	16463200256	python3*36 pt_gloo_runloop*2 ZMQbg/Reaper*2 ZMQbg/IO/0*2 pt_tcpstore_uv*1 cuda0000240000a*1 
2026-09-27T05:43:50+04:00	ck8o-nat-mirror-2	2	3921678	3921637	39	882585600	607383552	python3*33 ZMQbg/Reaper*3 ZMQbg/IO/0*3 
2026-09-27T05:44:03+04:00	ck8o-nat-mirror-2	2	3921621	363	2	25788416	6053888	uv*1 main2*1 
2026-09-27T05:44:03+04:00	ck8o-nat-mirror-2	2	3921637	3921621	39	988962816	707502080	ft*35 ZMQbg/Reaper*2 ZMQbg/IO/0*2 
2026-09-27T05:44:03+04:00	ck8o-nat-mirror-2	2	3921676	3921637	1	12779520	5939200	python3*1 
2026-09-27T05:44:03+04:00	ck8o-nat-mirror-2	2	3921677	3921637	45	17070268416	16463462400	python3*36 pt_gloo_runloop*2 ZMQbg/Reaper*2 ZMQbg/IO/0*2 pt_tcpstore_uv*1 cuda0000240000a*1 
2026-09-27T05:44:03+04:00	ck8o-nat-mirror-2	2	3921678	3921637	39	882585600	607383552	python3*33 ZMQbg/Reaper*3 ZMQbg/IO/0*3 
2026-09-27T05:44:13+04:00	ck8o-nat-mirror-2	2	3921621	363	2	25788416	6053888	uv*1 main2*1 
2026-09-27T05:44:13+04:00	ck8o-nat-mirror-2	2	3921637	3921621	39	988966912	707506176	ft*35 ZMQbg/Reaper*2 ZMQbg/IO/0*2 
2026-09-27T05:44:14+04:00	ck8o-nat-mirror-2	2	3921676	3921637	1	12779520	5939200	python3*1 
2026-09-27T05:44:14+04:00	ck8o-nat-mirror-2	2	3921677	3921637	45	17070268416	16463462400	python3*36 pt_gloo_runloop*2 ZMQbg/Reaper*2 ZMQbg/IO/0*2 pt_tcpstore_uv*1 cuda0000240000a*1 
2026-09-27T05:44:14+04:00	ck8o-nat-mirror-2	2	3921678	3921637	39	882585600	607383552	python3*33 ZMQbg/Reaper*3 ZMQbg/IO/0*3 
2026-09-27T05:44:24+04:00	ck8o-nat-mirror-2	2	3921621	363	2	25788416	6053888	uv*1 main2*1 
2026-09-27T05:44:24+04:00	ck8o-nat-mirror-2	2	3921637	3921621	39	989069312	707608576	ft*35 ZMQbg/Reaper*2 ZMQbg/IO/0*2 
2026-09-27T05:44:24+04:00	ck8o-nat-mirror-2	2	3921676	3921637	1	12779520	5939200	python3*1 
2026-09-27T05:44:24+04:00	ck8o-nat-mirror-2	2	3921677	3921637	45	17070530560	16463724544	python3*36 pt_gloo_runloop*2 ZMQbg/Reaper*2 ZMQbg/IO/0*2 pt_tcpstore_uv*1 cuda0000240000a*1 
2026-09-27T05:44:24+04:00	ck8o-nat-mirror-2	2	3921678	3921637	39	882585600	607383552	python3*33 ZMQbg/Reaper*3 ZMQbg/IO/0*3 
2026-09-27T05:44:37+04:00	ck8o-nat-mirror-2	2	3921621	363	2	25788416	6053888	uv*1 main2*1 
2026-09-27T05:44:37+04:00	ck8o-nat-mirror-2	2	3921637	3921621	39	989069312	707608576	ft*35 ZMQbg/Reaper*2 ZMQbg/IO/0*2 
2026-09-27T05:44:37+04:00	ck8o-nat-mirror-2	2	3921676	3921637	1	12779520	5939200	python3*1 
2026-09-27T05:44:37+04:00	ck8o-nat-mirror-2	2	3921677	3921637	45	17070530560	16463724544	python3*36 pt_gloo_runloop*2 ZMQbg/Reaper*2 ZMQbg/IO/0*2 pt_tcpstore_uv*1 cuda0000240000a*1 
2026-09-27T05:44:37+04:00	ck8o-nat-mirror-2	2	3921678	3921637	39	882585600	607383552	python3*33 ZMQbg/Reaper*3 ZMQbg/IO/0*3 
2026-09-27T05:44:47+04:00	ck8o-nat-mirror-2	2	3921621	363	2	25788416	6053888	uv*1 main2*1 
2026-09-27T05:44:47+04:00	ck8o-nat-mirror-2	2	3921637	3921621	39	989655040	708194304	ft*35 ZMQbg/Reaper*2 ZMQbg/IO/0*2 
2026-09-27T05:44:47+04:00	ck8o-nat-mirror-2	2	3921676	3921637	1	12779520	5939200	python3*1 
2026-09-27T05:44:47+04:00	ck8o-nat-mirror-2	2	3921677	3921637	45	17070641152	16463773696	python3*36 pt_gloo_runloop*2 ZMQbg/Reaper*2 ZMQbg/IO/0*2 pt_tcpstore_uv*1 cuda0000240000a*1 
2026-09-27T05:44:47+04:00	ck8o-nat-mirror-2	2	3921678	3921637	42	882688000	607485952	python3*34 ZMQbg/Reaper*4 ZMQbg/IO/0*4 
2026-09-27T05:44:58+04:00	ck8o-nat-mirror-2	2	3921621	363	2	25788416	6053888	uv*1 main2*1 
2026-09-27T05:44:58+04:00	ck8o-nat-mirror-2	2	3921637	3921621	39	989655040	708194304	ft*35 ZMQbg/Reaper*2 ZMQbg/IO/0*2 
2026-09-27T05:44:58+04:00	ck8o-nat-mirror-2	2	3921676	3921637	1	12779520	5939200	python3*1 
2026-09-27T05:44:58+04:00	ck8o-nat-mirror-2	2	3921677	3921637	45	17070641152	16463773696	python3*36 pt_gloo_runloop*2 ZMQbg/Reaper*2 ZMQbg/IO/0*2 pt_tcpstore_uv*1 cuda0000240000a*1 
2026-09-27T05:44:58+04:00	ck8o-nat-mirror-2	2	3921678	3921637	42	882688000	607485952	python3*34 ZMQbg/Reaper*4 ZMQbg/IO/0*4 
2026-09-27T05:45:11+04:00	ck8o-nat-mirror-2	2	3921621	363	2	25788416	6053888	uv*1 main2*1 
2026-09-27T05:45:11+04:00	ck8o-nat-mirror-2	2	3921637	3921621	39	989655040	708194304	ft*35 ZMQbg/Reaper*2 ZMQbg/IO/0*2 
2026-09-27T05:45:11+04:00	ck8o-nat-mirror-2	2	3921676	3921637	1	12779520	5939200	python3*1 
2026-09-27T05:45:11+04:00	ck8o-nat-mirror-2	2	3921677	3921637	45	17070641152	16463773696	python3*36 pt_gloo_runloop*2 ZMQbg/Reaper*2 ZMQbg/IO/0*2 pt_tcpstore_uv*1 cuda0000240000a*1 
2026-09-27T05:45:11+04:00	ck8o-nat-mirror-2	2	3921678	3921637	42	882688000	607485952	python3*34 ZMQbg/Reaper*4 ZMQbg/IO/0*4 
2026-09-27T05:45:55+04:00	ck8o-replay	0	3937907	363	3	25333760	6057984	uv*1 tokio-rt-worker*1 main2*1 
2026-09-27T05:45:55+04:00	ck8o-replay	0	3937923	3937907	22	700227584	422584320	ft*18 ZMQbg/Reaper*2 ZMQbg/IO/0*2 
2026-09-27T05:45:55+04:00	ck8o-replay	0	3938401	3937923	1	12767232	5939200	python3*1 
2026-09-27T05:45:55+04:00	ck8o-replay	0	3938402	3937923	16	516845568	300093440	python3*16 
2026-09-27T05:45:55+04:00	ck8o-replay	0	3938403	3937923	16	517160960	300490752	python3*16 
2026-09-27T05:46:05+04:00	ck8o-replay	0	3937907	363	2	25464832	6057984	uv*1 main2*1 
2026-09-27T05:46:05+04:00	ck8o-replay	0	3937923	3937907	22	700510208	422760448	ft*18 ZMQbg/Reaper*2 ZMQbg/IO/0*2 
2026-09-27T05:46:05+04:00	ck8o-replay	0	3938401	3937923	1	12767232	5939200	python3*1 
2026-09-27T05:46:05+04:00	ck8o-replay	0	3938402	3937923	41	3688325120	981549056	python3*36 pt_gloo_runloop*2 pt_tcpstore_uv*1 cuda0000240000a*1 cuda-EvtHandlr*1 
2026-09-27T05:46:05+04:00	ck8o-replay	0	3938403	3937923	23	877367296	606502912	python3*17 ZMQbg/Reaper*3 ZMQbg/IO/0*3 
2026-09-27T05:46:15+04:00	ck8o-replay	0	3937907	363	2	25464832	6057984	uv*1 main2*1 
2026-09-27T05:46:15+04:00	ck8o-replay	0	3937923	3937907	22	700518400	422768640	ft*18 ZMQbg/Reaper*2 ZMQbg/IO/0*2 
2026-09-27T05:46:15+04:00	ck8o-replay	0	3938401	3937923	1	12767232	5939200	python3*1 
2026-09-27T05:46:15+04:00	ck8o-replay	0	3938402	3937923	41	4840370176	981602304	python3*36 pt_gloo_runloop*2 pt_tcpstore_uv*1 cuda0000240000a*1 cuda-EvtHandlr*1 
2026-09-27T05:46:15+04:00	ck8o-replay	0	3938403	3937923	23	877367296	606502912	python3*17 ZMQbg/Reaper*3 ZMQbg/IO/0*3 
2026-09-27T05:46:28+04:00	ck8o-replay	0	3937907	363	2	25464832	6057984	uv*1 main2*1 
2026-09-27T05:46:28+04:00	ck8o-replay	0	3937923	3937907	22	700522496	422772736	ft*18 ZMQbg/Reaper*2 ZMQbg/IO/0*2 
2026-09-27T05:46:28+04:00	ck8o-replay	0	3938401	3937923	1	12767232	5939200	python3*1 
2026-09-27T05:46:28+04:00	ck8o-replay	0	3938402	3937923	41	7059681280	981700608	python3*36 pt_gloo_runloop*2 pt_tcpstore_uv*1 cuda0000240000a*1 cuda-EvtHandlr*1 
2026-09-27T05:46:28+04:00	ck8o-replay	0	3938403	3937923	23	877367296	606502912	python3*17 ZMQbg/Reaper*3 ZMQbg/IO/0*3 
2026-09-27T05:46:39+04:00	ck8o-replay	0	3937907	363	2	25464832	6057984	uv*1 main2*1 
2026-09-27T05:46:39+04:00	ck8o-replay	0	3937923	3937907	22	700526592	422776832	ft*18 ZMQbg/Reaper*2 ZMQbg/IO/0*2 
2026-09-27T05:46:39+04:00	ck8o-replay	0	3938401	3937923	1	12767232	5939200	python3*1 
2026-09-27T05:46:39+04:00	ck8o-replay	0	3938402	3937923	41	7725498368	981753856	python3*36 pt_gloo_runloop*2 pt_tcpstore_uv*1 cuda0000240000a*1 cuda-EvtHandlr*1 
2026-09-27T05:46:39+04:00	ck8o-replay	0	3938403	3937923	23	877367296	606502912	python3*17 ZMQbg/Reaper*3 ZMQbg/IO/0*3 
2026-09-27T05:46:49+04:00	ck8o-replay	0	3937907	363	2	25464832	6057984	uv*1 main2*1 
2026-09-27T05:46:49+04:00	ck8o-replay	0	3937923	3937907	22	700530688	422780928	ft*18 ZMQbg/Reaper*2 ZMQbg/IO/0*2 
2026-09-27T05:46:49+04:00	ck8o-replay	0	3938401	3937923	1	12767232	5939200	python3*1 
2026-09-27T05:46:49+04:00	ck8o-replay	0	3938402	3937923	41	8074231808	981753856	python3*36 pt_gloo_runloop*2 pt_tcpstore_uv*1 cuda0000240000a*1 cuda-EvtHandlr*1 
2026-09-27T05:46:49+04:00	ck8o-replay	0	3938403	3937923	23	877367296	606502912	python3*17 ZMQbg/Reaper*3 ZMQbg/IO/0*3 
2026-09-27T05:47:02+04:00	ck8o-replay	0	3937907	363	2	25464832	6057984	uv*1 main2*1 
2026-09-27T05:47:02+04:00	ck8o-replay	0	3937923	3937907	22	700530688	422780928	ft*18 ZMQbg/Reaper*2 ZMQbg/IO/0*2 
2026-09-27T05:47:02+04:00	ck8o-replay	0	3938401	3937923	1	12767232	5939200	python3*1 
2026-09-27T05:47:02+04:00	ck8o-replay	0	3938402	3937923	41	8454692864	981778432	python3*36 pt_gloo_runloop*2 pt_tcpstore_uv*1 cuda0000240000a*1 cuda-EvtHandlr*1 
2026-09-27T05:47:02+04:00	ck8o-replay	0	3938403	3937923	23	877367296	606502912	python3*17 ZMQbg/Reaper*3 ZMQbg/IO/0*3 
2026-09-27T05:47:12+04:00	ck8o-replay	0	3937907	363	2	25464832	6057984	uv*1 main2*1 
2026-09-27T05:47:12+04:00	ck8o-replay	0	3937923	3937907	22	700530688	422780928	ft*18 ZMQbg/Reaper*2 ZMQbg/IO/0*2 
2026-09-27T05:47:12+04:00	ck8o-replay	0	3938401	3937923	1	12767232	5939200	python3*1 
2026-09-27T05:47:12+04:00	ck8o-replay	0	3938402	3937923	41	8803450880	981803008	python3*36 pt_gloo_runloop*2 pt_tcpstore_uv*1 cuda0000240000a*1 cuda-EvtHandlr*1 
2026-09-27T05:47:12+04:00	ck8o-replay	0	3938403	3937923	23	877367296	606502912	python3*17 ZMQbg/Reaper*3 ZMQbg/IO/0*3 
2026-09-27T05:47:23+04:00	ck8o-replay	0	3937907	363	2	25464832	6057984	uv*1 main2*1 
2026-09-27T05:47:23+04:00	ck8o-replay	0	3937923	3937907	22	700534784	422785024	ft*18 ZMQbg/Reaper*2 ZMQbg/IO/0*2 
2026-09-27T05:47:23+04:00	ck8o-replay	0	3938401	3937923	1	12767232	5939200	python3*1 
2026-09-27T05:47:23+04:00	ck8o-replay	0	3938402	3937923	41	10008215552	981852160	python3*36 pt_gloo_runloop*2 pt_tcpstore_uv*1 cuda0000240000a*1 cuda-EvtHandlr*1 
2026-09-27T05:47:23+04:00	ck8o-replay	0	3938403	3937923	23	877367296	606502912	python3*17 ZMQbg/Reaper*3 ZMQbg/IO/0*3 
2026-09-27T05:47:36+04:00	ck8o-replay	0	3937907	363	2	25464832	6057984	uv*1 main2*1 
2026-09-27T05:47:36+04:00	ck8o-replay	0	3937923	3937907	22	698097664	422793216	ft*18 ZMQbg/Reaper*2 ZMQbg/IO/0*2 
2026-09-27T05:47:36+04:00	ck8o-replay	0	3938401	3937923	1	12767232	5939200	python3*1 
2026-09-27T05:47:36+04:00	ck8o-replay	0	3938402	3937923	41	13746999296	982056960	python3*36 pt_gloo_runloop*2 pt_tcpstore_uv*1 cuda0000240000a*1 cuda-EvtHandlr*1 
2026-09-27T05:47:36+04:00	ck8o-replay	0	3938403	3937923	23	874975232	606502912	python3*17 ZMQbg/Reaper*3 ZMQbg/IO/0*3 
2026-09-27T05:47:46+04:00	ck8o-replay	0	3937907	363	2	24694784	6057984	uv*1 main2*1 
2026-09-27T05:47:46+04:00	ck8o-replay	0	3937923	3937907	22	631808000	422793216	ft*18 ZMQbg/Reaper*2 ZMQbg/IO/0*2 
2026-09-27T05:47:46+04:00	ck8o-replay	0	3938401	3937923	1	12750848	5939200	python3*1 
2026-09-27T05:47:46+04:00	ck8o-replay	0	3938402	3937923	41	23631523840	1213636608	python3*36 pt_gloo_runloop*2 pt_tcpstore_uv*1 cuda0000240000a*1 cuda-EvtHandlr*1 
2026-09-27T05:47:46+04:00	ck8o-replay	0	3938403	3937923	23	808980480	606502912	python3*17 ZMQbg/Reaper*3 ZMQbg/IO/0*3 
2026-09-27T05:47:57+04:00	ck8o-replay	0	3937907	363	2	24682496	6057984	uv*1 main2*1 
2026-09-27T05:47:57+04:00	ck8o-replay	0	3937923	3937907	39	835850240	622014464	ft*35 ZMQbg/Reaper*2 ZMQbg/IO/0*2 
2026-09-27T05:47:57+04:00	ck8o-replay	0	3938401	3937923	1	12750848	5939200	python3*1 
2026-09-27T05:47:57+04:00	ck8o-replay	0	3938402	3937923	45	22812639232	1989632000	python3*36 pt_gloo_runloop*2 ZMQbg/Reaper*2 ZMQbg/IO/0*2 pt_tcpstore_uv*1 cuda0000240000a*1 
2026-09-27T05:47:57+04:00	ck8o-replay	0	3938403	3937923	39	812064768	607166464	python3*33 ZMQbg/Reaper*3 ZMQbg/IO/0*3 
2026-09-27T05:48:10+04:00	ck8o-replay	0	3937907	363	2	24436736	6057984	uv*1 main2*1 
2026-09-27T05:48:10+04:00	ck8o-replay	0	3937923	3937907	39	826978304	622014464	ft*35 ZMQbg/Reaper*2 ZMQbg/IO/0*2 
2026-09-27T05:48:10+04:00	ck8o-replay	0	3938401	3937923	1	12742656	5939200	python3*1 
2026-09-27T05:48:10+04:00	ck8o-replay	0	3938402	3937923	45	22802178048	1989632000	python3*36 pt_gloo_runloop*2 ZMQbg/Reaper*2 ZMQbg/IO/0*2 pt_tcpstore_uv*1 cuda0000240000a*1 
2026-09-27T05:48:10+04:00	ck8o-replay	0	3938403	3937923	39	803663872	607166464	python3*33 ZMQbg/Reaper*3 ZMQbg/IO/0*3 
2026-09-27T05:48:21+04:00	ck8o-replay	2	3937907	363	2	24326144	6057984	uv*1 main2*1 
2026-09-27T05:48:21+04:00	ck8o-replay	2	3937923	3937907	39	822906880	622071808	ft*35 ZMQbg/Reaper*2 ZMQbg/IO/0*2 
2026-09-27T05:48:21+04:00	ck8o-replay	2	3938401	3937923	1	12742656	5939200	python3*1 
2026-09-27T05:48:21+04:00	ck8o-replay	2	3938402	3937923	45	22796697600	1990008832	python3*36 pt_gloo_runloop*2 ZMQbg/Reaper*2 ZMQbg/IO/0*2 pt_tcpstore_uv*1 cuda0000240000a*1 
2026-09-27T05:48:21+04:00	ck8o-replay	2	3938403	3937923	42	799498240	607674368	python3*34 ZMQbg/Reaper*4 ZMQbg/IO/0*4 
2026-09-27T05:48:31+04:00	ck8o-replay	2	3937907	363	2	21377024	6057984	uv*1 main2*1 
2026-09-27T05:48:31+04:00	ck8o-replay	2	3937923	3937907	42	814379008	623456256	ft*36 ZMQbg/Reaper*3 ZMQbg/IO/0*3 
2026-09-27T05:48:31+04:00	ck8o-replay	2	3938401	3937923	1	12742656	5939200	python3*1 
2026-09-27T05:48:31+04:00	ck8o-replay	2	3938402	3937923	45	22835548160	2007195648	python3*36 pt_gloo_runloop*2 ZMQbg/Reaper*2 ZMQbg/IO/0*2 pt_tcpstore_uv*1 cuda0000240000a*1 
2026-09-27T05:48:31+04:00	ck8o-replay	2	3938403	3937923	57	791027712	608178176	python3*49 ZMQbg/Reaper*4 ZMQbg/IO/0*4 
2026-09-27T05:48:45+04:00	ck8o-replay	2	3937907	363	2	21352448	6057984	uv*1 main2*1 
2026-09-27T05:48:45+04:00	ck8o-replay	2	3937923	3937907	57	815050752	624492544	ft*51 ZMQbg/Reaper*3 ZMQbg/IO/0*3 
2026-09-27T05:48:45+04:00	ck8o-replay	2	3938401	3937923	1	12742656	5939200	python3*1 
2026-09-27T05:48:45+04:00	ck8o-replay	2	3938402	3937923	45	23766228992	2929176576	python3*36 pt_gloo_runloop*2 ZMQbg/Reaper*2 ZMQbg/IO/0*2 pt_tcpstore_uv*1 cuda0000240000a*1 
2026-09-27T05:48:45+04:00	ck8o-replay	2	3938403	3937923	57	790532096	608186368	python3*49 ZMQbg/Reaper*4 ZMQbg/IO/0*4 
2026-09-27T05:48:55+04:00	ck8o-replay	2	3937907	363	2	14651392	73728	uv*1 main2*1 
2026-09-27T05:48:55+04:00	ck8o-replay	2	3937923	3937907	57	878260224	690335744	ft*51 ZMQbg/Reaper*3 ZMQbg/IO/0*3 
2026-09-27T05:48:55+04:00	ck8o-replay	2	3938401	3937923	1	12742656	5939200	python3*1 
2026-09-27T05:48:55+04:00	ck8o-replay	2	3938402	3937923	45	23810797568	2976190464	python3*36 pt_gloo_runloop*2 ZMQbg/Reaper*2 ZMQbg/IO/0*2 pt_tcpstore_uv*1 cuda0000240000a*1 
2026-09-27T05:48:55+04:00	ck8o-replay	2	3938403	3937923	57	787931136	608190464	python3*49 ZMQbg/Reaper*4 ZMQbg/IO/0*4 
